frust-perf activity-create
frust_shell_common::perf: bench-scenario-start s1
frust_render::context: frust-perf surface-caps formats=[Rgba8UnormSrgb,Rgba8Unorm,Rgba16Float,Rgb10a2Unorm] usages=TextureUsages(COPY_SRC | COPY_DST | TEXTURE_BINDING | STORAGE_BINDING | RENDER_ATTACHMENT | STORAGE_ATOMIC) direct_to_surface=YES (Rgba8Unorm+STORAGE_BINDING)
frust_render::context: frust-perf render-path direct (Rgba8Unorm+STORAGE_BINDING)
frust_shell_common::perf: bench-scenario-end s1
frust_shell_common::perf: bench-scenario-start s6
frust_shell_android::app::frame: frust-perf platform-view tail depth=0 target=0 acquire_bound=false frame=120 expected_present_us=0 acquire_us=0 period_us=11137
frust_shell_android::app::frame: frust-perf platform-view tail depth=0 target=0 acquire_bound=false frame=240 expected_present_us=0 acquire_us=0 period_us=11137
frust_shell_common::perf: frust-perf startup init_entry=0ms font_preinit_started=0ms font_preinit_joined=0ms preinit_started=0ms preinit_joined=0ms cache_loaded=0ms adapter_ready=2928ms device_ready=2928ms renderer_ready=2928ms first_rebuild_done=2944ms first_encode_done=2944ms first_frame_presented=3007ms
frust_shell_common::perf: frust-perf raw n=1 total_us=63255 rebuild_us=108 layout_us=187 paint_us=285 encode_us=398 acquire_us=65 submit_us=62210 skipped=0
frust_shell_common::perf: frust-perf raw n=2 total_us=88365 rebuild_us=190 layout_us=434 paint_us=740 encode_us=163 acquire_us=23 submit_us=86813 skipped=0
frust_shell_common::perf: frust-perf raw n=3 total_us=36841 rebuild_us=67 layout_us=133 paint_us=249 encode_us=198 acquire_us=67 submit_us=36124 skipped=0
frust_shell_common::perf: frust-perf raw n=4 total_us=31394 rebuild_us=163 layout_us=339 paint_us=237 encode_us=179 acquire_us=55 submit_us=30420 skipped=0
frust_shell_common::perf: frust-perf raw n=5 total_us=29021 rebuild_us=94 layout_us=167 paint_us=267 encode_us=163 acquire_us=66 submit_us=28261 skipped=0
frust_shell_common::perf: frust-perf raw n=6 total_us=23810 rebuild_us=86 layout_us=148 paint_us=236 encode_us=380 acquire_us=121 submit_us=22836 skipped=0
frust_shell_common::perf: frust-perf raw n=7 total_us=22601 rebuild_us=117 layout_us=185 paint_us=254 encode_us=185 acquire_us=56 submit_us=21800 skipped=0
frust_shell_common::perf: frust-perf raw n=8 total_us=22772 rebuild_us=116 layout_us=205 paint_us=315 encode_us=211 acquire_us=65 submit_us=21858 skipped=0
frust_shell_common::perf: frust-perf raw n=9 total_us=23080 rebuild_us=148 layout_us=201 paint_us=265 encode_us=202 acquire_us=85 submit_us=22177 skipped=0
frust_shell_common::perf: frust-perf raw n=10 total_us=21910 rebuild_us=136 layout_us=210 paint_us=278 encode_us=244 acquire_us=77 submit_us=20963 skipped=0
frust_shell_common::perf: frust-perf raw n=11 total_us=22123 rebuild_us=141 layout_us=228 paint_us=338 encode_us=204 acquire_us=65 submit_us=21145 skipped=0
frust_shell_common::perf: frust-perf raw n=12 total_us=22764 rebuild_us=116 layout_us=187 paint_us=251 encode_us=255 acquire_us=81 submit_us=21871 skipped=0
frust_shell_common::perf: frust-perf raw n=13 total_us=22239 rebuild_us=135 layout_us=234 paint_us=359 encode_us=263 acquire_us=81 submit_us=21164 skipped=0
frust_shell_common::perf: frust-perf raw n=14 total_us=22398 rebuild_us=143 layout_us=228 paint_us=338 encode_us=281 acquire_us=88 submit_us=21318 skipped=0
frust_shell_common::perf: frust-perf raw n=15 total_us=22709 rebuild_us=131 layout_us=205 paint_us=335 encode_us=266 acquire_us=86 submit_us=21684 skipped=0
frust_shell_common::perf: frust-perf raw n=16 total_us=23167 rebuild_us=128 layout_us=238 paint_us=370 encode_us=254 acquire_us=104 submit_us=22071 skipped=0
frust_shell_common::perf: frust-perf raw n=17 total_us=22581 rebuild_us=120 layout_us=231 paint_us=331 encode_us=512 acquire_us=118 submit_us=21266 skipped=0
frust_shell_common::perf: frust-perf raw n=18 total_us=22539 rebuild_us=139 layout_us=285 paint_us=252 encode_us=188 acquire_us=76 submit_us=21596 skipped=0
frust_shell_common::perf: frust-perf raw n=19 total_us=22263 rebuild_us=97 layout_us=159 paint_us=328 encode_us=252 acquire_us=103 submit_us=21322 skipped=0
frust_shell_common::perf: frust-perf raw n=20 total_us=23144 rebuild_us=127 layout_us=204 paint_us=328 encode_us=269 acquire_us=109 submit_us=22104 skipped=0
frust_shell_common::perf: frust-perf raw n=21 total_us=22832 rebuild_us=120 layout_us=218 paint_us=324 encode_us=272 acquire_us=83 submit_us=21811 skipped=0
frust_shell_common::perf: frust-perf raw n=22 total_us=22834 rebuild_us=122 layout_us=241 paint_us=332 encode_us=253 acquire_us=102 submit_us=21781 skipped=0
frust_shell_common::perf: frust-perf raw n=23 total_us=22652 rebuild_us=112 layout_us=212 paint_us=333 encode_us=258 acquire_us=94 submit_us=21641 skipped=0
frust_shell_common::perf: frust-perf raw n=24 total_us=22953 rebuild_us=117 layout_us=196 paint_us=325 encode_us=254 acquire_us=95 submit_us=21963 skipped=0
frust_shell_common::perf: frust-perf raw n=25 total_us=22581 rebuild_us=129 layout_us=270 paint_us=328 encode_us=254 acquire_us=107 submit_us=21490 skipped=0
frust_shell_common::perf: frust-perf raw n=26 total_us=22122 rebuild_us=119 layout_us=222 paint_us=325 encode_us=250 acquire_us=102 submit_us=21100 skipped=0
frust_shell_common::perf: frust-perf raw n=27 total_us=22187 rebuild_us=129 layout_us=200 paint_us=324 encode_us=250 acquire_us=95 submit_us=21187 skipped=0
frust_shell_common::perf: frust-perf raw n=28 total_us=23413 rebuild_us=169 layout_us=207 paint_us=315 encode_us=270 acquire_us=83 submit_us=22366 skipped=0
frust_shell_common::perf: frust-perf raw n=29 total_us=22533 rebuild_us=92 layout_us=162 paint_us=302 encode_us=251 acquire_us=93 submit_us=21631 skipped=0
frust_shell_common::perf: frust-perf raw n=30 total_us=23206 rebuild_us=105 layout_us=193 paint_us=318 encode_us=258 acquire_us=94 submit_us=22235 skipped=0
frust_shell_common::perf: frust-perf raw n=31 total_us=22563 rebuild_us=115 layout_us=193 paint_us=317 encode_us=250 acquire_us=79 submit_us=21606 skipped=0
frust_shell_common::perf: frust-perf raw n=32 total_us=22925 rebuild_us=109 layout_us=200 paint_us=330 encode_us=251 acquire_us=96 submit_us=21937 skipped=0
frust_shell_common::perf: frust-perf raw n=33 total_us=22366 rebuild_us=115 layout_us=199 paint_us=319 encode_us=260 acquire_us=85 submit_us=21386 skipped=0
frust_shell_common::perf: frust-perf raw n=34 total_us=22951 rebuild_us=112 layout_us=192 paint_us=325 encode_us=250 acquire_us=95 submit_us=21975 skipped=0
frust_shell_common::perf: frust-perf raw n=35 total_us=22406 rebuild_us=127 layout_us=202 paint_us=332 encode_us=251 acquire_us=99 submit_us=21392 skipped=0
frust_shell_common::perf: frust-perf raw n=36 total_us=22751 rebuild_us=111 layout_us=195 paint_us=332 encode_us=256 acquire_us=97 submit_us=21759 skipped=0
frust_shell_common::perf: frust-perf raw n=37 total_us=22296 rebuild_us=105 layout_us=182 paint_us=318 encode_us=250 acquire_us=92 submit_us=21345 skipped=0
frust_shell_common::perf: frust-perf raw n=38 total_us=22608 rebuild_us=97 layout_us=171 paint_us=315 encode_us=253 acquire_us=95 submit_us=21674 skipped=0
frust_shell_common::perf: frust-perf raw n=39 total_us=23125 rebuild_us=111 layout_us=185 paint_us=321 encode_us=250 acquire_us=95 submit_us=22160 skipped=0
frust_shell_common::perf: frust-perf raw n=40 total_us=22741 rebuild_us=116 layout_us=544 paint_us=328 encode_us=250 acquire_us=97 submit_us=21403 skipped=0
frust_shell_common::perf: frust-perf raw n=41 total_us=22720 rebuild_us=100 layout_us=173 paint_us=401 encode_us=252 acquire_us=110 submit_us=21680 skipped=0
frust_shell_common::perf: frust-perf raw n=42 total_us=22415 rebuild_us=101 layout_us=168 paint_us=307 encode_us=249 acquire_us=96 submit_us=21491 skipped=0
frust_shell_common::perf: frust-perf raw n=43 total_us=22456 rebuild_us=113 layout_us=180 paint_us=441 encode_us=256 acquire_us=99 submit_us=21365 skipped=0
frust_shell_common::perf: frust-perf raw n=44 total_us=23223 rebuild_us=160 layout_us=201 paint_us=328 encode_us=263 acquire_us=142 submit_us=22127 skipped=0
frust_shell_common::perf: frust-perf raw n=45 total_us=22827 rebuild_us=124 layout_us=202 paint_us=333 encode_us=252 acquire_us=80 submit_us=21833 skipped=0
frust_shell_android::app::frame: frust-perf platform-view tail depth=0 target=0 acquire_bound=false frame=360 expected_present_us=0 acquire_us=97 period_us=11137
frust_shell_common::perf: frust-perf raw n=46 total_us=22154 rebuild_us=114 layout_us=171 paint_us=311 encode_us=246 acquire_us=88 submit_us=21223 skipped=0
frust_shell_common::perf: frust-perf raw n=47 total_us=23326 rebuild_us=128 layout_us=238 paint_us=329 encode_us=275 acquire_us=91 submit_us=22262 skipped=0
frust_shell_common::perf: frust-perf raw n=48 total_us=22978 rebuild_us=148 layout_us=236 paint_us=331 encode_us=250 acquire_us=83 submit_us=21928 skipped=0
frust_shell_common::perf: frust-perf raw n=49 total_us=23040 rebuild_us=117 layout_us=203 paint_us=330 encode_us=270 acquire_us=86 submit_us=22032 skipped=0
frust_shell_common::perf: frust-perf raw n=50 total_us=22296 rebuild_us=141 layout_us=164 paint_us=312 encode_us=246 acquire_us=89 submit_us=21342 skipped=0
frust_shell_common::perf: frust-perf raw n=51 total_us=22834 rebuild_us=98 layout_us=172 paint_us=311 encode_us=253 acquire_us=93 submit_us=21904 skipped=0
frust_shell_common::perf: frust-perf raw n=52 total_us=22382 rebuild_us=106 layout_us=174 paint_us=319 encode_us=259 acquire_us=94 submit_us=21428 skipped=0
frust_shell_common::perf: frust-perf raw n=53 total_us=23184 rebuild_us=117 layout_us=195 paint_us=316 encode_us=324 acquire_us=94 submit_us=22135 skipped=0
frust_shell_common::perf: frust-perf raw n=54 total_us=22375 rebuild_us=130 layout_us=216 paint_us=333 encode_us=253 acquire_us=93 submit_us=21347 skipped=0
frust_shell_common::perf: frust-perf raw n=55 total_us=22882 rebuild_us=108 layout_us=180 paint_us=306 encode_us=244 acquire_us=83 submit_us=21958 skipped=0
frust_shell_common::perf: frust-perf raw n=56 total_us=22271 rebuild_us=102 layout_us=165 paint_us=303 encode_us=285 acquire_us=84 submit_us=21330 skipped=0
frust_shell_common::perf: frust-perf raw n=57 total_us=22851 rebuild_us=93 layout_us=154 paint_us=299 encode_us=240 acquire_us=84 submit_us=21980 skipped=0
frust_shell_common::perf: frust-perf raw n=58 total_us=22303 rebuild_us=99 layout_us=166 paint_us=314 encode_us=248 acquire_us=82 submit_us=21393 skipped=0
frust_shell_common::perf: frust-perf raw n=59 total_us=22397 rebuild_us=89 layout_us=155 paint_us=310 encode_us=245 acquire_us=79 submit_us=21516 skipped=0
frust_shell_common::perf: frust-perf raw n=60 total_us=23550 rebuild_us=126 layout_us=247 paint_us=329 encode_us=223 acquire_us=77 submit_us=22545 skipped=0
frust_shell_common::perf: frust-perf raw n=61 total_us=22203 rebuild_us=123 layout_us=207 paint_us=346 encode_us=256 acquire_us=114 submit_us=21154 skipped=0
frust_shell_common::perf: frust-perf raw n=62 total_us=23402 rebuild_us=116 layout_us=194 paint_us=340 encode_us=215 acquire_us=73 submit_us=22461 skipped=0
frust_shell_common::perf: frust-perf raw n=63 total_us=21771 rebuild_us=108 layout_us=182 paint_us=331 encode_us=242 acquire_us=82 submit_us=20823 skipped=0
frust_shell_common::perf: frust-perf raw n=64 total_us=22882 rebuild_us=102 layout_us=182 paint_us=311 encode_us=226 acquire_us=104 submit_us=21954 skipped=0
frust_shell_common::perf: frust-perf raw n=65 total_us=22438 rebuild_us=111 layout_us=182 paint_us=313 encode_us=212 acquire_us=83 submit_us=21534 skipped=0
frust_shell_common::perf: frust-perf raw n=66 total_us=22760 rebuild_us=93 layout_us=199 paint_us=310 encode_us=215 acquire_us=83 submit_us=21856 skipped=0
frust_shell_common::perf: frust-perf raw n=67 total_us=22528 rebuild_us=98 layout_us=172 paint_us=309 encode_us=217 acquire_us=94 submit_us=21636 skipped=0
frust_shell_common::perf: frust-perf raw n=68 total_us=23105 rebuild_us=120 layout_us=228 paint_us=332 encode_us=271 acquire_us=93 submit_us=22059 skipped=0
frust_shell_common::perf: frust-perf raw n=69 total_us=22452 rebuild_us=130 layout_us=205 paint_us=348 encode_us=240 acquire_us=93 submit_us=21434 skipped=0
frust_shell_common::perf: frust-perf raw n=70 total_us=22624 rebuild_us=131 layout_us=204 paint_us=335 encode_us=243 acquire_us=73 submit_us=21635 skipped=0
frust_shell_common::perf: frust-perf raw n=71 total_us=22684 rebuild_us=114 layout_us=199 paint_us=334 encode_us=250 acquire_us=69 submit_us=21714 skipped=0
frust_shell_common::perf: frust-perf raw n=72 total_us=23210 rebuild_us=112 layout_us=195 paint_us=379 encode_us=258 acquire_us=72 submit_us=22193 skipped=0
frust_shell_common::perf: frust-perf raw n=73 total_us=22775 rebuild_us=129 layout_us=196 paint_us=321 encode_us=231 acquire_us=80 submit_us=21816 skipped=0
frust_shell_common::perf: frust-perf raw n=74 total_us=22296 rebuild_us=109 layout_us=198 paint_us=324 encode_us=276 acquire_us=132 submit_us=21255 skipped=0
frust_shell_common::perf: frust-perf raw n=75 total_us=22883 rebuild_us=107 layout_us=200 paint_us=316 encode_us=263 acquire_us=94 submit_us=21901 skipped=0
frust_shell_common::perf: frust-perf raw n=76 total_us=22846 rebuild_us=110 layout_us=199 paint_us=324 encode_us=279 acquire_us=89 submit_us=21843 skipped=0
frust_shell_common::perf: frust-perf raw n=77 total_us=22283 rebuild_us=102 layout_us=188 paint_us=324 encode_us=283 acquire_us=117 submit_us=21267 skipped=0
frust_shell_common::perf: frust-perf raw n=78 total_us=22373 rebuild_us=114 layout_us=236 paint_us=334 encode_us=306 acquire_us=91 submit_us=21290 skipped=0
frust_shell_common::perf: frust-perf raw n=79 total_us=22709 rebuild_us=118 layout_us=208 paint_us=328 encode_us=266 acquire_us=85 submit_us=21701 skipped=0
frust_shell_common::perf: frust-perf raw n=80 total_us=22707 rebuild_us=126 layout_us=221 paint_us=321 encode_us=264 acquire_us=87 submit_us=21685 skipped=0
frust_shell_common::perf: frust-perf raw n=81 total_us=22775 rebuild_us=113 layout_us=214 paint_us=371 encode_us=279 acquire_us=101 submit_us=21695 skipped=0
frust_shell_common::perf: frust-perf raw n=82 total_us=22801 rebuild_us=117 layout_us=205 paint_us=327 encode_us=269 acquire_us=117 submit_us=21763 skipped=0
frust_shell_common::perf: frust-perf raw n=83 total_us=22661 rebuild_us=117 layout_us=194 paint_us=326 encode_us=254 acquire_us=108 submit_us=21660 skipped=0
frust_shell_common::perf: frust-perf frame n=83 total_p50_ms=22 total_p95_ms=29 total_p99_ms=88 rebuild_p95_ms=0 layout_p95_ms=0 paint_p95_ms=0 encode_p95_ms=0 acquire_p95_ms=0 submit_p95_ms=28 over_60hz=83 over_120hz=83 skipped=0 total_frames=83
frust_shell_common::perf: frust-perf raw n=84 total_us=22683 rebuild_us=114 layout_us=261 paint_us=329 encode_us=270 acquire_us=111 submit_us=21596 skipped=0
frust_shell_common::perf: frust-perf raw n=85 total_us=22607 rebuild_us=121 layout_us=216 paint_us=331 encode_us=259 acquire_us=89 submit_us=21588 skipped=0
frust_shell_common::perf: frust-perf raw n=86 total_us=22310 rebuild_us=107 layout_us=196 paint_us=338 encode_us=277 acquire_us=101 submit_us=21290 skipped=0
frust_shell_common::perf: frust-perf raw n=87 total_us=23446 rebuild_us=111 layout_us=240 paint_us=432 encode_us=241 acquire_us=82 submit_us=22339 skipped=0
frust_shell_common::perf: frust-perf raw n=88 total_us=22364 rebuild_us=79 layout_us=141 paint_us=194 encode_us=489 acquire_us=193 submit_us=21266 skipped=0
frust_shell_common::perf: frust-perf raw n=89 total_us=22750 rebuild_us=119 layout_us=211 paint_us=327 encode_us=289 acquire_us=85 submit_us=21717 skipped=0
frust_shell_common::perf: frust-perf raw n=90 total_us=22297 rebuild_us=129 layout_us=218 paint_us=327 encode_us=253 acquire_us=81 submit_us=21286 skipped=0
frust_shell_common::perf: frust-perf raw n=91 total_us=22417 rebuild_us=124 layout_us=219 paint_us=338 encode_us=257 acquire_us=89 submit_us=21388 skipped=0
frust_shell_common::perf: frust-perf raw n=92 total_us=22552 rebuild_us=108 layout_us=169 paint_us=272 encode_us=251 acquire_us=81 submit_us=21667 skipped=0
frust_shell_common::perf: frust-perf raw n=93 total_us=22636 rebuild_us=102 layout_us=190 paint_us=319 encode_us=252 acquire_us=80 submit_us=21690 skipped=0
frust_shell_common::perf: frust-perf raw n=94 total_us=22504 rebuild_us=118 layout_us=193 paint_us=318 encode_us=288 acquire_us=82 submit_us=21501 skipped=0
frust_shell_common::perf: frust-perf raw n=95 total_us=22418 rebuild_us=114 layout_us=199 paint_us=322 encode_us=263 acquire_us=88 submit_us=21429 skipped=0
frust_shell_common::perf: frust-perf raw n=96 total_us=22774 rebuild_us=110 layout_us=201 paint_us=362 encode_us=250 acquire_us=79 submit_us=21770 skipped=0
frust_shell_common::perf: frust-perf raw n=97 total_us=22078 rebuild_us=118 layout_us=196 paint_us=402 encode_us=245 acquire_us=80 submit_us=21035 skipped=0
frust_shell_common::perf: frust-perf raw n=98 total_us=23120 rebuild_us=115 layout_us=183 paint_us=314 encode_us=275 acquire_us=84 submit_us=22145 skipped=0
frust_shell_common::perf: frust-perf raw n=99 total_us=22878 rebuild_us=109 layout_us=186 paint_us=307 encode_us=295 acquire_us=87 submit_us=21892 skipped=0
frust_shell_common::perf: frust-perf raw n=100 total_us=22466 rebuild_us=106 layout_us=179 paint_us=366 encode_us=250 acquire_us=81 submit_us=21482 skipped=0
frust_shell_common::perf: frust-perf raw n=101 total_us=22975 rebuild_us=109 layout_us=179 paint_us=316 encode_us=246 acquire_us=82 submit_us=22039 skipped=0
frust_shell_common::perf: frust-perf raw n=102 total_us=23344 rebuild_us=117 layout_us=213 paint_us=323 encode_us=285 acquire_us=88 submit_us=22315 skipped=0
frust_shell_common::perf: frust-perf raw n=103 total_us=22577 rebuild_us=113 layout_us=235 paint_us=330 encode_us=264 acquire_us=86 submit_us=21546 skipped=0
frust_shell_common::perf: frust-perf raw n=104 total_us=22192 rebuild_us=103 layout_us=198 paint_us=316 encode_us=257 acquire_us=86 submit_us=21229 skipped=0
frust_shell_common::perf: frust-perf raw n=105 total_us=22980 rebuild_us=122 layout_us=195 paint_us=324 encode_us=258 acquire_us=157 submit_us=21922 skipped=0
frust_shell_android::app::frame: frust-perf platform-view tail depth=0 target=0 acquire_bound=false frame=480 expected_present_us=0 acquire_us=98 period_us=11146
frust_shell_common::perf: frust-perf raw n=106 total_us=22570 rebuild_us=112 layout_us=238 paint_us=324 encode_us=257 acquire_us=89 submit_us=21547 skipped=0
frust_shell_common::perf: frust-perf raw n=107 total_us=22233 rebuild_us=98 layout_us=184 paint_us=318 encode_us=250 acquire_us=82 submit_us=21298 skipped=0
frust_shell_common::perf: frust-perf raw n=108 total_us=23245 rebuild_us=111 layout_us=192 paint_us=314 encode_us=266 acquire_us=82 submit_us=22278 skipped=0
frust_shell_common::perf: frust-perf raw n=109 total_us=22703 rebuild_us=136 layout_us=176 paint_us=312 encode_us=248 acquire_us=83 submit_us=21745 skipped=0
frust_shell_common::perf: frust-perf raw n=110 total_us=22707 rebuild_us=99 layout_us=179 paint_us=314 encode_us=264 acquire_us=102 submit_us=21747 skipped=0
frust_shell_common::perf: frust-perf raw n=111 total_us=22362 rebuild_us=92 layout_us=179 paint_us=313 encode_us=257 acquire_us=85 submit_us=21433 skipped=0
frust_shell_common::perf: frust-perf raw n=112 total_us=23023 rebuild_us=96 layout_us=171 paint_us=309 encode_us=263 acquire_us=103 submit_us=22078 skipped=0
frust_shell_common::perf: frust-perf raw n=113 total_us=22827 rebuild_us=125 layout_us=218 paint_us=377 encode_us=272 acquire_us=102 submit_us=21731 skipped=0
frust_shell_common::perf: frust-perf raw n=114 total_us=22589 rebuild_us=115 layout_us=192 paint_us=325 encode_us=258 acquire_us=82 submit_us=21615 skipped=0
frust_shell_common::perf: frust-perf raw n=115 total_us=22495 rebuild_us=117 layout_us=194 paint_us=330 encode_us=266 acquire_us=98 submit_us=21486 skipped=0
frust_shell_common::perf: frust-perf raw n=116 total_us=23192 rebuild_us=107 layout_us=188 paint_us=406 encode_us=262 acquire_us=97 submit_us=22130 skipped=0
frust_shell_common::perf: frust-perf raw n=117 total_us=22685 rebuild_us=124 layout_us=215 paint_us=333 encode_us=267 acquire_us=103 submit_us=21641 skipped=0
frust_shell_common::perf: frust-perf raw n=118 total_us=22568 rebuild_us=110 layout_us=199 paint_us=319 encode_us=261 acquire_us=96 submit_us=21580 skipped=0
frust_shell_common::perf: frust-perf raw n=119 total_us=22639 rebuild_us=111 layout_us=201 paint_us=368 encode_us=273 acquire_us=101 submit_us=21581 skipped=0
frust_shell_common::perf: frust-perf raw n=120 total_us=22791 rebuild_us=107 layout_us=199 paint_us=328 encode_us=264 acquire_us=88 submit_us=21802 skipped=0
frust_shell_common::perf: frust-perf raw n=121 total_us=23081 rebuild_us=115 layout_us=214 paint_us=328 encode_us=266 acquire_us=88 submit_us=22068 skipped=0
frust_shell_common::perf: frust-perf raw n=122 total_us=22483 rebuild_us=114 layout_us=202 paint_us=379 encode_us=270 acquire_us=98 submit_us=21417 skipped=0
frust_shell_common::perf: frust-perf raw n=123 total_us=22693 rebuild_us=107 layout_us=195 paint_us=318 encode_us=265 acquire_us=82 submit_us=21722 skipped=0
frust_shell_common::perf: frust-perf raw n=124 total_us=22405 rebuild_us=109 layout_us=195 paint_us=323 encode_us=270 acquire_us=85 submit_us=21420 skipped=0
frust_shell_common::perf: frust-perf raw n=125 total_us=22747 rebuild_us=104 layout_us=191 paint_us=394 encode_us=259 acquire_us=79 submit_us=21718 skipped=0
frust_shell_common::perf: frust-perf raw n=126 total_us=22350 rebuild_us=105 layout_us=193 paint_us=328 encode_us=261 acquire_us=82 submit_us=21378 skipped=0
frust_shell_common::perf: frust-perf raw n=127 total_us=21536 rebuild_us=113 layout_us=199 paint_us=336 encode_us=263 acquire_us=82 submit_us=20540 skipped=0
frust_shell_common::perf: frust-perf raw n=128 total_us=22317 rebuild_us=109 layout_us=250 paint_us=355 encode_us=255 acquire_us=91 submit_us=21254 skipped=0
frust_shell_common::perf: frust-perf raw n=129 total_us=22051 rebuild_us=123 layout_us=223 paint_us=333 encode_us=240 acquire_us=72 submit_us=21057 skipped=0
frust_shell_common::perf: frust-perf raw n=130 total_us=22086 rebuild_us=109 layout_us=294 paint_us=341 encode_us=226 acquire_us=70 submit_us=21044 skipped=0
frust_shell_common::perf: frust-perf raw n=131 total_us=21942 rebuild_us=119 layout_us=240 paint_us=348 encode_us=272 acquire_us=82 submit_us=20878 skipped=0
frust_shell_common::perf: frust-perf raw n=132 total_us=21781 rebuild_us=117 layout_us=214 paint_us=342 encode_us=279 acquire_us=87 submit_us=20740 skipped=0
frust_shell_common::perf: frust-perf raw n=133 total_us=21584 rebuild_us=130 layout_us=311 paint_us=359 encode_us=280 acquire_us=108 submit_us=20393 skipped=0
frust_shell_common::perf: frust-perf raw n=134 total_us=21900 rebuild_us=125 layout_us=220 paint_us=352 encode_us=282 acquire_us=87 submit_us=20831 skipped=0
frust_shell_common::perf: frust-perf raw n=135 total_us=22036 rebuild_us=113 layout_us=211 paint_us=346 encode_us=277 acquire_us=115 submit_us=20971 skipped=0
frust_shell_common::perf: frust-perf raw n=136 total_us=21611 rebuild_us=144 layout_us=222 paint_us=364 encode_us=283 acquire_us=121 submit_us=20475 skipped=0
frust_shell_common::perf: frust-perf raw n=137 total_us=21237 rebuild_us=113 layout_us=220 paint_us=343 encode_us=277 acquire_us=123 submit_us=20158 skipped=0
frust_shell_common::perf: frust-perf raw n=138 total_us=21354 rebuild_us=126 layout_us=212 paint_us=358 encode_us=253 acquire_us=95 submit_us=20307 skipped=0
frust_shell_common::perf: frust-perf raw n=139 total_us=22434 rebuild_us=131 layout_us=271 paint_us=368 encode_us=268 acquire_us=88 submit_us=21306 skipped=0
frust_shell_common::perf: frust-perf raw n=140 total_us=21565 rebuild_us=123 layout_us=205 paint_us=341 encode_us=293 acquire_us=87 submit_us=20512 skipped=0
frust_shell_common::perf: frust-perf raw n=141 total_us=21687 rebuild_us=134 layout_us=220 paint_us=338 encode_us=269 acquire_us=78 submit_us=20646 skipped=0
frust_shell_common::perf: frust-perf raw n=142 total_us=21665 rebuild_us=154 layout_us=214 paint_us=341 encode_us=281 acquire_us=87 submit_us=20585 skipped=0
frust_shell_common::perf: frust-perf raw n=143 total_us=22051 rebuild_us=127 layout_us=227 paint_us=346 encode_us=273 acquire_us=83 submit_us=20993 skipped=0
frust_shell_common::perf: frust-perf raw n=144 total_us=21587 rebuild_us=118 layout_us=223 paint_us=361 encode_us=279 acquire_us=91 submit_us=20512 skipped=0
frust_shell_common::perf: frust-perf raw n=145 total_us=21241 rebuild_us=130 layout_us=230 paint_us=349 encode_us=274 acquire_us=91 submit_us=20164 skipped=0
frust_shell_common::perf: frust-perf raw n=146 total_us=22407 rebuild_us=119 layout_us=208 paint_us=343 encode_us=279 acquire_us=89 submit_us=21367 skipped=0
frust_shell_common::perf: frust-perf raw n=147 total_us=21773 rebuild_us=117 layout_us=191 paint_us=335 encode_us=270 acquire_us=91 submit_us=20766 skipped=0
frust_shell_common::perf: frust-perf raw n=148 total_us=22378 rebuild_us=129 layout_us=228 paint_us=354 encode_us=267 acquire_us=92 submit_us=21305 skipped=0
frust_shell_common::perf: frust-perf raw n=149 total_us=22619 rebuild_us=114 layout_us=204 paint_us=343 encode_us=232 acquire_us=80 submit_us=21643 skipped=0
frust_shell_common::perf: frust-perf raw n=150 total_us=22498 rebuild_us=125 layout_us=217 paint_us=340 encode_us=243 acquire_us=86 submit_us=21484 skipped=0
frust_shell_common::perf: frust-perf raw n=151 total_us=22880 rebuild_us=123 layout_us=203 paint_us=342 encode_us=244 acquire_us=92 submit_us=21874 skipped=0
frust_shell_common::perf: frust-perf raw n=152 total_us=23428 rebuild_us=139 layout_us=215 paint_us=350 encode_us=340 acquire_us=96 submit_us=22286 skipped=0
frust_shell_common::perf: frust-perf raw n=153 total_us=23031 rebuild_us=134 layout_us=237 paint_us=345 encode_us=256 acquire_us=109 submit_us=21948 skipped=0
frust_shell_common::perf: frust-perf raw n=154 total_us=22884 rebuild_us=127 layout_us=203 paint_us=340 encode_us=224 acquire_us=83 submit_us=21904 skipped=0
frust_shell_common::perf: frust-perf raw n=155 total_us=23479 rebuild_us=121 layout_us=208 paint_us=393 encode_us=269 acquire_us=91 submit_us=22394 skipped=0
frust_shell_common::perf: frust-perf raw n=156 total_us=22100 rebuild_us=122 layout_us=211 paint_us=348 encode_us=265 acquire_us=88 submit_us=21064 skipped=0
frust_shell_common::perf: frust-perf raw n=157 total_us=22893 rebuild_us=117 layout_us=200 paint_us=339 encode_us=237 acquire_us=78 submit_us=21920 skipped=0
frust_shell_common::perf: frust-perf raw n=158 total_us=23041 rebuild_us=125 layout_us=219 paint_us=382 encode_us=224 acquire_us=98 submit_us=21992 skipped=0
frust_shell_common::perf: frust-perf raw n=159 total_us=23060 rebuild_us=145 layout_us=241 paint_us=354 encode_us=265 acquire_us=108 submit_us=21946 skipped=0
frust_shell_common::perf: frust-perf raw n=160 total_us=22689 rebuild_us=117 layout_us=207 paint_us=330 encode_us=231 acquire_us=78 submit_us=21723 skipped=0
frust_shell_common::perf: frust-perf raw n=161 total_us=22850 rebuild_us=128 layout_us=216 paint_us=357 encode_us=226 acquire_us=79 submit_us=21840 skipped=0
frust_shell_common::perf: frust-perf raw n=162 total_us=22542 rebuild_us=124 layout_us=203 paint_us=330 encode_us=262 acquire_us=80 submit_us=21541 skipped=0
frust_shell_common::perf: frust-perf raw n=163 total_us=23272 rebuild_us=125 layout_us=205 paint_us=339 encode_us=241 acquire_us=100 submit_us=22260 skipped=0
frust_shell_common::perf: frust-perf raw n=164 total_us=22837 rebuild_us=127 layout_us=258 paint_us=333 encode_us=229 acquire_us=93 submit_us=21794 skipped=0
frust_shell_common::perf: frust-perf raw n=165 total_us=22670 rebuild_us=127 layout_us=217 paint_us=332 encode_us=244 acquire_us=80 submit_us=21667 skipped=0
frust_shell_common::perf: frust-perf raw n=166 total_us=22796 rebuild_us=126 layout_us=208 paint_us=344 encode_us=239 acquire_us=78 submit_us=21800 skipped=0
frust_shell_android::app::frame: frust-perf platform-view tail depth=0 target=0 acquire_bound=false frame=600 expected_present_us=0 acquire_us=82 period_us=11134
frust_shell_common::perf: frust-perf raw n=167 total_us=23136 rebuild_us=173 layout_us=219 paint_us=338 encode_us=243 acquire_us=79 submit_us=22082 skipped=0
frust_shell_common::perf: frust-perf raw n=168 total_us=22967 rebuild_us=142 layout_us=231 paint_us=339 encode_us=251 acquire_us=85 submit_us=21917 skipped=0
frust_shell_common::perf: frust-perf raw n=169 total_us=22687 rebuild_us=120 layout_us=204 paint_us=326 encode_us=237 acquire_us=76 submit_us=21721 skipped=0
frust_shell_common::perf: frust-perf raw n=170 total_us=22834 rebuild_us=123 layout_us=207 paint_us=330 encode_us=243 acquire_us=79 submit_us=21849 skipped=0
frust_shell_common::perf: frust-perf raw n=171 total_us=22785 rebuild_us=126 layout_us=209 paint_us=340 encode_us=240 acquire_us=82 submit_us=21786 skipped=0
frust_shell_common::perf: frust-perf raw n=172 total_us=22670 rebuild_us=125 layout_us=216 paint_us=334 encode_us=227 acquire_us=76 submit_us=21690 skipped=0
frust_shell_common::perf: frust-perf frame n=120 total_p50_ms=22 total_p95_ms=23 total_p99_ms=23 rebuild_p95_ms=0 layout_p95_ms=0 paint_p95_ms=0 encode_p95_ms=0 acquire_p95_ms=0 submit_p95_ms=22 over_60hz=172 over_120hz=172 skipped=0 total_frames=172
frust_shell_common::perf: frust-perf raw n=173 total_us=22996 rebuild_us=123 layout_us=204 paint_us=325 encode_us=231 acquire_us=70 submit_us=22040 skipped=0
frust_shell_common::perf: frust-perf raw n=174 total_us=22836 rebuild_us=136 layout_us=220 paint_us=330 encode_us=230 acquire_us=75 submit_us=21844 skipped=0
frust_shell_common::perf: frust-perf raw n=175 total_us=22638 rebuild_us=119 layout_us=201 paint_us=321 encode_us=214 acquire_us=71 submit_us=21709 skipped=0
frust_shell_common::perf: frust-perf raw n=176 total_us=23055 rebuild_us=115 layout_us=190 paint_us=316 encode_us=218 acquire_us=81 submit_us=22133 skipped=0
frust_shell_common::perf: frust-perf raw n=177 total_us=22597 rebuild_us=129 layout_us=219 paint_us=332 encode_us=229 acquire_us=72 submit_us=21613 skipped=0
frust_shell_common::perf: frust-perf raw n=178 total_us=22852 rebuild_us=120 layout_us=198 paint_us=317 encode_us=229 acquire_us=69 submit_us=21917 skipped=0
frust_shell_common::perf: frust-perf raw n=179 total_us=22545 rebuild_us=140 layout_us=243 paint_us=351 encode_us=250 acquire_us=90 submit_us=21468 skipped=0
frust_shell_common::perf: frust-perf raw n=180 total_us=22683 rebuild_us=131 layout_us=215 paint_us=326 encode_us=246 acquire_us=71 submit_us=21691 skipped=0
frust_shell_common::perf: frust-perf raw n=181 total_us=23040 rebuild_us=121 layout_us=228 paint_us=333 encode_us=252 acquire_us=77 submit_us=22027 skipped=0
frust_shell_common::perf: frust-perf raw n=182 total_us=22730 rebuild_us=129 layout_us=214 paint_us=328 encode_us=232 acquire_us=80 submit_us=21745 skipped=0
frust_shell_common::perf: frust-perf raw n=183 total_us=22749 rebuild_us=131 layout_us=218 paint_us=332 encode_us=240 acquire_us=70 submit_us=21755 skipped=0
frust_shell_common::perf: frust-perf raw n=184 total_us=22998 rebuild_us=108 layout_us=183 paint_us=295 encode_us=260 acquire_us=82 submit_us=22068 skipped=0
frust_shell_common::perf: frust-perf raw n=185 total_us=22291 rebuild_us=116 layout_us=180 paint_us=318 encode_us=211 acquire_us=72 submit_us=21392 skipped=0
frust_shell_common::perf: frust-perf raw n=186 total_us=22928 rebuild_us=130 layout_us=233 paint_us=322 encode_us=247 acquire_us=70 submit_us=21925 skipped=0
frust_shell_common::perf: frust-perf raw n=187 total_us=23011 rebuild_us=134 layout_us=239 paint_us=326 encode_us=255 acquire_us=84 submit_us=21971 skipped=0
frust_shell_common::perf: frust-perf raw n=188 total_us=23269 rebuild_us=132 layout_us=302 paint_us=343 encode_us=280 acquire_us=94 submit_us=22115 skipped=0
frust_shell_common::perf: frust-perf raw n=189 total_us=22437 rebuild_us=114 layout_us=241 paint_us=317 encode_us=219 acquire_us=78 submit_us=21467 skipped=0
frust_shell_common::perf: frust-perf raw n=190 total_us=23057 rebuild_us=132 layout_us=236 paint_us=316 encode_us=251 acquire_us=93 submit_us=22026 skipped=0
frust_shell_common::perf: frust-perf raw n=191 total_us=22854 rebuild_us=123 layout_us=200 paint_us=325 encode_us=227 acquire_us=79 submit_us=21899 skipped=0
frust_shell_common::perf: frust-perf raw n=192 total_us=22971 rebuild_us=136 layout_us=230 paint_us=318 encode_us=246 acquire_us=80 submit_us=21959 skipped=0
frust_shell_common::perf: frust-perf raw n=193 total_us=22736 rebuild_us=116 layout_us=189 paint_us=343 encode_us=248 acquire_us=70 submit_us=21767 skipped=0
frust_shell_common::perf: frust-perf raw n=194 total_us=22627 rebuild_us=111 layout_us=191 paint_us=322 encode_us=221 acquire_us=72 submit_us=21708 skipped=0
frust_shell_common::perf: frust-perf raw n=195 total_us=23051 rebuild_us=120 layout_us=199 paint_us=399 encode_us=236 acquire_us=73 submit_us=22022 skipped=0
frust_shell_common::perf: frust-perf raw n=196 total_us=23081 rebuild_us=107 layout_us=194 paint_us=345 encode_us=222 acquire_us=74 submit_us=22136 skipped=0
frust_shell_common::perf: frust-perf raw n=197 total_us=23866 rebuild_us=152 layout_us=221 paint_us=335 encode_us=219 acquire_us=82 submit_us=22854 skipped=0
frust_shell_common::perf: frust-perf raw n=198 total_us=23557 rebuild_us=115 layout_us=199 paint_us=330 encode_us=251 acquire_us=84 submit_us=22575 skipped=0
frust_shell_common::perf: frust-perf raw n=199 total_us=23238 rebuild_us=122 layout_us=206 paint_us=367 encode_us=255 acquire_us=88 submit_us=22199 skipped=0
frust_shell_common::perf: frust-perf raw n=200 total_us=23578 rebuild_us=130 layout_us=201 paint_us=335 encode_us=245 acquire_us=92 submit_us=22573 skipped=0
frust_shell_common::perf: frust-perf raw n=201 total_us=22557 rebuild_us=117 layout_us=192 paint_us=334 encode_us=248 acquire_us=105 submit_us=21560 skipped=0
frust_shell_common::perf: frust-perf raw n=202 total_us=22510 rebuild_us=111 layout_us=183 paint_us=374 encode_us=311 acquire_us=79 submit_us=21450 skipped=0
frust_shell_common::perf: frust-perf raw n=203 total_us=22576 rebuild_us=135 layout_us=223 paint_us=335 encode_us=255 acquire_us=106 submit_us=21518 skipped=0
frust_shell_common::perf: frust-perf raw n=204 total_us=22752 rebuild_us=129 layout_us=208 paint_us=334 encode_us=248 acquire_us=98 submit_us=21733 skipped=0
frust_shell_common::perf: frust-perf raw n=205 total_us=22809 rebuild_us=137 layout_us=265 paint_us=348 encode_us=253 acquire_us=81 submit_us=21723 skipped=0
frust_shell_common::perf: frust-perf raw n=206 total_us=23357 rebuild_us=145 layout_us=219 paint_us=350 encode_us=240 acquire_us=71 submit_us=22330 skipped=0
frust_shell_common::perf: frust-perf raw n=207 total_us=22287 rebuild_us=87 layout_us=128 paint_us=184 encode_us=152 acquire_us=65 submit_us=21668 skipped=0
frust_shell_common::perf: frust-perf raw n=208 total_us=22563 rebuild_us=85 layout_us=151 paint_us=194 encode_us=152 acquire_us=66 submit_us=21912 skipped=0
frust_shell_common::perf: frust-perf raw n=209 total_us=22146 rebuild_us=89 layout_us=138 paint_us=217 encode_us=157 acquire_us=81 submit_us=21462 skipped=0
frust_shell_common::perf: frust-perf raw n=210 total_us=23074 rebuild_us=203 layout_us=311 paint_us=290 encode_us=278 acquire_us=130 submit_us=21860 skipped=0
frust_shell_common::perf: frust-perf raw n=211 total_us=22786 rebuild_us=116 layout_us=227 paint_us=335 encode_us=252 acquire_us=82 submit_us=21771 skipped=0
frust_shell_common::perf: frust-perf raw n=212 total_us=21733 rebuild_us=92 layout_us=161 paint_us=252 encode_us=198 acquire_us=76 submit_us=20953 skipped=0
frust_shell_common::perf: frust-perf raw n=213 total_us=23815 rebuild_us=114 layout_us=194 paint_us=340 encode_us=264 acquire_us=91 submit_us=22809 skipped=0
frust_shell_common::perf: frust-perf raw n=214 total_us=22576 rebuild_us=97 layout_us=156 paint_us=221 encode_us=135 acquire_us=58 submit_us=21907 skipped=0
frust_shell_common::perf: frust-perf raw n=215 total_us=22655 rebuild_us=117 layout_us=199 paint_us=332 encode_us=246 acquire_us=82 submit_us=21676 skipped=0
frust_shell_common::perf: frust-perf raw n=216 total_us=22032 rebuild_us=106 layout_us=182 paint_us=323 encode_us=278 acquire_us=82 submit_us=21059 skipped=0
frust_shell_common::perf: frust-perf raw n=217 total_us=23251 rebuild_us=130 layout_us=232 paint_us=355 encode_us=244 acquire_us=104 submit_us=22184 skipped=0
frust_shell_common::perf: frust-perf raw n=218 total_us=23483 rebuild_us=135 layout_us=228 paint_us=413 encode_us=239 acquire_us=78 submit_us=22387 skipped=0
frust_shell_common::perf: frust-perf raw n=219 total_us=22046 rebuild_us=116 layout_us=202 paint_us=330 encode_us=258 acquire_us=83 submit_us=21054 skipped=0
frust_shell_common::perf: frust-perf raw n=220 total_us=23170 rebuild_us=120 layout_us=193 paint_us=326 encode_us=228 acquire_us=75 submit_us=22226 skipped=0
frust_shell_common::perf: frust-perf raw n=221 total_us=22760 rebuild_us=147 layout_us=224 paint_us=336 encode_us=219 acquire_us=82 submit_us=21750 skipped=0
frust_shell_common::perf: frust-perf raw n=222 total_us=22750 rebuild_us=119 layout_us=200 paint_us=333 encode_us=270 acquire_us=95 submit_us=21731 skipped=0
frust_shell_common::perf: frust-perf raw n=223 total_us=22851 rebuild_us=121 layout_us=204 paint_us=331 encode_us=230 acquire_us=77 submit_us=21885 skipped=0
frust_shell_common::perf: frust-perf raw n=224 total_us=23600 rebuild_us=120 layout_us=196 paint_us=374 encode_us=224 acquire_us=87 submit_us=22597 skipped=0
frust_shell_common::perf: frust-perf raw n=225 total_us=22091 rebuild_us=114 layout_us=191 paint_us=340 encode_us=263 acquire_us=103 submit_us=21078 skipped=0
frust_shell_common::perf: frust-perf raw n=226 total_us=23008 rebuild_us=117 layout_us=205 paint_us=339 encode_us=233 acquire_us=86 submit_us=22026 skipped=0
frust_shell_android::app::frame: frust-perf platform-view tail depth=0 target=0 acquire_bound=false frame=720 expected_present_us=0 acquire_us=84 period_us=11163
frust_shell_common::perf: frust-perf raw n=227 total_us=23154 rebuild_us=215 layout_us=219 paint_us=345 encode_us=234 acquire_us=77 submit_us=22063 skipped=0
frust_shell_common::perf: frust-perf raw n=228 total_us=22578 rebuild_us=126 layout_us=225 paint_us=383 encode_us=244 acquire_us=84 submit_us=21513 skipped=0
frust_shell_common::perf: frust-perf raw n=229 total_us=23568 rebuild_us=108 layout_us=191 paint_us=332 encode_us=542 acquire_us=149 submit_us=22244 skipped=0
frust_shell_common::perf: frust-perf raw n=230 total_us=22015 rebuild_us=117 layout_us=239 paint_us=328 encode_us=255 acquire_us=79 submit_us=20995 skipped=0
frust_shell_common::perf: frust-perf raw n=231 total_us=23261 rebuild_us=114 layout_us=192 paint_us=320 encode_us=196 acquire_us=66 submit_us=22371 skipped=0
frust_shell_common::perf: frust-perf raw n=232 total_us=22597 rebuild_us=129 layout_us=218 paint_us=329 encode_us=225 acquire_us=73 submit_us=21620 skipped=0
frust_shell_common::perf: frust-perf raw n=233 total_us=22743 rebuild_us=152 layout_us=203 paint_us=340 encode_us=232 acquire_us=71 submit_us=21742 skipped=0
frust_shell_common::perf: frust-perf raw n=234 total_us=22702 rebuild_us=116 layout_us=207 paint_us=323 encode_us=241 acquire_us=71 submit_us=21743 skipped=0
frust_shell_common::perf: frust-perf raw n=235 total_us=22976 rebuild_us=118 layout_us=194 paint_us=318 encode_us=224 acquire_us=68 submit_us=22052 skipped=0
frust_shell_common::perf: frust-perf raw n=236 total_us=22743 rebuild_us=133 layout_us=206 paint_us=349 encode_us=232 acquire_us=74 submit_us=21747 skipped=0
frust_shell_common::perf: frust-perf raw n=237 total_us=22836 rebuild_us=115 layout_us=195 paint_us=349 encode_us=233 acquire_us=77 submit_us=21865 skipped=0
frust_shell_common::perf: frust-perf raw n=238 total_us=22813 rebuild_us=121 layout_us=201 paint_us=343 encode_us=220 acquire_us=70 submit_us=21856 skipped=0
frust_shell_common::perf: frust-perf raw n=239 total_us=22687 rebuild_us=126 layout_us=211 paint_us=327 encode_us=221 acquire_us=78 submit_us=21723 skipped=0
frust_shell_common::perf: frust-perf raw n=240 total_us=22820 rebuild_us=129 layout_us=190 paint_us=322 encode_us=212 acquire_us=71 submit_us=21892 skipped=0
frust_shell_common::perf: frust-perf raw n=241 total_us=23140 rebuild_us=127 layout_us=205 paint_us=323 encode_us=236 acquire_us=99 submit_us=22148 skipped=0
frust_shell_common::perf: frust-perf raw n=242 total_us=22331 rebuild_us=123 layout_us=196 paint_us=326 encode_us=218 acquire_us=92 submit_us=21374 skipped=0
frust_shell_common::perf: frust-perf raw n=243 total_us=22570 rebuild_us=123 layout_us=223 paint_us=331 encode_us=249 acquire_us=86 submit_us=21555 skipped=0
frust_shell_common::perf: frust-perf raw n=244 total_us=23166 rebuild_us=126 layout_us=217 paint_us=331 encode_us=252 acquire_us=96 submit_us=22142 skipped=0
frust_shell_common::perf: frust-perf raw n=245 total_us=23196 rebuild_us=124 layout_us=294 paint_us=335 encode_us=264 acquire_us=80 submit_us=22097 skipped=0
frust_shell_common::perf: frust-perf raw n=246 total_us=22591 rebuild_us=131 layout_us=214 paint_us=333 encode_us=228 acquire_us=76 submit_us=21608 skipped=0
frust_shell_common::perf: frust-perf raw n=247 total_us=22599 rebuild_us=117 layout_us=204 paint_us=324 encode_us=231 acquire_us=74 submit_us=21648 skipped=0
frust_shell_common::perf: frust-perf raw n=248 total_us=23238 rebuild_us=163 layout_us=213 paint_us=321 encode_us=261 acquire_us=90 submit_us=22188 skipped=0
frust_shell_common::perf: frust-perf raw n=249 total_us=22710 rebuild_us=107 layout_us=265 paint_us=345 encode_us=214 acquire_us=90 submit_us=21686 skipped=0
frust_shell_common::perf: frust-perf raw n=250 total_us=22805 rebuild_us=123 layout_us=302 paint_us=347 encode_us=264 acquire_us=96 submit_us=21671 skipped=0
frust_shell_common::perf: frust-perf raw n=251 total_us=22994 rebuild_us=107 layout_us=207 paint_us=340 encode_us=236 acquire_us=79 submit_us=22021 skipped=0
frust_shell_common::perf: frust-perf raw n=252 total_us=22667 rebuild_us=107 layout_us=239 paint_us=326 encode_us=224 acquire_us=81 submit_us=21688 skipped=0
frust_shell_common::perf: frust-perf raw n=253 total_us=22715 rebuild_us=126 layout_us=222 paint_us=331 encode_us=253 acquire_us=84 submit_us=21696 skipped=0
frust_shell_common::perf: frust-perf raw n=254 total_us=23012 rebuild_us=124 layout_us=231 paint_us=324 encode_us=265 acquire_us=89 submit_us=21976 skipped=0
frust_shell_common::perf: frust-perf raw n=255 total_us=23026 rebuild_us=130 layout_us=226 paint_us=332 encode_us=264 acquire_us=101 submit_us=21971 skipped=0
frust_shell_common::perf: frust-perf raw n=256 total_us=22761 rebuild_us=119 layout_us=203 paint_us=329 encode_us=260 acquire_us=74 submit_us=21774 skipped=0
frust_shell_common::perf: frust-perf raw n=257 total_us=22869 rebuild_us=120 layout_us=233 paint_us=335 encode_us=262 acquire_us=87 submit_us=21829 skipped=0
frust_shell_common::perf: frust-perf raw n=258 total_us=22929 rebuild_us=119 layout_us=203 paint_us=327 encode_us=233 acquire_us=106 submit_us=21938 skipped=0
frust_shell_common::perf: frust-perf raw n=259 total_us=23099 rebuild_us=122 layout_us=228 paint_us=335 encode_us=244 acquire_us=91 submit_us=22076 skipped=0
frust_shell_common::perf: frust-perf raw n=260 total_us=22534 rebuild_us=101 layout_us=200 paint_us=325 encode_us=228 acquire_us=70 submit_us=21608 skipped=0
frust_shell_common::perf: frust-perf frame n=120 total_p50_ms=22 total_p95_ms=23 total_p99_ms=23 rebuild_p95_ms=0 layout_p95_ms=0 paint_p95_ms=0 encode_p95_ms=0 acquire_p95_ms=0 submit_p95_ms=22 over_60hz=260 over_120hz=260 skipped=0 total_frames=260
frust_shell_common::perf: frust-perf raw n=261 total_us=22306 rebuild_us=108 layout_us=196 paint_us=327 encode_us=231 acquire_us=71 submit_us=21369 skipped=0
frust_shell_common::perf: frust-perf raw n=262 total_us=22521 rebuild_us=124 layout_us=221 paint_us=333 encode_us=293 acquire_us=74 submit_us=21473 skipped=0
frust_shell_common::perf: frust-perf raw n=263 total_us=22636 rebuild_us=127 layout_us=236 paint_us=336 encode_us=242 acquire_us=68 submit_us=21623 skipped=0
frust_shell_common::perf: frust-perf raw n=264 total_us=22353 rebuild_us=128 layout_us=284 paint_us=348 encode_us=255 acquire_us=75 submit_us=21259 skipped=0
frust_shell_common::perf: frust-perf raw n=265 total_us=22044 rebuild_us=133 layout_us=219 paint_us=384 encode_us=264 acquire_us=80 submit_us=20961 skipped=0
frust_shell_common::perf: frust-perf raw n=266 total_us=22062 rebuild_us=117 layout_us=213 paint_us=342 encode_us=275 acquire_us=94 submit_us=21017 skipped=0
frust_shell_common::perf: frust-perf raw n=267 total_us=21383 rebuild_us=116 layout_us=217 paint_us=369 encode_us=270 acquire_us=94 submit_us=20314 skipped=0
frust_shell_common::perf: frust-perf raw n=268 total_us=22289 rebuild_us=135 layout_us=223 paint_us=359 encode_us=285 acquire_us=89 submit_us=21195 skipped=0
frust_shell_common::perf: frust-perf raw n=269 total_us=21403 rebuild_us=123 layout_us=207 paint_us=338 encode_us=273 acquire_us=97 submit_us=20363 skipped=0
frust_shell_common::perf: frust-perf raw n=270 total_us=21288 rebuild_us=113 layout_us=240 paint_us=339 encode_us=272 acquire_us=100 submit_us=20221 skipped=0
frust_shell_common::perf: frust-perf raw n=271 total_us=21723 rebuild_us=100 layout_us=184 paint_us=326 encode_us=272 acquire_us=101 submit_us=20737 skipped=0
frust_shell_common::perf: frust-perf raw n=272 total_us=20891 rebuild_us=116 layout_us=201 paint_us=340 encode_us=274 acquire_us=103 submit_us=19855 skipped=0
frust_shell_common::perf: frust-perf raw n=273 total_us=21869 rebuild_us=124 layout_us=224 paint_us=344 encode_us=268 acquire_us=79 submit_us=20828 skipped=0
frust_shell_common::perf: frust-perf raw n=274 total_us=21292 rebuild_us=124 layout_us=237 paint_us=352 encode_us=287 acquire_us=87 submit_us=20203 skipped=0
frust_shell_common::perf: frust-perf raw n=275 total_us=21629 rebuild_us=128 layout_us=230 paint_us=347 encode_us=278 acquire_us=80 submit_us=20563 skipped=0
frust_shell_common::perf: frust-perf raw n=276 total_us=21692 rebuild_us=134 layout_us=241 paint_us=345 encode_us=268 acquire_us=87 submit_us=20615 skipped=0
frust_shell_common::perf: frust-perf raw n=277 total_us=22008 rebuild_us=118 layout_us=221 paint_us=336 encode_us=268 acquire_us=98 submit_us=20963 skipped=0
frust_shell_common::perf: frust-perf raw n=278 total_us=21441 rebuild_us=121 layout_us=218 paint_us=341 encode_us=271 acquire_us=115 submit_us=20373 skipped=0
frust_shell_common::perf: frust-perf raw n=279 total_us=21636 rebuild_us=104 layout_us=191 paint_us=410 encode_us=271 acquire_us=100 submit_us=20558 skipped=0
frust_shell_common::perf: frust-perf raw n=280 total_us=21111 rebuild_us=110 layout_us=212 paint_us=328 encode_us=274 acquire_us=102 submit_us=20082 skipped=0
frust_shell_common::perf: frust-perf raw n=281 total_us=21735 rebuild_us=102 layout_us=179 paint_us=326 encode_us=234 acquire_us=76 submit_us=20817 skipped=0
frust_shell_common::perf: frust-perf raw n=282 total_us=23874 rebuild_us=130 layout_us=234 paint_us=344 encode_us=242 acquire_us=123 submit_us=22798 skipped=0
frust_shell_common::perf: frust-perf raw n=283 total_us=20314 rebuild_us=105 layout_us=199 paint_us=341 encode_us=260 acquire_us=106 submit_us=19300 skipped=0
frust_shell_common::perf: frust-perf raw n=284 total_us=22519 rebuild_us=130 layout_us=317 paint_us=338 encode_us=260 acquire_us=104 submit_us=21368 skipped=0
frust_shell_common::perf: frust-perf raw n=285 total_us=22480 rebuild_us=139 layout_us=241 paint_us=347 encode_us=267 acquire_us=97 submit_us=21387 skipped=0
frust_shell_common::perf: frust-perf raw n=286 total_us=22534 rebuild_us=132 layout_us=239 paint_us=332 encode_us=320 acquire_us=84 submit_us=21425 skipped=0
frust_shell_common::perf: frust-perf raw n=287 total_us=22950 rebuild_us=115 layout_us=271 paint_us=329 encode_us=271 acquire_us=93 submit_us=21869 skipped=0
frust_shell_common::perf: frust-perf raw n=288 total_us=22702 rebuild_us=129 layout_us=216 paint_us=336 encode_us=262 acquire_us=85 submit_us=21671 skipped=0
frust_shell_android::app::frame: frust-perf platform-view tail depth=0 target=0 acquire_bound=false frame=840 expected_present_us=0 acquire_us=91 period_us=11135
frust_shell_common::perf: frust-perf raw n=289 total_us=22681 rebuild_us=126 layout_us=209 paint_us=333 encode_us=273 acquire_us=88 submit_us=21650 skipped=0
frust_shell_common::perf: frust-perf raw n=290 total_us=22784 rebuild_us=132 layout_us=330 paint_us=333 encode_us=266 acquire_us=104 submit_us=21616 skipped=0
frust_shell_common::perf: frust-perf raw n=291 total_us=23076 rebuild_us=128 layout_us=217 paint_us=333 encode_us=260 acquire_us=97 submit_us=22038 skipped=0
frust_shell_common::perf: frust-perf raw n=292 total_us=22461 rebuild_us=137 layout_us=226 paint_us=334 encode_us=256 acquire_us=85 submit_us=21420 skipped=0
frust_shell_common::perf: frust-perf raw n=293 total_us=22668 rebuild_us=199 layout_us=229 paint_us=333 encode_us=256 acquire_us=87 submit_us=21562 skipped=0
frust_shell_common::perf: frust-perf raw n=294 total_us=22579 rebuild_us=120 layout_us=226 paint_us=335 encode_us=308 acquire_us=93 submit_us=21495 skipped=0
frust_shell_common::perf: frust-perf raw n=295 total_us=22701 rebuild_us=123 layout_us=223 paint_us=330 encode_us=261 acquire_us=96 submit_us=21665 skipped=0
frust_shell_common::perf: frust-perf raw n=296 total_us=23408 rebuild_us=121 layout_us=218 paint_us=327 encode_us=259 acquire_us=111 submit_us=22369 skipped=0
frust_shell_common::perf: frust-perf raw n=297 total_us=22179 rebuild_us=124 layout_us=211 paint_us=330 encode_us=257 acquire_us=97 submit_us=21158 skipped=0
frust_shell_common::perf: frust-perf raw n=298 total_us=22558 rebuild_us=130 layout_us=225 paint_us=334 encode_us=251 acquire_us=85 submit_us=21530 skipped=0
frust_shell_common::perf: frust-perf raw n=299 total_us=22695 rebuild_us=119 layout_us=210 paint_us=335 encode_us=259 acquire_us=87 submit_us=21682 skipped=0
frust_shell_common::perf: frust-perf raw n=300 total_us=23415 rebuild_us=110 layout_us=201 paint_us=328 encode_us=249 acquire_us=81 submit_us=22443 skipped=0
frust_shell_common::perf: frust-perf raw n=301 total_us=22564 rebuild_us=128 layout_us=207 paint_us=331 encode_us=254 acquire_us=82 submit_us=21558 skipped=0
frust_shell_common::perf: frust-perf raw n=302 total_us=22548 rebuild_us=126 layout_us=220 paint_us=340 encode_us=254 acquire_us=84 submit_us=21521 skipped=0
frust_shell_common::perf: frust-perf raw n=303 total_us=22528 rebuild_us=123 layout_us=198 paint_us=382 encode_us=252 acquire_us=81 submit_us=21489 skipped=0
frust_shell_common::perf: frust-perf raw n=304 total_us=22821 rebuild_us=120 layout_us=205 paint_us=316 encode_us=248 acquire_us=82 submit_us=21848 skipped=0
frust_shell_common::perf: frust-perf raw n=305 total_us=22847 rebuild_us=117 layout_us=202 paint_us=323 encode_us=264 acquire_us=87 submit_us=21851 skipped=0
frust_shell_common::perf: frust-perf raw n=306 total_us=22725 rebuild_us=136 layout_us=205 paint_us=385 encode_us=255 acquire_us=85 submit_us=21657 skipped=0
frust_shell_common::perf: frust-perf raw n=307 total_us=22636 rebuild_us=118 layout_us=202 paint_us=316 encode_us=251 acquire_us=105 submit_us=21641 skipped=0
frust_shell_common::perf: frust-perf raw n=308 total_us=22706 rebuild_us=122 layout_us=201 paint_us=319 encode_us=288 acquire_us=93 submit_us=21681 skipped=0
frust_shell_common::perf: frust-perf raw n=309 total_us=22958 rebuild_us=131 layout_us=204 paint_us=310 encode_us=239 acquire_us=76 submit_us=21996 skipped=0
frust_shell_common::perf: frust-perf raw n=310 total_us=23222 rebuild_us=102 layout_us=175 paint_us=271 encode_us=255 acquire_us=86 submit_us=22331 skipped=0
frust_shell_common::perf: frust-perf raw n=311 total_us=22107 rebuild_us=78 layout_us=127 paint_us=162 encode_us=141 acquire_us=79 submit_us=21518 skipped=0
frust_shell_common::perf: frust-perf raw n=312 total_us=22662 rebuild_us=81 layout_us=121 paint_us=216 encode_us=148 acquire_us=58 submit_us=22035 skipped=0
frust_shell_common::perf: frust-perf raw n=313 total_us=21663 rebuild_us=87 layout_us=145 paint_us=193 encode_us=493 acquire_us=123 submit_us=20619 skipped=0
frust_shell_common::perf: frust-perf raw n=314 total_us=23303 rebuild_us=90 layout_us=144 paint_us=228 encode_us=198 acquire_us=74 submit_us=22567 skipped=0
frust_shell_common::perf: frust-perf raw n=315 total_us=22044 rebuild_us=169 layout_us=186 paint_us=265 encode_us=198 acquire_us=68 submit_us=21156 skipped=0
frust_shell_common::perf: frust-perf raw n=316 total_us=23479 rebuild_us=94 layout_us=147 paint_us=242 encode_us=236 acquire_us=88 submit_us=22670 skipped=0
frust_shell_common::perf: frust-perf raw n=317 total_us=22382 rebuild_us=85 layout_us=140 paint_us=242 encode_us=261 acquire_us=94 submit_us=21559 skipped=0
frust_shell_common::perf: frust-perf raw n=318 total_us=21937 rebuild_us=129 layout_us=211 paint_us=335 encode_us=263 acquire_us=95 submit_us=20902 skipped=0
frust_shell_common::perf: frust-perf raw n=319 total_us=23693 rebuild_us=110 layout_us=163 paint_us=250 encode_us=211 acquire_us=70 submit_us=22886 skipped=0
frust_shell_common::perf: frust-perf raw n=320 total_us=22151 rebuild_us=143 layout_us=212 paint_us=328 encode_us=252 acquire_us=85 submit_us=21129 skipped=0
frust_shell_common::perf: frust-perf raw n=321 total_us=23031 rebuild_us=104 layout_us=165 paint_us=311 encode_us=240 acquire_us=80 submit_us=22129 skipped=0
frust_shell_common::perf: frust-perf raw n=322 total_us=21812 rebuild_us=107 layout_us=185 paint_us=316 encode_us=251 acquire_us=83 submit_us=20867 skipped=0
frust_shell_common::perf: frust-perf raw n=323 total_us=23338 rebuild_us=103 layout_us=168 paint_us=311 encode_us=265 acquire_us=81 submit_us=22408 skipped=0
frust_shell_common::perf: frust-perf raw n=324 total_us=22225 rebuild_us=138 layout_us=218 paint_us=332 encode_us=248 acquire_us=87 submit_us=21198 skipped=0
frust_shell_common::perf: frust-perf raw n=325 total_us=23169 rebuild_us=99 layout_us=170 paint_us=377 encode_us=256 acquire_us=93 submit_us=22172 skipped=0
frust_shell_common::perf: frust-perf raw n=326 total_us=21972 rebuild_us=102 layout_us=167 paint_us=308 encode_us=248 acquire_us=85 submit_us=21060 skipped=0
frust_shell_common::perf: frust-perf raw n=327 total_us=23061 rebuild_us=98 layout_us=169 paint_us=311 encode_us=255 acquire_us=81 submit_us=22145 skipped=0
frust_shell_common::perf: frust-perf raw n=328 total_us=22430 rebuild_us=102 layout_us=166 paint_us=384 encode_us=251 acquire_us=85 submit_us=21440 skipped=0
frust_shell_common::perf: frust-perf raw n=329 total_us=23307 rebuild_us=112 layout_us=178 paint_us=315 encode_us=257 acquire_us=82 submit_us=22360 skipped=0
frust_shell_common::perf: frust-perf raw n=330 total_us=22120 rebuild_us=105 layout_us=166 paint_us=306 encode_us=251 acquire_us=80 submit_us=21210 skipped=0
frust_shell_common::perf: frust-perf raw n=331 total_us=22851 rebuild_us=165 layout_us=204 paint_us=330 encode_us=242 acquire_us=86 submit_us=21820 skipped=0
frust_shell_common::perf: frust-perf raw n=332 total_us=22431 rebuild_us=99 layout_us=172 paint_us=304 encode_us=245 acquire_us=84 submit_us=21525 skipped=0
frust_shell_common::perf: frust-perf raw n=333 total_us=23010 rebuild_us=119 layout_us=197 paint_us=320 encode_us=245 acquire_us=82 submit_us=22044 skipped=0
frust_shell_common::perf: frust-perf raw n=334 total_us=21818 rebuild_us=100 layout_us=161 paint_us=309 encode_us=247 acquire_us=82 submit_us=20916 skipped=0
frust_shell_common::perf: frust-perf raw n=335 total_us=23183 rebuild_us=96 layout_us=161 paint_us=311 encode_us=259 acquire_us=80 submit_us=22274 skipped=0
frust_shell_common::perf: frust-perf raw n=336 total_us=22116 rebuild_us=91 layout_us=163 paint_us=312 encode_us=245 acquire_us=83 submit_us=21219 skipped=0
frust_shell_common::perf: frust-perf raw n=337 total_us=23034 rebuild_us=99 layout_us=165 paint_us=323 encode_us=250 acquire_us=79 submit_us=22116 skipped=0
frust_shell_common::perf: frust-perf raw n=338 total_us=23043 rebuild_us=128 layout_us=211 paint_us=337 encode_us=217 acquire_us=76 submit_us=22072 skipped=0
frust_shell_common::perf: frust-perf raw n=339 total_us=21856 rebuild_us=99 layout_us=167 paint_us=308 encode_us=243 acquire_us=80 submit_us=20957 skipped=0
frust_shell_common::perf: frust-perf raw n=340 total_us=23012 rebuild_us=101 layout_us=165 paint_us=309 encode_us=223 acquire_us=73 submit_us=22140 skipped=0
frust_shell_common::perf: frust-perf raw n=341 total_us=22848 rebuild_us=103 layout_us=166 paint_us=385 encode_us=222 acquire_us=73 submit_us=21897 skipped=0
frust_shell_common::perf: frust-perf raw n=342 total_us=22795 rebuild_us=124 layout_us=206 paint_us=348 encode_us=275 acquire_us=93 submit_us=21746 skipped=0
frust_shell_common::perf: frust-perf raw n=343 total_us=22467 rebuild_us=115 layout_us=186 paint_us=325 encode_us=224 acquire_us=65 submit_us=21550 skipped=0
frust_shell_common::perf: frust-perf raw n=344 total_us=22851 rebuild_us=123 layout_us=191 paint_us=375 encode_us=232 acquire_us=69 submit_us=21859 skipped=0
frust_shell_common::perf: frust-perf raw n=345 total_us=22747 rebuild_us=118 layout_us=186 paint_us=322 encode_us=232 acquire_us=90 submit_us=21797 skipped=0
frust_shell_common::perf: frust-perf raw n=346 total_us=22560 rebuild_us=128 layout_us=198 paint_us=324 encode_us=212 acquire_us=73 submit_us=21624 skipped=0
frust_shell_common::perf: frust-perf raw n=347 total_us=22847 rebuild_us=124 layout_us=197 paint_us=330 encode_us=252 acquire_us=82 submit_us=21860 skipped=0
frust_shell_common::perf: frust-perf raw n=348 total_us=22869 rebuild_us=122 layout_us=183 paint_us=320 encode_us=232 acquire_us=75 submit_us=21935 skipped=0
frust_shell_android::app::frame: frust-perf platform-view tail depth=0 target=0 acquire_bound=false frame=960 expected_present_us=0 acquire_us=74 period_us=11137
frust_shell_common::perf: frust-perf raw n=349 total_us=22566 rebuild_us=115 layout_us=182 paint_us=325 encode_us=223 acquire_us=71 submit_us=21647 skipped=0
frust_shell_common::perf: frust-perf raw n=350 total_us=22787 rebuild_us=120 layout_us=197 paint_us=332 encode_us=260 acquire_us=72 submit_us=21804 skipped=0
frust_shell_common::perf: frust-perf frame n=120 total_p50_ms=22 total_p95_ms=23 total_p99_ms=23 rebuild_p95_ms=0 layout_p95_ms=0 paint_p95_ms=0 encode_p95_ms=0 acquire_p95_ms=0 submit_p95_ms=22 over_60hz=350 over_120hz=350 skipped=0 total_frames=350
frust_shell_common::perf: frust-perf raw n=351 total_us=24725 rebuild_us=84 layout_us=130 paint_us=161 encode_us=142 acquire_us=67 submit_us=24139 skipped=0
frust_shell_common::perf: frust-perf raw n=352 total_us=20749 rebuild_us=180 layout_us=321 paint_us=630 encode_us=583 acquire_us=97 submit_us=18935 skipped=0
frust_shell_common::perf: frust-perf raw n=353 total_us=22530 rebuild_us=122 layout_us=196 paint_us=328 encode_us=255 acquire_us=74 submit_us=21553 skipped=0
frust_shell_common::perf: frust-perf raw n=354 total_us=22821 rebuild_us=128 layout_us=219 paint_us=315 encode_us=245 acquire_us=69 submit_us=21844 skipped=0
frust_shell_common::perf: frust-perf raw n=355 total_us=22909 rebuild_us=119 layout_us=200 paint_us=325 encode_us=221 acquire_us=68 submit_us=21972 skipped=0
frust_shell_common::perf: frust-perf raw n=356 total_us=22681 rebuild_us=136 layout_us=217 paint_us=319 encode_us=221 acquire_us=71 submit_us=21716 skipped=0
frust_shell_common::perf: frust-perf raw n=357 total_us=22637 rebuild_us=115 layout_us=211 paint_us=328 encode_us=224 acquire_us=73 submit_us=21685 skipped=0
frust_shell_common::perf: frust-perf raw n=358 total_us=22616 rebuild_us=110 layout_us=199 paint_us=324 encode_us=271 acquire_us=79 submit_us=21630 skipped=0
frust_shell_common::perf: frust-perf raw n=359 total_us=22598 rebuild_us=105 layout_us=193 paint_us=319 encode_us=265 acquire_us=118 submit_us=21594 skipped=0
frust_shell_common::perf: frust-perf raw n=360 total_us=23146 rebuild_us=113 layout_us=190 paint_us=323 encode_us=264 acquire_us=89 submit_us=22165 skipped=0
frust_shell_common::perf: frust-perf raw n=361 total_us=22461 rebuild_us=104 layout_us=188 paint_us=319 encode_us=264 acquire_us=80 submit_us=21503 skipped=0
frust_shell_common::perf: frust-perf raw n=362 total_us=22387 rebuild_us=105 layout_us=200 paint_us=316 encode_us=261 acquire_us=82 submit_us=21421 skipped=0
frust_shell_common::perf: frust-perf raw n=363 total_us=22619 rebuild_us=108 layout_us=179 paint_us=322 encode_us=260 acquire_us=78 submit_us=21670 skipped=0
frust_shell_common::perf: frust-perf raw n=364 total_us=23015 rebuild_us=121 layout_us=276 paint_us=329 encode_us=264 acquire_us=80 submit_us=21942 skipped=0
frust_shell_common::perf: frust-perf raw n=365 total_us=22701 rebuild_us=113 layout_us=194 paint_us=396 encode_us=259 acquire_us=80 submit_us=21657 skipped=0
frust_shell_common::perf: frust-perf raw n=366 total_us=22393 rebuild_us=114 layout_us=202 paint_us=315 encode_us=258 acquire_us=80 submit_us=21422 skipped=0
frust_shell_common::perf: frust-perf raw n=367 total_us=22619 rebuild_us=106 layout_us=181 paint_us=317 encode_us=289 acquire_us=79 submit_us=21645 skipped=0
frust_shell_common::perf: frust-perf raw n=368 total_us=22717 rebuild_us=118 layout_us=285 paint_us=331 encode_us=258 acquire_us=84 submit_us=21638 skipped=0
frust_shell_common::perf: frust-perf raw n=369 total_us=22691 rebuild_us=107 layout_us=194 paint_us=324 encode_us=252 acquire_us=80 submit_us=21731 skipped=0
frust_shell_common::perf: frust-perf raw n=370 total_us=22484 rebuild_us=114 layout_us=205 paint_us=330 encode_us=261 acquire_us=77 submit_us=21494 skipped=0
frust_shell_common::perf: frust-perf raw n=371 total_us=22696 rebuild_us=117 layout_us=250 paint_us=327 encode_us=267 acquire_us=84 submit_us=21648 skipped=0
frust_shell_common::perf: frust-perf raw n=372 total_us=22437 rebuild_us=122 layout_us=211 paint_us=317 encode_us=256 acquire_us=83 submit_us=21445 skipped=0
frust_shell_common::perf: frust-perf raw n=373 total_us=22606 rebuild_us=111 layout_us=199 paint_us=325 encode_us=258 acquire_us=79 submit_us=21633 skipped=0
frust_shell_common::perf: frust-perf raw n=374 total_us=22558 rebuild_us=113 layout_us=188 paint_us=322 encode_us=261 acquire_us=79 submit_us=21592 skipped=0
frust_shell_common::perf: frust-perf raw n=375 total_us=22411 rebuild_us=118 layout_us=210 paint_us=330 encode_us=260 acquire_us=83 submit_us=21408 skipped=0
frust_shell_common::perf: frust-perf raw n=376 total_us=22558 rebuild_us=119 layout_us=189 paint_us=322 encode_us=254 acquire_us=79 submit_us=21592 skipped=0
frust_shell_common::perf: frust-perf raw n=377 total_us=22319 rebuild_us=107 layout_us=209 paint_us=322 encode_us=287 acquire_us=81 submit_us=21311 skipped=0
frust_shell_common::perf: frust-perf raw n=378 total_us=22546 rebuild_us=102 layout_us=180 paint_us=322 encode_us=252 acquire_us=78 submit_us=21610 skipped=0
frust_shell_common::perf: frust-perf raw n=379 total_us=22283 rebuild_us=106 layout_us=201 paint_us=324 encode_us=255 acquire_us=83 submit_us=21313 skipped=0
frust_shell_common::perf: frust-perf raw n=380 total_us=23590 rebuild_us=125 layout_us=191 paint_us=325 encode_us=270 acquire_us=81 submit_us=22594 skipped=0
frust_shell_common::perf: frust-perf raw n=381 total_us=22439 rebuild_us=110 layout_us=176 paint_us=317 encode_us=260 acquire_us=80 submit_us=21493 skipped=0
frust_shell_common::perf: frust-perf raw n=382 total_us=22674 rebuild_us=111 layout_us=195 paint_us=328 encode_us=258 acquire_us=83 submit_us=21697 skipped=0
frust_shell_common::perf: frust-perf raw n=383 total_us=22763 rebuild_us=113 layout_us=191 paint_us=321 encode_us=263 acquire_us=80 submit_us=21793 skipped=0
frust_shell_common::perf: frust-perf raw n=384 total_us=22848 rebuild_us=106 layout_us=188 paint_us=357 encode_us=255 acquire_us=78 submit_us=21861 skipped=0
frust_shell_common::perf: frust-perf raw n=385 total_us=22553 rebuild_us=107 layout_us=191 paint_us=323 encode_us=266 acquire_us=89 submit_us=21573 skipped=0
frust_shell_common::perf: frust-perf raw n=386 total_us=22544 rebuild_us=116 layout_us=209 paint_us=387 encode_us=278 acquire_us=100 submit_us=21451 skipped=0
frust_shell_common::perf: frust-perf raw n=387 total_us=23249 rebuild_us=97 layout_us=170 paint_us=428 encode_us=252 acquire_us=80 submit_us=22220 skipped=0
frust_shell_common::perf: frust-perf raw n=388 total_us=22633 rebuild_us=106 layout_us=192 paint_us=368 encode_us=258 acquire_us=97 submit_us=21609 skipped=0
frust_shell_common::perf: frust-perf raw n=389 total_us=22908 rebuild_us=112 layout_us=197 paint_us=377 encode_us=276 acquire_us=104 submit_us=21839 skipped=0
frust_shell_common::perf: frust-perf raw n=390 total_us=22315 rebuild_us=100 layout_us=175 paint_us=418 encode_us=263 acquire_us=83 submit_us=21274 skipped=0
frust_shell_common::perf: frust-perf raw n=391 total_us=22885 rebuild_us=96 layout_us=189 paint_us=363 encode_us=252 acquire_us=124 submit_us=21859 skipped=0
frust_shell_common::perf: frust-perf raw n=392 total_us=22707 rebuild_us=99 layout_us=177 paint_us=365 encode_us=268 acquire_us=108 submit_us=21688 skipped=0
frust_shell_common::perf: frust-perf raw n=393 total_us=22932 rebuild_us=101 layout_us=217 paint_us=363 encode_us=253 acquire_us=78 submit_us=21918 skipped=0
frust_shell_common::perf: frust-perf raw n=394 total_us=22344 rebuild_us=98 layout_us=190 paint_us=366 encode_us=283 acquire_us=82 submit_us=21321 skipped=0
frust_shell_common::perf: frust-perf raw n=395 total_us=23163 rebuild_us=97 layout_us=174 paint_us=365 encode_us=260 acquire_us=97 submit_us=22168 skipped=0
frust_shell_common::perf: frust-perf raw n=396 total_us=22715 rebuild_us=122 layout_us=196 paint_us=381 encode_us=269 acquire_us=83 submit_us=21661 skipped=0
frust_shell_common::perf: frust-perf raw n=397 total_us=22908 rebuild_us=108 layout_us=214 paint_us=386 encode_us=256 acquire_us=150 submit_us=21792 skipped=0
frust_shell_common::perf: frust-perf raw n=398 total_us=21816 rebuild_us=112 layout_us=196 paint_us=374 encode_us=262 acquire_us=94 submit_us=20775 skipped=0
frust_shell_common::perf: frust-perf raw n=399 total_us=23379 rebuild_us=99 layout_us=183 paint_us=367 encode_us=291 acquire_us=81 submit_us=22355 skipped=0
frust_shell_common::perf: frust-perf raw n=400 total_us=21194 rebuild_us=113 layout_us=202 paint_us=447 encode_us=272 acquire_us=100 submit_us=20057 skipped=0
frust_shell_common::perf: frust-perf raw n=401 total_us=21824 rebuild_us=102 layout_us=198 paint_us=348 encode_us=646 acquire_us=82 submit_us=20446 skipped=0
frust_shell_common::perf: frust-perf raw n=402 total_us=22201 rebuild_us=118 layout_us=224 paint_us=346 encode_us=231 acquire_us=78 submit_us=21202 skipped=0
frust_shell_common::perf: frust-perf raw n=403 total_us=21619 rebuild_us=114 layout_us=213 paint_us=341 encode_us=235 acquire_us=76 submit_us=20637 skipped=0
frust_shell_common::perf: frust-perf raw n=404 total_us=21580 rebuild_us=130 layout_us=234 paint_us=348 encode_us=272 acquire_us=80 submit_us=20514 skipped=0
frust_shell_common::perf: frust-perf raw n=405 total_us=21773 rebuild_us=117 layout_us=285 paint_us=342 encode_us=273 acquire_us=78 submit_us=20676 skipped=0
frust_shell_common::perf: frust-perf raw n=406 total_us=21867 rebuild_us=127 layout_us=229 paint_us=347 encode_us=271 acquire_us=77 submit_us=20815 skipped=0
frust_shell_common::perf: frust-perf raw n=407 total_us=21608 rebuild_us=127 layout_us=213 paint_us=341 encode_us=287 acquire_us=92 submit_us=20547 skipped=0
frust_shell_common::perf: frust-perf raw n=408 total_us=21007 rebuild_us=116 layout_us=221 paint_us=354 encode_us=272 acquire_us=84 submit_us=19957 skipped=0
frust_shell_common::perf: frust-perf raw n=409 total_us=21571 rebuild_us=109 layout_us=201 paint_us=336 encode_us=271 acquire_us=84 submit_us=20568 skipped=0
frust_shell_android::app::frame: frust-perf platform-view tail depth=0 target=0 acquire_bound=false frame=1080 expected_present_us=0 acquire_us=87 period_us=11128
frust_shell_common::perf: frust-perf raw n=410 total_us=21203 rebuild_us=101 layout_us=197 paint_us=335 encode_us=268 acquire_us=102 submit_us=20198 skipped=0
frust_shell_common::perf: frust-perf raw n=411 total_us=22038 rebuild_us=114 layout_us=227 paint_us=348 encode_us=283 acquire_us=84 submit_us=20980 skipped=0
frust_shell_common::perf: frust-perf raw n=412 total_us=21433 rebuild_us=122 layout_us=225 paint_us=346 encode_us=295 acquire_us=87 submit_us=20356 skipped=0
frust_shell_common::perf: frust-perf raw n=413 total_us=21610 rebuild_us=186 layout_us=238 paint_us=353 encode_us=279 acquire_us=84 submit_us=20468 skipped=0
frust_shell_common::perf: frust-perf raw n=414 total_us=21713 rebuild_us=122 layout_us=216 paint_us=345 encode_us=268 acquire_us=87 submit_us=20673 skipped=0
frust_shell_common::perf: frust-perf raw n=415 total_us=21804 rebuild_us=140 layout_us=245 paint_us=362 encode_us=274 acquire_us=91 submit_us=20689 skipped=0
frust_shell_common::perf: frust-perf raw n=416 total_us=21725 rebuild_us=131 layout_us=225 paint_us=345 encode_us=273 acquire_us=85 submit_us=20663 skipped=0
frust_shell_common::perf: frust-perf raw n=417 total_us=22003 rebuild_us=118 layout_us=214 paint_us=336 encode_us=267 acquire_us=83 submit_us=20982 skipped=0
frust_shell_common::perf: frust-perf raw n=418 total_us=21669 rebuild_us=93 layout_us=195 paint_us=339 encode_us=269 acquire_us=90 submit_us=20680 skipped=0
frust_shell_common::perf: frust-perf raw n=419 total_us=21334 rebuild_us=113 layout_us=214 paint_us=340 encode_us=272 acquire_us=91 submit_us=20301 skipped=0
frust_shell_common::perf: frust-perf raw n=420 total_us=22561 rebuild_us=111 layout_us=209 paint_us=336 encode_us=235 acquire_us=75 submit_us=21593 skipped=0
frust_shell_common::perf: frust-perf raw n=421 total_us=22312 rebuild_us=116 layout_us=233 paint_us=346 encode_us=264 acquire_us=94 submit_us=21256 skipped=0
frust_shell_common::perf: frust-perf raw n=422 total_us=22521 rebuild_us=114 layout_us=220 paint_us=350 encode_us=267 acquire_us=86 submit_us=21482 skipped=0
frust_shell_common::perf: frust-perf raw n=423 total_us=22766 rebuild_us=125 layout_us=229 paint_us=344 encode_us=238 acquire_us=79 submit_us=21749 skipped=0
frust_shell_common::perf: frust-perf raw n=424 total_us=23086 rebuild_us=121 layout_us=238 paint_us=342 encode_us=285 acquire_us=85 submit_us=22013 skipped=0
frust_shell_common::perf: frust-perf raw n=425 total_us=22517 rebuild_us=114 layout_us=215 paint_us=392 encode_us=287 acquire_us=90 submit_us=21416 skipped=0
frust_shell_common::perf: frust-perf raw n=426 total_us=22759 rebuild_us=125 layout_us=214 paint_us=336 encode_us=295 acquire_us=94 submit_us=21693 skipped=0
frust_shell_common::perf: frust-perf raw n=427 total_us=22959 rebuild_us=136 layout_us=232 paint_us=346 encode_us=283 acquire_us=99 submit_us=21860 skipped=0
frust_shell_common::perf: frust-perf raw n=428 total_us=22566 rebuild_us=129 layout_us=268 paint_us=341 encode_us=274 acquire_us=91 submit_us=21460 skipped=0
frust_shell_common::perf: frust-perf raw n=429 total_us=23013 rebuild_us=122 layout_us=211 paint_us=332 encode_us=270 acquire_us=85 submit_us=21990 skipped=0
frust_shell_common::perf: frust-perf raw n=430 total_us=22783 rebuild_us=142 layout_us=235 paint_us=333 encode_us=274 acquire_us=88 submit_us=21709 skipped=0
frust_shell_common::perf: frust-perf raw n=431 total_us=22584 rebuild_us=176 layout_us=212 paint_us=335 encode_us=281 acquire_us=91 submit_us=21487 skipped=0
frust_shell_common::perf: frust-perf raw n=432 total_us=22810 rebuild_us=117 layout_us=194 paint_us=337 encode_us=266 acquire_us=85 submit_us=21808 skipped=0
frust_shell_common::perf: frust-perf raw n=433 total_us=22760 rebuild_us=121 layout_us=204 paint_us=330 encode_us=279 acquire_us=92 submit_us=21732 skipped=0
frust_shell_common::perf: frust-perf raw n=434 total_us=22865 rebuild_us=131 layout_us=202 paint_us=331 encode_us=310 acquire_us=81 submit_us=21808 skipped=0
frust_shell_common::perf: frust-perf raw n=435 total_us=22437 rebuild_us=124 layout_us=202 paint_us=341 encode_us=286 acquire_us=90 submit_us=21391 skipped=0
frust_shell_common::perf: frust-perf raw n=436 total_us=22832 rebuild_us=127 layout_us=209 paint_us=330 encode_us=266 acquire_us=84 submit_us=21814 skipped=0
frust_shell_common::perf: frust-perf raw n=437 total_us=22565 rebuild_us=118 layout_us=193 paint_us=333 encode_us=271 acquire_us=88 submit_us=21559 skipped=0
frust_shell_common::perf: frust-perf raw n=438 total_us=22560 rebuild_us=115 layout_us=193 paint_us=325 encode_us=267 acquire_us=94 submit_us=21563 skipped=0
frust_shell_common::perf: frust-perf raw n=439 total_us=22867 rebuild_us=105 layout_us=216 paint_us=322 encode_us=265 acquire_us=82 submit_us=21875 skipped=0
frust_shell_common::perf: frust-perf raw n=440 total_us=22748 rebuild_us=132 layout_us=204 paint_us=333 encode_us=266 acquire_us=97 submit_us=21713 skipped=0
frust_shell_common::perf: frust-perf frame n=120 total_p50_ms=22 total_p95_ms=23 total_p99_ms=23 rebuild_p95_ms=0 layout_p95_ms=0 paint_p95_ms=0 encode_p95_ms=0 acquire_p95_ms=0 submit_p95_ms=22 over_60hz=440 over_120hz=440 skipped=0 total_frames=440
frust_shell_common::perf: frust-perf raw n=441 total_us=22442 rebuild_us=126 layout_us=223 paint_us=329 encode_us=262 acquire_us=122 submit_us=21378 skipped=0
frust_shell_common::perf: frust-perf raw n=442 total_us=22433 rebuild_us=124 layout_us=203 paint_us=329 encode_us=290 acquire_us=98 submit_us=21386 skipped=0
frust_shell_common::perf: frust-perf raw n=443 total_us=22515 rebuild_us=114 layout_us=196 paint_us=335 encode_us=259 acquire_us=101 submit_us=21507 skipped=0
frust_shell_common::perf: frust-perf raw n=444 total_us=23120 rebuild_us=114 layout_us=199 paint_us=397 encode_us=266 acquire_us=108 submit_us=22034 skipped=0
frust_shell_common::perf: frust-perf raw n=445 total_us=22492 rebuild_us=121 layout_us=228 paint_us=337 encode_us=258 acquire_us=110 submit_us=21436 skipped=0
frust_shell_common::perf: frust-perf raw n=446 total_us=22351 rebuild_us=125 layout_us=213 paint_us=331 encode_us=262 acquire_us=106 submit_us=21312 skipped=0
frust_shell_common::perf: frust-perf raw n=447 total_us=22409 rebuild_us=108 layout_us=188 paint_us=373 encode_us=308 acquire_us=86 submit_us=21344 skipped=0
frust_shell_common::perf: frust-perf raw n=448 total_us=22885 rebuild_us=121 layout_us=200 paint_us=325 encode_us=266 acquire_us=90 submit_us=21881 skipped=0
frust_shell_common::perf: frust-perf raw n=449 total_us=22574 rebuild_us=111 layout_us=217 paint_us=330 encode_us=262 acquire_us=88 submit_us=21564 skipped=0
frust_shell_common::perf: frust-perf raw n=450 total_us=22547 rebuild_us=108 layout_us=207 paint_us=357 encode_us=253 acquire_us=88 submit_us=21533 skipped=0
frust_shell_common::perf: frust-perf raw n=451 total_us=22049 rebuild_us=110 layout_us=207 paint_us=329 encode_us=254 acquire_us=85 submit_us=21061 skipped=0
frust_shell_common::perf: frust-perf raw n=452 total_us=23199 rebuild_us=140 layout_us=333 paint_us=347 encode_us=273 acquire_us=90 submit_us=22013 skipped=0
frust_shell_common::perf: frust-perf raw n=453 total_us=22896 rebuild_us=103 layout_us=179 paint_us=320 encode_us=257 acquire_us=87 submit_us=21947 skipped=0
frust_shell_common::perf: frust-perf raw n=454 total_us=22499 rebuild_us=101 layout_us=170 paint_us=316 encode_us=253 acquire_us=112 submit_us=21544 skipped=0
frust_shell_common::perf: frust-perf raw n=455 total_us=22901 rebuild_us=118 layout_us=201 paint_us=327 encode_us=255 acquire_us=159 submit_us=21838 skipped=0
frust_shell_common::perf: frust-perf raw n=456 total_us=22637 rebuild_us=164 layout_us=209 paint_us=332 encode_us=255 acquire_us=90 submit_us=21585 skipped=0
frust_shell_common::perf: frust-perf raw n=457 total_us=23005 rebuild_us=105 layout_us=178 paint_us=322 encode_us=258 acquire_us=109 submit_us=22031 skipped=0
frust_shell_common::perf: frust-perf raw n=458 total_us=22601 rebuild_us=122 layout_us=208 paint_us=339 encode_us=302 acquire_us=103 submit_us=21524 skipped=0
frust_shell_common::perf: frust-perf raw n=459 total_us=22597 rebuild_us=116 layout_us=201 paint_us=327 encode_us=274 acquire_us=95 submit_us=21582 skipped=0
frust_shell_common::perf: frust-perf raw n=460 total_us=22741 rebuild_us=121 layout_us=204 paint_us=339 encode_us=261 acquire_us=86 submit_us=21727 skipped=0
frust_shell_common::perf: frust-perf raw n=461 total_us=22677 rebuild_us=121 layout_us=200 paint_us=336 encode_us=259 acquire_us=94 submit_us=21663 skipped=0
frust_shell_common::perf: frust-perf raw n=462 total_us=23136 rebuild_us=133 layout_us=224 paint_us=386 encode_us=259 acquire_us=86 submit_us=22047 skipped=0
frust_shell_common::perf: frust-perf raw n=463 total_us=22730 rebuild_us=131 layout_us=221 paint_us=453 encode_us=256 acquire_us=92 submit_us=21574 skipped=0
frust_shell_common::perf: frust-perf raw n=464 total_us=24377 rebuild_us=112 layout_us=195 paint_us=374 encode_us=267 acquire_us=93 submit_us=23334 skipped=0
frust_shell_common::perf: frust-perf raw n=465 total_us=22737 rebuild_us=121 layout_us=205 paint_us=371 encode_us=294 acquire_us=94 submit_us=21649 skipped=0
frust_shell_common::perf: frust-perf raw n=466 total_us=22699 rebuild_us=151 layout_us=250 paint_us=352 encode_us=254 acquire_us=79 submit_us=21610 skipped=0
frust_shell_common::perf: frust-perf raw n=467 total_us=23031 rebuild_us=131 layout_us=216 paint_us=333 encode_us=258 acquire_us=82 submit_us=22008 skipped=0
frust_shell_common::perf: frust-perf raw n=468 total_us=22653 rebuild_us=114 layout_us=191 paint_us=330 encode_us=259 acquire_us=119 submit_us=21637 skipped=0
frust_shell_common::perf: frust-perf raw n=469 total_us=22294 rebuild_us=125 layout_us=236 paint_us=330 encode_us=251 acquire_us=80 submit_us=21270 skipped=0
frust_shell_common::perf: frust-perf raw n=470 total_us=23166 rebuild_us=112 layout_us=184 paint_us=322 encode_us=269 acquire_us=82 submit_us=22195 skipped=0
frust_shell_android::app::frame: frust-perf platform-view tail depth=0 target=0 acquire_bound=false frame=1200 expected_present_us=0 acquire_us=86 period_us=11135
frust_shell_common::perf: frust-perf raw n=471 total_us=23109 rebuild_us=116 layout_us=191 paint_us=339 encode_us=247 acquire_us=80 submit_us=22134 skipped=0
frust_shell_common::perf: frust-perf raw n=472 total_us=22251 rebuild_us=132 layout_us=216 paint_us=350 encode_us=254 acquire_us=82 submit_us=21215 skipped=0
frust_shell_common::perf: frust-perf raw n=473 total_us=23172 rebuild_us=118 layout_us=196 paint_us=344 encode_us=247 acquire_us=88 submit_us=22177 skipped=0
frust_shell_common::perf: frust-perf raw n=474 total_us=22471 rebuild_us=128 layout_us=211 paint_us=345 encode_us=251 acquire_us=96 submit_us=21439 skipped=0
frust_shell_common::perf: frust-perf raw n=475 total_us=22680 rebuild_us=190 layout_us=193 paint_us=337 encode_us=249 acquire_us=80 submit_us=21629 skipped=0
frust_shell_common::perf: frust-perf raw n=476 total_us=22727 rebuild_us=121 layout_us=210 paint_us=346 encode_us=254 acquire_us=91 submit_us=21703 skipped=0
frust_shell_common::perf: frust-perf raw n=477 total_us=22411 rebuild_us=112 layout_us=185 paint_us=330 encode_us=249 acquire_us=91 submit_us=21440 skipped=0
frust_shell_common::perf: frust-perf raw n=478 total_us=22686 rebuild_us=116 layout_us=190 paint_us=335 encode_us=247 acquire_us=92 submit_us=21704 skipped=0
frust_shell_common::perf: frust-perf raw n=479 total_us=22297 rebuild_us=111 layout_us=180 paint_us=323 encode_us=250 acquire_us=81 submit_us=21350 skipped=0
frust_shell_common::perf: frust-perf raw n=480 total_us=23364 rebuild_us=109 layout_us=183 paint_us=328 encode_us=246 acquire_us=105 submit_us=22391 skipped=0
frust_shell_common::perf: frust-perf raw n=481 total_us=22167 rebuild_us=139 layout_us=230 paint_us=352 encode_us=253 acquire_us=98 submit_us=21092 skipped=0
frust_shell_common::perf: frust-perf raw n=482 total_us=22408 rebuild_us=112 layout_us=195 paint_us=326 encode_us=250 acquire_us=79 submit_us=21444 skipped=0
frust_shell_common::perf: frust-perf raw n=483 total_us=22721 rebuild_us=119 layout_us=200 paint_us=330 encode_us=252 acquire_us=82 submit_us=21736 skipped=0
frust_shell_common::perf: frust-perf raw n=484 total_us=22101 rebuild_us=108 layout_us=186 paint_us=314 encode_us=255 acquire_us=136 submit_us=21100 skipped=0
frust_shell_common::perf: frust-perf raw n=485 total_us=23363 rebuild_us=108 layout_us=180 paint_us=314 encode_us=270 acquire_us=90 submit_us=22397 skipped=0
frust_shell_common::perf: frust-perf raw n=486 total_us=21973 rebuild_us=104 layout_us=183 paint_us=320 encode_us=250 acquire_us=93 submit_us=21022 skipped=0
frust_shell_common::perf: frust-perf raw n=487 total_us=23318 rebuild_us=97 layout_us=175 paint_us=343 encode_us=260 acquire_us=89 submit_us=22352 skipped=0
frust_shell_common::perf: frust-perf raw n=488 total_us=22403 rebuild_us=104 layout_us=195 paint_us=400 encode_us=249 acquire_us=81 submit_us=21371 skipped=0
frust_shell_common::perf: frust-perf raw n=489 total_us=23417 rebuild_us=108 layout_us=187 paint_us=321 encode_us=227 acquire_us=85 submit_us=22487 skipped=0
frust_shell_common::perf: frust-perf raw n=490 total_us=22005 rebuild_us=110 layout_us=202 paint_us=332 encode_us=294 acquire_us=95 submit_us=20970 skipped=0
frust_shell_common::perf: frust-perf raw n=491 total_us=22933 rebuild_us=110 layout_us=195 paint_us=362 encode_us=226 acquire_us=78 submit_us=21959 skipped=0
frust_shell_common::perf: frust-perf raw n=492 total_us=23348 rebuild_us=126 layout_us=212 paint_us=329 encode_us=218 acquire_us=87 submit_us=22374 skipped=0
frust_shell_common::perf: frust-perf raw n=493 total_us=22318 rebuild_us=113 layout_us=190 paint_us=326 encode_us=252 acquire_us=91 submit_us=21344 skipped=0
frust_shell_common::perf: frust-perf raw n=494 total_us=22700 rebuild_us=111 layout_us=247 paint_us=320 encode_us=210 acquire_us=86 submit_us=21722 skipped=0
frust_shell_common::perf: frust-perf raw n=495 total_us=22874 rebuild_us=110 layout_us=194 paint_us=320 encode_us=229 acquire_us=89 submit_us=21929 skipped=0
frust_shell_common::perf: frust-perf raw n=496 total_us=22557 rebuild_us=122 layout_us=200 paint_us=319 encode_us=222 acquire_us=72 submit_us=21619 skipped=0
frust_shell_common::perf: frust-perf raw n=497 total_us=22859 rebuild_us=109 layout_us=189 paint_us=332 encode_us=229 acquire_us=76 submit_us=21921 skipped=0
frust_shell_common::perf: frust-perf raw n=498 total_us=22998 rebuild_us=116 layout_us=188 paint_us=321 encode_us=225 acquire_us=71 submit_us=22075 skipped=0
frust_shell_common::perf: frust-perf raw n=499 total_us=22629 rebuild_us=147 layout_us=216 paint_us=330 encode_us=226 acquire_us=78 submit_us=21629 skipped=0
frust_shell_common::perf: frust-perf raw n=500 total_us=22777 rebuild_us=123 layout_us=200 paint_us=320 encode_us=233 acquire_us=75 submit_us=21824 skipped=0
frust_shell_common::perf: frust-perf raw n=501 total_us=22780 rebuild_us=121 layout_us=229 paint_us=332 encode_us=243 acquire_us=72 submit_us=21781 skipped=0
frust_shell_common::perf: frust-perf raw n=502 total_us=22686 rebuild_us=118 layout_us=202 paint_us=338 encode_us=227 acquire_us=70 submit_us=21730 skipped=0
frust_shell_common::perf: frust-perf raw n=503 total_us=23107 rebuild_us=121 layout_us=190 paint_us=325 encode_us=229 acquire_us=72 submit_us=22167 skipped=0
frust_shell_common::perf: frust-perf raw n=504 total_us=22729 rebuild_us=114 layout_us=187 paint_us=361 encode_us=229 acquire_us=74 submit_us=21761 skipped=0
frust_shell_common::perf: frust-perf raw n=505 total_us=22874 rebuild_us=110 layout_us=208 paint_us=322 encode_us=236 acquire_us=71 submit_us=21924 skipped=0
frust_shell_common::perf: frust-perf raw n=506 total_us=22556 rebuild_us=116 layout_us=204 paint_us=320 encode_us=218 acquire_us=70 submit_us=21625 skipped=0
frust_shell_common::perf: frust-perf raw n=507 total_us=22996 rebuild_us=126 layout_us=225 paint_us=336 encode_us=243 acquire_us=71 submit_us=21993 skipped=0
frust_shell_common::perf: frust-perf raw n=508 total_us=22814 rebuild_us=132 layout_us=218 paint_us=341 encode_us=233 acquire_us=84 submit_us=21804 skipped=0
frust_shell_common::perf: frust-perf raw n=509 total_us=22807 rebuild_us=118 layout_us=202 paint_us=327 encode_us=234 acquire_us=77 submit_us=21848 skipped=0
frust_shell_common::perf: frust-perf raw n=510 total_us=22734 rebuild_us=135 layout_us=215 paint_us=340 encode_us=252 acquire_us=87 submit_us=21703 skipped=0
frust_shell_common::perf: frust-perf raw n=511 total_us=22905 rebuild_us=124 layout_us=220 paint_us=333 encode_us=260 acquire_us=93 submit_us=21873 skipped=0
frust_shell_common::perf: frust-perf raw n=512 total_us=22996 rebuild_us=108 layout_us=192 paint_us=324 encode_us=223 acquire_us=87 submit_us=22060 skipped=0
frust_shell_common::perf: frust-perf raw n=513 total_us=22967 rebuild_us=117 layout_us=258 paint_us=322 encode_us=231 acquire_us=86 submit_us=21950 skipped=0
frust_shell_common::perf: frust-perf raw n=514 total_us=22657 rebuild_us=123 layout_us=202 paint_us=321 encode_us=284 acquire_us=73 submit_us=21651 skipped=0
frust_shell_common::perf: frust-perf raw n=515 total_us=22919 rebuild_us=119 layout_us=226 paint_us=330 encode_us=253 acquire_us=77 submit_us=21912 skipped=0
frust_shell_common::perf: frust-perf raw n=516 total_us=23415 rebuild_us=121 layout_us=227 paint_us=329 encode_us=237 acquire_us=70 submit_us=22427 skipped=0
frust_shell_common::perf: frust-perf raw n=517 total_us=22513 rebuild_us=135 layout_us=221 paint_us=331 encode_us=218 acquire_us=89 submit_us=21516 skipped=0
frust_shell_common::perf: frust-perf raw n=518 total_us=22782 rebuild_us=125 layout_us=206 paint_us=329 encode_us=231 acquire_us=77 submit_us=21811 skipped=0
frust_shell_common::perf: frust-perf raw n=519 total_us=22918 rebuild_us=122 layout_us=203 paint_us=321 encode_us=236 acquire_us=72 submit_us=21961 skipped=0
frust_shell_common::perf: frust-perf raw n=520 total_us=22625 rebuild_us=120 layout_us=203 paint_us=322 encode_us=224 acquire_us=72 submit_us=21681 skipped=0
frust_shell_common::perf: frust-perf raw n=521 total_us=23163 rebuild_us=135 layout_us=220 paint_us=326 encode_us=255 acquire_us=76 submit_us=22149 skipped=0
frust_shell_common::perf: frust-perf raw n=522 total_us=22657 rebuild_us=119 layout_us=197 paint_us=333 encode_us=226 acquire_us=70 submit_us=21709 skipped=0
frust_shell_common::perf: frust-perf raw n=523 total_us=22896 rebuild_us=116 layout_us=205 paint_us=325 encode_us=227 acquire_us=69 submit_us=21951 skipped=0
frust_shell_common::perf: frust-perf raw n=524 total_us=23114 rebuild_us=118 layout_us=192 paint_us=327 encode_us=226 acquire_us=69 submit_us=22179 skipped=0
frust_shell_common::perf: frust-perf raw n=525 total_us=22913 rebuild_us=122 layout_us=210 paint_us=321 encode_us=218 acquire_us=71 submit_us=21969 skipped=0
frust_shell_common::perf: frust-perf raw n=526 total_us=22722 rebuild_us=126 layout_us=221 paint_us=373 encode_us=235 acquire_us=78 submit_us=21685 skipped=0
frust_shell_common::perf: frust-perf raw n=527 total_us=22775 rebuild_us=116 layout_us=225 paint_us=330 encode_us=235 acquire_us=96 submit_us=21771 skipped=0
frust_shell_common::perf: frust-perf raw n=528 total_us=23135 rebuild_us=142 layout_us=224 paint_us=336 encode_us=246 acquire_us=90 submit_us=22094 skipped=0
frust_shell_common::perf: frust-perf frame n=120 total_p50_ms=22 total_p95_ms=23 total_p99_ms=23 rebuild_p95_ms=0 layout_p95_ms=0 paint_p95_ms=0 encode_p95_ms=0 acquire_p95_ms=0 submit_p95_ms=22 over_60hz=528 over_120hz=528 skipped=0 total_frames=528
frust_shell_common::perf: frust-perf raw n=529 total_us=22442 rebuild_us=122 layout_us=201 paint_us=391 encode_us=216 acquire_us=66 submit_us=21443 skipped=0
frust_shell_common::perf: frust-perf raw n=530 total_us=23006 rebuild_us=127 layout_us=212 paint_us=327 encode_us=237 acquire_us=75 submit_us=22025 skipped=0
frust_shell_android::app::frame: frust-perf platform-view tail depth=0 target=0 acquire_bound=false frame=1320 expected_present_us=0 acquire_us=75 period_us=11139
frust_shell_common::perf: frust-perf raw n=531 total_us=22827 rebuild_us=116 layout_us=205 paint_us=334 encode_us=239 acquire_us=73 submit_us=21858 skipped=0
frust_shell_common::perf: frust-perf raw n=532 total_us=22840 rebuild_us=113 layout_us=277 paint_us=332 encode_us=240 acquire_us=70 submit_us=21805 skipped=0
frust_shell_common::perf: frust-perf raw n=533 total_us=22746 rebuild_us=114 layout_us=199 paint_us=342 encode_us=298 acquire_us=68 submit_us=21723 skipped=0
frust_shell_common::perf: frust-perf raw n=534 total_us=22629 rebuild_us=100 layout_us=200 paint_us=329 encode_us=239 acquire_us=72 submit_us=21686 skipped=0
frust_shell_common::perf: frust-perf raw n=535 total_us=22197 rebuild_us=116 layout_us=232 paint_us=342 encode_us=258 acquire_us=77 submit_us=21171 skipped=0
frust_shell_common::perf: frust-perf raw n=536 total_us=22692 rebuild_us=119 layout_us=241 paint_us=336 encode_us=257 acquire_us=67 submit_us=21670 skipped=0
frust_shell_common::perf: frust-perf raw n=537 total_us=22388 rebuild_us=126 layout_us=235 paint_us=340 encode_us=233 acquire_us=69 submit_us=21382 skipped=0
frust_shell_common::perf: frust-perf raw n=538 total_us=22590 rebuild_us=126 layout_us=230 paint_us=336 encode_us=272 acquire_us=80 submit_us=21544 skipped=0
frust_shell_common::perf: frust-perf raw n=539 total_us=21650 rebuild_us=167 layout_us=235 paint_us=351 encode_us=285 acquire_us=87 submit_us=20522 skipped=0
frust_shell_common::perf: frust-perf raw n=540 total_us=21714 rebuild_us=112 layout_us=215 paint_us=339 encode_us=275 acquire_us=81 submit_us=20690 skipped=0
frust_shell_common::perf: frust-perf raw n=541 total_us=21778 rebuild_us=116 layout_us=215 paint_us=335 encode_us=267 acquire_us=81 submit_us=20763 skipped=0
frust_shell_common::perf: frust-perf raw n=542 total_us=21252 rebuild_us=103 layout_us=204 paint_us=330 encode_us=269 acquire_us=81 submit_us=20262 skipped=0
frust_shell_common::perf: frust-perf raw n=543 total_us=21114 rebuild_us=128 layout_us=233 paint_us=342 encode_us=272 acquire_us=84 submit_us=20052 skipped=0
frust_shell_common::perf: frust-perf raw n=544 total_us=22396 rebuild_us=122 layout_us=197 paint_us=333 encode_us=281 acquire_us=78 submit_us=21382 skipped=0
frust_shell_common::perf: frust-perf raw n=545 total_us=20790 rebuild_us=117 layout_us=213 paint_us=329 encode_us=267 acquire_us=90 submit_us=19770 skipped=0
frust_shell_common::perf: frust-perf raw n=546 total_us=21844 rebuild_us=96 layout_us=185 paint_us=327 encode_us=240 acquire_us=72 submit_us=20921 skipped=0
frust_shell_common::perf: frust-perf raw n=547 total_us=21157 rebuild_us=126 layout_us=245 paint_us=340 encode_us=286 acquire_us=84 submit_us=20074 skipped=0
frust_shell_common::perf: frust-perf raw n=548 total_us=21701 rebuild_us=117 layout_us=215 paint_us=335 encode_us=270 acquire_us=77 submit_us=20684 skipped=0
frust_shell_common::perf: frust-perf raw n=549 total_us=21630 rebuild_us=124 layout_us=222 paint_us=342 encode_us=262 acquire_us=83 submit_us=20594 skipped=0
frust_shell_common::perf: frust-perf raw n=550 total_us=21570 rebuild_us=130 layout_us=247 paint_us=343 encode_us=258 acquire_us=82 submit_us=20508 skipped=0
frust_shell_common::perf: frust-perf raw n=551 total_us=21513 rebuild_us=122 layout_us=210 paint_us=341 encode_us=294 acquire_us=89 submit_us=20455 skipped=0
frust_shell_common::perf: frust-perf raw n=552 total_us=21882 rebuild_us=91 layout_us=232 paint_us=323 encode_us=261 acquire_us=83 submit_us=20890 skipped=0
frust_shell_common::perf: frust-perf raw n=553 total_us=21573 rebuild_us=103 layout_us=184 paint_us=329 encode_us=256 acquire_us=88 submit_us=20611 skipped=0
frust_shell_common::perf: frust-perf raw n=554 total_us=21453 rebuild_us=100 layout_us=182 paint_us=316 encode_us=258 acquire_us=155 submit_us=20439 skipped=0
frust_shell_common::perf: frust-perf raw n=555 total_us=21602 rebuild_us=132 layout_us=242 paint_us=362 encode_us=252 acquire_us=77 submit_us=20534 skipped=0
frust_shell_common::perf: frust-perf raw n=556 total_us=22912 rebuild_us=118 layout_us=237 paint_us=324 encode_us=443 acquire_us=156 submit_us=21632 skipped=0
frust_shell_common::perf: frust-perf raw n=557 total_us=22084 rebuild_us=132 layout_us=247 paint_us=328 encode_us=286 acquire_us=108 submit_us=20979 skipped=0
frust_shell_common::perf: frust-perf raw n=558 total_us=22526 rebuild_us=130 layout_us=223 paint_us=341 encode_us=265 acquire_us=83 submit_us=21482 skipped=0
frust_shell_common::perf: frust-perf raw n=559 total_us=22834 rebuild_us=135 layout_us=238 paint_us=340 encode_us=272 acquire_us=83 submit_us=21763 skipped=0
frust_shell_common::perf: frust-perf raw n=560 total_us=22573 rebuild_us=129 layout_us=229 paint_us=320 encode_us=263 acquire_us=80 submit_us=21549 skipped=0
frust_shell_common::perf: frust-perf raw n=561 total_us=22630 rebuild_us=119 layout_us=212 paint_us=405 encode_us=267 acquire_us=80 submit_us=21543 skipped=0
frust_shell_common::perf: frust-perf raw n=562 total_us=22619 rebuild_us=104 layout_us=195 paint_us=329 encode_us=255 acquire_us=78 submit_us=21656 skipped=0
frust_shell_common::perf: frust-perf raw n=563 total_us=23003 rebuild_us=122 layout_us=203 paint_us=336 encode_us=259 acquire_us=83 submit_us=21997 skipped=0
frust_shell_common::perf: frust-perf raw n=564 total_us=22916 rebuild_us=141 layout_us=221 paint_us=344 encode_us=271 acquire_us=94 submit_us=21842 skipped=0
frust_shell_common::perf: frust-perf raw n=565 total_us=22668 rebuild_us=114 layout_us=214 paint_us=329 encode_us=259 acquire_us=80 submit_us=21670 skipped=0
frust_shell_common::perf: frust-perf raw n=566 total_us=22136 rebuild_us=104 layout_us=190 paint_us=326 encode_us=262 acquire_us=91 submit_us=21161 skipped=0
frust_shell_common::perf: frust-perf raw n=567 total_us=22724 rebuild_us=110 layout_us=194 paint_us=362 encode_us=257 acquire_us=82 submit_us=21718 skipped=0
frust_shell_common::perf: frust-perf raw n=568 total_us=22956 rebuild_us=105 layout_us=188 paint_us=325 encode_us=266 acquire_us=79 submit_us=21989 skipped=0
frust_shell_common::perf: frust-perf raw n=569 total_us=22651 rebuild_us=119 layout_us=203 paint_us=328 encode_us=266 acquire_us=84 submit_us=21648 skipped=0
frust_shell_common::perf: frust-perf raw n=570 total_us=22647 rebuild_us=104 layout_us=199 paint_us=393 encode_us=270 acquire_us=84 submit_us=21594 skipped=0
frust_shell_common::perf: frust-perf raw n=571 total_us=22617 rebuild_us=121 layout_us=192 paint_us=320 encode_us=256 acquire_us=81 submit_us=21646 skipped=0
frust_shell_common::perf: frust-perf raw n=572 total_us=22673 rebuild_us=115 layout_us=187 paint_us=330 encode_us=258 acquire_us=79 submit_us=21702 skipped=0
frust_shell_common::perf: frust-perf raw n=573 total_us=22443 rebuild_us=192 layout_us=203 paint_us=336 encode_us=264 acquire_us=82 submit_us=21364 skipped=0
frust_shell_common::perf: frust-perf raw n=574 total_us=22532 rebuild_us=113 layout_us=200 paint_us=327 encode_us=260 acquire_us=84 submit_us=21544 skipped=0
frust_shell_common::perf: frust-perf raw n=575 total_us=22587 rebuild_us=102 layout_us=173 paint_us=314 encode_us=257 acquire_us=80 submit_us=21658 skipped=0
frust_shell_common::perf: frust-perf raw n=576 total_us=22768 rebuild_us=107 layout_us=219 paint_us=316 encode_us=259 acquire_us=111 submit_us=21753 skipped=0
frust_shell_common::perf: frust-perf raw n=577 total_us=22694 rebuild_us=103 layout_us=173 paint_us=321 encode_us=267 acquire_us=87 submit_us=21739 skipped=0
frust_shell_common::perf: frust-perf raw n=578 total_us=22366 rebuild_us=121 layout_us=190 paint_us=322 encode_us=249 acquire_us=84 submit_us=21397 skipped=0
frust_shell_common::perf: frust-perf raw n=579 total_us=22511 rebuild_us=116 layout_us=186 paint_us=325 encode_us=250 acquire_us=82 submit_us=21550 skipped=0
frust_shell_common::perf: frust-perf raw n=580 total_us=22830 rebuild_us=100 layout_us=182 paint_us=315 encode_us=256 acquire_us=83 submit_us=21891 skipped=0
frust_shell_common::perf: frust-perf raw n=581 total_us=22673 rebuild_us=123 layout_us=206 paint_us=324 encode_us=306 acquire_us=88 submit_us=21624 skipped=0
frust_shell_common::perf: frust-perf raw n=582 total_us=22836 rebuild_us=118 layout_us=210 paint_us=328 encode_us=257 acquire_us=82 submit_us=21838 skipped=0
frust_shell_common::perf: frust-perf raw n=583 total_us=22427 rebuild_us=106 layout_us=196 paint_us=324 encode_us=257 acquire_us=82 submit_us=21460 skipped=0
frust_shell_common::perf: frust-perf raw n=584 total_us=22620 rebuild_us=106 layout_us=181 paint_us=323 encode_us=254 acquire_us=84 submit_us=21669 skipped=0
frust_shell_common::perf: frust-perf raw n=585 total_us=22573 rebuild_us=122 layout_us=207 paint_us=331 encode_us=257 acquire_us=83 submit_us=21571 skipped=0
frust_shell_common::perf: frust-perf raw n=586 total_us=22802 rebuild_us=119 layout_us=197 paint_us=405 encode_us=254 acquire_us=80 submit_us=21745 skipped=0
frust_shell_common::perf: frust-perf raw n=587 total_us=22546 rebuild_us=114 layout_us=202 paint_us=330 encode_us=250 acquire_us=80 submit_us=21569 skipped=0
frust_shell_common::perf: frust-perf raw n=588 total_us=22858 rebuild_us=114 layout_us=188 paint_us=324 encode_us=260 acquire_us=88 submit_us=21882 skipped=0
frust_shell_common::perf: frust-perf raw n=589 total_us=22534 rebuild_us=119 layout_us=197 paint_us=378 encode_us=307 acquire_us=80 submit_us=21451 skipped=0
frust_shell_common::perf: frust-perf raw n=590 total_us=22559 rebuild_us=118 layout_us=190 paint_us=330 encode_us=254 acquire_us=82 submit_us=21582 skipped=0
frust_shell_common::perf: frust-perf raw n=591 total_us=22756 rebuild_us=109 layout_us=187 paint_us=317 encode_us=254 acquire_us=80 submit_us=21807 skipped=0
frust_shell_android::app::frame: frust-perf platform-view tail depth=0 target=0 acquire_bound=false frame=1440 expected_present_us=0 acquire_us=81 period_us=11134
frust_shell_common::perf: frust-perf raw n=592 total_us=22465 rebuild_us=139 layout_us=282 paint_us=332 encode_us=258 acquire_us=85 submit_us=21366 skipped=0
frust_shell_common::perf: frust-perf raw n=593 total_us=23159 rebuild_us=117 layout_us=188 paint_us=315 encode_us=258 acquire_us=80 submit_us=22198 skipped=0
frust_shell_common::perf: frust-perf raw n=594 total_us=21918 rebuild_us=111 layout_us=179 paint_us=317 encode_us=265 acquire_us=82 submit_us=20961 skipped=0
frust_shell_common::perf: frust-perf raw n=595 total_us=23324 rebuild_us=118 layout_us=246 paint_us=319 encode_us=261 acquire_us=81 submit_us=22297 skipped=0
frust_shell_common::perf: frust-perf raw n=596 total_us=22409 rebuild_us=109 layout_us=185 paint_us=331 encode_us=255 acquire_us=84 submit_us=21442 skipped=0
frust_shell_common::perf: frust-perf raw n=597 total_us=22970 rebuild_us=107 layout_us=188 paint_us=325 encode_us=291 acquire_us=84 submit_us=21973 skipped=0
frust_shell_common::perf: frust-perf raw n=598 total_us=22364 rebuild_us=111 layout_us=186 paint_us=326 encode_us=251 acquire_us=79 submit_us=21408 skipped=0
frust_shell_common::perf: frust-perf raw n=599 total_us=23329 rebuild_us=128 layout_us=214 paint_us=344 encode_us=217 acquire_us=78 submit_us=22345 skipped=0
frust_shell_common::perf: frust-perf raw n=600 total_us=22827 rebuild_us=114 layout_us=187 paint_us=323 encode_us=250 acquire_us=80 submit_us=21870 skipped=0
frust_shell_common::perf: frust-perf raw n=601 total_us=22094 rebuild_us=124 layout_us=196 paint_us=330 encode_us=256 acquire_us=83 submit_us=21103 skipped=0
frust_shell_common::perf: frust-perf raw n=602 total_us=22786 rebuild_us=114 layout_us=183 paint_us=327 encode_us=225 acquire_us=70 submit_us=21864 skipped=0
frust_shell_common::perf: frust-perf raw n=603 total_us=22465 rebuild_us=124 layout_us=193 paint_us=325 encode_us=224 acquire_us=73 submit_us=21524 skipped=0
frust_shell_common::perf: frust-perf raw n=604 total_us=22692 rebuild_us=120 layout_us=197 paint_us=325 encode_us=233 acquire_us=73 submit_us=21741 skipped=0
frust_shell_common::perf: frust-perf raw n=605 total_us=23191 rebuild_us=114 layout_us=195 paint_us=397 encode_us=231 acquire_us=79 submit_us=22171 skipped=0
frust_shell_common::perf: frust-perf raw n=606 total_us=22925 rebuild_us=128 layout_us=229 paint_us=331 encode_us=255 acquire_us=82 submit_us=21898 skipped=0
frust_shell_common::perf: frust-perf raw n=607 total_us=22341 rebuild_us=112 layout_us=193 paint_us=330 encode_us=214 acquire_us=69 submit_us=21421 skipped=0
frust_shell_common::perf: frust-perf raw n=608 total_us=22856 rebuild_us=134 layout_us=222 paint_us=329 encode_us=247 acquire_us=73 submit_us=21848 skipped=0
frust_shell_common::perf: frust-perf raw n=609 total_us=23232 rebuild_us=133 layout_us=217 paint_us=327 encode_us=248 acquire_us=74 submit_us=22229 skipped=0
frust_shell_common::perf: frust-perf raw n=610 total_us=22476 rebuild_us=136 layout_us=222 paint_us=335 encode_us=226 acquire_us=73 submit_us=21482 skipped=0
frust_shell_common::perf: frust-perf raw n=611 total_us=22534 rebuild_us=118 layout_us=205 paint_us=339 encode_us=229 acquire_us=73 submit_us=21568 skipped=0
frust_shell_common::perf: frust-perf raw n=612 total_us=22831 rebuild_us=111 layout_us=214 paint_us=332 encode_us=244 acquire_us=92 submit_us=21836 skipped=0
frust_shell_common::perf: frust-perf raw n=613 total_us=22612 rebuild_us=103 layout_us=178 paint_us=346 encode_us=222 acquire_us=95 submit_us=21666 skipped=0
frust_shell_common::perf: frust-perf raw n=614 total_us=22603 rebuild_us=112 layout_us=208 paint_us=330 encode_us=220 acquire_us=73 submit_us=21657 skipped=0
frust_shell_common::perf: frust-perf raw n=615 total_us=22768 rebuild_us=122 layout_us=227 paint_us=329 encode_us=253 acquire_us=77 submit_us=21758 skipped=0
frust_shell_common::perf: frust-perf raw n=616 total_us=22741 rebuild_us=133 layout_us=196 paint_us=322 encode_us=242 acquire_us=68 submit_us=21777 skipped=0
frust_shell_common::perf: frust-perf raw n=617 total_us=23779 rebuild_us=112 layout_us=194 paint_us=330 encode_us=233 acquire_us=82 submit_us=22825 skipped=0
frust_shell_common::perf: frust-perf raw n=618 total_us=21525 rebuild_us=95 layout_us=169 paint_us=310 encode_us=280 acquire_us=80 submit_us=20588 skipped=0
frust_shell_common::perf: frust-perf frame n=120 total_p50_ms=22 total_p95_ms=23 total_p99_ms=23 rebuild_p95_ms=0 layout_p95_ms=0 paint_p95_ms=0 encode_p95_ms=0 acquire_p95_ms=0 submit_p95_ms=22 over_60hz=618 over_120hz=618 skipped=0 total_frames=618
frust_shell_common::perf: frust-perf raw n=619 total_us=22427 rebuild_us=114 layout_us=192 paint_us=333 encode_us=270 acquire_us=100 submit_us=21416 skipped=0
frust_shell_common::perf: frust-perf raw n=620 total_us=22492 rebuild_us=101 layout_us=211 paint_us=374 encode_us=270 acquire_us=130 submit_us=21403 skipped=0
frust_shell_common::perf: frust-perf raw n=621 total_us=22520 rebuild_us=114 layout_us=198 paint_us=378 encode_us=262 acquire_us=99 submit_us=21468 skipped=0
frust_shell_common::perf: frust-perf raw n=622 total_us=22318 rebuild_us=112 layout_us=202 paint_us=316 encode_us=256 acquire_us=85 submit_us=21345 skipped=0
frust_shell_common::perf: frust-perf raw n=623 total_us=22967 rebuild_us=114 layout_us=200 paint_us=359 encode_us=256 acquire_us=77 submit_us=21959 skipped=0
frust_shell_common::perf: frust-perf raw n=624 total_us=22649 rebuild_us=118 layout_us=202 paint_us=336 encode_us=260 acquire_us=80 submit_us=21651 skipped=0
frust_shell_common::perf: frust-perf raw n=625 total_us=22516 rebuild_us=120 layout_us=221 paint_us=330 encode_us=255 acquire_us=123 submit_us=21462 skipped=0
frust_shell_common::perf: frust-perf raw n=626 total_us=22512 rebuild_us=118 layout_us=183 paint_us=398 encode_us=252 acquire_us=82 submit_us=21477 skipped=0
frust_shell_common::perf: frust-perf raw n=627 total_us=22525 rebuild_us=108 layout_us=176 paint_us=318 encode_us=253 acquire_us=83 submit_us=21585 skipped=0
frust_shell_common::perf: frust-perf raw n=628 total_us=23078 rebuild_us=103 layout_us=183 paint_us=310 encode_us=265 acquire_us=89 submit_us=22126 skipped=0
frust_shell_common::perf: frust-perf raw n=629 total_us=22333 rebuild_us=111 layout_us=194 paint_us=367 encode_us=268 acquire_us=90 submit_us=21301 skipped=0
frust_shell_common::perf: frust-perf raw n=630 total_us=22138 rebuild_us=120 layout_us=186 paint_us=320 encode_us=302 acquire_us=86 submit_us=21123 skipped=0
frust_shell_common::perf: frust-perf raw n=631 total_us=22717 rebuild_us=112 layout_us=193 paint_us=316 encode_us=261 acquire_us=84 submit_us=21747 skipped=0
frust_shell_common::perf: frust-perf raw n=632 total_us=22568 rebuild_us=116 layout_us=265 paint_us=340 encode_us=267 acquire_us=89 submit_us=21488 skipped=0
frust_shell_common::perf: frust-perf raw n=633 total_us=22910 rebuild_us=111 layout_us=192 paint_us=327 encode_us=265 acquire_us=86 submit_us=21927 skipped=0
frust_shell_common::perf: frust-perf raw n=634 total_us=22297 rebuild_us=124 layout_us=185 paint_us=332 encode_us=261 acquire_us=87 submit_us=21305 skipped=0
frust_shell_common::perf: frust-perf raw n=635 total_us=22402 rebuild_us=187 layout_us=204 paint_us=345 encode_us=260 acquire_us=120 submit_us=21284 skipped=0
frust_shell_common::perf: frust-perf raw n=636 total_us=22814 rebuild_us=128 layout_us=211 paint_us=338 encode_us=254 acquire_us=81 submit_us=21799 skipped=0
frust_shell_common::perf: frust-perf raw n=637 total_us=22299 rebuild_us=117 layout_us=193 paint_us=325 encode_us=254 acquire_us=79 submit_us=21328 skipped=0
frust_shell_common::perf: frust-perf raw n=638 total_us=23510 rebuild_us=127 layout_us=207 paint_us=332 encode_us=269 acquire_us=82 submit_us=22491 skipped=0
frust_shell_common::perf: frust-perf raw n=639 total_us=22404 rebuild_us=123 layout_us=205 paint_us=332 encode_us=266 acquire_us=86 submit_us=21388 skipped=0
frust_shell_common::perf: frust-perf raw n=640 total_us=23016 rebuild_us=126 layout_us=210 paint_us=327 encode_us=253 acquire_us=81 submit_us=22017 skipped=0
frust_shell_common::perf: frust-perf raw n=641 total_us=22635 rebuild_us=115 layout_us=185 paint_us=322 encode_us=251 acquire_us=82 submit_us=21677 skipped=0
frust_shell_common::perf: frust-perf raw n=642 total_us=22995 rebuild_us=111 layout_us=192 paint_us=326 encode_us=261 acquire_us=80 submit_us=22022 skipped=0
frust_shell_common::perf: frust-perf raw n=643 total_us=22581 rebuild_us=131 layout_us=213 paint_us=332 encode_us=254 acquire_us=85 submit_us=21564 skipped=0
frust_shell_common::perf: frust-perf raw n=644 total_us=22854 rebuild_us=113 layout_us=191 paint_us=337 encode_us=257 acquire_us=79 submit_us=21874 skipped=0
frust_shell_common::perf: frust-perf raw n=645 total_us=22549 rebuild_us=120 layout_us=194 paint_us=327 encode_us=261 acquire_us=81 submit_us=21563 skipped=0
frust_shell_common::perf: frust-perf raw n=646 total_us=22767 rebuild_us=89 layout_us=169 paint_us=313 encode_us=271 acquire_us=89 submit_us=21834 skipped=0
frust_shell_common::perf: frust-perf raw n=647 total_us=22650 rebuild_us=111 layout_us=201 paint_us=332 encode_us=259 acquire_us=87 submit_us=21658 skipped=0
frust_shell_common::perf: frust-perf raw n=648 total_us=22709 rebuild_us=109 layout_us=178 paint_us=400 encode_us=255 acquire_us=88 submit_us=21677 skipped=0
frust_shell_common::perf: frust-perf raw n=649 total_us=22305 rebuild_us=103 layout_us=186 paint_us=331 encode_us=298 acquire_us=88 submit_us=21297 skipped=0
frust_shell_common::perf: frust-perf raw n=650 total_us=22798 rebuild_us=131 layout_us=222 paint_us=345 encode_us=263 acquire_us=100 submit_us=21735 skipped=0
frust_shell_common::perf: frust-perf raw n=651 total_us=22678 rebuild_us=122 layout_us=199 paint_us=340 encode_us=260 acquire_us=87 submit_us=21666 skipped=0
frust_shell_common::perf: frust-perf raw n=652 total_us=22560 rebuild_us=121 layout_us=209 paint_us=347 encode_us=260 acquire_us=97 submit_us=21525 skipped=0
frust_shell_android::app::frame: frust-perf platform-view tail depth=0 target=0 acquire_bound=false frame=1560 expected_present_us=0 acquire_us=90 period_us=11143
frust_shell_common::perf: frust-perf raw n=653 total_us=22826 rebuild_us=113 layout_us=197 paint_us=331 encode_us=260 acquire_us=96 submit_us=21827 skipped=0
frust_shell_common::perf: frust-perf raw n=654 total_us=22818 rebuild_us=189 layout_us=212 paint_us=341 encode_us=267 acquire_us=162 submit_us=21643 skipped=0
frust_shell_common::perf: frust-perf raw n=655 total_us=22800 rebuild_us=123 layout_us=208 paint_us=331 encode_us=258 acquire_us=85 submit_us=21792 skipped=0
frust_shell_common::perf: frust-perf raw n=656 total_us=22821 rebuild_us=136 layout_us=218 paint_us=340 encode_us=266 acquire_us=90 submit_us=21769 skipped=0
frust_shell_common::perf: frust-perf raw n=657 total_us=22787 rebuild_us=121 layout_us=218 paint_us=331 encode_us=268 acquire_us=92 submit_us=21754 skipped=0
frust_shell_common::perf: frust-perf raw n=658 total_us=22582 rebuild_us=119 layout_us=206 paint_us=334 encode_us=262 acquire_us=87 submit_us=21571 skipped=0
frust_shell_common::perf: frust-perf raw n=659 total_us=22021 rebuild_us=116 layout_us=195 paint_us=326 encode_us=260 acquire_us=98 submit_us=21021 skipped=0
frust_shell_common::perf: frust-perf raw n=660 total_us=23280 rebuild_us=108 layout_us=187 paint_us=330 encode_us=257 acquire_us=109 submit_us=22286 skipped=0
frust_shell_common::perf: frust-perf raw n=661 total_us=22233 rebuild_us=117 layout_us=189 paint_us=408 encode_us=259 acquire_us=97 submit_us=21160 skipped=0
frust_shell_common::perf: frust-perf raw n=662 total_us=23309 rebuild_us=117 layout_us=196 paint_us=339 encode_us=272 acquire_us=113 submit_us=22270 skipped=0
frust_shell_common::perf: frust-perf raw n=663 total_us=22115 rebuild_us=111 layout_us=196 paint_us=339 encode_us=260 acquire_us=87 submit_us=21120 skipped=0
frust_shell_common::perf: frust-perf raw n=664 total_us=23606 rebuild_us=113 layout_us=195 paint_us=383 encode_us=233 acquire_us=76 submit_us=22604 skipped=0
frust_shell_common::perf: frust-perf raw n=665 total_us=22765 rebuild_us=113 layout_us=208 paint_us=342 encode_us=279 acquire_us=91 submit_us=21731 skipped=0
frust_shell_common::perf: frust-perf raw n=666 total_us=22201 rebuild_us=118 layout_us=196 paint_us=357 encode_us=264 acquire_us=145 submit_us=21119 skipped=0
frust_shell_common::perf: frust-perf raw n=667 total_us=22688 rebuild_us=111 layout_us=189 paint_us=374 encode_us=255 acquire_us=85 submit_us=21671 skipped=0
frust_shell_common::perf: frust-perf raw n=668 total_us=23050 rebuild_us=110 layout_us=204 paint_us=335 encode_us=233 acquire_us=75 submit_us=22090 skipped=0
frust_shell_common::perf: frust-perf raw n=669 total_us=23016 rebuild_us=118 layout_us=193 paint_us=339 encode_us=228 acquire_us=78 submit_us=22059 skipped=0
frust_shell_common::perf: frust-perf raw n=670 total_us=22687 rebuild_us=173 layout_us=209 paint_us=336 encode_us=240 acquire_us=75 submit_us=21652 skipped=0
frust_shell_common::perf: frust-perf raw n=671 total_us=22036 rebuild_us=121 layout_us=193 paint_us=338 encode_us=223 acquire_us=75 submit_us=21084 skipped=0
frust_shell_common::perf: frust-perf raw n=672 total_us=22627 rebuild_us=112 layout_us=205 paint_us=339 encode_us=252 acquire_us=75 submit_us=21641 skipped=0
frust_shell_common::perf: frust-perf raw n=673 total_us=22252 rebuild_us=126 layout_us=236 paint_us=341 encode_us=254 acquire_us=92 submit_us=21201 skipped=0
frust_shell_common::perf: frust-perf raw n=674 total_us=22123 rebuild_us=123 layout_us=238 paint_us=346 encode_us=261 acquire_us=77 submit_us=21074 skipped=0
frust_shell_common::perf: frust-perf raw n=675 total_us=21839 rebuild_us=128 layout_us=238 paint_us=343 encode_us=275 acquire_us=86 submit_us=20766 skipped=0
frust_shell_common::perf: frust-perf raw n=676 total_us=22369 rebuild_us=112 layout_us=212 paint_us=344 encode_us=279 acquire_us=81 submit_us=21337 skipped=0
frust_shell_common::perf: frust-perf raw n=677 total_us=21353 rebuild_us=130 layout_us=241 paint_us=355 encode_us=277 acquire_us=88 submit_us=20259 skipped=0
frust_shell_common::perf: frust-perf raw n=678 total_us=21857 rebuild_us=123 layout_us=216 paint_us=336 encode_us=269 acquire_us=84 submit_us=20826 skipped=0
frust_shell_common::perf: frust-perf raw n=679 total_us=21463 rebuild_us=125 layout_us=218 paint_us=418 encode_us=276 acquire_us=84 submit_us=20339 skipped=0
frust_shell_common::perf: frust-perf raw n=680 total_us=21799 rebuild_us=106 layout_us=198 paint_us=336 encode_us=275 acquire_us=88 submit_us=20793 skipped=0
frust_shell_common::perf: frust-perf raw n=681 total_us=21061 rebuild_us=120 layout_us=205 paint_us=343 encode_us=279 acquire_us=92 submit_us=20018 skipped=0
frust_shell_common::perf: frust-perf raw n=682 total_us=21359 rebuild_us=107 layout_us=197 paint_us=338 encode_us=269 acquire_us=83 submit_us=20362 skipped=0
frust_shell_common::perf: frust-perf raw n=683 total_us=21975 rebuild_us=118 layout_us=230 paint_us=344 encode_us=247 acquire_us=125 submit_us=20910 skipped=0
frust_shell_common::perf: frust-perf raw n=684 total_us=21725 rebuild_us=135 layout_us=235 paint_us=429 encode_us=314 acquire_us=109 submit_us=20500 skipped=0
frust_shell_common::perf: frust-perf raw n=685 total_us=21721 rebuild_us=121 layout_us=224 paint_us=346 encode_us=282 acquire_us=85 submit_us=20661 skipped=0
frust_shell_common::perf: frust-perf raw n=686 total_us=21443 rebuild_us=121 layout_us=215 paint_us=349 encode_us=269 acquire_us=82 submit_us=20404 skipped=0
frust_shell_common::perf: frust-perf raw n=687 total_us=21551 rebuild_us=122 layout_us=211 paint_us=387 encode_us=323 acquire_us=85 submit_us=20420 skipped=0
frust_shell_common::perf: frust-perf raw n=688 total_us=21994 rebuild_us=103 layout_us=188 paint_us=336 encode_us=279 acquire_us=94 submit_us=20991 skipped=0
frust_shell_common::perf: frust-perf raw n=689 total_us=21325 rebuild_us=121 layout_us=200 paint_us=346 encode_us=269 acquire_us=87 submit_us=20299 skipped=0
frust_shell_common::perf: frust-perf raw n=690 total_us=22293 rebuild_us=134 layout_us=289 paint_us=341 encode_us=268 acquire_us=95 submit_us=21165 skipped=0
frust_shell_common::perf: frust-perf raw n=691 total_us=21249 rebuild_us=107 layout_us=203 paint_us=341 encode_us=265 acquire_us=84 submit_us=20247 skipped=0
frust_shell_common::perf: frust-perf raw n=692 total_us=21994 rebuild_us=129 layout_us=218 paint_us=355 encode_us=234 acquire_us=84 submit_us=20971 skipped=0
frust_shell_common::perf: frust-perf raw n=693 total_us=22553 rebuild_us=130 layout_us=240 paint_us=344 encode_us=255 acquire_us=98 submit_us=21484 skipped=0
frust_shell_common::perf: frust-perf raw n=694 total_us=22624 rebuild_us=131 layout_us=220 paint_us=349 encode_us=237 acquire_us=82 submit_us=21601 skipped=0
frust_shell_common::perf: frust-perf raw n=695 total_us=21953 rebuild_us=135 layout_us=225 paint_us=342 encode_us=287 acquire_us=82 submit_us=20880 skipped=0
frust_shell_common::perf: frust-perf raw n=696 total_us=22721 rebuild_us=178 layout_us=231 paint_us=345 encode_us=275 acquire_us=105 submit_us=21584 skipped=0
frust_shell_common::perf: frust-perf raw n=697 total_us=22712 rebuild_us=122 layout_us=215 paint_us=341 encode_us=275 acquire_us=94 submit_us=21663 skipped=0
frust_shell_common::perf: frust-perf raw n=698 total_us=23138 rebuild_us=199 layout_us=200 paint_us=336 encode_us=275 acquire_us=86 submit_us=22039 skipped=0
frust_shell_common::perf: frust-perf raw n=699 total_us=22577 rebuild_us=115 layout_us=193 paint_us=333 encode_us=267 acquire_us=109 submit_us=21557 skipped=0
frust_shell_common::perf: frust-perf raw n=700 total_us=22933 rebuild_us=122 layout_us=198 paint_us=333 encode_us=273 acquire_us=114 submit_us=21890 skipped=0
frust_shell_common::perf: frust-perf raw n=701 total_us=22978 rebuild_us=108 layout_us=220 paint_us=332 encode_us=314 acquire_us=99 submit_us=21903 skipped=0
frust_shell_common::perf: frust-perf raw n=702 total_us=22287 rebuild_us=122 layout_us=211 paint_us=344 encode_us=269 acquire_us=90 submit_us=21250 skipped=0
frust_shell_common::perf: frust-perf raw n=703 total_us=23024 rebuild_us=129 layout_us=197 paint_us=334 encode_us=278 acquire_us=113 submit_us=21970 skipped=0
frust_shell_common::perf: frust-perf raw n=704 total_us=22443 rebuild_us=112 layout_us=287 paint_us=325 encode_us=261 acquire_us=103 submit_us=21352 skipped=0
frust_shell_common::perf: frust-perf raw n=705 total_us=22534 rebuild_us=118 layout_us=196 paint_us=335 encode_us=264 acquire_us=114 submit_us=21505 skipped=0
frust_shell_common::perf: frust-perf raw n=706 total_us=22590 rebuild_us=116 layout_us=198 paint_us=323 encode_us=265 acquire_us=84 submit_us=21601 skipped=0
frust_shell_common::perf: frust-perf raw n=707 total_us=22631 rebuild_us=126 layout_us=207 paint_us=331 encode_us=268 acquire_us=88 submit_us=21609 skipped=0
frust_shell_common::perf: frust-perf raw n=708 total_us=22654 rebuild_us=129 layout_us=208 paint_us=403 encode_us=264 acquire_us=91 submit_us=21556 skipped=0
frust_shell_common::perf: frust-perf frame n=120 total_p50_ms=22 total_p95_ms=23 total_p99_ms=23 rebuild_p95_ms=0 layout_p95_ms=0 paint_p95_ms=0 encode_p95_ms=0 acquire_p95_ms=0 submit_p95_ms=22 over_60hz=708 over_120hz=708 skipped=0 total_frames=708
frust_shell_common::perf: frust-perf raw n=709 total_us=22368 rebuild_us=114 layout_us=201 paint_us=330 encode_us=260 acquire_us=81 submit_us=21379 skipped=0
frust_shell_common::perf: frust-perf raw n=710 total_us=22701 rebuild_us=123 layout_us=201 paint_us=330 encode_us=261 acquire_us=81 submit_us=21703 skipped=0
frust_shell_common::perf: frust-perf raw n=711 total_us=22507 rebuild_us=120 layout_us=219 paint_us=427 encode_us=270 acquire_us=90 submit_us=21378 skipped=0
frust_shell_common::perf: frust-perf raw n=712 total_us=23045 rebuild_us=126 layout_us=220 paint_us=321 encode_us=263 acquire_us=85 submit_us=22028 skipped=0
frust_shell_common::perf: frust-perf raw n=713 total_us=22707 rebuild_us=118 layout_us=206 paint_us=356 encode_us=256 acquire_us=86 submit_us=21684 skipped=0
frust_shell_android::app::frame: frust-perf platform-view tail depth=0 target=0 acquire_bound=false frame=1680 expected_present_us=0 acquire_us=88 period_us=11134
frust_shell_common::perf: frust-perf raw n=714 total_us=22502 rebuild_us=127 layout_us=245 paint_us=322 encode_us=305 acquire_us=94 submit_us=21406 skipped=0
frust_shell_common::perf: frust-perf raw n=715 total_us=22202 rebuild_us=125 layout_us=198 paint_us=322 encode_us=260 acquire_us=110 submit_us=21184 skipped=0
frust_shell_common::perf: frust-perf raw n=716 total_us=23176 rebuild_us=115 layout_us=197 paint_us=324 encode_us=257 acquire_us=95 submit_us=22186 skipped=0
frust_shell_common::perf: frust-perf raw n=717 total_us=23093 rebuild_us=176 layout_us=204 paint_us=333 encode_us=263 acquire_us=86 submit_us=22029 skipped=0
frust_shell_common::perf: frust-perf raw n=718 total_us=22163 rebuild_us=125 layout_us=215 paint_us=325 encode_us=267 acquire_us=93 submit_us=21135 skipped=0
frust_shell_common::perf: frust-perf raw n=719 total_us=22367 rebuild_us=122 layout_us=197 paint_us=330 encode_us=253 acquire_us=87 submit_us=21375 skipped=0
frust_shell_common::perf: frust-perf raw n=720 total_us=22849 rebuild_us=118 layout_us=205 paint_us=332 encode_us=255 acquire_us=86 submit_us=21852 skipped=0
frust_shell_common::perf: frust-perf raw n=721 total_us=22876 rebuild_us=119 layout_us=191 paint_us=324 encode_us=258 acquire_us=87 submit_us=21893 skipped=0
frust_shell_common::perf: frust-perf raw n=722 total_us=22425 rebuild_us=122 layout_us=198 paint_us=328 encode_us=333 acquire_us=100 submit_us=21342 skipped=0
frust_shell_common::perf: frust-perf raw n=723 total_us=22474 rebuild_us=106 layout_us=178 paint_us=319 encode_us=254 acquire_us=85 submit_us=21529 skipped=0
frust_shell_common::perf: frust-perf raw n=724 total_us=22737 rebuild_us=102 layout_us=171 paint_us=383 encode_us=256 acquire_us=100 submit_us=21723 skipped=0
frust_shell_common::perf: frust-perf raw n=725 total_us=22789 rebuild_us=106 layout_us=180 paint_us=321 encode_us=254 acquire_us=99 submit_us=21827 skipped=0
frust_shell_common::perf: frust-perf raw n=726 total_us=22789 rebuild_us=127 layout_us=191 paint_us=330 encode_us=256 acquire_us=98 submit_us=21785 skipped=0
frust_shell_common::perf: frust-perf raw n=727 total_us=22704 rebuild_us=102 layout_us=174 paint_us=367 encode_us=261 acquire_us=100 submit_us=21697 skipped=0
frust_shell_common::perf: frust-perf raw n=728 total_us=22571 rebuild_us=103 layout_us=174 paint_us=318 encode_us=257 acquire_us=83 submit_us=21634 skipped=0
frust_shell_common::perf: frust-perf raw n=729 total_us=22372 rebuild_us=134 layout_us=219 paint_us=339 encode_us=259 acquire_us=91 submit_us=21328 skipped=0
frust_shell_common::perf: frust-perf raw n=730 total_us=22986 rebuild_us=108 layout_us=175 paint_us=318 encode_us=251 acquire_us=123 submit_us=22008 skipped=0
frust_shell_common::perf: frust-perf raw n=731 total_us=22511 rebuild_us=123 layout_us=201 paint_us=333 encode_us=257 acquire_us=101 submit_us=21495 skipped=0
frust_shell_common::perf: frust-perf raw n=732 total_us=22631 rebuild_us=101 layout_us=177 paint_us=317 encode_us=249 acquire_us=110 submit_us=21674 skipped=0
frust_shell_common::perf: frust-perf raw n=733 total_us=22772 rebuild_us=193 layout_us=205 paint_us=327 encode_us=258 acquire_us=90 submit_us=21696 skipped=0
frust_shell_common::perf: frust-perf raw n=734 total_us=22323 rebuild_us=116 layout_us=192 paint_us=325 encode_us=259 acquire_us=82 submit_us=21347 skipped=0
frust_shell_common::perf: frust-perf raw n=735 total_us=22475 rebuild_us=110 layout_us=179 paint_us=320 encode_us=258 acquire_us=84 submit_us=21523 skipped=0
frust_shell_common::perf: frust-perf raw n=736 total_us=23250 rebuild_us=100 layout_us=215 paint_us=327 encode_us=262 acquire_us=82 submit_us=22260 skipped=0
frust_shell_common::perf: frust-perf raw n=737 total_us=22250 rebuild_us=106 layout_us=187 paint_us=371 encode_us=264 acquire_us=91 submit_us=21229 skipped=0
frust_shell_common::perf: frust-perf raw n=738 total_us=22493 rebuild_us=105 layout_us=186 paint_us=327 encode_us=305 acquire_us=86 submit_us=21481 skipped=0
frust_shell_common::perf: frust-perf raw n=739 total_us=22884 rebuild_us=115 layout_us=199 paint_us=328 encode_us=229 acquire_us=75 submit_us=21935 skipped=0
frust_shell_common::perf: frust-perf raw n=740 total_us=22855 rebuild_us=121 layout_us=202 paint_us=350 encode_us=234 acquire_us=77 submit_us=21868 skipped=0
frust_shell_common::perf: frust-perf raw n=741 total_us=22931 rebuild_us=122 layout_us=205 paint_us=343 encode_us=231 acquire_us=75 submit_us=21952 skipped=0
frust_shell_common::perf: frust-perf raw n=742 total_us=22435 rebuild_us=118 layout_us=191 paint_us=323 encode_us=218 acquire_us=72 submit_us=21511 skipped=0
frust_shell_common::perf: frust-perf raw n=743 total_us=22727 rebuild_us=116 layout_us=192 paint_us=324 encode_us=258 acquire_us=83 submit_us=21751 skipped=0
frust_shell_common::perf: frust-perf raw n=744 total_us=23137 rebuild_us=112 layout_us=194 paint_us=335 encode_us=213 acquire_us=76 submit_us=22205 skipped=0
frust_shell_common::perf: frust-perf raw n=745 total_us=22294 rebuild_us=117 layout_us=200 paint_us=334 encode_us=219 acquire_us=88 submit_us=21334 skipped=0
frust_shell_common::perf: frust-perf raw n=746 total_us=23039 rebuild_us=127 layout_us=236 paint_us=327 encode_us=252 acquire_us=95 submit_us=22000 skipped=0
frust_shell_common::perf: frust-perf raw n=747 total_us=22378 rebuild_us=118 layout_us=191 paint_us=330 encode_us=214 acquire_us=92 submit_us=21431 skipped=0
frust_shell_common::perf: frust-perf raw n=748 total_us=23051 rebuild_us=110 layout_us=294 paint_us=348 encode_us=262 acquire_us=111 submit_us=21923 skipped=0
frust_shell_common::perf: frust-perf raw n=749 total_us=22710 rebuild_us=126 layout_us=211 paint_us=392 encode_us=236 acquire_us=118 submit_us=21625 skipped=0
frust_shell_common::perf: frust-perf raw n=750 total_us=22635 rebuild_us=114 layout_us=206 paint_us=335 encode_us=253 acquire_us=91 submit_us=21633 skipped=0
frust_shell_common::perf: frust-perf raw n=751 total_us=22601 rebuild_us=115 layout_us=257 paint_us=338 encode_us=257 acquire_us=77 submit_us=21554 skipped=0
frust_shell_common::perf: frust-perf raw n=752 total_us=22883 rebuild_us=140 layout_us=207 paint_us=330 encode_us=301 acquire_us=83 submit_us=21819 skipped=0
frust_shell_common::perf: frust-perf raw n=753 total_us=22565 rebuild_us=125 layout_us=202 paint_us=337 encode_us=222 acquire_us=83 submit_us=21592 skipped=0
frust_shell_common::perf: frust-perf raw n=754 total_us=22844 rebuild_us=136 layout_us=246 paint_us=339 encode_us=251 acquire_us=95 submit_us=21773 skipped=0
frust_shell_common::perf: frust-perf raw n=755 total_us=22698 rebuild_us=119 layout_us=205 paint_us=332 encode_us=224 acquire_us=73 submit_us=21743 skipped=0
frust_shell_common::perf: frust-perf raw n=756 total_us=22743 rebuild_us=124 layout_us=205 paint_us=341 encode_us=281 acquire_us=88 submit_us=21701 skipped=0
frust_shell_common::perf: frust-perf raw n=757 total_us=22486 rebuild_us=116 layout_us=199 paint_us=330 encode_us=282 acquire_us=89 submit_us=21467 skipped=0
frust_shell_common::perf: frust-perf raw n=758 total_us=22780 rebuild_us=111 layout_us=198 paint_us=323 encode_us=270 acquire_us=90 submit_us=21785 skipped=0
frust_shell_common::perf: frust-perf raw n=759 total_us=22482 rebuild_us=105 layout_us=192 paint_us=327 encode_us=273 acquire_us=101 submit_us=21481 skipped=0
frust_shell_common::perf: frust-perf raw n=760 total_us=22798 rebuild_us=122 layout_us=188 paint_us=342 encode_us=272 acquire_us=95 submit_us=21777 skipped=0
frust_shell_common::perf: frust-perf raw n=761 total_us=22287 rebuild_us=109 layout_us=189 paint_us=316 encode_us=266 acquire_us=109 submit_us=21295 skipped=0
