2026-09-06 23:48:56.058 Runner[24777:1680710] frust-perf vc-load
[frust INFO] frust-perf render-path engine-direct (frust-engine into the acquired swapchain view (RENDER_ATTACHMENT, surface-reported format, surface-owned depth))
[frust INFO] frust-perf atlas tier=mobile budget=1024x1024x4 downlevel=Full transient_saves_memory=true adapter=Apple A13 GPU
[frust INFO] frust-perf startup init_entry=0ms font_preinit_started=0ms adapter_ready=21ms device_ready=21ms renderer_ready=21ms font_preinit_joined=106ms first_rebuild_done=116ms first_encode_done=116ms first_frame_presented=120ms
[frust INFO] bench-scenario-start n=1 s5
[frust INFO] frust-perf raw n=1 total_us=10650 rebuild_us=47 layout_us=5891 paint_us=14 encode_us=1 acquire_us=1099 submit_us=3595 skipped=0 gpu_q=0
[frust INFO] frust-perf raw n=2 total_us=6928 rebuild_us=89 layout_us=11 paint_us=17 encode_us=16 acquire_us=5900 submit_us=892 skipped=0 gpu_q=0
[frust INFO] frust-perf raw n=3 total_us=1947 rebuild_us=22 layout_us=5 paint_us=12 encode_us=4 acquire_us=1005 submit_us=896 skipped=0 gpu_q=0
[frust INFO] frust-perf raw n=4 total_us=716 rebuild_us=37 layout_us=3 paint_us=17 encode_us=3 acquire_us=24 submit_us=629 skipped=0 gpu_q=0
[frust INFO] frust-perf raw n=5 total_us=680 rebuild_us=30 layout_us=3 paint_us=6 encode_us=3 acquire_us=17 submit_us=619 skipped=0 gpu_q=1 gpu_total_us=2472 gpu_prepass_us=84 gpu_main_us=2388 gpu_composite_us=0 gpu_blit_us=0
[frust INFO] frust-perf raw n=6 total_us=757 rebuild_us=35 layout_us=4 paint_us=6 encode_us=4 acquire_us=21 submit_us=684 skipped=0 gpu_q=1 gpu_total_us=2479 gpu_prepass_us=0 gpu_main_us=2479 gpu_composite_us=0 gpu_blit_us=0
[frust INFO] frust-perf raw n=7 total_us=713 rebuild_us=40 layout_us=4 paint_us=7 encode_us=4 acquire_us=22 submit_us=634 skipped=0 gpu_q=1 gpu_total_us=3285 gpu_prepass_us=0 gpu_main_us=3285 gpu_composite_us=0 gpu_blit_us=0
[frust INFO] frust-perf raw n=8 total_us=762 rebuild_us=36 layout_us=4 paint_us=7 encode_us=3 acquire_us=21 submit_us=689 skipped=0 gpu_q=1 gpu_total_us=2505 gpu_prepass_us=0 gpu_main_us=2505 gpu_composite_us=0 gpu_blit_us=0
[frust INFO] frust-perf raw n=9 total_us=624 rebuild_us=30 layout_us=3 paint_us=6 encode_us=3 acquire_us=15 submit_us=566 skipped=0 gpu_q=1 gpu_total_us=2497 gpu_prepass_us=0 gpu_main_us=2497 gpu_composite_us=0 gpu_blit_us=0
[frust INFO] frust-perf raw n=10 total_us=617 rebuild_us=29 layout_us=3 paint_us=5 encode_us=3 acquire_us=17 submit_us=559 skipped=0 gpu_q=1 gpu_total_us=2512 gpu_prepass_us=0 gpu_main_us=2512 gpu_composite_us=0 gpu_blit_us=0
[frust INFO] frust-perf raw n=11 total_us=23318 rebuild_us=49 layout_us=4 paint_us=6 encode_us=4 acquire_us=22269 submit_us=984 skipped=0 gpu_q=1 gpu_total_us=2511 gpu_prepass_us=0 gpu_main_us=2511 gpu_composite_us=0 gpu_blit_us=0
[frust INFO] frust-perf raw n=12 total_us=15022 rebuild_us=83 layout_us=5 paint_us=6 encode_us=3 acquire_us=14199 submit_us=723 skipped=0 gpu_q=1 gpu_total_us=2486 gpu_prepass_us=0 gpu_main_us=2486 gpu_composite_us=0 gpu_blit_us=0
[frust INFO] frust-perf raw n=13 total_us=16728 rebuild_us=74 layout_us=5 paint_us=13 encode_us=3 acquire_us=15847 submit_us=783 skipped=0 gpu_q=1 gpu_total_us=2495 gpu_prepass_us=0 gpu_main_us=2495 gpu_composite_us=0 gpu_blit_us=0
[frust INFO] frust-perf raw n=14 total_us=16907 rebuild_us=74 layout_us=4 paint_us=7 encode_us=3 acquire_us=15957 submit_us=861 skipped=0 gpu_q=1 gpu_total_us=2502 gpu_prepass_us=0 gpu_main_us=2502 gpu_composite_us=0 gpu_blit_us=0
[frust INFO] frust-perf raw n=15 total_us=16600 rebuild_us=71 layout_us=4 paint_us=10 encode_us=2 acquire_us=15786 submit_us=725 skipped=0 gpu_q=1 gpu_total_us=2568 gpu_prepass_us=0 gpu_main_us=2568 gpu_composite_us=0 gpu_blit_us=0
[frust INFO] frust-perf raw n=16 total_us=16679 rebuild_us=52 layout_us=3 paint_us=6 encode_us=2 acquire_us=15861 submit_us=752 skipped=0 gpu_q=1 gpu_total_us=2565 gpu_prepass_us=0 gpu_main_us=2565 gpu_composite_us=0 gpu_blit_us=0
[frust INFO] frust-perf raw n=17 total_us=16784 rebuild_us=98 layout_us=4 paint_us=6 encode_us=2 acquire_us=15924 submit_us=748 skipped=0 gpu_q=1 gpu_total_us=2574 gpu_prepass_us=0 gpu_main_us=2574 gpu_composite_us=0 gpu_blit_us=0
[frust INFO] frust-perf raw n=18 total_us=16681 rebuild_us=83 layout_us=5 paint_us=10 encode_us=3 acquire_us=15833 submit_us=744 skipped=0 gpu_q=1 gpu_total_us=2520 gpu_prepass_us=0 gpu_main_us=2520 gpu_composite_us=0 gpu_blit_us=0
[frust INFO] frust-perf raw n=19 total_us=16694 rebuild_us=68 layout_us=5 paint_us=9 encode_us=2 acquire_us=15885 submit_us=724 skipped=0 gpu_q=1 gpu_total_us=2547 gpu_prepass_us=0 gpu_main_us=2547 gpu_composite_us=0 gpu_blit_us=0
[frust INFO] frust-perf raw n=20 total_us=16540 rebuild_us=61 layout_us=4 paint_us=10 encode_us=2 acquire_us=15896 submit_us=565 skipped=0 gpu_q=1 gpu_total_us=2568 gpu_prepass_us=0 gpu_main_us=2568 gpu_composite_us=0 gpu_blit_us=0
[frust INFO] frust-perf raw n=21 total_us=17113 rebuild_us=47 layout_us=3 paint_us=5 encode_us=1 acquire_us=16190 submit_us=865 skipped=0 gpu_q=1 gpu_total_us=2585 gpu_prepass_us=0 gpu_main_us=2585 gpu_composite_us=0 gpu_blit_us=0
[frust INFO] frust-perf raw n=22 total_us=16616 rebuild_us=53 layout_us=4 paint_us=10 encode_us=3 acquire_us=15737 submit_us=805 skipped=0 gpu_q=1 gpu_total_us=2558 gpu_prepass_us=0 gpu_main_us=2558 gpu_composite_us=0 gpu_blit_us=0
[frust INFO] frust-perf raw n=23 total_us=16977 rebuild_us=71 layout_us=4 paint_us=10 encode_us=2 acquire_us=15856 submit_us=1031 skipped=0 gpu_q=1 gpu_total_us=2518 gpu_prepass_us=0 gpu_main_us=2518 gpu_composite_us=0 gpu_blit_us=0
[frust INFO] frust-perf raw n=24 total_us=16479 rebuild_us=72 layout_us=6 paint_us=11 encode_us=3 acquire_us=15591 submit_us=794 skipped=0 gpu_q=1 gpu_total_us=2524 gpu_prepass_us=0 gpu_main_us=2524 gpu_composite_us=0 gpu_blit_us=0
[frust INFO] frust-perf raw n=25 total_us=16548 rebuild_us=69 layout_us=5 paint_us=8 encode_us=2 acquire_us=15817 submit_us=645 skipped=0 gpu_q=1 gpu_total_us=2587 gpu_prepass_us=0 gpu_main_us=2587 gpu_composite_us=0 gpu_blit_us=0
[frust INFO] frust-perf raw n=26 total_us=16810 rebuild_us=96 layout_us=4 paint_us=8 encode_us=3 acquire_us=16047 submit_us=650 skipped=0 gpu_q=1 gpu_total_us=2588 gpu_prepass_us=0 gpu_main_us=2588 gpu_composite_us=0 gpu_blit_us=0
[frust INFO] frust-perf raw n=27 total_us=16800 rebuild_us=57 layout_us=4 paint_us=8 encode_us=3 acquire_us=15968 submit_us=758 skipped=0 gpu_q=1 gpu_total_us=2591 gpu_prepass_us=0 gpu_main_us=2591 gpu_composite_us=0 gpu_blit_us=0
[frust INFO] frust-perf raw n=28 total_us=16760 rebuild_us=63 layout_us=5 paint_us=10 encode_us=2 acquire_us=15935 submit_us=743 skipped=0 gpu_q=1 gpu_total_us=2556 gpu_prepass_us=0 gpu_main_us=2556 gpu_composite_us=0 gpu_blit_us=0
[frust INFO] frust-perf raw n=29 total_us=16720 rebuild_us=99 layout_us=5 paint_us=8 encode_us=4 acquire_us=15880 submit_us=722 skipped=0 gpu_q=1 gpu_total_us=2560 gpu_prepass_us=0 gpu_main_us=2560 gpu_composite_us=0 gpu_blit_us=0
[frust INFO] frust-perf raw n=30 total_us=16489 rebuild_us=97 layout_us=5 paint_us=9 encode_us=4 acquire_us=15801 submit_us=570 skipped=0 gpu_q=1 gpu_total_us=2557 gpu_prepass_us=0 gpu_main_us=2557 gpu_composite_us=0 gpu_blit_us=0
[frust INFO] frust-perf raw n=31 total_us=16683 rebuild_us=58 layout_us=3 paint_us=6 encode_us=2 acquire_us=16042 submit_us=569 skipped=0 gpu_q=1 gpu_total_us=2575 gpu_prepass_us=0 gpu_main_us=2575 gpu_composite_us=0 gpu_blit_us=0
[frust INFO] frust-perf raw n=32 total_us=17388 rebuild_us=96 layout_us=3 paint_us=5 encode_us=2 acquire_us=16327 submit_us=953 skipped=0 gpu_q=1 gpu_total_us=2570 gpu_prepass_us=0 gpu_main_us=2570 gpu_composite_us=0 gpu_blit_us=0
[frust INFO] frust-perf raw n=33 total_us=16566 rebuild_us=100 layout_us=5 paint_us=8 encode_us=3 acquire_us=15627 submit_us=821 skipped=0 gpu_q=1 gpu_total_us=2518 gpu_prepass_us=0 gpu_main_us=2518 gpu_composite_us=0 gpu_blit_us=0
[frust INFO] frust-perf raw n=34 total_us=16743 rebuild_us=82 layout_us=6 paint_us=9 encode_us=3 acquire_us=15865 submit_us=776 skipped=0 gpu_q=1 gpu_total_us=2505 gpu_prepass_us=0 gpu_main_us=2505 gpu_composite_us=0 gpu_blit_us=0
[frust INFO] frust-perf raw n=35 total_us=17017 rebuild_us=91 layout_us=6 paint_us=10 encode_us=5 acquire_us=15704 submit_us=1200 skipped=0 gpu_q=1 gpu_total_us=2529 gpu_prepass_us=0 gpu_main_us=2529 gpu_composite_us=0 gpu_blit_us=0
[frust INFO] frust-perf raw n=36 total_us=16140 rebuild_us=71 layout_us=4 paint_us=8 encode_us=4 acquire_us=15465 submit_us=588 skipped=0 gpu_q=1 gpu_total_us=2556 gpu_prepass_us=0 gpu_main_us=2556 gpu_composite_us=0 gpu_blit_us=0
[frust INFO] frust-perf raw n=37 total_us=16874 rebuild_us=91 layout_us=4 paint_us=8 encode_us=2 acquire_us=16067 submit_us=700 skipped=0 gpu_q=1 gpu_total_us=2520 gpu_prepass_us=0 gpu_main_us=2520 gpu_composite_us=0 gpu_blit_us=0
[frust INFO] frust-perf raw n=38 total_us=16942 rebuild_us=112 layout_us=3 paint_us=6 encode_us=2 acquire_us=16062 submit_us=754 skipped=0 gpu_q=1 gpu_total_us=2629 gpu_prepass_us=0 gpu_main_us=2629 gpu_composite_us=0 gpu_blit_us=0
[frust INFO] frust-perf raw n=39 total_us=16604 rebuild_us=116 layout_us=5 paint_us=6 encode_us=3 acquire_us=15767 submit_us=705 skipped=0 gpu_q=1 gpu_total_us=2947 gpu_prepass_us=0 gpu_main_us=2947 gpu_composite_us=0 gpu_blit_us=0
[frust INFO] frust-perf raw n=40 total_us=16829 rebuild_us=70 layout_us=4 paint_us=5 encode_us=3 acquire_us=16022 submit_us=723 skipped=0 gpu_q=1 gpu_total_us=2933 gpu_prepass_us=0 gpu_main_us=2933 gpu_composite_us=0 gpu_blit_us=0
[frust INFO] frust-perf raw n=41 total_us=16754 rebuild_us=122 layout_us=4 paint_us=7 encode_us=5 acquire_us=15898 submit_us=716 skipped=0 gpu_q=1 gpu_total_us=3043 gpu_prepass_us=0 gpu_main_us=3043 gpu_composite_us=0 gpu_blit_us=0
[frust INFO] frust-perf raw n=42 total_us=16830 rebuild_us=79 layout_us=4 paint_us=7 encode_us=2 acquire_us=16030 submit_us=706 skipped=0 gpu_q=1 gpu_total_us=2639 gpu_prepass_us=0 gpu_main_us=2639 gpu_composite_us=0 gpu_blit_us=0
[frust INFO] frust-perf raw n=43 total_us=16725 rebuild_us=100 layout_us=3 paint_us=7 encode_us=2 acquire_us=15883 submit_us=726 skipped=0 gpu_q=1 gpu_total_us=2632 gpu_prepass_us=0 gpu_main_us=2632 gpu_composite_us=0 gpu_blit_us=0
[frust INFO] frust-perf raw n=44 total_us=16749 rebuild_us=120 layout_us=4 paint_us=6 encode_us=3 acquire_us=15885 submit_us=728 skipped=0 gpu_q=1 gpu_total_us=2605 gpu_prepass_us=0 gpu_main_us=2605 gpu_composite_us=0 gpu_blit_us=0
[frust INFO] frust-perf raw n=45 total_us=16745 rebuild_us=121 layout_us=3 paint_us=7 encode_us=3 acquire_us=15901 submit_us=708 skipped=0 gpu_q=1 gpu_total_us=2582 gpu_prepass_us=0 gpu_main_us=2582 gpu_composite_us=0 gpu_blit_us=0
[frust INFO] frust-perf raw n=46 total_us=17017 rebuild_us=121 layout_us=3 paint_us=7 encode_us=3 acquire_us=16002 submit_us=880 skipped=0 gpu_q=1 gpu_total_us=2609 gpu_prepass_us=0 gpu_main_us=2609 gpu_composite_us=0 gpu_blit_us=0
[frust INFO] frust-perf raw n=47 total_us=16637 rebuild_us=149 layout_us=3 paint_us=6 encode_us=4 acquire_us=15769 submit_us=704 skipped=0 gpu_q=1 gpu_total_us=2646 gpu_prepass_us=0 gpu_main_us=2646 gpu_composite_us=0 gpu_blit_us=0
[frust INFO] frust-perf raw n=48 total_us=16962 rebuild_us=79 layout_us=4 paint_us=6 encode_us=3 acquire_us=15900 submit_us=966 skipped=0 gpu_q=1 gpu_total_us=2626 gpu_prepass_us=0 gpu_main_us=2626 gpu_composite_us=0 gpu_blit_us=0
[frust INFO] frust-perf raw n=49 total_us=16546 rebuild_us=126 layout_us=4 paint_us=6 encode_us=2 acquire_us=15683 submit_us=723 skipped=0 gpu_q=1 gpu_total_us=2602 gpu_prepass_us=0 gpu_main_us=2602 gpu_composite_us=0 gpu_blit_us=0
[frust INFO] frust-perf raw n=50 total_us=16939 rebuild_us=95 layout_us=3 paint_us=6 encode_us=3 acquire_us=15939 submit_us=889 skipped=0 gpu_q=1 gpu_total_us=2068 gpu_prepass_us=0 gpu_main_us=2068 gpu_composite_us=0 gpu_blit_us=0
[frust INFO] frust-perf raw n=51 total_us=16594 rebuild_us=110 layout_us=3 paint_us=7 encode_us=3 acquire_us=15747 submit_us=720 skipped=0 gpu_q=1 gpu_total_us=2609 gpu_prepass_us=0 gpu_main_us=2609 gpu_composite_us=0 gpu_blit_us=0
[frust INFO] frust-perf raw n=52 total_us=16741 rebuild_us=127 layout_us=3 paint_us=7 encode_us=3 acquire_us=15886 submit_us=712 skipped=0 gpu_q=1 gpu_total_us=2607 gpu_prepass_us=0 gpu_main_us=2607 gpu_composite_us=0 gpu_blit_us=0
[frust INFO] frust-perf raw n=53 total_us=16762 rebuild_us=116 layout_us=4 paint_us=6 encode_us=2 acquire_us=15883 submit_us=750 skipped=0 gpu_q=1 gpu_total_us=2617 gpu_prepass_us=0 gpu_main_us=2617 gpu_composite_us=0 gpu_blit_us=0
[frust INFO] frust-perf raw n=54 total_us=17028 rebuild_us=80 layout_us=4 paint_us=7 encode_us=3 acquire_us=16056 submit_us=876 skipped=0 gpu_q=1 gpu_total_us=2008 gpu_prepass_us=0 gpu_main_us=2008 gpu_composite_us=0 gpu_blit_us=0
[frust INFO] frust-perf raw n=55 total_us=16479 rebuild_us=112 layout_us=4 paint_us=5 encode_us=4 acquire_us=15624 submit_us=727 skipped=0 gpu_q=1 gpu_total_us=2609 gpu_prepass_us=0 gpu_main_us=2609 gpu_composite_us=0 gpu_blit_us=0
[frust INFO] frust-perf raw n=56 total_us=16887 rebuild_us=113 layout_us=5 paint_us=6 encode_us=3 acquire_us=16017 submit_us=740 skipped=0 gpu_q=1 gpu_total_us=2620 gpu_prepass_us=0 gpu_main_us=2620 gpu_composite_us=0 gpu_blit_us=0
[frust INFO] frust-perf raw n=57 total_us=16679 rebuild_us=113 layout_us=5 paint_us=5 encode_us=4 acquire_us=15839 submit_us=710 skipped=0 gpu_q=1 gpu_total_us=2607 gpu_prepass_us=0 gpu_main_us=2607 gpu_composite_us=0 gpu_blit_us=0
[frust INFO] frust-perf raw n=58 total_us=16781 rebuild_us=124 layout_us=4 paint_us=7 encode_us=3 acquire_us=15948 submit_us=694 skipped=0 gpu_q=1 gpu_total_us=2291 gpu_prepass_us=0 gpu_main_us=2291 gpu_composite_us=0 gpu_blit_us=0
[frust INFO] frust-perf raw n=59 total_us=16717 rebuild_us=84 layout_us=5 paint_us=8 encode_us=3 acquire_us=15889 submit_us=726 skipped=0 gpu_q=1 gpu_total_us=2601 gpu_prepass_us=0 gpu_main_us=2601 gpu_composite_us=0 gpu_blit_us=0
[frust INFO] frust-perf enc n=60 w=60 validate_us=0.9 prepare_us=0.9 classify_us=3.0 admit_us=0.1 walk_us=164.5 glyphs_us=31.7 finish_us=0.6 compile_us=170.8 schedule_us=0.7 paints_us=1.8 instances_us=17.2 resize_us=0.9 upload_us=199.4 replay_us=0.1 pipelines_us=4.5 record_us=7.0 total_us=404.3 total_p95_us=479.3 draws=29 strips=2111 alphas=51696 glyph_draws=17 atlas_glyphs=17
[frust INFO] frust-perf raw n=60 total_us=16850 rebuild_us=88 layout_us=4 paint_us=6 encode_us=5 acquire_us=15995 submit_us=750 skipped=0 gpu_q=1 gpu_total_us=2616 gpu_prepass_us=0 gpu_main_us=2616 gpu_composite_us=0 gpu_blit_us=0
[frust INFO] frust-perf raw n=61 total_us=16704 rebuild_us=93 layout_us=3 paint_us=6 encode_us=2 acquire_us=15765 submit_us=831 skipped=0 gpu_q=1 gpu_total_us=2590 gpu_prepass_us=0 gpu_main_us=2590 gpu_composite_us=0 gpu_blit_us=0
[frust INFO] frust-perf raw n=62 total_us=16808 rebuild_us=89 layout_us=3 paint_us=6 encode_us=2 acquire_us=15927 submit_us=778 skipped=0 gpu_q=1 gpu_total_us=2612 gpu_prepass_us=0 gpu_main_us=2612 gpu_composite_us=0 gpu_blit_us=0
[frust INFO] frust-perf raw n=63 total_us=16743 rebuild_us=135 layout_us=4 paint_us=7 encode_us=3 acquire_us=15862 submit_us=729 skipped=0 gpu_q=1 gpu_total_us=2600 gpu_prepass_us=0 gpu_main_us=2600 gpu_composite_us=0 gpu_blit_us=0
[frust INFO] frust-perf raw n=64 total_us=16875 rebuild_us=132 layout_us=4 paint_us=6 encode_us=4 acquire_us=15860 submit_us=865 skipped=0 gpu_q=1 gpu_total_us=2623 gpu_prepass_us=0 gpu_main_us=2623 gpu_composite_us=0 gpu_blit_us=0
[frust INFO] frust-perf raw n=65 total_us=16733 rebuild_us=141 layout_us=3 paint_us=6 encode_us=2 acquire_us=15835 submit_us=744 skipped=0 gpu_q=1 gpu_total_us=2625 gpu_prepass_us=0 gpu_main_us=2625 gpu_composite_us=0 gpu_blit_us=0
[frust INFO] frust-perf raw n=66 total_us=16817 rebuild_us=125 layout_us=5 paint_us=7 encode_us=4 acquire_us=15903 submit_us=772 skipped=0 gpu_q=1 gpu_total_us=2590 gpu_prepass_us=0 gpu_main_us=2590 gpu_composite_us=0 gpu_blit_us=0
[frust INFO] frust-perf raw n=67 total_us=16767 rebuild_us=137 layout_us=4 paint_us=6 encode_us=4 acquire_us=15884 submit_us=731 skipped=0 gpu_q=1 gpu_total_us=2624 gpu_prepass_us=0 gpu_main_us=2624 gpu_composite_us=0 gpu_blit_us=0
[frust INFO] frust-perf raw n=68 total_us=16840 rebuild_us=148 layout_us=5 paint_us=8 encode_us=3 acquire_us=15970 submit_us=703 skipped=0 gpu_q=1 gpu_total_us=2558 gpu_prepass_us=0 gpu_main_us=2558 gpu_composite_us=0 gpu_blit_us=0
[frust INFO] frust-perf raw n=69 total_us=16808 rebuild_us=136 layout_us=4 paint_us=7 encode_us=2 acquire_us=15894 submit_us=763 skipped=0 gpu_q=1 gpu_total_us=2621 gpu_prepass_us=0 gpu_main_us=2621 gpu_composite_us=0 gpu_blit_us=0
[frust INFO] frust-perf raw n=70 total_us=17069 rebuild_us=125 layout_us=4 paint_us=6 encode_us=3 acquire_us=15881 submit_us=1048 skipped=0 gpu_q=1 gpu_total_us=2584 gpu_prepass_us=0 gpu_main_us=2584 gpu_composite_us=0 gpu_blit_us=0
[frust INFO] frust-perf raw n=71 total_us=16555 rebuild_us=136 layout_us=4 paint_us=7 encode_us=2 acquire_us=15644 submit_us=760 skipped=0 gpu_q=1 gpu_total_us=2660 gpu_prepass_us=0 gpu_main_us=2660 gpu_composite_us=0 gpu_blit_us=0
[frust INFO] frust-perf raw n=72 total_us=16809 rebuild_us=143 layout_us=5 paint_us=7 encode_us=4 acquire_us=15831 submit_us=817 skipped=0 gpu_q=1 gpu_total_us=2613 gpu_prepass_us=0 gpu_main_us=2613 gpu_composite_us=0 gpu_blit_us=0
[frust INFO] frust-perf raw n=73 total_us=16829 rebuild_us=150 layout_us=3 paint_us=6 encode_us=3 acquire_us=15926 submit_us=738 skipped=0 gpu_q=1 gpu_total_us=2593 gpu_prepass_us=0 gpu_main_us=2593 gpu_composite_us=0 gpu_blit_us=0
[frust INFO] frust-perf raw n=74 total_us=16700 rebuild_us=130 layout_us=4 paint_us=7 encode_us=3 acquire_us=15819 submit_us=734 skipped=0 gpu_q=1 gpu_total_us=2053 gpu_prepass_us=0 gpu_main_us=2053 gpu_composite_us=0 gpu_blit_us=0
[frust INFO] frust-perf raw n=75 total_us=16725 rebuild_us=147 layout_us=4 paint_us=7 encode_us=3 acquire_us=15846 submit_us=716 skipped=0 gpu_q=1 gpu_total_us=2600 gpu_prepass_us=0 gpu_main_us=2600 gpu_composite_us=0 gpu_blit_us=0
[frust INFO] frust-perf raw n=76 total_us=17060 rebuild_us=140 layout_us=4 paint_us=7 encode_us=2 acquire_us=16061 submit_us=844 skipped=0 gpu_q=1 gpu_total_us=2602 gpu_prepass_us=0 gpu_main_us=2602 gpu_composite_us=0 gpu_blit_us=0
[frust INFO] frust-perf raw n=77 total_us=17340 rebuild_us=107 layout_us=5 paint_us=36 encode_us=2 acquire_us=15844 submit_us=1344 skipped=0 gpu_q=1 gpu_total_us=2602 gpu_prepass_us=0 gpu_main_us=2602 gpu_composite_us=0 gpu_blit_us=0
[frust INFO] frust-perf raw n=78 total_us=16754 rebuild_us=144 layout_us=3 paint_us=11 encode_us=2 acquire_us=15289 submit_us=1302 skipped=0 gpu_q=1 gpu_total_us=2611 gpu_prepass_us=0 gpu_main_us=2611 gpu_composite_us=0 gpu_blit_us=0
[frust INFO] frust-perf raw n=79 total_us=16812 rebuild_us=104 layout_us=6 paint_us=5 encode_us=2 acquire_us=15314 submit_us=1379 skipped=0 gpu_q=1 gpu_total_us=2595 gpu_prepass_us=0 gpu_main_us=2595 gpu_composite_us=0 gpu_blit_us=0
[frust INFO] frust-perf raw n=80 total_us=16838 rebuild_us=141 layout_us=4 paint_us=6 encode_us=2 acquire_us=15231 submit_us=1451 skipped=0 gpu_q=1 gpu_total_us=2006 gpu_prepass_us=0 gpu_main_us=2006 gpu_composite_us=0 gpu_blit_us=0
[frust INFO] frust-perf raw n=81 total_us=17429 rebuild_us=146 layout_us=6 paint_us=9 encode_us=2 acquire_us=15201 submit_us=2063 skipped=0 gpu_q=1 gpu_total_us=4404 gpu_prepass_us=0 gpu_main_us=4404 gpu_composite_us=0 gpu_blit_us=0
[frust INFO] frust-perf raw n=82 total_us=16846 rebuild_us=113 layout_us=5 paint_us=12 encode_us=4 acquire_us=14759 submit_us=1950 skipped=0 gpu_q=1 gpu_total_us=4612 gpu_prepass_us=0 gpu_main_us=4612 gpu_composite_us=0 gpu_blit_us=0
[frust INFO] frust-perf raw n=83 total_us=16751 rebuild_us=147 layout_us=7 paint_us=11 encode_us=3 acquire_us=14612 submit_us=1969 skipped=0 gpu_q=1 gpu_total_us=4542 gpu_prepass_us=0 gpu_main_us=4542 gpu_composite_us=0 gpu_blit_us=0
[frust INFO] frust-perf raw n=84 total_us=16865 rebuild_us=120 layout_us=6 paint_us=8 encode_us=3 acquire_us=14738 submit_us=1987 skipped=0 gpu_q=1 gpu_total_us=4580 gpu_prepass_us=0 gpu_main_us=4580 gpu_composite_us=0 gpu_blit_us=0
[frust INFO] frust-perf raw n=85 total_us=16653 rebuild_us=150 layout_us=8 paint_us=8 encode_us=6 acquire_us=14589 submit_us=1889 skipped=0 gpu_q=1 gpu_total_us=4587 gpu_prepass_us=0 gpu_main_us=4587 gpu_composite_us=0 gpu_blit_us=0
[frust INFO] frust-perf raw n=86 total_us=17383 rebuild_us=170 layout_us=6 paint_us=9 encode_us=3 acquire_us=14749 submit_us=2445 skipped=0 gpu_q=1 gpu_total_us=4847 gpu_prepass_us=0 gpu_main_us=4847 gpu_composite_us=0 gpu_blit_us=0
[frust INFO] frust-perf raw n=87 total_us=16874 rebuild_us=166 layout_us=6 paint_us=9 encode_us=5 acquire_us=14103 submit_us=2582 skipped=0 gpu_q=1 gpu_total_us=4266 gpu_prepass_us=0 gpu_main_us=4266 gpu_composite_us=0 gpu_blit_us=0
[frust INFO] frust-perf raw n=88 total_us=16828 rebuild_us=179 layout_us=8 paint_us=12 encode_us=3 acquire_us=14138 submit_us=2485 skipped=0 gpu_q=1 gpu_total_us=4566 gpu_prepass_us=0 gpu_main_us=4566 gpu_composite_us=0 gpu_blit_us=0
[frust INFO] frust-perf raw n=89 total_us=16834 rebuild_us=203 layout_us=10 paint_us=13 encode_us=5 acquire_us=14123 submit_us=2478 skipped=0 gpu_q=1 gpu_total_us=4325 gpu_prepass_us=0 gpu_main_us=4325 gpu_composite_us=0 gpu_blit_us=0
[frust INFO] frust-perf raw n=90 total_us=16839 rebuild_us=200 layout_us=8 paint_us=12 encode_us=5 acquire_us=14159 submit_us=2453 skipped=0 gpu_q=1 gpu_total_us=4612 gpu_prepass_us=0 gpu_main_us=4612 gpu_composite_us=0 gpu_blit_us=0
[frust INFO] frust-perf raw n=91 total_us=18964 rebuild_us=194 layout_us=8 paint_us=12 encode_us=6 acquire_us=14064 submit_us=4677 skipped=0 gpu_q=1 gpu_total_us=4284 gpu_prepass_us=0 gpu_main_us=4284 gpu_composite_us=0 gpu_blit_us=0
[frust INFO] frust-perf raw n=92 total_us=17696 rebuild_us=715 layout_us=27 paint_us=38 encode_us=13 acquire_us=12330 submit_us=4572 skipped=0 gpu_q=1 gpu_total_us=4527 gpu_prepass_us=0 gpu_main_us=4527 gpu_composite_us=0 gpu_blit_us=0
[frust INFO] frust-perf raw n=93 total_us=16132 rebuild_us=252 layout_us=13 paint_us=15 encode_us=6 acquire_us=11942 submit_us=3902 skipped=0 gpu_q=1 gpu_total_us=4480 gpu_prepass_us=0 gpu_main_us=4480 gpu_composite_us=0 gpu_blit_us=0
[frust INFO] frust-perf raw n=94 total_us=16365 rebuild_us=199 layout_us=11 paint_us=10 encode_us=18 acquire_us=12499 submit_us=3625 skipped=0 gpu_q=1 gpu_total_us=4646 gpu_prepass_us=0 gpu_main_us=4646 gpu_composite_us=0 gpu_blit_us=0
[frust INFO] frust-perf raw n=95 total_us=17958 rebuild_us=753 layout_us=23 paint_us=31 encode_us=10 acquire_us=12942 submit_us=4196 skipped=0 gpu_q=1 gpu_total_us=4625 gpu_prepass_us=0 gpu_main_us=4625 gpu_composite_us=0 gpu_blit_us=0
[frust INFO] frust-perf img skipped=0 evicted=3 resident=60 budget=1024x1024x4
[frust INFO] frust-perf raw n=96 total_us=17837 rebuild_us=484 layout_us=20 paint_us=30 encode_us=14 acquire_us=12274 submit_us=5011 skipped=0 gpu_q=1 gpu_total_us=4556 gpu_prepass_us=0 gpu_main_us=4556 gpu_composite_us=0 gpu_blit_us=0
[frust INFO] frust-perf img skipped=0 evicted=3 resident=60 budget=1024x1024x4
[frust INFO] frust-perf raw n=97 total_us=17113 rebuild_us=514 layout_us=27 paint_us=36 encode_us=10 acquire_us=11720 submit_us=4804 skipped=0 gpu_q=1 gpu_total_us=4583 gpu_prepass_us=0 gpu_main_us=4583 gpu_composite_us=0 gpu_blit_us=0
[frust INFO] frust-perf img skipped=0 evicted=4 resident=60 budget=1024x1024x4
[frust INFO] frust-perf raw n=98 total_us=17923 rebuild_us=507 layout_us=26 paint_us=37 encode_us=10 acquire_us=11698 submit_us=5642 skipped=0 gpu_q=1 gpu_total_us=4607 gpu_prepass_us=0 gpu_main_us=4607 gpu_composite_us=0 gpu_blit_us=0
[frust INFO] frust-perf img skipped=0 evicted=3 resident=60 budget=1024x1024x4
[frust INFO] frust-perf raw n=99 total_us=16680 rebuild_us=533 layout_us=22 paint_us=36 encode_us=11 acquire_us=11035 submit_us=5041 skipped=0 gpu_q=1 gpu_total_us=4641 gpu_prepass_us=0 gpu_main_us=4641 gpu_composite_us=0 gpu_blit_us=0
[frust INFO] frust-perf img skipped=0 evicted=3 resident=60 budget=1024x1024x4
[frust INFO] frust-perf raw n=100 total_us=17213 rebuild_us=554 layout_us=29 paint_us=35 encode_us=10 acquire_us=11450 submit_us=5132 skipped=0 gpu_q=1 gpu_total_us=4620 gpu_prepass_us=0 gpu_main_us=4620 gpu_composite_us=0 gpu_blit_us=0
[frust INFO] frust-perf img skipped=0 evicted=3 resident=60 budget=1024x1024x4
[frust INFO] frust-perf raw n=101 total_us=17261 rebuild_us=546 layout_us=26 paint_us=28 encode_us=11 acquire_us=11485 submit_us=5162 skipped=0 gpu_q=1 gpu_total_us=4572 gpu_prepass_us=0 gpu_main_us=4572 gpu_composite_us=0 gpu_blit_us=0
[frust INFO] frust-perf img skipped=0 evicted=3 resident=60 budget=1024x1024x4
[frust INFO] frust-perf raw n=102 total_us=17004 rebuild_us=536 layout_us=22 paint_us=36 encode_us=13 acquire_us=11519 submit_us=4876 skipped=0 gpu_q=1 gpu_total_us=4605 gpu_prepass_us=0 gpu_main_us=4605 gpu_composite_us=0 gpu_blit_us=0
[frust INFO] frust-perf img skipped=0 evicted=4 resident=60 budget=1024x1024x4
[frust INFO] frust-perf raw n=103 total_us=17712 rebuild_us=583 layout_us=31 paint_us=29 encode_us=12 acquire_us=11666 submit_us=5389 skipped=0 gpu_q=1 gpu_total_us=4663 gpu_prepass_us=0 gpu_main_us=4663 gpu_composite_us=0 gpu_blit_us=0
[frust INFO] frust-perf img skipped=0 evicted=3 resident=60 budget=1024x1024x4
[frust INFO] frust-perf raw n=104 total_us=16963 rebuild_us=506 layout_us=30 paint_us=36 encode_us=14 acquire_us=11399 submit_us=4976 skipped=0 gpu_q=1 gpu_total_us=4656 gpu_prepass_us=0 gpu_main_us=4656 gpu_composite_us=0 gpu_blit_us=0
[frust INFO] frust-perf img skipped=0 evicted=3 resident=60 budget=1024x1024x4
[frust INFO] frust-perf raw n=105 total_us=17106 rebuild_us=586 layout_us=25 paint_us=32 encode_us=11 acquire_us=11396 submit_us=5054 skipped=0 gpu_q=1 gpu_total_us=4675 gpu_prepass_us=0 gpu_main_us=4675 gpu_composite_us=0 gpu_blit_us=0
[frust INFO] frust-perf img skipped=0 evicted=3 resident=60 budget=1024x1024x4
[frust INFO] frust-perf raw n=106 total_us=17020 rebuild_us=525 layout_us=22 paint_us=32 encode_us=14 acquire_us=11503 submit_us=4922 skipped=0 gpu_q=1 gpu_total_us=4543 gpu_prepass_us=0 gpu_main_us=4543 gpu_composite_us=0 gpu_blit_us=0
[frust INFO] frust-perf img skipped=0 evicted=3 resident=60 budget=1024x1024x4
[frust INFO] frust-perf raw n=107 total_us=17068 rebuild_us=527 layout_us=28 paint_us=32 encode_us=15 acquire_us=11757 submit_us=4706 skipped=0 gpu_q=1 gpu_total_us=4600 gpu_prepass_us=0 gpu_main_us=4600 gpu_composite_us=0 gpu_blit_us=0
[frust INFO] frust-perf img skipped=0 evicted=4 resident=60 budget=1024x1024x4
[frust INFO] frust-perf raw n=108 total_us=18163 rebuild_us=576 layout_us=21 paint_us=36 encode_us=10 acquire_us=11926 submit_us=5591 skipped=0 gpu_q=1 gpu_total_us=4657 gpu_prepass_us=0 gpu_main_us=4657 gpu_composite_us=0 gpu_blit_us=0
[frust INFO] frust-perf img skipped=0 evicted=3 resident=60 budget=1024x1024x4
[frust INFO] frust-perf raw n=109 total_us=16576 rebuild_us=520 layout_us=26 paint_us=40 encode_us=14 acquire_us=11008 submit_us=4966 skipped=0 gpu_q=1 gpu_total_us=4688 gpu_prepass_us=0 gpu_main_us=4688 gpu_composite_us=0 gpu_blit_us=0
[frust INFO] frust-perf img skipped=0 evicted=3 resident=60 budget=1024x1024x4
[frust INFO] frust-perf raw n=110 total_us=17231 rebuild_us=558 layout_us=23 paint_us=40 encode_us=10 acquire_us=11576 submit_us=5021 skipped=0 gpu_q=1 gpu_total_us=4646 gpu_prepass_us=0 gpu_main_us=4646 gpu_composite_us=0 gpu_blit_us=0
[frust INFO] frust-perf img skipped=0 evicted=3 resident=60 budget=1024x1024x4
[frust INFO] frust-perf raw n=111 total_us=17419 rebuild_us=550 layout_us=24 paint_us=32 encode_us=11 acquire_us=11762 submit_us=5037 skipped=0 gpu_q=1 gpu_total_us=4639 gpu_prepass_us=0 gpu_main_us=4639 gpu_composite_us=0 gpu_blit_us=0
[frust INFO] frust-perf img skipped=0 evicted=3 resident=60 budget=1024x1024x4
[frust INFO] frust-perf raw n=112 total_us=16878 rebuild_us=530 layout_us=41 paint_us=35 encode_us=10 acquire_us=11355 submit_us=4905 skipped=0 gpu_q=1 gpu_total_us=4645 gpu_prepass_us=0 gpu_main_us=4645 gpu_composite_us=0 gpu_blit_us=0
[frust INFO] frust-perf img skipped=0 evicted=4 resident=60 budget=1024x1024x4
[frust INFO] frust-perf raw n=113 total_us=17812 rebuild_us=571 layout_us=25 paint_us=32 encode_us=14 acquire_us=11695 submit_us=5473 skipped=0 gpu_q=1 gpu_total_us=4641 gpu_prepass_us=0 gpu_main_us=4641 gpu_composite_us=0 gpu_blit_us=0
[frust INFO] frust-perf img skipped=0 evicted=3 resident=60 budget=1024x1024x4
[frust INFO] frust-perf raw n=114 total_us=16839 rebuild_us=528 layout_us=21 paint_us=33 encode_us=14 acquire_us=11412 submit_us=4829 skipped=0 gpu_q=1 gpu_total_us=4687 gpu_prepass_us=0 gpu_main_us=4687 gpu_composite_us=0 gpu_blit_us=0
[frust INFO] frust-perf img skipped=0 evicted=3 resident=60 budget=1024x1024x4
[frust INFO] frust-perf raw n=115 total_us=17122 rebuild_us=545 layout_us=23 paint_us=33 encode_us=12 acquire_us=11547 submit_us=4960 skipped=0 gpu_q=1 gpu_total_us=4688 gpu_prepass_us=0 gpu_main_us=4688 gpu_composite_us=0 gpu_blit_us=0
[frust INFO] frust-perf img skipped=0 evicted=3 resident=60 budget=1024x1024x4
[frust INFO] frust-perf raw n=116 total_us=17245 rebuild_us=524 layout_us=24 paint_us=40 encode_us=12 acquire_us=11686 submit_us=4958 skipped=0 gpu_q=1 gpu_total_us=4711 gpu_prepass_us=0 gpu_main_us=4711 gpu_composite_us=0 gpu_blit_us=0
[frust INFO] frust-perf img skipped=0 evicted=3 resident=60 budget=1024x1024x4
[frust INFO] frust-perf raw n=117 total_us=17031 rebuild_us=521 layout_us=27 paint_us=36 encode_us=11 acquire_us=11592 submit_us=4842 skipped=0 gpu_q=1 gpu_total_us=4597 gpu_prepass_us=0 gpu_main_us=4597 gpu_composite_us=0 gpu_blit_us=0
[frust INFO] frust-perf img skipped=0 evicted=4 resident=60 budget=1024x1024x4
[frust INFO] frust-perf raw n=118 total_us=17849 rebuild_us=508 layout_us=26 paint_us=31 encode_us=12 acquire_us=11741 submit_us=5528 skipped=0 gpu_q=1 gpu_total_us=4600 gpu_prepass_us=0 gpu_main_us=4600 gpu_composite_us=0 gpu_blit_us=0
[frust INFO] frust-perf img skipped=0 evicted=3 resident=60 budget=1024x1024x4
[frust INFO] frust-perf raw n=119 total_us=16911 rebuild_us=542 layout_us=27 paint_us=33 encode_us=10 acquire_us=11328 submit_us=4969 skipped=0 gpu_q=1 gpu_total_us=4637 gpu_prepass_us=0 gpu_main_us=4637 gpu_composite_us=0 gpu_blit_us=0
[frust INFO] frust-perf img skipped=0 evicted=3 resident=60 budget=1024x1024x4
[frust INFO] frust-perf enc n=120 w=60 validate_us=3.2 prepare_us=3.1 classify_us=9.3 admit_us=0.4 walk_us=1033.5 glyphs_us=64.6 finish_us=1.1 compile_us=1043.4 schedule_us=1.5 paints_us=7.8 instances_us=46.6 resize_us=3.4 upload_us=906.9 replay_us=0.3 pipelines_us=16.9 record_us=12.0 total_us=1961.0 total_p95_us=4099.4 draws=29 strips=2111 alphas=51696 glyph_draws=17 atlas_glyphs=17
[frust INFO] frust-perf raw n=120 total_us=16896 rebuild_us=544 layout_us=23 paint_us=37 encode_us=14 acquire_us=11326 submit_us=4950 skipped=0 gpu_q=1 gpu_total_us=4637 gpu_prepass_us=0 gpu_main_us=4637 gpu_composite_us=0 gpu_blit_us=0
[frust INFO] frust-perf img skipped=0 evicted=3 resident=60 budget=1024x1024x4
[frust INFO] frust-perf raw n=121 total_us=17240 rebuild_us=536 layout_us=82 paint_us=32 encode_us=11 acquire_us=11709 submit_us=4867 skipped=0 gpu_q=1 gpu_total_us=4574 gpu_prepass_us=0 gpu_main_us=4574 gpu_composite_us=0 gpu_blit_us=0
[frust INFO] frust-perf img skipped=0 evicted=3 resident=60 budget=1024x1024x4
[frust INFO] frust-perf raw n=122 total_us=17521 rebuild_us=504 layout_us=24 paint_us=34 encode_us=10 acquire_us=11731 submit_us=5215 skipped=0 gpu_q=1 gpu_total_us=4657 gpu_prepass_us=0 gpu_main_us=4657 gpu_composite_us=0 gpu_blit_us=0
[frust INFO] frust-perf img skipped=0 evicted=4 resident=60 budget=1024x1024x4
[frust INFO] frust-perf raw n=123 total_us=17287 rebuild_us=494 layout_us=25 paint_us=32 encode_us=11 acquire_us=11430 submit_us=5293 skipped=0 gpu_q=1 gpu_total_us=4630 gpu_prepass_us=0 gpu_main_us=4630 gpu_composite_us=0 gpu_blit_us=0
[frust INFO] frust-perf img skipped=0 evicted=3 resident=60 budget=1024x1024x4
[frust INFO] frust-perf raw n=124 total_us=16746 rebuild_us=532 layout_us=29 paint_us=29 encode_us=7 acquire_us=11533 submit_us=4612 skipped=0 gpu_q=1 gpu_total_us=4606 gpu_prepass_us=0 gpu_main_us=4606 gpu_composite_us=0 gpu_blit_us=0
[frust INFO] frust-perf img skipped=0 evicted=3 resident=60 budget=1024x1024x4
[frust INFO] frust-perf raw n=125 total_us=17594 rebuild_us=537 layout_us=23 paint_us=31 encode_us=5 acquire_us=11829 submit_us=5166 skipped=0 gpu_q=1 gpu_total_us=4628 gpu_prepass_us=0 gpu_main_us=4628 gpu_composite_us=0 gpu_blit_us=0
[frust INFO] frust-perf img skipped=0 evicted=3 resident=60 budget=1024x1024x4
[frust INFO] frust-perf raw n=126 total_us=16935 rebuild_us=581 layout_us=21 paint_us=39 encode_us=17 acquire_us=11339 submit_us=4937 skipped=0 gpu_q=1 gpu_total_us=4607 gpu_prepass_us=0 gpu_main_us=4607 gpu_composite_us=0 gpu_blit_us=0
[frust INFO] frust-perf img skipped=0 evicted=3 resident=60 budget=1024x1024x4
[frust INFO] frust-perf raw n=127 total_us=17143 rebuild_us=529 layout_us=24 paint_us=34 encode_us=6 acquire_us=11744 submit_us=4804 skipped=0 gpu_q=1 gpu_total_us=4682 gpu_prepass_us=0 gpu_main_us=4682 gpu_composite_us=0 gpu_blit_us=0
[frust INFO] frust-perf frame n=120 total_p50_ms=16 total_p95_ms=17 total_p99_ms=18 rebuild_p95_ms=0 layout_p95_ms=0 paint_p95_ms=0 encode_p95_ms=0 acquire_p95_ms=16 submit_p95_ms=5 over_60hz=98 over_120hz=118 skipped=0 total_frames=127
[frust INFO] frust-perf img skipped=0 evicted=4 resident=60 budget=1024x1024x4
[frust INFO] frust-perf raw n=128 total_us=18266 rebuild_us=550 layout_us=30 paint_us=31 encode_us=6 acquire_us=11770 submit_us=5878 skipped=0 gpu_q=1 gpu_total_us=4582 gpu_prepass_us=0 gpu_main_us=4582 gpu_composite_us=0 gpu_blit_us=0
[frust INFO] frust-perf img skipped=0 evicted=3 resident=60 budget=1024x1024x4
[frust INFO] frust-perf raw n=129 total_us=16061 rebuild_us=586 layout_us=28 paint_us=37 encode_us=18 acquire_us=10930 submit_us=4461 skipped=0 gpu_q=1 gpu_total_us=4639 gpu_prepass_us=0 gpu_main_us=4639 gpu_composite_us=0 gpu_blit_us=0
[frust INFO] frust-perf img skipped=0 evicted=3 resident=60 budget=1024x1024x4
[frust INFO] frust-perf raw n=130 total_us=17062 rebuild_us=221 layout_us=8 paint_us=12 encode_us=7 acquire_us=11914 submit_us=4898 skipped=0 gpu_q=1 gpu_total_us=4668 gpu_prepass_us=0 gpu_main_us=4668 gpu_composite_us=0 gpu_blit_us=0
[frust INFO] frust-perf img skipped=0 evicted=3 resident=60 budget=1024x1024x4
[frust INFO] frust-perf raw n=131 total_us=17504 rebuild_us=777 layout_us=31 paint_us=33 encode_us=15 acquire_us=11679 submit_us=4966 skipped=0 gpu_q=1 gpu_total_us=4702 gpu_prepass_us=0 gpu_main_us=4702 gpu_composite_us=0 gpu_blit_us=0
[frust INFO] frust-perf img skipped=0 evicted=3 resident=60 budget=1024x1024x4
[frust INFO] frust-perf raw n=132 total_us=16966 rebuild_us=514 layout_us=27 paint_us=33 encode_us=6 acquire_us=11683 submit_us=4701 skipped=0 gpu_q=1 gpu_total_us=4628 gpu_prepass_us=0 gpu_main_us=4628 gpu_composite_us=0 gpu_blit_us=0
[frust INFO] frust-perf img skipped=0 evicted=4 resident=60 budget=1024x1024x4
[frust INFO] frust-perf raw n=133 total_us=18108 rebuild_us=569 layout_us=29 paint_us=41 encode_us=6 acquire_us=11935 submit_us=5525 skipped=0 gpu_q=1 gpu_total_us=4573 gpu_prepass_us=0 gpu_main_us=4573 gpu_composite_us=0 gpu_blit_us=0
[frust INFO] frust-perf img skipped=0 evicted=3 resident=60 budget=1024x1024x4
[frust INFO] frust-perf raw n=134 total_us=16801 rebuild_us=577 layout_us=28 paint_us=32 encode_us=6 acquire_us=11038 submit_us=5117 skipped=0 gpu_q=1 gpu_total_us=4645 gpu_prepass_us=0 gpu_main_us=4645 gpu_composite_us=0 gpu_blit_us=0
[frust INFO] frust-perf img skipped=0 evicted=3 resident=60 budget=1024x1024x4
[frust INFO] frust-perf raw n=135 total_us=17651 rebuild_us=579 layout_us=28 paint_us=41 encode_us=6 acquire_us=11591 submit_us=5403 skipped=0 gpu_q=1 gpu_total_us=4659 gpu_prepass_us=0 gpu_main_us=4659 gpu_composite_us=0 gpu_blit_us=0
[frust INFO] frust-perf img skipped=0 evicted=3 resident=60 budget=1024x1024x4
[frust INFO] frust-perf raw n=136 total_us=16413 rebuild_us=563 layout_us=22 paint_us=33 encode_us=18 acquire_us=11143 submit_us=4631 skipped=0 gpu_q=1 gpu_total_us=4658 gpu_prepass_us=0 gpu_main_us=4658 gpu_composite_us=0 gpu_blit_us=0
[frust INFO] frust-perf img skipped=0 evicted=3 resident=60 budget=1024x1024x4
[frust INFO] frust-perf raw n=137 total_us=17138 rebuild_us=522 layout_us=30 paint_us=34 encode_us=14 acquire_us=11992 submit_us=4543 skipped=0 gpu_q=1 gpu_total_us=4632 gpu_prepass_us=0 gpu_main_us=4632 gpu_composite_us=0 gpu_blit_us=0
[frust INFO] frust-perf img skipped=0 evicted=4 resident=60 budget=1024x1024x4
[frust INFO] frust-perf raw n=138 total_us=18326 rebuild_us=529 layout_us=26 paint_us=33 encode_us=7 acquire_us=12156 submit_us=5571 skipped=0 gpu_q=1 gpu_total_us=4661 gpu_prepass_us=0 gpu_main_us=4661 gpu_composite_us=0 gpu_blit_us=0
[frust INFO] frust-perf img skipped=0 evicted=3 resident=60 budget=1024x1024x4
[frust INFO] frust-perf raw n=139 total_us=16632 rebuild_us=574 layout_us=24 paint_us=35 encode_us=6 acquire_us=11096 submit_us=4895 skipped=0 gpu_q=1 gpu_total_us=4587 gpu_prepass_us=0 gpu_main_us=4587 gpu_composite_us=0 gpu_blit_us=0
[frust INFO] frust-perf img skipped=0 evicted=3 resident=60 budget=1024x1024x4
[frust INFO] frust-perf raw n=140 total_us=17430 rebuild_us=551 layout_us=24 paint_us=32 encode_us=5 acquire_us=11656 submit_us=5158 skipped=0 gpu_q=1 gpu_total_us=4607 gpu_prepass_us=0 gpu_main_us=4607 gpu_composite_us=0 gpu_blit_us=0
[frust INFO] frust-perf img skipped=0 evicted=3 resident=60 budget=1024x1024x4
[frust INFO] frust-perf raw n=141 total_us=16903 rebuild_us=531 layout_us=24 paint_us=35 encode_us=12 acquire_us=11380 submit_us=4918 skipped=0 gpu_q=1 gpu_total_us=4621 gpu_prepass_us=0 gpu_main_us=4621 gpu_composite_us=0 gpu_blit_us=0
[frust INFO] frust-perf img skipped=0 evicted=3 resident=60 budget=1024x1024x4
[frust INFO] frust-perf raw n=142 total_us=17273 rebuild_us=462 layout_us=29 paint_us=38 encode_us=11 acquire_us=11788 submit_us=4943 skipped=0 gpu_q=1 gpu_total_us=4647 gpu_prepass_us=0 gpu_main_us=4647 gpu_composite_us=0 gpu_blit_us=0
[frust INFO] frust-perf img skipped=0 evicted=4 resident=60 budget=1024x1024x4
[frust INFO] frust-perf raw n=143 total_us=17576 rebuild_us=472 layout_us=30 paint_us=28 encode_us=10 acquire_us=11614 submit_us=5420 skipped=0 gpu_q=1 gpu_total_us=4575 gpu_prepass_us=0 gpu_main_us=4575 gpu_composite_us=0 gpu_blit_us=0
[frust INFO] frust-perf img skipped=0 evicted=3 resident=60 budget=1024x1024x4
[frust INFO] frust-perf raw n=144 total_us=16576 rebuild_us=547 layout_us=22 paint_us=38 encode_us=12 acquire_us=11132 submit_us=4822 skipped=0 gpu_q=1 gpu_total_us=4636 gpu_prepass_us=0 gpu_main_us=4636 gpu_composite_us=0 gpu_blit_us=0
[frust INFO] frust-perf img skipped=0 evicted=3 resident=60 budget=1024x1024x4
[frust INFO] frust-perf raw n=145 total_us=17521 rebuild_us=525 layout_us=25 paint_us=28 encode_us=10 acquire_us=11992 submit_us=4939 skipped=0 gpu_q=1 gpu_total_us=4730 gpu_prepass_us=0 gpu_main_us=4730 gpu_composite_us=0 gpu_blit_us=0
[frust INFO] frust-perf img skipped=0 evicted=3 resident=60 budget=1024x1024x4
[frust INFO] frust-perf raw n=146 total_us=17083 rebuild_us=530 layout_us=28 paint_us=40 encode_us=11 acquire_us=11422 submit_us=5049 skipped=0 gpu_q=1 gpu_total_us=4645 gpu_prepass_us=0 gpu_main_us=4645 gpu_composite_us=0 gpu_blit_us=0
[frust INFO] frust-perf img skipped=0 evicted=3 resident=60 budget=1024x1024x4
[frust INFO] frust-perf raw n=147 total_us=17250 rebuild_us=520 layout_us=74 paint_us=36 encode_us=11 acquire_us=11631 submit_us=4976 skipped=0 gpu_q=1 gpu_total_us=4645 gpu_prepass_us=0 gpu_main_us=4645 gpu_composite_us=0 gpu_blit_us=0
[frust INFO] frust-perf img skipped=0 evicted=3 resident=60 budget=1024x1024x4
[frust INFO] frust-perf raw n=148 total_us=17240 rebuild_us=515 layout_us=29 paint_us=35 encode_us=14 acquire_us=11628 submit_us=5017 skipped=0 gpu_q=1 gpu_total_us=4575 gpu_prepass_us=0 gpu_main_us=4575 gpu_composite_us=0 gpu_blit_us=0
[frust INFO] frust-perf img skipped=0 evicted=4 resident=60 budget=1024x1024x4
[frust INFO] frust-perf raw n=149 total_us=17857 rebuild_us=528 layout_us=23 paint_us=34 encode_us=11 acquire_us=11791 submit_us=5468 skipped=0 gpu_q=1 gpu_total_us=4652 gpu_prepass_us=0 gpu_main_us=4652 gpu_composite_us=0 gpu_blit_us=0
[frust INFO] frust-perf img skipped=0 evicted=3 resident=60 budget=1024x1024x4
[frust INFO] frust-perf raw n=150 total_us=16539 rebuild_us=524 layout_us=29 paint_us=35 encode_us=10 acquire_us=10873 submit_us=5066 skipped=0 gpu_q=1 gpu_total_us=4685 gpu_prepass_us=0 gpu_main_us=4685 gpu_composite_us=0 gpu_blit_us=0
[frust INFO] frust-perf img skipped=0 evicted=3 resident=60 budget=1024x1024x4
[frust INFO] frust-perf raw n=151 total_us=17031 rebuild_us=498 layout_us=45 paint_us=33 encode_us=13 acquire_us=11591 submit_us=4849 skipped=0 gpu_q=1 gpu_total_us=4650 gpu_prepass_us=0 gpu_main_us=4650 gpu_composite_us=0 gpu_blit_us=0
[frust INFO] frust-perf img skipped=0 evicted=3 resident=60 budget=1024x1024x4
[frust INFO] frust-perf raw n=152 total_us=17095 rebuild_us=455 layout_us=20 paint_us=36 encode_us=13 acquire_us=11752 submit_us=4816 skipped=0 gpu_q=1 gpu_total_us=4571 gpu_prepass_us=0 gpu_main_us=4571 gpu_composite_us=0 gpu_blit_us=0
[frust INFO] frust-perf img skipped=0 evicted=3 resident=60 budget=1024x1024x4
[frust INFO] frust-perf raw n=153 total_us=17193 rebuild_us=497 layout_us=19 paint_us=32 encode_us=11 acquire_us=11749 submit_us=4882 skipped=0 gpu_q=1 gpu_total_us=4583 gpu_prepass_us=0 gpu_main_us=4583 gpu_composite_us=0 gpu_blit_us=0
[frust INFO] frust-perf img skipped=0 evicted=4 resident=60 budget=1024x1024x4
[frust INFO] frust-perf raw n=154 total_us=17894 rebuild_us=498 layout_us=27 paint_us=39 encode_us=14 acquire_us=11990 submit_us=5324 skipped=0 gpu_q=1 gpu_total_us=4654 gpu_prepass_us=0 gpu_main_us=4654 gpu_composite_us=0 gpu_blit_us=0
[frust INFO] frust-perf img skipped=0 evicted=3 resident=60 budget=1024x1024x4
[frust INFO] frust-perf raw n=155 total_us=16542 rebuild_us=557 layout_us=24 paint_us=37 encode_us=10 acquire_us=11072 submit_us=4839 skipped=0 gpu_q=1 gpu_total_us=4693 gpu_prepass_us=0 gpu_main_us=4693 gpu_composite_us=0 gpu_blit_us=0
[frust INFO] frust-perf img skipped=0 evicted=3 resident=60 budget=1024x1024x4
[frust INFO] frust-perf raw n=156 total_us=16859 rebuild_us=505 layout_us=27 paint_us=37 encode_us=15 acquire_us=11644 submit_us=4630 skipped=0 gpu_q=1 gpu_total_us=4708 gpu_prepass_us=0 gpu_main_us=4708 gpu_composite_us=0 gpu_blit_us=0
[frust INFO] frust-perf img skipped=0 evicted=3 resident=60 budget=1024x1024x4
[frust INFO] frust-perf raw n=157 total_us=17644 rebuild_us=498 layout_us=22 paint_us=34 encode_us=10 acquire_us=12106 submit_us=4972 skipped=0 gpu_q=1 gpu_total_us=4611 gpu_prepass_us=0 gpu_main_us=4611 gpu_composite_us=0 gpu_blit_us=0
[frust INFO] frust-perf img skipped=0 evicted=3 resident=60 budget=1024x1024x4
[frust INFO] frust-perf raw n=158 total_us=16754 rebuild_us=469 layout_us=20 paint_us=27 encode_us=13 acquire_us=11612 submit_us=4610 skipped=0 gpu_q=1 gpu_total_us=4549 gpu_prepass_us=0 gpu_main_us=4549 gpu_composite_us=0 gpu_blit_us=0
[frust INFO] frust-perf img skipped=0 evicted=4 resident=60 budget=1024x1024x4
[frust INFO] frust-perf raw n=159 total_us=17703 rebuild_us=572 layout_us=27 paint_us=36 encode_us=12 acquire_us=12239 submit_us=4815 skipped=0 gpu_q=1 gpu_total_us=4614 gpu_prepass_us=0 gpu_main_us=4614 gpu_composite_us=0 gpu_blit_us=0
[frust INFO] frust-perf img skipped=0 evicted=3 resident=60 budget=1024x1024x4
[frust INFO] frust-perf raw n=160 total_us=17603 rebuild_us=545 layout_us=31 paint_us=35 encode_us=5 acquire_us=11636 submit_us=5349 skipped=0 gpu_q=1 gpu_total_us=4635 gpu_prepass_us=0 gpu_main_us=4635 gpu_composite_us=0 gpu_blit_us=0
[frust INFO] frust-perf img skipped=0 evicted=3 resident=60 budget=1024x1024x4
[frust INFO] frust-perf raw n=161 total_us=16935 rebuild_us=658 layout_us=31 paint_us=38 encode_us=13 acquire_us=11276 submit_us=4917 skipped=0 gpu_q=1 gpu_total_us=4594 gpu_prepass_us=0 gpu_main_us=4594 gpu_composite_us=0 gpu_blit_us=0
[frust INFO] frust-perf img skipped=0 evicted=3 resident=60 budget=1024x1024x4
[frust INFO] frust-perf raw n=162 total_us=16855 rebuild_us=548 layout_us=27 paint_us=40 encode_us=9 acquire_us=11632 submit_us=4596 skipped=0 gpu_q=1 gpu_total_us=4663 gpu_prepass_us=0 gpu_main_us=4663 gpu_composite_us=0 gpu_blit_us=0
[frust INFO] frust-perf img skipped=0 evicted=3 resident=60 budget=1024x1024x4
[frust INFO] frust-perf raw n=163 total_us=18128 rebuild_us=613 layout_us=26 paint_us=40 encode_us=7 acquire_us=12097 submit_us=5342 skipped=0 gpu_q=1 gpu_total_us=4676 gpu_prepass_us=0 gpu_main_us=4676 gpu_composite_us=0 gpu_blit_us=0
[frust INFO] frust-perf img skipped=0 evicted=4 resident=60 budget=1024x1024x4
[frust INFO] frust-perf raw n=164 total_us=17169 rebuild_us=622 layout_us=30 paint_us=39 encode_us=14 acquire_us=11167 submit_us=5294 skipped=0 gpu_q=1 gpu_total_us=4668 gpu_prepass_us=0 gpu_main_us=4668 gpu_composite_us=0 gpu_blit_us=0
[frust INFO] frust-perf img skipped=0 evicted=3 resident=60 budget=1024x1024x4
[frust INFO] frust-perf raw n=165 total_us=16952 rebuild_us=611 layout_us=24 paint_us=43 encode_us=7 acquire_us=11583 submit_us=4681 skipped=0 gpu_q=1 gpu_total_us=4669 gpu_prepass_us=0 gpu_main_us=4669 gpu_composite_us=0 gpu_blit_us=0
[frust INFO] frust-perf img skipped=0 evicted=3 resident=60 budget=1024x1024x4
[frust INFO] frust-perf raw n=166 total_us=17702 rebuild_us=608 layout_us=25 paint_us=39 encode_us=7 acquire_us=11728 submit_us=5292 skipped=0 gpu_q=1 gpu_total_us=4549 gpu_prepass_us=0 gpu_main_us=4549 gpu_composite_us=0 gpu_blit_us=0
[frust INFO] frust-perf img skipped=0 evicted=3 resident=60 budget=1024x1024x4
[frust INFO] frust-perf raw n=167 total_us=16677 rebuild_us=641 layout_us=27 paint_us=38 encode_us=15 acquire_us=11126 submit_us=4828 skipped=0 gpu_q=1 gpu_total_us=4613 gpu_prepass_us=0 gpu_main_us=4613 gpu_composite_us=0 gpu_blit_us=0
[frust INFO] frust-perf img skipped=0 evicted=3 resident=60 budget=1024x1024x4
[frust INFO] frust-perf raw n=168 total_us=17382 rebuild_us=519 layout_us=24 paint_us=32 encode_us=7 acquire_us=11951 submit_us=4846 skipped=0 gpu_q=1 gpu_total_us=4603 gpu_prepass_us=0 gpu_main_us=4603 gpu_composite_us=0 gpu_blit_us=0
[frust INFO] frust-perf img skipped=0 evicted=4 resident=60 budget=1024x1024x4
[frust INFO] frust-perf raw n=169 total_us=17365 rebuild_us=512 layout_us=43 paint_us=41 encode_us=13 acquire_us=11621 submit_us=5133 skipped=0 gpu_q=1 gpu_total_us=4469 gpu_prepass_us=0 gpu_main_us=4469 gpu_composite_us=0 gpu_blit_us=0
[frust INFO] frust-perf img skipped=0 evicted=3 resident=60 budget=1024x1024x4
[frust INFO] frust-perf raw n=170 total_us=16906 rebuild_us=550 layout_us=29 paint_us=39 encode_us=6 acquire_us=11736 submit_us=4542 skipped=0 gpu_q=1 gpu_total_us=4638 gpu_prepass_us=0 gpu_main_us=4638 gpu_composite_us=0 gpu_blit_us=0
[frust INFO] frust-perf img skipped=0 evicted=3 resident=60 budget=1024x1024x4
[frust INFO] frust-perf raw n=171 total_us=17940 rebuild_us=546 layout_us=22 paint_us=37 encode_us=7 acquire_us=11930 submit_us=5396 skipped=0 gpu_q=1 gpu_total_us=4742 gpu_prepass_us=0 gpu_main_us=4742 gpu_composite_us=0 gpu_blit_us=0
[frust INFO] frust-perf img skipped=0 evicted=3 resident=60 budget=1024x1024x4
[frust INFO] frust-perf raw n=172 total_us=16795 rebuild_us=519 layout_us=22 paint_us=36 encode_us=17 acquire_us=11189 submit_us=5010 skipped=0 gpu_q=1 gpu_total_us=4639 gpu_prepass_us=0 gpu_main_us=4639 gpu_composite_us=0 gpu_blit_us=0
[frust INFO] frust-perf img skipped=0 evicted=3 resident=60 budget=1024x1024x4
[frust INFO] frust-perf raw n=173 total_us=16689 rebuild_us=530 layout_us=24 paint_us=35 encode_us=6 acquire_us=11571 submit_us=4520 skipped=0 gpu_q=1 gpu_total_us=4668 gpu_prepass_us=0 gpu_main_us=4668 gpu_composite_us=0 gpu_blit_us=0
[frust INFO] frust-perf img skipped=0 evicted=4 resident=60 budget=1024x1024x4
[frust INFO] frust-perf raw n=174 total_us=18270 rebuild_us=559 layout_us=27 paint_us=41 encode_us=6 acquire_us=12124 submit_us=5509 skipped=0 gpu_q=1 gpu_total_us=4479 gpu_prepass_us=0 gpu_main_us=4479 gpu_composite_us=0 gpu_blit_us=0
[frust INFO] frust-perf img skipped=0 evicted=3 resident=60 budget=1024x1024x4
[frust INFO] frust-perf raw n=175 total_us=16672 rebuild_us=564 layout_us=24 paint_us=40 encode_us=14 acquire_us=11079 submit_us=4949 skipped=0 gpu_q=1 gpu_total_us=4777 gpu_prepass_us=0 gpu_main_us=4777 gpu_composite_us=0 gpu_blit_us=0
[frust INFO] frust-perf img skipped=0 evicted=3 resident=60 budget=1024x1024x4
[frust INFO] frust-perf raw n=176 total_us=16914 rebuild_us=473 layout_us=20 paint_us=36 encode_us=10 acquire_us=11627 submit_us=4745 skipped=0 gpu_q=1 gpu_total_us=4592 gpu_prepass_us=0 gpu_main_us=4592 gpu_composite_us=0 gpu_blit_us=0
[frust INFO] frust-perf img skipped=0 evicted=3 resident=60 budget=1024x1024x4
[frust INFO] frust-perf raw n=177 total_us=17244 rebuild_us=483 layout_us=19 paint_us=37 encode_us=15 acquire_us=11828 submit_us=4861 skipped=0 gpu_q=1 gpu_total_us=4720 gpu_prepass_us=0 gpu_main_us=4720 gpu_composite_us=0 gpu_blit_us=0
[frust INFO] frust-perf img skipped=0 evicted=3 resident=60 budget=1024x1024x4
[frust INFO] frust-perf raw n=178 total_us=17271 rebuild_us=521 layout_us=23 paint_us=39 encode_us=9 acquire_us=11804 submit_us=4872 skipped=0 gpu_q=1 gpu_total_us=4685 gpu_prepass_us=0 gpu_main_us=4685 gpu_composite_us=0 gpu_blit_us=0
[frust INFO] frust-perf img skipped=0 evicted=4 resident=60 budget=1024x1024x4
[frust INFO] frust-perf raw n=179 total_us=17838 rebuild_us=490 layout_us=29 paint_us=33 encode_us=10 acquire_us=11781 submit_us=5493 skipped=0 gpu_q=1 gpu_total_us=4609 gpu_prepass_us=0 gpu_main_us=4609 gpu_composite_us=0 gpu_blit_us=0
[frust INFO] frust-perf img skipped=0 evicted=3 resident=60 budget=1024x1024x4
[frust INFO] frust-perf enc n=180 w=60 validate_us=4.0 prepare_us=3.9 classify_us=10.8 admit_us=0.5 walk_us=1472.0 glyphs_us=109.2 finish_us=3.2 compile_us=1554.7 schedule_us=4.9 paints_us=19.3 instances_us=75.4 resize_us=3.6 upload_us=1825.6 replay_us=0.7 pipelines_us=19.0 record_us=35.3 total_us=3520.5 total_p95_us=4082.2 draws=29 strips=2111 alphas=51696 glyph_draws=17 atlas_glyphs=17
[frust INFO] frust-perf raw n=180 total_us=16745 rebuild_us=530 layout_us=25 paint_us=38 encode_us=12 acquire_us=11099 submit_us=5038 skipped=0 gpu_q=1 gpu_total_us=4641 gpu_prepass_us=0 gpu_main_us=4641 gpu_composite_us=0 gpu_blit_us=0
[frust INFO] frust-perf img skipped=0 evicted=3 resident=60 budget=1024x1024x4
[frust INFO] frust-perf raw n=181 total_us=17105 rebuild_us=537 layout_us=28 paint_us=35 encode_us=13 acquire_us=11567 submit_us=4923 skipped=0 gpu_q=1 gpu_total_us=4682 gpu_prepass_us=0 gpu_main_us=4682 gpu_composite_us=0 gpu_blit_us=0
[frust INFO] frust-perf img skipped=0 evicted=3 resident=60 budget=1024x1024x4
[frust INFO] frust-perf raw n=182 total_us=17374 rebuild_us=529 layout_us=28 paint_us=40 encode_us=12 acquire_us=11671 submit_us=5092 skipped=0 gpu_q=1 gpu_total_us=4628 gpu_prepass_us=0 gpu_main_us=4628 gpu_composite_us=0 gpu_blit_us=0
[frust INFO] frust-perf img skipped=0 evicted=3 resident=60 budget=1024x1024x4
[frust INFO] frust-perf raw n=183 total_us=17136 rebuild_us=560 layout_us=29 paint_us=38 encode_us=11 acquire_us=11433 submit_us=5062 skipped=0 gpu_q=1 gpu_total_us=4626 gpu_prepass_us=0 gpu_main_us=4626 gpu_composite_us=0 gpu_blit_us=0
[frust INFO] frust-perf img skipped=0 evicted=4 resident=60 budget=1024x1024x4
[frust INFO] frust-perf raw n=184 total_us=17695 rebuild_us=511 layout_us=26 paint_us=32 encode_us=11 acquire_us=11601 submit_us=5511 skipped=0 gpu_q=1 gpu_total_us=4592 gpu_prepass_us=0 gpu_main_us=4592 gpu_composite_us=0 gpu_blit_us=0
[frust INFO] frust-perf img skipped=0 evicted=3 resident=60 budget=1024x1024x4
[frust INFO] frust-perf raw n=185 total_us=16672 rebuild_us=579 layout_us=29 paint_us=39 encode_us=10 acquire_us=11060 submit_us=4953 skipped=0 gpu_q=1 gpu_total_us=4603 gpu_prepass_us=0 gpu_main_us=4603 gpu_composite_us=0 gpu_blit_us=0
[frust INFO] frust-perf img skipped=0 evicted=3 resident=60 budget=1024x1024x4
[frust INFO] frust-perf raw n=186 total_us=17195 rebuild_us=536 layout_us=27 paint_us=32 encode_us=10 acquire_us=11719 submit_us=4868 skipped=0 gpu_q=1 gpu_total_us=4667 gpu_prepass_us=0 gpu_main_us=4667 gpu_composite_us=0 gpu_blit_us=0
[frust INFO] frust-perf img skipped=0 evicted=3 resident=60 budget=1024x1024x4
[frust INFO] frust-perf raw n=187 total_us=17120 rebuild_us=546 layout_us=25 paint_us=33 encode_us=10 acquire_us=11757 submit_us=4747 skipped=0 gpu_q=1 gpu_total_us=4625 gpu_prepass_us=0 gpu_main_us=4625 gpu_composite_us=0 gpu_blit_us=0
[frust INFO] frust-perf img skipped=0 evicted=3 resident=60 budget=1024x1024x4
[frust INFO] frust-perf raw n=188 total_us=16900 rebuild_us=469 layout_us=28 paint_us=34 encode_us=14 acquire_us=11777 submit_us=4576 skipped=0 gpu_q=1 gpu_total_us=4646 gpu_prepass_us=0 gpu_main_us=4646 gpu_composite_us=0 gpu_blit_us=0
[frust INFO] frust-perf img skipped=0 evicted=4 resident=60 budget=1024x1024x4
[frust INFO] frust-perf raw n=189 total_us=18118 rebuild_us=493 layout_us=25 paint_us=38 encode_us=10 acquire_us=12076 submit_us=5474 skipped=0 gpu_q=1 gpu_total_us=4692 gpu_prepass_us=0 gpu_main_us=4692 gpu_composite_us=0 gpu_blit_us=0
[frust INFO] frust-perf img skipped=0 evicted=3 resident=60 budget=1024x1024x4
[frust INFO] frust-perf raw n=190 total_us=16685 rebuild_us=477 layout_us=29 paint_us=37 encode_us=15 acquire_us=11086 submit_us=5038 skipped=0 gpu_q=1 gpu_total_us=4742 gpu_prepass_us=0 gpu_main_us=4742 gpu_composite_us=0 gpu_blit_us=0
[frust INFO] frust-perf img skipped=0 evicted=3 resident=60 budget=1024x1024x4
[frust INFO] frust-perf raw n=191 total_us=17189 rebuild_us=529 layout_us=20 paint_us=30 encode_us=9 acquire_us=11861 submit_us=4739 skipped=0 gpu_q=1 gpu_total_us=4617 gpu_prepass_us=0 gpu_main_us=4617 gpu_composite_us=0 gpu_blit_us=0
[frust INFO] frust-perf img skipped=0 evicted=3 resident=60 budget=1024x1024x4
[frust INFO] frust-perf raw n=192 total_us=17143 rebuild_us=525 layout_us=23 paint_us=35 encode_us=10 acquire_us=11563 submit_us=4984 skipped=0 gpu_q=1 gpu_total_us=4644 gpu_prepass_us=0 gpu_main_us=4644 gpu_composite_us=0 gpu_blit_us=0
[frust INFO] frust-perf img skipped=0 evicted=3 resident=60 budget=1024x1024x4
[frust INFO] frust-perf raw n=193 total_us=17320 rebuild_us=563 layout_us=28 paint_us=33 encode_us=11 acquire_us=11641 submit_us=5041 skipped=0 gpu_q=1 gpu_total_us=4630 gpu_prepass_us=0 gpu_main_us=4630 gpu_composite_us=0 gpu_blit_us=0
[frust INFO] frust-perf img skipped=0 evicted=4 resident=60 budget=1024x1024x4
[frust INFO] frust-perf raw n=194 total_us=17597 rebuild_us=520 layout_us=27 paint_us=38 encode_us=10 acquire_us=11529 submit_us=5470 skipped=0 gpu_q=1 gpu_total_us=4682 gpu_prepass_us=0 gpu_main_us=4682 gpu_composite_us=0 gpu_blit_us=0
[frust INFO] frust-perf img skipped=0 evicted=3 resident=60 budget=1024x1024x4
[frust INFO] frust-perf raw n=195 total_us=16557 rebuild_us=537 layout_us=24 paint_us=32 encode_us=14 acquire_us=11142 submit_us=4806 skipped=0 gpu_q=1 gpu_total_us=4655 gpu_prepass_us=0 gpu_main_us=4655 gpu_composite_us=0 gpu_blit_us=0
[frust INFO] frust-perf img skipped=0 evicted=3 resident=60 budget=1024x1024x4
[frust INFO] frust-perf raw n=196 total_us=17214 rebuild_us=494 layout_us=24 paint_us=35 encode_us=11 acquire_us=11982 submit_us=4666 skipped=0 gpu_q=1 gpu_total_us=4662 gpu_prepass_us=0 gpu_main_us=4662 gpu_composite_us=0 gpu_blit_us=0
[frust INFO] frust-perf img skipped=0 evicted=3 resident=60 budget=1024x1024x4
[frust INFO] frust-perf raw n=197 total_us=17206 rebuild_us=484 layout_us=19 paint_us=36 encode_us=11 acquire_us=11783 submit_us=4870 skipped=0 gpu_q=1 gpu_total_us=4610 gpu_prepass_us=0 gpu_main_us=4610 gpu_composite_us=0 gpu_blit_us=0
[frust INFO] frust-perf img skipped=0 evicted=3 resident=60 budget=1024x1024x4
[frust INFO] frust-perf raw n=198 total_us=17195 rebuild_us=557 layout_us=29 paint_us=40 encode_us=10 acquire_us=11766 submit_us=4791 skipped=0 gpu_q=1 gpu_total_us=4627 gpu_prepass_us=0 gpu_main_us=4627 gpu_composite_us=0 gpu_blit_us=0
[frust INFO] frust-perf img skipped=0 evicted=4 resident=60 budget=1024x1024x4
[frust INFO] frust-perf raw n=199 total_us=17895 rebuild_us=559 layout_us=26 paint_us=37 encode_us=10 acquire_us=11868 submit_us=5394 skipped=0 gpu_q=1 gpu_total_us=4617 gpu_prepass_us=0 gpu_main_us=4617 gpu_composite_us=0 gpu_blit_us=0
[frust INFO] frust-perf img skipped=0 evicted=3 resident=60 budget=1024x1024x4
[frust INFO] frust-perf raw n=200 total_us=16557 rebuild_us=528 layout_us=27 paint_us=38 encode_us=14 acquire_us=11055 submit_us=4893 skipped=0 gpu_q=1 gpu_total_us=4630 gpu_prepass_us=0 gpu_main_us=4630 gpu_composite_us=0 gpu_blit_us=0
[frust INFO] frust-perf img skipped=0 evicted=3 resident=60 budget=1024x1024x4
[frust INFO] frust-perf raw n=201 total_us=17205 rebuild_us=513 layout_us=29 paint_us=38 encode_us=13 acquire_us=12014 submit_us=4596 skipped=0 gpu_q=1 gpu_total_us=4633 gpu_prepass_us=0 gpu_main_us=4633 gpu_composite_us=0 gpu_blit_us=0
[frust INFO] frust-perf img skipped=0 evicted=3 resident=60 budget=1024x1024x4
[frust INFO] frust-perf raw n=202 total_us=17826 rebuild_us=511 layout_us=23 paint_us=32 encode_us=6 acquire_us=11711 submit_us=5541 skipped=0 gpu_q=1 gpu_total_us=4673 gpu_prepass_us=0 gpu_main_us=4673 gpu_composite_us=0 gpu_blit_us=0
[frust INFO] frust-perf img skipped=0 evicted=3 resident=60 budget=1024x1024x4
[frust INFO] frust-perf raw n=203 total_us=16583 rebuild_us=508 layout_us=23 paint_us=29 encode_us=14 acquire_us=11340 submit_us=4666 skipped=0 gpu_q=1 gpu_total_us=4596 gpu_prepass_us=0 gpu_main_us=4596 gpu_composite_us=0 gpu_blit_us=0
[frust INFO] frust-perf img skipped=0 evicted=3 resident=60 budget=1024x1024x4
[frust INFO] frust-perf raw n=204 total_us=16403 rebuild_us=217 layout_us=8 paint_us=15 encode_us=16 acquire_us=11718 submit_us=4427 skipped=0 gpu_q=1 gpu_total_us=4593 gpu_prepass_us=0 gpu_main_us=4593 gpu_composite_us=0 gpu_blit_us=0
[frust INFO] frust-perf img skipped=0 evicted=4 resident=60 budget=1024x1024x4
[frust INFO] frust-perf raw n=205 total_us=18155 rebuild_us=856 layout_us=30 paint_us=35 encode_us=11 acquire_us=12237 submit_us=4984 skipped=0 gpu_q=1 gpu_total_us=4515 gpu_prepass_us=0 gpu_main_us=4515 gpu_composite_us=0 gpu_blit_us=0
[frust INFO] frust-perf img skipped=0 evicted=3 resident=60 budget=1024x1024x4
[frust INFO] frust-perf raw n=206 total_us=17371 rebuild_us=510 layout_us=24 paint_us=35 encode_us=6 acquire_us=11632 submit_us=5161 skipped=0 gpu_q=1 gpu_total_us=4549 gpu_prepass_us=0 gpu_main_us=4549 gpu_composite_us=0 gpu_blit_us=0
[frust INFO] frust-perf img skipped=0 evicted=3 resident=60 budget=1024x1024x4
[frust INFO] frust-perf raw n=207 total_us=17118 rebuild_us=622 layout_us=30 paint_us=40 encode_us=7 acquire_us=11757 submit_us=4660 skipped=0 gpu_q=1 gpu_total_us=4614 gpu_prepass_us=0 gpu_main_us=4614 gpu_composite_us=0 gpu_blit_us=0
[frust INFO] frust-perf img skipped=0 evicted=3 resident=60 budget=1024x1024x4
[frust INFO] frust-perf raw n=208 total_us=17425 rebuild_us=546 layout_us=23 paint_us=29 encode_us=5 acquire_us=11624 submit_us=5195 skipped=0 gpu_q=1 gpu_total_us=4645 gpu_prepass_us=0 gpu_main_us=4645 gpu_composite_us=0 gpu_blit_us=0
[frust INFO] frust-perf img skipped=0 evicted=3 resident=60 budget=1024x1024x4
[frust INFO] frust-perf raw n=209 total_us=16896 rebuild_us=523 layout_us=24 paint_us=33 encode_us=17 acquire_us=11501 submit_us=4796 skipped=0 gpu_q=1 gpu_total_us=4584 gpu_prepass_us=0 gpu_main_us=4584 gpu_composite_us=0 gpu_blit_us=0
[frust INFO] frust-perf img skipped=0 evicted=4 resident=60 budget=1024x1024x4
[frust INFO] frust-perf raw n=210 total_us=17617 rebuild_us=502 layout_us=20 paint_us=35 encode_us=15 acquire_us=11735 submit_us=5307 skipped=0 gpu_q=1 gpu_total_us=4675 gpu_prepass_us=0 gpu_main_us=4675 gpu_composite_us=0 gpu_blit_us=0
[frust INFO] frust-perf img skipped=0 evicted=3 resident=60 budget=1024x1024x4
[frust INFO] frust-perf raw n=211 total_us=16706 rebuild_us=548 layout_us=28 paint_us=36 encode_us=10 acquire_us=11286 submit_us=4796 skipped=0 gpu_q=1 gpu_total_us=4737 gpu_prepass_us=0 gpu_main_us=4737 gpu_composite_us=0 gpu_blit_us=0
[frust INFO] frust-perf img skipped=0 evicted=3 resident=60 budget=1024x1024x4
[frust INFO] frust-perf raw n=212 total_us=17459 rebuild_us=501 layout_us=20 paint_us=30 encode_us=12 acquire_us=12014 submit_us=4880 skipped=0 gpu_q=1 gpu_total_us=4597 gpu_prepass_us=0 gpu_main_us=4597 gpu_composite_us=0 gpu_blit_us=0
[frust INFO] frust-perf img skipped=0 evicted=3 resident=60 budget=1024x1024x4
[frust INFO] frust-perf raw n=213 total_us=16953 rebuild_us=471 layout_us=28 paint_us=40 encode_us=10 acquire_us=11542 submit_us=4860 skipped=0 gpu_q=1 gpu_total_us=4629 gpu_prepass_us=0 gpu_main_us=4629 gpu_composite_us=0 gpu_blit_us=0
[frust INFO] frust-perf img skipped=0 evicted=3 resident=60 budget=1024x1024x4
[frust INFO] frust-perf raw n=214 total_us=16987 rebuild_us=510 layout_us=28 paint_us=34 encode_us=10 acquire_us=11672 submit_us=4730 skipped=0 gpu_q=1 gpu_total_us=4642 gpu_prepass_us=0 gpu_main_us=4642 gpu_composite_us=0 gpu_blit_us=0
[frust INFO] frust-perf img skipped=0 evicted=4 resident=60 budget=1024x1024x4
[frust INFO] frust-perf raw n=215 total_us=18169 rebuild_us=515 layout_us=27 paint_us=40 encode_us=6 acquire_us=11997 submit_us=5581 skipped=0 gpu_q=1 gpu_total_us=4716 gpu_prepass_us=0 gpu_main_us=4716 gpu_composite_us=0 gpu_blit_us=0
[frust INFO] frust-perf img skipped=0 evicted=3 resident=60 budget=1024x1024x4
[frust INFO] frust-perf raw n=216 total_us=16767 rebuild_us=589 layout_us=28 paint_us=42 encode_us=7 acquire_us=11080 submit_us=5019 skipped=0 gpu_q=1 gpu_total_us=4639 gpu_prepass_us=0 gpu_main_us=4639 gpu_composite_us=0 gpu_blit_us=0
[frust INFO] frust-perf img skipped=0 evicted=3 resident=60 budget=1024x1024x4
[frust INFO] frust-perf raw n=217 total_us=17162 rebuild_us=561 layout_us=30 paint_us=39 encode_us=6 acquire_us=11724 submit_us=4800 skipped=0 gpu_q=1 gpu_total_us=4644 gpu_prepass_us=0 gpu_main_us=4644 gpu_composite_us=0 gpu_blit_us=0
[frust INFO] frust-perf img skipped=0 evicted=3 resident=60 budget=1024x1024x4
[frust INFO] frust-perf raw n=218 total_us=16696 rebuild_us=528 layout_us=19 paint_us=38 encode_us=17 acquire_us=11559 submit_us=4534 skipped=0 gpu_q=1 gpu_total_us=4535 gpu_prepass_us=0 gpu_main_us=4535 gpu_composite_us=0 gpu_blit_us=0
[frust INFO] frust-perf img skipped=0 evicted=3 resident=60 budget=1024x1024x4
[frust INFO] frust-perf raw n=219 total_us=17290 rebuild_us=556 layout_us=24 paint_us=38 encode_us=11 acquire_us=12103 submit_us=4556 skipped=0 gpu_q=1 gpu_total_us=4665 gpu_prepass_us=0 gpu_main_us=4665 gpu_composite_us=0 gpu_blit_us=0
[frust INFO] frust-perf img skipped=0 evicted=4 resident=60 budget=1024x1024x4
[frust INFO] frust-perf raw n=220 total_us=18274 rebuild_us=489 layout_us=28 paint_us=35 encode_us=8 acquire_us=12109 submit_us=5603 skipped=0 gpu_q=1 gpu_total_us=4509 gpu_prepass_us=0 gpu_main_us=4509 gpu_composite_us=0 gpu_blit_us=0
[frust INFO] frust-perf img skipped=0 evicted=3 resident=60 budget=1024x1024x4
[frust INFO] frust-perf raw n=221 total_us=16716 rebuild_us=579 layout_us=28 paint_us=39 encode_us=7 acquire_us=11030 submit_us=5032 skipped=0 gpu_q=1 gpu_total_us=4614 gpu_prepass_us=0 gpu_main_us=4614 gpu_composite_us=0 gpu_blit_us=0
[frust INFO] frust-perf img skipped=0 evicted=3 resident=60 budget=1024x1024x4
[frust INFO] frust-perf raw n=222 total_us=17158 rebuild_us=578 layout_us=29 paint_us=40 encode_us=6 acquire_us=11707 submit_us=4796 skipped=0 gpu_q=1 gpu_total_us=4642 gpu_prepass_us=0 gpu_main_us=4642 gpu_composite_us=0 gpu_blit_us=0
[frust INFO] frust-perf img skipped=0 evicted=3 resident=60 budget=1024x1024x4
[frust INFO] frust-perf raw n=223 total_us=17366 rebuild_us=549 layout_us=27 paint_us=36 encode_us=6 acquire_us=11693 submit_us=5052 skipped=0 gpu_q=1 gpu_total_us=4671 gpu_prepass_us=0 gpu_main_us=4671 gpu_composite_us=0 gpu_blit_us=0
[frust INFO] frust-perf img skipped=0 evicted=3 resident=60 budget=1024x1024x4
[frust INFO] frust-perf raw n=224 total_us=16979 rebuild_us=573 layout_us=29 paint_us=43 encode_us=13 acquire_us=11483 submit_us=4836 skipped=0 gpu_q=1 gpu_total_us=4597 gpu_prepass_us=0 gpu_main_us=4597 gpu_composite_us=0 gpu_blit_us=0
[frust INFO] frust-perf img skipped=0 evicted=4 resident=60 budget=1024x1024x4
[frust INFO] frust-perf raw n=225 total_us=17726 rebuild_us=498 layout_us=29 paint_us=31 encode_us=7 acquire_us=11869 submit_us=5290 skipped=0 gpu_q=1 gpu_total_us=4525 gpu_prepass_us=0 gpu_main_us=4525 gpu_composite_us=0 gpu_blit_us=0
[frust INFO] frust-perf img skipped=0 evicted=3 resident=60 budget=1024x1024x4
[frust INFO] frust-perf raw n=226 total_us=16563 rebuild_us=507 layout_us=21 paint_us=34 encode_us=13 acquire_us=11298 submit_us=4687 skipped=0 gpu_q=1 gpu_total_us=4635 gpu_prepass_us=0 gpu_main_us=4635 gpu_composite_us=0 gpu_blit_us=0
[frust INFO] frust-perf img skipped=0 evicted=3 resident=60 budget=1024x1024x4
[frust INFO] frust-perf raw n=227 total_us=17194 rebuild_us=524 layout_us=27 paint_us=35 encode_us=11 acquire_us=12151 submit_us=4443 skipped=0 gpu_q=1 gpu_total_us=4673 gpu_prepass_us=0 gpu_main_us=4673 gpu_composite_us=0 gpu_blit_us=0
[frust INFO] frust-perf img skipped=0 evicted=3 resident=60 budget=1024x1024x4
[frust INFO] frust-perf raw n=228 total_us=17504 rebuild_us=473 layout_us=23 paint_us=35 encode_us=7 acquire_us=12054 submit_us=4909 skipped=0 gpu_q=1 gpu_total_us=4604 gpu_prepass_us=0 gpu_main_us=4604 gpu_composite_us=0 gpu_blit_us=0
[frust INFO] frust-perf img skipped=0 evicted=3 resident=60 budget=1024x1024x4
[frust INFO] frust-perf raw n=229 total_us=16796 rebuild_us=567 layout_us=25 paint_us=35 encode_us=14 acquire_us=11584 submit_us=4569 skipped=0 gpu_q=1 gpu_total_us=4638 gpu_prepass_us=0 gpu_main_us=4638 gpu_composite_us=0 gpu_blit_us=0
[frust INFO] frust-perf img skipped=0 evicted=4 resident=60 budget=1024x1024x4
[frust INFO] frust-perf raw n=230 total_us=17522 rebuild_us=569 layout_us=29 paint_us=37 encode_us=10 acquire_us=12022 submit_us=4852 skipped=0 gpu_q=1 gpu_total_us=4622 gpu_prepass_us=0 gpu_main_us=4622 gpu_composite_us=0 gpu_blit_us=0
[frust INFO] frust-perf img skipped=0 evicted=3 resident=60 budget=1024x1024x4
[frust INFO] frust-perf raw n=231 total_us=17578 rebuild_us=523 layout_us=28 paint_us=35 encode_us=8 acquire_us=11795 submit_us=5186 skipped=0 gpu_q=1 gpu_total_us=4673 gpu_prepass_us=0 gpu_main_us=4673 gpu_composite_us=0 gpu_blit_us=0
[frust INFO] frust-perf img skipped=0 evicted=3 resident=60 budget=1024x1024x4
[frust INFO] frust-perf raw n=232 total_us=17176 rebuild_us=557 layout_us=22 paint_us=34 encode_us=117 acquire_us=11548 submit_us=4895 skipped=0 gpu_q=1 gpu_total_us=4677 gpu_prepass_us=0 gpu_main_us=4677 gpu_composite_us=0 gpu_blit_us=0
[frust INFO] frust-perf img skipped=0 evicted=3 resident=60 budget=1024x1024x4
[frust INFO] frust-perf raw n=233 total_us=17553 rebuild_us=539 layout_us=24 paint_us=38 encode_us=7 acquire_us=11613 submit_us=5329 skipped=0 gpu_q=1 gpu_total_us=4722 gpu_prepass_us=0 gpu_main_us=4722 gpu_composite_us=0 gpu_blit_us=0
[frust INFO] frust-perf img skipped=0 evicted=3 resident=60 budget=1024x1024x4
[frust INFO] frust-perf raw n=234 total_us=17192 rebuild_us=684 layout_us=31 paint_us=34 encode_us=13 acquire_us=11103 submit_us=5325 skipped=0 gpu_q=1 gpu_total_us=4585 gpu_prepass_us=0 gpu_main_us=4585 gpu_composite_us=0 gpu_blit_us=0
[frust INFO] frust-perf img skipped=0 evicted=4 resident=60 budget=1024x1024x4
[frust INFO] frust-perf raw n=235 total_us=17311 rebuild_us=491 layout_us=22 paint_us=29 encode_us=8 acquire_us=11481 submit_us=5278 skipped=0 gpu_q=1 gpu_total_us=4617 gpu_prepass_us=0 gpu_main_us=4617 gpu_composite_us=0 gpu_blit_us=0
[frust INFO] frust-perf img skipped=0 evicted=3 resident=60 budget=1024x1024x4
[frust INFO] frust-perf raw n=236 total_us=17320 rebuild_us=590 layout_us=29 paint_us=34 encode_us=6 acquire_us=11237 submit_us=5421 skipped=0 gpu_q=1 gpu_total_us=4545 gpu_prepass_us=0 gpu_main_us=4545 gpu_composite_us=0 gpu_blit_us=0
[frust INFO] frust-perf img skipped=0 evicted=3 resident=60 budget=1024x1024x4
[frust INFO] frust-perf raw n=237 total_us=16965 rebuild_us=656 layout_us=29 paint_us=42 encode_us=20 acquire_us=11259 submit_us=4956 skipped=0 gpu_q=1 gpu_total_us=4662 gpu_prepass_us=0 gpu_main_us=4662 gpu_composite_us=0 gpu_blit_us=0
[frust INFO] frust-perf img skipped=0 evicted=3 resident=60 budget=1024x1024x4
[frust INFO] frust-perf raw n=238 total_us=17275 rebuild_us=587 layout_us=28 paint_us=41 encode_us=7 acquire_us=11864 submit_us=4746 skipped=0 gpu_q=1 gpu_total_us=4630 gpu_prepass_us=0 gpu_main_us=4630 gpu_composite_us=0 gpu_blit_us=0
[frust INFO] frust-perf img skipped=0 evicted=3 resident=60 budget=1024x1024x4
[frust INFO] frust-perf raw n=239 total_us=17649 rebuild_us=606 layout_us=21 paint_us=39 encode_us=6 acquire_us=11663 submit_us=5313 skipped=0 gpu_q=1 gpu_total_us=4718 gpu_prepass_us=0 gpu_main_us=4718 gpu_composite_us=0 gpu_blit_us=0
[frust INFO] frust-perf img skipped=0 evicted=4 resident=60 budget=1024x1024x4
[frust INFO] frust-perf enc n=240 w=60 validate_us=4.4 prepare_us=4.6 classify_us=11.0 admit_us=0.5 walk_us=1435.5 glyphs_us=107.9 finish_us=3.1 compile_us=1515.2 schedule_us=4.8 paints_us=18.7 instances_us=76.6 resize_us=3.6 upload_us=1819.8 replay_us=0.7 pipelines_us=19.1 record_us=35.5 total_us=3513.2 total_p95_us=4091.7 draws=29 strips=2111 alphas=51696 glyph_draws=17 atlas_glyphs=17
[frust INFO] frust-perf raw n=240 total_us=17370 rebuild_us=629 layout_us=31 paint_us=43 encode_us=16 acquire_us=11286 submit_us=5363 skipped=0 gpu_q=1 gpu_total_us=4470 gpu_prepass_us=0 gpu_main_us=4470 gpu_composite_us=0 gpu_blit_us=0
[frust INFO] frust-perf img skipped=0 evicted=3 resident=60 budget=1024x1024x4
[frust INFO] frust-perf raw n=241 total_us=16581 rebuild_us=594 layout_us=23 paint_us=40 encode_us=6 acquire_us=11168 submit_us=4748 skipped=0 gpu_q=1 gpu_total_us=4633 gpu_prepass_us=0 gpu_main_us=4633 gpu_composite_us=0 gpu_blit_us=0
[frust INFO] frust-perf img skipped=0 evicted=3 resident=60 budget=1024x1024x4
[frust INFO] frust-perf raw n=242 total_us=17685 rebuild_us=641 layout_us=25 paint_us=43 encode_us=5 acquire_us=11945 submit_us=5024 skipped=0 gpu_q=1 gpu_total_us=4541 gpu_prepass_us=0 gpu_main_us=4541 gpu_composite_us=0 gpu_blit_us=0
[frust INFO] frust-perf img skipped=0 evicted=3 resident=60 budget=1024x1024x4
[frust INFO] frust-perf raw n=243 total_us=16883 rebuild_us=636 layout_us=24 paint_us=36 encode_us=13 acquire_us=11522 submit_us=4650 skipped=0 gpu_q=1 gpu_total_us=4682 gpu_prepass_us=0 gpu_main_us=4682 gpu_composite_us=0 gpu_blit_us=0
[frust INFO] frust-perf img skipped=0 evicted=3 resident=60 budget=1024x1024x4
[frust INFO] frust-perf raw n=244 total_us=17434 rebuild_us=516 layout_us=23 paint_us=26 encode_us=13 acquire_us=11915 submit_us=4939 skipped=0 gpu_q=1 gpu_total_us=4706 gpu_prepass_us=0 gpu_main_us=4706 gpu_composite_us=0 gpu_blit_us=0
[frust INFO] frust-perf frame n=120 total_p50_ms=17 total_p95_ms=18 total_p99_ms=18 rebuild_p95_ms=0 layout_p95_ms=0 paint_p95_ms=0 encode_p95_ms=0 acquire_p95_ms=12 submit_p95_ms=5 over_60hz=203 over_120hz=235 skipped=0 total_frames=244
[frust INFO] frust-perf img skipped=0 evicted=4 resident=60 budget=1024x1024x4
[frust INFO] frust-perf raw n=245 total_us=17451 rebuild_us=538 layout_us=24 paint_us=40 encode_us=14 acquire_us=11576 submit_us=5256 skipped=0 gpu_q=1 gpu_total_us=4660 gpu_prepass_us=0 gpu_main_us=4660 gpu_composite_us=0 gpu_blit_us=0
[frust INFO] frust-perf img skipped=0 evicted=3 resident=60 budget=1024x1024x4
[frust INFO] frust-perf raw n=246 total_us=16778 rebuild_us=509 layout_us=20 paint_us=31 encode_us=11 acquire_us=11259 submit_us=4945 skipped=0 gpu_q=1 gpu_total_us=4765 gpu_prepass_us=0 gpu_main_us=4765 gpu_composite_us=0 gpu_blit_us=0
[frust INFO] frust-perf img skipped=0 evicted=3 resident=60 budget=1024x1024x4
[frust INFO] frust-perf raw n=247 total_us=17105 rebuild_us=542 layout_us=24 paint_us=31 encode_us=10 acquire_us=11725 submit_us=4771 skipped=0 gpu_q=1 gpu_total_us=4646 gpu_prepass_us=0 gpu_main_us=4646 gpu_composite_us=0 gpu_blit_us=0
[frust INFO] frust-perf img skipped=0 evicted=3 resident=60 budget=1024x1024x4
[frust INFO] frust-perf raw n=248 total_us=17178 rebuild_us=509 layout_us=27 paint_us=39 encode_us=57 acquire_us=11947 submit_us=4596 skipped=0 gpu_q=1 gpu_total_us=4633 gpu_prepass_us=0 gpu_main_us=4633 gpu_composite_us=0 gpu_blit_us=0
[frust INFO] frust-perf img skipped=0 evicted=3 resident=60 budget=1024x1024x4
[frust INFO] frust-perf raw n=249 total_us=17587 rebuild_us=517 layout_us=27 paint_us=33 encode_us=6 acquire_us=11946 submit_us=5056 skipped=0 gpu_q=1 gpu_total_us=4553 gpu_prepass_us=0 gpu_main_us=4553 gpu_composite_us=0 gpu_blit_us=0
[frust INFO] frust-perf img skipped=0 evicted=4 resident=60 budget=1024x1024x4
[frust INFO] frust-perf raw n=250 total_us=17424 rebuild_us=533 layout_us=25 paint_us=34 encode_us=15 acquire_us=11433 submit_us=5383 skipped=0 gpu_q=1 gpu_total_us=4633 gpu_prepass_us=0 gpu_main_us=4633 gpu_composite_us=0 gpu_blit_us=0
[frust INFO] frust-perf img skipped=0 evicted=3 resident=60 budget=1024x1024x4
[frust INFO] frust-perf raw n=251 total_us=16574 rebuild_us=481 layout_us=24 paint_us=38 encode_us=16 acquire_us=11358 submit_us=4654 skipped=0 gpu_q=1 gpu_total_us=4747 gpu_prepass_us=0 gpu_main_us=4747 gpu_composite_us=0 gpu_blit_us=0
[frust INFO] frust-perf img skipped=0 evicted=3 resident=60 budget=1024x1024x4
[frust INFO] frust-perf raw n=252 total_us=16539 rebuild_us=226 layout_us=8 paint_us=13 encode_us=15 acquire_us=11785 submit_us=4490 skipped=0 gpu_q=1 gpu_total_us=4724 gpu_prepass_us=0 gpu_main_us=4724 gpu_composite_us=0 gpu_blit_us=0
[frust INFO] frust-perf img skipped=0 evicted=3 resident=60 budget=1024x1024x4
[frust INFO] frust-perf raw n=253 total_us=17767 rebuild_us=832 layout_us=30 paint_us=34 encode_us=13 acquire_us=12385 submit_us=4470 skipped=0 gpu_q=1 gpu_total_us=4717 gpu_prepass_us=0 gpu_main_us=4717 gpu_composite_us=0 gpu_blit_us=0
[frust INFO] frust-perf img skipped=0 evicted=3 resident=60 budget=1024x1024x4
[frust INFO] frust-perf raw n=254 total_us=17610 rebuild_us=482 layout_us=26 paint_us=28 encode_us=5 acquire_us=11876 submit_us=5190 skipped=0 gpu_q=1 gpu_total_us=4613 gpu_prepass_us=0 gpu_main_us=4613 gpu_composite_us=0 gpu_blit_us=0
[frust INFO] frust-perf img skipped=0 evicted=3 resident=60 budget=1024x1024x4
[frust INFO] frust-perf raw n=255 total_us=17023 rebuild_us=573 layout_us=31 paint_us=42 encode_us=13 acquire_us=11457 submit_us=4903 skipped=0 gpu_q=1 gpu_total_us=4610 gpu_prepass_us=0 gpu_main_us=4610 gpu_composite_us=0 gpu_blit_us=0
[frust INFO] frust-perf img skipped=0 evicted=4 resident=60 budget=1024x1024x4
[frust INFO] frust-perf raw n=256 total_us=17589 rebuild_us=502 layout_us=29 paint_us=35 encode_us=8 acquire_us=11744 submit_us=5269 skipped=0 gpu_q=1 gpu_total_us=4643 gpu_prepass_us=0 gpu_main_us=4643 gpu_composite_us=0 gpu_blit_us=0
[frust INFO] frust-perf img skipped=0 evicted=3 resident=60 budget=1024x1024x4
[frust INFO] frust-perf raw n=257 total_us=16619 rebuild_us=539 layout_us=28 paint_us=42 encode_us=6 acquire_us=11340 submit_us=4661 skipped=0 gpu_q=1 gpu_total_us=4546 gpu_prepass_us=0 gpu_main_us=4546 gpu_composite_us=0 gpu_blit_us=0
[frust INFO] frust-perf img skipped=0 evicted=3 resident=60 budget=1024x1024x4
[frust INFO] frust-perf raw n=258 total_us=17345 rebuild_us=608 layout_us=32 paint_us=38 encode_us=6 acquire_us=12084 submit_us=4575 skipped=0 gpu_q=1 gpu_total_us=4655 gpu_prepass_us=0 gpu_main_us=4655 gpu_composite_us=0 gpu_blit_us=0
[frust INFO] frust-perf img skipped=0 evicted=3 resident=60 budget=1024x1024x4
[frust INFO] frust-perf raw n=259 total_us=17302 rebuild_us=600 layout_us=20 paint_us=37 encode_us=6 acquire_us=11914 submit_us=4723 skipped=0 gpu_q=1 gpu_total_us=4488 gpu_prepass_us=0 gpu_main_us=4488 gpu_composite_us=0 gpu_blit_us=0
[frust INFO] frust-perf img skipped=0 evicted=3 resident=60 budget=1024x1024x4
[frust INFO] frust-perf raw n=260 total_us=17229 rebuild_us=555 layout_us=22 paint_us=38 encode_us=6 acquire_us=11864 submit_us=4742 skipped=0 gpu_q=1 gpu_total_us=4667 gpu_prepass_us=0 gpu_main_us=4667 gpu_composite_us=0 gpu_blit_us=0
[frust INFO] frust-perf img skipped=0 evicted=4 resident=60 budget=1024x1024x4
[frust INFO] frust-perf raw n=261 total_us=17536 rebuild_us=597 layout_us=25 paint_us=36 encode_us=13 acquire_us=11887 submit_us=4976 skipped=0 gpu_q=1 gpu_total_us=4590 gpu_prepass_us=0 gpu_main_us=4590 gpu_composite_us=0 gpu_blit_us=0
[frust INFO] frust-perf img skipped=0 evicted=3 resident=60 budget=1024x1024x4
[frust INFO] frust-perf raw n=262 total_us=17613 rebuild_us=516 layout_us=27 paint_us=40 encode_us=6 acquire_us=11679 submit_us=5342 skipped=0 gpu_q=1 gpu_total_us=4552 gpu_prepass_us=0 gpu_main_us=4552 gpu_composite_us=0 gpu_blit_us=0
[frust INFO] frust-perf img skipped=0 evicted=3 resident=60 budget=1024x1024x4
[frust INFO] frust-perf raw n=263 total_us=16935 rebuild_us=579 layout_us=23 paint_us=36 encode_us=9 acquire_us=11539 submit_us=4747 skipped=0 gpu_q=1 gpu_total_us=4562 gpu_prepass_us=0 gpu_main_us=4562 gpu_composite_us=0 gpu_blit_us=0
[frust INFO] frust-perf img skipped=0 evicted=3 resident=60 budget=1024x1024x4
[frust INFO] frust-perf raw n=264 total_us=17525 rebuild_us=578 layout_us=27 paint_us=37 encode_us=8 acquire_us=11843 submit_us=5030 skipped=0 gpu_q=1 gpu_total_us=4620 gpu_prepass_us=0 gpu_main_us=4620 gpu_composite_us=0 gpu_blit_us=0
[frust INFO] frust-perf img skipped=0 evicted=3 resident=60 budget=1024x1024x4
[frust INFO] frust-perf raw n=265 total_us=16767 rebuild_us=529 layout_us=23 paint_us=37 encode_us=17 acquire_us=11329 submit_us=4829 skipped=0 gpu_q=1 gpu_total_us=4687 gpu_prepass_us=0 gpu_main_us=4687 gpu_composite_us=0 gpu_blit_us=0
[frust INFO] frust-perf img skipped=0 evicted=4 resident=60 budget=1024x1024x4
[frust INFO] frust-perf raw n=266 total_us=17412 rebuild_us=452 layout_us=22 paint_us=35 encode_us=14 acquire_us=11670 submit_us=5217 skipped=0 gpu_q=1 gpu_total_us=4669 gpu_prepass_us=0 gpu_main_us=4669 gpu_composite_us=0 gpu_blit_us=0
[frust INFO] frust-perf img skipped=0 evicted=3 resident=60 budget=1024x1024x4
[frust INFO] frust-perf raw n=267 total_us=17176 rebuild_us=487 layout_us=18 paint_us=34 encode_us=8 acquire_us=11532 submit_us=5095 skipped=0 gpu_q=1 gpu_total_us=4575 gpu_prepass_us=0 gpu_main_us=4575 gpu_composite_us=0 gpu_blit_us=0
[frust INFO] frust-perf img skipped=0 evicted=3 resident=60 budget=1024x1024x4
[frust INFO] frust-perf raw n=268 total_us=16948 rebuild_us=584 layout_us=24 paint_us=37 encode_us=16 acquire_us=11442 submit_us=4843 skipped=0 gpu_q=1 gpu_total_us=4642 gpu_prepass_us=0 gpu_main_us=4642 gpu_composite_us=0 gpu_blit_us=0
[frust INFO] frust-perf img skipped=0 evicted=3 resident=60 budget=1024x1024x4
[frust INFO] frust-perf raw n=269 total_us=17212 rebuild_us=482 layout_us=20 paint_us=39 encode_us=11 acquire_us=11936 submit_us=4722 skipped=0 gpu_q=1 gpu_total_us=4742 gpu_prepass_us=0 gpu_main_us=4742 gpu_composite_us=0 gpu_blit_us=0
[frust INFO] frust-perf img skipped=0 evicted=3 resident=60 budget=1024x1024x4
[frust INFO] frust-perf raw n=270 total_us=17003 rebuild_us=469 layout_us=26 paint_us=38 encode_us=10 acquire_us=11797 submit_us=4660 skipped=0 gpu_q=1 gpu_total_us=4651 gpu_prepass_us=0 gpu_main_us=4651 gpu_composite_us=0 gpu_blit_us=0
[frust INFO] frust-perf img skipped=0 evicted=4 resident=60 budget=1024x1024x4
[frust INFO] frust-perf raw n=271 total_us=17832 rebuild_us=572 layout_us=24 paint_us=39 encode_us=12 acquire_us=11853 submit_us=5329 skipped=0 gpu_q=1 gpu_total_us=4553 gpu_prepass_us=0 gpu_main_us=4553 gpu_composite_us=0 gpu_blit_us=0
[frust INFO] frust-perf img skipped=0 evicted=3 resident=60 budget=1024x1024x4
[frust INFO] frust-perf raw n=272 total_us=16737 rebuild_us=482 layout_us=28 paint_us=40 encode_us=14 acquire_us=11267 submit_us=4904 skipped=0 gpu_q=1 gpu_total_us=4663 gpu_prepass_us=0 gpu_main_us=4663 gpu_composite_us=0 gpu_blit_us=0
[frust INFO] frust-perf img skipped=0 evicted=3 resident=60 budget=1024x1024x4
[frust INFO] frust-perf raw n=273 total_us=17261 rebuild_us=541 layout_us=28 paint_us=33 encode_us=12 acquire_us=11986 submit_us=4658 skipped=0 gpu_q=1 gpu_total_us=4619 gpu_prepass_us=0 gpu_main_us=4619 gpu_composite_us=0 gpu_blit_us=0
[frust INFO] frust-perf img skipped=0 evicted=3 resident=60 budget=1024x1024x4
[frust INFO] frust-perf raw n=274 total_us=17574 rebuild_us=586 layout_us=22 paint_us=34 encode_us=7 acquire_us=11773 submit_us=5150 skipped=0 gpu_q=1 gpu_total_us=4670 gpu_prepass_us=0 gpu_main_us=4670 gpu_composite_us=0 gpu_blit_us=0
[frust INFO] frust-perf img skipped=0 evicted=3 resident=60 budget=1024x1024x4
[frust INFO] frust-perf raw n=275 total_us=17033 rebuild_us=595 layout_us=31 paint_us=38 encode_us=16 acquire_us=11352 submit_us=4998 skipped=0 gpu_q=1 gpu_total_us=4660 gpu_prepass_us=0 gpu_main_us=4660 gpu_composite_us=0 gpu_blit_us=0
[frust INFO] frust-perf img skipped=0 evicted=4 resident=60 budget=1024x1024x4
[frust INFO] frust-perf raw n=276 total_us=17345 rebuild_us=499 layout_us=26 paint_us=32 encode_us=7 acquire_us=11689 submit_us=5089 skipped=0 gpu_q=1 gpu_total_us=4488 gpu_prepass_us=0 gpu_main_us=4488 gpu_composite_us=0 gpu_blit_us=0
[frust INFO] frust-perf img skipped=0 evicted=3 resident=60 budget=1024x1024x4
[frust INFO] frust-perf raw n=277 total_us=17577 rebuild_us=563 layout_us=22 paint_us=39 encode_us=7 acquire_us=11706 submit_us=5237 skipped=0 gpu_q=1 gpu_total_us=4594 gpu_prepass_us=0 gpu_main_us=4594 gpu_composite_us=0 gpu_blit_us=0
[frust INFO] frust-perf img skipped=0 evicted=3 resident=60 budget=1024x1024x4
[frust INFO] frust-perf raw n=278 total_us=16694 rebuild_us=544 layout_us=24 paint_us=32 encode_us=6 acquire_us=11422 submit_us=4663 skipped=0 gpu_q=1 gpu_total_us=4672 gpu_prepass_us=0 gpu_main_us=4672 gpu_composite_us=0 gpu_blit_us=0
[frust INFO] frust-perf img skipped=0 evicted=3 resident=60 budget=1024x1024x4
[frust INFO] frust-perf raw n=279 total_us=17443 rebuild_us=577 layout_us=24 paint_us=36 encode_us=6 acquire_us=11805 submit_us=4994 skipped=0 gpu_q=1 gpu_total_us=4632 gpu_prepass_us=0 gpu_main_us=4632 gpu_composite_us=0 gpu_blit_us=0
[frust INFO] frust-perf img skipped=0 evicted=3 resident=60 budget=1024x1024x4
[frust INFO] frust-perf raw n=280 total_us=17037 rebuild_us=514 layout_us=21 paint_us=36 encode_us=12 acquire_us=11585 submit_us=4867 skipped=0 gpu_q=1 gpu_total_us=4615 gpu_prepass_us=0 gpu_main_us=4615 gpu_composite_us=0 gpu_blit_us=0
[frust INFO] frust-perf img skipped=0 evicted=4 resident=60 budget=1024x1024x4
[frust INFO] frust-perf raw n=281 total_us=17791 rebuild_us=485 layout_us=27 paint_us=38 encode_us=10 acquire_us=11802 submit_us=5428 skipped=0 gpu_q=1 gpu_total_us=4741 gpu_prepass_us=0 gpu_main_us=4741 gpu_composite_us=0 gpu_blit_us=0
[frust INFO] frust-perf img skipped=0 evicted=3 resident=60 budget=1024x1024x4
[frust INFO] frust-perf raw n=282 total_us=16231 rebuild_us=486 layout_us=18 paint_us=38 encode_us=11 acquire_us=11066 submit_us=4610 skipped=0 gpu_q=1 gpu_total_us=4596 gpu_prepass_us=0 gpu_main_us=4596 gpu_composite_us=0 gpu_blit_us=0
[frust INFO] frust-perf img skipped=0 evicted=3 resident=60 budget=1024x1024x4
[frust INFO] frust-perf raw n=283 total_us=17451 rebuild_us=535 layout_us=29 paint_us=38 encode_us=10 acquire_us=12236 submit_us=4601 skipped=0 gpu_q=1 gpu_total_us=4641 gpu_prepass_us=0 gpu_main_us=4641 gpu_composite_us=0 gpu_blit_us=0
[frust INFO] frust-perf img skipped=0 evicted=3 resident=60 budget=1024x1024x4
[frust INFO] frust-perf raw n=284 total_us=17360 rebuild_us=530 layout_us=27 paint_us=38 encode_us=6 acquire_us=11801 submit_us=4956 skipped=0 gpu_q=1 gpu_total_us=4752 gpu_prepass_us=0 gpu_main_us=4752 gpu_composite_us=0 gpu_blit_us=0
[frust INFO] frust-perf img skipped=0 evicted=3 resident=60 budget=1024x1024x4
[frust INFO] frust-perf raw n=285 total_us=17008 rebuild_us=529 layout_us=23 paint_us=40 encode_us=7 acquire_us=11723 submit_us=4683 skipped=0 gpu_q=1 gpu_total_us=4666 gpu_prepass_us=0 gpu_main_us=4666 gpu_composite_us=0 gpu_blit_us=0
[frust INFO] frust-perf img skipped=0 evicted=4 resident=60 budget=1024x1024x4
[frust INFO] frust-perf raw n=286 total_us=17954 rebuild_us=519 layout_us=28 paint_us=37 encode_us=5 acquire_us=11901 submit_us=5460 skipped=0 gpu_q=1 gpu_total_us=4590 gpu_prepass_us=0 gpu_main_us=4590 gpu_composite_us=0 gpu_blit_us=0
[frust INFO] frust-perf img skipped=0 evicted=3 resident=60 budget=1024x1024x4
[frust INFO] frust-perf raw n=287 total_us=16725 rebuild_us=572 layout_us=26 paint_us=37 encode_us=13 acquire_us=11219 submit_us=4855 skipped=0 gpu_q=1 gpu_total_us=4563 gpu_prepass_us=0 gpu_main_us=4563 gpu_composite_us=0 gpu_blit_us=0
[frust INFO] frust-perf img skipped=0 evicted=3 resident=60 budget=1024x1024x4
[frust INFO] frust-perf raw n=288 total_us=16886 rebuild_us=516 layout_us=24 paint_us=31 encode_us=10 acquire_us=11632 submit_us=4670 skipped=0 gpu_q=1 gpu_total_us=4730 gpu_prepass_us=0 gpu_main_us=4730 gpu_composite_us=0 gpu_blit_us=0
[frust INFO] frust-perf img skipped=0 evicted=3 resident=60 budget=1024x1024x4
[frust INFO] frust-perf raw n=289 total_us=17391 rebuild_us=494 layout_us=20 paint_us=32 encode_us=10 acquire_us=12000 submit_us=4833 skipped=0 gpu_q=1 gpu_total_us=4692 gpu_prepass_us=0 gpu_main_us=4692 gpu_composite_us=0 gpu_blit_us=0
[frust INFO] frust-perf img skipped=0 evicted=3 resident=60 budget=1024x1024x4
[frust INFO] frust-perf raw n=290 total_us=17396 rebuild_us=501 layout_us=29 paint_us=36 encode_us=13 acquire_us=11941 submit_us=4874 skipped=0 gpu_q=1 gpu_total_us=4639 gpu_prepass_us=0 gpu_main_us=4639 gpu_composite_us=0 gpu_blit_us=0
[frust INFO] frust-perf img skipped=0 evicted=4 resident=60 budget=1024x1024x4
[frust INFO] frust-perf raw n=291 total_us=17307 rebuild_us=482 layout_us=23 paint_us=36 encode_us=11 acquire_us=11476 submit_us=5275 skipped=0 gpu_q=1 gpu_total_us=4605 gpu_prepass_us=0 gpu_main_us=4605 gpu_composite_us=0 gpu_blit_us=0
[frust INFO] frust-perf img skipped=0 evicted=3 resident=60 budget=1024x1024x4
[frust INFO] frust-perf raw n=292 total_us=16816 rebuild_us=467 layout_us=24 paint_us=34 encode_us=10 acquire_us=11408 submit_us=4870 skipped=0 gpu_q=1 gpu_total_us=4654 gpu_prepass_us=0 gpu_main_us=4654 gpu_composite_us=0 gpu_blit_us=0
[frust INFO] frust-perf img skipped=0 evicted=3 resident=60 budget=1024x1024x4
[frust INFO] frust-perf raw n=293 total_us=16954 rebuild_us=528 layout_us=28 paint_us=39 encode_us=11 acquire_us=11653 submit_us=4693 skipped=0 gpu_q=1 gpu_total_us=4739 gpu_prepass_us=0 gpu_main_us=4739 gpu_composite_us=0 gpu_blit_us=0
[frust INFO] frust-perf img skipped=0 evicted=3 resident=60 budget=1024x1024x4
[frust INFO] frust-perf raw n=294 total_us=17544 rebuild_us=474 layout_us=23 paint_us=34 encode_us=14 acquire_us=11900 submit_us=5097 skipped=0 gpu_q=1 gpu_total_us=4656 gpu_prepass_us=0 gpu_main_us=4656 gpu_composite_us=0 gpu_blit_us=0
[frust INFO] frust-perf img skipped=0 evicted=3 resident=60 budget=1024x1024x4
[frust INFO] frust-perf raw n=295 total_us=17284 rebuild_us=552 layout_us=25 paint_us=32 encode_us=10 acquire_us=11761 submit_us=4902 skipped=0 gpu_q=1 gpu_total_us=4628 gpu_prepass_us=0 gpu_main_us=4628 gpu_composite_us=0 gpu_blit_us=0
[frust INFO] frust-perf img skipped=0 evicted=4 resident=60 budget=1024x1024x4
[frust INFO] frust-perf raw n=296 total_us=17439 rebuild_us=538 layout_us=26 paint_us=34 encode_us=10 acquire_us=11470 submit_us=5358 skipped=0 gpu_q=1 gpu_total_us=4601 gpu_prepass_us=0 gpu_main_us=4601 gpu_composite_us=0 gpu_blit_us=0
[frust INFO] frust-perf img skipped=0 evicted=3 resident=60 budget=1024x1024x4
[frust INFO] frust-perf raw n=297 total_us=17008 rebuild_us=523 layout_us=27 paint_us=40 encode_us=16 acquire_us=11209 submit_us=5191 skipped=0 gpu_q=1 gpu_total_us=4691 gpu_prepass_us=0 gpu_main_us=4691 gpu_composite_us=0 gpu_blit_us=0
[frust INFO] frust-perf img skipped=0 evicted=3 resident=60 budget=1024x1024x4
[frust INFO] frust-perf raw n=298 total_us=16736 rebuild_us=522 layout_us=32 paint_us=32 encode_us=11 acquire_us=11408 submit_us=4729 skipped=0 gpu_q=1 gpu_total_us=4683 gpu_prepass_us=0 gpu_main_us=4683 gpu_composite_us=0 gpu_blit_us=0
[frust INFO] frust-perf img skipped=0 evicted=3 resident=60 budget=1024x1024x4
[frust INFO] frust-perf raw n=299 total_us=17450 rebuild_us=526 layout_us=26 paint_us=32 encode_us=9 acquire_us=11902 submit_us=4953 skipped=0 gpu_q=1 gpu_total_us=4668 gpu_prepass_us=0 gpu_main_us=4668 gpu_composite_us=0 gpu_blit_us=0
[frust INFO] frust-perf img skipped=0 evicted=3 resident=60 budget=1024x1024x4
[frust INFO] frust-perf enc n=300 w=60 validate_us=4.4 prepare_us=4.7 classify_us=10.9 admit_us=0.5 walk_us=1436.3 glyphs_us=109.8 finish_us=3.0 compile_us=1519.2 schedule_us=4.9 paints_us=18.7 instances_us=75.5 resize_us=3.5 upload_us=1805.6 replay_us=0.7 pipelines_us=20.5 record_us=36.9 total_us=3491.8 total_p95_us=4078.7 draws=29 strips=2111 alphas=51696 glyph_draws=17 atlas_glyphs=17
[frust INFO] frust-perf raw n=300 total_us=17380 rebuild_us=510 layout_us=21 paint_us=43 encode_us=15 acquire_us=11789 submit_us=5000 skipped=0 gpu_q=1 gpu_total_us=4640 gpu_prepass_us=0 gpu_main_us=4640 gpu_composite_us=0 gpu_blit_us=0
[frust INFO] frust-perf img skipped=0 evicted=4 resident=60 budget=1024x1024x4
[frust INFO] frust-perf raw n=301 total_us=17715 rebuild_us=554 layout_us=26 paint_us=36 encode_us=10 acquire_us=11517 submit_us=5569 skipped=0 gpu_q=1 gpu_total_us=4605 gpu_prepass_us=0 gpu_main_us=4605 gpu_composite_us=0 gpu_blit_us=0
[frust INFO] frust-perf img skipped=0 evicted=3 resident=60 budget=1024x1024x4
[frust INFO] frust-perf raw n=302 total_us=16698 rebuild_us=531 layout_us=26 paint_us=38 encode_us=13 acquire_us=10998 submit_us=5090 skipped=0 gpu_q=1 gpu_total_us=4662 gpu_prepass_us=0 gpu_main_us=4662 gpu_composite_us=0 gpu_blit_us=0
[frust INFO] frust-perf img skipped=0 evicted=3 resident=60 budget=1024x1024x4
[frust INFO] frust-perf raw n=303 total_us=16957 rebuild_us=609 layout_us=25 paint_us=38 encode_us=10 acquire_us=11505 submit_us=4767 skipped=0 gpu_q=1 gpu_total_us=4643 gpu_prepass_us=0 gpu_main_us=4643 gpu_composite_us=0 gpu_blit_us=0
[frust INFO] frust-perf img skipped=0 evicted=3 resident=60 budget=1024x1024x4
[frust INFO] frust-perf raw n=304 total_us=17303 rebuild_us=524 layout_us=27 paint_us=31 encode_us=10 acquire_us=11866 submit_us=4844 skipped=0 gpu_q=1 gpu_total_us=4632 gpu_prepass_us=0 gpu_main_us=4632 gpu_composite_us=0 gpu_blit_us=0
[frust INFO] frust-perf img skipped=0 evicted=3 resident=60 budget=1024x1024x4
[frust INFO] frust-perf raw n=305 total_us=17679 rebuild_us=526 layout_us=23 paint_us=36 encode_us=11 acquire_us=11999 submit_us=5080 skipped=0 gpu_q=1 gpu_total_us=4685 gpu_prepass_us=0 gpu_main_us=4685 gpu_composite_us=0 gpu_blit_us=0
[frust INFO] frust-perf img skipped=0 evicted=3 resident=60 budget=1024x1024x4
[frust INFO] frust-perf raw n=306 total_us=16753 rebuild_us=550 layout_us=23 paint_us=41 encode_us=12 acquire_us=11246 submit_us=4879 skipped=0 gpu_q=1 gpu_total_us=4591 gpu_prepass_us=0 gpu_main_us=4591 gpu_composite_us=0 gpu_blit_us=0
[frust INFO] frust-perf img skipped=0 evicted=4 resident=60 budget=1024x1024x4
[frust INFO] frust-perf raw n=307 total_us=17899 rebuild_us=570 layout_us=23 paint_us=42 encode_us=11 acquire_us=11655 submit_us=5595 skipped=0 gpu_q=1 gpu_total_us=4662 gpu_prepass_us=0 gpu_main_us=4662 gpu_composite_us=0 gpu_blit_us=0
[frust INFO] frust-perf img skipped=0 evicted=3 resident=60 budget=1024x1024x4
[frust INFO] frust-perf raw n=308 total_us=16932 rebuild_us=535 layout_us=23 paint_us=39 encode_us=13 acquire_us=11255 submit_us=5065 skipped=0 gpu_q=1 gpu_total_us=4716 gpu_prepass_us=0 gpu_main_us=4716 gpu_composite_us=0 gpu_blit_us=0
[frust INFO] frust-perf img skipped=0 evicted=3 resident=60 budget=1024x1024x4
[frust INFO] frust-perf raw n=309 total_us=17028 rebuild_us=605 layout_us=30 paint_us=43 encode_us=11 acquire_us=11382 submit_us=4956 skipped=0 gpu_q=1 gpu_total_us=4627 gpu_prepass_us=0 gpu_main_us=4627 gpu_composite_us=0 gpu_blit_us=0
[frust INFO] frust-perf img skipped=0 evicted=3 resident=60 budget=1024x1024x4
[frust INFO] frust-perf raw n=310 total_us=17723 rebuild_us=568 layout_us=25 paint_us=41 encode_us=12 acquire_us=11757 submit_us=5317 skipped=0 gpu_q=1 gpu_total_us=4597 gpu_prepass_us=0 gpu_main_us=4597 gpu_composite_us=0 gpu_blit_us=0
[frust INFO] frust-perf img skipped=0 evicted=3 resident=60 budget=1024x1024x4
[frust INFO] frust-perf raw n=311 total_us=16856 rebuild_us=599 layout_us=28 paint_us=38 encode_us=14 acquire_us=11274 submit_us=4901 skipped=0 gpu_q=1 gpu_total_us=4604 gpu_prepass_us=0 gpu_main_us=4604 gpu_composite_us=0 gpu_blit_us=0
[frust INFO] frust-perf img skipped=0 evicted=4 resident=60 budget=1024x1024x4
[frust INFO] frust-perf raw n=312 total_us=17764 rebuild_us=550 layout_us=23 paint_us=41 encode_us=16 acquire_us=11649 submit_us=5482 skipped=0 gpu_q=1 gpu_total_us=4653 gpu_prepass_us=0 gpu_main_us=4653 gpu_composite_us=0 gpu_blit_us=0
[frust INFO] frust-perf img skipped=0 evicted=3 resident=60 budget=1024x1024x4
[frust INFO] frust-perf raw n=313 total_us=16512 rebuild_us=585 layout_us=24 paint_us=32 encode_us=7 acquire_us=11146 submit_us=4715 skipped=0 gpu_q=1 gpu_total_us=4679 gpu_prepass_us=0 gpu_main_us=4679 gpu_composite_us=0 gpu_blit_us=0
[frust INFO] frust-perf img skipped=0 evicted=3 resident=60 budget=1024x1024x4
[frust INFO] frust-perf raw n=314 total_us=17885 rebuild_us=615 layout_us=20 paint_us=36 encode_us=6 acquire_us=11871 submit_us=5334 skipped=0 gpu_q=1 gpu_total_us=4731 gpu_prepass_us=0 gpu_main_us=4731 gpu_composite_us=0 gpu_blit_us=0
[frust INFO] frust-perf img skipped=0 evicted=3 resident=60 budget=1024x1024x4
[frust INFO] frust-perf raw n=315 total_us=16977 rebuild_us=605 layout_us=24 paint_us=38 encode_us=13 acquire_us=11211 submit_us=5083 skipped=0 gpu_q=1 gpu_total_us=4605 gpu_prepass_us=0 gpu_main_us=4605 gpu_composite_us=0 gpu_blit_us=0
[frust INFO] frust-perf img skipped=0 evicted=3 resident=60 budget=1024x1024x4
[frust INFO] frust-perf raw n=316 total_us=17291 rebuild_us=569 layout_us=27 paint_us=36 encode_us=6 acquire_us=11908 submit_us=4743 skipped=0 gpu_q=1 gpu_total_us=4585 gpu_prepass_us=0 gpu_main_us=4585 gpu_composite_us=0 gpu_blit_us=0
[frust INFO] frust-perf img skipped=0 evicted=4 resident=60 budget=1024x1024x4
[frust INFO] frust-perf raw n=317 total_us=17972 rebuild_us=618 layout_us=23 paint_us=43 encode_us=5 acquire_us=11580 submit_us=5701 skipped=0 gpu_q=1 gpu_total_us=4688 gpu_prepass_us=0 gpu_main_us=4688 gpu_composite_us=0 gpu_blit_us=0
[frust INFO] frust-perf img skipped=0 evicted=3 resident=60 budget=1024x1024x4
[frust INFO] frust-perf raw n=318 total_us=16496 rebuild_us=596 layout_us=27 paint_us=38 encode_us=6 acquire_us=10916 submit_us=4911 skipped=0 gpu_q=1 gpu_total_us=4607 gpu_prepass_us=0 gpu_main_us=4607 gpu_composite_us=0 gpu_blit_us=0
[frust INFO] frust-perf img skipped=0 evicted=3 resident=60 budget=1024x1024x4
[frust INFO] frust-perf raw n=319 total_us=17092 rebuild_us=548 layout_us=27 paint_us=34 encode_us=6 acquire_us=11731 submit_us=4742 skipped=0 gpu_q=1 gpu_total_us=4524 gpu_prepass_us=0 gpu_main_us=4524 gpu_composite_us=0 gpu_blit_us=0
[frust INFO] frust-perf img skipped=0 evicted=3 resident=60 budget=1024x1024x4
[frust INFO] frust-perf raw n=320 total_us=17607 rebuild_us=574 layout_us=23 paint_us=37 encode_us=5 acquire_us=11849 submit_us=5116 skipped=0 gpu_q=1 gpu_total_us=4694 gpu_prepass_us=0 gpu_main_us=4694 gpu_composite_us=0 gpu_blit_us=0
[frust INFO] frust-perf img skipped=0 evicted=3 resident=60 budget=1024x1024x4
[frust INFO] frust-perf raw n=321 total_us=17061 rebuild_us=551 layout_us=22 paint_us=33 encode_us=14 acquire_us=11676 submit_us=4763 skipped=0 gpu_q=1 gpu_total_us=4571 gpu_prepass_us=0 gpu_main_us=4571 gpu_composite_us=0 gpu_blit_us=0
[frust INFO] frust-perf img skipped=0 evicted=4 resident=60 budget=1024x1024x4
[frust INFO] frust-perf raw n=322 total_us=17660 rebuild_us=479 layout_us=25 paint_us=33 encode_us=11 acquire_us=11573 submit_us=5537 skipped=0 gpu_q=1 gpu_total_us=4583 gpu_prepass_us=0 gpu_main_us=4583 gpu_composite_us=0 gpu_blit_us=0
[frust INFO] frust-perf img skipped=0 evicted=3 resident=60 budget=1024x1024x4
[frust INFO] frust-perf raw n=323 total_us=16740 rebuild_us=523 layout_us=27 paint_us=36 encode_us=10 acquire_us=11136 submit_us=5006 skipped=0 gpu_q=1 gpu_total_us=4654 gpu_prepass_us=0 gpu_main_us=4654 gpu_composite_us=0 gpu_blit_us=0
[frust INFO] frust-perf img skipped=0 evicted=3 resident=60 budget=1024x1024x4
[frust INFO] frust-perf raw n=324 total_us=17464 rebuild_us=633 layout_us=29 paint_us=60 encode_us=11 acquire_us=11680 submit_us=5050 skipped=0 gpu_q=1 gpu_total_us=4641 gpu_prepass_us=0 gpu_main_us=4641 gpu_composite_us=0 gpu_blit_us=0
[frust INFO] frust-perf img skipped=0 evicted=3 resident=60 budget=1024x1024x4
[frust INFO] frust-perf raw n=325 total_us=16562 rebuild_us=596 layout_us=23 paint_us=36 encode_us=11 acquire_us=11537 submit_us=4356 skipped=0 gpu_q=1 gpu_total_us=4637 gpu_prepass_us=0 gpu_main_us=4637 gpu_composite_us=0 gpu_blit_us=0
[frust INFO] frust-perf img skipped=0 evicted=3 resident=60 budget=1024x1024x4
[frust INFO] frust-perf raw n=326 total_us=17746 rebuild_us=539 layout_us=27 paint_us=37 encode_us=14 acquire_us=12339 submit_us=4787 skipped=0 gpu_q=1 gpu_total_us=4620 gpu_prepass_us=0 gpu_main_us=4620 gpu_composite_us=0 gpu_blit_us=0
[frust INFO] frust-perf img skipped=0 evicted=4 resident=60 budget=1024x1024x4
[frust INFO] frust-perf raw n=327 total_us=17992 rebuild_us=534 layout_us=27 paint_us=36 encode_us=7 acquire_us=11712 submit_us=5674 skipped=0 gpu_q=1 gpu_total_us=4534 gpu_prepass_us=0 gpu_main_us=4534 gpu_composite_us=0 gpu_blit_us=0
[frust INFO] frust-perf img skipped=0 evicted=3 resident=60 budget=1024x1024x4
[frust INFO] frust-perf raw n=328 total_us=16631 rebuild_us=545 layout_us=23 paint_us=34 encode_us=7 acquire_us=10987 submit_us=5033 skipped=0 gpu_q=1 gpu_total_us=4695 gpu_prepass_us=0 gpu_main_us=4695 gpu_composite_us=0 gpu_blit_us=0
[frust INFO] frust-perf img skipped=0 evicted=3 resident=60 budget=1024x1024x4
[frust INFO] frust-perf raw n=329 total_us=16898 rebuild_us=565 layout_us=23 paint_us=30 encode_us=7 acquire_us=11631 submit_us=4641 skipped=0 gpu_q=1 gpu_total_us=4649 gpu_prepass_us=0 gpu_main_us=4649 gpu_composite_us=0 gpu_blit_us=0
[frust INFO] frust-perf img skipped=0 evicted=3 resident=60 budget=1024x1024x4
[frust INFO] frust-perf raw n=330 total_us=17654 rebuild_us=615 layout_us=30 paint_us=41 encode_us=6 acquire_us=11937 submit_us=5022 skipped=0 gpu_q=1 gpu_total_us=4750 gpu_prepass_us=0 gpu_main_us=4750 gpu_composite_us=0 gpu_blit_us=0
[frust INFO] frust-perf img skipped=0 evicted=3 resident=60 budget=1024x1024x4
[frust INFO] frust-perf raw n=331 total_us=16988 rebuild_us=612 layout_us=26 paint_us=35 encode_us=14 acquire_us=11706 submit_us=4593 skipped=0 gpu_q=1 gpu_total_us=4680 gpu_prepass_us=0 gpu_main_us=4680 gpu_composite_us=0 gpu_blit_us=0
[frust INFO] frust-perf img skipped=0 evicted=4 resident=60 budget=1024x1024x4
[frust INFO] frust-perf raw n=332 total_us=17684 rebuild_us=476 layout_us=28 paint_us=35 encode_us=12 acquire_us=11819 submit_us=5313 skipped=0 gpu_q=1 gpu_total_us=4523 gpu_prepass_us=0 gpu_main_us=4523 gpu_composite_us=0 gpu_blit_us=0
[frust INFO] frust-perf img skipped=0 evicted=3 resident=60 budget=1024x1024x4
[frust INFO] frust-perf raw n=333 total_us=16874 rebuild_us=545 layout_us=22 paint_us=36 encode_us=11 acquire_us=11306 submit_us=4952 skipped=0 gpu_q=1 gpu_total_us=4524 gpu_prepass_us=0 gpu_main_us=4524 gpu_composite_us=0 gpu_blit_us=0
[frust INFO] frust-perf img skipped=0 evicted=3 resident=60 budget=1024x1024x4
[frust INFO] frust-perf raw n=334 total_us=17156 rebuild_us=544 layout_us=27 paint_us=34 encode_us=9 acquire_us=11645 submit_us=4894 skipped=0 gpu_q=1 gpu_total_us=4679 gpu_prepass_us=0 gpu_main_us=4679 gpu_composite_us=0 gpu_blit_us=0
[frust INFO] frust-perf img skipped=0 evicted=3 resident=60 budget=1024x1024x4
[frust INFO] frust-perf raw n=335 total_us=17206 rebuild_us=531 layout_us=26 paint_us=38 encode_us=10 acquire_us=11724 submit_us=4873 skipped=0 gpu_q=1 gpu_total_us=4644 gpu_prepass_us=0 gpu_main_us=4644 gpu_composite_us=0 gpu_blit_us=0
[frust INFO] frust-perf img skipped=0 evicted=3 resident=60 budget=1024x1024x4
[frust INFO] frust-perf raw n=336 total_us=17091 rebuild_us=481 layout_us=18 paint_us=29 encode_us=63 acquire_us=11932 submit_us=4565 skipped=0 gpu_q=1 gpu_total_us=4631 gpu_prepass_us=0 gpu_main_us=4631 gpu_composite_us=0 gpu_blit_us=0
[frust INFO] frust-perf img skipped=0 evicted=4 resident=60 budget=1024x1024x4
[frust INFO] frust-perf raw n=337 total_us=18258 rebuild_us=518 layout_us=25 paint_us=34 encode_us=6 acquire_us=11895 submit_us=5777 skipped=0 gpu_q=1 gpu_total_us=4632 gpu_prepass_us=0 gpu_main_us=4632 gpu_composite_us=0 gpu_blit_us=0
[frust INFO] frust-perf img skipped=0 evicted=3 resident=60 budget=1024x1024x4
[frust INFO] frust-perf raw n=338 total_us=16332 rebuild_us=604 layout_us=28 paint_us=42 encode_us=18 acquire_us=10775 submit_us=4863 skipped=0 gpu_q=1 gpu_total_us=4659 gpu_prepass_us=0 gpu_main_us=4659 gpu_composite_us=0 gpu_blit_us=0
[frust INFO] frust-perf img skipped=0 evicted=3 resident=60 budget=1024x1024x4
[frust INFO] frust-perf raw n=339 total_us=16948 rebuild_us=575 layout_us=23 paint_us=31 encode_us=13 acquire_us=11722 submit_us=4581 skipped=0 gpu_q=1 gpu_total_us=4605 gpu_prepass_us=0 gpu_main_us=4605 gpu_composite_us=0 gpu_blit_us=0
[frust INFO] frust-perf img skipped=0 evicted=3 resident=60 budget=1024x1024x4
[frust INFO] frust-perf raw n=340 total_us=17273 rebuild_us=450 layout_us=22 paint_us=30 encode_us=10 acquire_us=12049 submit_us=4710 skipped=0 gpu_q=1 gpu_total_us=4542 gpu_prepass_us=0 gpu_main_us=4542 gpu_composite_us=0 gpu_blit_us=0
[frust INFO] frust-perf img skipped=0 evicted=3 resident=60 budget=1024x1024x4
[frust INFO] frust-perf raw n=341 total_us=17465 rebuild_us=532 layout_us=27 paint_us=33 encode_us=14 acquire_us=12063 submit_us=4794 skipped=0 gpu_q=1 gpu_total_us=4662 gpu_prepass_us=0 gpu_main_us=4662 gpu_composite_us=0 gpu_blit_us=0
[frust INFO] frust-perf img skipped=0 evicted=4 resident=60 budget=1024x1024x4
[frust INFO] frust-perf raw n=342 total_us=17697 rebuild_us=555 layout_us=26 paint_us=39 encode_us=10 acquire_us=11548 submit_us=5516 skipped=0 gpu_q=1 gpu_total_us=4625 gpu_prepass_us=0 gpu_main_us=4625 gpu_composite_us=0 gpu_blit_us=0
[frust INFO] frust-perf img skipped=0 evicted=3 resident=60 budget=1024x1024x4
[frust INFO] frust-perf raw n=343 total_us=16517 rebuild_us=531 layout_us=26 paint_us=31 encode_us=10 acquire_us=11076 submit_us=4841 skipped=0 gpu_q=1 gpu_total_us=4645 gpu_prepass_us=0 gpu_main_us=4645 gpu_composite_us=0 gpu_blit_us=0
[frust INFO] frust-perf img skipped=0 evicted=3 resident=60 budget=1024x1024x4
[frust INFO] frust-perf raw n=344 total_us=17653 rebuild_us=514 layout_us=24 paint_us=38 encode_us=10 acquire_us=11909 submit_us=5157 skipped=0 gpu_q=1 gpu_total_us=4636 gpu_prepass_us=0 gpu_main_us=4636 gpu_composite_us=0 gpu_blit_us=0
[frust INFO] frust-perf img skipped=0 evicted=3 resident=60 budget=1024x1024x4
[frust INFO] frust-perf raw n=345 total_us=16960 rebuild_us=533 layout_us=26 paint_us=36 encode_us=12 acquire_us=11327 submit_us=5025 skipped=0 gpu_q=1 gpu_total_us=4640 gpu_prepass_us=0 gpu_main_us=4640 gpu_composite_us=0 gpu_blit_us=0
[frust INFO] frust-perf img skipped=0 evicted=3 resident=60 budget=1024x1024x4
[frust INFO] frust-perf raw n=346 total_us=17487 rebuild_us=529 layout_us=23 paint_us=35 encode_us=10 acquire_us=11897 submit_us=4990 skipped=0 gpu_q=1 gpu_total_us=4647 gpu_prepass_us=0 gpu_main_us=4647 gpu_composite_us=0 gpu_blit_us=0
[frust INFO] frust-perf img skipped=0 evicted=4 resident=60 budget=1024x1024x4
[frust INFO] frust-perf raw n=347 total_us=17148 rebuild_us=543 layout_us=27 paint_us=43 encode_us=11 acquire_us=11348 submit_us=5174 skipped=0 gpu_q=1 gpu_total_us=4592 gpu_prepass_us=0 gpu_main_us=4592 gpu_composite_us=0 gpu_blit_us=0
[frust INFO] frust-perf img skipped=0 evicted=3 resident=60 budget=1024x1024x4
[frust INFO] frust-perf raw n=348 total_us=16768 rebuild_us=471 layout_us=19 paint_us=28 encode_us=10 acquire_us=11428 submit_us=4809 skipped=0 gpu_q=1 gpu_total_us=4653 gpu_prepass_us=0 gpu_main_us=4653 gpu_composite_us=0 gpu_blit_us=0
[frust INFO] frust-perf img skipped=0 evicted=3 resident=60 budget=1024x1024x4
[frust INFO] frust-perf raw n=349 total_us=17322 rebuild_us=470 layout_us=23 paint_us=31 encode_us=10 acquire_us=11838 submit_us=4947 skipped=0 gpu_q=1 gpu_total_us=4635 gpu_prepass_us=0 gpu_main_us=4635 gpu_composite_us=0 gpu_blit_us=0
[frust INFO] frust-perf img skipped=0 evicted=3 resident=60 budget=1024x1024x4
[frust INFO] frust-perf raw n=350 total_us=16963 rebuild_us=561 layout_us=22 paint_us=38 encode_us=11 acquire_us=11553 submit_us=4776 skipped=0 gpu_q=1 gpu_total_us=4643 gpu_prepass_us=0 gpu_main_us=4643 gpu_composite_us=0 gpu_blit_us=0
[frust INFO] frust-perf img skipped=0 evicted=3 resident=60 budget=1024x1024x4
[frust INFO] frust-perf raw n=351 total_us=17500 rebuild_us=551 layout_us=26 paint_us=36 encode_us=10 acquire_us=12009 submit_us=4867 skipped=0 gpu_q=1 gpu_total_us=4620 gpu_prepass_us=0 gpu_main_us=4620 gpu_composite_us=0 gpu_blit_us=0
[frust INFO] frust-perf img skipped=0 evicted=4 resident=60 budget=1024x1024x4
[frust INFO] frust-perf raw n=352 total_us=17992 rebuild_us=510 layout_us=23 paint_us=31 encode_us=15 acquire_us=11655 submit_us=5756 skipped=0 gpu_q=1 gpu_total_us=4579 gpu_prepass_us=0 gpu_main_us=4579 gpu_composite_us=0 gpu_blit_us=0
[frust INFO] frust-perf img skipped=0 evicted=3 resident=60 budget=1024x1024x4
[frust INFO] frust-perf raw n=353 total_us=16334 rebuild_us=566 layout_us=25 paint_us=40 encode_us=12 acquire_us=10833 submit_us=4854 skipped=0 gpu_q=1 gpu_total_us=4718 gpu_prepass_us=0 gpu_main_us=4718 gpu_composite_us=0 gpu_blit_us=0
[frust INFO] frust-perf img skipped=0 evicted=3 resident=60 budget=1024x1024x4
[frust INFO] frust-perf raw n=354 total_us=17295 rebuild_us=531 layout_us=22 paint_us=40 encode_us=14 acquire_us=11637 submit_us=5048 skipped=0 gpu_q=1 gpu_total_us=4641 gpu_prepass_us=0 gpu_main_us=4641 gpu_composite_us=0 gpu_blit_us=0
[frust INFO] frust-perf img skipped=0 evicted=3 resident=60 budget=1024x1024x4
[frust INFO] frust-perf raw n=355 total_us=17057 rebuild_us=518 layout_us=20 paint_us=31 encode_us=11 acquire_us=11582 submit_us=4893 skipped=0 gpu_q=1 gpu_total_us=4726 gpu_prepass_us=0 gpu_main_us=4726 gpu_composite_us=0 gpu_blit_us=0
[frust INFO] frust-perf img skipped=0 evicted=3 resident=60 budget=1024x1024x4
[frust INFO] frust-perf raw n=356 total_us=17406 rebuild_us=518 layout_us=22 paint_us=32 encode_us=10 acquire_us=11905 submit_us=4916 skipped=0 gpu_q=1 gpu_total_us=4663 gpu_prepass_us=0 gpu_main_us=4663 gpu_composite_us=0 gpu_blit_us=0
[frust INFO] frust-perf img skipped=0 evicted=4 resident=60 budget=1024x1024x4
[frust INFO] frust-perf raw n=357 total_us=17526 rebuild_us=523 layout_us=26 paint_us=36 encode_us=14 acquire_us=11486 submit_us=5438 skipped=0 gpu_q=1 gpu_total_us=4603 gpu_prepass_us=0 gpu_main_us=4603 gpu_composite_us=0 gpu_blit_us=0
[frust INFO] frust-perf img skipped=0 evicted=3 resident=60 budget=1024x1024x4
[frust INFO] frust-perf raw n=358 total_us=16821 rebuild_us=509 layout_us=28 paint_us=36 encode_us=10 acquire_us=11173 submit_us=5063 skipped=0 gpu_q=1 gpu_total_us=4670 gpu_prepass_us=0 gpu_main_us=4670 gpu_composite_us=0 gpu_blit_us=0
[frust INFO] frust-perf img skipped=0 evicted=3 resident=60 budget=1024x1024x4
[frust INFO] frust-perf raw n=359 total_us=17135 rebuild_us=531 layout_us=26 paint_us=28 encode_us=11 acquire_us=11537 submit_us=4999 skipped=0 gpu_q=1 gpu_total_us=4673 gpu_prepass_us=0 gpu_main_us=4673 gpu_composite_us=0 gpu_blit_us=0
[frust INFO] frust-perf img skipped=0 evicted=3 resident=60 budget=1024x1024x4
[frust INFO] frust-perf enc n=360 w=60 validate_us=4.1 prepare_us=5.4 classify_us=11.2 admit_us=0.6 walk_us=1429.0 glyphs_us=110.5 finish_us=3.1 compile_us=1520.9 schedule_us=4.8 paints_us=18.8 instances_us=76.8 resize_us=3.8 upload_us=1866.7 replay_us=0.8 pipelines_us=21.2 record_us=36.8 total_us=3562.7 total_p95_us=4164.2 draws=29 strips=2111 alphas=51696 glyph_draws=17 atlas_glyphs=17
[frust INFO] frust-perf raw n=360 total_us=17342 rebuild_us=585 layout_us=29 paint_us=39 encode_us=14 acquire_us=11651 submit_us=5021 skipped=0 gpu_q=1 gpu_total_us=4722 gpu_prepass_us=0 gpu_main_us=4722 gpu_composite_us=0 gpu_blit_us=0
[frust INFO] frust-perf img skipped=0 evicted=3 resident=60 budget=1024x1024x4
[frust INFO] frust-perf raw n=361 total_us=17134 rebuild_us=534 layout_us=19 paint_us=32 encode_us=10 acquire_us=11751 submit_us=4785 skipped=0 gpu_q=1 gpu_total_us=4650 gpu_prepass_us=0 gpu_main_us=4650 gpu_composite_us=0 gpu_blit_us=0
[frust INFO] frust-perf frame n=120 total_p50_ms=17 total_p95_ms=17 total_p99_ms=17 rebuild_p95_ms=0 layout_p95_ms=0 paint_p95_ms=0 encode_p95_ms=0 acquire_p95_ms=12 submit_p95_ms=5 over_60hz=309 over_120hz=352 skipped=0 total_frames=361
[frust INFO] frust-perf img skipped=0 evicted=3 resident=60 budget=1024x1024x4
[frust INFO] frust-perf raw n=362 total_us=16904 rebuild_us=552 layout_us=27 paint_us=37 encode_us=14 acquire_us=11448 submit_us=4825 skipped=0 gpu_q=1 gpu_total_us=4650 gpu_prepass_us=0 gpu_main_us=4650 gpu_composite_us=0 gpu_blit_us=0
[frust INFO] frust-perf img skipped=0 evicted=4 resident=60 budget=1024x1024x4
[frust INFO] frust-perf raw n=363 total_us=17778 rebuild_us=545 layout_us=27 paint_us=38 encode_us=20 acquire_us=11778 submit_us=5368 skipped=0 gpu_q=1 gpu_total_us=4653 gpu_prepass_us=0 gpu_main_us=4653 gpu_composite_us=0 gpu_blit_us=0
[frust INFO] frust-perf img skipped=0 evicted=3 resident=60 budget=1024x1024x4
[frust INFO] frust-perf raw n=364 total_us=16786 rebuild_us=532 layout_us=26 paint_us=37 encode_us=9 acquire_us=11282 submit_us=4898 skipped=0 gpu_q=1 gpu_total_us=4654 gpu_prepass_us=0 gpu_main_us=4654 gpu_composite_us=0 gpu_blit_us=0
[frust INFO] frust-perf img skipped=0 evicted=3 resident=60 budget=1024x1024x4
[frust INFO] frust-perf raw n=365 total_us=17185 rebuild_us=556 layout_us=26 paint_us=36 encode_us=14 acquire_us=11728 submit_us=4823 skipped=0 gpu_q=1 gpu_total_us=4732 gpu_prepass_us=0 gpu_main_us=4732 gpu_composite_us=0 gpu_blit_us=0
[frust INFO] frust-perf img skipped=0 evicted=3 resident=60 budget=1024x1024x4
[frust INFO] frust-perf raw n=366 total_us=17317 rebuild_us=535 layout_us=27 paint_us=37 encode_us=11 acquire_us=11776 submit_us=4929 skipped=0 gpu_q=1 gpu_total_us=4621 gpu_prepass_us=0 gpu_main_us=4621 gpu_composite_us=0 gpu_blit_us=0
[frust INFO] frust-perf img skipped=0 evicted=3 resident=60 budget=1024x1024x4
[frust INFO] frust-perf raw n=367 total_us=16792 rebuild_us=547 layout_us=28 paint_us=34 encode_us=13 acquire_us=11607 submit_us=4561 skipped=0 gpu_q=1 gpu_total_us=4630 gpu_prepass_us=0 gpu_main_us=4630 gpu_composite_us=0 gpu_blit_us=0
[frust INFO] frust-perf img skipped=0 evicted=4 resident=60 budget=1024x1024x4
[frust INFO] frust-perf raw n=368 total_us=17909 rebuild_us=470 layout_us=20 paint_us=38 encode_us=10 acquire_us=12067 submit_us=5302 skipped=0 gpu_q=1 gpu_total_us=4677 gpu_prepass_us=0 gpu_main_us=4677 gpu_composite_us=0 gpu_blit_us=0
[frust INFO] frust-perf img skipped=0 evicted=3 resident=60 budget=1024x1024x4
[frust INFO] frust-perf raw n=369 total_us=16750 rebuild_us=500 layout_us=27 paint_us=33 encode_us=10 acquire_us=11337 submit_us=4839 skipped=0 gpu_q=1 gpu_total_us=4643 gpu_prepass_us=0 gpu_main_us=4643 gpu_composite_us=0 gpu_blit_us=0
[frust INFO] frust-perf img skipped=0 evicted=3 resident=60 budget=1024x1024x4
[frust INFO] frust-perf raw n=370 total_us=17112 rebuild_us=509 layout_us=24 paint_us=38 encode_us=14 acquire_us=11702 submit_us=4823 skipped=0 gpu_q=1 gpu_total_us=4671 gpu_prepass_us=0 gpu_main_us=4671 gpu_composite_us=0 gpu_blit_us=0
[frust INFO] frust-perf img skipped=0 evicted=3 resident=60 budget=1024x1024x4
[frust INFO] frust-perf raw n=371 total_us=17558 rebuild_us=527 layout_us=23 paint_us=31 encode_us=7 acquire_us=11939 submit_us=5029 skipped=0 gpu_q=1 gpu_total_us=4616 gpu_prepass_us=0 gpu_main_us=4616 gpu_composite_us=0 gpu_blit_us=0
[frust INFO] frust-perf img skipped=0 evicted=3 resident=60 budget=1024x1024x4
[frust INFO] frust-perf raw n=372 total_us=16884 rebuild_us=499 layout_us=19 paint_us=34 encode_us=16 acquire_us=11475 submit_us=4839 skipped=0 gpu_q=1 gpu_total_us=4563 gpu_prepass_us=0 gpu_main_us=4563 gpu_composite_us=0 gpu_blit_us=0
[frust INFO] frust-perf img skipped=0 evicted=4 resident=60 budget=1024x1024x4
[frust INFO] frust-perf raw n=373 total_us=17710 rebuild_us=560 layout_us=19 paint_us=30 encode_us=11 acquire_us=11724 submit_us=5365 skipped=0 gpu_q=1 gpu_total_us=4405 gpu_prepass_us=0 gpu_main_us=4405 gpu_composite_us=0 gpu_blit_us=0
[frust INFO] frust-perf img skipped=0 evicted=3 resident=60 budget=1024x1024x4
[frust INFO] frust-perf raw n=374 total_us=16312 rebuild_us=464 layout_us=18 paint_us=35 encode_us=13 acquire_us=11246 submit_us=4536 skipped=0 gpu_q=1 gpu_total_us=4694 gpu_prepass_us=0 gpu_main_us=4694 gpu_composite_us=0 gpu_blit_us=0
[frust INFO] frust-perf img skipped=0 evicted=3 resident=60 budget=1024x1024x4
[frust INFO] frust-perf raw n=375 total_us=17460 rebuild_us=529 layout_us=23 paint_us=34 encode_us=13 acquire_us=12281 submit_us=4579 skipped=0 gpu_q=1 gpu_total_us=4650 gpu_prepass_us=0 gpu_main_us=4650 gpu_composite_us=0 gpu_blit_us=0
[frust INFO] frust-perf img skipped=0 evicted=3 resident=60 budget=1024x1024x4
[frust INFO] frust-perf raw n=376 total_us=17112 rebuild_us=501 layout_us=26 paint_us=34 encode_us=6 acquire_us=11851 submit_us=4690 skipped=0 gpu_q=1 gpu_total_us=4666 gpu_prepass_us=0 gpu_main_us=4666 gpu_composite_us=0 gpu_blit_us=0
[frust INFO] frust-perf img skipped=0 evicted=3 resident=60 budget=1024x1024x4
[frust INFO] frust-perf raw n=377 total_us=17706 rebuild_us=551 layout_us=27 paint_us=34 encode_us=6 acquire_us=11932 submit_us=5153 skipped=0 gpu_q=1 gpu_total_us=4817 gpu_prepass_us=0 gpu_main_us=4817 gpu_composite_us=0 gpu_blit_us=0
[frust INFO] frust-perf img skipped=0 evicted=4 resident=60 budget=1024x1024x4
[frust INFO] frust-perf raw n=378 total_us=17365 rebuild_us=586 layout_us=24 paint_us=35 encode_us=14 acquire_us=11361 submit_us=5343 skipped=0 gpu_q=1 gpu_total_us=4590 gpu_prepass_us=0 gpu_main_us=4590 gpu_composite_us=0 gpu_blit_us=0
[frust INFO] frust-perf img skipped=0 evicted=3 resident=60 budget=1024x1024x4
[frust INFO] frust-perf raw n=379 total_us=16684 rebuild_us=514 layout_us=18 paint_us=29 encode_us=8 acquire_us=11341 submit_us=4771 skipped=0 gpu_q=1 gpu_total_us=4676 gpu_prepass_us=0 gpu_main_us=4676 gpu_composite_us=0 gpu_blit_us=0
[frust INFO] frust-perf img skipped=0 evicted=3 resident=60 budget=1024x1024x4
[frust INFO] frust-perf raw n=380 total_us=17694 rebuild_us=607 layout_us=31 paint_us=38 encode_us=6 acquire_us=11858 submit_us=5151 skipped=0 gpu_q=1 gpu_total_us=4535 gpu_prepass_us=0 gpu_main_us=4535 gpu_composite_us=0 gpu_blit_us=0
[frust INFO] frust-perf img skipped=0 evicted=3 resident=60 budget=1024x1024x4
[frust INFO] frust-perf raw n=381 total_us=17046 rebuild_us=582 layout_us=22 paint_us=37 encode_us=16 acquire_us=11637 submit_us=4749 skipped=0 gpu_q=1 gpu_total_us=4660 gpu_prepass_us=0 gpu_main_us=4660 gpu_composite_us=0 gpu_blit_us=0
[frust INFO] frust-perf img skipped=0 evicted=3 resident=60 budget=1024x1024x4
[frust INFO] frust-perf raw n=382 total_us=17312 rebuild_us=509 layout_us=24 paint_us=31 encode_us=10 acquire_us=11679 submit_us=5057 skipped=0 gpu_q=1 gpu_total_us=4579 gpu_prepass_us=0 gpu_main_us=4579 gpu_composite_us=0 gpu_blit_us=0
[frust INFO] frust-perf img skipped=0 evicted=4 resident=60 budget=1024x1024x4
[frust INFO] frust-perf raw n=383 total_us=18012 rebuild_us=521 layout_us=26 paint_us=44 encode_us=11 acquire_us=11521 submit_us=5886 skipped=0 gpu_q=1 gpu_total_us=4627 gpu_prepass_us=0 gpu_main_us=4627 gpu_composite_us=0 gpu_blit_us=0
[frust INFO] frust-perf img skipped=0 evicted=3 resident=60 budget=1024x1024x4
[frust INFO] frust-perf raw n=384 total_us=15907 rebuild_us=618 layout_us=25 paint_us=45 encode_us=12 acquire_us=10723 submit_us=4483 skipped=0 gpu_q=1 gpu_total_us=4675 gpu_prepass_us=0 gpu_main_us=4675 gpu_composite_us=0 gpu_blit_us=0
[frust INFO] frust-perf img skipped=0 evicted=3 resident=60 budget=1024x1024x4
[frust INFO] frust-perf raw n=385 total_us=18205 rebuild_us=617 layout_us=26 paint_us=36 encode_us=6 acquire_us=12177 submit_us=5341 skipped=0 gpu_q=1 gpu_total_us=4633 gpu_prepass_us=0 gpu_main_us=4633 gpu_composite_us=0 gpu_blit_us=0
[frust INFO] frust-perf img skipped=0 evicted=3 resident=60 budget=1024x1024x4
[frust INFO] frust-perf raw n=386 total_us=17100 rebuild_us=679 layout_us=29 paint_us=42 encode_us=7 acquire_us=11689 submit_us=4651 skipped=0 gpu_q=1 gpu_total_us=4655 gpu_prepass_us=0 gpu_main_us=4655 gpu_composite_us=0 gpu_blit_us=0
[frust INFO] frust-perf img skipped=0 evicted=3 resident=60 budget=1024x1024x4
[frust INFO] frust-perf raw n=387 total_us=17903 rebuild_us=576 layout_us=26 paint_us=34 encode_us=6 acquire_us=11637 submit_us=5623 skipped=0 gpu_q=1 gpu_total_us=4619 gpu_prepass_us=0 gpu_main_us=4619 gpu_composite_us=0 gpu_blit_us=0
[frust INFO] frust-perf img skipped=0 evicted=4 resident=60 budget=1024x1024x4
[frust INFO] frust-perf raw n=388 total_us=16921 rebuild_us=630 layout_us=28 paint_us=42 encode_us=7 acquire_us=11092 submit_us=5119 skipped=0 gpu_q=1 gpu_total_us=4510 gpu_prepass_us=0 gpu_main_us=4510 gpu_composite_us=0 gpu_blit_us=0
[frust INFO] frust-perf img skipped=0 evicted=3 resident=60 budget=1024x1024x4
[frust INFO] frust-perf raw n=389 total_us=16640 rebuild_us=591 layout_us=29 paint_us=39 encode_us=7 acquire_us=11330 submit_us=4642 skipped=0 gpu_q=1 gpu_total_us=4658 gpu_prepass_us=0 gpu_main_us=4658 gpu_composite_us=0 gpu_blit_us=0
[frust INFO] frust-perf img skipped=0 evicted=3 resident=60 budget=1024x1024x4
[frust INFO] frust-perf raw n=390 total_us=18112 rebuild_us=646 layout_us=21 paint_us=39 encode_us=7 acquire_us=12044 submit_us=5352 skipped=0 gpu_q=1 gpu_total_us=4544 gpu_prepass_us=0 gpu_main_us=4544 gpu_composite_us=0 gpu_blit_us=0
[frust INFO] frust-perf img skipped=0 evicted=3 resident=60 budget=1024x1024x4
[frust INFO] frust-perf raw n=391 total_us=17172 rebuild_us=612 layout_us=28 paint_us=42 encode_us=13 acquire_us=11310 submit_us=5165 skipped=0 gpu_q=1 gpu_total_us=4570 gpu_prepass_us=0 gpu_main_us=4570 gpu_composite_us=0 gpu_blit_us=0
[frust INFO] frust-perf img skipped=0 evicted=3 resident=60 budget=1024x1024x4
[frust INFO] frust-perf raw n=392 total_us=16941 rebuild_us=560 layout_us=30 paint_us=40 encode_us=6 acquire_us=11581 submit_us=4722 skipped=0 gpu_q=1 gpu_total_us=4771 gpu_prepass_us=0 gpu_main_us=4771 gpu_composite_us=0 gpu_blit_us=0
[frust INFO] frust-perf img skipped=0 evicted=4 resident=60 budget=1024x1024x4
[frust INFO] frust-perf raw n=393 total_us=17905 rebuild_us=577 layout_us=24 paint_us=39 encode_us=5 acquire_us=11689 submit_us=5569 skipped=0 gpu_q=1 gpu_total_us=4493 gpu_prepass_us=0 gpu_main_us=4493 gpu_composite_us=0 gpu_blit_us=0
[frust INFO] frust-perf img skipped=0 evicted=3 resident=60 budget=1024x1024x4
[frust INFO] frust-perf raw n=394 total_us=16497 rebuild_us=570 layout_us=21 paint_us=40 encode_us=12 acquire_us=11067 submit_us=4784 skipped=0 gpu_q=1 gpu_total_us=4656 gpu_prepass_us=0 gpu_main_us=4656 gpu_composite_us=0 gpu_blit_us=0
[frust INFO] frust-perf img skipped=0 evicted=3 resident=60 budget=1024x1024x4
[frust INFO] frust-perf raw n=395 total_us=17503 rebuild_us=528 layout_us=24 paint_us=38 encode_us=6 acquire_us=11813 submit_us=5092 skipped=0 gpu_q=1 gpu_total_us=4600 gpu_prepass_us=0 gpu_main_us=4600 gpu_composite_us=0 gpu_blit_us=0
[frust INFO] frust-perf img skipped=0 evicted=3 resident=60 budget=1024x1024x4
[frust INFO] frust-perf raw n=396 total_us=16973 rebuild_us=590 layout_us=25 paint_us=31 encode_us=16 acquire_us=11493 submit_us=4815 skipped=0 gpu_q=1 gpu_total_us=4560 gpu_prepass_us=0 gpu_main_us=4560 gpu_composite_us=0 gpu_blit_us=0
[frust INFO] frust-perf img skipped=0 evicted=3 resident=60 budget=1024x1024x4
[frust INFO] frust-perf raw n=397 total_us=17064 rebuild_us=494 layout_us=24 paint_us=33 encode_us=14 acquire_us=11951 submit_us=4546 skipped=0 gpu_q=1 gpu_total_us=4634 gpu_prepass_us=0 gpu_main_us=4634 gpu_composite_us=0 gpu_blit_us=0
[frust INFO] frust-perf img skipped=0 evicted=4 resident=60 budget=1024x1024x4
[frust INFO] frust-perf raw n=398 total_us=17941 rebuild_us=474 layout_us=24 paint_us=34 encode_us=10 acquire_us=11847 submit_us=5550 skipped=0 gpu_q=1 gpu_total_us=4545 gpu_prepass_us=0 gpu_main_us=4545 gpu_composite_us=0 gpu_blit_us=0
[frust INFO] frust-perf img skipped=0 evicted=3 resident=60 budget=1024x1024x4
[frust INFO] frust-perf raw n=399 total_us=16721 rebuild_us=511 layout_us=23 paint_us=40 encode_us=11 acquire_us=11054 submit_us=5080 skipped=0 gpu_q=1 gpu_total_us=4548 gpu_prepass_us=0 gpu_main_us=4548 gpu_composite_us=0 gpu_blit_us=0
[frust INFO] frust-perf img skipped=0 evicted=3 resident=60 budget=1024x1024x4
[frust INFO] frust-perf raw n=400 total_us=16950 rebuild_us=533 layout_us=29 paint_us=40 encode_us=13 acquire_us=11551 submit_us=4781 skipped=0 gpu_q=1 gpu_total_us=4751 gpu_prepass_us=0 gpu_main_us=4751 gpu_composite_us=0 gpu_blit_us=0
[frust INFO] frust-perf img skipped=0 evicted=3 resident=60 budget=1024x1024x4
[frust INFO] frust-perf raw n=401 total_us=17217 rebuild_us=472 layout_us=19 paint_us=35 encode_us=13 acquire_us=11811 submit_us=4864 skipped=0 gpu_q=1 gpu_total_us=4721 gpu_prepass_us=0 gpu_main_us=4721 gpu_composite_us=0 gpu_blit_us=0
[frust INFO] frust-perf img skipped=0 evicted=3 resident=60 budget=1024x1024x4
[frust INFO] frust-perf raw n=402 total_us=17150 rebuild_us=547 layout_us=25 paint_us=37 encode_us=15 acquire_us=11726 submit_us=4797 skipped=0 gpu_q=1 gpu_total_us=4673 gpu_prepass_us=0 gpu_main_us=4673 gpu_composite_us=0 gpu_blit_us=0
[frust INFO] frust-perf img skipped=0 evicted=4 resident=60 budget=1024x1024x4
[frust INFO] frust-perf raw n=403 total_us=18020 rebuild_us=534 layout_us=29 paint_us=33 encode_us=14 acquire_us=11835 submit_us=5572 skipped=0 gpu_q=1 gpu_total_us=4616 gpu_prepass_us=0 gpu_main_us=4616 gpu_composite_us=0 gpu_blit_us=0
[frust INFO] frust-perf img skipped=0 evicted=3 resident=60 budget=1024x1024x4
[frust INFO] frust-perf raw n=404 total_us=16657 rebuild_us=515 layout_us=27 paint_us=43 encode_us=14 acquire_us=11025 submit_us=5032 skipped=0 gpu_q=1 gpu_total_us=4726 gpu_prepass_us=0 gpu_main_us=4726 gpu_composite_us=0 gpu_blit_us=0
[frust INFO] frust-perf img skipped=0 evicted=3 resident=60 budget=1024x1024x4
[frust INFO] frust-perf raw n=405 total_us=17155 rebuild_us=574 layout_us=28 paint_us=40 encode_us=10 acquire_us=11628 submit_us=4872 skipped=0 gpu_q=1 gpu_total_us=4711 gpu_prepass_us=0 gpu_main_us=4711 gpu_composite_us=0 gpu_blit_us=0
[frust INFO] frust-perf img skipped=0 evicted=3 resident=60 budget=1024x1024x4
[frust INFO] frust-perf raw n=406 total_us=17110 rebuild_us=507 layout_us=20 paint_us=36 encode_us=15 acquire_us=11609 submit_us=4921 skipped=0 gpu_q=1 gpu_total_us=4674 gpu_prepass_us=0 gpu_main_us=4674 gpu_composite_us=0 gpu_blit_us=0
[frust INFO] frust-perf img skipped=0 evicted=3 resident=60 budget=1024x1024x4
[frust INFO] frust-perf raw n=407 total_us=17663 rebuild_us=561 layout_us=26 paint_us=30 encode_us=11 acquire_us=11962 submit_us=5070 skipped=0 gpu_q=1 gpu_total_us=4709 gpu_prepass_us=0 gpu_main_us=4709 gpu_composite_us=0 gpu_blit_us=0
[frust INFO] frust-perf img skipped=0 evicted=4 resident=60 budget=1024x1024x4
[frust INFO] frust-perf raw n=408 total_us=17220 rebuild_us=560 layout_us=28 paint_us=35 encode_us=11 acquire_us=11316 submit_us=5269 skipped=0 gpu_q=1 gpu_total_us=4608 gpu_prepass_us=0 gpu_main_us=4608 gpu_composite_us=0 gpu_blit_us=0
[frust INFO] frust-perf img skipped=0 evicted=3 resident=60 budget=1024x1024x4
[frust INFO] frust-perf raw n=409 total_us=16670 rebuild_us=502 layout_us=26 paint_us=29 encode_us=10 acquire_us=11351 submit_us=4750 skipped=0 gpu_q=1 gpu_total_us=4647 gpu_prepass_us=0 gpu_main_us=4647 gpu_composite_us=0 gpu_blit_us=0
[frust INFO] frust-perf img skipped=0 evicted=3 resident=60 budget=1024x1024x4
[frust INFO] frust-perf raw n=410 total_us=17289 rebuild_us=546 layout_us=25 paint_us=37 encode_us=14 acquire_us=11806 submit_us=4859 skipped=0 gpu_q=1 gpu_total_us=4706 gpu_prepass_us=0 gpu_main_us=4706 gpu_composite_us=0 gpu_blit_us=0
[frust INFO] frust-perf img skipped=0 evicted=3 resident=60 budget=1024x1024x4
[frust INFO] frust-perf raw n=411 total_us=17067 rebuild_us=454 layout_us=22 paint_us=32 encode_us=9 acquire_us=11723 submit_us=4825 skipped=0 gpu_q=1 gpu_total_us=4645 gpu_prepass_us=0 gpu_main_us=4645 gpu_composite_us=0 gpu_blit_us=0
[frust INFO] frust-perf img skipped=0 evicted=3 resident=60 budget=1024x1024x4
[frust INFO] frust-perf raw n=412 total_us=17622 rebuild_us=546 layout_us=24 paint_us=31 encode_us=10 acquire_us=12070 submit_us=4937 skipped=0 gpu_q=1 gpu_total_us=4629 gpu_prepass_us=0 gpu_main_us=4629 gpu_composite_us=0 gpu_blit_us=0
[frust INFO] frust-perf img skipped=0 evicted=3 resident=60 budget=1024x1024x4
[frust INFO] frust-perf raw n=413 total_us=16890 rebuild_us=521 layout_us=26 paint_us=29 encode_us=15 acquire_us=11358 submit_us=4940 skipped=0 gpu_q=1 gpu_total_us=4588 gpu_prepass_us=0 gpu_main_us=4588 gpu_composite_us=0 gpu_blit_us=0
[frust INFO] frust-perf img skipped=0 evicted=4 resident=60 budget=1024x1024x4
[frust INFO] frust-perf raw n=414 total_us=17785 rebuild_us=549 layout_us=25 paint_us=42 encode_us=11 acquire_us=11705 submit_us=5450 skipped=0 gpu_q=1 gpu_total_us=4625 gpu_prepass_us=0 gpu_main_us=4625 gpu_composite_us=0 gpu_blit_us=0
[frust INFO] frust-perf img skipped=0 evicted=3 resident=60 budget=1024x1024x4
[frust INFO] frust-perf raw n=415 total_us=16739 rebuild_us=553 layout_us=27 paint_us=38 encode_us=10 acquire_us=11113 submit_us=4995 skipped=0 gpu_q=1 gpu_total_us=4669 gpu_prepass_us=0 gpu_main_us=4669 gpu_composite_us=0 gpu_blit_us=0
[frust INFO] frust-perf img skipped=0 evicted=3 resident=60 budget=1024x1024x4
[frust INFO] frust-perf raw n=416 total_us=17145 rebuild_us=586 layout_us=24 paint_us=35 encode_us=9 acquire_us=11643 submit_us=4846 skipped=0 gpu_q=1 gpu_total_us=4626 gpu_prepass_us=0 gpu_main_us=4626 gpu_composite_us=0 gpu_blit_us=0
[frust INFO] frust-perf img skipped=0 evicted=3 resident=60 budget=1024x1024x4
[frust INFO] frust-perf raw n=417 total_us=17049 rebuild_us=487 layout_us=22 paint_us=34 encode_us=10 acquire_us=12036 submit_us=4456 skipped=0 gpu_q=1 gpu_total_us=4622 gpu_prepass_us=0 gpu_main_us=4622 gpu_composite_us=0 gpu_blit_us=0
[frust INFO] frust-perf img skipped=0 evicted=3 resident=60 budget=1024x1024x4
[frust INFO] frust-perf raw n=418 total_us=17482 rebuild_us=483 layout_us=20 paint_us=28 encode_us=6 acquire_us=12045 submit_us=4897 skipped=0 gpu_q=1 gpu_total_us=4642 gpu_prepass_us=0 gpu_main_us=4642 gpu_composite_us=0 gpu_blit_us=0
[frust INFO] frust-perf img skipped=0 evicted=4 resident=60 budget=1024x1024x4
[frust INFO] frust-perf raw n=419 total_us=17544 rebuild_us=543 layout_us=26 paint_us=34 encode_us=14 acquire_us=11648 submit_us=5277 skipped=0 gpu_q=1 gpu_total_us=4582 gpu_prepass_us=0 gpu_main_us=4582 gpu_composite_us=0 gpu_blit_us=0
[frust INFO] frust-perf img skipped=0 evicted=3 resident=60 budget=1024x1024x4
[frust INFO] frust-perf enc n=420 w=60 validate_us=4.2 prepare_us=4.9 classify_us=11.0 admit_us=0.5 walk_us=1441.1 glyphs_us=111.9 finish_us=3.1 compile_us=1518.6 schedule_us=4.8 paints_us=18.5 instances_us=76.7 resize_us=3.6 upload_us=1857.4 replay_us=0.8 pipelines_us=21.0 record_us=36.4 total_us=3531.8 total_p95_us=4178.4 draws=29 strips=2111 alphas=51696 glyph_draws=17 atlas_glyphs=17
[frust INFO] frust-perf raw n=420 total_us=16635 rebuild_us=457 layout_us=25 paint_us=40 encode_us=10 acquire_us=11246 submit_us=4854 skipped=0 gpu_q=1 gpu_total_us=4771 gpu_prepass_us=0 gpu_main_us=4771 gpu_composite_us=0 gpu_blit_us=0
[frust INFO] frust-perf img skipped=0 evicted=3 resident=60 budget=1024x1024x4
[frust INFO] frust-perf raw n=421 total_us=17323 rebuild_us=490 layout_us=25 paint_us=31 encode_us=13 acquire_us=11807 submit_us=4956 skipped=0 gpu_q=1 gpu_total_us=4516 gpu_prepass_us=0 gpu_main_us=4516 gpu_composite_us=0 gpu_blit_us=0
[frust INFO] frust-perf img skipped=0 evicted=3 resident=60 budget=1024x1024x4
[frust INFO] frust-perf raw n=422 total_us=17229 rebuild_us=519 layout_us=27 paint_us=36 encode_us=13 acquire_us=11647 submit_us=4983 skipped=0 gpu_q=1 gpu_total_us=4624 gpu_prepass_us=0 gpu_main_us=4624 gpu_composite_us=0 gpu_blit_us=0
[frust INFO] frust-perf img skipped=0 evicted=3 resident=60 budget=1024x1024x4
[frust INFO] frust-perf raw n=423 total_us=17050 rebuild_us=548 layout_us=23 paint_us=41 encode_us=10 acquire_us=11607 submit_us=4819 skipped=0 gpu_q=1 gpu_total_us=4585 gpu_prepass_us=0 gpu_main_us=4585 gpu_composite_us=0 gpu_blit_us=0
[frust INFO] frust-perf img skipped=0 evicted=4 resident=60 budget=1024x1024x4
[frust INFO] frust-perf raw n=424 total_us=17716 rebuild_us=518 layout_us=27 paint_us=32 encode_us=11 acquire_us=11708 submit_us=5417 skipped=0 gpu_q=1 gpu_total_us=4637 gpu_prepass_us=0 gpu_main_us=4637 gpu_composite_us=0 gpu_blit_us=0
[frust INFO] frust-perf img skipped=0 evicted=3 resident=60 budget=1024x1024x4
[frust INFO] frust-perf raw n=425 total_us=16764 rebuild_us=553 layout_us=23 paint_us=37 encode_us=13 acquire_us=11165 submit_us=4970 skipped=0 gpu_q=1 gpu_total_us=4650 gpu_prepass_us=0 gpu_main_us=4650 gpu_composite_us=0 gpu_blit_us=0
[frust INFO] frust-perf img skipped=0 evicted=3 resident=60 budget=1024x1024x4
[frust INFO] frust-perf raw n=426 total_us=17461 rebuild_us=581 layout_us=23 paint_us=33 encode_us=13 acquire_us=11653 submit_us=5155 skipped=0 gpu_q=1 gpu_total_us=4887 gpu_prepass_us=0 gpu_main_us=4887 gpu_composite_us=0 gpu_blit_us=0
[frust INFO] frust-perf img skipped=0 evicted=3 resident=60 budget=1024x1024x4
[frust INFO] frust-perf raw n=427 total_us=17315 rebuild_us=550 layout_us=27 paint_us=33 encode_us=11 acquire_us=11718 submit_us=4975 skipped=0 gpu_q=1 gpu_total_us=4631 gpu_prepass_us=0 gpu_main_us=4631 gpu_composite_us=0 gpu_blit_us=0
[frust INFO] frust-perf img skipped=0 evicted=3 resident=60 budget=1024x1024x4
[frust INFO] frust-perf raw n=428 total_us=17462 rebuild_us=560 layout_us=29 paint_us=38 encode_us=10 acquire_us=11554 submit_us=5269 skipped=0 gpu_q=1 gpu_total_us=4661 gpu_prepass_us=0 gpu_main_us=4661 gpu_composite_us=0 gpu_blit_us=0
[frust INFO] frust-perf img skipped=0 evicted=4 resident=60 budget=1024x1024x4
[frust INFO] frust-perf raw n=429 total_us=17252 rebuild_us=588 layout_us=28 paint_us=42 encode_us=14 acquire_us=11323 submit_us=5254 skipped=0 gpu_q=1 gpu_total_us=4722 gpu_prepass_us=0 gpu_main_us=4722 gpu_composite_us=0 gpu_blit_us=0
[frust INFO] frust-perf img skipped=0 evicted=3 resident=60 budget=1024x1024x4
[frust INFO] frust-perf raw n=430 total_us=16604 rebuild_us=498 layout_us=27 paint_us=28 encode_us=10 acquire_us=11419 submit_us=4620 skipped=0 gpu_q=1 gpu_total_us=4629 gpu_prepass_us=0 gpu_main_us=4629 gpu_composite_us=0 gpu_blit_us=0
[frust INFO] frust-perf img skipped=0 evicted=3 resident=60 budget=1024x1024x4
[frust INFO] frust-perf raw n=431 total_us=16293 rebuild_us=222 layout_us=9 paint_us=13 encode_us=16 acquire_us=11686 submit_us=4344 skipped=0 gpu_q=1 gpu_total_us=4625 gpu_prepass_us=0 gpu_main_us=4625 gpu_composite_us=0 gpu_blit_us=0
[frust INFO] frust-perf img skipped=0 evicted=3 resident=60 budget=1024x1024x4
[frust INFO] frust-perf raw n=432 total_us=17964 rebuild_us=814 layout_us=28 paint_us=34 encode_us=11 acquire_us=12558 submit_us=4516 skipped=0 gpu_q=1 gpu_total_us=4680 gpu_prepass_us=0 gpu_main_us=4680 gpu_composite_us=0 gpu_blit_us=0
[frust INFO] frust-perf img skipped=0 evicted=3 resident=60 budget=1024x1024x4
[frust INFO] frust-perf raw n=433 total_us=17565 rebuild_us=504 layout_us=28 paint_us=32 encode_us=6 acquire_us=11899 submit_us=5094 skipped=0 gpu_q=1 gpu_total_us=4635 gpu_prepass_us=0 gpu_main_us=4635 gpu_composite_us=0 gpu_blit_us=0
[frust INFO] frust-perf img skipped=0 evicted=4 resident=60 budget=1024x1024x4
[frust INFO] frust-perf raw n=434 total_us=17583 rebuild_us=567 layout_us=30 paint_us=42 encode_us=9 acquire_us=11487 submit_us=5446 skipped=0 gpu_q=1 gpu_total_us=4615 gpu_prepass_us=0 gpu_main_us=4615 gpu_composite_us=0 gpu_blit_us=0
[frust INFO] frust-perf img skipped=0 evicted=3 resident=60 budget=1024x1024x4
[frust INFO] frust-perf raw n=435 total_us=16104 rebuild_us=524 layout_us=22 paint_us=41 encode_us=16 acquire_us=11098 submit_us=4401 skipped=0 gpu_q=1 gpu_total_us=4662 gpu_prepass_us=0 gpu_main_us=4662 gpu_composite_us=0 gpu_blit_us=0
[frust INFO] frust-perf img skipped=0 evicted=3 resident=60 budget=1024x1024x4
[frust INFO] frust-perf raw n=436 total_us=17978 rebuild_us=549 layout_us=30 paint_us=40 encode_us=6 acquire_us=12259 submit_us=5092 skipped=0 gpu_q=1 gpu_total_us=4514 gpu_prepass_us=0 gpu_main_us=4514 gpu_composite_us=0 gpu_blit_us=0
[frust INFO] frust-perf img skipped=0 evicted=3 resident=60 budget=1024x1024x4
[frust INFO] frust-perf raw n=437 total_us=17202 rebuild_us=576 layout_us=22 paint_us=34 encode_us=14 acquire_us=11791 submit_us=4762 skipped=0 gpu_q=1 gpu_total_us=4549 gpu_prepass_us=0 gpu_main_us=4549 gpu_composite_us=0 gpu_blit_us=0
[frust INFO] frust-perf img skipped=0 evicted=3 resident=60 budget=1024x1024x4
[frust INFO] frust-perf raw n=438 total_us=17052 rebuild_us=542 layout_us=29 paint_us=33 encode_us=10 acquire_us=11558 submit_us=4878 skipped=0 gpu_q=1 gpu_total_us=4630 gpu_prepass_us=0 gpu_main_us=4630 gpu_composite_us=0 gpu_blit_us=0
[frust INFO] frust-perf img skipped=0 evicted=4 resident=60 budget=1024x1024x4
[frust INFO] frust-perf raw n=439 total_us=17912 rebuild_us=536 layout_us=25 paint_us=37 encode_us=12 acquire_us=11734 submit_us=5566 skipped=0 gpu_q=1 gpu_total_us=4500 gpu_prepass_us=0 gpu_main_us=4500 gpu_composite_us=0 gpu_blit_us=0
[frust INFO] frust-perf img skipped=0 evicted=3 resident=60 budget=1024x1024x4
[frust INFO] frust-perf raw n=440 total_us=16572 rebuild_us=514 layout_us=25 paint_us=30 encode_us=10 acquire_us=10993 submit_us=4998 skipped=0 gpu_q=1 gpu_total_us=4678 gpu_prepass_us=0 gpu_main_us=4678 gpu_composite_us=0 gpu_blit_us=0
[frust INFO] frust-perf img skipped=0 evicted=3 resident=60 budget=1024x1024x4
[frust INFO] frust-perf raw n=441 total_us=17134 rebuild_us=492 layout_us=30 paint_us=35 encode_us=9 acquire_us=11703 submit_us=4863 skipped=0 gpu_q=1 gpu_total_us=4650 gpu_prepass_us=0 gpu_main_us=4650 gpu_composite_us=0 gpu_blit_us=0
[frust INFO] frust-perf img skipped=0 evicted=3 resident=60 budget=1024x1024x4
[frust INFO] frust-perf raw n=442 total_us=17121 rebuild_us=483 layout_us=28 paint_us=29 encode_us=10 acquire_us=11973 submit_us=4595 skipped=0 gpu_q=1 gpu_total_us=4638 gpu_prepass_us=0 gpu_main_us=4638 gpu_composite_us=0 gpu_blit_us=0
[frust INFO] frust-perf img skipped=0 evicted=3 resident=60 budget=1024x1024x4
[frust INFO] frust-perf raw n=443 total_us=17450 rebuild_us=528 layout_us=28 paint_us=38 encode_us=7 acquire_us=11821 submit_us=5027 skipped=0 gpu_q=1 gpu_total_us=4679 gpu_prepass_us=0 gpu_main_us=4679 gpu_composite_us=0 gpu_blit_us=0
[frust INFO] frust-perf img skipped=0 evicted=4 resident=60 budget=1024x1024x4
[frust INFO] frust-perf raw n=444 total_us=17195 rebuild_us=532 layout_us=21 paint_us=32 encode_us=13 acquire_us=11509 submit_us=5087 skipped=0 gpu_q=1 gpu_total_us=4623 gpu_prepass_us=0 gpu_main_us=4623 gpu_composite_us=0 gpu_blit_us=0
[frust INFO] frust-perf img skipped=0 evicted=3 resident=60 budget=1024x1024x4
[frust INFO] frust-perf raw n=445 total_us=16757 rebuild_us=515 layout_us=24 paint_us=35 encode_us=12 acquire_us=11479 submit_us=4690 skipped=0 gpu_q=1 gpu_total_us=4713 gpu_prepass_us=0 gpu_main_us=4713 gpu_composite_us=0 gpu_blit_us=0
[frust INFO] frust-perf img skipped=0 evicted=3 resident=60 budget=1024x1024x4
[frust INFO] frust-perf raw n=446 total_us=17434 rebuild_us=459 layout_us=24 paint_us=31 encode_us=9 acquire_us=11985 submit_us=4924 skipped=0 gpu_q=1 gpu_total_us=4655 gpu_prepass_us=0 gpu_main_us=4655 gpu_composite_us=0 gpu_blit_us=0
[frust INFO] frust-perf img skipped=0 evicted=3 resident=60 budget=1024x1024x4
[frust INFO] frust-perf raw n=447 total_us=17537 rebuild_us=554 layout_us=26 paint_us=35 encode_us=15 acquire_us=11927 submit_us=4978 skipped=0 gpu_q=1 gpu_total_us=4650 gpu_prepass_us=0 gpu_main_us=4650 gpu_composite_us=0 gpu_blit_us=0
[frust INFO] frust-perf img skipped=0 evicted=3 resident=60 budget=1024x1024x4
[frust INFO] frust-perf raw n=448 total_us=16737 rebuild_us=529 layout_us=25 paint_us=38 encode_us=11 acquire_us=11281 submit_us=4851 skipped=0 gpu_q=1 gpu_total_us=4576 gpu_prepass_us=0 gpu_main_us=4576 gpu_composite_us=0 gpu_blit_us=0
[frust INFO] frust-perf img skipped=0 evicted=4 resident=60 budget=1024x1024x4
[frust INFO] frust-perf raw n=449 total_us=17931 rebuild_us=511 layout_us=21 paint_us=40 encode_us=14 acquire_us=11817 submit_us=5527 skipped=0 gpu_q=1 gpu_total_us=4628 gpu_prepass_us=0 gpu_main_us=4628 gpu_composite_us=0 gpu_blit_us=0
[frust INFO] frust-perf img skipped=0 evicted=3 resident=60 budget=1024x1024x4
[frust INFO] frust-perf raw n=450 total_us=16533 rebuild_us=560 layout_us=24 paint_us=36 encode_us=11 acquire_us=11054 submit_us=4846 skipped=0 gpu_q=1 gpu_total_us=4735 gpu_prepass_us=0 gpu_main_us=4735 gpu_composite_us=0 gpu_blit_us=0
[frust INFO] frust-perf img skipped=0 evicted=3 resident=60 budget=1024x1024x4
[frust INFO] frust-perf raw n=451 total_us=17488 rebuild_us=613 layout_us=26 paint_us=33 encode_us=10 acquire_us=11718 submit_us=5086 skipped=0 gpu_q=1 gpu_total_us=4733 gpu_prepass_us=0 gpu_main_us=4733 gpu_composite_us=0 gpu_blit_us=0
[frust INFO] frust-perf img skipped=0 evicted=3 resident=60 budget=1024x1024x4
[frust INFO] frust-perf raw n=452 total_us=17046 rebuild_us=534 layout_us=24 paint_us=42 encode_us=11 acquire_us=11587 submit_us=4846 skipped=0 gpu_q=1 gpu_total_us=4686 gpu_prepass_us=0 gpu_main_us=4686 gpu_composite_us=0 gpu_blit_us=0
[frust INFO] frust-perf img skipped=0 evicted=3 resident=60 budget=1024x1024x4
[frust INFO] frust-perf raw n=453 total_us=17595 rebuild_us=558 layout_us=21 paint_us=34 encode_us=10 acquire_us=11903 submit_us=5067 skipped=0 gpu_q=1 gpu_total_us=4635 gpu_prepass_us=0 gpu_main_us=4635 gpu_composite_us=0 gpu_blit_us=0
[frust INFO] frust-perf img skipped=0 evicted=4 resident=60 budget=1024x1024x4
[frust INFO] frust-perf raw n=454 total_us=17209 rebuild_us=554 layout_us=28 paint_us=37 encode_us=10 acquire_us=11323 submit_us=5256 skipped=0 gpu_q=1 gpu_total_us=4683 gpu_prepass_us=0 gpu_main_us=4683 gpu_composite_us=0 gpu_blit_us=0
[frust INFO] frust-perf img skipped=0 evicted=3 resident=60 budget=1024x1024x4
[frust INFO] frust-perf raw n=455 total_us=16672 rebuild_us=474 layout_us=23 paint_us=40 encode_us=13 acquire_us=11395 submit_us=4725 skipped=0 gpu_q=1 gpu_total_us=4632 gpu_prepass_us=0 gpu_main_us=4632 gpu_composite_us=0 gpu_blit_us=0
[frust INFO] frust-perf img skipped=0 evicted=3 resident=60 budget=1024x1024x4
[frust INFO] frust-perf raw n=456 total_us=17250 rebuild_us=530 layout_us=29 paint_us=37 encode_us=13 acquire_us=11787 submit_us=4851 skipped=0 gpu_q=1 gpu_total_us=4658 gpu_prepass_us=0 gpu_main_us=4658 gpu_composite_us=0 gpu_blit_us=0
[frust INFO] frust-perf img skipped=0 evicted=3 resident=60 budget=1024x1024x4
[frust INFO] frust-perf raw n=457 total_us=17328 rebuild_us=515 layout_us=23 paint_us=32 encode_us=9 acquire_us=11806 submit_us=4940 skipped=0 gpu_q=1 gpu_total_us=4660 gpu_prepass_us=0 gpu_main_us=4660 gpu_composite_us=0 gpu_blit_us=0
[frust INFO] frust-perf img skipped=0 evicted=3 resident=60 budget=1024x1024x4
[frust INFO] frust-perf raw n=458 total_us=17230 rebuild_us=480 layout_us=22 paint_us=35 encode_us=7 acquire_us=12042 submit_us=4642 skipped=0 gpu_q=1 gpu_total_us=4651 gpu_prepass_us=0 gpu_main_us=4651 gpu_composite_us=0 gpu_blit_us=0
[frust INFO] frust-perf img skipped=0 evicted=4 resident=60 budget=1024x1024x4
[frust INFO] frust-perf raw n=459 total_us=18016 rebuild_us=571 layout_us=25 paint_us=39 encode_us=6 acquire_us=11756 submit_us=5617 skipped=0 gpu_q=1 gpu_total_us=4602 gpu_prepass_us=0 gpu_main_us=4602 gpu_composite_us=0 gpu_blit_us=0
[frust INFO] frust-perf img skipped=0 evicted=3 resident=60 budget=1024x1024x4
[frust INFO] frust-perf raw n=460 total_us=16683 rebuild_us=579 layout_us=21 paint_us=35 encode_us=7 acquire_us=11042 submit_us=4997 skipped=0 gpu_q=1 gpu_total_us=4675 gpu_prepass_us=0 gpu_main_us=4675 gpu_composite_us=0 gpu_blit_us=0
[frust INFO] frust-perf img skipped=0 evicted=3 resident=60 budget=1024x1024x4
[frust INFO] frust-perf raw n=461 total_us=17508 rebuild_us=599 layout_us=29 paint_us=35 encode_us=6 acquire_us=11679 submit_us=5157 skipped=0 gpu_q=1 gpu_total_us=4674 gpu_prepass_us=0 gpu_main_us=4674 gpu_composite_us=0 gpu_blit_us=0
[frust INFO] frust-perf img skipped=0 evicted=3 resident=60 budget=1024x1024x4
[frust INFO] frust-perf raw n=462 total_us=16753 rebuild_us=599 layout_us=24 paint_us=34 encode_us=15 acquire_us=11313 submit_us=4767 skipped=0 gpu_q=1 gpu_total_us=4733 gpu_prepass_us=0 gpu_main_us=4733 gpu_composite_us=0 gpu_blit_us=0
[frust INFO] frust-perf img skipped=0 evicted=3 resident=60 budget=1024x1024x4
[frust INFO] frust-perf raw n=463 total_us=17219 rebuild_us=563 layout_us=28 paint_us=37 encode_us=9 acquire_us=11858 submit_us=4721 skipped=0 gpu_q=1 gpu_total_us=4707 gpu_prepass_us=0 gpu_main_us=4707 gpu_composite_us=0 gpu_blit_us=0
[frust INFO] frust-perf img skipped=0 evicted=3 resident=60 budget=1024x1024x4
[frust INFO] frust-perf raw n=464 total_us=17723 rebuild_us=586 layout_us=25 paint_us=35 encode_us=8 acquire_us=12042 submit_us=5025 skipped=0 gpu_q=1 gpu_total_us=4543 gpu_prepass_us=0 gpu_main_us=4543 gpu_composite_us=0 gpu_blit_us=0
[frust INFO] frust-perf img skipped=0 evicted=4 resident=60 budget=1024x1024x4
[frust INFO] frust-perf raw n=465 total_us=17313 rebuild_us=594 layout_us=28 paint_us=42 encode_us=16 acquire_us=11363 submit_us=5269 skipped=0 gpu_q=1 gpu_total_us=4650 gpu_prepass_us=0 gpu_main_us=4650 gpu_composite_us=0 gpu_blit_us=0
[frust INFO] frust-perf img skipped=0 evicted=3 resident=60 budget=1024x1024x4
[frust INFO] frust-perf raw n=466 total_us=16762 rebuild_us=575 layout_us=28 paint_us=37 encode_us=6 acquire_us=11527 submit_us=4586 skipped=0 gpu_q=1 gpu_total_us=4674 gpu_prepass_us=0 gpu_main_us=4674 gpu_composite_us=0 gpu_blit_us=0
[frust INFO] frust-perf img skipped=0 evicted=3 resident=60 budget=1024x1024x4
[frust INFO] frust-perf raw n=467 total_us=17687 rebuild_us=610 layout_us=26 paint_us=38 encode_us=6 acquire_us=11909 submit_us=5097 skipped=0 gpu_q=1 gpu_total_us=4681 gpu_prepass_us=0 gpu_main_us=4681 gpu_composite_us=0 gpu_blit_us=0
[frust INFO] frust-perf img skipped=0 evicted=3 resident=60 budget=1024x1024x4
[frust INFO] frust-perf raw n=468 total_us=16924 rebuild_us=567 layout_us=26 paint_us=41 encode_us=16 acquire_us=11419 submit_us=4851 skipped=0 gpu_q=1 gpu_total_us=4582 gpu_prepass_us=0 gpu_main_us=4582 gpu_composite_us=0 gpu_blit_us=0
[frust INFO] frust-perf img skipped=0 evicted=3 resident=60 budget=1024x1024x4
[frust INFO] frust-perf raw n=469 total_us=17157 rebuild_us=528 layout_us=24 paint_us=39 encode_us=7 acquire_us=11844 submit_us=4712 skipped=0 gpu_q=1 gpu_total_us=4675 gpu_prepass_us=0 gpu_main_us=4675 gpu_composite_us=0 gpu_blit_us=0
[frust INFO] frust-perf img skipped=0 evicted=4 resident=60 budget=1024x1024x4
[frust INFO] frust-perf raw n=470 total_us=18068 rebuild_us=606 layout_us=30 paint_us=36 encode_us=5 acquire_us=11890 submit_us=5498 skipped=0 gpu_q=1 gpu_total_us=4570 gpu_prepass_us=0 gpu_main_us=4570 gpu_composite_us=0 gpu_blit_us=0
[frust INFO] frust-perf img skipped=0 evicted=3 resident=60 budget=1024x1024x4
[frust INFO] frust-perf raw n=471 total_us=16326 rebuild_us=598 layout_us=24 paint_us=35 encode_us=17 acquire_us=11103 submit_us=4547 skipped=0 gpu_q=1 gpu_total_us=4657 gpu_prepass_us=0 gpu_main_us=4657 gpu_composite_us=0 gpu_blit_us=0
[frust INFO] frust-perf img skipped=0 evicted=3 resident=60 budget=1024x1024x4
[frust INFO] frust-perf raw n=472 total_us=18041 rebuild_us=503 layout_us=24 paint_us=36 encode_us=6 acquire_us=12236 submit_us=5235 skipped=0 gpu_q=1 gpu_total_us=4702 gpu_prepass_us=0 gpu_main_us=4702 gpu_composite_us=0 gpu_blit_us=0
[frust INFO] frust-perf img skipped=0 evicted=3 resident=60 budget=1024x1024x4
[frust INFO] frust-perf raw n=473 total_us=16613 rebuild_us=575 layout_us=28 paint_us=35 encode_us=13 acquire_us=11189 submit_us=4771 skipped=0 gpu_q=1 gpu_total_us=4483 gpu_prepass_us=0 gpu_main_us=4483 gpu_composite_us=0 gpu_blit_us=0
[frust INFO] frust-perf img skipped=0 evicted=3 resident=60 budget=1024x1024x4
[frust INFO] frust-perf raw n=474 total_us=17252 rebuild_us=548 layout_us=25 paint_us=34 encode_us=10 acquire_us=11923 submit_us=4710 skipped=0 gpu_q=1 gpu_total_us=4542 gpu_prepass_us=0 gpu_main_us=4542 gpu_composite_us=0 gpu_blit_us=0
[frust INFO] frust-perf img skipped=0 evicted=4 resident=60 budget=1024x1024x4
[frust INFO] frust-perf raw n=475 total_us=17731 rebuild_us=565 layout_us=29 paint_us=34 encode_us=10 acquire_us=11812 submit_us=5278 skipped=0 gpu_q=1 gpu_total_us=4471 gpu_prepass_us=0 gpu_main_us=4471 gpu_composite_us=0 gpu_blit_us=0
[frust INFO] frust-perf img skipped=0 evicted=3 resident=60 budget=1024x1024x4
[frust INFO] frust-perf raw n=476 total_us=16490 rebuild_us=493 layout_us=27 paint_us=34 encode_us=6 acquire_us=11440 submit_us=4488 skipped=0 gpu_q=1 gpu_total_us=4723 gpu_prepass_us=0 gpu_main_us=4723 gpu_composite_us=0 gpu_blit_us=0
[frust INFO] frust-perf img skipped=0 evicted=3 resident=60 budget=1024x1024x4
[frust INFO] frust-perf raw n=477 total_us=17684 rebuild_us=587 layout_us=20 paint_us=33 encode_us=7 acquire_us=12098 submit_us=4938 skipped=0 gpu_q=1 gpu_total_us=4716 gpu_prepass_us=0 gpu_main_us=4716 gpu_composite_us=0 gpu_blit_us=0
[frust INFO] frust-perf img skipped=0 evicted=3 resident=60 budget=1024x1024x4
[frust INFO] frust-perf raw n=478 total_us=17070 rebuild_us=539 layout_us=26 paint_us=41 encode_us=12 acquire_us=11676 submit_us=4772 skipped=0 gpu_q=1 gpu_total_us=4640 gpu_prepass_us=0 gpu_main_us=4640 gpu_composite_us=0 gpu_blit_us=0
[frust INFO] frust-perf frame n=120 total_p50_ms=17 total_p95_ms=18 total_p99_ms=18 rebuild_p95_ms=0 layout_p95_ms=0 paint_p95_ms=0 encode_p95_ms=0 acquire_p95_ms=12 submit_p95_ms=5 over_60hz=412 over_120hz=469 skipped=0 total_frames=478
[frust INFO] frust-perf img skipped=0 evicted=3 resident=60 budget=1024x1024x4
[frust INFO] frust-perf raw n=479 total_us=17548 rebuild_us=475 layout_us=29 paint_us=35 encode_us=7 acquire_us=11925 submit_us=5075 skipped=0 gpu_q=1 gpu_total_us=4557 gpu_prepass_us=0 gpu_main_us=4557 gpu_composite_us=0 gpu_blit_us=0
[frust INFO] frust-perf img skipped=0 evicted=4 resident=60 budget=1024x1024x4
[frust INFO] frust-perf enc n=480 w=60 validate_us=4.0 prepare_us=4.8 classify_us=10.8 admit_us=0.5 walk_us=1449.5 glyphs_us=109.7 finish_us=3.0 compile_us=1529.9 schedule_us=4.8 paints_us=19.0 instances_us=76.4 resize_us=3.7 upload_us=1844.2 replay_us=0.7 pipelines_us=21.9 record_us=37.3 total_us=3509.3 total_p95_us=4028.8 draws=29 strips=2111 alphas=51696 glyph_draws=17 atlas_glyphs=17
[frust INFO] frust-perf raw n=480 total_us=17406 rebuild_us=576 layout_us=27 paint_us=41 encode_us=12 acquire_us=11375 submit_us=5372 skipped=0 gpu_q=1 gpu_total_us=4551 gpu_prepass_us=0 gpu_main_us=4551 gpu_composite_us=0 gpu_blit_us=0
[frust INFO] frust-perf img skipped=0 evicted=3 resident=60 budget=1024x1024x4
[frust INFO] frust-perf raw n=481 total_us=16380 rebuild_us=442 layout_us=24 paint_us=33 encode_us=10 acquire_us=11198 submit_us=4669 skipped=0 gpu_q=1 gpu_total_us=4676 gpu_prepass_us=0 gpu_main_us=4676 gpu_composite_us=0 gpu_blit_us=0
[frust INFO] frust-perf img skipped=0 evicted=3 resident=60 budget=1024x1024x4
[frust INFO] frust-perf raw n=482 total_us=17611 rebuild_us=482 layout_us=24 paint_us=37 encode_us=10 acquire_us=11942 submit_us=5114 skipped=0 gpu_q=1 gpu_total_us=4744 gpu_prepass_us=0 gpu_main_us=4744 gpu_composite_us=0 gpu_blit_us=0
[frust INFO] frust-perf img skipped=0 evicted=3 resident=60 budget=1024x1024x4
[frust INFO] frust-perf raw n=483 total_us=17041 rebuild_us=544 layout_us=30 paint_us=33 encode_us=14 acquire_us=11522 submit_us=4897 skipped=0 gpu_q=1 gpu_total_us=4679 gpu_prepass_us=0 gpu_main_us=4679 gpu_composite_us=0 gpu_blit_us=0
[frust INFO] frust-perf img skipped=0 evicted=3 resident=60 budget=1024x1024x4
[frust INFO] frust-perf raw n=484 total_us=17298 rebuild_us=530 layout_us=27 paint_us=36 encode_us=10 acquire_us=11782 submit_us=4911 skipped=0 gpu_q=1 gpu_total_us=4651 gpu_prepass_us=0 gpu_main_us=4651 gpu_composite_us=0 gpu_blit_us=0
[frust INFO] frust-perf img skipped=0 evicted=4 resident=60 budget=1024x1024x4
[frust INFO] frust-perf raw n=485 total_us=17657 rebuild_us=531 layout_us=24 paint_us=38 encode_us=12 acquire_us=11534 submit_us=5515 skipped=0 gpu_q=1 gpu_total_us=4639 gpu_prepass_us=0 gpu_main_us=4639 gpu_composite_us=0 gpu_blit_us=0
[frust INFO] frust-perf img skipped=0 evicted=3 resident=60 budget=1024x1024x4
[frust INFO] frust-perf raw n=486 total_us=16703 rebuild_us=531 layout_us=25 paint_us=36 encode_us=10 acquire_us=11237 submit_us=4863 skipped=0 gpu_q=1 gpu_total_us=4628 gpu_prepass_us=0 gpu_main_us=4628 gpu_composite_us=0 gpu_blit_us=0
[frust INFO] frust-perf img skipped=0 evicted=3 resident=60 budget=1024x1024x4
[frust INFO] frust-perf raw n=487 total_us=17066 rebuild_us=515 layout_us=28 paint_us=38 encode_us=11 acquire_us=11621 submit_us=4850 skipped=0 gpu_q=1 gpu_total_us=4655 gpu_prepass_us=0 gpu_main_us=4655 gpu_composite_us=0 gpu_blit_us=0
[frust INFO] frust-perf img skipped=0 evicted=3 resident=60 budget=1024x1024x4
[frust INFO] frust-perf raw n=488 total_us=17561 rebuild_us=522 layout_us=24 paint_us=40 encode_us=11 acquire_us=12007 submit_us=4954 skipped=0 gpu_q=1 gpu_total_us=4657 gpu_prepass_us=0 gpu_main_us=4657 gpu_composite_us=0 gpu_blit_us=0
[frust INFO] frust-perf img skipped=0 evicted=3 resident=60 budget=1024x1024x4
[frust INFO] frust-perf raw n=489 total_us=16812 rebuild_us=525 layout_us=24 paint_us=32 encode_us=10 acquire_us=11390 submit_us=4828 skipped=0 gpu_q=1 gpu_total_us=4571 gpu_prepass_us=0 gpu_main_us=4571 gpu_composite_us=0 gpu_blit_us=0
[frust INFO] frust-perf img skipped=0 evicted=4 resident=60 budget=1024x1024x4
[frust INFO] frust-perf raw n=490 total_us=17874 rebuild_us=507 layout_us=23 paint_us=38 encode_us=10 acquire_us=11777 submit_us=5516 skipped=0 gpu_q=1 gpu_total_us=4608 gpu_prepass_us=0 gpu_main_us=4608 gpu_composite_us=0 gpu_blit_us=0
[frust INFO] frust-perf img skipped=0 evicted=3 resident=60 budget=1024x1024x4
[frust INFO] frust-perf raw n=491 total_us=16448 rebuild_us=579 layout_us=22 paint_us=38 encode_us=13 acquire_us=11026 submit_us=4767 skipped=0 gpu_q=1 gpu_total_us=4687 gpu_prepass_us=0 gpu_main_us=4687 gpu_composite_us=0 gpu_blit_us=0
[frust INFO] frust-perf img skipped=0 evicted=3 resident=60 budget=1024x1024x4
[frust INFO] frust-perf raw n=492 total_us=17328 rebuild_us=475 layout_us=25 paint_us=28 encode_us=10 acquire_us=11915 submit_us=4873 skipped=0 gpu_q=1 gpu_total_us=4630 gpu_prepass_us=0 gpu_main_us=4630 gpu_composite_us=0 gpu_blit_us=0
[frust INFO] frust-perf img skipped=0 evicted=3 resident=60 budget=1024x1024x4
[frust INFO] frust-perf raw n=493 total_us=17175 rebuild_us=560 layout_us=25 paint_us=33 encode_us=14 acquire_us=11684 submit_us=4858 skipped=0 gpu_q=1 gpu_total_us=4647 gpu_prepass_us=0 gpu_main_us=4647 gpu_composite_us=0 gpu_blit_us=0
[frust INFO] frust-perf img skipped=0 evicted=3 resident=60 budget=1024x1024x4
[frust INFO] frust-perf raw n=494 total_us=17278 rebuild_us=541 layout_us=21 paint_us=36 encode_us=10 acquire_us=11898 submit_us=4770 skipped=0 gpu_q=1 gpu_total_us=4642 gpu_prepass_us=0 gpu_main_us=4642 gpu_composite_us=0 gpu_blit_us=0
[frust INFO] frust-perf img skipped=0 evicted=4 resident=60 budget=1024x1024x4
[frust INFO] frust-perf raw n=495 total_us=17542 rebuild_us=536 layout_us=28 paint_us=32 encode_us=14 acquire_us=11727 submit_us=5203 skipped=0 gpu_q=1 gpu_total_us=4612 gpu_prepass_us=0 gpu_main_us=4612 gpu_composite_us=0 gpu_blit_us=0
[frust INFO] frust-perf img skipped=0 evicted=3 resident=60 budget=1024x1024x4
[frust INFO] frust-perf raw n=496 total_us=16529 rebuild_us=473 layout_us=20 paint_us=33 encode_us=15 acquire_us=11306 submit_us=4679 skipped=0 gpu_q=1 gpu_total_us=4700 gpu_prepass_us=0 gpu_main_us=4700 gpu_composite_us=0 gpu_blit_us=0
[frust INFO] frust-perf img skipped=0 evicted=3 resident=60 budget=1024x1024x4
[frust INFO] frust-perf raw n=497 total_us=17527 rebuild_us=493 layout_us=30 paint_us=32 encode_us=10 acquire_us=11979 submit_us=4981 skipped=0 gpu_q=1 gpu_total_us=4634 gpu_prepass_us=0 gpu_main_us=4634 gpu_composite_us=0 gpu_blit_us=0
[frust INFO] frust-perf img skipped=0 evicted=3 resident=60 budget=1024x1024x4
[frust INFO] frust-perf raw n=498 total_us=17273 rebuild_us=518 layout_us=27 paint_us=34 encode_us=11 acquire_us=11827 submit_us=4855 skipped=0 gpu_q=1 gpu_total_us=4636 gpu_prepass_us=0 gpu_main_us=4636 gpu_composite_us=0 gpu_blit_us=0
[frust INFO] frust-perf img skipped=0 evicted=3 resident=60 budget=1024x1024x4
[frust INFO] frust-perf raw n=499 total_us=17061 rebuild_us=556 layout_us=28 paint_us=40 encode_us=10 acquire_us=11597 submit_us=4829 skipped=0 gpu_q=1 gpu_total_us=4717 gpu_prepass_us=0 gpu_main_us=4717 gpu_composite_us=0 gpu_blit_us=0
[frust INFO] frust-perf img skipped=0 evicted=4 resident=60 budget=1024x1024x4
[frust INFO] frust-perf raw n=500 total_us=17803 rebuild_us=512 layout_us=24 paint_us=44 encode_us=10 acquire_us=11748 submit_us=5464 skipped=0 gpu_q=1 gpu_total_us=4606 gpu_prepass_us=0 gpu_main_us=4606 gpu_composite_us=0 gpu_blit_us=0
[frust INFO] frust-perf img skipped=0 evicted=3 resident=60 budget=1024x1024x4
[frust INFO] frust-perf raw n=501 total_us=16567 rebuild_us=494 layout_us=23 paint_us=27 encode_us=6 acquire_us=11181 submit_us=4834 skipped=0 gpu_q=1 gpu_total_us=4668 gpu_prepass_us=0 gpu_main_us=4668 gpu_composite_us=0 gpu_blit_us=0
[frust INFO] frust-perf img skipped=0 evicted=3 resident=60 budget=1024x1024x4
[frust INFO] frust-perf raw n=502 total_us=17083 rebuild_us=555 layout_us=29 paint_us=33 encode_us=12 acquire_us=11724 submit_us=4726 skipped=0 gpu_q=1 gpu_total_us=4662 gpu_prepass_us=0 gpu_main_us=4662 gpu_composite_us=0 gpu_blit_us=0
[frust INFO] frust-perf img skipped=0 evicted=3 resident=60 budget=1024x1024x4
[frust INFO] frust-perf raw n=503 total_us=17352 rebuild_us=489 layout_us=24 paint_us=38 encode_us=13 acquire_us=11880 submit_us=4907 skipped=0 gpu_q=1 gpu_total_us=4623 gpu_prepass_us=0 gpu_main_us=4623 gpu_composite_us=0 gpu_blit_us=0
[frust INFO] frust-perf img skipped=0 evicted=3 resident=60 budget=1024x1024x4
[frust INFO] frust-perf raw n=504 total_us=17106 rebuild_us=471 layout_us=21 paint_us=29 encode_us=9 acquire_us=11963 submit_us=4609 skipped=0 gpu_q=1 gpu_total_us=4743 gpu_prepass_us=0 gpu_main_us=4743 gpu_composite_us=0 gpu_blit_us=0
[frust INFO] frust-perf img skipped=0 evicted=4 resident=60 budget=1024x1024x4
[frust INFO] frust-perf raw n=505 total_us=17770 rebuild_us=544 layout_us=25 paint_us=40 encode_us=10 acquire_us=11729 submit_us=5419 skipped=0 gpu_q=1 gpu_total_us=4580 gpu_prepass_us=0 gpu_main_us=4580 gpu_composite_us=0 gpu_blit_us=0
[frust INFO] frust-perf img skipped=0 evicted=3 resident=60 budget=1024x1024x4
[frust INFO] frust-perf raw n=506 total_us=16762 rebuild_us=528 layout_us=24 paint_us=39 encode_us=10 acquire_us=11259 submit_us=4900 skipped=0 gpu_q=1 gpu_total_us=4612 gpu_prepass_us=0 gpu_main_us=4612 gpu_composite_us=0 gpu_blit_us=0
[frust INFO] frust-perf img skipped=0 evicted=3 resident=60 budget=1024x1024x4
[frust INFO] frust-perf raw n=507 total_us=16913 rebuild_us=526 layout_us=31 paint_us=32 encode_us=12 acquire_us=11597 submit_us=4713 skipped=0 gpu_q=1 gpu_total_us=4658 gpu_prepass_us=0 gpu_main_us=4658 gpu_composite_us=0 gpu_blit_us=0
[frust INFO] frust-perf img skipped=0 evicted=3 resident=60 budget=1024x1024x4
[frust INFO] frust-perf raw n=508 total_us=17342 rebuild_us=505 layout_us=23 paint_us=40 encode_us=10 acquire_us=11866 submit_us=4896 skipped=0 gpu_q=1 gpu_total_us=4660 gpu_prepass_us=0 gpu_main_us=4660 gpu_composite_us=0 gpu_blit_us=0
[frust INFO] frust-perf img skipped=0 evicted=3 resident=60 budget=1024x1024x4
[frust INFO] frust-perf raw n=509 total_us=17371 rebuild_us=526 layout_us=22 paint_us=44 encode_us=11 acquire_us=11996 submit_us=4771 skipped=0 gpu_q=1 gpu_total_us=4581 gpu_prepass_us=0 gpu_main_us=4581 gpu_composite_us=0 gpu_blit_us=0
[frust INFO] frust-perf img skipped=0 evicted=4 resident=60 budget=1024x1024x4
[frust INFO] frust-perf raw n=510 total_us=17664 rebuild_us=552 layout_us=21 paint_us=38 encode_us=10 acquire_us=11592 submit_us=5449 skipped=0 gpu_q=1 gpu_total_us=4641 gpu_prepass_us=0 gpu_main_us=4641 gpu_composite_us=0 gpu_blit_us=0
[frust INFO] frust-perf img skipped=0 evicted=3 resident=60 budget=1024x1024x4
[frust INFO] frust-perf raw n=511 total_us=16830 rebuild_us=545 layout_us=28 paint_us=34 encode_us=11 acquire_us=11156 submit_us=5054 skipped=0 gpu_q=1 gpu_total_us=4686 gpu_prepass_us=0 gpu_main_us=4686 gpu_composite_us=0 gpu_blit_us=0
[frust INFO] frust-perf img skipped=0 evicted=3 resident=60 budget=1024x1024x4
[frust INFO] frust-perf raw n=512 total_us=17114 rebuild_us=538 layout_us=26 paint_us=39 encode_us=11 acquire_us=11530 submit_us=4967 skipped=0 gpu_q=1 gpu_total_us=4671 gpu_prepass_us=0 gpu_main_us=4671 gpu_composite_us=0 gpu_blit_us=0
[frust INFO] frust-perf img skipped=0 evicted=3 resident=60 budget=1024x1024x4
[frust INFO] frust-perf raw n=513 total_us=16993 rebuild_us=549 layout_us=21 paint_us=37 encode_us=12 acquire_us=11566 submit_us=4806 skipped=0 gpu_q=1 gpu_total_us=4679 gpu_prepass_us=0 gpu_main_us=4679 gpu_composite_us=0 gpu_blit_us=0
[frust INFO] frust-perf img skipped=0 evicted=3 resident=60 budget=1024x1024x4
[frust INFO] frust-perf raw n=514 total_us=17572 rebuild_us=535 layout_us=28 paint_us=34 encode_us=10 acquire_us=12090 submit_us=4872 skipped=0 gpu_q=1 gpu_total_us=4682 gpu_prepass_us=0 gpu_main_us=4682 gpu_composite_us=0 gpu_blit_us=0
[frust INFO] frust-perf img skipped=0 evicted=4 resident=60 budget=1024x1024x4
[frust INFO] frust-perf raw n=515 total_us=17593 rebuild_us=537 layout_us=27 paint_us=41 encode_us=11 acquire_us=11500 submit_us=5474 skipped=0 gpu_q=1 gpu_total_us=4593 gpu_prepass_us=0 gpu_main_us=4593 gpu_composite_us=0 gpu_blit_us=0
[frust INFO] frust-perf img skipped=0 evicted=3 resident=60 budget=1024x1024x4
[frust INFO] frust-perf raw n=516 total_us=16656 rebuild_us=559 layout_us=23 paint_us=37 encode_us=39 acquire_us=11071 submit_us=4924 skipped=0 gpu_q=1 gpu_total_us=4644 gpu_prepass_us=0 gpu_main_us=4644 gpu_composite_us=0 gpu_blit_us=0
[frust INFO] frust-perf img skipped=0 evicted=3 resident=60 budget=1024x1024x4
[frust INFO] frust-perf raw n=517 total_us=17132 rebuild_us=576 layout_us=26 paint_us=34 encode_us=16 acquire_us=11689 submit_us=4789 skipped=0 gpu_q=1 gpu_total_us=4604 gpu_prepass_us=0 gpu_main_us=4604 gpu_composite_us=0 gpu_blit_us=0
[frust INFO] frust-perf img skipped=0 evicted=3 resident=60 budget=1024x1024x4
[frust INFO] frust-perf raw n=518 total_us=17471 rebuild_us=501 layout_us=25 paint_us=33 encode_us=11 acquire_us=11851 submit_us=5049 skipped=0 gpu_q=1 gpu_total_us=4640 gpu_prepass_us=0 gpu_main_us=4640 gpu_composite_us=0 gpu_blit_us=0
[frust INFO] frust-perf img skipped=0 evicted=3 resident=60 budget=1024x1024x4
[frust INFO] frust-perf raw n=519 total_us=17139 rebuild_us=526 layout_us=27 paint_us=38 encode_us=14 acquire_us=11486 submit_us=5046 skipped=0 gpu_q=1 gpu_total_us=4609 gpu_prepass_us=0 gpu_main_us=4609 gpu_composite_us=0 gpu_blit_us=0
[frust INFO] frust-perf img skipped=0 evicted=3 resident=60 budget=1024x1024x4
[frust INFO] frust-perf raw n=520 total_us=17526 rebuild_us=656 layout_us=27 paint_us=33 encode_us=10 acquire_us=11866 submit_us=4931 skipped=0 gpu_q=1 gpu_total_us=4619 gpu_prepass_us=0 gpu_main_us=4619 gpu_composite_us=0 gpu_blit_us=0
[frust INFO] frust-perf img skipped=0 evicted=4 resident=60 budget=1024x1024x4
[frust INFO] frust-perf raw n=521 total_us=17806 rebuild_us=579 layout_us=27 paint_us=34 encode_us=15 acquire_us=11415 submit_us=5734 skipped=0 gpu_q=1 gpu_total_us=4604 gpu_prepass_us=0 gpu_main_us=4604 gpu_composite_us=0 gpu_blit_us=0
[frust INFO] frust-perf img skipped=0 evicted=3 resident=60 budget=1024x1024x4
[frust INFO] frust-perf raw n=522 total_us=16542 rebuild_us=602 layout_us=22 paint_us=30 encode_us=11 acquire_us=10830 submit_us=5045 skipped=0 gpu_q=1 gpu_total_us=4618 gpu_prepass_us=0 gpu_main_us=4618 gpu_composite_us=0 gpu_blit_us=0
[frust INFO] frust-perf img skipped=0 evicted=3 resident=60 budget=1024x1024x4
[frust INFO] frust-perf raw n=523 total_us=16968 rebuild_us=641 layout_us=27 paint_us=38 encode_us=14 acquire_us=11562 submit_us=4683 skipped=0 gpu_q=1 gpu_total_us=4589 gpu_prepass_us=0 gpu_main_us=4589 gpu_composite_us=0 gpu_blit_us=0
[frust INFO] frust-perf img skipped=0 evicted=3 resident=60 budget=1024x1024x4
[frust INFO] frust-perf raw n=524 total_us=17521 rebuild_us=585 layout_us=25 paint_us=30 encode_us=9 acquire_us=11974 submit_us=4894 skipped=0 gpu_q=1 gpu_total_us=4674 gpu_prepass_us=0 gpu_main_us=4674 gpu_composite_us=0 gpu_blit_us=0
[frust INFO] frust-perf img skipped=0 evicted=3 resident=60 budget=1024x1024x4
[frust INFO] frust-perf raw n=525 total_us=17023 rebuild_us=507 layout_us=25 paint_us=35 encode_us=11 acquire_us=11780 submit_us=4663 skipped=0 gpu_q=1 gpu_total_us=4664 gpu_prepass_us=0 gpu_main_us=4664 gpu_composite_us=0 gpu_blit_us=0
[frust INFO] frust-perf img skipped=0 evicted=4 resident=60 budget=1024x1024x4
[frust INFO] frust-perf raw n=526 total_us=17777 rebuild_us=517 layout_us=21 paint_us=36 encode_us=12 acquire_us=11787 submit_us=5401 skipped=0 gpu_q=1 gpu_total_us=4748 gpu_prepass_us=0 gpu_main_us=4748 gpu_composite_us=0 gpu_blit_us=0
[frust INFO] frust-perf img skipped=0 evicted=3 resident=60 budget=1024x1024x4
[frust INFO] frust-perf raw n=527 total_us=16789 rebuild_us=532 layout_us=25 paint_us=34 encode_us=11 acquire_us=11197 submit_us=4988 skipped=0 gpu_q=1 gpu_total_us=4623 gpu_prepass_us=0 gpu_main_us=4623 gpu_composite_us=0 gpu_blit_us=0
[frust INFO] frust-perf img skipped=0 evicted=3 resident=60 budget=1024x1024x4
[frust INFO] frust-perf raw n=528 total_us=17145 rebuild_us=558 layout_us=28 paint_us=39 encode_us=10 acquire_us=11629 submit_us=4879 skipped=0 gpu_q=1 gpu_total_us=4706 gpu_prepass_us=0 gpu_main_us=4706 gpu_composite_us=0 gpu_blit_us=0
[frust INFO] frust-perf img skipped=0 evicted=3 resident=60 budget=1024x1024x4
[frust INFO] frust-perf raw n=529 total_us=17182 rebuild_us=554 layout_us=24 paint_us=35 encode_us=9 acquire_us=11700 submit_us=4857 skipped=0 gpu_q=1 gpu_total_us=4762 gpu_prepass_us=0 gpu_main_us=4762 gpu_composite_us=0 gpu_blit_us=0
[frust INFO] frust-perf img skipped=0 evicted=3 resident=60 budget=1024x1024x4
[frust INFO] frust-perf raw n=530 total_us=17478 rebuild_us=529 layout_us=25 paint_us=36 encode_us=11 acquire_us=11959 submit_us=4915 skipped=0 gpu_q=1 gpu_total_us=4591 gpu_prepass_us=0 gpu_main_us=4591 gpu_composite_us=0 gpu_blit_us=0
[frust INFO] frust-perf img skipped=0 evicted=4 resident=60 budget=1024x1024x4
[frust INFO] frust-perf raw n=531 total_us=17463 rebuild_us=556 layout_us=23 paint_us=39 encode_us=12 acquire_us=11416 submit_us=5415 skipped=0 gpu_q=1 gpu_total_us=4619 gpu_prepass_us=0 gpu_main_us=4619 gpu_composite_us=0 gpu_blit_us=0
[frust INFO] frust-perf img skipped=0 evicted=3 resident=60 budget=1024x1024x4
[frust INFO] frust-perf raw n=532 total_us=16946 rebuild_us=509 layout_us=28 paint_us=38 encode_us=11 acquire_us=11310 submit_us=5047 skipped=0 gpu_q=1 gpu_total_us=4658 gpu_prepass_us=0 gpu_main_us=4658 gpu_composite_us=0 gpu_blit_us=0
[frust INFO] frust-perf img skipped=0 evicted=3 resident=60 budget=1024x1024x4
[frust INFO] frust-perf raw n=533 total_us=17138 rebuild_us=520 layout_us=22 paint_us=35 encode_us=14 acquire_us=11537 submit_us=5007 skipped=0 gpu_q=1 gpu_total_us=4689 gpu_prepass_us=0 gpu_main_us=4689 gpu_composite_us=0 gpu_blit_us=0
[frust INFO] frust-perf img skipped=0 evicted=3 resident=60 budget=1024x1024x4
[frust INFO] frust-perf raw n=534 total_us=17194 rebuild_us=591 layout_us=26 paint_us=38 encode_us=11 acquire_us=11481 submit_us=5044 skipped=0 gpu_q=1 gpu_total_us=4612 gpu_prepass_us=0 gpu_main_us=4612 gpu_composite_us=0 gpu_blit_us=0
[frust INFO] frust-perf img skipped=0 evicted=3 resident=60 budget=1024x1024x4
[frust INFO] frust-perf raw n=535 total_us=17508 rebuild_us=575 layout_us=26 paint_us=42 encode_us=11 acquire_us=11689 submit_us=5163 skipped=0 gpu_q=1 gpu_total_us=4627 gpu_prepass_us=0 gpu_main_us=4627 gpu_composite_us=0 gpu_blit_us=0
[frust INFO] frust-perf img skipped=0 evicted=4 resident=60 budget=1024x1024x4
[frust INFO] frust-perf raw n=536 total_us=17640 rebuild_us=612 layout_us=25 paint_us=38 encode_us=14 acquire_us=11363 submit_us=5586 skipped=0 gpu_q=1 gpu_total_us=4632 gpu_prepass_us=0 gpu_main_us=4632 gpu_composite_us=0 gpu_blit_us=0
[frust INFO] frust-perf img skipped=0 evicted=3 resident=60 budget=1024x1024x4
[frust INFO] frust-perf raw n=537 total_us=16388 rebuild_us=555 layout_us=36 paint_us=35 encode_us=12 acquire_us=11022 submit_us=4725 skipped=0 gpu_q=1 gpu_total_us=4676 gpu_prepass_us=0 gpu_main_us=4676 gpu_composite_us=0 gpu_blit_us=0
[frust INFO] frust-perf img skipped=0 evicted=3 resident=60 budget=1024x1024x4
[frust INFO] frust-perf raw n=538 total_us=17149 rebuild_us=572 layout_us=30 paint_us=40 encode_us=15 acquire_us=11975 submit_us=4516 skipped=0 gpu_q=1 gpu_total_us=4680 gpu_prepass_us=0 gpu_main_us=4680 gpu_composite_us=0 gpu_blit_us=0
[frust INFO] frust-perf img skipped=0 evicted=3 resident=60 budget=1024x1024x4
[frust INFO] frust-perf raw n=539 total_us=17814 rebuild_us=567 layout_us=23 paint_us=40 encode_us=6 acquire_us=12007 submit_us=5169 skipped=0 gpu_q=1 gpu_total_us=4652 gpu_prepass_us=0 gpu_main_us=4652 gpu_composite_us=0 gpu_blit_us=0
[frust INFO] frust-perf img skipped=0 evicted=3 resident=60 budget=1024x1024x4
[frust INFO] frust-perf enc n=540 w=60 validate_us=3.9 prepare_us=4.8 classify_us=11.2 admit_us=0.6 walk_us=1439.1 glyphs_us=110.3 finish_us=3.5 compile_us=1515.6 schedule_us=4.8 paints_us=18.3 instances_us=77.3 resize_us=3.6 upload_us=1851.3 replay_us=0.8 pipelines_us=19.7 record_us=38.6 total_us=3523.8 total_p95_us=4174.4 draws=29 strips=2111 alphas=51696 glyph_draws=17 atlas_glyphs=17
[frust INFO] frust-perf raw n=540 total_us=17196 rebuild_us=622 layout_us=25 paint_us=42 encode_us=19 acquire_us=11418 submit_us=5068 skipped=0 gpu_q=1 gpu_total_us=4639 gpu_prepass_us=0 gpu_main_us=4639 gpu_composite_us=0 gpu_blit_us=0
[frust INFO] frust-perf img skipped=0 evicted=4 resident=60 budget=1024x1024x4
[frust INFO] frust-perf raw n=541 total_us=18062 rebuild_us=618 layout_us=29 paint_us=37 encode_us=7 acquire_us=11878 submit_us=5492 skipped=0 gpu_q=1 gpu_total_us=4591 gpu_prepass_us=0 gpu_main_us=4591 gpu_composite_us=0 gpu_blit_us=0
[frust INFO] frust-perf img skipped=0 evicted=3 resident=60 budget=1024x1024x4
[frust INFO] frust-perf raw n=542 total_us=16075 rebuild_us=632 layout_us=26 paint_us=39 encode_us=15 acquire_us=10775 submit_us=4585 skipped=0 gpu_q=1 gpu_total_us=4555 gpu_prepass_us=0 gpu_main_us=4555 gpu_composite_us=0 gpu_blit_us=0
[frust INFO] frust-perf img skipped=0 evicted=3 resident=60 budget=1024x1024x4
[frust INFO] frust-perf raw n=543 total_us=17839 rebuild_us=603 layout_us=24 paint_us=35 encode_us=6 acquire_us=12100 submit_us=5069 skipped=0 gpu_q=1 gpu_total_us=4623 gpu_prepass_us=0 gpu_main_us=4623 gpu_composite_us=0 gpu_blit_us=0
[frust INFO] frust-perf img skipped=0 evicted=3 resident=60 budget=1024x1024x4
[frust INFO] frust-perf raw n=544 total_us=16807 rebuild_us=536 layout_us=21 paint_us=37 encode_us=13 acquire_us=11649 submit_us=4549 skipped=0 gpu_q=1 gpu_total_us=4569 gpu_prepass_us=0 gpu_main_us=4569 gpu_composite_us=0 gpu_blit_us=0
[frust INFO] frust-perf img skipped=0 evicted=3 resident=60 budget=1024x1024x4
[frust INFO] frust-perf raw n=545 total_us=16756 rebuild_us=224 layout_us=8 paint_us=13 encode_us=16 acquire_us=11832 submit_us=4660 skipped=0 gpu_q=1 gpu_total_us=4648 gpu_prepass_us=0 gpu_main_us=4648 gpu_composite_us=0 gpu_blit_us=0
[frust INFO] frust-perf img skipped=0 evicted=4 resident=60 budget=1024x1024x4
[frust INFO] frust-perf raw n=546 total_us=18351 rebuild_us=804 layout_us=27 paint_us=37 encode_us=10 acquire_us=11997 submit_us=5473 skipped=0 gpu_q=1 gpu_total_us=4558 gpu_prepass_us=0 gpu_main_us=4558 gpu_composite_us=0 gpu_blit_us=0
[frust INFO] frust-perf img skipped=0 evicted=3 resident=60 budget=1024x1024x4
[frust INFO] frust-perf raw n=547 total_us=16726 rebuild_us=514 layout_us=30 paint_us=36 encode_us=10 acquire_us=11141 submit_us=4993 skipped=0 gpu_q=1 gpu_total_us=4761 gpu_prepass_us=0 gpu_main_us=4761 gpu_composite_us=0 gpu_blit_us=0
[frust INFO] frust-perf img skipped=0 evicted=3 resident=60 budget=1024x1024x4
[frust INFO] frust-perf raw n=548 total_us=16735 rebuild_us=537 layout_us=29 paint_us=29 encode_us=14 acquire_us=11526 submit_us=4597 skipped=0 gpu_q=1 gpu_total_us=4637 gpu_prepass_us=0 gpu_main_us=4637 gpu_composite_us=0 gpu_blit_us=0
[frust INFO] frust-perf img skipped=0 evicted=3 resident=60 budget=1024x1024x4
[frust INFO] frust-perf raw n=549 total_us=17227 rebuild_us=505 layout_us=29 paint_us=38 encode_us=59 acquire_us=12080 submit_us=4513 skipped=0 gpu_q=1 gpu_total_us=4642 gpu_prepass_us=0 gpu_main_us=4642 gpu_composite_us=0 gpu_blit_us=0
[frust INFO] frust-perf img skipped=0 evicted=3 resident=60 budget=1024x1024x4
[frust INFO] frust-perf raw n=550 total_us=17783 rebuild_us=532 layout_us=24 paint_us=35 encode_us=6 acquire_us=12044 submit_us=5140 skipped=0 gpu_q=1 gpu_total_us=4612 gpu_prepass_us=0 gpu_main_us=4612 gpu_composite_us=0 gpu_blit_us=0
[frust INFO] frust-perf img skipped=0 evicted=4 resident=60 budget=1024x1024x4
[frust INFO] frust-perf raw n=551 total_us=17916 rebuild_us=580 layout_us=29 paint_us=39 encode_us=7 acquire_us=11905 submit_us=5355 skipped=0 gpu_q=1 gpu_total_us=4614 gpu_prepass_us=0 gpu_main_us=4614 gpu_composite_us=0 gpu_blit_us=0
[frust INFO] frust-perf img skipped=0 evicted=3 resident=60 budget=1024x1024x4
[frust INFO] frust-perf raw n=552 total_us=15950 rebuild_us=522 layout_us=24 paint_us=35 encode_us=15 acquire_us=10757 submit_us=4595 skipped=0 gpu_q=1 gpu_total_us=4657 gpu_prepass_us=0 gpu_main_us=4657 gpu_composite_us=0 gpu_blit_us=0
[frust INFO] frust-perf img skipped=0 evicted=3 resident=60 budget=1024x1024x4
[frust INFO] frust-perf raw n=553 total_us=17728 rebuild_us=538 layout_us=26 paint_us=35 encode_us=5 acquire_us=12119 submit_us=5003 skipped=0 gpu_q=1 gpu_total_us=4598 gpu_prepass_us=0 gpu_main_us=4598 gpu_composite_us=0 gpu_blit_us=0
[frust INFO] frust-perf img skipped=0 evicted=3 resident=60 budget=1024x1024x4
[frust INFO] frust-perf raw n=554 total_us=17086 rebuild_us=585 layout_us=29 paint_us=33 encode_us=13 acquire_us=11619 submit_us=4805 skipped=0 gpu_q=1 gpu_total_us=4655 gpu_prepass_us=0 gpu_main_us=4655 gpu_composite_us=0 gpu_blit_us=0
[frust INFO] frust-perf img skipped=0 evicted=3 resident=60 budget=1024x1024x4
[frust INFO] frust-perf raw n=555 total_us=17354 rebuild_us=486 layout_us=30 paint_us=36 encode_us=14 acquire_us=11723 submit_us=5063 skipped=0 gpu_q=1 gpu_total_us=4663 gpu_prepass_us=0 gpu_main_us=4663 gpu_composite_us=0 gpu_blit_us=0
[frust INFO] frust-perf img skipped=0 evicted=4 resident=60 budget=1024x1024x4
[frust INFO] frust-perf raw n=556 total_us=17758 rebuild_us=530 layout_us=23 paint_us=37 encode_us=11 acquire_us=11828 submit_us=5327 skipped=0 gpu_q=1 gpu_total_us=4487 gpu_prepass_us=0 gpu_main_us=4487 gpu_composite_us=0 gpu_blit_us=0
[frust INFO] frust-perf img skipped=0 evicted=3 resident=60 budget=1024x1024x4
[frust INFO] frust-perf raw n=557 total_us=16637 rebuild_us=526 layout_us=26 paint_us=35 encode_us=14 acquire_us=11042 submit_us=4991 skipped=0 gpu_q=1 gpu_total_us=4632 gpu_prepass_us=0 gpu_main_us=4632 gpu_composite_us=0 gpu_blit_us=0
[frust INFO] frust-perf img skipped=0 evicted=3 resident=60 budget=1024x1024x4
[frust INFO] frust-perf raw n=558 total_us=17204 rebuild_us=538 layout_us=25 paint_us=32 encode_us=10 acquire_us=11610 submit_us=4987 skipped=0 gpu_q=1 gpu_total_us=4638 gpu_prepass_us=0 gpu_main_us=4638 gpu_composite_us=0 gpu_blit_us=0
[frust INFO] frust-perf img skipped=0 evicted=3 resident=60 budget=1024x1024x4
[frust INFO] frust-perf raw n=559 total_us=16846 rebuild_us=532 layout_us=22 paint_us=34 encode_us=6 acquire_us=11643 submit_us=4606 skipped=0 gpu_q=1 gpu_total_us=4771 gpu_prepass_us=0 gpu_main_us=4771 gpu_composite_us=0 gpu_blit_us=0
[frust INFO] frust-perf img skipped=0 evicted=3 resident=60 budget=1024x1024x4
[frust INFO] frust-perf raw n=560 total_us=17849 rebuild_us=573 layout_us=27 paint_us=38 encode_us=5 acquire_us=12000 submit_us=5203 skipped=0 gpu_q=1 gpu_total_us=4638 gpu_prepass_us=0 gpu_main_us=4638 gpu_composite_us=0 gpu_blit_us=0
[frust INFO] frust-perf img skipped=0 evicted=4 resident=60 budget=1024x1024x4
[frust INFO] frust-perf raw n=561 total_us=17716 rebuild_us=598 layout_us=29 paint_us=42 encode_us=16 acquire_us=11618 submit_us=5411 skipped=0 gpu_q=1 gpu_total_us=4598 gpu_prepass_us=0 gpu_main_us=4598 gpu_composite_us=0 gpu_blit_us=0
[frust INFO] frust-perf img skipped=0 evicted=3 resident=60 budget=1024x1024x4
[frust INFO] frust-perf raw n=562 total_us=16293 rebuild_us=485 layout_us=25 paint_us=39 encode_us=14 acquire_us=10903 submit_us=4824 skipped=0 gpu_q=1 gpu_total_us=4658 gpu_prepass_us=0 gpu_main_us=4658 gpu_composite_us=0 gpu_blit_us=0
[frust INFO] frust-perf img skipped=0 evicted=3 resident=60 budget=1024x1024x4
[frust INFO] frust-perf raw n=563 total_us=16970 rebuild_us=504 layout_us=28 paint_us=35 encode_us=15 acquire_us=11843 submit_us=4542 skipped=0 gpu_q=1 gpu_total_us=4529 gpu_prepass_us=0 gpu_main_us=4529 gpu_composite_us=0 gpu_blit_us=0
[frust INFO] frust-perf img skipped=0 evicted=3 resident=60 budget=1024x1024x4
[frust INFO] frust-perf raw n=564 total_us=17636 rebuild_us=587 layout_us=27 paint_us=36 encode_us=13 acquire_us=12163 submit_us=4808 skipped=0 gpu_q=1 gpu_total_us=4662 gpu_prepass_us=0 gpu_main_us=4662 gpu_composite_us=0 gpu_blit_us=0
[frust INFO] frust-perf img skipped=0 evicted=3 resident=60 budget=1024x1024x4
[frust INFO] frust-perf raw n=565 total_us=17506 rebuild_us=540 layout_us=28 paint_us=33 encode_us=5 acquire_us=11741 submit_us=5156 skipped=0 gpu_q=1 gpu_total_us=4645 gpu_prepass_us=0 gpu_main_us=4645 gpu_composite_us=0 gpu_blit_us=0
[frust INFO] frust-perf img skipped=0 evicted=4 resident=60 budget=1024x1024x4
[frust INFO] frust-perf raw n=566 total_us=17557 rebuild_us=566 layout_us=28 paint_us=36 encode_us=6 acquire_us=11746 submit_us=5173 skipped=0 gpu_q=1 gpu_total_us=4713 gpu_prepass_us=0 gpu_main_us=4713 gpu_composite_us=0 gpu_blit_us=0
[frust INFO] frust-perf img skipped=0 evicted=3 resident=60 budget=1024x1024x4
[frust INFO] frust-perf raw n=567 total_us=16949 rebuild_us=550 layout_us=23 paint_us=37 encode_us=7 acquire_us=11162 submit_us=5167 skipped=0 gpu_q=1 gpu_total_us=4729 gpu_prepass_us=0 gpu_main_us=4729 gpu_composite_us=0 gpu_blit_us=0
[frust INFO] frust-perf img skipped=0 evicted=3 resident=60 budget=1024x1024x4
[frust INFO] frust-perf raw n=568 total_us=16994 rebuild_us=554 layout_us=24 paint_us=36 encode_us=13 acquire_us=11448 submit_us=4917 skipped=0 gpu_q=1 gpu_total_us=4524 gpu_prepass_us=0 gpu_main_us=4524 gpu_composite_us=0 gpu_blit_us=0
[frust INFO] frust-perf img skipped=0 evicted=3 resident=60 budget=1024x1024x4
[frust INFO] frust-perf raw n=569 total_us=17211 rebuild_us=495 layout_us=24 paint_us=35 encode_us=7 acquire_us=11705 submit_us=4942 skipped=0 gpu_q=1 gpu_total_us=4607 gpu_prepass_us=0 gpu_main_us=4607 gpu_composite_us=0 gpu_blit_us=0
[frust INFO] frust-perf img skipped=0 evicted=3 resident=60 budget=1024x1024x4
[frust INFO] frust-perf raw n=570 total_us=16916 rebuild_us=497 layout_us=29 paint_us=36 encode_us=13 acquire_us=11616 submit_us=4722 skipped=0 gpu_q=1 gpu_total_us=4542 gpu_prepass_us=0 gpu_main_us=4542 gpu_composite_us=0 gpu_blit_us=0
[frust INFO] frust-perf img skipped=0 evicted=3 resident=60 budget=1024x1024x4
[frust INFO] frust-perf raw n=571 total_us=17502 rebuild_us=528 layout_us=21 paint_us=35 encode_us=9 acquire_us=12135 submit_us=4770 skipped=0 gpu_q=1 gpu_total_us=4753 gpu_prepass_us=0 gpu_main_us=4753 gpu_composite_us=0 gpu_blit_us=0
[frust INFO] frust-perf img skipped=0 evicted=4 resident=60 budget=1024x1024x4
[frust INFO] frust-perf raw n=572 total_us=17681 rebuild_us=474 layout_us=25 paint_us=36 encode_us=10 acquire_us=11658 submit_us=5475 skipped=0 gpu_q=1 gpu_total_us=4692 gpu_prepass_us=0 gpu_main_us=4692 gpu_composite_us=0 gpu_blit_us=0
[frust INFO] frust-perf img skipped=0 evicted=3 resident=60 budget=1024x1024x4
[frust INFO] frust-perf raw n=573 total_us=16703 rebuild_us=542 layout_us=25 paint_us=34 encode_us=11 acquire_us=11069 submit_us=5020 skipped=0 gpu_q=1 gpu_total_us=4647 gpu_prepass_us=0 gpu_main_us=4647 gpu_composite_us=0 gpu_blit_us=0
[frust INFO] frust-perf img skipped=0 evicted=3 resident=60 budget=1024x1024x4
[frust INFO] frust-perf raw n=574 total_us=17009 rebuild_us=565 layout_us=26 paint_us=35 encode_us=10 acquire_us=11546 submit_us=4823 skipped=0 gpu_q=1 gpu_total_us=4620 gpu_prepass_us=0 gpu_main_us=4620 gpu_composite_us=0 gpu_blit_us=0
[frust INFO] frust-perf img skipped=0 evicted=3 resident=60 budget=1024x1024x4
[frust INFO] frust-perf raw n=575 total_us=17503 rebuild_us=482 layout_us=21 paint_us=30 encode_us=11 acquire_us=11684 submit_us=5273 skipped=0 gpu_q=1 gpu_total_us=4697 gpu_prepass_us=0 gpu_main_us=4697 gpu_composite_us=0 gpu_blit_us=0
[frust INFO] frust-perf img skipped=0 evicted=3 resident=60 budget=1024x1024x4
[frust INFO] frust-perf raw n=576 total_us=17163 rebuild_us=544 layout_us=27 paint_us=40 encode_us=10 acquire_us=11715 submit_us=4825 skipped=0 gpu_q=1 gpu_total_us=4583 gpu_prepass_us=0 gpu_main_us=4583 gpu_composite_us=0 gpu_blit_us=0
[frust INFO] frust-perf img skipped=0 evicted=4 resident=60 budget=1024x1024x4
[frust INFO] frust-perf raw n=577 total_us=17616 rebuild_us=536 layout_us=22 paint_us=36 encode_us=10 acquire_us=11447 submit_us=5562 skipped=0 gpu_q=1 gpu_total_us=4646 gpu_prepass_us=0 gpu_main_us=4646 gpu_composite_us=0 gpu_blit_us=0
[frust INFO] frust-perf img skipped=0 evicted=3 resident=60 budget=1024x1024x4
[frust INFO] frust-perf raw n=578 total_us=16454 rebuild_us=523 layout_us=24 paint_us=40 encode_us=9 acquire_us=11081 submit_us=4774 skipped=0 gpu_q=1 gpu_total_us=4634 gpu_prepass_us=0 gpu_main_us=4634 gpu_composite_us=0 gpu_blit_us=0
[frust INFO] frust-perf img skipped=0 evicted=3 resident=60 budget=1024x1024x4
[frust INFO] frust-perf raw n=579 total_us=17293 rebuild_us=540 layout_us=25 paint_us=31 encode_us=10 acquire_us=11848 submit_us=4836 skipped=0 gpu_q=1 gpu_total_us=4643 gpu_prepass_us=0 gpu_main_us=4643 gpu_composite_us=0 gpu_blit_us=0
[frust INFO] frust-perf img skipped=0 evicted=3 resident=60 budget=1024x1024x4
[frust INFO] frust-perf raw n=580 total_us=17087 rebuild_us=545 layout_us=28 paint_us=35 encode_us=12 acquire_us=11781 submit_us=4683 skipped=0 gpu_q=1 gpu_total_us=4633 gpu_prepass_us=0 gpu_main_us=4633 gpu_composite_us=0 gpu_blit_us=0
[frust INFO] frust-perf img skipped=0 evicted=3 resident=60 budget=1024x1024x4
[frust INFO] frust-perf raw n=581 total_us=17288 rebuild_us=454 layout_us=21 paint_us=37 encode_us=10 acquire_us=12183 submit_us=4580 skipped=0 gpu_q=1 gpu_total_us=4616 gpu_prepass_us=0 gpu_main_us=4616 gpu_composite_us=0 gpu_blit_us=0
[frust INFO] frust-perf img skipped=0 evicted=4 resident=60 budget=1024x1024x4
[frust INFO] frust-perf raw n=582 total_us=17891 rebuild_us=484 layout_us=24 paint_us=35 encode_us=11 acquire_us=11726 submit_us=5609 skipped=0 gpu_q=1 gpu_total_us=4641 gpu_prepass_us=0 gpu_main_us=4641 gpu_composite_us=0 gpu_blit_us=0
[frust INFO] frust-perf img skipped=0 evicted=3 resident=60 budget=1024x1024x4
[frust INFO] frust-perf raw n=583 total_us=16645 rebuild_us=566 layout_us=30 paint_us=36 encode_us=12 acquire_us=10984 submit_us=5014 skipped=0 gpu_q=1 gpu_total_us=4648 gpu_prepass_us=0 gpu_main_us=4648 gpu_composite_us=0 gpu_blit_us=0
[frust INFO] frust-perf img skipped=0 evicted=3 resident=60 budget=1024x1024x4
[frust INFO] frust-perf raw n=584 total_us=17241 rebuild_us=560 layout_us=31 paint_us=40 encode_us=10 acquire_us=11656 submit_us=4941 skipped=0 gpu_q=1 gpu_total_us=4658 gpu_prepass_us=0 gpu_main_us=4658 gpu_composite_us=0 gpu_blit_us=0
[frust INFO] frust-perf img skipped=0 evicted=3 resident=60 budget=1024x1024x4
[frust INFO] frust-perf raw n=585 total_us=16874 rebuild_us=463 layout_us=21 paint_us=38 encode_us=14 acquire_us=11564 submit_us=4772 skipped=0 gpu_q=1 gpu_total_us=4641 gpu_prepass_us=0 gpu_main_us=4641 gpu_composite_us=0 gpu_blit_us=0
[frust INFO] frust-perf img skipped=0 evicted=3 resident=60 budget=1024x1024x4
[frust INFO] frust-perf raw n=586 total_us=17166 rebuild_us=453 layout_us=23 paint_us=33 encode_us=9 acquire_us=12072 submit_us=4574 skipped=0 gpu_q=1 gpu_total_us=4550 gpu_prepass_us=0 gpu_main_us=4550 gpu_composite_us=0 gpu_blit_us=0
[frust INFO] frust-perf img skipped=0 evicted=4 resident=60 budget=1024x1024x4
[frust INFO] frust-perf raw n=587 total_us=17525 rebuild_us=493 layout_us=24 paint_us=39 encode_us=6 acquire_us=11838 submit_us=5123 skipped=0 gpu_q=1 gpu_total_us=4614 gpu_prepass_us=0 gpu_main_us=4614 gpu_composite_us=0 gpu_blit_us=0
[frust INFO] frust-perf img skipped=0 evicted=3 resident=60 budget=1024x1024x4
[frust INFO] frust-perf raw n=588 total_us=17058 rebuild_us=578 layout_us=24 paint_us=38 encode_us=13 acquire_us=11508 submit_us=4895 skipped=0 gpu_q=1 gpu_total_us=4614 gpu_prepass_us=0 gpu_main_us=4614 gpu_composite_us=0 gpu_blit_us=0
[frust INFO] frust-perf img skipped=0 evicted=3 resident=60 budget=1024x1024x4
[frust INFO] frust-perf raw n=589 total_us=17494 rebuild_us=576 layout_us=30 paint_us=35 encode_us=6 acquire_us=11762 submit_us=5083 skipped=0 gpu_q=1 gpu_total_us=4654 gpu_prepass_us=0 gpu_main_us=4654 gpu_composite_us=0 gpu_blit_us=0
[frust INFO] frust-perf img skipped=0 evicted=3 resident=60 budget=1024x1024x4
[frust INFO] frust-perf raw n=590 total_us=17254 rebuild_us=561 layout_us=28 paint_us=41 encode_us=17 acquire_us=11497 submit_us=5107 skipped=0 gpu_q=1 gpu_total_us=4630 gpu_prepass_us=0 gpu_main_us=4630 gpu_composite_us=0 gpu_blit_us=0
[frust INFO] frust-perf img skipped=0 evicted=3 resident=60 budget=1024x1024x4
[frust INFO] frust-perf raw n=591 total_us=16920 rebuild_us=577 layout_us=25 paint_us=35 encode_us=8 acquire_us=11744 submit_us=4529 skipped=0 gpu_q=1 gpu_total_us=4701 gpu_prepass_us=0 gpu_main_us=4701 gpu_composite_us=0 gpu_blit_us=0
[frust INFO] frust-perf img skipped=0 evicted=4 resident=60 budget=1024x1024x4
[frust INFO] frust-perf raw n=592 total_us=17585 rebuild_us=503 layout_us=26 paint_us=38 encode_us=6 acquire_us=11833 submit_us=5177 skipped=0 gpu_q=1 gpu_total_us=4479 gpu_prepass_us=0 gpu_main_us=4479 gpu_composite_us=0 gpu_blit_us=0
[frust INFO] frust-perf img skipped=0 evicted=3 resident=60 budget=1024x1024x4
[frust INFO] frust-perf raw n=593 total_us=17216 rebuild_us=554 layout_us=29 paint_us=39 encode_us=6 acquire_us=11461 submit_us=5124 skipped=0 gpu_q=1 gpu_total_us=4672 gpu_prepass_us=0 gpu_main_us=4672 gpu_composite_us=0 gpu_blit_us=0
[frust INFO] frust-perf img skipped=0 evicted=3 resident=60 budget=1024x1024x4
[frust INFO] frust-perf raw n=594 total_us=16907 rebuild_us=591 layout_us=27 paint_us=37 encode_us=14 acquire_us=11509 submit_us=4727 skipped=0 gpu_q=1 gpu_total_us=4541 gpu_prepass_us=0 gpu_main_us=4541 gpu_composite_us=0 gpu_blit_us=0
[frust INFO] frust-perf img skipped=0 evicted=3 resident=60 budget=1024x1024x4
[frust INFO] frust-perf raw n=595 total_us=17408 rebuild_us=534 layout_us=28 paint_us=32 encode_us=10 acquire_us=11825 submit_us=4977 skipped=0 gpu_q=1 gpu_total_us=4625 gpu_prepass_us=0 gpu_main_us=4625 gpu_composite_us=0 gpu_blit_us=0
[frust INFO] frust-perf frame n=120 total_p50_ms=17 total_p95_ms=17 total_p99_ms=18 rebuild_p95_ms=0 layout_p95_ms=0 paint_p95_ms=0 encode_p95_ms=0 acquire_p95_ms=12 submit_p95_ms=5 over_60hz=516 over_120hz=586 skipped=0 total_frames=595
[frust INFO] frust-perf img skipped=0 evicted=3 resident=60 budget=1024x1024x4
[frust INFO] frust-perf raw n=596 total_us=17215 rebuild_us=480 layout_us=24 paint_us=31 encode_us=10 acquire_us=11507 submit_us=5161 skipped=0 gpu_q=1 gpu_total_us=4566 gpu_prepass_us=0 gpu_main_us=4566 gpu_composite_us=0 gpu_blit_us=0
[frust INFO] frust-perf img skipped=0 evicted=4 resident=60 budget=1024x1024x4
[frust INFO] frust-perf raw n=597 total_us=17899 rebuild_us=535 layout_us=27 paint_us=34 encode_us=7 acquire_us=11698 submit_us=5596 skipped=0 gpu_q=1 gpu_total_us=4630 gpu_prepass_us=0 gpu_main_us=4630 gpu_composite_us=0 gpu_blit_us=0
[frust INFO] frust-perf img skipped=0 evicted=3 resident=60 budget=1024x1024x4
[frust INFO] frust-perf raw n=598 total_us=16443 rebuild_us=683 layout_us=28 paint_us=39 encode_us=5 acquire_us=10858 submit_us=4828 skipped=0 gpu_q=1 gpu_total_us=4668 gpu_prepass_us=0 gpu_main_us=4668 gpu_composite_us=0 gpu_blit_us=0
[frust INFO] frust-perf img skipped=0 evicted=3 resident=60 budget=1024x1024x4
[frust INFO] frust-perf raw n=599 total_us=16876 rebuild_us=234 layout_us=8 paint_us=14 encode_us=5 acquire_us=11779 submit_us=4834 skipped=0 gpu_q=1 gpu_total_us=4643 gpu_prepass_us=0 gpu_main_us=4643 gpu_composite_us=0 gpu_blit_us=0
[frust INFO] frust-perf img skipped=0 evicted=3 resident=60 budget=1024x1024x4
[frust INFO] frust-perf enc n=600 w=60 validate_us=4.0 prepare_us=4.6 classify_us=10.7 admit_us=0.5 walk_us=1428.1 glyphs_us=106.8 finish_us=3.0 compile_us=1509.4 schedule_us=4.8 paints_us=18.4 instances_us=75.5 resize_us=3.7 upload_us=1842.2 replay_us=0.7 pipelines_us=19.5 record_us=35.1 total_us=3505.0 total_p95_us=4151.4 draws=29 strips=2111 alphas=51696 glyph_draws=17 atlas_glyphs=17
[frust INFO] frust-perf raw n=600 total_us=17028 rebuild_us=211 layout_us=8 paint_us=13 encode_us=6 acquire_us=11776 submit_us=5011 skipped=0 gpu_q=1 gpu_total_us=4650 gpu_prepass_us=0 gpu_main_us=4650 gpu_composite_us=0 gpu_blit_us=0
[frust INFO] frust-perf img skipped=0 evicted=3 resident=60 budget=1024x1024x4
[frust INFO] frust-perf raw n=601 total_us=17357 rebuild_us=806 layout_us=29 paint_us=38 encode_us=18 acquire_us=11582 submit_us=4882 skipped=0 gpu_q=1 gpu_total_us=4644 gpu_prepass_us=0 gpu_main_us=4644 gpu_composite_us=0 gpu_blit_us=0
[frust INFO] frust-perf img skipped=0 evicted=3 resident=60 budget=1024x1024x4
[frust INFO] frust-perf raw n=602 total_us=16999 rebuild_us=679 layout_us=27 paint_us=34 encode_us=8 acquire_us=11833 submit_us=4416 skipped=0 gpu_q=1 gpu_total_us=4558 gpu_prepass_us=0 gpu_main_us=4558 gpu_composite_us=0 gpu_blit_us=0
[frust INFO] frust-perf raw n=603 total_us=16331 rebuild_us=642 layout_us=25 paint_us=34 encode_us=6 acquire_us=12216 submit_us=3406 skipped=0 gpu_q=1 gpu_total_us=4549 gpu_prepass_us=0 gpu_main_us=4549 gpu_composite_us=0 gpu_blit_us=0
[frust INFO] frust-perf raw n=604 total_us=16772 rebuild_us=703 layout_us=28 paint_us=43 encode_us=14 acquire_us=13152 submit_us=2829 skipped=0 gpu_q=1 gpu_total_us=4672 gpu_prepass_us=0 gpu_main_us=4672 gpu_composite_us=0 gpu_blit_us=0
[frust INFO] frust-perf raw n=605 total_us=17529 rebuild_us=580 layout_us=24 paint_us=38 encode_us=13 acquire_us=13687 submit_us=3185 skipped=0 gpu_q=1 gpu_total_us=4725 gpu_prepass_us=0 gpu_main_us=4725 gpu_composite_us=0 gpu_blit_us=0
[frust INFO] frust-perf raw n=606 total_us=17222 rebuild_us=569 layout_us=41 paint_us=35 encode_us=13 acquire_us=13349 submit_us=3214 skipped=0 gpu_q=1 gpu_total_us=4577 gpu_prepass_us=0 gpu_main_us=4577 gpu_composite_us=0 gpu_blit_us=0
[frust INFO] frust-perf raw n=607 total_us=17897 rebuild_us=586 layout_us=31 paint_us=35 encode_us=17 acquire_us=13442 submit_us=3785 skipped=0 gpu_q=1 gpu_total_us=4644 gpu_prepass_us=0 gpu_main_us=4644 gpu_composite_us=0 gpu_blit_us=0
[frust INFO] frust-perf raw n=608 total_us=17910 rebuild_us=720 layout_us=34 paint_us=41 encode_us=18 acquire_us=12855 submit_us=4239 skipped=0 gpu_q=1 gpu_total_us=4617 gpu_prepass_us=0 gpu_main_us=4617 gpu_composite_us=0 gpu_blit_us=0
[frust INFO] frust-perf raw n=609 total_us=17096 rebuild_us=712 layout_us=30 paint_us=45 encode_us=19 acquire_us=12300 submit_us=3988 skipped=0 gpu_q=1 gpu_total_us=4622 gpu_prepass_us=0 gpu_main_us=4622 gpu_composite_us=0 gpu_blit_us=0
[frust INFO] frust-perf raw n=610 total_us=18722 rebuild_us=727 layout_us=33 paint_us=46 encode_us=16 acquire_us=12723 submit_us=5175 skipped=0 gpu_q=1 gpu_total_us=4665 gpu_prepass_us=0 gpu_main_us=4665 gpu_composite_us=0 gpu_blit_us=0
[frust INFO] frust-perf raw n=611 total_us=17293 rebuild_us=687 layout_us=33 paint_us=38 encode_us=16 acquire_us=11369 submit_us=5147 skipped=0 gpu_q=1 gpu_total_us=4700 gpu_prepass_us=0 gpu_main_us=4700 gpu_composite_us=0 gpu_blit_us=0
[frust INFO] frust-perf raw n=612 total_us=17309 rebuild_us=710 layout_us=33 paint_us=44 encode_us=16 acquire_us=11469 submit_us=5034 skipped=0 gpu_q=1 gpu_total_us=4595 gpu_prepass_us=0 gpu_main_us=4595 gpu_composite_us=0 gpu_blit_us=0
[frust INFO] frust-perf raw n=613 total_us=17474 rebuild_us=748 layout_us=32 paint_us=49 encode_us=15 acquire_us=11450 submit_us=5177 skipped=0 gpu_q=1 gpu_total_us=4672 gpu_prepass_us=0 gpu_main_us=4672 gpu_composite_us=0 gpu_blit_us=0
[frust INFO] frust-perf raw n=614 total_us=16834 rebuild_us=717 layout_us=33 paint_us=44 encode_us=15 acquire_us=11318 submit_us=4704 skipped=0 gpu_q=1 gpu_total_us=4545 gpu_prepass_us=0 gpu_main_us=4545 gpu_composite_us=0 gpu_blit_us=0
[frust INFO] frust-perf raw n=615 total_us=16693 rebuild_us=765 layout_us=31 paint_us=47 encode_us=19 acquire_us=11844 submit_us=3984 skipped=0 gpu_q=1 gpu_total_us=4592 gpu_prepass_us=0 gpu_main_us=4592 gpu_composite_us=0 gpu_blit_us=0
[frust INFO] frust-perf raw n=616 total_us=17787 rebuild_us=720 layout_us=35 paint_us=43 encode_us=16 acquire_us=12777 submit_us=4194 skipped=0 gpu_q=1 gpu_total_us=4678 gpu_prepass_us=0 gpu_main_us=4678 gpu_composite_us=0 gpu_blit_us=0
[frust INFO] frust-perf raw n=617 total_us=18107 rebuild_us=753 layout_us=33 paint_us=49 encode_us=16 acquire_us=12412 submit_us=4842 skipped=0 gpu_q=1 gpu_total_us=4669 gpu_prepass_us=0 gpu_main_us=4669 gpu_composite_us=0 gpu_blit_us=0
[frust INFO] frust-perf raw n=618 total_us=15021 rebuild_us=731 layout_us=31 paint_us=48 encode_us=15 acquire_us=11365 submit_us=2828 skipped=0 gpu_q=1 gpu_total_us=4692 gpu_prepass_us=0 gpu_main_us=4692 gpu_composite_us=0 gpu_blit_us=0
[frust INFO] frust-perf raw n=619 total_us=20088 rebuild_us=533 layout_us=29 paint_us=36 encode_us=23 acquire_us=14041 submit_us=5424 skipped=0 gpu_q=1 gpu_total_us=4610 gpu_prepass_us=0 gpu_main_us=4610 gpu_composite_us=0 gpu_blit_us=0
[frust INFO] frust-perf raw n=620 total_us=17458 rebuild_us=962 layout_us=40 paint_us=56 encode_us=22 acquire_us=11117 submit_us=5259 skipped=0 gpu_q=1 gpu_total_us=4840 gpu_prepass_us=0 gpu_main_us=4840 gpu_composite_us=0 gpu_blit_us=0
[frust INFO] frust-perf img skipped=0 evicted=4 resident=60 budget=1024x1024x4
[frust INFO] frust-perf raw n=621 total_us=21581 rebuild_us=922 layout_us=37 paint_us=64 encode_us=19 acquire_us=11270 submit_us=9266 skipped=0 gpu_q=1 gpu_total_us=4589 gpu_prepass_us=0 gpu_main_us=4589 gpu_composite_us=0 gpu_blit_us=0
[frust INFO] frust-perf img skipped=0 evicted=3 resident=60 budget=1024x1024x4
[frust INFO] frust-perf raw n=622 total_us=14579 rebuild_us=772 layout_us=33 paint_us=48 encode_us=16 acquire_us=7208 submit_us=6499 skipped=0 gpu_q=1 gpu_total_us=4678 gpu_prepass_us=0 gpu_main_us=4678 gpu_composite_us=0 gpu_blit_us=0
[frust INFO] frust-perf img skipped=0 evicted=3 resident=60 budget=1024x1024x4
[frust INFO] frust-perf raw n=623 total_us=17001 rebuild_us=768 layout_us=30 paint_us=42 encode_us=16 acquire_us=10051 submit_us=6091 skipped=0 gpu_q=1 gpu_total_us=4552 gpu_prepass_us=0 gpu_main_us=4552 gpu_composite_us=0 gpu_blit_us=0
[frust INFO] frust-perf img skipped=0 evicted=3 resident=60 budget=1024x1024x4
[frust INFO] frust-perf raw n=624 total_us=16867 rebuild_us=679 layout_us=31 paint_us=41 encode_us=15 acquire_us=10486 submit_us=5613 skipped=0 gpu_q=1 gpu_total_us=4635 gpu_prepass_us=0 gpu_main_us=4635 gpu_composite_us=0 gpu_blit_us=0
[frust INFO] frust-perf img skipped=0 evicted=3 resident=60 budget=1024x1024x4
[frust INFO] frust-perf raw n=625 total_us=16793 rebuild_us=584 layout_us=26 paint_us=41 encode_us=11 acquire_us=11014 submit_us=5114 skipped=0 gpu_q=1 gpu_total_us=4622 gpu_prepass_us=0 gpu_main_us=4622 gpu_composite_us=0 gpu_blit_us=0
[frust INFO] frust-perf img skipped=0 evicted=4 resident=60 budget=1024x1024x4
[frust INFO] frust-perf raw n=626 total_us=18062 rebuild_us=591 layout_us=31 paint_us=35 encode_us=11 acquire_us=11576 submit_us=5816 skipped=0 gpu_q=1 gpu_total_us=4619 gpu_prepass_us=0 gpu_main_us=4619 gpu_composite_us=0 gpu_blit_us=0
[frust INFO] frust-perf img skipped=0 evicted=3 resident=60 budget=1024x1024x4
[frust INFO] frust-perf raw n=627 total_us=16486 rebuild_us=581 layout_us=32 paint_us=34 encode_us=14 acquire_us=10737 submit_us=5087 skipped=0 gpu_q=1 gpu_total_us=4611 gpu_prepass_us=0 gpu_main_us=4611 gpu_composite_us=0 gpu_blit_us=0
[frust INFO] frust-perf img skipped=0 evicted=3 resident=60 budget=1024x1024x4
[frust INFO] frust-perf raw n=628 total_us=17426 rebuild_us=598 layout_us=27 paint_us=35 encode_us=14 acquire_us=11476 submit_us=5274 skipped=0 gpu_q=1 gpu_total_us=4652 gpu_prepass_us=0 gpu_main_us=4652 gpu_composite_us=0 gpu_blit_us=0
[frust INFO] frust-perf img skipped=0 evicted=3 resident=60 budget=1024x1024x4
[frust INFO] frust-perf raw n=629 total_us=17309 rebuild_us=640 layout_us=24 paint_us=38 encode_us=11 acquire_us=11287 submit_us=5307 skipped=0 gpu_q=1 gpu_total_us=4657 gpu_prepass_us=0 gpu_main_us=4657 gpu_composite_us=0 gpu_blit_us=0
[frust INFO] frust-perf img skipped=0 evicted=3 resident=60 budget=1024x1024x4
[frust INFO] frust-perf raw n=630 total_us=17095 rebuild_us=593 layout_us=27 paint_us=38 encode_us=11 acquire_us=11282 submit_us=5141 skipped=0 gpu_q=1 gpu_total_us=4601 gpu_prepass_us=0 gpu_main_us=4601 gpu_composite_us=0 gpu_blit_us=0
[frust INFO] frust-perf img skipped=0 evicted=4 resident=60 budget=1024x1024x4
[frust INFO] frust-perf raw n=631 total_us=17488 rebuild_us=635 layout_us=29 paint_us=34 encode_us=11 acquire_us=11475 submit_us=5300 skipped=0 gpu_q=1 gpu_total_us=4700 gpu_prepass_us=0 gpu_main_us=4700 gpu_composite_us=0 gpu_blit_us=0
[frust INFO] frust-perf img skipped=0 evicted=3 resident=60 budget=1024x1024x4
[frust INFO] frust-perf raw n=632 total_us=16951 rebuild_us=589 layout_us=24 paint_us=35 encode_us=6 acquire_us=11526 submit_us=4768 skipped=0 gpu_q=1 gpu_total_us=4672 gpu_prepass_us=0 gpu_main_us=4672 gpu_composite_us=0 gpu_blit_us=0
[frust INFO] frust-perf img skipped=0 evicted=3 resident=60 budget=1024x1024x4
[frust INFO] frust-perf raw n=633 total_us=17912 rebuild_us=667 layout_us=27 paint_us=38 encode_us=5 acquire_us=11702 submit_us=5471 skipped=0 gpu_q=1 gpu_total_us=4659 gpu_prepass_us=0 gpu_main_us=4659 gpu_composite_us=0 gpu_blit_us=0
[frust INFO] frust-perf img skipped=0 evicted=3 resident=60 budget=1024x1024x4
[frust INFO] frust-perf raw n=634 total_us=16782 rebuild_us=618 layout_us=26 paint_us=35 encode_us=7 acquire_us=11102 submit_us=4991 skipped=0 gpu_q=1 gpu_total_us=4651 gpu_prepass_us=0 gpu_main_us=4651 gpu_composite_us=0 gpu_blit_us=0
[frust INFO] frust-perf img skipped=0 evicted=3 resident=60 budget=1024x1024x4
[frust INFO] frust-perf raw n=635 total_us=17379 rebuild_us=570 layout_us=26 paint_us=38 encode_us=6 acquire_us=11728 submit_us=5010 skipped=0 gpu_q=1 gpu_total_us=4684 gpu_prepass_us=0 gpu_main_us=4684 gpu_composite_us=0 gpu_blit_us=0
[frust INFO] frust-perf img skipped=0 evicted=4 resident=60 budget=1024x1024x4
[frust INFO] frust-perf raw n=636 total_us=17425 rebuild_us=580 layout_us=29 paint_us=42 encode_us=13 acquire_us=11581 submit_us=5178 skipped=0 gpu_q=1 gpu_total_us=4588 gpu_prepass_us=0 gpu_main_us=4588 gpu_composite_us=0 gpu_blit_us=0
[frust INFO] frust-perf img skipped=0 evicted=3 resident=60 budget=1024x1024x4
[frust INFO] frust-perf raw n=637 total_us=16743 rebuild_us=513 layout_us=28 paint_us=35 encode_us=15 acquire_us=11278 submit_us=4872 skipped=0 gpu_q=1 gpu_total_us=4576 gpu_prepass_us=0 gpu_main_us=4576 gpu_composite_us=0 gpu_blit_us=0
[frust INFO] frust-perf img skipped=0 evicted=3 resident=60 budget=1024x1024x4
[frust INFO] frust-perf raw n=638 total_us=17499 rebuild_us=556 layout_us=29 paint_us=40 encode_us=7 acquire_us=11957 submit_us=4908 skipped=0 gpu_q=1 gpu_total_us=4535 gpu_prepass_us=0 gpu_main_us=4535 gpu_composite_us=0 gpu_blit_us=0
[frust INFO] frust-perf img skipped=0 evicted=3 resident=60 budget=1024x1024x4
[frust INFO] frust-perf raw n=639 total_us=17038 rebuild_us=624 layout_us=21 paint_us=37 encode_us=14 acquire_us=11569 submit_us=4770 skipped=0 gpu_q=1 gpu_total_us=4660 gpu_prepass_us=0 gpu_main_us=4660 gpu_composite_us=0 gpu_blit_us=0
[frust INFO] frust-perf img skipped=0 evicted=3 resident=60 budget=1024x1024x4
[frust INFO] frust-perf raw n=640 total_us=16988 rebuild_us=553 layout_us=24 paint_us=34 encode_us=10 acquire_us=11794 submit_us=4571 skipped=0 gpu_q=1 gpu_total_us=4574 gpu_prepass_us=0 gpu_main_us=4574 gpu_composite_us=0 gpu_blit_us=0
[frust INFO] frust-perf img skipped=0 evicted=4 resident=60 budget=1024x1024x4
[frust INFO] frust-perf raw n=641 total_us=18357 rebuild_us=562 layout_us=29 paint_us=36 encode_us=7 acquire_us=12111 submit_us=5610 skipped=0 gpu_q=1 gpu_total_us=4556 gpu_prepass_us=0 gpu_main_us=4556 gpu_composite_us=0 gpu_blit_us=0
[frust INFO] frust-perf img skipped=0 evicted=3 resident=60 budget=1024x1024x4
[frust INFO] frust-perf raw n=642 total_us=16616 rebuild_us=594 layout_us=24 paint_us=36 encode_us=7 acquire_us=11011 submit_us=4941 skipped=0 gpu_q=1 gpu_total_us=4662 gpu_prepass_us=0 gpu_main_us=4662 gpu_composite_us=0 gpu_blit_us=0
[frust INFO] frust-perf img skipped=0 evicted=3 resident=60 budget=1024x1024x4
[frust INFO] frust-perf raw n=643 total_us=16931 rebuild_us=558 layout_us=30 paint_us=33 encode_us=7 acquire_us=11635 submit_us=4666 skipped=0 gpu_q=1 gpu_total_us=4671 gpu_prepass_us=0 gpu_main_us=4671 gpu_composite_us=0 gpu_blit_us=0
[frust INFO] frust-perf img skipped=0 evicted=3 resident=60 budget=1024x1024x4
[frust INFO] frust-perf raw n=644 total_us=17794 rebuild_us=597 layout_us=21 paint_us=38 encode_us=7 acquire_us=11940 submit_us=5189 skipped=0 gpu_q=1 gpu_total_us=4673 gpu_prepass_us=0 gpu_main_us=4673 gpu_composite_us=0 gpu_blit_us=0
[frust INFO] frust-perf img skipped=0 evicted=3 resident=60 budget=1024x1024x4
[frust INFO] frust-perf raw n=645 total_us=16877 rebuild_us=556 layout_us=24 paint_us=30 encode_us=13 acquire_us=11405 submit_us=4847 skipped=0 gpu_q=1 gpu_total_us=4563 gpu_prepass_us=0 gpu_main_us=4563 gpu_composite_us=0 gpu_blit_us=0
[frust INFO] frust-perf img skipped=0 evicted=4 resident=60 budget=1024x1024x4
[frust INFO] frust-perf raw n=646 total_us=17689 rebuild_us=486 layout_us=20 paint_us=30 encode_us=17 acquire_us=11702 submit_us=5432 skipped=0 gpu_q=1 gpu_total_us=4555 gpu_prepass_us=0 gpu_main_us=4555 gpu_composite_us=0 gpu_blit_us=0
[frust INFO] frust-perf img skipped=0 evicted=3 resident=60 budget=1024x1024x4
[frust INFO] frust-perf raw n=647 total_us=16331 rebuild_us=522 layout_us=25 paint_us=34 encode_us=14 acquire_us=11207 submit_us=4526 skipped=0 gpu_q=1 gpu_total_us=4620 gpu_prepass_us=0 gpu_main_us=4620 gpu_composite_us=0 gpu_blit_us=0
[frust INFO] frust-perf img skipped=0 evicted=3 resident=60 budget=1024x1024x4
[frust INFO] frust-perf raw n=648 total_us=17506 rebuild_us=507 layout_us=27 paint_us=34 encode_us=10 acquire_us=12185 submit_us=4741 skipped=0 gpu_q=1 gpu_total_us=4611 gpu_prepass_us=0 gpu_main_us=4611 gpu_composite_us=0 gpu_blit_us=0
[frust INFO] frust-perf img skipped=0 evicted=3 resident=60 budget=1024x1024x4
[frust INFO] frust-perf raw n=649 total_us=17342 rebuild_us=483 layout_us=24 paint_us=34 encode_us=10 acquire_us=11730 submit_us=5060 skipped=0 gpu_q=1 gpu_total_us=4678 gpu_prepass_us=0 gpu_main_us=4678 gpu_composite_us=0 gpu_blit_us=0
[frust INFO] frust-perf img skipped=0 evicted=3 resident=60 budget=1024x1024x4
[frust INFO] frust-perf raw n=650 total_us=17168 rebuild_us=504 layout_us=23 paint_us=36 encode_us=11 acquire_us=11568 submit_us=5024 skipped=0 gpu_q=1 gpu_total_us=4617 gpu_prepass_us=0 gpu_main_us=4617 gpu_composite_us=0 gpu_blit_us=0
[frust INFO] frust-perf img skipped=0 evicted=4 resident=60 budget=1024x1024x4
[frust INFO] frust-perf raw n=651 total_us=17870 rebuild_us=562 layout_us=27 paint_us=38 encode_us=9 acquire_us=11578 submit_us=5654 skipped=0 gpu_q=1 gpu_total_us=4634 gpu_prepass_us=0 gpu_main_us=4634 gpu_composite_us=0 gpu_blit_us=0
[frust INFO] frust-perf img skipped=0 evicted=3 resident=60 budget=1024x1024x4
[frust INFO] frust-perf raw n=652 total_us=16479 rebuild_us=493 layout_us=29 paint_us=41 encode_us=11 acquire_us=11008 submit_us=4894 skipped=0 gpu_q=1 gpu_total_us=4640 gpu_prepass_us=0 gpu_main_us=4640 gpu_composite_us=0 gpu_blit_us=0
[frust INFO] frust-perf img skipped=0 evicted=3 resident=60 budget=1024x1024x4
[frust INFO] frust-perf raw n=653 total_us=17371 rebuild_us=543 layout_us=25 paint_us=41 encode_us=10 acquire_us=11891 submit_us=4858 skipped=0 gpu_q=1 gpu_total_us=4645 gpu_prepass_us=0 gpu_main_us=4645 gpu_composite_us=0 gpu_blit_us=0
[frust INFO] frust-perf img skipped=0 evicted=3 resident=60 budget=1024x1024x4
[frust INFO] frust-perf raw n=654 total_us=17040 rebuild_us=615 layout_us=25 paint_us=42 encode_us=10 acquire_us=11521 submit_us=4825 skipped=0 gpu_q=1 gpu_total_us=4701 gpu_prepass_us=0 gpu_main_us=4701 gpu_composite_us=0 gpu_blit_us=0
[frust INFO] frust-perf img skipped=0 evicted=3 resident=60 budget=1024x1024x4
[frust INFO] frust-perf raw n=655 total_us=16981 rebuild_us=477 layout_us=26 paint_us=30 encode_us=10 acquire_us=11743 submit_us=4693 skipped=0 gpu_q=1 gpu_total_us=4612 gpu_prepass_us=0 gpu_main_us=4612 gpu_composite_us=0 gpu_blit_us=0
[frust INFO] frust-perf img skipped=0 evicted=4 resident=60 budget=1024x1024x4
[frust INFO] frust-perf raw n=656 total_us=17722 rebuild_us=484 layout_us=27 paint_us=39 encode_us=10 acquire_us=11940 submit_us=5219 skipped=0 gpu_q=1 gpu_total_us=4666 gpu_prepass_us=0 gpu_main_us=4666 gpu_composite_us=0 gpu_blit_us=0
[frust INFO] frust-perf img skipped=0 evicted=3 resident=60 budget=1024x1024x4
[frust INFO] frust-perf raw n=657 total_us=17109 rebuild_us=534 layout_us=25 paint_us=37 encode_us=11 acquire_us=11441 submit_us=5058 skipped=0 gpu_q=1 gpu_total_us=4648 gpu_prepass_us=0 gpu_main_us=4648 gpu_composite_us=0 gpu_blit_us=0
[frust INFO] frust-perf img skipped=0 evicted=3 resident=60 budget=1024x1024x4
[frust INFO] frust-perf raw n=658 total_us=16704 rebuild_us=479 layout_us=32 paint_us=34 encode_us=14 acquire_us=11516 submit_us=4627 skipped=0 gpu_q=1 gpu_total_us=4636 gpu_prepass_us=0 gpu_main_us=4636 gpu_composite_us=0 gpu_blit_us=0
[frust INFO] frust-perf img skipped=0 evicted=3 resident=60 budget=1024x1024x4
[frust INFO] frust-perf raw n=659 total_us=17484 rebuild_us=513 layout_us=29 paint_us=30 encode_us=10 acquire_us=11911 submit_us=4988 skipped=0 gpu_q=1 gpu_total_us=4658 gpu_prepass_us=0 gpu_main_us=4658 gpu_composite_us=0 gpu_blit_us=0
[frust INFO] frust-perf img skipped=0 evicted=3 resident=60 budget=1024x1024x4
[frust INFO] frust-perf enc n=660 w=60 validate_us=4.5 prepare_us=5.6 classify_us=12.1 admit_us=0.6 walk_us=1434.1 glyphs_us=115.4 finish_us=3.3 compile_us=1509.0 schedule_us=5.0 paints_us=17.9 instances_us=77.5 resize_us=3.7 upload_us=1810.1 replay_us=0.8 pipelines_us=22.9 record_us=40.5 total_us=3478.3 total_p95_us=4317.5 draws=29 strips=2111 alphas=51696 glyph_draws=17 atlas_glyphs=17
[frust INFO] frust-perf raw n=660 total_us=17367 rebuild_us=530 layout_us=28 paint_us=40 encode_us=14 acquire_us=11647 submit_us=5107 skipped=0 gpu_q=1 gpu_total_us=4631 gpu_prepass_us=0 gpu_main_us=4631 gpu_composite_us=0 gpu_blit_us=0
[frust INFO] frust-perf img skipped=0 evicted=4 resident=60 budget=1024x1024x4
[frust INFO] frust-perf raw n=661 total_us=17637 rebuild_us=549 layout_us=27 paint_us=37 encode_us=10 acquire_us=11463 submit_us=5549 skipped=0 gpu_q=1 gpu_total_us=4649 gpu_prepass_us=0 gpu_main_us=4649 gpu_composite_us=0 gpu_blit_us=0
[frust INFO] frust-perf img skipped=0 evicted=3 resident=60 budget=1024x1024x4
[frust INFO] frust-perf raw n=662 total_us=16562 rebuild_us=525 layout_us=23 paint_us=35 encode_us=10 acquire_us=11057 submit_us=4910 skipped=0 gpu_q=1 gpu_total_us=4668 gpu_prepass_us=0 gpu_main_us=4668 gpu_composite_us=0 gpu_blit_us=0
[frust INFO] frust-perf img skipped=0 evicted=3 resident=60 budget=1024x1024x4
[frust INFO] frust-perf raw n=663 total_us=17244 rebuild_us=565 layout_us=28 paint_us=37 encode_us=14 acquire_us=11837 submit_us=4761 skipped=0 gpu_q=1 gpu_total_us=4744 gpu_prepass_us=0 gpu_main_us=4744 gpu_composite_us=0 gpu_blit_us=0
[frust INFO] frust-perf img skipped=0 evicted=3 resident=60 budget=1024x1024x4
[frust INFO] frust-perf raw n=664 total_us=17074 rebuild_us=505 layout_us=29 paint_us=40 encode_us=13 acquire_us=11754 submit_us=4729 skipped=0 gpu_q=1 gpu_total_us=4720 gpu_prepass_us=0 gpu_main_us=4720 gpu_composite_us=0 gpu_blit_us=0
[frust INFO] frust-perf img skipped=0 evicted=3 resident=60 budget=1024x1024x4
[frust INFO] frust-perf raw n=665 total_us=17429 rebuild_us=528 layout_us=24 paint_us=34 encode_us=13 acquire_us=11806 submit_us=5022 skipped=0 gpu_q=1 gpu_total_us=4679 gpu_prepass_us=0 gpu_main_us=4679 gpu_composite_us=0 gpu_blit_us=0
[frust INFO] frust-perf img skipped=0 evicted=4 resident=60 budget=1024x1024x4
[frust INFO] frust-perf raw n=666 total_us=17528 rebuild_us=530 layout_us=30 paint_us=43 encode_us=14 acquire_us=11562 submit_us=5347 skipped=0 gpu_q=1 gpu_total_us=4663 gpu_prepass_us=0 gpu_main_us=4663 gpu_composite_us=0 gpu_blit_us=0
[frust INFO] frust-perf img skipped=0 evicted=3 resident=60 budget=1024x1024x4
[frust INFO] frust-perf raw n=667 total_us=16887 rebuild_us=533 layout_us=25 paint_us=34 encode_us=11 acquire_us=11283 submit_us=4998 skipped=0 gpu_q=1 gpu_total_us=4659 gpu_prepass_us=0 gpu_main_us=4659 gpu_composite_us=0 gpu_blit_us=0
[frust INFO] frust-perf img skipped=0 evicted=3 resident=60 budget=1024x1024x4
[frust INFO] frust-perf raw n=668 total_us=17297 rebuild_us=501 layout_us=24 paint_us=36 encode_us=14 acquire_us=11804 submit_us=4916 skipped=0 gpu_q=1 gpu_total_us=4879 gpu_prepass_us=0 gpu_main_us=4879 gpu_composite_us=0 gpu_blit_us=0
[frust INFO] frust-perf img skipped=0 evicted=3 resident=60 budget=1024x1024x4
[frust INFO] frust-perf raw n=669 total_us=16789 rebuild_us=498 layout_us=26 paint_us=42 encode_us=10 acquire_us=11509 submit_us=4703 skipped=0 gpu_q=1 gpu_total_us=4712 gpu_prepass_us=0 gpu_main_us=4712 gpu_composite_us=0 gpu_blit_us=0
[frust INFO] frust-perf img skipped=0 evicted=3 resident=60 budget=1024x1024x4
[frust INFO] frust-perf raw n=670 total_us=16861 rebuild_us=477 layout_us=27 paint_us=38 encode_us=11 acquire_us=11906 submit_us=4399 skipped=0 gpu_q=1 gpu_total_us=4614 gpu_prepass_us=0 gpu_main_us=4614 gpu_composite_us=0 gpu_blit_us=0
[frust INFO] frust-perf img skipped=0 evicted=3 resident=60 budget=1024x1024x4
[frust INFO] frust-perf raw n=671 total_us=17806 rebuild_us=550 layout_us=28 paint_us=33 encode_us=10 acquire_us=12276 submit_us=4907 skipped=0 gpu_q=1 gpu_total_us=4679 gpu_prepass_us=0 gpu_main_us=4679 gpu_composite_us=0 gpu_blit_us=0
[frust INFO] frust-perf img skipped=0 evicted=4 resident=60 budget=1024x1024x4
[frust INFO] frust-perf raw n=672 total_us=17513 rebuild_us=536 layout_us=28 paint_us=34 encode_us=11 acquire_us=11648 submit_us=5253 skipped=0 gpu_q=1 gpu_total_us=4658 gpu_prepass_us=0 gpu_main_us=4658 gpu_composite_us=0 gpu_blit_us=0
[frust INFO] frust-perf img skipped=0 evicted=3 resident=60 budget=1024x1024x4
[frust INFO] frust-perf raw n=673 total_us=16954 rebuild_us=508 layout_us=27 paint_us=34 encode_us=7 acquire_us=11568 submit_us=4808 skipped=0 gpu_q=1 gpu_total_us=4646 gpu_prepass_us=0 gpu_main_us=4646 gpu_composite_us=0 gpu_blit_us=0
[frust INFO] frust-perf img skipped=0 evicted=3 resident=60 budget=1024x1024x4
[frust INFO] frust-perf raw n=674 total_us=16847 rebuild_us=576 layout_us=20 paint_us=32 encode_us=6 acquire_us=11668 submit_us=4542 skipped=0 gpu_q=1 gpu_total_us=4655 gpu_prepass_us=0 gpu_main_us=4655 gpu_composite_us=0 gpu_blit_us=0
[frust INFO] frust-perf img skipped=0 evicted=3 resident=60 budget=1024x1024x4
[frust INFO] frust-perf raw n=675 total_us=17696 rebuild_us=563 layout_us=27 paint_us=36 encode_us=5 acquire_us=12113 submit_us=4949 skipped=0 gpu_q=1 gpu_total_us=4686 gpu_prepass_us=0 gpu_main_us=4686 gpu_composite_us=0 gpu_blit_us=0
[frust INFO] frust-perf img skipped=0 evicted=3 resident=60 budget=1024x1024x4
[frust INFO] frust-perf raw n=676 total_us=16765 rebuild_us=545 layout_us=26 paint_us=37 encode_us=16 acquire_us=11559 submit_us=4579 skipped=0 gpu_q=1 gpu_total_us=4654 gpu_prepass_us=0 gpu_main_us=4654 gpu_composite_us=0 gpu_blit_us=0
[frust INFO] frust-perf img skipped=0 evicted=4 resident=60 budget=1024x1024x4
[frust INFO] frust-perf raw n=677 total_us=18096 rebuild_us=461 layout_us=23 paint_us=34 encode_us=11 acquire_us=12093 submit_us=5471 skipped=0 gpu_q=1 gpu_total_us=4593 gpu_prepass_us=0 gpu_main_us=4593 gpu_composite_us=0 gpu_blit_us=0
[frust INFO] frust-perf img skipped=0 evicted=3 resident=60 budget=1024x1024x4
[frust INFO] frust-perf raw n=678 total_us=16201 rebuild_us=553 layout_us=28 paint_us=29 encode_us=10 acquire_us=11077 submit_us=4500 skipped=0 gpu_q=1 gpu_total_us=4580 gpu_prepass_us=0 gpu_main_us=4580 gpu_composite_us=0 gpu_blit_us=0
[frust INFO] frust-perf img skipped=0 evicted=3 resident=60 budget=1024x1024x4
[frust INFO] frust-perf raw n=679 total_us=17617 rebuild_us=541 layout_us=25 paint_us=32 encode_us=10 acquire_us=12017 submit_us=4990 skipped=0 gpu_q=1 gpu_total_us=4624 gpu_prepass_us=0 gpu_main_us=4624 gpu_composite_us=0 gpu_blit_us=0
[frust INFO] frust-perf img skipped=0 evicted=3 resident=60 budget=1024x1024x4
[frust INFO] frust-perf raw n=680 total_us=17110 rebuild_us=528 layout_us=25 paint_us=33 encode_us=10 acquire_us=11666 submit_us=4847 skipped=0 gpu_q=1 gpu_total_us=4697 gpu_prepass_us=0 gpu_main_us=4697 gpu_composite_us=0 gpu_blit_us=0
[frust INFO] frust-perf img skipped=0 evicted=3 resident=60 budget=1024x1024x4
[frust INFO] frust-perf raw n=681 total_us=17045 rebuild_us=625 layout_us=29 paint_us=36 encode_us=57 acquire_us=11689 submit_us=4607 skipped=0 gpu_q=1 gpu_total_us=4640 gpu_prepass_us=0 gpu_main_us=4640 gpu_composite_us=0 gpu_blit_us=0
[frust INFO] frust-perf img skipped=0 evicted=4 resident=60 budget=1024x1024x4
[frust INFO] frust-perf raw n=682 total_us=18200 rebuild_us=535 layout_us=27 paint_us=34 encode_us=6 acquire_us=12090 submit_us=5505 skipped=0 gpu_q=1 gpu_total_us=4639 gpu_prepass_us=0 gpu_main_us=4639 gpu_composite_us=0 gpu_blit_us=0
[frust INFO] frust-perf img skipped=0 evicted=3 resident=60 budget=1024x1024x4
[frust INFO] frust-perf raw n=683 total_us=16650 rebuild_us=568 layout_us=25 paint_us=40 encode_us=14 acquire_us=11093 submit_us=4908 skipped=0 gpu_q=1 gpu_total_us=4690 gpu_prepass_us=0 gpu_main_us=4690 gpu_composite_us=0 gpu_blit_us=0
[frust INFO] frust-perf img skipped=0 evicted=3 resident=60 budget=1024x1024x4
[frust INFO] frust-perf raw n=684 total_us=17261 rebuild_us=508 layout_us=24 paint_us=36 encode_us=8 acquire_us=11824 submit_us=4857 skipped=0 gpu_q=1 gpu_total_us=4690 gpu_prepass_us=0 gpu_main_us=4690 gpu_composite_us=0 gpu_blit_us=0
[frust INFO] frust-perf img skipped=0 evicted=3 resident=60 budget=1024x1024x4
[frust INFO] frust-perf raw n=685 total_us=16575 rebuild_us=511 layout_us=24 paint_us=33 encode_us=12 acquire_us=11595 submit_us=4397 skipped=0 gpu_q=1 gpu_total_us=4544 gpu_prepass_us=0 gpu_main_us=4544 gpu_composite_us=0 gpu_blit_us=0
[frust INFO] frust-perf img skipped=0 evicted=3 resident=60 budget=1024x1024x4
[frust INFO] frust-perf raw n=686 total_us=17342 rebuild_us=528 layout_us=23 paint_us=34 encode_us=10 acquire_us=12249 submit_us=4495 skipped=0 gpu_q=1 gpu_total_us=4570 gpu_prepass_us=0 gpu_main_us=4570 gpu_composite_us=0 gpu_blit_us=0
[frust INFO] frust-perf img skipped=0 evicted=4 resident=60 budget=1024x1024x4
[frust INFO] frust-perf raw n=687 total_us=18314 rebuild_us=502 layout_us=29 paint_us=34 encode_us=7 acquire_us=12147 submit_us=5593 skipped=0 gpu_q=1 gpu_total_us=4607 gpu_prepass_us=0 gpu_main_us=4607 gpu_composite_us=0 gpu_blit_us=0
[frust INFO] frust-perf img skipped=0 evicted=3 resident=60 budget=1024x1024x4
[frust INFO] frust-perf raw n=688 total_us=16769 rebuild_us=550 layout_us=27 paint_us=37 encode_us=7 acquire_us=11100 submit_us=5045 skipped=0 gpu_q=1 gpu_total_us=4671 gpu_prepass_us=0 gpu_main_us=4671 gpu_composite_us=0 gpu_blit_us=0
[frust INFO] frust-perf img skipped=0 evicted=3 resident=60 budget=1024x1024x4
[frust INFO] frust-perf raw n=689 total_us=16988 rebuild_us=550 layout_us=31 paint_us=41 encode_us=5 acquire_us=11733 submit_us=4626 skipped=0 gpu_q=1 gpu_total_us=4635 gpu_prepass_us=0 gpu_main_us=4635 gpu_composite_us=0 gpu_blit_us=0
[frust INFO] frust-perf img skipped=0 evicted=3 resident=60 budget=1024x1024x4
[frust INFO] frust-perf raw n=690 total_us=17459 rebuild_us=569 layout_us=19 paint_us=33 encode_us=6 acquire_us=11810 submit_us=5020 skipped=0 gpu_q=1 gpu_total_us=4750 gpu_prepass_us=0 gpu_main_us=4750 gpu_composite_us=0 gpu_blit_us=0
[frust INFO] frust-perf img skipped=0 evicted=3 resident=60 budget=1024x1024x4
[frust INFO] frust-perf raw n=691 total_us=17097 rebuild_us=587 layout_us=24 paint_us=36 encode_us=12 acquire_us=11634 submit_us=4801 skipped=0 gpu_q=1 gpu_total_us=4464 gpu_prepass_us=0 gpu_main_us=4464 gpu_composite_us=0 gpu_blit_us=0
[frust INFO] frust-perf img skipped=0 evicted=4 resident=60 budget=1024x1024x4
[frust INFO] frust-perf raw n=692 total_us=17637 rebuild_us=484 layout_us=25 paint_us=31 encode_us=14 acquire_us=11708 submit_us=5374 skipped=0 gpu_q=1 gpu_total_us=4452 gpu_prepass_us=0 gpu_main_us=4452 gpu_composite_us=0 gpu_blit_us=0
[frust INFO] frust-perf img skipped=0 evicted=3 resident=60 budget=1024x1024x4
[frust INFO] frust-perf raw n=693 total_us=16674 rebuild_us=516 layout_us=25 paint_us=39 encode_us=13 acquire_us=11287 submit_us=4792 skipped=0 gpu_q=1 gpu_total_us=4584 gpu_prepass_us=0 gpu_main_us=4584 gpu_composite_us=0 gpu_blit_us=0
[frust INFO] frust-perf img skipped=0 evicted=3 resident=60 budget=1024x1024x4
[frust INFO] frust-perf raw n=694 total_us=17374 rebuild_us=486 layout_us=24 paint_us=31 encode_us=13 acquire_us=11781 submit_us=5037 skipped=0 gpu_q=1 gpu_total_us=4626 gpu_prepass_us=0 gpu_main_us=4626 gpu_composite_us=0 gpu_blit_us=0
[frust INFO] frust-perf img skipped=0 evicted=3 resident=60 budget=1024x1024x4
[frust INFO] frust-perf raw n=695 total_us=17042 rebuild_us=511 layout_us=27 paint_us=37 encode_us=10 acquire_us=11494 submit_us=4960 skipped=0 gpu_q=1 gpu_total_us=4636 gpu_prepass_us=0 gpu_main_us=4636 gpu_composite_us=0 gpu_blit_us=0
[frust INFO] frust-perf img skipped=0 evicted=3 resident=60 budget=1024x1024x4
[frust INFO] frust-perf raw n=696 total_us=17180 rebuild_us=535 layout_us=22 paint_us=37 encode_us=11 acquire_us=11716 submit_us=4857 skipped=0 gpu_q=1 gpu_total_us=4609 gpu_prepass_us=0 gpu_main_us=4609 gpu_composite_us=0 gpu_blit_us=0
[frust INFO] frust-perf img skipped=0 evicted=4 resident=60 budget=1024x1024x4
[frust INFO] frust-perf raw n=697 total_us=18160 rebuild_us=543 layout_us=27 paint_us=34 encode_us=10 acquire_us=11756 submit_us=5788 skipped=0 gpu_q=1 gpu_total_us=4628 gpu_prepass_us=0 gpu_main_us=4628 gpu_composite_us=0 gpu_blit_us=0
[frust INFO] frust-perf img skipped=0 evicted=3 resident=60 budget=1024x1024x4
[frust INFO] frust-perf raw n=698 total_us=16498 rebuild_us=520 layout_us=24 paint_us=37 encode_us=11 acquire_us=10789 submit_us=5115 skipped=0 gpu_q=1 gpu_total_us=4594 gpu_prepass_us=0 gpu_main_us=4594 gpu_composite_us=0 gpu_blit_us=0
[frust INFO] frust-perf img skipped=0 evicted=3 resident=60 budget=1024x1024x4
[frust INFO] frust-perf raw n=699 total_us=16848 rebuild_us=497 layout_us=22 paint_us=29 encode_us=14 acquire_us=11375 submit_us=4907 skipped=0 gpu_q=1 gpu_total_us=4720 gpu_prepass_us=0 gpu_main_us=4720 gpu_composite_us=0 gpu_blit_us=0
[frust INFO] frust-perf img skipped=0 evicted=3 resident=60 budget=1024x1024x4
[frust INFO] frust-perf raw n=700 total_us=17540 rebuild_us=520 layout_us=30 paint_us=29 encode_us=12 acquire_us=11864 submit_us=5083 skipped=0 gpu_q=1 gpu_total_us=4648 gpu_prepass_us=0 gpu_main_us=4648 gpu_composite_us=0 gpu_blit_us=0
[frust INFO] frust-perf img skipped=0 evicted=3 resident=60 budget=1024x1024x4
[frust INFO] frust-perf raw n=701 total_us=16941 rebuild_us=570 layout_us=25 paint_us=37 encode_us=10 acquire_us=11346 submit_us=4951 skipped=0 gpu_q=1 gpu_total_us=4612 gpu_prepass_us=0 gpu_main_us=4612 gpu_composite_us=0 gpu_blit_us=0
[frust INFO] frust-perf img skipped=0 evicted=4 resident=60 budget=1024x1024x4
[frust INFO] frust-perf raw n=702 total_us=18209 rebuild_us=586 layout_us=28 paint_us=43 encode_us=11 acquire_us=11731 submit_us=5808 skipped=0 gpu_q=1 gpu_total_us=4619 gpu_prepass_us=0 gpu_main_us=4619 gpu_composite_us=0 gpu_blit_us=0
[frust INFO] frust-perf img skipped=0 evicted=3 resident=60 budget=1024x1024x4
[frust INFO] frust-perf raw n=703 total_us=16681 rebuild_us=560 layout_us=26 paint_us=33 encode_us=11 acquire_us=10864 submit_us=5185 skipped=0 gpu_q=1 gpu_total_us=4733 gpu_prepass_us=0 gpu_main_us=4733 gpu_composite_us=0 gpu_blit_us=0
[frust INFO] frust-perf img skipped=0 evicted=3 resident=60 budget=1024x1024x4
[frust INFO] frust-perf raw n=704 total_us=17120 rebuild_us=618 layout_us=29 paint_us=35 encode_us=10 acquire_us=11381 submit_us=5044 skipped=0 gpu_q=1 gpu_total_us=4659 gpu_prepass_us=0 gpu_main_us=4659 gpu_composite_us=0 gpu_blit_us=0
[frust INFO] frust-perf img skipped=0 evicted=3 resident=60 budget=1024x1024x4
[frust INFO] frust-perf raw n=705 total_us=17322 rebuild_us=613 layout_us=31 paint_us=37 encode_us=10 acquire_us=11588 submit_us=5041 skipped=0 gpu_q=1 gpu_total_us=4624 gpu_prepass_us=0 gpu_main_us=4624 gpu_composite_us=0 gpu_blit_us=0
[frust INFO] frust-perf img skipped=0 evicted=3 resident=60 budget=1024x1024x4
[frust INFO] frust-perf raw n=706 total_us=17061 rebuild_us=568 layout_us=27 paint_us=38 encode_us=13 acquire_us=11571 submit_us=4841 skipped=0 gpu_q=1 gpu_total_us=4687 gpu_prepass_us=0 gpu_main_us=4687 gpu_composite_us=0 gpu_blit_us=0
[frust INFO] frust-perf img skipped=0 evicted=4 resident=60 budget=1024x1024x4
[frust INFO] frust-perf raw n=707 total_us=17887 rebuild_us=536 layout_us=29 paint_us=40 encode_us=13 acquire_us=11572 submit_us=5694 skipped=0 gpu_q=1 gpu_total_us=4672 gpu_prepass_us=0 gpu_main_us=4672 gpu_composite_us=0 gpu_blit_us=0
[frust INFO] frust-perf img skipped=0 evicted=3 resident=60 budget=1024x1024x4
[frust INFO] frust-perf raw n=708 total_us=16725 rebuild_us=599 layout_us=29 paint_us=34 encode_us=12 acquire_us=11003 submit_us=5045 skipped=0 gpu_q=1 gpu_total_us=4685 gpu_prepass_us=0 gpu_main_us=4685 gpu_composite_us=0 gpu_blit_us=0
[frust INFO] frust-perf img skipped=0 evicted=3 resident=60 budget=1024x1024x4
[frust INFO] frust-perf raw n=709 total_us=17292 rebuild_us=560 layout_us=28 paint_us=41 encode_us=10 acquire_us=11725 submit_us=4926 skipped=0 gpu_q=1 gpu_total_us=4624 gpu_prepass_us=0 gpu_main_us=4624 gpu_composite_us=0 gpu_blit_us=0
[frust INFO] frust-perf img skipped=0 evicted=3 resident=60 budget=1024x1024x4
[frust INFO] frust-perf raw n=710 total_us=16560 rebuild_us=479 layout_us=29 paint_us=33 encode_us=10 acquire_us=11473 submit_us=4534 skipped=0 gpu_q=1 gpu_total_us=4649 gpu_prepass_us=0 gpu_main_us=4649 gpu_composite_us=0 gpu_blit_us=0
[frust INFO] frust-perf img skipped=0 evicted=3 resident=60 budget=1024x1024x4
[frust INFO] frust-perf raw n=711 total_us=17130 rebuild_us=525 layout_us=28 paint_us=38 encode_us=10 acquire_us=12094 submit_us=4432 skipped=0 gpu_q=1 gpu_total_us=4693 gpu_prepass_us=0 gpu_main_us=4693 gpu_composite_us=0 gpu_blit_us=0
[frust INFO] frust-perf frame n=120 total_p50_ms=17 total_p95_ms=18 total_p99_ms=20 rebuild_p95_ms=0 layout_p95_ms=0 paint_p95_ms=0 encode_p95_ms=0 acquire_p95_ms=12 submit_p95_ms=5 over_60hz=618 over_120hz=702 skipped=0 total_frames=711
[frust INFO] frust-perf img skipped=0 evicted=4 resident=60 budget=1024x1024x4
[frust INFO] frust-perf raw n=712 total_us=17856 rebuild_us=510 layout_us=28 paint_us=33 encode_us=11 acquire_us=12249 submit_us=5022 skipped=0 gpu_q=1 gpu_total_us=4660 gpu_prepass_us=0 gpu_main_us=4660 gpu_composite_us=0 gpu_blit_us=0
[frust INFO] frust-perf img skipped=0 evicted=3 resident=60 budget=1024x1024x4
[frust INFO] frust-perf raw n=713 total_us=17230 rebuild_us=500 layout_us=23 paint_us=36 encode_us=5 acquire_us=11741 submit_us=4922 skipped=0 gpu_q=1 gpu_total_us=4672 gpu_prepass_us=0 gpu_main_us=4672 gpu_composite_us=0 gpu_blit_us=0
[frust INFO] frust-perf img skipped=0 evicted=3 resident=60 budget=1024x1024x4
[frust INFO] frust-perf raw n=714 total_us=16365 rebuild_us=215 layout_us=8 paint_us=13 encode_us=7 acquire_us=11659 submit_us=4461 skipped=0 gpu_q=1 gpu_total_us=4650 gpu_prepass_us=0 gpu_main_us=4650 gpu_composite_us=0 gpu_blit_us=0
[frust INFO] frust-perf img skipped=0 evicted=3 resident=60 budget=1024x1024x4
[frust INFO] frust-perf raw n=715 total_us=17392 rebuild_us=762 layout_us=30 paint_us=30 encode_us=6 acquire_us=11934 submit_us=4629 skipped=0 gpu_q=1 gpu_total_us=4562 gpu_prepass_us=0 gpu_main_us=4562 gpu_composite_us=0 gpu_blit_us=0
[frust INFO] frust-perf img skipped=0 evicted=3 resident=60 budget=1024x1024x4
[frust INFO] frust-perf raw n=716 total_us=17357 rebuild_us=525 layout_us=25 paint_us=36 encode_us=7 acquire_us=12074 submit_us=4687 skipped=0 gpu_q=1 gpu_total_us=4413 gpu_prepass_us=0 gpu_main_us=4413 gpu_composite_us=0 gpu_blit_us=0
[frust INFO] frust-perf img skipped=0 evicted=4 resident=60 budget=1024x1024x4
[frust INFO] frust-perf raw n=717 total_us=17528 rebuild_us=673 layout_us=27 paint_us=37 encode_us=18 acquire_us=11779 submit_us=4992 skipped=0 gpu_q=1 gpu_total_us=4622 gpu_prepass_us=0 gpu_main_us=4622 gpu_composite_us=0 gpu_blit_us=0
[frust INFO] frust-perf img skipped=0 evicted=3 resident=60 budget=1024x1024x4
[frust INFO] frust-perf raw n=718 total_us=17485 rebuild_us=535 layout_us=28 paint_us=36 encode_us=6 acquire_us=11790 submit_us=5088 skipped=0 gpu_q=1 gpu_total_us=4555 gpu_prepass_us=0 gpu_main_us=4555 gpu_composite_us=0 gpu_blit_us=0
[frust INFO] frust-perf img skipped=0 evicted=3 resident=60 budget=1024x1024x4
[frust INFO] frust-perf raw n=719 total_us=16862 rebuild_us=577 layout_us=30 paint_us=33 encode_us=18 acquire_us=11411 submit_us=4791 skipped=0 gpu_q=1 gpu_total_us=4590 gpu_prepass_us=0 gpu_main_us=4590 gpu_composite_us=0 gpu_blit_us=0
[frust INFO] frust-perf img skipped=0 evicted=3 resident=60 budget=1024x1024x4
[frust INFO] frust-perf enc n=720 w=60 validate_us=4.0 prepare_us=4.8 classify_us=11.2 admit_us=0.5 walk_us=1446.8 glyphs_us=103.3 finish_us=3.0 compile_us=1522.1 schedule_us=4.8 paints_us=18.6 instances_us=75.2 resize_us=3.6 upload_us=1821.8 replay_us=0.8 pipelines_us=20.9 record_us=36.8 total_us=3507.0 total_p95_us=4140.8 draws=29 strips=2111 alphas=51696 glyph_draws=17 atlas_glyphs=17
[frust INFO] frust-perf raw n=720 total_us=17308 rebuild_us=518 layout_us=30 paint_us=34 encode_us=11 acquire_us=12054 submit_us=4658 skipped=0 gpu_q=1 gpu_total_us=4733 gpu_prepass_us=0 gpu_main_us=4733 gpu_composite_us=0 gpu_blit_us=0
[frust INFO] frust-perf img skipped=0 evicted=3 resident=60 budget=1024x1024x4
[frust INFO] frust-perf raw n=721 total_us=17408 rebuild_us=505 layout_us=24 paint_us=33 encode_us=5 acquire_us=11795 submit_us=5044 skipped=0 gpu_q=1 gpu_total_us=4673 gpu_prepass_us=0 gpu_main_us=4673 gpu_composite_us=0 gpu_blit_us=0
[frust INFO] frust-perf img skipped=0 evicted=3 resident=60 budget=1024x1024x4
[frust INFO] frust-perf raw n=722 total_us=16942 rebuild_us=557 layout_us=29 paint_us=36 encode_us=13 acquire_us=11505 submit_us=4799 skipped=0 gpu_q=1 gpu_total_us=4646 gpu_prepass_us=0 gpu_main_us=4646 gpu_composite_us=0 gpu_blit_us=0
[frust INFO] frust-perf img skipped=0 evicted=4 resident=60 budget=1024x1024x4
[frust INFO] frust-perf raw n=723 total_us=17701 rebuild_us=475 layout_us=29 paint_us=32 encode_us=11 acquire_us=11762 submit_us=5390 skipped=0 gpu_q=1 gpu_total_us=4653 gpu_prepass_us=0 gpu_main_us=4653 gpu_composite_us=0 gpu_blit_us=0
[frust INFO] frust-perf img skipped=0 evicted=3 resident=60 budget=1024x1024x4
[frust INFO] frust-perf raw n=724 total_us=16625 rebuild_us=514 layout_us=25 paint_us=40 encode_us=10 acquire_us=11226 submit_us=4809 skipped=0 gpu_q=1 gpu_total_us=4540 gpu_prepass_us=0 gpu_main_us=4540 gpu_composite_us=0 gpu_blit_us=0
[frust INFO] frust-perf img skipped=0 evicted=3 resident=60 budget=1024x1024x4
[frust INFO] frust-perf raw n=725 total_us=17201 rebuild_us=540 layout_us=26 paint_us=37 encode_us=10 acquire_us=11985 submit_us=4602 skipped=0 gpu_q=1 gpu_total_us=4734 gpu_prepass_us=0 gpu_main_us=4734 gpu_composite_us=0 gpu_blit_us=0
[frust INFO] frust-perf img skipped=0 evicted=3 resident=60 budget=1024x1024x4
[frust INFO] frust-perf raw n=726 total_us=17369 rebuild_us=498 layout_us=25 paint_us=34 encode_us=12 acquire_us=11793 submit_us=5005 skipped=0 gpu_q=1 gpu_total_us=4591 gpu_prepass_us=0 gpu_main_us=4591 gpu_composite_us=0 gpu_blit_us=0
[frust INFO] frust-perf img skipped=0 evicted=3 resident=60 budget=1024x1024x4
[frust INFO] frust-perf raw n=727 total_us=17179 rebuild_us=552 layout_us=30 paint_us=33 encode_us=11 acquire_us=11601 submit_us=4950 skipped=0 gpu_q=1 gpu_total_us=4643 gpu_prepass_us=0 gpu_main_us=4643 gpu_composite_us=0 gpu_blit_us=0
[frust INFO] frust-perf img skipped=0 evicted=4 resident=60 budget=1024x1024x4
[frust INFO] frust-perf raw n=728 total_us=17756 rebuild_us=539 layout_us=24 paint_us=45 encode_us=14 acquire_us=11622 submit_us=5511 skipped=0 gpu_q=1 gpu_total_us=4682 gpu_prepass_us=0 gpu_main_us=4682 gpu_composite_us=0 gpu_blit_us=0
[frust INFO] frust-perf img skipped=0 evicted=3 resident=60 budget=1024x1024x4
[frust INFO] frust-perf raw n=729 total_us=16712 rebuild_us=536 layout_us=29 paint_us=37 encode_us=16 acquire_us=11126 submit_us=4965 skipped=0 gpu_q=1 gpu_total_us=4640 gpu_prepass_us=0 gpu_main_us=4640 gpu_composite_us=0 gpu_blit_us=0
[frust INFO] frust-perf img skipped=0 evicted=3 resident=60 budget=1024x1024x4
[frust INFO] frust-perf raw n=730 total_us=17323 rebuild_us=534 layout_us=26 paint_us=35 encode_us=10 acquire_us=11684 submit_us=5031 skipped=0 gpu_q=1 gpu_total_us=4694 gpu_prepass_us=0 gpu_main_us=4694 gpu_composite_us=0 gpu_blit_us=0
[frust INFO] frust-perf img skipped=0 evicted=3 resident=60 budget=1024x1024x4
[frust INFO] frust-perf raw n=731 total_us=17186 rebuild_us=531 layout_us=24 paint_us=36 encode_us=14 acquire_us=11448 submit_us=5131 skipped=0 gpu_q=1 gpu_total_us=4636 gpu_prepass_us=0 gpu_main_us=4636 gpu_composite_us=0 gpu_blit_us=0
[frust INFO] frust-perf img skipped=0 evicted=3 resident=60 budget=1024x1024x4
[frust INFO] frust-perf raw n=732 total_us=17149 rebuild_us=524 layout_us=25 paint_us=34 encode_us=9 acquire_us=11568 submit_us=4987 skipped=0 gpu_q=1 gpu_total_us=4581 gpu_prepass_us=0 gpu_main_us=4581 gpu_composite_us=0 gpu_blit_us=0
[frust INFO] frust-perf img skipped=0 evicted=4 resident=60 budget=1024x1024x4
[frust INFO] frust-perf raw n=733 total_us=17726 rebuild_us=525 layout_us=29 paint_us=35 encode_us=10 acquire_us=11577 submit_us=5548 skipped=0 gpu_q=1 gpu_total_us=4646 gpu_prepass_us=0 gpu_main_us=4646 gpu_composite_us=0 gpu_blit_us=0
[frust INFO] frust-perf img skipped=0 evicted=3 resident=60 budget=1024x1024x4
[frust INFO] frust-perf raw n=734 total_us=16703 rebuild_us=547 layout_us=26 paint_us=39 encode_us=11 acquire_us=11147 submit_us=4932 skipped=0 gpu_q=1 gpu_total_us=4622 gpu_prepass_us=0 gpu_main_us=4622 gpu_composite_us=0 gpu_blit_us=0
[frust INFO] frust-perf img skipped=0 evicted=3 resident=60 budget=1024x1024x4
[frust INFO] frust-perf raw n=735 total_us=17389 rebuild_us=578 layout_us=23 paint_us=32 encode_us=10 acquire_us=11661 submit_us=5083 skipped=0 gpu_q=1 gpu_total_us=4676 gpu_prepass_us=0 gpu_main_us=4676 gpu_composite_us=0 gpu_blit_us=0
[frust INFO] frust-perf img skipped=0 evicted=3 resident=60 budget=1024x1024x4
[frust INFO] frust-perf raw n=736 total_us=17049 rebuild_us=554 layout_us=22 paint_us=35 encode_us=11 acquire_us=11423 submit_us=5001 skipped=0 gpu_q=1 gpu_total_us=4618 gpu_prepass_us=0 gpu_main_us=4618 gpu_composite_us=0 gpu_blit_us=0
[frust INFO] frust-perf img skipped=0 evicted=3 resident=60 budget=1024x1024x4
[frust INFO] frust-perf raw n=737 total_us=17098 rebuild_us=518 layout_us=22 paint_us=39 encode_us=10 acquire_us=11596 submit_us=4910 skipped=0 gpu_q=1 gpu_total_us=4580 gpu_prepass_us=0 gpu_main_us=4580 gpu_composite_us=0 gpu_blit_us=0
[frust INFO] frust-perf img skipped=0 evicted=4 resident=60 budget=1024x1024x4
[frust INFO] frust-perf raw n=738 total_us=17730 rebuild_us=590 layout_us=28 paint_us=33 encode_us=10 acquire_us=11701 submit_us=5365 skipped=0 gpu_q=1 gpu_total_us=4714 gpu_prepass_us=0 gpu_main_us=4714 gpu_composite_us=0 gpu_blit_us=0
[frust INFO] frust-perf img skipped=0 evicted=3 resident=60 budget=1024x1024x4
[frust INFO] frust-perf raw n=739 total_us=16983 rebuild_us=525 layout_us=22 paint_us=34 encode_us=13 acquire_us=11394 submit_us=4993 skipped=0 gpu_q=1 gpu_total_us=4712 gpu_prepass_us=0 gpu_main_us=4712 gpu_composite_us=0 gpu_blit_us=0
[frust INFO] frust-perf img skipped=0 evicted=3 resident=60 budget=1024x1024x4
[frust INFO] frust-perf raw n=740 total_us=16954 rebuild_us=539 layout_us=29 paint_us=32 encode_us=11 acquire_us=11365 submit_us=4976 skipped=0 gpu_q=1 gpu_total_us=4710 gpu_prepass_us=0 gpu_main_us=4710 gpu_composite_us=0 gpu_blit_us=0
[frust INFO] frust-perf img skipped=0 evicted=3 resident=60 budget=1024x1024x4
[frust INFO] frust-perf raw n=741 total_us=17301 rebuild_us=519 layout_us=29 paint_us=35 encode_us=11 acquire_us=11642 submit_us=5063 skipped=0 gpu_q=1 gpu_total_us=4787 gpu_prepass_us=0 gpu_main_us=4787 gpu_composite_us=0 gpu_blit_us=0
[frust INFO] frust-perf img skipped=0 evicted=3 resident=60 budget=1024x1024x4
[frust INFO] frust-perf raw n=742 total_us=17127 rebuild_us=548 layout_us=28 paint_us=37 encode_us=13 acquire_us=11616 submit_us=4882 skipped=0 gpu_q=1 gpu_total_us=4600 gpu_prepass_us=0 gpu_main_us=4600 gpu_composite_us=0 gpu_blit_us=0
[frust INFO] frust-perf img skipped=0 evicted=4 resident=60 budget=1024x1024x4
[frust INFO] frust-perf raw n=743 total_us=17791 rebuild_us=549 layout_us=29 paint_us=34 encode_us=11 acquire_us=11585 submit_us=5580 skipped=0 gpu_q=1 gpu_total_us=4586 gpu_prepass_us=0 gpu_main_us=4586 gpu_composite_us=0 gpu_blit_us=0
[frust INFO] frust-perf img skipped=0 evicted=3 resident=60 budget=1024x1024x4
[frust INFO] frust-perf raw n=744 total_us=16770 rebuild_us=522 layout_us=22 paint_us=38 encode_us=12 acquire_us=11132 submit_us=5042 skipped=0 gpu_q=1 gpu_total_us=4726 gpu_prepass_us=0 gpu_main_us=4726 gpu_composite_us=0 gpu_blit_us=0
[frust INFO] frust-perf img skipped=0 evicted=3 resident=60 budget=1024x1024x4
[frust INFO] frust-perf raw n=745 total_us=17252 rebuild_us=579 layout_us=27 paint_us=30 encode_us=13 acquire_us=11522 submit_us=5078 skipped=0 gpu_q=1 gpu_total_us=4654 gpu_prepass_us=0 gpu_main_us=4654 gpu_composite_us=0 gpu_blit_us=0
[frust INFO] frust-perf img skipped=0 evicted=3 resident=60 budget=1024x1024x4
[frust INFO] frust-perf raw n=746 total_us=17267 rebuild_us=510 layout_us=25 paint_us=39 encode_us=11 acquire_us=11521 submit_us=5158 skipped=0 gpu_q=1 gpu_total_us=4670 gpu_prepass_us=0 gpu_main_us=4670 gpu_composite_us=0 gpu_blit_us=0
[frust INFO] frust-perf img skipped=0 evicted=3 resident=60 budget=1024x1024x4
[frust INFO] frust-perf raw n=747 total_us=17021 rebuild_us=548 layout_us=25 paint_us=38 encode_us=13 acquire_us=11433 submit_us=4961 skipped=0 gpu_q=1 gpu_total_us=4678 gpu_prepass_us=0 gpu_main_us=4678 gpu_composite_us=0 gpu_blit_us=0
[frust INFO] frust-perf img skipped=0 evicted=4 resident=60 budget=1024x1024x4
[frust INFO] frust-perf raw n=748 total_us=17537 rebuild_us=520 layout_us=29 paint_us=34 encode_us=11 acquire_us=11614 submit_us=5326 skipped=0 gpu_q=1 gpu_total_us=4608 gpu_prepass_us=0 gpu_main_us=4608 gpu_composite_us=0 gpu_blit_us=0
[frust INFO] frust-perf img skipped=0 evicted=3 resident=60 budget=1024x1024x4
[frust INFO] frust-perf raw n=749 total_us=17078 rebuild_us=541 layout_us=28 paint_us=33 encode_us=14 acquire_us=11506 submit_us=4953 skipped=0 gpu_q=1 gpu_total_us=4633 gpu_prepass_us=0 gpu_main_us=4633 gpu_composite_us=0 gpu_blit_us=0
[frust INFO] frust-perf img skipped=0 evicted=3 resident=60 budget=1024x1024x4
[frust INFO] frust-perf raw n=750 total_us=16895 rebuild_us=573 layout_us=28 paint_us=32 encode_us=10 acquire_us=11371 submit_us=4879 skipped=0 gpu_q=1 gpu_total_us=4689 gpu_prepass_us=0 gpu_main_us=4689 gpu_composite_us=0 gpu_blit_us=0
[frust INFO] frust-perf img skipped=0 evicted=3 resident=60 budget=1024x1024x4
[frust INFO] frust-perf raw n=751 total_us=17335 rebuild_us=527 layout_us=25 paint_us=41 encode_us=10 acquire_us=11791 submit_us=4939 skipped=0 gpu_q=1 gpu_total_us=4669 gpu_prepass_us=0 gpu_main_us=4669 gpu_composite_us=0 gpu_blit_us=0
[frust INFO] frust-perf img skipped=0 evicted=3 resident=60 budget=1024x1024x4
[frust INFO] frust-perf raw n=752 total_us=17082 rebuild_us=534 layout_us=28 paint_us=33 encode_us=15 acquire_us=11629 submit_us=4841 skipped=0 gpu_q=1 gpu_total_us=4624 gpu_prepass_us=0 gpu_main_us=4624 gpu_composite_us=0 gpu_blit_us=0
[frust INFO] frust-perf img skipped=0 evicted=4 resident=60 budget=1024x1024x4
[frust INFO] frust-perf raw n=753 total_us=17779 rebuild_us=520 layout_us=24 paint_us=33 encode_us=10 acquire_us=11797 submit_us=5393 skipped=0 gpu_q=1 gpu_total_us=4625 gpu_prepass_us=0 gpu_main_us=4625 gpu_composite_us=0 gpu_blit_us=0
[frust INFO] frust-perf img skipped=0 evicted=3 resident=60 budget=1024x1024x4
[frust INFO] frust-perf raw n=754 total_us=16830 rebuild_us=518 layout_us=22 paint_us=31 encode_us=14 acquire_us=11174 submit_us=5070 skipped=0 gpu_q=1 gpu_total_us=4615 gpu_prepass_us=0 gpu_main_us=4615 gpu_composite_us=0 gpu_blit_us=0
[frust INFO] frust-perf img skipped=0 evicted=3 resident=60 budget=1024x1024x4
[frust INFO] frust-perf raw n=755 total_us=17087 rebuild_us=548 layout_us=21 paint_us=40 encode_us=13 acquire_us=11526 submit_us=4937 skipped=0 gpu_q=1 gpu_total_us=4666 gpu_prepass_us=0 gpu_main_us=4666 gpu_composite_us=0 gpu_blit_us=0
[frust INFO] frust-perf img skipped=0 evicted=3 resident=60 budget=1024x1024x4
[frust INFO] frust-perf raw n=756 total_us=17206 rebuild_us=506 layout_us=28 paint_us=41 encode_us=11 acquire_us=11678 submit_us=4939 skipped=0 gpu_q=1 gpu_total_us=4666 gpu_prepass_us=0 gpu_main_us=4666 gpu_composite_us=0 gpu_blit_us=0
[frust INFO] frust-perf img skipped=0 evicted=3 resident=60 budget=1024x1024x4
[frust INFO] frust-perf raw n=757 total_us=17268 rebuild_us=528 layout_us=25 paint_us=36 encode_us=10 acquire_us=11742 submit_us=4925 skipped=0 gpu_q=1 gpu_total_us=4629 gpu_prepass_us=0 gpu_main_us=4629 gpu_composite_us=0 gpu_blit_us=0
[frust INFO] frust-perf img skipped=0 evicted=4 resident=60 budget=1024x1024x4
[frust INFO] frust-perf raw n=758 total_us=17286 rebuild_us=516 layout_us=29 paint_us=36 encode_us=15 acquire_us=11563 submit_us=5125 skipped=0 gpu_q=1 gpu_total_us=4641 gpu_prepass_us=0 gpu_main_us=4641 gpu_composite_us=0 gpu_blit_us=0
[frust INFO] frust-perf img skipped=0 evicted=3 resident=60 budget=1024x1024x4
[frust INFO] frust-perf raw n=759 total_us=16952 rebuild_us=472 layout_us=28 paint_us=32 encode_us=11 acquire_us=11693 submit_us=4714 skipped=0 gpu_q=1 gpu_total_us=4659 gpu_prepass_us=0 gpu_main_us=4659 gpu_composite_us=0 gpu_blit_us=0
[frust INFO] frust-perf img skipped=0 evicted=3 resident=60 budget=1024x1024x4
[frust INFO] frust-perf raw n=760 total_us=17216 rebuild_us=476 layout_us=31 paint_us=34 encode_us=10 acquire_us=11736 submit_us=4928 skipped=0 gpu_q=1 gpu_total_us=4644 gpu_prepass_us=0 gpu_main_us=4644 gpu_composite_us=0 gpu_blit_us=0
[frust INFO] frust-perf img skipped=0 evicted=3 resident=60 budget=1024x1024x4
[frust INFO] frust-perf raw n=761 total_us=17230 rebuild_us=519 layout_us=23 paint_us=40 encode_us=14 acquire_us=11594 submit_us=5037 skipped=0 gpu_q=1 gpu_total_us=4671 gpu_prepass_us=0 gpu_main_us=4671 gpu_composite_us=0 gpu_blit_us=0
[frust INFO] frust-perf img skipped=0 evicted=3 resident=60 budget=1024x1024x4
[frust INFO] frust-perf raw n=762 total_us=16901 rebuild_us=526 layout_us=29 paint_us=34 encode_us=10 acquire_us=11595 submit_us=4705 skipped=0 gpu_q=1 gpu_total_us=4587 gpu_prepass_us=0 gpu_main_us=4587 gpu_composite_us=0 gpu_blit_us=0
[frust INFO] frust-perf img skipped=0 evicted=4 resident=60 budget=1024x1024x4
[frust INFO] frust-perf raw n=763 total_us=17786 rebuild_us=517 layout_us=29 paint_us=33 encode_us=10 acquire_us=11919 submit_us=5275 skipped=0 gpu_q=1 gpu_total_us=4648 gpu_prepass_us=0 gpu_main_us=4648 gpu_composite_us=0 gpu_blit_us=0
[frust INFO] frust-perf img skipped=0 evicted=3 resident=60 budget=1024x1024x4
[frust INFO] frust-perf raw n=764 total_us=16748 rebuild_us=469 layout_us=21 paint_us=38 encode_us=6 acquire_us=11444 submit_us=4767 skipped=0 gpu_q=1 gpu_total_us=4751 gpu_prepass_us=0 gpu_main_us=4751 gpu_composite_us=0 gpu_blit_us=0
[frust INFO] frust-perf img skipped=0 evicted=3 resident=60 budget=1024x1024x4
[frust INFO] frust-perf raw n=765 total_us=17507 rebuild_us=567 layout_us=25 paint_us=34 encode_us=7 acquire_us=11787 submit_us=5085 skipped=0 gpu_q=1 gpu_total_us=4737 gpu_prepass_us=0 gpu_main_us=4737 gpu_composite_us=0 gpu_blit_us=0
[frust INFO] frust-perf img skipped=0 evicted=3 resident=60 budget=1024x1024x4
[frust INFO] frust-perf raw n=766 total_us=16847 rebuild_us=570 layout_us=29 paint_us=40 encode_us=17 acquire_us=11435 submit_us=4753 skipped=0 gpu_q=1 gpu_total_us=4652 gpu_prepass_us=0 gpu_main_us=4652 gpu_composite_us=0 gpu_blit_us=0
[frust INFO] frust-perf img skipped=0 evicted=3 resident=60 budget=1024x1024x4
[frust INFO] frust-perf raw n=767 total_us=17143 rebuild_us=473 layout_us=28 paint_us=36 encode_us=14 acquire_us=11830 submit_us=4760 skipped=0 gpu_q=1 gpu_total_us=4561 gpu_prepass_us=0 gpu_main_us=4561 gpu_composite_us=0 gpu_blit_us=0
[frust INFO] frust-perf img skipped=0 evicted=4 resident=60 budget=1024x1024x4
[frust INFO] frust-perf raw n=768 total_us=18087 rebuild_us=484 layout_us=26 paint_us=35 encode_us=10 acquire_us=11909 submit_us=5621 skipped=0 gpu_q=1 gpu_total_us=4659 gpu_prepass_us=0 gpu_main_us=4659 gpu_composite_us=0 gpu_blit_us=0
[frust INFO] frust-perf img skipped=0 evicted=3 resident=60 budget=1024x1024x4
[frust INFO] frust-perf raw n=769 total_us=16535 rebuild_us=536 layout_us=24 paint_us=34 encode_us=10 acquire_us=10978 submit_us=4951 skipped=0 gpu_q=1 gpu_total_us=4645 gpu_prepass_us=0 gpu_main_us=4645 gpu_composite_us=0 gpu_blit_us=0
[frust INFO] frust-perf img skipped=0 evicted=3 resident=60 budget=1024x1024x4
[frust INFO] frust-perf raw n=770 total_us=17385 rebuild_us=518 layout_us=29 paint_us=41 encode_us=9 acquire_us=11691 submit_us=5096 skipped=0 gpu_q=1 gpu_total_us=4726 gpu_prepass_us=0 gpu_main_us=4726 gpu_composite_us=0 gpu_blit_us=0
[frust INFO] frust-perf img skipped=0 evicted=3 resident=60 budget=1024x1024x4
[frust INFO] frust-perf raw n=771 total_us=16992 rebuild_us=547 layout_us=27 paint_us=35 encode_us=11 acquire_us=11414 submit_us=4955 skipped=0 gpu_q=1 gpu_total_us=4629 gpu_prepass_us=0 gpu_main_us=4629 gpu_composite_us=0 gpu_blit_us=0
[frust INFO] frust-perf img skipped=0 evicted=3 resident=60 budget=1024x1024x4
[frust INFO] frust-perf raw n=772 total_us=17147 rebuild_us=508 layout_us=28 paint_us=35 encode_us=9 acquire_us=11671 submit_us=4893 skipped=0 gpu_q=1 gpu_total_us=4622 gpu_prepass_us=0 gpu_main_us=4622 gpu_composite_us=0 gpu_blit_us=0
[frust INFO] frust-perf img skipped=0 evicted=4 resident=60 budget=1024x1024x4
[frust INFO] frust-perf raw n=773 total_us=17651 rebuild_us=513 layout_us=26 paint_us=33 encode_us=13 acquire_us=11811 submit_us=5253 skipped=0 gpu_q=1 gpu_total_us=4667 gpu_prepass_us=0 gpu_main_us=4667 gpu_composite_us=0 gpu_blit_us=0
[frust INFO] frust-perf img skipped=0 evicted=3 resident=60 budget=1024x1024x4
[frust INFO] frust-perf raw n=774 total_us=16581 rebuild_us=579 layout_us=22 paint_us=36 encode_us=6 acquire_us=11217 submit_us=4718 skipped=0 gpu_q=1 gpu_total_us=4671 gpu_prepass_us=0 gpu_main_us=4671 gpu_composite_us=0 gpu_blit_us=0
[frust INFO] frust-perf img skipped=0 evicted=3 resident=60 budget=1024x1024x4
[frust INFO] frust-perf raw n=775 total_us=17929 rebuild_us=559 layout_us=28 paint_us=29 encode_us=5 acquire_us=12081 submit_us=5225 skipped=0 gpu_q=1 gpu_total_us=4640 gpu_prepass_us=0 gpu_main_us=4640 gpu_composite_us=0 gpu_blit_us=0
[frust INFO] frust-perf img skipped=0 evicted=3 resident=60 budget=1024x1024x4
[frust INFO] frust-perf raw n=776 total_us=17004 rebuild_us=575 layout_us=26 paint_us=34 encode_us=18 acquire_us=11395 submit_us=4954 skipped=0 gpu_q=1 gpu_total_us=4658 gpu_prepass_us=0 gpu_main_us=4658 gpu_composite_us=0 gpu_blit_us=0
[frust INFO] frust-perf img skipped=0 evicted=3 resident=60 budget=1024x1024x4
[frust INFO] frust-perf raw n=777 total_us=16831 rebuild_us=558 layout_us=24 paint_us=36 encode_us=15 acquire_us=11475 submit_us=4721 skipped=0 gpu_q=1 gpu_total_us=4590 gpu_prepass_us=0 gpu_main_us=4590 gpu_composite_us=0 gpu_blit_us=0
[frust INFO] frust-perf img skipped=0 evicted=3 resident=60 budget=1024x1024x4
[frust INFO] frust-perf raw n=778 total_us=17608 rebuild_us=534 layout_us=28 paint_us=36 encode_us=10 acquire_us=11864 submit_us=5133 skipped=0 gpu_q=1 gpu_total_us=4499 gpu_prepass_us=0 gpu_main_us=4499 gpu_composite_us=0 gpu_blit_us=0
[frust INFO] frust-perf img skipped=0 evicted=4 resident=60 budget=1024x1024x4
[frust INFO] frust-perf raw n=779 total_us=17719 rebuild_us=570 layout_us=23 paint_us=36 encode_us=11 acquire_us=11594 submit_us=5483 skipped=0 gpu_q=1 gpu_total_us=4667 gpu_prepass_us=0 gpu_main_us=4667 gpu_composite_us=0 gpu_blit_us=0
[frust INFO] frust-perf img skipped=0 evicted=3 resident=60 budget=1024x1024x4
[frust INFO] frust-perf enc n=780 w=60 validate_us=3.8 prepare_us=5.3 classify_us=11.0 admit_us=0.6 walk_us=1445.8 glyphs_us=107.4 finish_us=3.2 compile_us=1530.5 schedule_us=4.7 paints_us=19.7 instances_us=77.3 resize_us=3.6 upload_us=1903.2 replay_us=0.8 pipelines_us=20.0 record_us=37.4 total_us=3599.0 total_p95_us=4149.4 draws=29 strips=2111 alphas=51696 glyph_draws=17 atlas_glyphs=17
[frust INFO] frust-perf raw n=780 total_us=16309 rebuild_us=520 layout_us=25 paint_us=28 encode_us=11 acquire_us=11285 submit_us=4437 skipped=0 gpu_q=1 gpu_total_us=4640 gpu_prepass_us=0 gpu_main_us=4640 gpu_composite_us=0 gpu_blit_us=0
[frust INFO] frust-perf img skipped=0 evicted=3 resident=60 budget=1024x1024x4
[frust INFO] frust-perf raw n=781 total_us=17353 rebuild_us=611 layout_us=27 paint_us=35 encode_us=6 acquire_us=12019 submit_us=4653 skipped=0 gpu_q=1 gpu_total_us=4645 gpu_prepass_us=0 gpu_main_us=4645 gpu_composite_us=0 gpu_blit_us=0
[frust INFO] frust-perf img skipped=0 evicted=3 resident=60 budget=1024x1024x4
[frust INFO] frust-perf raw n=782 total_us=18004 rebuild_us=632 layout_us=27 paint_us=38 encode_us=6 acquire_us=11991 submit_us=5308 skipped=0 gpu_q=1 gpu_total_us=4648 gpu_prepass_us=0 gpu_main_us=4648 gpu_composite_us=0 gpu_blit_us=0
[frust INFO] frust-perf img skipped=0 evicted=3 resident=60 budget=1024x1024x4
[frust INFO] frust-perf raw n=783 total_us=16739 rebuild_us=648 layout_us=26 paint_us=42 encode_us=8 acquire_us=11263 submit_us=4750 skipped=0 gpu_q=1 gpu_total_us=4640 gpu_prepass_us=0 gpu_main_us=4640 gpu_composite_us=0 gpu_blit_us=0
[frust INFO] frust-perf img skipped=0 evicted=4 resident=60 budget=1024x1024x4
[frust INFO] frust-perf raw n=784 total_us=18228 rebuild_us=590 layout_us=28 paint_us=35 encode_us=6 acquire_us=11932 submit_us=5635 skipped=0 gpu_q=1 gpu_total_us=4538 gpu_prepass_us=0 gpu_main_us=4538 gpu_composite_us=0 gpu_blit_us=0
[frust INFO] frust-perf img skipped=0 evicted=3 resident=60 budget=1024x1024x4
[frust INFO] frust-perf raw n=785 total_us=16587 rebuild_us=569 layout_us=23 paint_us=38 encode_us=7 acquire_us=10957 submit_us=4991 skipped=0 gpu_q=1 gpu_total_us=4557 gpu_prepass_us=0 gpu_main_us=4557 gpu_composite_us=0 gpu_blit_us=0
[frust INFO] frust-perf img skipped=0 evicted=3 resident=60 budget=1024x1024x4
[frust INFO] frust-perf raw n=786 total_us=16956 rebuild_us=544 layout_us=28 paint_us=37 encode_us=8 acquire_us=11680 submit_us=4656 skipped=0 gpu_q=1 gpu_total_us=4682 gpu_prepass_us=0 gpu_main_us=4682 gpu_composite_us=0 gpu_blit_us=0
[frust INFO] frust-perf img skipped=0 evicted=3 resident=60 budget=1024x1024x4
[frust INFO] frust-perf raw n=787 total_us=17553 rebuild_us=509 layout_us=27 paint_us=37 encode_us=6 acquire_us=11933 submit_us=5038 skipped=0 gpu_q=1 gpu_total_us=4525 gpu_prepass_us=0 gpu_main_us=4525 gpu_composite_us=0 gpu_blit_us=0
[frust INFO] frust-perf img skipped=0 evicted=3 resident=60 budget=1024x1024x4
[frust INFO] frust-perf raw n=788 total_us=16869 rebuild_us=548 layout_us=23 paint_us=31 encode_us=15 acquire_us=11528 submit_us=4720 skipped=0 gpu_q=1 gpu_total_us=4663 gpu_prepass_us=0 gpu_main_us=4663 gpu_composite_us=0 gpu_blit_us=0
[frust INFO] frust-perf img skipped=0 evicted=4 resident=60 budget=1024x1024x4
[frust INFO] frust-perf raw n=789 total_us=17764 rebuild_us=499 layout_us=28 paint_us=30 encode_us=10 acquire_us=11886 submit_us=5309 skipped=0 gpu_q=1 gpu_total_us=4660 gpu_prepass_us=0 gpu_main_us=4660 gpu_composite_us=0 gpu_blit_us=0
[frust INFO] frust-perf img skipped=0 evicted=3 resident=60 budget=1024x1024x4
[frust INFO] frust-perf raw n=790 total_us=16691 rebuild_us=495 layout_us=28 paint_us=34 encode_us=10 acquire_us=11247 submit_us=4875 skipped=0 gpu_q=1 gpu_total_us=4687 gpu_prepass_us=0 gpu_main_us=4687 gpu_composite_us=0 gpu_blit_us=0
[frust INFO] frust-perf img skipped=0 evicted=3 resident=60 budget=1024x1024x4
[frust INFO] frust-perf raw n=791 total_us=17431 rebuild_us=513 layout_us=25 paint_us=38 encode_us=14 acquire_us=11937 submit_us=4902 skipped=0 gpu_q=1 gpu_total_us=4765 gpu_prepass_us=0 gpu_main_us=4765 gpu_composite_us=0 gpu_blit_us=0
[frust INFO] frust-perf img skipped=0 evicted=3 resident=60 budget=1024x1024x4
[frust INFO] frust-perf raw n=792 total_us=17058 rebuild_us=522 layout_us=23 paint_us=33 encode_us=14 acquire_us=11530 submit_us=4933 skipped=0 gpu_q=1 gpu_total_us=4668 gpu_prepass_us=0 gpu_main_us=4668 gpu_composite_us=0 gpu_blit_us=0
[frust INFO] frust-perf img skipped=0 evicted=3 resident=60 budget=1024x1024x4
[frust INFO] frust-perf raw n=793 total_us=17037 rebuild_us=498 layout_us=21 paint_us=34 encode_us=9 acquire_us=11683 submit_us=4789 skipped=0 gpu_q=1 gpu_total_us=4579 gpu_prepass_us=0 gpu_main_us=4579 gpu_composite_us=0 gpu_blit_us=0
[frust INFO] frust-perf img skipped=0 evicted=4 resident=60 budget=1024x1024x4
[frust INFO] frust-perf raw n=794 total_us=17909 rebuild_us=520 layout_us=28 paint_us=34 encode_us=7 acquire_us=11796 submit_us=5522 skipped=0 gpu_q=1 gpu_total_us=4618 gpu_prepass_us=0 gpu_main_us=4618 gpu_composite_us=0 gpu_blit_us=0
[frust INFO] frust-perf img skipped=0 evicted=3 resident=60 budget=1024x1024x4
[frust INFO] frust-perf raw n=795 total_us=16564 rebuild_us=528 layout_us=21 paint_us=39 encode_us=15 acquire_us=11148 submit_us=4811 skipped=0 gpu_q=1 gpu_total_us=4630 gpu_prepass_us=0 gpu_main_us=4630 gpu_composite_us=0 gpu_blit_us=0
[frust INFO] frust-perf img skipped=0 evicted=3 resident=60 budget=1024x1024x4
[frust INFO] frust-perf raw n=796 total_us=17097 rebuild_us=520 layout_us=28 paint_us=34 encode_us=9 acquire_us=11861 submit_us=4643 skipped=0 gpu_q=1 gpu_total_us=4647 gpu_prepass_us=0 gpu_main_us=4647 gpu_composite_us=0 gpu_blit_us=0
[frust INFO] frust-perf img skipped=0 evicted=3 resident=60 budget=1024x1024x4
[frust INFO] frust-perf raw n=797 total_us=17206 rebuild_us=459 layout_us=23 paint_us=40 encode_us=12 acquire_us=11880 submit_us=4789 skipped=0 gpu_q=1 gpu_total_us=4756 gpu_prepass_us=0 gpu_main_us=4756 gpu_composite_us=0 gpu_blit_us=0
[frust INFO] frust-perf img skipped=0 evicted=3 resident=60 budget=1024x1024x4
[frust INFO] frust-perf raw n=798 total_us=17265 rebuild_us=572 layout_us=26 paint_us=37 encode_us=9 acquire_us=11750 submit_us=4868 skipped=0 gpu_q=1 gpu_total_us=4630 gpu_prepass_us=0 gpu_main_us=4630 gpu_composite_us=0 gpu_blit_us=0
[frust INFO] frust-perf img skipped=0 evicted=4 resident=60 budget=1024x1024x4
[frust INFO] frust-perf raw n=799 total_us=17969 rebuild_us=517 layout_us=27 paint_us=42 encode_us=10 acquire_us=11770 submit_us=5601 skipped=0 gpu_q=1 gpu_total_us=4724 gpu_prepass_us=0 gpu_main_us=4724 gpu_composite_us=0 gpu_blit_us=0
[frust INFO] frust-perf img skipped=0 evicted=3 resident=60 budget=1024x1024x4
[frust INFO] frust-perf raw n=800 total_us=16602 rebuild_us=543 layout_us=26 paint_us=41 encode_us=10 acquire_us=10910 submit_us=5069 skipped=0 gpu_q=1 gpu_total_us=4687 gpu_prepass_us=0 gpu_main_us=4687 gpu_composite_us=0 gpu_blit_us=0
[frust INFO] frust-perf img skipped=0 evicted=3 resident=60 budget=1024x1024x4
[frust INFO] frust-perf raw n=801 total_us=17284 rebuild_us=580 layout_us=21 paint_us=32 encode_us=14 acquire_us=11774 submit_us=4860 skipped=0 gpu_q=1 gpu_total_us=4622 gpu_prepass_us=0 gpu_main_us=4622 gpu_composite_us=0 gpu_blit_us=0
[frust INFO] frust-perf img skipped=0 evicted=3 resident=60 budget=1024x1024x4
[frust INFO] frust-perf raw n=802 total_us=16896 rebuild_us=531 layout_us=22 paint_us=39 encode_us=10 acquire_us=11517 submit_us=4774 skipped=0 gpu_q=1 gpu_total_us=4639 gpu_prepass_us=0 gpu_main_us=4639 gpu_composite_us=0 gpu_blit_us=0
[frust INFO] frust-perf img skipped=0 evicted=3 resident=60 budget=1024x1024x4
[frust INFO] frust-perf raw n=803 total_us=17168 rebuild_us=495 layout_us=21 paint_us=33 encode_us=13 acquire_us=11898 submit_us=4706 skipped=0 gpu_q=1 gpu_total_us=4616 gpu_prepass_us=0 gpu_main_us=4616 gpu_composite_us=0 gpu_blit_us=0
[frust INFO] frust-perf img skipped=0 evicted=4 resident=60 budget=1024x1024x4
[frust INFO] frust-perf raw n=804 total_us=17847 rebuild_us=512 layout_us=24 paint_us=31 encode_us=11 acquire_us=11836 submit_us=5432 skipped=0 gpu_q=1 gpu_total_us=4634 gpu_prepass_us=0 gpu_main_us=4634 gpu_composite_us=0 gpu_blit_us=0
[frust INFO] frust-perf img skipped=0 evicted=3 resident=60 budget=1024x1024x4
[frust INFO] frust-perf raw n=805 total_us=16706 rebuild_us=536 layout_us=26 paint_us=40 encode_us=14 acquire_us=11220 submit_us=4867 skipped=0 gpu_q=1 gpu_total_us=4623 gpu_prepass_us=0 gpu_main_us=4623 gpu_composite_us=0 gpu_blit_us=0
[frust INFO] frust-perf img skipped=0 evicted=3 resident=60 budget=1024x1024x4
[frust INFO] frust-perf raw n=806 total_us=16977 rebuild_us=507 layout_us=24 paint_us=32 encode_us=12 acquire_us=11785 submit_us=4614 skipped=0 gpu_q=1 gpu_total_us=4657 gpu_prepass_us=0 gpu_main_us=4657 gpu_composite_us=0 gpu_blit_us=0
[frust INFO] frust-perf img skipped=0 evicted=3 resident=60 budget=1024x1024x4
[frust INFO] frust-perf raw n=807 total_us=17347 rebuild_us=520 layout_us=21 paint_us=38 encode_us=10 acquire_us=11899 submit_us=4858 skipped=0 gpu_q=1 gpu_total_us=4642 gpu_prepass_us=0 gpu_main_us=4642 gpu_composite_us=0 gpu_blit_us=0
[frust INFO] frust-perf img skipped=0 evicted=3 resident=60 budget=1024x1024x4
[frust INFO] frust-perf raw n=808 total_us=17218 rebuild_us=532 layout_us=24 paint_us=38 encode_us=14 acquire_us=11769 submit_us=4839 skipped=0 gpu_q=1 gpu_total_us=4605 gpu_prepass_us=0 gpu_main_us=4605 gpu_composite_us=0 gpu_blit_us=0
[frust INFO] frust-perf img skipped=0 evicted=4 resident=60 budget=1024x1024x4
[frust INFO] frust-perf raw n=809 total_us=17784 rebuild_us=508 layout_us=24 paint_us=37 encode_us=14 acquire_us=11811 submit_us=5388 skipped=0 gpu_q=1 gpu_total_us=4707 gpu_prepass_us=0 gpu_main_us=4707 gpu_composite_us=0 gpu_blit_us=0
[frust INFO] frust-perf img skipped=0 evicted=3 resident=60 budget=1024x1024x4
[frust INFO] frust-perf raw n=810 total_us=16694 rebuild_us=514 layout_us=28 paint_us=36 encode_us=14 acquire_us=11172 submit_us=4928 skipped=0 gpu_q=1 gpu_total_us=4628 gpu_prepass_us=0 gpu_main_us=4628 gpu_composite_us=0 gpu_blit_us=0
[frust INFO] frust-perf img skipped=0 evicted=3 resident=60 budget=1024x1024x4
[frust INFO] frust-perf raw n=811 total_us=17346 rebuild_us=558 layout_us=27 paint_us=36 encode_us=10 acquire_us=11824 submit_us=4888 skipped=0 gpu_q=1 gpu_total_us=4703 gpu_prepass_us=0 gpu_main_us=4703 gpu_composite_us=0 gpu_blit_us=0
[frust INFO] frust-perf img skipped=0 evicted=3 resident=60 budget=1024x1024x4
[frust INFO] frust-perf raw n=812 total_us=16857 rebuild_us=512 layout_us=25 paint_us=40 encode_us=13 acquire_us=11523 submit_us=4741 skipped=0 gpu_q=1 gpu_total_us=4666 gpu_prepass_us=0 gpu_main_us=4666 gpu_composite_us=0 gpu_blit_us=0
[frust INFO] frust-perf img skipped=0 evicted=3 resident=60 budget=1024x1024x4
[frust INFO] frust-perf raw n=813 total_us=17051 rebuild_us=490 layout_us=19 paint_us=33 encode_us=10 acquire_us=11837 submit_us=4658 skipped=0 gpu_q=1 gpu_total_us=4638 gpu_prepass_us=0 gpu_main_us=4638 gpu_composite_us=0 gpu_blit_us=0
[frust INFO] frust-perf img skipped=0 evicted=4 resident=60 budget=1024x1024x4
[frust INFO] frust-perf raw n=814 total_us=17803 rebuild_us=466 layout_us=27 paint_us=28 encode_us=15 acquire_us=11945 submit_us=5320 skipped=0 gpu_q=1 gpu_total_us=4647 gpu_prepass_us=0 gpu_main_us=4647 gpu_composite_us=0 gpu_blit_us=0
[frust INFO] frust-perf img skipped=0 evicted=3 resident=60 budget=1024x1024x4
[frust INFO] frust-perf raw n=815 total_us=16877 rebuild_us=482 layout_us=24 paint_us=33 encode_us=10 acquire_us=11297 submit_us=5029 skipped=0 gpu_q=1 gpu_total_us=4625 gpu_prepass_us=0 gpu_main_us=4625 gpu_composite_us=0 gpu_blit_us=0
[frust INFO] frust-perf img skipped=0 evicted=3 resident=60 budget=1024x1024x4
[frust INFO] frust-perf raw n=816 total_us=16982 rebuild_us=535 layout_us=24 paint_us=38 encode_us=7 acquire_us=11800 submit_us=4576 skipped=0 gpu_q=1 gpu_total_us=4636 gpu_prepass_us=0 gpu_main_us=4636 gpu_composite_us=0 gpu_blit_us=0
[frust INFO] frust-perf img skipped=0 evicted=3 resident=60 budget=1024x1024x4
[frust INFO] frust-perf raw n=817 total_us=17958 rebuild_us=521 layout_us=26 paint_us=34 encode_us=6 acquire_us=11937 submit_us=5432 skipped=0 gpu_q=1 gpu_total_us=4688 gpu_prepass_us=0 gpu_main_us=4688 gpu_composite_us=0 gpu_blit_us=0
[frust INFO] frust-perf img skipped=0 evicted=3 resident=60 budget=1024x1024x4
[frust INFO] frust-perf raw n=818 total_us=16781 rebuild_us=582 layout_us=28 paint_us=40 encode_us=6 acquire_us=11167 submit_us=4956 skipped=0 gpu_q=1 gpu_total_us=4601 gpu_prepass_us=0 gpu_main_us=4601 gpu_composite_us=0 gpu_blit_us=0
[frust INFO] frust-perf img skipped=0 evicted=4 resident=60 budget=1024x1024x4
[frust INFO] frust-perf raw n=819 total_us=17634 rebuild_us=532 layout_us=27 paint_us=42 encode_us=6 acquire_us=11663 submit_us=5361 skipped=0 gpu_q=1 gpu_total_us=4718 gpu_prepass_us=0 gpu_main_us=4718 gpu_composite_us=0 gpu_blit_us=0
[frust INFO] frust-perf img skipped=0 evicted=3 resident=60 budget=1024x1024x4
[frust INFO] frust-perf raw n=820 total_us=16275 rebuild_us=535 layout_us=27 paint_us=33 encode_us=17 acquire_us=11197 submit_us=4462 skipped=0 gpu_q=1 gpu_total_us=4696 gpu_prepass_us=0 gpu_main_us=4696 gpu_composite_us=0 gpu_blit_us=0
[frust INFO] frust-perf img skipped=0 evicted=3 resident=60 budget=1024x1024x4
[frust INFO] frust-perf raw n=821 total_us=17317 rebuild_us=512 layout_us=28 paint_us=39 encode_us=11 acquire_us=12369 submit_us=4357 skipped=0 gpu_q=1 gpu_total_us=4701 gpu_prepass_us=0 gpu_main_us=4701 gpu_composite_us=0 gpu_blit_us=0
[frust INFO] frust-perf img skipped=0 evicted=3 resident=60 budget=1024x1024x4
[frust INFO] frust-perf raw n=822 total_us=17242 rebuild_us=495 layout_us=20 paint_us=34 encode_us=6 acquire_us=12069 submit_us=4616 skipped=0 gpu_q=1 gpu_total_us=4671 gpu_prepass_us=0 gpu_main_us=4671 gpu_composite_us=0 gpu_blit_us=0
[frust INFO] frust-perf img skipped=0 evicted=3 resident=60 budget=1024x1024x4
[frust INFO] frust-perf raw n=823 total_us=17390 rebuild_us=541 layout_us=24 paint_us=36 encode_us=6 acquire_us=12013 submit_us=4767 skipped=0 gpu_q=1 gpu_total_us=4416 gpu_prepass_us=0 gpu_main_us=4416 gpu_composite_us=0 gpu_blit_us=0
[frust INFO] frust-perf img skipped=0 evicted=4 resident=60 budget=1024x1024x4
[frust INFO] frust-perf raw n=824 total_us=17420 rebuild_us=555 layout_us=29 paint_us=36 encode_us=58 acquire_us=11792 submit_us=4948 skipped=0 gpu_q=1 gpu_total_us=4641 gpu_prepass_us=0 gpu_main_us=4641 gpu_composite_us=0 gpu_blit_us=0
[frust INFO] frust-perf img skipped=0 evicted=3 resident=60 budget=1024x1024x4
[frust INFO] frust-perf raw n=825 total_us=17329 rebuild_us=517 layout_us=28 paint_us=37 encode_us=6 acquire_us=11680 submit_us=5059 skipped=0 gpu_q=1 gpu_total_us=4561 gpu_prepass_us=0 gpu_main_us=4561 gpu_composite_us=0 gpu_blit_us=0
[frust INFO] frust-perf img skipped=0 evicted=3 resident=60 budget=1024x1024x4
[frust INFO] frust-perf raw n=826 total_us=17082 rebuild_us=580 layout_us=27 paint_us=35 encode_us=13 acquire_us=11767 submit_us=4658 skipped=0 gpu_q=1 gpu_total_us=4648 gpu_prepass_us=0 gpu_main_us=4648 gpu_composite_us=0 gpu_blit_us=0
[frust INFO] frust-perf img skipped=0 evicted=3 resident=60 budget=1024x1024x4
[frust INFO] frust-perf raw n=827 total_us=17441 rebuild_us=506 layout_us=26 paint_us=34 encode_us=6 acquire_us=11765 submit_us=5100 skipped=0 gpu_q=1 gpu_total_us=4586 gpu_prepass_us=0 gpu_main_us=4586 gpu_composite_us=0 gpu_blit_us=0
[frust INFO] frust-perf img skipped=0 evicted=3 resident=60 budget=1024x1024x4
[frust INFO] frust-perf raw n=828 total_us=17133 rebuild_us=570 layout_us=24 paint_us=37 encode_us=17 acquire_us=11571 submit_us=4912 skipped=0 gpu_q=1 gpu_total_us=4718 gpu_prepass_us=0 gpu_main_us=4718 gpu_composite_us=0 gpu_blit_us=0
[frust INFO] frust-perf frame n=120 total_p50_ms=17 total_p95_ms=17 total_p99_ms=18 rebuild_p95_ms=0 layout_p95_ms=0 paint_p95_ms=0 encode_p95_ms=0 acquire_p95_ms=12 submit_p95_ms=5 over_60hz=726 over_120hz=819 skipped=0 total_frames=828
[frust INFO] frust-perf img skipped=0 evicted=3 resident=60 budget=1024x1024x4
[frust INFO] frust-perf raw n=829 total_us=16785 rebuild_us=496 layout_us=20 paint_us=27 encode_us=7 acquire_us=11414 submit_us=4818 skipped=0 gpu_q=1 gpu_total_us=4757 gpu_prepass_us=0 gpu_main_us=4757 gpu_composite_us=0 gpu_blit_us=0
[frust INFO] frust-perf img skipped=0 evicted=4 resident=60 budget=1024x1024x4
[frust INFO] frust-perf raw n=830 total_us=18087 rebuild_us=511 layout_us=26 paint_us=37 encode_us=18 acquire_us=11957 submit_us=5536 skipped=0 gpu_q=1 gpu_total_us=4535 gpu_prepass_us=0 gpu_main_us=4535 gpu_composite_us=0 gpu_blit_us=0
[frust INFO] frust-perf img skipped=0 evicted=3 resident=60 budget=1024x1024x4
[frust INFO] frust-perf raw n=831 total_us=16443 rebuild_us=543 layout_us=25 paint_us=32 encode_us=15 acquire_us=10947 submit_us=4879 skipped=0 gpu_q=1 gpu_total_us=4626 gpu_prepass_us=0 gpu_main_us=4626 gpu_composite_us=0 gpu_blit_us=0
[frust INFO] frust-perf img skipped=0 evicted=3 resident=60 budget=1024x1024x4
[frust INFO] frust-perf raw n=832 total_us=17272 rebuild_us=494 layout_us=24 paint_us=31 encode_us=14 acquire_us=11915 submit_us=4790 skipped=0 gpu_q=1 gpu_total_us=4554 gpu_prepass_us=0 gpu_main_us=4554 gpu_composite_us=0 gpu_blit_us=0
[frust INFO] frust-perf img skipped=0 evicted=3 resident=60 budget=1024x1024x4
[frust INFO] frust-perf raw n=833 total_us=16868 rebuild_us=485 layout_us=23 paint_us=32 encode_us=10 acquire_us=11713 submit_us=4602 skipped=0 gpu_q=1 gpu_total_us=4581 gpu_prepass_us=0 gpu_main_us=4581 gpu_composite_us=0 gpu_blit_us=0
[frust INFO] frust-perf img skipped=0 evicted=3 resident=60 budget=1024x1024x4
[frust INFO] frust-perf raw n=834 total_us=17017 rebuild_us=530 layout_us=24 paint_us=38 encode_us=12 acquire_us=11935 submit_us=4476 skipped=0 gpu_q=1 gpu_total_us=4641 gpu_prepass_us=0 gpu_main_us=4641 gpu_composite_us=0 gpu_blit_us=0
[frust INFO] frust-perf img skipped=0 evicted=4 resident=60 budget=1024x1024x4
[frust INFO] frust-perf raw n=835 total_us=18379 rebuild_us=525 layout_us=24 paint_us=35 encode_us=7 acquire_us=12207 submit_us=5579 skipped=0 gpu_q=1 gpu_total_us=4728 gpu_prepass_us=0 gpu_main_us=4728 gpu_composite_us=0 gpu_blit_us=0
[frust INFO] frust-perf img skipped=0 evicted=3 resident=60 budget=1024x1024x4
[frust INFO] frust-perf raw n=836 total_us=16618 rebuild_us=535 layout_us=26 paint_us=35 encode_us=7 acquire_us=11058 submit_us=4955 skipped=0 gpu_q=1 gpu_total_us=4741 gpu_prepass_us=0 gpu_main_us=4741 gpu_composite_us=0 gpu_blit_us=0
[frust INFO] frust-perf img skipped=0 evicted=3 resident=60 budget=1024x1024x4
[frust INFO] frust-perf raw n=837 total_us=17202 rebuild_us=552 layout_us=24 paint_us=36 encode_us=6 acquire_us=11795 submit_us=4786 skipped=0 gpu_q=1 gpu_total_us=4690 gpu_prepass_us=0 gpu_main_us=4690 gpu_composite_us=0 gpu_blit_us=0
[frust INFO] frust-perf img skipped=0 evicted=3 resident=60 budget=1024x1024x4
[frust INFO] frust-perf raw n=838 total_us=16838 rebuild_us=558 layout_us=19 paint_us=40 encode_us=13 acquire_us=11614 submit_us=4592 skipped=0 gpu_q=1 gpu_total_us=4476 gpu_prepass_us=0 gpu_main_us=4476 gpu_composite_us=0 gpu_blit_us=0
[frust INFO] frust-perf img skipped=0 evicted=3 resident=60 budget=1024x1024x4
[frust INFO] frust-perf raw n=839 total_us=16998 rebuild_us=509 layout_us=29 paint_us=38 encode_us=11 acquire_us=11970 submit_us=4439 skipped=0 gpu_q=1 gpu_total_us=4628 gpu_prepass_us=0 gpu_main_us=4628 gpu_composite_us=0 gpu_blit_us=0
[frust INFO] frust-perf img skipped=0 evicted=4 resident=60 budget=1024x1024x4
[frust INFO] frust-perf enc n=840 w=60 validate_us=4.2 prepare_us=4.5 classify_us=11.1 admit_us=0.5 walk_us=1425.8 glyphs_us=104.8 finish_us=3.1 compile_us=1505.2 schedule_us=4.8 paints_us=18.4 instances_us=74.9 resize_us=3.4 upload_us=1815.4 replay_us=0.8 pipelines_us=19.3 record_us=35.5 total_us=3479.1 total_p95_us=4066.8 draws=29 strips=2111 alphas=51696 glyph_draws=17 atlas_glyphs=17
[frust INFO] frust-perf raw n=840 total_us=18481 rebuild_us=496 layout_us=27 paint_us=39 encode_us=7 acquire_us=12336 submit_us=5573 skipped=0 gpu_q=1 gpu_total_us=4666 gpu_prepass_us=0 gpu_main_us=4666 gpu_composite_us=0 gpu_blit_us=0
[frust INFO] frust-perf img skipped=0 evicted=3 resident=60 budget=1024x1024x4
[frust INFO] frust-perf raw n=841 total_us=16559 rebuild_us=515 layout_us=22 paint_us=34 encode_us=6 acquire_us=10949 submit_us=5030 skipped=0 gpu_q=1 gpu_total_us=4709 gpu_prepass_us=0 gpu_main_us=4709 gpu_composite_us=0 gpu_blit_us=0
[frust INFO] frust-perf img skipped=0 evicted=3 resident=60 budget=1024x1024x4
[frust INFO] frust-perf raw n=842 total_us=17141 rebuild_us=540 layout_us=28 paint_us=37 encode_us=7 acquire_us=11888 submit_us=4639 skipped=0 gpu_q=1 gpu_total_us=4721 gpu_prepass_us=0 gpu_main_us=4721 gpu_composite_us=0 gpu_blit_us=0
[frust INFO] frust-perf img skipped=0 evicted=3 resident=60 budget=1024x1024x4
[frust INFO] frust-perf raw n=843 total_us=17755 rebuild_us=553 layout_us=28 paint_us=37 encode_us=5 acquire_us=11811 submit_us=5317 skipped=0 gpu_q=1 gpu_total_us=4615 gpu_prepass_us=0 gpu_main_us=4615 gpu_composite_us=0 gpu_blit_us=0
[frust INFO] frust-perf img skipped=0 evicted=3 resident=60 budget=1024x1024x4
[frust INFO] frust-perf raw n=844 total_us=16755 rebuild_us=578 layout_us=28 paint_us=41 encode_us=8 acquire_us=11242 submit_us=4856 skipped=0 gpu_q=1 gpu_total_us=4576 gpu_prepass_us=0 gpu_main_us=4576 gpu_composite_us=0 gpu_blit_us=0
[frust INFO] frust-perf img skipped=0 evicted=4 resident=60 budget=1024x1024x4
[frust INFO] frust-perf raw n=845 total_us=17864 rebuild_us=546 layout_us=20 paint_us=36 encode_us=6 acquire_us=11769 submit_us=5484 skipped=0 gpu_q=1 gpu_total_us=4503 gpu_prepass_us=0 gpu_main_us=4503 gpu_composite_us=0 gpu_blit_us=0
[frust INFO] frust-perf img skipped=0 evicted=3 resident=60 budget=1024x1024x4
[frust INFO] frust-perf raw n=846 total_us=16446 rebuild_us=545 layout_us=28 paint_us=42 encode_us=12 acquire_us=11177 submit_us=4641 skipped=0 gpu_q=1 gpu_total_us=4542 gpu_prepass_us=0 gpu_main_us=4542 gpu_composite_us=0 gpu_blit_us=0
[frust INFO] frust-perf img skipped=0 evicted=3 resident=60 budget=1024x1024x4
[frust INFO] frust-perf raw n=847 total_us=17449 rebuild_us=518 layout_us=21 paint_us=28 encode_us=13 acquire_us=12147 submit_us=4720 skipped=0 gpu_q=1 gpu_total_us=4669 gpu_prepass_us=0 gpu_main_us=4669 gpu_composite_us=0 gpu_blit_us=0
[frust INFO] frust-perf img skipped=0 evicted=3 resident=60 budget=1024x1024x4
[frust INFO] frust-perf raw n=848 total_us=17396 rebuild_us=501 layout_us=26 paint_us=35 encode_us=10 acquire_us=11628 submit_us=5194 skipped=0 gpu_q=1 gpu_total_us=4527 gpu_prepass_us=0 gpu_main_us=4527 gpu_composite_us=0 gpu_blit_us=0
[frust INFO] frust-perf img skipped=0 evicted=3 resident=60 budget=1024x1024x4
[frust INFO] frust-perf raw n=849 total_us=17014 rebuild_us=522 layout_us=24 paint_us=33 encode_us=13 acquire_us=11374 submit_us=5046 skipped=0 gpu_q=1 gpu_total_us=4632 gpu_prepass_us=0 gpu_main_us=4632 gpu_composite_us=0 gpu_blit_us=0
[frust INFO] frust-perf img skipped=0 evicted=4 resident=60 budget=1024x1024x4
[frust INFO] frust-perf raw n=850 total_us=17944 rebuild_us=511 layout_us=22 paint_us=31 encode_us=10 acquire_us=11681 submit_us=5685 skipped=0 gpu_q=1 gpu_total_us=4668 gpu_prepass_us=0 gpu_main_us=4668 gpu_composite_us=0 gpu_blit_us=0
[frust INFO] frust-perf img skipped=0 evicted=3 resident=60 budget=1024x1024x4
[frust INFO] frust-perf raw n=851 total_us=16638 rebuild_us=559 layout_us=26 paint_us=35 encode_us=14 acquire_us=10758 submit_us=5243 skipped=0 gpu_q=1 gpu_total_us=4679 gpu_prepass_us=0 gpu_main_us=4679 gpu_composite_us=0 gpu_blit_us=0
[frust INFO] frust-perf img skipped=0 evicted=3 resident=60 budget=1024x1024x4
[frust INFO] frust-perf raw n=852 total_us=17233 rebuild_us=612 layout_us=28 paint_us=33 encode_us=10 acquire_us=11648 submit_us=4899 skipped=0 gpu_q=1 gpu_total_us=4641 gpu_prepass_us=0 gpu_main_us=4641 gpu_composite_us=0 gpu_blit_us=0
[frust INFO] frust-perf img skipped=0 evicted=3 resident=60 budget=1024x1024x4
[frust INFO] frust-perf raw n=853 total_us=17118 rebuild_us=559 layout_us=28 paint_us=35 encode_us=10 acquire_us=11577 submit_us=4907 skipped=0 gpu_q=1 gpu_total_us=4622 gpu_prepass_us=0 gpu_main_us=4622 gpu_composite_us=0 gpu_blit_us=0
[frust INFO] frust-perf img skipped=0 evicted=3 resident=60 budget=1024x1024x4
[frust INFO] frust-perf raw n=854 total_us=17123 rebuild_us=556 layout_us=30 paint_us=41 encode_us=11 acquire_us=11641 submit_us=4843 skipped=0 gpu_q=1 gpu_total_us=4649 gpu_prepass_us=0 gpu_main_us=4649 gpu_composite_us=0 gpu_blit_us=0
[frust INFO] frust-perf img skipped=0 evicted=4 resident=60 budget=1024x1024x4
[frust INFO] frust-perf raw n=855 total_us=17349 rebuild_us=595 layout_us=23 paint_us=41 encode_us=8 acquire_us=11723 submit_us=4958 skipped=0 gpu_q=1 gpu_total_us=4616 gpu_prepass_us=0 gpu_main_us=4616 gpu_composite_us=0 gpu_blit_us=0
[frust INFO] frust-perf img skipped=0 evicted=3 resident=60 budget=1024x1024x4
[frust INFO] frust-perf raw n=856 total_us=17893 rebuild_us=616 layout_us=23 paint_us=38 encode_us=7 acquire_us=11757 submit_us=5451 skipped=0 gpu_q=1 gpu_total_us=4624 gpu_prepass_us=0 gpu_main_us=4624 gpu_composite_us=0 gpu_blit_us=0
[frust INFO] frust-perf img skipped=0 evicted=3 resident=60 budget=1024x1024x4
[frust INFO] frust-perf raw n=857 total_us=16991 rebuild_us=704 layout_us=30 paint_us=41 encode_us=6 acquire_us=11385 submit_us=4822 skipped=0 gpu_q=1 gpu_total_us=4612 gpu_prepass_us=0 gpu_main_us=4612 gpu_composite_us=0 gpu_blit_us=0
[frust INFO] frust-perf img skipped=0 evicted=3 resident=60 budget=1024x1024x4
[frust INFO] frust-perf raw n=858 total_us=17558 rebuild_us=644 layout_us=25 paint_us=33 encode_us=6 acquire_us=11564 submit_us=5283 skipped=0 gpu_q=1 gpu_total_us=4612 gpu_prepass_us=0 gpu_main_us=4612 gpu_composite_us=0 gpu_blit_us=0
[frust INFO] frust-perf img skipped=0 evicted=3 resident=60 budget=1024x1024x4
[frust INFO] frust-perf raw n=859 total_us=16944 rebuild_us=632 layout_us=27 paint_us=39 encode_us=13 acquire_us=11291 submit_us=4940 skipped=0 gpu_q=1 gpu_total_us=4715 gpu_prepass_us=0 gpu_main_us=4715 gpu_composite_us=0 gpu_blit_us=0
[frust INFO] frust-perf img skipped=0 evicted=4 resident=60 budget=1024x1024x4
[frust INFO] frust-perf raw n=860 total_us=17578 rebuild_us=502 layout_us=24 paint_us=37 encode_us=10 acquire_us=11583 submit_us=5420 skipped=0 gpu_q=1 gpu_total_us=4506 gpu_prepass_us=0 gpu_main_us=4506 gpu_composite_us=0 gpu_blit_us=0
[frust INFO] frust-perf img skipped=0 evicted=3 resident=60 budget=1024x1024x4
[frust INFO] frust-perf raw n=861 total_us=16461 rebuild_us=490 layout_us=20 paint_us=35 encode_us=11 acquire_us=11245 submit_us=4658 skipped=0 gpu_q=1 gpu_total_us=4661 gpu_prepass_us=0 gpu_main_us=4661 gpu_composite_us=0 gpu_blit_us=0
[frust INFO] frust-perf img skipped=0 evicted=3 resident=60 budget=1024x1024x4
[frust INFO] frust-perf raw n=862 total_us=17283 rebuild_us=523 layout_us=27 paint_us=39 encode_us=14 acquire_us=11919 submit_us=4759 skipped=0 gpu_q=1 gpu_total_us=4637 gpu_prepass_us=0 gpu_main_us=4637 gpu_composite_us=0 gpu_blit_us=0
[frust INFO] frust-perf img skipped=0 evicted=3 resident=60 budget=1024x1024x4
[frust INFO] frust-perf raw n=863 total_us=17344 rebuild_us=494 layout_us=24 paint_us=39 encode_us=7 acquire_us=12071 submit_us=4708 skipped=0 gpu_q=1 gpu_total_us=4685 gpu_prepass_us=0 gpu_main_us=4685 gpu_composite_us=0 gpu_blit_us=0
[frust INFO] frust-perf img skipped=0 evicted=3 resident=60 budget=1024x1024x4
[frust INFO] frust-perf raw n=864 total_us=17611 rebuild_us=600 layout_us=22 paint_us=30 encode_us=6 acquire_us=11812 submit_us=5138 skipped=0 gpu_q=1 gpu_total_us=4543 gpu_prepass_us=0 gpu_main_us=4543 gpu_composite_us=0 gpu_blit_us=0
[frust INFO] frust-perf img skipped=0 evicted=4 resident=60 budget=1024x1024x4
[frust INFO] frust-perf raw n=865 total_us=17182 rebuild_us=570 layout_us=21 paint_us=31 encode_us=8 acquire_us=11456 submit_us=5094 skipped=0 gpu_q=1 gpu_total_us=4639 gpu_prepass_us=0 gpu_main_us=4639 gpu_composite_us=0 gpu_blit_us=0
[frust INFO] frust-perf img skipped=0 evicted=3 resident=60 budget=1024x1024x4
[frust INFO] frust-perf raw n=866 total_us=17327 rebuild_us=517 layout_us=25 paint_us=32 encode_us=6 acquire_us=11534 submit_us=5211 skipped=0 gpu_q=1 gpu_total_us=4658 gpu_prepass_us=0 gpu_main_us=4658 gpu_composite_us=0 gpu_blit_us=0
[frust INFO] frust-perf img skipped=0 evicted=3 resident=60 budget=1024x1024x4
[frust INFO] frust-perf raw n=867 total_us=16764 rebuild_us=563 layout_us=27 paint_us=41 encode_us=14 acquire_us=11376 submit_us=4741 skipped=0 gpu_q=1 gpu_total_us=4685 gpu_prepass_us=0 gpu_main_us=4685 gpu_composite_us=0 gpu_blit_us=0
[frust INFO] frust-perf img skipped=0 evicted=3 resident=60 budget=1024x1024x4
[frust INFO] frust-perf raw n=868 total_us=17389 rebuild_us=444 layout_us=27 paint_us=30 encode_us=10 acquire_us=11907 submit_us=4969 skipped=0 gpu_q=1 gpu_total_us=4640 gpu_prepass_us=0 gpu_main_us=4640 gpu_composite_us=0 gpu_blit_us=0
[frust INFO] frust-perf img skipped=0 evicted=3 resident=60 budget=1024x1024x4
[frust INFO] frust-perf raw n=869 total_us=16851 rebuild_us=515 layout_us=25 paint_us=42 encode_us=14 acquire_us=11526 submit_us=4728 skipped=0 gpu_q=1 gpu_total_us=4550 gpu_prepass_us=0 gpu_main_us=4550 gpu_composite_us=0 gpu_blit_us=0
[frust INFO] frust-perf img skipped=0 evicted=4 resident=60 budget=1024x1024x4
[frust INFO] frust-perf raw n=870 total_us=17721 rebuild_us=511 layout_us=25 paint_us=31 encode_us=10 acquire_us=11950 submit_us=5191 skipped=0 gpu_q=1 gpu_total_us=4631 gpu_prepass_us=0 gpu_main_us=4631 gpu_composite_us=0 gpu_blit_us=0
[frust INFO] frust-perf img skipped=0 evicted=3 resident=60 budget=1024x1024x4
[frust INFO] frust-perf raw n=871 total_us=16594 rebuild_us=466 layout_us=22 paint_us=34 encode_us=10 acquire_us=11352 submit_us=4708 skipped=0 gpu_q=1 gpu_total_us=4648 gpu_prepass_us=0 gpu_main_us=4648 gpu_composite_us=0 gpu_blit_us=0
[frust INFO] frust-perf img skipped=0 evicted=3 resident=60 budget=1024x1024x4
[frust INFO] frust-perf raw n=872 total_us=17301 rebuild_us=517 layout_us=27 paint_us=36 encode_us=11 acquire_us=11908 submit_us=4801 skipped=0 gpu_q=1 gpu_total_us=4628 gpu_prepass_us=0 gpu_main_us=4628 gpu_composite_us=0 gpu_blit_us=0
[frust INFO] frust-perf img skipped=0 evicted=3 resident=60 budget=1024x1024x4
[frust INFO] frust-perf raw n=873 total_us=17666 rebuild_us=546 layout_us=20 paint_us=38 encode_us=7 acquire_us=11986 submit_us=5067 skipped=0 gpu_q=1 gpu_total_us=4700 gpu_prepass_us=0 gpu_main_us=4700 gpu_composite_us=0 gpu_blit_us=0
[frust INFO] frust-perf img skipped=0 evicted=3 resident=60 budget=1024x1024x4
[frust INFO] frust-perf raw n=874 total_us=16726 rebuild_us=521 layout_us=30 paint_us=37 encode_us=17 acquire_us=11366 submit_us=4753 skipped=0 gpu_q=1 gpu_total_us=4666 gpu_prepass_us=0 gpu_main_us=4666 gpu_composite_us=0 gpu_blit_us=0
[frust INFO] frust-perf img skipped=0 evicted=4 resident=60 budget=1024x1024x4
[frust INFO] frust-perf raw n=875 total_us=17693 rebuild_us=466 layout_us=20 paint_us=36 encode_us=14 acquire_us=11866 submit_us=5288 skipped=0 gpu_q=1 gpu_total_us=4695 gpu_prepass_us=0 gpu_main_us=4695 gpu_composite_us=0 gpu_blit_us=0
[frust INFO] frust-perf img skipped=0 evicted=3 resident=60 budget=1024x1024x4
[frust INFO] frust-perf raw n=876 total_us=16551 rebuild_us=515 layout_us=25 paint_us=35 encode_us=11 acquire_us=11294 submit_us=4669 skipped=0 gpu_q=1 gpu_total_us=4531 gpu_prepass_us=0 gpu_main_us=4531 gpu_composite_us=0 gpu_blit_us=0
[frust INFO] frust-perf img skipped=0 evicted=3 resident=60 budget=1024x1024x4
[frust INFO] frust-perf raw n=877 total_us=16966 rebuild_us=518 layout_us=29 paint_us=29 encode_us=10 acquire_us=11903 submit_us=4475 skipped=0 gpu_q=1 gpu_total_us=4612 gpu_prepass_us=0 gpu_main_us=4612 gpu_composite_us=0 gpu_blit_us=0
[frust INFO] frust-perf img skipped=0 evicted=3 resident=60 budget=1024x1024x4
[frust INFO] frust-perf raw n=878 total_us=17300 rebuild_us=489 layout_us=23 paint_us=35 encode_us=10 acquire_us=12291 submit_us=4449 skipped=0 gpu_q=1 gpu_total_us=4636 gpu_prepass_us=0 gpu_main_us=4636 gpu_composite_us=0 gpu_blit_us=0
[frust INFO] frust-perf img skipped=0 evicted=3 resident=60 budget=1024x1024x4
[frust INFO] frust-perf raw n=879 total_us=17844 rebuild_us=519 layout_us=22 paint_us=35 encode_us=6 acquire_us=12039 submit_us=5220 skipped=0 gpu_q=1 gpu_total_us=4624 gpu_prepass_us=0 gpu_main_us=4624 gpu_composite_us=0 gpu_blit_us=0
[frust INFO] frust-perf img skipped=0 evicted=3 resident=60 budget=1024x1024x4
[frust INFO] frust-perf raw n=880 total_us=16939 rebuild_us=611 layout_us=23 paint_us=40 encode_us=8 acquire_us=11501 submit_us=4754 skipped=0 gpu_q=1 gpu_total_us=4659 gpu_prepass_us=0 gpu_main_us=4659 gpu_composite_us=0 gpu_blit_us=0
[frust INFO] frust-perf img skipped=0 evicted=4 resident=60 budget=1024x1024x4
[frust INFO] frust-perf raw n=881 total_us=17865 rebuild_us=516 layout_us=29 paint_us=36 encode_us=6 acquire_us=11701 submit_us=5574 skipped=0 gpu_q=1 gpu_total_us=4638 gpu_prepass_us=0 gpu_main_us=4638 gpu_composite_us=0 gpu_blit_us=0
[frust INFO] frust-perf img skipped=0 evicted=3 resident=60 budget=1024x1024x4
[frust INFO] frust-perf raw n=882 total_us=16652 rebuild_us=574 layout_us=28 paint_us=37 encode_us=13 acquire_us=11072 submit_us=4927 skipped=0 gpu_q=1 gpu_total_us=4571 gpu_prepass_us=0 gpu_main_us=4571 gpu_composite_us=0 gpu_blit_us=0
[frust INFO] frust-perf img skipped=0 evicted=3 resident=60 budget=1024x1024x4
[frust INFO] frust-perf raw n=883 total_us=16939 rebuild_us=485 layout_us=27 paint_us=33 encode_us=14 acquire_us=11884 submit_us=4493 skipped=0 gpu_q=1 gpu_total_us=4592 gpu_prepass_us=0 gpu_main_us=4592 gpu_composite_us=0 gpu_blit_us=0
[frust INFO] frust-perf img skipped=0 evicted=3 resident=60 budget=1024x1024x4
[frust INFO] frust-perf raw n=884 total_us=17721 rebuild_us=498 layout_us=25 paint_us=37 encode_us=5 acquire_us=11976 submit_us=5176 skipped=0 gpu_q=1 gpu_total_us=4489 gpu_prepass_us=0 gpu_main_us=4489 gpu_composite_us=0 gpu_blit_us=0
[frust INFO] frust-perf img skipped=0 evicted=3 resident=60 budget=1024x1024x4
[frust INFO] frust-perf raw n=885 total_us=17124 rebuild_us=600 layout_us=25 paint_us=32 encode_us=12 acquire_us=11485 submit_us=4967 skipped=0 gpu_q=1 gpu_total_us=4512 gpu_prepass_us=0 gpu_main_us=4512 gpu_composite_us=0 gpu_blit_us=0
[frust INFO] frust-perf img skipped=0 evicted=4 resident=60 budget=1024x1024x4
[frust INFO] frust-perf raw n=886 total_us=17516 rebuild_us=527 layout_us=21 paint_us=36 encode_us=15 acquire_us=11579 submit_us=5335 skipped=0 gpu_q=1 gpu_total_us=4650 gpu_prepass_us=0 gpu_main_us=4650 gpu_composite_us=0 gpu_blit_us=0
[frust INFO] frust-perf img skipped=0 evicted=3 resident=60 budget=1024x1024x4
[frust INFO] frust-perf raw n=887 total_us=16400 rebuild_us=487 layout_us=23 paint_us=39 encode_us=10 acquire_us=11255 submit_us=4584 skipped=0 gpu_q=1 gpu_total_us=4566 gpu_prepass_us=0 gpu_main_us=4566 gpu_composite_us=0 gpu_blit_us=0
[frust INFO] frust-perf img skipped=0 evicted=3 resident=60 budget=1024x1024x4
[frust INFO] frust-perf raw n=888 total_us=17655 rebuild_us=517 layout_us=28 paint_us=32 encode_us=10 acquire_us=12053 submit_us=5013 skipped=0 gpu_q=1 gpu_total_us=4752 gpu_prepass_us=0 gpu_main_us=4752 gpu_composite_us=0 gpu_blit_us=0
[frust INFO] frust-perf img skipped=0 evicted=3 resident=60 budget=1024x1024x4
[frust INFO] frust-perf raw n=889 total_us=17115 rebuild_us=514 layout_us=27 paint_us=35 encode_us=11 acquire_us=11674 submit_us=4851 skipped=0 gpu_q=1 gpu_total_us=4677 gpu_prepass_us=0 gpu_main_us=4677 gpu_composite_us=0 gpu_blit_us=0
[frust INFO] frust-perf img skipped=0 evicted=3 resident=60 budget=1024x1024x4
[frust INFO] frust-perf raw n=890 total_us=17132 rebuild_us=531 layout_us=27 paint_us=37 encode_us=10 acquire_us=11625 submit_us=4899 skipped=0 gpu_q=1 gpu_total_us=4605 gpu_prepass_us=0 gpu_main_us=4605 gpu_composite_us=0 gpu_blit_us=0
[frust INFO] frust-perf img skipped=0 evicted=4 resident=60 budget=1024x1024x4
[frust INFO] frust-perf raw n=891 total_us=17710 rebuild_us=552 layout_us=24 paint_us=37 encode_us=12 acquire_us=11627 submit_us=5456 skipped=0 gpu_q=1 gpu_total_us=4646 gpu_prepass_us=0 gpu_main_us=4646 gpu_composite_us=0 gpu_blit_us=0
[frust INFO] frust-perf img skipped=0 evicted=3 resident=60 budget=1024x1024x4
[frust INFO] frust-perf raw n=892 total_us=16813 rebuild_us=518 layout_us=29 paint_us=41 encode_us=10 acquire_us=11175 submit_us=5037 skipped=0 gpu_q=1 gpu_total_us=4621 gpu_prepass_us=0 gpu_main_us=4621 gpu_composite_us=0 gpu_blit_us=0
[frust INFO] frust-perf img skipped=0 evicted=3 resident=60 budget=1024x1024x4
[frust INFO] frust-perf raw n=893 total_us=17299 rebuild_us=549 layout_us=31 paint_us=35 encode_us=10 acquire_us=11611 submit_us=5062 skipped=0 gpu_q=1 gpu_total_us=4660 gpu_prepass_us=0 gpu_main_us=4660 gpu_composite_us=0 gpu_blit_us=0
[frust INFO] frust-perf img skipped=0 evicted=3 resident=60 budget=1024x1024x4
[frust INFO] frust-perf raw n=894 total_us=17320 rebuild_us=564 layout_us=25 paint_us=38 encode_us=11 acquire_us=11664 submit_us=5016 skipped=0 gpu_q=1 gpu_total_us=4637 gpu_prepass_us=0 gpu_main_us=4637 gpu_composite_us=0 gpu_blit_us=0
[frust INFO] frust-perf img skipped=0 evicted=3 resident=60 budget=1024x1024x4
[frust INFO] frust-perf raw n=895 total_us=16796 rebuild_us=562 layout_us=21 paint_us=38 encode_us=10 acquire_us=11413 submit_us=4750 skipped=0 gpu_q=1 gpu_total_us=4567 gpu_prepass_us=0 gpu_main_us=4567 gpu_composite_us=0 gpu_blit_us=0
[frust INFO] frust-perf img skipped=0 evicted=4 resident=60 budget=1024x1024x4
[frust INFO] frust-perf raw n=896 total_us=17548 rebuild_us=461 layout_us=27 paint_us=36 encode_us=11 acquire_us=11844 submit_us=5167 skipped=0 gpu_q=1 gpu_total_us=4709 gpu_prepass_us=0 gpu_main_us=4709 gpu_composite_us=0 gpu_blit_us=0
[frust INFO] frust-perf img skipped=0 evicted=3 resident=60 budget=1024x1024x4
[frust INFO] frust-perf raw n=897 total_us=16738 rebuild_us=492 layout_us=28 paint_us=39 encode_us=11 acquire_us=11463 submit_us=4702 skipped=0 gpu_q=1 gpu_total_us=4627 gpu_prepass_us=0 gpu_main_us=4627 gpu_composite_us=0 gpu_blit_us=0
[frust INFO] frust-perf img skipped=0 evicted=3 resident=60 budget=1024x1024x4
[frust INFO] frust-perf raw n=898 total_us=17259 rebuild_us=498 layout_us=20 paint_us=29 encode_us=10 acquire_us=11879 submit_us=4822 skipped=0 gpu_q=1 gpu_total_us=4661 gpu_prepass_us=0 gpu_main_us=4661 gpu_composite_us=0 gpu_blit_us=0
[frust INFO] frust-perf img skipped=0 evicted=3 resident=60 budget=1024x1024x4
[frust INFO] frust-perf raw n=899 total_us=17491 rebuild_us=514 layout_us=28 paint_us=28 encode_us=14 acquire_us=12017 submit_us=4887 skipped=0 gpu_q=1 gpu_total_us=4675 gpu_prepass_us=0 gpu_main_us=4675 gpu_composite_us=0 gpu_blit_us=0
[frust INFO] frust-perf img skipped=0 evicted=3 resident=60 budget=1024x1024x4
[frust INFO] frust-perf enc n=900 w=60 validate_us=4.2 prepare_us=4.8 classify_us=11.1 admit_us=0.5 walk_us=1447.8 glyphs_us=107.6 finish_us=3.0 compile_us=1528.2 schedule_us=4.9 paints_us=18.6 instances_us=76.7 resize_us=3.4 upload_us=1858.8 replay_us=0.7 pipelines_us=20.6 record_us=35.8 total_us=3543.0 total_p95_us=4006.8 draws=29 strips=2111 alphas=51696 glyph_draws=17 atlas_glyphs=17
[frust INFO] frust-perf raw n=900 total_us=17140 rebuild_us=562 layout_us=25 paint_us=37 encode_us=12 acquire_us=11509 submit_us=4992 skipped=0 gpu_q=1 gpu_total_us=4605 gpu_prepass_us=0 gpu_main_us=4605 gpu_composite_us=0 gpu_blit_us=0
[frust INFO] frust-perf img skipped=0 evicted=4 resident=60 budget=1024x1024x4
[frust INFO] frust-perf raw n=901 total_us=17729 rebuild_us=538 layout_us=27 paint_us=34 encode_us=15 acquire_us=11598 submit_us=5513 skipped=0 gpu_q=1 gpu_total_us=4625 gpu_prepass_us=0 gpu_main_us=4625 gpu_composite_us=0 gpu_blit_us=0
[frust INFO] frust-perf img skipped=0 evicted=3 resident=60 budget=1024x1024x4
[frust INFO] frust-perf raw n=902 total_us=16109 rebuild_us=520 layout_us=23 paint_us=41 encode_us=10 acquire_us=11096 submit_us=4417 skipped=0 gpu_q=1 gpu_total_us=4641 gpu_prepass_us=0 gpu_main_us=4641 gpu_composite_us=0 gpu_blit_us=0
[frust INFO] frust-perf img skipped=0 evicted=3 resident=60 budget=1024x1024x4
[frust INFO] frust-perf raw n=903 total_us=17813 rebuild_us=523 layout_us=21 paint_us=33 encode_us=6 acquire_us=12212 submit_us=5016 skipped=0 gpu_q=1 gpu_total_us=4666 gpu_prepass_us=0 gpu_main_us=4666 gpu_composite_us=0 gpu_blit_us=0
[frust INFO] frust-perf img skipped=0 evicted=3 resident=60 budget=1024x1024x4
[frust INFO] frust-perf raw n=904 total_us=17223 rebuild_us=540 layout_us=26 paint_us=29 encode_us=13 acquire_us=11738 submit_us=4874 skipped=0 gpu_q=1 gpu_total_us=4659 gpu_prepass_us=0 gpu_main_us=4659 gpu_composite_us=0 gpu_blit_us=0
[frust INFO] frust-perf img skipped=0 evicted=3 resident=60 budget=1024x1024x4
[frust INFO] frust-perf raw n=905 total_us=16935 rebuild_us=468 layout_us=23 paint_us=36 encode_us=14 acquire_us=11616 submit_us=4775 skipped=0 gpu_q=1 gpu_total_us=4605 gpu_prepass_us=0 gpu_main_us=4605 gpu_composite_us=0 gpu_blit_us=0
[frust INFO] frust-perf img skipped=0 evicted=4 resident=60 budget=1024x1024x4
[frust INFO] frust-perf raw n=906 total_us=17507 rebuild_us=560 layout_us=25 paint_us=35 encode_us=14 acquire_us=11701 submit_us=5171 skipped=0 gpu_q=1 gpu_total_us=4614 gpu_prepass_us=0 gpu_main_us=4614 gpu_composite_us=0 gpu_blit_us=0
[frust INFO] frust-perf img skipped=0 evicted=3 resident=60 budget=1024x1024x4
[frust INFO] frust-perf raw n=907 total_us=17162 rebuild_us=535 layout_us=23 paint_us=32 encode_us=15 acquire_us=11573 submit_us=4982 skipped=0 gpu_q=1 gpu_total_us=4714 gpu_prepass_us=0 gpu_main_us=4714 gpu_composite_us=0 gpu_blit_us=0
[frust INFO] frust-perf img skipped=0 evicted=3 resident=60 budget=1024x1024x4
[frust INFO] frust-perf raw n=908 total_us=17057 rebuild_us=494 layout_us=29 paint_us=32 encode_us=10 acquire_us=11600 submit_us=4890 skipped=0 gpu_q=1 gpu_total_us=4660 gpu_prepass_us=0 gpu_main_us=4660 gpu_composite_us=0 gpu_blit_us=0
[frust INFO] frust-perf img skipped=0 evicted=3 resident=60 budget=1024x1024x4
[frust INFO] frust-perf raw n=909 total_us=16873 rebuild_us=515 layout_us=28 paint_us=30 encode_us=10 acquire_us=11864 submit_us=4424 skipped=0 gpu_q=1 gpu_total_us=4668 gpu_prepass_us=0 gpu_main_us=4668 gpu_composite_us=0 gpu_blit_us=0
[frust INFO] frust-perf img skipped=0 evicted=3 resident=60 budget=1024x1024x4
[frust INFO] frust-perf raw n=910 total_us=17529 rebuild_us=502 layout_us=22 paint_us=30 encode_us=7 acquire_us=11965 submit_us=5001 skipped=0 gpu_q=1 gpu_total_us=4622 gpu_prepass_us=0 gpu_main_us=4622 gpu_composite_us=0 gpu_blit_us=0
[frust INFO] frust-perf img skipped=0 evicted=4 resident=60 budget=1024x1024x4
[frust INFO] frust-perf raw n=911 total_us=17517 rebuild_us=534 layout_us=28 paint_us=32 encode_us=13 acquire_us=11802 submit_us=5106 skipped=0 gpu_q=1 gpu_total_us=4656 gpu_prepass_us=0 gpu_main_us=4656 gpu_composite_us=0 gpu_blit_us=0
[frust INFO] frust-perf img skipped=0 evicted=3 resident=60 budget=1024x1024x4
[frust INFO] frust-perf raw n=912 total_us=16622 rebuild_us=494 layout_us=24 paint_us=31 encode_us=12 acquire_us=11340 submit_us=4718 skipped=0 gpu_q=1 gpu_total_us=4730 gpu_prepass_us=0 gpu_main_us=4730 gpu_composite_us=0 gpu_blit_us=0
[frust INFO] frust-perf img skipped=0 evicted=3 resident=60 budget=1024x1024x4
[frust INFO] frust-perf raw n=913 total_us=17153 rebuild_us=560 layout_us=27 paint_us=34 encode_us=11 acquire_us=11770 submit_us=4748 skipped=0 gpu_q=1 gpu_total_us=4538 gpu_prepass_us=0 gpu_main_us=4538 gpu_composite_us=0 gpu_blit_us=0
[frust INFO] frust-perf img skipped=0 evicted=3 resident=60 budget=1024x1024x4
[frust INFO] frust-perf raw n=914 total_us=17596 rebuild_us=494 layout_us=28 paint_us=34 encode_us=6 acquire_us=12037 submit_us=4994 skipped=0 gpu_q=1 gpu_total_us=4674 gpu_prepass_us=0 gpu_main_us=4674 gpu_composite_us=0 gpu_blit_us=0
[frust INFO] frust-perf img skipped=0 evicted=3 resident=60 budget=1024x1024x4
[frust INFO] frust-perf raw n=915 total_us=17099 rebuild_us=585 layout_us=22 paint_us=40 encode_us=14 acquire_us=11522 submit_us=4914 skipped=0 gpu_q=1 gpu_total_us=4621 gpu_prepass_us=0 gpu_main_us=4621 gpu_composite_us=0 gpu_blit_us=0
[frust INFO] frust-perf img skipped=0 evicted=4 resident=60 budget=1024x1024x4
[frust INFO] frust-perf raw n=916 total_us=17619 rebuild_us=511 layout_us=24 paint_us=28 encode_us=7 acquire_us=11929 submit_us=5117 skipped=0 gpu_q=1 gpu_total_us=4639 gpu_prepass_us=0 gpu_main_us=4639 gpu_composite_us=0 gpu_blit_us=0
[frust INFO] frust-perf img skipped=0 evicted=3 resident=60 budget=1024x1024x4
[frust INFO] frust-perf raw n=917 total_us=16913 rebuild_us=525 layout_us=28 paint_us=33 encode_us=7 acquire_us=11384 submit_us=4934 skipped=0 gpu_q=1 gpu_total_us=4699 gpu_prepass_us=0 gpu_main_us=4699 gpu_composite_us=0 gpu_blit_us=0
[frust INFO] frust-perf img skipped=0 evicted=3 resident=60 budget=1024x1024x4
[frust INFO] frust-perf raw n=918 total_us=16667 rebuild_us=592 layout_us=28 paint_us=36 encode_us=7 acquire_us=11604 submit_us=4398 skipped=0 gpu_q=1 gpu_total_us=4674 gpu_prepass_us=0 gpu_main_us=4674 gpu_composite_us=0 gpu_blit_us=0
[frust INFO] frust-perf img skipped=0 evicted=3 resident=60 budget=1024x1024x4
[frust INFO] frust-perf raw n=919 total_us=17832 rebuild_us=524 layout_us=23 paint_us=45 encode_us=6 acquire_us=12292 submit_us=4940 skipped=0 gpu_q=1 gpu_total_us=4539 gpu_prepass_us=0 gpu_main_us=4539 gpu_composite_us=0 gpu_blit_us=0
[frust INFO] frust-perf img skipped=0 evicted=3 resident=60 budget=1024x1024x4
[frust INFO] frust-perf raw n=920 total_us=17004 rebuild_us=564 layout_us=27 paint_us=36 encode_us=15 acquire_us=11888 submit_us=4471 skipped=0 gpu_q=1 gpu_total_us=4620 gpu_prepass_us=0 gpu_main_us=4620 gpu_composite_us=0 gpu_blit_us=0
[frust INFO] frust-perf img skipped=0 evicted=4 resident=60 budget=1024x1024x4
[frust INFO] frust-perf raw n=921 total_us=17526 rebuild_us=535 layout_us=26 paint_us=35 encode_us=7 acquire_us=11850 submit_us=5072 skipped=0 gpu_q=1 gpu_total_us=4702 gpu_prepass_us=0 gpu_main_us=4702 gpu_composite_us=0 gpu_blit_us=0
[frust INFO] frust-perf img skipped=0 evicted=3 resident=60 budget=1024x1024x4
[frust INFO] frust-perf raw n=922 total_us=17522 rebuild_us=528 layout_us=22 paint_us=38 encode_us=6 acquire_us=11666 submit_us=5259 skipped=0 gpu_q=1 gpu_total_us=4539 gpu_prepass_us=0 gpu_main_us=4539 gpu_composite_us=0 gpu_blit_us=0
[frust INFO] frust-perf img skipped=0 evicted=3 resident=60 budget=1024x1024x4
[frust INFO] frust-perf raw n=923 total_us=16858 rebuild_us=557 layout_us=28 paint_us=38 encode_us=7 acquire_us=11321 submit_us=4904 skipped=0 gpu_q=1 gpu_total_us=4644 gpu_prepass_us=0 gpu_main_us=4644 gpu_composite_us=0 gpu_blit_us=0
[frust INFO] frust-perf img skipped=0 evicted=3 resident=60 budget=1024x1024x4
[frust INFO] frust-perf raw n=924 total_us=17207 rebuild_us=546 layout_us=22 paint_us=31 encode_us=18 acquire_us=11659 submit_us=4928 skipped=0 gpu_q=1 gpu_total_us=4592 gpu_prepass_us=0 gpu_main_us=4592 gpu_composite_us=0 gpu_blit_us=0
[frust INFO] frust-perf img skipped=0 evicted=3 resident=60 budget=1024x1024x4
[frust INFO] frust-perf raw n=925 total_us=17616 rebuild_us=488 layout_us=21 paint_us=36 encode_us=13 acquire_us=11810 submit_us=5245 skipped=0 gpu_q=1 gpu_total_us=4653 gpu_prepass_us=0 gpu_main_us=4653 gpu_composite_us=0 gpu_blit_us=0
[frust INFO] frust-perf img skipped=0 evicted=4 resident=60 budget=1024x1024x4
[frust INFO] frust-perf raw n=926 total_us=17322 rebuild_us=531 layout_us=25 paint_us=29 encode_us=12 acquire_us=11168 submit_us=5554 skipped=0 gpu_q=1 gpu_total_us=4654 gpu_prepass_us=0 gpu_main_us=4654 gpu_composite_us=0 gpu_blit_us=0
[frust INFO] frust-perf img skipped=0 evicted=3 resident=60 budget=1024x1024x4
[frust INFO] frust-perf raw n=927 total_us=16532 rebuild_us=584 layout_us=28 paint_us=38 encode_us=11 acquire_us=11026 submit_us=4843 skipped=0 gpu_q=1 gpu_total_us=4624 gpu_prepass_us=0 gpu_main_us=4624 gpu_composite_us=0 gpu_blit_us=0
[frust INFO] frust-perf img skipped=0 evicted=3 resident=60 budget=1024x1024x4
[frust INFO] frust-perf raw n=928 total_us=17192 rebuild_us=594 layout_us=24 paint_us=36 encode_us=14 acquire_us=11869 submit_us=4653 skipped=0 gpu_q=1 gpu_total_us=4733 gpu_prepass_us=0 gpu_main_us=4733 gpu_composite_us=0 gpu_blit_us=0
[frust INFO] frust-perf img skipped=0 evicted=3 resident=60 budget=1024x1024x4
[frust INFO] frust-perf raw n=929 total_us=17834 rebuild_us=563 layout_us=29 paint_us=35 encode_us=6 acquire_us=12032 submit_us=5168 skipped=0 gpu_q=1 gpu_total_us=4807 gpu_prepass_us=0 gpu_main_us=4807 gpu_composite_us=0 gpu_blit_us=0
[frust INFO] frust-perf img skipped=0 evicted=3 resident=60 budget=1024x1024x4
[frust INFO] frust-perf raw n=930 total_us=17179 rebuild_us=602 layout_us=25 paint_us=40 encode_us=12 acquire_us=11472 submit_us=5025 skipped=0 gpu_q=1 gpu_total_us=4564 gpu_prepass_us=0 gpu_main_us=4564 gpu_composite_us=0 gpu_blit_us=0
[frust INFO] frust-perf img skipped=0 evicted=4 resident=60 budget=1024x1024x4
[frust INFO] frust-perf raw n=931 total_us=17406 rebuild_us=566 layout_us=27 paint_us=31 encode_us=6 acquire_us=11688 submit_us=5085 skipped=0 gpu_q=1 gpu_total_us=4627 gpu_prepass_us=0 gpu_main_us=4627 gpu_composite_us=0 gpu_blit_us=0
[frust INFO] frust-perf img skipped=0 evicted=3 resident=60 budget=1024x1024x4
[frust INFO] frust-perf raw n=932 total_us=17005 rebuild_us=620 layout_us=25 paint_us=44 encode_us=6 acquire_us=11679 submit_us=4629 skipped=0 gpu_q=1 gpu_total_us=4532 gpu_prepass_us=0 gpu_main_us=4532 gpu_composite_us=0 gpu_blit_us=0
[frust INFO] frust-perf img skipped=0 evicted=3 resident=60 budget=1024x1024x4
[frust INFO] frust-perf raw n=933 total_us=16901 rebuild_us=218 layout_us=10 paint_us=13 encode_us=7 acquire_us=11764 submit_us=4887 skipped=0 gpu_q=1 gpu_total_us=4811 gpu_prepass_us=0 gpu_main_us=4811 gpu_composite_us=0 gpu_blit_us=0
[frust INFO] frust-perf img skipped=0 evicted=3 resident=60 budget=1024x1024x4
[frust INFO] frust-perf raw n=934 total_us=17013 rebuild_us=800 layout_us=42 paint_us=37 encode_us=7 acquire_us=11705 submit_us=4420 skipped=0 gpu_q=1 gpu_total_us=4744 gpu_prepass_us=0 gpu_main_us=4744 gpu_composite_us=0 gpu_blit_us=0
[frust INFO] frust-perf img skipped=0 evicted=3 resident=60 budget=1024x1024x4
[frust INFO] frust-perf raw n=935 total_us=17618 rebuild_us=620 layout_us=31 paint_us=41 encode_us=5 acquire_us=12106 submit_us=4812 skipped=0 gpu_q=1 gpu_total_us=4563 gpu_prepass_us=0 gpu_main_us=4563 gpu_composite_us=0 gpu_blit_us=0
[frust INFO] frust-perf img skipped=0 evicted=3 resident=60 budget=1024x1024x4
[frust INFO] frust-perf raw n=936 total_us=17283 rebuild_us=593 layout_us=27 paint_us=38 encode_us=18 acquire_us=12026 submit_us=4579 skipped=0 gpu_q=1 gpu_total_us=4537 gpu_prepass_us=0 gpu_main_us=4537 gpu_composite_us=0 gpu_blit_us=0
[frust INFO] frust-perf img skipped=0 evicted=4 resident=60 budget=1024x1024x4
[frust INFO] frust-perf raw n=937 total_us=18184 rebuild_us=531 layout_us=27 paint_us=31 encode_us=6 acquire_us=11916 submit_us=5670 skipped=0 gpu_q=1 gpu_total_us=4555 gpu_prepass_us=0 gpu_main_us=4555 gpu_composite_us=0 gpu_blit_us=0
[frust INFO] frust-perf img skipped=0 evicted=3 resident=60 budget=1024x1024x4
[frust INFO] frust-perf raw n=938 total_us=16599 rebuild_us=564 layout_us=25 paint_us=36 encode_us=8 acquire_us=10938 submit_us=5025 skipped=0 gpu_q=1 gpu_total_us=4635 gpu_prepass_us=0 gpu_main_us=4635 gpu_composite_us=0 gpu_blit_us=0
[frust INFO] frust-perf img skipped=0 evicted=3 resident=60 budget=1024x1024x4
[frust INFO] frust-perf raw n=939 total_us=16948 rebuild_us=557 layout_us=27 paint_us=35 encode_us=7 acquire_us=11626 submit_us=4693 skipped=0 gpu_q=1 gpu_total_us=4586 gpu_prepass_us=0 gpu_main_us=4586 gpu_composite_us=0 gpu_blit_us=0
[frust INFO] frust-perf img skipped=0 evicted=3 resident=60 budget=1024x1024x4
[frust INFO] frust-perf raw n=940 total_us=17553 rebuild_us=545 layout_us=27 paint_us=41 encode_us=6 acquire_us=11886 submit_us=5044 skipped=0 gpu_q=1 gpu_total_us=4513 gpu_prepass_us=0 gpu_main_us=4513 gpu_composite_us=0 gpu_blit_us=0
[frust INFO] frust-perf img skipped=0 evicted=3 resident=60 budget=1024x1024x4
[frust INFO] frust-perf raw n=941 total_us=16930 rebuild_us=562 layout_us=28 paint_us=36 encode_us=14 acquire_us=11633 submit_us=4655 skipped=0 gpu_q=1 gpu_total_us=4546 gpu_prepass_us=0 gpu_main_us=4546 gpu_composite_us=0 gpu_blit_us=0
[frust INFO] frust-perf img skipped=0 evicted=4 resident=60 budget=1024x1024x4
[frust INFO] frust-perf raw n=942 total_us=17711 rebuild_us=478 layout_us=24 paint_us=36 encode_us=10 acquire_us=11812 submit_us=5349 skipped=0 gpu_q=1 gpu_total_us=4727 gpu_prepass_us=0 gpu_main_us=4727 gpu_composite_us=0 gpu_blit_us=0
[frust INFO] frust-perf img skipped=0 evicted=3 resident=60 budget=1024x1024x4
[frust INFO] frust-perf raw n=943 total_us=16597 rebuild_us=526 layout_us=29 paint_us=41 encode_us=11 acquire_us=11310 submit_us=4677 skipped=0 gpu_q=1 gpu_total_us=4542 gpu_prepass_us=0 gpu_main_us=4542 gpu_composite_us=0 gpu_blit_us=0
[frust INFO] frust-perf img skipped=0 evicted=3 resident=60 budget=1024x1024x4
[frust INFO] frust-perf raw n=944 total_us=17505 rebuild_us=563 layout_us=27 paint_us=33 encode_us=9 acquire_us=11860 submit_us=5010 skipped=0 gpu_q=1 gpu_total_us=4641 gpu_prepass_us=0 gpu_main_us=4641 gpu_composite_us=0 gpu_blit_us=0
[frust INFO] frust-perf img skipped=0 evicted=3 resident=60 budget=1024x1024x4
[frust INFO] frust-perf raw n=945 total_us=17178 rebuild_us=551 layout_us=27 paint_us=37 encode_us=14 acquire_us=11594 submit_us=4953 skipped=0 gpu_q=1 gpu_total_us=4650 gpu_prepass_us=0 gpu_main_us=4650 gpu_composite_us=0 gpu_blit_us=0
[frust INFO] frust-perf frame n=120 total_p50_ms=17 total_p95_ms=17 total_p99_ms=18 rebuild_p95_ms=0 layout_p95_ms=0 paint_p95_ms=0 encode_p95_ms=0 acquire_p95_ms=12 submit_p95_ms=5 over_60hz=828 over_120hz=936 skipped=0 total_frames=945
[frust INFO] frust-perf img skipped=0 evicted=3 resident=60 budget=1024x1024x4
[frust INFO] frust-perf raw n=946 total_us=16990 rebuild_us=514 layout_us=24 paint_us=34 encode_us=7 acquire_us=11790 submit_us=4618 skipped=0 gpu_q=1 gpu_total_us=4670 gpu_prepass_us=0 gpu_main_us=4670 gpu_composite_us=0 gpu_blit_us=0
[frust INFO] frust-perf img skipped=0 evicted=4 resident=60 budget=1024x1024x4
[frust INFO] frust-perf raw n=947 total_us=17876 rebuild_us=523 layout_us=25 paint_us=39 encode_us=7 acquire_us=11717 submit_us=5562 skipped=0 gpu_q=1 gpu_total_us=4611 gpu_prepass_us=0 gpu_main_us=4611 gpu_composite_us=0 gpu_blit_us=0
[frust INFO] frust-perf img skipped=0 evicted=3 resident=60 budget=1024x1024x4
[frust INFO] frust-perf raw n=948 total_us=16750 rebuild_us=569 layout_us=22 paint_us=30 encode_us=7 acquire_us=11075 submit_us=5045 skipped=0 gpu_q=1 gpu_total_us=4641 gpu_prepass_us=0 gpu_main_us=4641 gpu_composite_us=0 gpu_blit_us=0
[frust INFO] frust-perf img skipped=0 evicted=3 resident=60 budget=1024x1024x4
[frust INFO] frust-perf raw n=949 total_us=17468 rebuild_us=530 layout_us=19 paint_us=29 encode_us=6 acquire_us=11722 submit_us=5159 skipped=0 gpu_q=1 gpu_total_us=4643 gpu_prepass_us=0 gpu_main_us=4643 gpu_composite_us=0 gpu_blit_us=0
[frust INFO] frust-perf img skipped=0 evicted=3 resident=60 budget=1024x1024x4
[frust INFO] frust-perf raw n=950 total_us=16713 rebuild_us=576 layout_us=24 paint_us=32 encode_us=14 acquire_us=11331 submit_us=4734 skipped=0 gpu_q=1 gpu_total_us=4548 gpu_prepass_us=0 gpu_main_us=4548 gpu_composite_us=0 gpu_blit_us=0
[frust INFO] frust-perf img skipped=0 evicted=3 resident=60 budget=1024x1024x4
[frust INFO] frust-perf raw n=951 total_us=17113 rebuild_us=545 layout_us=30 paint_us=35 encode_us=11 acquire_us=11977 submit_us=4514 skipped=0 gpu_q=1 gpu_total_us=4484 gpu_prepass_us=0 gpu_main_us=4484 gpu_composite_us=0 gpu_blit_us=0
[frust INFO] frust-perf img skipped=0 evicted=4 resident=60 budget=1024x1024x4
[frust INFO] frust-perf raw n=952 total_us=18373 rebuild_us=530 layout_us=28 paint_us=31 encode_us=6 acquire_us=11993 submit_us=5782 skipped=0 gpu_q=1 gpu_total_us=4472 gpu_prepass_us=0 gpu_main_us=4472 gpu_composite_us=0 gpu_blit_us=0
[frust INFO] frust-perf img skipped=0 evicted=3 resident=60 budget=1024x1024x4
[frust INFO] frust-perf raw n=953 total_us=16446 rebuild_us=528 layout_us=23 paint_us=42 encode_us=7 acquire_us=10943 submit_us=4901 skipped=0 gpu_q=1 gpu_total_us=4622 gpu_prepass_us=0 gpu_main_us=4622 gpu_composite_us=0 gpu_blit_us=0
[frust INFO] frust-perf img skipped=0 evicted=3 resident=60 budget=1024x1024x4
[frust INFO] frust-perf raw n=954 total_us=16939 rebuild_us=585 layout_us=29 paint_us=35 encode_us=8 acquire_us=11609 submit_us=4671 skipped=0 gpu_q=1 gpu_total_us=4716 gpu_prepass_us=0 gpu_main_us=4716 gpu_composite_us=0 gpu_blit_us=0
[frust INFO] frust-perf img skipped=0 evicted=3 resident=60 budget=1024x1024x4
[frust INFO] frust-perf raw n=955 total_us=17801 rebuild_us=575 layout_us=29 paint_us=36 encode_us=6 acquire_us=12146 submit_us=5006 skipped=0 gpu_q=1 gpu_total_us=4626 gpu_prepass_us=0 gpu_main_us=4626 gpu_composite_us=0 gpu_blit_us=0
[frust INFO] frust-perf img skipped=0 evicted=3 resident=60 budget=1024x1024x4
[frust INFO] frust-perf raw n=956 total_us=16902 rebuild_us=560 layout_us=24 paint_us=36 encode_us=17 acquire_us=11449 submit_us=4814 skipped=0 gpu_q=1 gpu_total_us=4621 gpu_prepass_us=0 gpu_main_us=4621 gpu_composite_us=0 gpu_blit_us=0
[frust INFO] frust-perf img skipped=0 evicted=4 resident=60 budget=1024x1024x4
[frust INFO] frust-perf raw n=957 total_us=18317 rebuild_us=517 layout_us=23 paint_us=33 encode_us=8 acquire_us=11965 submit_us=5769 skipped=0 gpu_q=1 gpu_total_us=4652 gpu_prepass_us=0 gpu_main_us=4652 gpu_composite_us=0 gpu_blit_us=0
[frust INFO] frust-perf img skipped=0 evicted=3 resident=60 budget=1024x1024x4
[frust INFO] frust-perf raw n=958 total_us=16311 rebuild_us=563 layout_us=29 paint_us=41 encode_us=16 acquire_us=10750 submit_us=4910 skipped=0 gpu_q=1 gpu_total_us=4656 gpu_prepass_us=0 gpu_main_us=4656 gpu_composite_us=0 gpu_blit_us=0
[frust INFO] frust-perf img skipped=0 evicted=3 resident=60 budget=1024x1024x4
[frust INFO] frust-perf raw n=959 total_us=16811 rebuild_us=512 layout_us=25 paint_us=34 encode_us=10 acquire_us=11585 submit_us=4643 skipped=0 gpu_q=1 gpu_total_us=4707 gpu_prepass_us=0 gpu_main_us=4707 gpu_composite_us=0 gpu_blit_us=0
[frust INFO] frust-perf img skipped=0 evicted=3 resident=60 budget=1024x1024x4
[frust INFO] frust-perf enc n=960 w=60 validate_us=4.4 prepare_us=4.6 classify_us=10.9 admit_us=0.5 walk_us=1425.1 glyphs_us=105.3 finish_us=3.3 compile_us=1506.3 schedule_us=4.8 paints_us=18.6 instances_us=75.2 resize_us=3.3 upload_us=1785.3 replay_us=0.7 pipelines_us=20.6 record_us=36.6 total_us=3478.0 total_p95_us=4111.3 draws=29 strips=2111 alphas=51696 glyph_draws=17 atlas_glyphs=17
[frust INFO] frust-perf raw n=960 total_us=17702 rebuild_us=461 layout_us=20 paint_us=38 encode_us=14 acquire_us=12091 submit_us=5077 skipped=0 gpu_q=1 gpu_total_us=4672 gpu_prepass_us=0 gpu_main_us=4672 gpu_composite_us=0 gpu_blit_us=0
[frust INFO] frust-perf img skipped=0 evicted=3 resident=60 budget=1024x1024x4
[frust INFO] frust-perf raw n=961 total_us=17089 rebuild_us=519 layout_us=25 paint_us=40 encode_us=11 acquire_us=11523 submit_us=4969 skipped=0 gpu_q=1 gpu_total_us=4597 gpu_prepass_us=0 gpu_main_us=4597 gpu_composite_us=0 gpu_blit_us=0
[frust INFO] frust-perf img skipped=0 evicted=4 resident=60 budget=1024x1024x4
[frust INFO] frust-perf raw n=962 total_us=17857 rebuild_us=527 layout_us=25 paint_us=42 encode_us=11 acquire_us=11799 submit_us=5451 skipped=0 gpu_q=1 gpu_total_us=4646 gpu_prepass_us=0 gpu_main_us=4646 gpu_composite_us=0 gpu_blit_us=0
[frust INFO] frust-perf img skipped=0 evicted=3 resident=60 budget=1024x1024x4
[frust INFO] frust-perf raw n=963 total_us=16331 rebuild_us=539 layout_us=22 paint_us=41 encode_us=11 acquire_us=10906 submit_us=4809 skipped=0 gpu_q=1 gpu_total_us=4628 gpu_prepass_us=0 gpu_main_us=4628 gpu_composite_us=0 gpu_blit_us=0
[frust INFO] frust-perf img skipped=0 evicted=3 resident=60 budget=1024x1024x4
[frust INFO] frust-perf raw n=964 total_us=16985 rebuild_us=536 layout_us=27 paint_us=39 encode_us=10 acquire_us=11780 submit_us=4590 skipped=0 gpu_q=1 gpu_total_us=4673 gpu_prepass_us=0 gpu_main_us=4673 gpu_composite_us=0 gpu_blit_us=0
[frust INFO] frust-perf img skipped=0 evicted=3 resident=60 budget=1024x1024x4
[frust INFO] frust-perf raw n=965 total_us=17661 rebuild_us=541 layout_us=24 paint_us=33 encode_us=7 acquire_us=12079 submit_us=4974 skipped=0 gpu_q=1 gpu_total_us=4651 gpu_prepass_us=0 gpu_main_us=4651 gpu_composite_us=0 gpu_blit_us=0
[frust INFO] frust-perf img skipped=0 evicted=3 resident=60 budget=1024x1024x4
[frust INFO] frust-perf raw n=966 total_us=17018 rebuild_us=545 layout_us=29 paint_us=32 encode_us=13 acquire_us=11578 submit_us=4819 skipped=0 gpu_q=1 gpu_total_us=4631 gpu_prepass_us=0 gpu_main_us=4631 gpu_composite_us=0 gpu_blit_us=0
[frust INFO] frust-perf img skipped=0 evicted=4 resident=60 budget=1024x1024x4
[frust INFO] frust-perf raw n=967 total_us=18000 rebuild_us=519 layout_us=28 paint_us=31 encode_us=13 acquire_us=12047 submit_us=5359 skipped=0 gpu_q=1 gpu_total_us=4665 gpu_prepass_us=0 gpu_main_us=4665 gpu_composite_us=0 gpu_blit_us=0
[frust INFO] frust-perf img skipped=0 evicted=3 resident=60 budget=1024x1024x4
[frust INFO] frust-perf raw n=968 total_us=15861 rebuild_us=527 layout_us=29 paint_us=32 encode_us=14 acquire_us=10957 submit_us=4300 skipped=0 gpu_q=1 gpu_total_us=4680 gpu_prepass_us=0 gpu_main_us=4680 gpu_composite_us=0 gpu_blit_us=0
[frust INFO] frust-perf img skipped=0 evicted=3 resident=60 budget=1024x1024x4
[frust INFO] frust-perf raw n=969 total_us=17848 rebuild_us=544 layout_us=27 paint_us=35 encode_us=7 acquire_us=12435 submit_us=4798 skipped=0 gpu_q=1 gpu_total_us=4653 gpu_prepass_us=0 gpu_main_us=4653 gpu_composite_us=0 gpu_blit_us=0
[frust INFO] frust-perf img skipped=0 evicted=3 resident=60 budget=1024x1024x4
[frust INFO] frust-perf raw n=970 total_us=17079 rebuild_us=586 layout_us=27 paint_us=42 encode_us=6 acquire_us=11737 submit_us=4678 skipped=0 gpu_q=1 gpu_total_us=4636 gpu_prepass_us=0 gpu_main_us=4636 gpu_composite_us=0 gpu_blit_us=0
[frust INFO] frust-perf img skipped=0 evicted=3 resident=60 budget=1024x1024x4
[frust INFO] frust-perf raw n=971 total_us=17689 rebuild_us=599 layout_us=27 paint_us=35 encode_us=6 acquire_us=11946 submit_us=5072 skipped=0 gpu_q=1 gpu_total_us=4629 gpu_prepass_us=0 gpu_main_us=4629 gpu_composite_us=0 gpu_blit_us=0
[frust INFO] frust-perf img skipped=0 evicted=4 resident=60 budget=1024x1024x4
[frust INFO] frust-perf raw n=972 total_us=17647 rebuild_us=579 layout_us=27 paint_us=36 encode_us=10 acquire_us=11737 submit_us=5256 skipped=0 gpu_q=1 gpu_total_us=4550 gpu_prepass_us=0 gpu_main_us=4550 gpu_composite_us=0 gpu_blit_us=0
[frust INFO] frust-perf img skipped=0 evicted=3 resident=60 budget=1024x1024x4
[frust INFO] frust-perf raw n=973 total_us=15892 rebuild_us=533 layout_us=25 paint_us=40 encode_us=18 acquire_us=11077 submit_us=4196 skipped=0 gpu_q=1 gpu_total_us=4770 gpu_prepass_us=0 gpu_main_us=4770 gpu_composite_us=0 gpu_blit_us=0
[frust INFO] frust-perf img skipped=0 evicted=3 resident=60 budget=1024x1024x4
[frust INFO] frust-perf raw n=974 total_us=18190 rebuild_us=515 layout_us=28 paint_us=38 encode_us=6 acquire_us=12486 submit_us=5114 skipped=0 gpu_q=1 gpu_total_us=4532 gpu_prepass_us=0 gpu_main_us=4532 gpu_composite_us=0 gpu_blit_us=0
[frust INFO] frust-perf img skipped=0 evicted=3 resident=60 budget=1024x1024x4
[frust INFO] frust-perf raw n=975 total_us=17096 rebuild_us=639 layout_us=26 paint_us=43 encode_us=13 acquire_us=11436 submit_us=4936 skipped=0 gpu_q=1 gpu_total_us=4561 gpu_prepass_us=0 gpu_main_us=4561 gpu_composite_us=0 gpu_blit_us=0
[frust INFO] frust-perf img skipped=0 evicted=3 resident=60 budget=1024x1024x4
[frust INFO] frust-perf raw n=976 total_us=17457 rebuild_us=462 layout_us=23 paint_us=33 encode_us=13 acquire_us=11685 submit_us=5238 skipped=0 gpu_q=1 gpu_total_us=4610 gpu_prepass_us=0 gpu_main_us=4610 gpu_composite_us=0 gpu_blit_us=0
[frust INFO] frust-perf img skipped=0 evicted=4 resident=60 budget=1024x1024x4
[frust INFO] frust-perf raw n=977 total_us=17730 rebuild_us=515 layout_us=28 paint_us=39 encode_us=15 acquire_us=11602 submit_us=5529 skipped=0 gpu_q=1 gpu_total_us=4529 gpu_prepass_us=0 gpu_main_us=4529 gpu_composite_us=0 gpu_blit_us=0
[frust INFO] frust-perf img skipped=0 evicted=3 resident=60 budget=1024x1024x4
[frust INFO] frust-perf raw n=978 total_us=15942 rebuild_us=545 layout_us=27 paint_us=38 encode_us=11 acquire_us=10866 submit_us=4452 skipped=0 gpu_q=1 gpu_total_us=4670 gpu_prepass_us=0 gpu_main_us=4670 gpu_composite_us=0 gpu_blit_us=0
[frust INFO] frust-perf img skipped=0 evicted=3 resident=60 budget=1024x1024x4
[frust INFO] frust-perf raw n=979 total_us=17764 rebuild_us=501 layout_us=24 paint_us=35 encode_us=7 acquire_us=12192 submit_us=5003 skipped=0 gpu_q=1 gpu_total_us=4711 gpu_prepass_us=0 gpu_main_us=4711 gpu_composite_us=0 gpu_blit_us=0
[frust INFO] frust-perf img skipped=0 evicted=3 resident=60 budget=1024x1024x4
[frust INFO] frust-perf raw n=980 total_us=17206 rebuild_us=573 layout_us=27 paint_us=39 encode_us=7 acquire_us=11508 submit_us=5050 skipped=0 gpu_q=1 gpu_total_us=4756 gpu_prepass_us=0 gpu_main_us=4756 gpu_composite_us=0 gpu_blit_us=0
[frust INFO] frust-perf img skipped=0 evicted=3 resident=60 budget=1024x1024x4
[frust INFO] frust-perf raw n=981 total_us=17138 rebuild_us=556 layout_us=20 paint_us=35 encode_us=14 acquire_us=11579 submit_us=4931 skipped=0 gpu_q=1 gpu_total_us=4578 gpu_prepass_us=0 gpu_main_us=4578 gpu_composite_us=0 gpu_blit_us=0
[frust INFO] frust-perf img skipped=0 evicted=4 resident=60 budget=1024x1024x4
[frust INFO] frust-perf raw n=982 total_us=18295 rebuild_us=587 layout_us=29 paint_us=33 encode_us=14 acquire_us=12011 submit_us=5619 skipped=0 gpu_q=1 gpu_total_us=4536 gpu_prepass_us=0 gpu_main_us=4536 gpu_composite_us=0 gpu_blit_us=0
[frust INFO] frust-perf img skipped=0 evicted=3 resident=60 budget=1024x1024x4
[frust INFO] frust-perf raw n=983 total_us=15641 rebuild_us=470 layout_us=26 paint_us=34 encode_us=11 acquire_us=10632 submit_us=4465 skipped=0 gpu_q=1 gpu_total_us=4523 gpu_prepass_us=0 gpu_main_us=4523 gpu_composite_us=0 gpu_blit_us=0
[frust INFO] frust-perf img skipped=0 evicted=3 resident=60 budget=1024x1024x4
[frust INFO] frust-perf raw n=984 total_us=17821 rebuild_us=556 layout_us=29 paint_us=32 encode_us=10 acquire_us=12180 submit_us=5012 skipped=0 gpu_q=1 gpu_total_us=4644 gpu_prepass_us=0 gpu_main_us=4644 gpu_composite_us=0 gpu_blit_us=0
[frust INFO] frust-perf img skipped=0 evicted=3 resident=60 budget=1024x1024x4
[frust INFO] frust-perf raw n=985 total_us=17159 rebuild_us=516 layout_us=28 paint_us=35 encode_us=10 acquire_us=11643 submit_us=4926 skipped=0 gpu_q=1 gpu_total_us=4641 gpu_prepass_us=0 gpu_main_us=4641 gpu_composite_us=0 gpu_blit_us=0
[frust INFO] frust-perf img skipped=0 evicted=3 resident=60 budget=1024x1024x4
[frust INFO] frust-perf raw n=986 total_us=17675 rebuild_us=507 layout_us=25 paint_us=37 encode_us=10 acquire_us=11557 submit_us=5537 skipped=0 gpu_q=1 gpu_total_us=4662 gpu_prepass_us=0 gpu_main_us=4662 gpu_composite_us=0 gpu_blit_us=0
[frust INFO] frust-perf img skipped=0 evicted=3 resident=60 budget=1024x1024x4
[frust INFO] frust-perf raw n=987 total_us=16739 rebuild_us=519 layout_us=27 paint_us=37 encode_us=15 acquire_us=11248 submit_us=4890 skipped=0 gpu_q=1 gpu_total_us=4623 gpu_prepass_us=0 gpu_main_us=4623 gpu_composite_us=0 gpu_blit_us=0
[frust INFO] frust-perf img skipped=0 evicted=4 resident=60 budget=1024x1024x4
[frust INFO] frust-perf raw n=988 total_us=17455 rebuild_us=553 layout_us=30 paint_us=36 encode_us=9 acquire_us=11451 submit_us=5373 skipped=0 gpu_q=1 gpu_total_us=4639 gpu_prepass_us=0 gpu_main_us=4639 gpu_composite_us=0 gpu_blit_us=0
[frust INFO] frust-perf img skipped=0 evicted=3 resident=60 budget=1024x1024x4
[frust INFO] frust-perf raw n=989 total_us=16789 rebuild_us=514 layout_us=25 paint_us=36 encode_us=10 acquire_us=11309 submit_us=4892 skipped=0 gpu_q=1 gpu_total_us=4653 gpu_prepass_us=0 gpu_main_us=4653 gpu_composite_us=0 gpu_blit_us=0
[frust INFO] frust-perf img skipped=0 evicted=3 resident=60 budget=1024x1024x4
[frust INFO] frust-perf raw n=990 total_us=17102 rebuild_us=519 layout_us=28 paint_us=32 encode_us=13 acquire_us=11645 submit_us=4862 skipped=0 gpu_q=1 gpu_total_us=4654 gpu_prepass_us=0 gpu_main_us=4654 gpu_composite_us=0 gpu_blit_us=0
[frust INFO] frust-perf img skipped=0 evicted=3 resident=60 budget=1024x1024x4
[frust INFO] frust-perf raw n=991 total_us=17076 rebuild_us=522 layout_us=23 paint_us=36 encode_us=15 acquire_us=11701 submit_us=4777 skipped=0 gpu_q=1 gpu_total_us=4639 gpu_prepass_us=0 gpu_main_us=4639 gpu_composite_us=0 gpu_blit_us=0
[frust INFO] frust-perf img skipped=0 evicted=3 resident=60 budget=1024x1024x4
[frust INFO] frust-perf raw n=992 total_us=17559 rebuild_us=501 layout_us=28 paint_us=37 encode_us=13 acquire_us=12049 submit_us=4930 skipped=0 gpu_q=1 gpu_total_us=4632 gpu_prepass_us=0 gpu_main_us=4632 gpu_composite_us=0 gpu_blit_us=0
[frust INFO] frust-perf img skipped=0 evicted=4 resident=60 budget=1024x1024x4
[frust INFO] frust-perf raw n=993 total_us=17582 rebuild_us=521 layout_us=30 paint_us=36 encode_us=11 acquire_us=11416 submit_us=5566 skipped=0 gpu_q=1 gpu_total_us=4752 gpu_prepass_us=0 gpu_main_us=4752 gpu_composite_us=0 gpu_blit_us=0
[frust INFO] frust-perf img skipped=0 evicted=3 resident=60 budget=1024x1024x4
[frust INFO] frust-perf raw n=994 total_us=16595 rebuild_us=544 layout_us=28 paint_us=36 encode_us=10 acquire_us=11172 submit_us=4803 skipped=0 gpu_q=1 gpu_total_us=4686 gpu_prepass_us=0 gpu_main_us=4686 gpu_composite_us=0 gpu_blit_us=0
[frust INFO] frust-perf img skipped=0 evicted=3 resident=60 budget=1024x1024x4
[frust INFO] frust-perf raw n=995 total_us=17198 rebuild_us=544 layout_us=29 paint_us=38 encode_us=11 acquire_us=11695 submit_us=4879 skipped=0 gpu_q=1 gpu_total_us=4716 gpu_prepass_us=0 gpu_main_us=4716 gpu_composite_us=0 gpu_blit_us=0
[frust INFO] frust-perf img skipped=0 evicted=3 resident=60 budget=1024x1024x4
[frust INFO] frust-perf raw n=996 total_us=17230 rebuild_us=542 layout_us=29 paint_us=33 encode_us=10 acquire_us=11748 submit_us=4866 skipped=0 gpu_q=1 gpu_total_us=4636 gpu_prepass_us=0 gpu_main_us=4636 gpu_composite_us=0 gpu_blit_us=0
[frust INFO] frust-perf img skipped=0 evicted=3 resident=60 budget=1024x1024x4
[frust INFO] frust-perf raw n=997 total_us=17129 rebuild_us=521 layout_us=23 paint_us=31 encode_us=14 acquire_us=11917 submit_us=4619 skipped=0 gpu_q=1 gpu_total_us=4620 gpu_prepass_us=0 gpu_main_us=4620 gpu_composite_us=0 gpu_blit_us=0
[frust INFO] frust-perf img skipped=0 evicted=4 resident=60 budget=1024x1024x4
[frust INFO] frust-perf raw n=998 total_us=17670 rebuild_us=508 layout_us=28 paint_us=41 encode_us=10 acquire_us=11716 submit_us=5365 skipped=0 gpu_q=1 gpu_total_us=4720 gpu_prepass_us=0 gpu_main_us=4720 gpu_composite_us=0 gpu_blit_us=0
[frust INFO] frust-perf img skipped=0 evicted=3 resident=60 budget=1024x1024x4
[frust INFO] frust-perf raw n=999 total_us=16910 rebuild_us=522 layout_us=24 paint_us=32 encode_us=11 acquire_us=11290 submit_us=5028 skipped=0 gpu_q=1 gpu_total_us=4609 gpu_prepass_us=0 gpu_main_us=4609 gpu_composite_us=0 gpu_blit_us=0
[frust INFO] frust-perf img skipped=0 evicted=3 resident=60 budget=1024x1024x4
[frust INFO] frust-perf raw n=1000 total_us=17385 rebuild_us=544 layout_us=25 paint_us=35 encode_us=10 acquire_us=11584 submit_us=5185 skipped=0 gpu_q=1 gpu_total_us=4726 gpu_prepass_us=0 gpu_main_us=4726 gpu_composite_us=0 gpu_blit_us=0
[frust INFO] frust-perf img skipped=0 evicted=3 resident=60 budget=1024x1024x4
[frust INFO] frust-perf raw n=1001 total_us=16998 rebuild_us=557 layout_us=27 paint_us=37 encode_us=10 acquire_us=11489 submit_us=4874 skipped=0 gpu_q=1 gpu_total_us=4601 gpu_prepass_us=0 gpu_main_us=4601 gpu_composite_us=0 gpu_blit_us=0
[frust INFO] frust-perf img skipped=0 evicted=3 resident=60 budget=1024x1024x4
[frust INFO] frust-perf raw n=1002 total_us=17531 rebuild_us=581 layout_us=26 paint_us=36 encode_us=11 acquire_us=11919 submit_us=4955 skipped=0 gpu_q=1 gpu_total_us=4610 gpu_prepass_us=0 gpu_main_us=4610 gpu_composite_us=0 gpu_blit_us=0
[frust INFO] frust-perf img skipped=0 evicted=4 resident=60 budget=1024x1024x4
[frust INFO] frust-perf raw n=1003 total_us=17748 rebuild_us=575 layout_us=29 paint_us=32 encode_us=11 acquire_us=11499 submit_us=5599 skipped=0 gpu_q=1 gpu_total_us=4652 gpu_prepass_us=0 gpu_main_us=4652 gpu_composite_us=0 gpu_blit_us=0
[frust INFO] frust-perf img skipped=0 evicted=3 resident=60 budget=1024x1024x4
[frust INFO] frust-perf raw n=1004 total_us=16587 rebuild_us=610 layout_us=30 paint_us=38 encode_us=10 acquire_us=11022 submit_us=4874 skipped=0 gpu_q=1 gpu_total_us=4698 gpu_prepass_us=0 gpu_main_us=4698 gpu_composite_us=0 gpu_blit_us=0
[frust INFO] frust-perf img skipped=0 evicted=3 resident=60 budget=1024x1024x4
[frust INFO] frust-perf raw n=1005 total_us=17048 rebuild_us=575 layout_us=28 paint_us=38 encode_us=14 acquire_us=11545 submit_us=4846 skipped=0 gpu_q=1 gpu_total_us=4634 gpu_prepass_us=0 gpu_main_us=4634 gpu_composite_us=0 gpu_blit_us=0
[frust INFO] frust-perf img skipped=0 evicted=3 resident=60 budget=1024x1024x4
[frust INFO] frust-perf raw n=1006 total_us=17541 rebuild_us=540 layout_us=20 paint_us=31 encode_us=10 acquire_us=11811 submit_us=5126 skipped=0 gpu_q=1 gpu_total_us=4718 gpu_prepass_us=0 gpu_main_us=4718 gpu_composite_us=0 gpu_blit_us=0
[frust INFO] frust-perf img skipped=0 evicted=3 resident=60 budget=1024x1024x4
[frust INFO] frust-perf raw n=1007 total_us=17316 rebuild_us=585 layout_us=30 paint_us=35 encode_us=13 acquire_us=11545 submit_us=5105 skipped=0 gpu_q=1 gpu_total_us=4617 gpu_prepass_us=0 gpu_main_us=4617 gpu_composite_us=0 gpu_blit_us=0
[frust INFO] frust-perf img skipped=0 evicted=4 resident=60 budget=1024x1024x4
[frust INFO] frust-perf raw n=1008 total_us=17711 rebuild_us=569 layout_us=29 paint_us=41 encode_us=11 acquire_us=11472 submit_us=5587 skipped=0 gpu_q=1 gpu_total_us=4633 gpu_prepass_us=0 gpu_main_us=4633 gpu_composite_us=0 gpu_blit_us=0
[frust INFO] frust-perf img skipped=0 evicted=3 resident=60 budget=1024x1024x4
[frust INFO] frust-perf raw n=1009 total_us=16474 rebuild_us=600 layout_us=28 paint_us=33 encode_us=10 acquire_us=10958 submit_us=4841 skipped=0 gpu_q=1 gpu_total_us=4635 gpu_prepass_us=0 gpu_main_us=4635 gpu_composite_us=0 gpu_blit_us=0
[frust INFO] frust-perf img skipped=0 evicted=3 resident=60 budget=1024x1024x4
[frust INFO] frust-perf raw n=1010 total_us=17070 rebuild_us=570 layout_us=28 paint_us=40 encode_us=14 acquire_us=11877 submit_us=4539 skipped=0 gpu_q=1 gpu_total_us=4653 gpu_prepass_us=0 gpu_main_us=4653 gpu_composite_us=0 gpu_blit_us=0
[frust INFO] frust-perf img skipped=0 evicted=3 resident=60 budget=1024x1024x4
[frust INFO] frust-perf raw n=1011 total_us=17092 rebuild_us=513 layout_us=26 paint_us=33 encode_us=6 acquire_us=11912 submit_us=4600 skipped=0 gpu_q=1 gpu_total_us=4665 gpu_prepass_us=0 gpu_main_us=4665 gpu_composite_us=0 gpu_blit_us=0
[frust INFO] frust-perf img skipped=0 evicted=3 resident=60 budget=1024x1024x4
[frust INFO] frust-perf raw n=1012 total_us=17956 rebuild_us=586 layout_us=27 paint_us=35 encode_us=5 acquire_us=12040 submit_us=5259 skipped=0 gpu_q=1 gpu_total_us=4600 gpu_prepass_us=0 gpu_main_us=4600 gpu_composite_us=0 gpu_blit_us=0
[frust INFO] frust-perf img skipped=0 evicted=4 resident=60 budget=1024x1024x4
[frust INFO] frust-perf raw n=1013 total_us=17633 rebuild_us=575 layout_us=27 paint_us=36 encode_us=6 acquire_us=11640 submit_us=5345 skipped=0 gpu_q=1 gpu_total_us=4633 gpu_prepass_us=0 gpu_main_us=4633 gpu_composite_us=0 gpu_blit_us=0
[frust INFO] frust-perf img skipped=0 evicted=3 resident=60 budget=1024x1024x4
[frust INFO] frust-perf raw n=1014 total_us=16024 rebuild_us=580 layout_us=26 paint_us=33 encode_us=16 acquire_us=10971 submit_us=4396 skipped=0 gpu_q=1 gpu_total_us=4613 gpu_prepass_us=0 gpu_main_us=4613 gpu_composite_us=0 gpu_blit_us=0
[frust INFO] frust-perf img skipped=0 evicted=3 resident=60 budget=1024x1024x4
[frust INFO] frust-perf raw n=1015 total_us=17925 rebuild_us=557 layout_us=28 paint_us=32 encode_us=6 acquire_us=12243 submit_us=5057 skipped=0 gpu_q=1 gpu_total_us=4543 gpu_prepass_us=0 gpu_main_us=4543 gpu_composite_us=0 gpu_blit_us=0
[frust INFO] frust-perf img skipped=0 evicted=3 resident=60 budget=1024x1024x4
[frust INFO] frust-perf raw n=1016 total_us=17196 rebuild_us=579 layout_us=21 paint_us=36 encode_us=20 acquire_us=11569 submit_us=4968 skipped=0 gpu_q=1 gpu_total_us=4675 gpu_prepass_us=0 gpu_main_us=4675 gpu_composite_us=0 gpu_blit_us=0
[frust INFO] frust-perf img skipped=0 evicted=3 resident=60 budget=1024x1024x4
[frust INFO] frust-perf raw n=1017 total_us=16886 rebuild_us=539 layout_us=28 paint_us=38 encode_us=11 acquire_us=11679 submit_us=4589 skipped=0 gpu_q=1 gpu_total_us=4670 gpu_prepass_us=0 gpu_main_us=4670 gpu_composite_us=0 gpu_blit_us=0
[frust INFO] frust-perf img skipped=0 evicted=4 resident=60 budget=1024x1024x4
[frust INFO] frust-perf raw n=1018 total_us=18052 rebuild_us=478 layout_us=25 paint_us=30 encode_us=10 acquire_us=12188 submit_us=5319 skipped=0 gpu_q=1 gpu_total_us=4554 gpu_prepass_us=0 gpu_main_us=4554 gpu_composite_us=0 gpu_blit_us=0
[frust INFO] frust-perf img skipped=0 evicted=3 resident=60 budget=1024x1024x4
[frust INFO] frust-perf raw n=1019 total_us=16072 rebuild_us=496 layout_us=30 paint_us=36 encode_us=14 acquire_us=11082 submit_us=4412 skipped=0 gpu_q=1 gpu_total_us=4652 gpu_prepass_us=0 gpu_main_us=4652 gpu_composite_us=0 gpu_blit_us=0
[frust INFO] frust-perf img skipped=0 evicted=3 resident=60 budget=1024x1024x4
[frust INFO] frust-perf enc n=1020 w=60 validate_us=4.1 prepare_us=4.8 classify_us=11.0 admit_us=0.6 walk_us=1444.5 glyphs_us=105.1 finish_us=3.3 compile_us=1526.8 schedule_us=4.7 paints_us=18.3 instances_us=76.3 resize_us=3.4 upload_us=1839.7 replay_us=0.7 pipelines_us=19.8 record_us=35.9 total_us=3522.2 total_p95_us=4134.5 draws=29 strips=2111 alphas=51696 glyph_draws=17 atlas_glyphs=17
[frust INFO] frust-perf raw n=1020 total_us=17675 rebuild_us=521 layout_us=26 paint_us=32 encode_us=11 acquire_us=12230 submit_us=4852 skipped=0 gpu_q=1 gpu_total_us=4661 gpu_prepass_us=0 gpu_main_us=4661 gpu_composite_us=0 gpu_blit_us=0
[frust INFO] frust-perf img skipped=0 evicted=3 resident=60 budget=1024x1024x4
[frust INFO] frust-perf raw n=1021 total_us=17040 rebuild_us=510 layout_us=28 paint_us=28 encode_us=6 acquire_us=11799 submit_us=4668 skipped=0 gpu_q=1 gpu_total_us=4654 gpu_prepass_us=0 gpu_main_us=4654 gpu_composite_us=0 gpu_blit_us=0
[frust INFO] frust-perf img skipped=0 evicted=3 resident=60 budget=1024x1024x4
[frust INFO] frust-perf raw n=1022 total_us=17597 rebuild_us=573 layout_us=27 paint_us=37 encode_us=6 acquire_us=11909 submit_us=5043 skipped=0 gpu_q=1 gpu_total_us=4610 gpu_prepass_us=0 gpu_main_us=4610 gpu_composite_us=0 gpu_blit_us=0
[frust INFO] frust-perf img skipped=0 evicted=4 resident=60 budget=1024x1024x4
[frust INFO] frust-perf raw n=1023 total_us=17487 rebuild_us=611 layout_us=27 paint_us=37 encode_us=15 acquire_us=11526 submit_us=5268 skipped=0 gpu_q=1 gpu_total_us=4623 gpu_prepass_us=0 gpu_main_us=4623 gpu_composite_us=0 gpu_blit_us=0
[frust INFO] frust-perf img skipped=0 evicted=3 resident=60 budget=1024x1024x4
[frust INFO] frust-perf raw n=1024 total_us=16451 rebuild_us=482 layout_us=30 paint_us=37 encode_us=10 acquire_us=11340 submit_us=4550 skipped=0 gpu_q=1 gpu_total_us=4714 gpu_prepass_us=0 gpu_main_us=4714 gpu_composite_us=0 gpu_blit_us=0
[frust INFO] frust-perf img skipped=0 evicted=3 resident=60 budget=1024x1024x4
[frust INFO] frust-perf raw n=1025 total_us=17233 rebuild_us=525 layout_us=23 paint_us=32 encode_us=10 acquire_us=12081 submit_us=4560 skipped=0 gpu_q=1 gpu_total_us=4665 gpu_prepass_us=0 gpu_main_us=4665 gpu_composite_us=0 gpu_blit_us=0
[frust INFO] frust-perf img skipped=0 evicted=3 resident=60 budget=1024x1024x4
[frust INFO] frust-perf raw n=1026 total_us=16872 rebuild_us=503 layout_us=29 paint_us=31 encode_us=9 acquire_us=11945 submit_us=4353 skipped=0 gpu_q=1 gpu_total_us=4687 gpu_prepass_us=0 gpu_main_us=4687 gpu_composite_us=0 gpu_blit_us=0
[frust INFO] frust-perf img skipped=0 evicted=3 resident=60 budget=1024x1024x4
[frust INFO] frust-perf raw n=1027 total_us=18250 rebuild_us=560 layout_us=22 paint_us=40 encode_us=7 acquire_us=12324 submit_us=5294 skipped=0 gpu_q=1 gpu_total_us=4579 gpu_prepass_us=0 gpu_main_us=4579 gpu_composite_us=0 gpu_blit_us=0
[frust INFO] frust-perf img skipped=0 evicted=4 resident=60 budget=1024x1024x4
[frust INFO] frust-perf raw n=1028 total_us=17405 rebuild_us=612 layout_us=24 paint_us=41 encode_us=17 acquire_us=11333 submit_us=5376 skipped=0 gpu_q=1 gpu_total_us=4724 gpu_prepass_us=0 gpu_main_us=4724 gpu_composite_us=0 gpu_blit_us=0
[frust INFO] frust-perf img skipped=0 evicted=3 resident=60 budget=1024x1024x4
[frust INFO] frust-perf raw n=1029 total_us=16830 rebuild_us=548 layout_us=27 paint_us=36 encode_us=7 acquire_us=11437 submit_us=4774 skipped=0 gpu_q=1 gpu_total_us=4743 gpu_prepass_us=0 gpu_main_us=4743 gpu_composite_us=0 gpu_blit_us=0
[frust INFO] frust-perf img skipped=0 evicted=3 resident=60 budget=1024x1024x4
[frust INFO] frust-perf raw n=1030 total_us=17500 rebuild_us=586 layout_us=25 paint_us=38 encode_us=6 acquire_us=11745 submit_us=5097 skipped=0 gpu_q=1 gpu_total_us=4544 gpu_prepass_us=0 gpu_main_us=4544 gpu_composite_us=0 gpu_blit_us=0
[frust INFO] frust-perf img skipped=0 evicted=3 resident=60 budget=1024x1024x4
[frust INFO] frust-perf raw n=1031 total_us=16688 rebuild_us=558 layout_us=24 paint_us=36 encode_us=16 acquire_us=11419 submit_us=4633 skipped=0 gpu_q=1 gpu_total_us=4576 gpu_prepass_us=0 gpu_main_us=4576 gpu_composite_us=0 gpu_blit_us=0
[frust INFO] frust-perf img skipped=0 evicted=3 resident=60 budget=1024x1024x4
[frust INFO] frust-perf raw n=1032 total_us=17208 rebuild_us=466 layout_us=28 paint_us=38 encode_us=10 acquire_us=11998 submit_us=4666 skipped=0 gpu_q=1 gpu_total_us=4579 gpu_prepass_us=0 gpu_main_us=4579 gpu_composite_us=0 gpu_blit_us=0
[frust INFO] frust-perf img skipped=0 evicted=4 resident=60 budget=1024x1024x4
[frust INFO] frust-perf raw n=1033 total_us=18207 rebuild_us=484 layout_us=24 paint_us=34 encode_us=13 acquire_us=11896 submit_us=5754 skipped=0 gpu_q=1 gpu_total_us=4516 gpu_prepass_us=0 gpu_main_us=4516 gpu_composite_us=0 gpu_blit_us=0
[frust INFO] frust-perf img skipped=0 evicted=3 resident=60 budget=1024x1024x4
[frust INFO] frust-perf raw n=1034 total_us=16553 rebuild_us=532 layout_us=28 paint_us=37 encode_us=12 acquire_us=10865 submit_us=5076 skipped=0 gpu_q=1 gpu_total_us=4673 gpu_prepass_us=0 gpu_main_us=4673 gpu_composite_us=0 gpu_blit_us=0
[frust INFO] frust-perf img skipped=0 evicted=3 resident=60 budget=1024x1024x4
[frust INFO] frust-perf raw n=1035 total_us=17224 rebuild_us=503 layout_us=25 paint_us=31 encode_us=11 acquire_us=11576 submit_us=5076 skipped=0 gpu_q=1 gpu_total_us=4643 gpu_prepass_us=0 gpu_main_us=4643 gpu_composite_us=0 gpu_blit_us=0
[frust INFO] frust-perf img skipped=0 evicted=3 resident=60 budget=1024x1024x4
[frust INFO] frust-perf raw n=1036 total_us=17009 rebuild_us=527 layout_us=24 paint_us=30 encode_us=15 acquire_us=11452 submit_us=4958 skipped=0 gpu_q=1 gpu_total_us=4716 gpu_prepass_us=0 gpu_main_us=4716 gpu_composite_us=0 gpu_blit_us=0
[frust INFO] frust-perf img skipped=0 evicted=3 resident=60 budget=1024x1024x4
[frust INFO] frust-perf raw n=1037 total_us=16780 rebuild_us=512 layout_us=28 paint_us=39 encode_us=13 acquire_us=11618 submit_us=4568 skipped=0 gpu_q=1 gpu_total_us=4619 gpu_prepass_us=0 gpu_main_us=4619 gpu_composite_us=0 gpu_blit_us=0
[frust INFO] frust-perf img skipped=0 evicted=3 resident=60 budget=1024x1024x4
[frust INFO] frust-perf raw n=1038 total_us=17663 rebuild_us=535 layout_us=24 paint_us=40 encode_us=7 acquire_us=12101 submit_us=4953 skipped=0 gpu_q=1 gpu_total_us=4738 gpu_prepass_us=0 gpu_main_us=4738 gpu_composite_us=0 gpu_blit_us=0
[frust INFO] frust-perf img skipped=0 evicted=4 resident=60 budget=1024x1024x4
[frust INFO] frust-perf raw n=1039 total_us=17503 rebuild_us=542 layout_us=27 paint_us=36 encode_us=14 acquire_us=11507 submit_us=5375 skipped=0 gpu_q=1 gpu_total_us=4647 gpu_prepass_us=0 gpu_main_us=4647 gpu_composite_us=0 gpu_blit_us=0
[frust INFO] frust-perf img skipped=0 evicted=3 resident=60 budget=1024x1024x4
[frust INFO] frust-perf raw n=1040 total_us=16914 rebuild_us=500 layout_us=26 paint_us=38 encode_us=15 acquire_us=11406 submit_us=4927 skipped=0 gpu_q=1 gpu_total_us=4671 gpu_prepass_us=0 gpu_main_us=4671 gpu_composite_us=0 gpu_blit_us=0
[frust INFO] frust-perf img skipped=0 evicted=3 resident=60 budget=1024x1024x4
[frust INFO] frust-perf raw n=1041 total_us=16693 rebuild_us=508 layout_us=20 paint_us=31 encode_us=14 acquire_us=11580 submit_us=4536 skipped=0 gpu_q=1 gpu_total_us=4558 gpu_prepass_us=0 gpu_main_us=4558 gpu_composite_us=0 gpu_blit_us=0
[frust INFO] frust-perf img skipped=0 evicted=3 resident=60 budget=1024x1024x4
[frust INFO] frust-perf raw n=1042 total_us=17107 rebuild_us=500 layout_us=26 paint_us=34 encode_us=10 acquire_us=12044 submit_us=4491 skipped=0 gpu_q=1 gpu_total_us=4605 gpu_prepass_us=0 gpu_main_us=4605 gpu_composite_us=0 gpu_blit_us=0
[frust INFO] frust-perf img skipped=0 evicted=3 resident=60 budget=1024x1024x4
[frust INFO] frust-perf raw n=1043 total_us=17796 rebuild_us=527 layout_us=26 paint_us=36 encode_us=6 acquire_us=12231 submit_us=4968 skipped=0 gpu_q=1 gpu_total_us=4600 gpu_prepass_us=0 gpu_main_us=4600 gpu_composite_us=0 gpu_blit_us=0
[frust INFO] frust-perf img skipped=0 evicted=4 resident=60 budget=1024x1024x4
[frust INFO] frust-perf raw n=1044 total_us=17225 rebuild_us=543 layout_us=21 paint_us=32 encode_us=14 acquire_us=11554 submit_us=5059 skipped=0 gpu_q=1 gpu_total_us=4608 gpu_prepass_us=0 gpu_main_us=4608 gpu_composite_us=0 gpu_blit_us=0
[frust INFO] frust-perf img skipped=0 evicted=3 resident=60 budget=1024x1024x4
[frust INFO] frust-perf raw n=1045 total_us=16749 rebuild_us=496 layout_us=26 paint_us=32 encode_us=6 acquire_us=11598 submit_us=4588 skipped=0 gpu_q=1 gpu_total_us=4683 gpu_prepass_us=0 gpu_main_us=4683 gpu_composite_us=0 gpu_blit_us=0
[frust INFO] frust-perf img skipped=0 evicted=3 resident=60 budget=1024x1024x4
[frust INFO] frust-perf raw n=1046 total_us=17789 rebuild_us=532 layout_us=25 paint_us=41 encode_us=6 acquire_us=11982 submit_us=5200 skipped=0 gpu_q=1 gpu_total_us=4588 gpu_prepass_us=0 gpu_main_us=4588 gpu_composite_us=0 gpu_blit_us=0
[frust INFO] frust-perf img skipped=0 evicted=3 resident=60 budget=1024x1024x4
[frust INFO] frust-perf raw n=1047 total_us=17073 rebuild_us=603 layout_us=26 paint_us=35 encode_us=13 acquire_us=11459 submit_us=4935 skipped=0 gpu_q=1 gpu_total_us=4637 gpu_prepass_us=0 gpu_main_us=4637 gpu_composite_us=0 gpu_blit_us=0
[frust INFO] frust-perf img skipped=0 evicted=3 resident=60 budget=1024x1024x4
[frust INFO] frust-perf raw n=1048 total_us=16990 rebuild_us=522 layout_us=22 paint_us=32 encode_us=11 acquire_us=11687 submit_us=4713 skipped=0 gpu_q=1 gpu_total_us=4592 gpu_prepass_us=0 gpu_main_us=4592 gpu_composite_us=0 gpu_blit_us=0
[frust INFO] frust-perf img skipped=0 evicted=4 resident=60 budget=1024x1024x4
[frust INFO] frust-perf raw n=1049 total_us=17915 rebuild_us=487 layout_us=24 paint_us=28 encode_us=14 acquire_us=11924 submit_us=5436 skipped=0 gpu_q=1 gpu_total_us=4738 gpu_prepass_us=0 gpu_main_us=4738 gpu_composite_us=0 gpu_blit_us=0
[frust INFO] frust-perf img skipped=0 evicted=3 resident=60 budget=1024x1024x4
[frust INFO] frust-perf raw n=1050 total_us=16404 rebuild_us=564 layout_us=28 paint_us=36 encode_us=12 acquire_us=11132 submit_us=4630 skipped=0 gpu_q=1 gpu_total_us=4671 gpu_prepass_us=0 gpu_main_us=4671 gpu_composite_us=0 gpu_blit_us=0
[frust INFO] frust-perf img skipped=0 evicted=3 resident=60 budget=1024x1024x4
[frust INFO] frust-perf raw n=1051 total_us=17507 rebuild_us=570 layout_us=27 paint_us=33 encode_us=9 acquire_us=11965 submit_us=4900 skipped=0 gpu_q=1 gpu_total_us=4650 gpu_prepass_us=0 gpu_main_us=4650 gpu_composite_us=0 gpu_blit_us=0
[frust INFO] frust-perf img skipped=0 evicted=3 resident=60 budget=1024x1024x4
[frust INFO] frust-perf raw n=1052 total_us=17372 rebuild_us=522 layout_us=24 paint_us=35 encode_us=11 acquire_us=11722 submit_us=5056 skipped=0 gpu_q=1 gpu_total_us=4648 gpu_prepass_us=0 gpu_main_us=4648 gpu_composite_us=0 gpu_blit_us=0
[frust INFO] frust-perf img skipped=0 evicted=3 resident=60 budget=1024x1024x4
[frust INFO] frust-perf raw n=1053 total_us=16985 rebuild_us=524 layout_us=26 paint_us=32 encode_us=10 acquire_us=11541 submit_us=4850 skipped=0 gpu_q=1 gpu_total_us=4583 gpu_prepass_us=0 gpu_main_us=4583 gpu_composite_us=0 gpu_blit_us=0
[frust INFO] frust-perf img skipped=0 evicted=4 resident=60 budget=1024x1024x4
[frust INFO] frust-perf raw n=1054 total_us=17706 rebuild_us=508 layout_us=28 paint_us=33 encode_us=14 acquire_us=11777 submit_us=5344 skipped=0 gpu_q=1 gpu_total_us=4632 gpu_prepass_us=0 gpu_main_us=4632 gpu_composite_us=0 gpu_blit_us=0
[frust INFO] frust-perf img skipped=0 evicted=3 resident=60 budget=1024x1024x4
[frust INFO] frust-perf raw n=1055 total_us=16621 rebuild_us=493 layout_us=25 paint_us=35 encode_us=14 acquire_us=11477 submit_us=4574 skipped=0 gpu_q=1 gpu_total_us=4680 gpu_prepass_us=0 gpu_main_us=4680 gpu_composite_us=0 gpu_blit_us=0
[frust INFO] frust-perf img skipped=0 evicted=3 resident=60 budget=1024x1024x4
[frust INFO] frust-perf raw n=1056 total_us=17211 rebuild_us=524 layout_us=26 paint_us=33 encode_us=10 acquire_us=11745 submit_us=4871 skipped=0 gpu_q=1 gpu_total_us=4671 gpu_prepass_us=0 gpu_main_us=4671 gpu_composite_us=0 gpu_blit_us=0
[frust INFO] frust-perf img skipped=0 evicted=3 resident=60 budget=1024x1024x4
[frust INFO] frust-perf raw n=1057 total_us=17032 rebuild_us=505 layout_us=27 paint_us=31 encode_us=10 acquire_us=11747 submit_us=4710 skipped=0 gpu_q=1 gpu_total_us=4720 gpu_prepass_us=0 gpu_main_us=4720 gpu_composite_us=0 gpu_blit_us=0
[frust INFO] frust-perf img skipped=0 evicted=3 resident=60 budget=1024x1024x4
[frust INFO] frust-perf raw n=1058 total_us=17398 rebuild_us=516 layout_us=23 paint_us=33 encode_us=10 acquire_us=11817 submit_us=4997 skipped=0 gpu_q=1 gpu_total_us=4663 gpu_prepass_us=0 gpu_main_us=4663 gpu_composite_us=0 gpu_blit_us=0
[frust INFO] frust-perf img skipped=0 evicted=4 resident=60 budget=1024x1024x4
[frust INFO] frust-perf raw n=1059 total_us=17802 rebuild_us=539 layout_us=27 paint_us=37 encode_us=11 acquire_us=11791 submit_us=5395 skipped=0 gpu_q=1 gpu_total_us=4646 gpu_prepass_us=0 gpu_main_us=4646 gpu_composite_us=0 gpu_blit_us=0
[frust INFO] frust-perf img skipped=0 evicted=3 resident=60 budget=1024x1024x4
[frust INFO] frust-perf raw n=1060 total_us=16791 rebuild_us=501 layout_us=29 paint_us=38 encode_us=13 acquire_us=11081 submit_us=5127 skipped=0 gpu_q=1 gpu_total_us=4724 gpu_prepass_us=0 gpu_main_us=4724 gpu_composite_us=0 gpu_blit_us=0
[frust INFO] frust-perf img skipped=0 evicted=3 resident=60 budget=1024x1024x4
[frust INFO] frust-perf raw n=1061 total_us=16859 rebuild_us=510 layout_us=30 paint_us=32 encode_us=11 acquire_us=11394 submit_us=4879 skipped=0 gpu_q=1 gpu_total_us=4625 gpu_prepass_us=0 gpu_main_us=4625 gpu_composite_us=0 gpu_blit_us=0
[frust INFO] frust-perf img skipped=0 evicted=3 resident=60 budget=1024x1024x4
[frust INFO] frust-perf raw n=1062 total_us=17465 rebuild_us=536 layout_us=27 paint_us=31 encode_us=11 acquire_us=11825 submit_us=5033 skipped=0 gpu_q=1 gpu_total_us=4632 gpu_prepass_us=0 gpu_main_us=4632 gpu_composite_us=0 gpu_blit_us=0
[frust INFO] frust-perf frame n=120 total_p50_ms=17 total_p95_ms=18 total_p99_ms=18 rebuild_p95_ms=0 layout_p95_ms=0 paint_p95_ms=0 encode_p95_ms=0 acquire_p95_ms=12 submit_p95_ms=5 over_60hz=929 over_120hz=1053 skipped=0 total_frames=1062
[frust INFO] frust-perf img skipped=0 evicted=3 resident=60 budget=1024x1024x4
[frust INFO] frust-perf raw n=1063 total_us=16788 rebuild_us=502 layout_us=27 paint_us=37 encode_us=10 acquire_us=11370 submit_us=4839 skipped=0 gpu_q=1 gpu_total_us=4598 gpu_prepass_us=0 gpu_main_us=4598 gpu_composite_us=0 gpu_blit_us=0
[frust INFO] frust-perf img skipped=0 evicted=4 resident=60 budget=1024x1024x4
[frust INFO] frust-perf raw n=1064 total_us=17909 rebuild_us=481 layout_us=26 paint_us=37 encode_us=10 acquire_us=11830 submit_us=5523 skipped=0 gpu_q=1 gpu_total_us=4661 gpu_prepass_us=0 gpu_main_us=4661 gpu_composite_us=0 gpu_blit_us=0
[frust INFO] frust-perf img skipped=0 evicted=3 resident=60 budget=1024x1024x4
[frust INFO] frust-perf raw n=1065 total_us=16669 rebuild_us=518 layout_us=23 paint_us=39 encode_us=14 acquire_us=11106 submit_us=4967 skipped=0 gpu_q=1 gpu_total_us=4660 gpu_prepass_us=0 gpu_main_us=4660 gpu_composite_us=0 gpu_blit_us=0
[frust INFO] frust-perf img skipped=0 evicted=3 resident=60 budget=1024x1024x4
[frust INFO] frust-perf raw n=1066 total_us=17235 rebuild_us=560 layout_us=28 paint_us=33 encode_us=10 acquire_us=11613 submit_us=4989 skipped=0 gpu_q=1 gpu_total_us=4641 gpu_prepass_us=0 gpu_main_us=4641 gpu_composite_us=0 gpu_blit_us=0
[frust INFO] frust-perf img skipped=0 evicted=3 resident=60 budget=1024x1024x4
[frust INFO] frust-perf raw n=1067 total_us=17278 rebuild_us=522 layout_us=27 paint_us=40 encode_us=14 acquire_us=11592 submit_us=5080 skipped=0 gpu_q=1 gpu_total_us=4671 gpu_prepass_us=0 gpu_main_us=4671 gpu_composite_us=0 gpu_blit_us=0
[frust INFO] frust-perf img skipped=0 evicted=3 resident=60 budget=1024x1024x4
[frust INFO] frust-perf raw n=1068 total_us=17030 rebuild_us=539 layout_us=30 paint_us=34 encode_us=9 acquire_us=11548 submit_us=4867 skipped=0 gpu_q=1 gpu_total_us=4640 gpu_prepass_us=0 gpu_main_us=4640 gpu_composite_us=0 gpu_blit_us=0
[frust INFO] frust-perf img skipped=0 evicted=4 resident=60 budget=1024x1024x4
[frust INFO] frust-perf raw n=1069 total_us=17695 rebuild_us=533 layout_us=24 paint_us=34 encode_us=10 acquire_us=11665 submit_us=5426 skipped=0 gpu_q=1 gpu_total_us=4675 gpu_prepass_us=0 gpu_main_us=4675 gpu_composite_us=0 gpu_blit_us=0
[frust INFO] frust-perf img skipped=0 evicted=3 resident=60 budget=1024x1024x4
[frust INFO] frust-perf raw n=1070 total_us=16767 rebuild_us=549 layout_us=28 paint_us=36 encode_us=15 acquire_us=11248 submit_us=4888 skipped=0 gpu_q=1 gpu_total_us=4676 gpu_prepass_us=0 gpu_main_us=4676 gpu_composite_us=0 gpu_blit_us=0
[frust INFO] frust-perf img skipped=0 evicted=3 resident=60 budget=1024x1024x4
[frust INFO] frust-perf raw n=1071 total_us=17336 rebuild_us=563 layout_us=24 paint_us=38 encode_us=14 acquire_us=11698 submit_us=4996 skipped=0 gpu_q=1 gpu_total_us=4663 gpu_prepass_us=0 gpu_main_us=4663 gpu_composite_us=0 gpu_blit_us=0
[frust INFO] frust-perf img skipped=0 evicted=3 resident=60 budget=1024x1024x4
[frust INFO] frust-perf raw n=1072 total_us=17120 rebuild_us=529 layout_us=24 paint_us=39 encode_us=14 acquire_us=11564 submit_us=4946 skipped=0 gpu_q=1 gpu_total_us=4602 gpu_prepass_us=0 gpu_main_us=4602 gpu_composite_us=0 gpu_blit_us=0
[frust INFO] frust-perf img skipped=0 evicted=3 resident=60 budget=1024x1024x4
[frust INFO] frust-perf raw n=1073 total_us=17208 rebuild_us=491 layout_us=24 paint_us=38 encode_us=11 acquire_us=11729 submit_us=4913 skipped=0 gpu_q=1 gpu_total_us=4618 gpu_prepass_us=0 gpu_main_us=4618 gpu_composite_us=0 gpu_blit_us=0
[frust INFO] frust-perf img skipped=0 evicted=4 resident=60 budget=1024x1024x4
[frust INFO] frust-perf raw n=1074 total_us=17858 rebuild_us=566 layout_us=27 paint_us=33 encode_us=11 acquire_us=11654 submit_us=5565 skipped=0 gpu_q=1 gpu_total_us=4589 gpu_prepass_us=0 gpu_main_us=4589 gpu_composite_us=0 gpu_blit_us=0
[frust INFO] frust-perf img skipped=0 evicted=3 resident=60 budget=1024x1024x4
[frust INFO] frust-perf raw n=1075 total_us=16867 rebuild_us=573 layout_us=23 paint_us=37 encode_us=12 acquire_us=11024 submit_us=5197 skipped=0 gpu_q=1 gpu_total_us=4724 gpu_prepass_us=0 gpu_main_us=4724 gpu_composite_us=0 gpu_blit_us=0
[frust INFO] frust-perf img skipped=0 evicted=3 resident=60 budget=1024x1024x4
[frust INFO] frust-perf raw n=1076 total_us=16974 rebuild_us=553 layout_us=30 paint_us=37 encode_us=11 acquire_us=11344 submit_us=4996 skipped=0 gpu_q=1 gpu_total_us=4658 gpu_prepass_us=0 gpu_main_us=4658 gpu_composite_us=0 gpu_blit_us=0
[frust INFO] frust-perf img skipped=0 evicted=3 resident=60 budget=1024x1024x4
[frust INFO] frust-perf raw n=1077 total_us=17490 rebuild_us=564 layout_us=27 paint_us=36 encode_us=13 acquire_us=11623 submit_us=5225 skipped=0 gpu_q=1 gpu_total_us=4640 gpu_prepass_us=0 gpu_main_us=4640 gpu_composite_us=0 gpu_blit_us=0
[frust INFO] frust-perf img skipped=0 evicted=3 resident=60 budget=1024x1024x4
[frust INFO] frust-perf raw n=1078 total_us=17189 rebuild_us=590 layout_us=25 paint_us=34 encode_us=10 acquire_us=11477 submit_us=5049 skipped=0 gpu_q=1 gpu_total_us=4572 gpu_prepass_us=0 gpu_main_us=4572 gpu_composite_us=0 gpu_blit_us=0
[frust INFO] frust-perf img skipped=0 evicted=4 resident=60 budget=1024x1024x4
[frust INFO] frust-perf raw n=1079 total_us=17820 rebuild_us=583 layout_us=26 paint_us=38 encode_us=10 acquire_us=11471 submit_us=5689 skipped=0 gpu_q=1 gpu_total_us=4663 gpu_prepass_us=0 gpu_main_us=4663 gpu_composite_us=0 gpu_blit_us=0
[frust INFO] frust-perf img skipped=0 evicted=3 resident=60 budget=1024x1024x4
[frust INFO] frust-perf enc n=1080 w=60 validate_us=3.9 prepare_us=4.3 classify_us=11.0 admit_us=0.5 walk_us=1431.2 glyphs_us=107.7 finish_us=3.2 compile_us=1514.9 schedule_us=4.8 paints_us=18.2 instances_us=77.0 resize_us=3.3 upload_us=1859.7 replay_us=0.8 pipelines_us=19.8 record_us=37.1 total_us=3568.3 total_p95_us=4146.6 draws=29 strips=2111 alphas=51696 glyph_draws=17 atlas_glyphs=17
[frust INFO] frust-perf raw n=1080 total_us=16651 rebuild_us=575 layout_us=30 paint_us=39 encode_us=11 acquire_us=10769 submit_us=5225 skipped=0 gpu_q=1 gpu_total_us=4623 gpu_prepass_us=0 gpu_main_us=4623 gpu_composite_us=0 gpu_blit_us=0
[frust INFO] frust-perf img skipped=0 evicted=3 resident=60 budget=1024x1024x4
[frust INFO] frust-perf raw n=1081 total_us=17502 rebuild_us=581 layout_us=20 paint_us=39 encode_us=11 acquire_us=11807 submit_us=5041 skipped=0 gpu_q=1 gpu_total_us=4651 gpu_prepass_us=0 gpu_main_us=4651 gpu_composite_us=0 gpu_blit_us=0
[frust INFO] frust-perf img skipped=0 evicted=3 resident=60 budget=1024x1024x4
[frust INFO] frust-perf raw n=1082 total_us=17038 rebuild_us=573 layout_us=23 paint_us=33 encode_us=10 acquire_us=11333 submit_us=5063 skipped=0 gpu_q=1 gpu_total_us=4680 gpu_prepass_us=0 gpu_main_us=4680 gpu_composite_us=0 gpu_blit_us=0
[frust INFO] frust-perf img skipped=0 evicted=3 resident=60 budget=1024x1024x4
[frust INFO] frust-perf raw n=1083 total_us=16843 rebuild_us=535 layout_us=23 paint_us=33 encode_us=11 acquire_us=11526 submit_us=4712 skipped=0 gpu_q=1 gpu_total_us=4674 gpu_prepass_us=0 gpu_main_us=4674 gpu_composite_us=0 gpu_blit_us=0
[frust INFO] frust-perf img skipped=0 evicted=4 resident=60 budget=1024x1024x4
[frust INFO] frust-perf raw n=1084 total_us=17817 rebuild_us=585 layout_us=23 paint_us=34 encode_us=8 acquire_us=11823 submit_us=5342 skipped=0 gpu_q=1 gpu_total_us=4670 gpu_prepass_us=0 gpu_main_us=4670 gpu_composite_us=0 gpu_blit_us=0
[frust INFO] frust-perf img skipped=0 evicted=3 resident=60 budget=1024x1024x4
[frust INFO] frust-perf raw n=1085 total_us=16665 rebuild_us=595 layout_us=29 paint_us=43 encode_us=6 acquire_us=11336 submit_us=4653 skipped=0 gpu_q=1 gpu_total_us=4641 gpu_prepass_us=0 gpu_main_us=4641 gpu_composite_us=0 gpu_blit_us=0
[frust INFO] frust-perf img skipped=0 evicted=3 resident=60 budget=1024x1024x4
[frust INFO] frust-perf raw n=1086 total_us=17173 rebuild_us=615 layout_us=24 paint_us=35 encode_us=6 acquire_us=11972 submit_us=4519 skipped=0 gpu_q=1 gpu_total_us=4646 gpu_prepass_us=0 gpu_main_us=4646 gpu_composite_us=0 gpu_blit_us=0
[frust INFO] frust-perf img skipped=0 evicted=3 resident=60 budget=1024x1024x4
[frust INFO] frust-perf raw n=1087 total_us=17070 rebuild_us=553 layout_us=27 paint_us=31 encode_us=6 acquire_us=12044 submit_us=4406 skipped=0 gpu_q=1 gpu_total_us=4536 gpu_prepass_us=0 gpu_main_us=4536 gpu_composite_us=0 gpu_blit_us=0
[frust INFO] frust-perf img skipped=0 evicted=3 resident=60 budget=1024x1024x4
[frust INFO] frust-perf raw n=1088 total_us=17497 rebuild_us=547 layout_us=18 paint_us=30 encode_us=7 acquire_us=12564 submit_us=4328 skipped=0 gpu_q=1 gpu_total_us=4715 gpu_prepass_us=0 gpu_main_us=4715 gpu_composite_us=0 gpu_blit_us=0
[frust INFO] frust-perf img skipped=0 evicted=4 resident=60 budget=1024x1024x4
[frust INFO] frust-perf raw n=1089 total_us=17635 rebuild_us=210 layout_us=9 paint_us=12 encode_us=7 acquire_us=12248 submit_us=5146 skipped=0 gpu_q=1 gpu_total_us=4685 gpu_prepass_us=0 gpu_main_us=4685 gpu_composite_us=0 gpu_blit_us=0
[frust INFO] frust-perf img skipped=0 evicted=3 resident=60 budget=1024x1024x4
[frust INFO] frust-perf raw n=1090 total_us=16367 rebuild_us=196 layout_us=7 paint_us=11 encode_us=6 acquire_us=11572 submit_us=4571 skipped=0 gpu_q=1 gpu_total_us=4595 gpu_prepass_us=0 gpu_main_us=4595 gpu_composite_us=0 gpu_blit_us=0
[frust INFO] frust-perf img skipped=0 evicted=3 resident=60 budget=1024x1024x4
[frust INFO] frust-perf raw n=1091 total_us=16282 rebuild_us=198 layout_us=7 paint_us=11 encode_us=6 acquire_us=11966 submit_us=4091 skipped=0 gpu_q=1 gpu_total_us=4617 gpu_prepass_us=0 gpu_main_us=4617 gpu_composite_us=0 gpu_blit_us=0
[frust INFO] frust-perf img skipped=0 evicted=3 resident=60 budget=1024x1024x4
[frust INFO] frust-perf raw n=1092 total_us=17524 rebuild_us=197 layout_us=7 paint_us=11 encode_us=7 acquire_us=12415 submit_us=4885 skipped=0 gpu_q=1 gpu_total_us=4680 gpu_prepass_us=0 gpu_main_us=4680 gpu_composite_us=0 gpu_blit_us=0
[frust INFO] frust-perf img skipped=0 evicted=3 resident=60 budget=1024x1024x4
[frust INFO] frust-perf raw n=1093 total_us=16860 rebuild_us=723 layout_us=25 paint_us=40 encode_us=18 acquire_us=11587 submit_us=4464 skipped=0 gpu_q=1 gpu_total_us=4593 gpu_prepass_us=0 gpu_main_us=4593 gpu_composite_us=0 gpu_blit_us=0
[frust INFO] frust-perf img skipped=0 evicted=3 resident=60 budget=1024x1024x4
[frust INFO] frust-perf raw n=1094 total_us=17402 rebuild_us=551 layout_us=29 paint_us=34 encode_us=14 acquire_us=12229 submit_us=4542 skipped=0 gpu_q=1 gpu_total_us=4543 gpu_prepass_us=0 gpu_main_us=4543 gpu_composite_us=0 gpu_blit_us=0
[frust INFO] frust-perf img skipped=0 evicted=4 resident=60 budget=1024x1024x4
[frust INFO] frust-perf raw n=1095 total_us=18100 rebuild_us=526 layout_us=24 paint_us=40 encode_us=7 acquire_us=12112 submit_us=5388 skipped=0 gpu_q=1 gpu_total_us=4583 gpu_prepass_us=0 gpu_main_us=4583 gpu_composite_us=0 gpu_blit_us=0
[frust INFO] frust-perf img skipped=0 evicted=3 resident=60 budget=1024x1024x4
[frust INFO] frust-perf raw n=1096 total_us=16617 rebuild_us=544 layout_us=29 paint_us=41 encode_us=6 acquire_us=11250 submit_us=4744 skipped=0 gpu_q=1 gpu_total_us=4464 gpu_prepass_us=0 gpu_main_us=4464 gpu_composite_us=0 gpu_blit_us=0
[frust INFO] frust-perf img skipped=0 evicted=3 resident=60 budget=1024x1024x4
[frust INFO] frust-perf raw n=1097 total_us=17621 rebuild_us=572 layout_us=25 paint_us=42 encode_us=6 acquire_us=11785 submit_us=5188 skipped=0 gpu_q=1 gpu_total_us=4702 gpu_prepass_us=0 gpu_main_us=4702 gpu_composite_us=0 gpu_blit_us=0
[frust INFO] frust-perf img skipped=0 evicted=3 resident=60 budget=1024x1024x4
[frust INFO] frust-perf raw n=1098 total_us=16917 rebuild_us=597 layout_us=24 paint_us=38 encode_us=13 acquire_us=11449 submit_us=4794 skipped=0 gpu_q=1 gpu_total_us=4533 gpu_prepass_us=0 gpu_main_us=4533 gpu_composite_us=0 gpu_blit_us=0
[frust INFO] frust-perf img skipped=0 evicted=3 resident=60 budget=1024x1024x4
[frust INFO] frust-perf raw n=1099 total_us=17054 rebuild_us=467 layout_us=22 paint_us=27 encode_us=10 acquire_us=11748 submit_us=4778 skipped=0 gpu_q=1 gpu_total_us=4589 gpu_prepass_us=0 gpu_main_us=4589 gpu_composite_us=0 gpu_blit_us=0
[frust INFO] frust-perf img skipped=0 evicted=4 resident=60 budget=1024x1024x4
[frust INFO] frust-perf raw n=1100 total_us=17915 rebuild_us=482 layout_us=20 paint_us=32 encode_us=10 acquire_us=11841 submit_us=5529 skipped=0 gpu_q=1 gpu_total_us=4591 gpu_prepass_us=0 gpu_main_us=4591 gpu_composite_us=0 gpu_blit_us=0
[frust INFO] frust-perf img skipped=0 evicted=3 resident=60 budget=1024x1024x4
[frust INFO] frust-perf raw n=1101 total_us=16524 rebuild_us=539 layout_us=26 paint_us=37 encode_us=14 acquire_us=11039 submit_us=4867 skipped=0 gpu_q=1 gpu_total_us=4641 gpu_prepass_us=0 gpu_main_us=4641 gpu_composite_us=0 gpu_blit_us=0
[frust INFO] frust-perf img skipped=0 evicted=3 resident=60 budget=1024x1024x4
[frust INFO] frust-perf raw n=1102 total_us=17736 rebuild_us=515 layout_us=25 paint_us=32 encode_us=14 acquire_us=11822 submit_us=5326 skipped=0 gpu_q=1 gpu_total_us=4677 gpu_prepass_us=0 gpu_main_us=4677 gpu_composite_us=0 gpu_blit_us=0
[frust INFO] frust-perf img skipped=0 evicted=3 resident=60 budget=1024x1024x4
[frust INFO] frust-perf raw n=1103 total_us=16613 rebuild_us=518 layout_us=27 paint_us=37 encode_us=10 acquire_us=11233 submit_us=4786 skipped=0 gpu_q=1 gpu_total_us=4588 gpu_prepass_us=0 gpu_main_us=4588 gpu_composite_us=0 gpu_blit_us=0
[frust INFO] frust-perf img skipped=0 evicted=3 resident=60 budget=1024x1024x4
[frust INFO] frust-perf raw n=1104 total_us=17313 rebuild_us=588 layout_us=28 paint_us=33 encode_us=10 acquire_us=11829 submit_us=4822 skipped=0 gpu_q=1 gpu_total_us=4581 gpu_prepass_us=0 gpu_main_us=4581 gpu_composite_us=0 gpu_blit_us=0
[frust INFO] frust-perf img skipped=0 evicted=4 resident=60 budget=1024x1024x4
[frust INFO] frust-perf raw n=1105 total_us=17775 rebuild_us=537 layout_us=28 paint_us=33 encode_us=15 acquire_us=11754 submit_us=5405 skipped=0 gpu_q=1 gpu_total_us=4679 gpu_prepass_us=0 gpu_main_us=4679 gpu_composite_us=0 gpu_blit_us=0
[frust INFO] frust-perf img skipped=0 evicted=3 resident=60 budget=1024x1024x4
[frust INFO] frust-perf raw n=1106 total_us=16712 rebuild_us=540 layout_us=28 paint_us=37 encode_us=10 acquire_us=11207 submit_us=4887 skipped=0 gpu_q=1 gpu_total_us=4647 gpu_prepass_us=0 gpu_main_us=4647 gpu_composite_us=0 gpu_blit_us=0
[frust INFO] frust-perf img skipped=0 evicted=3 resident=60 budget=1024x1024x4
[frust INFO] frust-perf raw n=1107 total_us=17175 rebuild_us=518 layout_us=28 paint_us=39 encode_us=11 acquire_us=11707 submit_us=4870 skipped=0 gpu_q=1 gpu_total_us=4603 gpu_prepass_us=0 gpu_main_us=4603 gpu_composite_us=0 gpu_blit_us=0
[frust INFO] frust-perf img skipped=0 evicted=3 resident=60 budget=1024x1024x4
[frust INFO] frust-perf raw n=1108 total_us=17172 rebuild_us=551 layout_us=31 paint_us=32 encode_us=14 acquire_us=11828 submit_us=4715 skipped=0 gpu_q=1 gpu_total_us=4652 gpu_prepass_us=0 gpu_main_us=4652 gpu_composite_us=0 gpu_blit_us=0
[frust INFO] frust-perf img skipped=0 evicted=3 resident=60 budget=1024x1024x4
[frust INFO] frust-perf raw n=1109 total_us=17393 rebuild_us=529 layout_us=21 paint_us=30 encode_us=14 acquire_us=11805 submit_us=4993 skipped=0 gpu_q=1 gpu_total_us=4628 gpu_prepass_us=0 gpu_main_us=4628 gpu_composite_us=0 gpu_blit_us=0
[frust INFO] frust-perf img skipped=0 evicted=4 resident=60 budget=1024x1024x4
[frust INFO] frust-perf raw n=1110 total_us=17707 rebuild_us=534 layout_us=28 paint_us=38 encode_us=12 acquire_us=11610 submit_us=5483 skipped=0 gpu_q=1 gpu_total_us=4635 gpu_prepass_us=0 gpu_main_us=4635 gpu_composite_us=0 gpu_blit_us=0
[frust INFO] frust-perf img skipped=0 evicted=3 resident=60 budget=1024x1024x4
[frust INFO] frust-perf raw n=1111 total_us=16646 rebuild_us=539 layout_us=28 paint_us=36 encode_us=11 acquire_us=11128 submit_us=4902 skipped=0 gpu_q=1 gpu_total_us=4645 gpu_prepass_us=0 gpu_main_us=4645 gpu_composite_us=0 gpu_blit_us=0
[frust INFO] frust-perf img skipped=0 evicted=3 resident=60 budget=1024x1024x4
[frust INFO] frust-perf raw n=1112 total_us=17243 rebuild_us=531 layout_us=28 paint_us=39 encode_us=11 acquire_us=11658 submit_us=4975 skipped=0 gpu_q=1 gpu_total_us=4648 gpu_prepass_us=0 gpu_main_us=4648 gpu_composite_us=0 gpu_blit_us=0
[frust INFO] frust-perf img skipped=0 evicted=3 resident=60 budget=1024x1024x4
[frust INFO] frust-perf raw n=1113 total_us=17152 rebuild_us=544 layout_us=25 paint_us=37 encode_us=12 acquire_us=11607 submit_us=4925 skipped=0 gpu_q=1 gpu_total_us=4786 gpu_prepass_us=0 gpu_main_us=4786 gpu_composite_us=0 gpu_blit_us=0
[frust INFO] frust-perf img skipped=0 evicted=3 resident=60 budget=1024x1024x4
[frust INFO] frust-perf raw n=1114 total_us=17060 rebuild_us=498 layout_us=23 paint_us=35 encode_us=9 acquire_us=11674 submit_us=4818 skipped=0 gpu_q=1 gpu_total_us=4619 gpu_prepass_us=0 gpu_main_us=4619 gpu_composite_us=0 gpu_blit_us=0
[frust INFO] frust-perf img skipped=0 evicted=4 resident=60 budget=1024x1024x4
[frust INFO] frust-perf raw n=1115 total_us=17578 rebuild_us=541 layout_us=27 paint_us=38 encode_us=11 acquire_us=11754 submit_us=5206 skipped=0 gpu_q=1 gpu_total_us=4608 gpu_prepass_us=0 gpu_main_us=4608 gpu_composite_us=0 gpu_blit_us=0
[frust INFO] frust-perf img skipped=0 evicted=3 resident=60 budget=1024x1024x4
[frust INFO] frust-perf raw n=1116 total_us=16846 rebuild_us=522 layout_us=27 paint_us=35 encode_us=14 acquire_us=11473 submit_us=4773 skipped=0 gpu_q=1 gpu_total_us=4682 gpu_prepass_us=0 gpu_main_us=4682 gpu_composite_us=0 gpu_blit_us=0
[frust INFO] frust-perf img skipped=0 evicted=3 resident=60 budget=1024x1024x4
[frust INFO] frust-perf raw n=1117 total_us=17225 rebuild_us=465 layout_us=25 paint_us=30 encode_us=14 acquire_us=11819 submit_us=4870 skipped=0 gpu_q=1 gpu_total_us=4698 gpu_prepass_us=0 gpu_main_us=4698 gpu_composite_us=0 gpu_blit_us=0
[frust INFO] frust-perf img skipped=0 evicted=3 resident=60 budget=1024x1024x4
[frust INFO] frust-perf raw n=1118 total_us=17028 rebuild_us=504 layout_us=28 paint_us=41 encode_us=10 acquire_us=11697 submit_us=4747 skipped=0 gpu_q=1 gpu_total_us=4648 gpu_prepass_us=0 gpu_main_us=4648 gpu_composite_us=0 gpu_blit_us=0
[frust INFO] frust-perf img skipped=0 evicted=3 resident=60 budget=1024x1024x4
[frust INFO] frust-perf raw n=1119 total_us=17568 rebuild_us=523 layout_us=28 paint_us=37 encode_us=14 acquire_us=11939 submit_us=5024 skipped=0 gpu_q=1 gpu_total_us=4599 gpu_prepass_us=0 gpu_main_us=4599 gpu_composite_us=0 gpu_blit_us=0
[frust INFO] frust-perf img skipped=0 evicted=4 resident=60 budget=1024x1024x4
[frust INFO] frust-perf raw n=1120 total_us=17453 rebuild_us=500 layout_us=23 paint_us=35 encode_us=10 acquire_us=11541 submit_us=5342 skipped=0 gpu_q=1 gpu_total_us=4674 gpu_prepass_us=0 gpu_main_us=4674 gpu_composite_us=0 gpu_blit_us=0
[frust INFO] frust-perf img skipped=0 evicted=3 resident=60 budget=1024x1024x4
[frust INFO] frust-perf raw n=1121 total_us=16876 rebuild_us=488 layout_us=25 paint_us=39 encode_us=8 acquire_us=11473 submit_us=4841 skipped=0 gpu_q=1 gpu_total_us=4622 gpu_prepass_us=0 gpu_main_us=4622 gpu_composite_us=0 gpu_blit_us=0
[frust INFO] frust-perf img skipped=0 evicted=3 resident=60 budget=1024x1024x4
[frust INFO] frust-perf raw n=1122 total_us=17534 rebuild_us=609 layout_us=24 paint_us=36 encode_us=6 acquire_us=11700 submit_us=5156 skipped=0 gpu_q=1 gpu_total_us=4712 gpu_prepass_us=0 gpu_main_us=4712 gpu_composite_us=0 gpu_blit_us=0
[frust INFO] frust-perf img skipped=0 evicted=3 resident=60 budget=1024x1024x4
[frust INFO] frust-perf raw n=1123 total_us=16815 rebuild_us=593 layout_us=28 paint_us=35 encode_us=13 acquire_us=11281 submit_us=4861 skipped=0 gpu_q=1 gpu_total_us=4663 gpu_prepass_us=0 gpu_main_us=4663 gpu_composite_us=0 gpu_blit_us=0
[frust INFO] frust-perf img skipped=0 evicted=3 resident=60 budget=1024x1024x4
[frust INFO] frust-perf raw n=1124 total_us=17013 rebuild_us=504 layout_us=24 paint_us=38 encode_us=10 acquire_us=11661 submit_us=4775 skipped=0 gpu_q=1 gpu_total_us=4636 gpu_prepass_us=0 gpu_main_us=4636 gpu_composite_us=0 gpu_blit_us=0
[frust INFO] frust-perf img skipped=0 evicted=4 resident=60 budget=1024x1024x4
[frust INFO] frust-perf raw n=1125 total_us=17971 rebuild_us=505 layout_us=27 paint_us=32 encode_us=11 acquire_us=11981 submit_us=5413 skipped=0 gpu_q=1 gpu_total_us=4679 gpu_prepass_us=0 gpu_main_us=4679 gpu_composite_us=0 gpu_blit_us=0
[frust INFO] frust-perf img skipped=0 evicted=3 resident=60 budget=1024x1024x4
[frust INFO] frust-perf raw n=1126 total_us=16619 rebuild_us=491 layout_us=28 paint_us=41 encode_us=14 acquire_us=11339 submit_us=4704 skipped=0 gpu_q=1 gpu_total_us=4541 gpu_prepass_us=0 gpu_main_us=4541 gpu_composite_us=0 gpu_blit_us=0
[frust INFO] frust-perf img skipped=0 evicted=3 resident=60 budget=1024x1024x4
[frust INFO] frust-perf raw n=1127 total_us=17205 rebuild_us=489 layout_us=24 paint_us=31 encode_us=10 acquire_us=11775 submit_us=4874 skipped=0 gpu_q=1 gpu_total_us=4480 gpu_prepass_us=0 gpu_main_us=4480 gpu_composite_us=0 gpu_blit_us=0
[frust INFO] frust-perf img skipped=0 evicted=3 resident=60 budget=1024x1024x4
[frust INFO] frust-perf raw n=1128 total_us=16954 rebuild_us=511 layout_us=25 paint_us=40 encode_us=10 acquire_us=11623 submit_us=4743 skipped=0 gpu_q=1 gpu_total_us=4727 gpu_prepass_us=0 gpu_main_us=4727 gpu_composite_us=0 gpu_blit_us=0
[frust INFO] frust-perf img skipped=0 evicted=3 resident=60 budget=1024x1024x4
[frust INFO] frust-perf raw n=1129 total_us=17080 rebuild_us=545 layout_us=26 paint_us=33 encode_us=11 acquire_us=11899 submit_us=4565 skipped=0 gpu_q=1 gpu_total_us=4589 gpu_prepass_us=0 gpu_main_us=4589 gpu_composite_us=0 gpu_blit_us=0
[frust INFO] frust-perf img skipped=0 evicted=4 resident=60 budget=1024x1024x4
[frust INFO] frust-perf raw n=1130 total_us=18605 rebuild_us=630 layout_us=30 paint_us=37 encode_us=6 acquire_us=12169 submit_us=5730 skipped=0 gpu_q=1 gpu_total_us=4670 gpu_prepass_us=0 gpu_main_us=4670 gpu_composite_us=0 gpu_blit_us=0
[frust INFO] frust-perf img skipped=0 evicted=3 resident=60 budget=1024x1024x4
[frust INFO] frust-perf raw n=1131 total_us=16590 rebuild_us=643 layout_us=29 paint_us=41 encode_us=8 acquire_us=10768 submit_us=5098 skipped=0 gpu_q=1 gpu_total_us=4664 gpu_prepass_us=0 gpu_main_us=4664 gpu_composite_us=0 gpu_blit_us=0
[frust INFO] frust-perf img skipped=0 evicted=3 resident=60 budget=1024x1024x4
[frust INFO] frust-perf raw n=1132 total_us=17256 rebuild_us=655 layout_us=30 paint_us=40 encode_us=7 acquire_us=11769 submit_us=4753 skipped=0 gpu_q=1 gpu_total_us=4633 gpu_prepass_us=0 gpu_main_us=4633 gpu_composite_us=0 gpu_blit_us=0
[frust INFO] frust-perf img skipped=0 evicted=3 resident=60 budget=1024x1024x4
[frust INFO] frust-perf raw n=1133 total_us=16954 rebuild_us=632 layout_us=30 paint_us=37 encode_us=6 acquire_us=11641 submit_us=4605 skipped=0 gpu_q=1 gpu_total_us=4494 gpu_prepass_us=0 gpu_main_us=4494 gpu_composite_us=0 gpu_blit_us=0
[frust INFO] frust-perf img skipped=0 evicted=3 resident=60 budget=1024x1024x4
[frust INFO] frust-perf raw n=1134 total_us=17718 rebuild_us=629 layout_us=29 paint_us=37 encode_us=6 acquire_us=12105 submit_us=4909 skipped=0 gpu_q=1 gpu_total_us=4676 gpu_prepass_us=0 gpu_main_us=4676 gpu_composite_us=0 gpu_blit_us=0
[frust INFO] frust-perf img skipped=0 evicted=4 resident=60 budget=1024x1024x4
[frust INFO] frust-perf raw n=1135 total_us=17406 rebuild_us=631 layout_us=29 paint_us=48 encode_us=7 acquire_us=11657 submit_us=5032 skipped=0 gpu_q=1 gpu_total_us=4616 gpu_prepass_us=0 gpu_main_us=4616 gpu_composite_us=0 gpu_blit_us=0
[frust INFO] frust-perf img skipped=0 evicted=3 resident=60 budget=1024x1024x4
[frust INFO] frust-perf raw n=1136 total_us=16730 rebuild_us=547 layout_us=27 paint_us=36 encode_us=5 acquire_us=11628 submit_us=4485 skipped=0 gpu_q=1 gpu_total_us=4543 gpu_prepass_us=0 gpu_main_us=4543 gpu_composite_us=0 gpu_blit_us=0
[frust INFO] frust-perf img skipped=0 evicted=3 resident=60 budget=1024x1024x4
[frust INFO] frust-perf raw n=1137 total_us=17680 rebuild_us=609 layout_us=23 paint_us=40 encode_us=6 acquire_us=12391 submit_us=4608 skipped=0 gpu_q=1 gpu_total_us=4641 gpu_prepass_us=0 gpu_main_us=4641 gpu_composite_us=0 gpu_blit_us=0
[frust INFO] frust-perf img skipped=0 evicted=3 resident=60 budget=1024x1024x4
[frust INFO] frust-perf raw n=1138 total_us=17046 rebuild_us=589 layout_us=18 paint_us=33 encode_us=6 acquire_us=11751 submit_us=4647 skipped=0 gpu_q=1 gpu_total_us=4555 gpu_prepass_us=0 gpu_main_us=4555 gpu_composite_us=0 gpu_blit_us=0
[frust INFO] frust-perf img skipped=0 evicted=3 resident=60 budget=1024x1024x4
[frust INFO] frust-perf raw n=1139 total_us=16964 rebuild_us=509 layout_us=24 paint_us=33 encode_us=13 acquire_us=11897 submit_us=4485 skipped=0 gpu_q=1 gpu_total_us=4613 gpu_prepass_us=0 gpu_main_us=4613 gpu_composite_us=0 gpu_blit_us=0
[frust INFO] frust-perf img skipped=0 evicted=4 resident=60 budget=1024x1024x4
[frust INFO] frust-perf enc n=1140 w=60 validate_us=4.3 prepare_us=4.3 classify_us=10.9 admit_us=0.5 walk_us=1414.8 glyphs_us=107.8 finish_us=3.1 compile_us=1485.3 schedule_us=4.9 paints_us=18.8 instances_us=74.8 resize_us=3.6 upload_us=1836.3 replay_us=0.7 pipelines_us=18.7 record_us=35.8 total_us=3480.4 total_p95_us=4100.6 draws=29 strips=2111 alphas=51696 glyph_draws=17 atlas_glyphs=17
[frust INFO] frust-perf raw n=1140 total_us=17558 rebuild_us=529 layout_us=27 paint_us=40 encode_us=10 acquire_us=12205 submit_us=4744 skipped=0 gpu_q=1 gpu_total_us=4738 gpu_prepass_us=0 gpu_main_us=4738 gpu_composite_us=0 gpu_blit_us=0
[frust INFO] frust-perf img skipped=0 evicted=3 resident=60 budget=1024x1024x4
[frust INFO] frust-perf raw n=1141 total_us=17524 rebuild_us=527 layout_us=27 paint_us=39 encode_us=6 acquire_us=11805 submit_us=5117 skipped=0 gpu_q=1 gpu_total_us=4589 gpu_prepass_us=0 gpu_main_us=4589 gpu_composite_us=0 gpu_blit_us=0
[frust INFO] frust-perf img skipped=0 evicted=3 resident=60 budget=1024x1024x4
[frust INFO] frust-perf raw n=1142 total_us=17034 rebuild_us=634 layout_us=25 paint_us=35 encode_us=12 acquire_us=11509 submit_us=4816 skipped=0 gpu_q=1 gpu_total_us=4625 gpu_prepass_us=0 gpu_main_us=4625 gpu_composite_us=0 gpu_blit_us=0
[frust INFO] frust-perf img skipped=0 evicted=3 resident=60 budget=1024x1024x4
[frust INFO] frust-perf raw n=1143 total_us=17222 rebuild_us=509 layout_us=27 paint_us=34 encode_us=7 acquire_us=11837 submit_us=4805 skipped=0 gpu_q=1 gpu_total_us=4648 gpu_prepass_us=0 gpu_main_us=4648 gpu_composite_us=0 gpu_blit_us=0
[frust INFO] frust-perf img skipped=0 evicted=3 resident=60 budget=1024x1024x4
[frust INFO] frust-perf raw n=1144 total_us=17436 rebuild_us=550 layout_us=24 paint_us=37 encode_us=14 acquire_us=12110 submit_us=4699 skipped=0 gpu_q=1 gpu_total_us=4574 gpu_prepass_us=0 gpu_main_us=4574 gpu_composite_us=0 gpu_blit_us=0
[frust INFO] frust-perf img skipped=0 evicted=3 resident=60 budget=1024x1024x4
[frust INFO] frust-perf raw n=1145 total_us=17053 rebuild_us=487 layout_us=28 paint_us=37 encode_us=11 acquire_us=11653 submit_us=4835 skipped=0 gpu_q=1 gpu_total_us=4519 gpu_prepass_us=0 gpu_main_us=4519 gpu_composite_us=0 gpu_blit_us=0
[frust INFO] frust-perf img skipped=0 evicted=4 resident=60 budget=1024x1024x4
[frust INFO] frust-perf raw n=1146 total_us=17705 rebuild_us=549 layout_us=29 paint_us=36 encode_us=60 acquire_us=11582 submit_us=5446 skipped=0 gpu_q=1 gpu_total_us=4546 gpu_prepass_us=0 gpu_main_us=4546 gpu_composite_us=0 gpu_blit_us=0
[frust INFO] frust-perf img skipped=0 evicted=3 resident=60 budget=1024x1024x4
[frust INFO] frust-perf raw n=1147 total_us=17303 rebuild_us=548 layout_us=25 paint_us=33 encode_us=10 acquire_us=11276 submit_us=5409 skipped=0 gpu_q=1 gpu_total_us=4614 gpu_prepass_us=0 gpu_main_us=4614 gpu_composite_us=0 gpu_blit_us=0
[frust INFO] frust-perf img skipped=0 evicted=3 resident=60 budget=1024x1024x4
[frust INFO] frust-perf raw n=1148 total_us=16617 rebuild_us=522 layout_us=21 paint_us=28 encode_us=11 acquire_us=11190 submit_us=4843 skipped=0 gpu_q=1 gpu_total_us=4722 gpu_prepass_us=0 gpu_main_us=4722 gpu_composite_us=0 gpu_blit_us=0
[frust INFO] frust-perf img skipped=0 evicted=3 resident=60 budget=1024x1024x4
[frust INFO] frust-perf raw n=1149 total_us=17489 rebuild_us=565 layout_us=24 paint_us=40 encode_us=11 acquire_us=11964 submit_us=4884 skipped=0 gpu_q=1 gpu_total_us=4595 gpu_prepass_us=0 gpu_main_us=4595 gpu_composite_us=0 gpu_blit_us=0
[frust INFO] frust-perf img skipped=0 evicted=3 resident=60 budget=1024x1024x4
[frust INFO] frust-perf raw n=1150 total_us=16952 rebuild_us=509 layout_us=24 paint_us=29 encode_us=11 acquire_us=11563 submit_us=4815 skipped=0 gpu_q=1 gpu_total_us=4631 gpu_prepass_us=0 gpu_main_us=4631 gpu_composite_us=0 gpu_blit_us=0
[frust INFO] frust-perf img skipped=0 evicted=4 resident=60 budget=1024x1024x4
[frust INFO] frust-perf raw n=1151 total_us=17404 rebuild_us=513 layout_us=24 paint_us=41 encode_us=11 acquire_us=11695 submit_us=5118 skipped=0 gpu_q=1 gpu_total_us=4721 gpu_prepass_us=0 gpu_main_us=4721 gpu_composite_us=0 gpu_blit_us=0
[frust INFO] frust-perf img skipped=0 evicted=3 resident=60 budget=1024x1024x4
[frust INFO] frust-perf raw n=1152 total_us=16914 rebuild_us=551 layout_us=25 paint_us=33 encode_us=6 acquire_us=11585 submit_us=4712 skipped=0 gpu_q=1 gpu_total_us=4704 gpu_prepass_us=0 gpu_main_us=4704 gpu_composite_us=0 gpu_blit_us=0
[frust INFO] frust-perf img skipped=0 evicted=3 resident=60 budget=1024x1024x4
[frust INFO] frust-perf raw n=1153 total_us=17902 rebuild_us=635 layout_us=27 paint_us=36 encode_us=7 acquire_us=11904 submit_us=5291 skipped=0 gpu_q=1 gpu_total_us=4707 gpu_prepass_us=0 gpu_main_us=4707 gpu_composite_us=0 gpu_blit_us=0
[frust INFO] frust-perf img skipped=0 evicted=3 resident=60 budget=1024x1024x4
[frust INFO] frust-perf raw n=1154 total_us=17041 rebuild_us=633 layout_us=28 paint_us=38 encode_us=8 acquire_us=11390 submit_us=4941 skipped=0 gpu_q=1 gpu_total_us=4641 gpu_prepass_us=0 gpu_main_us=4641 gpu_composite_us=0 gpu_blit_us=0
[frust INFO] frust-perf img skipped=0 evicted=3 resident=60 budget=1024x1024x4
[frust INFO] frust-perf raw n=1155 total_us=16849 rebuild_us=623 layout_us=28 paint_us=42 encode_us=7 acquire_us=11737 submit_us=4410 skipped=0 gpu_q=1 gpu_total_us=4635 gpu_prepass_us=0 gpu_main_us=4635 gpu_composite_us=0 gpu_blit_us=0
[frust INFO] frust-perf img skipped=0 evicted=4 resident=60 budget=1024x1024x4
[frust INFO] frust-perf raw n=1156 total_us=18365 rebuild_us=640 layout_us=30 paint_us=34 encode_us=6 acquire_us=12069 submit_us=5585 skipped=0 gpu_q=1 gpu_total_us=4591 gpu_prepass_us=0 gpu_main_us=4591 gpu_composite_us=0 gpu_blit_us=0
[frust INFO] frust-perf img skipped=0 evicted=3 resident=60 budget=1024x1024x4
[frust INFO] frust-perf raw n=1157 total_us=16911 rebuild_us=655 layout_us=29 paint_us=43 encode_us=6 acquire_us=11131 submit_us=5045 skipped=0 gpu_q=1 gpu_total_us=4642 gpu_prepass_us=0 gpu_main_us=4642 gpu_composite_us=0 gpu_blit_us=0
[frust INFO] frust-perf img skipped=0 evicted=3 resident=60 budget=1024x1024x4
[frust INFO] frust-perf raw n=1158 total_us=17723 rebuild_us=651 layout_us=30 paint_us=35 encode_us=6 acquire_us=11662 submit_us=5337 skipped=0 gpu_q=1 gpu_total_us=4527 gpu_prepass_us=0 gpu_main_us=4527 gpu_composite_us=0 gpu_blit_us=0
[frust INFO] frust-perf img skipped=0 evicted=3 resident=60 budget=1024x1024x4
[frust INFO] frust-perf raw n=1159 total_us=16779 rebuild_us=641 layout_us=28 paint_us=40 encode_us=14 acquire_us=11167 submit_us=4886 skipped=0 gpu_q=1 gpu_total_us=4616 gpu_prepass_us=0 gpu_main_us=4616 gpu_composite_us=0 gpu_blit_us=0
[frust INFO] frust-perf img skipped=0 evicted=3 resident=60 budget=1024x1024x4
[frust INFO] frust-perf raw n=1160 total_us=17221 rebuild_us=547 layout_us=26 paint_us=41 encode_us=10 acquire_us=11844 submit_us=4750 skipped=0 gpu_q=1 gpu_total_us=4706 gpu_prepass_us=0 gpu_main_us=4706 gpu_composite_us=0 gpu_blit_us=0
[frust INFO] frust-perf img skipped=0 evicted=4 resident=60 budget=1024x1024x4
[frust INFO] frust-perf raw n=1161 total_us=17588 rebuild_us=485 layout_us=22 paint_us=30 encode_us=14 acquire_us=11645 submit_us=5390 skipped=0 gpu_q=1 gpu_total_us=4626 gpu_prepass_us=0 gpu_main_us=4626 gpu_composite_us=0 gpu_blit_us=0
[frust INFO] frust-perf img skipped=0 evicted=3 resident=60 budget=1024x1024x4
[frust INFO] frust-perf raw n=1162 total_us=16885 rebuild_us=524 layout_us=23 paint_us=36 encode_us=10 acquire_us=11222 submit_us=5068 skipped=0 gpu_q=1 gpu_total_us=4699 gpu_prepass_us=0 gpu_main_us=4699 gpu_composite_us=0 gpu_blit_us=0
[frust INFO] frust-perf img skipped=0 evicted=3 resident=60 budget=1024x1024x4
[frust INFO] frust-perf raw n=1163 total_us=17016 rebuild_us=519 layout_us=22 paint_us=27 encode_us=11 acquire_us=11626 submit_us=4809 skipped=0 gpu_q=1 gpu_total_us=4782 gpu_prepass_us=0 gpu_main_us=4782 gpu_composite_us=0 gpu_blit_us=0
[frust INFO] frust-perf img skipped=0 evicted=3 resident=60 budget=1024x1024x4
[frust INFO] frust-perf raw n=1164 total_us=17068 rebuild_us=546 layout_us=24 paint_us=39 encode_us=10 acquire_us=11699 submit_us=4747 skipped=0 gpu_q=1 gpu_total_us=4681 gpu_prepass_us=0 gpu_main_us=4681 gpu_composite_us=0 gpu_blit_us=0
[frust INFO] frust-perf img skipped=0 evicted=3 resident=60 budget=1024x1024x4
[frust INFO] frust-perf raw n=1165 total_us=17406 rebuild_us=485 layout_us=27 paint_us=29 encode_us=10 acquire_us=12133 submit_us=4719 skipped=0 gpu_q=1 gpu_total_us=4622 gpu_prepass_us=0 gpu_main_us=4622 gpu_composite_us=0 gpu_blit_us=0
[frust INFO] frust-perf img skipped=0 evicted=4 resident=60 budget=1024x1024x4
[frust INFO] frust-perf raw n=1166 total_us=17579 rebuild_us=490 layout_us=28 paint_us=36 encode_us=11 acquire_us=11583 submit_us=5428 skipped=0 gpu_q=1 gpu_total_us=4608 gpu_prepass_us=0 gpu_main_us=4608 gpu_composite_us=0 gpu_blit_us=0
[frust INFO] frust-perf img skipped=0 evicted=3 resident=60 budget=1024x1024x4
[frust INFO] frust-perf raw n=1167 total_us=16705 rebuild_us=531 layout_us=23 paint_us=36 encode_us=10 acquire_us=11288 submit_us=4815 skipped=0 gpu_q=1 gpu_total_us=4651 gpu_prepass_us=0 gpu_main_us=4651 gpu_composite_us=0 gpu_blit_us=0
[frust INFO] frust-perf img skipped=0 evicted=3 resident=60 budget=1024x1024x4
[frust INFO] frust-perf raw n=1168 total_us=16835 rebuild_us=485 layout_us=24 paint_us=34 encode_us=10 acquire_us=11730 submit_us=4550 skipped=0 gpu_q=1 gpu_total_us=4633 gpu_prepass_us=0 gpu_main_us=4633 gpu_composite_us=0 gpu_blit_us=0
[frust INFO] frust-perf img skipped=0 evicted=3 resident=60 budget=1024x1024x4
[frust INFO] frust-perf raw n=1169 total_us=17423 rebuild_us=479 layout_us=20 paint_us=39 encode_us=10 acquire_us=12010 submit_us=4862 skipped=0 gpu_q=1 gpu_total_us=4726 gpu_prepass_us=0 gpu_main_us=4726 gpu_composite_us=0 gpu_blit_us=0
[frust INFO] frust-perf img skipped=0 evicted=3 resident=60 budget=1024x1024x4
[frust INFO] frust-perf raw n=1170 total_us=17457 rebuild_us=541 layout_us=24 paint_us=37 encode_us=12 acquire_us=12023 submit_us=4817 skipped=0 gpu_q=1 gpu_total_us=4625 gpu_prepass_us=0 gpu_main_us=4625 gpu_composite_us=0 gpu_blit_us=0
[frust INFO] frust-perf img skipped=0 evicted=4 resident=60 budget=1024x1024x4
[frust INFO] frust-perf raw n=1171 total_us=17420 rebuild_us=515 layout_us=25 paint_us=40 encode_us=9 acquire_us=11506 submit_us=5323 skipped=0 gpu_q=1 gpu_total_us=4680 gpu_prepass_us=0 gpu_main_us=4680 gpu_composite_us=0 gpu_blit_us=0
[frust INFO] frust-perf img skipped=0 evicted=3 resident=60 budget=1024x1024x4
[frust INFO] frust-perf raw n=1172 total_us=16937 rebuild_us=513 layout_us=23 paint_us=32 encode_us=13 acquire_us=11315 submit_us=5038 skipped=0 gpu_q=1 gpu_total_us=4649 gpu_prepass_us=0 gpu_main_us=4649 gpu_composite_us=0 gpu_blit_us=0
[frust INFO] frust-perf img skipped=0 evicted=3 resident=60 budget=1024x1024x4
[frust INFO] frust-perf raw n=1173 total_us=17103 rebuild_us=568 layout_us=24 paint_us=32 encode_us=12 acquire_us=11594 submit_us=4870 skipped=0 gpu_q=1 gpu_total_us=4635 gpu_prepass_us=0 gpu_main_us=4635 gpu_composite_us=0 gpu_blit_us=0
[frust INFO] frust-perf img skipped=0 evicted=3 resident=60 budget=1024x1024x4
[frust INFO] frust-perf raw n=1174 total_us=16936 rebuild_us=507 layout_us=24 paint_us=40 encode_us=11 acquire_us=11610 submit_us=4743 skipped=0 gpu_q=1 gpu_total_us=4668 gpu_prepass_us=0 gpu_main_us=4668 gpu_composite_us=0 gpu_blit_us=0
[frust INFO] frust-perf img skipped=0 evicted=3 resident=60 budget=1024x1024x4
[frust INFO] frust-perf raw n=1175 total_us=16958 rebuild_us=486 layout_us=28 paint_us=35 encode_us=9 acquire_us=11873 submit_us=4524 skipped=0 gpu_q=1 gpu_total_us=4605 gpu_prepass_us=0 gpu_main_us=4605 gpu_composite_us=0 gpu_blit_us=0
[frust INFO] frust-perf img skipped=0 evicted=4 resident=60 budget=1024x1024x4
[frust INFO] frust-perf raw n=1176 total_us=18080 rebuild_us=500 layout_us=22 paint_us=40 encode_us=11 acquire_us=12056 submit_us=5450 skipped=0 gpu_q=1 gpu_total_us=4582 gpu_prepass_us=0 gpu_main_us=4582 gpu_composite_us=0 gpu_blit_us=0
[frust INFO] frust-perf img skipped=0 evicted=3 resident=60 budget=1024x1024x4
[frust INFO] frust-perf raw n=1177 total_us=16854 rebuild_us=558 layout_us=26 paint_us=32 encode_us=11 acquire_us=11150 submit_us=5075 skipped=0 gpu_q=1 gpu_total_us=4726 gpu_prepass_us=0 gpu_main_us=4726 gpu_composite_us=0 gpu_blit_us=0
[frust INFO] frust-perf img skipped=0 evicted=3 resident=60 budget=1024x1024x4
[frust INFO] frust-perf raw n=1178 total_us=17160 rebuild_us=547 layout_us=29 paint_us=34 encode_us=13 acquire_us=11542 submit_us=4993 skipped=0 gpu_q=1 gpu_total_us=4735 gpu_prepass_us=0 gpu_main_us=4735 gpu_composite_us=0 gpu_blit_us=0
[frust INFO] frust-perf img skipped=0 evicted=3 resident=60 budget=1024x1024x4
[frust INFO] frust-perf raw n=1179 total_us=17291 rebuild_us=567 layout_us=26 paint_us=36 encode_us=11 acquire_us=11728 submit_us=4920 skipped=0 gpu_q=1 gpu_total_us=4655 gpu_prepass_us=0 gpu_main_us=4655 gpu_composite_us=0 gpu_blit_us=0
[frust INFO] frust-perf frame n=120 total_p50_ms=17 total_p95_ms=17 total_p99_ms=18 rebuild_p95_ms=0 layout_p95_ms=0 paint_p95_ms=0 encode_p95_ms=0 acquire_p95_ms=12 submit_p95_ms=5 over_60hz=1035 over_120hz=1170 skipped=0 total_frames=1179
[frust INFO] frust-perf img skipped=0 evicted=3 resident=60 budget=1024x1024x4
[frust INFO] frust-perf raw n=1180 total_us=16930 rebuild_us=559 layout_us=27 paint_us=41 encode_us=11 acquire_us=11438 submit_us=4852 skipped=0 gpu_q=1 gpu_total_us=4560 gpu_prepass_us=0 gpu_main_us=4560 gpu_composite_us=0 gpu_blit_us=0
[frust INFO] frust-perf img skipped=0 evicted=4 resident=60 budget=1024x1024x4
[frust INFO] frust-perf raw n=1181 total_us=18022 rebuild_us=548 layout_us=22 paint_us=41 encode_us=14 acquire_us=11905 submit_us=5491 skipped=0 gpu_q=1 gpu_total_us=4630 gpu_prepass_us=0 gpu_main_us=4630 gpu_composite_us=0 gpu_blit_us=0
[frust INFO] frust-perf img skipped=0 evicted=3 resident=60 budget=1024x1024x4
[frust INFO] frust-perf raw n=1182 total_us=16622 rebuild_us=541 layout_us=23 paint_us=35 encode_us=11 acquire_us=10993 submit_us=5017 skipped=0 gpu_q=1 gpu_total_us=4644 gpu_prepass_us=0 gpu_main_us=4644 gpu_composite_us=0 gpu_blit_us=0
[frust INFO] frust-perf img skipped=0 evicted=3 resident=60 budget=1024x1024x4
[frust INFO] frust-perf raw n=1183 total_us=17071 rebuild_us=562 layout_us=25 paint_us=38 encode_us=13 acquire_us=11530 submit_us=4901 skipped=0 gpu_q=1 gpu_total_us=4739 gpu_prepass_us=0 gpu_main_us=4739 gpu_composite_us=0 gpu_blit_us=0
[frust INFO] frust-perf img skipped=0 evicted=3 resident=60 budget=1024x1024x4
[frust INFO] frust-perf raw n=1184 total_us=17259 rebuild_us=533 layout_us=27 paint_us=37 encode_us=14 acquire_us=11765 submit_us=4882 skipped=0 gpu_q=1 gpu_total_us=4626 gpu_prepass_us=0 gpu_main_us=4626 gpu_composite_us=0 gpu_blit_us=0
[frust INFO] frust-perf img skipped=0 evicted=3 resident=60 budget=1024x1024x4
[frust INFO] frust-perf raw n=1185 total_us=17867 rebuild_us=558 layout_us=24 paint_us=33 encode_us=11 acquire_us=11768 submit_us=5470 skipped=0 gpu_q=1 gpu_total_us=4622 gpu_prepass_us=0 gpu_main_us=4622 gpu_composite_us=0 gpu_blit_us=0
[frust INFO] frust-perf img skipped=0 evicted=4 resident=60 budget=1024x1024x4
[frust INFO] frust-perf raw n=1186 total_us=17449 rebuild_us=529 layout_us=22 paint_us=32 encode_us=12 acquire_us=11192 submit_us=5659 skipped=0 gpu_q=1 gpu_total_us=4635 gpu_prepass_us=0 gpu_main_us=4635 gpu_composite_us=0 gpu_blit_us=0
[frust INFO] frust-perf img skipped=0 evicted=3 resident=60 budget=1024x1024x4
[frust INFO] frust-perf raw n=1187 total_us=16571 rebuild_us=585 layout_us=30 paint_us=47 encode_us=11 acquire_us=10876 submit_us=5019 skipped=0 gpu_q=1 gpu_total_us=4681 gpu_prepass_us=0 gpu_main_us=4681 gpu_composite_us=0 gpu_blit_us=0
[frust INFO] frust-perf img skipped=0 evicted=3 resident=60 budget=1024x1024x4
[frust INFO] frust-perf raw n=1188 total_us=17126 rebuild_us=608 layout_us=28 paint_us=34 encode_us=14 acquire_us=11521 submit_us=4919 skipped=0 gpu_q=1 gpu_total_us=4683 gpu_prepass_us=0 gpu_main_us=4683 gpu_composite_us=0 gpu_blit_us=0
[frust INFO] frust-perf img skipped=0 evicted=3 resident=60 budget=1024x1024x4
[frust INFO] frust-perf raw n=1189 total_us=17163 rebuild_us=540 layout_us=24 paint_us=33 encode_us=10 acquire_us=11682 submit_us=4872 skipped=0 gpu_q=1 gpu_total_us=4649 gpu_prepass_us=0 gpu_main_us=4649 gpu_composite_us=0 gpu_blit_us=0
[frust INFO] frust-perf img skipped=0 evicted=3 resident=60 budget=1024x1024x4
[frust INFO] frust-perf raw n=1190 total_us=17243 rebuild_us=518 layout_us=26 paint_us=38 encode_us=12 acquire_us=11736 submit_us=4911 skipped=0 gpu_q=1 gpu_total_us=4632 gpu_prepass_us=0 gpu_main_us=4632 gpu_composite_us=0 gpu_blit_us=0
[frust INFO] frust-perf img skipped=0 evicted=4 resident=60 budget=1024x1024x4
[frust INFO] frust-perf raw n=1191 total_us=17908 rebuild_us=536 layout_us=25 paint_us=34 encode_us=13 acquire_us=11713 submit_us=5585 skipped=0 gpu_q=1 gpu_total_us=4677 gpu_prepass_us=0 gpu_main_us=4677 gpu_composite_us=0 gpu_blit_us=0
[frust INFO] frust-perf img skipped=0 evicted=3 resident=60 budget=1024x1024x4
[frust INFO] frust-perf raw n=1192 total_us=16594 rebuild_us=545 layout_us=28 paint_us=41 encode_us=11 acquire_us=10985 submit_us=4982 skipped=0 gpu_q=1 gpu_total_us=4643 gpu_prepass_us=0 gpu_main_us=4643 gpu_composite_us=0 gpu_blit_us=0
[frust INFO] frust-perf img skipped=0 evicted=3 resident=60 budget=1024x1024x4
[frust INFO] frust-perf raw n=1193 total_us=16996 rebuild_us=556 layout_us=21 paint_us=30 encode_us=10 acquire_us=11661 submit_us=4716 skipped=0 gpu_q=1 gpu_total_us=4666 gpu_prepass_us=0 gpu_main_us=4666 gpu_composite_us=0 gpu_blit_us=0
[frust INFO] frust-perf img skipped=0 evicted=3 resident=60 budget=1024x1024x4
[frust INFO] frust-perf raw n=1194 total_us=17286 rebuild_us=507 layout_us=25 paint_us=33 encode_us=14 acquire_us=11933 submit_us=4773 skipped=0 gpu_q=1 gpu_total_us=4641 gpu_prepass_us=0 gpu_main_us=4641 gpu_composite_us=0 gpu_blit_us=0
[frust INFO] frust-perf img skipped=0 evicted=3 resident=60 budget=1024x1024x4
[frust INFO] frust-perf raw n=1195 total_us=17357 rebuild_us=531 layout_us=20 paint_us=30 encode_us=15 acquire_us=11987 submit_us=4772 skipped=0 gpu_q=1 gpu_total_us=4551 gpu_prepass_us=0 gpu_main_us=4551 gpu_composite_us=0 gpu_blit_us=0
[frust INFO] frust-perf img skipped=0 evicted=3 resident=60 budget=1024x1024x4
[frust INFO] frust-perf raw n=1196 total_us=16986 rebuild_us=499 layout_us=25 paint_us=32 encode_us=13 acquire_us=11531 submit_us=4883 skipped=0 gpu_q=1 gpu_total_us=4626 gpu_prepass_us=0 gpu_main_us=4626 gpu_composite_us=0 gpu_blit_us=0
[frust INFO] frust-perf img skipped=0 evicted=4 resident=60 budget=1024x1024x4
[frust INFO] frust-perf raw n=1197 total_us=17736 rebuild_us=535 layout_us=27 paint_us=42 encode_us=11 acquire_us=11779 submit_us=5340 skipped=0 gpu_q=1 gpu_total_us=4677 gpu_prepass_us=0 gpu_main_us=4677 gpu_composite_us=0 gpu_blit_us=0
[frust INFO] frust-perf img skipped=0 evicted=3 resident=60 budget=1024x1024x4
[frust INFO] frust-perf raw n=1198 total_us=16754 rebuild_us=489 layout_us=19 paint_us=30 encode_us=10 acquire_us=11258 submit_us=4946 skipped=0 gpu_q=1 gpu_total_us=4673 gpu_prepass_us=0 gpu_main_us=4673 gpu_composite_us=0 gpu_blit_us=0
[frust INFO] frust-perf img skipped=0 evicted=3 resident=60 budget=1024x1024x4
[frust INFO] frust-perf raw n=1199 total_us=16801 rebuild_us=505 layout_us=23 paint_us=34 encode_us=9 acquire_us=11673 submit_us=4555 skipped=0 gpu_q=1 gpu_total_us=4647 gpu_prepass_us=0 gpu_main_us=4647 gpu_composite_us=0 gpu_blit_us=0
[frust INFO] frust-perf img skipped=0 evicted=3 resident=60 budget=1024x1024x4
[frust INFO] frust-perf enc n=1200 w=60 validate_us=3.8 prepare_us=4.8 classify_us=11.0 admit_us=0.5 walk_us=1451.7 glyphs_us=111.0 finish_us=3.4 compile_us=1532.4 schedule_us=4.9 paints_us=19.0 instances_us=76.8 resize_us=3.5 upload_us=1842.3 replay_us=0.8 pipelines_us=20.0 record_us=36.9 total_us=3514.0 total_p95_us=4133.2 draws=29 strips=2111 alphas=51696 glyph_draws=17 atlas_glyphs=17
[frust INFO] frust-perf raw n=1200 total_us=17369 rebuild_us=524 layout_us=24 paint_us=39 encode_us=13 acquire_us=12325 submit_us=4441 skipped=0 gpu_q=1 gpu_total_us=4585 gpu_prepass_us=0 gpu_main_us=4585 gpu_composite_us=0 gpu_blit_us=0
[frust INFO] frust-perf img skipped=0 evicted=3 resident=60 budget=1024x1024x4
[frust INFO] frust-perf raw n=1201 total_us=17531 rebuild_us=527 layout_us=27 paint_us=35 encode_us=7 acquire_us=11937 submit_us=4995 skipped=0 gpu_q=1 gpu_total_us=4634 gpu_prepass_us=0 gpu_main_us=4634 gpu_composite_us=0 gpu_blit_us=0
[frust INFO] frust-perf img skipped=0 evicted=3 resident=60 budget=1024x1024x4
[frust INFO] frust-perf raw n=1202 total_us=17035 rebuild_us=551 layout_us=22 paint_us=31 encode_us=17 acquire_us=11545 submit_us=4866 skipped=0 gpu_q=1 gpu_total_us=4649 gpu_prepass_us=0 gpu_main_us=4649 gpu_composite_us=0 gpu_blit_us=0
[frust INFO] frust-perf raw n=1203 total_us=15141 rebuild_us=470 layout_us=28 paint_us=34 encode_us=10 acquire_us=11722 submit_us=2875 skipped=0 gpu_q=1 gpu_total_us=4668 gpu_prepass_us=0 gpu_main_us=4668 gpu_composite_us=0 gpu_blit_us=0
[frust INFO] frust-perf raw n=1204 total_us=16964 rebuild_us=470 layout_us=19 paint_us=31 encode_us=10 acquire_us=13714 submit_us=2718 skipped=0 gpu_q=1 gpu_total_us=4527 gpu_prepass_us=0 gpu_main_us=4527 gpu_composite_us=0 gpu_blit_us=0
[frust INFO] frust-perf raw n=1205 total_us=17502 rebuild_us=470 layout_us=20 paint_us=34 encode_us=12 acquire_us=14020 submit_us=2944 skipped=0 gpu_q=1 gpu_total_us=4630 gpu_prepass_us=0 gpu_main_us=4630 gpu_composite_us=0 gpu_blit_us=0
[frust INFO] frust-perf raw n=1206 total_us=17820 rebuild_us=570 layout_us=28 paint_us=38 encode_us=13 acquire_us=13533 submit_us=3636 skipped=0 gpu_q=1 gpu_total_us=4649 gpu_prepass_us=0 gpu_main_us=4649 gpu_composite_us=0 gpu_blit_us=0
[frust INFO] frust-perf raw n=1207 total_us=17480 rebuild_us=658 layout_us=22 paint_us=47 encode_us=29 acquire_us=13082 submit_us=3640 skipped=0 gpu_q=1 gpu_total_us=4782 gpu_prepass_us=0 gpu_main_us=4782 gpu_composite_us=0 gpu_blit_us=0
[frust INFO] frust-perf raw n=1208 total_us=17878 rebuild_us=633 layout_us=30 paint_us=49 encode_us=15 acquire_us=13094 submit_us=4055 skipped=0 gpu_q=1 gpu_total_us=4665 gpu_prepass_us=0 gpu_main_us=4665 gpu_composite_us=0 gpu_blit_us=0
[frust INFO] frust-perf raw n=1209 total_us=17344 rebuild_us=708 layout_us=27 paint_us=49 encode_us=12 acquire_us=12373 submit_us=4172 skipped=0 gpu_q=1 gpu_total_us=4617 gpu_prepass_us=0 gpu_main_us=4617 gpu_composite_us=0 gpu_blit_us=0
[frust INFO] frust-perf raw n=1210 total_us=16850 rebuild_us=652 layout_us=27 paint_us=48 encode_us=15 acquire_us=12291 submit_us=3814 skipped=0 gpu_q=1 gpu_total_us=4587 gpu_prepass_us=0 gpu_main_us=4587 gpu_composite_us=0 gpu_blit_us=0
[frust INFO] frust-perf raw n=1211 total_us=17391 rebuild_us=673 layout_us=28 paint_us=51 encode_us=15 acquire_us=12780 submit_us=3841 skipped=0 gpu_q=1 gpu_total_us=4678 gpu_prepass_us=0 gpu_main_us=4678 gpu_composite_us=0 gpu_blit_us=0
[frust INFO] frust-perf raw n=1212 total_us=18637 rebuild_us=672 layout_us=30 paint_us=43 encode_us=15 acquire_us=12900 submit_us=4974 skipped=0 gpu_q=1 gpu_total_us=4713 gpu_prepass_us=0 gpu_main_us=4713 gpu_composite_us=0 gpu_blit_us=0
[frust INFO] frust-perf raw n=1213 total_us=17185 rebuild_us=876 layout_us=35 paint_us=56 encode_us=15 acquire_us=11621 submit_us=4580 skipped=0 gpu_q=1 gpu_total_us=4733 gpu_prepass_us=0 gpu_main_us=4733 gpu_composite_us=0 gpu_blit_us=0
[frust INFO] frust-perf raw n=1214 total_us=17572 rebuild_us=873 layout_us=35 paint_us=59 encode_us=14 acquire_us=12042 submit_us=4546 skipped=0 gpu_q=1 gpu_total_us=4638 gpu_prepass_us=0 gpu_main_us=4638 gpu_composite_us=0 gpu_blit_us=0
[frust INFO] frust-perf raw n=1215 total_us=17245 rebuild_us=682 layout_us=29 paint_us=53 encode_us=19 acquire_us=11920 submit_us=4539 skipped=0 gpu_q=1 gpu_total_us=4641 gpu_prepass_us=0 gpu_main_us=4641 gpu_composite_us=0 gpu_blit_us=0
[frust INFO] frust-perf raw n=1216 total_us=16526 rebuild_us=655 layout_us=27 paint_us=43 encode_us=15 acquire_us=12013 submit_us=3770 skipped=0 gpu_q=1 gpu_total_us=4714 gpu_prepass_us=0 gpu_main_us=4714 gpu_composite_us=0 gpu_blit_us=0
[frust INFO] frust-perf raw n=1217 total_us=17986 rebuild_us=672 layout_us=25 paint_us=48 encode_us=15 acquire_us=12835 submit_us=4389 skipped=0 gpu_q=1 gpu_total_us=4700 gpu_prepass_us=0 gpu_main_us=4700 gpu_composite_us=0 gpu_blit_us=0
[frust INFO] frust-perf raw n=1218 total_us=17462 rebuild_us=665 layout_us=26 paint_us=45 encode_us=14 acquire_us=12182 submit_us=4527 skipped=0 gpu_q=1 gpu_total_us=4666 gpu_prepass_us=0 gpu_main_us=4666 gpu_composite_us=0 gpu_blit_us=0
[frust INFO] frust-perf raw n=1219 total_us=16500 rebuild_us=634 layout_us=31 paint_us=47 encode_us=18 acquire_us=12062 submit_us=3705 skipped=0 gpu_q=1 gpu_total_us=4673 gpu_prepass_us=0 gpu_main_us=4673 gpu_composite_us=0 gpu_blit_us=0
[frust INFO] frust-perf img skipped=0 evicted=1 resident=60 budget=1024x1024x4
[frust INFO] frust-perf raw n=1220 total_us=19975 rebuild_us=671 layout_us=30 paint_us=49 encode_us=18 acquire_us=12899 submit_us=6306 skipped=0 gpu_q=1 gpu_total_us=4616 gpu_prepass_us=0 gpu_main_us=4616 gpu_composite_us=0 gpu_blit_us=0
[frust INFO] frust-perf img skipped=0 evicted=3 resident=60 budget=1024x1024x4
[frust INFO] frust-perf raw n=1221 total_us=17693 rebuild_us=646 layout_us=30 paint_us=40 encode_us=15 acquire_us=10147 submit_us=6813 skipped=0 gpu_q=1 gpu_total_us=4735 gpu_prepass_us=0 gpu_main_us=4735 gpu_composite_us=0 gpu_blit_us=0
[frust INFO] frust-perf img skipped=0 evicted=3 resident=60 budget=1024x1024x4
[frust INFO] frust-perf raw n=1222 total_us=17286 rebuild_us=668 layout_us=27 paint_us=48 encode_us=15 acquire_us=9780 submit_us=6747 skipped=0 gpu_q=1 gpu_total_us=4666 gpu_prepass_us=0 gpu_main_us=4666 gpu_composite_us=0 gpu_blit_us=0
[frust INFO] frust-perf img skipped=0 evicted=3 resident=60 budget=1024x1024x4
[frust INFO] frust-perf raw n=1223 total_us=16354 rebuild_us=738 layout_us=25 paint_us=43 encode_us=14 acquire_us=9783 submit_us=5748 skipped=0 gpu_q=1 gpu_total_us=4661 gpu_prepass_us=0 gpu_main_us=4661 gpu_composite_us=0 gpu_blit_us=0
[frust INFO] frust-perf img skipped=0 evicted=3 resident=60 budget=1024x1024x4
[frust INFO] frust-perf raw n=1224 total_us=17099 rebuild_us=594 layout_us=22 paint_us=40 encode_us=14 acquire_us=10766 submit_us=5660 skipped=0 gpu_q=1 gpu_total_us=4663 gpu_prepass_us=0 gpu_main_us=4663 gpu_composite_us=0 gpu_blit_us=0
[frust INFO] frust-perf img skipped=0 evicted=4 resident=60 budget=1024x1024x4
[frust INFO] frust-perf raw n=1225 total_us=18082 rebuild_us=606 layout_us=31 paint_us=40 encode_us=15 acquire_us=11002 submit_us=6385 skipped=0 gpu_q=1 gpu_total_us=4568 gpu_prepass_us=0 gpu_main_us=4568 gpu_composite_us=0 gpu_blit_us=0
[frust INFO] frust-perf img skipped=0 evicted=3 resident=60 budget=1024x1024x4
[frust INFO] frust-perf raw n=1226 total_us=16124 rebuild_us=614 layout_us=31 paint_us=46 encode_us=11 acquire_us=10138 submit_us=5281 skipped=0 gpu_q=1 gpu_total_us=4644 gpu_prepass_us=0 gpu_main_us=4644 gpu_composite_us=0 gpu_blit_us=0
[frust INFO] frust-perf img skipped=0 evicted=3 resident=60 budget=1024x1024x4
[frust INFO] frust-perf raw n=1227 total_us=17044 rebuild_us=585 layout_us=26 paint_us=39 encode_us=11 acquire_us=11311 submit_us=5070 skipped=0 gpu_q=1 gpu_total_us=4618 gpu_prepass_us=0 gpu_main_us=4618 gpu_composite_us=0 gpu_blit_us=0
[frust INFO] frust-perf img skipped=0 evicted=3 resident=60 budget=1024x1024x4
[frust INFO] frust-perf raw n=1228 total_us=17444 rebuild_us=571 layout_us=28 paint_us=36 encode_us=11 acquire_us=11524 submit_us=5271 skipped=0 gpu_q=1 gpu_total_us=4624 gpu_prepass_us=0 gpu_main_us=4624 gpu_composite_us=0 gpu_blit_us=0
[frust INFO] frust-perf img skipped=0 evicted=3 resident=60 budget=1024x1024x4
[frust INFO] frust-perf raw n=1229 total_us=17065 rebuild_us=596 layout_us=22 paint_us=38 encode_us=11 acquire_us=11247 submit_us=5150 skipped=0 gpu_q=1 gpu_total_us=4639 gpu_prepass_us=0 gpu_main_us=4639 gpu_composite_us=0 gpu_blit_us=0
[frust INFO] frust-perf img skipped=0 evicted=4 resident=60 budget=1024x1024x4
[frust INFO] frust-perf raw n=1230 total_us=17933 rebuild_us=599 layout_us=26 paint_us=34 encode_us=15 acquire_us=11585 submit_us=5671 skipped=0 gpu_q=1 gpu_total_us=4588 gpu_prepass_us=0 gpu_main_us=4588 gpu_composite_us=0 gpu_blit_us=0
[frust INFO] frust-perf img skipped=0 evicted=3 resident=60 budget=1024x1024x4
[frust INFO] frust-perf raw n=1231 total_us=16245 rebuild_us=583 layout_us=27 paint_us=37 encode_us=14 acquire_us=10908 submit_us=4673 skipped=0 gpu_q=1 gpu_total_us=4732 gpu_prepass_us=0 gpu_main_us=4732 gpu_composite_us=0 gpu_blit_us=0
[frust INFO] frust-perf img skipped=0 evicted=3 resident=60 budget=1024x1024x4
[frust INFO] frust-perf raw n=1232 total_us=17996 rebuild_us=523 layout_us=28 paint_us=41 encode_us=6 acquire_us=12022 submit_us=5373 skipped=0 gpu_q=1 gpu_total_us=4668 gpu_prepass_us=0 gpu_main_us=4668 gpu_composite_us=0 gpu_blit_us=0
[frust INFO] frust-perf img skipped=0 evicted=3 resident=60 budget=1024x1024x4
[frust INFO] frust-perf raw n=1233 total_us=16805 rebuild_us=646 layout_us=28 paint_us=41 encode_us=14 acquire_us=11138 submit_us=4936 skipped=0 gpu_q=1 gpu_total_us=4677 gpu_prepass_us=0 gpu_main_us=4677 gpu_composite_us=0 gpu_blit_us=0
[frust INFO] frust-perf img skipped=0 evicted=3 resident=60 budget=1024x1024x4
[frust INFO] frust-perf raw n=1234 total_us=17309 rebuild_us=509 layout_us=25 paint_us=32 encode_us=7 acquire_us=11724 submit_us=5010 skipped=0 gpu_q=1 gpu_total_us=4752 gpu_prepass_us=0 gpu_main_us=4752 gpu_composite_us=0 gpu_blit_us=0
[frust INFO] frust-perf img skipped=0 evicted=4 resident=60 budget=1024x1024x4
[frust INFO] frust-perf raw n=1235 total_us=17222 rebuild_us=612 layout_us=28 paint_us=37 encode_us=14 acquire_us=11504 submit_us=5025 skipped=0 gpu_q=1 gpu_total_us=4587 gpu_prepass_us=0 gpu_main_us=4587 gpu_composite_us=0 gpu_blit_us=0
[frust INFO] frust-perf img skipped=0 evicted=3 resident=60 budget=1024x1024x4
[frust INFO] frust-perf raw n=1236 total_us=16917 rebuild_us=567 layout_us=27 paint_us=35 encode_us=14 acquire_us=11515 submit_us=4757 skipped=0 gpu_q=1 gpu_total_us=4677 gpu_prepass_us=0 gpu_main_us=4677 gpu_composite_us=0 gpu_blit_us=0
[frust INFO] frust-perf img skipped=0 evicted=3 resident=60 budget=1024x1024x4
[frust INFO] frust-perf raw n=1237 total_us=17380 rebuild_us=527 layout_us=28 paint_us=33 encode_us=6 acquire_us=11895 submit_us=4888 skipped=0 gpu_q=1 gpu_total_us=4545 gpu_prepass_us=0 gpu_main_us=4545 gpu_composite_us=0 gpu_blit_us=0
[frust INFO] frust-perf img skipped=0 evicted=3 resident=60 budget=1024x1024x4
[frust INFO] frust-perf raw n=1238 total_us=17287 rebuild_us=546 layout_us=24 paint_us=35 encode_us=15 acquire_us=11996 submit_us=4669 skipped=0 gpu_q=1 gpu_total_us=4733 gpu_prepass_us=0 gpu_main_us=4733 gpu_composite_us=0 gpu_blit_us=0
[frust INFO] frust-perf img skipped=0 evicted=3 resident=60 budget=1024x1024x4
[frust INFO] frust-perf raw n=1239 total_us=17253 rebuild_us=553 layout_us=22 paint_us=46 encode_us=5 acquire_us=11678 submit_us=4947 skipped=0 gpu_q=1 gpu_total_us=4588 gpu_prepass_us=0 gpu_main_us=4588 gpu_composite_us=0 gpu_blit_us=0
[frust INFO] frust-perf img skipped=0 evicted=4 resident=60 budget=1024x1024x4
[frust INFO] frust-perf raw n=1240 total_us=17401 rebuild_us=567 layout_us=19 paint_us=36 encode_us=17 acquire_us=11643 submit_us=5116 skipped=0 gpu_q=1 gpu_total_us=4531 gpu_prepass_us=0 gpu_main_us=4531 gpu_composite_us=0 gpu_blit_us=0
[frust INFO] frust-perf img skipped=0 evicted=3 resident=60 budget=1024x1024x4
[frust INFO] frust-perf raw n=1241 total_us=16967 rebuild_us=513 layout_us=23 paint_us=27 encode_us=6 acquire_us=11476 submit_us=4919 skipped=0 gpu_q=1 gpu_total_us=4593 gpu_prepass_us=0 gpu_main_us=4593 gpu_composite_us=0 gpu_blit_us=0
[frust INFO] frust-perf img skipped=0 evicted=3 resident=60 budget=1024x1024x4
[frust INFO] frust-perf raw n=1242 total_us=17491 rebuild_us=577 layout_us=28 paint_us=36 encode_us=6 acquire_us=11794 submit_us=5047 skipped=0 gpu_q=1 gpu_total_us=4576 gpu_prepass_us=0 gpu_main_us=4576 gpu_composite_us=0 gpu_blit_us=0
[frust INFO] frust-perf img skipped=0 evicted=3 resident=60 budget=1024x1024x4
[frust INFO] frust-perf raw n=1243 total_us=16953 rebuild_us=588 layout_us=23 paint_us=39 encode_us=13 acquire_us=11616 submit_us=4673 skipped=0 gpu_q=1 gpu_total_us=4641 gpu_prepass_us=0 gpu_main_us=4641 gpu_composite_us=0 gpu_blit_us=0
[frust INFO] frust-perf img skipped=0 evicted=3 resident=60 budget=1024x1024x4
[frust INFO] frust-perf raw n=1244 total_us=17131 rebuild_us=478 layout_us=23 paint_us=31 encode_us=10 acquire_us=11749 submit_us=4837 skipped=0 gpu_q=1 gpu_total_us=4679 gpu_prepass_us=0 gpu_main_us=4679 gpu_composite_us=0 gpu_blit_us=0
[frust INFO] frust-perf img skipped=0 evicted=3 resident=60 budget=1024x1024x4
[frust INFO] frust-perf raw n=1245 total_us=17254 rebuild_us=552 layout_us=29 paint_us=40 encode_us=10 acquire_us=11809 submit_us=4810 skipped=0 gpu_q=1 gpu_total_us=4637 gpu_prepass_us=0 gpu_main_us=4637 gpu_composite_us=0 gpu_blit_us=0
[frust INFO] frust-perf img skipped=0 evicted=4 resident=60 budget=1024x1024x4
[frust INFO] frust-perf raw n=1246 total_us=17645 rebuild_us=510 layout_us=27 paint_us=42 encode_us=15 acquire_us=11800 submit_us=5250 skipped=0 gpu_q=1 gpu_total_us=4552 gpu_prepass_us=0 gpu_main_us=4552 gpu_composite_us=0 gpu_blit_us=0
[frust INFO] frust-perf img skipped=0 evicted=3 resident=60 budget=1024x1024x4
[frust INFO] frust-perf raw n=1247 total_us=16898 rebuild_us=538 layout_us=29 paint_us=32 encode_us=10 acquire_us=11274 submit_us=5013 skipped=0 gpu_q=1 gpu_total_us=4690 gpu_prepass_us=0 gpu_main_us=4690 gpu_composite_us=0 gpu_blit_us=0
[frust INFO] frust-perf img skipped=0 evicted=3 resident=60 budget=1024x1024x4
[frust INFO] frust-perf raw n=1248 total_us=17270 rebuild_us=528 layout_us=20 paint_us=36 encode_us=10 acquire_us=11713 submit_us=4961 skipped=0 gpu_q=1 gpu_total_us=4685 gpu_prepass_us=0 gpu_main_us=4685 gpu_composite_us=0 gpu_blit_us=0
[frust INFO] frust-perf img skipped=0 evicted=3 resident=60 budget=1024x1024x4
[frust INFO] frust-perf raw n=1249 total_us=17667 rebuild_us=537 layout_us=25 paint_us=35 encode_us=7 acquire_us=11786 submit_us=5274 skipped=0 gpu_q=1 gpu_total_us=4608 gpu_prepass_us=0 gpu_main_us=4608 gpu_composite_us=0 gpu_blit_us=0
[frust INFO] frust-perf img skipped=0 evicted=3 resident=60 budget=1024x1024x4
[frust INFO] frust-perf raw n=1250 total_us=16584 rebuild_us=535 layout_us=25 paint_us=32 encode_us=18 acquire_us=11151 submit_us=4821 skipped=0 gpu_q=1 gpu_total_us=4580 gpu_prepass_us=0 gpu_main_us=4580 gpu_composite_us=0 gpu_blit_us=0
[frust INFO] frust-perf img skipped=0 evicted=4 resident=60 budget=1024x1024x4
[frust INFO] frust-perf raw n=1251 total_us=17372 rebuild_us=509 layout_us=19 paint_us=32 encode_us=11 acquire_us=11826 submit_us=4973 skipped=0 gpu_q=1 gpu_total_us=4703 gpu_prepass_us=0 gpu_main_us=4703 gpu_composite_us=0 gpu_blit_us=0
[frust INFO] frust-perf img skipped=0 evicted=3 resident=60 budget=1024x1024x4
[frust INFO] frust-perf raw n=1252 total_us=17475 rebuild_us=569 layout_us=25 paint_us=31 encode_us=6 acquire_us=11635 submit_us=5207 skipped=0 gpu_q=1 gpu_total_us=4643 gpu_prepass_us=0 gpu_main_us=4643 gpu_composite_us=0 gpu_blit_us=0
[frust INFO] frust-perf img skipped=0 evicted=3 resident=60 budget=1024x1024x4
[frust INFO] frust-perf raw n=1253 total_us=16769 rebuild_us=594 layout_us=28 paint_us=37 encode_us=12 acquire_us=11387 submit_us=4709 skipped=0 gpu_q=1 gpu_total_us=4673 gpu_prepass_us=0 gpu_main_us=4673 gpu_composite_us=0 gpu_blit_us=0
[frust INFO] frust-perf img skipped=0 evicted=3 resident=60 budget=1024x1024x4
[frust INFO] frust-perf raw n=1254 total_us=17366 rebuild_us=507 layout_us=26 paint_us=33 encode_us=11 acquire_us=12038 submit_us=4749 skipped=0 gpu_q=1 gpu_total_us=4672 gpu_prepass_us=0 gpu_main_us=4672 gpu_composite_us=0 gpu_blit_us=0
[frust INFO] frust-perf img skipped=0 evicted=3 resident=60 budget=1024x1024x4
[frust INFO] frust-perf raw n=1255 total_us=16678 rebuild_us=512 layout_us=24 paint_us=36 encode_us=11 acquire_us=11653 submit_us=4441 skipped=0 gpu_q=1 gpu_total_us=4682 gpu_prepass_us=0 gpu_main_us=4682 gpu_composite_us=0 gpu_blit_us=0
[frust INFO] frust-perf img skipped=0 evicted=4 resident=60 budget=1024x1024x4
[frust INFO] frust-perf raw n=1256 total_us=17593 rebuild_us=532 layout_us=20 paint_us=30 encode_us=10 acquire_us=12147 submit_us=4850 skipped=0 gpu_q=1 gpu_total_us=4578 gpu_prepass_us=0 gpu_main_us=4578 gpu_composite_us=0 gpu_blit_us=0
[frust INFO] frust-perf img skipped=0 evicted=3 resident=60 budget=1024x1024x4
[frust INFO] frust-perf raw n=1257 total_us=17569 rebuild_us=593 layout_us=28 paint_us=34 encode_us=7 acquire_us=11791 submit_us=5115 skipped=0 gpu_q=1 gpu_total_us=4786 gpu_prepass_us=0 gpu_main_us=4786 gpu_composite_us=0 gpu_blit_us=0
[frust INFO] frust-perf img skipped=0 evicted=3 resident=60 budget=1024x1024x4
[frust INFO] frust-perf raw n=1258 total_us=17149 rebuild_us=608 layout_us=27 paint_us=36 encode_us=14 acquire_us=11575 submit_us=4888 skipped=0 gpu_q=1 gpu_total_us=4682 gpu_prepass_us=0 gpu_main_us=4682 gpu_composite_us=0 gpu_blit_us=0
[frust INFO] frust-perf img skipped=0 evicted=3 resident=60 budget=1024x1024x4
[frust INFO] frust-perf raw n=1259 total_us=17071 rebuild_us=544 layout_us=22 paint_us=34 encode_us=6 acquire_us=11903 submit_us=4559 skipped=0 gpu_q=1 gpu_total_us=4619 gpu_prepass_us=0 gpu_main_us=4619 gpu_composite_us=0 gpu_blit_us=0
[frust INFO] frust-perf img skipped=0 evicted=3 resident=60 budget=1024x1024x4
[frust INFO] frust-perf enc n=1260 w=60 validate_us=4.4 prepare_us=4.9 classify_us=12.7 admit_us=0.6 walk_us=1453.1 glyphs_us=116.2 finish_us=3.1 compile_us=1535.8 schedule_us=5.1 paints_us=18.8 instances_us=78.2 resize_us=3.7 upload_us=1795.2 replay_us=0.7 pipelines_us=22.2 record_us=41.0 total_us=3453.9 total_p95_us=4741.2 draws=29 strips=2111 alphas=51696 glyph_draws=17 atlas_glyphs=17
[frust INFO] frust-perf raw n=1260 total_us=17526 rebuild_us=589 layout_us=23 paint_us=38 encode_us=7 acquire_us=11866 submit_us=5000 skipped=0 gpu_q=1 gpu_total_us=4672 gpu_prepass_us=0 gpu_main_us=4672 gpu_composite_us=0 gpu_blit_us=0
[frust INFO] frust-perf img skipped=0 evicted=4 resident=60 budget=1024x1024x4
[frust INFO] frust-perf raw n=1261 total_us=17481 rebuild_us=568 layout_us=26 paint_us=41 encode_us=17 acquire_us=11644 submit_us=5181 skipped=0 gpu_q=1 gpu_total_us=4641 gpu_prepass_us=0 gpu_main_us=4641 gpu_composite_us=0 gpu_blit_us=0
[frust INFO] frust-perf img skipped=0 evicted=3 resident=60 budget=1024x1024x4
[frust INFO] frust-perf raw n=1262 total_us=16366 rebuild_us=481 layout_us=21 paint_us=31 encode_us=10 acquire_us=11383 submit_us=4438 skipped=0 gpu_q=1 gpu_total_us=4656 gpu_prepass_us=0 gpu_main_us=4656 gpu_composite_us=0 gpu_blit_us=0
[frust INFO] frust-perf img skipped=0 evicted=3 resident=60 budget=1024x1024x4
[frust INFO] frust-perf raw n=1263 total_us=17790 rebuild_us=556 layout_us=32 paint_us=34 encode_us=15 acquire_us=12188 submit_us=4963 skipped=0 gpu_q=1 gpu_total_us=4544 gpu_prepass_us=0 gpu_main_us=4544 gpu_composite_us=0 gpu_blit_us=0
[frust INFO] frust-perf img skipped=0 evicted=3 resident=60 budget=1024x1024x4
[frust INFO] frust-perf raw n=1264 total_us=17299 rebuild_us=534 layout_us=23 paint_us=36 encode_us=9 acquire_us=11822 submit_us=4873 skipped=0 gpu_q=1 gpu_total_us=4628 gpu_prepass_us=0 gpu_main_us=4628 gpu_composite_us=0 gpu_blit_us=0
[frust INFO] frust-perf img skipped=0 evicted=3 resident=60 budget=1024x1024x4
[frust INFO] frust-perf raw n=1265 total_us=17085 rebuild_us=524 layout_us=23 paint_us=33 encode_us=13 acquire_us=11620 submit_us=4869 skipped=0 gpu_q=1 gpu_total_us=4615 gpu_prepass_us=0 gpu_main_us=4615 gpu_composite_us=0 gpu_blit_us=0
[frust INFO] frust-perf img skipped=0 evicted=4 resident=60 budget=1024x1024x4
[frust INFO] frust-perf raw n=1266 total_us=17112 rebuild_us=498 layout_us=20 paint_us=35 encode_us=14 acquire_us=11618 submit_us=4924 skipped=0 gpu_q=1 gpu_total_us=4595 gpu_prepass_us=0 gpu_main_us=4595 gpu_composite_us=0 gpu_blit_us=0
[frust INFO] frust-perf img skipped=0 evicted=3 resident=60 budget=1024x1024x4
[frust INFO] frust-perf raw n=1267 total_us=17505 rebuild_us=503 layout_us=26 paint_us=33 encode_us=6 acquire_us=11744 submit_us=5191 skipped=0 gpu_q=1 gpu_total_us=4633 gpu_prepass_us=0 gpu_main_us=4633 gpu_composite_us=0 gpu_blit_us=0
[frust INFO] frust-perf img skipped=0 evicted=3 resident=60 budget=1024x1024x4
[frust INFO] frust-perf raw n=1268 total_us=16845 rebuild_us=586 layout_us=24 paint_us=35 encode_us=14 acquire_us=11376 submit_us=4808 skipped=0 gpu_q=1 gpu_total_us=4743 gpu_prepass_us=0 gpu_main_us=4743 gpu_composite_us=0 gpu_blit_us=0
[frust INFO] frust-perf img skipped=0 evicted=3 resident=60 budget=1024x1024x4
[frust INFO] frust-perf raw n=1269 total_us=17383 rebuild_us=520 layout_us=25 paint_us=31 encode_us=11 acquire_us=11802 submit_us=4991 skipped=0 gpu_q=1 gpu_total_us=4693 gpu_prepass_us=0 gpu_main_us=4693 gpu_composite_us=0 gpu_blit_us=0
[frust INFO] frust-perf img skipped=0 evicted=3 resident=60 budget=1024x1024x4
[frust INFO] frust-perf raw n=1270 total_us=17470 rebuild_us=502 layout_us=22 paint_us=32 encode_us=11 acquire_us=11899 submit_us=5003 skipped=0 gpu_q=1 gpu_total_us=4716 gpu_prepass_us=0 gpu_main_us=4716 gpu_composite_us=0 gpu_blit_us=0
[frust INFO] frust-perf img skipped=0 evicted=4 resident=60 budget=1024x1024x4
[frust INFO] frust-perf raw n=1271 total_us=16994 rebuild_us=516 layout_us=28 paint_us=39 encode_us=11 acquire_us=11256 submit_us=5142 skipped=0 gpu_q=1 gpu_total_us=4590 gpu_prepass_us=0 gpu_main_us=4590 gpu_composite_us=0 gpu_blit_us=0
[frust INFO] frust-perf img skipped=0 evicted=3 resident=60 budget=1024x1024x4
[frust INFO] frust-perf raw n=1272 total_us=16875 rebuild_us=528 layout_us=28 paint_us=42 encode_us=11 acquire_us=11463 submit_us=4801 skipped=0 gpu_q=1 gpu_total_us=4740 gpu_prepass_us=0 gpu_main_us=4740 gpu_composite_us=0 gpu_blit_us=0
[frust INFO] frust-perf img skipped=0 evicted=3 resident=60 budget=1024x1024x4
[frust INFO] frust-perf raw n=1273 total_us=17369 rebuild_us=553 layout_us=27 paint_us=33 encode_us=14 acquire_us=11847 submit_us=4893 skipped=0 gpu_q=1 gpu_total_us=4620 gpu_prepass_us=0 gpu_main_us=4620 gpu_composite_us=0 gpu_blit_us=0
[frust INFO] frust-perf img skipped=0 evicted=3 resident=60 budget=1024x1024x4
[frust INFO] frust-perf raw n=1274 total_us=17075 rebuild_us=521 layout_us=19 paint_us=38 encode_us=10 acquire_us=11691 submit_us=4794 skipped=0 gpu_q=1 gpu_total_us=4672 gpu_prepass_us=0 gpu_main_us=4672 gpu_composite_us=0 gpu_blit_us=0
[frust INFO] frust-perf img skipped=0 evicted=3 resident=60 budget=1024x1024x4
[frust INFO] frust-perf raw n=1275 total_us=17338 rebuild_us=513 layout_us=24 paint_us=34 encode_us=11 acquire_us=12148 submit_us=4606 skipped=0 gpu_q=1 gpu_total_us=4666 gpu_prepass_us=0 gpu_main_us=4666 gpu_composite_us=0 gpu_blit_us=0
[frust INFO] frust-perf img skipped=0 evicted=4 resident=60 budget=1024x1024x4
[frust INFO] frust-perf raw n=1276 total_us=17440 rebuild_us=501 layout_us=23 paint_us=32 encode_us=10 acquire_us=11597 submit_us=5275 skipped=0 gpu_q=1 gpu_total_us=4582 gpu_prepass_us=0 gpu_main_us=4582 gpu_composite_us=0 gpu_blit_us=0
[frust INFO] frust-perf img skipped=0 evicted=3 resident=60 budget=1024x1024x4
[frust INFO] frust-perf raw n=1277 total_us=16853 rebuild_us=466 layout_us=19 paint_us=35 encode_us=11 acquire_us=11437 submit_us=4882 skipped=0 gpu_q=1 gpu_total_us=4784 gpu_prepass_us=0 gpu_main_us=4784 gpu_composite_us=0 gpu_blit_us=0
[frust INFO] frust-perf img skipped=0 evicted=3 resident=60 budget=1024x1024x4
[frust INFO] frust-perf raw n=1278 total_us=17006 rebuild_us=500 layout_us=28 paint_us=35 encode_us=10 acquire_us=11667 submit_us=4764 skipped=0 gpu_q=1 gpu_total_us=4696 gpu_prepass_us=0 gpu_main_us=4696 gpu_composite_us=0 gpu_blit_us=0
[frust INFO] frust-perf img skipped=0 evicted=3 resident=60 budget=1024x1024x4
[frust INFO] frust-perf raw n=1279 total_us=17424 rebuild_us=531 layout_us=28 paint_us=32 encode_us=11 acquire_us=11923 submit_us=4898 skipped=0 gpu_q=1 gpu_total_us=4644 gpu_prepass_us=0 gpu_main_us=4644 gpu_composite_us=0 gpu_blit_us=0
[frust INFO] frust-perf img skipped=0 evicted=3 resident=60 budget=1024x1024x4
[frust INFO] frust-perf raw n=1280 total_us=17252 rebuild_us=535 layout_us=26 paint_us=40 encode_us=12 acquire_us=11905 submit_us=4732 skipped=0 gpu_q=1 gpu_total_us=4631 gpu_prepass_us=0 gpu_main_us=4631 gpu_composite_us=0 gpu_blit_us=0
[frust INFO] frust-perf img skipped=0 evicted=4 resident=60 budget=1024x1024x4
[frust INFO] frust-perf raw n=1281 total_us=17904 rebuild_us=537 layout_us=24 paint_us=39 encode_us=10 acquire_us=11524 submit_us=5768 skipped=0 gpu_q=1 gpu_total_us=4682 gpu_prepass_us=0 gpu_main_us=4682 gpu_composite_us=0 gpu_blit_us=0
[frust INFO] frust-perf img skipped=0 evicted=3 resident=60 budget=1024x1024x4
[frust INFO] frust-perf raw n=1282 total_us=16451 rebuild_us=520 layout_us=19 paint_us=34 encode_us=15 acquire_us=10895 submit_us=4966 skipped=0 gpu_q=1 gpu_total_us=4631 gpu_prepass_us=0 gpu_main_us=4631 gpu_composite_us=0 gpu_blit_us=0
[frust INFO] frust-perf img skipped=0 evicted=3 resident=60 budget=1024x1024x4
[frust INFO] frust-perf raw n=1283 total_us=17225 rebuild_us=660 layout_us=23 paint_us=38 encode_us=13 acquire_us=11632 submit_us=4856 skipped=0 gpu_q=1 gpu_total_us=4676 gpu_prepass_us=0 gpu_main_us=4676 gpu_composite_us=0 gpu_blit_us=0
[frust INFO] frust-perf img skipped=0 evicted=3 resident=60 budget=1024x1024x4
[frust INFO] frust-perf raw n=1284 total_us=17207 rebuild_us=526 layout_us=27 paint_us=34 encode_us=11 acquire_us=11817 submit_us=4790 skipped=0 gpu_q=1 gpu_total_us=4680 gpu_prepass_us=0 gpu_main_us=4680 gpu_composite_us=0 gpu_blit_us=0
[frust INFO] frust-perf img skipped=0 evicted=3 resident=60 budget=1024x1024x4
[frust INFO] frust-perf raw n=1285 total_us=17302 rebuild_us=513 layout_us=24 paint_us=35 encode_us=14 acquire_us=11862 submit_us=4853 skipped=0 gpu_q=1 gpu_total_us=4699 gpu_prepass_us=0 gpu_main_us=4699 gpu_composite_us=0 gpu_blit_us=0
[frust INFO] frust-perf img skipped=0 evicted=4 resident=60 budget=1024x1024x4
[frust INFO] frust-perf raw n=1286 total_us=17694 rebuild_us=491 layout_us=24 paint_us=39 encode_us=13 acquire_us=11798 submit_us=5327 skipped=0 gpu_q=1 gpu_total_us=4600 gpu_prepass_us=0 gpu_main_us=4600 gpu_composite_us=0 gpu_blit_us=0
[frust INFO] frust-perf img skipped=0 evicted=3 resident=60 budget=1024x1024x4
[frust INFO] frust-perf raw n=1287 total_us=16714 rebuild_us=523 layout_us=26 paint_us=34 encode_us=11 acquire_us=11124 submit_us=4993 skipped=0 gpu_q=1 gpu_total_us=4647 gpu_prepass_us=0 gpu_main_us=4647 gpu_composite_us=0 gpu_blit_us=0
[frust INFO] frust-perf img skipped=0 evicted=3 resident=60 budget=1024x1024x4
[frust INFO] frust-perf raw n=1288 total_us=17541 rebuild_us=554 layout_us=20 paint_us=37 encode_us=10 acquire_us=11636 submit_us=5281 skipped=0 gpu_q=1 gpu_total_us=4532 gpu_prepass_us=0 gpu_main_us=4532 gpu_composite_us=0 gpu_blit_us=0
[frust INFO] frust-perf img skipped=0 evicted=3 resident=60 budget=1024x1024x4
[frust INFO] frust-perf raw n=1289 total_us=16829 rebuild_us=546 layout_us=29 paint_us=38 encode_us=12 acquire_us=11360 submit_us=4841 skipped=0 gpu_q=1 gpu_total_us=4674 gpu_prepass_us=0 gpu_main_us=4674 gpu_composite_us=0 gpu_blit_us=0
[frust INFO] frust-perf img skipped=0 evicted=3 resident=60 budget=1024x1024x4
[frust INFO] frust-perf raw n=1290 total_us=17410 rebuild_us=628 layout_us=29 paint_us=39 encode_us=10 acquire_us=11752 submit_us=4950 skipped=0 gpu_q=1 gpu_total_us=4652 gpu_prepass_us=0 gpu_main_us=4652 gpu_composite_us=0 gpu_blit_us=0
[frust INFO] frust-perf img skipped=0 evicted=4 resident=60 budget=1024x1024x4
[frust INFO] frust-perf raw n=1291 total_us=17360 rebuild_us=538 layout_us=26 paint_us=34 encode_us=7 acquire_us=11869 submit_us=4883 skipped=0 gpu_q=1 gpu_total_us=4594 gpu_prepass_us=0 gpu_main_us=4594 gpu_composite_us=0 gpu_blit_us=0
[frust INFO] frust-perf img skipped=0 evicted=3 resident=60 budget=1024x1024x4
[frust INFO] frust-perf raw n=1292 total_us=16715 rebuild_us=538 layout_us=24 paint_us=31 encode_us=7 acquire_us=11499 submit_us=4613 skipped=0 gpu_q=1 gpu_total_us=4661 gpu_prepass_us=0 gpu_main_us=4661 gpu_composite_us=0 gpu_blit_us=0
[frust INFO] frust-perf img skipped=0 evicted=3 resident=60 budget=1024x1024x4
[frust INFO] frust-perf raw n=1293 total_us=17400 rebuild_us=573 layout_us=19 paint_us=37 encode_us=7 acquire_us=12072 submit_us=4689 skipped=0 gpu_q=1 gpu_total_us=4653 gpu_prepass_us=0 gpu_main_us=4653 gpu_composite_us=0 gpu_blit_us=0
[frust INFO] frust-perf img skipped=0 evicted=3 resident=60 budget=1024x1024x4
[frust INFO] frust-perf raw n=1294 total_us=17048 rebuild_us=576 layout_us=23 paint_us=35 encode_us=6 acquire_us=11878 submit_us=4529 skipped=0 gpu_q=1 gpu_total_us=4720 gpu_prepass_us=0 gpu_main_us=4720 gpu_composite_us=0 gpu_blit_us=0
[frust INFO] frust-perf img skipped=0 evicted=3 resident=60 budget=1024x1024x4
[frust INFO] frust-perf raw n=1295 total_us=17859 rebuild_us=561 layout_us=26 paint_us=38 encode_us=6 acquire_us=12148 submit_us=5078 skipped=0 gpu_q=1 gpu_total_us=4708 gpu_prepass_us=0 gpu_main_us=4708 gpu_composite_us=0 gpu_blit_us=0
[frust INFO] frust-perf frame n=120 total_p50_ms=17 total_p95_ms=17 total_p99_ms=18 rebuild_p95_ms=0 layout_p95_ms=0 paint_p95_ms=0 encode_p95_ms=0 acquire_p95_ms=12 submit_p95_ms=5 over_60hz=1139 over_120hz=1286 skipped=0 total_frames=1295
[frust INFO] frust-perf img skipped=0 evicted=3 resident=60 budget=1024x1024x4
[frust INFO] frust-perf raw n=1296 total_us=16789 rebuild_us=591 layout_us=26 paint_us=37 encode_us=6 acquire_us=11641 submit_us=4485 skipped=0 gpu_q=1 gpu_total_us=4539 gpu_prepass_us=0 gpu_main_us=4539 gpu_composite_us=0 gpu_blit_us=0
[frust INFO] frust-perf img skipped=0 evicted=4 resident=60 budget=1024x1024x4
[frust INFO] frust-perf raw n=1297 total_us=18067 rebuild_us=566 layout_us=22 paint_us=35 encode_us=6 acquire_us=11976 submit_us=5460 skipped=0 gpu_q=1 gpu_total_us=4615 gpu_prepass_us=0 gpu_main_us=4615 gpu_composite_us=0 gpu_blit_us=0
[frust INFO] frust-perf img skipped=0 evicted=3 resident=60 budget=1024x1024x4
[frust INFO] frust-perf raw n=1298 total_us=16576 rebuild_us=576 layout_us=27 paint_us=35 encode_us=6 acquire_us=11036 submit_us=4894 skipped=0 gpu_q=1 gpu_total_us=4657 gpu_prepass_us=0 gpu_main_us=4657 gpu_composite_us=0 gpu_blit_us=0
[frust INFO] frust-perf img skipped=0 evicted=3 resident=60 budget=1024x1024x4
[frust INFO] frust-perf raw n=1299 total_us=17193 rebuild_us=569 layout_us=27 paint_us=45 encode_us=6 acquire_us=11837 submit_us=4706 skipped=0 gpu_q=1 gpu_total_us=4597 gpu_prepass_us=0 gpu_main_us=4597 gpu_composite_us=0 gpu_blit_us=0
[frust INFO] frust-perf img skipped=0 evicted=3 resident=60 budget=1024x1024x4
[frust INFO] frust-perf raw n=1300 total_us=17124 rebuild_us=594 layout_us=22 paint_us=34 encode_us=13 acquire_us=11916 submit_us=4543 skipped=0 gpu_q=1 gpu_total_us=4593 gpu_prepass_us=0 gpu_main_us=4593 gpu_composite_us=0 gpu_blit_us=0
[frust INFO] frust-perf img skipped=0 evicted=3 resident=60 budget=1024x1024x4
[frust INFO] frust-perf raw n=1301 total_us=17130 rebuild_us=487 layout_us=28 paint_us=38 encode_us=61 acquire_us=12075 submit_us=4438 skipped=0 gpu_q=1 gpu_total_us=4633 gpu_prepass_us=0 gpu_main_us=4633 gpu_composite_us=0 gpu_blit_us=0
[frust INFO] frust-perf img skipped=0 evicted=4 resident=60 budget=1024x1024x4
[frust INFO] frust-perf raw n=1302 total_us=18274 rebuild_us=584 layout_us=22 paint_us=37 encode_us=7 acquire_us=12063 submit_us=5558 skipped=0 gpu_q=1 gpu_total_us=4600 gpu_prepass_us=0 gpu_main_us=4600 gpu_composite_us=0 gpu_blit_us=0
[frust INFO] frust-perf img skipped=0 evicted=3 resident=60 budget=1024x1024x4
[frust INFO] frust-perf raw n=1303 total_us=16551 rebuild_us=635 layout_us=26 paint_us=35 encode_us=6 acquire_us=11139 submit_us=4709 skipped=0 gpu_q=1 gpu_total_us=4642 gpu_prepass_us=0 gpu_main_us=4642 gpu_composite_us=0 gpu_blit_us=0
[frust INFO] frust-perf img skipped=0 evicted=3 resident=60 budget=1024x1024x4
[frust INFO] frust-perf raw n=1304 total_us=17837 rebuild_us=645 layout_us=29 paint_us=37 encode_us=6 acquire_us=11870 submit_us=5248 skipped=0 gpu_q=1 gpu_total_us=4659 gpu_prepass_us=0 gpu_main_us=4659 gpu_composite_us=0 gpu_blit_us=0
[frust INFO] frust-perf img skipped=0 evicted=3 resident=60 budget=1024x1024x4
[frust INFO] frust-perf raw n=1305 total_us=17056 rebuild_us=610 layout_us=26 paint_us=37 encode_us=13 acquire_us=11394 submit_us=4974 skipped=0 gpu_q=1 gpu_total_us=4517 gpu_prepass_us=0 gpu_main_us=4517 gpu_composite_us=0 gpu_blit_us=0
[frust INFO] frust-perf img skipped=0 evicted=3 resident=60 budget=1024x1024x4
[frust INFO] frust-perf raw n=1306 total_us=17421 rebuild_us=564 layout_us=24 paint_us=34 encode_us=7 acquire_us=11831 submit_us=4959 skipped=0 gpu_q=1 gpu_total_us=4684 gpu_prepass_us=0 gpu_main_us=4684 gpu_composite_us=0 gpu_blit_us=0
[frust INFO] frust-perf img skipped=0 evicted=4 resident=60 budget=1024x1024x4
[frust INFO] frust-perf raw n=1307 total_us=17469 rebuild_us=635 layout_us=26 paint_us=42 encode_us=15 acquire_us=11487 submit_us=5263 skipped=0 gpu_q=1 gpu_total_us=4601 gpu_prepass_us=0 gpu_main_us=4601 gpu_composite_us=0 gpu_blit_us=0
[frust INFO] frust-perf img skipped=0 evicted=3 resident=60 budget=1024x1024x4
[frust INFO] frust-perf raw n=1308 total_us=16736 rebuild_us=567 layout_us=28 paint_us=32 encode_us=8 acquire_us=11287 submit_us=4812 skipped=0 gpu_q=1 gpu_total_us=4736 gpu_prepass_us=0 gpu_main_us=4736 gpu_composite_us=0 gpu_blit_us=0
[frust INFO] frust-perf img skipped=0 evicted=3 resident=60 budget=1024x1024x4
[frust INFO] frust-perf raw n=1309 total_us=17181 rebuild_us=651 layout_us=25 paint_us=32 encode_us=7 acquire_us=11866 submit_us=4597 skipped=0 gpu_q=1 gpu_total_us=4616 gpu_prepass_us=0 gpu_main_us=4616 gpu_composite_us=0 gpu_blit_us=0
[frust INFO] frust-perf img skipped=0 evicted=3 resident=60 budget=1024x1024x4
[frust INFO] frust-perf raw n=1310 total_us=17748 rebuild_us=626 layout_us=27 paint_us=44 encode_us=5 acquire_us=11894 submit_us=5150 skipped=0 gpu_q=1 gpu_total_us=4646 gpu_prepass_us=0 gpu_main_us=4646 gpu_composite_us=0 gpu_blit_us=0
[frust INFO] frust-perf img skipped=0 evicted=3 resident=60 budget=1024x1024x4
[frust INFO] frust-perf raw n=1311 total_us=17030 rebuild_us=614 layout_us=27 paint_us=37 encode_us=9 acquire_us=11749 submit_us=4592 skipped=0 gpu_q=1 gpu_total_us=4577 gpu_prepass_us=0 gpu_main_us=4577 gpu_composite_us=0 gpu_blit_us=0
[frust INFO] frust-perf img skipped=0 evicted=4 resident=60 budget=1024x1024x4
[frust INFO] frust-perf raw n=1312 total_us=17888 rebuild_us=549 layout_us=29 paint_us=31 encode_us=7 acquire_us=11888 submit_us=5382 skipped=0 gpu_q=1 gpu_total_us=4684 gpu_prepass_us=0 gpu_main_us=4684 gpu_composite_us=0 gpu_blit_us=0
[frust INFO] frust-perf img skipped=0 evicted=3 resident=60 budget=1024x1024x4
[frust INFO] frust-perf raw n=1313 total_us=16496 rebuild_us=530 layout_us=24 paint_us=29 encode_us=15 acquire_us=11193 submit_us=4702 skipped=0 gpu_q=1 gpu_total_us=4664 gpu_prepass_us=0 gpu_main_us=4664 gpu_composite_us=0 gpu_blit_us=0
[frust INFO] frust-perf img skipped=0 evicted=3 resident=60 budget=1024x1024x4
[frust INFO] frust-perf raw n=1314 total_us=17075 rebuild_us=553 layout_us=23 paint_us=38 encode_us=10 acquire_us=11900 submit_us=4549 skipped=0 gpu_q=1 gpu_total_us=4565 gpu_prepass_us=0 gpu_main_us=4565 gpu_composite_us=0 gpu_blit_us=0
[frust INFO] frust-perf img skipped=0 evicted=3 resident=60 budget=1024x1024x4
[frust INFO] frust-perf raw n=1315 total_us=17744 rebuild_us=519 layout_us=25 paint_us=32 encode_us=6 acquire_us=12084 submit_us=5076 skipped=0 gpu_q=1 gpu_total_us=4531 gpu_prepass_us=0 gpu_main_us=4531 gpu_composite_us=0 gpu_blit_us=0
[frust INFO] frust-perf img skipped=0 evicted=3 resident=60 budget=1024x1024x4
[frust INFO] frust-perf raw n=1316 total_us=17065 rebuild_us=606 layout_us=23 paint_us=41 encode_us=13 acquire_us=11674 submit_us=4706 skipped=0 gpu_q=1 gpu_total_us=4605 gpu_prepass_us=0 gpu_main_us=4605 gpu_composite_us=0 gpu_blit_us=0
[frust INFO] frust-perf img skipped=0 evicted=4 resident=60 budget=1024x1024x4
[frust INFO] frust-perf raw n=1317 total_us=18088 rebuild_us=532 layout_us=28 paint_us=33 encode_us=7 acquire_us=11825 submit_us=5661 skipped=0 gpu_q=1 gpu_total_us=4602 gpu_prepass_us=0 gpu_main_us=4602 gpu_composite_us=0 gpu_blit_us=0
[frust INFO] frust-perf img skipped=0 evicted=3 resident=60 budget=1024x1024x4
[frust INFO] frust-perf raw n=1318 total_us=16413 rebuild_us=555 layout_us=19 paint_us=29 encode_us=15 acquire_us=10849 submit_us=4944 skipped=0 gpu_q=1 gpu_total_us=4524 gpu_prepass_us=0 gpu_main_us=4524 gpu_composite_us=0 gpu_blit_us=0
[frust INFO] frust-perf img skipped=0 evicted=3 resident=60 budget=1024x1024x4
[frust INFO] frust-perf raw n=1319 total_us=17076 rebuild_us=545 layout_us=29 paint_us=39 encode_us=14 acquire_us=11747 submit_us=4699 skipped=0 gpu_q=1 gpu_total_us=4659 gpu_prepass_us=0 gpu_main_us=4659 gpu_composite_us=0 gpu_blit_us=0
[frust INFO] frust-perf img skipped=0 evicted=3 resident=60 budget=1024x1024x4
[frust INFO] frust-perf enc n=1320 w=60 validate_us=4.1 prepare_us=4.4 classify_us=10.6 admit_us=0.5 walk_us=1426.8 glyphs_us=108.0 finish_us=3.1 compile_us=1508.4 schedule_us=4.9 paints_us=18.8 instances_us=76.8 resize_us=3.4 upload_us=1821.0 replay_us=0.7 pipelines_us=19.1 record_us=35.6 total_us=3496.8 total_p95_us=4038.3 draws=29 strips=2111 alphas=51696 glyph_draws=17 atlas_glyphs=17
[frust INFO] frust-perf raw n=1320 total_us=17094 rebuild_us=506 layout_us=27 paint_us=31 encode_us=16 acquire_us=11685 submit_us=4828 skipped=0 gpu_q=1 gpu_total_us=4497 gpu_prepass_us=0 gpu_main_us=4497 gpu_composite_us=0 gpu_blit_us=0
[frust INFO] frust-perf img skipped=0 evicted=3 resident=60 budget=1024x1024x4
[frust INFO] frust-perf raw n=1321 total_us=17638 rebuild_us=533 layout_us=20 paint_us=34 encode_us=13 acquire_us=12156 submit_us=4881 skipped=0 gpu_q=1 gpu_total_us=4628 gpu_prepass_us=0 gpu_main_us=4628 gpu_composite_us=0 gpu_blit_us=0
[frust INFO] frust-perf img skipped=0 evicted=4 resident=60 budget=1024x1024x4
[frust INFO] frust-perf raw n=1322 total_us=17453 rebuild_us=536 layout_us=27 paint_us=34 encode_us=13 acquire_us=11394 submit_us=5447 skipped=0 gpu_q=1 gpu_total_us=4487 gpu_prepass_us=0 gpu_main_us=4487 gpu_composite_us=0 gpu_blit_us=0
[frust INFO] frust-perf img skipped=0 evicted=3 resident=60 budget=1024x1024x4
[frust INFO] frust-perf raw n=1323 total_us=16263 rebuild_us=553 layout_us=28 paint_us=33 encode_us=10 acquire_us=11164 submit_us=4473 skipped=0 gpu_q=1 gpu_total_us=4705 gpu_prepass_us=0 gpu_main_us=4705 gpu_composite_us=0 gpu_blit_us=0
[frust INFO] frust-perf img skipped=0 evicted=3 resident=60 budget=1024x1024x4
[frust INFO] frust-perf raw n=1324 total_us=17311 rebuild_us=526 layout_us=28 paint_us=37 encode_us=11 acquire_us=12263 submit_us=4444 skipped=0 gpu_q=1 gpu_total_us=4628 gpu_prepass_us=0 gpu_main_us=4628 gpu_composite_us=0 gpu_blit_us=0
[frust INFO] frust-perf img skipped=0 evicted=3 resident=60 budget=1024x1024x4
[frust INFO] frust-perf raw n=1325 total_us=17973 rebuild_us=538 layout_us=22 paint_us=37 encode_us=6 acquire_us=12157 submit_us=5211 skipped=0 gpu_q=1 gpu_total_us=4673 gpu_prepass_us=0 gpu_main_us=4673 gpu_composite_us=0 gpu_blit_us=0
[frust INFO] frust-perf img skipped=0 evicted=3 resident=60 budget=1024x1024x4
[frust INFO] frust-perf raw n=1326 total_us=16734 rebuild_us=573 layout_us=26 paint_us=36 encode_us=12 acquire_us=11373 submit_us=4711 skipped=0 gpu_q=1 gpu_total_us=4667 gpu_prepass_us=0 gpu_main_us=4667 gpu_composite_us=0 gpu_blit_us=0
[frust INFO] frust-perf img skipped=0 evicted=4 resident=60 budget=1024x1024x4
[frust INFO] frust-perf raw n=1327 total_us=17664 rebuild_us=483 layout_us=26 paint_us=30 encode_us=10 acquire_us=11865 submit_us=5249 skipped=0 gpu_q=1 gpu_total_us=4624 gpu_prepass_us=0 gpu_main_us=4624 gpu_composite_us=0 gpu_blit_us=0
[frust INFO] frust-perf img skipped=0 evicted=3 resident=60 budget=1024x1024x4
[frust INFO] frust-perf raw n=1328 total_us=16634 rebuild_us=469 layout_us=24 paint_us=39 encode_us=10 acquire_us=11386 submit_us=4704 skipped=0 gpu_q=1 gpu_total_us=4722 gpu_prepass_us=0 gpu_main_us=4722 gpu_composite_us=0 gpu_blit_us=0
[frust INFO] frust-perf img skipped=0 evicted=3 resident=60 budget=1024x1024x4
[frust INFO] frust-perf raw n=1329 total_us=17107 rebuild_us=473 layout_us=23 paint_us=32 encode_us=11 acquire_us=11967 submit_us=4599 skipped=0 gpu_q=1 gpu_total_us=4663 gpu_prepass_us=0 gpu_main_us=4663 gpu_composite_us=0 gpu_blit_us=0
[frust INFO] frust-perf img skipped=0 evicted=3 resident=60 budget=1024x1024x4
[frust INFO] frust-perf raw n=1330 total_us=17531 rebuild_us=532 layout_us=21 paint_us=32 encode_us=13 acquire_us=12050 submit_us=4880 skipped=0 gpu_q=1 gpu_total_us=4656 gpu_prepass_us=0 gpu_main_us=4656 gpu_composite_us=0 gpu_blit_us=0
[frust INFO] frust-perf img skipped=0 evicted=3 resident=60 budget=1024x1024x4
[frust INFO] frust-perf raw n=1331 total_us=17194 rebuild_us=523 layout_us=27 paint_us=31 encode_us=11 acquire_us=11746 submit_us=4854 skipped=0 gpu_q=1 gpu_total_us=4648 gpu_prepass_us=0 gpu_main_us=4648 gpu_composite_us=0 gpu_blit_us=0
[frust INFO] frust-perf img skipped=0 evicted=4 resident=60 budget=1024x1024x4
[frust INFO] frust-perf raw n=1332 total_us=17622 rebuild_us=546 layout_us=26 paint_us=35 encode_us=10 acquire_us=11572 submit_us=5431 skipped=0 gpu_q=1 gpu_total_us=4604 gpu_prepass_us=0 gpu_main_us=4604 gpu_composite_us=0 gpu_blit_us=0
[frust INFO] frust-perf img skipped=0 evicted=3 resident=60 budget=1024x1024x4
[frust INFO] frust-perf raw n=1333 total_us=16803 rebuild_us=532 layout_us=28 paint_us=39 encode_us=15 acquire_us=11202 submit_us=4986 skipped=0 gpu_q=1 gpu_total_us=4639 gpu_prepass_us=0 gpu_main_us=4639 gpu_composite_us=0 gpu_blit_us=0
[frust INFO] frust-perf img skipped=0 evicted=3 resident=60 budget=1024x1024x4
[frust INFO] frust-perf raw n=1334 total_us=17132 rebuild_us=526 layout_us=24 paint_us=33 encode_us=10 acquire_us=11603 submit_us=4932 skipped=0 gpu_q=1 gpu_total_us=4643 gpu_prepass_us=0 gpu_main_us=4643 gpu_composite_us=0 gpu_blit_us=0
[frust INFO] frust-perf img skipped=0 evicted=3 resident=60 budget=1024x1024x4
[frust INFO] frust-perf raw n=1335 total_us=17153 rebuild_us=542 layout_us=24 paint_us=39 encode_us=11 acquire_us=11641 submit_us=4894 skipped=0 gpu_q=1 gpu_total_us=4634 gpu_prepass_us=0 gpu_main_us=4634 gpu_composite_us=0 gpu_blit_us=0
[frust INFO] frust-perf img skipped=0 evicted=3 resident=60 budget=1024x1024x4
[frust INFO] frust-perf raw n=1336 total_us=17077 rebuild_us=489 layout_us=24 paint_us=33 encode_us=9 acquire_us=11898 submit_us=4621 skipped=0 gpu_q=1 gpu_total_us=4667 gpu_prepass_us=0 gpu_main_us=4667 gpu_composite_us=0 gpu_blit_us=0
[frust INFO] frust-perf img skipped=0 evicted=4 resident=60 budget=1024x1024x4
[frust INFO] frust-perf raw n=1337 total_us=17839 rebuild_us=469 layout_us=20 paint_us=38 encode_us=13 acquire_us=11883 submit_us=5413 skipped=0 gpu_q=1 gpu_total_us=4595 gpu_prepass_us=0 gpu_main_us=4595 gpu_composite_us=0 gpu_blit_us=0
[frust INFO] frust-perf img skipped=0 evicted=3 resident=60 budget=1024x1024x4
[frust INFO] frust-perf raw n=1338 total_us=16772 rebuild_us=542 layout_us=23 paint_us=34 encode_us=14 acquire_us=11115 submit_us=5042 skipped=0 gpu_q=1 gpu_total_us=4621 gpu_prepass_us=0 gpu_main_us=4621 gpu_composite_us=0 gpu_blit_us=0
[frust INFO] frust-perf img skipped=0 evicted=3 resident=60 budget=1024x1024x4
[frust INFO] frust-perf raw n=1339 total_us=17022 rebuild_us=560 layout_us=39 paint_us=36 encode_us=10 acquire_us=11558 submit_us=4817 skipped=0 gpu_q=1 gpu_total_us=4718 gpu_prepass_us=0 gpu_main_us=4718 gpu_composite_us=0 gpu_blit_us=0
[frust INFO] frust-perf img skipped=0 evicted=3 resident=60 budget=1024x1024x4
[frust INFO] frust-perf raw n=1340 total_us=17333 rebuild_us=546 layout_us=19 paint_us=33 encode_us=10 acquire_us=11747 submit_us=4974 skipped=0 gpu_q=1 gpu_total_us=4711 gpu_prepass_us=0 gpu_main_us=4711 gpu_composite_us=0 gpu_blit_us=0
[frust INFO] frust-perf img skipped=0 evicted=3 resident=60 budget=1024x1024x4
[frust INFO] frust-perf raw n=1341 total_us=17329 rebuild_us=540 layout_us=23 paint_us=37 encode_us=11 acquire_us=11866 submit_us=4849 skipped=0 gpu_q=1 gpu_total_us=4660 gpu_prepass_us=0 gpu_main_us=4660 gpu_composite_us=0 gpu_blit_us=0
[frust INFO] frust-perf img skipped=0 evicted=4 resident=60 budget=1024x1024x4
[frust INFO] frust-perf raw n=1342 total_us=17558 rebuild_us=523 layout_us=24 paint_us=38 encode_us=14 acquire_us=11481 submit_us=5476 skipped=0 gpu_q=1 gpu_total_us=4590 gpu_prepass_us=0 gpu_main_us=4590 gpu_composite_us=0 gpu_blit_us=0
[frust INFO] frust-perf img skipped=0 evicted=3 resident=60 budget=1024x1024x4
[frust INFO] frust-perf raw n=1343 total_us=16759 rebuild_us=511 layout_us=23 paint_us=34 encode_us=12 acquire_us=11149 submit_us=5027 skipped=0 gpu_q=1 gpu_total_us=4619 gpu_prepass_us=0 gpu_main_us=4619 gpu_composite_us=0 gpu_blit_us=0
[frust INFO] frust-perf img skipped=0 evicted=3 resident=60 budget=1024x1024x4
[frust INFO] frust-perf raw n=1344 total_us=16894 rebuild_us=530 layout_us=29 paint_us=37 encode_us=10 acquire_us=11559 submit_us=4727 skipped=0 gpu_q=1 gpu_total_us=4678 gpu_prepass_us=0 gpu_main_us=4678 gpu_composite_us=0 gpu_blit_us=0
[frust INFO] frust-perf img skipped=0 evicted=3 resident=60 budget=1024x1024x4
[frust INFO] frust-perf raw n=1345 total_us=17430 rebuild_us=519 layout_us=26 paint_us=34 encode_us=10 acquire_us=11918 submit_us=4920 skipped=0 gpu_q=1 gpu_total_us=4628 gpu_prepass_us=0 gpu_main_us=4628 gpu_composite_us=0 gpu_blit_us=0
[frust INFO] frust-perf img skipped=0 evicted=3 resident=60 budget=1024x1024x4
[frust INFO] frust-perf raw n=1346 total_us=17412 rebuild_us=521 layout_us=24 paint_us=36 encode_us=11 acquire_us=11898 submit_us=4920 skipped=0 gpu_q=1 gpu_total_us=4594 gpu_prepass_us=0 gpu_main_us=4594 gpu_composite_us=0 gpu_blit_us=0
[frust INFO] frust-perf img skipped=0 evicted=4 resident=60 budget=1024x1024x4
[frust INFO] frust-perf raw n=1347 total_us=17429 rebuild_us=545 layout_us=24 paint_us=33 encode_us=13 acquire_us=11457 submit_us=5354 skipped=0 gpu_q=1 gpu_total_us=4610 gpu_prepass_us=0 gpu_main_us=4610 gpu_composite_us=0 gpu_blit_us=0
[frust INFO] frust-perf img skipped=0 evicted=3 resident=60 budget=1024x1024x4
[frust INFO] frust-perf raw n=1348 total_us=17154 rebuild_us=506 layout_us=24 paint_us=32 encode_us=10 acquire_us=11252 submit_us=5327 skipped=0 gpu_q=1 gpu_total_us=4663 gpu_prepass_us=0 gpu_main_us=4663 gpu_composite_us=0 gpu_blit_us=0
[frust INFO] frust-perf img skipped=0 evicted=3 resident=60 budget=1024x1024x4
[frust INFO] frust-perf raw n=1349 total_us=16764 rebuild_us=547 layout_us=27 paint_us=35 encode_us=13 acquire_us=11255 submit_us=4884 skipped=0 gpu_q=1 gpu_total_us=4796 gpu_prepass_us=0 gpu_main_us=4796 gpu_composite_us=0 gpu_blit_us=0
[frust INFO] frust-perf img skipped=0 evicted=3 resident=60 budget=1024x1024x4
[frust INFO] frust-perf raw n=1350 total_us=17210 rebuild_us=470 layout_us=19 paint_us=38 encode_us=10 acquire_us=11785 submit_us=4886 skipped=0 gpu_q=1 gpu_total_us=4638 gpu_prepass_us=0 gpu_main_us=4638 gpu_composite_us=0 gpu_blit_us=0
[frust INFO] frust-perf img skipped=0 evicted=3 resident=60 budget=1024x1024x4
[frust INFO] frust-perf raw n=1351 total_us=17176 rebuild_us=525 layout_us=23 paint_us=31 encode_us=13 acquire_us=11649 submit_us=4932 skipped=0 gpu_q=1 gpu_total_us=4626 gpu_prepass_us=0 gpu_main_us=4626 gpu_composite_us=0 gpu_blit_us=0
[frust INFO] frust-perf img skipped=0 evicted=3 resident=60 budget=1024x1024x4
[frust INFO] frust-perf raw n=1352 total_us=17078 rebuild_us=531 layout_us=28 paint_us=32 encode_us=10 acquire_us=11794 submit_us=4681 skipped=0 gpu_q=1 gpu_total_us=4606 gpu_prepass_us=0 gpu_main_us=4606 gpu_composite_us=0 gpu_blit_us=0
[frust INFO] frust-perf img skipped=0 evicted=4 resident=60 budget=1024x1024x4
[frust INFO] frust-perf raw n=1353 total_us=17830 rebuild_us=549 layout_us=25 paint_us=29 encode_us=14 acquire_us=11750 submit_us=5462 skipped=0 gpu_q=1 gpu_total_us=4652 gpu_prepass_us=0 gpu_main_us=4652 gpu_composite_us=0 gpu_blit_us=0
[frust INFO] frust-perf img skipped=0 evicted=3 resident=60 budget=1024x1024x4
[frust INFO] frust-perf raw n=1354 total_us=16648 rebuild_us=518 layout_us=27 paint_us=39 encode_us=9 acquire_us=11230 submit_us=4823 skipped=0 gpu_q=1 gpu_total_us=4633 gpu_prepass_us=0 gpu_main_us=4633 gpu_composite_us=0 gpu_blit_us=0
[frust INFO] frust-perf img skipped=0 evicted=3 resident=60 budget=1024x1024x4
[frust INFO] frust-perf raw n=1355 total_us=17190 rebuild_us=526 layout_us=24 paint_us=34 encode_us=9 acquire_us=11761 submit_us=4834 skipped=0 gpu_q=1 gpu_total_us=4743 gpu_prepass_us=0 gpu_main_us=4743 gpu_composite_us=0 gpu_blit_us=0
[frust INFO] frust-perf img skipped=0 evicted=3 resident=60 budget=1024x1024x4
[frust INFO] frust-perf raw n=1356 total_us=17356 rebuild_us=527 layout_us=24 paint_us=35 encode_us=14 acquire_us=11720 submit_us=5034 skipped=0 gpu_q=1 gpu_total_us=4643 gpu_prepass_us=0 gpu_main_us=4643 gpu_composite_us=0 gpu_blit_us=0
[frust INFO] frust-perf img skipped=0 evicted=3 resident=60 budget=1024x1024x4
[frust INFO] frust-perf raw n=1357 total_us=17139 rebuild_us=508 layout_us=28 paint_us=31 encode_us=11 acquire_us=11865 submit_us=4694 skipped=0 gpu_q=1 gpu_total_us=4608 gpu_prepass_us=0 gpu_main_us=4608 gpu_composite_us=0 gpu_blit_us=0
[frust INFO] frust-perf img skipped=0 evicted=4 resident=60 budget=1024x1024x4
[frust INFO] frust-perf raw n=1358 total_us=17698 rebuild_us=525 layout_us=26 paint_us=39 encode_us=14 acquire_us=11642 submit_us=5448 skipped=0 gpu_q=1 gpu_total_us=4691 gpu_prepass_us=0 gpu_main_us=4691 gpu_composite_us=0 gpu_blit_us=0
[frust INFO] frust-perf img skipped=0 evicted=3 resident=60 budget=1024x1024x4
[frust INFO] frust-perf raw n=1359 total_us=16830 rebuild_us=534 layout_us=27 paint_us=38 encode_us=14 acquire_us=11152 submit_us=5063 skipped=0 gpu_q=1 gpu_total_us=4648 gpu_prepass_us=0 gpu_main_us=4648 gpu_composite_us=0 gpu_blit_us=0
[frust INFO] frust-perf img skipped=0 evicted=3 resident=60 budget=1024x1024x4
[frust INFO] frust-perf raw n=1360 total_us=17114 rebuild_us=550 layout_us=28 paint_us=36 encode_us=10 acquire_us=11523 submit_us=4963 skipped=0 gpu_q=1 gpu_total_us=4634 gpu_prepass_us=0 gpu_main_us=4634 gpu_composite_us=0 gpu_blit_us=0
[frust INFO] frust-perf img skipped=0 evicted=3 resident=60 budget=1024x1024x4
[frust INFO] frust-perf raw n=1361 total_us=17305 rebuild_us=533 layout_us=22 paint_us=30 encode_us=14 acquire_us=11654 submit_us=5050 skipped=0 gpu_q=1 gpu_total_us=4650 gpu_prepass_us=0 gpu_main_us=4650 gpu_composite_us=0 gpu_blit_us=0
[frust INFO] frust-perf img skipped=0 evicted=3 resident=60 budget=1024x1024x4
[frust INFO] frust-perf raw n=1362 total_us=17474 rebuild_us=555 layout_us=27 paint_us=37 encode_us=15 acquire_us=11800 submit_us=5037 skipped=0 gpu_q=1 gpu_total_us=4565 gpu_prepass_us=0 gpu_main_us=4565 gpu_composite_us=0 gpu_blit_us=0
[frust INFO] frust-perf img skipped=0 evicted=4 resident=60 budget=1024x1024x4
[frust INFO] frust-perf raw n=1363 total_us=17392 rebuild_us=520 layout_us=28 paint_us=40 encode_us=11 acquire_us=11286 submit_us=5505 skipped=0 gpu_q=1 gpu_total_us=4645 gpu_prepass_us=0 gpu_main_us=4645 gpu_composite_us=0 gpu_blit_us=0
[frust INFO] frust-perf img skipped=0 evicted=3 resident=60 budget=1024x1024x4
[frust INFO] frust-perf raw n=1364 total_us=16628 rebuild_us=504 layout_us=27 paint_us=39 encode_us=11 acquire_us=11071 submit_us=4974 skipped=0 gpu_q=1 gpu_total_us=4667 gpu_prepass_us=0 gpu_main_us=4667 gpu_composite_us=0 gpu_blit_us=0
[frust INFO] frust-perf img skipped=0 evicted=3 resident=60 budget=1024x1024x4
[frust INFO] frust-perf raw n=1365 total_us=17086 rebuild_us=543 layout_us=28 paint_us=37 encode_us=13 acquire_us=11618 submit_us=4844 skipped=0 gpu_q=1 gpu_total_us=4642 gpu_prepass_us=0 gpu_main_us=4642 gpu_composite_us=0 gpu_blit_us=0
[frust INFO] frust-perf img skipped=0 evicted=3 resident=60 budget=1024x1024x4
[frust INFO] frust-perf raw n=1366 total_us=17466 rebuild_us=520 layout_us=25 paint_us=34 encode_us=11 acquire_us=11718 submit_us=5155 skipped=0 gpu_q=1 gpu_total_us=4647 gpu_prepass_us=0 gpu_main_us=4647 gpu_composite_us=0 gpu_blit_us=0
[frust INFO] frust-perf img skipped=0 evicted=3 resident=60 budget=1024x1024x4
[frust INFO] frust-perf raw n=1367 total_us=16978 rebuild_us=522 layout_us=26 paint_us=36 encode_us=13 acquire_us=11459 submit_us=4919 skipped=0 gpu_q=1 gpu_total_us=4711 gpu_prepass_us=0 gpu_main_us=4711 gpu_composite_us=0 gpu_blit_us=0
[frust INFO] frust-perf img skipped=0 evicted=4 resident=60 budget=1024x1024x4
[frust INFO] frust-perf raw n=1368 total_us=17769 rebuild_us=525 layout_us=28 paint_us=39 encode_us=11 acquire_us=11779 submit_us=5384 skipped=0 gpu_q=1 gpu_total_us=4652 gpu_prepass_us=0 gpu_main_us=4652 gpu_composite_us=0 gpu_blit_us=0
[frust INFO] frust-perf img skipped=0 evicted=3 resident=60 budget=1024x1024x4
[frust INFO] frust-perf raw n=1369 total_us=16604 rebuild_us=515 layout_us=23 paint_us=36 encode_us=10 acquire_us=11131 submit_us=4885 skipped=0 gpu_q=1 gpu_total_us=4777 gpu_prepass_us=0 gpu_main_us=4777 gpu_composite_us=0 gpu_blit_us=0
[frust INFO] frust-perf img skipped=0 evicted=3 resident=60 budget=1024x1024x4
[frust INFO] frust-perf raw n=1370 total_us=17486 rebuild_us=551 layout_us=26 paint_us=34 encode_us=13 acquire_us=11866 submit_us=4995 skipped=0 gpu_q=1 gpu_total_us=4654 gpu_prepass_us=0 gpu_main_us=4654 gpu_composite_us=0 gpu_blit_us=0
[frust INFO] frust-perf img skipped=0 evicted=3 resident=60 budget=1024x1024x4
[frust INFO] frust-perf raw n=1371 total_us=17228 rebuild_us=554 layout_us=25 paint_us=33 encode_us=11 acquire_us=11588 submit_us=5016 skipped=0 gpu_q=1 gpu_total_us=4673 gpu_prepass_us=0 gpu_main_us=4673 gpu_composite_us=0 gpu_blit_us=0
[frust INFO] frust-perf img skipped=0 evicted=3 resident=60 budget=1024x1024x4
[frust INFO] frust-perf raw n=1372 total_us=17355 rebuild_us=545 layout_us=28 paint_us=34 encode_us=10 acquire_us=11747 submit_us=4988 skipped=0 gpu_q=1 gpu_total_us=4663 gpu_prepass_us=0 gpu_main_us=4663 gpu_composite_us=0 gpu_blit_us=0
[frust INFO] frust-perf img skipped=0 evicted=4 resident=60 budget=1024x1024x4
[frust INFO] frust-perf raw n=1373 total_us=17420 rebuild_us=530 layout_us=23 paint_us=31 encode_us=12 acquire_us=11321 submit_us=5500 skipped=0 gpu_q=1 gpu_total_us=4653 gpu_prepass_us=0 gpu_main_us=4653 gpu_composite_us=0 gpu_blit_us=0
[frust INFO] frust-perf img skipped=0 evicted=3 resident=60 budget=1024x1024x4
[frust INFO] frust-perf raw n=1374 total_us=16420 rebuild_us=547 layout_us=28 paint_us=40 encode_us=10 acquire_us=11086 submit_us=4707 skipped=0 gpu_q=1 gpu_total_us=4665 gpu_prepass_us=0 gpu_main_us=4665 gpu_composite_us=0 gpu_blit_us=0
[frust INFO] frust-perf img skipped=0 evicted=3 resident=60 budget=1024x1024x4
[frust INFO] frust-perf raw n=1375 total_us=17509 rebuild_us=513 layout_us=24 paint_us=31 encode_us=13 acquire_us=11959 submit_us=4966 skipped=0 gpu_q=1 gpu_total_us=4670 gpu_prepass_us=0 gpu_main_us=4670 gpu_composite_us=0 gpu_blit_us=0
[frust INFO] frust-perf img skipped=0 evicted=3 resident=60 budget=1024x1024x4
[frust INFO] frust-perf raw n=1376 total_us=17086 rebuild_us=473 layout_us=28 paint_us=34 encode_us=11 acquire_us=11603 submit_us=4933 skipped=0 gpu_q=1 gpu_total_us=4719 gpu_prepass_us=0 gpu_main_us=4719 gpu_composite_us=0 gpu_blit_us=0
[frust INFO] frust-perf img skipped=0 evicted=3 resident=60 budget=1024x1024x4
[frust INFO] frust-perf raw n=1377 total_us=17198 rebuild_us=599 layout_us=26 paint_us=37 encode_us=15 acquire_us=11613 submit_us=4906 skipped=0 gpu_q=1 gpu_total_us=4623 gpu_prepass_us=0 gpu_main_us=4623 gpu_composite_us=0 gpu_blit_us=0
[frust INFO] frust-perf img skipped=0 evicted=4 resident=60 budget=1024x1024x4
[frust INFO] frust-perf raw n=1378 total_us=18450 rebuild_us=574 layout_us=27 paint_us=36 encode_us=7 acquire_us=12046 submit_us=5758 skipped=0 gpu_q=1 gpu_total_us=4583 gpu_prepass_us=0 gpu_main_us=4583 gpu_composite_us=0 gpu_blit_us=0
[frust INFO] frust-perf img skipped=0 evicted=3 resident=60 budget=1024x1024x4
[frust INFO] frust-perf raw n=1379 total_us=16635 rebuild_us=600 layout_us=25 paint_us=44 encode_us=7 acquire_us=10679 submit_us=5278 skipped=0 gpu_q=1 gpu_total_us=4645 gpu_prepass_us=0 gpu_main_us=4645 gpu_composite_us=0 gpu_blit_us=0
[frust INFO] frust-perf img skipped=0 evicted=3 resident=60 budget=1024x1024x4
[frust INFO] frust-perf enc n=1380 w=60 validate_us=3.8 prepare_us=6.1 classify_us=11.3 admit_us=0.7 walk_us=1445.7 glyphs_us=108.1 finish_us=3.3 compile_us=1532.9 schedule_us=4.9 paints_us=18.7 instances_us=77.2 resize_us=3.6 upload_us=1863.2 replay_us=0.8 pipelines_us=19.9 record_us=38.8 total_us=3564.1 total_p95_us=4092.9 draws=29 strips=2111 alphas=51696 glyph_draws=17 atlas_glyphs=17
[frust INFO] frust-perf raw n=1380 total_us=16733 rebuild_us=605 layout_us=21 paint_us=37 encode_us=7 acquire_us=11337 submit_us=4724 skipped=0 gpu_q=1 gpu_total_us=4659 gpu_prepass_us=0 gpu_main_us=4659 gpu_composite_us=0 gpu_blit_us=0
[frust INFO] frust-perf img skipped=0 evicted=3 resident=60 budget=1024x1024x4
[frust INFO] frust-perf raw n=1381 total_us=17610 rebuild_us=559 layout_us=28 paint_us=33 encode_us=6 acquire_us=11760 submit_us=5221 skipped=0 gpu_q=1 gpu_total_us=4577 gpu_prepass_us=0 gpu_main_us=4577 gpu_composite_us=0 gpu_blit_us=0
[frust INFO] frust-perf img skipped=0 evicted=3 resident=60 budget=1024x1024x4
[frust INFO] frust-perf raw n=1382 total_us=17428 rebuild_us=618 layout_us=27 paint_us=38 encode_us=18 acquire_us=11503 submit_us=5222 skipped=0 gpu_q=1 gpu_total_us=4720 gpu_prepass_us=0 gpu_main_us=4720 gpu_composite_us=0 gpu_blit_us=0
[frust INFO] frust-perf img skipped=0 evicted=4 resident=60 budget=1024x1024x4
[frust INFO] frust-perf raw n=1383 total_us=17233 rebuild_us=579 layout_us=28 paint_us=37 encode_us=8 acquire_us=11493 submit_us=5086 skipped=0 gpu_q=1 gpu_total_us=4527 gpu_prepass_us=0 gpu_main_us=4527 gpu_composite_us=0 gpu_blit_us=0
[frust INFO] frust-perf img skipped=0 evicted=3 resident=60 budget=1024x1024x4
[frust INFO] frust-perf raw n=1384 total_us=17743 rebuild_us=620 layout_us=22 paint_us=38 encode_us=6 acquire_us=11554 submit_us=5502 skipped=0 gpu_q=1 gpu_total_us=4682 gpu_prepass_us=0 gpu_main_us=4682 gpu_composite_us=0 gpu_blit_us=0
[frust INFO] frust-perf img skipped=0 evicted=3 resident=60 budget=1024x1024x4
[frust INFO] frust-perf raw n=1385 total_us=16351 rebuild_us=621 layout_us=30 paint_us=45 encode_us=15 acquire_us=10945 submit_us=4693 skipped=0 gpu_q=1 gpu_total_us=4646 gpu_prepass_us=0 gpu_main_us=4646 gpu_composite_us=0 gpu_blit_us=0
[frust INFO] frust-perf img skipped=0 evicted=3 resident=60 budget=1024x1024x4
[frust INFO] frust-perf raw n=1386 total_us=17083 rebuild_us=558 layout_us=26 paint_us=34 encode_us=11 acquire_us=11814 submit_us=4639 skipped=0 gpu_q=1 gpu_total_us=4705 gpu_prepass_us=0 gpu_main_us=4705 gpu_composite_us=0 gpu_blit_us=0
[frust INFO] frust-perf img skipped=0 evicted=3 resident=60 budget=1024x1024x4
[frust INFO] frust-perf raw n=1387 total_us=17801 rebuild_us=521 layout_us=24 paint_us=38 encode_us=6 acquire_us=12129 submit_us=5080 skipped=0 gpu_q=1 gpu_total_us=4733 gpu_prepass_us=0 gpu_main_us=4733 gpu_composite_us=0 gpu_blit_us=0
[frust INFO] frust-perf img skipped=0 evicted=4 resident=60 budget=1024x1024x4
[frust INFO] frust-perf raw n=1388 total_us=17208 rebuild_us=545 layout_us=27 paint_us=36 encode_us=16 acquire_us=11373 submit_us=5208 skipped=0 gpu_q=1 gpu_total_us=4652 gpu_prepass_us=0 gpu_main_us=4652 gpu_composite_us=0 gpu_blit_us=0
[frust INFO] frust-perf img skipped=0 evicted=3 resident=60 budget=1024x1024x4
[frust INFO] frust-perf raw n=1389 total_us=16916 rebuild_us=533 layout_us=26 paint_us=36 encode_us=7 acquire_us=11624 submit_us=4687 skipped=0 gpu_q=1 gpu_total_us=4633 gpu_prepass_us=0 gpu_main_us=4633 gpu_composite_us=0 gpu_blit_us=0
[frust INFO] frust-perf img skipped=0 evicted=3 resident=60 budget=1024x1024x4
[frust INFO] frust-perf raw n=1390 total_us=17729 rebuild_us=585 layout_us=23 paint_us=38 encode_us=6 acquire_us=11828 submit_us=5246 skipped=0 gpu_q=1 gpu_total_us=4660 gpu_prepass_us=0 gpu_main_us=4660 gpu_composite_us=0 gpu_blit_us=0
[frust INFO] frust-perf img skipped=0 evicted=3 resident=60 budget=1024x1024x4
[frust INFO] frust-perf raw n=1391 total_us=16509 rebuild_us=551 layout_us=22 paint_us=38 encode_us=13 acquire_us=11314 submit_us=4569 skipped=0 gpu_q=1 gpu_total_us=4628 gpu_prepass_us=0 gpu_main_us=4628 gpu_composite_us=0 gpu_blit_us=0
[frust INFO] frust-perf img skipped=0 evicted=3 resident=60 budget=1024x1024x4
[frust INFO] frust-perf raw n=1392 total_us=17427 rebuild_us=490 layout_us=23 paint_us=32 encode_us=10 acquire_us=12019 submit_us=4851 skipped=0 gpu_q=1 gpu_total_us=4635 gpu_prepass_us=0 gpu_main_us=4635 gpu_composite_us=0 gpu_blit_us=0
[frust INFO] frust-perf img skipped=0 evicted=4 resident=60 budget=1024x1024x4
[frust INFO] frust-perf raw n=1393 total_us=17752 rebuild_us=485 layout_us=28 paint_us=29 encode_us=14 acquire_us=11788 submit_us=5406 skipped=0 gpu_q=1 gpu_total_us=4501 gpu_prepass_us=0 gpu_main_us=4501 gpu_composite_us=0 gpu_blit_us=0
[frust INFO] frust-perf img skipped=0 evicted=3 resident=60 budget=1024x1024x4
[frust INFO] frust-perf raw n=1394 total_us=16769 rebuild_us=532 layout_us=27 paint_us=39 encode_us=10 acquire_us=11199 submit_us=4959 skipped=0 gpu_q=1 gpu_total_us=4650 gpu_prepass_us=0 gpu_main_us=4650 gpu_composite_us=0 gpu_blit_us=0
[frust INFO] frust-perf img skipped=0 evicted=3 resident=60 budget=1024x1024x4
[frust INFO] frust-perf raw n=1395 total_us=17214 rebuild_us=517 layout_us=22 paint_us=33 encode_us=10 acquire_us=11654 submit_us=4975 skipped=0 gpu_q=1 gpu_total_us=4686 gpu_prepass_us=0 gpu_main_us=4686 gpu_composite_us=0 gpu_blit_us=0
[frust INFO] frust-perf img skipped=0 evicted=3 resident=60 budget=1024x1024x4
[frust INFO] frust-perf raw n=1396 total_us=17199 rebuild_us=526 layout_us=27 paint_us=34 encode_us=13 acquire_us=11596 submit_us=5001 skipped=0 gpu_q=1 gpu_total_us=4649 gpu_prepass_us=0 gpu_main_us=4649 gpu_composite_us=0 gpu_blit_us=0
[frust INFO] frust-perf img skipped=0 evicted=3 resident=60 budget=1024x1024x4
[frust INFO] frust-perf raw n=1397 total_us=17278 rebuild_us=517 layout_us=22 paint_us=40 encode_us=10 acquire_us=11690 submit_us=4995 skipped=0 gpu_q=1 gpu_total_us=4646 gpu_prepass_us=0 gpu_main_us=4646 gpu_composite_us=0 gpu_blit_us=0
[frust INFO] frust-perf img skipped=0 evicted=4 resident=60 budget=1024x1024x4
[frust INFO] frust-perf raw n=1398 total_us=17379 rebuild_us=547 layout_us=28 paint_us=33 encode_us=13 acquire_us=11541 submit_us=5215 skipped=0 gpu_q=1 gpu_total_us=4618 gpu_prepass_us=0 gpu_main_us=4618 gpu_composite_us=0 gpu_blit_us=0
[frust INFO] frust-perf img skipped=0 evicted=3 resident=60 budget=1024x1024x4
[frust INFO] frust-perf raw n=1399 total_us=16844 rebuild_us=508 layout_us=27 paint_us=32 encode_us=12 acquire_us=11565 submit_us=4697 skipped=0 gpu_q=1 gpu_total_us=4662 gpu_prepass_us=0 gpu_main_us=4662 gpu_composite_us=0 gpu_blit_us=0
[frust INFO] frust-perf img skipped=0 evicted=3 resident=60 budget=1024x1024x4
[frust INFO] frust-perf raw n=1400 total_us=17136 rebuild_us=462 layout_us=23 paint_us=34 encode_us=9 acquire_us=11737 submit_us=4868 skipped=0 gpu_q=1 gpu_total_us=4658 gpu_prepass_us=0 gpu_main_us=4658 gpu_composite_us=0 gpu_blit_us=0
[frust INFO] frust-perf img skipped=0 evicted=3 resident=60 budget=1024x1024x4
[frust INFO] frust-perf raw n=1401 total_us=16998 rebuild_us=544 layout_us=23 paint_us=33 encode_us=13 acquire_us=11649 submit_us=4734 skipped=0 gpu_q=1 gpu_total_us=4656 gpu_prepass_us=0 gpu_main_us=4656 gpu_composite_us=0 gpu_blit_us=0
[frust INFO] frust-perf img skipped=0 evicted=3 resident=60 budget=1024x1024x4
[frust INFO] frust-perf raw n=1402 total_us=17512 rebuild_us=508 layout_us=23 paint_us=31 encode_us=9 acquire_us=12059 submit_us=4881 skipped=0 gpu_q=1 gpu_total_us=4690 gpu_prepass_us=0 gpu_main_us=4690 gpu_composite_us=0 gpu_blit_us=0
[frust INFO] frust-perf img skipped=0 evicted=3 resident=60 budget=1024x1024x4
[frust INFO] frust-perf raw n=1403 total_us=17197 rebuild_us=506 layout_us=22 paint_us=35 encode_us=10 acquire_us=11588 submit_us=5033 skipped=0 gpu_q=1 gpu_total_us=4678 gpu_prepass_us=0 gpu_main_us=4678 gpu_composite_us=0 gpu_blit_us=0
[frust INFO] frust-perf img skipped=0 evicted=4 resident=60 budget=1024x1024x4
[frust INFO] frust-perf raw n=1404 total_us=17732 rebuild_us=542 layout_us=21 paint_us=36 encode_us=12 acquire_us=11737 submit_us=5382 skipped=0 gpu_q=1 gpu_total_us=4686 gpu_prepass_us=0 gpu_main_us=4686 gpu_composite_us=0 gpu_blit_us=0
[frust INFO] frust-perf img skipped=0 evicted=3 resident=60 budget=1024x1024x4
[frust INFO] frust-perf raw n=1405 total_us=16041 rebuild_us=518 layout_us=23 paint_us=38 encode_us=10 acquire_us=10957 submit_us=4494 skipped=0 gpu_q=1 gpu_total_us=4633 gpu_prepass_us=0 gpu_main_us=4633 gpu_composite_us=0 gpu_blit_us=0
[frust INFO] frust-perf img skipped=0 evicted=3 resident=60 budget=1024x1024x4
[frust INFO] frust-perf raw n=1406 total_us=17901 rebuild_us=516 layout_us=28 paint_us=29 encode_us=5 acquire_us=12259 submit_us=5061 skipped=0 gpu_q=1 gpu_total_us=4618 gpu_prepass_us=0 gpu_main_us=4618 gpu_composite_us=0 gpu_blit_us=0
[frust INFO] frust-perf img skipped=0 evicted=3 resident=60 budget=1024x1024x4
[frust INFO] frust-perf raw n=1407 total_us=16723 rebuild_us=560 layout_us=26 paint_us=33 encode_us=13 acquire_us=11479 submit_us=4610 skipped=0 gpu_q=1 gpu_total_us=4595 gpu_prepass_us=0 gpu_main_us=4595 gpu_composite_us=0 gpu_blit_us=0
[frust INFO] frust-perf img skipped=0 evicted=3 resident=60 budget=1024x1024x4
[frust INFO] frust-perf raw n=1408 total_us=17333 rebuild_us=518 layout_us=25 paint_us=31 encode_us=9 acquire_us=12013 submit_us=4735 skipped=0 gpu_q=1 gpu_total_us=4629 gpu_prepass_us=0 gpu_main_us=4629 gpu_composite_us=0 gpu_blit_us=0
[frust INFO] frust-perf img skipped=0 evicted=4 resident=60 budget=1024x1024x4
[frust INFO] frust-perf raw n=1409 total_us=18074 rebuild_us=508 layout_us=26 paint_us=32 encode_us=13 acquire_us=12036 submit_us=5457 skipped=0 gpu_q=1 gpu_total_us=4526 gpu_prepass_us=0 gpu_main_us=4526 gpu_composite_us=0 gpu_blit_us=0
[frust INFO] frust-perf img skipped=0 evicted=3 resident=60 budget=1024x1024x4
[frust INFO] frust-perf raw n=1410 total_us=16499 rebuild_us=578 layout_us=27 paint_us=33 encode_us=10 acquire_us=10965 submit_us=4882 skipped=0 gpu_q=1 gpu_total_us=4741 gpu_prepass_us=0 gpu_main_us=4741 gpu_composite_us=0 gpu_blit_us=0
[frust INFO] frust-perf img skipped=0 evicted=3 resident=60 budget=1024x1024x4
[frust INFO] frust-perf raw n=1411 total_us=17233 rebuild_us=492 layout_us=23 paint_us=30 encode_us=14 acquire_us=11757 submit_us=4915 skipped=0 gpu_q=1 gpu_total_us=4625 gpu_prepass_us=0 gpu_main_us=4625 gpu_composite_us=0 gpu_blit_us=0
[frust INFO] frust-perf img skipped=0 evicted=3 resident=60 budget=1024x1024x4
[frust INFO] frust-perf raw n=1412 total_us=16982 rebuild_us=535 layout_us=22 paint_us=29 encode_us=7 acquire_us=11729 submit_us=4658 skipped=0 gpu_q=1 gpu_total_us=4634 gpu_prepass_us=0 gpu_main_us=4634 gpu_composite_us=0 gpu_blit_us=0
[frust INFO] frust-perf frame n=120 total_p50_ms=17 total_p95_ms=17 total_p99_ms=18 rebuild_p95_ms=0 layout_p95_ms=0 paint_p95_ms=0 encode_p95_ms=0 acquire_p95_ms=12 submit_p95_ms=5 over_60hz=1241 over_120hz=1403 skipped=0 total_frames=1412
[frust INFO] frust-perf img skipped=0 evicted=3 resident=60 budget=1024x1024x4
[frust INFO] frust-perf raw n=1413 total_us=17376 rebuild_us=540 layout_us=27 paint_us=36 encode_us=7 acquire_us=11791 submit_us=4971 skipped=0 gpu_q=1 gpu_total_us=4594 gpu_prepass_us=0 gpu_main_us=4594 gpu_composite_us=0 gpu_blit_us=0
[frust INFO] frust-perf img skipped=0 evicted=4 resident=60 budget=1024x1024x4
[frust INFO] frust-perf raw n=1414 total_us=17874 rebuild_us=563 layout_us=26 paint_us=35 encode_us=12 acquire_us=11957 submit_us=5278 skipped=0 gpu_q=1 gpu_total_us=4652 gpu_prepass_us=0 gpu_main_us=4652 gpu_composite_us=0 gpu_blit_us=0
[frust INFO] frust-perf img skipped=0 evicted=3 resident=60 budget=1024x1024x4
[frust INFO] frust-perf raw n=1415 total_us=16849 rebuild_us=544 layout_us=24 paint_us=33 encode_us=14 acquire_us=11290 submit_us=4942 skipped=0 gpu_q=1 gpu_total_us=4715 gpu_prepass_us=0 gpu_main_us=4715 gpu_composite_us=0 gpu_blit_us=0
[frust INFO] frust-perf img skipped=0 evicted=3 resident=60 budget=1024x1024x4
[frust INFO] frust-perf raw n=1416 total_us=16191 rebuild_us=218 layout_us=9 paint_us=13 encode_us=20 acquire_us=11394 submit_us=4534 skipped=0 gpu_q=1 gpu_total_us=4554 gpu_prepass_us=0 gpu_main_us=4554 gpu_composite_us=0 gpu_blit_us=0
[frust INFO] frust-perf img skipped=0 evicted=3 resident=60 budget=1024x1024x4
[frust INFO] frust-perf raw n=1417 total_us=17577 rebuild_us=803 layout_us=30 paint_us=35 encode_us=13 acquire_us=12062 submit_us=4633 skipped=0 gpu_q=1 gpu_total_us=4852 gpu_prepass_us=0 gpu_main_us=4852 gpu_composite_us=0 gpu_blit_us=0
[frust INFO] frust-perf img skipped=0 evicted=3 resident=60 budget=1024x1024x4
[frust INFO] frust-perf raw n=1418 total_us=17649 rebuild_us=520 layout_us=28 paint_us=38 encode_us=6 acquire_us=11958 submit_us=5099 skipped=0 gpu_q=1 gpu_total_us=4601 gpu_prepass_us=0 gpu_main_us=4601 gpu_composite_us=0 gpu_blit_us=0
[frust INFO] frust-perf img skipped=0 evicted=4 resident=60 budget=1024x1024x4
[frust INFO] frust-perf raw n=1419 total_us=17296 rebuild_us=578 layout_us=29 paint_us=42 encode_us=15 acquire_us=11531 submit_us=5099 skipped=0 gpu_q=1 gpu_total_us=4635 gpu_prepass_us=0 gpu_main_us=4635 gpu_composite_us=0 gpu_blit_us=0
[frust INFO] frust-perf img skipped=0 evicted=3 resident=60 budget=1024x1024x4
[frust INFO] frust-perf raw n=1420 total_us=16961 rebuild_us=521 layout_us=28 paint_us=33 encode_us=7 acquire_us=11630 submit_us=4739 skipped=0 gpu_q=1 gpu_total_us=4631 gpu_prepass_us=0 gpu_main_us=4631 gpu_composite_us=0 gpu_blit_us=0
[frust INFO] frust-perf img skipped=0 evicted=3 resident=60 budget=1024x1024x4
[frust INFO] frust-perf raw n=1421 total_us=17638 rebuild_us=569 layout_us=29 paint_us=35 encode_us=6 acquire_us=11874 submit_us=5123 skipped=0 gpu_q=1 gpu_total_us=4683 gpu_prepass_us=0 gpu_main_us=4683 gpu_composite_us=0 gpu_blit_us=0
[frust INFO] frust-perf img skipped=0 evicted=3 resident=60 budget=1024x1024x4
[frust INFO] frust-perf raw n=1422 total_us=16992 rebuild_us=588 layout_us=25 paint_us=35 encode_us=62 acquire_us=11345 submit_us=4935 skipped=0 gpu_q=1 gpu_total_us=4648 gpu_prepass_us=0 gpu_main_us=4648 gpu_composite_us=0 gpu_blit_us=0
[frust INFO] frust-perf img skipped=0 evicted=3 resident=60 budget=1024x1024x4
[frust INFO] frust-perf raw n=1423 total_us=17022 rebuild_us=510 layout_us=25 paint_us=40 encode_us=6 acquire_us=11600 submit_us=4839 skipped=0 gpu_q=1 gpu_total_us=4639 gpu_prepass_us=0 gpu_main_us=4639 gpu_composite_us=0 gpu_blit_us=0
[frust INFO] frust-perf img skipped=0 evicted=4 resident=60 budget=1024x1024x4
[frust INFO] frust-perf raw n=1424 total_us=17606 rebuild_us=516 layout_us=25 paint_us=37 encode_us=21 acquire_us=11827 submit_us=5177 skipped=0 gpu_q=1 gpu_total_us=4664 gpu_prepass_us=0 gpu_main_us=4664 gpu_composite_us=0 gpu_blit_us=0
[frust INFO] frust-perf img skipped=0 evicted=3 resident=60 budget=1024x1024x4
[frust INFO] frust-perf raw n=1425 total_us=16704 rebuild_us=532 layout_us=28 paint_us=30 encode_us=8 acquire_us=11732 submit_us=4372 skipped=0 gpu_q=1 gpu_total_us=4656 gpu_prepass_us=0 gpu_main_us=4656 gpu_composite_us=0 gpu_blit_us=0
[frust INFO] frust-perf img skipped=0 evicted=3 resident=60 budget=1024x1024x4
[frust INFO] frust-perf raw n=1426 total_us=17737 rebuild_us=576 layout_us=20 paint_us=29 encode_us=6 acquire_us=12064 submit_us=5040 skipped=0 gpu_q=1 gpu_total_us=4609 gpu_prepass_us=0 gpu_main_us=4609 gpu_composite_us=0 gpu_blit_us=0
[frust INFO] frust-perf img skipped=0 evicted=3 resident=60 budget=1024x1024x4
[frust INFO] frust-perf raw n=1427 total_us=17030 rebuild_us=562 layout_us=20 paint_us=34 encode_us=13 acquire_us=11565 submit_us=4833 skipped=0 gpu_q=1 gpu_total_us=4724 gpu_prepass_us=0 gpu_main_us=4724 gpu_composite_us=0 gpu_blit_us=0
[frust INFO] frust-perf img skipped=0 evicted=3 resident=60 budget=1024x1024x4
[frust INFO] frust-perf raw n=1428 total_us=16872 rebuild_us=524 layout_us=23 paint_us=35 encode_us=8 acquire_us=11771 submit_us=4508 skipped=0 gpu_q=1 gpu_total_us=4582 gpu_prepass_us=0 gpu_main_us=4582 gpu_composite_us=0 gpu_blit_us=0
[frust INFO] frust-perf img skipped=0 evicted=4 resident=60 budget=1024x1024x4
[frust INFO] frust-perf raw n=1429 total_us=18326 rebuild_us=553 layout_us=23 paint_us=40 encode_us=6 acquire_us=12100 submit_us=5602 skipped=0 gpu_q=1 gpu_total_us=4577 gpu_prepass_us=0 gpu_main_us=4577 gpu_composite_us=0 gpu_blit_us=0
[frust INFO] frust-perf img skipped=0 evicted=3 resident=60 budget=1024x1024x4
[frust INFO] frust-perf raw n=1430 total_us=16355 rebuild_us=557 layout_us=28 paint_us=37 encode_us=14 acquire_us=10942 submit_us=4774 skipped=0 gpu_q=1 gpu_total_us=4518 gpu_prepass_us=0 gpu_main_us=4518 gpu_composite_us=0 gpu_blit_us=0
[frust INFO] frust-perf img skipped=0 evicted=3 resident=60 budget=1024x1024x4
[frust INFO] frust-perf raw n=1431 total_us=17651 rebuild_us=494 layout_us=25 paint_us=30 encode_us=6 acquire_us=12049 submit_us=5045 skipped=0 gpu_q=1 gpu_total_us=4524 gpu_prepass_us=0 gpu_main_us=4524 gpu_composite_us=0 gpu_blit_us=0
[frust INFO] frust-perf img skipped=0 evicted=3 resident=60 budget=1024x1024x4
[frust INFO] frust-perf raw n=1432 total_us=16880 rebuild_us=569 layout_us=21 paint_us=32 encode_us=13 acquire_us=11437 submit_us=4805 skipped=0 gpu_q=1 gpu_total_us=4706 gpu_prepass_us=0 gpu_main_us=4706 gpu_composite_us=0 gpu_blit_us=0
[frust INFO] frust-perf img skipped=0 evicted=3 resident=60 budget=1024x1024x4
[frust INFO] frust-perf raw n=1433 total_us=17390 rebuild_us=524 layout_us=20 paint_us=32 encode_us=14 acquire_us=11797 submit_us=5001 skipped=0 gpu_q=1 gpu_total_us=4781 gpu_prepass_us=0 gpu_main_us=4781 gpu_composite_us=0 gpu_blit_us=0
[frust INFO] frust-perf img skipped=0 evicted=4 resident=60 budget=1024x1024x4
[frust INFO] frust-perf raw n=1434 total_us=17492 rebuild_us=491 layout_us=27 paint_us=31 encode_us=9 acquire_us=11530 submit_us=5401 skipped=0 gpu_q=1 gpu_total_us=4494 gpu_prepass_us=0 gpu_main_us=4494 gpu_composite_us=0 gpu_blit_us=0
[frust INFO] frust-perf img skipped=0 evicted=3 resident=60 budget=1024x1024x4
[frust INFO] frust-perf raw n=1435 total_us=16874 rebuild_us=540 layout_us=25 paint_us=38 encode_us=8 acquire_us=11481 submit_us=4779 skipped=0 gpu_q=1 gpu_total_us=4684 gpu_prepass_us=0 gpu_main_us=4684 gpu_composite_us=0 gpu_blit_us=0
[frust INFO] frust-perf img skipped=0 evicted=3 resident=60 budget=1024x1024x4
[frust INFO] frust-perf raw n=1436 total_us=17345 rebuild_us=586 layout_us=30 paint_us=42 encode_us=7 acquire_us=11600 submit_us=5079 skipped=0 gpu_q=1 gpu_total_us=4728 gpu_prepass_us=0 gpu_main_us=4728 gpu_composite_us=0 gpu_blit_us=0
[frust INFO] frust-perf img skipped=0 evicted=3 resident=60 budget=1024x1024x4
[frust INFO] frust-perf raw n=1437 total_us=16641 rebuild_us=565 layout_us=24 paint_us=37 encode_us=17 acquire_us=11513 submit_us=4483 skipped=0 gpu_q=1 gpu_total_us=4634 gpu_prepass_us=0 gpu_main_us=4634 gpu_composite_us=0 gpu_blit_us=0
[frust INFO] frust-perf img skipped=0 evicted=3 resident=60 budget=1024x1024x4
[frust INFO] frust-perf raw n=1438 total_us=17226 rebuild_us=533 layout_us=28 paint_us=35 encode_us=10 acquire_us=12184 submit_us=4434 skipped=0 gpu_q=1 gpu_total_us=4680 gpu_prepass_us=0 gpu_main_us=4680 gpu_composite_us=0 gpu_blit_us=0
[frust INFO] frust-perf img skipped=0 evicted=4 resident=60 budget=1024x1024x4
[frust INFO] frust-perf raw n=1439 total_us=18443 rebuild_us=523 layout_us=28 paint_us=34 encode_us=6 acquire_us=12269 submit_us=5581 skipped=0 gpu_q=1 gpu_total_us=4556 gpu_prepass_us=0 gpu_main_us=4556 gpu_composite_us=0 gpu_blit_us=0
[frust INFO] frust-perf img skipped=0 evicted=3 resident=60 budget=1024x1024x4
[frust INFO] frust-perf enc n=1440 w=60 validate_us=4.2 prepare_us=4.6 classify_us=11.0 admit_us=0.5 walk_us=1440.1 glyphs_us=105.8 finish_us=3.2 compile_us=1523.9 schedule_us=5.0 paints_us=18.6 instances_us=76.8 resize_us=3.5 upload_us=1856.0 replay_us=0.7 pipelines_us=20.4 record_us=35.5 total_us=3496.6 total_p95_us=4012.4 draws=29 strips=2111 alphas=51696 glyph_draws=17 atlas_glyphs=17
[frust INFO] frust-perf raw n=1440 total_us=16491 rebuild_us=581 layout_us=25 paint_us=37 encode_us=15 acquire_us=10975 submit_us=4857 skipped=0 gpu_q=1 gpu_total_us=4628 gpu_prepass_us=0 gpu_main_us=4628 gpu_composite_us=0 gpu_blit_us=0
[frust INFO] frust-perf img skipped=0 evicted=3 resident=60 budget=1024x1024x4
[frust INFO] frust-perf raw n=1441 total_us=17758 rebuild_us=500 layout_us=22 paint_us=28 encode_us=7 acquire_us=11951 submit_us=5248 skipped=0 gpu_q=1 gpu_total_us=4679 gpu_prepass_us=0 gpu_main_us=4679 gpu_composite_us=0 gpu_blit_us=0
[frust INFO] frust-perf img skipped=0 evicted=3 resident=60 budget=1024x1024x4
[frust INFO] frust-perf raw n=1442 total_us=16482 rebuild_us=510 layout_us=26 paint_us=36 encode_us=13 acquire_us=11086 submit_us=4807 skipped=0 gpu_q=1 gpu_total_us=4615 gpu_prepass_us=0 gpu_main_us=4615 gpu_composite_us=0 gpu_blit_us=0
[frust INFO] frust-perf img skipped=0 evicted=3 resident=60 budget=1024x1024x4
[frust INFO] frust-perf raw n=1443 total_us=17122 rebuild_us=453 layout_us=27 paint_us=34 encode_us=10 acquire_us=11833 submit_us=4763 skipped=0 gpu_q=1 gpu_total_us=4638 gpu_prepass_us=0 gpu_main_us=4638 gpu_composite_us=0 gpu_blit_us=0
[frust INFO] frust-perf img skipped=0 evicted=4 resident=60 budget=1024x1024x4
[frust INFO] frust-perf raw n=1444 total_us=17768 rebuild_us=458 layout_us=28 paint_us=33 encode_us=11 acquire_us=11876 submit_us=5360 skipped=0 gpu_q=1 gpu_total_us=4581 gpu_prepass_us=0 gpu_main_us=4581 gpu_composite_us=0 gpu_blit_us=0
[frust INFO] frust-perf img skipped=0 evicted=3 resident=60 budget=1024x1024x4
[frust INFO] frust-perf raw n=1445 total_us=16881 rebuild_us=530 layout_us=29 paint_us=34 encode_us=10 acquire_us=11418 submit_us=4858 skipped=0 gpu_q=1 gpu_total_us=4656 gpu_prepass_us=0 gpu_main_us=4656 gpu_composite_us=0 gpu_blit_us=0
[frust INFO] frust-perf img skipped=0 evicted=3 resident=60 budget=1024x1024x4
[frust INFO] frust-perf raw n=1446 total_us=16811 rebuild_us=541 layout_us=21 paint_us=30 encode_us=15 acquire_us=11474 submit_us=4728 skipped=0 gpu_q=1 gpu_total_us=4665 gpu_prepass_us=0 gpu_main_us=4665 gpu_composite_us=0 gpu_blit_us=0
[frust INFO] frust-perf img skipped=0 evicted=3 resident=60 budget=1024x1024x4
[frust INFO] frust-perf raw n=1447 total_us=17327 rebuild_us=536 layout_us=26 paint_us=36 encode_us=10 acquire_us=11991 submit_us=4726 skipped=0 gpu_q=1 gpu_total_us=4694 gpu_prepass_us=0 gpu_main_us=4694 gpu_composite_us=0 gpu_blit_us=0
[frust INFO] frust-perf img skipped=0 evicted=3 resident=60 budget=1024x1024x4
[frust INFO] frust-perf raw n=1448 total_us=17188 rebuild_us=467 layout_us=25 paint_us=34 encode_us=8 acquire_us=11927 submit_us=4724 skipped=0 gpu_q=1 gpu_total_us=4673 gpu_prepass_us=0 gpu_main_us=4673 gpu_composite_us=0 gpu_blit_us=0
[frust INFO] frust-perf img skipped=0 evicted=4 resident=60 budget=1024x1024x4
[frust INFO] frust-perf raw n=1449 total_us=18069 rebuild_us=539 layout_us=23 paint_us=40 encode_us=6 acquire_us=11870 submit_us=5588 skipped=0 gpu_q=1 gpu_total_us=4592 gpu_prepass_us=0 gpu_main_us=4592 gpu_composite_us=0 gpu_blit_us=0
[frust INFO] frust-perf img skipped=0 evicted=3 resident=60 budget=1024x1024x4
[frust INFO] frust-perf raw n=1450 total_us=16776 rebuild_us=571 layout_us=27 paint_us=41 encode_us=14 acquire_us=11020 submit_us=5101 skipped=0 gpu_q=1 gpu_total_us=4667 gpu_prepass_us=0 gpu_main_us=4667 gpu_composite_us=0 gpu_blit_us=0
[frust INFO] frust-perf img skipped=0 evicted=3 resident=60 budget=1024x1024x4
[frust INFO] frust-perf raw n=1451 total_us=17046 rebuild_us=508 layout_us=21 paint_us=35 encode_us=11 acquire_us=11433 submit_us=5036 skipped=0 gpu_q=1 gpu_total_us=4679 gpu_prepass_us=0 gpu_main_us=4679 gpu_composite_us=0 gpu_blit_us=0
[frust INFO] frust-perf img skipped=0 evicted=3 resident=60 budget=1024x1024x4
[frust INFO] frust-perf raw n=1452 total_us=17045 rebuild_us=518 layout_us=23 paint_us=34 encode_us=11 acquire_us=11612 submit_us=4846 skipped=0 gpu_q=1 gpu_total_us=4512 gpu_prepass_us=0 gpu_main_us=4512 gpu_composite_us=0 gpu_blit_us=0
[frust INFO] frust-perf img skipped=0 evicted=3 resident=60 budget=1024x1024x4
[frust INFO] frust-perf raw n=1453 total_us=17636 rebuild_us=538 layout_us=25 paint_us=38 encode_us=10 acquire_us=11855 submit_us=5167 skipped=0 gpu_q=1 gpu_total_us=4655 gpu_prepass_us=0 gpu_main_us=4655 gpu_composite_us=0 gpu_blit_us=0
[frust INFO] frust-perf img skipped=0 evicted=3 resident=60 budget=1024x1024x4
[frust INFO] frust-perf raw n=1454 total_us=16607 rebuild_us=516 layout_us=28 paint_us=37 encode_us=12 acquire_us=11358 submit_us=4653 skipped=0 gpu_q=1 gpu_total_us=4577 gpu_prepass_us=0 gpu_main_us=4577 gpu_composite_us=0 gpu_blit_us=0
[frust INFO] frust-perf img skipped=0 evicted=4 resident=60 budget=1024x1024x4
[frust INFO] frust-perf raw n=1455 total_us=17764 rebuild_us=587 layout_us=23 paint_us=40 encode_us=14 acquire_us=11975 submit_us=5122 skipped=0 gpu_q=1 gpu_total_us=4631 gpu_prepass_us=0 gpu_main_us=4631 gpu_composite_us=0 gpu_blit_us=0
[frust INFO] frust-perf img skipped=0 evicted=3 resident=60 budget=1024x1024x4
[frust INFO] frust-perf raw n=1456 total_us=17089 rebuild_us=626 layout_us=30 paint_us=35 encode_us=7 acquire_us=11678 submit_us=4712 skipped=0 gpu_q=1 gpu_total_us=4646 gpu_prepass_us=0 gpu_main_us=4646 gpu_composite_us=0 gpu_blit_us=0
[frust INFO] frust-perf img skipped=0 evicted=3 resident=60 budget=1024x1024x4
[frust INFO] frust-perf raw n=1457 total_us=17877 rebuild_us=635 layout_us=25 paint_us=37 encode_us=5 acquire_us=11793 submit_us=5379 skipped=0 gpu_q=1 gpu_total_us=4649 gpu_prepass_us=0 gpu_main_us=4649 gpu_composite_us=0 gpu_blit_us=0
[frust INFO] frust-perf img skipped=0 evicted=3 resident=60 budget=1024x1024x4
[frust INFO] frust-perf raw n=1458 total_us=16566 rebuild_us=639 layout_us=29 paint_us=35 encode_us=7 acquire_us=11094 submit_us=4760 skipped=0 gpu_q=1 gpu_total_us=4613 gpu_prepass_us=0 gpu_main_us=4613 gpu_composite_us=0 gpu_blit_us=0
[frust INFO] frust-perf img skipped=0 evicted=3 resident=60 budget=1024x1024x4
[frust INFO] frust-perf raw n=1459 total_us=18138 rebuild_us=635 layout_us=29 paint_us=42 encode_us=7 acquire_us=12098 submit_us=5324 skipped=0 gpu_q=1 gpu_total_us=4645 gpu_prepass_us=0 gpu_main_us=4645 gpu_composite_us=0 gpu_blit_us=0
[frust INFO] frust-perf img skipped=0 evicted=4 resident=60 budget=1024x1024x4
[frust INFO] frust-perf raw n=1460 total_us=17123 rebuild_us=619 layout_us=28 paint_us=54 encode_us=15 acquire_us=11024 submit_us=5380 skipped=0 gpu_q=1 gpu_total_us=4713 gpu_prepass_us=0 gpu_main_us=4713 gpu_composite_us=0 gpu_blit_us=0
[frust INFO] frust-perf img skipped=0 evicted=3 resident=60 budget=1024x1024x4
[frust INFO] frust-perf raw n=1461 total_us=16810 rebuild_us=565 layout_us=28 paint_us=35 encode_us=7 acquire_us=11438 submit_us=4734 skipped=0 gpu_q=1 gpu_total_us=4538 gpu_prepass_us=0 gpu_main_us=4538 gpu_composite_us=0 gpu_blit_us=0
[frust INFO] frust-perf img skipped=0 evicted=3 resident=60 budget=1024x1024x4
[frust INFO] frust-perf raw n=1462 total_us=17732 rebuild_us=554 layout_us=24 paint_us=41 encode_us=6 acquire_us=11792 submit_us=5313 skipped=0 gpu_q=1 gpu_total_us=4631 gpu_prepass_us=0 gpu_main_us=4631 gpu_composite_us=0 gpu_blit_us=0
[frust INFO] frust-perf img skipped=0 evicted=3 resident=60 budget=1024x1024x4
[frust INFO] frust-perf raw n=1463 total_us=17032 rebuild_us=577 layout_us=24 paint_us=35 encode_us=7 acquire_us=11345 submit_us=5041 skipped=0 gpu_q=1 gpu_total_us=4607 gpu_prepass_us=0 gpu_main_us=4607 gpu_composite_us=0 gpu_blit_us=0
[frust INFO] frust-perf img skipped=0 evicted=3 resident=60 budget=1024x1024x4
[frust INFO] frust-perf raw n=1464 total_us=16993 rebuild_us=609 layout_us=29 paint_us=33 encode_us=13 acquire_us=11514 submit_us=4792 skipped=0 gpu_q=1 gpu_total_us=4687 gpu_prepass_us=0 gpu_main_us=4687 gpu_composite_us=0 gpu_blit_us=0
[frust INFO] frust-perf img skipped=0 evicted=4 resident=60 budget=1024x1024x4
[frust INFO] frust-perf raw n=1465 total_us=17901 rebuild_us=525 layout_us=25 paint_us=34 encode_us=13 acquire_us=11834 submit_us=5468 skipped=0 gpu_q=1 gpu_total_us=4647 gpu_prepass_us=0 gpu_main_us=4647 gpu_composite_us=0 gpu_blit_us=0
[frust INFO] frust-perf img skipped=0 evicted=3 resident=60 budget=1024x1024x4
[frust INFO] frust-perf raw n=1466 total_us=16435 rebuild_us=526 layout_us=27 paint_us=37 encode_us=14 acquire_us=11060 submit_us=4768 skipped=0 gpu_q=1 gpu_total_us=4566 gpu_prepass_us=0 gpu_main_us=4566 gpu_composite_us=0 gpu_blit_us=0
[frust INFO] frust-perf img skipped=0 evicted=3 resident=60 budget=1024x1024x4
[frust INFO] frust-perf raw n=1467 total_us=17425 rebuild_us=490 layout_us=29 paint_us=36 encode_us=10 acquire_us=11830 submit_us=5029 skipped=0 gpu_q=1 gpu_total_us=4656 gpu_prepass_us=0 gpu_main_us=4656 gpu_composite_us=0 gpu_blit_us=0
[frust INFO] frust-perf img skipped=0 evicted=3 resident=60 budget=1024x1024x4
[frust INFO] frust-perf raw n=1468 total_us=16679 rebuild_us=520 layout_us=27 paint_us=30 encode_us=10 acquire_us=11494 submit_us=4595 skipped=0 gpu_q=1 gpu_total_us=4623 gpu_prepass_us=0 gpu_main_us=4623 gpu_composite_us=0 gpu_blit_us=0
[frust INFO] frust-perf img skipped=0 evicted=3 resident=60 budget=1024x1024x4
[frust INFO] frust-perf raw n=1469 total_us=17145 rebuild_us=529 layout_us=29 paint_us=35 encode_us=14 acquire_us=12151 submit_us=4386 skipped=0 gpu_q=1 gpu_total_us=4682 gpu_prepass_us=0 gpu_main_us=4682 gpu_composite_us=0 gpu_blit_us=0
[frust INFO] frust-perf img skipped=0 evicted=4 resident=60 budget=1024x1024x4
[frust INFO] frust-perf raw n=1470 total_us=18363 rebuild_us=559 layout_us=30 paint_us=30 encode_us=5 acquire_us=12300 submit_us=5437 skipped=0 gpu_q=1 gpu_total_us=4715 gpu_prepass_us=0 gpu_main_us=4715 gpu_composite_us=0 gpu_blit_us=0
[frust INFO] frust-perf img skipped=0 evicted=3 resident=60 budget=1024x1024x4
[frust INFO] frust-perf raw n=1471 total_us=16589 rebuild_us=581 layout_us=22 paint_us=41 encode_us=13 acquire_us=11182 submit_us=4748 skipped=0 gpu_q=1 gpu_total_us=4631 gpu_prepass_us=0 gpu_main_us=4631 gpu_composite_us=0 gpu_blit_us=0
[frust INFO] frust-perf img skipped=0 evicted=3 resident=60 budget=1024x1024x4
[frust INFO] frust-perf raw n=1472 total_us=17162 rebuild_us=475 layout_us=20 paint_us=35 encode_us=10 acquire_us=11750 submit_us=4870 skipped=0 gpu_q=1 gpu_total_us=4652 gpu_prepass_us=0 gpu_main_us=4652 gpu_composite_us=0 gpu_blit_us=0
[frust INFO] frust-perf img skipped=0 evicted=3 resident=60 budget=1024x1024x4
[frust INFO] frust-perf raw n=1473 total_us=17226 rebuild_us=469 layout_us=23 paint_us=34 encode_us=10 acquire_us=11804 submit_us=4885 skipped=0 gpu_q=1 gpu_total_us=4560 gpu_prepass_us=0 gpu_main_us=4560 gpu_composite_us=0 gpu_blit_us=0
[frust INFO] frust-perf img skipped=0 evicted=3 resident=60 budget=1024x1024x4
[frust INFO] frust-perf raw n=1474 total_us=17142 rebuild_us=523 layout_us=28 paint_us=35 encode_us=13 acquire_us=11627 submit_us=4913 skipped=0 gpu_q=1 gpu_total_us=4594 gpu_prepass_us=0 gpu_main_us=4594 gpu_composite_us=0 gpu_blit_us=0
[frust INFO] frust-perf img skipped=0 evicted=4 resident=60 budget=1024x1024x4
[frust INFO] frust-perf raw n=1475 total_us=17886 rebuild_us=544 layout_us=28 paint_us=37 encode_us=10 acquire_us=11737 submit_us=5527 skipped=0 gpu_q=1 gpu_total_us=4594 gpu_prepass_us=0 gpu_main_us=4594 gpu_composite_us=0 gpu_blit_us=0
[frust INFO] frust-perf img skipped=0 evicted=3 resident=60 budget=1024x1024x4
[frust INFO] frust-perf raw n=1476 total_us=16634 rebuild_us=527 layout_us=20 paint_us=37 encode_us=13 acquire_us=11038 submit_us=4995 skipped=0 gpu_q=1 gpu_total_us=4652 gpu_prepass_us=0 gpu_main_us=4652 gpu_composite_us=0 gpu_blit_us=0
[frust INFO] frust-perf img skipped=0 evicted=3 resident=60 budget=1024x1024x4
[frust INFO] frust-perf raw n=1477 total_us=17101 rebuild_us=488 layout_us=21 paint_us=25 encode_us=12 acquire_us=11667 submit_us=4886 skipped=0 gpu_q=1 gpu_total_us=4669 gpu_prepass_us=0 gpu_main_us=4669 gpu_composite_us=0 gpu_blit_us=0
[frust INFO] frust-perf img skipped=0 evicted=3 resident=60 budget=1024x1024x4
[frust INFO] frust-perf raw n=1478 total_us=17085 rebuild_us=511 layout_us=24 paint_us=37 encode_us=10 acquire_us=11681 submit_us=4818 skipped=0 gpu_q=1 gpu_total_us=4739 gpu_prepass_us=0 gpu_main_us=4739 gpu_composite_us=0 gpu_blit_us=0
[frust INFO] frust-perf img skipped=0 evicted=3 resident=60 budget=1024x1024x4
[frust INFO] frust-perf raw n=1479 total_us=17153 rebuild_us=541 layout_us=23 paint_us=34 encode_us=13 acquire_us=11773 submit_us=4765 skipped=0 gpu_q=1 gpu_total_us=4588 gpu_prepass_us=0 gpu_main_us=4588 gpu_composite_us=0 gpu_blit_us=0
[frust INFO] frust-perf img skipped=0 evicted=4 resident=60 budget=1024x1024x4
[frust INFO] frust-perf raw n=1480 total_us=18202 rebuild_us=531 layout_us=26 paint_us=32 encode_us=10 acquire_us=11866 submit_us=5735 skipped=0 gpu_q=1 gpu_total_us=4604 gpu_prepass_us=0 gpu_main_us=4604 gpu_composite_us=0 gpu_blit_us=0
[frust INFO] frust-perf img skipped=0 evicted=3 resident=60 budget=1024x1024x4
[frust INFO] frust-perf raw n=1481 total_us=16392 rebuild_us=575 layout_us=28 paint_us=41 encode_us=11 acquire_us=10783 submit_us=4951 skipped=0 gpu_q=1 gpu_total_us=4656 gpu_prepass_us=0 gpu_main_us=4656 gpu_composite_us=0 gpu_blit_us=0
[frust INFO] frust-perf img skipped=0 evicted=3 resident=60 budget=1024x1024x4
[frust INFO] frust-perf raw n=1482 total_us=17114 rebuild_us=556 layout_us=28 paint_us=32 encode_us=14 acquire_us=11716 submit_us=4766 skipped=0 gpu_q=1 gpu_total_us=4624 gpu_prepass_us=0 gpu_main_us=4624 gpu_composite_us=0 gpu_blit_us=0
[frust INFO] frust-perf img skipped=0 evicted=3 resident=60 budget=1024x1024x4
[frust INFO] frust-perf raw n=1483 total_us=17372 rebuild_us=529 layout_us=19 paint_us=36 encode_us=16 acquire_us=11819 submit_us=4951 skipped=0 gpu_q=1 gpu_total_us=4635 gpu_prepass_us=0 gpu_main_us=4635 gpu_composite_us=0 gpu_blit_us=0
[frust INFO] frust-perf img skipped=0 evicted=3 resident=60 budget=1024x1024x4
[frust INFO] frust-perf raw n=1484 total_us=17242 rebuild_us=493 layout_us=23 paint_us=28 encode_us=14 acquire_us=11702 submit_us=4979 skipped=0 gpu_q=1 gpu_total_us=4627 gpu_prepass_us=0 gpu_main_us=4627 gpu_composite_us=0 gpu_blit_us=0
[frust INFO] frust-perf img skipped=0 evicted=4 resident=60 budget=1024x1024x4
[frust INFO] frust-perf raw n=1485 total_us=17588 rebuild_us=528 layout_us=27 paint_us=37 encode_us=12 acquire_us=11502 submit_us=5480 skipped=0 gpu_q=1 gpu_total_us=4634 gpu_prepass_us=0 gpu_main_us=4634 gpu_composite_us=0 gpu_blit_us=0
[frust INFO] frust-perf img skipped=0 evicted=3 resident=60 budget=1024x1024x4
[frust INFO] frust-perf raw n=1486 total_us=16834 rebuild_us=525 layout_us=24 paint_us=42 encode_us=14 acquire_us=11218 submit_us=5009 skipped=0 gpu_q=1 gpu_total_us=4642 gpu_prepass_us=0 gpu_main_us=4642 gpu_composite_us=0 gpu_blit_us=0
[frust INFO] frust-perf img skipped=0 evicted=3 resident=60 budget=1024x1024x4
[frust INFO] frust-perf raw n=1487 total_us=16919 rebuild_us=531 layout_us=30 paint_us=38 encode_us=14 acquire_us=11514 submit_us=4790 skipped=0 gpu_q=1 gpu_total_us=4615 gpu_prepass_us=0 gpu_main_us=4615 gpu_composite_us=0 gpu_blit_us=0
[frust INFO] frust-perf img skipped=0 evicted=3 resident=60 budget=1024x1024x4
[frust INFO] frust-perf raw n=1488 total_us=17234 rebuild_us=533 layout_us=27 paint_us=36 encode_us=12 acquire_us=11864 submit_us=4760 skipped=0 gpu_q=1 gpu_total_us=4697 gpu_prepass_us=0 gpu_main_us=4697 gpu_composite_us=0 gpu_blit_us=0
[frust INFO] frust-perf img skipped=0 evicted=3 resident=60 budget=1024x1024x4
[frust INFO] frust-perf raw n=1489 total_us=17150 rebuild_us=486 layout_us=24 paint_us=29 encode_us=14 acquire_us=11831 submit_us=4763 skipped=0 gpu_q=1 gpu_total_us=4651 gpu_prepass_us=0 gpu_main_us=4651 gpu_composite_us=0 gpu_blit_us=0
[frust INFO] frust-perf img skipped=0 evicted=4 resident=60 budget=1024x1024x4
[frust INFO] frust-perf raw n=1490 total_us=17716 rebuild_us=495 layout_us=23 paint_us=40 encode_us=14 acquire_us=11874 submit_us=5268 skipped=0 gpu_q=1 gpu_total_us=4624 gpu_prepass_us=0 gpu_main_us=4624 gpu_composite_us=0 gpu_blit_us=0
[frust INFO] frust-perf img skipped=0 evicted=3 resident=60 budget=1024x1024x4
[frust INFO] frust-perf raw n=1491 total_us=16715 rebuild_us=528 layout_us=22 paint_us=40 encode_us=12 acquire_us=11372 submit_us=4739 skipped=0 gpu_q=1 gpu_total_us=4664 gpu_prepass_us=0 gpu_main_us=4664 gpu_composite_us=0 gpu_blit_us=0
[frust INFO] frust-perf img skipped=0 evicted=3 resident=60 budget=1024x1024x4
[frust INFO] frust-perf raw n=1492 total_us=17275 rebuild_us=479 layout_us=20 paint_us=38 encode_us=9 acquire_us=11905 submit_us=4821 skipped=0 gpu_q=1 gpu_total_us=4715 gpu_prepass_us=0 gpu_main_us=4715 gpu_composite_us=0 gpu_blit_us=0
[frust INFO] frust-perf img skipped=0 evicted=3 resident=60 budget=1024x1024x4
[frust INFO] frust-perf raw n=1493 total_us=16917 rebuild_us=537 layout_us=23 paint_us=36 encode_us=10 acquire_us=11682 submit_us=4626 skipped=0 gpu_q=1 gpu_total_us=4711 gpu_prepass_us=0 gpu_main_us=4711 gpu_composite_us=0 gpu_blit_us=0
[frust INFO] frust-perf img skipped=0 evicted=3 resident=60 budget=1024x1024x4
[frust INFO] frust-perf raw n=1494 total_us=17168 rebuild_us=534 layout_us=21 paint_us=33 encode_us=11 acquire_us=11963 submit_us=4603 skipped=0 gpu_q=1 gpu_total_us=4670 gpu_prepass_us=0 gpu_main_us=4670 gpu_composite_us=0 gpu_blit_us=0
[frust INFO] frust-perf img skipped=0 evicted=4 resident=60 budget=1024x1024x4
[frust INFO] frust-perf raw n=1495 total_us=18136 rebuild_us=547 layout_us=28 paint_us=34 encode_us=7 acquire_us=12080 submit_us=5437 skipped=0 gpu_q=1 gpu_total_us=4599 gpu_prepass_us=0 gpu_main_us=4599 gpu_composite_us=0 gpu_blit_us=0
[frust INFO] frust-perf img skipped=0 evicted=3 resident=60 budget=1024x1024x4
[frust INFO] frust-perf raw n=1496 total_us=16695 rebuild_us=601 layout_us=27 paint_us=36 encode_us=13 acquire_us=11091 submit_us=4924 skipped=0 gpu_q=1 gpu_total_us=4669 gpu_prepass_us=0 gpu_main_us=4669 gpu_composite_us=0 gpu_blit_us=0
[frust INFO] frust-perf img skipped=0 evicted=3 resident=60 budget=1024x1024x4
[frust INFO] frust-perf raw n=1497 total_us=17317 rebuild_us=556 layout_us=24 paint_us=35 encode_us=7 acquire_us=11902 submit_us=4791 skipped=0 gpu_q=1 gpu_total_us=4711 gpu_prepass_us=0 gpu_main_us=4711 gpu_composite_us=0 gpu_blit_us=0
[frust INFO] frust-perf img skipped=0 evicted=3 resident=60 budget=1024x1024x4
[frust INFO] frust-perf raw n=1498 total_us=16584 rebuild_us=547 layout_us=23 paint_us=35 encode_us=13 acquire_us=11521 submit_us=4444 skipped=0 gpu_q=1 gpu_total_us=4573 gpu_prepass_us=0 gpu_main_us=4573 gpu_composite_us=0 gpu_blit_us=0
[frust INFO] frust-perf img skipped=0 evicted=3 resident=60 budget=1024x1024x4
[frust INFO] frust-perf raw n=1499 total_us=17323 rebuild_us=515 layout_us=28 paint_us=34 encode_us=11 acquire_us=12111 submit_us=4623 skipped=0 gpu_q=1 gpu_total_us=4603 gpu_prepass_us=0 gpu_main_us=4603 gpu_composite_us=0 gpu_blit_us=0
[frust INFO] frust-perf img skipped=0 evicted=4 resident=60 budget=1024x1024x4
[frust INFO] frust-perf enc n=1500 w=60 validate_us=4.0 prepare_us=4.7 classify_us=11.3 admit_us=0.5 walk_us=1429.9 glyphs_us=105.4 finish_us=3.2 compile_us=1510.0 schedule_us=5.0 paints_us=18.3 instances_us=76.6 resize_us=3.5 upload_us=1833.1 replay_us=0.8 pipelines_us=19.8 record_us=38.1 total_us=3518.4 total_p95_us=4079.7 draws=29 strips=2111 alphas=51696 glyph_draws=17 atlas_glyphs=17
[frust INFO] frust-perf raw n=1500 total_us=18395 rebuild_us=540 layout_us=22 paint_us=34 encode_us=7 acquire_us=12124 submit_us=5665 skipped=0 gpu_q=1 gpu_total_us=4532 gpu_prepass_us=0 gpu_main_us=4532 gpu_composite_us=0 gpu_blit_us=0
[frust INFO] frust-perf img skipped=0 evicted=3 resident=60 budget=1024x1024x4
[frust INFO] frust-perf raw n=1501 total_us=16617 rebuild_us=563 layout_us=23 paint_us=40 encode_us=7 acquire_us=11000 submit_us=4981 skipped=0 gpu_q=1 gpu_total_us=4639 gpu_prepass_us=0 gpu_main_us=4639 gpu_composite_us=0 gpu_blit_us=0
[frust INFO] frust-perf img skipped=0 evicted=3 resident=60 budget=1024x1024x4
[frust INFO] frust-perf raw n=1502 total_us=17041 rebuild_us=563 layout_us=26 paint_us=40 encode_us=5 acquire_us=11713 submit_us=4692 skipped=0 gpu_q=1 gpu_total_us=4629 gpu_prepass_us=0 gpu_main_us=4629 gpu_composite_us=0 gpu_blit_us=0
[frust INFO] frust-perf img skipped=0 evicted=3 resident=60 budget=1024x1024x4
[frust INFO] frust-perf raw n=1503 total_us=17365 rebuild_us=541 layout_us=21 paint_us=36 encode_us=6 acquire_us=11748 submit_us=5010 skipped=0 gpu_q=1 gpu_total_us=4562 gpu_prepass_us=0 gpu_main_us=4562 gpu_composite_us=0 gpu_blit_us=0
[frust INFO] frust-perf img skipped=0 evicted=3 resident=60 budget=1024x1024x4
[frust INFO] frust-perf raw n=1504 total_us=17053 rebuild_us=577 layout_us=25 paint_us=36 encode_us=17 acquire_us=11626 submit_us=4771 skipped=0 gpu_q=1 gpu_total_us=4667 gpu_prepass_us=0 gpu_main_us=4667 gpu_composite_us=0 gpu_blit_us=0
[frust INFO] frust-perf img skipped=0 evicted=4 resident=60 budget=1024x1024x4
[frust INFO] frust-perf raw n=1505 total_us=17917 rebuild_us=494 layout_us=23 paint_us=29 encode_us=6 acquire_us=11902 submit_us=5459 skipped=0 gpu_q=1 gpu_total_us=4485 gpu_prepass_us=0 gpu_main_us=4485 gpu_composite_us=0 gpu_blit_us=0
[frust INFO] frust-perf img skipped=0 evicted=3 resident=60 budget=1024x1024x4
[frust INFO] frust-perf raw n=1506 total_us=16479 rebuild_us=560 layout_us=21 paint_us=32 encode_us=13 acquire_us=11048 submit_us=4802 skipped=0 gpu_q=1 gpu_total_us=4615 gpu_prepass_us=0 gpu_main_us=4615 gpu_composite_us=0 gpu_blit_us=0
[frust INFO] frust-perf img skipped=0 evicted=3 resident=60 budget=1024x1024x4
[frust INFO] frust-perf raw n=1507 total_us=17202 rebuild_us=491 layout_us=28 paint_us=32 encode_us=10 acquire_us=11948 submit_us=4690 skipped=0 gpu_q=1 gpu_total_us=4581 gpu_prepass_us=0 gpu_main_us=4581 gpu_composite_us=0 gpu_blit_us=0
[frust INFO] frust-perf img skipped=0 evicted=3 resident=60 budget=1024x1024x4
[frust INFO] frust-perf raw n=1508 total_us=17208 rebuild_us=499 layout_us=22 paint_us=37 encode_us=12 acquire_us=11698 submit_us=4937 skipped=0 gpu_q=1 gpu_total_us=4539 gpu_prepass_us=0 gpu_main_us=4539 gpu_composite_us=0 gpu_blit_us=0
[frust INFO] frust-perf img skipped=0 evicted=3 resident=60 budget=1024x1024x4
[frust INFO] frust-perf raw n=1509 total_us=17256 rebuild_us=557 layout_us=27 paint_us=35 encode_us=11 acquire_us=11764 submit_us=4860 skipped=0 gpu_q=1 gpu_total_us=4605 gpu_prepass_us=0 gpu_main_us=4605 gpu_composite_us=0 gpu_blit_us=0
[frust INFO] frust-perf img skipped=0 evicted=3 resident=60 budget=1024x1024x4
[frust INFO] frust-perf raw n=1510 total_us=17352 rebuild_us=524 layout_us=27 paint_us=34 encode_us=10 acquire_us=11776 submit_us=4978 skipped=0 gpu_q=1 gpu_total_us=4605 gpu_prepass_us=0 gpu_main_us=4605 gpu_composite_us=0 gpu_blit_us=0
[frust INFO] frust-perf img skipped=0 evicted=4 resident=60 budget=1024x1024x4
[frust INFO] frust-perf raw n=1511 total_us=17951 rebuild_us=538 layout_us=25 paint_us=40 encode_us=11 acquire_us=11641 submit_us=5694 skipped=0 gpu_q=1 gpu_total_us=4665 gpu_prepass_us=0 gpu_main_us=4665 gpu_composite_us=0 gpu_blit_us=0
[frust INFO] frust-perf img skipped=0 evicted=3 resident=60 budget=1024x1024x4
[frust INFO] frust-perf raw n=1512 total_us=15853 rebuild_us=529 layout_us=23 paint_us=36 encode_us=11 acquire_us=10874 submit_us=4377 skipped=0 gpu_q=1 gpu_total_us=4645 gpu_prepass_us=0 gpu_main_us=4645 gpu_composite_us=0 gpu_blit_us=0
[frust INFO] frust-perf img skipped=0 evicted=3 resident=60 budget=1024x1024x4
[frust INFO] frust-perf raw n=1513 total_us=17881 rebuild_us=525 layout_us=25 paint_us=36 encode_us=6 acquire_us=12237 submit_us=5050 skipped=0 gpu_q=1 gpu_total_us=4656 gpu_prepass_us=0 gpu_main_us=4656 gpu_composite_us=0 gpu_blit_us=0
[frust INFO] frust-perf img skipped=0 evicted=3 resident=60 budget=1024x1024x4
[frust INFO] frust-perf raw n=1514 total_us=17106 rebuild_us=580 layout_us=23 paint_us=37 encode_us=7 acquire_us=11587 submit_us=4869 skipped=0 gpu_q=1 gpu_total_us=4545 gpu_prepass_us=0 gpu_main_us=4545 gpu_composite_us=0 gpu_blit_us=0
[frust INFO] frust-perf img skipped=0 evicted=3 resident=60 budget=1024x1024x4
[frust INFO] frust-perf raw n=1515 total_us=17082 rebuild_us=516 layout_us=21 paint_us=35 encode_us=18 acquire_us=11739 submit_us=4751 skipped=0 gpu_q=1 gpu_total_us=4605 gpu_prepass_us=0 gpu_main_us=4605 gpu_composite_us=0 gpu_blit_us=0
[frust INFO] frust-perf img skipped=0 evicted=4 resident=60 budget=1024x1024x4
[frust INFO] frust-perf raw n=1516 total_us=17562 rebuild_us=484 layout_us=28 paint_us=31 encode_us=13 acquire_us=11881 submit_us=5123 skipped=0 gpu_q=1 gpu_total_us=4592 gpu_prepass_us=0 gpu_main_us=4592 gpu_composite_us=0 gpu_blit_us=0
[frust INFO] frust-perf img skipped=0 evicted=3 resident=60 budget=1024x1024x4
[frust INFO] frust-perf raw n=1517 total_us=16736 rebuild_us=445 layout_us=19 paint_us=34 encode_us=14 acquire_us=11448 submit_us=4774 skipped=0 gpu_q=1 gpu_total_us=4569 gpu_prepass_us=0 gpu_main_us=4569 gpu_composite_us=0 gpu_blit_us=0
[frust INFO] frust-perf img skipped=0 evicted=3 resident=60 budget=1024x1024x4
[frust INFO] frust-perf raw n=1518 total_us=17605 rebuild_us=534 layout_us=27 paint_us=37 encode_us=13 acquire_us=11906 submit_us=5085 skipped=0 gpu_q=1 gpu_total_us=4630 gpu_prepass_us=0 gpu_main_us=4630 gpu_composite_us=0 gpu_blit_us=0
[frust INFO] frust-perf img skipped=0 evicted=3 resident=60 budget=1024x1024x4
[frust INFO] frust-perf raw n=1519 total_us=16859 rebuild_us=535 layout_us=20 paint_us=31 encode_us=10 acquire_us=11407 submit_us=4853 skipped=0 gpu_q=1 gpu_total_us=4625 gpu_prepass_us=0 gpu_main_us=4625 gpu_composite_us=0 gpu_blit_us=0
[frust INFO] frust-perf img skipped=0 evicted=3 resident=60 budget=1024x1024x4
[frust INFO] frust-perf raw n=1520 total_us=17082 rebuild_us=521 layout_us=28 paint_us=37 encode_us=10 acquire_us=11638 submit_us=4845 skipped=0 gpu_q=1 gpu_total_us=4593 gpu_prepass_us=0 gpu_main_us=4593 gpu_composite_us=0 gpu_blit_us=0
[frust INFO] frust-perf img skipped=0 evicted=4 resident=60 budget=1024x1024x4
[frust INFO] frust-perf raw n=1521 total_us=17929 rebuild_us=493 layout_us=30 paint_us=34 encode_us=11 acquire_us=11851 submit_us=5507 skipped=0 gpu_q=1 gpu_total_us=4652 gpu_prepass_us=0 gpu_main_us=4652 gpu_composite_us=0 gpu_blit_us=0
[frust INFO] frust-perf img skipped=0 evicted=3 resident=60 budget=1024x1024x4
[frust INFO] frust-perf raw n=1522 total_us=16615 rebuild_us=541 layout_us=28 paint_us=38 encode_us=10 acquire_us=11135 submit_us=4861 skipped=0 gpu_q=1 gpu_total_us=4636 gpu_prepass_us=0 gpu_main_us=4636 gpu_composite_us=0 gpu_blit_us=0
[frust INFO] frust-perf img skipped=0 evicted=3 resident=60 budget=1024x1024x4
[frust INFO] frust-perf raw n=1523 total_us=17144 rebuild_us=507 layout_us=28 paint_us=42 encode_us=9 acquire_us=11700 submit_us=4856 skipped=0 gpu_q=1 gpu_total_us=4697 gpu_prepass_us=0 gpu_main_us=4697 gpu_composite_us=0 gpu_blit_us=0
[frust INFO] frust-perf img skipped=0 evicted=3 resident=60 budget=1024x1024x4
[frust INFO] frust-perf raw n=1524 total_us=17460 rebuild_us=484 layout_us=23 paint_us=34 encode_us=10 acquire_us=11771 submit_us=5136 skipped=0 gpu_q=1 gpu_total_us=4653 gpu_prepass_us=0 gpu_main_us=4653 gpu_composite_us=0 gpu_blit_us=0
[frust INFO] frust-perf img skipped=0 evicted=3 resident=60 budget=1024x1024x4
[frust INFO] frust-perf raw n=1525 total_us=16548 rebuild_us=483 layout_us=23 paint_us=42 encode_us=10 acquire_us=11425 submit_us=4562 skipped=0 gpu_q=1 gpu_total_us=4675 gpu_prepass_us=0 gpu_main_us=4675 gpu_composite_us=0 gpu_blit_us=0
[frust INFO] frust-perf img skipped=0 evicted=4 resident=60 budget=1024x1024x4
[frust INFO] frust-perf raw n=1526 total_us=17836 rebuild_us=507 layout_us=20 paint_us=34 encode_us=12 acquire_us=12028 submit_us=5233 skipped=0 gpu_q=1 gpu_total_us=4729 gpu_prepass_us=0 gpu_main_us=4729 gpu_composite_us=0 gpu_blit_us=0
[frust INFO] frust-perf img skipped=0 evicted=3 resident=60 budget=1024x1024x4
[frust INFO] frust-perf raw n=1527 total_us=17119 rebuild_us=561 layout_us=33 paint_us=35 encode_us=7 acquire_us=11706 submit_us=4776 skipped=0 gpu_q=1 gpu_total_us=4736 gpu_prepass_us=0 gpu_main_us=4736 gpu_composite_us=0 gpu_blit_us=0
[frust INFO] frust-perf img skipped=0 evicted=3 resident=60 budget=1024x1024x4
[frust INFO] frust-perf raw n=1528 total_us=17802 rebuild_us=642 layout_us=27 paint_us=41 encode_us=6 acquire_us=11703 submit_us=5381 skipped=0 gpu_q=1 gpu_total_us=4665 gpu_prepass_us=0 gpu_main_us=4665 gpu_composite_us=0 gpu_blit_us=0
[frust INFO] frust-perf img skipped=0 evicted=3 resident=60 budget=1024x1024x4
[frust INFO] frust-perf raw n=1529 total_us=16842 rebuild_us=643 layout_us=25 paint_us=40 encode_us=7 acquire_us=11226 submit_us=4897 skipped=0 gpu_q=1 gpu_total_us=4658 gpu_prepass_us=0 gpu_main_us=4658 gpu_composite_us=0 gpu_blit_us=0
[frust INFO] frust-perf frame n=120 total_p50_ms=17 total_p95_ms=18 total_p99_ms=18 rebuild_p95_ms=0 layout_p95_ms=0 paint_p95_ms=0 encode_p95_ms=0 acquire_p95_ms=12 submit_p95_ms=5 over_60hz=1341 over_120hz=1520 skipped=0 total_frames=1529
[frust INFO] frust-perf img skipped=0 evicted=3 resident=60 budget=1024x1024x4
[frust INFO] frust-perf raw n=1530 total_us=16931 rebuild_us=602 layout_us=30 paint_us=37 encode_us=7 acquire_us=11536 submit_us=4716 skipped=0 gpu_q=1 gpu_total_us=4687 gpu_prepass_us=0 gpu_main_us=4687 gpu_composite_us=0 gpu_blit_us=0
[frust INFO] frust-perf img skipped=0 evicted=4 resident=60 budget=1024x1024x4
[frust INFO] frust-perf raw n=1531 total_us=18097 rebuild_us=622 layout_us=25 paint_us=37 encode_us=7 acquire_us=12010 submit_us=5394 skipped=0 gpu_q=1 gpu_total_us=4661 gpu_prepass_us=0 gpu_main_us=4661 gpu_composite_us=0 gpu_blit_us=0
[frust INFO] frust-perf img skipped=0 evicted=3 resident=60 budget=1024x1024x4
[frust INFO] frust-perf raw n=1532 total_us=16764 rebuild_us=652 layout_us=25 paint_us=37 encode_us=6 acquire_us=11462 submit_us=4579 skipped=0 gpu_q=1 gpu_total_us=4613 gpu_prepass_us=0 gpu_main_us=4613 gpu_composite_us=0 gpu_blit_us=0
[frust INFO] frust-perf img skipped=0 evicted=3 resident=60 budget=1024x1024x4
[frust INFO] frust-perf raw n=1533 total_us=17387 rebuild_us=619 layout_us=27 paint_us=40 encode_us=6 acquire_us=11772 submit_us=4922 skipped=0 gpu_q=1 gpu_total_us=4530 gpu_prepass_us=0 gpu_main_us=4530 gpu_composite_us=0 gpu_blit_us=0
[frust INFO] frust-perf img skipped=0 evicted=3 resident=60 budget=1024x1024x4
[frust INFO] frust-perf raw n=1534 total_us=17113 rebuild_us=648 layout_us=27 paint_us=35 encode_us=13 acquire_us=11651 submit_us=4736 skipped=0 gpu_q=1 gpu_total_us=4607 gpu_prepass_us=0 gpu_main_us=4607 gpu_composite_us=0 gpu_blit_us=0
[frust INFO] frust-perf img skipped=0 evicted=3 resident=60 budget=1024x1024x4
[frust INFO] frust-perf raw n=1535 total_us=17564 rebuild_us=579 layout_us=20 paint_us=40 encode_us=8 acquire_us=11954 submit_us=4959 skipped=0 gpu_q=1 gpu_total_us=4707 gpu_prepass_us=0 gpu_main_us=4707 gpu_composite_us=0 gpu_blit_us=0
[frust INFO] frust-perf img skipped=0 evicted=4 resident=60 budget=1024x1024x4
[frust INFO] frust-perf raw n=1536 total_us=17217 rebuild_us=603 layout_us=28 paint_us=40 encode_us=7 acquire_us=11539 submit_us=4997 skipped=0 gpu_q=1 gpu_total_us=4568 gpu_prepass_us=0 gpu_main_us=4568 gpu_composite_us=0 gpu_blit_us=0
[frust INFO] frust-perf img skipped=0 evicted=3 resident=60 budget=1024x1024x4
[frust INFO] frust-perf raw n=1537 total_us=17276 rebuild_us=620 layout_us=27 paint_us=43 encode_us=7 acquire_us=11852 submit_us=4724 skipped=0 gpu_q=1 gpu_total_us=4608 gpu_prepass_us=0 gpu_main_us=4608 gpu_composite_us=0 gpu_blit_us=0
[frust INFO] frust-perf img skipped=0 evicted=3 resident=60 budget=1024x1024x4
[frust INFO] frust-perf raw n=1538 total_us=16590 rebuild_us=212 layout_us=7 paint_us=13 encode_us=6 acquire_us=11704 submit_us=4645 skipped=0 gpu_q=1 gpu_total_us=4707 gpu_prepass_us=0 gpu_main_us=4707 gpu_composite_us=0 gpu_blit_us=0
[frust INFO] frust-perf img skipped=0 evicted=3 resident=60 budget=1024x1024x4
[frust INFO] frust-perf raw n=1539 total_us=17463 rebuild_us=771 layout_us=28 paint_us=36 encode_us=15 acquire_us=11918 submit_us=4693 skipped=0 gpu_q=1 gpu_total_us=4633 gpu_prepass_us=0 gpu_main_us=4633 gpu_composite_us=0 gpu_blit_us=0
[frust INFO] frust-perf img skipped=0 evicted=3 resident=60 budget=1024x1024x4
[frust INFO] frust-perf raw n=1540 total_us=16943 rebuild_us=533 layout_us=24 paint_us=31 encode_us=7 acquire_us=11856 submit_us=4490 skipped=0 gpu_q=1 gpu_total_us=4719 gpu_prepass_us=0 gpu_main_us=4719 gpu_composite_us=0 gpu_blit_us=0
[frust INFO] frust-perf img skipped=0 evicted=4 resident=60 budget=1024x1024x4
[frust INFO] frust-perf raw n=1541 total_us=18407 rebuild_us=565 layout_us=29 paint_us=41 encode_us=7 acquire_us=12299 submit_us=5464 skipped=0 gpu_q=1 gpu_total_us=4645 gpu_prepass_us=0 gpu_main_us=4645 gpu_composite_us=0 gpu_blit_us=0
[frust INFO] frust-perf img skipped=0 evicted=3 resident=60 budget=1024x1024x4
[frust INFO] frust-perf raw n=1542 total_us=16740 rebuild_us=561 layout_us=24 paint_us=34 encode_us=7 acquire_us=11255 submit_us=4855 skipped=0 gpu_q=1 gpu_total_us=4663 gpu_prepass_us=0 gpu_main_us=4663 gpu_composite_us=0 gpu_blit_us=0
[frust INFO] frust-perf img skipped=0 evicted=3 resident=60 budget=1024x1024x4
[frust INFO] frust-perf raw n=1543 total_us=17026 rebuild_us=581 layout_us=30 paint_us=33 encode_us=7 acquire_us=11811 submit_us=4563 skipped=0 gpu_q=1 gpu_total_us=4528 gpu_prepass_us=0 gpu_main_us=4528 gpu_composite_us=0 gpu_blit_us=0
[frust INFO] frust-perf img skipped=0 evicted=3 resident=60 budget=1024x1024x4
[frust INFO] frust-perf raw n=1544 total_us=17592 rebuild_us=546 layout_us=30 paint_us=33 encode_us=6 acquire_us=11923 submit_us=5052 skipped=0 gpu_q=1 gpu_total_us=4607 gpu_prepass_us=0 gpu_main_us=4607 gpu_composite_us=0 gpu_blit_us=0
[frust INFO] frust-perf img skipped=0 evicted=3 resident=60 budget=1024x1024x4
[frust INFO] frust-perf raw n=1545 total_us=17016 rebuild_us=555 layout_us=22 paint_us=36 encode_us=15 acquire_us=11588 submit_us=4797 skipped=0 gpu_q=1 gpu_total_us=4687 gpu_prepass_us=0 gpu_main_us=4687 gpu_composite_us=0 gpu_blit_us=0
[frust INFO] frust-perf img skipped=0 evicted=4 resident=60 budget=1024x1024x4
[frust INFO] frust-perf raw n=1546 total_us=17883 rebuild_us=482 layout_us=26 paint_us=35 encode_us=13 acquire_us=11736 submit_us=5588 skipped=0 gpu_q=1 gpu_total_us=4581 gpu_prepass_us=0 gpu_main_us=4581 gpu_composite_us=0 gpu_blit_us=0
[frust INFO] frust-perf img skipped=0 evicted=3 resident=60 budget=1024x1024x4
[frust INFO] frust-perf raw n=1547 total_us=16775 rebuild_us=536 layout_us=26 paint_us=35 encode_us=13 acquire_us=11056 submit_us=5107 skipped=0 gpu_q=1 gpu_total_us=4657 gpu_prepass_us=0 gpu_main_us=4657 gpu_composite_us=0 gpu_blit_us=0
[frust INFO] frust-perf img skipped=0 evicted=3 resident=60 budget=1024x1024x4
[frust INFO] frust-perf raw n=1548 total_us=17042 rebuild_us=517 layout_us=28 paint_us=30 encode_us=14 acquire_us=11460 submit_us=4991 skipped=0 gpu_q=1 gpu_total_us=4694 gpu_prepass_us=0 gpu_main_us=4694 gpu_composite_us=0 gpu_blit_us=0
[frust INFO] frust-perf img skipped=0 evicted=3 resident=60 budget=1024x1024x4
[frust INFO] frust-perf raw n=1549 total_us=16949 rebuild_us=520 layout_us=29 paint_us=35 encode_us=9 acquire_us=11652 submit_us=4702 skipped=0 gpu_q=1 gpu_total_us=4726 gpu_prepass_us=0 gpu_main_us=4726 gpu_composite_us=0 gpu_blit_us=0
[frust INFO] frust-perf img skipped=0 evicted=3 resident=60 budget=1024x1024x4
[frust INFO] frust-perf raw n=1550 total_us=16935 rebuild_us=544 layout_us=18 paint_us=34 encode_us=10 acquire_us=11815 submit_us=4511 skipped=0 gpu_q=1 gpu_total_us=4636 gpu_prepass_us=0 gpu_main_us=4636 gpu_composite_us=0 gpu_blit_us=0
[frust INFO] frust-perf img skipped=0 evicted=4 resident=60 budget=1024x1024x4
[frust INFO] frust-perf raw n=1551 total_us=18386 rebuild_us=529 layout_us=27 paint_us=35 encode_us=7 acquire_us=12207 submit_us=5578 skipped=0 gpu_q=1 gpu_total_us=4627 gpu_prepass_us=0 gpu_main_us=4627 gpu_composite_us=0 gpu_blit_us=0
[frust INFO] frust-perf img skipped=0 evicted=3 resident=60 budget=1024x1024x4
[frust INFO] frust-perf raw n=1552 total_us=16303 rebuild_us=566 layout_us=28 paint_us=36 encode_us=16 acquire_us=10899 submit_us=4756 skipped=0 gpu_q=1 gpu_total_us=4674 gpu_prepass_us=0 gpu_main_us=4674 gpu_composite_us=0 gpu_blit_us=0
[frust INFO] frust-perf img skipped=0 evicted=3 resident=60 budget=1024x1024x4
[frust INFO] frust-perf raw n=1553 total_us=17391 rebuild_us=525 layout_us=24 paint_us=35 encode_us=14 acquire_us=11956 submit_us=4834 skipped=0 gpu_q=1 gpu_total_us=4750 gpu_prepass_us=0 gpu_main_us=4750 gpu_composite_us=0 gpu_blit_us=0
[frust INFO] frust-perf img skipped=0 evicted=3 resident=60 budget=1024x1024x4
[frust INFO] frust-perf raw n=1554 total_us=16655 rebuild_us=569 layout_us=24 paint_us=28 encode_us=14 acquire_us=11636 submit_us=4382 skipped=0 gpu_q=1 gpu_total_us=4734 gpu_prepass_us=0 gpu_main_us=4734 gpu_composite_us=0 gpu_blit_us=0
[frust INFO] frust-perf img skipped=0 evicted=3 resident=60 budget=1024x1024x4
[frust INFO] frust-perf raw n=1555 total_us=17427 rebuild_us=521 layout_us=27 paint_us=38 encode_us=10 acquire_us=12310 submit_us=4520 skipped=0 gpu_q=1 gpu_total_us=4619 gpu_prepass_us=0 gpu_main_us=4619 gpu_composite_us=0 gpu_blit_us=0
[frust INFO] frust-perf img skipped=0 evicted=4 resident=60 budget=1024x1024x4
[frust INFO] frust-perf raw n=1556 total_us=18343 rebuild_us=501 layout_us=27 paint_us=37 encode_us=7 acquire_us=12090 submit_us=5677 skipped=0 gpu_q=1 gpu_total_us=4614 gpu_prepass_us=0 gpu_main_us=4614 gpu_composite_us=0 gpu_blit_us=0
[frust INFO] frust-perf img skipped=0 evicted=3 resident=60 budget=1024x1024x4
[frust INFO] frust-perf raw n=1557 total_us=16716 rebuild_us=621 layout_us=24 paint_us=36 encode_us=7 acquire_us=10974 submit_us=5051 skipped=0 gpu_q=1 gpu_total_us=4653 gpu_prepass_us=0 gpu_main_us=4653 gpu_composite_us=0 gpu_blit_us=0
[frust INFO] frust-perf img skipped=0 evicted=3 resident=60 budget=1024x1024x4
[frust INFO] frust-perf raw n=1558 total_us=17017 rebuild_us=582 layout_us=23 paint_us=39 encode_us=6 acquire_us=11640 submit_us=4726 skipped=0 gpu_q=1 gpu_total_us=4636 gpu_prepass_us=0 gpu_main_us=4636 gpu_composite_us=0 gpu_blit_us=0
[frust INFO] frust-perf img skipped=0 evicted=3 resident=60 budget=1024x1024x4
[frust INFO] frust-perf raw n=1559 total_us=17629 rebuild_us=568 layout_us=29 paint_us=36 encode_us=6 acquire_us=11859 submit_us=5129 skipped=0 gpu_q=1 gpu_total_us=4555 gpu_prepass_us=0 gpu_main_us=4555 gpu_composite_us=0 gpu_blit_us=0
[frust INFO] frust-perf img skipped=0 evicted=3 resident=60 budget=1024x1024x4
[frust INFO] frust-perf enc n=1560 w=60 validate_us=5.0 prepare_us=4.4 classify_us=10.8 admit_us=0.5 walk_us=1424.6 glyphs_us=105.8 finish_us=3.0 compile_us=1504.5 schedule_us=5.0 paints_us=18.8 instances_us=74.7 resize_us=3.4 upload_us=1827.3 replay_us=0.7 pipelines_us=19.5 record_us=35.4 total_us=3469.3 total_p95_us=4122.6 draws=29 strips=2111 alphas=51696 glyph_draws=17 atlas_glyphs=17
[frust INFO] frust-perf raw n=1560 total_us=16857 rebuild_us=578 layout_us=28 paint_us=40 encode_us=13 acquire_us=11441 submit_us=4755 skipped=0 gpu_q=1 gpu_total_us=4622 gpu_prepass_us=0 gpu_main_us=4622 gpu_composite_us=0 gpu_blit_us=0
[frust INFO] frust-perf img skipped=0 evicted=3 resident=60 budget=1024x1024x4
[frust INFO] frust-perf raw n=1561 total_us=17024 rebuild_us=496 layout_us=27 paint_us=31 encode_us=10 acquire_us=11780 submit_us=4676 skipped=0 gpu_q=1 gpu_total_us=4497 gpu_prepass_us=0 gpu_main_us=4497 gpu_composite_us=0 gpu_blit_us=0
[frust INFO] frust-perf img skipped=0 evicted=4 resident=60 budget=1024x1024x4
[frust INFO] frust-perf raw n=1562 total_us=18212 rebuild_us=535 layout_us=21 paint_us=37 encode_us=13 acquire_us=12006 submit_us=5596 skipped=0 gpu_q=1 gpu_total_us=4600 gpu_prepass_us=0 gpu_main_us=4600 gpu_composite_us=0 gpu_blit_us=0
[frust INFO] frust-perf img skipped=0 evicted=3 resident=60 budget=1024x1024x4
[frust INFO] frust-perf raw n=1563 total_us=16618 rebuild_us=612 layout_us=25 paint_us=30 encode_us=12 acquire_us=10948 submit_us=4989 skipped=0 gpu_q=1 gpu_total_us=4671 gpu_prepass_us=0 gpu_main_us=4671 gpu_composite_us=0 gpu_blit_us=0
[frust INFO] frust-perf img skipped=0 evicted=3 resident=60 budget=1024x1024x4
[frust INFO] frust-perf raw n=1564 total_us=17253 rebuild_us=587 layout_us=27 paint_us=38 encode_us=9 acquire_us=11726 submit_us=4864 skipped=0 gpu_q=1 gpu_total_us=4628 gpu_prepass_us=0 gpu_main_us=4628 gpu_composite_us=0 gpu_blit_us=0
[frust INFO] frust-perf img skipped=0 evicted=3 resident=60 budget=1024x1024x4
[frust INFO] frust-perf raw n=1565 total_us=17143 rebuild_us=538 layout_us=29 paint_us=37 encode_us=13 acquire_us=11611 submit_us=4913 skipped=0 gpu_q=1 gpu_total_us=4623 gpu_prepass_us=0 gpu_main_us=4623 gpu_composite_us=0 gpu_blit_us=0
[frust INFO] frust-perf img skipped=0 evicted=3 resident=60 budget=1024x1024x4
[frust INFO] frust-perf raw n=1566 total_us=17175 rebuild_us=536 layout_us=24 paint_us=37 encode_us=12 acquire_us=11632 submit_us=4931 skipped=0 gpu_q=1 gpu_total_us=4695 gpu_prepass_us=0 gpu_main_us=4695 gpu_composite_us=0 gpu_blit_us=0
[frust INFO] frust-perf img skipped=0 evicted=4 resident=60 budget=1024x1024x4
[frust INFO] frust-perf raw n=1567 total_us=17891 rebuild_us=516 layout_us=21 paint_us=34 encode_us=11 acquire_us=11755 submit_us=5551 skipped=0 gpu_q=1 gpu_total_us=4625 gpu_prepass_us=0 gpu_main_us=4625 gpu_composite_us=0 gpu_blit_us=0
[frust INFO] frust-perf img skipped=0 evicted=3 resident=60 budget=1024x1024x4
[frust INFO] frust-perf raw n=1568 total_us=16705 rebuild_us=533 layout_us=24 paint_us=36 encode_us=15 acquire_us=11039 submit_us=5054 skipped=0 gpu_q=1 gpu_total_us=4678 gpu_prepass_us=0 gpu_main_us=4678 gpu_composite_us=0 gpu_blit_us=0
[frust INFO] frust-perf img skipped=0 evicted=3 resident=60 budget=1024x1024x4
[frust INFO] frust-perf raw n=1569 total_us=16934 rebuild_us=549 layout_us=30 paint_us=35 encode_us=10 acquire_us=11509 submit_us=4798 skipped=0 gpu_q=1 gpu_total_us=4641 gpu_prepass_us=0 gpu_main_us=4641 gpu_composite_us=0 gpu_blit_us=0
[frust INFO] frust-perf img skipped=0 evicted=3 resident=60 budget=1024x1024x4
[frust INFO] frust-perf raw n=1570 total_us=17189 rebuild_us=527 layout_us=24 paint_us=35 encode_us=26 acquire_us=11765 submit_us=4810 skipped=0 gpu_q=1 gpu_total_us=4686 gpu_prepass_us=0 gpu_main_us=4686 gpu_composite_us=0 gpu_blit_us=0
[frust INFO] frust-perf img skipped=0 evicted=3 resident=60 budget=1024x1024x4
[frust INFO] frust-perf raw n=1571 total_us=17146 rebuild_us=518 layout_us=27 paint_us=40 encode_us=13 acquire_us=11753 submit_us=4792 skipped=0 gpu_q=1 gpu_total_us=4630 gpu_prepass_us=0 gpu_main_us=4630 gpu_composite_us=0 gpu_blit_us=0
[frust INFO] frust-perf img skipped=0 evicted=4 resident=60 budget=1024x1024x4
[frust INFO] frust-perf raw n=1572 total_us=18100 rebuild_us=546 layout_us=24 paint_us=35 encode_us=15 acquire_us=12198 submit_us=5279 skipped=0 gpu_q=1 gpu_total_us=4652 gpu_prepass_us=0 gpu_main_us=4652 gpu_composite_us=0 gpu_blit_us=0
[frust INFO] frust-perf img skipped=0 evicted=3 resident=60 budget=1024x1024x4
[frust INFO] frust-perf raw n=1573 total_us=16428 rebuild_us=498 layout_us=27 paint_us=32 encode_us=11 acquire_us=11001 submit_us=4857 skipped=0 gpu_q=1 gpu_total_us=4657 gpu_prepass_us=0 gpu_main_us=4657 gpu_composite_us=0 gpu_blit_us=0
[frust INFO] frust-perf img skipped=0 evicted=3 resident=60 budget=1024x1024x4
[frust INFO] frust-perf raw n=1574 total_us=17473 rebuild_us=560 layout_us=25 paint_us=35 encode_us=13 acquire_us=11917 submit_us=4920 skipped=0 gpu_q=1 gpu_total_us=4738 gpu_prepass_us=0 gpu_main_us=4738 gpu_composite_us=0 gpu_blit_us=0
[frust INFO] frust-perf img skipped=0 evicted=3 resident=60 budget=1024x1024x4
[frust INFO] frust-perf raw n=1575 total_us=16877 rebuild_us=546 layout_us=26 paint_us=33 encode_us=7 acquire_us=11687 submit_us=4575 skipped=0 gpu_q=1 gpu_total_us=4635 gpu_prepass_us=0 gpu_main_us=4635 gpu_composite_us=0 gpu_blit_us=0
[frust INFO] frust-perf img skipped=0 evicted=3 resident=60 budget=1024x1024x4
[frust INFO] frust-perf raw n=1576 total_us=17765 rebuild_us=565 layout_us=23 paint_us=35 encode_us=6 acquire_us=11987 submit_us=5145 skipped=0 gpu_q=1 gpu_total_us=4581 gpu_prepass_us=0 gpu_main_us=4581 gpu_composite_us=0 gpu_blit_us=0
[frust INFO] frust-perf img skipped=0 evicted=4 resident=60 budget=1024x1024x4
[frust INFO] frust-perf raw n=1577 total_us=17269 rebuild_us=575 layout_us=24 paint_us=32 encode_us=13 acquire_us=11376 submit_us=5246 skipped=0 gpu_q=1 gpu_total_us=4628 gpu_prepass_us=0 gpu_main_us=4628 gpu_composite_us=0 gpu_blit_us=0
[frust INFO] frust-perf img skipped=0 evicted=3 resident=60 budget=1024x1024x4
[frust INFO] frust-perf raw n=1578 total_us=16578 rebuild_us=531 layout_us=29 paint_us=29 encode_us=11 acquire_us=11405 submit_us=4571 skipped=0 gpu_q=1 gpu_total_us=4545 gpu_prepass_us=0 gpu_main_us=4545 gpu_composite_us=0 gpu_blit_us=0
[frust INFO] frust-perf img skipped=0 evicted=3 resident=60 budget=1024x1024x4
[frust INFO] frust-perf raw n=1579 total_us=17327 rebuild_us=502 layout_us=24 paint_us=30 encode_us=10 acquire_us=12056 submit_us=4703 skipped=0 gpu_q=1 gpu_total_us=4735 gpu_prepass_us=0 gpu_main_us=4735 gpu_composite_us=0 gpu_blit_us=0
[frust INFO] frust-perf img skipped=0 evicted=3 resident=60 budget=1024x1024x4
[frust INFO] frust-perf raw n=1580 total_us=17249 rebuild_us=503 layout_us=25 paint_us=38 encode_us=10 acquire_us=11829 submit_us=4842 skipped=0 gpu_q=1 gpu_total_us=4688 gpu_prepass_us=0 gpu_main_us=4688 gpu_composite_us=0 gpu_blit_us=0
[frust INFO] frust-perf img skipped=0 evicted=3 resident=60 budget=1024x1024x4
[frust INFO] frust-perf raw n=1581 total_us=17369 rebuild_us=535 layout_us=24 paint_us=34 encode_us=10 acquire_us=11796 submit_us=4968 skipped=0 gpu_q=1 gpu_total_us=4669 gpu_prepass_us=0 gpu_main_us=4669 gpu_composite_us=0 gpu_blit_us=0
[frust INFO] frust-perf img skipped=0 evicted=4 resident=60 budget=1024x1024x4
[frust INFO] frust-perf raw n=1582 total_us=17925 rebuild_us=517 layout_us=21 paint_us=38 encode_us=12 acquire_us=11728 submit_us=5605 skipped=0 gpu_q=1 gpu_total_us=4577 gpu_prepass_us=0 gpu_main_us=4577 gpu_composite_us=0 gpu_blit_us=0
[frust INFO] frust-perf img skipped=0 evicted=3 resident=60 budget=1024x1024x4
[frust INFO] frust-perf raw n=1583 total_us=16332 rebuild_us=535 layout_us=28 paint_us=41 encode_us=15 acquire_us=10886 submit_us=4823 skipped=0 gpu_q=1 gpu_total_us=4633 gpu_prepass_us=0 gpu_main_us=4633 gpu_composite_us=0 gpu_blit_us=0
[frust INFO] frust-perf img skipped=0 evicted=3 resident=60 budget=1024x1024x4
[frust INFO] frust-perf raw n=1584 total_us=17287 rebuild_us=591 layout_us=25 paint_us=37 encode_us=13 acquire_us=11791 submit_us=4828 skipped=0 gpu_q=1 gpu_total_us=4714 gpu_prepass_us=0 gpu_main_us=4714 gpu_composite_us=0 gpu_blit_us=0
[frust INFO] frust-perf img skipped=0 evicted=3 resident=60 budget=1024x1024x4
[frust INFO] frust-perf raw n=1585 total_us=17151 rebuild_us=476 layout_us=23 paint_us=33 encode_us=7 acquire_us=11826 submit_us=4785 skipped=0 gpu_q=1 gpu_total_us=4669 gpu_prepass_us=0 gpu_main_us=4669 gpu_composite_us=0 gpu_blit_us=0
[frust INFO] frust-perf img skipped=0 evicted=3 resident=60 budget=1024x1024x4
[frust INFO] frust-perf raw n=1586 total_us=16993 rebuild_us=517 layout_us=23 paint_us=34 encode_us=17 acquire_us=11799 submit_us=4601 skipped=0 gpu_q=1 gpu_total_us=4404 gpu_prepass_us=0 gpu_main_us=4404 gpu_composite_us=0 gpu_blit_us=0
[frust INFO] frust-perf img skipped=0 evicted=4 resident=60 budget=1024x1024x4
[frust INFO] frust-perf raw n=1587 total_us=17834 rebuild_us=525 layout_us=26 paint_us=35 encode_us=13 acquire_us=12238 submit_us=4994 skipped=0 gpu_q=1 gpu_total_us=4635 gpu_prepass_us=0 gpu_main_us=4635 gpu_composite_us=0 gpu_blit_us=0
[frust INFO] frust-perf img skipped=0 evicted=3 resident=60 budget=1024x1024x4
[frust INFO] frust-perf raw n=1588 total_us=17311 rebuild_us=551 layout_us=28 paint_us=34 encode_us=7 acquire_us=11481 submit_us=5208 skipped=0 gpu_q=1 gpu_total_us=4609 gpu_prepass_us=0 gpu_main_us=4609 gpu_composite_us=0 gpu_blit_us=0
[frust INFO] frust-perf img skipped=0 evicted=3 resident=60 budget=1024x1024x4
[frust INFO] frust-perf raw n=1589 total_us=16892 rebuild_us=588 layout_us=33 paint_us=42 encode_us=13 acquire_us=11331 submit_us=4882 skipped=0 gpu_q=1 gpu_total_us=4650 gpu_prepass_us=0 gpu_main_us=4650 gpu_composite_us=0 gpu_blit_us=0
[frust INFO] frust-perf img skipped=0 evicted=3 resident=60 budget=1024x1024x4
[frust INFO] frust-perf raw n=1590 total_us=17075 rebuild_us=524 layout_us=28 paint_us=34 encode_us=7 acquire_us=11797 submit_us=4683 skipped=0 gpu_q=1 gpu_total_us=4633 gpu_prepass_us=0 gpu_main_us=4633 gpu_composite_us=0 gpu_blit_us=0
[frust INFO] frust-perf img skipped=0 evicted=3 resident=60 budget=1024x1024x4
[frust INFO] frust-perf raw n=1591 total_us=17533 rebuild_us=583 layout_us=23 paint_us=40 encode_us=6 acquire_us=11943 submit_us=4935 skipped=0 gpu_q=1 gpu_total_us=4655 gpu_prepass_us=0 gpu_main_us=4655 gpu_composite_us=0 gpu_blit_us=0
[frust INFO] frust-perf img skipped=0 evicted=4 resident=60 budget=1024x1024x4
[frust INFO] frust-perf raw n=1592 total_us=17651 rebuild_us=589 layout_us=28 paint_us=36 encode_us=9 acquire_us=11838 submit_us=5149 skipped=0 gpu_q=1 gpu_total_us=4540 gpu_prepass_us=0 gpu_main_us=4540 gpu_composite_us=0 gpu_blit_us=0
[frust INFO] frust-perf img skipped=0 evicted=3 resident=60 budget=1024x1024x4
[frust INFO] frust-perf raw n=1593 total_us=16864 rebuild_us=524 layout_us=23 paint_us=35 encode_us=6 acquire_us=11306 submit_us=4967 skipped=0 gpu_q=1 gpu_total_us=4707 gpu_prepass_us=0 gpu_main_us=4707 gpu_composite_us=0 gpu_blit_us=0
[frust INFO] frust-perf img skipped=0 evicted=3 resident=60 budget=1024x1024x4
[frust INFO] frust-perf raw n=1594 total_us=16701 rebuild_us=592 layout_us=28 paint_us=36 encode_us=14 acquire_us=11577 submit_us=4452 skipped=0 gpu_q=1 gpu_total_us=4548 gpu_prepass_us=0 gpu_main_us=4548 gpu_composite_us=0 gpu_blit_us=0
[frust INFO] frust-perf img skipped=0 evicted=3 resident=60 budget=1024x1024x4
[frust INFO] frust-perf raw n=1595 total_us=17211 rebuild_us=579 layout_us=28 paint_us=30 encode_us=11 acquire_us=12179 submit_us=4382 skipped=0 gpu_q=1 gpu_total_us=4736 gpu_prepass_us=0 gpu_main_us=4736 gpu_composite_us=0 gpu_blit_us=0
[frust INFO] frust-perf img skipped=0 evicted=3 resident=60 budget=1024x1024x4
[frust INFO] frust-perf raw n=1596 total_us=18047 rebuild_us=546 layout_us=26 paint_us=37 encode_us=6 acquire_us=12232 submit_us=5198 skipped=0 gpu_q=1 gpu_total_us=4647 gpu_prepass_us=0 gpu_main_us=4647 gpu_composite_us=0 gpu_blit_us=0
[frust INFO] frust-perf img skipped=0 evicted=4 resident=60 budget=1024x1024x4
[frust INFO] frust-perf raw n=1597 total_us=17501 rebuild_us=596 layout_us=28 paint_us=31 encode_us=7 acquire_us=11750 submit_us=5087 skipped=0 gpu_q=1 gpu_total_us=4636 gpu_prepass_us=0 gpu_main_us=4636 gpu_composite_us=0 gpu_blit_us=0
[frust INFO] frust-perf img skipped=0 evicted=3 resident=60 budget=1024x1024x4
[frust INFO] frust-perf raw n=1598 total_us=16397 rebuild_us=533 layout_us=28 paint_us=29 encode_us=6 acquire_us=11245 submit_us=4554 skipped=0 gpu_q=1 gpu_total_us=4708 gpu_prepass_us=0 gpu_main_us=4708 gpu_composite_us=0 gpu_blit_us=0
[frust INFO] frust-perf img skipped=0 evicted=3 resident=60 budget=1024x1024x4
[frust INFO] frust-perf raw n=1599 total_us=17836 rebuild_us=607 layout_us=28 paint_us=36 encode_us=6 acquire_us=12071 submit_us=5085 skipped=0 gpu_q=1 gpu_total_us=4702 gpu_prepass_us=0 gpu_main_us=4702 gpu_composite_us=0 gpu_blit_us=0
[frust INFO] frust-perf img skipped=0 evicted=3 resident=60 budget=1024x1024x4
[frust INFO] frust-perf raw n=1600 total_us=16860 rebuild_us=562 layout_us=24 paint_us=31 encode_us=14 acquire_us=11541 submit_us=4687 skipped=0 gpu_q=1 gpu_total_us=4559 gpu_prepass_us=0 gpu_main_us=4559 gpu_composite_us=0 gpu_blit_us=0
[frust INFO] frust-perf img skipped=0 evicted=3 resident=60 budget=1024x1024x4
[frust INFO] frust-perf raw n=1601 total_us=17556 rebuild_us=471 layout_us=23 paint_us=37 encode_us=10 acquire_us=11968 submit_us=5044 skipped=0 gpu_q=1 gpu_total_us=4577 gpu_prepass_us=0 gpu_main_us=4577 gpu_composite_us=0 gpu_blit_us=0
[frust INFO] frust-perf img skipped=0 evicted=4 resident=60 budget=1024x1024x4
[frust INFO] frust-perf raw n=1602 total_us=17844 rebuild_us=565 layout_us=24 paint_us=34 encode_us=11 acquire_us=11743 submit_us=5465 skipped=0 gpu_q=1 gpu_total_us=4565 gpu_prepass_us=0 gpu_main_us=4565 gpu_composite_us=0 gpu_blit_us=0
[frust INFO] frust-perf img skipped=0 evicted=3 resident=60 budget=1024x1024x4
[frust INFO] frust-perf raw n=1603 total_us=16335 rebuild_us=548 layout_us=28 paint_us=35 encode_us=11 acquire_us=10842 submit_us=4869 skipped=0 gpu_q=1 gpu_total_us=4681 gpu_prepass_us=0 gpu_main_us=4681 gpu_composite_us=0 gpu_blit_us=0
[frust INFO] frust-perf img skipped=0 evicted=3 resident=60 budget=1024x1024x4
[frust INFO] frust-perf raw n=1604 total_us=17370 rebuild_us=591 layout_us=25 paint_us=40 encode_us=10 acquire_us=11797 submit_us=4905 skipped=0 gpu_q=1 gpu_total_us=4651 gpu_prepass_us=0 gpu_main_us=4651 gpu_composite_us=0 gpu_blit_us=0
[frust INFO] frust-perf img skipped=0 evicted=3 resident=60 budget=1024x1024x4
[frust INFO] frust-perf raw n=1605 total_us=16942 rebuild_us=583 layout_us=30 paint_us=26 encode_us=7 acquire_us=11696 submit_us=4597 skipped=0 gpu_q=1 gpu_total_us=4624 gpu_prepass_us=0 gpu_main_us=4624 gpu_composite_us=0 gpu_blit_us=0
[frust INFO] frust-perf img skipped=0 evicted=3 resident=60 budget=1024x1024x4
[frust INFO] frust-perf raw n=1606 total_us=17984 rebuild_us=593 layout_us=27 paint_us=37 encode_us=5 acquire_us=12088 submit_us=5231 skipped=0 gpu_q=1 gpu_total_us=4512 gpu_prepass_us=0 gpu_main_us=4512 gpu_composite_us=0 gpu_blit_us=0
[frust INFO] frust-perf img skipped=0 evicted=4 resident=60 budget=1024x1024x4
[frust INFO] frust-perf raw n=1607 total_us=17431 rebuild_us=634 layout_us=32 paint_us=37 encode_us=7 acquire_us=11605 submit_us=5113 skipped=0 gpu_q=1 gpu_total_us=4454 gpu_prepass_us=0 gpu_main_us=4454 gpu_composite_us=0 gpu_blit_us=0
[frust INFO] frust-perf img skipped=0 evicted=3 resident=60 budget=1024x1024x4
[frust INFO] frust-perf raw n=1608 total_us=16974 rebuild_us=613 layout_us=29 paint_us=38 encode_us=6 acquire_us=11136 submit_us=5148 skipped=0 gpu_q=1 gpu_total_us=4531 gpu_prepass_us=0 gpu_main_us=4531 gpu_composite_us=0 gpu_blit_us=0
[frust INFO] frust-perf img skipped=0 evicted=3 resident=60 budget=1024x1024x4
[frust INFO] frust-perf raw n=1609 total_us=17039 rebuild_us=652 layout_us=25 paint_us=38 encode_us=16 acquire_us=11522 submit_us=4785 skipped=0 gpu_q=1 gpu_total_us=4513 gpu_prepass_us=0 gpu_main_us=4513 gpu_composite_us=0 gpu_blit_us=0
[frust INFO] frust-perf img skipped=0 evicted=3 resident=60 budget=1024x1024x4
[frust INFO] frust-perf raw n=1610 total_us=17141 rebuild_us=592 layout_us=25 paint_us=41 encode_us=11 acquire_us=11789 submit_us=4680 skipped=0 gpu_q=1 gpu_total_us=4482 gpu_prepass_us=0 gpu_main_us=4482 gpu_composite_us=0 gpu_blit_us=0
[frust INFO] frust-perf img skipped=0 evicted=3 resident=60 budget=1024x1024x4
[frust INFO] frust-perf raw n=1611 total_us=17705 rebuild_us=557 layout_us=24 paint_us=32 encode_us=6 acquire_us=12058 submit_us=5026 skipped=0 gpu_q=1 gpu_total_us=4604 gpu_prepass_us=0 gpu_main_us=4604 gpu_composite_us=0 gpu_blit_us=0
[frust INFO] frust-perf img skipped=0 evicted=3 resident=60 budget=1024x1024x4
[frust INFO] frust-perf raw n=1612 total_us=17197 rebuild_us=538 layout_us=27 paint_us=37 encode_us=18 acquire_us=11637 submit_us=4938 skipped=0 gpu_q=1 gpu_total_us=4715 gpu_prepass_us=0 gpu_main_us=4715 gpu_composite_us=0 gpu_blit_us=0
[frust INFO] frust-perf img skipped=0 evicted=4 resident=60 budget=1024x1024x4
[frust INFO] frust-perf raw n=1613 total_us=17413 rebuild_us=549 layout_us=27 paint_us=36 encode_us=7 acquire_us=11625 submit_us=5167 skipped=0 gpu_q=1 gpu_total_us=4582 gpu_prepass_us=0 gpu_main_us=4582 gpu_composite_us=0 gpu_blit_us=0
[frust INFO] frust-perf img skipped=0 evicted=3 resident=60 budget=1024x1024x4
[frust INFO] frust-perf raw n=1614 total_us=16454 rebuild_us=555 layout_us=23 paint_us=36 encode_us=6 acquire_us=11336 submit_us=4496 skipped=0 gpu_q=1 gpu_total_us=4596 gpu_prepass_us=0 gpu_main_us=4596 gpu_composite_us=0 gpu_blit_us=0
[frust INFO] frust-perf img skipped=0 evicted=3 resident=60 budget=1024x1024x4
[frust INFO] frust-perf raw n=1615 total_us=17631 rebuild_us=585 layout_us=27 paint_us=40 encode_us=6 acquire_us=12261 submit_us=4711 skipped=0 gpu_q=1 gpu_total_us=4644 gpu_prepass_us=0 gpu_main_us=4644 gpu_composite_us=0 gpu_blit_us=0
[frust INFO] frust-perf img skipped=0 evicted=3 resident=60 budget=1024x1024x4
[frust INFO] frust-perf raw n=1616 total_us=17202 rebuild_us=563 layout_us=25 paint_us=37 encode_us=6 acquire_us=11705 submit_us=4864 skipped=0 gpu_q=1 gpu_total_us=4578 gpu_prepass_us=0 gpu_main_us=4578 gpu_composite_us=0 gpu_blit_us=0
[frust INFO] frust-perf img skipped=0 evicted=3 resident=60 budget=1024x1024x4
[frust INFO] frust-perf raw n=1617 total_us=16979 rebuild_us=593 layout_us=26 paint_us=42 encode_us=13 acquire_us=11801 submit_us=4501 skipped=0 gpu_q=1 gpu_total_us=4672 gpu_prepass_us=0 gpu_main_us=4672 gpu_composite_us=0 gpu_blit_us=0
[frust INFO] frust-perf img skipped=0 evicted=4 resident=60 budget=1024x1024x4
[frust INFO] frust-perf raw n=1618 total_us=18019 rebuild_us=535 layout_us=27 paint_us=38 encode_us=10 acquire_us=12326 submit_us=5081 skipped=0 gpu_q=1 gpu_total_us=4611 gpu_prepass_us=0 gpu_main_us=4611 gpu_composite_us=0 gpu_blit_us=0
[frust INFO] frust-perf img skipped=0 evicted=3 resident=60 budget=1024x1024x4
[frust INFO] frust-perf raw n=1619 total_us=16719 rebuild_us=532 layout_us=27 paint_us=30 encode_us=6 acquire_us=11679 submit_us=4443 skipped=0 gpu_q=1 gpu_total_us=4621 gpu_prepass_us=0 gpu_main_us=4621 gpu_composite_us=0 gpu_blit_us=0
[frust INFO] frust-perf img skipped=0 evicted=3 resident=60 budget=1024x1024x4
[frust INFO] frust-perf enc n=1620 w=60 validate_us=4.4 prepare_us=4.8 classify_us=10.9 admit_us=0.5 walk_us=1421.9 glyphs_us=102.3 finish_us=3.0 compile_us=1501.8 schedule_us=4.8 paints_us=19.3 instances_us=67.2 resize_us=3.4 upload_us=1834.2 replay_us=0.7 pipelines_us=20.6 record_us=35.4 total_us=3463.7 total_p95_us=4052.5 draws=29 strips=2111 alphas=51696 glyph_draws=17 atlas_glyphs=17
[frust INFO] frust-perf raw n=1620 total_us=16903 rebuild_us=212 layout_us=8 paint_us=13 encode_us=6 acquire_us=11915 submit_us=4747 skipped=0 gpu_q=1 gpu_total_us=4748 gpu_prepass_us=0 gpu_main_us=4748 gpu_composite_us=0 gpu_blit_us=0
[frust INFO] frust-perf img skipped=0 evicted=3 resident=60 budget=1024x1024x4
[frust INFO] frust-perf raw n=1621 total_us=17496 rebuild_us=771 layout_us=29 paint_us=35 encode_us=6 acquire_us=11999 submit_us=4653 skipped=0 gpu_q=1 gpu_total_us=4592 gpu_prepass_us=0 gpu_main_us=4592 gpu_composite_us=0 gpu_blit_us=0
[frust INFO] frust-perf img skipped=0 evicted=3 resident=60 budget=1024x1024x4
[frust INFO] frust-perf raw n=1622 total_us=16481 rebuild_us=212 layout_us=8 paint_us=13 encode_us=19 acquire_us=11790 submit_us=4437 skipped=0 gpu_q=1 gpu_total_us=4697 gpu_prepass_us=0 gpu_main_us=4697 gpu_composite_us=0 gpu_blit_us=0
[frust INFO] frust-perf img skipped=0 evicted=4 resident=60 budget=1024x1024x4
[frust INFO] frust-perf raw n=1623 total_us=18450 rebuild_us=851 layout_us=32 paint_us=31 encode_us=15 acquire_us=12404 submit_us=5115 skipped=0 gpu_q=1 gpu_total_us=4618 gpu_prepass_us=0 gpu_main_us=4618 gpu_composite_us=0 gpu_blit_us=0
[frust INFO] frust-perf img skipped=0 evicted=3 resident=60 budget=1024x1024x4
[frust INFO] frust-perf raw n=1624 total_us=16835 rebuild_us=512 layout_us=27 paint_us=32 encode_us=6 acquire_us=11603 submit_us=4652 skipped=0 gpu_q=1 gpu_total_us=4692 gpu_prepass_us=0 gpu_main_us=4692 gpu_composite_us=0 gpu_blit_us=0
[frust INFO] frust-perf img skipped=0 evicted=3 resident=60 budget=1024x1024x4
[frust INFO] frust-perf raw n=1625 total_us=16644 rebuild_us=219 layout_us=8 paint_us=14 encode_us=6 acquire_us=11665 submit_us=4730 skipped=0 gpu_q=1 gpu_total_us=4628 gpu_prepass_us=0 gpu_main_us=4628 gpu_composite_us=0 gpu_blit_us=0
[frust INFO] frust-perf img skipped=0 evicted=3 resident=60 budget=1024x1024x4
[frust INFO] frust-perf raw n=1626 total_us=16974 rebuild_us=768 layout_us=30 paint_us=37 encode_us=6 acquire_us=11801 submit_us=4331 skipped=0 gpu_q=1 gpu_total_us=4599 gpu_prepass_us=0 gpu_main_us=4599 gpu_composite_us=0 gpu_blit_us=0
[frust INFO] frust-perf img skipped=0 evicted=3 resident=60 budget=1024x1024x4
[frust INFO] frust-perf raw n=1627 total_us=18031 rebuild_us=574 layout_us=26 paint_us=38 encode_us=5 acquire_us=12394 submit_us=4992 skipped=0 gpu_q=1 gpu_total_us=4588 gpu_prepass_us=0 gpu_main_us=4588 gpu_composite_us=0 gpu_blit_us=0
[frust INFO] frust-perf img skipped=0 evicted=4 resident=60 budget=1024x1024x4
[frust INFO] frust-perf raw n=1628 total_us=17524 rebuild_us=580 layout_us=24 paint_us=36 encode_us=7 acquire_us=11821 submit_us=5054 skipped=0 gpu_q=1 gpu_total_us=4562 gpu_prepass_us=0 gpu_main_us=4562 gpu_composite_us=0 gpu_blit_us=0
[frust INFO] frust-perf img skipped=0 evicted=3 resident=60 budget=1024x1024x4
[frust INFO] frust-perf raw n=1629 total_us=16701 rebuild_us=532 layout_us=22 paint_us=34 encode_us=6 acquire_us=11607 submit_us=4497 skipped=0 gpu_q=1 gpu_total_us=4721 gpu_prepass_us=0 gpu_main_us=4721 gpu_composite_us=0 gpu_blit_us=0
[frust INFO] frust-perf img skipped=0 evicted=3 resident=60 budget=1024x1024x4
[frust INFO] frust-perf raw n=1630 total_us=16875 rebuild_us=211 layout_us=9 paint_us=12 encode_us=6 acquire_us=11904 submit_us=4730 skipped=0 gpu_q=1 gpu_total_us=4666 gpu_prepass_us=0 gpu_main_us=4666 gpu_composite_us=0 gpu_blit_us=0
[frust INFO] frust-perf img skipped=0 evicted=3 resident=60 budget=1024x1024x4
[frust INFO] frust-perf raw n=1631 total_us=17224 rebuild_us=799 layout_us=25 paint_us=40 encode_us=6 acquire_us=11826 submit_us=4526 skipped=0 gpu_q=1 gpu_total_us=4608 gpu_prepass_us=0 gpu_main_us=4608 gpu_composite_us=0 gpu_blit_us=0
[frust INFO] frust-perf img skipped=0 evicted=3 resident=60 budget=1024x1024x4
[frust INFO] frust-perf raw n=1632 total_us=17784 rebuild_us=556 layout_us=21 paint_us=37 encode_us=7 acquire_us=12213 submit_us=4948 skipped=0 gpu_q=1 gpu_total_us=4556 gpu_prepass_us=0 gpu_main_us=4556 gpu_composite_us=0 gpu_blit_us=0
[frust INFO] frust-perf img skipped=0 evicted=4 resident=60 budget=1024x1024x4
[frust INFO] frust-perf raw n=1633 total_us=17804 rebuild_us=607 layout_us=30 paint_us=37 encode_us=12 acquire_us=11884 submit_us=5232 skipped=0 gpu_q=1 gpu_total_us=4490 gpu_prepass_us=0 gpu_main_us=4490 gpu_composite_us=0 gpu_blit_us=0
[frust INFO] frust-perf img skipped=0 evicted=3 resident=60 budget=1024x1024x4
[frust INFO] frust-perf raw n=1634 total_us=16635 rebuild_us=530 layout_us=24 paint_us=33 encode_us=6 acquire_us=11308 submit_us=4733 skipped=0 gpu_q=1 gpu_total_us=4644 gpu_prepass_us=0 gpu_main_us=4644 gpu_composite_us=0 gpu_blit_us=0
[frust INFO] frust-perf img skipped=0 evicted=3 resident=60 budget=1024x1024x4
[frust INFO] frust-perf raw n=1635 total_us=16262 rebuild_us=214 layout_us=8 paint_us=12 encode_us=6 acquire_us=11679 submit_us=4342 skipped=0 gpu_q=1 gpu_total_us=4630 gpu_prepass_us=0 gpu_main_us=4630 gpu_composite_us=0 gpu_blit_us=0
[frust INFO] frust-perf img skipped=0 evicted=3 resident=60 budget=1024x1024x4
[frust INFO] frust-perf raw n=1636 total_us=17882 rebuild_us=778 layout_us=30 paint_us=29 encode_us=6 acquire_us=12299 submit_us=4739 skipped=0 gpu_q=1 gpu_total_us=4629 gpu_prepass_us=0 gpu_main_us=4629 gpu_composite_us=0 gpu_blit_us=0
[frust INFO] frust-perf img skipped=0 evicted=3 resident=60 budget=1024x1024x4
[frust INFO] frust-perf raw n=1637 total_us=17764 rebuild_us=631 layout_us=30 paint_us=42 encode_us=5 acquire_us=11943 submit_us=5109 skipped=0 gpu_q=1 gpu_total_us=4667 gpu_prepass_us=0 gpu_main_us=4667 gpu_composite_us=0 gpu_blit_us=0
[frust INFO] frust-perf img skipped=0 evicted=4 resident=60 budget=1024x1024x4
[frust INFO] frust-perf raw n=1638 total_us=17526 rebuild_us=598 layout_us=27 paint_us=37 encode_us=7 acquire_us=11742 submit_us=5112 skipped=0 gpu_q=1 gpu_total_us=4545 gpu_prepass_us=0 gpu_main_us=4545 gpu_composite_us=0 gpu_blit_us=0
[frust INFO] frust-perf img skipped=0 evicted=3 resident=60 budget=1024x1024x4
[frust INFO] frust-perf raw n=1639 total_us=17035 rebuild_us=578 layout_us=24 paint_us=29 encode_us=6 acquire_us=11280 submit_us=5116 skipped=0 gpu_q=1 gpu_total_us=4712 gpu_prepass_us=0 gpu_main_us=4712 gpu_composite_us=0 gpu_blit_us=0
[frust INFO] frust-perf img skipped=0 evicted=3 resident=60 budget=1024x1024x4
[frust INFO] frust-perf raw n=1640 total_us=16603 rebuild_us=552 layout_us=24 paint_us=40 encode_us=14 acquire_us=11408 submit_us=4563 skipped=0 gpu_q=1 gpu_total_us=4745 gpu_prepass_us=0 gpu_main_us=4745 gpu_composite_us=0 gpu_blit_us=0
[frust INFO] frust-perf img skipped=0 evicted=3 resident=60 budget=1024x1024x4
[frust INFO] frust-perf raw n=1641 total_us=17095 rebuild_us=560 layout_us=27 paint_us=39 encode_us=11 acquire_us=12056 submit_us=4400 skipped=0 gpu_q=1 gpu_total_us=4632 gpu_prepass_us=0 gpu_main_us=4632 gpu_composite_us=0 gpu_blit_us=0
[frust INFO] frust-perf img skipped=0 evicted=3 resident=60 budget=1024x1024x4
[frust INFO] frust-perf raw n=1642 total_us=17881 rebuild_us=522 layout_us=27 paint_us=37 encode_us=6 acquire_us=12282 submit_us=5004 skipped=0 gpu_q=1 gpu_total_us=4690 gpu_prepass_us=0 gpu_main_us=4690 gpu_composite_us=0 gpu_blit_us=0
[frust INFO] frust-perf img skipped=0 evicted=4 resident=60 budget=1024x1024x4
[frust INFO] frust-perf raw n=1643 total_us=17206 rebuild_us=560 layout_us=19 paint_us=41 encode_us=14 acquire_us=11485 submit_us=5086 skipped=0 gpu_q=1 gpu_total_us=4613 gpu_prepass_us=0 gpu_main_us=4613 gpu_composite_us=0 gpu_blit_us=0
[frust INFO] frust-perf img skipped=0 evicted=3 resident=60 budget=1024x1024x4
[frust INFO] frust-perf raw n=1644 total_us=17072 rebuild_us=521 layout_us=22 paint_us=31 encode_us=14 acquire_us=11657 submit_us=4825 skipped=0 gpu_q=1 gpu_total_us=4640 gpu_prepass_us=0 gpu_main_us=4640 gpu_composite_us=0 gpu_blit_us=0
[frust INFO] frust-perf img skipped=0 evicted=3 resident=60 budget=1024x1024x4
[frust INFO] frust-perf raw n=1645 total_us=17381 rebuild_us=567 layout_us=28 paint_us=33 encode_us=13 acquire_us=11679 submit_us=5059 skipped=0 gpu_q=1 gpu_total_us=4737 gpu_prepass_us=0 gpu_main_us=4737 gpu_composite_us=0 gpu_blit_us=0
[frust INFO] frust-perf img skipped=0 evicted=3 resident=60 budget=1024x1024x4
[frust INFO] frust-perf raw n=1646 total_us=16960 rebuild_us=550 layout_us=26 paint_us=33 encode_us=10 acquire_us=11491 submit_us=4848 skipped=0 gpu_q=1 gpu_total_us=4665 gpu_prepass_us=0 gpu_main_us=4665 gpu_composite_us=0 gpu_blit_us=0
[frust INFO] frust-perf frame n=120 total_p50_ms=17 total_p95_ms=18 total_p99_ms=18 rebuild_p95_ms=0 layout_p95_ms=0 paint_p95_ms=0 encode_p95_ms=0 acquire_p95_ms=12 submit_p95_ms=5 over_60hz=1443 over_120hz=1637 skipped=0 total_frames=1646
[frust INFO] frust-perf img skipped=0 evicted=3 resident=60 budget=1024x1024x4
[frust INFO] frust-perf raw n=1647 total_us=17190 rebuild_us=514 layout_us=28 paint_us=32 encode_us=10 acquire_us=11729 submit_us=4874 skipped=0 gpu_q=1 gpu_total_us=4647 gpu_prepass_us=0 gpu_main_us=4647 gpu_composite_us=0 gpu_blit_us=0
[frust INFO] frust-perf img skipped=0 evicted=4 resident=60 budget=1024x1024x4
[frust INFO] frust-perf raw n=1648 total_us=17883 rebuild_us=542 layout_us=25 paint_us=33 encode_us=14 acquire_us=11940 submit_us=5327 skipped=0 gpu_q=1 gpu_total_us=4601 gpu_prepass_us=0 gpu_main_us=4601 gpu_composite_us=0 gpu_blit_us=0
[frust INFO] frust-perf img skipped=0 evicted=3 resident=60 budget=1024x1024x4
[frust INFO] frust-perf raw n=1649 total_us=16554 rebuild_us=520 layout_us=24 paint_us=33 encode_us=10 acquire_us=11134 submit_us=4831 skipped=0 gpu_q=1 gpu_total_us=4676 gpu_prepass_us=0 gpu_main_us=4676 gpu_composite_us=0 gpu_blit_us=0
[frust INFO] frust-perf img skipped=0 evicted=3 resident=60 budget=1024x1024x4
[frust INFO] frust-perf raw n=1650 total_us=17037 rebuild_us=539 layout_us=23 paint_us=36 encode_us=11 acquire_us=11651 submit_us=4775 skipped=0 gpu_q=1 gpu_total_us=4654 gpu_prepass_us=0 gpu_main_us=4654 gpu_composite_us=0 gpu_blit_us=0
[frust INFO] frust-perf img skipped=0 evicted=3 resident=60 budget=1024x1024x4
[frust INFO] frust-perf raw n=1651 total_us=17176 rebuild_us=564 layout_us=29 paint_us=36 encode_us=13 acquire_us=11907 submit_us=4626 skipped=0 gpu_q=1 gpu_total_us=4684 gpu_prepass_us=0 gpu_main_us=4684 gpu_composite_us=0 gpu_blit_us=0
[frust INFO] frust-perf img skipped=0 evicted=3 resident=60 budget=1024x1024x4
[frust INFO] frust-perf raw n=1652 total_us=17163 rebuild_us=488 layout_us=22 paint_us=34 encode_us=10 acquire_us=11944 submit_us=4663 skipped=0 gpu_q=1 gpu_total_us=4658 gpu_prepass_us=0 gpu_main_us=4658 gpu_composite_us=0 gpu_blit_us=0
[frust INFO] frust-perf img skipped=0 evicted=4 resident=60 budget=1024x1024x4
[frust INFO] frust-perf raw n=1653 total_us=18235 rebuild_us=548 layout_us=19 paint_us=34 encode_us=11 acquire_us=12117 submit_us=5504 skipped=0 gpu_q=1 gpu_total_us=4601 gpu_prepass_us=0 gpu_main_us=4601 gpu_composite_us=0 gpu_blit_us=0
[frust INFO] frust-perf img skipped=0 evicted=3 resident=60 budget=1024x1024x4
[frust INFO] frust-perf raw n=1654 total_us=16550 rebuild_us=497 layout_us=26 paint_us=29 encode_us=10 acquire_us=11008 submit_us=4977 skipped=0 gpu_q=1 gpu_total_us=4629 gpu_prepass_us=0 gpu_main_us=4629 gpu_composite_us=0 gpu_blit_us=0
[frust INFO] frust-perf img skipped=0 evicted=3 resident=60 budget=1024x1024x4
[frust INFO] frust-perf raw n=1655 total_us=16603 rebuild_us=526 layout_us=28 paint_us=35 encode_us=10 acquire_us=11561 submit_us=4441 skipped=0 gpu_q=1 gpu_total_us=4641 gpu_prepass_us=0 gpu_main_us=4641 gpu_composite_us=0 gpu_blit_us=0
[frust INFO] frust-perf img skipped=0 evicted=3 resident=60 budget=1024x1024x4
[frust INFO] frust-perf raw n=1656 total_us=17100 rebuild_us=547 layout_us=27 paint_us=34 encode_us=11 acquire_us=12162 submit_us=4317 skipped=0 gpu_q=1 gpu_total_us=4631 gpu_prepass_us=0 gpu_main_us=4631 gpu_composite_us=0 gpu_blit_us=0
[frust INFO] frust-perf img skipped=0 evicted=3 resident=60 budget=1024x1024x4
[frust INFO] frust-perf raw n=1657 total_us=18023 rebuild_us=512 layout_us=23 paint_us=38 encode_us=7 acquire_us=12421 submit_us=5021 skipped=0 gpu_q=1 gpu_total_us=4316 gpu_prepass_us=0 gpu_main_us=4316 gpu_composite_us=0 gpu_blit_us=0
[frust INFO] frust-perf img skipped=0 evicted=4 resident=60 budget=1024x1024x4
[frust INFO] frust-perf raw n=1658 total_us=17534 rebuild_us=532 layout_us=27 paint_us=29 encode_us=14 acquire_us=11703 submit_us=5227 skipped=0 gpu_q=1 gpu_total_us=4592 gpu_prepass_us=0 gpu_main_us=4592 gpu_composite_us=0 gpu_blit_us=0
[frust INFO] frust-perf img skipped=0 evicted=3 resident=60 budget=1024x1024x4
[frust INFO] frust-perf raw n=1659 total_us=16264 rebuild_us=500 layout_us=23 paint_us=33 encode_us=11 acquire_us=11107 submit_us=4589 skipped=0 gpu_q=1 gpu_total_us=4620 gpu_prepass_us=0 gpu_main_us=4620 gpu_composite_us=0 gpu_blit_us=0
[frust INFO] frust-perf img skipped=0 evicted=3 resident=60 budget=1024x1024x4
[frust INFO] frust-perf raw n=1660 total_us=17115 rebuild_us=497 layout_us=28 paint_us=39 encode_us=10 acquire_us=12014 submit_us=4525 skipped=0 gpu_q=1 gpu_total_us=4911 gpu_prepass_us=0 gpu_main_us=4911 gpu_composite_us=0 gpu_blit_us=0
[frust INFO] frust-perf img skipped=0 evicted=3 resident=60 budget=1024x1024x4
[frust INFO] frust-perf raw n=1661 total_us=17357 rebuild_us=513 layout_us=26 paint_us=31 encode_us=11 acquire_us=12111 submit_us=4663 skipped=0 gpu_q=1 gpu_total_us=4671 gpu_prepass_us=0 gpu_main_us=4671 gpu_composite_us=0 gpu_blit_us=0
[frust INFO] frust-perf img skipped=0 evicted=3 resident=60 budget=1024x1024x4
[frust INFO] frust-perf raw n=1662 total_us=17635 rebuild_us=511 layout_us=22 paint_us=34 encode_us=7 acquire_us=12010 submit_us=5048 skipped=0 gpu_q=1 gpu_total_us=4658 gpu_prepass_us=0 gpu_main_us=4658 gpu_composite_us=0 gpu_blit_us=0
[frust INFO] frust-perf img skipped=0 evicted=4 resident=60 budget=1024x1024x4
[frust INFO] frust-perf raw n=1663 total_us=17682 rebuild_us=579 layout_us=24 paint_us=36 encode_us=14 acquire_us=11713 submit_us=5313 skipped=0 gpu_q=1 gpu_total_us=4611 gpu_prepass_us=0 gpu_main_us=4611 gpu_composite_us=0 gpu_blit_us=0
[frust INFO] frust-perf img skipped=0 evicted=3 resident=60 budget=1024x1024x4
[frust INFO] frust-perf raw n=1664 total_us=16308 rebuild_us=472 layout_us=29 paint_us=32 encode_us=10 acquire_us=11084 submit_us=4679 skipped=0 gpu_q=1 gpu_total_us=4703 gpu_prepass_us=0 gpu_main_us=4703 gpu_composite_us=0 gpu_blit_us=0
[frust INFO] frust-perf img skipped=0 evicted=3 resident=60 budget=1024x1024x4
[frust INFO] frust-perf raw n=1665 total_us=17023 rebuild_us=575 layout_us=28 paint_us=36 encode_us=15 acquire_us=11875 submit_us=4492 skipped=0 gpu_q=1 gpu_total_us=4535 gpu_prepass_us=0 gpu_main_us=4535 gpu_composite_us=0 gpu_blit_us=0
[frust INFO] frust-perf img skipped=0 evicted=3 resident=60 budget=1024x1024x4
[frust INFO] frust-perf raw n=1666 total_us=17337 rebuild_us=501 layout_us=21 paint_us=40 encode_us=64 acquire_us=12127 submit_us=4581 skipped=0 gpu_q=1 gpu_total_us=4629 gpu_prepass_us=0 gpu_main_us=4629 gpu_composite_us=0 gpu_blit_us=0
[frust INFO] frust-perf img skipped=0 evicted=3 resident=60 budget=1024x1024x4
[frust INFO] frust-perf raw n=1667 total_us=17771 rebuild_us=514 layout_us=19 paint_us=36 encode_us=6 acquire_us=11957 submit_us=5237 skipped=0 gpu_q=1 gpu_total_us=4623 gpu_prepass_us=0 gpu_main_us=4623 gpu_composite_us=0 gpu_blit_us=0
[frust INFO] frust-perf img skipped=0 evicted=3 resident=60 budget=1024x1024x4
[frust INFO] frust-perf raw n=1668 total_us=16678 rebuild_us=593 layout_us=22 paint_us=40 encode_us=6 acquire_us=11680 submit_us=4336 skipped=0 gpu_q=1 gpu_total_us=4616 gpu_prepass_us=0 gpu_main_us=4616 gpu_composite_us=0 gpu_blit_us=0
[frust INFO] frust-perf img skipped=0 evicted=4 resident=60 budget=1024x1024x4
[frust INFO] frust-perf raw n=1669 total_us=18329 rebuild_us=531 layout_us=26 paint_us=35 encode_us=6 acquire_us=12084 submit_us=5645 skipped=0 gpu_q=1 gpu_total_us=4638 gpu_prepass_us=0 gpu_main_us=4638 gpu_composite_us=0 gpu_blit_us=0
[frust INFO] frust-perf img skipped=0 evicted=3 resident=60 budget=1024x1024x4
[frust INFO] frust-perf raw n=1670 total_us=16347 rebuild_us=574 layout_us=21 paint_us=34 encode_us=14 acquire_us=10885 submit_us=4816 skipped=0 gpu_q=1 gpu_total_us=4530 gpu_prepass_us=0 gpu_main_us=4530 gpu_composite_us=0 gpu_blit_us=0
[frust INFO] frust-perf img skipped=0 evicted=3 resident=60 budget=1024x1024x4
[frust INFO] frust-perf raw n=1671 total_us=17298 rebuild_us=491 layout_us=22 paint_us=36 encode_us=10 acquire_us=11822 submit_us=4913 skipped=0 gpu_q=1 gpu_total_us=4568 gpu_prepass_us=0 gpu_main_us=4568 gpu_composite_us=0 gpu_blit_us=0
[frust INFO] frust-perf img skipped=0 evicted=3 resident=60 budget=1024x1024x4
[frust INFO] frust-perf raw n=1672 total_us=17274 rebuild_us=504 layout_us=26 paint_us=34 encode_us=14 acquire_us=11699 submit_us=4995 skipped=0 gpu_q=1 gpu_total_us=4585 gpu_prepass_us=0 gpu_main_us=4585 gpu_composite_us=0 gpu_blit_us=0
[frust INFO] frust-perf img skipped=0 evicted=3 resident=60 budget=1024x1024x4
[frust INFO] frust-perf raw n=1673 total_us=17400 rebuild_us=565 layout_us=24 paint_us=33 encode_us=10 acquire_us=11884 submit_us=4881 skipped=0 gpu_q=1 gpu_total_us=4697 gpu_prepass_us=0 gpu_main_us=4697 gpu_composite_us=0 gpu_blit_us=0
[frust INFO] frust-perf img skipped=0 evicted=4 resident=60 budget=1024x1024x4
[frust INFO] frust-perf raw n=1674 total_us=17438 rebuild_us=546 layout_us=24 paint_us=35 encode_us=10 acquire_us=11459 submit_us=5362 skipped=0 gpu_q=1 gpu_total_us=4661 gpu_prepass_us=0 gpu_main_us=4661 gpu_composite_us=0 gpu_blit_us=0
[frust INFO] frust-perf img skipped=0 evicted=3 resident=60 budget=1024x1024x4
[frust INFO] frust-perf raw n=1675 total_us=16580 rebuild_us=524 layout_us=23 paint_us=38 encode_us=7 acquire_us=11164 submit_us=4823 skipped=0 gpu_q=1 gpu_total_us=4588 gpu_prepass_us=0 gpu_main_us=4588 gpu_composite_us=0 gpu_blit_us=0
[frust INFO] frust-perf img skipped=0 evicted=3 resident=60 budget=1024x1024x4
[frust INFO] frust-perf raw n=1676 total_us=17794 rebuild_us=572 layout_us=28 paint_us=36 encode_us=7 acquire_us=11904 submit_us=5245 skipped=0 gpu_q=1 gpu_total_us=4764 gpu_prepass_us=0 gpu_main_us=4764 gpu_composite_us=0 gpu_blit_us=0
[frust INFO] frust-perf img skipped=0 evicted=3 resident=60 budget=1024x1024x4
[frust INFO] frust-perf raw n=1677 total_us=17133 rebuild_us=641 layout_us=29 paint_us=40 encode_us=19 acquire_us=11560 submit_us=4841 skipped=0 gpu_q=1 gpu_total_us=4644 gpu_prepass_us=0 gpu_main_us=4644 gpu_composite_us=0 gpu_blit_us=0
[frust INFO] frust-perf img skipped=0 evicted=3 resident=60 budget=1024x1024x4
[frust INFO] frust-perf raw n=1678 total_us=17025 rebuild_us=577 layout_us=29 paint_us=34 encode_us=6 acquire_us=11734 submit_us=4642 skipped=0 gpu_q=1 gpu_total_us=4651 gpu_prepass_us=0 gpu_main_us=4651 gpu_composite_us=0 gpu_blit_us=0
[frust INFO] frust-perf img skipped=0 evicted=4 resident=60 budget=1024x1024x4
[frust INFO] frust-perf raw n=1679 total_us=18256 rebuild_us=581 layout_us=29 paint_us=38 encode_us=5 acquire_us=11860 submit_us=5741 skipped=0 gpu_q=1 gpu_total_us=4526 gpu_prepass_us=0 gpu_main_us=4526 gpu_composite_us=0 gpu_blit_us=0
[frust INFO] frust-perf img skipped=0 evicted=3 resident=60 budget=1024x1024x4
[frust INFO] frust-perf enc n=1680 w=60 validate_us=4.8 prepare_us=4.4 classify_us=10.8 admit_us=0.5 walk_us=1422.7 glyphs_us=107.0 finish_us=3.0 compile_us=1503.8 schedule_us=4.8 paints_us=18.5 instances_us=68.9 resize_us=3.4 upload_us=1804.5 replay_us=0.7 pipelines_us=19.2 record_us=35.7 total_us=3465.3 total_p95_us=4057.5 draws=29 strips=2111 alphas=51696 glyph_draws=17 atlas_glyphs=17
[frust INFO] frust-perf raw n=1680 total_us=16378 rebuild_us=615 layout_us=30 paint_us=44 encode_us=18 acquire_us=10782 submit_us=4885 skipped=0 gpu_q=1 gpu_total_us=4576 gpu_prepass_us=0 gpu_main_us=4576 gpu_composite_us=0 gpu_blit_us=0
[frust INFO] frust-perf img skipped=0 evicted=3 resident=60 budget=1024x1024x4
[frust INFO] frust-perf raw n=1681 total_us=17554 rebuild_us=563 layout_us=26 paint_us=32 encode_us=7 acquire_us=11940 submit_us=4985 skipped=0 gpu_q=1 gpu_total_us=4538 gpu_prepass_us=0 gpu_main_us=4538 gpu_composite_us=0 gpu_blit_us=0
[frust INFO] frust-perf img skipped=0 evicted=3 resident=60 budget=1024x1024x4
[frust INFO] frust-perf raw n=1682 total_us=16866 rebuild_us=592 layout_us=25 paint_us=38 encode_us=13 acquire_us=11398 submit_us=4797 skipped=0 gpu_q=1 gpu_total_us=4532 gpu_prepass_us=0 gpu_main_us=4532 gpu_composite_us=0 gpu_blit_us=0
[frust INFO] frust-perf img skipped=0 evicted=3 resident=60 budget=1024x1024x4
[frust INFO] frust-perf raw n=1683 total_us=17529 rebuild_us=622 layout_us=31 paint_us=39 encode_us=10 acquire_us=12208 submit_us=4616 skipped=0 gpu_q=1 gpu_total_us=4683 gpu_prepass_us=0 gpu_main_us=4683 gpu_composite_us=0 gpu_blit_us=0
[frust INFO] frust-perf img skipped=0 evicted=4 resident=60 budget=1024x1024x4
[frust INFO] frust-perf raw n=1684 total_us=18171 rebuild_us=565 layout_us=28 paint_us=37 encode_us=6 acquire_us=11662 submit_us=5871 skipped=0 gpu_q=1 gpu_total_us=4531 gpu_prepass_us=0 gpu_main_us=4531 gpu_composite_us=0 gpu_blit_us=0
[frust INFO] frust-perf img skipped=0 evicted=3 resident=60 budget=1024x1024x4
[frust INFO] frust-perf raw n=1685 total_us=16334 rebuild_us=627 layout_us=25 paint_us=41 encode_us=6 acquire_us=10697 submit_us=4935 skipped=0 gpu_q=1 gpu_total_us=4617 gpu_prepass_us=0 gpu_main_us=4617 gpu_composite_us=0 gpu_blit_us=0
[frust INFO] frust-perf img skipped=0 evicted=3 resident=60 budget=1024x1024x4
[frust INFO] frust-perf raw n=1686 total_us=16884 rebuild_us=611 layout_us=24 paint_us=43 encode_us=7 acquire_us=11756 submit_us=4439 skipped=0 gpu_q=1 gpu_total_us=4661 gpu_prepass_us=0 gpu_main_us=4661 gpu_composite_us=0 gpu_blit_us=0
[frust INFO] frust-perf img skipped=0 evicted=3 resident=60 budget=1024x1024x4
[frust INFO] frust-perf raw n=1687 total_us=18184 rebuild_us=562 layout_us=23 paint_us=36 encode_us=6 acquire_us=12178 submit_us=5377 skipped=0 gpu_q=1 gpu_total_us=4719 gpu_prepass_us=0 gpu_main_us=4719 gpu_composite_us=0 gpu_blit_us=0
[frust INFO] frust-perf img skipped=0 evicted=3 resident=60 budget=1024x1024x4
[frust INFO] frust-perf raw n=1688 total_us=16904 rebuild_us=598 layout_us=22 paint_us=39 encode_us=7 acquire_us=11361 submit_us=4874 skipped=0 gpu_q=1 gpu_total_us=4636 gpu_prepass_us=0 gpu_main_us=4636 gpu_composite_us=0 gpu_blit_us=0
[frust INFO] frust-perf img skipped=0 evicted=4 resident=60 budget=1024x1024x4
[frust INFO] frust-perf raw n=1689 total_us=17521 rebuild_us=520 layout_us=25 paint_us=37 encode_us=14 acquire_us=11597 submit_us=5325 skipped=0 gpu_q=1 gpu_total_us=4642 gpu_prepass_us=0 gpu_main_us=4642 gpu_composite_us=0 gpu_blit_us=0
[frust INFO] frust-perf img skipped=0 evicted=3 resident=60 budget=1024x1024x4
[frust INFO] frust-perf raw n=1690 total_us=16732 rebuild_us=516 layout_us=25 paint_us=37 encode_us=10 acquire_us=11392 submit_us=4749 skipped=0 gpu_q=1 gpu_total_us=4707 gpu_prepass_us=0 gpu_main_us=4707 gpu_composite_us=0 gpu_blit_us=0
[frust INFO] frust-perf img skipped=0 evicted=3 resident=60 budget=1024x1024x4
[frust INFO] frust-perf raw n=1691 total_us=17011 rebuild_us=479 layout_us=23 paint_us=35 encode_us=10 acquire_us=11736 submit_us=4727 skipped=0 gpu_q=1 gpu_total_us=4548 gpu_prepass_us=0 gpu_main_us=4548 gpu_composite_us=0 gpu_blit_us=0
[frust INFO] frust-perf img skipped=0 evicted=3 resident=60 budget=1024x1024x4
[frust INFO] frust-perf raw n=1692 total_us=17430 rebuild_us=482 layout_us=23 paint_us=30 encode_us=10 acquire_us=12012 submit_us=4869 skipped=0 gpu_q=1 gpu_total_us=4689 gpu_prepass_us=0 gpu_main_us=4689 gpu_composite_us=0 gpu_blit_us=0
[frust INFO] frust-perf img skipped=0 evicted=3 resident=60 budget=1024x1024x4
[frust INFO] frust-perf raw n=1693 total_us=17346 rebuild_us=517 layout_us=23 paint_us=32 encode_us=11 acquire_us=11620 submit_us=5141 skipped=0 gpu_q=1 gpu_total_us=4642 gpu_prepass_us=0 gpu_main_us=4642 gpu_composite_us=0 gpu_blit_us=0
[frust INFO] frust-perf img skipped=0 evicted=4 resident=60 budget=1024x1024x4
[frust INFO] frust-perf raw n=1694 total_us=17448 rebuild_us=531 layout_us=24 paint_us=38 encode_us=11 acquire_us=11390 submit_us=5451 skipped=0 gpu_q=1 gpu_total_us=4697 gpu_prepass_us=0 gpu_main_us=4697 gpu_composite_us=0 gpu_blit_us=0
[frust INFO] frust-perf img skipped=0 evicted=3 resident=60 budget=1024x1024x4
[frust INFO] frust-perf raw n=1695 total_us=16916 rebuild_us=534 layout_us=24 paint_us=39 encode_us=14 acquire_us=11307 submit_us=4996 skipped=0 gpu_q=1 gpu_total_us=4648 gpu_prepass_us=0 gpu_main_us=4648 gpu_composite_us=0 gpu_blit_us=0
[frust INFO] frust-perf img skipped=0 evicted=3 resident=60 budget=1024x1024x4
[frust INFO] frust-perf raw n=1696 total_us=16808 rebuild_us=501 layout_us=23 paint_us=32 encode_us=8 acquire_us=11634 submit_us=4608 skipped=0 gpu_q=1 gpu_total_us=4684 gpu_prepass_us=0 gpu_main_us=4684 gpu_composite_us=0 gpu_blit_us=0
[frust INFO] frust-perf img skipped=0 evicted=3 resident=60 budget=1024x1024x4
[frust INFO] frust-perf raw n=1697 total_us=17504 rebuild_us=520 layout_us=27 paint_us=36 encode_us=6 acquire_us=11981 submit_us=4933 skipped=0 gpu_q=1 gpu_total_us=4652 gpu_prepass_us=0 gpu_main_us=4652 gpu_composite_us=0 gpu_blit_us=0
[frust INFO] frust-perf img skipped=0 evicted=3 resident=60 budget=1024x1024x4
[frust INFO] frust-perf raw n=1698 total_us=17069 rebuild_us=545 layout_us=24 paint_us=32 encode_us=18 acquire_us=11729 submit_us=4720 skipped=0 gpu_q=1 gpu_total_us=4675 gpu_prepass_us=0 gpu_main_us=4675 gpu_composite_us=0 gpu_blit_us=0
[frust INFO] frust-perf img skipped=0 evicted=4 resident=60 budget=1024x1024x4
[frust INFO] frust-perf raw n=1699 total_us=17892 rebuild_us=482 layout_us=23 paint_us=30 encode_us=13 acquire_us=11897 submit_us=5444 skipped=0 gpu_q=1 gpu_total_us=4567 gpu_prepass_us=0 gpu_main_us=4567 gpu_composite_us=0 gpu_blit_us=0
[frust INFO] frust-perf img skipped=0 evicted=3 resident=60 budget=1024x1024x4
[frust INFO] frust-perf raw n=1700 total_us=16183 rebuild_us=517 layout_us=24 paint_us=39 encode_us=10 acquire_us=11102 submit_us=4489 skipped=0 gpu_q=1 gpu_total_us=4583 gpu_prepass_us=0 gpu_main_us=4583 gpu_composite_us=0 gpu_blit_us=0
[frust INFO] frust-perf img skipped=0 evicted=3 resident=60 budget=1024x1024x4
[frust INFO] frust-perf raw n=1701 total_us=17248 rebuild_us=554 layout_us=25 paint_us=34 encode_us=11 acquire_us=12028 submit_us=4594 skipped=0 gpu_q=1 gpu_total_us=4672 gpu_prepass_us=0 gpu_main_us=4672 gpu_composite_us=0 gpu_blit_us=0
[frust INFO] frust-perf img skipped=0 evicted=3 resident=60 budget=1024x1024x4
[frust INFO] frust-perf raw n=1702 total_us=17846 rebuild_us=501 layout_us=26 paint_us=35 encode_us=7 acquire_us=12115 submit_us=5160 skipped=0 gpu_q=1 gpu_total_us=4577 gpu_prepass_us=0 gpu_main_us=4577 gpu_composite_us=0 gpu_blit_us=0
[frust INFO] frust-perf img skipped=0 evicted=3 resident=60 budget=1024x1024x4
[frust INFO] frust-perf raw n=1703 total_us=16850 rebuild_us=534 layout_us=23 paint_us=33 encode_us=14 acquire_us=11385 submit_us=4860 skipped=0 gpu_q=1 gpu_total_us=4637 gpu_prepass_us=0 gpu_main_us=4637 gpu_composite_us=0 gpu_blit_us=0
[frust INFO] frust-perf img skipped=0 evicted=4 resident=60 budget=1024x1024x4
[frust INFO] frust-perf raw n=1704 total_us=18068 rebuild_us=528 layout_us=25 paint_us=31 encode_us=8 acquire_us=11937 submit_us=5537 skipped=0 gpu_q=1 gpu_total_us=4731 gpu_prepass_us=0 gpu_main_us=4731 gpu_composite_us=0 gpu_blit_us=0
[frust INFO] frust-perf img skipped=0 evicted=3 resident=60 budget=1024x1024x4
[frust INFO] frust-perf raw n=1705 total_us=16425 rebuild_us=510 layout_us=20 paint_us=40 encode_us=18 acquire_us=10991 submit_us=4844 skipped=0 gpu_q=1 gpu_total_us=4557 gpu_prepass_us=0 gpu_main_us=4557 gpu_composite_us=0 gpu_blit_us=0
[frust INFO] frust-perf img skipped=0 evicted=3 resident=60 budget=1024x1024x4
[frust INFO] frust-perf raw n=1706 total_us=17266 rebuild_us=488 layout_us=20 paint_us=34 encode_us=9 acquire_us=11692 submit_us=5021 skipped=0 gpu_q=1 gpu_total_us=4635 gpu_prepass_us=0 gpu_main_us=4635 gpu_composite_us=0 gpu_blit_us=0
[frust INFO] frust-perf img skipped=0 evicted=3 resident=60 budget=1024x1024x4
[frust INFO] frust-perf raw n=1707 total_us=17204 rebuild_us=547 layout_us=23 paint_us=33 encode_us=14 acquire_us=11650 submit_us=4935 skipped=0 gpu_q=1 gpu_total_us=4543 gpu_prepass_us=0 gpu_main_us=4543 gpu_composite_us=0 gpu_blit_us=0
[frust INFO] frust-perf img skipped=0 evicted=3 resident=60 budget=1024x1024x4
[frust INFO] frust-perf raw n=1708 total_us=16851 rebuild_us=455 layout_us=25 paint_us=33 encode_us=9 acquire_us=11594 submit_us=4732 skipped=0 gpu_q=1 gpu_total_us=4639 gpu_prepass_us=0 gpu_main_us=4639 gpu_composite_us=0 gpu_blit_us=0
[frust INFO] frust-perf img skipped=0 evicted=4 resident=60 budget=1024x1024x4
[frust INFO] frust-perf raw n=1709 total_us=17982 rebuild_us=455 layout_us=20 paint_us=35 encode_us=10 acquire_us=11993 submit_us=5467 skipped=0 gpu_q=1 gpu_total_us=4576 gpu_prepass_us=0 gpu_main_us=4576 gpu_composite_us=0 gpu_blit_us=0
[frust INFO] frust-perf img skipped=0 evicted=3 resident=60 budget=1024x1024x4
[frust INFO] frust-perf raw n=1710 total_us=16136 rebuild_us=561 layout_us=23 paint_us=42 encode_us=13 acquire_us=10987 submit_us=4508 skipped=0 gpu_q=1 gpu_total_us=4732 gpu_prepass_us=0 gpu_main_us=4732 gpu_composite_us=0 gpu_blit_us=0
[frust INFO] frust-perf img skipped=0 evicted=3 resident=60 budget=1024x1024x4
[frust INFO] frust-perf raw n=1711 total_us=17362 rebuild_us=597 layout_us=24 paint_us=41 encode_us=10 acquire_us=12094 submit_us=4593 skipped=0 gpu_q=1 gpu_total_us=4651 gpu_prepass_us=0 gpu_main_us=4651 gpu_composite_us=0 gpu_blit_us=0
[frust INFO] frust-perf img skipped=0 evicted=3 resident=60 budget=1024x1024x4
[frust INFO] frust-perf raw n=1712 total_us=17707 rebuild_us=523 layout_us=26 paint_us=38 encode_us=6 acquire_us=12030 submit_us=5081 skipped=0 gpu_q=1 gpu_total_us=4657 gpu_prepass_us=0 gpu_main_us=4657 gpu_composite_us=0 gpu_blit_us=0
[frust INFO] frust-perf img skipped=0 evicted=3 resident=60 budget=1024x1024x4
[frust INFO] frust-perf raw n=1713 total_us=17144 rebuild_us=611 layout_us=22 paint_us=36 encode_us=15 acquire_us=11597 submit_us=4862 skipped=0 gpu_q=1 gpu_total_us=4656 gpu_prepass_us=0 gpu_main_us=4656 gpu_composite_us=0 gpu_blit_us=0
[frust INFO] frust-perf img skipped=0 evicted=4 resident=60 budget=1024x1024x4
[frust INFO] frust-perf raw n=1714 total_us=17724 rebuild_us=542 layout_us=23 paint_us=35 encode_us=7 acquire_us=11921 submit_us=5194 skipped=0 gpu_q=1 gpu_total_us=4546 gpu_prepass_us=0 gpu_main_us=4546 gpu_composite_us=0 gpu_blit_us=0
[frust INFO] frust-perf img skipped=0 evicted=3 resident=60 budget=1024x1024x4
[frust INFO] frust-perf raw n=1715 total_us=16605 rebuild_us=517 layout_us=24 paint_us=37 encode_us=13 acquire_us=11199 submit_us=4812 skipped=0 gpu_q=1 gpu_total_us=4576 gpu_prepass_us=0 gpu_main_us=4576 gpu_composite_us=0 gpu_blit_us=0
[frust INFO] frust-perf img skipped=0 evicted=3 resident=60 budget=1024x1024x4
[frust INFO] frust-perf raw n=1716 total_us=16988 rebuild_us=552 layout_us=30 paint_us=33 encode_us=10 acquire_us=11781 submit_us=4579 skipped=0 gpu_q=1 gpu_total_us=4579 gpu_prepass_us=0 gpu_main_us=4579 gpu_composite_us=0 gpu_blit_us=0
[frust INFO] frust-perf img skipped=0 evicted=3 resident=60 budget=1024x1024x4
[frust INFO] frust-perf raw n=1717 total_us=17904 rebuild_us=572 layout_us=29 paint_us=35 encode_us=7 acquire_us=12138 submit_us=5121 skipped=0 gpu_q=1 gpu_total_us=4647 gpu_prepass_us=0 gpu_main_us=4647 gpu_composite_us=0 gpu_blit_us=0
[frust INFO] frust-perf img skipped=0 evicted=3 resident=60 budget=1024x1024x4
[frust INFO] frust-perf raw n=1718 total_us=16932 rebuild_us=551 layout_us=27 paint_us=41 encode_us=16 acquire_us=11371 submit_us=4923 skipped=0 gpu_q=1 gpu_total_us=4655 gpu_prepass_us=0 gpu_main_us=4655 gpu_composite_us=0 gpu_blit_us=0
[frust INFO] frust-perf img skipped=0 evicted=3 resident=60 budget=1024x1024x4
[frust INFO] frust-perf raw n=1719 total_us=17068 rebuild_us=537 layout_us=28 paint_us=37 encode_us=7 acquire_us=11872 submit_us=4585 skipped=0 gpu_q=1 gpu_total_us=4651 gpu_prepass_us=0 gpu_main_us=4651 gpu_composite_us=0 gpu_blit_us=0
[frust INFO] frust-perf img skipped=0 evicted=4 resident=60 budget=1024x1024x4
[frust INFO] frust-perf raw n=1720 total_us=18251 rebuild_us=539 layout_us=24 paint_us=36 encode_us=6 acquire_us=11983 submit_us=5660 skipped=0 gpu_q=1 gpu_total_us=4675 gpu_prepass_us=0 gpu_main_us=4675 gpu_composite_us=0 gpu_blit_us=0
[frust INFO] frust-perf img skipped=0 evicted=3 resident=60 budget=1024x1024x4
[frust INFO] frust-perf raw n=1721 total_us=16468 rebuild_us=610 layout_us=27 paint_us=41 encode_us=6 acquire_us=10908 submit_us=4875 skipped=0 gpu_q=1 gpu_total_us=4703 gpu_prepass_us=0 gpu_main_us=4703 gpu_composite_us=0 gpu_blit_us=0
[frust INFO] frust-perf img skipped=0 evicted=3 resident=60 budget=1024x1024x4
[frust INFO] frust-perf raw n=1722 total_us=17208 rebuild_us=583 layout_us=28 paint_us=36 encode_us=6 acquire_us=11855 submit_us=4697 skipped=0 gpu_q=1 gpu_total_us=4657 gpu_prepass_us=0 gpu_main_us=4657 gpu_composite_us=0 gpu_blit_us=0
[frust INFO] frust-perf img skipped=0 evicted=3 resident=60 budget=1024x1024x4
[frust INFO] frust-perf raw n=1723 total_us=17632 rebuild_us=571 layout_us=22 paint_us=39 encode_us=6 acquire_us=11832 submit_us=5158 skipped=0 gpu_q=1 gpu_total_us=4563 gpu_prepass_us=0 gpu_main_us=4563 gpu_composite_us=0 gpu_blit_us=0
[frust INFO] frust-perf img skipped=0 evicted=3 resident=60 budget=1024x1024x4
[frust INFO] frust-perf raw n=1724 total_us=16855 rebuild_us=551 layout_us=27 paint_us=36 encode_us=12 acquire_us=11636 submit_us=4591 skipped=0 gpu_q=1 gpu_total_us=4551 gpu_prepass_us=0 gpu_main_us=4551 gpu_composite_us=0 gpu_blit_us=0
[frust INFO] frust-perf img skipped=0 evicted=4 resident=60 budget=1024x1024x4
[frust INFO] frust-perf raw n=1725 total_us=17720 rebuild_us=478 layout_us=25 paint_us=31 encode_us=13 acquire_us=11811 submit_us=5359 skipped=0 gpu_q=1 gpu_total_us=4534 gpu_prepass_us=0 gpu_main_us=4534 gpu_composite_us=0 gpu_blit_us=0
[frust INFO] frust-perf img skipped=0 evicted=3 resident=60 budget=1024x1024x4
[frust INFO] frust-perf raw n=1726 total_us=16944 rebuild_us=530 layout_us=24 paint_us=36 encode_us=10 acquire_us=11309 submit_us=5034 skipped=0 gpu_q=1 gpu_total_us=4519 gpu_prepass_us=0 gpu_main_us=4519 gpu_composite_us=0 gpu_blit_us=0
[frust INFO] frust-perf img skipped=0 evicted=3 resident=60 budget=1024x1024x4
[frust INFO] frust-perf raw n=1727 total_us=17017 rebuild_us=538 layout_us=26 paint_us=35 encode_us=11 acquire_us=11499 submit_us=4906 skipped=0 gpu_q=1 gpu_total_us=4637 gpu_prepass_us=0 gpu_main_us=4637 gpu_composite_us=0 gpu_blit_us=0
[frust INFO] frust-perf img skipped=0 evicted=3 resident=60 budget=1024x1024x4
[frust INFO] frust-perf raw n=1728 total_us=17093 rebuild_us=498 layout_us=20 paint_us=35 encode_us=9 acquire_us=11645 submit_us=4882 skipped=0 gpu_q=1 gpu_total_us=4684 gpu_prepass_us=0 gpu_main_us=4684 gpu_composite_us=0 gpu_blit_us=0
[frust INFO] frust-perf img skipped=0 evicted=3 resident=60 budget=1024x1024x4
[frust INFO] frust-perf raw n=1729 total_us=17041 rebuild_us=500 layout_us=27 paint_us=32 encode_us=11 acquire_us=12023 submit_us=4446 skipped=0 gpu_q=1 gpu_total_us=4600 gpu_prepass_us=0 gpu_main_us=4600 gpu_composite_us=0 gpu_blit_us=0
[frust INFO] frust-perf img skipped=0 evicted=4 resident=60 budget=1024x1024x4
[frust INFO] frust-perf raw n=1730 total_us=17773 rebuild_us=505 layout_us=23 paint_us=31 encode_us=7 acquire_us=11903 submit_us=5302 skipped=0 gpu_q=1 gpu_total_us=4640 gpu_prepass_us=0 gpu_main_us=4640 gpu_composite_us=0 gpu_blit_us=0
[frust INFO] frust-perf img skipped=0 evicted=3 resident=60 budget=1024x1024x4
[frust INFO] frust-perf raw n=1731 total_us=17096 rebuild_us=564 layout_us=25 paint_us=35 encode_us=7 acquire_us=11394 submit_us=5068 skipped=0 gpu_q=1 gpu_total_us=4662 gpu_prepass_us=0 gpu_main_us=4662 gpu_composite_us=0 gpu_blit_us=0
[frust INFO] frust-perf img skipped=0 evicted=3 resident=60 budget=1024x1024x4
[frust INFO] frust-perf raw n=1732 total_us=17145 rebuild_us=570 layout_us=24 paint_us=40 encode_us=14 acquire_us=11555 submit_us=4940 skipped=0 gpu_q=1 gpu_total_us=4615 gpu_prepass_us=0 gpu_main_us=4615 gpu_composite_us=0 gpu_blit_us=0
[frust INFO] frust-perf img skipped=0 evicted=3 resident=60 budget=1024x1024x4
[frust INFO] frust-perf raw n=1733 total_us=17089 rebuild_us=534 layout_us=26 paint_us=37 encode_us=9 acquire_us=11618 submit_us=4862 skipped=0 gpu_q=1 gpu_total_us=4600 gpu_prepass_us=0 gpu_main_us=4600 gpu_composite_us=0 gpu_blit_us=0
[frust INFO] frust-perf img skipped=0 evicted=3 resident=60 budget=1024x1024x4
[frust INFO] frust-perf raw n=1734 total_us=16903 rebuild_us=518 layout_us=23 paint_us=30 encode_us=10 acquire_us=11660 submit_us=4660 skipped=0 gpu_q=1 gpu_total_us=4593 gpu_prepass_us=0 gpu_main_us=4593 gpu_composite_us=0 gpu_blit_us=0
[frust INFO] frust-perf img skipped=0 evicted=4 resident=60 budget=1024x1024x4
[frust INFO] frust-perf raw n=1735 total_us=17780 rebuild_us=530 layout_us=26 paint_us=33 encode_us=14 acquire_us=12196 submit_us=4979 skipped=0 gpu_q=1 gpu_total_us=4651 gpu_prepass_us=0 gpu_main_us=4651 gpu_composite_us=0 gpu_blit_us=0
[frust INFO] frust-perf img skipped=0 evicted=3 resident=60 budget=1024x1024x4
[frust INFO] frust-perf raw n=1736 total_us=17342 rebuild_us=529 layout_us=20 paint_us=32 encode_us=6 acquire_us=11535 submit_us=5218 skipped=0 gpu_q=1 gpu_total_us=4703 gpu_prepass_us=0 gpu_main_us=4703 gpu_composite_us=0 gpu_blit_us=0
[frust INFO] frust-perf img skipped=0 evicted=3 resident=60 budget=1024x1024x4
[frust INFO] frust-perf raw n=1737 total_us=16499 rebuild_us=627 layout_us=27 paint_us=39 encode_us=13 acquire_us=11246 submit_us=4545 skipped=0 gpu_q=1 gpu_total_us=4668 gpu_prepass_us=0 gpu_main_us=4668 gpu_composite_us=0 gpu_blit_us=0
[frust INFO] frust-perf img skipped=0 evicted=3 resident=60 budget=1024x1024x4
[frust INFO] frust-perf raw n=1738 total_us=17192 rebuild_us=516 layout_us=22 paint_us=36 encode_us=11 acquire_us=12118 submit_us=4487 skipped=0 gpu_q=1 gpu_total_us=4437 gpu_prepass_us=0 gpu_main_us=4437 gpu_composite_us=0 gpu_blit_us=0
[frust INFO] frust-perf img skipped=0 evicted=3 resident=60 budget=1024x1024x4
[frust INFO] frust-perf raw n=1739 total_us=18005 rebuild_us=518 layout_us=26 paint_us=38 encode_us=7 acquire_us=12165 submit_us=5248 skipped=0 gpu_q=1 gpu_total_us=4543 gpu_prepass_us=0 gpu_main_us=4543 gpu_composite_us=0 gpu_blit_us=0
[frust INFO] frust-perf img skipped=0 evicted=4 resident=60 budget=1024x1024x4
[frust INFO] frust-perf enc n=1740 w=60 validate_us=4.5 prepare_us=4.3 classify_us=10.8 admit_us=0.6 walk_us=1435.5 glyphs_us=107.8 finish_us=3.2 compile_us=1516.6 schedule_us=4.8 paints_us=18.8 instances_us=74.5 resize_us=3.4 upload_us=1798.0 replay_us=0.7 pipelines_us=18.8 record_us=36.3 total_us=3478.0 total_p95_us=4100.8 draws=29 strips=2111 alphas=51696 glyph_draws=17 atlas_glyphs=17
[frust INFO] frust-perf raw n=1740 total_us=17632 rebuild_us=651 layout_us=29 paint_us=43 encode_us=19 acquire_us=11323 submit_us=5563 skipped=0 gpu_q=1 gpu_total_us=4638 gpu_prepass_us=0 gpu_main_us=4638 gpu_composite_us=0 gpu_blit_us=0
[frust INFO] frust-perf img skipped=0 evicted=3 resident=60 budget=1024x1024x4
[frust INFO] frust-perf raw n=1741 total_us=16632 rebuild_us=523 layout_us=29 paint_us=35 encode_us=10 acquire_us=11334 submit_us=4698 skipped=0 gpu_q=1 gpu_total_us=4662 gpu_prepass_us=0 gpu_main_us=4662 gpu_composite_us=0 gpu_blit_us=0
[frust INFO] frust-perf img skipped=0 evicted=3 resident=60 budget=1024x1024x4
[frust INFO] frust-perf raw n=1742 total_us=16524 rebuild_us=234 layout_us=9 paint_us=13 encode_us=16 acquire_us=11622 submit_us=4627 skipped=0 gpu_q=1 gpu_total_us=4512 gpu_prepass_us=0 gpu_main_us=4512 gpu_composite_us=0 gpu_blit_us=0
[frust INFO] frust-perf img skipped=0 evicted=3 resident=60 budget=1024x1024x4
[frust INFO] frust-perf raw n=1743 total_us=17456 rebuild_us=889 layout_us=32 paint_us=37 encode_us=12 acquire_us=11953 submit_us=4530 skipped=0 gpu_q=1 gpu_total_us=4641 gpu_prepass_us=0 gpu_main_us=4641 gpu_composite_us=0 gpu_blit_us=0
[frust INFO] frust-perf img skipped=0 evicted=3 resident=60 budget=1024x1024x4
[frust INFO] frust-perf raw n=1744 total_us=17701 rebuild_us=547 layout_us=26 paint_us=35 encode_us=6 acquire_us=12130 submit_us=4955 skipped=0 gpu_q=1 gpu_total_us=4634 gpu_prepass_us=0 gpu_main_us=4634 gpu_composite_us=0 gpu_blit_us=0
[frust INFO] frust-perf img skipped=0 evicted=4 resident=60 budget=1024x1024x4
[frust INFO] frust-perf raw n=1745 total_us=17308 rebuild_us=578 layout_us=29 paint_us=42 encode_us=16 acquire_us=11604 submit_us=5036 skipped=0 gpu_q=1 gpu_total_us=4578 gpu_prepass_us=0 gpu_main_us=4578 gpu_composite_us=0 gpu_blit_us=0
[frust INFO] frust-perf img skipped=0 evicted=3 resident=60 budget=1024x1024x4
[frust INFO] frust-perf raw n=1746 total_us=16831 rebuild_us=541 layout_us=23 paint_us=40 encode_us=6 acquire_us=11537 submit_us=4681 skipped=0 gpu_q=1 gpu_total_us=4672 gpu_prepass_us=0 gpu_main_us=4672 gpu_composite_us=0 gpu_blit_us=0
[frust INFO] frust-perf img skipped=0 evicted=3 resident=60 budget=1024x1024x4
[frust INFO] frust-perf raw n=1747 total_us=17076 rebuild_us=583 layout_us=24 paint_us=31 encode_us=6 acquire_us=12046 submit_us=4384 skipped=0 gpu_q=1 gpu_total_us=4527 gpu_prepass_us=0 gpu_main_us=4527 gpu_composite_us=0 gpu_blit_us=0
[frust INFO] frust-perf img skipped=0 evicted=3 resident=60 budget=1024x1024x4
[frust INFO] frust-perf raw n=1748 total_us=17437 rebuild_us=632 layout_us=28 paint_us=40 encode_us=7 acquire_us=12271 submit_us=4458 skipped=0 gpu_q=1 gpu_total_us=4694 gpu_prepass_us=0 gpu_main_us=4694 gpu_composite_us=0 gpu_blit_us=0
[frust INFO] frust-perf img skipped=0 evicted=3 resident=60 budget=1024x1024x4
[frust INFO] frust-perf raw n=1749 total_us=17763 rebuild_us=598 layout_us=27 paint_us=41 encode_us=7 acquire_us=12111 submit_us=4977 skipped=0 gpu_q=1 gpu_total_us=4639 gpu_prepass_us=0 gpu_main_us=4639 gpu_composite_us=0 gpu_blit_us=0
[frust INFO] frust-perf img skipped=0 evicted=4 resident=60 budget=1024x1024x4
[frust INFO] frust-perf raw n=1750 total_us=17567 rebuild_us=580 layout_us=27 paint_us=36 encode_us=17 acquire_us=11724 submit_us=5181 skipped=0 gpu_q=1 gpu_total_us=4544 gpu_prepass_us=0 gpu_main_us=4544 gpu_composite_us=0 gpu_blit_us=0
[frust INFO] frust-perf img skipped=0 evicted=3 resident=60 budget=1024x1024x4
[frust INFO] frust-perf raw n=1751 total_us=16710 rebuild_us=516 layout_us=28 paint_us=39 encode_us=6 acquire_us=11354 submit_us=4765 skipped=0 gpu_q=1 gpu_total_us=4597 gpu_prepass_us=0 gpu_main_us=4597 gpu_composite_us=0 gpu_blit_us=0
[frust INFO] frust-perf img skipped=0 evicted=3 resident=60 budget=1024x1024x4
[frust INFO] frust-perf raw n=1752 total_us=17796 rebuild_us=666 layout_us=30 paint_us=42 encode_us=7 acquire_us=11873 submit_us=5176 skipped=0 gpu_q=1 gpu_total_us=4534 gpu_prepass_us=0 gpu_main_us=4534 gpu_composite_us=0 gpu_blit_us=0
[frust INFO] frust-perf img skipped=0 evicted=3 resident=60 budget=1024x1024x4
[frust INFO] frust-perf raw n=1753 total_us=16829 rebuild_us=621 layout_us=24 paint_us=31 encode_us=6 acquire_us=11501 submit_us=4643 skipped=0 gpu_q=1 gpu_total_us=4549 gpu_prepass_us=0 gpu_main_us=4549 gpu_composite_us=0 gpu_blit_us=0
[frust INFO] frust-perf img skipped=0 evicted=3 resident=60 budget=1024x1024x4
[frust INFO] frust-perf raw n=1754 total_us=18059 rebuild_us=636 layout_us=26 paint_us=33 encode_us=7 acquire_us=12017 submit_us=5338 skipped=0 gpu_q=1 gpu_total_us=4653 gpu_prepass_us=0 gpu_main_us=4653 gpu_composite_us=0 gpu_blit_us=0
[frust INFO] frust-perf img skipped=0 evicted=4 resident=60 budget=1024x1024x4
[frust INFO] frust-perf raw n=1755 total_us=17670 rebuild_us=640 layout_us=25 paint_us=34 encode_us=14 acquire_us=11444 submit_us=5510 skipped=0 gpu_q=1 gpu_total_us=4501 gpu_prepass_us=0 gpu_main_us=4501 gpu_composite_us=0 gpu_blit_us=0
[frust INFO] frust-perf img skipped=0 evicted=3 resident=60 budget=1024x1024x4
[frust INFO] frust-perf raw n=1756 total_us=16898 rebuild_us=534 layout_us=24 paint_us=39 encode_us=11 acquire_us=11099 submit_us=5189 skipped=0 gpu_q=1 gpu_total_us=4599 gpu_prepass_us=0 gpu_main_us=4599 gpu_composite_us=0 gpu_blit_us=0
[frust INFO] frust-perf img skipped=0 evicted=3 resident=60 budget=1024x1024x4
[frust INFO] frust-perf raw n=1757 total_us=15950 rebuild_us=221 layout_us=8 paint_us=12 encode_us=18 acquire_us=11177 submit_us=4511 skipped=0 gpu_q=1 gpu_total_us=4592 gpu_prepass_us=0 gpu_main_us=4592 gpu_composite_us=0 gpu_blit_us=0
[frust INFO] frust-perf img skipped=0 evicted=3 resident=60 budget=1024x1024x4
[frust INFO] frust-perf raw n=1758 total_us=17650 rebuild_us=816 layout_us=35 paint_us=35 encode_us=6 acquire_us=12133 submit_us=4624 skipped=0 gpu_q=1 gpu_total_us=4667 gpu_prepass_us=0 gpu_main_us=4667 gpu_composite_us=0 gpu_blit_us=0
[frust INFO] frust-perf img skipped=0 evicted=3 resident=60 budget=1024x1024x4
[frust INFO] frust-perf raw n=1759 total_us=17587 rebuild_us=612 layout_us=29 paint_us=42 encode_us=6 acquire_us=11985 submit_us=4910 skipped=0 gpu_q=1 gpu_total_us=4689 gpu_prepass_us=0 gpu_main_us=4689 gpu_composite_us=0 gpu_blit_us=0
[frust INFO] frust-perf img skipped=0 evicted=4 resident=60 budget=1024x1024x4
[frust INFO] frust-perf raw n=1760 total_us=17495 rebuild_us=609 layout_us=29 paint_us=43 encode_us=14 acquire_us=11597 submit_us=5200 skipped=0 gpu_q=1 gpu_total_us=4595 gpu_prepass_us=0 gpu_main_us=4595 gpu_composite_us=0 gpu_blit_us=0
[frust INFO] frust-perf img skipped=0 evicted=3 resident=60 budget=1024x1024x4
[frust INFO] frust-perf raw n=1761 total_us=17189 rebuild_us=556 layout_us=30 paint_us=44 encode_us=7 acquire_us=11721 submit_us=4829 skipped=0 gpu_q=1 gpu_total_us=4618 gpu_prepass_us=0 gpu_main_us=4618 gpu_composite_us=0 gpu_blit_us=0
[frust INFO] frust-perf img skipped=0 evicted=3 resident=60 budget=1024x1024x4
[frust INFO] frust-perf raw n=1762 total_us=17464 rebuild_us=565 layout_us=25 paint_us=39 encode_us=5 acquire_us=11597 submit_us=5231 skipped=0 gpu_q=1 gpu_total_us=4636 gpu_prepass_us=0 gpu_main_us=4636 gpu_composite_us=0 gpu_blit_us=0
[frust INFO] frust-perf img skipped=0 evicted=3 resident=60 budget=1024x1024x4
[frust INFO] frust-perf raw n=1763 total_us=16695 rebuild_us=589 layout_us=28 paint_us=41 encode_us=7 acquire_us=11270 submit_us=4758 skipped=0 gpu_q=1 gpu_total_us=4670 gpu_prepass_us=0 gpu_main_us=4670 gpu_composite_us=0 gpu_blit_us=0
[frust INFO] frust-perf frame n=120 total_p50_ms=17 total_p95_ms=18 total_p99_ms=18 rebuild_p95_ms=0 layout_p95_ms=0 paint_p95_ms=0 encode_p95_ms=0 acquire_p95_ms=12 submit_p95_ms=5 over_60hz=1542 over_120hz=1754 skipped=0 total_frames=1763
[frust INFO] frust-perf img skipped=0 evicted=3 resident=60 budget=1024x1024x4
[frust INFO] frust-perf raw n=1764 total_us=17710 rebuild_us=628 layout_us=29 paint_us=32 encode_us=7 acquire_us=11883 submit_us=5129 skipped=0 gpu_q=1 gpu_total_us=4613 gpu_prepass_us=0 gpu_main_us=4613 gpu_composite_us=0 gpu_blit_us=0
[frust INFO] frust-perf img skipped=0 evicted=4 resident=60 budget=1024x1024x4
[frust INFO] frust-perf raw n=1765 total_us=17175 rebuild_us=539 layout_us=26 paint_us=44 encode_us=13 acquire_us=11455 submit_us=5095 skipped=0 gpu_q=1 gpu_total_us=4621 gpu_prepass_us=0 gpu_main_us=4621 gpu_composite_us=0 gpu_blit_us=0
[frust INFO] frust-perf img skipped=0 evicted=3 resident=60 budget=1024x1024x4
[frust INFO] frust-perf raw n=1766 total_us=16892 rebuild_us=525 layout_us=23 paint_us=43 encode_us=6 acquire_us=11488 submit_us=4805 skipped=0 gpu_q=1 gpu_total_us=4642 gpu_prepass_us=0 gpu_main_us=4642 gpu_composite_us=0 gpu_blit_us=0
[frust INFO] frust-perf img skipped=0 evicted=3 resident=60 budget=1024x1024x4
[frust INFO] frust-perf raw n=1767 total_us=17886 rebuild_us=601 layout_us=28 paint_us=38 encode_us=7 acquire_us=11884 submit_us=5325 skipped=0 gpu_q=1 gpu_total_us=4562 gpu_prepass_us=0 gpu_main_us=4562 gpu_composite_us=0 gpu_blit_us=0
[frust INFO] frust-perf img skipped=0 evicted=3 resident=60 budget=1024x1024x4
[frust INFO] frust-perf raw n=1768 total_us=16617 rebuild_us=547 layout_us=24 paint_us=36 encode_us=12 acquire_us=11251 submit_us=4744 skipped=0 gpu_q=1 gpu_total_us=4668 gpu_prepass_us=0 gpu_main_us=4668 gpu_composite_us=0 gpu_blit_us=0
[frust INFO] frust-perf img skipped=0 evicted=3 resident=60 budget=1024x1024x4
[frust INFO] frust-perf raw n=1769 total_us=17313 rebuild_us=498 layout_us=29 paint_us=34 encode_us=10 acquire_us=11878 submit_us=4862 skipped=0 gpu_q=1 gpu_total_us=4605 gpu_prepass_us=0 gpu_main_us=4605 gpu_composite_us=0 gpu_blit_us=0
[frust INFO] frust-perf img skipped=0 evicted=3 resident=60 budget=1024x1024x4
[frust INFO] frust-perf raw n=1770 total_us=17619 rebuild_us=522 layout_us=24 paint_us=32 encode_us=10 acquire_us=11728 submit_us=5300 skipped=0 gpu_q=1 gpu_total_us=4626 gpu_prepass_us=0 gpu_main_us=4626 gpu_composite_us=0 gpu_blit_us=0
[frust INFO] frust-perf img skipped=0 evicted=4 resident=60 budget=1024x1024x4
[frust INFO] frust-perf raw n=1771 total_us=17183 rebuild_us=535 layout_us=34 paint_us=36 encode_us=13 acquire_us=11256 submit_us=5305 skipped=0 gpu_q=1 gpu_total_us=4670 gpu_prepass_us=0 gpu_main_us=4670 gpu_composite_us=0 gpu_blit_us=0
[frust INFO] frust-perf img skipped=0 evicted=3 resident=60 budget=1024x1024x4
[frust INFO] frust-perf raw n=1772 total_us=16539 rebuild_us=501 layout_us=30 paint_us=35 encode_us=10 acquire_us=11370 submit_us=4590 skipped=0 gpu_q=1 gpu_total_us=4684 gpu_prepass_us=0 gpu_main_us=4684 gpu_composite_us=0 gpu_blit_us=0
[frust INFO] frust-perf img skipped=0 evicted=3 resident=60 budget=1024x1024x4
[frust INFO] frust-perf raw n=1773 total_us=17048 rebuild_us=566 layout_us=27 paint_us=36 encode_us=11 acquire_us=11890 submit_us=4515 skipped=0 gpu_q=1 gpu_total_us=4646 gpu_prepass_us=0 gpu_main_us=4646 gpu_composite_us=0 gpu_blit_us=0
[frust INFO] frust-perf img skipped=0 evicted=3 resident=60 budget=1024x1024x4
[frust INFO] frust-perf raw n=1774 total_us=17921 rebuild_us=569 layout_us=24 paint_us=34 encode_us=7 acquire_us=12250 submit_us=5035 skipped=0 gpu_q=1 gpu_total_us=4634 gpu_prepass_us=0 gpu_main_us=4634 gpu_composite_us=0 gpu_blit_us=0
[frust INFO] frust-perf img skipped=0 evicted=3 resident=60 budget=1024x1024x4
[frust INFO] frust-perf raw n=1775 total_us=16681 rebuild_us=580 layout_us=28 paint_us=43 encode_us=12 acquire_us=11424 submit_us=4592 skipped=0 gpu_q=1 gpu_total_us=4728 gpu_prepass_us=0 gpu_main_us=4728 gpu_composite_us=0 gpu_blit_us=0
[frust INFO] frust-perf img skipped=0 evicted=4 resident=60 budget=1024x1024x4
[frust INFO] frust-perf raw n=1776 total_us=18117 rebuild_us=502 layout_us=23 paint_us=31 encode_us=11 acquire_us=12238 submit_us=5309 skipped=0 gpu_q=1 gpu_total_us=4573 gpu_prepass_us=0 gpu_main_us=4573 gpu_composite_us=0 gpu_blit_us=0
[frust INFO] frust-perf img skipped=0 evicted=3 resident=60 budget=1024x1024x4
[frust INFO] frust-perf raw n=1777 total_us=16414 rebuild_us=560 layout_us=22 paint_us=37 encode_us=11 acquire_us=11172 submit_us=4609 skipped=0 gpu_q=1 gpu_total_us=4663 gpu_prepass_us=0 gpu_main_us=4663 gpu_composite_us=0 gpu_blit_us=0
[frust INFO] frust-perf img skipped=0 evicted=3 resident=60 budget=1024x1024x4
[frust INFO] frust-perf raw n=1778 total_us=17137 rebuild_us=601 layout_us=28 paint_us=40 encode_us=11 acquire_us=11958 submit_us=4496 skipped=0 gpu_q=1 gpu_total_us=4660 gpu_prepass_us=0 gpu_main_us=4660 gpu_composite_us=0 gpu_blit_us=0
[frust INFO] frust-perf img skipped=0 evicted=3 resident=60 budget=1024x1024x4
[frust INFO] frust-perf raw n=1779 total_us=17812 rebuild_us=543 layout_us=28 paint_us=39 encode_us=7 acquire_us=12172 submit_us=5021 skipped=0 gpu_q=1 gpu_total_us=4587 gpu_prepass_us=0 gpu_main_us=4587 gpu_composite_us=0 gpu_blit_us=0
[frust INFO] frust-perf img skipped=0 evicted=3 resident=60 budget=1024x1024x4
[frust INFO] frust-perf raw n=1780 total_us=17170 rebuild_us=545 layout_us=27 paint_us=36 encode_us=14 acquire_us=11655 submit_us=4891 skipped=0 gpu_q=1 gpu_total_us=4663 gpu_prepass_us=0 gpu_main_us=4663 gpu_composite_us=0 gpu_blit_us=0
[frust INFO] frust-perf img skipped=0 evicted=4 resident=60 budget=1024x1024x4
[frust INFO] frust-perf raw n=1781 total_us=17658 rebuild_us=546 layout_us=28 paint_us=40 encode_us=6 acquire_us=11876 submit_us=5159 skipped=0 gpu_q=1 gpu_total_us=4647 gpu_prepass_us=0 gpu_main_us=4647 gpu_composite_us=0 gpu_blit_us=0
[frust INFO] frust-perf img skipped=0 evicted=3 resident=60 budget=1024x1024x4
[frust INFO] frust-perf raw n=1782 total_us=16399 rebuild_us=574 layout_us=24 paint_us=40 encode_us=6 acquire_us=11283 submit_us=4469 skipped=0 gpu_q=1 gpu_total_us=4622 gpu_prepass_us=0 gpu_main_us=4622 gpu_composite_us=0 gpu_blit_us=0
[frust INFO] frust-perf img skipped=0 evicted=3 resident=60 budget=1024x1024x4
[frust INFO] frust-perf raw n=1783 total_us=17670 rebuild_us=624 layout_us=26 paint_us=42 encode_us=6 acquire_us=12175 submit_us=4796 skipped=0 gpu_q=1 gpu_total_us=4639 gpu_prepass_us=0 gpu_main_us=4639 gpu_composite_us=0 gpu_blit_us=0
[frust INFO] frust-perf img skipped=0 evicted=3 resident=60 budget=1024x1024x4
[frust INFO] frust-perf raw n=1784 total_us=16965 rebuild_us=584 layout_us=24 paint_us=35 encode_us=6 acquire_us=11700 submit_us=4613 skipped=0 gpu_q=1 gpu_total_us=4623 gpu_prepass_us=0 gpu_main_us=4623 gpu_composite_us=0 gpu_blit_us=0
[frust INFO] frust-perf img skipped=0 evicted=3 resident=60 budget=1024x1024x4
[frust INFO] frust-perf raw n=1785 total_us=17897 rebuild_us=626 layout_us=24 paint_us=39 encode_us=6 acquire_us=12145 submit_us=5054 skipped=0 gpu_q=1 gpu_total_us=4616 gpu_prepass_us=0 gpu_main_us=4616 gpu_composite_us=0 gpu_blit_us=0
[frust INFO] frust-perf img skipped=0 evicted=4 resident=60 budget=1024x1024x4
[frust INFO] frust-perf raw n=1786 total_us=17501 rebuild_us=621 layout_us=23 paint_us=35 encode_us=7 acquire_us=11672 submit_us=5140 skipped=0 gpu_q=1 gpu_total_us=4538 gpu_prepass_us=0 gpu_main_us=4538 gpu_composite_us=0 gpu_blit_us=0
[frust INFO] frust-perf img skipped=0 evicted=3 resident=60 budget=1024x1024x4
[frust INFO] frust-perf raw n=1787 total_us=16617 rebuild_us=559 layout_us=24 paint_us=36 encode_us=5 acquire_us=11428 submit_us=4561 skipped=0 gpu_q=1 gpu_total_us=4520 gpu_prepass_us=0 gpu_main_us=4520 gpu_composite_us=0 gpu_blit_us=0
[frust INFO] frust-perf img skipped=0 evicted=3 resident=60 budget=1024x1024x4
[frust INFO] frust-perf raw n=1788 total_us=17460 rebuild_us=652 layout_us=25 paint_us=40 encode_us=6 acquire_us=12013 submit_us=4721 skipped=0 gpu_q=1 gpu_total_us=4518 gpu_prepass_us=0 gpu_main_us=4518 gpu_composite_us=0 gpu_blit_us=0
[frust INFO] frust-perf img skipped=0 evicted=3 resident=60 budget=1024x1024x4
[frust INFO] frust-perf raw n=1789 total_us=17302 rebuild_us=606 layout_us=26 paint_us=32 encode_us=6 acquire_us=11859 submit_us=4770 skipped=0 gpu_q=1 gpu_total_us=4553 gpu_prepass_us=0 gpu_main_us=4553 gpu_composite_us=0 gpu_blit_us=0
[frust INFO] frust-perf img skipped=0 evicted=3 resident=60 budget=1024x1024x4
[frust INFO] frust-perf raw n=1790 total_us=17355 rebuild_us=595 layout_us=19 paint_us=42 encode_us=14 acquire_us=11820 submit_us=4862 skipped=0 gpu_q=1 gpu_total_us=4696 gpu_prepass_us=0 gpu_main_us=4696 gpu_composite_us=0 gpu_blit_us=0
[frust INFO] frust-perf img skipped=0 evicted=4 resident=60 budget=1024x1024x4
[frust INFO] frust-perf raw n=1791 total_us=17989 rebuild_us=532 layout_us=25 paint_us=37 encode_us=7 acquire_us=12001 submit_us=5384 skipped=0 gpu_q=1 gpu_total_us=4535 gpu_prepass_us=0 gpu_main_us=4535 gpu_composite_us=0 gpu_blit_us=0
[frust INFO] frust-perf img skipped=0 evicted=3 resident=60 budget=1024x1024x4
[frust INFO] frust-perf raw n=1792 total_us=15871 rebuild_us=533 layout_us=27 paint_us=34 encode_us=17 acquire_us=11008 submit_us=4249 skipped=0 gpu_q=1 gpu_total_us=4568 gpu_prepass_us=0 gpu_main_us=4568 gpu_composite_us=0 gpu_blit_us=0
[frust INFO] frust-perf img skipped=0 evicted=3 resident=60 budget=1024x1024x4
[frust INFO] frust-perf raw n=1793 total_us=17650 rebuild_us=618 layout_us=25 paint_us=34 encode_us=5 acquire_us=12417 submit_us=4549 skipped=0 gpu_q=1 gpu_total_us=4627 gpu_prepass_us=0 gpu_main_us=4627 gpu_composite_us=0 gpu_blit_us=0
[frust INFO] frust-perf img skipped=0 evicted=3 resident=60 budget=1024x1024x4
[frust INFO] frust-perf raw n=1794 total_us=17353 rebuild_us=580 layout_us=28 paint_us=40 encode_us=7 acquire_us=12047 submit_us=4649 skipped=0 gpu_q=1 gpu_total_us=4607 gpu_prepass_us=0 gpu_main_us=4607 gpu_composite_us=0 gpu_blit_us=0
[frust INFO] frust-perf img skipped=0 evicted=3 resident=60 budget=1024x1024x4
[frust INFO] frust-perf raw n=1795 total_us=17446 rebuild_us=538 layout_us=20 paint_us=41 encode_us=13 acquire_us=11970 submit_us=4862 skipped=0 gpu_q=1 gpu_total_us=4576 gpu_prepass_us=0 gpu_main_us=4576 gpu_composite_us=0 gpu_blit_us=0
[frust INFO] frust-perf img skipped=0 evicted=4 resident=60 budget=1024x1024x4
[frust INFO] frust-perf raw n=1796 total_us=18350 rebuild_us=507 layout_us=25 paint_us=35 encode_us=6 acquire_us=11778 submit_us=5997 skipped=0 gpu_q=1 gpu_total_us=4618 gpu_prepass_us=0 gpu_main_us=4618 gpu_composite_us=0 gpu_blit_us=0
[frust INFO] frust-perf img skipped=0 evicted=3 resident=60 budget=1024x1024x4
[frust INFO] frust-perf raw n=1797 total_us=16536 rebuild_us=615 layout_us=21 paint_us=37 encode_us=7 acquire_us=10653 submit_us=5199 skipped=0 gpu_q=1 gpu_total_us=4594 gpu_prepass_us=0 gpu_main_us=4594 gpu_composite_us=0 gpu_blit_us=0
[frust INFO] frust-perf img skipped=0 evicted=3 resident=60 budget=1024x1024x4
[frust INFO] frust-perf raw n=1798 total_us=16667 rebuild_us=677 layout_us=31 paint_us=41 encode_us=7 acquire_us=11398 submit_us=4511 skipped=0 gpu_q=1 gpu_total_us=4694 gpu_prepass_us=0 gpu_main_us=4694 gpu_composite_us=0 gpu_blit_us=0
[frust INFO] frust-perf img skipped=0 evicted=3 resident=60 budget=1024x1024x4
[frust INFO] frust-perf raw n=1799 total_us=17980 rebuild_us=612 layout_us=29 paint_us=38 encode_us=6 acquire_us=12221 submit_us=5071 skipped=0 gpu_q=1 gpu_total_us=4626 gpu_prepass_us=0 gpu_main_us=4626 gpu_composite_us=0 gpu_blit_us=0
[frust INFO] frust-perf img skipped=0 evicted=3 resident=60 budget=1024x1024x4
[frust INFO] frust-perf enc n=1800 w=60 validate_us=5.1 prepare_us=4.5 classify_us=10.8 admit_us=0.5 walk_us=1399.5 glyphs_us=104.0 finish_us=2.9 compile_us=1474.8 schedule_us=4.9 paints_us=18.8 instances_us=65.3 resize_us=3.5 upload_us=1810.2 replay_us=0.7 pipelines_us=19.7 record_us=36.3 total_us=3462.9 total_p95_us=4030.5 draws=29 strips=2111 alphas=51696 glyph_draws=17 atlas_glyphs=17
[frust INFO] frust-perf raw n=1800 total_us=16964 rebuild_us=570 layout_us=26 paint_us=35 encode_us=14 acquire_us=11423 submit_us=4894 skipped=0 gpu_q=1 gpu_total_us=4709 gpu_prepass_us=0 gpu_main_us=4709 gpu_composite_us=0 gpu_blit_us=0
[frust INFO] frust-perf img skipped=0 evicted=4 resident=60 budget=1024x1024x4
[frust INFO] frust-perf raw n=1801 total_us=17813 rebuild_us=510 layout_us=21 paint_us=39 encode_us=12 acquire_us=11736 submit_us=5491 skipped=0 gpu_q=1 gpu_total_us=4477 gpu_prepass_us=0 gpu_main_us=4477 gpu_composite_us=0 gpu_blit_us=0
[frust INFO] frust-perf img skipped=0 evicted=2 resident=60 budget=1024x1024x4
[frust INFO] frust-perf raw n=1802 total_us=16059 rebuild_us=499 layout_us=20 paint_us=34 encode_us=11 acquire_us=11058 submit_us=4435 skipped=0 gpu_q=1 gpu_total_us=4559 gpu_prepass_us=0 gpu_main_us=4559 gpu_composite_us=0 gpu_blit_us=0
[frust INFO] frust-perf raw n=1803 total_us=15452 rebuild_us=525 layout_us=22 paint_us=31 encode_us=10 acquire_us=12109 submit_us=2754 skipped=0 gpu_q=1 gpu_total_us=4571 gpu_prepass_us=0 gpu_main_us=4571 gpu_composite_us=0 gpu_blit_us=0
[frust INFO] frust-perf raw n=1804 total_us=17273 rebuild_us=476 layout_us=22 paint_us=32 encode_us=10 acquire_us=13866 submit_us=2865 skipped=0 gpu_q=1 gpu_total_us=4668 gpu_prepass_us=0 gpu_main_us=4668 gpu_composite_us=0 gpu_blit_us=0
[frust INFO] frust-perf raw n=1805 total_us=17516 rebuild_us=486 layout_us=23 paint_us=39 encode_us=13 acquire_us=13838 submit_us=3114 skipped=0 gpu_q=1 gpu_total_us=4666 gpu_prepass_us=0 gpu_main_us=4666 gpu_composite_us=0 gpu_blit_us=0
[frust INFO] frust-perf raw n=1806 total_us=17613 rebuild_us=579 layout_us=24 paint_us=39 encode_us=13 acquire_us=13268 submit_us=3688 skipped=0 gpu_q=1 gpu_total_us=4673 gpu_prepass_us=0 gpu_main_us=4673 gpu_composite_us=0 gpu_blit_us=0
[frust INFO] frust-perf raw n=1807 total_us=16926 rebuild_us=584 layout_us=22 paint_us=33 encode_us=13 acquire_us=12942 submit_us=3329 skipped=0 gpu_q=1 gpu_total_us=4672 gpu_prepass_us=0 gpu_main_us=4672 gpu_composite_us=0 gpu_blit_us=0
[frust INFO] frust-perf raw n=1808 total_us=18219 rebuild_us=555 layout_us=26 paint_us=36 encode_us=14 acquire_us=13410 submit_us=4176 skipped=0 gpu_q=1 gpu_total_us=4607 gpu_prepass_us=0 gpu_main_us=4607 gpu_composite_us=0 gpu_blit_us=0
[frust INFO] frust-perf raw n=1809 total_us=16164 rebuild_us=679 layout_us=27 paint_us=45 encode_us=16 acquire_us=12238 submit_us=3155 skipped=0 gpu_q=1 gpu_total_us=4680 gpu_prepass_us=0 gpu_main_us=4680 gpu_composite_us=0 gpu_blit_us=0
[frust INFO] frust-perf raw n=1810 total_us=16333 rebuild_us=730 layout_us=27 paint_us=41 encode_us=12 acquire_us=13419 submit_us=2102 skipped=0 gpu_q=1 gpu_total_us=4691 gpu_prepass_us=0 gpu_main_us=4691 gpu_composite_us=0 gpu_blit_us=0
[frust INFO] frust-perf raw n=1811 total_us=20714 rebuild_us=380 layout_us=17 paint_us=24 encode_us=11 acquire_us=14819 submit_us=5461 skipped=0 gpu_q=1 gpu_total_us=4639 gpu_prepass_us=0 gpu_main_us=4639 gpu_composite_us=0 gpu_blit_us=0
[frust INFO] frust-perf raw n=1812 total_us=17303 rebuild_us=918 layout_us=34 paint_us=57 encode_us=20 acquire_us=11097 submit_us=5174 skipped=0 gpu_q=1 gpu_total_us=4610 gpu_prepass_us=0 gpu_main_us=4610 gpu_composite_us=0 gpu_blit_us=0
[frust INFO] frust-perf raw n=1813 total_us=15957 rebuild_us=902 layout_us=30 paint_us=54 encode_us=19 acquire_us=11290 submit_us=3661 skipped=0 gpu_q=1 gpu_total_us=4633 gpu_prepass_us=0 gpu_main_us=4633 gpu_composite_us=0 gpu_blit_us=0
[frust INFO] frust-perf raw n=1814 total_us=17099 rebuild_us=910 layout_us=29 paint_us=62 encode_us=14 acquire_us=12729 submit_us=3354 skipped=0 gpu_q=1 gpu_total_us=4503 gpu_prepass_us=0 gpu_main_us=4503 gpu_composite_us=0 gpu_blit_us=0
[frust INFO] frust-perf raw n=1815 total_us=18500 rebuild_us=496 layout_us=27 paint_us=30 encode_us=20 acquire_us=13510 submit_us=4414 skipped=0 gpu_q=1 gpu_total_us=4666 gpu_prepass_us=0 gpu_main_us=4666 gpu_composite_us=0 gpu_blit_us=0
[frust INFO] frust-perf raw n=1816 total_us=17664 rebuild_us=884 layout_us=35 paint_us=55 encode_us=14 acquire_us=12045 submit_us=4629 skipped=0 gpu_q=1 gpu_total_us=4646 gpu_prepass_us=0 gpu_main_us=4646 gpu_composite_us=0 gpu_blit_us=0
[frust INFO] frust-perf raw n=1817 total_us=18436 rebuild_us=910 layout_us=35 paint_us=54 encode_us=11 acquire_us=12155 submit_us=5268 skipped=0 gpu_q=1 gpu_total_us=4670 gpu_prepass_us=0 gpu_main_us=4670 gpu_composite_us=0 gpu_blit_us=0
[frust INFO] frust-perf raw n=1818 total_us=17653 rebuild_us=961 layout_us=34 paint_us=56 encode_us=20 acquire_us=11239 submit_us=5340 skipped=0 gpu_q=1 gpu_total_us=4617 gpu_prepass_us=0 gpu_main_us=4617 gpu_composite_us=0 gpu_blit_us=0
[frust INFO] frust-perf raw n=1819 total_us=17759 rebuild_us=894 layout_us=34 paint_us=57 encode_us=20 acquire_us=11231 submit_us=5521 skipped=0 gpu_q=1 gpu_total_us=4647 gpu_prepass_us=0 gpu_main_us=4647 gpu_composite_us=0 gpu_blit_us=0
[frust INFO] frust-perf img skipped=0 evicted=2 resident=60 budget=1024x1024x4
[frust INFO] frust-perf raw n=1820 total_us=19317 rebuild_us=913 layout_us=31 paint_us=57 encode_us=16 acquire_us=11008 submit_us=7290 skipped=0 gpu_q=1 gpu_total_us=4710 gpu_prepass_us=0 gpu_main_us=4710 gpu_composite_us=0 gpu_blit_us=0
[frust INFO] frust-perf img skipped=0 evicted=3 resident=60 budget=1024x1024x4
[frust INFO] frust-perf raw n=1821 total_us=17041 rebuild_us=932 layout_us=31 paint_us=60 encode_us=18 acquire_us=9156 submit_us=6841 skipped=0 gpu_q=1 gpu_total_us=4464 gpu_prepass_us=0 gpu_main_us=4464 gpu_composite_us=0 gpu_blit_us=0
[frust INFO] frust-perf img skipped=0 evicted=3 resident=60 budget=1024x1024x4
[frust INFO] frust-perf raw n=1822 total_us=17272 rebuild_us=696 layout_us=25 paint_us=44 encode_us=12 acquire_us=9704 submit_us=6789 skipped=0 gpu_q=1 gpu_total_us=4436 gpu_prepass_us=0 gpu_main_us=4436 gpu_composite_us=0 gpu_blit_us=0
[frust INFO] frust-perf img skipped=0 evicted=3 resident=60 budget=1024x1024x4
[frust INFO] frust-perf raw n=1823 total_us=16194 rebuild_us=707 layout_us=29 paint_us=44 encode_us=12 acquire_us=9761 submit_us=5638 skipped=0 gpu_q=1 gpu_total_us=4603 gpu_prepass_us=0 gpu_main_us=4603 gpu_composite_us=0 gpu_blit_us=0
[frust INFO] frust-perf img skipped=0 evicted=3 resident=60 budget=1024x1024x4
[frust INFO] frust-perf raw n=1824 total_us=17096 rebuild_us=588 layout_us=25 paint_us=37 encode_us=13 acquire_us=11020 submit_us=5411 skipped=0 gpu_q=1 gpu_total_us=4469 gpu_prepass_us=0 gpu_main_us=4469 gpu_composite_us=0 gpu_blit_us=0
[frust INFO] frust-perf img skipped=0 evicted=4 resident=60 budget=1024x1024x4
[frust INFO] frust-perf raw n=1825 total_us=17994 rebuild_us=576 layout_us=28 paint_us=43 encode_us=11 acquire_us=11124 submit_us=6209 skipped=0 gpu_q=1 gpu_total_us=4613 gpu_prepass_us=0 gpu_main_us=4613 gpu_composite_us=0 gpu_blit_us=0
[frust INFO] frust-perf img skipped=0 evicted=3 resident=60 budget=1024x1024x4
[frust INFO] frust-perf raw n=1826 total_us=15823 rebuild_us=517 layout_us=25 paint_us=39 encode_us=11 acquire_us=10243 submit_us=4986 skipped=0 gpu_q=1 gpu_total_us=4644 gpu_prepass_us=0 gpu_main_us=4644 gpu_composite_us=0 gpu_blit_us=0
[frust INFO] frust-perf img skipped=0 evicted=3 resident=60 budget=1024x1024x4
[frust INFO] frust-perf raw n=1827 total_us=17647 rebuild_us=597 layout_us=31 paint_us=37 encode_us=11 acquire_us=11734 submit_us=5233 skipped=0 gpu_q=1 gpu_total_us=4732 gpu_prepass_us=0 gpu_main_us=4732 gpu_composite_us=0 gpu_blit_us=0
[frust INFO] frust-perf img skipped=0 evicted=3 resident=60 budget=1024x1024x4
[frust INFO] frust-perf raw n=1828 total_us=17077 rebuild_us=532 layout_us=28 paint_us=33 encode_us=10 acquire_us=11408 submit_us=5063 skipped=0 gpu_q=1 gpu_total_us=4653 gpu_prepass_us=0 gpu_main_us=4653 gpu_composite_us=0 gpu_blit_us=0
[frust INFO] frust-perf img skipped=0 evicted=3 resident=60 budget=1024x1024x4
[frust INFO] frust-perf raw n=1829 total_us=17291 rebuild_us=564 layout_us=31 paint_us=42 encode_us=11 acquire_us=11548 submit_us=5093 skipped=0 gpu_q=1 gpu_total_us=4612 gpu_prepass_us=0 gpu_main_us=4612 gpu_composite_us=0 gpu_blit_us=0
[frust INFO] frust-perf img skipped=0 evicted=4 resident=60 budget=1024x1024x4
[frust INFO] frust-perf raw n=1830 total_us=17549 rebuild_us=573 layout_us=30 paint_us=37 encode_us=11 acquire_us=11328 submit_us=5566 skipped=0 gpu_q=1 gpu_total_us=4620 gpu_prepass_us=0 gpu_main_us=4620 gpu_composite_us=0 gpu_blit_us=0
[frust INFO] frust-perf img skipped=0 evicted=3 resident=60 budget=1024x1024x4
[frust INFO] frust-perf raw n=1831 total_us=16622 rebuild_us=611 layout_us=25 paint_us=35 encode_us=13 acquire_us=11202 submit_us=4733 skipped=0 gpu_q=1 gpu_total_us=4638 gpu_prepass_us=0 gpu_main_us=4638 gpu_composite_us=0 gpu_blit_us=0
[frust INFO] frust-perf img skipped=0 evicted=3 resident=60 budget=1024x1024x4
[frust INFO] frust-perf raw n=1832 total_us=17165 rebuild_us=619 layout_us=29 paint_us=35 encode_us=17 acquire_us=11828 submit_us=4634 skipped=0 gpu_q=1 gpu_total_us=4660 gpu_prepass_us=0 gpu_main_us=4660 gpu_composite_us=0 gpu_blit_us=0
[frust INFO] frust-perf img skipped=0 evicted=3 resident=60 budget=1024x1024x4
[frust INFO] frust-perf raw n=1833 total_us=17382 rebuild_us=615 layout_us=21 paint_us=35 encode_us=6 acquire_us=12057 submit_us=4644 skipped=0 gpu_q=1 gpu_total_us=4703 gpu_prepass_us=0 gpu_main_us=4703 gpu_composite_us=0 gpu_blit_us=0
[frust INFO] frust-perf img skipped=0 evicted=3 resident=60 budget=1024x1024x4
[frust INFO] frust-perf raw n=1834 total_us=17745 rebuild_us=616 layout_us=29 paint_us=33 encode_us=7 acquire_us=11844 submit_us=5213 skipped=0 gpu_q=1 gpu_total_us=4648 gpu_prepass_us=0 gpu_main_us=4648 gpu_composite_us=0 gpu_blit_us=0
[frust INFO] frust-perf img skipped=0 evicted=4 resident=60 budget=1024x1024x4
[frust INFO] frust-perf raw n=1835 total_us=17396 rebuild_us=664 layout_us=29 paint_us=42 encode_us=8 acquire_us=11437 submit_us=5214 skipped=0 gpu_q=1 gpu_total_us=4620 gpu_prepass_us=0 gpu_main_us=4620 gpu_composite_us=0 gpu_blit_us=0
[frust INFO] frust-perf img skipped=0 evicted=3 resident=60 budget=1024x1024x4
[frust INFO] frust-perf raw n=1836 total_us=17259 rebuild_us=612 layout_us=28 paint_us=35 encode_us=7 acquire_us=11372 submit_us=5202 skipped=0 gpu_q=1 gpu_total_us=4537 gpu_prepass_us=0 gpu_main_us=4537 gpu_composite_us=0 gpu_blit_us=0
[frust INFO] frust-perf img skipped=0 evicted=3 resident=60 budget=1024x1024x4
[frust INFO] frust-perf raw n=1837 total_us=16818 rebuild_us=644 layout_us=21 paint_us=38 encode_us=18 acquire_us=11450 submit_us=4644 skipped=0 gpu_q=1 gpu_total_us=4573 gpu_prepass_us=0 gpu_main_us=4573 gpu_composite_us=0 gpu_blit_us=0
[frust INFO] frust-perf img skipped=0 evicted=3 resident=60 budget=1024x1024x4
[frust INFO] frust-perf raw n=1838 total_us=17202 rebuild_us=505 layout_us=27 paint_us=32 encode_us=45 acquire_us=11849 submit_us=4742 skipped=0 gpu_q=1 gpu_total_us=4597 gpu_prepass_us=0 gpu_main_us=4597 gpu_composite_us=0 gpu_blit_us=0
[frust INFO] frust-perf img skipped=0 evicted=3 resident=60 budget=1024x1024x4
[frust INFO] frust-perf raw n=1839 total_us=17480 rebuild_us=514 layout_us=26 paint_us=31 encode_us=10 acquire_us=11895 submit_us=5001 skipped=0 gpu_q=1 gpu_total_us=4663 gpu_prepass_us=0 gpu_main_us=4663 gpu_composite_us=0 gpu_blit_us=0
[frust INFO] frust-perf img skipped=0 evicted=4 resident=60 budget=1024x1024x4
[frust INFO] frust-perf raw n=1840 total_us=17716 rebuild_us=584 layout_us=24 paint_us=42 encode_us=13 acquire_us=11645 submit_us=5405 skipped=0 gpu_q=1 gpu_total_us=4615 gpu_prepass_us=0 gpu_main_us=4615 gpu_composite_us=0 gpu_blit_us=0
[frust INFO] frust-perf img skipped=0 evicted=3 resident=60 budget=1024x1024x4
[frust INFO] frust-perf raw n=1841 total_us=16636 rebuild_us=552 layout_us=25 paint_us=37 encode_us=11 acquire_us=11166 submit_us=4844 skipped=0 gpu_q=1 gpu_total_us=4659 gpu_prepass_us=0 gpu_main_us=4659 gpu_composite_us=0 gpu_blit_us=0
