2026-09-06 23:49:59.801 Runner[24785:1681201] frust-perf vc-load
[frust INFO] frust-perf render-path engine-direct (frust-engine into the acquired swapchain view (RENDER_ATTACHMENT, surface-reported format, surface-owned depth))
[frust INFO] frust-perf atlas tier=mobile budget=1024x1024x4 downlevel=Full transient_saves_memory=true adapter=Apple A13 GPU
[frust INFO] frust-perf startup init_entry=0ms font_preinit_started=0ms adapter_ready=23ms device_ready=23ms renderer_ready=23ms font_preinit_joined=53ms first_rebuild_done=59ms first_encode_done=59ms first_frame_presented=64ms
[frust INFO] bench-scenario-start n=1 s5
[frust INFO] frust-perf raw n=1 total_us=9223 rebuild_us=36 layout_us=4018 paint_us=12 encode_us=15 acquire_us=1932 submit_us=3208 skipped=0 gpu_q=0
[frust INFO] frust-perf raw n=2 total_us=6725 rebuild_us=80 layout_us=6 paint_us=15 encode_us=16 acquire_us=5909 submit_us=696 skipped=0 gpu_q=0
[frust INFO] frust-perf raw n=3 total_us=1925 rebuild_us=35 layout_us=10 paint_us=13 encode_us=7 acquire_us=1009 submit_us=848 skipped=0 gpu_q=0
[frust INFO] frust-perf raw n=4 total_us=13143 rebuild_us=37 layout_us=5 paint_us=8 encode_us=5 acquire_us=12385 submit_us=699 skipped=0 gpu_q=0
[frust INFO] frust-perf raw n=5 total_us=13167 rebuild_us=28 layout_us=10 paint_us=11 encode_us=4 acquire_us=12414 submit_us=696 skipped=0 gpu_q=1 gpu_total_us=2490 gpu_prepass_us=107 gpu_main_us=2383 gpu_composite_us=0 gpu_blit_us=0
[frust INFO] frust-perf raw n=6 total_us=12426 rebuild_us=28 layout_us=9 paint_us=9 encode_us=3 acquire_us=11637 submit_us=739 skipped=0 gpu_q=1 gpu_total_us=3970 gpu_prepass_us=0 gpu_main_us=3970 gpu_composite_us=0 gpu_blit_us=0
[frust INFO] frust-perf raw n=7 total_us=13190 rebuild_us=25 layout_us=3 paint_us=15 encode_us=2 acquire_us=12407 submit_us=735 skipped=0 gpu_q=1 gpu_total_us=3286 gpu_prepass_us=0 gpu_main_us=3286 gpu_composite_us=0 gpu_blit_us=0
[frust INFO] frust-perf raw n=8 total_us=13397 rebuild_us=48 layout_us=7 paint_us=8 encode_us=17 acquire_us=12550 submit_us=765 skipped=0 gpu_q=1 gpu_total_us=3133 gpu_prepass_us=0 gpu_main_us=3133 gpu_composite_us=0 gpu_blit_us=0
[frust INFO] frust-perf raw n=9 total_us=13103 rebuild_us=37 layout_us=6 paint_us=9 encode_us=3 acquire_us=12385 submit_us=660 skipped=0 gpu_q=1 gpu_total_us=2922 gpu_prepass_us=0 gpu_main_us=2922 gpu_composite_us=0 gpu_blit_us=0
[frust INFO] frust-perf raw n=10 total_us=13003 rebuild_us=25 layout_us=3 paint_us=5 encode_us=3 acquire_us=12343 submit_us=623 skipped=0 gpu_q=1 gpu_total_us=2607 gpu_prepass_us=0 gpu_main_us=2607 gpu_composite_us=0 gpu_blit_us=0
[frust INFO] frust-perf raw n=11 total_us=12976 rebuild_us=29 layout_us=3 paint_us=5 encode_us=2 acquire_us=12369 submit_us=565 skipped=0 gpu_q=1 gpu_total_us=2653 gpu_prepass_us=0 gpu_main_us=2653 gpu_composite_us=0 gpu_blit_us=0
[frust INFO] frust-perf raw n=12 total_us=12950 rebuild_us=37 layout_us=3 paint_us=8 encode_us=3 acquire_us=12304 submit_us=593 skipped=0 gpu_q=1 gpu_total_us=2598 gpu_prepass_us=0 gpu_main_us=2598 gpu_composite_us=0 gpu_blit_us=0
[frust INFO] frust-perf raw n=13 total_us=13118 rebuild_us=26 layout_us=3 paint_us=4 encode_us=3 acquire_us=12450 submit_us=629 skipped=0 gpu_q=1 gpu_total_us=3127 gpu_prepass_us=0 gpu_main_us=3127 gpu_composite_us=0 gpu_blit_us=0
[frust INFO] frust-perf raw n=14 total_us=39849 rebuild_us=24 layout_us=3 paint_us=4 encode_us=3 acquire_us=38779 submit_us=1034 skipped=0 gpu_q=1 gpu_total_us=3248 gpu_prepass_us=0 gpu_main_us=3248 gpu_composite_us=0 gpu_blit_us=0
[frust INFO] frust-perf raw n=15 total_us=15152 rebuild_us=78 layout_us=3 paint_us=6 encode_us=5 acquire_us=14280 submit_us=777 skipped=0 gpu_q=1 gpu_total_us=3244 gpu_prepass_us=0 gpu_main_us=3244 gpu_composite_us=0 gpu_blit_us=0
[frust INFO] frust-perf raw n=16 total_us=16516 rebuild_us=44 layout_us=6 paint_us=16 encode_us=2 acquire_us=15827 submit_us=618 skipped=0 gpu_q=1 gpu_total_us=3299 gpu_prepass_us=0 gpu_main_us=3299 gpu_composite_us=0 gpu_blit_us=0
[frust INFO] frust-perf raw n=17 total_us=16916 rebuild_us=45 layout_us=4 paint_us=8 encode_us=2 acquire_us=16113 submit_us=742 skipped=0 gpu_q=1 gpu_total_us=2580 gpu_prepass_us=0 gpu_main_us=2580 gpu_composite_us=0 gpu_blit_us=0
[frust INFO] frust-perf raw n=18 total_us=16833 rebuild_us=55 layout_us=5 paint_us=6 encode_us=2 acquire_us=15855 submit_us=909 skipped=0 gpu_q=1 gpu_total_us=2580 gpu_prepass_us=0 gpu_main_us=2580 gpu_composite_us=0 gpu_blit_us=0
[frust INFO] frust-perf raw n=19 total_us=16576 rebuild_us=61 layout_us=4 paint_us=8 encode_us=2 acquire_us=15716 submit_us=783 skipped=0 gpu_q=1 gpu_total_us=2527 gpu_prepass_us=0 gpu_main_us=2527 gpu_composite_us=0 gpu_blit_us=0
[frust INFO] frust-perf raw n=20 total_us=16690 rebuild_us=68 layout_us=4 paint_us=8 encode_us=2 acquire_us=15854 submit_us=753 skipped=0 gpu_q=1 gpu_total_us=2540 gpu_prepass_us=0 gpu_main_us=2540 gpu_composite_us=0 gpu_blit_us=0
[frust INFO] frust-perf raw n=21 total_us=16653 rebuild_us=77 layout_us=5 paint_us=8 encode_us=1 acquire_us=15850 submit_us=710 skipped=0 gpu_q=1 gpu_total_us=2578 gpu_prepass_us=0 gpu_main_us=2578 gpu_composite_us=0 gpu_blit_us=0
[frust INFO] frust-perf raw n=22 total_us=16685 rebuild_us=37 layout_us=3 paint_us=6 encode_us=2 acquire_us=15961 submit_us=674 skipped=0 gpu_q=1 gpu_total_us=2583 gpu_prepass_us=0 gpu_main_us=2583 gpu_composite_us=0 gpu_blit_us=0
[frust INFO] frust-perf raw n=23 total_us=16850 rebuild_us=51 layout_us=4 paint_us=7 encode_us=2 acquire_us=16023 submit_us=760 skipped=0 gpu_q=1 gpu_total_us=2593 gpu_prepass_us=0 gpu_main_us=2593 gpu_composite_us=0 gpu_blit_us=0
[frust INFO] frust-perf raw n=24 total_us=16686 rebuild_us=47 layout_us=6 paint_us=7 encode_us=2 acquire_us=15867 submit_us=754 skipped=0 gpu_q=1 gpu_total_us=2527 gpu_prepass_us=0 gpu_main_us=2527 gpu_composite_us=0 gpu_blit_us=0
[frust INFO] frust-perf raw n=25 total_us=16766 rebuild_us=78 layout_us=5 paint_us=7 encode_us=2 acquire_us=15919 submit_us=752 skipped=0 gpu_q=1 gpu_total_us=2558 gpu_prepass_us=0 gpu_main_us=2558 gpu_composite_us=0 gpu_blit_us=0
[frust INFO] frust-perf raw n=26 total_us=16642 rebuild_us=105 layout_us=4 paint_us=7 encode_us=2 acquire_us=15816 submit_us=706 skipped=0 gpu_q=1 gpu_total_us=2577 gpu_prepass_us=0 gpu_main_us=2577 gpu_composite_us=0 gpu_blit_us=0
[frust INFO] frust-perf raw n=27 total_us=16788 rebuild_us=75 layout_us=5 paint_us=9 encode_us=2 acquire_us=15967 submit_us=727 skipped=0 gpu_q=1 gpu_total_us=2561 gpu_prepass_us=0 gpu_main_us=2561 gpu_composite_us=0 gpu_blit_us=0
[frust INFO] frust-perf raw n=28 total_us=16704 rebuild_us=51 layout_us=4 paint_us=7 encode_us=1 acquire_us=15921 submit_us=718 skipped=0 gpu_q=1 gpu_total_us=2576 gpu_prepass_us=0 gpu_main_us=2576 gpu_composite_us=0 gpu_blit_us=0
[frust INFO] frust-perf raw n=29 total_us=16760 rebuild_us=47 layout_us=4 paint_us=6 encode_us=2 acquire_us=15929 submit_us=769 skipped=0 gpu_q=1 gpu_total_us=2522 gpu_prepass_us=0 gpu_main_us=2522 gpu_composite_us=0 gpu_blit_us=0
[frust INFO] frust-perf raw n=30 total_us=16730 rebuild_us=50 layout_us=4 paint_us=7 encode_us=2 acquire_us=15868 submit_us=797 skipped=0 gpu_q=1 gpu_total_us=2517 gpu_prepass_us=0 gpu_main_us=2517 gpu_composite_us=0 gpu_blit_us=0
[frust INFO] frust-perf raw n=31 total_us=16807 rebuild_us=81 layout_us=4 paint_us=7 encode_us=2 acquire_us=15902 submit_us=809 skipped=0 gpu_q=1 gpu_total_us=2567 gpu_prepass_us=0 gpu_main_us=2567 gpu_composite_us=0 gpu_blit_us=0
[frust INFO] frust-perf raw n=32 total_us=16421 rebuild_us=62 layout_us=7 paint_us=8 encode_us=1 acquire_us=15705 submit_us=635 skipped=0 gpu_q=1 gpu_total_us=2578 gpu_prepass_us=0 gpu_main_us=2578 gpu_composite_us=0 gpu_blit_us=0
[frust INFO] frust-perf raw n=33 total_us=16655 rebuild_us=39 layout_us=3 paint_us=4 encode_us=1 acquire_us=16037 submit_us=568 skipped=0 gpu_q=1 gpu_total_us=2572 gpu_prepass_us=0 gpu_main_us=2572 gpu_composite_us=0 gpu_blit_us=0
[frust INFO] frust-perf raw n=34 total_us=17023 rebuild_us=50 layout_us=3 paint_us=5 encode_us=1 acquire_us=16208 submit_us=754 skipped=0 gpu_q=1 gpu_total_us=2573 gpu_prepass_us=0 gpu_main_us=2573 gpu_composite_us=0 gpu_blit_us=0
[frust INFO] frust-perf raw n=35 total_us=16633 rebuild_us=53 layout_us=3 paint_us=6 encode_us=2 acquire_us=15798 submit_us=768 skipped=0 gpu_q=1 gpu_total_us=2538 gpu_prepass_us=0 gpu_main_us=2538 gpu_composite_us=0 gpu_blit_us=0
[frust INFO] frust-perf raw n=36 total_us=16989 rebuild_us=70 layout_us=5 paint_us=7 encode_us=2 acquire_us=15954 submit_us=950 skipped=0 gpu_q=1 gpu_total_us=2514 gpu_prepass_us=0 gpu_main_us=2514 gpu_composite_us=0 gpu_blit_us=0
[frust INFO] frust-perf raw n=37 total_us=16708 rebuild_us=73 layout_us=7 paint_us=8 encode_us=2 acquire_us=15593 submit_us=1022 skipped=0 gpu_q=1 gpu_total_us=2507 gpu_prepass_us=0 gpu_main_us=2507 gpu_composite_us=0 gpu_blit_us=0
[frust INFO] frust-perf raw n=38 total_us=16530 rebuild_us=225 layout_us=14 paint_us=20 encode_us=2 acquire_us=15574 submit_us=691 skipped=0 gpu_q=1 gpu_total_us=2570 gpu_prepass_us=0 gpu_main_us=2570 gpu_composite_us=0 gpu_blit_us=0
[frust INFO] frust-perf raw n=39 total_us=16657 rebuild_us=108 layout_us=9 paint_us=14 encode_us=2 acquire_us=15945 submit_us=577 skipped=0 gpu_q=1 gpu_total_us=2485 gpu_prepass_us=0 gpu_main_us=2485 gpu_composite_us=0 gpu_blit_us=0
[frust INFO] frust-perf raw n=40 total_us=16758 rebuild_us=49 layout_us=3 paint_us=4 encode_us=1 acquire_us=16018 submit_us=681 skipped=0 gpu_q=1 gpu_total_us=2594 gpu_prepass_us=0 gpu_main_us=2594 gpu_composite_us=0 gpu_blit_us=0
[frust INFO] frust-perf raw n=41 total_us=16904 rebuild_us=84 layout_us=3 paint_us=5 encode_us=1 acquire_us=16075 submit_us=734 skipped=0 gpu_q=1 gpu_total_us=2508 gpu_prepass_us=0 gpu_main_us=2508 gpu_composite_us=0 gpu_blit_us=0
[frust INFO] frust-perf raw n=42 total_us=16812 rebuild_us=101 layout_us=4 paint_us=7 encode_us=2 acquire_us=15885 submit_us=810 skipped=0 gpu_q=1 gpu_total_us=2900 gpu_prepass_us=0 gpu_main_us=2900 gpu_composite_us=0 gpu_blit_us=0
[frust INFO] frust-perf raw n=43 total_us=16761 rebuild_us=102 layout_us=3 paint_us=6 encode_us=2 acquire_us=15913 submit_us=733 skipped=0 gpu_q=1 gpu_total_us=2902 gpu_prepass_us=0 gpu_main_us=2902 gpu_composite_us=0 gpu_blit_us=0
[frust INFO] frust-perf raw n=44 total_us=16987 rebuild_us=101 layout_us=3 paint_us=6 encode_us=2 acquire_us=15884 submit_us=989 skipped=0 gpu_q=1 gpu_total_us=2611 gpu_prepass_us=0 gpu_main_us=2611 gpu_composite_us=0 gpu_blit_us=0
[frust INFO] frust-perf raw n=45 total_us=16477 rebuild_us=55 layout_us=3 paint_us=6 encode_us=2 acquire_us=15633 submit_us=776 skipped=0 gpu_q=1 gpu_total_us=2623 gpu_prepass_us=0 gpu_main_us=2623 gpu_composite_us=0 gpu_blit_us=0
[frust INFO] frust-perf raw n=46 total_us=16707 rebuild_us=109 layout_us=5 paint_us=5 encode_us=2 acquire_us=15847 submit_us=737 skipped=0 gpu_q=1 gpu_total_us=2627 gpu_prepass_us=0 gpu_main_us=2627 gpu_composite_us=0 gpu_blit_us=0
[frust INFO] frust-perf raw n=47 total_us=16755 rebuild_us=100 layout_us=5 paint_us=6 encode_us=2 acquire_us=15936 submit_us=703 skipped=0 gpu_q=1 gpu_total_us=2625 gpu_prepass_us=0 gpu_main_us=2625 gpu_composite_us=0 gpu_blit_us=0
[frust INFO] frust-perf raw n=48 total_us=16715 rebuild_us=60 layout_us=5 paint_us=6 encode_us=2 acquire_us=15905 submit_us=735 skipped=0 gpu_q=1 gpu_total_us=2612 gpu_prepass_us=0 gpu_main_us=2612 gpu_composite_us=0 gpu_blit_us=0
[frust INFO] frust-perf raw n=49 total_us=16681 rebuild_us=59 layout_us=4 paint_us=6 encode_us=2 acquire_us=15902 submit_us=705 skipped=0 gpu_q=1 gpu_total_us=2628 gpu_prepass_us=0 gpu_main_us=2628 gpu_composite_us=0 gpu_blit_us=0
[frust INFO] frust-perf raw n=50 total_us=16894 rebuild_us=106 layout_us=3 paint_us=5 encode_us=1 acquire_us=16070 submit_us=705 skipped=0 gpu_q=1 gpu_total_us=2595 gpu_prepass_us=0 gpu_main_us=2595 gpu_composite_us=0 gpu_blit_us=0
[frust INFO] frust-perf raw n=51 total_us=16721 rebuild_us=60 layout_us=3 paint_us=5 encode_us=2 acquire_us=15892 submit_us=757 skipped=0 gpu_q=1 gpu_total_us=2598 gpu_prepass_us=0 gpu_main_us=2598 gpu_composite_us=0 gpu_blit_us=0
[frust INFO] frust-perf raw n=52 total_us=16731 rebuild_us=115 layout_us=4 paint_us=5 encode_us=1 acquire_us=15826 submit_us=777 skipped=0 gpu_q=1 gpu_total_us=2601 gpu_prepass_us=0 gpu_main_us=2601 gpu_composite_us=0 gpu_blit_us=0
[frust INFO] frust-perf raw n=53 total_us=16728 rebuild_us=105 layout_us=5 paint_us=7 encode_us=2 acquire_us=15869 submit_us=739 skipped=0 gpu_q=1 gpu_total_us=2584 gpu_prepass_us=0 gpu_main_us=2584 gpu_composite_us=0 gpu_blit_us=0
[frust INFO] frust-perf raw n=54 total_us=16895 rebuild_us=103 layout_us=4 paint_us=6 encode_us=2 acquire_us=16073 submit_us=705 skipped=0 gpu_q=1 gpu_total_us=2555 gpu_prepass_us=0 gpu_main_us=2555 gpu_composite_us=0 gpu_blit_us=0
[frust INFO] frust-perf raw n=55 total_us=16709 rebuild_us=145 layout_us=4 paint_us=5 encode_us=1 acquire_us=15815 submit_us=736 skipped=0 gpu_q=1 gpu_total_us=2637 gpu_prepass_us=0 gpu_main_us=2637 gpu_composite_us=0 gpu_blit_us=0
[frust INFO] frust-perf raw n=56 total_us=16769 rebuild_us=118 layout_us=4 paint_us=5 encode_us=2 acquire_us=15904 submit_us=733 skipped=0 gpu_q=1 gpu_total_us=2579 gpu_prepass_us=0 gpu_main_us=2579 gpu_composite_us=0 gpu_blit_us=0
[frust INFO] frust-perf raw n=57 total_us=16851 rebuild_us=116 layout_us=4 paint_us=5 encode_us=1 acquire_us=15888 submit_us=835 skipped=0 gpu_q=1 gpu_total_us=2608 gpu_prepass_us=0 gpu_main_us=2608 gpu_composite_us=0 gpu_blit_us=0
[frust INFO] frust-perf raw n=58 total_us=16677 rebuild_us=103 layout_us=5 paint_us=8 encode_us=2 acquire_us=15850 submit_us=709 skipped=0 gpu_q=1 gpu_total_us=2599 gpu_prepass_us=0 gpu_main_us=2599 gpu_composite_us=0 gpu_blit_us=0
[frust INFO] frust-perf raw n=59 total_us=16846 rebuild_us=112 layout_us=4 paint_us=6 encode_us=2 acquire_us=15937 submit_us=783 skipped=0 gpu_q=1 gpu_total_us=2579 gpu_prepass_us=0 gpu_main_us=2579 gpu_composite_us=0 gpu_blit_us=0
[frust INFO] frust-perf enc n=60 w=60 validate_us=0.8 prepare_us=1.0 classify_us=3.1 admit_us=0.1 walk_us=166.5 glyphs_us=31.6 finish_us=0.5 compile_us=173.0 schedule_us=0.8 paints_us=1.9 instances_us=17.3 resize_us=0.8 upload_us=201.5 replay_us=0.1 pipelines_us=4.2 record_us=6.8 total_us=414.6 total_p95_us=529.7 draws=29 strips=2111 alphas=51696 glyph_draws=17 atlas_glyphs=17
[frust INFO] frust-perf raw n=60 total_us=16783 rebuild_us=65 layout_us=4 paint_us=5 encode_us=2 acquire_us=15859 submit_us=846 skipped=0 gpu_q=1 gpu_total_us=2606 gpu_prepass_us=0 gpu_main_us=2606 gpu_composite_us=0 gpu_blit_us=0
[frust INFO] frust-perf raw n=61 total_us=16625 rebuild_us=69 layout_us=4 paint_us=6 encode_us=2 acquire_us=15798 submit_us=744 skipped=0 gpu_q=1 gpu_total_us=2604 gpu_prepass_us=0 gpu_main_us=2604 gpu_composite_us=0 gpu_blit_us=0
[frust INFO] frust-perf raw n=62 total_us=16821 rebuild_us=114 layout_us=3 paint_us=5 encode_us=2 acquire_us=15938 submit_us=757 skipped=0 gpu_q=1 gpu_total_us=2628 gpu_prepass_us=0 gpu_main_us=2628 gpu_composite_us=0 gpu_blit_us=0
[frust INFO] frust-perf raw n=63 total_us=16657 rebuild_us=75 layout_us=4 paint_us=6 encode_us=2 acquire_us=15839 submit_us=729 skipped=0 gpu_q=1 gpu_total_us=2593 gpu_prepass_us=0 gpu_main_us=2593 gpu_composite_us=0 gpu_blit_us=0
[frust INFO] frust-perf raw n=64 total_us=16907 rebuild_us=119 layout_us=4 paint_us=5 encode_us=2 acquire_us=15907 submit_us=867 skipped=0 gpu_q=1 gpu_total_us=2651 gpu_prepass_us=0 gpu_main_us=2651 gpu_composite_us=0 gpu_blit_us=0
[frust INFO] frust-perf raw n=65 total_us=16588 rebuild_us=81 layout_us=5 paint_us=7 encode_us=1 acquire_us=15722 submit_us=768 skipped=0 gpu_q=1 gpu_total_us=2621 gpu_prepass_us=0 gpu_main_us=2621 gpu_composite_us=0 gpu_blit_us=0
[frust INFO] frust-perf raw n=66 total_us=16777 rebuild_us=112 layout_us=4 paint_us=6 encode_us=1 acquire_us=15908 submit_us=743 skipped=0 gpu_q=1 gpu_total_us=2700 gpu_prepass_us=0 gpu_main_us=2700 gpu_composite_us=0 gpu_blit_us=0
[frust INFO] frust-perf raw n=67 total_us=16787 rebuild_us=124 layout_us=4 paint_us=5 encode_us=2 acquire_us=15911 submit_us=739 skipped=0 gpu_q=1 gpu_total_us=2601 gpu_prepass_us=0 gpu_main_us=2601 gpu_composite_us=0 gpu_blit_us=0
[frust INFO] frust-perf raw n=68 total_us=16908 rebuild_us=113 layout_us=4 paint_us=7 encode_us=2 acquire_us=15996 submit_us=783 skipped=0 gpu_q=1 gpu_total_us=2550 gpu_prepass_us=0 gpu_main_us=2550 gpu_composite_us=0 gpu_blit_us=0
[frust INFO] frust-perf raw n=69 total_us=16956 rebuild_us=133 layout_us=3 paint_us=6 encode_us=3 acquire_us=15779 submit_us=1031 skipped=0 gpu_q=1 gpu_total_us=2602 gpu_prepass_us=0 gpu_main_us=2602 gpu_composite_us=0 gpu_blit_us=0
[frust INFO] frust-perf raw n=70 total_us=16563 rebuild_us=123 layout_us=4 paint_us=7 encode_us=2 acquire_us=15686 submit_us=739 skipped=0 gpu_q=1 gpu_total_us=2623 gpu_prepass_us=0 gpu_main_us=2623 gpu_composite_us=0 gpu_blit_us=0
[frust INFO] frust-perf raw n=71 total_us=16723 rebuild_us=124 layout_us=4 paint_us=5 encode_us=1 acquire_us=15849 submit_us=737 skipped=0 gpu_q=1 gpu_total_us=2607 gpu_prepass_us=0 gpu_main_us=2607 gpu_composite_us=0 gpu_blit_us=0
[frust INFO] frust-perf raw n=72 total_us=16778 rebuild_us=143 layout_us=3 paint_us=5 encode_us=2 acquire_us=15880 submit_us=742 skipped=0 gpu_q=1 gpu_total_us=2740 gpu_prepass_us=0 gpu_main_us=2740 gpu_composite_us=0 gpu_blit_us=0
[frust INFO] frust-perf raw n=73 total_us=16839 rebuild_us=127 layout_us=4 paint_us=6 encode_us=2 acquire_us=15935 submit_us=763 skipped=0 gpu_q=1 gpu_total_us=2640 gpu_prepass_us=0 gpu_main_us=2640 gpu_composite_us=0 gpu_blit_us=0
[frust INFO] frust-perf raw n=74 total_us=16703 rebuild_us=83 layout_us=4 paint_us=6 encode_us=3 acquire_us=15898 submit_us=707 skipped=0 gpu_q=1 gpu_total_us=2608 gpu_prepass_us=0 gpu_main_us=2608 gpu_composite_us=0 gpu_blit_us=0
[frust INFO] frust-perf raw n=75 total_us=16739 rebuild_us=82 layout_us=4 paint_us=5 encode_us=2 acquire_us=15943 submit_us=701 skipped=0 gpu_q=1 gpu_total_us=2626 gpu_prepass_us=0 gpu_main_us=2626 gpu_composite_us=0 gpu_blit_us=0
[frust INFO] frust-perf raw n=76 total_us=17327 rebuild_us=124 layout_us=5 paint_us=16 encode_us=3 acquire_us=15979 submit_us=1197 skipped=0 gpu_q=1 gpu_total_us=2664 gpu_prepass_us=0 gpu_main_us=2664 gpu_composite_us=0 gpu_blit_us=0
[frust INFO] frust-perf raw n=77 total_us=16882 rebuild_us=119 layout_us=4 paint_us=16 encode_us=2 acquire_us=15454 submit_us=1285 skipped=0 gpu_q=1 gpu_total_us=2600 gpu_prepass_us=0 gpu_main_us=2600 gpu_composite_us=0 gpu_blit_us=0
[frust INFO] frust-perf raw n=78 total_us=16850 rebuild_us=136 layout_us=6 paint_us=6 encode_us=2 acquire_us=15419 submit_us=1279 skipped=0 gpu_q=1 gpu_total_us=2624 gpu_prepass_us=0 gpu_main_us=2624 gpu_composite_us=0 gpu_blit_us=0
[frust INFO] frust-perf raw n=79 total_us=17141 rebuild_us=127 layout_us=5 paint_us=5 encode_us=2 acquire_us=15468 submit_us=1533 skipped=0 gpu_q=1 gpu_total_us=2656 gpu_prepass_us=0 gpu_main_us=2656 gpu_composite_us=0 gpu_blit_us=0
[frust INFO] frust-perf raw n=80 total_us=17157 rebuild_us=79 layout_us=5 paint_us=6 encode_us=2 acquire_us=14958 submit_us=2105 skipped=0 gpu_q=1 gpu_total_us=4324 gpu_prepass_us=0 gpu_main_us=4324 gpu_composite_us=0 gpu_blit_us=0
[frust INFO] frust-perf raw n=81 total_us=16455 rebuild_us=99 layout_us=5 paint_us=26 encode_us=3 acquire_us=14531 submit_us=1789 skipped=0 gpu_q=1 gpu_total_us=4529 gpu_prepass_us=0 gpu_main_us=4529 gpu_composite_us=0 gpu_blit_us=0
[frust INFO] frust-perf raw n=82 total_us=16934 rebuild_us=136 layout_us=7 paint_us=9 encode_us=3 acquire_us=14845 submit_us=1932 skipped=0 gpu_q=1 gpu_total_us=4585 gpu_prepass_us=0 gpu_main_us=4585 gpu_composite_us=0 gpu_blit_us=0
[frust INFO] frust-perf raw n=83 total_us=16867 rebuild_us=131 layout_us=6 paint_us=7 encode_us=3 acquire_us=14717 submit_us=2001 skipped=0 gpu_q=1 gpu_total_us=4694 gpu_prepass_us=0 gpu_main_us=4694 gpu_composite_us=0 gpu_blit_us=0
[frust INFO] frust-perf raw n=84 total_us=16685 rebuild_us=151 layout_us=8 paint_us=9 encode_us=3 acquire_us=14654 submit_us=1858 skipped=0 gpu_q=1 gpu_total_us=4611 gpu_prepass_us=0 gpu_main_us=4611 gpu_composite_us=0 gpu_blit_us=0
[frust INFO] frust-perf raw n=85 total_us=17278 rebuild_us=137 layout_us=6 paint_us=9 encode_us=3 acquire_us=14754 submit_us=2367 skipped=0 gpu_q=1 gpu_total_us=4563 gpu_prepass_us=0 gpu_main_us=4563 gpu_composite_us=0 gpu_blit_us=0
[frust INFO] frust-perf raw n=86 total_us=16845 rebuild_us=128 layout_us=6 paint_us=9 encode_us=5 acquire_us=14280 submit_us=2414 skipped=0 gpu_q=1 gpu_total_us=4342 gpu_prepass_us=0 gpu_main_us=4342 gpu_composite_us=0 gpu_blit_us=0
[frust INFO] frust-perf raw n=87 total_us=16928 rebuild_us=156 layout_us=9 paint_us=10 encode_us=3 acquire_us=14277 submit_us=2470 skipped=0 gpu_q=1 gpu_total_us=4227 gpu_prepass_us=0 gpu_main_us=4227 gpu_composite_us=0 gpu_blit_us=0
[frust INFO] frust-perf raw n=88 total_us=16980 rebuild_us=177 layout_us=9 paint_us=11 encode_us=5 acquire_us=14240 submit_us=2536 skipped=0 gpu_q=1 gpu_total_us=4088 gpu_prepass_us=0 gpu_main_us=4088 gpu_composite_us=0 gpu_blit_us=0
[frust INFO] frust-perf raw n=89 total_us=16835 rebuild_us=173 layout_us=8 paint_us=12 encode_us=5 acquire_us=14090 submit_us=2545 skipped=0 gpu_q=1 gpu_total_us=4616 gpu_prepass_us=0 gpu_main_us=4616 gpu_composite_us=0 gpu_blit_us=0
[frust INFO] frust-perf raw n=90 total_us=19028 rebuild_us=182 layout_us=8 paint_us=12 encode_us=5 acquire_us=13885 submit_us=4934 skipped=0 gpu_q=1 gpu_total_us=4577 gpu_prepass_us=0 gpu_main_us=4577 gpu_composite_us=0 gpu_blit_us=0
[frust INFO] frust-perf raw n=91 total_us=17437 rebuild_us=700 layout_us=31 paint_us=30 encode_us=41 acquire_us=11753 submit_us=4878 skipped=0 gpu_q=1 gpu_total_us=4522 gpu_prepass_us=0 gpu_main_us=4522 gpu_composite_us=0 gpu_blit_us=0
[frust INFO] frust-perf raw n=92 total_us=16142 rebuild_us=646 layout_us=34 paint_us=40 encode_us=9 acquire_us=11664 submit_us=3745 skipped=0 gpu_q=1 gpu_total_us=4593 gpu_prepass_us=0 gpu_main_us=4593 gpu_composite_us=0 gpu_blit_us=0
[frust INFO] frust-perf raw n=93 total_us=17482 rebuild_us=426 layout_us=33 paint_us=37 encode_us=9 acquire_us=12838 submit_us=4137 skipped=0 gpu_q=1 gpu_total_us=4567 gpu_prepass_us=0 gpu_main_us=4567 gpu_composite_us=0 gpu_blit_us=0
[frust INFO] frust-perf raw n=94 total_us=17030 rebuild_us=459 layout_us=24 paint_us=34 encode_us=13 acquire_us=12610 submit_us=3888 skipped=0 gpu_q=1 gpu_total_us=4625 gpu_prepass_us=0 gpu_main_us=4625 gpu_composite_us=0 gpu_blit_us=0
[frust INFO] frust-perf img skipped=0 evicted=3 resident=60 budget=1024x1024x4
[frust INFO] frust-perf raw n=95 total_us=18502 rebuild_us=471 layout_us=28 paint_us=34 encode_us=10 acquire_us=12581 submit_us=5376 skipped=0 gpu_q=1 gpu_total_us=4774 gpu_prepass_us=0 gpu_main_us=4774 gpu_composite_us=0 gpu_blit_us=0
[frust INFO] frust-perf img skipped=0 evicted=3 resident=60 budget=1024x1024x4
[frust INFO] frust-perf raw n=96 total_us=16892 rebuild_us=464 layout_us=24 paint_us=37 encode_us=10 acquire_us=11189 submit_us=5166 skipped=0 gpu_q=1 gpu_total_us=4526 gpu_prepass_us=0 gpu_main_us=4526 gpu_composite_us=0 gpu_blit_us=0
[frust INFO] frust-perf img skipped=0 evicted=4 resident=60 budget=1024x1024x4
[frust INFO] frust-perf raw n=97 total_us=17627 rebuild_us=499 layout_us=23 paint_us=36 encode_us=14 acquire_us=11432 submit_us=5621 skipped=0 gpu_q=1 gpu_total_us=4616 gpu_prepass_us=0 gpu_main_us=4616 gpu_composite_us=0 gpu_blit_us=0
[frust INFO] frust-perf img skipped=0 evicted=3 resident=60 budget=1024x1024x4
[frust INFO] frust-perf raw n=98 total_us=16439 rebuild_us=518 layout_us=26 paint_us=32 encode_us=15 acquire_us=10895 submit_us=4951 skipped=0 gpu_q=1 gpu_total_us=4649 gpu_prepass_us=0 gpu_main_us=4649 gpu_composite_us=0 gpu_blit_us=0
[frust INFO] frust-perf img skipped=0 evicted=3 resident=60 budget=1024x1024x4
[frust INFO] frust-perf raw n=99 total_us=17175 rebuild_us=525 layout_us=26 paint_us=33 encode_us=14 acquire_us=11700 submit_us=4874 skipped=0 gpu_q=1 gpu_total_us=4644 gpu_prepass_us=0 gpu_main_us=4644 gpu_composite_us=0 gpu_blit_us=0
[frust INFO] frust-perf img skipped=0 evicted=3 resident=60 budget=1024x1024x4
[frust INFO] frust-perf raw n=100 total_us=17290 rebuild_us=504 layout_us=25 paint_us=29 encode_us=9 acquire_us=11928 submit_us=4792 skipped=0 gpu_q=1 gpu_total_us=4610 gpu_prepass_us=0 gpu_main_us=4610 gpu_composite_us=0 gpu_blit_us=0
[frust INFO] frust-perf img skipped=0 evicted=3 resident=60 budget=1024x1024x4
[frust INFO] frust-perf raw n=101 total_us=16978 rebuild_us=495 layout_us=29 paint_us=33 encode_us=10 acquire_us=11567 submit_us=4841 skipped=0 gpu_q=1 gpu_total_us=4600 gpu_prepass_us=0 gpu_main_us=4600 gpu_composite_us=0 gpu_blit_us=0
[frust INFO] frust-perf img skipped=0 evicted=4 resident=60 budget=1024x1024x4
[frust INFO] frust-perf raw n=102 total_us=17908 rebuild_us=496 layout_us=29 paint_us=36 encode_us=10 acquire_us=11795 submit_us=5540 skipped=0 gpu_q=1 gpu_total_us=4647 gpu_prepass_us=0 gpu_main_us=4647 gpu_composite_us=0 gpu_blit_us=0
[frust INFO] frust-perf img skipped=0 evicted=3 resident=60 budget=1024x1024x4
[frust INFO] frust-perf raw n=103 total_us=16462 rebuild_us=521 layout_us=21 paint_us=35 encode_us=10 acquire_us=11116 submit_us=4757 skipped=0 gpu_q=1 gpu_total_us=4620 gpu_prepass_us=0 gpu_main_us=4620 gpu_composite_us=0 gpu_blit_us=0
[frust INFO] frust-perf img skipped=0 evicted=3 resident=60 budget=1024x1024x4
[frust INFO] frust-perf raw n=104 total_us=17165 rebuild_us=504 layout_us=27 paint_us=30 encode_us=11 acquire_us=11838 submit_us=4752 skipped=0 gpu_q=1 gpu_total_us=4661 gpu_prepass_us=0 gpu_main_us=4661 gpu_composite_us=0 gpu_blit_us=0
[frust INFO] frust-perf img skipped=0 evicted=3 resident=60 budget=1024x1024x4
[frust INFO] frust-perf raw n=105 total_us=17136 rebuild_us=461 layout_us=26 paint_us=30 encode_us=9 acquire_us=11853 submit_us=4755 skipped=0 gpu_q=1 gpu_total_us=4623 gpu_prepass_us=0 gpu_main_us=4623 gpu_composite_us=0 gpu_blit_us=0
[frust INFO] frust-perf img skipped=0 evicted=3 resident=60 budget=1024x1024x4
[frust INFO] frust-perf raw n=106 total_us=17017 rebuild_us=493 layout_us=25 paint_us=32 encode_us=10 acquire_us=12128 submit_us=4328 skipped=0 gpu_q=1 gpu_total_us=4590 gpu_prepass_us=0 gpu_main_us=4590 gpu_composite_us=0 gpu_blit_us=0
[frust INFO] frust-perf img skipped=0 evicted=4 resident=60 budget=1024x1024x4
[frust INFO] frust-perf raw n=107 total_us=18313 rebuild_us=475 layout_us=25 paint_us=34 encode_us=9 acquire_us=12136 submit_us=5630 skipped=0 gpu_q=1 gpu_total_us=4602 gpu_prepass_us=0 gpu_main_us=4602 gpu_composite_us=0 gpu_blit_us=0
[frust INFO] frust-perf img skipped=0 evicted=3 resident=60 budget=1024x1024x4
[frust INFO] frust-perf raw n=108 total_us=16169 rebuild_us=477 layout_us=23 paint_us=36 encode_us=14 acquire_us=10814 submit_us=4802 skipped=0 gpu_q=1 gpu_total_us=4639 gpu_prepass_us=0 gpu_main_us=4639 gpu_composite_us=0 gpu_blit_us=0
[frust INFO] frust-perf img skipped=0 evicted=3 resident=60 budget=1024x1024x4
[frust INFO] frust-perf raw n=109 total_us=17317 rebuild_us=515 layout_us=27 paint_us=33 encode_us=9 acquire_us=11790 submit_us=4941 skipped=0 gpu_q=1 gpu_total_us=4595 gpu_prepass_us=0 gpu_main_us=4595 gpu_composite_us=0 gpu_blit_us=0
[frust INFO] frust-perf img skipped=0 evicted=3 resident=60 budget=1024x1024x4
[frust INFO] frust-perf raw n=110 total_us=17179 rebuild_us=465 layout_us=44 paint_us=36 encode_us=9 acquire_us=11651 submit_us=4971 skipped=0 gpu_q=1 gpu_total_us=4644 gpu_prepass_us=0 gpu_main_us=4644 gpu_composite_us=0 gpu_blit_us=0
[frust INFO] frust-perf img skipped=0 evicted=3 resident=60 budget=1024x1024x4
[frust INFO] frust-perf raw n=111 total_us=17415 rebuild_us=490 layout_us=32 paint_us=36 encode_us=10 acquire_us=11934 submit_us=4911 skipped=0 gpu_q=1 gpu_total_us=4575 gpu_prepass_us=0 gpu_main_us=4575 gpu_composite_us=0 gpu_blit_us=0
[frust INFO] frust-perf img skipped=0 evicted=4 resident=60 budget=1024x1024x4
[frust INFO] frust-perf raw n=112 total_us=17500 rebuild_us=459 layout_us=28 paint_us=38 encode_us=11 acquire_us=11504 submit_us=5457 skipped=0 gpu_q=1 gpu_total_us=4583 gpu_prepass_us=0 gpu_main_us=4583 gpu_composite_us=0 gpu_blit_us=0
[frust INFO] frust-perf img skipped=0 evicted=3 resident=60 budget=1024x1024x4
[frust INFO] frust-perf raw n=113 total_us=16657 rebuild_us=526 layout_us=23 paint_us=37 encode_us=10 acquire_us=11047 submit_us=5012 skipped=0 gpu_q=1 gpu_total_us=4637 gpu_prepass_us=0 gpu_main_us=4637 gpu_composite_us=0 gpu_blit_us=0
[frust INFO] frust-perf img skipped=0 evicted=3 resident=60 budget=1024x1024x4
[frust INFO] frust-perf raw n=114 total_us=17384 rebuild_us=523 layout_us=29 paint_us=32 encode_us=10 acquire_us=11615 submit_us=5173 skipped=0 gpu_q=1 gpu_total_us=4634 gpu_prepass_us=0 gpu_main_us=4634 gpu_composite_us=0 gpu_blit_us=0
[frust INFO] frust-perf img skipped=0 evicted=3 resident=60 budget=1024x1024x4
[frust INFO] frust-perf raw n=115 total_us=17068 rebuild_us=501 layout_us=28 paint_us=32 encode_us=9 acquire_us=11387 submit_us=5108 skipped=0 gpu_q=1 gpu_total_us=4719 gpu_prepass_us=0 gpu_main_us=4719 gpu_composite_us=0 gpu_blit_us=0
[frust INFO] frust-perf img skipped=0 evicted=3 resident=60 budget=1024x1024x4
[frust INFO] frust-perf raw n=116 total_us=17105 rebuild_us=482 layout_us=21 paint_us=29 encode_us=10 acquire_us=11436 submit_us=5126 skipped=0 gpu_q=1 gpu_total_us=4596 gpu_prepass_us=0 gpu_main_us=4596 gpu_composite_us=0 gpu_blit_us=0
[frust INFO] frust-perf img skipped=0 evicted=4 resident=60 budget=1024x1024x4
[frust INFO] frust-perf raw n=117 total_us=17806 rebuild_us=590 layout_us=25 paint_us=40 encode_us=13 acquire_us=11497 submit_us=5639 skipped=0 gpu_q=1 gpu_total_us=4611 gpu_prepass_us=0 gpu_main_us=4611 gpu_composite_us=0 gpu_blit_us=0
[frust INFO] frust-perf img skipped=0 evicted=3 resident=60 budget=1024x1024x4
[frust INFO] frust-perf raw n=118 total_us=16393 rebuild_us=601 layout_us=30 paint_us=38 encode_us=7 acquire_us=11032 submit_us=4683 skipped=0 gpu_q=1 gpu_total_us=4650 gpu_prepass_us=0 gpu_main_us=4650 gpu_composite_us=0 gpu_blit_us=0
[frust INFO] frust-perf img skipped=0 evicted=3 resident=60 budget=1024x1024x4
[frust INFO] frust-perf raw n=119 total_us=17852 rebuild_us=648 layout_us=31 paint_us=41 encode_us=6 acquire_us=11931 submit_us=5192 skipped=0 gpu_q=1 gpu_total_us=4636 gpu_prepass_us=0 gpu_main_us=4636 gpu_composite_us=0 gpu_blit_us=0
[frust INFO] frust-perf img skipped=0 evicted=3 resident=60 budget=1024x1024x4
[frust INFO] frust-perf enc n=120 w=60 validate_us=2.9 prepare_us=3.3 classify_us=10.1 admit_us=0.4 walk_us=1304.4 glyphs_us=88.8 finish_us=2.8 compile_us=1378.0 schedule_us=4.3 paints_us=10.2 instances_us=63.5 resize_us=3.6 upload_us=1025.0 replay_us=0.4 pipelines_us=17.8 record_us=30.0 total_us=2593.4 total_p95_us=4104.2 draws=29 strips=2111 alphas=51696 glyph_draws=17 atlas_glyphs=17
[frust INFO] frust-perf raw n=120 total_us=16879 rebuild_us=546 layout_us=20 paint_us=33 encode_us=14 acquire_us=11625 submit_us=4639 skipped=0 gpu_q=1 gpu_total_us=4791 gpu_prepass_us=0 gpu_main_us=4791 gpu_composite_us=0 gpu_blit_us=0
[frust INFO] frust-perf img skipped=0 evicted=3 resident=60 budget=1024x1024x4
[frust INFO] frust-perf raw n=121 total_us=17483 rebuild_us=475 layout_us=27 paint_us=34 encode_us=5 acquire_us=11780 submit_us=5160 skipped=0 gpu_q=1 gpu_total_us=4656 gpu_prepass_us=0 gpu_main_us=4656 gpu_composite_us=0 gpu_blit_us=0
[frust INFO] frust-perf img skipped=0 evicted=4 resident=60 budget=1024x1024x4
[frust INFO] frust-perf raw n=122 total_us=17487 rebuild_us=530 layout_us=29 paint_us=34 encode_us=11 acquire_us=11412 submit_us=5469 skipped=0 gpu_q=1 gpu_total_us=4517 gpu_prepass_us=0 gpu_main_us=4517 gpu_composite_us=0 gpu_blit_us=0
[frust INFO] frust-perf frame n=120 total_p50_ms=16 total_p95_ms=17 total_p99_ms=19 rebuild_p95_ms=0 layout_p95_ms=0 paint_p95_ms=0 encode_p95_ms=0 acquire_p95_ms=16 submit_p95_ms=5 over_60hz=87 over_120hz=120 skipped=0 total_frames=122
[frust INFO] frust-perf img skipped=0 evicted=3 resident=60 budget=1024x1024x4
[frust INFO] frust-perf raw n=123 total_us=16278 rebuild_us=448 layout_us=24 paint_us=26 encode_us=13 acquire_us=10930 submit_us=4836 skipped=0 gpu_q=1 gpu_total_us=4665 gpu_prepass_us=0 gpu_main_us=4665 gpu_composite_us=0 gpu_blit_us=0
[frust INFO] frust-perf img skipped=0 evicted=3 resident=60 budget=1024x1024x4
[frust INFO] frust-perf raw n=124 total_us=16837 rebuild_us=427 layout_us=25 paint_us=28 encode_us=10 acquire_us=11868 submit_us=4477 skipped=0 gpu_q=1 gpu_total_us=4616 gpu_prepass_us=0 gpu_main_us=4616 gpu_composite_us=0 gpu_blit_us=0
[frust INFO] frust-perf img skipped=0 evicted=3 resident=60 budget=1024x1024x4
[frust INFO] frust-perf raw n=125 total_us=17672 rebuild_us=534 layout_us=27 paint_us=38 encode_us=10 acquire_us=12325 submit_us=4736 skipped=0 gpu_q=1 gpu_total_us=4656 gpu_prepass_us=0 gpu_main_us=4656 gpu_composite_us=0 gpu_blit_us=0
[frust INFO] frust-perf img skipped=0 evicted=3 resident=60 budget=1024x1024x4
[frust INFO] frust-perf raw n=126 total_us=17813 rebuild_us=547 layout_us=23 paint_us=40 encode_us=6 acquire_us=11896 submit_us=5299 skipped=0 gpu_q=1 gpu_total_us=4640 gpu_prepass_us=0 gpu_main_us=4640 gpu_composite_us=0 gpu_blit_us=0
[frust INFO] frust-perf img skipped=0 evicted=4 resident=60 budget=1024x1024x4
[frust INFO] frust-perf raw n=127 total_us=17234 rebuild_us=563 layout_us=23 paint_us=37 encode_us=11 acquire_us=11216 submit_us=5382 skipped=0 gpu_q=1 gpu_total_us=4604 gpu_prepass_us=0 gpu_main_us=4604 gpu_composite_us=0 gpu_blit_us=0
[frust INFO] frust-perf img skipped=0 evicted=3 resident=60 budget=1024x1024x4
[frust INFO] frust-perf raw n=128 total_us=16727 rebuild_us=512 layout_us=32 paint_us=35 encode_us=5 acquire_us=11196 submit_us=4944 skipped=0 gpu_q=1 gpu_total_us=4652 gpu_prepass_us=0 gpu_main_us=4652 gpu_composite_us=0 gpu_blit_us=0
[frust INFO] frust-perf img skipped=0 evicted=3 resident=60 budget=1024x1024x4
[frust INFO] frust-perf raw n=129 total_us=16932 rebuild_us=601 layout_us=29 paint_us=28 encode_us=5 acquire_us=11580 submit_us=4686 skipped=0 gpu_q=1 gpu_total_us=4510 gpu_prepass_us=0 gpu_main_us=4510 gpu_composite_us=0 gpu_blit_us=0
[frust INFO] frust-perf img skipped=0 evicted=3 resident=60 budget=1024x1024x4
[frust INFO] frust-perf raw n=130 total_us=17924 rebuild_us=605 layout_us=29 paint_us=33 encode_us=6 acquire_us=12056 submit_us=5192 skipped=0 gpu_q=1 gpu_total_us=4670 gpu_prepass_us=0 gpu_main_us=4670 gpu_composite_us=0 gpu_blit_us=0
[frust INFO] frust-perf img skipped=0 evicted=3 resident=60 budget=1024x1024x4
[frust INFO] frust-perf raw n=131 total_us=17197 rebuild_us=566 layout_us=28 paint_us=35 encode_us=6 acquire_us=11759 submit_us=4800 skipped=0 gpu_q=1 gpu_total_us=4717 gpu_prepass_us=0 gpu_main_us=4717 gpu_composite_us=0 gpu_blit_us=0
[frust INFO] frust-perf img skipped=0 evicted=4 resident=60 budget=1024x1024x4
[frust INFO] frust-perf raw n=132 total_us=18126 rebuild_us=573 layout_us=26 paint_us=31 encode_us=6 acquire_us=11548 submit_us=5939 skipped=0 gpu_q=1 gpu_total_us=4530 gpu_prepass_us=0 gpu_main_us=4530 gpu_composite_us=0 gpu_blit_us=0
[frust INFO] frust-perf img skipped=0 evicted=3 resident=60 budget=1024x1024x4
[frust INFO] frust-perf raw n=133 total_us=16361 rebuild_us=570 layout_us=29 paint_us=40 encode_us=15 acquire_us=10583 submit_us=5121 skipped=0 gpu_q=1 gpu_total_us=4550 gpu_prepass_us=0 gpu_main_us=4550 gpu_composite_us=0 gpu_blit_us=0
[frust INFO] frust-perf img skipped=0 evicted=3 resident=60 budget=1024x1024x4
[frust INFO] frust-perf raw n=134 total_us=16969 rebuild_us=558 layout_us=28 paint_us=34 encode_us=6 acquire_us=11544 submit_us=4796 skipped=0 gpu_q=1 gpu_total_us=4555 gpu_prepass_us=0 gpu_main_us=4555 gpu_composite_us=0 gpu_blit_us=0
[frust INFO] frust-perf img skipped=0 evicted=3 resident=60 budget=1024x1024x4
[frust INFO] frust-perf raw n=135 total_us=17454 rebuild_us=523 layout_us=21 paint_us=34 encode_us=6 acquire_us=11731 submit_us=5138 skipped=0 gpu_q=1 gpu_total_us=4539 gpu_prepass_us=0 gpu_main_us=4539 gpu_composite_us=0 gpu_blit_us=0
[frust INFO] frust-perf img skipped=0 evicted=3 resident=60 budget=1024x1024x4
[frust INFO] frust-perf raw n=136 total_us=16926 rebuild_us=519 layout_us=24 paint_us=36 encode_us=11 acquire_us=11481 submit_us=4852 skipped=0 gpu_q=1 gpu_total_us=4622 gpu_prepass_us=0 gpu_main_us=4622 gpu_composite_us=0 gpu_blit_us=0
[frust INFO] frust-perf img skipped=0 evicted=4 resident=60 budget=1024x1024x4
[frust INFO] frust-perf raw n=137 total_us=17577 rebuild_us=438 layout_us=26 paint_us=29 encode_us=9 acquire_us=11702 submit_us=5371 skipped=0 gpu_q=1 gpu_total_us=4682 gpu_prepass_us=0 gpu_main_us=4682 gpu_composite_us=0 gpu_blit_us=0
[frust INFO] frust-perf img skipped=0 evicted=3 resident=60 budget=1024x1024x4
[frust INFO] frust-perf raw n=138 total_us=16660 rebuild_us=477 layout_us=26 paint_us=34 encode_us=13 acquire_us=11250 submit_us=4858 skipped=0 gpu_q=1 gpu_total_us=4572 gpu_prepass_us=0 gpu_main_us=4572 gpu_composite_us=0 gpu_blit_us=0
[frust INFO] frust-perf img skipped=0 evicted=3 resident=60 budget=1024x1024x4
[frust INFO] frust-perf raw n=139 total_us=17219 rebuild_us=467 layout_us=28 paint_us=28 encode_us=13 acquire_us=11730 submit_us=4950 skipped=0 gpu_q=1 gpu_total_us=4811 gpu_prepass_us=0 gpu_main_us=4811 gpu_composite_us=0 gpu_blit_us=0
[frust INFO] frust-perf img skipped=0 evicted=3 resident=60 budget=1024x1024x4
[frust INFO] frust-perf raw n=140 total_us=17557 rebuild_us=442 layout_us=21 paint_us=36 encode_us=9 acquire_us=11710 submit_us=5337 skipped=0 gpu_q=1 gpu_total_us=4647 gpu_prepass_us=0 gpu_main_us=4647 gpu_composite_us=0 gpu_blit_us=0
[frust INFO] frust-perf img skipped=0 evicted=3 resident=60 budget=1024x1024x4
[frust INFO] frust-perf raw n=141 total_us=16924 rebuild_us=532 layout_us=24 paint_us=31 encode_us=11 acquire_us=11317 submit_us=5007 skipped=0 gpu_q=1 gpu_total_us=4628 gpu_prepass_us=0 gpu_main_us=4628 gpu_composite_us=0 gpu_blit_us=0
[frust INFO] frust-perf img skipped=0 evicted=4 resident=60 budget=1024x1024x4
[frust INFO] frust-perf raw n=142 total_us=17531 rebuild_us=494 layout_us=24 paint_us=36 encode_us=9 acquire_us=11546 submit_us=5421 skipped=0 gpu_q=1 gpu_total_us=4561 gpu_prepass_us=0 gpu_main_us=4561 gpu_composite_us=0 gpu_blit_us=0
[frust INFO] frust-perf img skipped=0 evicted=3 resident=60 budget=1024x1024x4
[frust INFO] frust-perf raw n=143 total_us=16733 rebuild_us=488 layout_us=26 paint_us=41 encode_us=9 acquire_us=11091 submit_us=5075 skipped=0 gpu_q=1 gpu_total_us=4670 gpu_prepass_us=0 gpu_main_us=4670 gpu_composite_us=0 gpu_blit_us=0
[frust INFO] frust-perf img skipped=0 evicted=3 resident=60 budget=1024x1024x4
[frust INFO] frust-perf raw n=144 total_us=17048 rebuild_us=477 layout_us=20 paint_us=28 encode_us=7 acquire_us=11716 submit_us=4796 skipped=0 gpu_q=1 gpu_total_us=4597 gpu_prepass_us=0 gpu_main_us=4597 gpu_composite_us=0 gpu_blit_us=0
[frust INFO] frust-perf img skipped=0 evicted=3 resident=60 budget=1024x1024x4
[frust INFO] frust-perf raw n=145 total_us=16775 rebuild_us=470 layout_us=26 paint_us=33 encode_us=9 acquire_us=11732 submit_us=4504 skipped=0 gpu_q=1 gpu_total_us=4626 gpu_prepass_us=0 gpu_main_us=4626 gpu_composite_us=0 gpu_blit_us=0
[frust INFO] frust-perf img skipped=0 evicted=3 resident=60 budget=1024x1024x4
[frust INFO] frust-perf raw n=146 total_us=17518 rebuild_us=510 layout_us=45 paint_us=27 encode_us=9 acquire_us=12249 submit_us=4676 skipped=0 gpu_q=1 gpu_total_us=4614 gpu_prepass_us=0 gpu_main_us=4614 gpu_composite_us=0 gpu_blit_us=0
[frust INFO] frust-perf img skipped=0 evicted=3 resident=60 budget=1024x1024x4
[frust INFO] frust-perf raw n=147 total_us=17679 rebuild_us=484 layout_us=27 paint_us=36 encode_us=6 acquire_us=11897 submit_us=5226 skipped=0 gpu_q=1 gpu_total_us=4585 gpu_prepass_us=0 gpu_main_us=4585 gpu_composite_us=0 gpu_blit_us=0
[frust INFO] frust-perf img skipped=0 evicted=4 resident=60 budget=1024x1024x4
[frust INFO] frust-perf raw n=148 total_us=17132 rebuild_us=501 layout_us=20 paint_us=34 encode_us=12 acquire_us=11284 submit_us=5279 skipped=0 gpu_q=1 gpu_total_us=4643 gpu_prepass_us=0 gpu_main_us=4643 gpu_composite_us=0 gpu_blit_us=0
[frust INFO] frust-perf img skipped=0 evicted=3 resident=60 budget=1024x1024x4
[frust INFO] frust-perf raw n=149 total_us=16403 rebuild_us=466 layout_us=26 paint_us=32 encode_us=6 acquire_us=11317 submit_us=4554 skipped=0 gpu_q=1 gpu_total_us=4655 gpu_prepass_us=0 gpu_main_us=4655 gpu_composite_us=0 gpu_blit_us=0
[frust INFO] frust-perf img skipped=0 evicted=3 resident=60 budget=1024x1024x4
[frust INFO] frust-perf raw n=150 total_us=17774 rebuild_us=546 layout_us=27 paint_us=35 encode_us=7 acquire_us=12031 submit_us=5127 skipped=0 gpu_q=1 gpu_total_us=4600 gpu_prepass_us=0 gpu_main_us=4600 gpu_composite_us=0 gpu_blit_us=0
[frust INFO] frust-perf img skipped=0 evicted=3 resident=60 budget=1024x1024x4
[frust INFO] frust-perf raw n=151 total_us=17029 rebuild_us=513 layout_us=22 paint_us=29 encode_us=10 acquire_us=11801 submit_us=4651 skipped=0 gpu_q=1 gpu_total_us=4603 gpu_prepass_us=0 gpu_main_us=4603 gpu_composite_us=0 gpu_blit_us=0
[frust INFO] frust-perf img skipped=0 evicted=3 resident=60 budget=1024x1024x4
[frust INFO] frust-perf raw n=152 total_us=17219 rebuild_us=478 layout_us=27 paint_us=34 encode_us=6 acquire_us=11751 submit_us=4921 skipped=0 gpu_q=1 gpu_total_us=4599 gpu_prepass_us=0 gpu_main_us=4599 gpu_composite_us=0 gpu_blit_us=0
[frust INFO] frust-perf img skipped=0 evicted=4 resident=60 budget=1024x1024x4
[frust INFO] frust-perf raw n=153 total_us=17530 rebuild_us=531 layout_us=25 paint_us=27 encode_us=14 acquire_us=11605 submit_us=5325 skipped=0 gpu_q=1 gpu_total_us=4574 gpu_prepass_us=0 gpu_main_us=4574 gpu_composite_us=0 gpu_blit_us=0
[frust INFO] frust-perf img skipped=0 evicted=3 resident=60 budget=1024x1024x4
[frust INFO] frust-perf raw n=154 total_us=16537 rebuild_us=421 layout_us=23 paint_us=31 encode_us=14 acquire_us=11286 submit_us=4761 skipped=0 gpu_q=1 gpu_total_us=4585 gpu_prepass_us=0 gpu_main_us=4585 gpu_composite_us=0 gpu_blit_us=0
[frust INFO] frust-perf img skipped=0 evicted=3 resident=60 budget=1024x1024x4
[frust INFO] frust-perf raw n=155 total_us=17285 rebuild_us=465 layout_us=24 paint_us=30 encode_us=9 acquire_us=11850 submit_us=4904 skipped=0 gpu_q=1 gpu_total_us=4544 gpu_prepass_us=0 gpu_main_us=4544 gpu_composite_us=0 gpu_blit_us=0
[frust INFO] frust-perf img skipped=0 evicted=3 resident=60 budget=1024x1024x4
[frust INFO] frust-perf raw n=156 total_us=17363 rebuild_us=516 layout_us=27 paint_us=31 encode_us=10 acquire_us=11927 submit_us=4849 skipped=0 gpu_q=1 gpu_total_us=4743 gpu_prepass_us=0 gpu_main_us=4743 gpu_composite_us=0 gpu_blit_us=0
[frust INFO] frust-perf img skipped=0 evicted=3 resident=60 budget=1024x1024x4
[frust INFO] frust-perf raw n=157 total_us=17114 rebuild_us=485 layout_us=29 paint_us=35 encode_us=9 acquire_us=11646 submit_us=4908 skipped=0 gpu_q=1 gpu_total_us=4648 gpu_prepass_us=0 gpu_main_us=4648 gpu_composite_us=0 gpu_blit_us=0
[frust INFO] frust-perf img skipped=0 evicted=4 resident=60 budget=1024x1024x4
[frust INFO] frust-perf raw n=158 total_us=17476 rebuild_us=533 layout_us=25 paint_us=33 encode_us=10 acquire_us=11480 submit_us=5391 skipped=0 gpu_q=1 gpu_total_us=4628 gpu_prepass_us=0 gpu_main_us=4628 gpu_composite_us=0 gpu_blit_us=0
[frust INFO] frust-perf img skipped=0 evicted=3 resident=60 budget=1024x1024x4
[frust INFO] frust-perf raw n=159 total_us=16626 rebuild_us=491 layout_us=24 paint_us=36 encode_us=9 acquire_us=11277 submit_us=4787 skipped=0 gpu_q=1 gpu_total_us=4684 gpu_prepass_us=0 gpu_main_us=4684 gpu_composite_us=0 gpu_blit_us=0
[frust INFO] frust-perf img skipped=0 evicted=3 resident=60 budget=1024x1024x4
[frust INFO] frust-perf raw n=160 total_us=17346 rebuild_us=509 layout_us=24 paint_us=36 encode_us=10 acquire_us=11847 submit_us=4918 skipped=0 gpu_q=1 gpu_total_us=4644 gpu_prepass_us=0 gpu_main_us=4644 gpu_composite_us=0 gpu_blit_us=0
[frust INFO] frust-perf img skipped=0 evicted=3 resident=60 budget=1024x1024x4
[frust INFO] frust-perf raw n=161 total_us=17149 rebuild_us=485 layout_us=19 paint_us=33 encode_us=9 acquire_us=11633 submit_us=4968 skipped=0 gpu_q=1 gpu_total_us=4649 gpu_prepass_us=0 gpu_main_us=4649 gpu_composite_us=0 gpu_blit_us=0
[frust INFO] frust-perf img skipped=0 evicted=3 resident=60 budget=1024x1024x4
[frust INFO] frust-perf raw n=162 total_us=17213 rebuild_us=512 layout_us=27 paint_us=34 encode_us=9 acquire_us=11748 submit_us=4881 skipped=0 gpu_q=1 gpu_total_us=4590 gpu_prepass_us=0 gpu_main_us=4590 gpu_composite_us=0 gpu_blit_us=0
[frust INFO] frust-perf img skipped=0 evicted=4 resident=60 budget=1024x1024x4
[frust INFO] frust-perf raw n=163 total_us=17541 rebuild_us=503 layout_us=26 paint_us=36 encode_us=9 acquire_us=11606 submit_us=5359 skipped=0 gpu_q=1 gpu_total_us=4600 gpu_prepass_us=0 gpu_main_us=4600 gpu_composite_us=0 gpu_blit_us=0
[frust INFO] frust-perf img skipped=0 evicted=3 resident=60 budget=1024x1024x4
[frust INFO] frust-perf raw n=164 total_us=16795 rebuild_us=486 layout_us=28 paint_us=38 encode_us=10 acquire_us=11313 submit_us=4916 skipped=0 gpu_q=1 gpu_total_us=4713 gpu_prepass_us=0 gpu_main_us=4713 gpu_composite_us=0 gpu_blit_us=0
[frust INFO] frust-perf img skipped=0 evicted=3 resident=60 budget=1024x1024x4
[frust INFO] frust-perf raw n=165 total_us=17255 rebuild_us=472 layout_us=18 paint_us=30 encode_us=9 acquire_us=11637 submit_us=5086 skipped=0 gpu_q=1 gpu_total_us=4678 gpu_prepass_us=0 gpu_main_us=4678 gpu_composite_us=0 gpu_blit_us=0
[frust INFO] frust-perf img skipped=0 evicted=3 resident=60 budget=1024x1024x4
[frust INFO] frust-perf raw n=166 total_us=16910 rebuild_us=477 layout_us=20 paint_us=35 encode_us=13 acquire_us=11468 submit_us=4894 skipped=0 gpu_q=1 gpu_total_us=4661 gpu_prepass_us=0 gpu_main_us=4661 gpu_composite_us=0 gpu_blit_us=0
[frust INFO] frust-perf img skipped=0 evicted=3 resident=60 budget=1024x1024x4
[frust INFO] frust-perf raw n=167 total_us=17184 rebuild_us=485 layout_us=20 paint_us=35 encode_us=9 acquire_us=11869 submit_us=4764 skipped=0 gpu_q=1 gpu_total_us=4621 gpu_prepass_us=0 gpu_main_us=4621 gpu_composite_us=0 gpu_blit_us=0
[frust INFO] frust-perf img skipped=0 evicted=4 resident=60 budget=1024x1024x4
[frust INFO] frust-perf raw n=168 total_us=17665 rebuild_us=491 layout_us=28 paint_us=34 encode_us=11 acquire_us=11732 submit_us=5367 skipped=0 gpu_q=1 gpu_total_us=4616 gpu_prepass_us=0 gpu_main_us=4616 gpu_composite_us=0 gpu_blit_us=0
[frust INFO] frust-perf img skipped=0 evicted=3 resident=60 budget=1024x1024x4
[frust INFO] frust-perf raw n=169 total_us=16452 rebuild_us=454 layout_us=25 paint_us=30 encode_us=9 acquire_us=11218 submit_us=4714 skipped=0 gpu_q=1 gpu_total_us=4651 gpu_prepass_us=0 gpu_main_us=4651 gpu_composite_us=0 gpu_blit_us=0
[frust INFO] frust-perf img skipped=0 evicted=3 resident=60 budget=1024x1024x4
[frust INFO] frust-perf raw n=170 total_us=17378 rebuild_us=517 layout_us=30 paint_us=34 encode_us=9 acquire_us=11826 submit_us=4959 skipped=0 gpu_q=1 gpu_total_us=4662 gpu_prepass_us=0 gpu_main_us=4662 gpu_composite_us=0 gpu_blit_us=0
[frust INFO] frust-perf img skipped=0 evicted=3 resident=60 budget=1024x1024x4
[frust INFO] frust-perf raw n=171 total_us=17524 rebuild_us=510 layout_us=21 paint_us=38 encode_us=13 acquire_us=11990 submit_us=4950 skipped=0 gpu_q=1 gpu_total_us=4643 gpu_prepass_us=0 gpu_main_us=4643 gpu_composite_us=0 gpu_blit_us=0
[frust INFO] frust-perf img skipped=0 evicted=3 resident=60 budget=1024x1024x4
[frust INFO] frust-perf raw n=172 total_us=16872 rebuild_us=501 layout_us=24 paint_us=31 encode_us=9 acquire_us=11348 submit_us=4957 skipped=0 gpu_q=1 gpu_total_us=4603 gpu_prepass_us=0 gpu_main_us=4603 gpu_composite_us=0 gpu_blit_us=0
[frust INFO] frust-perf img skipped=0 evicted=4 resident=60 budget=1024x1024x4
[frust INFO] frust-perf raw n=173 total_us=17584 rebuild_us=495 layout_us=28 paint_us=38 encode_us=9 acquire_us=11635 submit_us=5377 skipped=0 gpu_q=1 gpu_total_us=4590 gpu_prepass_us=0 gpu_main_us=4590 gpu_composite_us=0 gpu_blit_us=0
[frust INFO] frust-perf img skipped=0 evicted=3 resident=60 budget=1024x1024x4
[frust INFO] frust-perf raw n=174 total_us=16539 rebuild_us=485 layout_us=27 paint_us=33 encode_us=6 acquire_us=11283 submit_us=4701 skipped=0 gpu_q=1 gpu_total_us=4622 gpu_prepass_us=0 gpu_main_us=4622 gpu_composite_us=0 gpu_blit_us=0
[frust INFO] frust-perf img skipped=0 evicted=3 resident=60 budget=1024x1024x4
[frust INFO] frust-perf raw n=175 total_us=17777 rebuild_us=544 layout_us=23 paint_us=32 encode_us=6 acquire_us=11977 submit_us=5193 skipped=0 gpu_q=1 gpu_total_us=4579 gpu_prepass_us=0 gpu_main_us=4579 gpu_composite_us=0 gpu_blit_us=0
[frust INFO] frust-perf img skipped=0 evicted=3 resident=60 budget=1024x1024x4
[frust INFO] frust-perf raw n=176 total_us=16945 rebuild_us=534 layout_us=27 paint_us=32 encode_us=11 acquire_us=11422 submit_us=4918 skipped=0 gpu_q=1 gpu_total_us=4690 gpu_prepass_us=0 gpu_main_us=4690 gpu_composite_us=0 gpu_blit_us=0
[frust INFO] frust-perf img skipped=0 evicted=3 resident=60 budget=1024x1024x4
[frust INFO] frust-perf raw n=177 total_us=16912 rebuild_us=466 layout_us=26 paint_us=30 encode_us=6 acquire_us=11665 submit_us=4717 skipped=0 gpu_q=1 gpu_total_us=4576 gpu_prepass_us=0 gpu_main_us=4576 gpu_composite_us=0 gpu_blit_us=0
[frust INFO] frust-perf img skipped=0 evicted=4 resident=60 budget=1024x1024x4
[frust INFO] frust-perf raw n=178 total_us=17568 rebuild_us=517 layout_us=27 paint_us=31 encode_us=10 acquire_us=11815 submit_us=5165 skipped=0 gpu_q=1 gpu_total_us=4558 gpu_prepass_us=0 gpu_main_us=4558 gpu_composite_us=0 gpu_blit_us=0
[frust INFO] frust-perf img skipped=0 evicted=3 resident=60 budget=1024x1024x4
[frust INFO] frust-perf raw n=179 total_us=16661 rebuild_us=444 layout_us=25 paint_us=32 encode_us=13 acquire_us=11488 submit_us=4656 skipped=0 gpu_q=1 gpu_total_us=4624 gpu_prepass_us=0 gpu_main_us=4624 gpu_composite_us=0 gpu_blit_us=0
[frust INFO] frust-perf img skipped=0 evicted=3 resident=60 budget=1024x1024x4
[frust INFO] frust-perf enc n=180 w=60 validate_us=3.6 prepare_us=3.9 classify_us=11.4 admit_us=0.4 walk_us=1482.2 glyphs_us=106.5 finish_us=3.6 compile_us=1568.2 schedule_us=5.4 paints_us=19.1 instances_us=75.9 resize_us=3.9 upload_us=1851.8 replay_us=0.8 pipelines_us=18.5 record_us=35.7 total_us=3565.5 total_p95_us=4102.9 draws=29 strips=2111 alphas=51696 glyph_draws=17 atlas_glyphs=17
[frust INFO] frust-perf raw n=180 total_us=17415 rebuild_us=446 layout_us=20 paint_us=42 encode_us=14 acquire_us=11937 submit_us=4954 skipped=0 gpu_q=1 gpu_total_us=4479 gpu_prepass_us=0 gpu_main_us=4479 gpu_composite_us=0 gpu_blit_us=0
[frust INFO] frust-perf img skipped=0 evicted=3 resident=60 budget=1024x1024x4
[frust INFO] frust-perf raw n=181 total_us=17238 rebuild_us=477 layout_us=27 paint_us=35 encode_us=10 acquire_us=11641 submit_us=5046 skipped=0 gpu_q=1 gpu_total_us=4627 gpu_prepass_us=0 gpu_main_us=4627 gpu_composite_us=0 gpu_blit_us=0
[frust INFO] frust-perf img skipped=0 evicted=3 resident=60 budget=1024x1024x4
[frust INFO] frust-perf raw n=182 total_us=17053 rebuild_us=494 layout_us=24 paint_us=36 encode_us=9 acquire_us=11737 submit_us=4751 skipped=0 gpu_q=1 gpu_total_us=4641 gpu_prepass_us=0 gpu_main_us=4641 gpu_composite_us=0 gpu_blit_us=0
[frust INFO] frust-perf img skipped=0 evicted=4 resident=60 budget=1024x1024x4
[frust INFO] frust-perf raw n=183 total_us=17773 rebuild_us=485 layout_us=21 paint_us=37 encode_us=9 acquire_us=11619 submit_us=5600 skipped=0 gpu_q=1 gpu_total_us=4598 gpu_prepass_us=0 gpu_main_us=4598 gpu_composite_us=0 gpu_blit_us=0
[frust INFO] frust-perf img skipped=0 evicted=3 resident=60 budget=1024x1024x4
[frust INFO] frust-perf raw n=184 total_us=16573 rebuild_us=497 layout_us=27 paint_us=35 encode_us=9 acquire_us=11111 submit_us=4891 skipped=0 gpu_q=1 gpu_total_us=4678 gpu_prepass_us=0 gpu_main_us=4678 gpu_composite_us=0 gpu_blit_us=0
[frust INFO] frust-perf img skipped=0 evicted=3 resident=60 budget=1024x1024x4
[frust INFO] frust-perf raw n=185 total_us=16935 rebuild_us=501 layout_us=26 paint_us=40 encode_us=9 acquire_us=11627 submit_us=4730 skipped=0 gpu_q=1 gpu_total_us=4637 gpu_prepass_us=0 gpu_main_us=4637 gpu_composite_us=0 gpu_blit_us=0
[frust INFO] frust-perf img skipped=0 evicted=3 resident=60 budget=1024x1024x4
[frust INFO] frust-perf raw n=186 total_us=17576 rebuild_us=476 layout_us=24 paint_us=36 encode_us=10 acquire_us=11976 submit_us=5052 skipped=0 gpu_q=1 gpu_total_us=4652 gpu_prepass_us=0 gpu_main_us=4652 gpu_composite_us=0 gpu_blit_us=0
[frust INFO] frust-perf img skipped=0 evicted=3 resident=60 budget=1024x1024x4
[frust INFO] frust-perf raw n=187 total_us=17253 rebuild_us=486 layout_us=25 paint_us=35 encode_us=9 acquire_us=11815 submit_us=4880 skipped=0 gpu_q=1 gpu_total_us=4690 gpu_prepass_us=0 gpu_main_us=4690 gpu_composite_us=0 gpu_blit_us=0
[frust INFO] frust-perf img skipped=0 evicted=4 resident=60 budget=1024x1024x4
[frust INFO] frust-perf raw n=188 total_us=17393 rebuild_us=513 layout_us=24 paint_us=33 encode_us=11 acquire_us=11354 submit_us=5456 skipped=0 gpu_q=1 gpu_total_us=4685 gpu_prepass_us=0 gpu_main_us=4685 gpu_composite_us=0 gpu_blit_us=0
[frust INFO] frust-perf img skipped=0 evicted=3 resident=60 budget=1024x1024x4
[frust INFO] frust-perf raw n=189 total_us=16633 rebuild_us=485 layout_us=24 paint_us=42 encode_us=11 acquire_us=11133 submit_us=4935 skipped=0 gpu_q=1 gpu_total_us=4626 gpu_prepass_us=0 gpu_main_us=4626 gpu_composite_us=0 gpu_blit_us=0
[frust INFO] frust-perf img skipped=0 evicted=3 resident=60 budget=1024x1024x4
[frust INFO] frust-perf raw n=190 total_us=17072 rebuild_us=505 layout_us=24 paint_us=29 encode_us=9 acquire_us=11698 submit_us=4804 skipped=0 gpu_q=1 gpu_total_us=4655 gpu_prepass_us=0 gpu_main_us=4655 gpu_composite_us=0 gpu_blit_us=0
[frust INFO] frust-perf img skipped=0 evicted=3 resident=60 budget=1024x1024x4
[frust INFO] frust-perf raw n=191 total_us=17347 rebuild_us=486 layout_us=25 paint_us=32 encode_us=12 acquire_us=11856 submit_us=4933 skipped=0 gpu_q=1 gpu_total_us=4654 gpu_prepass_us=0 gpu_main_us=4654 gpu_composite_us=0 gpu_blit_us=0
[frust INFO] frust-perf img skipped=0 evicted=3 resident=60 budget=1024x1024x4
[frust INFO] frust-perf raw n=192 total_us=17290 rebuild_us=510 layout_us=26 paint_us=38 encode_us=11 acquire_us=11869 submit_us=4832 skipped=0 gpu_q=1 gpu_total_us=4657 gpu_prepass_us=0 gpu_main_us=4657 gpu_composite_us=0 gpu_blit_us=0
[frust INFO] frust-perf img skipped=0 evicted=4 resident=60 budget=1024x1024x4
[frust INFO] frust-perf raw n=193 total_us=17605 rebuild_us=481 layout_us=27 paint_us=41 encode_us=9 acquire_us=11486 submit_us=5557 skipped=0 gpu_q=1 gpu_total_us=4621 gpu_prepass_us=0 gpu_main_us=4621 gpu_composite_us=0 gpu_blit_us=0
[frust INFO] frust-perf img skipped=0 evicted=3 resident=60 budget=1024x1024x4
[frust INFO] frust-perf raw n=194 total_us=16557 rebuild_us=510 layout_us=24 paint_us=45 encode_us=11 acquire_us=10947 submit_us=5017 skipped=0 gpu_q=1 gpu_total_us=4627 gpu_prepass_us=0 gpu_main_us=4627 gpu_composite_us=0 gpu_blit_us=0
[frust INFO] frust-perf img skipped=0 evicted=3 resident=60 budget=1024x1024x4
[frust INFO] frust-perf raw n=195 total_us=17515 rebuild_us=519 layout_us=21 paint_us=31 encode_us=9 acquire_us=11982 submit_us=4951 skipped=0 gpu_q=1 gpu_total_us=4652 gpu_prepass_us=0 gpu_main_us=4652 gpu_composite_us=0 gpu_blit_us=0
[frust INFO] frust-perf img skipped=0 evicted=3 resident=60 budget=1024x1024x4
[frust INFO] frust-perf raw n=196 total_us=16864 rebuild_us=530 layout_us=29 paint_us=37 encode_us=10 acquire_us=11353 submit_us=4903 skipped=0 gpu_q=1 gpu_total_us=4676 gpu_prepass_us=0 gpu_main_us=4676 gpu_composite_us=0 gpu_blit_us=0
[frust INFO] frust-perf img skipped=0 evicted=3 resident=60 budget=1024x1024x4
[frust INFO] frust-perf raw n=197 total_us=17487 rebuild_us=482 layout_us=23 paint_us=32 encode_us=9 acquire_us=12005 submit_us=4933 skipped=0 gpu_q=1 gpu_total_us=4679 gpu_prepass_us=0 gpu_main_us=4679 gpu_composite_us=0 gpu_blit_us=0
[frust INFO] frust-perf img skipped=0 evicted=4 resident=60 budget=1024x1024x4
[frust INFO] frust-perf raw n=198 total_us=17332 rebuild_us=488 layout_us=24 paint_us=37 encode_us=10 acquire_us=11253 submit_us=5517 skipped=0 gpu_q=1 gpu_total_us=4556 gpu_prepass_us=0 gpu_main_us=4556 gpu_composite_us=0 gpu_blit_us=0
[frust INFO] frust-perf img skipped=0 evicted=3 resident=60 budget=1024x1024x4
[frust INFO] frust-perf raw n=199 total_us=16854 rebuild_us=502 layout_us=28 paint_us=34 encode_us=9 acquire_us=11214 submit_us=5064 skipped=0 gpu_q=1 gpu_total_us=4663 gpu_prepass_us=0 gpu_main_us=4663 gpu_composite_us=0 gpu_blit_us=0
[frust INFO] frust-perf img skipped=0 evicted=3 resident=60 budget=1024x1024x4
[frust INFO] frust-perf raw n=200 total_us=17057 rebuild_us=516 layout_us=29 paint_us=38 encode_us=9 acquire_us=11508 submit_us=4954 skipped=0 gpu_q=1 gpu_total_us=4723 gpu_prepass_us=0 gpu_main_us=4723 gpu_composite_us=0 gpu_blit_us=0
[frust INFO] frust-perf img skipped=0 evicted=3 resident=60 budget=1024x1024x4
[frust INFO] frust-perf raw n=201 total_us=17786 rebuild_us=527 layout_us=29 paint_us=32 encode_us=10 acquire_us=11741 submit_us=5446 skipped=0 gpu_q=1 gpu_total_us=4713 gpu_prepass_us=0 gpu_main_us=4713 gpu_composite_us=0 gpu_blit_us=0
[frust INFO] frust-perf img skipped=0 evicted=3 resident=60 budget=1024x1024x4
[frust INFO] frust-perf raw n=202 total_us=16681 rebuild_us=507 layout_us=27 paint_us=35 encode_us=13 acquire_us=11148 submit_us=4948 skipped=0 gpu_q=1 gpu_total_us=4614 gpu_prepass_us=0 gpu_main_us=4614 gpu_composite_us=0 gpu_blit_us=0
[frust INFO] frust-perf img skipped=0 evicted=3 resident=60 budget=1024x1024x4
[frust INFO] frust-perf raw n=203 total_us=17055 rebuild_us=461 layout_us=28 paint_us=36 encode_us=10 acquire_us=11645 submit_us=4873 skipped=0 gpu_q=1 gpu_total_us=4579 gpu_prepass_us=0 gpu_main_us=4579 gpu_composite_us=0 gpu_blit_us=0
[frust INFO] frust-perf img skipped=0 evicted=4 resident=60 budget=1024x1024x4
[frust INFO] frust-perf raw n=204 total_us=17199 rebuild_us=504 layout_us=27 paint_us=42 encode_us=10 acquire_us=11720 submit_us=4894 skipped=0 gpu_q=1 gpu_total_us=4758 gpu_prepass_us=0 gpu_main_us=4758 gpu_composite_us=0 gpu_blit_us=0
[frust INFO] frust-perf img skipped=0 evicted=3 resident=60 budget=1024x1024x4
[frust INFO] frust-perf raw n=205 total_us=16713 rebuild_us=517 layout_us=27 paint_us=29 encode_us=6 acquire_us=11679 submit_us=4452 skipped=0 gpu_q=1 gpu_total_us=4713 gpu_prepass_us=0 gpu_main_us=4713 gpu_composite_us=0 gpu_blit_us=0
[frust INFO] frust-perf img skipped=0 evicted=3 resident=60 budget=1024x1024x4
[frust INFO] frust-perf raw n=206 total_us=18208 rebuild_us=556 layout_us=24 paint_us=35 encode_us=5 acquire_us=12266 submit_us=5319 skipped=0 gpu_q=1 gpu_total_us=4656 gpu_prepass_us=0 gpu_main_us=4656 gpu_composite_us=0 gpu_blit_us=0
[frust INFO] frust-perf img skipped=0 evicted=3 resident=60 budget=1024x1024x4
[frust INFO] frust-perf raw n=207 total_us=17231 rebuild_us=573 layout_us=26 paint_us=36 encode_us=8 acquire_us=11481 submit_us=5104 skipped=0 gpu_q=1 gpu_total_us=4629 gpu_prepass_us=0 gpu_main_us=4629 gpu_composite_us=0 gpu_blit_us=0
[frust INFO] frust-perf img skipped=0 evicted=3 resident=60 budget=1024x1024x4
[frust INFO] frust-perf raw n=208 total_us=16959 rebuild_us=573 layout_us=21 paint_us=34 encode_us=11 acquire_us=11560 submit_us=4758 skipped=0 gpu_q=1 gpu_total_us=4654 gpu_prepass_us=0 gpu_main_us=4654 gpu_composite_us=0 gpu_blit_us=0
[frust INFO] frust-perf img skipped=0 evicted=4 resident=60 budget=1024x1024x4
[frust INFO] frust-perf raw n=209 total_us=16642 rebuild_us=188 layout_us=9 paint_us=12 encode_us=14 acquire_us=11514 submit_us=4903 skipped=0 gpu_q=1 gpu_total_us=4521 gpu_prepass_us=0 gpu_main_us=4521 gpu_composite_us=0 gpu_blit_us=0
[frust INFO] frust-perf img skipped=0 evicted=3 resident=60 budget=1024x1024x4
[frust INFO] frust-perf raw n=210 total_us=17043 rebuild_us=752 layout_us=25 paint_us=30 encode_us=13 acquire_us=11644 submit_us=4577 skipped=0 gpu_q=1 gpu_total_us=4693 gpu_prepass_us=0 gpu_main_us=4693 gpu_composite_us=0 gpu_blit_us=0
[frust INFO] frust-perf img skipped=0 evicted=3 resident=60 budget=1024x1024x4
[frust INFO] frust-perf raw n=211 total_us=17659 rebuild_us=487 layout_us=19 paint_us=33 encode_us=7 acquire_us=12101 submit_us=5009 skipped=0 gpu_q=1 gpu_total_us=4719 gpu_prepass_us=0 gpu_main_us=4719 gpu_composite_us=0 gpu_blit_us=0
[frust INFO] frust-perf img skipped=0 evicted=3 resident=60 budget=1024x1024x4
[frust INFO] frust-perf raw n=212 total_us=17070 rebuild_us=543 layout_us=19 paint_us=39 encode_us=15 acquire_us=11544 submit_us=4908 skipped=0 gpu_q=1 gpu_total_us=4631 gpu_prepass_us=0 gpu_main_us=4631 gpu_composite_us=0 gpu_blit_us=0
[frust INFO] frust-perf img skipped=0 evicted=3 resident=60 budget=1024x1024x4
[frust INFO] frust-perf raw n=213 total_us=17282 rebuild_us=487 layout_us=24 paint_us=33 encode_us=6 acquire_us=11881 submit_us=4849 skipped=0 gpu_q=1 gpu_total_us=4553 gpu_prepass_us=0 gpu_main_us=4553 gpu_composite_us=0 gpu_blit_us=0
[frust INFO] frust-perf img skipped=0 evicted=4 resident=60 budget=1024x1024x4
[frust INFO] frust-perf raw n=214 total_us=17712 rebuild_us=563 layout_us=26 paint_us=37 encode_us=6 acquire_us=11613 submit_us=5465 skipped=0 gpu_q=1 gpu_total_us=4634 gpu_prepass_us=0 gpu_main_us=4634 gpu_composite_us=0 gpu_blit_us=0
[frust INFO] frust-perf img skipped=0 evicted=3 resident=60 budget=1024x1024x4
[frust INFO] frust-perf raw n=215 total_us=16629 rebuild_us=545 layout_us=26 paint_us=40 encode_us=14 acquire_us=11116 submit_us=4886 skipped=0 gpu_q=1 gpu_total_us=4654 gpu_prepass_us=0 gpu_main_us=4654 gpu_composite_us=0 gpu_blit_us=0
[frust INFO] frust-perf img skipped=0 evicted=3 resident=60 budget=1024x1024x4
[frust INFO] frust-perf raw n=216 total_us=17176 rebuild_us=483 layout_us=20 paint_us=33 encode_us=9 acquire_us=11792 submit_us=4837 skipped=0 gpu_q=1 gpu_total_us=4558 gpu_prepass_us=0 gpu_main_us=4558 gpu_composite_us=0 gpu_blit_us=0
[frust INFO] frust-perf img skipped=0 evicted=3 resident=60 budget=1024x1024x4
[frust INFO] frust-perf raw n=217 total_us=17015 rebuild_us=518 layout_us=30 paint_us=36 encode_us=8 acquire_us=11647 submit_us=4774 skipped=0 gpu_q=1 gpu_total_us=4640 gpu_prepass_us=0 gpu_main_us=4640 gpu_composite_us=0 gpu_blit_us=0
[frust INFO] frust-perf img skipped=0 evicted=3 resident=60 budget=1024x1024x4
[frust INFO] frust-perf raw n=218 total_us=17428 rebuild_us=482 layout_us=20 paint_us=29 encode_us=9 acquire_us=12096 submit_us=4789 skipped=0 gpu_q=1 gpu_total_us=4610 gpu_prepass_us=0 gpu_main_us=4610 gpu_composite_us=0 gpu_blit_us=0
[frust INFO] frust-perf img skipped=0 evicted=4 resident=60 budget=1024x1024x4
[frust INFO] frust-perf raw n=219 total_us=17501 rebuild_us=489 layout_us=25 paint_us=36 encode_us=11 acquire_us=11643 submit_us=5296 skipped=0 gpu_q=1 gpu_total_us=4699 gpu_prepass_us=0 gpu_main_us=4699 gpu_composite_us=0 gpu_blit_us=0
[frust INFO] frust-perf img skipped=0 evicted=3 resident=60 budget=1024x1024x4
[frust INFO] frust-perf raw n=220 total_us=16487 rebuild_us=443 layout_us=24 paint_us=38 encode_us=6 acquire_us=11347 submit_us=4626 skipped=0 gpu_q=1 gpu_total_us=4675 gpu_prepass_us=0 gpu_main_us=4675 gpu_composite_us=0 gpu_blit_us=0
[frust INFO] frust-perf img skipped=0 evicted=3 resident=60 budget=1024x1024x4
[frust INFO] frust-perf raw n=221 total_us=17626 rebuild_us=567 layout_us=27 paint_us=36 encode_us=5 acquire_us=12020 submit_us=4968 skipped=0 gpu_q=1 gpu_total_us=4637 gpu_prepass_us=0 gpu_main_us=4637 gpu_composite_us=0 gpu_blit_us=0
[frust INFO] frust-perf img skipped=0 evicted=3 resident=60 budget=1024x1024x4
[frust INFO] frust-perf raw n=222 total_us=16854 rebuild_us=539 layout_us=24 paint_us=40 encode_us=10 acquire_us=11565 submit_us=4673 skipped=0 gpu_q=1 gpu_total_us=4643 gpu_prepass_us=0 gpu_main_us=4643 gpu_composite_us=0 gpu_blit_us=0
[frust INFO] frust-perf img skipped=0 evicted=3 resident=60 budget=1024x1024x4
[frust INFO] frust-perf raw n=223 total_us=17207 rebuild_us=482 layout_us=26 paint_us=29 encode_us=12 acquire_us=12119 submit_us=4537 skipped=0 gpu_q=1 gpu_total_us=4635 gpu_prepass_us=0 gpu_main_us=4635 gpu_composite_us=0 gpu_blit_us=0
[frust INFO] frust-perf img skipped=0 evicted=4 resident=60 budget=1024x1024x4
[frust INFO] frust-perf raw n=224 total_us=17937 rebuild_us=482 layout_us=21 paint_us=35 encode_us=9 acquire_us=11906 submit_us=5482 skipped=0 gpu_q=1 gpu_total_us=4502 gpu_prepass_us=0 gpu_main_us=4502 gpu_composite_us=0 gpu_blit_us=0
[frust INFO] frust-perf img skipped=0 evicted=3 resident=60 budget=1024x1024x4
[frust INFO] frust-perf raw n=225 total_us=16496 rebuild_us=496 layout_us=28 paint_us=31 encode_us=9 acquire_us=11130 submit_us=4800 skipped=0 gpu_q=1 gpu_total_us=4641 gpu_prepass_us=0 gpu_main_us=4641 gpu_composite_us=0 gpu_blit_us=0
[frust INFO] frust-perf img skipped=0 evicted=3 resident=60 budget=1024x1024x4
[frust INFO] frust-perf raw n=226 total_us=17253 rebuild_us=456 layout_us=24 paint_us=34 encode_us=9 acquire_us=11807 submit_us=4920 skipped=0 gpu_q=1 gpu_total_us=4688 gpu_prepass_us=0 gpu_main_us=4688 gpu_composite_us=0 gpu_blit_us=0
[frust INFO] frust-perf img skipped=0 evicted=3 resident=60 budget=1024x1024x4
[frust INFO] frust-perf raw n=227 total_us=17396 rebuild_us=472 layout_us=28 paint_us=38 encode_us=10 acquire_us=11947 submit_us=4898 skipped=0 gpu_q=1 gpu_total_us=4654 gpu_prepass_us=0 gpu_main_us=4654 gpu_composite_us=0 gpu_blit_us=0
[frust INFO] frust-perf img skipped=0 evicted=3 resident=60 budget=1024x1024x4
[frust INFO] frust-perf raw n=228 total_us=16790 rebuild_us=495 layout_us=22 paint_us=30 encode_us=14 acquire_us=11456 submit_us=4770 skipped=0 gpu_q=1 gpu_total_us=4559 gpu_prepass_us=0 gpu_main_us=4559 gpu_composite_us=0 gpu_blit_us=0
[frust INFO] frust-perf img skipped=0 evicted=4 resident=60 budget=1024x1024x4
[frust INFO] frust-perf raw n=229 total_us=17695 rebuild_us=545 layout_us=27 paint_us=37 encode_us=9 acquire_us=11891 submit_us=5184 skipped=0 gpu_q=1 gpu_total_us=4739 gpu_prepass_us=0 gpu_main_us=4739 gpu_composite_us=0 gpu_blit_us=0
[frust INFO] frust-perf img skipped=0 evicted=3 resident=60 budget=1024x1024x4
[frust INFO] frust-perf raw n=230 total_us=16665 rebuild_us=501 layout_us=25 paint_us=30 encode_us=10 acquire_us=11366 submit_us=4730 skipped=0 gpu_q=1 gpu_total_us=4634 gpu_prepass_us=0 gpu_main_us=4634 gpu_composite_us=0 gpu_blit_us=0
[frust INFO] frust-perf img skipped=0 evicted=3 resident=60 budget=1024x1024x4
[frust INFO] frust-perf raw n=231 total_us=17203 rebuild_us=491 layout_us=20 paint_us=33 encode_us=13 acquire_us=11852 submit_us=4792 skipped=0 gpu_q=1 gpu_total_us=4655 gpu_prepass_us=0 gpu_main_us=4655 gpu_composite_us=0 gpu_blit_us=0
[frust INFO] frust-perf img skipped=0 evicted=3 resident=60 budget=1024x1024x4
[frust INFO] frust-perf raw n=232 total_us=17356 rebuild_us=458 layout_us=25 paint_us=33 encode_us=10 acquire_us=11811 submit_us=5017 skipped=0 gpu_q=1 gpu_total_us=4622 gpu_prepass_us=0 gpu_main_us=4622 gpu_composite_us=0 gpu_blit_us=0
[frust INFO] frust-perf img skipped=0 evicted=3 resident=60 budget=1024x1024x4
[frust INFO] frust-perf raw n=233 total_us=16916 rebuild_us=475 layout_us=25 paint_us=38 encode_us=9 acquire_us=11635 submit_us=4732 skipped=0 gpu_q=1 gpu_total_us=4588 gpu_prepass_us=0 gpu_main_us=4588 gpu_composite_us=0 gpu_blit_us=0
[frust INFO] frust-perf img skipped=0 evicted=4 resident=60 budget=1024x1024x4
[frust INFO] frust-perf raw n=234 total_us=17741 rebuild_us=498 layout_us=25 paint_us=36 encode_us=9 acquire_us=11812 submit_us=5358 skipped=0 gpu_q=1 gpu_total_us=4691 gpu_prepass_us=0 gpu_main_us=4691 gpu_composite_us=0 gpu_blit_us=0
[frust INFO] frust-perf img skipped=0 evicted=3 resident=60 budget=1024x1024x4
[frust INFO] frust-perf raw n=235 total_us=16651 rebuild_us=513 layout_us=30 paint_us=37 encode_us=12 acquire_us=11231 submit_us=4827 skipped=0 gpu_q=1 gpu_total_us=4627 gpu_prepass_us=0 gpu_main_us=4627 gpu_composite_us=0 gpu_blit_us=0
[frust INFO] frust-perf img skipped=0 evicted=3 resident=60 budget=1024x1024x4
[frust INFO] frust-perf raw n=236 total_us=17476 rebuild_us=557 layout_us=25 paint_us=38 encode_us=10 acquire_us=11886 submit_us=4958 skipped=0 gpu_q=1 gpu_total_us=4647 gpu_prepass_us=0 gpu_main_us=4647 gpu_composite_us=0 gpu_blit_us=0
[frust INFO] frust-perf img skipped=0 evicted=3 resident=60 budget=1024x1024x4
[frust INFO] frust-perf raw n=237 total_us=17168 rebuild_us=484 layout_us=21 paint_us=32 encode_us=9 acquire_us=11823 submit_us=4797 skipped=0 gpu_q=1 gpu_total_us=4627 gpu_prepass_us=0 gpu_main_us=4627 gpu_composite_us=0 gpu_blit_us=0
[frust INFO] frust-perf img skipped=0 evicted=3 resident=60 budget=1024x1024x4
[frust INFO] frust-perf raw n=238 total_us=16971 rebuild_us=523 layout_us=25 paint_us=36 encode_us=9 acquire_us=11541 submit_us=4836 skipped=0 gpu_q=1 gpu_total_us=4656 gpu_prepass_us=0 gpu_main_us=4656 gpu_composite_us=0 gpu_blit_us=0
[frust INFO] frust-perf img skipped=0 evicted=4 resident=60 budget=1024x1024x4
[frust INFO] frust-perf raw n=239 total_us=17772 rebuild_us=503 layout_us=25 paint_us=33 encode_us=12 acquire_us=11726 submit_us=5471 skipped=0 gpu_q=1 gpu_total_us=4651 gpu_prepass_us=0 gpu_main_us=4651 gpu_composite_us=0 gpu_blit_us=0
[frust INFO] frust-perf frame n=120 total_p50_ms=17 total_p95_ms=17 total_p99_ms=18 rebuild_p95_ms=0 layout_p95_ms=0 paint_p95_ms=0 encode_p95_ms=0 acquire_p95_ms=12 submit_p95_ms=5 over_60hz=186 over_120hz=237 skipped=0 total_frames=239
[frust INFO] frust-perf img skipped=0 evicted=3 resident=60 budget=1024x1024x4
[frust INFO] frust-perf enc n=240 w=60 validate_us=3.6 prepare_us=4.0 classify_us=11.1 admit_us=0.4 walk_us=1423.0 glyphs_us=106.7 finish_us=3.4 compile_us=1504.9 schedule_us=5.3 paints_us=19.2 instances_us=77.4 resize_us=3.8 upload_us=1837.4 replay_us=0.8 pipelines_us=20.7 record_us=37.2 total_us=3496.2 total_p95_us=4077.3 draws=29 strips=2111 alphas=51696 glyph_draws=17 atlas_glyphs=17
[frust INFO] frust-perf raw n=240 total_us=16392 rebuild_us=502 layout_us=29 paint_us=35 encode_us=11 acquire_us=11054 submit_us=4759 skipped=0 gpu_q=1 gpu_total_us=4731 gpu_prepass_us=0 gpu_main_us=4731 gpu_composite_us=0 gpu_blit_us=0
[frust INFO] frust-perf img skipped=0 evicted=3 resident=60 budget=1024x1024x4
[frust INFO] frust-perf raw n=241 total_us=17217 rebuild_us=492 layout_us=29 paint_us=35 encode_us=9 acquire_us=11876 submit_us=4775 skipped=0 gpu_q=1 gpu_total_us=4662 gpu_prepass_us=0 gpu_main_us=4662 gpu_composite_us=0 gpu_blit_us=0
[frust INFO] frust-perf img skipped=0 evicted=3 resident=60 budget=1024x1024x4
[frust INFO] frust-perf raw n=242 total_us=17338 rebuild_us=502 layout_us=25 paint_us=33 encode_us=9 acquire_us=12111 submit_us=4657 skipped=0 gpu_q=1 gpu_total_us=4562 gpu_prepass_us=0 gpu_main_us=4562 gpu_composite_us=0 gpu_blit_us=0
[frust INFO] frust-perf img skipped=0 evicted=3 resident=60 budget=1024x1024x4
[frust INFO] frust-perf raw n=243 total_us=17243 rebuild_us=473 layout_us=26 paint_us=30 encode_us=6 acquire_us=11670 submit_us=5035 skipped=0 gpu_q=1 gpu_total_us=4631 gpu_prepass_us=0 gpu_main_us=4631 gpu_composite_us=0 gpu_blit_us=0
[frust INFO] frust-perf img skipped=0 evicted=4 resident=60 budget=1024x1024x4
[frust INFO] frust-perf raw n=244 total_us=17334 rebuild_us=527 layout_us=24 paint_us=36 encode_us=11 acquire_us=11622 submit_us=5113 skipped=0 gpu_q=1 gpu_total_us=4601 gpu_prepass_us=0 gpu_main_us=4601 gpu_composite_us=0 gpu_blit_us=0
[frust INFO] frust-perf img skipped=0 evicted=3 resident=60 budget=1024x1024x4
[frust INFO] frust-perf raw n=245 total_us=16746 rebuild_us=446 layout_us=23 paint_us=36 encode_us=6 acquire_us=11411 submit_us=4823 skipped=0 gpu_q=1 gpu_total_us=4692 gpu_prepass_us=0 gpu_main_us=4692 gpu_composite_us=0 gpu_blit_us=0
[frust INFO] frust-perf img skipped=0 evicted=3 resident=60 budget=1024x1024x4
[frust INFO] frust-perf raw n=246 total_us=17054 rebuild_us=508 layout_us=24 paint_us=39 encode_us=10 acquire_us=11875 submit_us=4594 skipped=0 gpu_q=1 gpu_total_us=4559 gpu_prepass_us=0 gpu_main_us=4559 gpu_composite_us=0 gpu_blit_us=0
[frust INFO] frust-perf img skipped=0 evicted=3 resident=60 budget=1024x1024x4
[frust INFO] frust-perf raw n=247 total_us=17247 rebuild_us=460 layout_us=27 paint_us=37 encode_us=9 acquire_us=12286 submit_us=4426 skipped=0 gpu_q=1 gpu_total_us=4722 gpu_prepass_us=0 gpu_main_us=4722 gpu_composite_us=0 gpu_blit_us=0
[frust INFO] frust-perf img skipped=0 evicted=3 resident=60 budget=1024x1024x4
[frust INFO] frust-perf raw n=248 total_us=17533 rebuild_us=551 layout_us=19 paint_us=31 encode_us=6 acquire_us=11914 submit_us=5010 skipped=0 gpu_q=1 gpu_total_us=4759 gpu_prepass_us=0 gpu_main_us=4759 gpu_composite_us=0 gpu_blit_us=0
[frust INFO] frust-perf img skipped=0 evicted=4 resident=60 budget=1024x1024x4
[frust INFO] frust-perf raw n=249 total_us=17648 rebuild_us=524 layout_us=23 paint_us=33 encode_us=8 acquire_us=11916 submit_us=5142 skipped=0 gpu_q=1 gpu_total_us=4676 gpu_prepass_us=0 gpu_main_us=4676 gpu_composite_us=0 gpu_blit_us=0
[frust INFO] frust-perf img skipped=0 evicted=3 resident=60 budget=1024x1024x4
[frust INFO] frust-perf raw n=250 total_us=17089 rebuild_us=497 layout_us=20 paint_us=36 encode_us=6 acquire_us=11172 submit_us=5356 skipped=0 gpu_q=1 gpu_total_us=4635 gpu_prepass_us=0 gpu_main_us=4635 gpu_composite_us=0 gpu_blit_us=0
[frust INFO] frust-perf img skipped=0 evicted=3 resident=60 budget=1024x1024x4
[frust INFO] frust-perf raw n=251 total_us=16759 rebuild_us=551 layout_us=28 paint_us=36 encode_us=11 acquire_us=11182 submit_us=4949 skipped=0 gpu_q=1 gpu_total_us=4731 gpu_prepass_us=0 gpu_main_us=4731 gpu_composite_us=0 gpu_blit_us=0
[frust INFO] frust-perf img skipped=0 evicted=3 resident=60 budget=1024x1024x4
[frust INFO] frust-perf raw n=252 total_us=16964 rebuild_us=464 layout_us=25 paint_us=25 encode_us=6 acquire_us=11749 submit_us=4692 skipped=0 gpu_q=1 gpu_total_us=4598 gpu_prepass_us=0 gpu_main_us=4598 gpu_composite_us=0 gpu_blit_us=0
[frust INFO] frust-perf img skipped=0 evicted=3 resident=60 budget=1024x1024x4
[frust INFO] frust-perf raw n=253 total_us=17582 rebuild_us=534 layout_us=28 paint_us=38 encode_us=7 acquire_us=11922 submit_us=5050 skipped=0 gpu_q=1 gpu_total_us=4680 gpu_prepass_us=0 gpu_main_us=4680 gpu_composite_us=0 gpu_blit_us=0
[frust INFO] frust-perf img skipped=0 evicted=3 resident=60 budget=1024x1024x4
[frust INFO] frust-perf raw n=254 total_us=17121 rebuild_us=588 layout_us=29 paint_us=36 encode_us=11 acquire_us=11877 submit_us=4578 skipped=0 gpu_q=1 gpu_total_us=4599 gpu_prepass_us=0 gpu_main_us=4599 gpu_composite_us=0 gpu_blit_us=0
[frust INFO] frust-perf img skipped=0 evicted=4 resident=60 budget=1024x1024x4
[frust INFO] frust-perf raw n=255 total_us=18130 rebuild_us=451 layout_us=25 paint_us=32 encode_us=13 acquire_us=11961 submit_us=5646 skipped=0 gpu_q=1 gpu_total_us=4610 gpu_prepass_us=0 gpu_main_us=4610 gpu_composite_us=0 gpu_blit_us=0
[frust INFO] frust-perf img skipped=0 evicted=3 resident=60 budget=1024x1024x4
[frust INFO] frust-perf raw n=256 total_us=16215 rebuild_us=493 layout_us=25 paint_us=35 encode_us=13 acquire_us=10675 submit_us=4972 skipped=0 gpu_q=1 gpu_total_us=4715 gpu_prepass_us=0 gpu_main_us=4715 gpu_composite_us=0 gpu_blit_us=0
[frust INFO] frust-perf img skipped=0 evicted=3 resident=60 budget=1024x1024x4
[frust INFO] frust-perf raw n=257 total_us=17079 rebuild_us=550 layout_us=29 paint_us=40 encode_us=9 acquire_us=11688 submit_us=4761 skipped=0 gpu_q=1 gpu_total_us=4666 gpu_prepass_us=0 gpu_main_us=4666 gpu_composite_us=0 gpu_blit_us=0
[frust INFO] frust-perf img skipped=0 evicted=3 resident=60 budget=1024x1024x4
[frust INFO] frust-perf raw n=258 total_us=17252 rebuild_us=485 layout_us=27 paint_us=40 encode_us=9 acquire_us=11787 submit_us=4902 skipped=0 gpu_q=1 gpu_total_us=4649 gpu_prepass_us=0 gpu_main_us=4649 gpu_composite_us=0 gpu_blit_us=0
[frust INFO] frust-perf img skipped=0 evicted=3 resident=60 budget=1024x1024x4
[frust INFO] frust-perf raw n=259 total_us=17275 rebuild_us=487 layout_us=24 paint_us=35 encode_us=9 acquire_us=12019 submit_us=4699 skipped=0 gpu_q=1 gpu_total_us=4613 gpu_prepass_us=0 gpu_main_us=4613 gpu_composite_us=0 gpu_blit_us=0
[frust INFO] frust-perf img skipped=0 evicted=4 resident=60 budget=1024x1024x4
[frust INFO] frust-perf raw n=260 total_us=17725 rebuild_us=501 layout_us=25 paint_us=37 encode_us=10 acquire_us=11634 submit_us=5515 skipped=0 gpu_q=1 gpu_total_us=4673 gpu_prepass_us=0 gpu_main_us=4673 gpu_composite_us=0 gpu_blit_us=0
[frust INFO] frust-perf img skipped=0 evicted=3 resident=60 budget=1024x1024x4
[frust INFO] frust-perf raw n=261 total_us=16443 rebuild_us=500 layout_us=25 paint_us=38 encode_us=9 acquire_us=11047 submit_us=4822 skipped=0 gpu_q=1 gpu_total_us=4716 gpu_prepass_us=0 gpu_main_us=4716 gpu_composite_us=0 gpu_blit_us=0
[frust INFO] frust-perf img skipped=0 evicted=3 resident=60 budget=1024x1024x4
[frust INFO] frust-perf raw n=262 total_us=17206 rebuild_us=476 layout_us=25 paint_us=35 encode_us=9 acquire_us=11813 submit_us=4847 skipped=0 gpu_q=1 gpu_total_us=4685 gpu_prepass_us=0 gpu_main_us=4685 gpu_composite_us=0 gpu_blit_us=0
[frust INFO] frust-perf img skipped=0 evicted=3 resident=60 budget=1024x1024x4
[frust INFO] frust-perf raw n=263 total_us=16973 rebuild_us=504 layout_us=24 paint_us=39 encode_us=9 acquire_us=11654 submit_us=4740 skipped=0 gpu_q=1 gpu_total_us=4614 gpu_prepass_us=0 gpu_main_us=4614 gpu_composite_us=0 gpu_blit_us=0
[frust INFO] frust-perf img skipped=0 evicted=3 resident=60 budget=1024x1024x4
[frust INFO] frust-perf raw n=264 total_us=17337 rebuild_us=460 layout_us=23 paint_us=31 encode_us=9 acquire_us=12126 submit_us=4685 skipped=0 gpu_q=1 gpu_total_us=4617 gpu_prepass_us=0 gpu_main_us=4617 gpu_composite_us=0 gpu_blit_us=0
[frust INFO] frust-perf img skipped=0 evicted=4 resident=60 budget=1024x1024x4
[frust INFO] frust-perf raw n=265 total_us=17673 rebuild_us=443 layout_us=22 paint_us=36 encode_us=13 acquire_us=11774 submit_us=5383 skipped=0 gpu_q=1 gpu_total_us=4651 gpu_prepass_us=0 gpu_main_us=4651 gpu_composite_us=0 gpu_blit_us=0
[frust INFO] frust-perf img skipped=0 evicted=3 resident=60 budget=1024x1024x4
[frust INFO] frust-perf raw n=266 total_us=16652 rebuild_us=522 layout_us=20 paint_us=38 encode_us=13 acquire_us=11123 submit_us=4934 skipped=0 gpu_q=1 gpu_total_us=4661 gpu_prepass_us=0 gpu_main_us=4661 gpu_composite_us=0 gpu_blit_us=0
[frust INFO] frust-perf img skipped=0 evicted=3 resident=60 budget=1024x1024x4
[frust INFO] frust-perf raw n=267 total_us=17476 rebuild_us=508 layout_us=25 paint_us=35 encode_us=13 acquire_us=11737 submit_us=5157 skipped=0 gpu_q=1 gpu_total_us=4680 gpu_prepass_us=0 gpu_main_us=4680 gpu_composite_us=0 gpu_blit_us=0
[frust INFO] frust-perf img skipped=0 evicted=3 resident=60 budget=1024x1024x4
[frust INFO] frust-perf raw n=268 total_us=17004 rebuild_us=500 layout_us=24 paint_us=37 encode_us=10 acquire_us=11482 submit_us=4949 skipped=0 gpu_q=1 gpu_total_us=4657 gpu_prepass_us=0 gpu_main_us=4657 gpu_composite_us=0 gpu_blit_us=0
[frust INFO] frust-perf img skipped=0 evicted=3 resident=60 budget=1024x1024x4
[frust INFO] frust-perf raw n=269 total_us=17310 rebuild_us=517 layout_us=21 paint_us=37 encode_us=9 acquire_us=11785 submit_us=4940 skipped=0 gpu_q=1 gpu_total_us=4559 gpu_prepass_us=0 gpu_main_us=4559 gpu_composite_us=0 gpu_blit_us=0
[frust INFO] frust-perf img skipped=0 evicted=4 resident=60 budget=1024x1024x4
[frust INFO] frust-perf raw n=270 total_us=17501 rebuild_us=496 layout_us=21 paint_us=37 encode_us=10 acquire_us=11435 submit_us=5500 skipped=0 gpu_q=1 gpu_total_us=4632 gpu_prepass_us=0 gpu_main_us=4632 gpu_composite_us=0 gpu_blit_us=0
[frust INFO] frust-perf img skipped=0 evicted=3 resident=60 budget=1024x1024x4
[frust INFO] frust-perf raw n=271 total_us=16569 rebuild_us=480 layout_us=20 paint_us=34 encode_us=9 acquire_us=11222 submit_us=4802 skipped=0 gpu_q=1 gpu_total_us=4670 gpu_prepass_us=0 gpu_main_us=4670 gpu_composite_us=0 gpu_blit_us=0
[frust INFO] frust-perf img skipped=0 evicted=3 resident=60 budget=1024x1024x4
[frust INFO] frust-perf raw n=272 total_us=17350 rebuild_us=571 layout_us=28 paint_us=30 encode_us=13 acquire_us=11887 submit_us=4818 skipped=0 gpu_q=1 gpu_total_us=4659 gpu_prepass_us=0 gpu_main_us=4659 gpu_composite_us=0 gpu_blit_us=0
[frust INFO] frust-perf img skipped=0 evicted=3 resident=60 budget=1024x1024x4
[frust INFO] frust-perf raw n=273 total_us=17203 rebuild_us=458 layout_us=25 paint_us=34 encode_us=10 acquire_us=11699 submit_us=4974 skipped=0 gpu_q=1 gpu_total_us=4667 gpu_prepass_us=0 gpu_main_us=4667 gpu_composite_us=0 gpu_blit_us=0
[frust INFO] frust-perf img skipped=0 evicted=3 resident=60 budget=1024x1024x4
[frust INFO] frust-perf raw n=274 total_us=17377 rebuild_us=495 layout_us=26 paint_us=34 encode_us=10 acquire_us=11796 submit_us=5014 skipped=0 gpu_q=1 gpu_total_us=4614 gpu_prepass_us=0 gpu_main_us=4614 gpu_composite_us=0 gpu_blit_us=0
[frust INFO] frust-perf img skipped=0 evicted=4 resident=60 budget=1024x1024x4
[frust INFO] frust-perf raw n=275 total_us=17619 rebuild_us=536 layout_us=29 paint_us=37 encode_us=10 acquire_us=11386 submit_us=5620 skipped=0 gpu_q=1 gpu_total_us=4552 gpu_prepass_us=0 gpu_main_us=4552 gpu_composite_us=0 gpu_blit_us=0
[frust INFO] frust-perf img skipped=0 evicted=3 resident=60 budget=1024x1024x4
[frust INFO] frust-perf raw n=276 total_us=16761 rebuild_us=526 layout_us=25 paint_us=38 encode_us=10 acquire_us=11034 submit_us=5126 skipped=0 gpu_q=1 gpu_total_us=4712 gpu_prepass_us=0 gpu_main_us=4712 gpu_composite_us=0 gpu_blit_us=0
[frust INFO] frust-perf img skipped=0 evicted=3 resident=60 budget=1024x1024x4
[frust INFO] frust-perf raw n=277 total_us=16999 rebuild_us=546 layout_us=26 paint_us=36 encode_us=9 acquire_us=11364 submit_us=5016 skipped=0 gpu_q=1 gpu_total_us=4660 gpu_prepass_us=0 gpu_main_us=4660 gpu_composite_us=0 gpu_blit_us=0
[frust INFO] frust-perf img skipped=0 evicted=3 resident=60 budget=1024x1024x4
[frust INFO] frust-perf raw n=278 total_us=16977 rebuild_us=496 layout_us=28 paint_us=32 encode_us=10 acquire_us=11494 submit_us=4914 skipped=0 gpu_q=1 gpu_total_us=4657 gpu_prepass_us=0 gpu_main_us=4657 gpu_composite_us=0 gpu_blit_us=0
[frust INFO] frust-perf img skipped=0 evicted=3 resident=60 budget=1024x1024x4
[frust INFO] frust-perf raw n=279 total_us=17215 rebuild_us=511 layout_us=27 paint_us=34 encode_us=9 acquire_us=12078 submit_us=4553 skipped=0 gpu_q=1 gpu_total_us=4695 gpu_prepass_us=0 gpu_main_us=4695 gpu_composite_us=0 gpu_blit_us=0
[frust INFO] frust-perf img skipped=0 evicted=4 resident=60 budget=1024x1024x4
[frust INFO] frust-perf raw n=280 total_us=18205 rebuild_us=515 layout_us=28 paint_us=35 encode_us=5 acquire_us=11901 submit_us=5718 skipped=0 gpu_q=1 gpu_total_us=4642 gpu_prepass_us=0 gpu_main_us=4642 gpu_composite_us=0 gpu_blit_us=0
[frust INFO] frust-perf img skipped=0 evicted=3 resident=60 budget=1024x1024x4
[frust INFO] frust-perf raw n=281 total_us=16528 rebuild_us=542 layout_us=26 paint_us=39 encode_us=5 acquire_us=10928 submit_us=4985 skipped=0 gpu_q=1 gpu_total_us=4703 gpu_prepass_us=0 gpu_main_us=4703 gpu_composite_us=0 gpu_blit_us=0
[frust INFO] frust-perf img skipped=0 evicted=3 resident=60 budget=1024x1024x4
[frust INFO] frust-perf raw n=282 total_us=17091 rebuild_us=615 layout_us=26 paint_us=33 encode_us=6 acquire_us=11666 submit_us=4743 skipped=0 gpu_q=1 gpu_total_us=4546 gpu_prepass_us=0 gpu_main_us=4546 gpu_composite_us=0 gpu_blit_us=0
[frust INFO] frust-perf img skipped=0 evicted=3 resident=60 budget=1024x1024x4
[frust INFO] frust-perf raw n=283 total_us=17593 rebuild_us=584 layout_us=28 paint_us=35 encode_us=5 acquire_us=11825 submit_us=5114 skipped=0 gpu_q=1 gpu_total_us=4556 gpu_prepass_us=0 gpu_main_us=4556 gpu_composite_us=0 gpu_blit_us=0
[frust INFO] frust-perf img skipped=0 evicted=3 resident=60 budget=1024x1024x4
[frust INFO] frust-perf raw n=284 total_us=16911 rebuild_us=570 layout_us=20 paint_us=36 encode_us=14 acquire_us=11642 submit_us=4626 skipped=0 gpu_q=1 gpu_total_us=4651 gpu_prepass_us=0 gpu_main_us=4651 gpu_composite_us=0 gpu_blit_us=0
[frust INFO] frust-perf img skipped=0 evicted=4 resident=60 budget=1024x1024x4
[frust INFO] frust-perf raw n=285 total_us=17598 rebuild_us=461 layout_us=29 paint_us=31 encode_us=13 acquire_us=11723 submit_us=5338 skipped=0 gpu_q=1 gpu_total_us=4490 gpu_prepass_us=0 gpu_main_us=4490 gpu_composite_us=0 gpu_blit_us=0
[frust INFO] frust-perf img skipped=0 evicted=3 resident=60 budget=1024x1024x4
[frust INFO] frust-perf raw n=286 total_us=16814 rebuild_us=476 layout_us=24 paint_us=41 encode_us=9 acquire_us=11252 submit_us=5010 skipped=0 gpu_q=1 gpu_total_us=4611 gpu_prepass_us=0 gpu_main_us=4611 gpu_composite_us=0 gpu_blit_us=0
[frust INFO] frust-perf img skipped=0 evicted=3 resident=60 budget=1024x1024x4
[frust INFO] frust-perf raw n=287 total_us=17144 rebuild_us=513 layout_us=30 paint_us=37 encode_us=10 acquire_us=11646 submit_us=4907 skipped=0 gpu_q=1 gpu_total_us=4744 gpu_prepass_us=0 gpu_main_us=4744 gpu_composite_us=0 gpu_blit_us=0
[frust INFO] frust-perf img skipped=0 evicted=3 resident=60 budget=1024x1024x4
[frust INFO] frust-perf raw n=288 total_us=16971 rebuild_us=480 layout_us=27 paint_us=30 encode_us=13 acquire_us=11654 submit_us=4764 skipped=0 gpu_q=1 gpu_total_us=4675 gpu_prepass_us=0 gpu_main_us=4675 gpu_composite_us=0 gpu_blit_us=0
[frust INFO] frust-perf img skipped=0 evicted=3 resident=60 budget=1024x1024x4
[frust INFO] frust-perf raw n=289 total_us=17132 rebuild_us=447 layout_us=21 paint_us=33 encode_us=9 acquire_us=11999 submit_us=4621 skipped=0 gpu_q=1 gpu_total_us=4705 gpu_prepass_us=0 gpu_main_us=4705 gpu_composite_us=0 gpu_blit_us=0
[frust INFO] frust-perf img skipped=0 evicted=4 resident=60 budget=1024x1024x4
[frust INFO] frust-perf raw n=290 total_us=17626 rebuild_us=517 layout_us=28 paint_us=30 encode_us=6 acquire_us=11724 submit_us=5319 skipped=0 gpu_q=1 gpu_total_us=4622 gpu_prepass_us=0 gpu_main_us=4622 gpu_composite_us=0 gpu_blit_us=0
[frust INFO] frust-perf img skipped=0 evicted=3 resident=60 budget=1024x1024x4
[frust INFO] frust-perf raw n=291 total_us=16771 rebuild_us=517 layout_us=27 paint_us=36 encode_us=14 acquire_us=11380 submit_us=4795 skipped=0 gpu_q=1 gpu_total_us=4631 gpu_prepass_us=0 gpu_main_us=4631 gpu_composite_us=0 gpu_blit_us=0
[frust INFO] frust-perf img skipped=0 evicted=3 resident=60 budget=1024x1024x4
[frust INFO] frust-perf raw n=292 total_us=16912 rebuild_us=477 layout_us=23 paint_us=35 encode_us=10 acquire_us=11893 submit_us=4472 skipped=0 gpu_q=1 gpu_total_us=4589 gpu_prepass_us=0 gpu_main_us=4589 gpu_composite_us=0 gpu_blit_us=0
[frust INFO] frust-perf img skipped=0 evicted=3 resident=60 budget=1024x1024x4
[frust INFO] frust-perf raw n=293 total_us=17051 rebuild_us=496 layout_us=24 paint_us=30 encode_us=9 acquire_us=12046 submit_us=4443 skipped=0 gpu_q=1 gpu_total_us=4671 gpu_prepass_us=0 gpu_main_us=4671 gpu_composite_us=0 gpu_blit_us=0
[frust INFO] frust-perf img skipped=0 evicted=3 resident=60 budget=1024x1024x4
[frust INFO] frust-perf raw n=294 total_us=17840 rebuild_us=491 layout_us=27 paint_us=32 encode_us=6 acquire_us=12227 submit_us=5055 skipped=0 gpu_q=1 gpu_total_us=4623 gpu_prepass_us=0 gpu_main_us=4623 gpu_composite_us=0 gpu_blit_us=0
[frust INFO] frust-perf img skipped=0 evicted=4 resident=60 budget=1024x1024x4
[frust INFO] frust-perf raw n=295 total_us=17500 rebuild_us=530 layout_us=24 paint_us=26 encode_us=10 acquire_us=11852 submit_us=5057 skipped=0 gpu_q=1 gpu_total_us=4656 gpu_prepass_us=0 gpu_main_us=4656 gpu_composite_us=0 gpu_blit_us=0
[frust INFO] frust-perf img skipped=0 evicted=3 resident=60 budget=1024x1024x4
[frust INFO] frust-perf raw n=296 total_us=17140 rebuild_us=519 layout_us=27 paint_us=30 encode_us=7 acquire_us=11314 submit_us=5240 skipped=0 gpu_q=1 gpu_total_us=4578 gpu_prepass_us=0 gpu_main_us=4578 gpu_composite_us=0 gpu_blit_us=0
[frust INFO] frust-perf img skipped=0 evicted=3 resident=60 budget=1024x1024x4
[frust INFO] frust-perf raw n=297 total_us=16916 rebuild_us=542 layout_us=22 paint_us=37 encode_us=13 acquire_us=11377 submit_us=4922 skipped=0 gpu_q=1 gpu_total_us=4593 gpu_prepass_us=0 gpu_main_us=4593 gpu_composite_us=0 gpu_blit_us=0
[frust INFO] frust-perf img skipped=0 evicted=3 resident=60 budget=1024x1024x4
[frust INFO] frust-perf raw n=298 total_us=16893 rebuild_us=488 layout_us=20 paint_us=33 encode_us=6 acquire_us=11642 submit_us=4702 skipped=0 gpu_q=1 gpu_total_us=4657 gpu_prepass_us=0 gpu_main_us=4657 gpu_composite_us=0 gpu_blit_us=0
[frust INFO] frust-perf img skipped=0 evicted=3 resident=60 budget=1024x1024x4
[frust INFO] frust-perf raw n=299 total_us=17075 rebuild_us=516 layout_us=20 paint_us=34 encode_us=10 acquire_us=11836 submit_us=4655 skipped=0 gpu_q=1 gpu_total_us=4684 gpu_prepass_us=0 gpu_main_us=4684 gpu_composite_us=0 gpu_blit_us=0
[frust INFO] frust-perf img skipped=0 evicted=4 resident=60 budget=1024x1024x4
[frust INFO] frust-perf enc n=300 w=60 validate_us=3.5 prepare_us=4.5 classify_us=11.3 admit_us=0.4 walk_us=1417.8 glyphs_us=106.5 finish_us=3.2 compile_us=1496.5 schedule_us=5.3 paints_us=19.2 instances_us=77.1 resize_us=3.7 upload_us=1859.2 replay_us=0.8 pipelines_us=18.7 record_us=36.4 total_us=3522.9 total_p95_us=4192.5 draws=29 strips=2111 alphas=51696 glyph_draws=17 atlas_glyphs=17
[frust INFO] frust-perf raw n=300 total_us=18662 rebuild_us=493 layout_us=24 paint_us=31 encode_us=9 acquire_us=12214 submit_us=5890 skipped=0 gpu_q=1 gpu_total_us=4712 gpu_prepass_us=0 gpu_main_us=4712 gpu_composite_us=0 gpu_blit_us=0
[frust INFO] frust-perf img skipped=0 evicted=3 resident=60 budget=1024x1024x4
[frust INFO] frust-perf raw n=301 total_us=16300 rebuild_us=481 layout_us=30 paint_us=36 encode_us=9 acquire_us=10618 submit_us=5124 skipped=0 gpu_q=1 gpu_total_us=4510 gpu_prepass_us=0 gpu_main_us=4510 gpu_composite_us=0 gpu_blit_us=0
[frust INFO] frust-perf img skipped=0 evicted=3 resident=60 budget=1024x1024x4
[frust INFO] frust-perf raw n=302 total_us=16809 rebuild_us=607 layout_us=25 paint_us=36 encode_us=10 acquire_us=11475 submit_us=4654 skipped=0 gpu_q=1 gpu_total_us=4643 gpu_prepass_us=0 gpu_main_us=4643 gpu_composite_us=0 gpu_blit_us=0
[frust INFO] frust-perf img skipped=0 evicted=3 resident=60 budget=1024x1024x4
[frust INFO] frust-perf raw n=303 total_us=17134 rebuild_us=580 layout_us=29 paint_us=39 encode_us=10 acquire_us=11869 submit_us=4605 skipped=0 gpu_q=1 gpu_total_us=4656 gpu_prepass_us=0 gpu_main_us=4656 gpu_composite_us=0 gpu_blit_us=0
[frust INFO] frust-perf img skipped=0 evicted=3 resident=60 budget=1024x1024x4
[frust INFO] frust-perf raw n=304 total_us=17702 rebuild_us=546 layout_us=23 paint_us=33 encode_us=5 acquire_us=12141 submit_us=4951 skipped=0 gpu_q=1 gpu_total_us=4566 gpu_prepass_us=0 gpu_main_us=4566 gpu_composite_us=0 gpu_blit_us=0
[frust INFO] frust-perf img skipped=0 evicted=3 resident=60 budget=1024x1024x4
[frust INFO] frust-perf raw n=305 total_us=16914 rebuild_us=584 layout_us=25 paint_us=34 encode_us=15 acquire_us=11544 submit_us=4710 skipped=0 gpu_q=1 gpu_total_us=4686 gpu_prepass_us=0 gpu_main_us=4686 gpu_composite_us=0 gpu_blit_us=0
[frust INFO] frust-perf img skipped=0 evicted=4 resident=60 budget=1024x1024x4
[frust INFO] frust-perf raw n=306 total_us=18092 rebuild_us=466 layout_us=37 paint_us=33 encode_us=7 acquire_us=12029 submit_us=5517 skipped=0 gpu_q=1 gpu_total_us=4649 gpu_prepass_us=0 gpu_main_us=4649 gpu_composite_us=0 gpu_blit_us=0
[frust INFO] frust-perf img skipped=0 evicted=3 resident=60 budget=1024x1024x4
[frust INFO] frust-perf raw n=307 total_us=16427 rebuild_us=584 layout_us=29 paint_us=40 encode_us=10 acquire_us=10987 submit_us=4775 skipped=0 gpu_q=1 gpu_total_us=4692 gpu_prepass_us=0 gpu_main_us=4692 gpu_composite_us=0 gpu_blit_us=0
[frust INFO] frust-perf img skipped=0 evicted=3 resident=60 budget=1024x1024x4
[frust INFO] frust-perf raw n=308 total_us=16985 rebuild_us=535 layout_us=28 paint_us=40 encode_us=9 acquire_us=11806 submit_us=4563 skipped=0 gpu_q=1 gpu_total_us=4648 gpu_prepass_us=0 gpu_main_us=4648 gpu_composite_us=0 gpu_blit_us=0
[frust INFO] frust-perf img skipped=0 evicted=3 resident=60 budget=1024x1024x4
[frust INFO] frust-perf raw n=309 total_us=17745 rebuild_us=482 layout_us=28 paint_us=36 encode_us=6 acquire_us=12118 submit_us=5074 skipped=0 gpu_q=1 gpu_total_us=4608 gpu_prepass_us=0 gpu_main_us=4608 gpu_composite_us=0 gpu_blit_us=0
[frust INFO] frust-perf img skipped=0 evicted=3 resident=60 budget=1024x1024x4
[frust INFO] frust-perf raw n=310 total_us=17010 rebuild_us=554 layout_us=23 paint_us=35 encode_us=12 acquire_us=11509 submit_us=4876 skipped=0 gpu_q=1 gpu_total_us=4588 gpu_prepass_us=0 gpu_main_us=4588 gpu_composite_us=0 gpu_blit_us=0
[frust INFO] frust-perf img skipped=0 evicted=4 resident=60 budget=1024x1024x4
[frust INFO] frust-perf raw n=311 total_us=17432 rebuild_us=486 layout_us=28 paint_us=43 encode_us=8 acquire_us=11776 submit_us=5089 skipped=0 gpu_q=1 gpu_total_us=4605 gpu_prepass_us=0 gpu_main_us=4605 gpu_composite_us=0 gpu_blit_us=0
[frust INFO] frust-perf img skipped=0 evicted=3 resident=60 budget=1024x1024x4
[frust INFO] frust-perf raw n=312 total_us=17070 rebuild_us=461 layout_us=19 paint_us=30 encode_us=6 acquire_us=11538 submit_us=5013 skipped=0 gpu_q=1 gpu_total_us=4601 gpu_prepass_us=0 gpu_main_us=4601 gpu_composite_us=0 gpu_blit_us=0
[frust INFO] frust-perf img skipped=0 evicted=3 resident=60 budget=1024x1024x4
[frust INFO] frust-perf raw n=313 total_us=16976 rebuild_us=504 layout_us=24 paint_us=35 encode_us=11 acquire_us=11623 submit_us=4776 skipped=0 gpu_q=1 gpu_total_us=4686 gpu_prepass_us=0 gpu_main_us=4686 gpu_composite_us=0 gpu_blit_us=0
[frust INFO] frust-perf img skipped=0 evicted=3 resident=60 budget=1024x1024x4
[frust INFO] frust-perf raw n=314 total_us=16985 rebuild_us=508 layout_us=20 paint_us=29 encode_us=9 acquire_us=11765 submit_us=4652 skipped=0 gpu_q=1 gpu_total_us=4542 gpu_prepass_us=0 gpu_main_us=4542 gpu_composite_us=0 gpu_blit_us=0
[frust INFO] frust-perf img skipped=0 evicted=3 resident=60 budget=1024x1024x4
[frust INFO] frust-perf raw n=315 total_us=17536 rebuild_us=505 layout_us=27 paint_us=41 encode_us=13 acquire_us=12131 submit_us=4818 skipped=0 gpu_q=1 gpu_total_us=4510 gpu_prepass_us=0 gpu_main_us=4510 gpu_composite_us=0 gpu_blit_us=0
[frust INFO] frust-perf img skipped=0 evicted=4 resident=60 budget=1024x1024x4
[frust INFO] frust-perf raw n=316 total_us=17512 rebuild_us=495 layout_us=25 paint_us=40 encode_us=13 acquire_us=11596 submit_us=5341 skipped=0 gpu_q=1 gpu_total_us=4636 gpu_prepass_us=0 gpu_main_us=4636 gpu_composite_us=0 gpu_blit_us=0
[frust INFO] frust-perf img skipped=0 evicted=3 resident=60 budget=1024x1024x4
[frust INFO] frust-perf raw n=317 total_us=16260 rebuild_us=496 layout_us=23 paint_us=35 encode_us=10 acquire_us=11279 submit_us=4415 skipped=0 gpu_q=1 gpu_total_us=4645 gpu_prepass_us=0 gpu_main_us=4645 gpu_composite_us=0 gpu_blit_us=0
[frust INFO] frust-perf img skipped=0 evicted=3 resident=60 budget=1024x1024x4
[frust INFO] frust-perf raw n=318 total_us=17512 rebuild_us=528 layout_us=20 paint_us=37 encode_us=9 acquire_us=12244 submit_us=4672 skipped=0 gpu_q=1 gpu_total_us=4675 gpu_prepass_us=0 gpu_main_us=4675 gpu_composite_us=0 gpu_blit_us=0
[frust INFO] frust-perf img skipped=0 evicted=3 resident=60 budget=1024x1024x4
[frust INFO] frust-perf raw n=319 total_us=17410 rebuild_us=470 layout_us=23 paint_us=35 encode_us=6 acquire_us=11907 submit_us=4967 skipped=0 gpu_q=1 gpu_total_us=4687 gpu_prepass_us=0 gpu_main_us=4687 gpu_composite_us=0 gpu_blit_us=0
[frust INFO] frust-perf img skipped=0 evicted=3 resident=60 budget=1024x1024x4
[frust INFO] frust-perf raw n=320 total_us=16972 rebuild_us=538 layout_us=27 paint_us=26 encode_us=11 acquire_us=11645 submit_us=4724 skipped=0 gpu_q=1 gpu_total_us=4605 gpu_prepass_us=0 gpu_main_us=4605 gpu_composite_us=0 gpu_blit_us=0
[frust INFO] frust-perf img skipped=0 evicted=4 resident=60 budget=1024x1024x4
[frust INFO] frust-perf raw n=321 total_us=17727 rebuild_us=471 layout_us=20 paint_us=36 encode_us=13 acquire_us=12104 submit_us=5081 skipped=0 gpu_q=1 gpu_total_us=4611 gpu_prepass_us=0 gpu_main_us=4611 gpu_composite_us=0 gpu_blit_us=0
[frust INFO] frust-perf img skipped=0 evicted=3 resident=60 budget=1024x1024x4
[frust INFO] frust-perf raw n=322 total_us=16132 rebuild_us=461 layout_us=25 paint_us=34 encode_us=9 acquire_us=11273 submit_us=4327 skipped=0 gpu_q=1 gpu_total_us=4547 gpu_prepass_us=0 gpu_main_us=4547 gpu_composite_us=0 gpu_blit_us=0
[frust INFO] frust-perf img skipped=0 evicted=3 resident=60 budget=1024x1024x4
[frust INFO] frust-perf raw n=323 total_us=17968 rebuild_us=472 layout_us=27 paint_us=30 encode_us=9 acquire_us=12298 submit_us=5129 skipped=0 gpu_q=1 gpu_total_us=4616 gpu_prepass_us=0 gpu_main_us=4616 gpu_composite_us=0 gpu_blit_us=0
[frust INFO] frust-perf img skipped=0 evicted=3 resident=60 budget=1024x1024x4
[frust INFO] frust-perf raw n=324 total_us=16954 rebuild_us=484 layout_us=27 paint_us=29 encode_us=10 acquire_us=11472 submit_us=4930 skipped=0 gpu_q=1 gpu_total_us=4660 gpu_prepass_us=0 gpu_main_us=4660 gpu_composite_us=0 gpu_blit_us=0
[frust INFO] frust-perf img skipped=0 evicted=3 resident=60 budget=1024x1024x4
[frust INFO] frust-perf raw n=325 total_us=17241 rebuild_us=476 layout_us=24 paint_us=36 encode_us=9 acquire_us=11748 submit_us=4946 skipped=0 gpu_q=1 gpu_total_us=4619 gpu_prepass_us=0 gpu_main_us=4619 gpu_composite_us=0 gpu_blit_us=0
[frust INFO] frust-perf img skipped=0 evicted=4 resident=60 budget=1024x1024x4
[frust INFO] frust-perf raw n=326 total_us=17759 rebuild_us=521 layout_us=25 paint_us=36 encode_us=10 acquire_us=11594 submit_us=5571 skipped=0 gpu_q=1 gpu_total_us=4624 gpu_prepass_us=0 gpu_main_us=4624 gpu_composite_us=0 gpu_blit_us=0
[frust INFO] frust-perf img skipped=0 evicted=3 resident=60 budget=1024x1024x4
[frust INFO] frust-perf raw n=327 total_us=15960 rebuild_us=480 layout_us=23 paint_us=39 encode_us=9 acquire_us=11033 submit_us=4374 skipped=0 gpu_q=1 gpu_total_us=4602 gpu_prepass_us=0 gpu_main_us=4602 gpu_composite_us=0 gpu_blit_us=0
[frust INFO] frust-perf img skipped=0 evicted=3 resident=60 budget=1024x1024x4
[frust INFO] frust-perf raw n=328 total_us=17870 rebuild_us=479 layout_us=23 paint_us=33 encode_us=7 acquire_us=12348 submit_us=4976 skipped=0 gpu_q=1 gpu_total_us=4756 gpu_prepass_us=0 gpu_main_us=4756 gpu_composite_us=0 gpu_blit_us=0
[frust INFO] frust-perf img skipped=0 evicted=3 resident=60 budget=1024x1024x4
[frust INFO] frust-perf raw n=329 total_us=16739 rebuild_us=522 layout_us=19 paint_us=32 encode_us=13 acquire_us=11534 submit_us=4617 skipped=0 gpu_q=1 gpu_total_us=4642 gpu_prepass_us=0 gpu_main_us=4642 gpu_composite_us=0 gpu_blit_us=0
[frust INFO] frust-perf img skipped=0 evicted=3 resident=60 budget=1024x1024x4
[frust INFO] frust-perf raw n=330 total_us=17345 rebuild_us=476 layout_us=19 paint_us=26 encode_us=10 acquire_us=11979 submit_us=4833 skipped=0 gpu_q=1 gpu_total_us=4626 gpu_prepass_us=0 gpu_main_us=4626 gpu_composite_us=0 gpu_blit_us=0
[frust INFO] frust-perf img skipped=0 evicted=4 resident=60 budget=1024x1024x4
[frust INFO] frust-perf raw n=331 total_us=17839 rebuild_us=473 layout_us=24 paint_us=39 encode_us=87 acquire_us=11704 submit_us=5510 skipped=0 gpu_q=1 gpu_total_us=4463 gpu_prepass_us=0 gpu_main_us=4463 gpu_composite_us=0 gpu_blit_us=0
[frust INFO] frust-perf img skipped=0 evicted=3 resident=60 budget=1024x1024x4
[frust INFO] frust-perf raw n=332 total_us=16161 rebuild_us=525 layout_us=20 paint_us=37 encode_us=12 acquire_us=11066 submit_us=4499 skipped=0 gpu_q=1 gpu_total_us=4702 gpu_prepass_us=0 gpu_main_us=4702 gpu_composite_us=0 gpu_blit_us=0
[frust INFO] frust-perf img skipped=0 evicted=3 resident=60 budget=1024x1024x4
[frust INFO] frust-perf raw n=333 total_us=17719 rebuild_us=480 layout_us=23 paint_us=32 encode_us=7 acquire_us=12157 submit_us=5017 skipped=0 gpu_q=1 gpu_total_us=4649 gpu_prepass_us=0 gpu_main_us=4649 gpu_composite_us=0 gpu_blit_us=0
[frust INFO] frust-perf img skipped=0 evicted=3 resident=60 budget=1024x1024x4
[frust INFO] frust-perf raw n=334 total_us=16907 rebuild_us=532 layout_us=26 paint_us=33 encode_us=11 acquire_us=11519 submit_us=4783 skipped=0 gpu_q=1 gpu_total_us=4665 gpu_prepass_us=0 gpu_main_us=4665 gpu_composite_us=0 gpu_blit_us=0
[frust INFO] frust-perf img skipped=0 evicted=3 resident=60 budget=1024x1024x4
[frust INFO] frust-perf raw n=335 total_us=17324 rebuild_us=490 layout_us=28 paint_us=45 encode_us=7 acquire_us=11805 submit_us=4947 skipped=0 gpu_q=1 gpu_total_us=4641 gpu_prepass_us=0 gpu_main_us=4641 gpu_composite_us=0 gpu_blit_us=0
[frust INFO] frust-perf img skipped=0 evicted=4 resident=60 budget=1024x1024x4
[frust INFO] frust-perf raw n=336 total_us=17641 rebuild_us=536 layout_us=26 paint_us=39 encode_us=14 acquire_us=11665 submit_us=5358 skipped=0 gpu_q=1 gpu_total_us=4534 gpu_prepass_us=0 gpu_main_us=4534 gpu_composite_us=0 gpu_blit_us=0
[frust INFO] frust-perf img skipped=0 evicted=3 resident=60 budget=1024x1024x4
[frust INFO] frust-perf raw n=337 total_us=16468 rebuild_us=433 layout_us=24 paint_us=29 encode_us=13 acquire_us=11262 submit_us=4704 skipped=0 gpu_q=1 gpu_total_us=4655 gpu_prepass_us=0 gpu_main_us=4655 gpu_composite_us=0 gpu_blit_us=0
[frust INFO] frust-perf img skipped=0 evicted=3 resident=60 budget=1024x1024x4
[frust INFO] frust-perf raw n=338 total_us=17544 rebuild_us=492 layout_us=21 paint_us=34 encode_us=9 acquire_us=11985 submit_us=5001 skipped=0 gpu_q=1 gpu_total_us=4675 gpu_prepass_us=0 gpu_main_us=4675 gpu_composite_us=0 gpu_blit_us=0
[frust INFO] frust-perf img skipped=0 evicted=3 resident=60 budget=1024x1024x4
[frust INFO] frust-perf raw n=339 total_us=17024 rebuild_us=510 layout_us=22 paint_us=32 encode_us=10 acquire_us=11525 submit_us=4923 skipped=0 gpu_q=1 gpu_total_us=4660 gpu_prepass_us=0 gpu_main_us=4660 gpu_composite_us=0 gpu_blit_us=0
[frust INFO] frust-perf img skipped=0 evicted=3 resident=60 budget=1024x1024x4
[frust INFO] frust-perf raw n=340 total_us=17242 rebuild_us=488 layout_us=22 paint_us=40 encode_us=9 acquire_us=11612 submit_us=5070 skipped=0 gpu_q=1 gpu_total_us=4653 gpu_prepass_us=0 gpu_main_us=4653 gpu_composite_us=0 gpu_blit_us=0
[frust INFO] frust-perf img skipped=0 evicted=4 resident=60 budget=1024x1024x4
[frust INFO] frust-perf raw n=341 total_us=17717 rebuild_us=473 layout_us=25 paint_us=32 encode_us=11 acquire_us=11617 submit_us=5558 skipped=0 gpu_q=1 gpu_total_us=4692 gpu_prepass_us=0 gpu_main_us=4692 gpu_composite_us=0 gpu_blit_us=0
[frust INFO] frust-perf img skipped=0 evicted=3 resident=60 budget=1024x1024x4
[frust INFO] frust-perf raw n=342 total_us=16329 rebuild_us=546 layout_us=25 paint_us=35 encode_us=10 acquire_us=11054 submit_us=4656 skipped=0 gpu_q=1 gpu_total_us=4634 gpu_prepass_us=0 gpu_main_us=4634 gpu_composite_us=0 gpu_blit_us=0
[frust INFO] frust-perf img skipped=0 evicted=3 resident=60 budget=1024x1024x4
[frust INFO] frust-perf raw n=343 total_us=17584 rebuild_us=491 layout_us=24 paint_us=34 encode_us=6 acquire_us=11930 submit_us=5096 skipped=0 gpu_q=1 gpu_total_us=4648 gpu_prepass_us=0 gpu_main_us=4648 gpu_composite_us=0 gpu_blit_us=0
[frust INFO] frust-perf img skipped=0 evicted=3 resident=60 budget=1024x1024x4
[frust INFO] frust-perf raw n=344 total_us=17033 rebuild_us=548 layout_us=23 paint_us=33 encode_us=6 acquire_us=11631 submit_us=4790 skipped=0 gpu_q=1 gpu_total_us=4656 gpu_prepass_us=0 gpu_main_us=4656 gpu_composite_us=0 gpu_blit_us=0
[frust INFO] frust-perf img skipped=0 evicted=3 resident=60 budget=1024x1024x4
[frust INFO] frust-perf raw n=345 total_us=17107 rebuild_us=494 layout_us=19 paint_us=34 encode_us=15 acquire_us=11754 submit_us=4789 skipped=0 gpu_q=1 gpu_total_us=4600 gpu_prepass_us=0 gpu_main_us=4600 gpu_composite_us=0 gpu_blit_us=0
[frust INFO] frust-perf img skipped=0 evicted=4 resident=60 budget=1024x1024x4
[frust INFO] frust-perf raw n=346 total_us=17796 rebuild_us=483 layout_us=25 paint_us=36 encode_us=13 acquire_us=12042 submit_us=5194 skipped=0 gpu_q=1 gpu_total_us=4592 gpu_prepass_us=0 gpu_main_us=4592 gpu_composite_us=0 gpu_blit_us=0
[frust INFO] frust-perf img skipped=0 evicted=3 resident=60 budget=1024x1024x4
[frust INFO] frust-perf raw n=347 total_us=16266 rebuild_us=467 layout_us=24 paint_us=39 encode_us=13 acquire_us=11204 submit_us=4517 skipped=0 gpu_q=1 gpu_total_us=4659 gpu_prepass_us=0 gpu_main_us=4659 gpu_composite_us=0 gpu_blit_us=0
[frust INFO] frust-perf img skipped=0 evicted=3 resident=60 budget=1024x1024x4
[frust INFO] frust-perf raw n=348 total_us=17240 rebuild_us=521 layout_us=27 paint_us=32 encode_us=9 acquire_us=11977 submit_us=4671 skipped=0 gpu_q=1 gpu_total_us=4611 gpu_prepass_us=0 gpu_main_us=4611 gpu_composite_us=0 gpu_blit_us=0
[frust INFO] frust-perf img skipped=0 evicted=3 resident=60 budget=1024x1024x4
[frust INFO] frust-perf raw n=349 total_us=17395 rebuild_us=479 layout_us=24 paint_us=35 encode_us=6 acquire_us=12069 submit_us=4779 skipped=0 gpu_q=1 gpu_total_us=4655 gpu_prepass_us=0 gpu_main_us=4655 gpu_composite_us=0 gpu_blit_us=0
[frust INFO] frust-perf img skipped=0 evicted=3 resident=60 budget=1024x1024x4
[frust INFO] frust-perf raw n=350 total_us=17871 rebuild_us=553 layout_us=28 paint_us=37 encode_us=5 acquire_us=11897 submit_us=5348 skipped=0 gpu_q=1 gpu_total_us=4618 gpu_prepass_us=0 gpu_main_us=4618 gpu_composite_us=0 gpu_blit_us=0
[frust INFO] frust-perf img skipped=0 evicted=4 resident=60 budget=1024x1024x4
[frust INFO] frust-perf raw n=351 total_us=17043 rebuild_us=560 layout_us=27 paint_us=29 encode_us=11 acquire_us=11244 submit_us=5170 skipped=0 gpu_q=1 gpu_total_us=4640 gpu_prepass_us=0 gpu_main_us=4640 gpu_composite_us=0 gpu_blit_us=0
[frust INFO] frust-perf img skipped=0 evicted=3 resident=60 budget=1024x1024x4
[frust INFO] frust-perf raw n=352 total_us=16625 rebuild_us=497 layout_us=21 paint_us=33 encode_us=10 acquire_us=11357 submit_us=4705 skipped=0 gpu_q=1 gpu_total_us=4665 gpu_prepass_us=0 gpu_main_us=4665 gpu_composite_us=0 gpu_blit_us=0
[frust INFO] frust-perf img skipped=0 evicted=3 resident=60 budget=1024x1024x4
[frust INFO] frust-perf raw n=353 total_us=17321 rebuild_us=571 layout_us=29 paint_us=27 encode_us=10 acquire_us=11923 submit_us=4759 skipped=0 gpu_q=1 gpu_total_us=4565 gpu_prepass_us=0 gpu_main_us=4565 gpu_composite_us=0 gpu_blit_us=0
[frust INFO] frust-perf img skipped=0 evicted=3 resident=60 budget=1024x1024x4
[frust INFO] frust-perf raw n=354 total_us=16981 rebuild_us=536 layout_us=30 paint_us=30 encode_us=6 acquire_us=11853 submit_us=4524 skipped=0 gpu_q=1 gpu_total_us=4665 gpu_prepass_us=0 gpu_main_us=4665 gpu_composite_us=0 gpu_blit_us=0
[frust INFO] frust-perf img skipped=0 evicted=3 resident=60 budget=1024x1024x4
[frust INFO] frust-perf raw n=355 total_us=18143 rebuild_us=579 layout_us=24 paint_us=31 encode_us=6 acquire_us=12132 submit_us=5369 skipped=0 gpu_q=1 gpu_total_us=4627 gpu_prepass_us=0 gpu_main_us=4627 gpu_composite_us=0 gpu_blit_us=0
[frust INFO] frust-perf img skipped=0 evicted=4 resident=60 budget=1024x1024x4
[frust INFO] frust-perf raw n=356 total_us=17195 rebuild_us=626 layout_us=27 paint_us=34 encode_us=6 acquire_us=11394 submit_us=5105 skipped=0 gpu_q=1 gpu_total_us=4602 gpu_prepass_us=0 gpu_main_us=4602 gpu_composite_us=0 gpu_blit_us=0
[frust INFO] frust-perf frame n=120 total_p50_ms=17 total_p95_ms=17 total_p99_ms=18 rebuild_p95_ms=0 layout_p95_ms=0 paint_p95_ms=0 encode_p95_ms=0 acquire_p95_ms=12 submit_p95_ms=5 over_60hz=287 over_120hz=354 skipped=0 total_frames=356
[frust INFO] frust-perf img skipped=0 evicted=3 resident=60 budget=1024x1024x4
[frust INFO] frust-perf raw n=357 total_us=17325 rebuild_us=589 layout_us=28 paint_us=32 encode_us=7 acquire_us=11251 submit_us=5414 skipped=0 gpu_q=1 gpu_total_us=4593 gpu_prepass_us=0 gpu_main_us=4593 gpu_composite_us=0 gpu_blit_us=0
[frust INFO] frust-perf img skipped=0 evicted=3 resident=60 budget=1024x1024x4
[frust INFO] frust-perf raw n=358 total_us=16491 rebuild_us=556 layout_us=21 paint_us=29 encode_us=11 acquire_us=11252 submit_us=4620 skipped=0 gpu_q=1 gpu_total_us=4612 gpu_prepass_us=0 gpu_main_us=4612 gpu_composite_us=0 gpu_blit_us=0
[frust INFO] frust-perf img skipped=0 evicted=3 resident=60 budget=1024x1024x4
[frust INFO] frust-perf raw n=359 total_us=17285 rebuild_us=606 layout_us=30 paint_us=38 encode_us=10 acquire_us=12020 submit_us=4579 skipped=0 gpu_q=1 gpu_total_us=4589 gpu_prepass_us=0 gpu_main_us=4589 gpu_composite_us=0 gpu_blit_us=0
[frust INFO] frust-perf img skipped=0 evicted=3 resident=60 budget=1024x1024x4
[frust INFO] frust-perf enc n=360 w=60 validate_us=3.5 prepare_us=4.5 classify_us=11.4 admit_us=0.4 walk_us=1408.5 glyphs_us=103.8 finish_us=3.3 compile_us=1491.1 schedule_us=5.4 paints_us=19.0 instances_us=76.1 resize_us=3.8 upload_us=1799.0 replay_us=0.7 pipelines_us=17.7 record_us=35.3 total_us=3467.8 total_p95_us=4046.3 draws=29 strips=2111 alphas=51696 glyph_draws=17 atlas_glyphs=17
[frust INFO] frust-perf raw n=360 total_us=17727 rebuild_us=538 layout_us=24 paint_us=34 encode_us=5 acquire_us=11974 submit_us=5149 skipped=0 gpu_q=1 gpu_total_us=4699 gpu_prepass_us=0 gpu_main_us=4699 gpu_composite_us=0 gpu_blit_us=0
[frust INFO] frust-perf img skipped=0 evicted=3 resident=60 budget=1024x1024x4
[frust INFO] frust-perf raw n=361 total_us=16816 rebuild_us=576 layout_us=30 paint_us=41 encode_us=15 acquire_us=11456 submit_us=4697 skipped=0 gpu_q=1 gpu_total_us=4578 gpu_prepass_us=0 gpu_main_us=4578 gpu_composite_us=0 gpu_blit_us=0
[frust INFO] frust-perf img skipped=0 evicted=4 resident=60 budget=1024x1024x4
[frust INFO] frust-perf raw n=362 total_us=17927 rebuild_us=551 layout_us=29 paint_us=38 encode_us=13 acquire_us=12137 submit_us=5156 skipped=0 gpu_q=1 gpu_total_us=4656 gpu_prepass_us=0 gpu_main_us=4656 gpu_composite_us=0 gpu_blit_us=0
[frust INFO] frust-perf img skipped=0 evicted=3 resident=60 budget=1024x1024x4
[frust INFO] frust-perf raw n=363 total_us=16208 rebuild_us=478 layout_us=20 paint_us=36 encode_us=13 acquire_us=11166 submit_us=4492 skipped=0 gpu_q=1 gpu_total_us=4702 gpu_prepass_us=0 gpu_main_us=4702 gpu_composite_us=0 gpu_blit_us=0
[frust INFO] frust-perf img skipped=0 evicted=3 resident=60 budget=1024x1024x4
[frust INFO] frust-perf raw n=364 total_us=17248 rebuild_us=475 layout_us=20 paint_us=30 encode_us=9 acquire_us=12089 submit_us=4623 skipped=0 gpu_q=1 gpu_total_us=4685 gpu_prepass_us=0 gpu_main_us=4685 gpu_composite_us=0 gpu_blit_us=0
[frust INFO] frust-perf img skipped=0 evicted=3 resident=60 budget=1024x1024x4
[frust INFO] frust-perf raw n=365 total_us=17638 rebuild_us=486 layout_us=26 paint_us=34 encode_us=6 acquire_us=12067 submit_us=5015 skipped=0 gpu_q=1 gpu_total_us=4676 gpu_prepass_us=0 gpu_main_us=4676 gpu_composite_us=0 gpu_blit_us=0
[frust INFO] frust-perf img skipped=0 evicted=3 resident=60 budget=1024x1024x4
[frust INFO] frust-perf raw n=366 total_us=16903 rebuild_us=526 layout_us=27 paint_us=27 encode_us=10 acquire_us=11604 submit_us=4707 skipped=0 gpu_q=1 gpu_total_us=4629 gpu_prepass_us=0 gpu_main_us=4629 gpu_composite_us=0 gpu_blit_us=0
[frust INFO] frust-perf img skipped=0 evicted=4 resident=60 budget=1024x1024x4
[frust INFO] frust-perf raw n=367 total_us=17928 rebuild_us=490 layout_us=23 paint_us=31 encode_us=14 acquire_us=12098 submit_us=5270 skipped=0 gpu_q=1 gpu_total_us=4742 gpu_prepass_us=0 gpu_main_us=4742 gpu_composite_us=0 gpu_blit_us=0
[frust INFO] frust-perf img skipped=0 evicted=3 resident=60 budget=1024x1024x4
[frust INFO] frust-perf raw n=368 total_us=16239 rebuild_us=531 layout_us=23 paint_us=29 encode_us=11 acquire_us=11153 submit_us=4490 skipped=0 gpu_q=1 gpu_total_us=4594 gpu_prepass_us=0 gpu_main_us=4594 gpu_composite_us=0 gpu_blit_us=0
[frust INFO] frust-perf img skipped=0 evicted=3 resident=60 budget=1024x1024x4
[frust INFO] frust-perf raw n=369 total_us=17296 rebuild_us=489 layout_us=22 paint_us=28 encode_us=9 acquire_us=12049 submit_us=4696 skipped=0 gpu_q=1 gpu_total_us=4666 gpu_prepass_us=0 gpu_main_us=4666 gpu_composite_us=0 gpu_blit_us=0
[frust INFO] frust-perf img skipped=0 evicted=3 resident=60 budget=1024x1024x4
[frust INFO] frust-perf raw n=370 total_us=17681 rebuild_us=488 layout_us=23 paint_us=31 encode_us=6 acquire_us=11967 submit_us=5164 skipped=0 gpu_q=1 gpu_total_us=4611 gpu_prepass_us=0 gpu_main_us=4611 gpu_composite_us=0 gpu_blit_us=0
[frust INFO] frust-perf img skipped=0 evicted=3 resident=60 budget=1024x1024x4
[frust INFO] frust-perf raw n=371 total_us=16470 rebuild_us=550 layout_us=28 paint_us=34 encode_us=10 acquire_us=11367 submit_us=4478 skipped=0 gpu_q=1 gpu_total_us=4595 gpu_prepass_us=0 gpu_main_us=4595 gpu_composite_us=0 gpu_blit_us=0
[frust INFO] frust-perf img skipped=0 evicted=4 resident=60 budget=1024x1024x4
[frust INFO] frust-perf raw n=372 total_us=17899 rebuild_us=500 layout_us=18 paint_us=38 encode_us=9 acquire_us=12322 submit_us=5010 skipped=0 gpu_q=1 gpu_total_us=4790 gpu_prepass_us=0 gpu_main_us=4790 gpu_composite_us=0 gpu_blit_us=0
[frust INFO] frust-perf img skipped=0 evicted=3 resident=60 budget=1024x1024x4
[frust INFO] frust-perf raw n=373 total_us=17157 rebuild_us=486 layout_us=24 paint_us=35 encode_us=7 acquire_us=11456 submit_us=5148 skipped=0 gpu_q=1 gpu_total_us=4628 gpu_prepass_us=0 gpu_main_us=4628 gpu_composite_us=0 gpu_blit_us=0
[frust INFO] frust-perf img skipped=0 evicted=3 resident=60 budget=1024x1024x4
[frust INFO] frust-perf raw n=374 total_us=17031 rebuild_us=542 layout_us=23 paint_us=35 encode_us=10 acquire_us=11477 submit_us=4943 skipped=0 gpu_q=1 gpu_total_us=4651 gpu_prepass_us=0 gpu_main_us=4651 gpu_composite_us=0 gpu_blit_us=0
[frust INFO] frust-perf img skipped=0 evicted=3 resident=60 budget=1024x1024x4
[frust INFO] frust-perf raw n=375 total_us=16757 rebuild_us=485 layout_us=26 paint_us=33 encode_us=6 acquire_us=11661 submit_us=4542 skipped=0 gpu_q=1 gpu_total_us=4646 gpu_prepass_us=0 gpu_main_us=4646 gpu_composite_us=0 gpu_blit_us=0
[frust INFO] frust-perf img skipped=0 evicted=3 resident=60 budget=1024x1024x4
[frust INFO] frust-perf raw n=376 total_us=17830 rebuild_us=526 layout_us=27 paint_us=32 encode_us=5 acquire_us=12070 submit_us=5168 skipped=0 gpu_q=1 gpu_total_us=4637 gpu_prepass_us=0 gpu_main_us=4637 gpu_composite_us=0 gpu_blit_us=0
[frust INFO] frust-perf img skipped=0 evicted=4 resident=60 budget=1024x1024x4
[frust INFO] frust-perf raw n=377 total_us=17662 rebuild_us=581 layout_us=28 paint_us=41 encode_us=13 acquire_us=11571 submit_us=5425 skipped=0 gpu_q=1 gpu_total_us=4544 gpu_prepass_us=0 gpu_main_us=4544 gpu_composite_us=0 gpu_blit_us=0
[frust INFO] frust-perf img skipped=0 evicted=3 resident=60 budget=1024x1024x4
[frust INFO] frust-perf raw n=378 total_us=16151 rebuild_us=456 layout_us=25 paint_us=28 encode_us=10 acquire_us=11027 submit_us=4603 skipped=0 gpu_q=1 gpu_total_us=4551 gpu_prepass_us=0 gpu_main_us=4551 gpu_composite_us=0 gpu_blit_us=0
[frust INFO] frust-perf img skipped=0 evicted=3 resident=60 budget=1024x1024x4
[frust INFO] frust-perf raw n=379 total_us=17319 rebuild_us=520 layout_us=22 paint_us=33 encode_us=9 acquire_us=12078 submit_us=4653 skipped=0 gpu_q=1 gpu_total_us=4585 gpu_prepass_us=0 gpu_main_us=4585 gpu_composite_us=0 gpu_blit_us=0
[frust INFO] frust-perf img skipped=0 evicted=3 resident=60 budget=1024x1024x4
[frust INFO] frust-perf raw n=380 total_us=16930 rebuild_us=464 layout_us=23 paint_us=31 encode_us=7 acquire_us=11950 submit_us=4452 skipped=0 gpu_q=1 gpu_total_us=4691 gpu_prepass_us=0 gpu_main_us=4691 gpu_composite_us=0 gpu_blit_us=0
[frust INFO] frust-perf img skipped=0 evicted=3 resident=60 budget=1024x1024x4
[frust INFO] frust-perf raw n=381 total_us=17626 rebuild_us=528 layout_us=23 paint_us=33 encode_us=5 acquire_us=12108 submit_us=4927 skipped=0 gpu_q=1 gpu_total_us=4622 gpu_prepass_us=0 gpu_main_us=4622 gpu_composite_us=0 gpu_blit_us=0
[frust INFO] frust-perf img skipped=0 evicted=4 resident=60 budget=1024x1024x4
[frust INFO] frust-perf raw n=382 total_us=17601 rebuild_us=560 layout_us=28 paint_us=38 encode_us=11 acquire_us=11923 submit_us=5039 skipped=0 gpu_q=1 gpu_total_us=4572 gpu_prepass_us=0 gpu_main_us=4572 gpu_composite_us=0 gpu_blit_us=0
[frust INFO] frust-perf img skipped=0 evicted=3 resident=60 budget=1024x1024x4
[frust INFO] frust-perf raw n=383 total_us=17147 rebuild_us=478 layout_us=24 paint_us=30 encode_us=6 acquire_us=11413 submit_us=5193 skipped=0 gpu_q=1 gpu_total_us=4634 gpu_prepass_us=0 gpu_main_us=4634 gpu_composite_us=0 gpu_blit_us=0
[frust INFO] frust-perf img skipped=0 evicted=3 resident=60 budget=1024x1024x4
[frust INFO] frust-perf raw n=384 total_us=17191 rebuild_us=535 layout_us=24 paint_us=28 encode_us=12 acquire_us=11483 submit_us=5107 skipped=0 gpu_q=1 gpu_total_us=4572 gpu_prepass_us=0 gpu_main_us=4572 gpu_composite_us=0 gpu_blit_us=0
[frust INFO] frust-perf img skipped=0 evicted=3 resident=60 budget=1024x1024x4
[frust INFO] frust-perf raw n=385 total_us=16471 rebuild_us=505 layout_us=23 paint_us=33 encode_us=6 acquire_us=11397 submit_us=4505 skipped=0 gpu_q=1 gpu_total_us=4657 gpu_prepass_us=0 gpu_main_us=4657 gpu_composite_us=0 gpu_blit_us=0
[frust INFO] frust-perf img skipped=0 evicted=3 resident=60 budget=1024x1024x4
[frust INFO] frust-perf raw n=386 total_us=17859 rebuild_us=546 layout_us=23 paint_us=34 encode_us=6 acquire_us=12255 submit_us=4992 skipped=0 gpu_q=1 gpu_total_us=4663 gpu_prepass_us=0 gpu_main_us=4663 gpu_composite_us=0 gpu_blit_us=0
[frust INFO] frust-perf img skipped=0 evicted=4 resident=60 budget=1024x1024x4
[frust INFO] frust-perf raw n=387 total_us=17382 rebuild_us=527 layout_us=26 paint_us=35 encode_us=12 acquire_us=11508 submit_us=5272 skipped=0 gpu_q=1 gpu_total_us=4620 gpu_prepass_us=0 gpu_main_us=4620 gpu_composite_us=0 gpu_blit_us=0
[frust INFO] frust-perf img skipped=0 evicted=3 resident=60 budget=1024x1024x4
[frust INFO] frust-perf raw n=388 total_us=16531 rebuild_us=437 layout_us=20 paint_us=34 encode_us=9 acquire_us=11344 submit_us=4686 skipped=0 gpu_q=1 gpu_total_us=4599 gpu_prepass_us=0 gpu_main_us=4599 gpu_composite_us=0 gpu_blit_us=0
[frust INFO] frust-perf img skipped=0 evicted=3 resident=60 budget=1024x1024x4
[frust INFO] frust-perf raw n=389 total_us=17260 rebuild_us=459 layout_us=19 paint_us=34 encode_us=9 acquire_us=11886 submit_us=4849 skipped=0 gpu_q=1 gpu_total_us=4652 gpu_prepass_us=0 gpu_main_us=4652 gpu_composite_us=0 gpu_blit_us=0
[frust INFO] frust-perf img skipped=0 evicted=3 resident=60 budget=1024x1024x4
[frust INFO] frust-perf raw n=390 total_us=17185 rebuild_us=458 layout_us=21 paint_us=30 encode_us=9 acquire_us=11713 submit_us=4951 skipped=0 gpu_q=1 gpu_total_us=4743 gpu_prepass_us=0 gpu_main_us=4743 gpu_composite_us=0 gpu_blit_us=0
[frust INFO] frust-perf img skipped=0 evicted=3 resident=60 budget=1024x1024x4
[frust INFO] frust-perf raw n=391 total_us=17372 rebuild_us=499 layout_us=28 paint_us=30 encode_us=13 acquire_us=11993 submit_us=4807 skipped=0 gpu_q=1 gpu_total_us=4688 gpu_prepass_us=0 gpu_main_us=4688 gpu_composite_us=0 gpu_blit_us=0
[frust INFO] frust-perf img skipped=0 evicted=4 resident=60 budget=1024x1024x4
[frust INFO] frust-perf raw n=392 total_us=17563 rebuild_us=486 layout_us=25 paint_us=37 encode_us=15 acquire_us=11595 submit_us=5402 skipped=0 gpu_q=1 gpu_total_us=4595 gpu_prepass_us=0 gpu_main_us=4595 gpu_composite_us=0 gpu_blit_us=0
[frust INFO] frust-perf img skipped=0 evicted=3 resident=60 budget=1024x1024x4
[frust INFO] frust-perf raw n=393 total_us=16641 rebuild_us=487 layout_us=24 paint_us=37 encode_us=13 acquire_us=11112 submit_us=4966 skipped=0 gpu_q=1 gpu_total_us=4639 gpu_prepass_us=0 gpu_main_us=4639 gpu_composite_us=0 gpu_blit_us=0
[frust INFO] frust-perf img skipped=0 evicted=3 resident=60 budget=1024x1024x4
[frust INFO] frust-perf raw n=394 total_us=17007 rebuild_us=470 layout_us=22 paint_us=33 encode_us=12 acquire_us=11664 submit_us=4804 skipped=0 gpu_q=1 gpu_total_us=4649 gpu_prepass_us=0 gpu_main_us=4649 gpu_composite_us=0 gpu_blit_us=0
[frust INFO] frust-perf img skipped=0 evicted=3 resident=60 budget=1024x1024x4
[frust INFO] frust-perf raw n=395 total_us=17187 rebuild_us=480 layout_us=24 paint_us=30 encode_us=14 acquire_us=11717 submit_us=4920 skipped=0 gpu_q=1 gpu_total_us=4667 gpu_prepass_us=0 gpu_main_us=4667 gpu_composite_us=0 gpu_blit_us=0
[frust INFO] frust-perf img skipped=0 evicted=3 resident=60 budget=1024x1024x4
[frust INFO] frust-perf raw n=396 total_us=17144 rebuild_us=506 layout_us=24 paint_us=36 encode_us=9 acquire_us=11707 submit_us=4859 skipped=0 gpu_q=1 gpu_total_us=4677 gpu_prepass_us=0 gpu_main_us=4677 gpu_composite_us=0 gpu_blit_us=0
[frust INFO] frust-perf img skipped=0 evicted=4 resident=60 budget=1024x1024x4
[frust INFO] frust-perf raw n=397 total_us=17888 rebuild_us=484 layout_us=30 paint_us=33 encode_us=11 acquire_us=11738 submit_us=5590 skipped=0 gpu_q=1 gpu_total_us=4691 gpu_prepass_us=0 gpu_main_us=4691 gpu_composite_us=0 gpu_blit_us=0
[frust INFO] frust-perf img skipped=0 evicted=3 resident=60 budget=1024x1024x4
[frust INFO] frust-perf raw n=398 total_us=16603 rebuild_us=505 layout_us=24 paint_us=40 encode_us=10 acquire_us=11134 submit_us=4887 skipped=0 gpu_q=1 gpu_total_us=4760 gpu_prepass_us=0 gpu_main_us=4760 gpu_composite_us=0 gpu_blit_us=0
[frust INFO] frust-perf img skipped=0 evicted=3 resident=60 budget=1024x1024x4
[frust INFO] frust-perf raw n=399 total_us=17036 rebuild_us=499 layout_us=29 paint_us=40 encode_us=13 acquire_us=11548 submit_us=4905 skipped=0 gpu_q=1 gpu_total_us=4671 gpu_prepass_us=0 gpu_main_us=4671 gpu_composite_us=0 gpu_blit_us=0
[frust INFO] frust-perf img skipped=0 evicted=3 resident=60 budget=1024x1024x4
[frust INFO] frust-perf raw n=400 total_us=17282 rebuild_us=511 layout_us=28 paint_us=36 encode_us=10 acquire_us=11776 submit_us=4919 skipped=0 gpu_q=1 gpu_total_us=4675 gpu_prepass_us=0 gpu_main_us=4675 gpu_composite_us=0 gpu_blit_us=0
[frust INFO] frust-perf img skipped=0 evicted=3 resident=60 budget=1024x1024x4
[frust INFO] frust-perf raw n=401 total_us=17071 rebuild_us=488 layout_us=20 paint_us=35 encode_us=13 acquire_us=11666 submit_us=4846 skipped=0 gpu_q=1 gpu_total_us=4652 gpu_prepass_us=0 gpu_main_us=4652 gpu_composite_us=0 gpu_blit_us=0
[frust INFO] frust-perf img skipped=0 evicted=4 resident=60 budget=1024x1024x4
[frust INFO] frust-perf raw n=402 total_us=17783 rebuild_us=493 layout_us=29 paint_us=32 encode_us=13 acquire_us=11752 submit_us=5462 skipped=0 gpu_q=1 gpu_total_us=4661 gpu_prepass_us=0 gpu_main_us=4661 gpu_composite_us=0 gpu_blit_us=0
[frust INFO] frust-perf img skipped=0 evicted=3 resident=60 budget=1024x1024x4
[frust INFO] frust-perf raw n=403 total_us=16881 rebuild_us=461 layout_us=25 paint_us=28 encode_us=10 acquire_us=11438 submit_us=4916 skipped=0 gpu_q=1 gpu_total_us=4648 gpu_prepass_us=0 gpu_main_us=4648 gpu_composite_us=0 gpu_blit_us=0
[frust INFO] frust-perf img skipped=0 evicted=3 resident=60 budget=1024x1024x4
[frust INFO] frust-perf raw n=404 total_us=17140 rebuild_us=509 layout_us=28 paint_us=32 encode_us=13 acquire_us=11404 submit_us=5151 skipped=0 gpu_q=1 gpu_total_us=4652 gpu_prepass_us=0 gpu_main_us=4652 gpu_composite_us=0 gpu_blit_us=0
[frust INFO] frust-perf img skipped=0 evicted=3 resident=60 budget=1024x1024x4
[frust INFO] frust-perf raw n=405 total_us=17020 rebuild_us=476 layout_us=19 paint_us=34 encode_us=10 acquire_us=11394 submit_us=5085 skipped=0 gpu_q=1 gpu_total_us=4631 gpu_prepass_us=0 gpu_main_us=4631 gpu_composite_us=0 gpu_blit_us=0
[frust INFO] frust-perf img skipped=0 evicted=3 resident=60 budget=1024x1024x4
[frust INFO] frust-perf raw n=406 total_us=16825 rebuild_us=494 layout_us=27 paint_us=39 encode_us=12 acquire_us=11481 submit_us=4769 skipped=0 gpu_q=1 gpu_total_us=4616 gpu_prepass_us=0 gpu_main_us=4616 gpu_composite_us=0 gpu_blit_us=0
[frust INFO] frust-perf img skipped=0 evicted=4 resident=60 budget=1024x1024x4
[frust INFO] frust-perf raw n=407 total_us=17894 rebuild_us=475 layout_us=24 paint_us=32 encode_us=9 acquire_us=11848 submit_us=5503 skipped=0 gpu_q=1 gpu_total_us=4684 gpu_prepass_us=0 gpu_main_us=4684 gpu_composite_us=0 gpu_blit_us=0
[frust INFO] frust-perf img skipped=0 evicted=3 resident=60 budget=1024x1024x4
[frust INFO] frust-perf raw n=408 total_us=16674 rebuild_us=478 layout_us=27 paint_us=31 encode_us=13 acquire_us=11147 submit_us=4975 skipped=0 gpu_q=1 gpu_total_us=4683 gpu_prepass_us=0 gpu_main_us=4683 gpu_composite_us=0 gpu_blit_us=0
[frust INFO] frust-perf img skipped=0 evicted=3 resident=60 budget=1024x1024x4
[frust INFO] frust-perf raw n=409 total_us=17242 rebuild_us=487 layout_us=20 paint_us=34 encode_us=9 acquire_us=11841 submit_us=4849 skipped=0 gpu_q=1 gpu_total_us=4735 gpu_prepass_us=0 gpu_main_us=4735 gpu_composite_us=0 gpu_blit_us=0
[frust INFO] frust-perf img skipped=0 evicted=3 resident=60 budget=1024x1024x4
[frust INFO] frust-perf raw n=410 total_us=17116 rebuild_us=503 layout_us=29 paint_us=39 encode_us=10 acquire_us=11680 submit_us=4853 skipped=0 gpu_q=1 gpu_total_us=4717 gpu_prepass_us=0 gpu_main_us=4717 gpu_composite_us=0 gpu_blit_us=0
[frust INFO] frust-perf img skipped=0 evicted=3 resident=60 budget=1024x1024x4
[frust INFO] frust-perf raw n=411 total_us=16921 rebuild_us=490 layout_us=26 paint_us=37 encode_us=10 acquire_us=11590 submit_us=4767 skipped=0 gpu_q=1 gpu_total_us=4635 gpu_prepass_us=0 gpu_main_us=4635 gpu_composite_us=0 gpu_blit_us=0
[frust INFO] frust-perf img skipped=0 evicted=3 resident=60 budget=1024x1024x4
[frust INFO] frust-perf raw n=412 total_us=17147 rebuild_us=501 layout_us=29 paint_us=40 encode_us=9 acquire_us=11834 submit_us=4731 skipped=0 gpu_q=1 gpu_total_us=4601 gpu_prepass_us=0 gpu_main_us=4601 gpu_composite_us=0 gpu_blit_us=0
[frust INFO] frust-perf img skipped=0 evicted=4 resident=60 budget=1024x1024x4
[frust INFO] frust-perf raw n=413 total_us=17839 rebuild_us=493 layout_us=21 paint_us=40 encode_us=12 acquire_us=11931 submit_us=5340 skipped=0 gpu_q=1 gpu_total_us=4647 gpu_prepass_us=0 gpu_main_us=4647 gpu_composite_us=0 gpu_blit_us=0
[frust INFO] frust-perf img skipped=0 evicted=3 resident=60 budget=1024x1024x4
[frust INFO] frust-perf raw n=414 total_us=16836 rebuild_us=491 layout_us=23 paint_us=37 encode_us=9 acquire_us=11206 submit_us=5068 skipped=0 gpu_q=1 gpu_total_us=4630 gpu_prepass_us=0 gpu_main_us=4630 gpu_composite_us=0 gpu_blit_us=0
[frust INFO] frust-perf img skipped=0 evicted=3 resident=60 budget=1024x1024x4
[frust INFO] frust-perf raw n=415 total_us=16983 rebuild_us=490 layout_us=21 paint_us=34 encode_us=9 acquire_us=11492 submit_us=4935 skipped=0 gpu_q=1 gpu_total_us=4671 gpu_prepass_us=0 gpu_main_us=4671 gpu_composite_us=0 gpu_blit_us=0
[frust INFO] frust-perf img skipped=0 evicted=3 resident=60 budget=1024x1024x4
[frust INFO] frust-perf raw n=416 total_us=17423 rebuild_us=509 layout_us=27 paint_us=29 encode_us=14 acquire_us=11671 submit_us=5170 skipped=0 gpu_q=1 gpu_total_us=4616 gpu_prepass_us=0 gpu_main_us=4616 gpu_composite_us=0 gpu_blit_us=0
[frust INFO] frust-perf img skipped=0 evicted=3 resident=60 budget=1024x1024x4
[frust INFO] frust-perf raw n=417 total_us=16566 rebuild_us=490 layout_us=25 paint_us=34 encode_us=9 acquire_us=11408 submit_us=4598 skipped=0 gpu_q=1 gpu_total_us=4657 gpu_prepass_us=0 gpu_main_us=4657 gpu_composite_us=0 gpu_blit_us=0
[frust INFO] frust-perf img skipped=0 evicted=4 resident=60 budget=1024x1024x4
[frust INFO] frust-perf raw n=418 total_us=17983 rebuild_us=509 layout_us=25 paint_us=41 encode_us=9 acquire_us=12000 submit_us=5397 skipped=0 gpu_q=1 gpu_total_us=4673 gpu_prepass_us=0 gpu_main_us=4673 gpu_composite_us=0 gpu_blit_us=0
[frust INFO] frust-perf img skipped=0 evicted=3 resident=60 budget=1024x1024x4
[frust INFO] frust-perf raw n=419 total_us=16921 rebuild_us=508 layout_us=23 paint_us=40 encode_us=10 acquire_us=11570 submit_us=4767 skipped=0 gpu_q=1 gpu_total_us=4646 gpu_prepass_us=0 gpu_main_us=4646 gpu_composite_us=0 gpu_blit_us=0
[frust INFO] frust-perf img skipped=0 evicted=3 resident=60 budget=1024x1024x4
[frust INFO] frust-perf enc n=420 w=60 validate_us=3.5 prepare_us=4.5 classify_us=11.1 admit_us=0.4 walk_us=1413.8 glyphs_us=103.3 finish_us=3.5 compile_us=1490.7 schedule_us=5.2 paints_us=18.6 instances_us=76.9 resize_us=3.7 upload_us=1842.0 replay_us=0.8 pipelines_us=18.5 record_us=37.1 total_us=3489.4 total_p95_us=4038.3 draws=29 strips=2111 alphas=51696 glyph_draws=17 atlas_glyphs=17
[frust INFO] frust-perf raw n=420 total_us=16971 rebuild_us=490 layout_us=21 paint_us=35 encode_us=13 acquire_us=11520 submit_us=4890 skipped=0 gpu_q=1 gpu_total_us=4606 gpu_prepass_us=0 gpu_main_us=4606 gpu_composite_us=0 gpu_blit_us=0
[frust INFO] frust-perf img skipped=0 evicted=3 resident=60 budget=1024x1024x4
[frust INFO] frust-perf raw n=421 total_us=17364 rebuild_us=469 layout_us=19 paint_us=34 encode_us=10 acquire_us=11800 submit_us=5029 skipped=0 gpu_q=1 gpu_total_us=4598 gpu_prepass_us=0 gpu_main_us=4598 gpu_composite_us=0 gpu_blit_us=0
[frust INFO] frust-perf img skipped=0 evicted=3 resident=60 budget=1024x1024x4
[frust INFO] frust-perf raw n=422 total_us=16986 rebuild_us=521 layout_us=19 paint_us=36 encode_us=10 acquire_us=11547 submit_us=4851 skipped=0 gpu_q=1 gpu_total_us=4601 gpu_prepass_us=0 gpu_main_us=4601 gpu_composite_us=0 gpu_blit_us=0
[frust INFO] frust-perf img skipped=0 evicted=4 resident=60 budget=1024x1024x4
[frust INFO] frust-perf raw n=423 total_us=17714 rebuild_us=488 layout_us=24 paint_us=32 encode_us=14 acquire_us=11595 submit_us=5558 skipped=0 gpu_q=1 gpu_total_us=4708 gpu_prepass_us=0 gpu_main_us=4708 gpu_composite_us=0 gpu_blit_us=0
[frust INFO] frust-perf img skipped=0 evicted=3 resident=60 budget=1024x1024x4
[frust INFO] frust-perf raw n=424 total_us=16850 rebuild_us=466 layout_us=28 paint_us=41 encode_us=9 acquire_us=11367 submit_us=4936 skipped=0 gpu_q=1 gpu_total_us=4729 gpu_prepass_us=0 gpu_main_us=4729 gpu_composite_us=0 gpu_blit_us=0
[frust INFO] frust-perf img skipped=0 evicted=3 resident=60 budget=1024x1024x4
[frust INFO] frust-perf raw n=425 total_us=17094 rebuild_us=547 layout_us=30 paint_us=38 encode_us=13 acquire_us=11501 submit_us=4962 skipped=0 gpu_q=1 gpu_total_us=4681 gpu_prepass_us=0 gpu_main_us=4681 gpu_composite_us=0 gpu_blit_us=0
[frust INFO] frust-perf img skipped=0 evicted=3 resident=60 budget=1024x1024x4
[frust INFO] frust-perf raw n=426 total_us=17379 rebuild_us=524 layout_us=25 paint_us=35 encode_us=10 acquire_us=11563 submit_us=5220 skipped=0 gpu_q=1 gpu_total_us=4659 gpu_prepass_us=0 gpu_main_us=4659 gpu_composite_us=0 gpu_blit_us=0
[frust INFO] frust-perf img skipped=0 evicted=3 resident=60 budget=1024x1024x4
[frust INFO] frust-perf raw n=427 total_us=17342 rebuild_us=528 layout_us=28 paint_us=39 encode_us=10 acquire_us=11493 submit_us=5242 skipped=0 gpu_q=1 gpu_total_us=4635 gpu_prepass_us=0 gpu_main_us=4635 gpu_composite_us=0 gpu_blit_us=0
[frust INFO] frust-perf img skipped=0 evicted=4 resident=60 budget=1024x1024x4
[frust INFO] frust-perf raw n=428 total_us=17430 rebuild_us=519 layout_us=29 paint_us=36 encode_us=9 acquire_us=11327 submit_us=5508 skipped=0 gpu_q=1 gpu_total_us=4593 gpu_prepass_us=0 gpu_main_us=4593 gpu_composite_us=0 gpu_blit_us=0
[frust INFO] frust-perf img skipped=0 evicted=3 resident=60 budget=1024x1024x4
[frust INFO] frust-perf raw n=429 total_us=16594 rebuild_us=475 layout_us=27 paint_us=31 encode_us=13 acquire_us=11137 submit_us=4909 skipped=0 gpu_q=1 gpu_total_us=4660 gpu_prepass_us=0 gpu_main_us=4660 gpu_composite_us=0 gpu_blit_us=0
[frust INFO] frust-perf img skipped=0 evicted=3 resident=60 budget=1024x1024x4
[frust INFO] frust-perf raw n=430 total_us=17229 rebuild_us=506 layout_us=27 paint_us=35 encode_us=9 acquire_us=11677 submit_us=4972 skipped=0 gpu_q=1 gpu_total_us=4620 gpu_prepass_us=0 gpu_main_us=4620 gpu_composite_us=0 gpu_blit_us=0
[frust INFO] frust-perf img skipped=0 evicted=3 resident=60 budget=1024x1024x4
[frust INFO] frust-perf raw n=431 total_us=17061 rebuild_us=529 layout_us=29 paint_us=32 encode_us=10 acquire_us=11596 submit_us=4863 skipped=0 gpu_q=1 gpu_total_us=4665 gpu_prepass_us=0 gpu_main_us=4665 gpu_composite_us=0 gpu_blit_us=0
[frust INFO] frust-perf img skipped=0 evicted=3 resident=60 budget=1024x1024x4
[frust INFO] frust-perf raw n=432 total_us=17422 rebuild_us=488 layout_us=29 paint_us=33 encode_us=9 acquire_us=11810 submit_us=5051 skipped=0 gpu_q=1 gpu_total_us=4620 gpu_prepass_us=0 gpu_main_us=4620 gpu_composite_us=0 gpu_blit_us=0
[frust INFO] frust-perf img skipped=0 evicted=4 resident=60 budget=1024x1024x4
[frust INFO] frust-perf raw n=433 total_us=17007 rebuild_us=482 layout_us=25 paint_us=30 encode_us=9 acquire_us=11468 submit_us=4990 skipped=0 gpu_q=1 gpu_total_us=4583 gpu_prepass_us=0 gpu_main_us=4583 gpu_composite_us=0 gpu_blit_us=0
[frust INFO] frust-perf img skipped=0 evicted=3 resident=60 budget=1024x1024x4
[frust INFO] frust-perf raw n=434 total_us=17038 rebuild_us=569 layout_us=24 paint_us=36 encode_us=13 acquire_us=11557 submit_us=4837 skipped=0 gpu_q=1 gpu_total_us=4631 gpu_prepass_us=0 gpu_main_us=4631 gpu_composite_us=0 gpu_blit_us=0
[frust INFO] frust-perf img skipped=0 evicted=3 resident=60 budget=1024x1024x4
[frust INFO] frust-perf raw n=435 total_us=17306 rebuild_us=483 layout_us=28 paint_us=36 encode_us=6 acquire_us=11858 submit_us=4893 skipped=0 gpu_q=1 gpu_total_us=4720 gpu_prepass_us=0 gpu_main_us=4720 gpu_composite_us=0 gpu_blit_us=0
[frust INFO] frust-perf img skipped=0 evicted=3 resident=60 budget=1024x1024x4
[frust INFO] frust-perf raw n=436 total_us=16795 rebuild_us=515 layout_us=26 paint_us=30 encode_us=11 acquire_us=11640 submit_us=4572 skipped=0 gpu_q=1 gpu_total_us=4645 gpu_prepass_us=0 gpu_main_us=4645 gpu_composite_us=0 gpu_blit_us=0
[frust INFO] frust-perf img skipped=0 evicted=3 resident=60 budget=1024x1024x4
[frust INFO] frust-perf raw n=437 total_us=17105 rebuild_us=542 layout_us=28 paint_us=34 encode_us=13 acquire_us=12028 submit_us=4458 skipped=0 gpu_q=1 gpu_total_us=4569 gpu_prepass_us=0 gpu_main_us=4569 gpu_composite_us=0 gpu_blit_us=0
[frust INFO] frust-perf img skipped=0 evicted=4 resident=60 budget=1024x1024x4
[frust INFO] frust-perf raw n=438 total_us=18382 rebuild_us=534 layout_us=27 paint_us=34 encode_us=6 acquire_us=12222 submit_us=5556 skipped=0 gpu_q=1 gpu_total_us=4491 gpu_prepass_us=0 gpu_main_us=4491 gpu_composite_us=0 gpu_blit_us=0
[frust INFO] frust-perf img skipped=0 evicted=3 resident=60 budget=1024x1024x4
[frust INFO] frust-perf raw n=439 total_us=16583 rebuild_us=523 layout_us=27 paint_us=38 encode_us=6 acquire_us=11174 submit_us=4813 skipped=0 gpu_q=1 gpu_total_us=4754 gpu_prepass_us=0 gpu_main_us=4754 gpu_composite_us=0 gpu_blit_us=0
[frust INFO] frust-perf img skipped=0 evicted=3 resident=60 budget=1024x1024x4
[frust INFO] frust-perf raw n=440 total_us=17780 rebuild_us=536 layout_us=24 paint_us=37 encode_us=6 acquire_us=11808 submit_us=5366 skipped=0 gpu_q=1 gpu_total_us=4648 gpu_prepass_us=0 gpu_main_us=4648 gpu_composite_us=0 gpu_blit_us=0
[frust INFO] frust-perf img skipped=0 evicted=3 resident=60 budget=1024x1024x4
[frust INFO] frust-perf raw n=441 total_us=16145 rebuild_us=504 layout_us=22 paint_us=32 encode_us=14 acquire_us=11043 submit_us=4527 skipped=0 gpu_q=1 gpu_total_us=4584 gpu_prepass_us=0 gpu_main_us=4584 gpu_composite_us=0 gpu_blit_us=0
[frust INFO] frust-perf img skipped=0 evicted=3 resident=60 budget=1024x1024x4
[frust INFO] frust-perf raw n=442 total_us=17221 rebuild_us=526 layout_us=28 paint_us=33 encode_us=9 acquire_us=12136 submit_us=4487 skipped=0 gpu_q=1 gpu_total_us=4590 gpu_prepass_us=0 gpu_main_us=4590 gpu_composite_us=0 gpu_blit_us=0
[frust INFO] frust-perf img skipped=0 evicted=4 resident=60 budget=1024x1024x4
[frust INFO] frust-perf raw n=443 total_us=18118 rebuild_us=472 layout_us=24 paint_us=36 encode_us=7 acquire_us=12118 submit_us=5460 skipped=0 gpu_q=1 gpu_total_us=4620 gpu_prepass_us=0 gpu_main_us=4620 gpu_composite_us=0 gpu_blit_us=0
[frust INFO] frust-perf img skipped=0 evicted=3 resident=60 budget=1024x1024x4
[frust INFO] frust-perf raw n=444 total_us=16811 rebuild_us=535 layout_us=26 paint_us=33 encode_us=12 acquire_us=11412 submit_us=4790 skipped=0 gpu_q=1 gpu_total_us=4690 gpu_prepass_us=0 gpu_main_us=4690 gpu_composite_us=0 gpu_blit_us=0
[frust INFO] frust-perf img skipped=0 evicted=3 resident=60 budget=1024x1024x4
[frust INFO] frust-perf raw n=445 total_us=17074 rebuild_us=480 layout_us=27 paint_us=26 encode_us=13 acquire_us=11573 submit_us=4952 skipped=0 gpu_q=1 gpu_total_us=4397 gpu_prepass_us=0 gpu_main_us=4397 gpu_composite_us=0 gpu_blit_us=0
[frust INFO] frust-perf img skipped=0 evicted=3 resident=60 budget=1024x1024x4
[frust INFO] frust-perf raw n=446 total_us=17102 rebuild_us=545 layout_us=24 paint_us=39 encode_us=13 acquire_us=11602 submit_us=4877 skipped=0 gpu_q=1 gpu_total_us=4545 gpu_prepass_us=0 gpu_main_us=4545 gpu_composite_us=0 gpu_blit_us=0
[frust INFO] frust-perf img skipped=0 evicted=3 resident=60 budget=1024x1024x4
[frust INFO] frust-perf raw n=447 total_us=17569 rebuild_us=562 layout_us=31 paint_us=36 encode_us=9 acquire_us=11694 submit_us=5235 skipped=0 gpu_q=1 gpu_total_us=4644 gpu_prepass_us=0 gpu_main_us=4644 gpu_composite_us=0 gpu_blit_us=0
[frust INFO] frust-perf img skipped=0 evicted=4 resident=60 budget=1024x1024x4
[frust INFO] frust-perf raw n=448 total_us=16880 rebuild_us=518 layout_us=22 paint_us=33 encode_us=9 acquire_us=11319 submit_us=4976 skipped=0 gpu_q=1 gpu_total_us=4617 gpu_prepass_us=0 gpu_main_us=4617 gpu_composite_us=0 gpu_blit_us=0
[frust INFO] frust-perf img skipped=0 evicted=3 resident=60 budget=1024x1024x4
[frust INFO] frust-perf raw n=449 total_us=17178 rebuild_us=542 layout_us=27 paint_us=39 encode_us=12 acquire_us=11691 submit_us=4864 skipped=0 gpu_q=1 gpu_total_us=4632 gpu_prepass_us=0 gpu_main_us=4632 gpu_composite_us=0 gpu_blit_us=0
[frust INFO] frust-perf img skipped=0 evicted=3 resident=60 budget=1024x1024x4
[frust INFO] frust-perf raw n=450 total_us=17142 rebuild_us=504 layout_us=27 paint_us=27 encode_us=6 acquire_us=11930 submit_us=4645 skipped=0 gpu_q=1 gpu_total_us=4641 gpu_prepass_us=0 gpu_main_us=4641 gpu_composite_us=0 gpu_blit_us=0
[frust INFO] frust-perf img skipped=0 evicted=3 resident=60 budget=1024x1024x4
[frust INFO] frust-perf raw n=451 total_us=17610 rebuild_us=501 layout_us=19 paint_us=30 encode_us=5 acquire_us=11812 submit_us=5239 skipped=0 gpu_q=1 gpu_total_us=4668 gpu_prepass_us=0 gpu_main_us=4668 gpu_composite_us=0 gpu_blit_us=0
[frust INFO] frust-perf img skipped=0 evicted=3 resident=60 budget=1024x1024x4
[frust INFO] frust-perf raw n=452 total_us=16890 rebuild_us=512 layout_us=19 paint_us=40 encode_us=6 acquire_us=11406 submit_us=4905 skipped=0 gpu_q=1 gpu_total_us=4580 gpu_prepass_us=0 gpu_main_us=4580 gpu_composite_us=0 gpu_blit_us=0
[frust INFO] frust-perf img skipped=0 evicted=4 resident=60 budget=1024x1024x4
[frust INFO] frust-perf raw n=453 total_us=17529 rebuild_us=506 layout_us=20 paint_us=35 encode_us=12 acquire_us=11680 submit_us=5274 skipped=0 gpu_q=1 gpu_total_us=4528 gpu_prepass_us=0 gpu_main_us=4528 gpu_composite_us=0 gpu_blit_us=0
[frust INFO] frust-perf img skipped=0 evicted=3 resident=60 budget=1024x1024x4
[frust INFO] frust-perf raw n=454 total_us=16651 rebuild_us=455 layout_us=28 paint_us=32 encode_us=9 acquire_us=11330 submit_us=4794 skipped=0 gpu_q=1 gpu_total_us=4547 gpu_prepass_us=0 gpu_main_us=4547 gpu_composite_us=0 gpu_blit_us=0
[frust INFO] frust-perf img skipped=0 evicted=3 resident=60 budget=1024x1024x4
[frust INFO] frust-perf raw n=455 total_us=17315 rebuild_us=464 layout_us=28 paint_us=37 encode_us=9 acquire_us=11954 submit_us=4820 skipped=0 gpu_q=1 gpu_total_us=4671 gpu_prepass_us=0 gpu_main_us=4671 gpu_composite_us=0 gpu_blit_us=0
[frust INFO] frust-perf img skipped=0 evicted=3 resident=60 budget=1024x1024x4
[frust INFO] frust-perf raw n=456 total_us=17164 rebuild_us=508 layout_us=27 paint_us=35 encode_us=10 acquire_us=11618 submit_us=4964 skipped=0 gpu_q=1 gpu_total_us=4629 gpu_prepass_us=0 gpu_main_us=4629 gpu_composite_us=0 gpu_blit_us=0
[frust INFO] frust-perf img skipped=0 evicted=3 resident=60 budget=1024x1024x4
[frust INFO] frust-perf raw n=457 total_us=17269 rebuild_us=497 layout_us=25 paint_us=39 encode_us=13 acquire_us=11646 submit_us=5046 skipped=0 gpu_q=1 gpu_total_us=4618 gpu_prepass_us=0 gpu_main_us=4618 gpu_composite_us=0 gpu_blit_us=0
[frust INFO] frust-perf img skipped=0 evicted=4 resident=60 budget=1024x1024x4
[frust INFO] frust-perf raw n=458 total_us=17566 rebuild_us=506 layout_us=28 paint_us=36 encode_us=13 acquire_us=11446 submit_us=5534 skipped=0 gpu_q=1 gpu_total_us=4591 gpu_prepass_us=0 gpu_main_us=4591 gpu_composite_us=0 gpu_blit_us=0
[frust INFO] frust-perf img skipped=0 evicted=3 resident=60 budget=1024x1024x4
[frust INFO] frust-perf raw n=459 total_us=16724 rebuild_us=513 layout_us=25 paint_us=35 encode_us=10 acquire_us=11163 submit_us=4975 skipped=0 gpu_q=1 gpu_total_us=4662 gpu_prepass_us=0 gpu_main_us=4662 gpu_composite_us=0 gpu_blit_us=0
[frust INFO] frust-perf img skipped=0 evicted=3 resident=60 budget=1024x1024x4
[frust INFO] frust-perf raw n=460 total_us=17346 rebuild_us=503 layout_us=30 paint_us=38 encode_us=9 acquire_us=11828 submit_us=4935 skipped=0 gpu_q=1 gpu_total_us=4679 gpu_prepass_us=0 gpu_main_us=4679 gpu_composite_us=0 gpu_blit_us=0
[frust INFO] frust-perf img skipped=0 evicted=3 resident=60 budget=1024x1024x4
[frust INFO] frust-perf raw n=461 total_us=16928 rebuild_us=493 layout_us=26 paint_us=37 encode_us=10 acquire_us=11539 submit_us=4821 skipped=0 gpu_q=1 gpu_total_us=4661 gpu_prepass_us=0 gpu_main_us=4661 gpu_composite_us=0 gpu_blit_us=0
[frust INFO] frust-perf img skipped=0 evicted=3 resident=60 budget=1024x1024x4
[frust INFO] frust-perf raw n=462 total_us=17104 rebuild_us=473 layout_us=21 paint_us=30 encode_us=11 acquire_us=11730 submit_us=4837 skipped=0 gpu_q=1 gpu_total_us=4622 gpu_prepass_us=0 gpu_main_us=4622 gpu_composite_us=0 gpu_blit_us=0
[frust INFO] frust-perf img skipped=0 evicted=3 resident=60 budget=1024x1024x4
[frust INFO] frust-perf raw n=463 total_us=17232 rebuild_us=487 layout_us=25 paint_us=38 encode_us=9 acquire_us=11811 submit_us=4860 skipped=0 gpu_q=1 gpu_total_us=4571 gpu_prepass_us=0 gpu_main_us=4571 gpu_composite_us=0 gpu_blit_us=0
[frust INFO] frust-perf img skipped=0 evicted=4 resident=60 budget=1024x1024x4
[frust INFO] frust-perf raw n=464 total_us=17676 rebuild_us=518 layout_us=20 paint_us=28 encode_us=13 acquire_us=11634 submit_us=5462 skipped=0 gpu_q=1 gpu_total_us=4671 gpu_prepass_us=0 gpu_main_us=4671 gpu_composite_us=0 gpu_blit_us=0
[frust INFO] frust-perf img skipped=0 evicted=3 resident=60 budget=1024x1024x4
[frust INFO] frust-perf raw n=465 total_us=16696 rebuild_us=477 layout_us=24 paint_us=36 encode_us=13 acquire_us=11230 submit_us=4914 skipped=0 gpu_q=1 gpu_total_us=4722 gpu_prepass_us=0 gpu_main_us=4722 gpu_composite_us=0 gpu_blit_us=0
[frust INFO] frust-perf img skipped=0 evicted=3 resident=60 budget=1024x1024x4
[frust INFO] frust-perf raw n=466 total_us=17210 rebuild_us=498 layout_us=29 paint_us=36 encode_us=9 acquire_us=11666 submit_us=4969 skipped=0 gpu_q=1 gpu_total_us=4658 gpu_prepass_us=0 gpu_main_us=4658 gpu_composite_us=0 gpu_blit_us=0
[frust INFO] frust-perf img skipped=0 evicted=3 resident=60 budget=1024x1024x4
[frust INFO] frust-perf raw n=467 total_us=16927 rebuild_us=500 layout_us=28 paint_us=36 encode_us=10 acquire_us=11587 submit_us=4763 skipped=0 gpu_q=1 gpu_total_us=4663 gpu_prepass_us=0 gpu_main_us=4663 gpu_composite_us=0 gpu_blit_us=0
[frust INFO] frust-perf img skipped=0 evicted=3 resident=60 budget=1024x1024x4
[frust INFO] frust-perf raw n=468 total_us=17079 rebuild_us=495 layout_us=27 paint_us=34 encode_us=9 acquire_us=11856 submit_us=4656 skipped=0 gpu_q=1 gpu_total_us=4598 gpu_prepass_us=0 gpu_main_us=4598 gpu_composite_us=0 gpu_blit_us=0
[frust INFO] frust-perf img skipped=0 evicted=4 resident=60 budget=1024x1024x4
[frust INFO] frust-perf raw n=469 total_us=17966 rebuild_us=477 layout_us=22 paint_us=39 encode_us=10 acquire_us=12007 submit_us=5408 skipped=0 gpu_q=1 gpu_total_us=4634 gpu_prepass_us=0 gpu_main_us=4634 gpu_composite_us=0 gpu_blit_us=0
[frust INFO] frust-perf img skipped=0 evicted=3 resident=60 budget=1024x1024x4
[frust INFO] frust-perf raw n=470 total_us=16896 rebuild_us=535 layout_us=26 paint_us=33 encode_us=10 acquire_us=11178 submit_us=5111 skipped=0 gpu_q=1 gpu_total_us=4655 gpu_prepass_us=0 gpu_main_us=4655 gpu_composite_us=0 gpu_blit_us=0
[frust INFO] frust-perf img skipped=0 evicted=3 resident=60 budget=1024x1024x4
[frust INFO] frust-perf raw n=471 total_us=16811 rebuild_us=524 layout_us=30 paint_us=34 encode_us=8 acquire_us=11457 submit_us=4757 skipped=0 gpu_q=1 gpu_total_us=4633 gpu_prepass_us=0 gpu_main_us=4633 gpu_composite_us=0 gpu_blit_us=0
[frust INFO] frust-perf img skipped=0 evicted=3 resident=60 budget=1024x1024x4
[frust INFO] frust-perf raw n=472 total_us=17101 rebuild_us=427 layout_us=23 paint_us=37 encode_us=10 acquire_us=11882 submit_us=4720 skipped=0 gpu_q=1 gpu_total_us=4639 gpu_prepass_us=0 gpu_main_us=4639 gpu_composite_us=0 gpu_blit_us=0
[frust INFO] frust-perf img skipped=0 evicted=3 resident=60 budget=1024x1024x4
[frust INFO] frust-perf raw n=473 total_us=17108 rebuild_us=476 layout_us=23 paint_us=33 encode_us=9 acquire_us=11898 submit_us=4667 skipped=0 gpu_q=1 gpu_total_us=4589 gpu_prepass_us=0 gpu_main_us=4589 gpu_composite_us=0 gpu_blit_us=0
[frust INFO] frust-perf frame n=120 total_p50_ms=17 total_p95_ms=17 total_p99_ms=18 rebuild_p95_ms=0 layout_p95_ms=0 paint_p95_ms=0 encode_p95_ms=0 acquire_p95_ms=12 submit_p95_ms=5 over_60hz=390 over_120hz=471 skipped=0 total_frames=473
[frust INFO] frust-perf img skipped=0 evicted=4 resident=60 budget=1024x1024x4
[frust INFO] frust-perf raw n=474 total_us=17673 rebuild_us=448 layout_us=23 paint_us=33 encode_us=9 acquire_us=11725 submit_us=5432 skipped=0 gpu_q=1 gpu_total_us=4635 gpu_prepass_us=0 gpu_main_us=4635 gpu_composite_us=0 gpu_blit_us=0
[frust INFO] frust-perf img skipped=0 evicted=3 resident=60 budget=1024x1024x4
[frust INFO] frust-perf raw n=475 total_us=16598 rebuild_us=477 layout_us=27 paint_us=37 encode_us=10 acquire_us=11178 submit_us=4868 skipped=0 gpu_q=1 gpu_total_us=4639 gpu_prepass_us=0 gpu_main_us=4639 gpu_composite_us=0 gpu_blit_us=0
[frust INFO] frust-perf img skipped=0 evicted=3 resident=60 budget=1024x1024x4
[frust INFO] frust-perf raw n=476 total_us=17176 rebuild_us=476 layout_us=20 paint_us=38 encode_us=13 acquire_us=11732 submit_us=4895 skipped=0 gpu_q=1 gpu_total_us=4658 gpu_prepass_us=0 gpu_main_us=4658 gpu_composite_us=0 gpu_blit_us=0
[frust INFO] frust-perf img skipped=0 evicted=3 resident=60 budget=1024x1024x4
[frust INFO] frust-perf raw n=477 total_us=17018 rebuild_us=511 layout_us=30 paint_us=32 encode_us=13 acquire_us=11684 submit_us=4746 skipped=0 gpu_q=1 gpu_total_us=4631 gpu_prepass_us=0 gpu_main_us=4631 gpu_composite_us=0 gpu_blit_us=0
[frust INFO] frust-perf img skipped=0 evicted=3 resident=60 budget=1024x1024x4
[frust INFO] frust-perf raw n=478 total_us=17140 rebuild_us=486 layout_us=28 paint_us=36 encode_us=8 acquire_us=11843 submit_us=4736 skipped=0 gpu_q=1 gpu_total_us=4600 gpu_prepass_us=0 gpu_main_us=4600 gpu_composite_us=0 gpu_blit_us=0
[frust INFO] frust-perf img skipped=0 evicted=4 resident=60 budget=1024x1024x4
[frust INFO] frust-perf raw n=479 total_us=17735 rebuild_us=497 layout_us=27 paint_us=35 encode_us=9 acquire_us=11856 submit_us=5307 skipped=0 gpu_q=1 gpu_total_us=4615 gpu_prepass_us=0 gpu_main_us=4615 gpu_composite_us=0 gpu_blit_us=0
[frust INFO] frust-perf img skipped=0 evicted=3 resident=60 budget=1024x1024x4
[frust INFO] frust-perf enc n=480 w=60 validate_us=3.4 prepare_us=4.8 classify_us=11.2 admit_us=0.4 walk_us=1416.8 glyphs_us=106.7 finish_us=3.8 compile_us=1494.6 schedule_us=5.1 paints_us=19.1 instances_us=76.4 resize_us=3.7 upload_us=1871.4 replay_us=0.8 pipelines_us=18.5 record_us=37.7 total_us=3524.5 total_p95_us=4118.1 draws=29 strips=2111 alphas=51696 glyph_draws=17 atlas_glyphs=17
[frust INFO] frust-perf raw n=480 total_us=16774 rebuild_us=469 layout_us=23 paint_us=32 encode_us=12 acquire_us=11577 submit_us=4658 skipped=0 gpu_q=1 gpu_total_us=4706 gpu_prepass_us=0 gpu_main_us=4706 gpu_composite_us=0 gpu_blit_us=0
[frust INFO] frust-perf img skipped=0 evicted=3 resident=60 budget=1024x1024x4
[frust INFO] frust-perf raw n=481 total_us=17388 rebuild_us=467 layout_us=23 paint_us=31 encode_us=9 acquire_us=11769 submit_us=5086 skipped=0 gpu_q=1 gpu_total_us=4662 gpu_prepass_us=0 gpu_main_us=4662 gpu_composite_us=0 gpu_blit_us=0
[frust INFO] frust-perf img skipped=0 evicted=3 resident=60 budget=1024x1024x4
[frust INFO] frust-perf raw n=482 total_us=16787 rebuild_us=473 layout_us=24 paint_us=28 encode_us=9 acquire_us=11538 submit_us=4713 skipped=0 gpu_q=1 gpu_total_us=4704 gpu_prepass_us=0 gpu_main_us=4704 gpu_composite_us=0 gpu_blit_us=0
[frust INFO] frust-perf img skipped=0 evicted=3 resident=60 budget=1024x1024x4
[frust INFO] frust-perf raw n=483 total_us=17231 rebuild_us=447 layout_us=20 paint_us=29 encode_us=12 acquire_us=11804 submit_us=4915 skipped=0 gpu_q=1 gpu_total_us=4643 gpu_prepass_us=0 gpu_main_us=4643 gpu_composite_us=0 gpu_blit_us=0
[frust INFO] frust-perf img skipped=0 evicted=4 resident=60 budget=1024x1024x4
[frust INFO] frust-perf raw n=484 total_us=17570 rebuild_us=475 layout_us=24 paint_us=40 encode_us=14 acquire_us=11722 submit_us=5293 skipped=0 gpu_q=1 gpu_total_us=4620 gpu_prepass_us=0 gpu_main_us=4620 gpu_composite_us=0 gpu_blit_us=0
[frust INFO] frust-perf img skipped=0 evicted=3 resident=60 budget=1024x1024x4
[frust INFO] frust-perf raw n=485 total_us=16764 rebuild_us=479 layout_us=26 paint_us=33 encode_us=9 acquire_us=11392 submit_us=4821 skipped=0 gpu_q=1 gpu_total_us=4646 gpu_prepass_us=0 gpu_main_us=4646 gpu_composite_us=0 gpu_blit_us=0
[frust INFO] frust-perf img skipped=0 evicted=3 resident=60 budget=1024x1024x4
[frust INFO] frust-perf raw n=486 total_us=17070 rebuild_us=472 layout_us=21 paint_us=38 encode_us=13 acquire_us=11657 submit_us=4866 skipped=0 gpu_q=1 gpu_total_us=4694 gpu_prepass_us=0 gpu_main_us=4694 gpu_composite_us=0 gpu_blit_us=0
[frust INFO] frust-perf img skipped=0 evicted=3 resident=60 budget=1024x1024x4
[frust INFO] frust-perf raw n=487 total_us=17164 rebuild_us=497 layout_us=23 paint_us=34 encode_us=10 acquire_us=11782 submit_us=4815 skipped=0 gpu_q=1 gpu_total_us=4643 gpu_prepass_us=0 gpu_main_us=4643 gpu_composite_us=0 gpu_blit_us=0
[frust INFO] frust-perf img skipped=0 evicted=3 resident=60 budget=1024x1024x4
[frust INFO] frust-perf raw n=488 total_us=17086 rebuild_us=465 layout_us=20 paint_us=32 encode_us=9 acquire_us=11721 submit_us=4838 skipped=0 gpu_q=1 gpu_total_us=4628 gpu_prepass_us=0 gpu_main_us=4628 gpu_composite_us=0 gpu_blit_us=0
[frust INFO] frust-perf img skipped=0 evicted=4 resident=60 budget=1024x1024x4
[frust INFO] frust-perf raw n=489 total_us=17693 rebuild_us=471 layout_us=24 paint_us=37 encode_us=10 acquire_us=11748 submit_us=5401 skipped=0 gpu_q=1 gpu_total_us=4604 gpu_prepass_us=0 gpu_main_us=4604 gpu_composite_us=0 gpu_blit_us=0
[frust INFO] frust-perf img skipped=0 evicted=3 resident=60 budget=1024x1024x4
[frust INFO] frust-perf raw n=490 total_us=16859 rebuild_us=497 layout_us=24 paint_us=31 encode_us=11 acquire_us=11221 submit_us=5074 skipped=0 gpu_q=1 gpu_total_us=4630 gpu_prepass_us=0 gpu_main_us=4630 gpu_composite_us=0 gpu_blit_us=0
[frust INFO] frust-perf img skipped=0 evicted=3 resident=60 budget=1024x1024x4
[frust INFO] frust-perf raw n=491 total_us=17037 rebuild_us=505 layout_us=24 paint_us=35 encode_us=13 acquire_us=11542 submit_us=4917 skipped=0 gpu_q=1 gpu_total_us=4639 gpu_prepass_us=0 gpu_main_us=4639 gpu_composite_us=0 gpu_blit_us=0
[frust INFO] frust-perf img skipped=0 evicted=3 resident=60 budget=1024x1024x4
[frust INFO] frust-perf raw n=492 total_us=17214 rebuild_us=473 layout_us=29 paint_us=34 encode_us=9 acquire_us=11805 submit_us=4861 skipped=0 gpu_q=1 gpu_total_us=4620 gpu_prepass_us=0 gpu_main_us=4620 gpu_composite_us=0 gpu_blit_us=0
[frust INFO] frust-perf img skipped=0 evicted=3 resident=60 budget=1024x1024x4
[frust INFO] frust-perf raw n=493 total_us=17554 rebuild_us=496 layout_us=25 paint_us=34 encode_us=9 acquire_us=11772 submit_us=5215 skipped=0 gpu_q=1 gpu_total_us=4658 gpu_prepass_us=0 gpu_main_us=4658 gpu_composite_us=0 gpu_blit_us=0
[frust INFO] frust-perf img skipped=0 evicted=4 resident=60 budget=1024x1024x4
[frust INFO] frust-perf raw n=494 total_us=17248 rebuild_us=507 layout_us=23 paint_us=36 encode_us=13 acquire_us=11268 submit_us=5398 skipped=0 gpu_q=1 gpu_total_us=4815 gpu_prepass_us=0 gpu_main_us=4815 gpu_composite_us=0 gpu_blit_us=0
[frust INFO] frust-perf img skipped=0 evicted=3 resident=60 budget=1024x1024x4
[frust INFO] frust-perf raw n=495 total_us=16708 rebuild_us=629 layout_us=23 paint_us=37 encode_us=6 acquire_us=11281 submit_us=4730 skipped=0 gpu_q=1 gpu_total_us=4640 gpu_prepass_us=0 gpu_main_us=4640 gpu_composite_us=0 gpu_blit_us=0
[frust INFO] frust-perf img skipped=0 evicted=3 resident=60 budget=1024x1024x4
[frust INFO] frust-perf raw n=496 total_us=17674 rebuild_us=612 layout_us=23 paint_us=35 encode_us=5 acquire_us=11813 submit_us=5184 skipped=0 gpu_q=1 gpu_total_us=4648 gpu_prepass_us=0 gpu_main_us=4648 gpu_composite_us=0 gpu_blit_us=0
[frust INFO] frust-perf img skipped=0 evicted=3 resident=60 budget=1024x1024x4
[frust INFO] frust-perf raw n=497 total_us=16937 rebuild_us=592 layout_us=27 paint_us=35 encode_us=14 acquire_us=11309 submit_us=4958 skipped=0 gpu_q=1 gpu_total_us=4468 gpu_prepass_us=0 gpu_main_us=4468 gpu_composite_us=0 gpu_blit_us=0
[frust INFO] frust-perf img skipped=0 evicted=3 resident=60 budget=1024x1024x4
[frust INFO] frust-perf raw n=498 total_us=17208 rebuild_us=500 layout_us=19 paint_us=29 encode_us=7 acquire_us=11801 submit_us=4849 skipped=0 gpu_q=1 gpu_total_us=4667 gpu_prepass_us=0 gpu_main_us=4667 gpu_composite_us=0 gpu_blit_us=0
[frust INFO] frust-perf img skipped=0 evicted=4 resident=60 budget=1024x1024x4
[frust INFO] frust-perf raw n=499 total_us=17400 rebuild_us=525 layout_us=24 paint_us=32 encode_us=12 acquire_us=11774 submit_us=5031 skipped=0 gpu_q=1 gpu_total_us=4485 gpu_prepass_us=0 gpu_main_us=4485 gpu_composite_us=0 gpu_blit_us=0
[frust INFO] frust-perf img skipped=0 evicted=3 resident=60 budget=1024x1024x4
[frust INFO] frust-perf raw n=500 total_us=16986 rebuild_us=559 layout_us=26 paint_us=39 encode_us=14 acquire_us=11812 submit_us=4533 skipped=0 gpu_q=1 gpu_total_us=4625 gpu_prepass_us=0 gpu_main_us=4625 gpu_composite_us=0 gpu_blit_us=0
[frust INFO] frust-perf img skipped=0 evicted=3 resident=60 budget=1024x1024x4
[frust INFO] frust-perf raw n=501 total_us=17278 rebuild_us=577 layout_us=27 paint_us=30 encode_us=5 acquire_us=11907 submit_us=4729 skipped=0 gpu_q=1 gpu_total_us=4641 gpu_prepass_us=0 gpu_main_us=4641 gpu_composite_us=0 gpu_blit_us=0
[frust INFO] frust-perf img skipped=0 evicted=3 resident=60 budget=1024x1024x4
[frust INFO] frust-perf raw n=502 total_us=17689 rebuild_us=568 layout_us=26 paint_us=32 encode_us=5 acquire_us=11892 submit_us=5164 skipped=0 gpu_q=1 gpu_total_us=4681 gpu_prepass_us=0 gpu_main_us=4681 gpu_composite_us=0 gpu_blit_us=0
[frust INFO] frust-perf img skipped=0 evicted=3 resident=60 budget=1024x1024x4
[frust INFO] frust-perf raw n=503 total_us=16920 rebuild_us=570 layout_us=27 paint_us=37 encode_us=7 acquire_us=11464 submit_us=4813 skipped=0 gpu_q=1 gpu_total_us=4630 gpu_prepass_us=0 gpu_main_us=4630 gpu_composite_us=0 gpu_blit_us=0
[frust INFO] frust-perf img skipped=0 evicted=4 resident=60 budget=1024x1024x4
[frust INFO] frust-perf raw n=504 total_us=18099 rebuild_us=600 layout_us=28 paint_us=42 encode_us=5 acquire_us=11840 submit_us=5582 skipped=0 gpu_q=1 gpu_total_us=4694 gpu_prepass_us=0 gpu_main_us=4694 gpu_composite_us=0 gpu_blit_us=0
[frust INFO] frust-perf img skipped=0 evicted=3 resident=60 budget=1024x1024x4
[frust INFO] frust-perf raw n=505 total_us=16544 rebuild_us=580 layout_us=24 paint_us=41 encode_us=12 acquire_us=10966 submit_us=4919 skipped=0 gpu_q=1 gpu_total_us=4621 gpu_prepass_us=0 gpu_main_us=4621 gpu_composite_us=0 gpu_blit_us=0
[frust INFO] frust-perf img skipped=0 evicted=3 resident=60 budget=1024x1024x4
[frust INFO] frust-perf raw n=506 total_us=17409 rebuild_us=564 layout_us=29 paint_us=34 encode_us=6 acquire_us=11799 submit_us=4976 skipped=0 gpu_q=1 gpu_total_us=4579 gpu_prepass_us=0 gpu_main_us=4579 gpu_composite_us=0 gpu_blit_us=0
[frust INFO] frust-perf img skipped=0 evicted=3 resident=60 budget=1024x1024x4
[frust INFO] frust-perf raw n=507 total_us=16760 rebuild_us=562 layout_us=25 paint_us=36 encode_us=10 acquire_us=11554 submit_us=4571 skipped=0 gpu_q=1 gpu_total_us=4621 gpu_prepass_us=0 gpu_main_us=4621 gpu_composite_us=0 gpu_blit_us=0
[frust INFO] frust-perf img skipped=0 evicted=3 resident=60 budget=1024x1024x4
[frust INFO] frust-perf raw n=508 total_us=17198 rebuild_us=568 layout_us=23 paint_us=33 encode_us=11 acquire_us=11971 submit_us=4591 skipped=0 gpu_q=1 gpu_total_us=4631 gpu_prepass_us=0 gpu_main_us=4631 gpu_composite_us=0 gpu_blit_us=0
[frust INFO] frust-perf img skipped=0 evicted=4 resident=60 budget=1024x1024x4
[frust INFO] frust-perf raw n=509 total_us=18083 rebuild_us=550 layout_us=29 paint_us=39 encode_us=6 acquire_us=12043 submit_us=5413 skipped=0 gpu_q=1 gpu_total_us=4501 gpu_prepass_us=0 gpu_main_us=4501 gpu_composite_us=0 gpu_blit_us=0
[frust INFO] frust-perf img skipped=0 evicted=3 resident=60 budget=1024x1024x4
[frust INFO] frust-perf raw n=510 total_us=16764 rebuild_us=536 layout_us=24 paint_us=35 encode_us=12 acquire_us=11146 submit_us=5009 skipped=0 gpu_q=1 gpu_total_us=4754 gpu_prepass_us=0 gpu_main_us=4754 gpu_composite_us=0 gpu_blit_us=0
[frust INFO] frust-perf img skipped=0 evicted=3 resident=60 budget=1024x1024x4
[frust INFO] frust-perf raw n=511 total_us=17041 rebuild_us=521 layout_us=26 paint_us=35 encode_us=5 acquire_us=11793 submit_us=4657 skipped=0 gpu_q=1 gpu_total_us=4662 gpu_prepass_us=0 gpu_main_us=4662 gpu_composite_us=0 gpu_blit_us=0
[frust INFO] frust-perf img skipped=0 evicted=3 resident=60 budget=1024x1024x4
[frust INFO] frust-perf raw n=512 total_us=17668 rebuild_us=564 layout_us=19 paint_us=34 encode_us=7 acquire_us=11762 submit_us=5280 skipped=0 gpu_q=1 gpu_total_us=4715 gpu_prepass_us=0 gpu_main_us=4715 gpu_composite_us=0 gpu_blit_us=0
[frust INFO] frust-perf img skipped=0 evicted=3 resident=60 budget=1024x1024x4
[frust INFO] frust-perf raw n=513 total_us=16628 rebuild_us=520 layout_us=18 paint_us=35 encode_us=14 acquire_us=11313 submit_us=4726 skipped=0 gpu_q=1 gpu_total_us=4610 gpu_prepass_us=0 gpu_main_us=4610 gpu_composite_us=0 gpu_blit_us=0
[frust INFO] frust-perf img skipped=0 evicted=4 resident=60 budget=1024x1024x4
[frust INFO] frust-perf raw n=514 total_us=17637 rebuild_us=464 layout_us=29 paint_us=36 encode_us=9 acquire_us=11828 submit_us=5269 skipped=0 gpu_q=1 gpu_total_us=4527 gpu_prepass_us=0 gpu_main_us=4527 gpu_composite_us=0 gpu_blit_us=0
[frust INFO] frust-perf img skipped=0 evicted=3 resident=60 budget=1024x1024x4
[frust INFO] frust-perf raw n=515 total_us=16782 rebuild_us=499 layout_us=29 paint_us=33 encode_us=10 acquire_us=11361 submit_us=4848 skipped=0 gpu_q=1 gpu_total_us=4557 gpu_prepass_us=0 gpu_main_us=4557 gpu_composite_us=0 gpu_blit_us=0
[frust INFO] frust-perf img skipped=0 evicted=3 resident=60 budget=1024x1024x4
[frust INFO] frust-perf raw n=516 total_us=17232 rebuild_us=502 layout_us=27 paint_us=34 encode_us=9 acquire_us=11926 submit_us=4731 skipped=0 gpu_q=1 gpu_total_us=4663 gpu_prepass_us=0 gpu_main_us=4663 gpu_composite_us=0 gpu_blit_us=0
[frust INFO] frust-perf img skipped=0 evicted=3 resident=60 budget=1024x1024x4
[frust INFO] frust-perf raw n=517 total_us=17111 rebuild_us=480 layout_us=25 paint_us=34 encode_us=9 acquire_us=11732 submit_us=4828 skipped=0 gpu_q=1 gpu_total_us=4660 gpu_prepass_us=0 gpu_main_us=4660 gpu_composite_us=0 gpu_blit_us=0
[frust INFO] frust-perf img skipped=0 evicted=3 resident=60 budget=1024x1024x4
[frust INFO] frust-perf raw n=518 total_us=17170 rebuild_us=484 layout_us=25 paint_us=36 encode_us=13 acquire_us=11735 submit_us=4875 skipped=0 gpu_q=1 gpu_total_us=4645 gpu_prepass_us=0 gpu_main_us=4645 gpu_composite_us=0 gpu_blit_us=0
[frust INFO] frust-perf img skipped=0 evicted=3 resident=60 budget=1024x1024x4
[frust INFO] frust-perf raw n=519 total_us=17308 rebuild_us=494 layout_us=30 paint_us=35 encode_us=8 acquire_us=11736 submit_us=5003 skipped=0 gpu_q=1 gpu_total_us=4740 gpu_prepass_us=0 gpu_main_us=4740 gpu_composite_us=0 gpu_blit_us=0
[frust INFO] frust-perf img skipped=0 evicted=4 resident=60 budget=1024x1024x4
[frust INFO] frust-perf raw n=520 total_us=17567 rebuild_us=469 layout_us=20 paint_us=31 encode_us=10 acquire_us=11565 submit_us=5470 skipped=0 gpu_q=1 gpu_total_us=4643 gpu_prepass_us=0 gpu_main_us=4643 gpu_composite_us=0 gpu_blit_us=0
[frust INFO] frust-perf img skipped=0 evicted=3 resident=60 budget=1024x1024x4
[frust INFO] frust-perf raw n=521 total_us=16616 rebuild_us=491 layout_us=24 paint_us=33 encode_us=9 acquire_us=11126 submit_us=4931 skipped=0 gpu_q=1 gpu_total_us=4649 gpu_prepass_us=0 gpu_main_us=4649 gpu_composite_us=0 gpu_blit_us=0
[frust INFO] frust-perf img skipped=0 evicted=3 resident=60 budget=1024x1024x4
[frust INFO] frust-perf raw n=522 total_us=17202 rebuild_us=539 layout_us=43 paint_us=37 encode_us=9 acquire_us=11699 submit_us=4873 skipped=0 gpu_q=1 gpu_total_us=4641 gpu_prepass_us=0 gpu_main_us=4641 gpu_composite_us=0 gpu_blit_us=0
[frust INFO] frust-perf img skipped=0 evicted=3 resident=60 budget=1024x1024x4
[frust INFO] frust-perf raw n=523 total_us=17299 rebuild_us=498 layout_us=25 paint_us=38 encode_us=8 acquire_us=11793 submit_us=4934 skipped=0 gpu_q=1 gpu_total_us=4615 gpu_prepass_us=0 gpu_main_us=4615 gpu_composite_us=0 gpu_blit_us=0
[frust INFO] frust-perf img skipped=0 evicted=3 resident=60 budget=1024x1024x4
[frust INFO] frust-perf raw n=524 total_us=16943 rebuild_us=489 layout_us=28 paint_us=36 encode_us=9 acquire_us=11589 submit_us=4791 skipped=0 gpu_q=1 gpu_total_us=4625 gpu_prepass_us=0 gpu_main_us=4625 gpu_composite_us=0 gpu_blit_us=0
[frust INFO] frust-perf img skipped=0 evicted=4 resident=60 budget=1024x1024x4
[frust INFO] frust-perf raw n=525 total_us=17980 rebuild_us=507 layout_us=26 paint_us=33 encode_us=10 acquire_us=12013 submit_us=5389 skipped=0 gpu_q=1 gpu_total_us=4662 gpu_prepass_us=0 gpu_main_us=4662 gpu_composite_us=0 gpu_blit_us=0
[frust INFO] frust-perf img skipped=0 evicted=3 resident=60 budget=1024x1024x4
[frust INFO] frust-perf raw n=526 total_us=16468 rebuild_us=492 layout_us=24 paint_us=36 encode_us=13 acquire_us=10981 submit_us=4920 skipped=0 gpu_q=1 gpu_total_us=4657 gpu_prepass_us=0 gpu_main_us=4657 gpu_composite_us=0 gpu_blit_us=0
[frust INFO] frust-perf img skipped=0 evicted=3 resident=60 budget=1024x1024x4
[frust INFO] frust-perf raw n=527 total_us=16951 rebuild_us=505 layout_us=21 paint_us=37 encode_us=12 acquire_us=11610 submit_us=4763 skipped=0 gpu_q=1 gpu_total_us=4663 gpu_prepass_us=0 gpu_main_us=4663 gpu_composite_us=0 gpu_blit_us=0
[frust INFO] frust-perf img skipped=0 evicted=3 resident=60 budget=1024x1024x4
[frust INFO] frust-perf raw n=528 total_us=17179 rebuild_us=476 layout_us=23 paint_us=36 encode_us=9 acquire_us=11973 submit_us=4658 skipped=0 gpu_q=1 gpu_total_us=4615 gpu_prepass_us=0 gpu_main_us=4615 gpu_composite_us=0 gpu_blit_us=0
[frust INFO] frust-perf img skipped=0 evicted=3 resident=60 budget=1024x1024x4
[frust INFO] frust-perf raw n=529 total_us=17217 rebuild_us=476 layout_us=20 paint_us=33 encode_us=9 acquire_us=11966 submit_us=4710 skipped=0 gpu_q=1 gpu_total_us=4572 gpu_prepass_us=0 gpu_main_us=4572 gpu_composite_us=0 gpu_blit_us=0
[frust INFO] frust-perf img skipped=0 evicted=4 resident=60 budget=1024x1024x4
[frust INFO] frust-perf raw n=530 total_us=17472 rebuild_us=466 layout_us=29 paint_us=33 encode_us=8 acquire_us=12027 submit_us=4906 skipped=0 gpu_q=1 gpu_total_us=4622 gpu_prepass_us=0 gpu_main_us=4622 gpu_composite_us=0 gpu_blit_us=0
[frust INFO] frust-perf img skipped=0 evicted=3 resident=60 budget=1024x1024x4
[frust INFO] frust-perf raw n=531 total_us=17298 rebuild_us=463 layout_us=27 paint_us=32 encode_us=7 acquire_us=11572 submit_us=5195 skipped=0 gpu_q=1 gpu_total_us=4641 gpu_prepass_us=0 gpu_main_us=4641 gpu_composite_us=0 gpu_blit_us=0
[frust INFO] frust-perf img skipped=0 evicted=3 resident=60 budget=1024x1024x4
[frust INFO] frust-perf raw n=532 total_us=16632 rebuild_us=549 layout_us=23 paint_us=34 encode_us=12 acquire_us=11302 submit_us=4710 skipped=0 gpu_q=1 gpu_total_us=4657 gpu_prepass_us=0 gpu_main_us=4657 gpu_composite_us=0 gpu_blit_us=0
[frust INFO] frust-perf img skipped=0 evicted=3 resident=60 budget=1024x1024x4
[frust INFO] frust-perf raw n=533 total_us=17107 rebuild_us=445 layout_us=27 paint_us=29 encode_us=9 acquire_us=11868 submit_us=4727 skipped=0 gpu_q=1 gpu_total_us=4669 gpu_prepass_us=0 gpu_main_us=4669 gpu_composite_us=0 gpu_blit_us=0
[frust INFO] frust-perf img skipped=0 evicted=3 resident=60 budget=1024x1024x4
[frust INFO] frust-perf raw n=534 total_us=17412 rebuild_us=446 layout_us=19 paint_us=36 encode_us=10 acquire_us=11965 submit_us=4933 skipped=0 gpu_q=1 gpu_total_us=4509 gpu_prepass_us=0 gpu_main_us=4509 gpu_composite_us=0 gpu_blit_us=0
[frust INFO] frust-perf img skipped=0 evicted=4 resident=60 budget=1024x1024x4
[frust INFO] frust-perf raw n=535 total_us=17552 rebuild_us=500 layout_us=31 paint_us=31 encode_us=10 acquire_us=11641 submit_us=5336 skipped=0 gpu_q=1 gpu_total_us=4627 gpu_prepass_us=0 gpu_main_us=4627 gpu_composite_us=0 gpu_blit_us=0
[frust INFO] frust-perf img skipped=0 evicted=3 resident=60 budget=1024x1024x4
[frust INFO] frust-perf raw n=536 total_us=16834 rebuild_us=484 layout_us=28 paint_us=33 encode_us=14 acquire_us=11285 submit_us=4988 skipped=0 gpu_q=1 gpu_total_us=4662 gpu_prepass_us=0 gpu_main_us=4662 gpu_composite_us=0 gpu_blit_us=0
[frust INFO] frust-perf img skipped=0 evicted=3 resident=60 budget=1024x1024x4
[frust INFO] frust-perf raw n=537 total_us=16953 rebuild_us=476 layout_us=21 paint_us=32 encode_us=13 acquire_us=11616 submit_us=4792 skipped=0 gpu_q=1 gpu_total_us=4654 gpu_prepass_us=0 gpu_main_us=4654 gpu_composite_us=0 gpu_blit_us=0
[frust INFO] frust-perf img skipped=0 evicted=3 resident=60 budget=1024x1024x4
[frust INFO] frust-perf raw n=538 total_us=17154 rebuild_us=482 layout_us=28 paint_us=37 encode_us=9 acquire_us=11861 submit_us=4735 skipped=0 gpu_q=1 gpu_total_us=4655 gpu_prepass_us=0 gpu_main_us=4655 gpu_composite_us=0 gpu_blit_us=0
[frust INFO] frust-perf img skipped=0 evicted=3 resident=60 budget=1024x1024x4
[frust INFO] frust-perf raw n=539 total_us=17005 rebuild_us=468 layout_us=18 paint_us=37 encode_us=9 acquire_us=11803 submit_us=4668 skipped=0 gpu_q=1 gpu_total_us=4540 gpu_prepass_us=0 gpu_main_us=4540 gpu_composite_us=0 gpu_blit_us=0
[frust INFO] frust-perf img skipped=0 evicted=4 resident=60 budget=1024x1024x4
[frust INFO] frust-perf enc n=540 w=60 validate_us=3.5 prepare_us=4.8 classify_us=11.2 admit_us=0.5 walk_us=1414.3 glyphs_us=107.1 finish_us=3.7 compile_us=1496.4 schedule_us=5.3 paints_us=19.3 instances_us=77.5 resize_us=3.8 upload_us=1853.8 replay_us=0.8 pipelines_us=18.7 record_us=36.9 total_us=3505.0 total_p95_us=4043.0 draws=29 strips=2111 alphas=51696 glyph_draws=17 atlas_glyphs=17
[frust INFO] frust-perf raw n=540 total_us=18315 rebuild_us=477 layout_us=20 paint_us=40 encode_us=12 acquire_us=12199 submit_us=5564 skipped=0 gpu_q=1 gpu_total_us=4605 gpu_prepass_us=0 gpu_main_us=4605 gpu_composite_us=0 gpu_blit_us=0
[frust INFO] frust-perf img skipped=0 evicted=3 resident=60 budget=1024x1024x4
[frust INFO] frust-perf raw n=541 total_us=15864 rebuild_us=511 layout_us=29 paint_us=41 encode_us=9 acquire_us=10994 submit_us=4277 skipped=0 gpu_q=1 gpu_total_us=4654 gpu_prepass_us=0 gpu_main_us=4654 gpu_composite_us=0 gpu_blit_us=0
[frust INFO] frust-perf img skipped=0 evicted=3 resident=60 budget=1024x1024x4
[frust INFO] frust-perf raw n=542 total_us=17872 rebuild_us=492 layout_us=26 paint_us=34 encode_us=6 acquire_us=12184 submit_us=5128 skipped=0 gpu_q=1 gpu_total_us=4693 gpu_prepass_us=0 gpu_main_us=4693 gpu_composite_us=0 gpu_blit_us=0
[frust INFO] frust-perf img skipped=0 evicted=3 resident=60 budget=1024x1024x4
[frust INFO] frust-perf raw n=543 total_us=16838 rebuild_us=578 layout_us=23 paint_us=38 encode_us=14 acquire_us=11475 submit_us=4707 skipped=0 gpu_q=1 gpu_total_us=4683 gpu_prepass_us=0 gpu_main_us=4683 gpu_composite_us=0 gpu_blit_us=0
[frust INFO] frust-perf img skipped=0 evicted=3 resident=60 budget=1024x1024x4
[frust INFO] frust-perf raw n=544 total_us=17322 rebuild_us=446 layout_us=19 paint_us=34 encode_us=9 acquire_us=11883 submit_us=4930 skipped=0 gpu_q=1 gpu_total_us=4630 gpu_prepass_us=0 gpu_main_us=4630 gpu_composite_us=0 gpu_blit_us=0
[frust INFO] frust-perf img skipped=0 evicted=4 resident=60 budget=1024x1024x4
[frust INFO] frust-perf raw n=545 total_us=17583 rebuild_us=420 layout_us=27 paint_us=31 encode_us=9 acquire_us=11641 submit_us=5453 skipped=0 gpu_q=1 gpu_total_us=4622 gpu_prepass_us=0 gpu_main_us=4622 gpu_composite_us=0 gpu_blit_us=0
[frust INFO] frust-perf img skipped=0 evicted=3 resident=60 budget=1024x1024x4
[frust INFO] frust-perf raw n=546 total_us=16585 rebuild_us=504 layout_us=25 paint_us=34 encode_us=10 acquire_us=11115 submit_us=4894 skipped=0 gpu_q=1 gpu_total_us=4652 gpu_prepass_us=0 gpu_main_us=4652 gpu_composite_us=0 gpu_blit_us=0
[frust INFO] frust-perf img skipped=0 evicted=3 resident=60 budget=1024x1024x4
[frust INFO] frust-perf raw n=547 total_us=17244 rebuild_us=512 layout_us=29 paint_us=40 encode_us=12 acquire_us=11819 submit_us=4829 skipped=0 gpu_q=1 gpu_total_us=4638 gpu_prepass_us=0 gpu_main_us=4638 gpu_composite_us=0 gpu_blit_us=0
[frust INFO] frust-perf img skipped=0 evicted=3 resident=60 budget=1024x1024x4
[frust INFO] frust-perf raw n=548 total_us=17015 rebuild_us=507 layout_us=21 paint_us=37 encode_us=9 acquire_us=11710 submit_us=4728 skipped=0 gpu_q=1 gpu_total_us=4640 gpu_prepass_us=0 gpu_main_us=4640 gpu_composite_us=0 gpu_blit_us=0
[frust INFO] frust-perf img skipped=0 evicted=3 resident=60 budget=1024x1024x4
[frust INFO] frust-perf raw n=549 total_us=16961 rebuild_us=452 layout_us=24 paint_us=30 encode_us=10 acquire_us=11810 submit_us=4634 skipped=0 gpu_q=1 gpu_total_us=4611 gpu_prepass_us=0 gpu_main_us=4611 gpu_composite_us=0 gpu_blit_us=0
[frust INFO] frust-perf img skipped=0 evicted=4 resident=60 budget=1024x1024x4
[frust INFO] frust-perf raw n=550 total_us=17773 rebuild_us=479 layout_us=24 paint_us=34 encode_us=9 acquire_us=12005 submit_us=5220 skipped=0 gpu_q=1 gpu_total_us=4629 gpu_prepass_us=0 gpu_main_us=4629 gpu_composite_us=0 gpu_blit_us=0
[frust INFO] frust-perf img skipped=0 evicted=3 resident=60 budget=1024x1024x4
[frust INFO] frust-perf raw n=551 total_us=16739 rebuild_us=496 layout_us=27 paint_us=38 encode_us=11 acquire_us=11434 submit_us=4730 skipped=0 gpu_q=1 gpu_total_us=4638 gpu_prepass_us=0 gpu_main_us=4638 gpu_composite_us=0 gpu_blit_us=0
[frust INFO] frust-perf img skipped=0 evicted=3 resident=60 budget=1024x1024x4
[frust INFO] frust-perf raw n=552 total_us=17206 rebuild_us=475 layout_us=25 paint_us=39 encode_us=10 acquire_us=11761 submit_us=4894 skipped=0 gpu_q=1 gpu_total_us=4632 gpu_prepass_us=0 gpu_main_us=4632 gpu_composite_us=0 gpu_blit_us=0
[frust INFO] frust-perf img skipped=0 evicted=3 resident=60 budget=1024x1024x4
[frust INFO] frust-perf raw n=553 total_us=17498 rebuild_us=471 layout_us=28 paint_us=31 encode_us=10 acquire_us=12042 submit_us=4914 skipped=0 gpu_q=1 gpu_total_us=4639 gpu_prepass_us=0 gpu_main_us=4639 gpu_composite_us=0 gpu_blit_us=0
[frust INFO] frust-perf img skipped=0 evicted=3 resident=60 budget=1024x1024x4
[frust INFO] frust-perf raw n=554 total_us=16915 rebuild_us=522 layout_us=25 paint_us=35 encode_us=14 acquire_us=11371 submit_us=4945 skipped=0 gpu_q=1 gpu_total_us=4665 gpu_prepass_us=0 gpu_main_us=4665 gpu_composite_us=0 gpu_blit_us=0
[frust INFO] frust-perf img skipped=0 evicted=4 resident=60 budget=1024x1024x4
[frust INFO] frust-perf raw n=555 total_us=17482 rebuild_us=507 layout_us=26 paint_us=38 encode_us=10 acquire_us=11702 submit_us=5196 skipped=0 gpu_q=1 gpu_total_us=4583 gpu_prepass_us=0 gpu_main_us=4583 gpu_composite_us=0 gpu_blit_us=0
[frust INFO] frust-perf img skipped=0 evicted=3 resident=60 budget=1024x1024x4
[frust INFO] frust-perf raw n=556 total_us=16904 rebuild_us=498 layout_us=28 paint_us=36 encode_us=9 acquire_us=11419 submit_us=4912 skipped=0 gpu_q=1 gpu_total_us=4666 gpu_prepass_us=0 gpu_main_us=4666 gpu_composite_us=0 gpu_blit_us=0
[frust INFO] frust-perf img skipped=0 evicted=3 resident=60 budget=1024x1024x4
[frust INFO] frust-perf raw n=557 total_us=16979 rebuild_us=508 layout_us=26 paint_us=39 encode_us=9 acquire_us=11731 submit_us=4664 skipped=0 gpu_q=1 gpu_total_us=4648 gpu_prepass_us=0 gpu_main_us=4648 gpu_composite_us=0 gpu_blit_us=0
[frust INFO] frust-perf img skipped=0 evicted=3 resident=60 budget=1024x1024x4
[frust INFO] frust-perf raw n=558 total_us=17450 rebuild_us=478 layout_us=25 paint_us=33 encode_us=9 acquire_us=12066 submit_us=4836 skipped=0 gpu_q=1 gpu_total_us=4639 gpu_prepass_us=0 gpu_main_us=4639 gpu_composite_us=0 gpu_blit_us=0
[frust INFO] frust-perf img skipped=0 evicted=3 resident=60 budget=1024x1024x4
[frust INFO] frust-perf raw n=559 total_us=17006 rebuild_us=465 layout_us=21 paint_us=30 encode_us=9 acquire_us=11641 submit_us=4839 skipped=0 gpu_q=1 gpu_total_us=4623 gpu_prepass_us=0 gpu_main_us=4623 gpu_composite_us=0 gpu_blit_us=0
[frust INFO] frust-perf img skipped=0 evicted=4 resident=60 budget=1024x1024x4
[frust INFO] frust-perf raw n=560 total_us=17441 rebuild_us=468 layout_us=24 paint_us=28 encode_us=13 acquire_us=11911 submit_us=4995 skipped=0 gpu_q=1 gpu_total_us=4618 gpu_prepass_us=0 gpu_main_us=4618 gpu_composite_us=0 gpu_blit_us=0
[frust INFO] frust-perf img skipped=0 evicted=3 resident=60 budget=1024x1024x4
[frust INFO] frust-perf raw n=561 total_us=16650 rebuild_us=425 layout_us=26 paint_us=33 encode_us=10 acquire_us=11430 submit_us=4724 skipped=0 gpu_q=1 gpu_total_us=4592 gpu_prepass_us=0 gpu_main_us=4592 gpu_composite_us=0 gpu_blit_us=0
[frust INFO] frust-perf img skipped=0 evicted=3 resident=60 budget=1024x1024x4
[frust INFO] frust-perf raw n=562 total_us=17251 rebuild_us=536 layout_us=28 paint_us=33 encode_us=9 acquire_us=12179 submit_us=4464 skipped=0 gpu_q=1 gpu_total_us=4636 gpu_prepass_us=0 gpu_main_us=4636 gpu_composite_us=0 gpu_blit_us=0
[frust INFO] frust-perf img skipped=0 evicted=3 resident=60 budget=1024x1024x4
[frust INFO] frust-perf raw n=563 total_us=17533 rebuild_us=514 layout_us=26 paint_us=24 encode_us=6 acquire_us=11849 submit_us=5111 skipped=0 gpu_q=1 gpu_total_us=4690 gpu_prepass_us=0 gpu_main_us=4690 gpu_composite_us=0 gpu_blit_us=0
[frust INFO] frust-perf img skipped=0 evicted=3 resident=60 budget=1024x1024x4
[frust INFO] frust-perf raw n=564 total_us=16965 rebuild_us=546 layout_us=18 paint_us=30 encode_us=15 acquire_us=11481 submit_us=4871 skipped=0 gpu_q=1 gpu_total_us=4652 gpu_prepass_us=0 gpu_main_us=4652 gpu_composite_us=0 gpu_blit_us=0
[frust INFO] frust-perf img skipped=0 evicted=4 resident=60 budget=1024x1024x4
[frust INFO] frust-perf raw n=565 total_us=17633 rebuild_us=487 layout_us=24 paint_us=30 encode_us=7 acquire_us=11796 submit_us=5287 skipped=0 gpu_q=1 gpu_total_us=4603 gpu_prepass_us=0 gpu_main_us=4603 gpu_composite_us=0 gpu_blit_us=0
[frust INFO] frust-perf img skipped=0 evicted=3 resident=60 budget=1024x1024x4
[frust INFO] frust-perf raw n=566 total_us=16428 rebuild_us=531 layout_us=25 paint_us=31 encode_us=11 acquire_us=11205 submit_us=4622 skipped=0 gpu_q=1 gpu_total_us=4524 gpu_prepass_us=0 gpu_main_us=4524 gpu_composite_us=0 gpu_blit_us=0
[frust INFO] frust-perf img skipped=0 evicted=3 resident=60 budget=1024x1024x4
[frust INFO] frust-perf raw n=567 total_us=17093 rebuild_us=491 layout_us=23 paint_us=37 encode_us=9 acquire_us=12268 submit_us=4263 skipped=0 gpu_q=1 gpu_total_us=4617 gpu_prepass_us=0 gpu_main_us=4617 gpu_composite_us=0 gpu_blit_us=0
[frust INFO] frust-perf img skipped=0 evicted=3 resident=60 budget=1024x1024x4
[frust INFO] frust-perf raw n=568 total_us=17816 rebuild_us=490 layout_us=24 paint_us=33 encode_us=6 acquire_us=12152 submit_us=5109 skipped=0 gpu_q=1 gpu_total_us=4655 gpu_prepass_us=0 gpu_main_us=4655 gpu_composite_us=0 gpu_blit_us=0
[frust INFO] frust-perf img skipped=0 evicted=3 resident=60 budget=1024x1024x4
[frust INFO] frust-perf raw n=569 total_us=16837 rebuild_us=538 layout_us=22 paint_us=33 encode_us=7 acquire_us=11562 submit_us=4674 skipped=0 gpu_q=1 gpu_total_us=4650 gpu_prepass_us=0 gpu_main_us=4650 gpu_composite_us=0 gpu_blit_us=0
[frust INFO] frust-perf img skipped=0 evicted=3 resident=60 budget=1024x1024x4
[frust INFO] frust-perf raw n=570 total_us=17454 rebuild_us=553 layout_us=27 paint_us=34 encode_us=6 acquire_us=11964 submit_us=4869 skipped=0 gpu_q=1 gpu_total_us=4589 gpu_prepass_us=0 gpu_main_us=4589 gpu_composite_us=0 gpu_blit_us=0
[frust INFO] frust-perf img skipped=0 evicted=4 resident=60 budget=1024x1024x4
[frust INFO] frust-perf raw n=571 total_us=17682 rebuild_us=525 layout_us=24 paint_us=39 encode_us=15 acquire_us=11761 submit_us=5315 skipped=0 gpu_q=1 gpu_total_us=4566 gpu_prepass_us=0 gpu_main_us=4566 gpu_composite_us=0 gpu_blit_us=0
[frust INFO] frust-perf img skipped=0 evicted=3 resident=60 budget=1024x1024x4
[frust INFO] frust-perf raw n=572 total_us=16381 rebuild_us=448 layout_us=19 paint_us=34 encode_us=10 acquire_us=11132 submit_us=4735 skipped=0 gpu_q=1 gpu_total_us=4663 gpu_prepass_us=0 gpu_main_us=4663 gpu_composite_us=0 gpu_blit_us=0
[frust INFO] frust-perf img skipped=0 evicted=3 resident=60 budget=1024x1024x4
[frust INFO] frust-perf raw n=573 total_us=17789 rebuild_us=483 layout_us=27 paint_us=41 encode_us=13 acquire_us=11957 submit_us=5265 skipped=0 gpu_q=1 gpu_total_us=4528 gpu_prepass_us=0 gpu_main_us=4528 gpu_composite_us=0 gpu_blit_us=0
[frust INFO] frust-perf img skipped=0 evicted=3 resident=60 budget=1024x1024x4
[frust INFO] frust-perf raw n=574 total_us=16810 rebuild_us=497 layout_us=27 paint_us=35 encode_us=9 acquire_us=11316 submit_us=4923 skipped=0 gpu_q=1 gpu_total_us=4573 gpu_prepass_us=0 gpu_main_us=4573 gpu_composite_us=0 gpu_blit_us=0
[frust INFO] frust-perf img skipped=0 evicted=3 resident=60 budget=1024x1024x4
[frust INFO] frust-perf raw n=575 total_us=17564 rebuild_us=541 layout_us=25 paint_us=37 encode_us=13 acquire_us=11791 submit_us=5153 skipped=0 gpu_q=1 gpu_total_us=4596 gpu_prepass_us=0 gpu_main_us=4596 gpu_composite_us=0 gpu_blit_us=0
[frust INFO] frust-perf img skipped=0 evicted=4 resident=60 budget=1024x1024x4
[frust INFO] frust-perf raw n=576 total_us=17658 rebuild_us=538 layout_us=22 paint_us=36 encode_us=10 acquire_us=11390 submit_us=5660 skipped=0 gpu_q=1 gpu_total_us=4706 gpu_prepass_us=0 gpu_main_us=4706 gpu_composite_us=0 gpu_blit_us=0
[frust INFO] frust-perf img skipped=0 evicted=3 resident=60 budget=1024x1024x4
[frust INFO] frust-perf raw n=577 total_us=16245 rebuild_us=506 layout_us=27 paint_us=35 encode_us=10 acquire_us=10905 submit_us=4758 skipped=0 gpu_q=1 gpu_total_us=4639 gpu_prepass_us=0 gpu_main_us=4639 gpu_composite_us=0 gpu_blit_us=0
[frust INFO] frust-perf img skipped=0 evicted=3 resident=60 budget=1024x1024x4
[frust INFO] frust-perf raw n=578 total_us=17550 rebuild_us=563 layout_us=25 paint_us=39 encode_us=13 acquire_us=11856 submit_us=5051 skipped=0 gpu_q=1 gpu_total_us=4645 gpu_prepass_us=0 gpu_main_us=4645 gpu_composite_us=0 gpu_blit_us=0
[frust INFO] frust-perf img skipped=0 evicted=3 resident=60 budget=1024x1024x4
[frust INFO] frust-perf raw n=579 total_us=17316 rebuild_us=538 layout_us=29 paint_us=32 encode_us=9 acquire_us=11565 submit_us=5140 skipped=0 gpu_q=1 gpu_total_us=4630 gpu_prepass_us=0 gpu_main_us=4630 gpu_composite_us=0 gpu_blit_us=0
[frust INFO] frust-perf img skipped=0 evicted=3 resident=60 budget=1024x1024x4
[frust INFO] frust-perf raw n=580 total_us=17070 rebuild_us=547 layout_us=28 paint_us=35 encode_us=10 acquire_us=11473 submit_us=4975 skipped=0 gpu_q=1 gpu_total_us=4590 gpu_prepass_us=0 gpu_main_us=4590 gpu_composite_us=0 gpu_blit_us=0
[frust INFO] frust-perf img skipped=0 evicted=4 resident=60 budget=1024x1024x4
[frust INFO] frust-perf raw n=581 total_us=17849 rebuild_us=506 layout_us=24 paint_us=40 encode_us=9 acquire_us=11591 submit_us=5676 skipped=0 gpu_q=1 gpu_total_us=4641 gpu_prepass_us=0 gpu_main_us=4641 gpu_composite_us=0 gpu_blit_us=0
[frust INFO] frust-perf img skipped=0 evicted=3 resident=60 budget=1024x1024x4
[frust INFO] frust-perf raw n=582 total_us=16780 rebuild_us=544 layout_us=26 paint_us=36 encode_us=6 acquire_us=10911 submit_us=5253 skipped=0 gpu_q=1 gpu_total_us=4659 gpu_prepass_us=0 gpu_main_us=4659 gpu_composite_us=0 gpu_blit_us=0
[frust INFO] frust-perf img skipped=0 evicted=3 resident=60 budget=1024x1024x4
[frust INFO] frust-perf raw n=583 total_us=17073 rebuild_us=602 layout_us=29 paint_us=36 encode_us=6 acquire_us=11645 submit_us=4754 skipped=0 gpu_q=1 gpu_total_us=4624 gpu_prepass_us=0 gpu_main_us=4624 gpu_composite_us=0 gpu_blit_us=0
[frust INFO] frust-perf img skipped=0 evicted=3 resident=60 budget=1024x1024x4
[frust INFO] frust-perf raw n=584 total_us=17445 rebuild_us=575 layout_us=28 paint_us=32 encode_us=6 acquire_us=11660 submit_us=5141 skipped=0 gpu_q=1 gpu_total_us=4628 gpu_prepass_us=0 gpu_main_us=4628 gpu_composite_us=0 gpu_blit_us=0
[frust INFO] frust-perf img skipped=0 evicted=3 resident=60 budget=1024x1024x4
[frust INFO] frust-perf raw n=585 total_us=16775 rebuild_us=514 layout_us=26 paint_us=38 encode_us=8 acquire_us=11462 submit_us=4724 skipped=0 gpu_q=1 gpu_total_us=4621 gpu_prepass_us=0 gpu_main_us=4621 gpu_composite_us=0 gpu_blit_us=0
[frust INFO] frust-perf img skipped=0 evicted=4 resident=60 budget=1024x1024x4
[frust INFO] frust-perf raw n=586 total_us=17982 rebuild_us=467 layout_us=23 paint_us=34 encode_us=7 acquire_us=11885 submit_us=5563 skipped=0 gpu_q=1 gpu_total_us=4563 gpu_prepass_us=0 gpu_main_us=4563 gpu_composite_us=0 gpu_blit_us=0
[frust INFO] frust-perf img skipped=0 evicted=3 resident=60 budget=1024x1024x4
[frust INFO] frust-perf raw n=587 total_us=16537 rebuild_us=513 layout_us=24 paint_us=35 encode_us=13 acquire_us=11120 submit_us=4831 skipped=0 gpu_q=1 gpu_total_us=4519 gpu_prepass_us=0 gpu_main_us=4519 gpu_composite_us=0 gpu_blit_us=0
[frust INFO] frust-perf img skipped=0 evicted=3 resident=60 budget=1024x1024x4
[frust INFO] frust-perf raw n=588 total_us=17273 rebuild_us=482 layout_us=26 paint_us=31 encode_us=9 acquire_us=12006 submit_us=4717 skipped=0 gpu_q=1 gpu_total_us=4604 gpu_prepass_us=0 gpu_main_us=4604 gpu_composite_us=0 gpu_blit_us=0
[frust INFO] frust-perf img skipped=0 evicted=3 resident=60 budget=1024x1024x4
[frust INFO] frust-perf raw n=589 total_us=16488 rebuild_us=442 layout_us=23 paint_us=26 encode_us=9 acquire_us=11533 submit_us=4452 skipped=0 gpu_q=1 gpu_total_us=4560 gpu_prepass_us=0 gpu_main_us=4560 gpu_composite_us=0 gpu_blit_us=0
[frust INFO] frust-perf img skipped=0 evicted=3 resident=60 budget=1024x1024x4
[frust INFO] frust-perf raw n=590 total_us=17248 rebuild_us=495 layout_us=28 paint_us=34 encode_us=9 acquire_us=12132 submit_us=4549 skipped=0 gpu_q=1 gpu_total_us=4725 gpu_prepass_us=0 gpu_main_us=4725 gpu_composite_us=0 gpu_blit_us=0
[frust INFO] frust-perf frame n=120 total_p50_ms=17 total_p95_ms=17 total_p99_ms=18 rebuild_p95_ms=0 layout_p95_ms=0 paint_p95_ms=0 encode_p95_ms=0 acquire_p95_ms=12 submit_p95_ms=5 over_60hz=493 over_120hz=588 skipped=0 total_frames=590
[frust INFO] frust-perf img skipped=0 evicted=4 resident=60 budget=1024x1024x4
[frust INFO] frust-perf raw n=591 total_us=17539 rebuild_us=472 layout_us=22 paint_us=36 encode_us=8 acquire_us=11989 submit_us=5010 skipped=0 gpu_q=1 gpu_total_us=4591 gpu_prepass_us=0 gpu_main_us=4591 gpu_composite_us=0 gpu_blit_us=0
[frust INFO] frust-perf img skipped=0 evicted=3 resident=60 budget=1024x1024x4
[frust INFO] frust-perf raw n=592 total_us=16616 rebuild_us=512 layout_us=23 paint_us=35 encode_us=7 acquire_us=11535 submit_us=4502 skipped=0 gpu_q=1 gpu_total_us=4629 gpu_prepass_us=0 gpu_main_us=4629 gpu_composite_us=0 gpu_blit_us=0
[frust INFO] frust-perf img skipped=0 evicted=3 resident=60 budget=1024x1024x4
[frust INFO] frust-perf raw n=593 total_us=17762 rebuild_us=547 layout_us=26 paint_us=37 encode_us=6 acquire_us=12488 submit_us=4656 skipped=0 gpu_q=1 gpu_total_us=4638 gpu_prepass_us=0 gpu_main_us=4638 gpu_composite_us=0 gpu_blit_us=0
[frust INFO] frust-perf img skipped=0 evicted=3 resident=60 budget=1024x1024x4
[frust INFO] frust-perf raw n=594 total_us=17234 rebuild_us=516 layout_us=23 paint_us=25 encode_us=7 acquire_us=11595 submit_us=5065 skipped=0 gpu_q=1 gpu_total_us=4657 gpu_prepass_us=0 gpu_main_us=4657 gpu_composite_us=0 gpu_blit_us=0
[frust INFO] frust-perf img skipped=0 evicted=3 resident=60 budget=1024x1024x4
[frust INFO] frust-perf raw n=595 total_us=16791 rebuild_us=544 layout_us=22 paint_us=30 encode_us=14 acquire_us=11574 submit_us=4605 skipped=0 gpu_q=1 gpu_total_us=4637 gpu_prepass_us=0 gpu_main_us=4637 gpu_composite_us=0 gpu_blit_us=0
[frust INFO] frust-perf img skipped=0 evicted=4 resident=60 budget=1024x1024x4
[frust INFO] frust-perf raw n=596 total_us=17485 rebuild_us=499 layout_us=26 paint_us=34 encode_us=15 acquire_us=11945 submit_us=4964 skipped=0 gpu_q=1 gpu_total_us=4630 gpu_prepass_us=0 gpu_main_us=4630 gpu_composite_us=0 gpu_blit_us=0
[frust INFO] frust-perf img skipped=0 evicted=3 resident=60 budget=1024x1024x4
[frust INFO] frust-perf raw n=597 total_us=16648 rebuild_us=517 layout_us=26 paint_us=32 encode_us=7 acquire_us=11619 submit_us=4445 skipped=0 gpu_q=1 gpu_total_us=4641 gpu_prepass_us=0 gpu_main_us=4641 gpu_composite_us=0 gpu_blit_us=0
[frust INFO] frust-perf img skipped=0 evicted=3 resident=60 budget=1024x1024x4
[frust INFO] frust-perf raw n=598 total_us=17970 rebuild_us=525 layout_us=28 paint_us=35 encode_us=6 acquire_us=12554 submit_us=4820 skipped=0 gpu_q=1 gpu_total_us=4638 gpu_prepass_us=0 gpu_main_us=4638 gpu_composite_us=0 gpu_blit_us=0
[frust INFO] frust-perf img skipped=0 evicted=3 resident=60 budget=1024x1024x4
[frust INFO] frust-perf raw n=599 total_us=16580 rebuild_us=531 layout_us=26 paint_us=34 encode_us=11 acquire_us=11456 submit_us=4519 skipped=0 gpu_q=1 gpu_total_us=4647 gpu_prepass_us=0 gpu_main_us=4647 gpu_composite_us=0 gpu_blit_us=0
[frust INFO] frust-perf img skipped=0 evicted=3 resident=60 budget=1024x1024x4
[frust INFO] frust-perf enc n=600 w=60 validate_us=3.7 prepare_us=4.5 classify_us=11.0 admit_us=0.4 walk_us=1412.1 glyphs_us=103.1 finish_us=3.3 compile_us=1494.0 schedule_us=5.3 paints_us=18.9 instances_us=75.7 resize_us=3.8 upload_us=1813.8 replay_us=0.8 pipelines_us=18.6 record_us=35.7 total_us=3499.3 total_p95_us=4073.2 draws=29 strips=2111 alphas=51696 glyph_draws=17 atlas_glyphs=17
[frust INFO] frust-perf raw n=600 total_us=17775 rebuild_us=463 layout_us=18 paint_us=31 encode_us=9 acquire_us=12063 submit_us=5188 skipped=0 gpu_q=1 gpu_total_us=4658 gpu_prepass_us=0 gpu_main_us=4658 gpu_composite_us=0 gpu_blit_us=0
[frust INFO] frust-perf img skipped=0 evicted=3 resident=60 budget=1024x1024x4
[frust INFO] frust-perf raw n=601 total_us=17107 rebuild_us=516 layout_us=31 paint_us=32 encode_us=10 acquire_us=11513 submit_us=5002 skipped=0 gpu_q=1 gpu_total_us=4464 gpu_prepass_us=0 gpu_main_us=4464 gpu_composite_us=0 gpu_blit_us=0
[frust INFO] frust-perf raw n=602 total_us=14983 rebuild_us=483 layout_us=27 paint_us=38 encode_us=10 acquire_us=11481 submit_us=2941 skipped=0 gpu_q=1 gpu_total_us=4556 gpu_prepass_us=0 gpu_main_us=4556 gpu_composite_us=0 gpu_blit_us=0
[frust INFO] frust-perf raw n=603 total_us=17045 rebuild_us=501 layout_us=28 paint_us=33 encode_us=10 acquire_us=13851 submit_us=2619 skipped=0 gpu_q=1 gpu_total_us=4673 gpu_prepass_us=0 gpu_main_us=4673 gpu_composite_us=0 gpu_blit_us=0
[frust INFO] frust-perf raw n=604 total_us=17331 rebuild_us=433 layout_us=19 paint_us=30 encode_us=10 acquire_us=13783 submit_us=3053 skipped=0 gpu_q=1 gpu_total_us=4647 gpu_prepass_us=0 gpu_main_us=4647 gpu_composite_us=0 gpu_blit_us=0
[frust INFO] frust-perf raw n=605 total_us=17296 rebuild_us=509 layout_us=20 paint_us=31 encode_us=12 acquire_us=13752 submit_us=2971 skipped=0 gpu_q=1 gpu_total_us=4683 gpu_prepass_us=0 gpu_main_us=4683 gpu_composite_us=0 gpu_blit_us=0
[frust INFO] frust-perf raw n=606 total_us=17932 rebuild_us=515 layout_us=25 paint_us=36 encode_us=11 acquire_us=13521 submit_us=3821 skipped=0 gpu_q=1 gpu_total_us=4689 gpu_prepass_us=0 gpu_main_us=4689 gpu_composite_us=0 gpu_blit_us=0
[frust INFO] frust-perf raw n=607 total_us=17216 rebuild_us=603 layout_us=29 paint_us=39 encode_us=13 acquire_us=12889 submit_us=3641 skipped=0 gpu_q=1 gpu_total_us=4667 gpu_prepass_us=0 gpu_main_us=4667 gpu_composite_us=0 gpu_blit_us=0
[frust INFO] frust-perf raw n=608 total_us=18148 rebuild_us=655 layout_us=27 paint_us=40 encode_us=13 acquire_us=12895 submit_us=4515 skipped=0 gpu_q=1 gpu_total_us=4628 gpu_prepass_us=0 gpu_main_us=4628 gpu_composite_us=0 gpu_blit_us=0
[frust INFO] frust-perf raw n=609 total_us=17389 rebuild_us=615 layout_us=27 paint_us=42 encode_us=14 acquire_us=12056 submit_us=4633 skipped=0 gpu_q=1 gpu_total_us=4687 gpu_prepass_us=0 gpu_main_us=4687 gpu_composite_us=0 gpu_blit_us=0
[frust INFO] frust-perf raw n=610 total_us=16314 rebuild_us=624 layout_us=26 paint_us=43 encode_us=14 acquire_us=11924 submit_us=3682 skipped=0 gpu_q=1 gpu_total_us=4646 gpu_prepass_us=0 gpu_main_us=4646 gpu_composite_us=0 gpu_blit_us=0
[frust INFO] frust-perf raw n=611 total_us=17983 rebuild_us=603 layout_us=28 paint_us=40 encode_us=17 acquire_us=12822 submit_us=4470 skipped=0 gpu_q=1 gpu_total_us=4693 gpu_prepass_us=0 gpu_main_us=4693 gpu_composite_us=0 gpu_blit_us=0
[frust INFO] frust-perf raw n=612 total_us=16572 rebuild_us=630 layout_us=25 paint_us=40 encode_us=14 acquire_us=12112 submit_us=3748 skipped=0 gpu_q=1 gpu_total_us=4669 gpu_prepass_us=0 gpu_main_us=4669 gpu_composite_us=0 gpu_blit_us=0
[frust INFO] frust-perf raw n=613 total_us=18693 rebuild_us=608 layout_us=26 paint_us=41 encode_us=16 acquire_us=12965 submit_us=5034 skipped=0 gpu_q=1 gpu_total_us=4644 gpu_prepass_us=0 gpu_main_us=4644 gpu_composite_us=0 gpu_blit_us=0
[frust INFO] frust-perf raw n=614 total_us=15907 rebuild_us=619 layout_us=26 paint_us=44 encode_us=14 acquire_us=11343 submit_us=3858 skipped=0 gpu_q=1 gpu_total_us=4700 gpu_prepass_us=0 gpu_main_us=4700 gpu_composite_us=0 gpu_blit_us=0
[frust INFO] frust-perf raw n=615 total_us=18899 rebuild_us=608 layout_us=29 paint_us=37 encode_us=14 acquire_us=12914 submit_us=5293 skipped=0 gpu_q=1 gpu_total_us=4669 gpu_prepass_us=0 gpu_main_us=4669 gpu_composite_us=0 gpu_blit_us=0
[frust INFO] frust-perf raw n=616 total_us=16908 rebuild_us=834 layout_us=35 paint_us=55 encode_us=14 acquire_us=11414 submit_us=4553 skipped=0 gpu_q=1 gpu_total_us=4664 gpu_prepass_us=0 gpu_main_us=4664 gpu_composite_us=0 gpu_blit_us=0
[frust INFO] frust-perf raw n=617 total_us=16885 rebuild_us=647 layout_us=27 paint_us=42 encode_us=17 acquire_us=11703 submit_us=4447 skipped=0 gpu_q=1 gpu_total_us=4659 gpu_prepass_us=0 gpu_main_us=4659 gpu_composite_us=0 gpu_blit_us=0
[frust INFO] frust-perf raw n=618 total_us=17470 rebuild_us=603 layout_us=23 paint_us=40 encode_us=18 acquire_us=12245 submit_us=4539 skipped=0 gpu_q=1 gpu_total_us=4470 gpu_prepass_us=0 gpu_main_us=4470 gpu_composite_us=0 gpu_blit_us=0
[frust INFO] frust-perf raw n=619 total_us=17283 rebuild_us=594 layout_us=29 paint_us=47 encode_us=18 acquire_us=12226 submit_us=4367 skipped=0 gpu_q=1 gpu_total_us=4638 gpu_prepass_us=0 gpu_main_us=4638 gpu_composite_us=0 gpu_blit_us=0
[frust INFO] frust-perf img skipped=0 evicted=4 resident=60 budget=1024x1024x4
[frust INFO] frust-perf raw n=620 total_us=21686 rebuild_us=596 layout_us=25 paint_us=43 encode_us=15 acquire_us=12078 submit_us=8926 skipped=0 gpu_q=1 gpu_total_us=4697 gpu_prepass_us=0 gpu_main_us=4697 gpu_composite_us=0 gpu_blit_us=0
[frust INFO] frust-perf img skipped=0 evicted=3 resident=60 budget=1024x1024x4
[frust INFO] frust-perf raw n=621 total_us=14612 rebuild_us=620 layout_us=26 paint_us=41 encode_us=18 acquire_us=7540 submit_us=6365 skipped=0 gpu_q=1 gpu_total_us=4693 gpu_prepass_us=0 gpu_main_us=4693 gpu_composite_us=0 gpu_blit_us=0
[frust INFO] frust-perf img skipped=0 evicted=3 resident=60 budget=1024x1024x4
[frust INFO] frust-perf raw n=622 total_us=16355 rebuild_us=615 layout_us=27 paint_us=40 encode_us=16 acquire_us=10138 submit_us=5518 skipped=0 gpu_q=1 gpu_total_us=4680 gpu_prepass_us=0 gpu_main_us=4680 gpu_composite_us=0 gpu_blit_us=0
[frust INFO] frust-perf img skipped=0 evicted=3 resident=60 budget=1024x1024x4
[frust INFO] frust-perf raw n=623 total_us=17188 rebuild_us=584 layout_us=30 paint_us=39 encode_us=11 acquire_us=11055 submit_us=5466 skipped=0 gpu_q=1 gpu_total_us=4649 gpu_prepass_us=0 gpu_main_us=4649 gpu_composite_us=0 gpu_blit_us=0
[frust INFO] frust-perf img skipped=0 evicted=3 resident=60 budget=1024x1024x4
[frust INFO] frust-perf raw n=624 total_us=16830 rebuild_us=491 layout_us=26 paint_us=34 encode_us=10 acquire_us=11079 submit_us=5188 skipped=0 gpu_q=1 gpu_total_us=4638 gpu_prepass_us=0 gpu_main_us=4638 gpu_composite_us=0 gpu_blit_us=0
[frust INFO] frust-perf img skipped=0 evicted=4 resident=60 budget=1024x1024x4
[frust INFO] frust-perf raw n=625 total_us=18072 rebuild_us=471 layout_us=21 paint_us=32 encode_us=11 acquire_us=11654 submit_us=5881 skipped=0 gpu_q=1 gpu_total_us=4643 gpu_prepass_us=0 gpu_main_us=4643 gpu_composite_us=0 gpu_blit_us=0
[frust INFO] frust-perf img skipped=0 evicted=3 resident=60 budget=1024x1024x4
[frust INFO] frust-perf raw n=626 total_us=15959 rebuild_us=485 layout_us=23 paint_us=33 encode_us=13 acquire_us=10466 submit_us=4937 skipped=0 gpu_q=1 gpu_total_us=4631 gpu_prepass_us=0 gpu_main_us=4631 gpu_composite_us=0 gpu_blit_us=0
[frust INFO] frust-perf img skipped=0 evicted=3 resident=60 budget=1024x1024x4
[frust INFO] frust-perf raw n=627 total_us=17137 rebuild_us=511 layout_us=29 paint_us=34 encode_us=10 acquire_us=11695 submit_us=4855 skipped=0 gpu_q=1 gpu_total_us=4663 gpu_prepass_us=0 gpu_main_us=4663 gpu_composite_us=0 gpu_blit_us=0
[frust INFO] frust-perf img skipped=0 evicted=3 resident=60 budget=1024x1024x4
[frust INFO] frust-perf raw n=628 total_us=16876 rebuild_us=439 layout_us=27 paint_us=33 encode_us=9 acquire_us=11683 submit_us=4682 skipped=0 gpu_q=1 gpu_total_us=4634 gpu_prepass_us=0 gpu_main_us=4634 gpu_composite_us=0 gpu_blit_us=0
[frust INFO] frust-perf img skipped=0 evicted=3 resident=60 budget=1024x1024x4
[frust INFO] frust-perf raw n=629 total_us=17501 rebuild_us=507 layout_us=23 paint_us=40 encode_us=9 acquire_us=11980 submit_us=4940 skipped=0 gpu_q=1 gpu_total_us=4649 gpu_prepass_us=0 gpu_main_us=4649 gpu_composite_us=0 gpu_blit_us=0
[frust INFO] frust-perf img skipped=0 evicted=4 resident=60 budget=1024x1024x4
[frust INFO] frust-perf raw n=630 total_us=17610 rebuild_us=483 layout_us=26 paint_us=37 encode_us=10 acquire_us=11712 submit_us=5338 skipped=0 gpu_q=1 gpu_total_us=4649 gpu_prepass_us=0 gpu_main_us=4649 gpu_composite_us=0 gpu_blit_us=0
[frust INFO] frust-perf img skipped=0 evicted=3 resident=60 budget=1024x1024x4
[frust INFO] frust-perf raw n=631 total_us=16713 rebuild_us=496 layout_us=26 paint_us=40 encode_us=13 acquire_us=11181 submit_us=4955 skipped=0 gpu_q=1 gpu_total_us=4651 gpu_prepass_us=0 gpu_main_us=4651 gpu_composite_us=0 gpu_blit_us=0
[frust INFO] frust-perf img skipped=0 evicted=3 resident=60 budget=1024x1024x4
[frust INFO] frust-perf raw n=632 total_us=17146 rebuild_us=521 layout_us=24 paint_us=40 encode_us=10 acquire_us=11632 submit_us=4917 skipped=0 gpu_q=1 gpu_total_us=4667 gpu_prepass_us=0 gpu_main_us=4667 gpu_composite_us=0 gpu_blit_us=0
[frust INFO] frust-perf img skipped=0 evicted=3 resident=60 budget=1024x1024x4
[frust INFO] frust-perf raw n=633 total_us=17119 rebuild_us=499 layout_us=24 paint_us=33 encode_us=12 acquire_us=11725 submit_us=4823 skipped=0 gpu_q=1 gpu_total_us=4757 gpu_prepass_us=0 gpu_main_us=4757 gpu_composite_us=0 gpu_blit_us=0
[frust INFO] frust-perf img skipped=0 evicted=3 resident=60 budget=1024x1024x4
[frust INFO] frust-perf raw n=634 total_us=17096 rebuild_us=492 layout_us=29 paint_us=38 encode_us=12 acquire_us=11744 submit_us=4778 skipped=0 gpu_q=1 gpu_total_us=4675 gpu_prepass_us=0 gpu_main_us=4675 gpu_composite_us=0 gpu_blit_us=0
[frust INFO] frust-perf img skipped=0 evicted=4 resident=60 budget=1024x1024x4
[frust INFO] frust-perf raw n=635 total_us=17717 rebuild_us=457 layout_us=23 paint_us=33 encode_us=10 acquire_us=12044 submit_us=5148 skipped=0 gpu_q=1 gpu_total_us=4635 gpu_prepass_us=0 gpu_main_us=4635 gpu_composite_us=0 gpu_blit_us=0
[frust INFO] frust-perf img skipped=0 evicted=3 resident=60 budget=1024x1024x4
[frust INFO] frust-perf raw n=636 total_us=16337 rebuild_us=446 layout_us=26 paint_us=40 encode_us=10 acquire_us=11266 submit_us=4548 skipped=0 gpu_q=1 gpu_total_us=4660 gpu_prepass_us=0 gpu_main_us=4660 gpu_composite_us=0 gpu_blit_us=0
[frust INFO] frust-perf img skipped=0 evicted=3 resident=60 budget=1024x1024x4
[frust INFO] frust-perf raw n=637 total_us=17257 rebuild_us=483 layout_us=20 paint_us=37 encode_us=9 acquire_us=12070 submit_us=4636 skipped=0 gpu_q=1 gpu_total_us=4647 gpu_prepass_us=0 gpu_main_us=4647 gpu_composite_us=0 gpu_blit_us=0
[frust INFO] frust-perf img skipped=0 evicted=3 resident=60 budget=1024x1024x4
[frust INFO] frust-perf raw n=638 total_us=17690 rebuild_us=475 layout_us=24 paint_us=32 encode_us=6 acquire_us=11962 submit_us=5189 skipped=0 gpu_q=1 gpu_total_us=4633 gpu_prepass_us=0 gpu_main_us=4633 gpu_composite_us=0 gpu_blit_us=0
[frust INFO] frust-perf img skipped=0 evicted=3 resident=60 budget=1024x1024x4
[frust INFO] frust-perf raw n=639 total_us=16865 rebuild_us=532 layout_us=26 paint_us=30 encode_us=11 acquire_us=11374 submit_us=4890 skipped=0 gpu_q=1 gpu_total_us=4673 gpu_prepass_us=0 gpu_main_us=4673 gpu_composite_us=0 gpu_blit_us=0
[frust INFO] frust-perf img skipped=0 evicted=4 resident=60 budget=1024x1024x4
[frust INFO] frust-perf raw n=640 total_us=18136 rebuild_us=506 layout_us=29 paint_us=39 encode_us=8 acquire_us=11925 submit_us=5626 skipped=0 gpu_q=1 gpu_total_us=4651 gpu_prepass_us=0 gpu_main_us=4651 gpu_composite_us=0 gpu_blit_us=0
[frust INFO] frust-perf img skipped=0 evicted=3 resident=60 budget=1024x1024x4
[frust INFO] frust-perf raw n=641 total_us=16085 rebuild_us=478 layout_us=19 paint_us=32 encode_us=15 acquire_us=10795 submit_us=4742 skipped=0 gpu_q=1 gpu_total_us=4609 gpu_prepass_us=0 gpu_main_us=4609 gpu_composite_us=0 gpu_blit_us=0
[frust INFO] frust-perf img skipped=0 evicted=3 resident=60 budget=1024x1024x4
[frust INFO] frust-perf raw n=642 total_us=17018 rebuild_us=573 layout_us=28 paint_us=39 encode_us=13 acquire_us=11820 submit_us=4543 skipped=0 gpu_q=1 gpu_total_us=4776 gpu_prepass_us=0 gpu_main_us=4776 gpu_composite_us=0 gpu_blit_us=0
[frust INFO] frust-perf img skipped=0 evicted=3 resident=60 budget=1024x1024x4
[frust INFO] frust-perf raw n=643 total_us=17229 rebuild_us=481 layout_us=23 paint_us=31 encode_us=14 acquire_us=12028 submit_us=4649 skipped=0 gpu_q=1 gpu_total_us=4604 gpu_prepass_us=0 gpu_main_us=4604 gpu_composite_us=0 gpu_blit_us=0
[frust INFO] frust-perf img skipped=0 evicted=3 resident=60 budget=1024x1024x4
[frust INFO] frust-perf raw n=644 total_us=17241 rebuild_us=505 layout_us=26 paint_us=30 encode_us=5 acquire_us=11970 submit_us=4703 skipped=0 gpu_q=1 gpu_total_us=4697 gpu_prepass_us=0 gpu_main_us=4697 gpu_composite_us=0 gpu_blit_us=0
[frust INFO] frust-perf img skipped=0 evicted=4 resident=60 budget=1024x1024x4
[frust INFO] frust-perf raw n=645 total_us=17742 rebuild_us=541 layout_us=26 paint_us=40 encode_us=12 acquire_us=12128 submit_us=4993 skipped=0 gpu_q=1 gpu_total_us=4632 gpu_prepass_us=0 gpu_main_us=4632 gpu_composite_us=0 gpu_blit_us=0
[frust INFO] frust-perf img skipped=0 evicted=3 resident=60 budget=1024x1024x4
[frust INFO] frust-perf raw n=646 total_us=16918 rebuild_us=448 layout_us=23 paint_us=38 encode_us=6 acquire_us=11788 submit_us=4614 skipped=0 gpu_q=1 gpu_total_us=4673 gpu_prepass_us=0 gpu_main_us=4673 gpu_composite_us=0 gpu_blit_us=0
[frust INFO] frust-perf img skipped=0 evicted=3 resident=60 budget=1024x1024x4
[frust INFO] frust-perf raw n=647 total_us=16925 rebuild_us=182 layout_us=8 paint_us=13 encode_us=7 acquire_us=12065 submit_us=4648 skipped=0 gpu_q=1 gpu_total_us=4541 gpu_prepass_us=0 gpu_main_us=4541 gpu_composite_us=0 gpu_blit_us=0
[frust INFO] frust-perf img skipped=0 evicted=3 resident=60 budget=1024x1024x4
[frust INFO] frust-perf raw n=648 total_us=16792 rebuild_us=167 layout_us=7 paint_us=11 encode_us=6 acquire_us=11820 submit_us=4778 skipped=0 gpu_q=1 gpu_total_us=4643 gpu_prepass_us=0 gpu_main_us=4643 gpu_composite_us=0 gpu_blit_us=0
[frust INFO] frust-perf img skipped=0 evicted=3 resident=60 budget=1024x1024x4
[frust INFO] frust-perf raw n=649 total_us=17164 rebuild_us=688 layout_us=26 paint_us=37 encode_us=10 acquire_us=11586 submit_us=4816 skipped=0 gpu_q=1 gpu_total_us=4565 gpu_prepass_us=0 gpu_main_us=4565 gpu_composite_us=0 gpu_blit_us=0
[frust INFO] frust-perf img skipped=0 evicted=4 resident=60 budget=1024x1024x4
[frust INFO] frust-perf raw n=650 total_us=17861 rebuild_us=557 layout_us=28 paint_us=35 encode_us=10 acquire_us=12050 submit_us=5179 skipped=0 gpu_q=1 gpu_total_us=4532 gpu_prepass_us=0 gpu_main_us=4532 gpu_composite_us=0 gpu_blit_us=0
[frust INFO] frust-perf img skipped=0 evicted=3 resident=60 budget=1024x1024x4
[frust INFO] frust-perf raw n=651 total_us=16938 rebuild_us=540 layout_us=24 paint_us=31 encode_us=5 acquire_us=11576 submit_us=4757 skipped=0 gpu_q=1 gpu_total_us=4527 gpu_prepass_us=0 gpu_main_us=4527 gpu_composite_us=0 gpu_blit_us=0
[frust INFO] frust-perf img skipped=0 evicted=3 resident=60 budget=1024x1024x4
[frust INFO] frust-perf raw n=652 total_us=16616 rebuild_us=196 layout_us=9 paint_us=12 encode_us=5 acquire_us=11590 submit_us=4801 skipped=0 gpu_q=1 gpu_total_us=4631 gpu_prepass_us=0 gpu_main_us=4631 gpu_composite_us=0 gpu_blit_us=0
[frust INFO] frust-perf img skipped=0 evicted=3 resident=60 budget=1024x1024x4
[frust INFO] frust-perf raw n=653 total_us=17272 rebuild_us=725 layout_us=25 paint_us=47 encode_us=6 acquire_us=11773 submit_us=4695 skipped=0 gpu_q=1 gpu_total_us=4660 gpu_prepass_us=0 gpu_main_us=4660 gpu_composite_us=0 gpu_blit_us=0
[frust INFO] frust-perf img skipped=0 evicted=3 resident=60 budget=1024x1024x4
[frust INFO] frust-perf raw n=654 total_us=17590 rebuild_us=591 layout_us=29 paint_us=32 encode_us=6 acquire_us=11966 submit_us=4963 skipped=0 gpu_q=1 gpu_total_us=4628 gpu_prepass_us=0 gpu_main_us=4628 gpu_composite_us=0 gpu_blit_us=0
[frust INFO] frust-perf img skipped=0 evicted=4 resident=60 budget=1024x1024x4
[frust INFO] frust-perf raw n=655 total_us=17500 rebuild_us=575 layout_us=24 paint_us=39 encode_us=11 acquire_us=11915 submit_us=4933 skipped=0 gpu_q=1 gpu_total_us=4590 gpu_prepass_us=0 gpu_main_us=4590 gpu_composite_us=0 gpu_blit_us=0
[frust INFO] frust-perf img skipped=0 evicted=3 resident=60 budget=1024x1024x4
[frust INFO] frust-perf raw n=656 total_us=17321 rebuild_us=548 layout_us=24 paint_us=32 encode_us=5 acquire_us=11535 submit_us=5174 skipped=0 gpu_q=1 gpu_total_us=4551 gpu_prepass_us=0 gpu_main_us=4551 gpu_composite_us=0 gpu_blit_us=0
[frust INFO] frust-perf img skipped=0 evicted=3 resident=60 budget=1024x1024x4
[frust INFO] frust-perf raw n=657 total_us=16894 rebuild_us=592 layout_us=29 paint_us=37 encode_us=16 acquire_us=11353 submit_us=4865 skipped=0 gpu_q=1 gpu_total_us=4666 gpu_prepass_us=0 gpu_main_us=4666 gpu_composite_us=0 gpu_blit_us=0
[frust INFO] frust-perf img skipped=0 evicted=3 resident=60 budget=1024x1024x4
[frust INFO] frust-perf raw n=658 total_us=16809 rebuild_us=518 layout_us=29 paint_us=35 encode_us=5 acquire_us=11691 submit_us=4529 skipped=0 gpu_q=1 gpu_total_us=4602 gpu_prepass_us=0 gpu_main_us=4602 gpu_composite_us=0 gpu_blit_us=0
[frust INFO] frust-perf img skipped=0 evicted=3 resident=60 budget=1024x1024x4
[frust INFO] frust-perf raw n=659 total_us=18029 rebuild_us=594 layout_us=30 paint_us=37 encode_us=6 acquire_us=12094 submit_us=5265 skipped=0 gpu_q=1 gpu_total_us=4654 gpu_prepass_us=0 gpu_main_us=4654 gpu_composite_us=0 gpu_blit_us=0
[frust INFO] frust-perf img skipped=0 evicted=4 resident=60 budget=1024x1024x4
[frust INFO] frust-perf enc n=660 w=60 validate_us=4.0 prepare_us=4.6 classify_us=13.1 admit_us=0.5 walk_us=1381.0 glyphs_us=108.5 finish_us=3.7 compile_us=1462.0 schedule_us=5.4 paints_us=18.3 instances_us=78.3 resize_us=4.0 upload_us=1808.5 replay_us=0.7 pipelines_us=21.2 record_us=38.9 total_us=3416.7 total_p95_us=4162.3 draws=29 strips=2111 alphas=51696 glyph_draws=17 atlas_glyphs=17
[frust INFO] frust-perf raw n=660 total_us=17174 rebuild_us=554 layout_us=27 paint_us=36 encode_us=7 acquire_us=11326 submit_us=5221 skipped=0 gpu_q=1 gpu_total_us=4713 gpu_prepass_us=0 gpu_main_us=4713 gpu_composite_us=0 gpu_blit_us=0
[frust INFO] frust-perf img skipped=0 evicted=3 resident=60 budget=1024x1024x4
[frust INFO] frust-perf raw n=661 total_us=16885 rebuild_us=532 layout_us=24 paint_us=37 encode_us=7 acquire_us=11418 submit_us=4864 skipped=0 gpu_q=1 gpu_total_us=4671 gpu_prepass_us=0 gpu_main_us=4671 gpu_composite_us=0 gpu_blit_us=0
[frust INFO] frust-perf img skipped=0 evicted=3 resident=60 budget=1024x1024x4
[frust INFO] frust-perf raw n=662 total_us=17161 rebuild_us=564 layout_us=28 paint_us=32 encode_us=10 acquire_us=11762 submit_us=4763 skipped=0 gpu_q=1 gpu_total_us=4574 gpu_prepass_us=0 gpu_main_us=4574 gpu_composite_us=0 gpu_blit_us=0
[frust INFO] frust-perf img skipped=0 evicted=3 resident=60 budget=1024x1024x4
[frust INFO] frust-perf raw n=663 total_us=16855 rebuild_us=479 layout_us=23 paint_us=33 encode_us=6 acquire_us=11801 submit_us=4510 skipped=0 gpu_q=1 gpu_total_us=4611 gpu_prepass_us=0 gpu_main_us=4611 gpu_composite_us=0 gpu_blit_us=0
[frust INFO] frust-perf img skipped=0 evicted=3 resident=60 budget=1024x1024x4
[frust INFO] frust-perf raw n=664 total_us=17527 rebuild_us=554 layout_us=22 paint_us=30 encode_us=6 acquire_us=12160 submit_us=4753 skipped=0 gpu_q=1 gpu_total_us=4694 gpu_prepass_us=0 gpu_main_us=4694 gpu_composite_us=0 gpu_blit_us=0
[frust INFO] frust-perf img skipped=0 evicted=4 resident=60 budget=1024x1024x4
[frust INFO] frust-perf raw n=665 total_us=17976 rebuild_us=557 layout_us=26 paint_us=31 encode_us=11 acquire_us=12142 submit_us=5207 skipped=0 gpu_q=1 gpu_total_us=4610 gpu_prepass_us=0 gpu_main_us=4610 gpu_composite_us=0 gpu_blit_us=0
[frust INFO] frust-perf img skipped=0 evicted=3 resident=60 budget=1024x1024x4
[frust INFO] frust-perf raw n=666 total_us=16780 rebuild_us=486 layout_us=19 paint_us=29 encode_us=7 acquire_us=11513 submit_us=4724 skipped=0 gpu_q=1 gpu_total_us=4651 gpu_prepass_us=0 gpu_main_us=4651 gpu_composite_us=0 gpu_blit_us=0
[frust INFO] frust-perf img skipped=0 evicted=3 resident=60 budget=1024x1024x4
[frust INFO] frust-perf raw n=667 total_us=16915 rebuild_us=183 layout_us=8 paint_us=11 encode_us=6 acquire_us=11869 submit_us=4836 skipped=0 gpu_q=1 gpu_total_us=4590 gpu_prepass_us=0 gpu_main_us=4590 gpu_composite_us=0 gpu_blit_us=0
[frust INFO] frust-perf img skipped=0 evicted=3 resident=60 budget=1024x1024x4
[frust INFO] frust-perf raw n=668 total_us=16063 rebuild_us=167 layout_us=7 paint_us=12 encode_us=6 acquire_us=11452 submit_us=4417 skipped=0 gpu_q=1 gpu_total_us=4675 gpu_prepass_us=0 gpu_main_us=4675 gpu_composite_us=0 gpu_blit_us=0
[frust INFO] frust-perf img skipped=0 evicted=3 resident=60 budget=1024x1024x4
[frust INFO] frust-perf raw n=669 total_us=17712 rebuild_us=699 layout_us=29 paint_us=40 encode_us=6 acquire_us=12199 submit_us=4737 skipped=0 gpu_q=1 gpu_total_us=4598 gpu_prepass_us=0 gpu_main_us=4598 gpu_composite_us=0 gpu_blit_us=0
[frust INFO] frust-perf img skipped=0 evicted=3 resident=60 budget=1024x1024x4
[frust INFO] frust-perf raw n=670 total_us=17209 rebuild_us=536 layout_us=27 paint_us=41 encode_us=11 acquire_us=12124 submit_us=4467 skipped=0 gpu_q=1 gpu_total_us=4551 gpu_prepass_us=0 gpu_main_us=4551 gpu_composite_us=0 gpu_blit_us=0
[frust INFO] frust-perf img skipped=0 evicted=4 resident=60 budget=1024x1024x4
[frust INFO] frust-perf raw n=671 total_us=17461 rebuild_us=491 layout_us=19 paint_us=34 encode_us=6 acquire_us=11928 submit_us=4981 skipped=0 gpu_q=1 gpu_total_us=4539 gpu_prepass_us=0 gpu_main_us=4539 gpu_composite_us=0 gpu_blit_us=0
[frust INFO] frust-perf img skipped=0 evicted=3 resident=60 budget=1024x1024x4
[frust INFO] frust-perf raw n=672 total_us=17350 rebuild_us=528 layout_us=24 paint_us=36 encode_us=6 acquire_us=11602 submit_us=5151 skipped=0 gpu_q=1 gpu_total_us=4655 gpu_prepass_us=0 gpu_main_us=4655 gpu_composite_us=0 gpu_blit_us=0
[frust INFO] frust-perf img skipped=0 evicted=3 resident=60 budget=1024x1024x4
[frust INFO] frust-perf raw n=673 total_us=16916 rebuild_us=541 layout_us=28 paint_us=28 encode_us=5 acquire_us=11553 submit_us=4757 skipped=0 gpu_q=1 gpu_total_us=4682 gpu_prepass_us=0 gpu_main_us=4682 gpu_composite_us=0 gpu_blit_us=0
[frust INFO] frust-perf img skipped=0 evicted=3 resident=60 budget=1024x1024x4
[frust INFO] frust-perf raw n=674 total_us=16979 rebuild_us=513 layout_us=24 paint_us=36 encode_us=15 acquire_us=11744 submit_us=4645 skipped=0 gpu_q=1 gpu_total_us=4515 gpu_prepass_us=0 gpu_main_us=4515 gpu_composite_us=0 gpu_blit_us=0
[frust INFO] frust-perf img skipped=0 evicted=3 resident=60 budget=1024x1024x4
[frust INFO] frust-perf raw n=675 total_us=17418 rebuild_us=479 layout_us=28 paint_us=38 encode_us=9 acquire_us=12057 submit_us=4804 skipped=0 gpu_q=1 gpu_total_us=4673 gpu_prepass_us=0 gpu_main_us=4673 gpu_composite_us=0 gpu_blit_us=0
[frust INFO] frust-perf img skipped=0 evicted=4 resident=60 budget=1024x1024x4
[frust INFO] frust-perf raw n=676 total_us=18331 rebuild_us=495 layout_us=29 paint_us=35 encode_us=5 acquire_us=12006 submit_us=5758 skipped=0 gpu_q=1 gpu_total_us=4629 gpu_prepass_us=0 gpu_main_us=4629 gpu_composite_us=0 gpu_blit_us=0
[frust INFO] frust-perf img skipped=0 evicted=3 resident=60 budget=1024x1024x4
[frust INFO] frust-perf raw n=677 total_us=16126 rebuild_us=519 layout_us=27 paint_us=38 encode_us=7 acquire_us=10717 submit_us=4816 skipped=0 gpu_q=1 gpu_total_us=4640 gpu_prepass_us=0 gpu_main_us=4640 gpu_composite_us=0 gpu_blit_us=0
[frust INFO] frust-perf img skipped=0 evicted=3 resident=60 budget=1024x1024x4
[frust INFO] frust-perf raw n=678 total_us=17062 rebuild_us=560 layout_us=28 paint_us=32 encode_us=60 acquire_us=11738 submit_us=4641 skipped=0 gpu_q=1 gpu_total_us=4632 gpu_prepass_us=0 gpu_main_us=4632 gpu_composite_us=0 gpu_blit_us=0
[frust INFO] frust-perf img skipped=0 evicted=3 resident=60 budget=1024x1024x4
[frust INFO] frust-perf raw n=679 total_us=17698 rebuild_us=485 layout_us=27 paint_us=37 encode_us=6 acquire_us=12007 submit_us=5134 skipped=0 gpu_q=1 gpu_total_us=4594 gpu_prepass_us=0 gpu_main_us=4594 gpu_composite_us=0 gpu_blit_us=0
[frust INFO] frust-perf img skipped=0 evicted=3 resident=60 budget=1024x1024x4
[frust INFO] frust-perf raw n=680 total_us=16881 rebuild_us=529 layout_us=22 paint_us=35 encode_us=13 acquire_us=11598 submit_us=4681 skipped=0 gpu_q=1 gpu_total_us=4720 gpu_prepass_us=0 gpu_main_us=4720 gpu_composite_us=0 gpu_blit_us=0
[frust INFO] frust-perf img skipped=0 evicted=4 resident=60 budget=1024x1024x4
[frust INFO] frust-perf raw n=681 total_us=17672 rebuild_us=486 layout_us=27 paint_us=31 encode_us=11 acquire_us=11756 submit_us=5358 skipped=0 gpu_q=1 gpu_total_us=4760 gpu_prepass_us=0 gpu_main_us=4760 gpu_composite_us=0 gpu_blit_us=0
[frust INFO] frust-perf img skipped=0 evicted=3 resident=60 budget=1024x1024x4
[frust INFO] frust-perf raw n=682 total_us=16524 rebuild_us=489 layout_us=26 paint_us=39 encode_us=10 acquire_us=11131 submit_us=4827 skipped=0 gpu_q=1 gpu_total_us=4606 gpu_prepass_us=0 gpu_main_us=4606 gpu_composite_us=0 gpu_blit_us=0
[frust INFO] frust-perf img skipped=0 evicted=3 resident=60 budget=1024x1024x4
[frust INFO] frust-perf raw n=683 total_us=17461 rebuild_us=501 layout_us=23 paint_us=31 encode_us=9 acquire_us=11822 submit_us=5073 skipped=0 gpu_q=1 gpu_total_us=4648 gpu_prepass_us=0 gpu_main_us=4648 gpu_composite_us=0 gpu_blit_us=0
[frust INFO] frust-perf img skipped=0 evicted=3 resident=60 budget=1024x1024x4
[frust INFO] frust-perf raw n=684 total_us=16892 rebuild_us=436 layout_us=21 paint_us=35 encode_us=10 acquire_us=11496 submit_us=4893 skipped=0 gpu_q=1 gpu_total_us=4637 gpu_prepass_us=0 gpu_main_us=4637 gpu_composite_us=0 gpu_blit_us=0
[frust INFO] frust-perf img skipped=0 evicted=3 resident=60 budget=1024x1024x4
[frust INFO] frust-perf raw n=685 total_us=17352 rebuild_us=473 layout_us=29 paint_us=34 encode_us=9 acquire_us=11898 submit_us=4906 skipped=0 gpu_q=1 gpu_total_us=4597 gpu_prepass_us=0 gpu_main_us=4597 gpu_composite_us=0 gpu_blit_us=0
[frust INFO] frust-perf img skipped=0 evicted=4 resident=60 budget=1024x1024x4
[frust INFO] frust-perf raw n=686 total_us=17592 rebuild_us=508 layout_us=23 paint_us=35 encode_us=9 acquire_us=11461 submit_us=5553 skipped=0 gpu_q=1 gpu_total_us=4609 gpu_prepass_us=0 gpu_main_us=4609 gpu_composite_us=0 gpu_blit_us=0
[frust INFO] frust-perf img skipped=0 evicted=3 resident=60 budget=1024x1024x4
[frust INFO] frust-perf raw n=687 total_us=16650 rebuild_us=516 layout_us=29 paint_us=34 encode_us=9 acquire_us=11047 submit_us=5014 skipped=0 gpu_q=1 gpu_total_us=4644 gpu_prepass_us=0 gpu_main_us=4644 gpu_composite_us=0 gpu_blit_us=0
[frust INFO] frust-perf img skipped=0 evicted=3 resident=60 budget=1024x1024x4
[frust INFO] frust-perf raw n=688 total_us=16992 rebuild_us=501 layout_us=23 paint_us=34 encode_us=9 acquire_us=11582 submit_us=4841 skipped=0 gpu_q=1 gpu_total_us=4713 gpu_prepass_us=0 gpu_main_us=4713 gpu_composite_us=0 gpu_blit_us=0
[frust INFO] frust-perf img skipped=0 evicted=3 resident=60 budget=1024x1024x4
[frust INFO] frust-perf raw n=689 total_us=17377 rebuild_us=516 layout_us=24 paint_us=36 encode_us=9 acquire_us=11770 submit_us=5020 skipped=0 gpu_q=1 gpu_total_us=4748 gpu_prepass_us=0 gpu_main_us=4748 gpu_composite_us=0 gpu_blit_us=0
[frust INFO] frust-perf img skipped=0 evicted=3 resident=60 budget=1024x1024x4
[frust INFO] frust-perf raw n=690 total_us=17291 rebuild_us=518 layout_us=26 paint_us=39 encode_us=9 acquire_us=11743 submit_us=4954 skipped=0 gpu_q=1 gpu_total_us=4587 gpu_prepass_us=0 gpu_main_us=4587 gpu_composite_us=0 gpu_blit_us=0
[frust INFO] frust-perf img skipped=0 evicted=4 resident=60 budget=1024x1024x4
[frust INFO] frust-perf raw n=691 total_us=17433 rebuild_us=515 layout_us=28 paint_us=34 encode_us=10 acquire_us=11432 submit_us=5413 skipped=0 gpu_q=1 gpu_total_us=4620 gpu_prepass_us=0 gpu_main_us=4620 gpu_composite_us=0 gpu_blit_us=0
[frust INFO] frust-perf img skipped=0 evicted=3 resident=60 budget=1024x1024x4
[frust INFO] frust-perf raw n=692 total_us=16547 rebuild_us=452 layout_us=26 paint_us=34 encode_us=9 acquire_us=11215 submit_us=4809 skipped=0 gpu_q=1 gpu_total_us=4656 gpu_prepass_us=0 gpu_main_us=4656 gpu_composite_us=0 gpu_blit_us=0
[frust INFO] frust-perf img skipped=0 evicted=3 resident=60 budget=1024x1024x4
[frust INFO] frust-perf raw n=693 total_us=17168 rebuild_us=469 layout_us=20 paint_us=33 encode_us=12 acquire_us=11761 submit_us=4870 skipped=0 gpu_q=1 gpu_total_us=4620 gpu_prepass_us=0 gpu_main_us=4620 gpu_composite_us=0 gpu_blit_us=0
[frust INFO] frust-perf img skipped=0 evicted=3 resident=60 budget=1024x1024x4
[frust INFO] frust-perf raw n=694 total_us=17214 rebuild_us=488 layout_us=24 paint_us=38 encode_us=9 acquire_us=12010 submit_us=4643 skipped=0 gpu_q=1 gpu_total_us=4624 gpu_prepass_us=0 gpu_main_us=4624 gpu_composite_us=0 gpu_blit_us=0
[frust INFO] frust-perf img skipped=0 evicted=3 resident=60 budget=1024x1024x4
[frust INFO] frust-perf raw n=695 total_us=17460 rebuild_us=513 layout_us=29 paint_us=33 encode_us=6 acquire_us=11900 submit_us=4975 skipped=0 gpu_q=1 gpu_total_us=4609 gpu_prepass_us=0 gpu_main_us=4609 gpu_composite_us=0 gpu_blit_us=0
[frust INFO] frust-perf img skipped=0 evicted=4 resident=60 budget=1024x1024x4
[frust INFO] frust-perf raw n=696 total_us=17443 rebuild_us=558 layout_us=18 paint_us=38 encode_us=12 acquire_us=11571 submit_us=5243 skipped=0 gpu_q=1 gpu_total_us=4646 gpu_prepass_us=0 gpu_main_us=4646 gpu_composite_us=0 gpu_blit_us=0
[frust INFO] frust-perf img skipped=0 evicted=3 resident=60 budget=1024x1024x4
[frust INFO] frust-perf raw n=697 total_us=16962 rebuild_us=469 layout_us=19 paint_us=33 encode_us=10 acquire_us=11480 submit_us=4949 skipped=0 gpu_q=1 gpu_total_us=4638 gpu_prepass_us=0 gpu_main_us=4638 gpu_composite_us=0 gpu_blit_us=0
[frust INFO] frust-perf img skipped=0 evicted=3 resident=60 budget=1024x1024x4
[frust INFO] frust-perf raw n=698 total_us=16917 rebuild_us=452 layout_us=21 paint_us=37 encode_us=9 acquire_us=11489 submit_us=4907 skipped=0 gpu_q=1 gpu_total_us=4498 gpu_prepass_us=0 gpu_main_us=4498 gpu_composite_us=0 gpu_blit_us=0
[frust INFO] frust-perf img skipped=0 evicted=3 resident=60 budget=1024x1024x4
[frust INFO] frust-perf raw n=699 total_us=17451 rebuild_us=468 layout_us=23 paint_us=35 encode_us=9 acquire_us=12060 submit_us=4854 skipped=0 gpu_q=1 gpu_total_us=4651 gpu_prepass_us=0 gpu_main_us=4651 gpu_composite_us=0 gpu_blit_us=0
[frust INFO] frust-perf img skipped=0 evicted=3 resident=60 budget=1024x1024x4
[frust INFO] frust-perf raw n=700 total_us=16929 rebuild_us=436 layout_us=25 paint_us=30 encode_us=12 acquire_us=11521 submit_us=4902 skipped=0 gpu_q=1 gpu_total_us=4619 gpu_prepass_us=0 gpu_main_us=4619 gpu_composite_us=0 gpu_blit_us=0
[frust INFO] frust-perf img skipped=0 evicted=4 resident=60 budget=1024x1024x4
[frust INFO] frust-perf raw n=701 total_us=17064 rebuild_us=478 layout_us=27 paint_us=35 encode_us=13 acquire_us=11537 submit_us=4972 skipped=0 gpu_q=1 gpu_total_us=4641 gpu_prepass_us=0 gpu_main_us=4641 gpu_composite_us=0 gpu_blit_us=0
[frust INFO] frust-perf img skipped=0 evicted=3 resident=60 budget=1024x1024x4
[frust INFO] frust-perf raw n=702 total_us=17019 rebuild_us=504 layout_us=27 paint_us=33 encode_us=6 acquire_us=11737 submit_us=4710 skipped=0 gpu_q=1 gpu_total_us=4589 gpu_prepass_us=0 gpu_main_us=4589 gpu_composite_us=0 gpu_blit_us=0
[frust INFO] frust-perf img skipped=0 evicted=3 resident=60 budget=1024x1024x4
[frust INFO] frust-perf raw n=703 total_us=17568 rebuild_us=536 layout_us=27 paint_us=35 encode_us=6 acquire_us=11836 submit_us=5126 skipped=0 gpu_q=1 gpu_total_us=4607 gpu_prepass_us=0 gpu_main_us=4607 gpu_composite_us=0 gpu_blit_us=0
[frust INFO] frust-perf img skipped=0 evicted=3 resident=60 budget=1024x1024x4
[frust INFO] frust-perf raw n=704 total_us=17052 rebuild_us=541 layout_us=27 paint_us=37 encode_us=6 acquire_us=11727 submit_us=4713 skipped=0 gpu_q=1 gpu_total_us=4733 gpu_prepass_us=0 gpu_main_us=4733 gpu_composite_us=0 gpu_blit_us=0
[frust INFO] frust-perf img skipped=0 evicted=3 resident=60 budget=1024x1024x4
[frust INFO] frust-perf raw n=705 total_us=17508 rebuild_us=526 layout_us=19 paint_us=31 encode_us=6 acquire_us=11742 submit_us=5181 skipped=0 gpu_q=1 gpu_total_us=4603 gpu_prepass_us=0 gpu_main_us=4603 gpu_composite_us=0 gpu_blit_us=0
[frust INFO] frust-perf img skipped=0 evicted=4 resident=60 budget=1024x1024x4
[frust INFO] frust-perf raw n=706 total_us=17479 rebuild_us=538 layout_us=29 paint_us=44 encode_us=11 acquire_us=11396 submit_us=5459 skipped=0 gpu_q=1 gpu_total_us=4552 gpu_prepass_us=0 gpu_main_us=4552 gpu_composite_us=0 gpu_blit_us=0
[frust INFO] frust-perf img skipped=0 evicted=3 resident=60 budget=1024x1024x4
[frust INFO] frust-perf raw n=707 total_us=16391 rebuild_us=466 layout_us=21 paint_us=40 encode_us=11 acquire_us=11173 submit_us=4678 skipped=0 gpu_q=1 gpu_total_us=4667 gpu_prepass_us=0 gpu_main_us=4667 gpu_composite_us=0 gpu_blit_us=0
[frust INFO] frust-perf frame n=120 total_p50_ms=17 total_p95_ms=18 total_p99_ms=18 rebuild_p95_ms=0 layout_p95_ms=0 paint_p95_ms=0 encode_p95_ms=0 acquire_p95_ms=12 submit_p95_ms=5 over_60hz=591 over_120hz=705 skipped=0 total_frames=707
[frust INFO] frust-perf img skipped=0 evicted=3 resident=60 budget=1024x1024x4
[frust INFO] frust-perf raw n=708 total_us=17028 rebuild_us=464 layout_us=19 paint_us=34 encode_us=10 acquire_us=11802 submit_us=4697 skipped=0 gpu_q=1 gpu_total_us=4569 gpu_prepass_us=0 gpu_main_us=4569 gpu_composite_us=0 gpu_blit_us=0
[frust INFO] frust-perf img skipped=0 evicted=3 resident=60 budget=1024x1024x4
[frust INFO] frust-perf raw n=709 total_us=17710 rebuild_us=494 layout_us=28 paint_us=36 encode_us=13 acquire_us=12175 submit_us=4961 skipped=0 gpu_q=1 gpu_total_us=4662 gpu_prepass_us=0 gpu_main_us=4662 gpu_composite_us=0 gpu_blit_us=0
[frust INFO] frust-perf img skipped=0 evicted=3 resident=60 budget=1024x1024x4
[frust INFO] frust-perf raw n=710 total_us=16811 rebuild_us=497 layout_us=33 paint_us=35 encode_us=9 acquire_us=11401 submit_us=4834 skipped=0 gpu_q=1 gpu_total_us=4586 gpu_prepass_us=0 gpu_main_us=4586 gpu_composite_us=0 gpu_blit_us=0
[frust INFO] frust-perf img skipped=0 evicted=4 resident=60 budget=1024x1024x4
[frust INFO] frust-perf raw n=711 total_us=17892 rebuild_us=485 layout_us=20 paint_us=29 encode_us=14 acquire_us=11722 submit_us=5620 skipped=0 gpu_q=1 gpu_total_us=4632 gpu_prepass_us=0 gpu_main_us=4632 gpu_composite_us=0 gpu_blit_us=0
[frust INFO] frust-perf img skipped=0 evicted=3 resident=60 budget=1024x1024x4
[frust INFO] frust-perf raw n=712 total_us=16635 rebuild_us=481 layout_us=26 paint_us=40 encode_us=10 acquire_us=11013 submit_us=5063 skipped=0 gpu_q=1 gpu_total_us=4732 gpu_prepass_us=0 gpu_main_us=4732 gpu_composite_us=0 gpu_blit_us=0
[frust INFO] frust-perf img skipped=0 evicted=3 resident=60 budget=1024x1024x4
[frust INFO] frust-perf raw n=713 total_us=16786 rebuild_us=503 layout_us=29 paint_us=35 encode_us=9 acquire_us=11499 submit_us=4709 skipped=0 gpu_q=1 gpu_total_us=4666 gpu_prepass_us=0 gpu_main_us=4666 gpu_composite_us=0 gpu_blit_us=0
[frust INFO] frust-perf img skipped=0 evicted=3 resident=60 budget=1024x1024x4
[frust INFO] frust-perf raw n=714 total_us=17373 rebuild_us=461 layout_us=23 paint_us=34 encode_us=13 acquire_us=12186 submit_us=4653 skipped=0 gpu_q=1 gpu_total_us=4728 gpu_prepass_us=0 gpu_main_us=4728 gpu_composite_us=0 gpu_blit_us=0
[frust INFO] frust-perf img skipped=0 evicted=3 resident=60 budget=1024x1024x4
[frust INFO] frust-perf raw n=715 total_us=17024 rebuild_us=477 layout_us=27 paint_us=32 encode_us=10 acquire_us=11650 submit_us=4826 skipped=0 gpu_q=1 gpu_total_us=4650 gpu_prepass_us=0 gpu_main_us=4650 gpu_composite_us=0 gpu_blit_us=0
[frust INFO] frust-perf img skipped=0 evicted=4 resident=60 budget=1024x1024x4
[frust INFO] frust-perf raw n=716 total_us=17692 rebuild_us=497 layout_us=21 paint_us=36 encode_us=9 acquire_us=11800 submit_us=5326 skipped=0 gpu_q=1 gpu_total_us=4651 gpu_prepass_us=0 gpu_main_us=4651 gpu_composite_us=0 gpu_blit_us=0
[frust INFO] frust-perf img skipped=0 evicted=3 resident=60 budget=1024x1024x4
[frust INFO] frust-perf raw n=717 total_us=16804 rebuild_us=504 layout_us=24 paint_us=41 encode_us=9 acquire_us=11280 submit_us=4943 skipped=0 gpu_q=1 gpu_total_us=4658 gpu_prepass_us=0 gpu_main_us=4658 gpu_composite_us=0 gpu_blit_us=0
[frust INFO] frust-perf img skipped=0 evicted=3 resident=60 budget=1024x1024x4
[frust INFO] frust-perf raw n=718 total_us=17220 rebuild_us=413 layout_us=21 paint_us=38 encode_us=9 acquire_us=11702 submit_us=5033 skipped=0 gpu_q=1 gpu_total_us=4629 gpu_prepass_us=0 gpu_main_us=4629 gpu_composite_us=0 gpu_blit_us=0
[frust INFO] frust-perf img skipped=0 evicted=3 resident=60 budget=1024x1024x4
[frust INFO] frust-perf raw n=719 total_us=17259 rebuild_us=464 layout_us=23 paint_us=32 encode_us=10 acquire_us=11811 submit_us=4916 skipped=0 gpu_q=1 gpu_total_us=4600 gpu_prepass_us=0 gpu_main_us=4600 gpu_composite_us=0 gpu_blit_us=0
[frust INFO] frust-perf img skipped=0 evicted=3 resident=60 budget=1024x1024x4
[frust INFO] frust-perf enc n=720 w=60 validate_us=3.8 prepare_us=4.3 classify_us=10.6 admit_us=0.4 walk_us=1414.5 glyphs_us=105.5 finish_us=3.4 compile_us=1501.3 schedule_us=5.2 paints_us=19.1 instances_us=77.0 resize_us=3.8 upload_us=1841.3 replay_us=0.8 pipelines_us=18.4 record_us=35.4 total_us=3497.0 total_p95_us=4029.6 draws=29 strips=2111 alphas=51696 glyph_draws=17 atlas_glyphs=17
[frust INFO] frust-perf raw n=720 total_us=16795 rebuild_us=497 layout_us=20 paint_us=35 encode_us=9 acquire_us=11409 submit_us=4822 skipped=0 gpu_q=1 gpu_total_us=4604 gpu_prepass_us=0 gpu_main_us=4604 gpu_composite_us=0 gpu_blit_us=0
[frust INFO] frust-perf img skipped=0 evicted=3 resident=60 budget=1024x1024x4
[frust INFO] frust-perf raw n=721 total_us=17162 rebuild_us=478 layout_us=29 paint_us=37 encode_us=11 acquire_us=11778 submit_us=4827 skipped=0 gpu_q=1 gpu_total_us=4656 gpu_prepass_us=0 gpu_main_us=4656 gpu_composite_us=0 gpu_blit_us=0
[frust INFO] frust-perf img skipped=0 evicted=4 resident=60 budget=1024x1024x4
[frust INFO] frust-perf raw n=722 total_us=17475 rebuild_us=447 layout_us=24 paint_us=35 encode_us=13 acquire_us=11789 submit_us=5164 skipped=0 gpu_q=1 gpu_total_us=4626 gpu_prepass_us=0 gpu_main_us=4626 gpu_composite_us=0 gpu_blit_us=0
[frust INFO] frust-perf img skipped=0 evicted=3 resident=60 budget=1024x1024x4
[frust INFO] frust-perf raw n=723 total_us=16577 rebuild_us=410 layout_us=18 paint_us=33 encode_us=9 acquire_us=11369 submit_us=4735 skipped=0 gpu_q=1 gpu_total_us=4650 gpu_prepass_us=0 gpu_main_us=4650 gpu_composite_us=0 gpu_blit_us=0
[frust INFO] frust-perf img skipped=0 evicted=3 resident=60 budget=1024x1024x4
[frust INFO] frust-perf raw n=724 total_us=17484 rebuild_us=525 layout_us=29 paint_us=38 encode_us=9 acquire_us=12203 submit_us=4679 skipped=0 gpu_q=1 gpu_total_us=4641 gpu_prepass_us=0 gpu_main_us=4641 gpu_composite_us=0 gpu_blit_us=0
[frust INFO] frust-perf img skipped=0 evicted=3 resident=60 budget=1024x1024x4
[frust INFO] frust-perf raw n=725 total_us=17516 rebuild_us=548 layout_us=27 paint_us=34 encode_us=7 acquire_us=11687 submit_us=5209 skipped=0 gpu_q=1 gpu_total_us=4575 gpu_prepass_us=0 gpu_main_us=4575 gpu_composite_us=0 gpu_blit_us=0
[frust INFO] frust-perf img skipped=0 evicted=3 resident=60 budget=1024x1024x4
[frust INFO] frust-perf raw n=726 total_us=17179 rebuild_us=561 layout_us=29 paint_us=28 encode_us=12 acquire_us=11481 submit_us=5066 skipped=0 gpu_q=1 gpu_total_us=4611 gpu_prepass_us=0 gpu_main_us=4611 gpu_composite_us=0 gpu_blit_us=0
[frust INFO] frust-perf img skipped=0 evicted=4 resident=60 budget=1024x1024x4
[frust INFO] frust-perf raw n=727 total_us=17384 rebuild_us=524 layout_us=26 paint_us=36 encode_us=6 acquire_us=11624 submit_us=5167 skipped=0 gpu_q=1 gpu_total_us=4626 gpu_prepass_us=0 gpu_main_us=4626 gpu_composite_us=0 gpu_blit_us=0
[frust INFO] frust-perf img skipped=0 evicted=3 resident=60 budget=1024x1024x4
[frust INFO] frust-perf raw n=728 total_us=17464 rebuild_us=578 layout_us=29 paint_us=36 encode_us=6 acquire_us=11461 submit_us=5351 skipped=0 gpu_q=1 gpu_total_us=4506 gpu_prepass_us=0 gpu_main_us=4506 gpu_composite_us=0 gpu_blit_us=0
[frust INFO] frust-perf img skipped=0 evicted=3 resident=60 budget=1024x1024x4
[frust INFO] frust-perf raw n=729 total_us=16898 rebuild_us=590 layout_us=28 paint_us=37 encode_us=7 acquire_us=11256 submit_us=4976 skipped=0 gpu_q=1 gpu_total_us=4608 gpu_prepass_us=0 gpu_main_us=4608 gpu_composite_us=0 gpu_blit_us=0
[frust INFO] frust-perf img skipped=0 evicted=3 resident=60 budget=1024x1024x4
[frust INFO] frust-perf raw n=730 total_us=17453 rebuild_us=532 layout_us=28 paint_us=39 encode_us=6 acquire_us=11702 submit_us=5144 skipped=0 gpu_q=1 gpu_total_us=4505 gpu_prepass_us=0 gpu_main_us=4505 gpu_composite_us=0 gpu_blit_us=0
[frust INFO] frust-perf img skipped=0 evicted=3 resident=60 budget=1024x1024x4
[frust INFO] frust-perf raw n=731 total_us=16275 rebuild_us=575 layout_us=28 paint_us=32 encode_us=11 acquire_us=11213 submit_us=4414 skipped=0 gpu_q=1 gpu_total_us=4568 gpu_prepass_us=0 gpu_main_us=4568 gpu_composite_us=0 gpu_blit_us=0
[frust INFO] frust-perf img skipped=0 evicted=4 resident=60 budget=1024x1024x4
[frust INFO] frust-perf raw n=732 total_us=18519 rebuild_us=542 layout_us=27 paint_us=40 encode_us=7 acquire_us=12287 submit_us=5614 skipped=0 gpu_q=1 gpu_total_us=4656 gpu_prepass_us=0 gpu_main_us=4656 gpu_composite_us=0 gpu_blit_us=0
[frust INFO] frust-perf img skipped=0 evicted=3 resident=60 budget=1024x1024x4
[frust INFO] frust-perf raw n=733 total_us=16400 rebuild_us=591 layout_us=29 paint_us=33 encode_us=12 acquire_us=11265 submit_us=4468 skipped=0 gpu_q=1 gpu_total_us=4534 gpu_prepass_us=0 gpu_main_us=4534 gpu_composite_us=0 gpu_blit_us=0
[frust INFO] frust-perf img skipped=0 evicted=3 resident=60 budget=1024x1024x4
[frust INFO] frust-perf raw n=734 total_us=16883 rebuild_us=197 layout_us=8 paint_us=15 encode_us=19 acquire_us=11856 submit_us=4786 skipped=0 gpu_q=1 gpu_total_us=4657 gpu_prepass_us=0 gpu_main_us=4657 gpu_composite_us=0 gpu_blit_us=0
[frust INFO] frust-perf img skipped=0 evicted=3 resident=60 budget=1024x1024x4
[frust INFO] frust-perf raw n=735 total_us=17203 rebuild_us=756 layout_us=30 paint_us=30 encode_us=9 acquire_us=11984 submit_us=4391 skipped=0 gpu_q=1 gpu_total_us=4610 gpu_prepass_us=0 gpu_main_us=4610 gpu_composite_us=0 gpu_blit_us=0
[frust INFO] frust-perf img skipped=0 evicted=3 resident=60 budget=1024x1024x4
[frust INFO] frust-perf raw n=736 total_us=17978 rebuild_us=510 layout_us=24 paint_us=34 encode_us=6 acquire_us=12144 submit_us=5257 skipped=0 gpu_q=1 gpu_total_us=4626 gpu_prepass_us=0 gpu_main_us=4626 gpu_composite_us=0 gpu_blit_us=0
[frust INFO] frust-perf img skipped=0 evicted=4 resident=60 budget=1024x1024x4
[frust INFO] frust-perf raw n=737 total_us=17169 rebuild_us=523 layout_us=26 paint_us=32 encode_us=11 acquire_us=11254 submit_us=5320 skipped=0 gpu_q=1 gpu_total_us=4599 gpu_prepass_us=0 gpu_main_us=4599 gpu_composite_us=0 gpu_blit_us=0
[frust INFO] frust-perf img skipped=0 evicted=3 resident=60 budget=1024x1024x4
[frust INFO] frust-perf raw n=738 total_us=16443 rebuild_us=509 layout_us=22 paint_us=33 encode_us=5 acquire_us=11279 submit_us=4593 skipped=0 gpu_q=1 gpu_total_us=4620 gpu_prepass_us=0 gpu_main_us=4620 gpu_composite_us=0 gpu_blit_us=0
[frust INFO] frust-perf img skipped=0 evicted=3 resident=60 budget=1024x1024x4
[frust INFO] frust-perf raw n=739 total_us=17565 rebuild_us=551 layout_us=29 paint_us=34 encode_us=6 acquire_us=12078 submit_us=4866 skipped=0 gpu_q=1 gpu_total_us=4667 gpu_prepass_us=0 gpu_main_us=4667 gpu_composite_us=0 gpu_blit_us=0
[frust INFO] frust-perf img skipped=0 evicted=3 resident=60 budget=1024x1024x4
[frust INFO] frust-perf raw n=740 total_us=17050 rebuild_us=515 layout_us=28 paint_us=34 encode_us=14 acquire_us=11890 submit_us=4567 skipped=0 gpu_q=1 gpu_total_us=4660 gpu_prepass_us=0 gpu_main_us=4660 gpu_composite_us=0 gpu_blit_us=0
[frust INFO] frust-perf img skipped=0 evicted=3 resident=60 budget=1024x1024x4
[frust INFO] frust-perf raw n=741 total_us=17598 rebuild_us=463 layout_us=20 paint_us=33 encode_us=13 acquire_us=12038 submit_us=5028 skipped=0 gpu_q=1 gpu_total_us=4453 gpu_prepass_us=0 gpu_main_us=4453 gpu_composite_us=0 gpu_blit_us=0
[frust INFO] frust-perf img skipped=0 evicted=4 resident=60 budget=1024x1024x4
[frust INFO] frust-perf raw n=742 total_us=17398 rebuild_us=501 layout_us=22 paint_us=35 encode_us=15 acquire_us=11388 submit_us=5436 skipped=0 gpu_q=1 gpu_total_us=4634 gpu_prepass_us=0 gpu_main_us=4634 gpu_composite_us=0 gpu_blit_us=0
[frust INFO] frust-perf img skipped=0 evicted=3 resident=60 budget=1024x1024x4
[frust INFO] frust-perf raw n=743 total_us=16762 rebuild_us=508 layout_us=27 paint_us=31 encode_us=13 acquire_us=11240 submit_us=4940 skipped=0 gpu_q=1 gpu_total_us=4638 gpu_prepass_us=0 gpu_main_us=4638 gpu_composite_us=0 gpu_blit_us=0
[frust INFO] frust-perf img skipped=0 evicted=3 resident=60 budget=1024x1024x4
[frust INFO] frust-perf raw n=744 total_us=17096 rebuild_us=524 layout_us=24 paint_us=31 encode_us=9 acquire_us=11630 submit_us=4877 skipped=0 gpu_q=1 gpu_total_us=4652 gpu_prepass_us=0 gpu_main_us=4652 gpu_composite_us=0 gpu_blit_us=0
[frust INFO] frust-perf img skipped=0 evicted=3 resident=60 budget=1024x1024x4
[frust INFO] frust-perf raw n=745 total_us=16987 rebuild_us=495 layout_us=22 paint_us=34 encode_us=10 acquire_us=11636 submit_us=4788 skipped=0 gpu_q=1 gpu_total_us=4646 gpu_prepass_us=0 gpu_main_us=4646 gpu_composite_us=0 gpu_blit_us=0
[frust INFO] frust-perf img skipped=0 evicted=3 resident=60 budget=1024x1024x4
[frust INFO] frust-perf raw n=746 total_us=17594 rebuild_us=503 layout_us=21 paint_us=35 encode_us=10 acquire_us=12100 submit_us=4923 skipped=0 gpu_q=1 gpu_total_us=4610 gpu_prepass_us=0 gpu_main_us=4610 gpu_composite_us=0 gpu_blit_us=0
[frust INFO] frust-perf img skipped=0 evicted=4 resident=60 budget=1024x1024x4
[frust INFO] frust-perf raw n=747 total_us=17490 rebuild_us=517 layout_us=26 paint_us=31 encode_us=13 acquire_us=11432 submit_us=5468 skipped=0 gpu_q=1 gpu_total_us=4634 gpu_prepass_us=0 gpu_main_us=4634 gpu_composite_us=0 gpu_blit_us=0
[frust INFO] frust-perf img skipped=0 evicted=3 resident=60 budget=1024x1024x4
[frust INFO] frust-perf raw n=748 total_us=16605 rebuild_us=496 layout_us=23 paint_us=32 encode_us=9 acquire_us=11133 submit_us=4910 skipped=0 gpu_q=1 gpu_total_us=4695 gpu_prepass_us=0 gpu_main_us=4695 gpu_composite_us=0 gpu_blit_us=0
[frust INFO] frust-perf img skipped=0 evicted=3 resident=60 budget=1024x1024x4
[frust INFO] frust-perf raw n=749 total_us=17206 rebuild_us=509 layout_us=30 paint_us=34 encode_us=9 acquire_us=11766 submit_us=4855 skipped=0 gpu_q=1 gpu_total_us=4658 gpu_prepass_us=0 gpu_main_us=4658 gpu_composite_us=0 gpu_blit_us=0
[frust INFO] frust-perf img skipped=0 evicted=3 resident=60 budget=1024x1024x4
[frust INFO] frust-perf raw n=750 total_us=17135 rebuild_us=499 layout_us=25 paint_us=37 encode_us=10 acquire_us=11662 submit_us=4901 skipped=0 gpu_q=1 gpu_total_us=4717 gpu_prepass_us=0 gpu_main_us=4717 gpu_composite_us=0 gpu_blit_us=0
[frust INFO] frust-perf img skipped=0 evicted=3 resident=60 budget=1024x1024x4
[frust INFO] frust-perf raw n=751 total_us=17242 rebuild_us=496 layout_us=21 paint_us=39 encode_us=9 acquire_us=11936 submit_us=4738 skipped=0 gpu_q=1 gpu_total_us=4589 gpu_prepass_us=0 gpu_main_us=4589 gpu_composite_us=0 gpu_blit_us=0
[frust INFO] frust-perf img skipped=0 evicted=4 resident=60 budget=1024x1024x4
[frust INFO] frust-perf raw n=752 total_us=17611 rebuild_us=503 layout_us=30 paint_us=32 encode_us=10 acquire_us=11653 submit_us=5381 skipped=0 gpu_q=1 gpu_total_us=4632 gpu_prepass_us=0 gpu_main_us=4632 gpu_composite_us=0 gpu_blit_us=0
[frust INFO] frust-perf img skipped=0 evicted=3 resident=60 budget=1024x1024x4
[frust INFO] frust-perf raw n=753 total_us=16746 rebuild_us=512 layout_us=29 paint_us=32 encode_us=13 acquire_us=11289 submit_us=4867 skipped=0 gpu_q=1 gpu_total_us=4666 gpu_prepass_us=0 gpu_main_us=4666 gpu_composite_us=0 gpu_blit_us=0
[frust INFO] frust-perf img skipped=0 evicted=3 resident=60 budget=1024x1024x4
[frust INFO] frust-perf raw n=754 total_us=16984 rebuild_us=512 layout_us=22 paint_us=32 encode_us=8 acquire_us=11620 submit_us=4788 skipped=0 gpu_q=1 gpu_total_us=4653 gpu_prepass_us=0 gpu_main_us=4653 gpu_composite_us=0 gpu_blit_us=0
[frust INFO] frust-perf img skipped=0 evicted=3 resident=60 budget=1024x1024x4
[frust INFO] frust-perf raw n=755 total_us=17443 rebuild_us=477 layout_us=20 paint_us=33 encode_us=12 acquire_us=11845 submit_us=5053 skipped=0 gpu_q=1 gpu_total_us=4618 gpu_prepass_us=0 gpu_main_us=4618 gpu_composite_us=0 gpu_blit_us=0
[frust INFO] frust-perf img skipped=0 evicted=3 resident=60 budget=1024x1024x4
[frust INFO] frust-perf raw n=756 total_us=17008 rebuild_us=505 layout_us=29 paint_us=32 encode_us=9 acquire_us=11702 submit_us=4728 skipped=0 gpu_q=1 gpu_total_us=4624 gpu_prepass_us=0 gpu_main_us=4624 gpu_composite_us=0 gpu_blit_us=0
[frust INFO] frust-perf img skipped=0 evicted=4 resident=60 budget=1024x1024x4
[frust INFO] frust-perf raw n=757 total_us=17789 rebuild_us=520 layout_us=24 paint_us=32 encode_us=9 acquire_us=11749 submit_us=5452 skipped=0 gpu_q=1 gpu_total_us=4663 gpu_prepass_us=0 gpu_main_us=4663 gpu_composite_us=0 gpu_blit_us=0
[frust INFO] frust-perf img skipped=0 evicted=3 resident=60 budget=1024x1024x4
[frust INFO] frust-perf raw n=758 total_us=16396 rebuild_us=522 layout_us=26 paint_us=32 encode_us=10 acquire_us=11148 submit_us=4655 skipped=0 gpu_q=1 gpu_total_us=4653 gpu_prepass_us=0 gpu_main_us=4653 gpu_composite_us=0 gpu_blit_us=0
[frust INFO] frust-perf img skipped=0 evicted=3 resident=60 budget=1024x1024x4
[frust INFO] frust-perf raw n=759 total_us=17547 rebuild_us=474 layout_us=26 paint_us=35 encode_us=9 acquire_us=11977 submit_us=5025 skipped=0 gpu_q=1 gpu_total_us=4655 gpu_prepass_us=0 gpu_main_us=4655 gpu_composite_us=0 gpu_blit_us=0
[frust INFO] frust-perf img skipped=0 evicted=3 resident=60 budget=1024x1024x4
[frust INFO] frust-perf raw n=760 total_us=17158 rebuild_us=488 layout_us=21 paint_us=37 encode_us=9 acquire_us=11607 submit_us=4993 skipped=0 gpu_q=1 gpu_total_us=4842 gpu_prepass_us=0 gpu_main_us=4842 gpu_composite_us=0 gpu_blit_us=0
[frust INFO] frust-perf img skipped=0 evicted=3 resident=60 budget=1024x1024x4
[frust INFO] frust-perf raw n=761 total_us=17223 rebuild_us=511 layout_us=25 paint_us=36 encode_us=9 acquire_us=11547 submit_us=5092 skipped=0 gpu_q=1 gpu_total_us=4601 gpu_prepass_us=0 gpu_main_us=4601 gpu_composite_us=0 gpu_blit_us=0
[frust INFO] frust-perf img skipped=0 evicted=4 resident=60 budget=1024x1024x4
[frust INFO] frust-perf raw n=762 total_us=17239 rebuild_us=487 layout_us=28 paint_us=34 encode_us=10 acquire_us=11514 submit_us=5163 skipped=0 gpu_q=1 gpu_total_us=4656 gpu_prepass_us=0 gpu_main_us=4656 gpu_composite_us=0 gpu_blit_us=0
[frust INFO] frust-perf img skipped=0 evicted=3 resident=60 budget=1024x1024x4
[frust INFO] frust-perf raw n=763 total_us=16752 rebuild_us=466 layout_us=24 paint_us=28 encode_us=9 acquire_us=11410 submit_us=4812 skipped=0 gpu_q=1 gpu_total_us=4642 gpu_prepass_us=0 gpu_main_us=4642 gpu_composite_us=0 gpu_blit_us=0
[frust INFO] frust-perf img skipped=0 evicted=3 resident=60 budget=1024x1024x4
[frust INFO] frust-perf raw n=764 total_us=17445 rebuild_us=507 layout_us=30 paint_us=27 encode_us=6 acquire_us=11791 submit_us=5081 skipped=0 gpu_q=1 gpu_total_us=4662 gpu_prepass_us=0 gpu_main_us=4662 gpu_composite_us=0 gpu_blit_us=0
[frust INFO] frust-perf img skipped=0 evicted=3 resident=60 budget=1024x1024x4
[frust INFO] frust-perf raw n=765 total_us=16926 rebuild_us=534 layout_us=27 paint_us=28 encode_us=15 acquire_us=11520 submit_us=4798 skipped=0 gpu_q=1 gpu_total_us=4702 gpu_prepass_us=0 gpu_main_us=4702 gpu_composite_us=0 gpu_blit_us=0
[frust INFO] frust-perf img skipped=0 evicted=3 resident=60 budget=1024x1024x4
[frust INFO] frust-perf raw n=766 total_us=17275 rebuild_us=462 layout_us=24 paint_us=30 encode_us=9 acquire_us=11973 submit_us=4774 skipped=0 gpu_q=1 gpu_total_us=4600 gpu_prepass_us=0 gpu_main_us=4600 gpu_composite_us=0 gpu_blit_us=0
[frust INFO] frust-perf img skipped=0 evicted=4 resident=60 budget=1024x1024x4
[frust INFO] frust-perf raw n=767 total_us=17756 rebuild_us=472 layout_us=27 paint_us=34 encode_us=13 acquire_us=11661 submit_us=5546 skipped=0 gpu_q=1 gpu_total_us=4514 gpu_prepass_us=0 gpu_main_us=4514 gpu_composite_us=0 gpu_blit_us=0
[frust INFO] frust-perf img skipped=0 evicted=3 resident=60 budget=1024x1024x4
[frust INFO] frust-perf raw n=768 total_us=16763 rebuild_us=506 layout_us=30 paint_us=32 encode_us=9 acquire_us=11045 submit_us=5140 skipped=0 gpu_q=1 gpu_total_us=4634 gpu_prepass_us=0 gpu_main_us=4634 gpu_composite_us=0 gpu_blit_us=0
[frust INFO] frust-perf img skipped=0 evicted=3 resident=60 budget=1024x1024x4
[frust INFO] frust-perf raw n=769 total_us=17087 rebuild_us=544 layout_us=22 paint_us=28 encode_us=13 acquire_us=11473 submit_us=5004 skipped=0 gpu_q=1 gpu_total_us=4648 gpu_prepass_us=0 gpu_main_us=4648 gpu_composite_us=0 gpu_blit_us=0
[frust INFO] frust-perf img skipped=0 evicted=3 resident=60 budget=1024x1024x4
[frust INFO] frust-perf raw n=770 total_us=17136 rebuild_us=494 layout_us=29 paint_us=36 encode_us=10 acquire_us=11580 submit_us=4985 skipped=0 gpu_q=1 gpu_total_us=4653 gpu_prepass_us=0 gpu_main_us=4653 gpu_composite_us=0 gpu_blit_us=0
[frust INFO] frust-perf img skipped=0 evicted=3 resident=60 budget=1024x1024x4
[frust INFO] frust-perf raw n=771 total_us=17408 rebuild_us=504 layout_us=20 paint_us=37 encode_us=9 acquire_us=11935 submit_us=4900 skipped=0 gpu_q=1 gpu_total_us=4581 gpu_prepass_us=0 gpu_main_us=4581 gpu_composite_us=0 gpu_blit_us=0
[frust INFO] frust-perf img skipped=0 evicted=4 resident=60 budget=1024x1024x4
[frust INFO] frust-perf raw n=772 total_us=17335 rebuild_us=569 layout_us=27 paint_us=39 encode_us=9 acquire_us=11457 submit_us=5232 skipped=0 gpu_q=1 gpu_total_us=4622 gpu_prepass_us=0 gpu_main_us=4622 gpu_composite_us=0 gpu_blit_us=0
[frust INFO] frust-perf img skipped=0 evicted=3 resident=60 budget=1024x1024x4
[frust INFO] frust-perf raw n=773 total_us=16709 rebuild_us=466 layout_us=20 paint_us=36 encode_us=13 acquire_us=11360 submit_us=4812 skipped=0 gpu_q=1 gpu_total_us=4660 gpu_prepass_us=0 gpu_main_us=4660 gpu_composite_us=0 gpu_blit_us=0
[frust INFO] frust-perf img skipped=0 evicted=3 resident=60 budget=1024x1024x4
[frust INFO] frust-perf raw n=774 total_us=17116 rebuild_us=460 layout_us=24 paint_us=35 encode_us=10 acquire_us=11690 submit_us=4895 skipped=0 gpu_q=1 gpu_total_us=4632 gpu_prepass_us=0 gpu_main_us=4632 gpu_composite_us=0 gpu_blit_us=0
[frust INFO] frust-perf img skipped=0 evicted=3 resident=60 budget=1024x1024x4
[frust INFO] frust-perf raw n=775 total_us=16977 rebuild_us=443 layout_us=24 paint_us=33 encode_us=10 acquire_us=11751 submit_us=4714 skipped=0 gpu_q=1 gpu_total_us=4646 gpu_prepass_us=0 gpu_main_us=4646 gpu_composite_us=0 gpu_blit_us=0
[frust INFO] frust-perf img skipped=0 evicted=3 resident=60 budget=1024x1024x4
[frust INFO] frust-perf raw n=776 total_us=17405 rebuild_us=501 layout_us=24 paint_us=35 encode_us=9 acquire_us=12209 submit_us=4625 skipped=0 gpu_q=1 gpu_total_us=4564 gpu_prepass_us=0 gpu_main_us=4564 gpu_composite_us=0 gpu_blit_us=0
[frust INFO] frust-perf img skipped=0 evicted=3 resident=60 budget=1024x1024x4
[frust INFO] frust-perf raw n=777 total_us=17211 rebuild_us=484 layout_us=19 paint_us=35 encode_us=7 acquire_us=11690 submit_us=4973 skipped=0 gpu_q=1 gpu_total_us=4645 gpu_prepass_us=0 gpu_main_us=4645 gpu_composite_us=0 gpu_blit_us=0
[frust INFO] frust-perf img skipped=0 evicted=4 resident=60 budget=1024x1024x4
[frust INFO] frust-perf raw n=778 total_us=17487 rebuild_us=535 layout_us=27 paint_us=38 encode_us=10 acquire_us=11571 submit_us=5303 skipped=0 gpu_q=1 gpu_total_us=4625 gpu_prepass_us=0 gpu_main_us=4625 gpu_composite_us=0 gpu_blit_us=0
[frust INFO] frust-perf img skipped=0 evicted=3 resident=60 budget=1024x1024x4
[frust INFO] frust-perf raw n=779 total_us=16411 rebuild_us=445 layout_us=28 paint_us=27 encode_us=10 acquire_us=11406 submit_us=4493 skipped=0 gpu_q=1 gpu_total_us=4743 gpu_prepass_us=0 gpu_main_us=4743 gpu_composite_us=0 gpu_blit_us=0
[frust INFO] frust-perf img skipped=0 evicted=3 resident=60 budget=1024x1024x4
[frust INFO] frust-perf enc n=780 w=60 validate_us=3.5 prepare_us=4.8 classify_us=10.8 admit_us=0.5 walk_us=1424.3 glyphs_us=107.9 finish_us=3.8 compile_us=1503.7 schedule_us=5.1 paints_us=18.9 instances_us=77.2 resize_us=3.8 upload_us=1884.1 replay_us=0.8 pipelines_us=18.8 record_us=36.4 total_us=3559.3 total_p95_us=4061.5 draws=29 strips=2111 alphas=51696 glyph_draws=17 atlas_glyphs=17
[frust INFO] frust-perf raw n=780 total_us=17772 rebuild_us=458 layout_us=20 paint_us=31 encode_us=9 acquire_us=12102 submit_us=5150 skipped=0 gpu_q=1 gpu_total_us=4530 gpu_prepass_us=0 gpu_main_us=4530 gpu_composite_us=0 gpu_blit_us=0
[frust INFO] frust-perf img skipped=0 evicted=3 resident=60 budget=1024x1024x4
[frust INFO] frust-perf raw n=781 total_us=17054 rebuild_us=511 layout_us=25 paint_us=34 encode_us=9 acquire_us=11649 submit_us=4824 skipped=0 gpu_q=1 gpu_total_us=4663 gpu_prepass_us=0 gpu_main_us=4663 gpu_composite_us=0 gpu_blit_us=0
[frust INFO] frust-perf img skipped=0 evicted=3 resident=60 budget=1024x1024x4
[frust INFO] frust-perf raw n=782 total_us=16864 rebuild_us=479 layout_us=21 paint_us=36 encode_us=8 acquire_us=11544 submit_us=4773 skipped=0 gpu_q=1 gpu_total_us=4664 gpu_prepass_us=0 gpu_main_us=4664 gpu_composite_us=0 gpu_blit_us=0
[frust INFO] frust-perf img skipped=0 evicted=4 resident=60 budget=1024x1024x4
[frust INFO] frust-perf raw n=783 total_us=17724 rebuild_us=499 layout_us=25 paint_us=33 encode_us=10 acquire_us=11859 submit_us=5295 skipped=0 gpu_q=1 gpu_total_us=4666 gpu_prepass_us=0 gpu_main_us=4666 gpu_composite_us=0 gpu_blit_us=0
[frust INFO] frust-perf img skipped=0 evicted=3 resident=60 budget=1024x1024x4
[frust INFO] frust-perf raw n=784 total_us=16682 rebuild_us=505 layout_us=21 paint_us=35 encode_us=9 acquire_us=11316 submit_us=4793 skipped=0 gpu_q=1 gpu_total_us=4618 gpu_prepass_us=0 gpu_main_us=4618 gpu_composite_us=0 gpu_blit_us=0
[frust INFO] frust-perf img skipped=0 evicted=3 resident=60 budget=1024x1024x4
[frust INFO] frust-perf raw n=785 total_us=17405 rebuild_us=520 layout_us=22 paint_us=30 encode_us=8 acquire_us=11791 submit_us=5033 skipped=0 gpu_q=1 gpu_total_us=4611 gpu_prepass_us=0 gpu_main_us=4611 gpu_composite_us=0 gpu_blit_us=0
[frust INFO] frust-perf img skipped=0 evicted=3 resident=60 budget=1024x1024x4
[frust INFO] frust-perf raw n=786 total_us=17271 rebuild_us=523 layout_us=21 paint_us=32 encode_us=10 acquire_us=11800 submit_us=4883 skipped=0 gpu_q=1 gpu_total_us=4723 gpu_prepass_us=0 gpu_main_us=4723 gpu_composite_us=0 gpu_blit_us=0
[frust INFO] frust-perf img skipped=0 evicted=3 resident=60 budget=1024x1024x4
[frust INFO] frust-perf raw n=787 total_us=16842 rebuild_us=517 layout_us=22 paint_us=37 encode_us=9 acquire_us=11453 submit_us=4803 skipped=0 gpu_q=1 gpu_total_us=4592 gpu_prepass_us=0 gpu_main_us=4592 gpu_composite_us=0 gpu_blit_us=0
[frust INFO] frust-perf img skipped=0 evicted=4 resident=60 budget=1024x1024x4
[frust INFO] frust-perf raw n=788 total_us=17974 rebuild_us=525 layout_us=23 paint_us=33 encode_us=11 acquire_us=11885 submit_us=5496 skipped=0 gpu_q=1 gpu_total_us=4772 gpu_prepass_us=0 gpu_main_us=4772 gpu_composite_us=0 gpu_blit_us=0
[frust INFO] frust-perf img skipped=0 evicted=3 resident=60 budget=1024x1024x4
[frust INFO] frust-perf raw n=789 total_us=16104 rebuild_us=490 layout_us=25 paint_us=36 encode_us=14 acquire_us=11040 submit_us=4497 skipped=0 gpu_q=1 gpu_total_us=4597 gpu_prepass_us=0 gpu_main_us=4597 gpu_composite_us=0 gpu_blit_us=0
[frust INFO] frust-perf img skipped=0 evicted=3 resident=60 budget=1024x1024x4
[frust INFO] frust-perf raw n=790 total_us=17693 rebuild_us=467 layout_us=23 paint_us=37 encode_us=9 acquire_us=12136 submit_us=5019 skipped=0 gpu_q=1 gpu_total_us=4724 gpu_prepass_us=0 gpu_main_us=4724 gpu_composite_us=0 gpu_blit_us=0
[frust INFO] frust-perf img skipped=0 evicted=3 resident=60 budget=1024x1024x4
[frust INFO] frust-perf raw n=791 total_us=17062 rebuild_us=490 layout_us=24 paint_us=36 encode_us=10 acquire_us=11505 submit_us=4995 skipped=0 gpu_q=1 gpu_total_us=4740 gpu_prepass_us=0 gpu_main_us=4740 gpu_composite_us=0 gpu_blit_us=0
[frust INFO] frust-perf img skipped=0 evicted=3 resident=60 budget=1024x1024x4
[frust INFO] frust-perf raw n=792 total_us=17121 rebuild_us=507 layout_us=30 paint_us=34 encode_us=9 acquire_us=11611 submit_us=4927 skipped=0 gpu_q=1 gpu_total_us=4586 gpu_prepass_us=0 gpu_main_us=4586 gpu_composite_us=0 gpu_blit_us=0
[frust INFO] frust-perf img skipped=0 evicted=4 resident=60 budget=1024x1024x4
[frust INFO] frust-perf raw n=793 total_us=17757 rebuild_us=486 layout_us=25 paint_us=34 encode_us=10 acquire_us=11752 submit_us=5449 skipped=0 gpu_q=1 gpu_total_us=4615 gpu_prepass_us=0 gpu_main_us=4615 gpu_composite_us=0 gpu_blit_us=0
[frust INFO] frust-perf img skipped=0 evicted=3 resident=60 budget=1024x1024x4
[frust INFO] frust-perf raw n=794 total_us=16405 rebuild_us=488 layout_us=29 paint_us=42 encode_us=10 acquire_us=11118 submit_us=4717 skipped=0 gpu_q=1 gpu_total_us=4662 gpu_prepass_us=0 gpu_main_us=4662 gpu_composite_us=0 gpu_blit_us=0
[frust INFO] frust-perf img skipped=0 evicted=3 resident=60 budget=1024x1024x4
[frust INFO] frust-perf raw n=795 total_us=17347 rebuild_us=531 layout_us=25 paint_us=35 encode_us=13 acquire_us=11828 submit_us=4913 skipped=0 gpu_q=1 gpu_total_us=4674 gpu_prepass_us=0 gpu_main_us=4674 gpu_composite_us=0 gpu_blit_us=0
[frust INFO] frust-perf img skipped=0 evicted=3 resident=60 budget=1024x1024x4
[frust INFO] frust-perf raw n=796 total_us=17394 rebuild_us=516 layout_us=29 paint_us=39 encode_us=9 acquire_us=11947 submit_us=4852 skipped=0 gpu_q=1 gpu_total_us=4718 gpu_prepass_us=0 gpu_main_us=4718 gpu_composite_us=0 gpu_blit_us=0
[frust INFO] frust-perf img skipped=0 evicted=3 resident=60 budget=1024x1024x4
[frust INFO] frust-perf raw n=797 total_us=17227 rebuild_us=499 layout_us=25 paint_us=34 encode_us=9 acquire_us=11582 submit_us=5076 skipped=0 gpu_q=1 gpu_total_us=4573 gpu_prepass_us=0 gpu_main_us=4573 gpu_composite_us=0 gpu_blit_us=0
[frust INFO] frust-perf img skipped=0 evicted=4 resident=60 budget=1024x1024x4
[frust INFO] frust-perf raw n=798 total_us=17684 rebuild_us=522 layout_us=26 paint_us=38 encode_us=10 acquire_us=11480 submit_us=5606 skipped=0 gpu_q=1 gpu_total_us=4600 gpu_prepass_us=0 gpu_main_us=4600 gpu_composite_us=0 gpu_blit_us=0
[frust INFO] frust-perf img skipped=0 evicted=3 resident=60 budget=1024x1024x4
[frust INFO] frust-perf raw n=799 total_us=16190 rebuild_us=492 layout_us=29 paint_us=34 encode_us=10 acquire_us=10965 submit_us=4658 skipped=0 gpu_q=1 gpu_total_us=4666 gpu_prepass_us=0 gpu_main_us=4666 gpu_composite_us=0 gpu_blit_us=0
[frust INFO] frust-perf img skipped=0 evicted=3 resident=60 budget=1024x1024x4
[frust INFO] frust-perf raw n=800 total_us=18024 rebuild_us=560 layout_us=29 paint_us=31 encode_us=6 acquire_us=12034 submit_us=5361 skipped=0 gpu_q=1 gpu_total_us=4734 gpu_prepass_us=0 gpu_main_us=4734 gpu_composite_us=0 gpu_blit_us=0
[frust INFO] frust-perf img skipped=0 evicted=3 resident=60 budget=1024x1024x4
[frust INFO] frust-perf raw n=801 total_us=16659 rebuild_us=565 layout_us=28 paint_us=35 encode_us=7 acquire_us=11428 submit_us=4593 skipped=0 gpu_q=1 gpu_total_us=4638 gpu_prepass_us=0 gpu_main_us=4638 gpu_composite_us=0 gpu_blit_us=0
[frust INFO] frust-perf img skipped=0 evicted=3 resident=60 budget=1024x1024x4
[frust INFO] frust-perf raw n=802 total_us=17622 rebuild_us=580 layout_us=26 paint_us=27 encode_us=5 acquire_us=11776 submit_us=5206 skipped=0 gpu_q=1 gpu_total_us=4588 gpu_prepass_us=0 gpu_main_us=4588 gpu_composite_us=0 gpu_blit_us=0
[frust INFO] frust-perf img skipped=0 evicted=4 resident=60 budget=1024x1024x4
[frust INFO] frust-perf raw n=803 total_us=17435 rebuild_us=590 layout_us=30 paint_us=41 encode_us=12 acquire_us=11570 submit_us=5190 skipped=0 gpu_q=1 gpu_total_us=4496 gpu_prepass_us=0 gpu_main_us=4496 gpu_composite_us=0 gpu_blit_us=0
[frust INFO] frust-perf img skipped=0 evicted=3 resident=60 budget=1024x1024x4
[frust INFO] frust-perf raw n=804 total_us=16722 rebuild_us=546 layout_us=26 paint_us=37 encode_us=6 acquire_us=11289 submit_us=4816 skipped=0 gpu_q=1 gpu_total_us=4713 gpu_prepass_us=0 gpu_main_us=4713 gpu_composite_us=0 gpu_blit_us=0
[frust INFO] frust-perf img skipped=0 evicted=3 resident=60 budget=1024x1024x4
[frust INFO] frust-perf raw n=805 total_us=17978 rebuild_us=623 layout_us=22 paint_us=38 encode_us=5 acquire_us=11842 submit_us=5445 skipped=0 gpu_q=1 gpu_total_us=4698 gpu_prepass_us=0 gpu_main_us=4698 gpu_composite_us=0 gpu_blit_us=0
[frust INFO] frust-perf img skipped=0 evicted=3 resident=60 budget=1024x1024x4
[frust INFO] frust-perf raw n=806 total_us=17310 rebuild_us=583 layout_us=25 paint_us=31 encode_us=8 acquire_us=11566 submit_us=5095 skipped=0 gpu_q=1 gpu_total_us=4604 gpu_prepass_us=0 gpu_main_us=4604 gpu_composite_us=0 gpu_blit_us=0
[frust INFO] frust-perf img skipped=0 evicted=3 resident=60 budget=1024x1024x4
[frust INFO] frust-perf raw n=807 total_us=16932 rebuild_us=551 layout_us=24 paint_us=34 encode_us=15 acquire_us=11457 submit_us=4849 skipped=0 gpu_q=1 gpu_total_us=4700 gpu_prepass_us=0 gpu_main_us=4700 gpu_composite_us=0 gpu_blit_us=0
[frust INFO] frust-perf img skipped=0 evicted=4 resident=60 budget=1024x1024x4
[frust INFO] frust-perf raw n=808 total_us=17039 rebuild_us=191 layout_us=7 paint_us=13 encode_us=22 acquire_us=11409 submit_us=5394 skipped=0 gpu_q=1 gpu_total_us=4666 gpu_prepass_us=0 gpu_main_us=4666 gpu_composite_us=0 gpu_blit_us=0
[frust INFO] frust-perf img skipped=0 evicted=3 resident=60 budget=1024x1024x4
[frust INFO] frust-perf raw n=809 total_us=16768 rebuild_us=755 layout_us=29 paint_us=32 encode_us=6 acquire_us=11242 submit_us=4701 skipped=0 gpu_q=1 gpu_total_us=4552 gpu_prepass_us=0 gpu_main_us=4552 gpu_composite_us=0 gpu_blit_us=0
[frust INFO] frust-perf img skipped=0 evicted=3 resident=60 budget=1024x1024x4
[frust INFO] frust-perf raw n=810 total_us=17232 rebuild_us=579 layout_us=24 paint_us=35 encode_us=6 acquire_us=11894 submit_us=4691 skipped=0 gpu_q=1 gpu_total_us=4740 gpu_prepass_us=0 gpu_main_us=4740 gpu_composite_us=0 gpu_blit_us=0
[frust INFO] frust-perf img skipped=0 evicted=3 resident=60 budget=1024x1024x4
[frust INFO] frust-perf raw n=811 total_us=17188 rebuild_us=518 layout_us=25 paint_us=44 encode_us=11 acquire_us=11864 submit_us=4724 skipped=0 gpu_q=1 gpu_total_us=4664 gpu_prepass_us=0 gpu_main_us=4664 gpu_composite_us=0 gpu_blit_us=0
[frust INFO] frust-perf img skipped=0 evicted=3 resident=60 budget=1024x1024x4
[frust INFO] frust-perf raw n=812 total_us=17123 rebuild_us=489 layout_us=27 paint_us=33 encode_us=14 acquire_us=12137 submit_us=4421 skipped=0 gpu_q=1 gpu_total_us=4593 gpu_prepass_us=0 gpu_main_us=4593 gpu_composite_us=0 gpu_blit_us=0
[frust INFO] frust-perf img skipped=0 evicted=4 resident=60 budget=1024x1024x4
[frust INFO] frust-perf raw n=813 total_us=18219 rebuild_us=512 layout_us=21 paint_us=29 encode_us=6 acquire_us=11968 submit_us=5681 skipped=0 gpu_q=1 gpu_total_us=4543 gpu_prepass_us=0 gpu_main_us=4543 gpu_composite_us=0 gpu_blit_us=0
[frust INFO] frust-perf img skipped=0 evicted=3 resident=60 budget=1024x1024x4
[frust INFO] frust-perf raw n=814 total_us=16374 rebuild_us=562 layout_us=21 paint_us=32 encode_us=11 acquire_us=10920 submit_us=4823 skipped=0 gpu_q=1 gpu_total_us=4711 gpu_prepass_us=0 gpu_main_us=4711 gpu_composite_us=0 gpu_blit_us=0
[frust INFO] frust-perf img skipped=0 evicted=3 resident=60 budget=1024x1024x4
[frust INFO] frust-perf raw n=815 total_us=17197 rebuild_us=499 layout_us=21 paint_us=31 encode_us=10 acquire_us=11722 submit_us=4911 skipped=0 gpu_q=1 gpu_total_us=4663 gpu_prepass_us=0 gpu_main_us=4663 gpu_composite_us=0 gpu_blit_us=0
[frust INFO] frust-perf img skipped=0 evicted=3 resident=60 budget=1024x1024x4
[frust INFO] frust-perf raw n=816 total_us=17034 rebuild_us=536 layout_us=28 paint_us=37 encode_us=10 acquire_us=11682 submit_us=4739 skipped=0 gpu_q=1 gpu_total_us=4554 gpu_prepass_us=0 gpu_main_us=4554 gpu_composite_us=0 gpu_blit_us=0
[frust INFO] frust-perf img skipped=0 evicted=3 resident=60 budget=1024x1024x4
[frust INFO] frust-perf raw n=817 total_us=17373 rebuild_us=463 layout_us=29 paint_us=31 encode_us=10 acquire_us=12133 submit_us=4705 skipped=0 gpu_q=1 gpu_total_us=4686 gpu_prepass_us=0 gpu_main_us=4686 gpu_composite_us=0 gpu_blit_us=0
[frust INFO] frust-perf img skipped=0 evicted=4 resident=60 budget=1024x1024x4
[frust INFO] frust-perf raw n=818 total_us=17549 rebuild_us=449 layout_us=26 paint_us=40 encode_us=9 acquire_us=11650 submit_us=5372 skipped=0 gpu_q=1 gpu_total_us=4649 gpu_prepass_us=0 gpu_main_us=4649 gpu_composite_us=0 gpu_blit_us=0
[frust INFO] frust-perf img skipped=0 evicted=3 resident=60 budget=1024x1024x4
[frust INFO] frust-perf raw n=819 total_us=16680 rebuild_us=504 layout_us=30 paint_us=41 encode_us=9 acquire_us=11284 submit_us=4808 skipped=0 gpu_q=1 gpu_total_us=4644 gpu_prepass_us=0 gpu_main_us=4644 gpu_composite_us=0 gpu_blit_us=0
[frust INFO] frust-perf img skipped=0 evicted=3 resident=60 budget=1024x1024x4
[frust INFO] frust-perf raw n=820 total_us=17071 rebuild_us=494 layout_us=22 paint_us=39 encode_us=9 acquire_us=11750 submit_us=4755 skipped=0 gpu_q=1 gpu_total_us=4654 gpu_prepass_us=0 gpu_main_us=4654 gpu_composite_us=0 gpu_blit_us=0
[frust INFO] frust-perf img skipped=0 evicted=3 resident=60 budget=1024x1024x4
[frust INFO] frust-perf raw n=821 total_us=17389 rebuild_us=487 layout_us=21 paint_us=36 encode_us=11 acquire_us=11862 submit_us=4970 skipped=0 gpu_q=1 gpu_total_us=4690 gpu_prepass_us=0 gpu_main_us=4690 gpu_composite_us=0 gpu_blit_us=0
[frust INFO] frust-perf img skipped=0 evicted=3 resident=60 budget=1024x1024x4
[frust INFO] frust-perf raw n=822 total_us=17382 rebuild_us=488 layout_us=25 paint_us=32 encode_us=9 acquire_us=11675 submit_us=5151 skipped=0 gpu_q=1 gpu_total_us=4658 gpu_prepass_us=0 gpu_main_us=4658 gpu_composite_us=0 gpu_blit_us=0
[frust INFO] frust-perf img skipped=0 evicted=4 resident=60 budget=1024x1024x4
[frust INFO] frust-perf raw n=823 total_us=17592 rebuild_us=496 layout_us=24 paint_us=34 encode_us=11 acquire_us=11457 submit_us=5567 skipped=0 gpu_q=1 gpu_total_us=4644 gpu_prepass_us=0 gpu_main_us=4644 gpu_composite_us=0 gpu_blit_us=0
[frust INFO] frust-perf img skipped=0 evicted=3 resident=60 budget=1024x1024x4
[frust INFO] frust-perf raw n=824 total_us=16082 rebuild_us=513 layout_us=25 paint_us=33 encode_us=13 acquire_us=10923 submit_us=4572 skipped=0 gpu_q=1 gpu_total_us=4689 gpu_prepass_us=0 gpu_main_us=4689 gpu_composite_us=0 gpu_blit_us=0
[frust INFO] frust-perf frame n=120 total_p50_ms=17 total_p95_ms=17 total_p99_ms=18 rebuild_p95_ms=0 layout_p95_ms=0 paint_p95_ms=0 encode_p95_ms=0 acquire_p95_ms=12 submit_p95_ms=5 over_60hz=694 over_120hz=822 skipped=0 total_frames=824
[frust INFO] frust-perf img skipped=0 evicted=3 resident=60 budget=1024x1024x4
[frust INFO] frust-perf raw n=825 total_us=17668 rebuild_us=498 layout_us=29 paint_us=33 encode_us=6 acquire_us=12051 submit_us=5048 skipped=0 gpu_q=1 gpu_total_us=4698 gpu_prepass_us=0 gpu_main_us=4698 gpu_composite_us=0 gpu_blit_us=0
[frust INFO] frust-perf img skipped=0 evicted=3 resident=60 budget=1024x1024x4
[frust INFO] frust-perf raw n=826 total_us=16844 rebuild_us=515 layout_us=27 paint_us=39 encode_us=11 acquire_us=11561 submit_us=4689 skipped=0 gpu_q=1 gpu_total_us=4667 gpu_prepass_us=0 gpu_main_us=4667 gpu_composite_us=0 gpu_blit_us=0
[frust INFO] frust-perf img skipped=0 evicted=3 resident=60 budget=1024x1024x4
[frust INFO] frust-perf raw n=827 total_us=17465 rebuild_us=458 layout_us=23 paint_us=31 encode_us=9 acquire_us=12184 submit_us=4757 skipped=0 gpu_q=1 gpu_total_us=4604 gpu_prepass_us=0 gpu_main_us=4604 gpu_composite_us=0 gpu_blit_us=0
[frust INFO] frust-perf img skipped=0 evicted=3 resident=60 budget=1024x1024x4
[frust INFO] frust-perf raw n=828 total_us=16535 rebuild_us=476 layout_us=33 paint_us=38 encode_us=10 acquire_us=11479 submit_us=4498 skipped=0 gpu_q=1 gpu_total_us=4733 gpu_prepass_us=0 gpu_main_us=4733 gpu_composite_us=0 gpu_blit_us=0
[frust INFO] frust-perf img skipped=0 evicted=4 resident=60 budget=1024x1024x4
[frust INFO] frust-perf raw n=829 total_us=17624 rebuild_us=549 layout_us=28 paint_us=33 encode_us=9 acquire_us=12191 submit_us=4812 skipped=0 gpu_q=1 gpu_total_us=4716 gpu_prepass_us=0 gpu_main_us=4716 gpu_composite_us=0 gpu_blit_us=0
[frust INFO] frust-perf img skipped=0 evicted=3 resident=60 budget=1024x1024x4
[frust INFO] frust-perf raw n=830 total_us=17478 rebuild_us=493 layout_us=23 paint_us=34 encode_us=6 acquire_us=11740 submit_us=5180 skipped=0 gpu_q=1 gpu_total_us=4667 gpu_prepass_us=0 gpu_main_us=4667 gpu_composite_us=0 gpu_blit_us=0
[frust INFO] frust-perf img skipped=0 evicted=3 resident=60 budget=1024x1024x4
[frust INFO] frust-perf raw n=831 total_us=16886 rebuild_us=555 layout_us=27 paint_us=32 encode_us=10 acquire_us=11417 submit_us=4842 skipped=0 gpu_q=1 gpu_total_us=4627 gpu_prepass_us=0 gpu_main_us=4627 gpu_composite_us=0 gpu_blit_us=0
[frust INFO] frust-perf img skipped=0 evicted=3 resident=60 budget=1024x1024x4
[frust INFO] frust-perf raw n=832 total_us=17372 rebuild_us=458 layout_us=26 paint_us=32 encode_us=9 acquire_us=12095 submit_us=4751 skipped=0 gpu_q=1 gpu_total_us=4601 gpu_prepass_us=0 gpu_main_us=4601 gpu_composite_us=0 gpu_blit_us=0
[frust INFO] frust-perf img skipped=0 evicted=3 resident=60 budget=1024x1024x4
[frust INFO] frust-perf raw n=833 total_us=16431 rebuild_us=478 layout_us=20 paint_us=31 encode_us=9 acquire_us=11492 submit_us=4399 skipped=0 gpu_q=1 gpu_total_us=4783 gpu_prepass_us=0 gpu_main_us=4783 gpu_composite_us=0 gpu_blit_us=0
[frust INFO] frust-perf img skipped=0 evicted=4 resident=60 budget=1024x1024x4
[frust INFO] frust-perf raw n=834 total_us=17786 rebuild_us=508 layout_us=22 paint_us=39 encode_us=9 acquire_us=12250 submit_us=4955 skipped=0 gpu_q=1 gpu_total_us=4703 gpu_prepass_us=0 gpu_main_us=4703 gpu_composite_us=0 gpu_blit_us=0
[frust INFO] frust-perf img skipped=0 evicted=3 resident=60 budget=1024x1024x4
[frust INFO] frust-perf raw n=835 total_us=17029 rebuild_us=467 layout_us=26 paint_us=37 encode_us=7 acquire_us=11710 submit_us=4779 skipped=0 gpu_q=1 gpu_total_us=4670 gpu_prepass_us=0 gpu_main_us=4670 gpu_composite_us=0 gpu_blit_us=0
[frust INFO] frust-perf img skipped=0 evicted=3 resident=60 budget=1024x1024x4
[frust INFO] frust-perf raw n=836 total_us=17279 rebuild_us=556 layout_us=24 paint_us=35 encode_us=15 acquire_us=11845 submit_us=4803 skipped=0 gpu_q=1 gpu_total_us=4707 gpu_prepass_us=0 gpu_main_us=4707 gpu_composite_us=0 gpu_blit_us=0
[frust INFO] frust-perf img skipped=0 evicted=3 resident=60 budget=1024x1024x4
[frust INFO] frust-perf raw n=837 total_us=17252 rebuild_us=507 layout_us=28 paint_us=33 encode_us=7 acquire_us=12046 submit_us=4629 skipped=0 gpu_q=1 gpu_total_us=4615 gpu_prepass_us=0 gpu_main_us=4615 gpu_composite_us=0 gpu_blit_us=0
[frust INFO] frust-perf img skipped=0 evicted=3 resident=60 budget=1024x1024x4
[frust INFO] frust-perf raw n=838 total_us=17322 rebuild_us=541 layout_us=25 paint_us=39 encode_us=8 acquire_us=11753 submit_us=4956 skipped=0 gpu_q=1 gpu_total_us=4542 gpu_prepass_us=0 gpu_main_us=4542 gpu_composite_us=0 gpu_blit_us=0
[frust INFO] frust-perf img skipped=0 evicted=4 resident=60 budget=1024x1024x4
[frust INFO] frust-perf raw n=839 total_us=17463 rebuild_us=536 layout_us=24 paint_us=35 encode_us=15 acquire_us=11645 submit_us=5206 skipped=0 gpu_q=1 gpu_total_us=4703 gpu_prepass_us=0 gpu_main_us=4703 gpu_composite_us=0 gpu_blit_us=0
[frust INFO] frust-perf img skipped=0 evicted=3 resident=60 budget=1024x1024x4
[frust INFO] frust-perf enc n=840 w=60 validate_us=3.5 prepare_us=5.7 classify_us=10.7 admit_us=0.6 walk_us=1413.3 glyphs_us=104.0 finish_us=3.6 compile_us=1488.7 schedule_us=5.5 paints_us=18.6 instances_us=76.0 resize_us=3.8 upload_us=1854.2 replay_us=0.8 pipelines_us=18.8 record_us=36.3 total_us=3511.2 total_p95_us=4057.4 draws=29 strips=2111 alphas=51696 glyph_draws=17 atlas_glyphs=17
[frust INFO] frust-perf raw n=840 total_us=16688 rebuild_us=437 layout_us=24 paint_us=32 encode_us=11 acquire_us=11396 submit_us=4785 skipped=0 gpu_q=1 gpu_total_us=4632 gpu_prepass_us=0 gpu_main_us=4632 gpu_composite_us=0 gpu_blit_us=0
[frust INFO] frust-perf img skipped=0 evicted=3 resident=60 budget=1024x1024x4
[frust INFO] frust-perf raw n=841 total_us=17134 rebuild_us=530 layout_us=26 paint_us=39 encode_us=9 acquire_us=11851 submit_us=4678 skipped=0 gpu_q=1 gpu_total_us=4525 gpu_prepass_us=0 gpu_main_us=4525 gpu_composite_us=0 gpu_blit_us=0
[frust INFO] frust-perf img skipped=0 evicted=3 resident=60 budget=1024x1024x4
[frust INFO] frust-perf raw n=842 total_us=17356 rebuild_us=490 layout_us=25 paint_us=40 encode_us=9 acquire_us=12078 submit_us=4712 skipped=0 gpu_q=1 gpu_total_us=4641 gpu_prepass_us=0 gpu_main_us=4641 gpu_composite_us=0 gpu_blit_us=0
[frust INFO] frust-perf img skipped=0 evicted=3 resident=60 budget=1024x1024x4
[frust INFO] frust-perf raw n=843 total_us=17190 rebuild_us=481 layout_us=22 paint_us=32 encode_us=8 acquire_us=11717 submit_us=4928 skipped=0 gpu_q=1 gpu_total_us=4604 gpu_prepass_us=0 gpu_main_us=4604 gpu_composite_us=0 gpu_blit_us=0
[frust INFO] frust-perf img skipped=0 evicted=4 resident=60 budget=1024x1024x4
[frust INFO] frust-perf raw n=844 total_us=17332 rebuild_us=462 layout_us=25 paint_us=30 encode_us=11 acquire_us=11633 submit_us=5168 skipped=0 gpu_q=1 gpu_total_us=4608 gpu_prepass_us=0 gpu_main_us=4608 gpu_composite_us=0 gpu_blit_us=0
[frust INFO] frust-perf img skipped=0 evicted=3 resident=60 budget=1024x1024x4
[frust INFO] frust-perf raw n=845 total_us=16309 rebuild_us=425 layout_us=24 paint_us=35 encode_us=9 acquire_us=11350 submit_us=4463 skipped=0 gpu_q=1 gpu_total_us=4602 gpu_prepass_us=0 gpu_main_us=4602 gpu_composite_us=0 gpu_blit_us=0
[frust INFO] frust-perf img skipped=0 evicted=3 resident=60 budget=1024x1024x4
[frust INFO] frust-perf raw n=846 total_us=17833 rebuild_us=512 layout_us=24 paint_us=33 encode_us=9 acquire_us=12261 submit_us=4991 skipped=0 gpu_q=1 gpu_total_us=4654 gpu_prepass_us=0 gpu_main_us=4654 gpu_composite_us=0 gpu_blit_us=0
[frust INFO] frust-perf img skipped=0 evicted=3 resident=60 budget=1024x1024x4
[frust INFO] frust-perf raw n=847 total_us=17295 rebuild_us=491 layout_us=21 paint_us=36 encode_us=9 acquire_us=11868 submit_us=4867 skipped=0 gpu_q=1 gpu_total_us=4643 gpu_prepass_us=0 gpu_main_us=4643 gpu_composite_us=0 gpu_blit_us=0
[frust INFO] frust-perf img skipped=0 evicted=3 resident=60 budget=1024x1024x4
[frust INFO] frust-perf raw n=848 total_us=16738 rebuild_us=494 layout_us=25 paint_us=40 encode_us=9 acquire_us=11458 submit_us=4710 skipped=0 gpu_q=1 gpu_total_us=4581 gpu_prepass_us=0 gpu_main_us=4581 gpu_composite_us=0 gpu_blit_us=0
[frust INFO] frust-perf img skipped=0 evicted=4 resident=60 budget=1024x1024x4
[frust INFO] frust-perf raw n=849 total_us=17843 rebuild_us=507 layout_us=32 paint_us=38 encode_us=9 acquire_us=11852 submit_us=5403 skipped=0 gpu_q=1 gpu_total_us=4611 gpu_prepass_us=0 gpu_main_us=4611 gpu_composite_us=0 gpu_blit_us=0
[frust INFO] frust-perf img skipped=0 evicted=3 resident=60 budget=1024x1024x4
[frust INFO] frust-perf raw n=850 total_us=16682 rebuild_us=477 layout_us=26 paint_us=36 encode_us=10 acquire_us=11275 submit_us=4855 skipped=0 gpu_q=1 gpu_total_us=4675 gpu_prepass_us=0 gpu_main_us=4675 gpu_composite_us=0 gpu_blit_us=0
[frust INFO] frust-perf img skipped=0 evicted=3 resident=60 budget=1024x1024x4
[frust INFO] frust-perf raw n=851 total_us=17326 rebuild_us=482 layout_us=23 paint_us=31 encode_us=9 acquire_us=11717 submit_us=5061 skipped=0 gpu_q=1 gpu_total_us=4721 gpu_prepass_us=0 gpu_main_us=4721 gpu_composite_us=0 gpu_blit_us=0
[frust INFO] frust-perf img skipped=0 evicted=3 resident=60 budget=1024x1024x4
[frust INFO] frust-perf raw n=852 total_us=16999 rebuild_us=486 layout_us=23 paint_us=38 encode_us=9 acquire_us=11873 submit_us=4568 skipped=0 gpu_q=1 gpu_total_us=4657 gpu_prepass_us=0 gpu_main_us=4657 gpu_composite_us=0 gpu_blit_us=0
[frust INFO] frust-perf img skipped=0 evicted=3 resident=60 budget=1024x1024x4
[frust INFO] frust-perf raw n=853 total_us=17417 rebuild_us=512 layout_us=24 paint_us=35 encode_us=7 acquire_us=11741 submit_us=5098 skipped=0 gpu_q=1 gpu_total_us=4599 gpu_prepass_us=0 gpu_main_us=4599 gpu_composite_us=0 gpu_blit_us=0
[frust INFO] frust-perf img skipped=0 evicted=4 resident=60 budget=1024x1024x4
[frust INFO] frust-perf raw n=854 total_us=17418 rebuild_us=513 layout_us=28 paint_us=34 encode_us=11 acquire_us=11498 submit_us=5332 skipped=0 gpu_q=1 gpu_total_us=4605 gpu_prepass_us=0 gpu_main_us=4605 gpu_composite_us=0 gpu_blit_us=0
[frust INFO] frust-perf img skipped=0 evicted=3 resident=60 budget=1024x1024x4
[frust INFO] frust-perf raw n=855 total_us=16572 rebuild_us=480 layout_us=29 paint_us=36 encode_us=9 acquire_us=11284 submit_us=4733 skipped=0 gpu_q=1 gpu_total_us=4549 gpu_prepass_us=0 gpu_main_us=4549 gpu_composite_us=0 gpu_blit_us=0
[frust INFO] frust-perf img skipped=0 evicted=3 resident=60 budget=1024x1024x4
[frust INFO] frust-perf raw n=856 total_us=16817 rebuild_us=461 layout_us=24 paint_us=27 encode_us=9 acquire_us=11850 submit_us=4444 skipped=0 gpu_q=1 gpu_total_us=4612 gpu_prepass_us=0 gpu_main_us=4612 gpu_composite_us=0 gpu_blit_us=0
[frust INFO] frust-perf img skipped=0 evicted=3 resident=60 budget=1024x1024x4
[frust INFO] frust-perf raw n=857 total_us=17569 rebuild_us=484 layout_us=27 paint_us=37 encode_us=12 acquire_us=12339 submit_us=4667 skipped=0 gpu_q=1 gpu_total_us=4632 gpu_prepass_us=0 gpu_main_us=4632 gpu_composite_us=0 gpu_blit_us=0
[frust INFO] frust-perf img skipped=0 evicted=3 resident=60 budget=1024x1024x4
[frust INFO] frust-perf raw n=858 total_us=16965 rebuild_us=523 layout_us=28 paint_us=30 encode_us=13 acquire_us=11733 submit_us=4636 skipped=0 gpu_q=1 gpu_total_us=4606 gpu_prepass_us=0 gpu_main_us=4606 gpu_composite_us=0 gpu_blit_us=0
[frust INFO] frust-perf img skipped=0 evicted=4 resident=60 budget=1024x1024x4
[frust INFO] frust-perf raw n=859 total_us=17233 rebuild_us=463 layout_us=24 paint_us=34 encode_us=10 acquire_us=11967 submit_us=4732 skipped=0 gpu_q=1 gpu_total_us=4623 gpu_prepass_us=0 gpu_main_us=4623 gpu_composite_us=0 gpu_blit_us=0
[frust INFO] frust-perf img skipped=0 evicted=3 resident=60 budget=1024x1024x4
[frust INFO] frust-perf raw n=860 total_us=17588 rebuild_us=497 layout_us=27 paint_us=34 encode_us=6 acquire_us=11881 submit_us=5141 skipped=0 gpu_q=1 gpu_total_us=4663 gpu_prepass_us=0 gpu_main_us=4663 gpu_composite_us=0 gpu_blit_us=0
[frust INFO] frust-perf img skipped=0 evicted=3 resident=60 budget=1024x1024x4
[frust INFO] frust-perf raw n=861 total_us=17145 rebuild_us=551 layout_us=27 paint_us=39 encode_us=11 acquire_us=11593 submit_us=4922 skipped=0 gpu_q=1 gpu_total_us=4681 gpu_prepass_us=0 gpu_main_us=4681 gpu_composite_us=0 gpu_blit_us=0
[frust INFO] frust-perf img skipped=0 evicted=3 resident=60 budget=1024x1024x4
[frust INFO] frust-perf raw n=862 total_us=17190 rebuild_us=492 layout_us=27 paint_us=32 encode_us=7 acquire_us=11824 submit_us=4806 skipped=0 gpu_q=1 gpu_total_us=4654 gpu_prepass_us=0 gpu_main_us=4654 gpu_composite_us=0 gpu_blit_us=0
[frust INFO] frust-perf img skipped=0 evicted=3 resident=60 budget=1024x1024x4
[frust INFO] frust-perf raw n=863 total_us=17317 rebuild_us=569 layout_us=29 paint_us=35 encode_us=6 acquire_us=11668 submit_us=5008 skipped=0 gpu_q=1 gpu_total_us=4561 gpu_prepass_us=0 gpu_main_us=4561 gpu_composite_us=0 gpu_blit_us=0
[frust INFO] frust-perf img skipped=0 evicted=4 resident=60 budget=1024x1024x4
[frust INFO] frust-perf raw n=864 total_us=17293 rebuild_us=531 layout_us=24 paint_us=32 encode_us=14 acquire_us=11522 submit_us=5168 skipped=0 gpu_q=1 gpu_total_us=4627 gpu_prepass_us=0 gpu_main_us=4627 gpu_composite_us=0 gpu_blit_us=0
[frust INFO] frust-perf img skipped=0 evicted=3 resident=60 budget=1024x1024x4
[frust INFO] frust-perf raw n=865 total_us=16969 rebuild_us=442 layout_us=24 paint_us=35 encode_us=9 acquire_us=11578 submit_us=4878 skipped=0 gpu_q=1 gpu_total_us=4702 gpu_prepass_us=0 gpu_main_us=4702 gpu_composite_us=0 gpu_blit_us=0
[frust INFO] frust-perf img skipped=0 evicted=3 resident=60 budget=1024x1024x4
[frust INFO] frust-perf raw n=866 total_us=17002 rebuild_us=524 layout_us=26 paint_us=33 encode_us=9 acquire_us=11605 submit_us=4803 skipped=0 gpu_q=1 gpu_total_us=4651 gpu_prepass_us=0 gpu_main_us=4651 gpu_composite_us=0 gpu_blit_us=0
[frust INFO] frust-perf img skipped=0 evicted=3 resident=60 budget=1024x1024x4
[frust INFO] frust-perf raw n=867 total_us=17442 rebuild_us=494 layout_us=29 paint_us=31 encode_us=9 acquire_us=12027 submit_us=4851 skipped=0 gpu_q=1 gpu_total_us=4698 gpu_prepass_us=0 gpu_main_us=4698 gpu_composite_us=0 gpu_blit_us=0
[frust INFO] frust-perf img skipped=0 evicted=3 resident=60 budget=1024x1024x4
[frust INFO] frust-perf raw n=868 total_us=16867 rebuild_us=470 layout_us=21 paint_us=35 encode_us=10 acquire_us=11520 submit_us=4808 skipped=0 gpu_q=1 gpu_total_us=4641 gpu_prepass_us=0 gpu_main_us=4641 gpu_composite_us=0 gpu_blit_us=0
[frust INFO] frust-perf img skipped=0 evicted=4 resident=60 budget=1024x1024x4
[frust INFO] frust-perf raw n=869 total_us=17306 rebuild_us=445 layout_us=20 paint_us=37 encode_us=10 acquire_us=11894 submit_us=4897 skipped=0 gpu_q=1 gpu_total_us=4630 gpu_prepass_us=0 gpu_main_us=4630 gpu_composite_us=0 gpu_blit_us=0
[frust INFO] frust-perf img skipped=0 evicted=3 resident=60 budget=1024x1024x4
[frust INFO] frust-perf raw n=870 total_us=17385 rebuild_us=488 layout_us=24 paint_us=31 encode_us=6 acquire_us=11638 submit_us=5197 skipped=0 gpu_q=1 gpu_total_us=4634 gpu_prepass_us=0 gpu_main_us=4634 gpu_composite_us=0 gpu_blit_us=0
[frust INFO] frust-perf img skipped=0 evicted=3 resident=60 budget=1024x1024x4
[frust INFO] frust-perf raw n=871 total_us=16820 rebuild_us=564 layout_us=24 paint_us=33 encode_us=11 acquire_us=11416 submit_us=4769 skipped=0 gpu_q=1 gpu_total_us=4617 gpu_prepass_us=0 gpu_main_us=4617 gpu_composite_us=0 gpu_blit_us=0
[frust INFO] frust-perf img skipped=0 evicted=3 resident=60 budget=1024x1024x4
[frust INFO] frust-perf raw n=872 total_us=17447 rebuild_us=484 layout_us=26 paint_us=34 encode_us=12 acquire_us=12082 submit_us=4807 skipped=0 gpu_q=1 gpu_total_us=4648 gpu_prepass_us=0 gpu_main_us=4648 gpu_composite_us=0 gpu_blit_us=0
[frust INFO] frust-perf img skipped=0 evicted=3 resident=60 budget=1024x1024x4
[frust INFO] frust-perf raw n=873 total_us=17120 rebuild_us=494 layout_us=27 paint_us=30 encode_us=13 acquire_us=11524 submit_us=5030 skipped=0 gpu_q=1 gpu_total_us=4551 gpu_prepass_us=0 gpu_main_us=4551 gpu_composite_us=0 gpu_blit_us=0
[frust INFO] frust-perf img skipped=0 evicted=4 resident=60 budget=1024x1024x4
[frust INFO] frust-perf raw n=874 total_us=17516 rebuild_us=466 layout_us=29 paint_us=40 encode_us=13 acquire_us=11539 submit_us=5426 skipped=0 gpu_q=1 gpu_total_us=4650 gpu_prepass_us=0 gpu_main_us=4650 gpu_composite_us=0 gpu_blit_us=0
[frust INFO] frust-perf img skipped=0 evicted=3 resident=60 budget=1024x1024x4
[frust INFO] frust-perf raw n=875 total_us=16800 rebuild_us=490 layout_us=24 paint_us=34 encode_us=14 acquire_us=11296 submit_us=4940 skipped=0 gpu_q=1 gpu_total_us=4637 gpu_prepass_us=0 gpu_main_us=4637 gpu_composite_us=0 gpu_blit_us=0
[frust INFO] frust-perf img skipped=0 evicted=3 resident=60 budget=1024x1024x4
[frust INFO] frust-perf raw n=876 total_us=17146 rebuild_us=506 layout_us=28 paint_us=32 encode_us=10 acquire_us=11662 submit_us=4907 skipped=0 gpu_q=1 gpu_total_us=4610 gpu_prepass_us=0 gpu_main_us=4610 gpu_composite_us=0 gpu_blit_us=0
[frust INFO] frust-perf img skipped=0 evicted=3 resident=60 budget=1024x1024x4
[frust INFO] frust-perf raw n=877 total_us=17186 rebuild_us=512 layout_us=27 paint_us=30 encode_us=9 acquire_us=11880 submit_us=4725 skipped=0 gpu_q=1 gpu_total_us=4628 gpu_prepass_us=0 gpu_main_us=4628 gpu_composite_us=0 gpu_blit_us=0
[frust INFO] frust-perf img skipped=0 evicted=3 resident=60 budget=1024x1024x4
[frust INFO] frust-perf raw n=878 total_us=17725 rebuild_us=554 layout_us=24 paint_us=30 encode_us=7 acquire_us=11775 submit_us=5333 skipped=0 gpu_q=1 gpu_total_us=4636 gpu_prepass_us=0 gpu_main_us=4636 gpu_composite_us=0 gpu_blit_us=0
[frust INFO] frust-perf img skipped=0 evicted=3 resident=60 budget=1024x1024x4
[frust INFO] frust-perf raw n=879 total_us=16753 rebuild_us=560 layout_us=25 paint_us=36 encode_us=12 acquire_us=11134 submit_us=4984 skipped=0 gpu_q=1 gpu_total_us=4684 gpu_prepass_us=0 gpu_main_us=4684 gpu_composite_us=0 gpu_blit_us=0
[frust INFO] frust-perf img skipped=0 evicted=4 resident=60 budget=1024x1024x4
[frust INFO] frust-perf raw n=880 total_us=17619 rebuild_us=523 layout_us=25 paint_us=31 encode_us=10 acquire_us=11715 submit_us=5312 skipped=0 gpu_q=1 gpu_total_us=4715 gpu_prepass_us=0 gpu_main_us=4715 gpu_composite_us=0 gpu_blit_us=0
[frust INFO] frust-perf img skipped=0 evicted=3 resident=60 budget=1024x1024x4
[frust INFO] frust-perf raw n=881 total_us=17210 rebuild_us=533 layout_us=28 paint_us=33 encode_us=5 acquire_us=11169 submit_us=5439 skipped=0 gpu_q=1 gpu_total_us=4450 gpu_prepass_us=0 gpu_main_us=4450 gpu_composite_us=0 gpu_blit_us=0
[frust INFO] frust-perf img skipped=0 evicted=3 resident=60 budget=1024x1024x4
[frust INFO] frust-perf raw n=882 total_us=16956 rebuild_us=612 layout_us=29 paint_us=36 encode_us=10 acquire_us=11247 submit_us=5019 skipped=0 gpu_q=1 gpu_total_us=4625 gpu_prepass_us=0 gpu_main_us=4625 gpu_composite_us=0 gpu_blit_us=0
[frust INFO] frust-perf img skipped=0 evicted=3 resident=60 budget=1024x1024x4
[frust INFO] frust-perf raw n=883 total_us=16916 rebuild_us=513 layout_us=28 paint_us=38 encode_us=16 acquire_us=11719 submit_us=4600 skipped=0 gpu_q=1 gpu_total_us=4593 gpu_prepass_us=0 gpu_main_us=4593 gpu_composite_us=0 gpu_blit_us=0
[frust INFO] frust-perf img skipped=0 evicted=3 resident=60 budget=1024x1024x4
[frust INFO] frust-perf raw n=884 total_us=17225 rebuild_us=553 layout_us=28 paint_us=32 encode_us=6 acquire_us=11731 submit_us=4872 skipped=0 gpu_q=1 gpu_total_us=4647 gpu_prepass_us=0 gpu_main_us=4647 gpu_composite_us=0 gpu_blit_us=0
[frust INFO] frust-perf img skipped=0 evicted=4 resident=60 budget=1024x1024x4
[frust INFO] frust-perf raw n=885 total_us=17677 rebuild_us=525 layout_us=23 paint_us=35 encode_us=11 acquire_us=11734 submit_us=5346 skipped=0 gpu_q=1 gpu_total_us=4633 gpu_prepass_us=0 gpu_main_us=4633 gpu_composite_us=0 gpu_blit_us=0
[frust INFO] frust-perf img skipped=0 evicted=3 resident=60 budget=1024x1024x4
[frust INFO] frust-perf raw n=886 total_us=16617 rebuild_us=452 layout_us=24 paint_us=26 encode_us=12 acquire_us=11291 submit_us=4808 skipped=0 gpu_q=1 gpu_total_us=4710 gpu_prepass_us=0 gpu_main_us=4710 gpu_composite_us=0 gpu_blit_us=0
[frust INFO] frust-perf img skipped=0 evicted=3 resident=60 budget=1024x1024x4
[frust INFO] frust-perf raw n=887 total_us=17128 rebuild_us=451 layout_us=28 paint_us=31 encode_us=9 acquire_us=11764 submit_us=4843 skipped=0 gpu_q=1 gpu_total_us=4657 gpu_prepass_us=0 gpu_main_us=4657 gpu_composite_us=0 gpu_blit_us=0
[frust INFO] frust-perf img skipped=0 evicted=3 resident=60 budget=1024x1024x4
[frust INFO] frust-perf raw n=888 total_us=17389 rebuild_us=488 layout_us=23 paint_us=35 encode_us=10 acquire_us=11955 submit_us=4875 skipped=0 gpu_q=1 gpu_total_us=4661 gpu_prepass_us=0 gpu_main_us=4661 gpu_composite_us=0 gpu_blit_us=0
[frust INFO] frust-perf img skipped=0 evicted=3 resident=60 budget=1024x1024x4
[frust INFO] frust-perf raw n=889 total_us=17281 rebuild_us=483 layout_us=31 paint_us=34 encode_us=9 acquire_us=11547 submit_us=5175 skipped=0 gpu_q=1 gpu_total_us=4631 gpu_prepass_us=0 gpu_main_us=4631 gpu_composite_us=0 gpu_blit_us=0
[frust INFO] frust-perf img skipped=0 evicted=4 resident=60 budget=1024x1024x4
[frust INFO] frust-perf raw n=890 total_us=17389 rebuild_us=506 layout_us=25 paint_us=36 encode_us=10 acquire_us=11405 submit_us=5405 skipped=0 gpu_q=1 gpu_total_us=4740 gpu_prepass_us=0 gpu_main_us=4740 gpu_composite_us=0 gpu_blit_us=0
[frust INFO] frust-perf img skipped=0 evicted=3 resident=60 budget=1024x1024x4
[frust INFO] frust-perf raw n=891 total_us=16740 rebuild_us=518 layout_us=28 paint_us=37 encode_us=9 acquire_us=11194 submit_us=4952 skipped=0 gpu_q=1 gpu_total_us=4731 gpu_prepass_us=0 gpu_main_us=4731 gpu_composite_us=0 gpu_blit_us=0
[frust INFO] frust-perf img skipped=0 evicted=3 resident=60 budget=1024x1024x4
[frust INFO] frust-perf raw n=892 total_us=17110 rebuild_us=499 layout_us=24 paint_us=36 encode_us=13 acquire_us=11708 submit_us=4828 skipped=0 gpu_q=1 gpu_total_us=4644 gpu_prepass_us=0 gpu_main_us=4644 gpu_composite_us=0 gpu_blit_us=0
[frust INFO] frust-perf img skipped=0 evicted=3 resident=60 budget=1024x1024x4
[frust INFO] frust-perf raw n=893 total_us=17252 rebuild_us=510 layout_us=25 paint_us=36 encode_us=10 acquire_us=11937 submit_us=4732 skipped=0 gpu_q=1 gpu_total_us=4639 gpu_prepass_us=0 gpu_main_us=4639 gpu_composite_us=0 gpu_blit_us=0
[frust INFO] frust-perf img skipped=0 evicted=3 resident=60 budget=1024x1024x4
[frust INFO] frust-perf raw n=894 total_us=17245 rebuild_us=492 layout_us=21 paint_us=34 encode_us=9 acquire_us=11719 submit_us=4968 skipped=0 gpu_q=1 gpu_total_us=4584 gpu_prepass_us=0 gpu_main_us=4584 gpu_composite_us=0 gpu_blit_us=0
[frust INFO] frust-perf img skipped=0 evicted=4 resident=60 budget=1024x1024x4
[frust INFO] frust-perf raw n=895 total_us=17421 rebuild_us=491 layout_us=25 paint_us=36 encode_us=10 acquire_us=11556 submit_us=5301 skipped=0 gpu_q=1 gpu_total_us=4660 gpu_prepass_us=0 gpu_main_us=4660 gpu_composite_us=0 gpu_blit_us=0
[frust INFO] frust-perf img skipped=0 evicted=3 resident=60 budget=1024x1024x4
[frust INFO] frust-perf raw n=896 total_us=16835 rebuild_us=481 layout_us=28 paint_us=32 encode_us=12 acquire_us=11340 submit_us=4940 skipped=0 gpu_q=1 gpu_total_us=4644 gpu_prepass_us=0 gpu_main_us=4644 gpu_composite_us=0 gpu_blit_us=0
[frust INFO] frust-perf img skipped=0 evicted=3 resident=60 budget=1024x1024x4
[frust INFO] frust-perf raw n=897 total_us=17316 rebuild_us=525 layout_us=25 paint_us=36 encode_us=13 acquire_us=11704 submit_us=5011 skipped=0 gpu_q=1 gpu_total_us=4677 gpu_prepass_us=0 gpu_main_us=4677 gpu_composite_us=0 gpu_blit_us=0
[frust INFO] frust-perf img skipped=0 evicted=3 resident=60 budget=1024x1024x4
[frust INFO] frust-perf raw n=898 total_us=17220 rebuild_us=480 layout_us=22 paint_us=37 encode_us=10 acquire_us=11813 submit_us=4856 skipped=0 gpu_q=1 gpu_total_us=4613 gpu_prepass_us=0 gpu_main_us=4613 gpu_composite_us=0 gpu_blit_us=0
[frust INFO] frust-perf img skipped=0 evicted=3 resident=60 budget=1024x1024x4
[frust INFO] frust-perf raw n=899 total_us=17028 rebuild_us=497 layout_us=26 paint_us=33 encode_us=9 acquire_us=11553 submit_us=4908 skipped=0 gpu_q=1 gpu_total_us=4561 gpu_prepass_us=0 gpu_main_us=4561 gpu_composite_us=0 gpu_blit_us=0
[frust INFO] frust-perf img skipped=0 evicted=4 resident=60 budget=1024x1024x4
[frust INFO] frust-perf enc n=900 w=60 validate_us=3.5 prepare_us=4.5 classify_us=11.1 admit_us=0.5 walk_us=1425.8 glyphs_us=106.6 finish_us=3.7 compile_us=1508.6 schedule_us=5.0 paints_us=18.9 instances_us=77.0 resize_us=3.8 upload_us=1874.7 replay_us=0.8 pipelines_us=20.1 record_us=35.6 total_us=3538.8 total_p95_us=4076.5 draws=29 strips=2111 alphas=51696 glyph_draws=17 atlas_glyphs=17
[frust INFO] frust-perf raw n=900 total_us=17599 rebuild_us=495 layout_us=29 paint_us=38 encode_us=10 acquire_us=11647 submit_us=5377 skipped=0 gpu_q=1 gpu_total_us=4623 gpu_prepass_us=0 gpu_main_us=4623 gpu_composite_us=0 gpu_blit_us=0
[frust INFO] frust-perf img skipped=0 evicted=3 resident=60 budget=1024x1024x4
[frust INFO] frust-perf raw n=901 total_us=16532 rebuild_us=492 layout_us=24 paint_us=32 encode_us=9 acquire_us=11156 submit_us=4816 skipped=0 gpu_q=1 gpu_total_us=4678 gpu_prepass_us=0 gpu_main_us=4678 gpu_composite_us=0 gpu_blit_us=0
[frust INFO] frust-perf img skipped=0 evicted=3 resident=60 budget=1024x1024x4
[frust INFO] frust-perf raw n=902 total_us=17388 rebuild_us=491 layout_us=28 paint_us=40 encode_us=9 acquire_us=11878 submit_us=4941 skipped=0 gpu_q=1 gpu_total_us=4660 gpu_prepass_us=0 gpu_main_us=4660 gpu_composite_us=0 gpu_blit_us=0
[frust INFO] frust-perf img skipped=0 evicted=3 resident=60 budget=1024x1024x4
[frust INFO] frust-perf raw n=903 total_us=17356 rebuild_us=472 layout_us=21 paint_us=35 encode_us=9 acquire_us=11822 submit_us=4994 skipped=0 gpu_q=1 gpu_total_us=4634 gpu_prepass_us=0 gpu_main_us=4634 gpu_composite_us=0 gpu_blit_us=0
[frust INFO] frust-perf img skipped=0 evicted=3 resident=60 budget=1024x1024x4
[frust INFO] frust-perf raw n=904 total_us=16897 rebuild_us=471 layout_us=30 paint_us=38 encode_us=9 acquire_us=11459 submit_us=4889 skipped=0 gpu_q=1 gpu_total_us=4626 gpu_prepass_us=0 gpu_main_us=4626 gpu_composite_us=0 gpu_blit_us=0
[frust INFO] frust-perf img skipped=0 evicted=4 resident=60 budget=1024x1024x4
[frust INFO] frust-perf raw n=905 total_us=17719 rebuild_us=501 layout_us=27 paint_us=37 encode_us=10 acquire_us=11739 submit_us=5403 skipped=0 gpu_q=1 gpu_total_us=4615 gpu_prepass_us=0 gpu_main_us=4615 gpu_composite_us=0 gpu_blit_us=0
[frust INFO] frust-perf img skipped=0 evicted=3 resident=60 budget=1024x1024x4
[frust INFO] frust-perf raw n=906 total_us=16550 rebuild_us=484 layout_us=23 paint_us=38 encode_us=13 acquire_us=11157 submit_us=4832 skipped=0 gpu_q=1 gpu_total_us=4652 gpu_prepass_us=0 gpu_main_us=4652 gpu_composite_us=0 gpu_blit_us=0
[frust INFO] frust-perf img skipped=0 evicted=3 resident=60 budget=1024x1024x4
[frust INFO] frust-perf raw n=907 total_us=17092 rebuild_us=496 layout_us=21 paint_us=39 encode_us=9 acquire_us=11728 submit_us=4797 skipped=0 gpu_q=1 gpu_total_us=4665 gpu_prepass_us=0 gpu_main_us=4665 gpu_composite_us=0 gpu_blit_us=0
[frust INFO] frust-perf img skipped=0 evicted=3 resident=60 budget=1024x1024x4
[frust INFO] frust-perf raw n=908 total_us=17615 rebuild_us=492 layout_us=28 paint_us=45 encode_us=9 acquire_us=12172 submit_us=4867 skipped=0 gpu_q=1 gpu_total_us=4636 gpu_prepass_us=0 gpu_main_us=4636 gpu_composite_us=0 gpu_blit_us=0
[frust INFO] frust-perf img skipped=0 evicted=3 resident=60 budget=1024x1024x4
[frust INFO] frust-perf raw n=909 total_us=16785 rebuild_us=500 layout_us=25 paint_us=37 encode_us=12 acquire_us=11374 submit_us=4834 skipped=0 gpu_q=1 gpu_total_us=4581 gpu_prepass_us=0 gpu_main_us=4581 gpu_composite_us=0 gpu_blit_us=0
[frust INFO] frust-perf img skipped=0 evicted=4 resident=60 budget=1024x1024x4
[frust INFO] frust-perf raw n=910 total_us=17791 rebuild_us=472 layout_us=27 paint_us=31 encode_us=11 acquire_us=11768 submit_us=5479 skipped=0 gpu_q=1 gpu_total_us=4671 gpu_prepass_us=0 gpu_main_us=4671 gpu_composite_us=0 gpu_blit_us=0
[frust INFO] frust-perf img skipped=0 evicted=3 resident=60 budget=1024x1024x4
[frust INFO] frust-perf raw n=911 total_us=16502 rebuild_us=505 layout_us=25 paint_us=35 encode_us=10 acquire_us=11090 submit_us=4834 skipped=0 gpu_q=1 gpu_total_us=4687 gpu_prepass_us=0 gpu_main_us=4687 gpu_composite_us=0 gpu_blit_us=0
[frust INFO] frust-perf img skipped=0 evicted=3 resident=60 budget=1024x1024x4
[frust INFO] frust-perf raw n=912 total_us=17377 rebuild_us=522 layout_us=29 paint_us=33 encode_us=9 acquire_us=11803 submit_us=4980 skipped=0 gpu_q=1 gpu_total_us=4631 gpu_prepass_us=0 gpu_main_us=4631 gpu_composite_us=0 gpu_blit_us=0
[frust INFO] frust-perf img skipped=0 evicted=3 resident=60 budget=1024x1024x4
[frust INFO] frust-perf raw n=913 total_us=17200 rebuild_us=496 layout_us=26 paint_us=39 encode_us=11 acquire_us=11779 submit_us=4847 skipped=0 gpu_q=1 gpu_total_us=4638 gpu_prepass_us=0 gpu_main_us=4638 gpu_composite_us=0 gpu_blit_us=0
[frust INFO] frust-perf img skipped=0 evicted=3 resident=60 budget=1024x1024x4
[frust INFO] frust-perf raw n=914 total_us=17175 rebuild_us=511 layout_us=27 paint_us=29 encode_us=9 acquire_us=11641 submit_us=4956 skipped=0 gpu_q=1 gpu_total_us=4603 gpu_prepass_us=0 gpu_main_us=4603 gpu_composite_us=0 gpu_blit_us=0
[frust INFO] frust-perf img skipped=0 evicted=4 resident=60 budget=1024x1024x4
[frust INFO] frust-perf raw n=915 total_us=17471 rebuild_us=502 layout_us=24 paint_us=40 encode_us=13 acquire_us=11599 submit_us=5291 skipped=0 gpu_q=1 gpu_total_us=4669 gpu_prepass_us=0 gpu_main_us=4669 gpu_composite_us=0 gpu_blit_us=0
[frust INFO] frust-perf img skipped=0 evicted=3 resident=60 budget=1024x1024x4
[frust INFO] frust-perf raw n=916 total_us=16747 rebuild_us=484 layout_us=30 paint_us=42 encode_us=9 acquire_us=11319 submit_us=4860 skipped=0 gpu_q=1 gpu_total_us=4632 gpu_prepass_us=0 gpu_main_us=4632 gpu_composite_us=0 gpu_blit_us=0
[frust INFO] frust-perf img skipped=0 evicted=3 resident=60 budget=1024x1024x4
[frust INFO] frust-perf raw n=917 total_us=17076 rebuild_us=500 layout_us=24 paint_us=37 encode_us=9 acquire_us=11758 submit_us=4745 skipped=0 gpu_q=1 gpu_total_us=4669 gpu_prepass_us=0 gpu_main_us=4669 gpu_composite_us=0 gpu_blit_us=0
[frust INFO] frust-perf img skipped=0 evicted=3 resident=60 budget=1024x1024x4
[frust INFO] frust-perf raw n=918 total_us=17553 rebuild_us=522 layout_us=29 paint_us=37 encode_us=9 acquire_us=12124 submit_us=4830 skipped=0 gpu_q=1 gpu_total_us=4675 gpu_prepass_us=0 gpu_main_us=4675 gpu_composite_us=0 gpu_blit_us=0
[frust INFO] frust-perf img skipped=0 evicted=3 resident=60 budget=1024x1024x4
[frust INFO] frust-perf raw n=919 total_us=16925 rebuild_us=502 layout_us=29 paint_us=28 encode_us=9 acquire_us=11498 submit_us=4856 skipped=0 gpu_q=1 gpu_total_us=4544 gpu_prepass_us=0 gpu_main_us=4544 gpu_composite_us=0 gpu_blit_us=0
[frust INFO] frust-perf img skipped=0 evicted=4 resident=60 budget=1024x1024x4
[frust INFO] frust-perf raw n=920 total_us=17366 rebuild_us=456 layout_us=24 paint_us=38 encode_us=10 acquire_us=11740 submit_us=5095 skipped=0 gpu_q=1 gpu_total_us=4630 gpu_prepass_us=0 gpu_main_us=4630 gpu_composite_us=0 gpu_blit_us=0
[frust INFO] frust-perf img skipped=0 evicted=3 resident=60 budget=1024x1024x4
[frust INFO] frust-perf raw n=921 total_us=16836 rebuild_us=471 layout_us=23 paint_us=34 encode_us=5 acquire_us=11528 submit_us=4772 skipped=0 gpu_q=1 gpu_total_us=4651 gpu_prepass_us=0 gpu_main_us=4651 gpu_composite_us=0 gpu_blit_us=0
[frust INFO] frust-perf img skipped=0 evicted=3 resident=60 budget=1024x1024x4
[frust INFO] frust-perf raw n=922 total_us=17429 rebuild_us=550 layout_us=27 paint_us=29 encode_us=6 acquire_us=11929 submit_us=4886 skipped=0 gpu_q=1 gpu_total_us=4648 gpu_prepass_us=0 gpu_main_us=4648 gpu_composite_us=0 gpu_blit_us=0
[frust INFO] frust-perf img skipped=0 evicted=3 resident=60 budget=1024x1024x4
[frust INFO] frust-perf raw n=923 total_us=17127 rebuild_us=576 layout_us=28 paint_us=37 encode_us=13 acquire_us=11934 submit_us=4536 skipped=0 gpu_q=1 gpu_total_us=4685 gpu_prepass_us=0 gpu_main_us=4685 gpu_composite_us=0 gpu_blit_us=0
[frust INFO] frust-perf img skipped=0 evicted=3 resident=60 budget=1024x1024x4
[frust INFO] frust-perf raw n=924 total_us=17462 rebuild_us=486 layout_us=19 paint_us=30 encode_us=6 acquire_us=11819 submit_us=5099 skipped=0 gpu_q=1 gpu_total_us=4624 gpu_prepass_us=0 gpu_main_us=4624 gpu_composite_us=0 gpu_blit_us=0
[frust INFO] frust-perf img skipped=0 evicted=4 resident=60 budget=1024x1024x4
[frust INFO] frust-perf raw n=925 total_us=17110 rebuild_us=521 layout_us=23 paint_us=35 encode_us=10 acquire_us=11459 submit_us=5058 skipped=0 gpu_q=1 gpu_total_us=4528 gpu_prepass_us=0 gpu_main_us=4528 gpu_composite_us=0 gpu_blit_us=0
[frust INFO] frust-perf img skipped=0 evicted=3 resident=60 budget=1024x1024x4
[frust INFO] frust-perf raw n=926 total_us=16538 rebuild_us=483 layout_us=24 paint_us=29 encode_us=6 acquire_us=11553 submit_us=4441 skipped=0 gpu_q=1 gpu_total_us=4621 gpu_prepass_us=0 gpu_main_us=4621 gpu_composite_us=0 gpu_blit_us=0
[frust INFO] frust-perf img skipped=0 evicted=3 resident=60 budget=1024x1024x4
[frust INFO] frust-perf raw n=927 total_us=17920 rebuild_us=542 layout_us=28 paint_us=30 encode_us=6 acquire_us=12228 submit_us=5083 skipped=0 gpu_q=1 gpu_total_us=4711 gpu_prepass_us=0 gpu_main_us=4711 gpu_composite_us=0 gpu_blit_us=0
[frust INFO] frust-perf img skipped=0 evicted=3 resident=60 budget=1024x1024x4
[frust INFO] frust-perf raw n=928 total_us=17048 rebuild_us=529 layout_us=22 paint_us=34 encode_us=11 acquire_us=11696 submit_us=4753 skipped=0 gpu_q=1 gpu_total_us=4633 gpu_prepass_us=0 gpu_main_us=4633 gpu_composite_us=0 gpu_blit_us=0
[frust INFO] frust-perf img skipped=0 evicted=3 resident=60 budget=1024x1024x4
[frust INFO] frust-perf raw n=929 total_us=16900 rebuild_us=456 layout_us=21 paint_us=26 encode_us=9 acquire_us=11637 submit_us=4749 skipped=0 gpu_q=1 gpu_total_us=4452 gpu_prepass_us=0 gpu_main_us=4452 gpu_composite_us=0 gpu_blit_us=0
[frust INFO] frust-perf img skipped=0 evicted=4 resident=60 budget=1024x1024x4
[frust INFO] frust-perf raw n=930 total_us=17924 rebuild_us=506 layout_us=25 paint_us=37 encode_us=10 acquire_us=11772 submit_us=5573 skipped=0 gpu_q=1 gpu_total_us=4470 gpu_prepass_us=0 gpu_main_us=4470 gpu_composite_us=0 gpu_blit_us=0
[frust INFO] frust-perf img skipped=0 evicted=3 resident=60 budget=1024x1024x4
[frust INFO] frust-perf raw n=931 total_us=16710 rebuild_us=492 layout_us=30 paint_us=32 encode_us=10 acquire_us=11155 submit_us=4990 skipped=0 gpu_q=1 gpu_total_us=4675 gpu_prepass_us=0 gpu_main_us=4675 gpu_composite_us=0 gpu_blit_us=0
[frust INFO] frust-perf img skipped=0 evicted=3 resident=60 budget=1024x1024x4
[frust INFO] frust-perf raw n=932 total_us=16706 rebuild_us=452 layout_us=27 paint_us=28 encode_us=11 acquire_us=11504 submit_us=4681 skipped=0 gpu_q=1 gpu_total_us=4687 gpu_prepass_us=0 gpu_main_us=4687 gpu_composite_us=0 gpu_blit_us=0
[frust INFO] frust-perf img skipped=0 evicted=3 resident=60 budget=1024x1024x4
[frust INFO] frust-perf raw n=933 total_us=17260 rebuild_us=484 layout_us=23 paint_us=33 encode_us=9 acquire_us=11968 submit_us=4741 skipped=0 gpu_q=1 gpu_total_us=4619 gpu_prepass_us=0 gpu_main_us=4619 gpu_composite_us=0 gpu_blit_us=0
[frust INFO] frust-perf img skipped=0 evicted=3 resident=60 budget=1024x1024x4
[frust INFO] frust-perf raw n=934 total_us=17558 rebuild_us=469 layout_us=28 paint_us=38 encode_us=7 acquire_us=12071 submit_us=4944 skipped=0 gpu_q=1 gpu_total_us=4611 gpu_prepass_us=0 gpu_main_us=4611 gpu_composite_us=0 gpu_blit_us=0
[frust INFO] frust-perf img skipped=0 evicted=3 resident=60 budget=1024x1024x4
[frust INFO] frust-perf raw n=935 total_us=16863 rebuild_us=495 layout_us=24 paint_us=36 encode_us=11 acquire_us=11502 submit_us=4793 skipped=0 gpu_q=1 gpu_total_us=4629 gpu_prepass_us=0 gpu_main_us=4629 gpu_composite_us=0 gpu_blit_us=0
[frust INFO] frust-perf img skipped=0 evicted=4 resident=60 budget=1024x1024x4
[frust INFO] frust-perf raw n=936 total_us=17569 rebuild_us=458 layout_us=27 paint_us=28 encode_us=9 acquire_us=11844 submit_us=5200 skipped=0 gpu_q=1 gpu_total_us=4642 gpu_prepass_us=0 gpu_main_us=4642 gpu_composite_us=0 gpu_blit_us=0
[frust INFO] frust-perf img skipped=0 evicted=3 resident=60 budget=1024x1024x4
[frust INFO] frust-perf raw n=937 total_us=16724 rebuild_us=446 layout_us=23 paint_us=29 encode_us=10 acquire_us=11415 submit_us=4800 skipped=0 gpu_q=1 gpu_total_us=4627 gpu_prepass_us=0 gpu_main_us=4627 gpu_composite_us=0 gpu_blit_us=0
[frust INFO] frust-perf img skipped=0 evicted=3 resident=60 budget=1024x1024x4
[frust INFO] frust-perf raw n=938 total_us=17267 rebuild_us=523 layout_us=24 paint_us=32 encode_us=12 acquire_us=11784 submit_us=4890 skipped=0 gpu_q=1 gpu_total_us=4733 gpu_prepass_us=0 gpu_main_us=4733 gpu_composite_us=0 gpu_blit_us=0
[frust INFO] frust-perf img skipped=0 evicted=3 resident=60 budget=1024x1024x4
[frust INFO] frust-perf raw n=939 total_us=17133 rebuild_us=491 layout_us=19 paint_us=32 encode_us=6 acquire_us=11838 submit_us=4746 skipped=0 gpu_q=1 gpu_total_us=4598 gpu_prepass_us=0 gpu_main_us=4598 gpu_composite_us=0 gpu_blit_us=0
[frust INFO] frust-perf img skipped=0 evicted=3 resident=60 budget=1024x1024x4
[frust INFO] frust-perf raw n=940 total_us=16546 rebuild_us=497 layout_us=23 paint_us=30 encode_us=6 acquire_us=11724 submit_us=4264 skipped=0 gpu_q=1 gpu_total_us=4602 gpu_prepass_us=0 gpu_main_us=4602 gpu_composite_us=0 gpu_blit_us=0
[frust INFO] frust-perf img skipped=0 evicted=4 resident=60 budget=1024x1024x4
[frust INFO] frust-perf raw n=941 total_us=18547 rebuild_us=508 layout_us=28 paint_us=40 encode_us=6 acquire_us=12419 submit_us=5543 skipped=0 gpu_q=1 gpu_total_us=4673 gpu_prepass_us=0 gpu_main_us=4673 gpu_composite_us=0 gpu_blit_us=0
[frust INFO] frust-perf frame n=120 total_p50_ms=17 total_p95_ms=17 total_p99_ms=17 rebuild_p95_ms=0 layout_p95_ms=0 paint_p95_ms=0 encode_p95_ms=0 acquire_p95_ms=12 submit_p95_ms=5 over_60hz=801 over_120hz=939 skipped=0 total_frames=941
[frust INFO] frust-perf img skipped=0 evicted=3 resident=60 budget=1024x1024x4
[frust INFO] frust-perf raw n=942 total_us=16072 rebuild_us=573 layout_us=20 paint_us=39 encode_us=12 acquire_us=10943 submit_us=4482 skipped=0 gpu_q=1 gpu_total_us=4604 gpu_prepass_us=0 gpu_main_us=4604 gpu_composite_us=0 gpu_blit_us=0
[frust INFO] frust-perf img skipped=0 evicted=3 resident=60 budget=1024x1024x4
[frust INFO] frust-perf raw n=943 total_us=17176 rebuild_us=491 layout_us=28 paint_us=32 encode_us=10 acquire_us=12169 submit_us=4445 skipped=0 gpu_q=1 gpu_total_us=4544 gpu_prepass_us=0 gpu_main_us=4544 gpu_composite_us=0 gpu_blit_us=0
[frust INFO] frust-perf img skipped=0 evicted=3 resident=60 budget=1024x1024x4
[frust INFO] frust-perf raw n=944 total_us=18084 rebuild_us=492 layout_us=28 paint_us=33 encode_us=10 acquire_us=12399 submit_us=5120 skipped=0 gpu_q=1 gpu_total_us=4555 gpu_prepass_us=0 gpu_main_us=4555 gpu_composite_us=0 gpu_blit_us=0
[frust INFO] frust-perf img skipped=0 evicted=3 resident=60 budget=1024x1024x4
[frust INFO] frust-perf raw n=945 total_us=16739 rebuild_us=456 layout_us=19 paint_us=34 encode_us=9 acquire_us=11247 submit_us=4972 skipped=0 gpu_q=1 gpu_total_us=4586 gpu_prepass_us=0 gpu_main_us=4586 gpu_composite_us=0 gpu_blit_us=0
[frust INFO] frust-perf img skipped=0 evicted=4 resident=60 budget=1024x1024x4
[frust INFO] frust-perf raw n=946 total_us=16932 rebuild_us=482 layout_us=19 paint_us=34 encode_us=13 acquire_us=11478 submit_us=4903 skipped=0 gpu_q=1 gpu_total_us=4640 gpu_prepass_us=0 gpu_main_us=4640 gpu_composite_us=0 gpu_blit_us=0
[frust INFO] frust-perf img skipped=0 evicted=3 resident=60 budget=1024x1024x4
[frust INFO] frust-perf raw n=947 total_us=17365 rebuild_us=495 layout_us=23 paint_us=34 encode_us=7 acquire_us=11702 submit_us=5102 skipped=0 gpu_q=1 gpu_total_us=4576 gpu_prepass_us=0 gpu_main_us=4576 gpu_composite_us=0 gpu_blit_us=0
[frust INFO] frust-perf img skipped=0 evicted=3 resident=60 budget=1024x1024x4
[frust INFO] frust-perf raw n=948 total_us=17049 rebuild_us=543 layout_us=27 paint_us=33 encode_us=11 acquire_us=11633 submit_us=4799 skipped=0 gpu_q=1 gpu_total_us=4736 gpu_prepass_us=0 gpu_main_us=4736 gpu_composite_us=0 gpu_blit_us=0
[frust INFO] frust-perf img skipped=0 evicted=3 resident=60 budget=1024x1024x4
[frust INFO] frust-perf raw n=949 total_us=17853 rebuild_us=454 layout_us=28 paint_us=36 encode_us=6 acquire_us=11995 submit_us=5332 skipped=0 gpu_q=1 gpu_total_us=4645 gpu_prepass_us=0 gpu_main_us=4645 gpu_composite_us=0 gpu_blit_us=0
[frust INFO] frust-perf img skipped=0 evicted=3 resident=60 budget=1024x1024x4
[frust INFO] frust-perf raw n=950 total_us=16701 rebuild_us=591 layout_us=26 paint_us=35 encode_us=11 acquire_us=11109 submit_us=4927 skipped=0 gpu_q=1 gpu_total_us=4475 gpu_prepass_us=0 gpu_main_us=4475 gpu_composite_us=0 gpu_blit_us=0
[frust INFO] frust-perf img skipped=0 evicted=4 resident=60 budget=1024x1024x4
[frust INFO] frust-perf raw n=951 total_us=17716 rebuild_us=481 layout_us=27 paint_us=32 encode_us=9 acquire_us=11684 submit_us=5480 skipped=0 gpu_q=1 gpu_total_us=4596 gpu_prepass_us=0 gpu_main_us=4596 gpu_composite_us=0 gpu_blit_us=0
[frust INFO] frust-perf img skipped=0 evicted=3 resident=60 budget=1024x1024x4
[frust INFO] frust-perf raw n=952 total_us=16316 rebuild_us=489 layout_us=25 paint_us=36 encode_us=10 acquire_us=11094 submit_us=4659 skipped=0 gpu_q=1 gpu_total_us=4653 gpu_prepass_us=0 gpu_main_us=4653 gpu_composite_us=0 gpu_blit_us=0
[frust INFO] frust-perf img skipped=0 evicted=3 resident=60 budget=1024x1024x4
[frust INFO] frust-perf raw n=953 total_us=17435 rebuild_us=533 layout_us=27 paint_us=38 encode_us=9 acquire_us=11891 submit_us=4934 skipped=0 gpu_q=1 gpu_total_us=4612 gpu_prepass_us=0 gpu_main_us=4612 gpu_composite_us=0 gpu_blit_us=0
[frust INFO] frust-perf img skipped=0 evicted=3 resident=60 budget=1024x1024x4
[frust INFO] frust-perf raw n=954 total_us=17110 rebuild_us=554 layout_us=27 paint_us=39 encode_us=6 acquire_us=11860 submit_us=4621 skipped=0 gpu_q=1 gpu_total_us=4670 gpu_prepass_us=0 gpu_main_us=4670 gpu_composite_us=0 gpu_blit_us=0
[frust INFO] frust-perf img skipped=0 evicted=3 resident=60 budget=1024x1024x4
[frust INFO] frust-perf raw n=955 total_us=17962 rebuild_us=568 layout_us=29 paint_us=36 encode_us=5 acquire_us=11850 submit_us=5470 skipped=0 gpu_q=1 gpu_total_us=4515 gpu_prepass_us=0 gpu_main_us=4515 gpu_composite_us=0 gpu_blit_us=0
[frust INFO] frust-perf img skipped=0 evicted=4 resident=60 budget=1024x1024x4
[frust INFO] frust-perf raw n=956 total_us=16862 rebuild_us=584 layout_us=28 paint_us=40 encode_us=6 acquire_us=11202 submit_us=5001 skipped=0 gpu_q=1 gpu_total_us=4631 gpu_prepass_us=0 gpu_main_us=4631 gpu_composite_us=0 gpu_blit_us=0
[frust INFO] frust-perf img skipped=0 evicted=3 resident=60 budget=1024x1024x4
[frust INFO] frust-perf raw n=957 total_us=17600 rebuild_us=573 layout_us=27 paint_us=41 encode_us=5 acquire_us=11704 submit_us=5247 skipped=0 gpu_q=1 gpu_total_us=4596 gpu_prepass_us=0 gpu_main_us=4596 gpu_composite_us=0 gpu_blit_us=0
[frust INFO] frust-perf img skipped=0 evicted=3 resident=60 budget=1024x1024x4
[frust INFO] frust-perf raw n=958 total_us=16857 rebuild_us=658 layout_us=28 paint_us=36 encode_us=10 acquire_us=11244 submit_us=4878 skipped=0 gpu_q=1 gpu_total_us=4644 gpu_prepass_us=0 gpu_main_us=4644 gpu_composite_us=0 gpu_blit_us=0
[frust INFO] frust-perf img skipped=0 evicted=3 resident=60 budget=1024x1024x4
[frust INFO] frust-perf raw n=959 total_us=17236 rebuild_us=508 layout_us=24 paint_us=33 encode_us=6 acquire_us=11953 submit_us=4710 skipped=0 gpu_q=1 gpu_total_us=4600 gpu_prepass_us=0 gpu_main_us=4600 gpu_composite_us=0 gpu_blit_us=0
[frust INFO] frust-perf img skipped=0 evicted=3 resident=60 budget=1024x1024x4
[frust INFO] frust-perf enc n=960 w=60 validate_us=3.5 prepare_us=4.8 classify_us=10.8 admit_us=0.5 walk_us=1415.1 glyphs_us=104.2 finish_us=3.7 compile_us=1495.8 schedule_us=5.2 paints_us=18.7 instances_us=76.5 resize_us=3.8 upload_us=1853.3 replay_us=0.8 pipelines_us=18.4 record_us=35.7 total_us=3504.4 total_p95_us=4034.8 draws=29 strips=2111 alphas=51696 glyph_draws=17 atlas_glyphs=17
[frust INFO] frust-perf raw n=960 total_us=16987 rebuild_us=512 layout_us=20 paint_us=36 encode_us=14 acquire_us=11680 submit_us=4723 skipped=0 gpu_q=1 gpu_total_us=4610 gpu_prepass_us=0 gpu_main_us=4610 gpu_composite_us=0 gpu_blit_us=0
[frust INFO] frust-perf img skipped=0 evicted=4 resident=60 budget=1024x1024x4
[frust INFO] frust-perf raw n=961 total_us=17753 rebuild_us=425 layout_us=24 paint_us=30 encode_us=9 acquire_us=11917 submit_us=5345 skipped=0 gpu_q=1 gpu_total_us=4664 gpu_prepass_us=0 gpu_main_us=4664 gpu_composite_us=0 gpu_blit_us=0
[frust INFO] frust-perf img skipped=0 evicted=3 resident=60 budget=1024x1024x4
[frust INFO] frust-perf raw n=962 total_us=16595 rebuild_us=473 layout_us=28 paint_us=36 encode_us=9 acquire_us=11283 submit_us=4763 skipped=0 gpu_q=1 gpu_total_us=4642 gpu_prepass_us=0 gpu_main_us=4642 gpu_composite_us=0 gpu_blit_us=0
[frust INFO] frust-perf img skipped=0 evicted=3 resident=60 budget=1024x1024x4
[frust INFO] frust-perf raw n=963 total_us=17277 rebuild_us=463 layout_us=23 paint_us=31 encode_us=9 acquire_us=11861 submit_us=4889 skipped=0 gpu_q=1 gpu_total_us=4651 gpu_prepass_us=0 gpu_main_us=4651 gpu_composite_us=0 gpu_blit_us=0
[frust INFO] frust-perf img skipped=0 evicted=3 resident=60 budget=1024x1024x4
[frust INFO] frust-perf raw n=964 total_us=17047 rebuild_us=470 layout_us=24 paint_us=29 encode_us=12 acquire_us=11934 submit_us=4576 skipped=0 gpu_q=1 gpu_total_us=4648 gpu_prepass_us=0 gpu_main_us=4648 gpu_composite_us=0 gpu_blit_us=0
[frust INFO] frust-perf img skipped=0 evicted=3 resident=60 budget=1024x1024x4
[frust INFO] frust-perf raw n=965 total_us=16978 rebuild_us=521 layout_us=26 paint_us=29 encode_us=5 acquire_us=11794 submit_us=4601 skipped=0 gpu_q=1 gpu_total_us=4601 gpu_prepass_us=0 gpu_main_us=4601 gpu_composite_us=0 gpu_blit_us=0
[frust INFO] frust-perf img skipped=0 evicted=4 resident=60 budget=1024x1024x4
[frust INFO] frust-perf raw n=966 total_us=18121 rebuild_us=517 layout_us=23 paint_us=31 encode_us=7 acquire_us=11992 submit_us=5548 skipped=0 gpu_q=1 gpu_total_us=4635 gpu_prepass_us=0 gpu_main_us=4635 gpu_composite_us=0 gpu_blit_us=0
[frust INFO] frust-perf img skipped=0 evicted=3 resident=60 budget=1024x1024x4
[frust INFO] frust-perf raw n=967 total_us=16372 rebuild_us=511 layout_us=21 paint_us=31 encode_us=15 acquire_us=11101 submit_us=4689 skipped=0 gpu_q=1 gpu_total_us=4645 gpu_prepass_us=0 gpu_main_us=4645 gpu_composite_us=0 gpu_blit_us=0
[frust INFO] frust-perf img skipped=0 evicted=3 resident=60 budget=1024x1024x4
[frust INFO] frust-perf raw n=968 total_us=17271 rebuild_us=431 layout_us=19 paint_us=26 encode_us=15 acquire_us=11870 submit_us=4908 skipped=0 gpu_q=1 gpu_total_us=4693 gpu_prepass_us=0 gpu_main_us=4693 gpu_composite_us=0 gpu_blit_us=0
[frust INFO] frust-perf img skipped=0 evicted=3 resident=60 budget=1024x1024x4
[frust INFO] frust-perf raw n=969 total_us=17659 rebuild_us=598 layout_us=32 paint_us=42 encode_us=14 acquire_us=11824 submit_us=5148 skipped=0 gpu_q=1 gpu_total_us=4714 gpu_prepass_us=0 gpu_main_us=4714 gpu_composite_us=0 gpu_blit_us=0
[frust INFO] frust-perf img skipped=0 evicted=3 resident=60 budget=1024x1024x4
[frust INFO] frust-perf raw n=970 total_us=16983 rebuild_us=554 layout_us=31 paint_us=37 encode_us=10 acquire_us=11403 submit_us=4947 skipped=0 gpu_q=1 gpu_total_us=4603 gpu_prepass_us=0 gpu_main_us=4603 gpu_composite_us=0 gpu_blit_us=0
[frust INFO] frust-perf img skipped=0 evicted=4 resident=60 budget=1024x1024x4
[frust INFO] frust-perf raw n=971 total_us=17658 rebuild_us=536 layout_us=27 paint_us=37 encode_us=10 acquire_us=11617 submit_us=5428 skipped=0 gpu_q=1 gpu_total_us=4641 gpu_prepass_us=0 gpu_main_us=4641 gpu_composite_us=0 gpu_blit_us=0
[frust INFO] frust-perf img skipped=0 evicted=3 resident=60 budget=1024x1024x4
[frust INFO] frust-perf raw n=972 total_us=16620 rebuild_us=596 layout_us=27 paint_us=30 encode_us=6 acquire_us=11139 submit_us=4820 skipped=0 gpu_q=1 gpu_total_us=4727 gpu_prepass_us=0 gpu_main_us=4727 gpu_composite_us=0 gpu_blit_us=0
[frust INFO] frust-perf img skipped=0 evicted=3 resident=60 budget=1024x1024x4
[frust INFO] frust-perf raw n=973 total_us=17542 rebuild_us=527 layout_us=29 paint_us=33 encode_us=6 acquire_us=11908 submit_us=5037 skipped=0 gpu_q=1 gpu_total_us=4552 gpu_prepass_us=0 gpu_main_us=4552 gpu_composite_us=0 gpu_blit_us=0
[frust INFO] frust-perf img skipped=0 evicted=3 resident=60 budget=1024x1024x4
[frust INFO] frust-perf raw n=974 total_us=16951 rebuild_us=550 layout_us=26 paint_us=35 encode_us=10 acquire_us=11456 submit_us=4872 skipped=0 gpu_q=1 gpu_total_us=4657 gpu_prepass_us=0 gpu_main_us=4657 gpu_composite_us=0 gpu_blit_us=0
[frust INFO] frust-perf img skipped=0 evicted=3 resident=60 budget=1024x1024x4
[frust INFO] frust-perf raw n=975 total_us=17445 rebuild_us=492 layout_us=24 paint_us=33 encode_us=7 acquire_us=12004 submit_us=4884 skipped=0 gpu_q=1 gpu_total_us=4541 gpu_prepass_us=0 gpu_main_us=4541 gpu_composite_us=0 gpu_blit_us=0
[frust INFO] frust-perf img skipped=0 evicted=4 resident=60 budget=1024x1024x4
[frust INFO] frust-perf raw n=976 total_us=17080 rebuild_us=470 layout_us=20 paint_us=35 encode_us=15 acquire_us=11423 submit_us=5115 skipped=0 gpu_q=1 gpu_total_us=4523 gpu_prepass_us=0 gpu_main_us=4523 gpu_composite_us=0 gpu_blit_us=0
[frust INFO] frust-perf img skipped=0 evicted=3 resident=60 budget=1024x1024x4
[frust INFO] frust-perf raw n=977 total_us=16704 rebuild_us=487 layout_us=22 paint_us=29 encode_us=9 acquire_us=11595 submit_us=4560 skipped=0 gpu_q=1 gpu_total_us=4736 gpu_prepass_us=0 gpu_main_us=4736 gpu_composite_us=0 gpu_blit_us=0
[frust INFO] frust-perf img skipped=0 evicted=3 resident=60 budget=1024x1024x4
[frust INFO] frust-perf raw n=978 total_us=17251 rebuild_us=516 layout_us=27 paint_us=43 encode_us=7 acquire_us=12067 submit_us=4590 skipped=0 gpu_q=1 gpu_total_us=4797 gpu_prepass_us=0 gpu_main_us=4797 gpu_composite_us=0 gpu_blit_us=0
[frust INFO] frust-perf img skipped=0 evicted=3 resident=60 budget=1024x1024x4
[frust INFO] frust-perf raw n=979 total_us=17292 rebuild_us=507 layout_us=29 paint_us=37 encode_us=9 acquire_us=11965 submit_us=4742 skipped=0 gpu_q=1 gpu_total_us=4625 gpu_prepass_us=0 gpu_main_us=4625 gpu_composite_us=0 gpu_blit_us=0
[frust INFO] frust-perf img skipped=0 evicted=3 resident=60 budget=1024x1024x4
[frust INFO] frust-perf raw n=980 total_us=17408 rebuild_us=453 layout_us=22 paint_us=30 encode_us=9 acquire_us=12153 submit_us=4739 skipped=0 gpu_q=1 gpu_total_us=4596 gpu_prepass_us=0 gpu_main_us=4596 gpu_composite_us=0 gpu_blit_us=0
[frust INFO] frust-perf img skipped=0 evicted=4 resident=60 budget=1024x1024x4
[frust INFO] frust-perf raw n=981 total_us=17435 rebuild_us=499 layout_us=27 paint_us=36 encode_us=13 acquire_us=11526 submit_us=5332 skipped=0 gpu_q=1 gpu_total_us=4549 gpu_prepass_us=0 gpu_main_us=4549 gpu_composite_us=0 gpu_blit_us=0
[frust INFO] frust-perf img skipped=0 evicted=3 resident=60 budget=1024x1024x4
[frust INFO] frust-perf raw n=982 total_us=16536 rebuild_us=490 layout_us=24 paint_us=31 encode_us=9 acquire_us=11312 submit_us=4668 skipped=0 gpu_q=1 gpu_total_us=4626 gpu_prepass_us=0 gpu_main_us=4626 gpu_composite_us=0 gpu_blit_us=0
[frust INFO] frust-perf img skipped=0 evicted=3 resident=60 budget=1024x1024x4
[frust INFO] frust-perf raw n=983 total_us=17410 rebuild_us=450 layout_us=23 paint_us=30 encode_us=9 acquire_us=11948 submit_us=4948 skipped=0 gpu_q=1 gpu_total_us=4665 gpu_prepass_us=0 gpu_main_us=4665 gpu_composite_us=0 gpu_blit_us=0
[frust INFO] frust-perf img skipped=0 evicted=3 resident=60 budget=1024x1024x4
[frust INFO] frust-perf raw n=984 total_us=16997 rebuild_us=435 layout_us=27 paint_us=30 encode_us=9 acquire_us=11657 submit_us=4836 skipped=0 gpu_q=1 gpu_total_us=4655 gpu_prepass_us=0 gpu_main_us=4655 gpu_composite_us=0 gpu_blit_us=0
[frust INFO] frust-perf img skipped=0 evicted=3 resident=60 budget=1024x1024x4
[frust INFO] frust-perf raw n=985 total_us=17307 rebuild_us=461 layout_us=23 paint_us=30 encode_us=9 acquire_us=12062 submit_us=4720 skipped=0 gpu_q=1 gpu_total_us=4635 gpu_prepass_us=0 gpu_main_us=4635 gpu_composite_us=0 gpu_blit_us=0
[frust INFO] frust-perf img skipped=0 evicted=3 resident=60 budget=1024x1024x4
[frust INFO] frust-perf raw n=986 total_us=16819 rebuild_us=481 layout_us=24 paint_us=30 encode_us=9 acquire_us=11575 submit_us=4697 skipped=0 gpu_q=1 gpu_total_us=4550 gpu_prepass_us=0 gpu_main_us=4550 gpu_composite_us=0 gpu_blit_us=0
[frust INFO] frust-perf img skipped=0 evicted=4 resident=60 budget=1024x1024x4
[frust INFO] frust-perf raw n=987 total_us=17705 rebuild_us=429 layout_us=27 paint_us=33 encode_us=9 acquire_us=11943 submit_us=5261 skipped=0 gpu_q=1 gpu_total_us=4593 gpu_prepass_us=0 gpu_main_us=4593 gpu_composite_us=0 gpu_blit_us=0
[frust INFO] frust-perf img skipped=0 evicted=3 resident=60 budget=1024x1024x4
[frust INFO] frust-perf raw n=988 total_us=16985 rebuild_us=472 layout_us=28 paint_us=31 encode_us=9 acquire_us=11451 submit_us=4990 skipped=0 gpu_q=1 gpu_total_us=4623 gpu_prepass_us=0 gpu_main_us=4623 gpu_composite_us=0 gpu_blit_us=0
[frust INFO] frust-perf img skipped=0 evicted=3 resident=60 budget=1024x1024x4
[frust INFO] frust-perf raw n=989 total_us=16923 rebuild_us=487 layout_us=21 paint_us=34 encode_us=13 acquire_us=11529 submit_us=4837 skipped=0 gpu_q=1 gpu_total_us=4652 gpu_prepass_us=0 gpu_main_us=4652 gpu_composite_us=0 gpu_blit_us=0
[frust INFO] frust-perf img skipped=0 evicted=3 resident=60 budget=1024x1024x4
[frust INFO] frust-perf raw n=990 total_us=17150 rebuild_us=479 layout_us=25 paint_us=32 encode_us=13 acquire_us=11862 submit_us=4737 skipped=0 gpu_q=1 gpu_total_us=4579 gpu_prepass_us=0 gpu_main_us=4579 gpu_composite_us=0 gpu_blit_us=0
[frust INFO] frust-perf img skipped=0 evicted=3 resident=60 budget=1024x1024x4
[frust INFO] frust-perf raw n=991 total_us=16886 rebuild_us=486 layout_us=26 paint_us=28 encode_us=5 acquire_us=11797 submit_us=4541 skipped=0 gpu_q=1 gpu_total_us=4622 gpu_prepass_us=0 gpu_main_us=4622 gpu_composite_us=0 gpu_blit_us=0
[frust INFO] frust-perf img skipped=0 evicted=4 resident=60 budget=1024x1024x4
[frust INFO] frust-perf raw n=992 total_us=18244 rebuild_us=533 layout_us=21 paint_us=28 encode_us=6 acquire_us=12151 submit_us=5502 skipped=0 gpu_q=1 gpu_total_us=4680 gpu_prepass_us=0 gpu_main_us=4680 gpu_composite_us=0 gpu_blit_us=0
[frust INFO] frust-perf img skipped=0 evicted=3 resident=60 budget=1024x1024x4
[frust INFO] frust-perf raw n=993 total_us=16386 rebuild_us=531 layout_us=27 paint_us=39 encode_us=11 acquire_us=11010 submit_us=4766 skipped=0 gpu_q=1 gpu_total_us=4661 gpu_prepass_us=0 gpu_main_us=4661 gpu_composite_us=0 gpu_blit_us=0
[frust INFO] frust-perf img skipped=0 evicted=3 resident=60 budget=1024x1024x4
[frust INFO] frust-perf raw n=994 total_us=17207 rebuild_us=468 layout_us=27 paint_us=33 encode_us=9 acquire_us=11924 submit_us=4745 skipped=0 gpu_q=1 gpu_total_us=4532 gpu_prepass_us=0 gpu_main_us=4532 gpu_composite_us=0 gpu_blit_us=0
[frust INFO] frust-perf img skipped=0 evicted=3 resident=60 budget=1024x1024x4
[frust INFO] frust-perf raw n=995 total_us=17367 rebuild_us=440 layout_us=22 paint_us=32 encode_us=9 acquire_us=11743 submit_us=5119 skipped=0 gpu_q=1 gpu_total_us=4510 gpu_prepass_us=0 gpu_main_us=4510 gpu_composite_us=0 gpu_blit_us=0
[frust INFO] frust-perf img skipped=0 evicted=3 resident=60 budget=1024x1024x4
[frust INFO] frust-perf raw n=996 total_us=17178 rebuild_us=494 layout_us=23 paint_us=35 encode_us=9 acquire_us=11828 submit_us=4787 skipped=0 gpu_q=1 gpu_total_us=4574 gpu_prepass_us=0 gpu_main_us=4574 gpu_composite_us=0 gpu_blit_us=0
[frust INFO] frust-perf img skipped=0 evicted=4 resident=60 budget=1024x1024x4
[frust INFO] frust-perf raw n=997 total_us=17397 rebuild_us=503 layout_us=25 paint_us=34 encode_us=9 acquire_us=11500 submit_us=5324 skipped=0 gpu_q=1 gpu_total_us=4725 gpu_prepass_us=0 gpu_main_us=4725 gpu_composite_us=0 gpu_blit_us=0
[frust INFO] frust-perf img skipped=0 evicted=3 resident=60 budget=1024x1024x4
[frust INFO] frust-perf raw n=998 total_us=16557 rebuild_us=459 layout_us=23 paint_us=39 encode_us=13 acquire_us=11258 submit_us=4763 skipped=0 gpu_q=1 gpu_total_us=4666 gpu_prepass_us=0 gpu_main_us=4666 gpu_composite_us=0 gpu_blit_us=0
[frust INFO] frust-perf img skipped=0 evicted=3 resident=60 budget=1024x1024x4
[frust INFO] frust-perf raw n=999 total_us=17315 rebuild_us=467 layout_us=25 paint_us=33 encode_us=11 acquire_us=11930 submit_us=4847 skipped=0 gpu_q=1 gpu_total_us=4722 gpu_prepass_us=0 gpu_main_us=4722 gpu_composite_us=0 gpu_blit_us=0
[frust INFO] frust-perf img skipped=0 evicted=3 resident=60 budget=1024x1024x4
[frust INFO] frust-perf raw n=1000 total_us=17057 rebuild_us=429 layout_us=19 paint_us=33 encode_us=9 acquire_us=11636 submit_us=4928 skipped=0 gpu_q=1 gpu_total_us=4605 gpu_prepass_us=0 gpu_main_us=4605 gpu_composite_us=0 gpu_blit_us=0
[frust INFO] frust-perf img skipped=0 evicted=3 resident=60 budget=1024x1024x4
[frust INFO] frust-perf raw n=1001 total_us=17080 rebuild_us=479 layout_us=22 paint_us=28 encode_us=9 acquire_us=11962 submit_us=4577 skipped=0 gpu_q=1 gpu_total_us=4636 gpu_prepass_us=0 gpu_main_us=4636 gpu_composite_us=0 gpu_blit_us=0
[frust INFO] frust-perf img skipped=0 evicted=4 resident=60 budget=1024x1024x4
[frust INFO] frust-perf raw n=1002 total_us=17544 rebuild_us=486 layout_us=26 paint_us=26 encode_us=6 acquire_us=11805 submit_us=5192 skipped=0 gpu_q=1 gpu_total_us=4614 gpu_prepass_us=0 gpu_main_us=4614 gpu_composite_us=0 gpu_blit_us=0
[frust INFO] frust-perf img skipped=0 evicted=3 resident=60 budget=1024x1024x4
[frust INFO] frust-perf raw n=1003 total_us=17156 rebuild_us=507 layout_us=24 paint_us=33 encode_us=7 acquire_us=11502 submit_us=5081 skipped=0 gpu_q=1 gpu_total_us=4667 gpu_prepass_us=0 gpu_main_us=4667 gpu_composite_us=0 gpu_blit_us=0
[frust INFO] frust-perf img skipped=0 evicted=3 resident=60 budget=1024x1024x4
[frust INFO] frust-perf raw n=1004 total_us=16861 rebuild_us=562 layout_us=27 paint_us=35 encode_us=10 acquire_us=11419 submit_us=4806 skipped=0 gpu_q=1 gpu_total_us=4624 gpu_prepass_us=0 gpu_main_us=4624 gpu_composite_us=0 gpu_blit_us=0
[frust INFO] frust-perf img skipped=0 evicted=3 resident=60 budget=1024x1024x4
[frust INFO] frust-perf raw n=1005 total_us=17001 rebuild_us=480 layout_us=21 paint_us=33 encode_us=13 acquire_us=11780 submit_us=4672 skipped=0 gpu_q=1 gpu_total_us=4589 gpu_prepass_us=0 gpu_main_us=4589 gpu_composite_us=0 gpu_blit_us=0
[frust INFO] frust-perf img skipped=0 evicted=3 resident=60 budget=1024x1024x4
[frust INFO] frust-perf raw n=1006 total_us=17367 rebuild_us=445 layout_us=29 paint_us=25 encode_us=12 acquire_us=11975 submit_us=4878 skipped=0 gpu_q=1 gpu_total_us=4530 gpu_prepass_us=0 gpu_main_us=4530 gpu_composite_us=0 gpu_blit_us=0
[frust INFO] frust-perf img skipped=0 evicted=4 resident=60 budget=1024x1024x4
[frust INFO] frust-perf raw n=1007 total_us=18035 rebuild_us=505 layout_us=28 paint_us=40 encode_us=11 acquire_us=12132 submit_us=5318 skipped=0 gpu_q=1 gpu_total_us=4661 gpu_prepass_us=0 gpu_main_us=4661 gpu_composite_us=0 gpu_blit_us=0
[frust INFO] frust-perf img skipped=0 evicted=3 resident=60 budget=1024x1024x4
[frust INFO] frust-perf raw n=1008 total_us=16280 rebuild_us=473 layout_us=24 paint_us=38 encode_us=9 acquire_us=10940 submit_us=4794 skipped=0 gpu_q=1 gpu_total_us=4620 gpu_prepass_us=0 gpu_main_us=4620 gpu_composite_us=0 gpu_blit_us=0
[frust INFO] frust-perf img skipped=0 evicted=3 resident=60 budget=1024x1024x4
[frust INFO] frust-perf raw n=1009 total_us=16871 rebuild_us=484 layout_us=19 paint_us=33 encode_us=10 acquire_us=11762 submit_us=4561 skipped=0 gpu_q=1 gpu_total_us=4671 gpu_prepass_us=0 gpu_main_us=4671 gpu_composite_us=0 gpu_blit_us=0
[frust INFO] frust-perf img skipped=0 evicted=3 resident=60 budget=1024x1024x4
[frust INFO] frust-perf raw n=1010 total_us=17245 rebuild_us=448 layout_us=26 paint_us=30 encode_us=15 acquire_us=12050 submit_us=4674 skipped=0 gpu_q=1 gpu_total_us=4666 gpu_prepass_us=0 gpu_main_us=4666 gpu_composite_us=0 gpu_blit_us=0
[frust INFO] frust-perf img skipped=0 evicted=3 resident=60 budget=1024x1024x4
[frust INFO] frust-perf raw n=1011 total_us=17080 rebuild_us=469 layout_us=20 paint_us=30 encode_us=11 acquire_us=11856 submit_us=4691 skipped=0 gpu_q=1 gpu_total_us=4751 gpu_prepass_us=0 gpu_main_us=4751 gpu_composite_us=0 gpu_blit_us=0
[frust INFO] frust-perf img skipped=0 evicted=4 resident=60 budget=1024x1024x4
[frust INFO] frust-perf raw n=1012 total_us=18126 rebuild_us=487 layout_us=27 paint_us=40 encode_us=9 acquire_us=12223 submit_us=5337 skipped=0 gpu_q=1 gpu_total_us=4435 gpu_prepass_us=0 gpu_main_us=4435 gpu_composite_us=0 gpu_blit_us=0
[frust INFO] frust-perf img skipped=0 evicted=3 resident=60 budget=1024x1024x4
[frust INFO] frust-perf raw n=1013 total_us=16467 rebuild_us=505 layout_us=25 paint_us=39 encode_us=9 acquire_us=10968 submit_us=4916 skipped=0 gpu_q=1 gpu_total_us=4752 gpu_prepass_us=0 gpu_main_us=4752 gpu_composite_us=0 gpu_blit_us=0
[frust INFO] frust-perf img skipped=0 evicted=3 resident=60 budget=1024x1024x4
[frust INFO] frust-perf raw n=1014 total_us=16666 rebuild_us=514 layout_us=28 paint_us=32 encode_us=9 acquire_us=11656 submit_us=4425 skipped=0 gpu_q=1 gpu_total_us=4647 gpu_prepass_us=0 gpu_main_us=4647 gpu_composite_us=0 gpu_blit_us=0
[frust INFO] frust-perf img skipped=0 evicted=3 resident=60 budget=1024x1024x4
[frust INFO] frust-perf raw n=1015 total_us=17255 rebuild_us=487 layout_us=26 paint_us=32 encode_us=12 acquire_us=12264 submit_us=4431 skipped=0 gpu_q=1 gpu_total_us=4646 gpu_prepass_us=0 gpu_main_us=4646 gpu_composite_us=0 gpu_blit_us=0
[frust INFO] frust-perf img skipped=0 evicted=3 resident=60 budget=1024x1024x4
[frust INFO] frust-perf raw n=1016 total_us=17874 rebuild_us=491 layout_us=26 paint_us=29 encode_us=7 acquire_us=12173 submit_us=5146 skipped=0 gpu_q=1 gpu_total_us=4601 gpu_prepass_us=0 gpu_main_us=4601 gpu_composite_us=0 gpu_blit_us=0
[frust INFO] frust-perf img skipped=0 evicted=4 resident=60 budget=1024x1024x4
[frust INFO] frust-perf raw n=1017 total_us=17666 rebuild_us=525 layout_us=26 paint_us=38 encode_us=11 acquire_us=11760 submit_us=5304 skipped=0 gpu_q=1 gpu_total_us=4616 gpu_prepass_us=0 gpu_main_us=4616 gpu_composite_us=0 gpu_blit_us=0
[frust INFO] frust-perf img skipped=0 evicted=3 resident=60 budget=1024x1024x4
[frust INFO] frust-perf raw n=1018 total_us=16041 rebuild_us=445 layout_us=27 paint_us=31 encode_us=9 acquire_us=11028 submit_us=4497 skipped=0 gpu_q=1 gpu_total_us=4621 gpu_prepass_us=0 gpu_main_us=4621 gpu_composite_us=0 gpu_blit_us=0
[frust INFO] frust-perf img skipped=0 evicted=3 resident=60 budget=1024x1024x4
[frust INFO] frust-perf raw n=1019 total_us=17035 rebuild_us=486 layout_us=28 paint_us=33 encode_us=9 acquire_us=12004 submit_us=4472 skipped=0 gpu_q=1 gpu_total_us=4613 gpu_prepass_us=0 gpu_main_us=4613 gpu_composite_us=0 gpu_blit_us=0
[frust INFO] frust-perf img skipped=0 evicted=3 resident=60 budget=1024x1024x4
[frust INFO] frust-perf enc n=1020 w=60 validate_us=3.5 prepare_us=4.8 classify_us=11.0 admit_us=0.4 walk_us=1418.2 glyphs_us=105.1 finish_us=3.6 compile_us=1500.7 schedule_us=5.0 paints_us=18.2 instances_us=76.3 resize_us=3.8 upload_us=1797.8 replay_us=0.9 pipelines_us=18.4 record_us=35.8 total_us=3448.3 total_p95_us=4017.2 draws=29 strips=2111 alphas=51696 glyph_draws=17 atlas_glyphs=17
[frust INFO] frust-perf raw n=1020 total_us=17295 rebuild_us=492 layout_us=27 paint_us=29 encode_us=61 acquire_us=12080 submit_us=4604 skipped=0 gpu_q=1 gpu_total_us=4642 gpu_prepass_us=0 gpu_main_us=4642 gpu_composite_us=0 gpu_blit_us=0
[frust INFO] frust-perf img skipped=0 evicted=3 resident=60 budget=1024x1024x4
[frust INFO] frust-perf raw n=1021 total_us=17596 rebuild_us=465 layout_us=26 paint_us=34 encode_us=6 acquire_us=12072 submit_us=4991 skipped=0 gpu_q=1 gpu_total_us=4580 gpu_prepass_us=0 gpu_main_us=4580 gpu_composite_us=0 gpu_blit_us=0
[frust INFO] frust-perf img skipped=0 evicted=4 resident=60 budget=1024x1024x4
[frust INFO] frust-perf raw n=1022 total_us=17679 rebuild_us=534 layout_us=21 paint_us=34 encode_us=14 acquire_us=11758 submit_us=5314 skipped=0 gpu_q=1 gpu_total_us=4633 gpu_prepass_us=0 gpu_main_us=4633 gpu_composite_us=0 gpu_blit_us=0
[frust INFO] frust-perf img skipped=0 evicted=3 resident=60 budget=1024x1024x4
[frust INFO] frust-perf raw n=1023 total_us=15860 rebuild_us=475 layout_us=23 paint_us=34 encode_us=11 acquire_us=11027 submit_us=4288 skipped=0 gpu_q=1 gpu_total_us=4641 gpu_prepass_us=0 gpu_main_us=4641 gpu_composite_us=0 gpu_blit_us=0
[frust INFO] frust-perf img skipped=0 evicted=3 resident=60 budget=1024x1024x4
[frust INFO] frust-perf raw n=1024 total_us=18181 rebuild_us=481 layout_us=23 paint_us=37 encode_us=6 acquire_us=12490 submit_us=5141 skipped=0 gpu_q=1 gpu_total_us=4627 gpu_prepass_us=0 gpu_main_us=4627 gpu_composite_us=0 gpu_blit_us=0
[frust INFO] frust-perf img skipped=0 evicted=3 resident=60 budget=1024x1024x4
[frust INFO] frust-perf raw n=1025 total_us=17224 rebuild_us=695 layout_us=26 paint_us=36 encode_us=13 acquire_us=11395 submit_us=5057 skipped=0 gpu_q=1 gpu_total_us=4631 gpu_prepass_us=0 gpu_main_us=4631 gpu_composite_us=0 gpu_blit_us=0
[frust INFO] frust-perf img skipped=0 evicted=3 resident=60 budget=1024x1024x4
[frust INFO] frust-perf raw n=1026 total_us=16727 rebuild_us=503 layout_us=26 paint_us=35 encode_us=9 acquire_us=11593 submit_us=4557 skipped=0 gpu_q=1 gpu_total_us=4640 gpu_prepass_us=0 gpu_main_us=4640 gpu_composite_us=0 gpu_blit_us=0
[frust INFO] frust-perf img skipped=0 evicted=4 resident=60 budget=1024x1024x4
[frust INFO] frust-perf raw n=1027 total_us=17982 rebuild_us=511 layout_us=29 paint_us=33 encode_us=10 acquire_us=12209 submit_us=5188 skipped=0 gpu_q=1 gpu_total_us=4483 gpu_prepass_us=0 gpu_main_us=4483 gpu_composite_us=0 gpu_blit_us=0
[frust INFO] frust-perf img skipped=0 evicted=3 resident=60 budget=1024x1024x4
[frust INFO] frust-perf raw n=1028 total_us=17040 rebuild_us=599 layout_us=24 paint_us=27 encode_us=5 acquire_us=11262 submit_us=5121 skipped=0 gpu_q=1 gpu_total_us=4650 gpu_prepass_us=0 gpu_main_us=4650 gpu_composite_us=0 gpu_blit_us=0
[frust INFO] frust-perf img skipped=0 evicted=3 resident=60 budget=1024x1024x4
[frust INFO] frust-perf raw n=1029 total_us=16732 rebuild_us=582 layout_us=29 paint_us=36 encode_us=11 acquire_us=11489 submit_us=4582 skipped=0 gpu_q=1 gpu_total_us=4657 gpu_prepass_us=0 gpu_main_us=4657 gpu_composite_us=0 gpu_blit_us=0
[frust INFO] frust-perf img skipped=0 evicted=3 resident=60 budget=1024x1024x4
[frust INFO] frust-perf raw n=1030 total_us=17181 rebuild_us=537 layout_us=28 paint_us=37 encode_us=13 acquire_us=12045 submit_us=4519 skipped=0 gpu_q=1 gpu_total_us=4553 gpu_prepass_us=0 gpu_main_us=4553 gpu_composite_us=0 gpu_blit_us=0
[frust INFO] frust-perf img skipped=0 evicted=3 resident=60 budget=1024x1024x4
[frust INFO] frust-perf raw n=1031 total_us=17206 rebuild_us=512 layout_us=27 paint_us=34 encode_us=5 acquire_us=11979 submit_us=4646 skipped=0 gpu_q=1 gpu_total_us=4680 gpu_prepass_us=0 gpu_main_us=4680 gpu_composite_us=0 gpu_blit_us=0
[frust INFO] frust-perf img skipped=0 evicted=4 resident=60 budget=1024x1024x4
[frust INFO] frust-perf raw n=1032 total_us=18404 rebuild_us=605 layout_us=20 paint_us=38 encode_us=5 acquire_us=12142 submit_us=5593 skipped=0 gpu_q=1 gpu_total_us=4664 gpu_prepass_us=0 gpu_main_us=4664 gpu_composite_us=0 gpu_blit_us=0
[frust INFO] frust-perf img skipped=0 evicted=3 resident=60 budget=1024x1024x4
[frust INFO] frust-perf raw n=1033 total_us=16260 rebuild_us=628 layout_us=27 paint_us=36 encode_us=11 acquire_us=11084 submit_us=4472 skipped=0 gpu_q=1 gpu_total_us=4632 gpu_prepass_us=0 gpu_main_us=4632 gpu_composite_us=0 gpu_blit_us=0
[frust INFO] frust-perf img skipped=0 evicted=3 resident=60 budget=1024x1024x4
[frust INFO] frust-perf raw n=1034 total_us=16935 rebuild_us=193 layout_us=9 paint_us=12 encode_us=6 acquire_us=11973 submit_us=4740 skipped=0 gpu_q=1 gpu_total_us=4499 gpu_prepass_us=0 gpu_main_us=4499 gpu_composite_us=0 gpu_blit_us=0
[frust INFO] frust-perf img skipped=0 evicted=3 resident=60 budget=1024x1024x4
[frust INFO] frust-perf raw n=1035 total_us=17179 rebuild_us=670 layout_us=46 paint_us=32 encode_us=11 acquire_us=11869 submit_us=4549 skipped=0 gpu_q=1 gpu_total_us=4576 gpu_prepass_us=0 gpu_main_us=4576 gpu_composite_us=0 gpu_blit_us=0
[frust INFO] frust-perf img skipped=0 evicted=3 resident=60 budget=1024x1024x4
[frust INFO] frust-perf raw n=1036 total_us=17038 rebuild_us=475 layout_us=23 paint_us=33 encode_us=9 acquire_us=12012 submit_us=4483 skipped=0 gpu_q=1 gpu_total_us=4601 gpu_prepass_us=0 gpu_main_us=4601 gpu_composite_us=0 gpu_blit_us=0
[frust INFO] frust-perf img skipped=0 evicted=3 resident=60 budget=1024x1024x4
[frust INFO] frust-perf raw n=1037 total_us=17733 rebuild_us=485 layout_us=28 paint_us=33 encode_us=7 acquire_us=12265 submit_us=4913 skipped=0 gpu_q=1 gpu_total_us=4677 gpu_prepass_us=0 gpu_main_us=4677 gpu_composite_us=0 gpu_blit_us=0
[frust INFO] frust-perf img skipped=0 evicted=4 resident=60 budget=1024x1024x4
[frust INFO] frust-perf raw n=1038 total_us=17163 rebuild_us=527 layout_us=27 paint_us=35 encode_us=12 acquire_us=11537 submit_us=5023 skipped=0 gpu_q=1 gpu_total_us=4541 gpu_prepass_us=0 gpu_main_us=4541 gpu_composite_us=0 gpu_blit_us=0
[frust INFO] frust-perf img skipped=0 evicted=3 resident=60 budget=1024x1024x4
[frust INFO] frust-perf raw n=1039 total_us=17301 rebuild_us=468 layout_us=28 paint_us=33 encode_us=7 acquire_us=11674 submit_us=5089 skipped=0 gpu_q=1 gpu_total_us=4665 gpu_prepass_us=0 gpu_main_us=4665 gpu_composite_us=0 gpu_blit_us=0
[frust INFO] frust-perf img skipped=0 evicted=3 resident=60 budget=1024x1024x4
[frust INFO] frust-perf raw n=1040 total_us=16934 rebuild_us=543 layout_us=24 paint_us=31 encode_us=15 acquire_us=11508 submit_us=4811 skipped=0 gpu_q=1 gpu_total_us=4528 gpu_prepass_us=0 gpu_main_us=4528 gpu_composite_us=0 gpu_blit_us=0
[frust INFO] frust-perf img skipped=0 evicted=3 resident=60 budget=1024x1024x4
[frust INFO] frust-perf raw n=1041 total_us=16971 rebuild_us=459 layout_us=19 paint_us=29 encode_us=9 acquire_us=11734 submit_us=4718 skipped=0 gpu_q=1 gpu_total_us=4575 gpu_prepass_us=0 gpu_main_us=4575 gpu_composite_us=0 gpu_blit_us=0
[frust INFO] frust-perf img skipped=0 evicted=3 resident=60 budget=1024x1024x4
[frust INFO] frust-perf raw n=1042 total_us=17464 rebuild_us=449 layout_us=21 paint_us=31 encode_us=9 acquire_us=11953 submit_us=4998 skipped=0 gpu_q=1 gpu_total_us=4592 gpu_prepass_us=0 gpu_main_us=4592 gpu_composite_us=0 gpu_blit_us=0
[frust INFO] frust-perf img skipped=0 evicted=4 resident=60 budget=1024x1024x4
[frust INFO] frust-perf raw n=1043 total_us=17525 rebuild_us=553 layout_us=26 paint_us=36 encode_us=10 acquire_us=11560 submit_us=5338 skipped=0 gpu_q=1 gpu_total_us=4680 gpu_prepass_us=0 gpu_main_us=4680 gpu_composite_us=0 gpu_blit_us=0
[frust INFO] frust-perf img skipped=0 evicted=3 resident=60 budget=1024x1024x4
[frust INFO] frust-perf raw n=1044 total_us=16682 rebuild_us=511 layout_us=20 paint_us=37 encode_us=9 acquire_us=11275 submit_us=4828 skipped=0 gpu_q=1 gpu_total_us=4717 gpu_prepass_us=0 gpu_main_us=4717 gpu_composite_us=0 gpu_blit_us=0
[frust INFO] frust-perf img skipped=0 evicted=3 resident=60 budget=1024x1024x4
[frust INFO] frust-perf raw n=1045 total_us=17276 rebuild_us=498 layout_us=24 paint_us=40 encode_us=10 acquire_us=11813 submit_us=4889 skipped=0 gpu_q=1 gpu_total_us=4704 gpu_prepass_us=0 gpu_main_us=4704 gpu_composite_us=0 gpu_blit_us=0
[frust INFO] frust-perf img skipped=0 evicted=3 resident=60 budget=1024x1024x4
[frust INFO] frust-perf raw n=1046 total_us=16839 rebuild_us=455 layout_us=24 paint_us=37 encode_us=15 acquire_us=11668 submit_us=4638 skipped=0 gpu_q=1 gpu_total_us=4633 gpu_prepass_us=0 gpu_main_us=4633 gpu_composite_us=0 gpu_blit_us=0
[frust INFO] frust-perf img skipped=0 evicted=3 resident=60 budget=1024x1024x4
[frust INFO] frust-perf raw n=1047 total_us=17509 rebuild_us=504 layout_us=24 paint_us=34 encode_us=7 acquire_us=11991 submit_us=4946 skipped=0 gpu_q=1 gpu_total_us=4607 gpu_prepass_us=0 gpu_main_us=4607 gpu_composite_us=0 gpu_blit_us=0
[frust INFO] frust-perf img skipped=0 evicted=4 resident=60 budget=1024x1024x4
[frust INFO] frust-perf raw n=1048 total_us=17464 rebuild_us=516 layout_us=27 paint_us=45 encode_us=14 acquire_us=11598 submit_us=5262 skipped=0 gpu_q=1 gpu_total_us=4659 gpu_prepass_us=0 gpu_main_us=4659 gpu_composite_us=0 gpu_blit_us=0
[frust INFO] frust-perf img skipped=0 evicted=3 resident=60 budget=1024x1024x4
[frust INFO] frust-perf raw n=1049 total_us=16473 rebuild_us=473 layout_us=20 paint_us=34 encode_us=9 acquire_us=11354 submit_us=4581 skipped=0 gpu_q=1 gpu_total_us=4588 gpu_prepass_us=0 gpu_main_us=4588 gpu_composite_us=0 gpu_blit_us=0
[frust INFO] frust-perf img skipped=0 evicted=3 resident=60 budget=1024x1024x4
[frust INFO] frust-perf raw n=1050 total_us=17426 rebuild_us=489 layout_us=24 paint_us=34 encode_us=10 acquire_us=11910 submit_us=4957 skipped=0 gpu_q=1 gpu_total_us=4533 gpu_prepass_us=0 gpu_main_us=4533 gpu_composite_us=0 gpu_blit_us=0
[frust INFO] frust-perf img skipped=0 evicted=3 resident=60 budget=1024x1024x4
[frust INFO] frust-perf raw n=1051 total_us=17213 rebuild_us=502 layout_us=26 paint_us=35 encode_us=9 acquire_us=11731 submit_us=4908 skipped=0 gpu_q=1 gpu_total_us=4732 gpu_prepass_us=0 gpu_main_us=4732 gpu_composite_us=0 gpu_blit_us=0
[frust INFO] frust-perf img skipped=0 evicted=3 resident=60 budget=1024x1024x4
[frust INFO] frust-perf raw n=1052 total_us=17490 rebuild_us=494 layout_us=25 paint_us=32 encode_us=9 acquire_us=11669 submit_us=5259 skipped=0 gpu_q=1 gpu_total_us=4637 gpu_prepass_us=0 gpu_main_us=4637 gpu_composite_us=0 gpu_blit_us=0
[frust INFO] frust-perf img skipped=0 evicted=4 resident=60 budget=1024x1024x4
[frust INFO] frust-perf raw n=1053 total_us=17344 rebuild_us=506 layout_us=25 paint_us=36 encode_us=10 acquire_us=11390 submit_us=5374 skipped=0 gpu_q=1 gpu_total_us=4670 gpu_prepass_us=0 gpu_main_us=4670 gpu_composite_us=0 gpu_blit_us=0
[frust INFO] frust-perf img skipped=0 evicted=3 resident=60 budget=1024x1024x4
[frust INFO] frust-perf raw n=1054 total_us=16513 rebuild_us=491 layout_us=25 paint_us=36 encode_us=9 acquire_us=11172 submit_us=4777 skipped=0 gpu_q=1 gpu_total_us=4633 gpu_prepass_us=0 gpu_main_us=4633 gpu_composite_us=0 gpu_blit_us=0
[frust INFO] frust-perf img skipped=0 evicted=3 resident=60 budget=1024x1024x4
[frust INFO] frust-perf raw n=1055 total_us=17451 rebuild_us=518 layout_us=26 paint_us=36 encode_us=10 acquire_us=11830 submit_us=5029 skipped=0 gpu_q=1 gpu_total_us=4627 gpu_prepass_us=0 gpu_main_us=4627 gpu_composite_us=0 gpu_blit_us=0
[frust INFO] frust-perf img skipped=0 evicted=3 resident=60 budget=1024x1024x4
[frust INFO] frust-perf raw n=1056 total_us=16859 rebuild_us=488 layout_us=23 paint_us=31 encode_us=10 acquire_us=11572 submit_us=4732 skipped=0 gpu_q=1 gpu_total_us=4730 gpu_prepass_us=0 gpu_main_us=4730 gpu_composite_us=0 gpu_blit_us=0
[frust INFO] frust-perf img skipped=0 evicted=3 resident=60 budget=1024x1024x4
[frust INFO] frust-perf raw n=1057 total_us=17414 rebuild_us=462 layout_us=20 paint_us=34 encode_us=23 acquire_us=11915 submit_us=4958 skipped=0 gpu_q=1 gpu_total_us=4588 gpu_prepass_us=0 gpu_main_us=4588 gpu_composite_us=0 gpu_blit_us=0
[frust INFO] frust-perf img skipped=0 evicted=4 resident=60 budget=1024x1024x4
[frust INFO] frust-perf raw n=1058 total_us=17802 rebuild_us=488 layout_us=24 paint_us=40 encode_us=10 acquire_us=11735 submit_us=5503 skipped=0 gpu_q=1 gpu_total_us=4597 gpu_prepass_us=0 gpu_main_us=4597 gpu_composite_us=0 gpu_blit_us=0
[frust INFO] frust-perf frame n=120 total_p50_ms=17 total_p95_ms=18 total_p99_ms=18 rebuild_p95_ms=0 layout_p95_ms=0 paint_p95_ms=0 encode_p95_ms=0 acquire_p95_ms=12 submit_p95_ms=5 over_60hz=902 over_120hz=1056 skipped=0 total_frames=1058
[frust INFO] frust-perf img skipped=0 evicted=3 resident=60 budget=1024x1024x4
[frust INFO] frust-perf raw n=1059 total_us=16374 rebuild_us=497 layout_us=28 paint_us=34 encode_us=10 acquire_us=10835 submit_us=4967 skipped=0 gpu_q=1 gpu_total_us=4685 gpu_prepass_us=0 gpu_main_us=4685 gpu_composite_us=0 gpu_blit_us=0
[frust INFO] frust-perf img skipped=0 evicted=3 resident=60 budget=1024x1024x4
[frust INFO] frust-perf raw n=1060 total_us=17254 rebuild_us=513 layout_us=25 paint_us=32 encode_us=10 acquire_us=11720 submit_us=4952 skipped=0 gpu_q=1 gpu_total_us=4655 gpu_prepass_us=0 gpu_main_us=4655 gpu_composite_us=0 gpu_blit_us=0
[frust INFO] frust-perf img skipped=0 evicted=3 resident=60 budget=1024x1024x4
[frust INFO] frust-perf raw n=1061 total_us=17051 rebuild_us=542 layout_us=25 paint_us=36 encode_us=9 acquire_us=11590 submit_us=4847 skipped=0 gpu_q=1 gpu_total_us=4626 gpu_prepass_us=0 gpu_main_us=4626 gpu_composite_us=0 gpu_blit_us=0
[frust INFO] frust-perf img skipped=0 evicted=3 resident=60 budget=1024x1024x4
[frust INFO] frust-perf raw n=1062 total_us=17084 rebuild_us=512 layout_us=27 paint_us=32 encode_us=9 acquire_us=11726 submit_us=4776 skipped=0 gpu_q=1 gpu_total_us=4582 gpu_prepass_us=0 gpu_main_us=4582 gpu_composite_us=0 gpu_blit_us=0
[frust INFO] frust-perf img skipped=0 evicted=4 resident=60 budget=1024x1024x4
[frust INFO] frust-perf raw n=1063 total_us=17859 rebuild_us=446 layout_us=24 paint_us=34 encode_us=12 acquire_us=12143 submit_us=5197 skipped=0 gpu_q=1 gpu_total_us=4750 gpu_prepass_us=0 gpu_main_us=4750 gpu_composite_us=0 gpu_blit_us=0
[frust INFO] frust-perf img skipped=0 evicted=3 resident=60 budget=1024x1024x4
[frust INFO] frust-perf raw n=1064 total_us=16434 rebuild_us=486 layout_us=24 paint_us=31 encode_us=13 acquire_us=11142 submit_us=4735 skipped=0 gpu_q=1 gpu_total_us=4675 gpu_prepass_us=0 gpu_main_us=4675 gpu_composite_us=0 gpu_blit_us=0
[frust INFO] frust-perf img skipped=0 evicted=3 resident=60 budget=1024x1024x4
[frust INFO] frust-perf raw n=1065 total_us=17058 rebuild_us=507 layout_us=23 paint_us=28 encode_us=9 acquire_us=11822 submit_us=4665 skipped=0 gpu_q=1 gpu_total_us=4639 gpu_prepass_us=0 gpu_main_us=4639 gpu_composite_us=0 gpu_blit_us=0
[frust INFO] frust-perf img skipped=0 evicted=3 resident=60 budget=1024x1024x4
[frust INFO] frust-perf raw n=1066 total_us=17290 rebuild_us=488 layout_us=28 paint_us=28 encode_us=7 acquire_us=11968 submit_us=4768 skipped=0 gpu_q=1 gpu_total_us=4636 gpu_prepass_us=0 gpu_main_us=4636 gpu_composite_us=0 gpu_blit_us=0
[frust INFO] frust-perf img skipped=0 evicted=3 resident=60 budget=1024x1024x4
[frust INFO] frust-perf raw n=1067 total_us=17657 rebuild_us=505 layout_us=19 paint_us=33 encode_us=6 acquire_us=11955 submit_us=5137 skipped=0 gpu_q=1 gpu_total_us=4577 gpu_prepass_us=0 gpu_main_us=4577 gpu_composite_us=0 gpu_blit_us=0
[frust INFO] frust-perf img skipped=0 evicted=4 resident=60 budget=1024x1024x4
[frust INFO] frust-perf raw n=1068 total_us=17467 rebuild_us=548 layout_us=38 paint_us=41 encode_us=5 acquire_us=11663 submit_us=5171 skipped=0 gpu_q=1 gpu_total_us=4645 gpu_prepass_us=0 gpu_main_us=4645 gpu_composite_us=0 gpu_blit_us=0
[frust INFO] frust-perf img skipped=0 evicted=3 resident=60 budget=1024x1024x4
[frust INFO] frust-perf raw n=1069 total_us=16382 rebuild_us=535 layout_us=19 paint_us=38 encode_us=6 acquire_us=11171 submit_us=4610 skipped=0 gpu_q=1 gpu_total_us=4673 gpu_prepass_us=0 gpu_main_us=4673 gpu_composite_us=0 gpu_blit_us=0
[frust INFO] frust-perf img skipped=0 evicted=3 resident=60 budget=1024x1024x4
[frust INFO] frust-perf raw n=1070 total_us=17579 rebuild_us=545 layout_us=28 paint_us=34 encode_us=7 acquire_us=12116 submit_us=4846 skipped=0 gpu_q=1 gpu_total_us=4532 gpu_prepass_us=0 gpu_main_us=4532 gpu_composite_us=0 gpu_blit_us=0
[frust INFO] frust-perf img skipped=0 evicted=3 resident=60 budget=1024x1024x4
[frust INFO] frust-perf raw n=1071 total_us=16758 rebuild_us=530 layout_us=26 paint_us=34 encode_us=6 acquire_us=11740 submit_us=4420 skipped=0 gpu_q=1 gpu_total_us=4629 gpu_prepass_us=0 gpu_main_us=4629 gpu_composite_us=0 gpu_blit_us=0
[frust INFO] frust-perf img skipped=0 evicted=3 resident=60 budget=1024x1024x4
[frust INFO] frust-perf raw n=1072 total_us=17845 rebuild_us=528 layout_us=19 paint_us=34 encode_us=7 acquire_us=12249 submit_us=5006 skipped=0 gpu_q=1 gpu_total_us=4580 gpu_prepass_us=0 gpu_main_us=4580 gpu_composite_us=0 gpu_blit_us=0
[frust INFO] frust-perf img skipped=0 evicted=4 resident=60 budget=1024x1024x4
[frust INFO] frust-perf raw n=1073 total_us=17521 rebuild_us=595 layout_us=30 paint_us=42 encode_us=15 acquire_us=11580 submit_us=5258 skipped=0 gpu_q=1 gpu_total_us=4516 gpu_prepass_us=0 gpu_main_us=4516 gpu_composite_us=0 gpu_blit_us=0
[frust INFO] frust-perf img skipped=0 evicted=3 resident=60 budget=1024x1024x4
[frust INFO] frust-perf raw n=1074 total_us=16453 rebuild_us=533 layout_us=19 paint_us=33 encode_us=7 acquire_us=11259 submit_us=4600 skipped=0 gpu_q=1 gpu_total_us=4614 gpu_prepass_us=0 gpu_main_us=4614 gpu_composite_us=0 gpu_blit_us=0
[frust INFO] frust-perf img skipped=0 evicted=3 resident=60 budget=1024x1024x4
[frust INFO] frust-perf raw n=1075 total_us=17495 rebuild_us=586 layout_us=28 paint_us=34 encode_us=6 acquire_us=12113 submit_us=4726 skipped=0 gpu_q=1 gpu_total_us=4568 gpu_prepass_us=0 gpu_main_us=4568 gpu_composite_us=0 gpu_blit_us=0
[frust INFO] frust-perf img skipped=0 evicted=3 resident=60 budget=1024x1024x4
[frust INFO] frust-perf raw n=1076 total_us=16839 rebuild_us=523 layout_us=23 paint_us=39 encode_us=6 acquire_us=11886 submit_us=4361 skipped=0 gpu_q=1 gpu_total_us=4679 gpu_prepass_us=0 gpu_main_us=4679 gpu_composite_us=0 gpu_blit_us=0
[frust INFO] frust-perf img skipped=0 evicted=3 resident=60 budget=1024x1024x4
[frust INFO] frust-perf raw n=1077 total_us=18042 rebuild_us=526 layout_us=23 paint_us=30 encode_us=6 acquire_us=12322 submit_us=5133 skipped=0 gpu_q=1 gpu_total_us=4612 gpu_prepass_us=0 gpu_main_us=4612 gpu_composite_us=0 gpu_blit_us=0
[frust INFO] frust-perf img skipped=0 evicted=4 resident=60 budget=1024x1024x4
[frust INFO] frust-perf raw n=1078 total_us=17386 rebuild_us=536 layout_us=25 paint_us=32 encode_us=6 acquire_us=11685 submit_us=5100 skipped=0 gpu_q=1 gpu_total_us=4588 gpu_prepass_us=0 gpu_main_us=4588 gpu_composite_us=0 gpu_blit_us=0
[frust INFO] frust-perf img skipped=0 evicted=3 resident=60 budget=1024x1024x4
[frust INFO] frust-perf raw n=1079 total_us=16518 rebuild_us=525 layout_us=22 paint_us=31 encode_us=6 acquire_us=11282 submit_us=4649 skipped=0 gpu_q=1 gpu_total_us=4609 gpu_prepass_us=0 gpu_main_us=4609 gpu_composite_us=0 gpu_blit_us=0
[frust INFO] frust-perf img skipped=0 evicted=3 resident=60 budget=1024x1024x4
[frust INFO] frust-perf enc n=1080 w=60 validate_us=3.6 prepare_us=4.3 classify_us=10.8 admit_us=0.4 walk_us=1404.9 glyphs_us=102.4 finish_us=3.8 compile_us=1488.3 schedule_us=5.3 paints_us=19.5 instances_us=74.8 resize_us=3.8 upload_us=1800.1 replay_us=0.7 pipelines_us=18.4 record_us=35.5 total_us=3438.9 total_p95_us=4026.7 draws=29 strips=2111 alphas=51696 glyph_draws=17 atlas_glyphs=17
[frust INFO] frust-perf raw n=1080 total_us=17083 rebuild_us=576 layout_us=27 paint_us=35 encode_us=7 acquire_us=11985 submit_us=4452 skipped=0 gpu_q=1 gpu_total_us=4552 gpu_prepass_us=0 gpu_main_us=4552 gpu_composite_us=0 gpu_blit_us=0
[frust INFO] frust-perf img skipped=0 evicted=3 resident=60 budget=1024x1024x4
[frust INFO] frust-perf raw n=1081 total_us=17285 rebuild_us=521 layout_us=24 paint_us=34 encode_us=6 acquire_us=12185 submit_us=4513 skipped=0 gpu_q=1 gpu_total_us=4677 gpu_prepass_us=0 gpu_main_us=4677 gpu_composite_us=0 gpu_blit_us=0
[frust INFO] frust-perf img skipped=0 evicted=3 resident=60 budget=1024x1024x4
[frust INFO] frust-perf raw n=1082 total_us=18018 rebuild_us=535 layout_us=30 paint_us=37 encode_us=7 acquire_us=12170 submit_us=5236 skipped=0 gpu_q=1 gpu_total_us=4657 gpu_prepass_us=0 gpu_main_us=4657 gpu_composite_us=0 gpu_blit_us=0
[frust INFO] frust-perf img skipped=0 evicted=4 resident=60 budget=1024x1024x4
[frust INFO] frust-perf raw n=1083 total_us=17406 rebuild_us=551 layout_us=26 paint_us=35 encode_us=7 acquire_us=11536 submit_us=5249 skipped=0 gpu_q=1 gpu_total_us=4601 gpu_prepass_us=0 gpu_main_us=4601 gpu_composite_us=0 gpu_blit_us=0
[frust INFO] frust-perf img skipped=0 evicted=3 resident=60 budget=1024x1024x4
[frust INFO] frust-perf raw n=1084 total_us=17197 rebuild_us=466 layout_us=23 paint_us=34 encode_us=7 acquire_us=11210 submit_us=5455 skipped=0 gpu_q=1 gpu_total_us=4713 gpu_prepass_us=0 gpu_main_us=4713 gpu_composite_us=0 gpu_blit_us=0
[frust INFO] frust-perf img skipped=0 evicted=3 resident=60 budget=1024x1024x4
[frust INFO] frust-perf raw n=1085 total_us=16738 rebuild_us=540 layout_us=29 paint_us=35 encode_us=12 acquire_us=11085 submit_us=5034 skipped=0 gpu_q=1 gpu_total_us=4699 gpu_prepass_us=0 gpu_main_us=4699 gpu_composite_us=0 gpu_blit_us=0
[frust INFO] frust-perf img skipped=0 evicted=3 resident=60 budget=1024x1024x4
[frust INFO] frust-perf raw n=1086 total_us=16541 rebuild_us=510 layout_us=23 paint_us=34 encode_us=6 acquire_us=11540 submit_us=4426 skipped=0 gpu_q=1 gpu_total_us=4673 gpu_prepass_us=0 gpu_main_us=4673 gpu_composite_us=0 gpu_blit_us=0
[frust INFO] frust-perf img skipped=0 evicted=3 resident=60 budget=1024x1024x4
[frust INFO] frust-perf raw n=1087 total_us=17923 rebuild_us=526 layout_us=28 paint_us=37 encode_us=6 acquire_us=12273 submit_us=5052 skipped=0 gpu_q=1 gpu_total_us=4682 gpu_prepass_us=0 gpu_main_us=4682 gpu_composite_us=0 gpu_blit_us=0
[frust INFO] frust-perf img skipped=0 evicted=4 resident=60 budget=1024x1024x4
[frust INFO] frust-perf raw n=1088 total_us=17422 rebuild_us=541 layout_us=24 paint_us=35 encode_us=10 acquire_us=11555 submit_us=5255 skipped=0 gpu_q=1 gpu_total_us=4574 gpu_prepass_us=0 gpu_main_us=4574 gpu_composite_us=0 gpu_blit_us=0
[frust INFO] frust-perf img skipped=0 evicted=3 resident=60 budget=1024x1024x4
[frust INFO] frust-perf raw n=1089 total_us=16627 rebuild_us=463 layout_us=24 paint_us=35 encode_us=13 acquire_us=11331 submit_us=4758 skipped=0 gpu_q=1 gpu_total_us=4660 gpu_prepass_us=0 gpu_main_us=4660 gpu_composite_us=0 gpu_blit_us=0
[frust INFO] frust-perf img skipped=0 evicted=3 resident=60 budget=1024x1024x4
[frust INFO] frust-perf raw n=1090 total_us=16890 rebuild_us=456 layout_us=24 paint_us=34 encode_us=9 acquire_us=11835 submit_us=4530 skipped=0 gpu_q=1 gpu_total_us=4678 gpu_prepass_us=0 gpu_main_us=4678 gpu_composite_us=0 gpu_blit_us=0
[frust INFO] frust-perf img skipped=0 evicted=3 resident=60 budget=1024x1024x4
[frust INFO] frust-perf raw n=1091 total_us=17016 rebuild_us=485 layout_us=27 paint_us=32 encode_us=9 acquire_us=12014 submit_us=4447 skipped=0 gpu_q=1 gpu_total_us=4744 gpu_prepass_us=0 gpu_main_us=4744 gpu_composite_us=0 gpu_blit_us=0
[frust INFO] frust-perf img skipped=0 evicted=3 resident=60 budget=1024x1024x4
[frust INFO] frust-perf raw n=1092 total_us=17716 rebuild_us=482 layout_us=24 paint_us=33 encode_us=5 acquire_us=12223 submit_us=4946 skipped=0 gpu_q=1 gpu_total_us=4589 gpu_prepass_us=0 gpu_main_us=4589 gpu_composite_us=0 gpu_blit_us=0
[frust INFO] frust-perf img skipped=0 evicted=3 resident=60 budget=1024x1024x4
[frust INFO] frust-perf raw n=1093 total_us=16957 rebuild_us=541 layout_us=25 paint_us=38 encode_us=12 acquire_us=11631 submit_us=4708 skipped=0 gpu_q=1 gpu_total_us=4606 gpu_prepass_us=0 gpu_main_us=4606 gpu_composite_us=0 gpu_blit_us=0
[frust INFO] frust-perf img skipped=0 evicted=4 resident=60 budget=1024x1024x4
[frust INFO] frust-perf raw n=1094 total_us=18114 rebuild_us=488 layout_us=28 paint_us=37 encode_us=8 acquire_us=12033 submit_us=5518 skipped=0 gpu_q=1 gpu_total_us=4642 gpu_prepass_us=0 gpu_main_us=4642 gpu_composite_us=0 gpu_blit_us=0
[frust INFO] frust-perf img skipped=0 evicted=3 resident=60 budget=1024x1024x4
[frust INFO] frust-perf raw n=1095 total_us=16430 rebuild_us=479 layout_us=23 paint_us=32 encode_us=12 acquire_us=11057 submit_us=4824 skipped=0 gpu_q=1 gpu_total_us=4631 gpu_prepass_us=0 gpu_main_us=4631 gpu_composite_us=0 gpu_blit_us=0
[frust INFO] frust-perf img skipped=0 evicted=3 resident=60 budget=1024x1024x4
[frust INFO] frust-perf raw n=1096 total_us=17085 rebuild_us=463 layout_us=21 paint_us=34 encode_us=10 acquire_us=11761 submit_us=4793 skipped=0 gpu_q=1 gpu_total_us=4694 gpu_prepass_us=0 gpu_main_us=4694 gpu_composite_us=0 gpu_blit_us=0
[frust INFO] frust-perf img skipped=0 evicted=3 resident=60 budget=1024x1024x4
[frust INFO] frust-perf raw n=1097 total_us=17349 rebuild_us=476 layout_us=24 paint_us=30 encode_us=9 acquire_us=11873 submit_us=4934 skipped=0 gpu_q=1 gpu_total_us=4565 gpu_prepass_us=0 gpu_main_us=4565 gpu_composite_us=0 gpu_blit_us=0
[frust INFO] frust-perf img skipped=0 evicted=3 resident=60 budget=1024x1024x4
[frust INFO] frust-perf raw n=1098 total_us=17221 rebuild_us=503 layout_us=28 paint_us=32 encode_us=11 acquire_us=11624 submit_us=5021 skipped=0 gpu_q=1 gpu_total_us=4601 gpu_prepass_us=0 gpu_main_us=4601 gpu_composite_us=0 gpu_blit_us=0
[frust INFO] frust-perf img skipped=0 evicted=4 resident=60 budget=1024x1024x4
[frust INFO] frust-perf raw n=1099 total_us=17956 rebuild_us=501 layout_us=30 paint_us=41 encode_us=9 acquire_us=11739 submit_us=5633 skipped=0 gpu_q=1 gpu_total_us=4647 gpu_prepass_us=0 gpu_main_us=4647 gpu_composite_us=0 gpu_blit_us=0
[frust INFO] frust-perf img skipped=0 evicted=3 resident=60 budget=1024x1024x4
[frust INFO] frust-perf raw n=1100 total_us=16354 rebuild_us=524 layout_us=30 paint_us=35 encode_us=14 acquire_us=10782 submit_us=4967 skipped=0 gpu_q=1 gpu_total_us=4751 gpu_prepass_us=0 gpu_main_us=4751 gpu_composite_us=0 gpu_blit_us=0
[frust INFO] frust-perf img skipped=0 evicted=3 resident=60 budget=1024x1024x4
[frust INFO] frust-perf raw n=1101 total_us=17097 rebuild_us=545 layout_us=26 paint_us=40 encode_us=10 acquire_us=11664 submit_us=4811 skipped=0 gpu_q=1 gpu_total_us=4631 gpu_prepass_us=0 gpu_main_us=4631 gpu_composite_us=0 gpu_blit_us=0
[frust INFO] frust-perf img skipped=0 evicted=3 resident=60 budget=1024x1024x4
[frust INFO] frust-perf raw n=1102 total_us=17695 rebuild_us=505 layout_us=28 paint_us=37 encode_us=5 acquire_us=11872 submit_us=5245 skipped=0 gpu_q=1 gpu_total_us=4625 gpu_prepass_us=0 gpu_main_us=4625 gpu_composite_us=0 gpu_blit_us=0
[frust INFO] frust-perf img skipped=0 evicted=3 resident=60 budget=1024x1024x4
[frust INFO] frust-perf raw n=1103 total_us=16743 rebuild_us=563 layout_us=29 paint_us=38 encode_us=13 acquire_us=11194 submit_us=4903 skipped=0 gpu_q=1 gpu_total_us=4629 gpu_prepass_us=0 gpu_main_us=4629 gpu_composite_us=0 gpu_blit_us=0
[frust INFO] frust-perf img skipped=0 evicted=4 resident=60 budget=1024x1024x4
[frust INFO] frust-perf raw n=1104 total_us=17576 rebuild_us=565 layout_us=29 paint_us=35 encode_us=9 acquire_us=11802 submit_us=5135 skipped=0 gpu_q=1 gpu_total_us=4658 gpu_prepass_us=0 gpu_main_us=4658 gpu_composite_us=0 gpu_blit_us=0
[frust INFO] frust-perf img skipped=0 evicted=3 resident=60 budget=1024x1024x4
[frust INFO] frust-perf raw n=1105 total_us=17513 rebuild_us=537 layout_us=29 paint_us=33 encode_us=5 acquire_us=11495 submit_us=5411 skipped=0 gpu_q=1 gpu_total_us=4584 gpu_prepass_us=0 gpu_main_us=4584 gpu_composite_us=0 gpu_blit_us=0
[frust INFO] frust-perf img skipped=0 evicted=3 resident=60 budget=1024x1024x4
[frust INFO] frust-perf raw n=1106 total_us=16890 rebuild_us=593 layout_us=30 paint_us=37 encode_us=14 acquire_us=11143 submit_us=5071 skipped=0 gpu_q=1 gpu_total_us=4655 gpu_prepass_us=0 gpu_main_us=4655 gpu_composite_us=0 gpu_blit_us=0
[frust INFO] frust-perf img skipped=0 evicted=3 resident=60 budget=1024x1024x4
[frust INFO] frust-perf raw n=1107 total_us=16799 rebuild_us=517 layout_us=29 paint_us=30 encode_us=6 acquire_us=11584 submit_us=4631 skipped=0 gpu_q=1 gpu_total_us=4568 gpu_prepass_us=0 gpu_main_us=4568 gpu_composite_us=0 gpu_blit_us=0
[frust INFO] frust-perf img skipped=0 evicted=3 resident=60 budget=1024x1024x4
[frust INFO] frust-perf raw n=1108 total_us=17676 rebuild_us=590 layout_us=21 paint_us=42 encode_us=7 acquire_us=11900 submit_us=5114 skipped=0 gpu_q=1 gpu_total_us=4704 gpu_prepass_us=0 gpu_main_us=4704 gpu_composite_us=0 gpu_blit_us=0
[frust INFO] frust-perf img skipped=0 evicted=4 resident=60 budget=1024x1024x4
[frust INFO] frust-perf raw n=1109 total_us=17383 rebuild_us=544 layout_us=23 paint_us=41 encode_us=12 acquire_us=11696 submit_us=5066 skipped=0 gpu_q=1 gpu_total_us=4616 gpu_prepass_us=0 gpu_main_us=4616 gpu_composite_us=0 gpu_blit_us=0
[frust INFO] frust-perf img skipped=0 evicted=3 resident=60 budget=1024x1024x4
[frust INFO] frust-perf raw n=1110 total_us=16385 rebuild_us=443 layout_us=20 paint_us=36 encode_us=13 acquire_us=11318 submit_us=4552 skipped=0 gpu_q=1 gpu_total_us=4547 gpu_prepass_us=0 gpu_main_us=4547 gpu_composite_us=0 gpu_blit_us=0
[frust INFO] frust-perf img skipped=0 evicted=3 resident=60 budget=1024x1024x4
[frust INFO] frust-perf raw n=1111 total_us=16917 rebuild_us=499 layout_us=28 paint_us=30 encode_us=13 acquire_us=11958 submit_us=4387 skipped=0 gpu_q=1 gpu_total_us=4649 gpu_prepass_us=0 gpu_main_us=4649 gpu_composite_us=0 gpu_blit_us=0
[frust INFO] frust-perf img skipped=0 evicted=3 resident=60 budget=1024x1024x4
[frust INFO] frust-perf raw n=1112 total_us=17227 rebuild_us=512 layout_us=28 paint_us=38 encode_us=9 acquire_us=12243 submit_us=4395 skipped=0 gpu_q=1 gpu_total_us=4697 gpu_prepass_us=0 gpu_main_us=4697 gpu_composite_us=0 gpu_blit_us=0
[frust INFO] frust-perf img skipped=0 evicted=3 resident=60 budget=1024x1024x4
[frust INFO] frust-perf raw n=1113 total_us=17885 rebuild_us=474 layout_us=28 paint_us=38 encode_us=6 acquire_us=12324 submit_us=5013 skipped=0 gpu_q=1 gpu_total_us=4683 gpu_prepass_us=0 gpu_main_us=4683 gpu_composite_us=0 gpu_blit_us=0
[frust INFO] frust-perf img skipped=0 evicted=4 resident=60 budget=1024x1024x4
[frust INFO] frust-perf raw n=1114 total_us=17854 rebuild_us=525 layout_us=24 paint_us=38 encode_us=11 acquire_us=11892 submit_us=5361 skipped=0 gpu_q=1 gpu_total_us=4606 gpu_prepass_us=0 gpu_main_us=4606 gpu_composite_us=0 gpu_blit_us=0
[frust INFO] frust-perf img skipped=0 evicted=3 resident=60 budget=1024x1024x4
[frust INFO] frust-perf raw n=1115 total_us=16313 rebuild_us=515 layout_us=26 paint_us=33 encode_us=13 acquire_us=11049 submit_us=4676 skipped=0 gpu_q=1 gpu_total_us=4705 gpu_prepass_us=0 gpu_main_us=4705 gpu_composite_us=0 gpu_blit_us=0
[frust INFO] frust-perf img skipped=0 evicted=3 resident=60 budget=1024x1024x4
[frust INFO] frust-perf raw n=1116 total_us=16580 rebuild_us=186 layout_us=7 paint_us=11 encode_us=13 acquire_us=11786 submit_us=4573 skipped=0 gpu_q=1 gpu_total_us=4543 gpu_prepass_us=0 gpu_main_us=4543 gpu_composite_us=0 gpu_blit_us=0
[frust INFO] frust-perf img skipped=0 evicted=3 resident=60 budget=1024x1024x4
[frust INFO] frust-perf raw n=1117 total_us=17292 rebuild_us=751 layout_us=34 paint_us=34 encode_us=12 acquire_us=11987 submit_us=4472 skipped=0 gpu_q=1 gpu_total_us=4622 gpu_prepass_us=0 gpu_main_us=4622 gpu_composite_us=0 gpu_blit_us=0
[frust INFO] frust-perf img skipped=0 evicted=3 resident=60 budget=1024x1024x4
[frust INFO] frust-perf raw n=1118 total_us=17856 rebuild_us=558 layout_us=24 paint_us=34 encode_us=6 acquire_us=12239 submit_us=4994 skipped=0 gpu_q=1 gpu_total_us=4600 gpu_prepass_us=0 gpu_main_us=4600 gpu_composite_us=0 gpu_blit_us=0
[frust INFO] frust-perf img skipped=0 evicted=4 resident=60 budget=1024x1024x4
[frust INFO] frust-perf raw n=1119 total_us=17418 rebuild_us=576 layout_us=25 paint_us=42 encode_us=14 acquire_us=11694 submit_us=5065 skipped=0 gpu_q=1 gpu_total_us=4703 gpu_prepass_us=0 gpu_main_us=4703 gpu_composite_us=0 gpu_blit_us=0
[frust INFO] frust-perf img skipped=0 evicted=3 resident=60 budget=1024x1024x4
[frust INFO] frust-perf raw n=1120 total_us=17110 rebuild_us=483 layout_us=23 paint_us=40 encode_us=7 acquire_us=11400 submit_us=5155 skipped=0 gpu_q=1 gpu_total_us=4657 gpu_prepass_us=0 gpu_main_us=4657 gpu_composite_us=0 gpu_blit_us=0
[frust INFO] frust-perf img skipped=0 evicted=3 resident=60 budget=1024x1024x4
[frust INFO] frust-perf raw n=1121 total_us=16932 rebuild_us=539 layout_us=24 paint_us=40 encode_us=15 acquire_us=11478 submit_us=4833 skipped=0 gpu_q=1 gpu_total_us=4509 gpu_prepass_us=0 gpu_main_us=4509 gpu_composite_us=0 gpu_blit_us=0
[frust INFO] frust-perf img skipped=0 evicted=3 resident=60 budget=1024x1024x4
[frust INFO] frust-perf raw n=1122 total_us=17093 rebuild_us=471 layout_us=24 paint_us=30 encode_us=8 acquire_us=11810 submit_us=4748 skipped=0 gpu_q=1 gpu_total_us=4641 gpu_prepass_us=0 gpu_main_us=4641 gpu_composite_us=0 gpu_blit_us=0
[frust INFO] frust-perf img skipped=0 evicted=3 resident=60 budget=1024x1024x4
[frust INFO] frust-perf raw n=1123 total_us=17256 rebuild_us=491 layout_us=22 paint_us=34 encode_us=11 acquire_us=11801 submit_us=4895 skipped=0 gpu_q=1 gpu_total_us=4621 gpu_prepass_us=0 gpu_main_us=4621 gpu_composite_us=0 gpu_blit_us=0
[frust INFO] frust-perf img skipped=0 evicted=4 resident=60 budget=1024x1024x4
[frust INFO] frust-perf raw n=1124 total_us=17816 rebuild_us=498 layout_us=25 paint_us=31 encode_us=10 acquire_us=11878 submit_us=5371 skipped=0 gpu_q=1 gpu_total_us=4723 gpu_prepass_us=0 gpu_main_us=4723 gpu_composite_us=0 gpu_blit_us=0
[frust INFO] frust-perf img skipped=0 evicted=3 resident=60 budget=1024x1024x4
[frust INFO] frust-perf raw n=1125 total_us=16267 rebuild_us=519 layout_us=25 paint_us=42 encode_us=13 acquire_us=11061 submit_us=4606 skipped=0 gpu_q=1 gpu_total_us=4714 gpu_prepass_us=0 gpu_main_us=4714 gpu_composite_us=0 gpu_blit_us=0
[frust INFO] frust-perf img skipped=0 evicted=3 resident=60 budget=1024x1024x4
[frust INFO] frust-perf raw n=1126 total_us=17523 rebuild_us=515 layout_us=29 paint_us=38 encode_us=9 acquire_us=11987 submit_us=4943 skipped=0 gpu_q=1 gpu_total_us=4681 gpu_prepass_us=0 gpu_main_us=4681 gpu_composite_us=0 gpu_blit_us=0
[frust INFO] frust-perf img skipped=0 evicted=3 resident=60 budget=1024x1024x4
[frust INFO] frust-perf raw n=1127 total_us=16657 rebuild_us=466 layout_us=22 paint_us=38 encode_us=6 acquire_us=11674 submit_us=4450 skipped=0 gpu_q=1 gpu_total_us=4644 gpu_prepass_us=0 gpu_main_us=4644 gpu_composite_us=0 gpu_blit_us=0
[frust INFO] frust-perf img skipped=0 evicted=3 resident=60 budget=1024x1024x4
[frust INFO] frust-perf raw n=1128 total_us=18149 rebuild_us=541 layout_us=28 paint_us=34 encode_us=6 acquire_us=12269 submit_us=5268 skipped=0 gpu_q=1 gpu_total_us=4592 gpu_prepass_us=0 gpu_main_us=4592 gpu_composite_us=0 gpu_blit_us=0
[frust INFO] frust-perf img skipped=0 evicted=4 resident=60 budget=1024x1024x4
[frust INFO] frust-perf raw n=1129 total_us=17294 rebuild_us=536 layout_us=23 paint_us=35 encode_us=13 acquire_us=11527 submit_us=5157 skipped=0 gpu_q=1 gpu_total_us=4643 gpu_prepass_us=0 gpu_main_us=4643 gpu_composite_us=0 gpu_blit_us=0
[frust INFO] frust-perf img skipped=0 evicted=3 resident=60 budget=1024x1024x4
[frust INFO] frust-perf raw n=1130 total_us=16263 rebuild_us=454 layout_us=27 paint_us=34 encode_us=9 acquire_us=11223 submit_us=4514 skipped=0 gpu_q=1 gpu_total_us=4636 gpu_prepass_us=0 gpu_main_us=4636 gpu_composite_us=0 gpu_blit_us=0
[frust INFO] frust-perf img skipped=0 evicted=3 resident=60 budget=1024x1024x4
[frust INFO] frust-perf raw n=1131 total_us=17275 rebuild_us=487 layout_us=23 paint_us=34 encode_us=9 acquire_us=12049 submit_us=4670 skipped=0 gpu_q=1 gpu_total_us=4644 gpu_prepass_us=0 gpu_main_us=4644 gpu_composite_us=0 gpu_blit_us=0
[frust INFO] frust-perf img skipped=0 evicted=3 resident=60 budget=1024x1024x4
[frust INFO] frust-perf raw n=1132 total_us=17306 rebuild_us=489 layout_us=27 paint_us=32 encode_us=5 acquire_us=12024 submit_us=4726 skipped=0 gpu_q=1 gpu_total_us=4681 gpu_prepass_us=0 gpu_main_us=4681 gpu_composite_us=0 gpu_blit_us=0
[frust INFO] frust-perf img skipped=0 evicted=3 resident=60 budget=1024x1024x4
[frust INFO] frust-perf raw n=1133 total_us=17620 rebuild_us=521 layout_us=26 paint_us=29 encode_us=7 acquire_us=12136 submit_us=4899 skipped=0 gpu_q=1 gpu_total_us=4638 gpu_prepass_us=0 gpu_main_us=4638 gpu_composite_us=0 gpu_blit_us=0
[frust INFO] frust-perf img skipped=0 evicted=4 resident=60 budget=1024x1024x4
[frust INFO] frust-perf raw n=1134 total_us=17035 rebuild_us=175 layout_us=8 paint_us=11 encode_us=6 acquire_us=11634 submit_us=5198 skipped=0 gpu_q=1 gpu_total_us=4634 gpu_prepass_us=0 gpu_main_us=4634 gpu_composite_us=0 gpu_blit_us=0
[frust INFO] frust-perf img skipped=0 evicted=3 resident=60 budget=1024x1024x4
[frust INFO] frust-perf raw n=1135 total_us=16609 rebuild_us=677 layout_us=27 paint_us=37 encode_us=15 acquire_us=11280 submit_us=4571 skipped=0 gpu_q=1 gpu_total_us=4637 gpu_prepass_us=0 gpu_main_us=4637 gpu_composite_us=0 gpu_blit_us=0
[frust INFO] frust-perf img skipped=0 evicted=3 resident=60 budget=1024x1024x4
[frust INFO] frust-perf raw n=1136 total_us=17179 rebuild_us=534 layout_us=23 paint_us=33 encode_us=10 acquire_us=11974 submit_us=4603 skipped=0 gpu_q=1 gpu_total_us=4545 gpu_prepass_us=0 gpu_main_us=4545 gpu_composite_us=0 gpu_blit_us=0
[frust INFO] frust-perf img skipped=0 evicted=3 resident=60 budget=1024x1024x4
[frust INFO] frust-perf raw n=1137 total_us=17650 rebuild_us=505 layout_us=19 paint_us=33 encode_us=5 acquire_us=12099 submit_us=4987 skipped=0 gpu_q=1 gpu_total_us=4708 gpu_prepass_us=0 gpu_main_us=4708 gpu_composite_us=0 gpu_blit_us=0
[frust INFO] frust-perf img skipped=0 evicted=3 resident=60 budget=1024x1024x4
[frust INFO] frust-perf raw n=1138 total_us=16978 rebuild_us=540 layout_us=23 paint_us=37 encode_us=10 acquire_us=11561 submit_us=4803 skipped=0 gpu_q=1 gpu_total_us=4682 gpu_prepass_us=0 gpu_main_us=4682 gpu_composite_us=0 gpu_blit_us=0
[frust INFO] frust-perf img skipped=0 evicted=4 resident=60 budget=1024x1024x4
[frust INFO] frust-perf raw n=1139 total_us=17584 rebuild_us=476 layout_us=28 paint_us=34 encode_us=6 acquire_us=11852 submit_us=5185 skipped=0 gpu_q=1 gpu_total_us=4617 gpu_prepass_us=0 gpu_main_us=4617 gpu_composite_us=0 gpu_blit_us=0
[frust INFO] frust-perf img skipped=0 evicted=3 resident=60 budget=1024x1024x4
[frust INFO] frust-perf enc n=1140 w=60 validate_us=3.8 prepare_us=4.6 classify_us=10.9 admit_us=0.4 walk_us=1405.1 glyphs_us=100.2 finish_us=3.2 compile_us=1492.9 schedule_us=5.3 paints_us=18.0 instances_us=68.9 resize_us=3.8 upload_us=1799.4 replay_us=0.7 pipelines_us=19.7 record_us=35.3 total_us=3443.6 total_p95_us=4040.9 draws=29 strips=2111 alphas=51696 glyph_draws=17 atlas_glyphs=17
[frust INFO] frust-perf raw n=1140 total_us=16760 rebuild_us=566 layout_us=25 paint_us=33 encode_us=11 acquire_us=11448 submit_us=4675 skipped=0 gpu_q=1 gpu_total_us=4514 gpu_prepass_us=0 gpu_main_us=4514 gpu_composite_us=0 gpu_blit_us=0
[frust INFO] frust-perf img skipped=0 evicted=3 resident=60 budget=1024x1024x4
[frust INFO] frust-perf raw n=1141 total_us=17074 rebuild_us=498 layout_us=25 paint_us=34 encode_us=12 acquire_us=11865 submit_us=4637 skipped=0 gpu_q=1 gpu_total_us=4675 gpu_prepass_us=0 gpu_main_us=4675 gpu_composite_us=0 gpu_blit_us=0
[frust INFO] frust-perf img skipped=0 evicted=3 resident=60 budget=1024x1024x4
[frust INFO] frust-perf raw n=1142 total_us=17193 rebuild_us=497 layout_us=20 paint_us=37 encode_us=5 acquire_us=12020 submit_us=4611 skipped=0 gpu_q=1 gpu_total_us=4682 gpu_prepass_us=0 gpu_main_us=4682 gpu_composite_us=0 gpu_blit_us=0
[frust INFO] frust-perf img skipped=0 evicted=3 resident=60 budget=1024x1024x4
[frust INFO] frust-perf raw n=1143 total_us=17463 rebuild_us=520 layout_us=23 paint_us=28 encode_us=10 acquire_us=12342 submit_us=4538 skipped=0 gpu_q=1 gpu_total_us=4590 gpu_prepass_us=0 gpu_main_us=4590 gpu_composite_us=0 gpu_blit_us=0
[frust INFO] frust-perf img skipped=0 evicted=3 resident=60 budget=1024x1024x4
[frust INFO] frust-perf raw n=1144 total_us=17565 rebuild_us=495 layout_us=29 paint_us=34 encode_us=6 acquire_us=11810 submit_us=5189 skipped=0 gpu_q=1 gpu_total_us=4560 gpu_prepass_us=0 gpu_main_us=4560 gpu_composite_us=0 gpu_blit_us=0
[frust INFO] frust-perf img skipped=0 evicted=4 resident=60 budget=1024x1024x4
[frust INFO] frust-perf raw n=1145 total_us=17166 rebuild_us=543 layout_us=24 paint_us=35 encode_us=14 acquire_us=11338 submit_us=5209 skipped=0 gpu_q=1 gpu_total_us=4644 gpu_prepass_us=0 gpu_main_us=4644 gpu_composite_us=0 gpu_blit_us=0
[frust INFO] frust-perf img skipped=0 evicted=3 resident=60 budget=1024x1024x4
[frust INFO] frust-perf raw n=1146 total_us=16750 rebuild_us=480 layout_us=24 paint_us=28 encode_us=6 acquire_us=11459 submit_us=4750 skipped=0 gpu_q=1 gpu_total_us=4636 gpu_prepass_us=0 gpu_main_us=4636 gpu_composite_us=0 gpu_blit_us=0
[frust INFO] frust-perf img skipped=0 evicted=3 resident=60 budget=1024x1024x4
[frust INFO] frust-perf raw n=1147 total_us=17559 rebuild_us=539 layout_us=24 paint_us=35 encode_us=5 acquire_us=11909 submit_us=5044 skipped=0 gpu_q=1 gpu_total_us=4615 gpu_prepass_us=0 gpu_main_us=4615 gpu_composite_us=0 gpu_blit_us=0
[frust INFO] frust-perf img skipped=0 evicted=3 resident=60 budget=1024x1024x4
[frust INFO] frust-perf raw n=1148 total_us=17037 rebuild_us=547 layout_us=22 paint_us=39 encode_us=12 acquire_us=11715 submit_us=4700 skipped=0 gpu_q=1 gpu_total_us=4580 gpu_prepass_us=0 gpu_main_us=4580 gpu_composite_us=0 gpu_blit_us=0
[frust INFO] frust-perf img skipped=0 evicted=3 resident=60 budget=1024x1024x4
[frust INFO] frust-perf raw n=1149 total_us=17047 rebuild_us=434 layout_us=24 paint_us=30 encode_us=9 acquire_us=11684 submit_us=4863 skipped=0 gpu_q=1 gpu_total_us=4663 gpu_prepass_us=0 gpu_main_us=4663 gpu_composite_us=0 gpu_blit_us=0
[frust INFO] frust-perf img skipped=0 evicted=4 resident=60 budget=1024x1024x4
[frust INFO] frust-perf raw n=1150 total_us=17885 rebuild_us=454 layout_us=21 paint_us=30 encode_us=10 acquire_us=11697 submit_us=5670 skipped=0 gpu_q=1 gpu_total_us=4554 gpu_prepass_us=0 gpu_main_us=4554 gpu_composite_us=0 gpu_blit_us=0
[frust INFO] frust-perf img skipped=0 evicted=3 resident=60 budget=1024x1024x4
[frust INFO] frust-perf raw n=1151 total_us=16187 rebuild_us=512 layout_us=25 paint_us=33 encode_us=12 acquire_us=10885 submit_us=4719 skipped=0 gpu_q=1 gpu_total_us=4708 gpu_prepass_us=0 gpu_main_us=4708 gpu_composite_us=0 gpu_blit_us=0
[frust INFO] frust-perf img skipped=0 evicted=3 resident=60 budget=1024x1024x4
[frust INFO] frust-perf raw n=1152 total_us=17440 rebuild_us=469 layout_us=24 paint_us=33 encode_us=9 acquire_us=11975 submit_us=4928 skipped=0 gpu_q=1 gpu_total_us=4641 gpu_prepass_us=0 gpu_main_us=4641 gpu_composite_us=0 gpu_blit_us=0
[frust INFO] frust-perf img skipped=0 evicted=3 resident=60 budget=1024x1024x4
[frust INFO] frust-perf raw n=1153 total_us=17270 rebuild_us=465 layout_us=29 paint_us=39 encode_us=14 acquire_us=11871 submit_us=4850 skipped=0 gpu_q=1 gpu_total_us=4638 gpu_prepass_us=0 gpu_main_us=4638 gpu_composite_us=0 gpu_blit_us=0
[frust INFO] frust-perf img skipped=0 evicted=3 resident=60 budget=1024x1024x4
[frust INFO] frust-perf raw n=1154 total_us=16837 rebuild_us=495 layout_us=20 paint_us=38 encode_us=9 acquire_us=11560 submit_us=4712 skipped=0 gpu_q=1 gpu_total_us=4638 gpu_prepass_us=0 gpu_main_us=4638 gpu_composite_us=0 gpu_blit_us=0
[frust INFO] frust-perf img skipped=0 evicted=4 resident=60 budget=1024x1024x4
[frust INFO] frust-perf raw n=1155 total_us=17885 rebuild_us=482 layout_us=28 paint_us=33 encode_us=13 acquire_us=11825 submit_us=5501 skipped=0 gpu_q=1 gpu_total_us=4613 gpu_prepass_us=0 gpu_main_us=4613 gpu_composite_us=0 gpu_blit_us=0
[frust INFO] frust-perf img skipped=0 evicted=3 resident=60 budget=1024x1024x4
[frust INFO] frust-perf raw n=1156 total_us=17016 rebuild_us=479 layout_us=29 paint_us=28 encode_us=13 acquire_us=11336 submit_us=5128 skipped=0 gpu_q=1 gpu_total_us=4649 gpu_prepass_us=0 gpu_main_us=4649 gpu_composite_us=0 gpu_blit_us=0
[frust INFO] frust-perf img skipped=0 evicted=3 resident=60 budget=1024x1024x4
[frust INFO] frust-perf raw n=1157 total_us=16895 rebuild_us=514 layout_us=27 paint_us=35 encode_us=9 acquire_us=11331 submit_us=4976 skipped=0 gpu_q=1 gpu_total_us=4670 gpu_prepass_us=0 gpu_main_us=4670 gpu_composite_us=0 gpu_blit_us=0
[frust INFO] frust-perf img skipped=0 evicted=3 resident=60 budget=1024x1024x4
[frust INFO] frust-perf raw n=1158 total_us=16739 rebuild_us=457 layout_us=19 paint_us=29 encode_us=9 acquire_us=11592 submit_us=4631 skipped=0 gpu_q=1 gpu_total_us=4636 gpu_prepass_us=0 gpu_main_us=4636 gpu_composite_us=0 gpu_blit_us=0
[frust INFO] frust-perf img skipped=0 evicted=3 resident=60 budget=1024x1024x4
[frust INFO] frust-perf raw n=1159 total_us=17545 rebuild_us=455 layout_us=21 paint_us=34 encode_us=9 acquire_us=11976 submit_us=5049 skipped=0 gpu_q=1 gpu_total_us=4673 gpu_prepass_us=0 gpu_main_us=4673 gpu_composite_us=0 gpu_blit_us=0
[frust INFO] frust-perf img skipped=0 evicted=4 resident=60 budget=1024x1024x4
[frust INFO] frust-perf raw n=1160 total_us=17135 rebuild_us=541 layout_us=27 paint_us=34 encode_us=13 acquire_us=11432 submit_us=5085 skipped=0 gpu_q=1 gpu_total_us=4602 gpu_prepass_us=0 gpu_main_us=4602 gpu_composite_us=0 gpu_blit_us=0
[frust INFO] frust-perf img skipped=0 evicted=3 resident=60 budget=1024x1024x4
[frust INFO] frust-perf raw n=1161 total_us=17089 rebuild_us=572 layout_us=31 paint_us=36 encode_us=11 acquire_us=11579 submit_us=4859 skipped=0 gpu_q=1 gpu_total_us=4621 gpu_prepass_us=0 gpu_main_us=4621 gpu_composite_us=0 gpu_blit_us=0
[frust INFO] frust-perf img skipped=0 evicted=3 resident=60 budget=1024x1024x4
[frust INFO] frust-perf raw n=1162 total_us=17408 rebuild_us=576 layout_us=28 paint_us=39 encode_us=12 acquire_us=11877 submit_us=4874 skipped=0 gpu_q=1 gpu_total_us=4623 gpu_prepass_us=0 gpu_main_us=4623 gpu_composite_us=0 gpu_blit_us=0
[frust INFO] frust-perf img skipped=0 evicted=3 resident=60 budget=1024x1024x4
[frust INFO] frust-perf raw n=1163 total_us=17122 rebuild_us=496 layout_us=25 paint_us=33 encode_us=9 acquire_us=11844 submit_us=4715 skipped=0 gpu_q=1 gpu_total_us=4642 gpu_prepass_us=0 gpu_main_us=4642 gpu_composite_us=0 gpu_blit_us=0
[frust INFO] frust-perf img skipped=0 evicted=3 resident=60 budget=1024x1024x4
[frust INFO] frust-perf raw n=1164 total_us=17148 rebuild_us=506 layout_us=19 paint_us=32 encode_us=7 acquire_us=11673 submit_us=4909 skipped=0 gpu_q=1 gpu_total_us=4634 gpu_prepass_us=0 gpu_main_us=4634 gpu_composite_us=0 gpu_blit_us=0
[frust INFO] frust-perf img skipped=0 evicted=4 resident=60 budget=1024x1024x4
[frust INFO] frust-perf raw n=1165 total_us=17557 rebuild_us=548 layout_us=22 paint_us=35 encode_us=11 acquire_us=11608 submit_us=5331 skipped=0 gpu_q=1 gpu_total_us=4631 gpu_prepass_us=0 gpu_main_us=4631 gpu_composite_us=0 gpu_blit_us=0
[frust INFO] frust-perf img skipped=0 evicted=3 resident=60 budget=1024x1024x4
[frust INFO] frust-perf raw n=1166 total_us=16374 rebuild_us=468 layout_us=25 paint_us=36 encode_us=10 acquire_us=11376 submit_us=4457 skipped=0 gpu_q=1 gpu_total_us=4644 gpu_prepass_us=0 gpu_main_us=4644 gpu_composite_us=0 gpu_blit_us=0
[frust INFO] frust-perf img skipped=0 evicted=3 resident=60 budget=1024x1024x4
[frust INFO] frust-perf raw n=1167 total_us=17396 rebuild_us=482 layout_us=20 paint_us=29 encode_us=13 acquire_us=12119 submit_us=4730 skipped=0 gpu_q=1 gpu_total_us=4571 gpu_prepass_us=0 gpu_main_us=4571 gpu_composite_us=0 gpu_blit_us=0
[frust INFO] frust-perf img skipped=0 evicted=3 resident=60 budget=1024x1024x4
[frust INFO] frust-perf raw n=1168 total_us=17374 rebuild_us=476 layout_us=25 paint_us=34 encode_us=9 acquire_us=12133 submit_us=4696 skipped=0 gpu_q=1 gpu_total_us=4506 gpu_prepass_us=0 gpu_main_us=4506 gpu_composite_us=0 gpu_blit_us=0
[frust INFO] frust-perf img skipped=0 evicted=3 resident=60 budget=1024x1024x4
[frust INFO] frust-perf raw n=1169 total_us=17195 rebuild_us=485 layout_us=18 paint_us=34 encode_us=9 acquire_us=11624 submit_us=5023 skipped=0 gpu_q=1 gpu_total_us=4598 gpu_prepass_us=0 gpu_main_us=4598 gpu_composite_us=0 gpu_blit_us=0
[frust INFO] frust-perf img skipped=0 evicted=4 resident=60 budget=1024x1024x4
[frust INFO] frust-perf raw n=1170 total_us=17509 rebuild_us=460 layout_us=18 paint_us=33 encode_us=11 acquire_us=11588 submit_us=5397 skipped=0 gpu_q=1 gpu_total_us=4643 gpu_prepass_us=0 gpu_main_us=4643 gpu_composite_us=0 gpu_blit_us=0
[frust INFO] frust-perf img skipped=0 evicted=3 resident=60 budget=1024x1024x4
[frust INFO] frust-perf raw n=1171 total_us=16871 rebuild_us=499 layout_us=22 paint_us=31 encode_us=10 acquire_us=11233 submit_us=5074 skipped=0 gpu_q=1 gpu_total_us=4759 gpu_prepass_us=0 gpu_main_us=4759 gpu_composite_us=0 gpu_blit_us=0
[frust INFO] frust-perf img skipped=0 evicted=3 resident=60 budget=1024x1024x4
[frust INFO] frust-perf raw n=1172 total_us=17112 rebuild_us=512 layout_us=21 paint_us=35 encode_us=10 acquire_us=11483 submit_us=5049 skipped=0 gpu_q=1 gpu_total_us=4791 gpu_prepass_us=0 gpu_main_us=4791 gpu_composite_us=0 gpu_blit_us=0
[frust INFO] frust-perf img skipped=0 evicted=3 resident=60 budget=1024x1024x4
[frust INFO] frust-perf raw n=1173 total_us=17222 rebuild_us=475 layout_us=19 paint_us=34 encode_us=8 acquire_us=11804 submit_us=4880 skipped=0 gpu_q=1 gpu_total_us=4697 gpu_prepass_us=0 gpu_main_us=4697 gpu_composite_us=0 gpu_blit_us=0
[frust INFO] frust-perf img skipped=0 evicted=3 resident=60 budget=1024x1024x4
[frust INFO] frust-perf raw n=1174 total_us=17190 rebuild_us=475 layout_us=26 paint_us=33 encode_us=9 acquire_us=11632 submit_us=5012 skipped=0 gpu_q=1 gpu_total_us=4613 gpu_prepass_us=0 gpu_main_us=4613 gpu_composite_us=0 gpu_blit_us=0
[frust INFO] frust-perf img skipped=0 evicted=4 resident=60 budget=1024x1024x4
[frust INFO] frust-perf raw n=1175 total_us=17734 rebuild_us=537 layout_us=29 paint_us=33 encode_us=13 acquire_us=11518 submit_us=5602 skipped=0 gpu_q=1 gpu_total_us=4797 gpu_prepass_us=0 gpu_main_us=4797 gpu_composite_us=0 gpu_blit_us=0
[frust INFO] frust-perf frame n=120 total_p50_ms=17 total_p95_ms=17 total_p99_ms=18 rebuild_p95_ms=0 layout_p95_ms=0 paint_p95_ms=0 encode_p95_ms=0 acquire_p95_ms=12 submit_p95_ms=5 over_60hz=1001 over_120hz=1173 skipped=0 total_frames=1175
[frust INFO] frust-perf img skipped=0 evicted=3 resident=60 budget=1024x1024x4
[frust INFO] frust-perf raw n=1176 total_us=16231 rebuild_us=540 layout_us=27 paint_us=33 encode_us=14 acquire_us=10930 submit_us=4686 skipped=0 gpu_q=1 gpu_total_us=4630 gpu_prepass_us=0 gpu_main_us=4630 gpu_composite_us=0 gpu_blit_us=0
[frust INFO] frust-perf img skipped=0 evicted=3 resident=60 budget=1024x1024x4
[frust INFO] frust-perf raw n=1177 total_us=17071 rebuild_us=505 layout_us=25 paint_us=35 encode_us=10 acquire_us=11750 submit_us=4744 skipped=0 gpu_q=1 gpu_total_us=4661 gpu_prepass_us=0 gpu_main_us=4661 gpu_composite_us=0 gpu_blit_us=0
[frust INFO] frust-perf img skipped=0 evicted=3 resident=60 budget=1024x1024x4
[frust INFO] frust-perf raw n=1178 total_us=17270 rebuild_us=511 layout_us=27 paint_us=37 encode_us=13 acquire_us=12172 submit_us=4507 skipped=0 gpu_q=1 gpu_total_us=4658 gpu_prepass_us=0 gpu_main_us=4658 gpu_composite_us=0 gpu_blit_us=0
[frust INFO] frust-perf img skipped=0 evicted=3 resident=60 budget=1024x1024x4
[frust INFO] frust-perf raw n=1179 total_us=17768 rebuild_us=531 layout_us=19 paint_us=28 encode_us=8 acquire_us=11852 submit_us=5327 skipped=0 gpu_q=1 gpu_total_us=4580 gpu_prepass_us=0 gpu_main_us=4580 gpu_composite_us=0 gpu_blit_us=0
[frust INFO] frust-perf img skipped=0 evicted=4 resident=60 budget=1024x1024x4
[frust INFO] frust-perf raw n=1180 total_us=17555 rebuild_us=557 layout_us=25 paint_us=35 encode_us=6 acquire_us=11615 submit_us=5315 skipped=0 gpu_q=1 gpu_total_us=4631 gpu_prepass_us=0 gpu_main_us=4631 gpu_composite_us=0 gpu_blit_us=0
[frust INFO] frust-perf img skipped=0 evicted=3 resident=60 budget=1024x1024x4
[frust INFO] frust-perf raw n=1181 total_us=16446 rebuild_us=583 layout_us=29 paint_us=36 encode_us=6 acquire_us=11074 submit_us=4715 skipped=0 gpu_q=1 gpu_total_us=4524 gpu_prepass_us=0 gpu_main_us=4524 gpu_composite_us=0 gpu_blit_us=0
[frust INFO] frust-perf img skipped=0 evicted=3 resident=60 budget=1024x1024x4
[frust INFO] frust-perf raw n=1182 total_us=17854 rebuild_us=601 layout_us=23 paint_us=31 encode_us=6 acquire_us=11924 submit_us=5267 skipped=0 gpu_q=1 gpu_total_us=4549 gpu_prepass_us=0 gpu_main_us=4549 gpu_composite_us=0 gpu_blit_us=0
[frust INFO] frust-perf img skipped=0 evicted=3 resident=60 budget=1024x1024x4
[frust INFO] frust-perf raw n=1183 total_us=16768 rebuild_us=592 layout_us=28 paint_us=38 encode_us=11 acquire_us=11271 submit_us=4826 skipped=0 gpu_q=1 gpu_total_us=4585 gpu_prepass_us=0 gpu_main_us=4585 gpu_composite_us=0 gpu_blit_us=0
[frust INFO] frust-perf img skipped=0 evicted=3 resident=60 budget=1024x1024x4
[frust INFO] frust-perf raw n=1184 total_us=17188 rebuild_us=507 layout_us=22 paint_us=42 encode_us=9 acquire_us=11803 submit_us=4801 skipped=0 gpu_q=1 gpu_total_us=4606 gpu_prepass_us=0 gpu_main_us=4606 gpu_composite_us=0 gpu_blit_us=0
[frust INFO] frust-perf img skipped=0 evicted=4 resident=60 budget=1024x1024x4
[frust INFO] frust-perf raw n=1185 total_us=17547 rebuild_us=490 layout_us=22 paint_us=31 encode_us=9 acquire_us=11804 submit_us=5187 skipped=0 gpu_q=1 gpu_total_us=4521 gpu_prepass_us=0 gpu_main_us=4521 gpu_composite_us=0 gpu_blit_us=0
[frust INFO] frust-perf img skipped=0 evicted=3 resident=60 budget=1024x1024x4
[frust INFO] frust-perf raw n=1186 total_us=16854 rebuild_us=501 layout_us=27 paint_us=33 encode_us=12 acquire_us=11343 submit_us=4936 skipped=0 gpu_q=1 gpu_total_us=4636 gpu_prepass_us=0 gpu_main_us=4636 gpu_composite_us=0 gpu_blit_us=0
[frust INFO] frust-perf img skipped=0 evicted=3 resident=60 budget=1024x1024x4
[frust INFO] frust-perf raw n=1187 total_us=17063 rebuild_us=488 layout_us=26 paint_us=40 encode_us=8 acquire_us=11723 submit_us=4776 skipped=0 gpu_q=1 gpu_total_us=4657 gpu_prepass_us=0 gpu_main_us=4657 gpu_composite_us=0 gpu_blit_us=0
[frust INFO] frust-perf img skipped=0 evicted=3 resident=60 budget=1024x1024x4
[frust INFO] frust-perf raw n=1188 total_us=17168 rebuild_us=478 layout_us=19 paint_us=33 encode_us=12 acquire_us=11912 submit_us=4710 skipped=0 gpu_q=1 gpu_total_us=4662 gpu_prepass_us=0 gpu_main_us=4662 gpu_composite_us=0 gpu_blit_us=0
[frust INFO] frust-perf img skipped=0 evicted=3 resident=60 budget=1024x1024x4
[frust INFO] frust-perf raw n=1189 total_us=17410 rebuild_us=471 layout_us=21 paint_us=31 encode_us=6 acquire_us=11848 submit_us=5031 skipped=0 gpu_q=1 gpu_total_us=4623 gpu_prepass_us=0 gpu_main_us=4623 gpu_composite_us=0 gpu_blit_us=0
[frust INFO] frust-perf img skipped=0 evicted=4 resident=60 budget=1024x1024x4
[frust INFO] frust-perf raw n=1190 total_us=17416 rebuild_us=542 layout_us=21 paint_us=33 encode_us=14 acquire_us=11557 submit_us=5246 skipped=0 gpu_q=1 gpu_total_us=4644 gpu_prepass_us=0 gpu_main_us=4644 gpu_composite_us=0 gpu_blit_us=0
[frust INFO] frust-perf img skipped=0 evicted=3 resident=60 budget=1024x1024x4
[frust INFO] frust-perf raw n=1191 total_us=16666 rebuild_us=486 layout_us=20 paint_us=32 encode_us=9 acquire_us=11317 submit_us=4799 skipped=0 gpu_q=1 gpu_total_us=4641 gpu_prepass_us=0 gpu_main_us=4641 gpu_composite_us=0 gpu_blit_us=0
[frust INFO] frust-perf img skipped=0 evicted=3 resident=60 budget=1024x1024x4
[frust INFO] frust-perf raw n=1192 total_us=17073 rebuild_us=470 layout_us=26 paint_us=32 encode_us=13 acquire_us=11796 submit_us=4733 skipped=0 gpu_q=1 gpu_total_us=4696 gpu_prepass_us=0 gpu_main_us=4696 gpu_composite_us=0 gpu_blit_us=0
[frust INFO] frust-perf img skipped=0 evicted=3 resident=60 budget=1024x1024x4
[frust INFO] frust-perf raw n=1193 total_us=17122 rebuild_us=492 layout_us=26 paint_us=37 encode_us=9 acquire_us=11842 submit_us=4714 skipped=0 gpu_q=1 gpu_total_us=4769 gpu_prepass_us=0 gpu_main_us=4769 gpu_composite_us=0 gpu_blit_us=0
[frust INFO] frust-perf img skipped=0 evicted=3 resident=60 budget=1024x1024x4
[frust INFO] frust-perf raw n=1194 total_us=17530 rebuild_us=469 layout_us=22 paint_us=34 encode_us=9 acquire_us=11943 submit_us=5050 skipped=0 gpu_q=1 gpu_total_us=4905 gpu_prepass_us=0 gpu_main_us=4905 gpu_composite_us=0 gpu_blit_us=0
[frust INFO] frust-perf img skipped=0 evicted=3 resident=60 budget=1024x1024x4
[frust INFO] frust-perf raw n=1195 total_us=17027 rebuild_us=458 layout_us=25 paint_us=31 encode_us=11 acquire_us=11595 submit_us=4904 skipped=0 gpu_q=1 gpu_total_us=4755 gpu_prepass_us=0 gpu_main_us=4755 gpu_composite_us=0 gpu_blit_us=0
[frust INFO] frust-perf img skipped=0 evicted=4 resident=60 budget=1024x1024x4
[frust INFO] frust-perf raw n=1196 total_us=17573 rebuild_us=498 layout_us=25 paint_us=36 encode_us=10 acquire_us=11710 submit_us=5292 skipped=0 gpu_q=1 gpu_total_us=4711 gpu_prepass_us=0 gpu_main_us=4711 gpu_composite_us=0 gpu_blit_us=0
[frust INFO] frust-perf img skipped=0 evicted=3 resident=60 budget=1024x1024x4
[frust INFO] frust-perf raw n=1197 total_us=16765 rebuild_us=497 layout_us=26 paint_us=34 encode_us=13 acquire_us=11229 submit_us=4964 skipped=0 gpu_q=1 gpu_total_us=4617 gpu_prepass_us=0 gpu_main_us=4617 gpu_composite_us=0 gpu_blit_us=0
[frust INFO] frust-perf img skipped=0 evicted=3 resident=60 budget=1024x1024x4
[frust INFO] frust-perf raw n=1198 total_us=16666 rebuild_us=436 layout_us=22 paint_us=24 encode_us=9 acquire_us=11613 submit_us=4559 skipped=0 gpu_q=1 gpu_total_us=4669 gpu_prepass_us=0 gpu_main_us=4669 gpu_composite_us=0 gpu_blit_us=0
[frust INFO] frust-perf img skipped=0 evicted=3 resident=60 budget=1024x1024x4
[frust INFO] frust-perf raw n=1199 total_us=17480 rebuild_us=483 layout_us=22 paint_us=33 encode_us=9 acquire_us=12107 submit_us=4823 skipped=0 gpu_q=1 gpu_total_us=4601 gpu_prepass_us=0 gpu_main_us=4601 gpu_composite_us=0 gpu_blit_us=0
[frust INFO] frust-perf img skipped=0 evicted=3 resident=60 budget=1024x1024x4
[frust INFO] frust-perf enc n=1200 w=60 validate_us=3.4 prepare_us=4.6 classify_us=11.0 admit_us=0.3 walk_us=1420.5 glyphs_us=103.8 finish_us=3.3 compile_us=1497.6 schedule_us=5.1 paints_us=18.5 instances_us=77.0 resize_us=3.5 upload_us=1836.5 replay_us=0.8 pipelines_us=18.8 record_us=35.8 total_us=3500.2 total_p95_us=4134.5 draws=29 strips=2111 alphas=51696 glyph_draws=17 atlas_glyphs=17
[frust INFO] frust-perf raw n=1200 total_us=17240 rebuild_us=486 layout_us=24 paint_us=34 encode_us=13 acquire_us=11738 submit_us=4942 skipped=0 gpu_q=1 gpu_total_us=4607 gpu_prepass_us=0 gpu_main_us=4607 gpu_composite_us=0 gpu_blit_us=0
[frust INFO] frust-perf img skipped=0 evicted=3 resident=60 budget=1024x1024x4
[frust INFO] frust-perf raw n=1201 total_us=17112 rebuild_us=481 layout_us=24 paint_us=33 encode_us=10 acquire_us=11699 submit_us=4863 skipped=0 gpu_q=1 gpu_total_us=4636 gpu_prepass_us=0 gpu_main_us=4636 gpu_composite_us=0 gpu_blit_us=0
[frust INFO] frust-perf raw n=1202 total_us=15346 rebuild_us=487 layout_us=21 paint_us=33 encode_us=9 acquire_us=11742 submit_us=3051 skipped=0 gpu_q=1 gpu_total_us=4749 gpu_prepass_us=0 gpu_main_us=4749 gpu_composite_us=0 gpu_blit_us=0
[frust INFO] frust-perf raw n=1203 total_us=16549 rebuild_us=424 layout_us=21 paint_us=27 encode_us=10 acquire_us=13513 submit_us=2552 skipped=0 gpu_q=1 gpu_total_us=4670 gpu_prepass_us=0 gpu_main_us=4670 gpu_composite_us=0 gpu_blit_us=0
[frust INFO] frust-perf raw n=1204 total_us=17789 rebuild_us=447 layout_us=22 paint_us=33 encode_us=12 acquire_us=14112 submit_us=3162 skipped=0 gpu_q=1 gpu_total_us=4611 gpu_prepass_us=0 gpu_main_us=4611 gpu_composite_us=0 gpu_blit_us=0
[frust INFO] frust-perf raw n=1205 total_us=17061 rebuild_us=486 layout_us=24 paint_us=31 encode_us=16 acquire_us=13437 submit_us=3065 skipped=0 gpu_q=1 gpu_total_us=4662 gpu_prepass_us=0 gpu_main_us=4662 gpu_composite_us=0 gpu_blit_us=0
[frust INFO] frust-perf raw n=1206 total_us=17884 rebuild_us=492 layout_us=25 paint_us=33 encode_us=12 acquire_us=13560 submit_us=3760 skipped=0 gpu_q=1 gpu_total_us=4719 gpu_prepass_us=0 gpu_main_us=4719 gpu_composite_us=0 gpu_blit_us=0
[frust INFO] frust-perf raw n=1207 total_us=17141 rebuild_us=569 layout_us=21 paint_us=41 encode_us=13 acquire_us=12806 submit_us=3688 skipped=0 gpu_q=1 gpu_total_us=4728 gpu_prepass_us=0 gpu_main_us=4728 gpu_composite_us=0 gpu_blit_us=0
[frust INFO] frust-perf raw n=1208 total_us=17243 rebuild_us=592 layout_us=23 paint_us=39 encode_us=14 acquire_us=12870 submit_us=3704 skipped=0 gpu_q=1 gpu_total_us=4630 gpu_prepass_us=0 gpu_main_us=4630 gpu_composite_us=0 gpu_blit_us=0
[frust INFO] frust-perf raw n=1209 total_us=18639 rebuild_us=598 layout_us=20 paint_us=42 encode_us=14 acquire_us=13118 submit_us=4845 skipped=0 gpu_q=1 gpu_total_us=4656 gpu_prepass_us=0 gpu_main_us=4656 gpu_composite_us=0 gpu_blit_us=0
[frust INFO] frust-perf raw n=1210 total_us=17121 rebuild_us=590 layout_us=23 paint_us=44 encode_us=15 acquire_us=11547 submit_us=4900 skipped=0 gpu_q=1 gpu_total_us=4685 gpu_prepass_us=0 gpu_main_us=4685 gpu_composite_us=0 gpu_blit_us=0
[frust INFO] frust-perf raw n=1211 total_us=15910 rebuild_us=589 layout_us=24 paint_us=43 encode_us=13 acquire_us=11573 submit_us=3665 skipped=0 gpu_q=1 gpu_total_us=4701 gpu_prepass_us=0 gpu_main_us=4701 gpu_composite_us=0 gpu_blit_us=0
[frust INFO] frust-perf raw n=1212 total_us=18410 rebuild_us=600 layout_us=22 paint_us=41 encode_us=15 acquire_us=13194 submit_us=4535 skipped=0 gpu_q=1 gpu_total_us=4650 gpu_prepass_us=0 gpu_main_us=4650 gpu_composite_us=0 gpu_blit_us=0
[frust INFO] frust-perf raw n=1213 total_us=17949 rebuild_us=815 layout_us=28 paint_us=56 encode_us=17 acquire_us=12043 submit_us=4989 skipped=0 gpu_q=1 gpu_total_us=4631 gpu_prepass_us=0 gpu_main_us=4631 gpu_composite_us=0 gpu_blit_us=0
[frust INFO] frust-perf raw n=1214 total_us=17116 rebuild_us=588 layout_us=19 paint_us=44 encode_us=17 acquire_us=11557 submit_us=4888 skipped=0 gpu_q=1 gpu_total_us=4610 gpu_prepass_us=0 gpu_main_us=4610 gpu_composite_us=0 gpu_blit_us=0
[frust INFO] frust-perf raw n=1215 total_us=17570 rebuild_us=791 layout_us=32 paint_us=51 encode_us=16 acquire_us=11655 submit_us=5022 skipped=0 gpu_q=1 gpu_total_us=4682 gpu_prepass_us=0 gpu_main_us=4682 gpu_composite_us=0 gpu_blit_us=0
[frust INFO] frust-perf raw n=1216 total_us=16999 rebuild_us=574 layout_us=27 paint_us=37 encode_us=15 acquire_us=11485 submit_us=4858 skipped=0 gpu_q=1 gpu_total_us=4655 gpu_prepass_us=0 gpu_main_us=4655 gpu_composite_us=0 gpu_blit_us=0
[frust INFO] frust-perf raw n=1217 total_us=17356 rebuild_us=579 layout_us=20 paint_us=42 encode_us=14 acquire_us=11718 submit_us=4980 skipped=0 gpu_q=1 gpu_total_us=4682 gpu_prepass_us=0 gpu_main_us=4682 gpu_composite_us=0 gpu_blit_us=0
[frust INFO] frust-perf raw n=1218 total_us=16592 rebuild_us=601 layout_us=20 paint_us=40 encode_us=17 acquire_us=11299 submit_us=4612 skipped=0 gpu_q=1 gpu_total_us=4656 gpu_prepass_us=0 gpu_main_us=4656 gpu_composite_us=0 gpu_blit_us=0
[frust INFO] frust-perf img skipped=0 evicted=1 resident=60 budget=1024x1024x4
[frust INFO] frust-perf raw n=1219 total_us=18348 rebuild_us=601 layout_us=25 paint_us=45 encode_us=15 acquire_us=12054 submit_us=5606 skipped=0 gpu_q=1 gpu_total_us=4630 gpu_prepass_us=0 gpu_main_us=4630 gpu_composite_us=0 gpu_blit_us=0
[frust INFO] frust-perf img skipped=0 evicted=3 resident=60 budget=1024x1024x4
[frust INFO] frust-perf raw n=1220 total_us=18389 rebuild_us=608 layout_us=19 paint_us=40 encode_us=17 acquire_us=10920 submit_us=6782 skipped=0 gpu_q=1 gpu_total_us=4645 gpu_prepass_us=0 gpu_main_us=4645 gpu_composite_us=0 gpu_blit_us=0
[frust INFO] frust-perf img skipped=0 evicted=3 resident=60 budget=1024x1024x4
[frust INFO] frust-perf raw n=1221 total_us=17313 rebuild_us=617 layout_us=24 paint_us=45 encode_us=13 acquire_us=9907 submit_us=6706 skipped=0 gpu_q=1 gpu_total_us=4715 gpu_prepass_us=0 gpu_main_us=4715 gpu_composite_us=0 gpu_blit_us=0
[frust INFO] frust-perf img skipped=0 evicted=3 resident=60 budget=1024x1024x4
[frust INFO] frust-perf raw n=1222 total_us=16459 rebuild_us=678 layout_us=28 paint_us=45 encode_us=11 acquire_us=9814 submit_us=5880 skipped=0 gpu_q=1 gpu_total_us=4594 gpu_prepass_us=0 gpu_main_us=4594 gpu_composite_us=0 gpu_blit_us=0
[frust INFO] frust-perf img skipped=0 evicted=3 resident=60 budget=1024x1024x4
[frust INFO] frust-perf raw n=1223 total_us=16683 rebuild_us=576 layout_us=20 paint_us=34 encode_us=12 acquire_us=10609 submit_us=5430 skipped=0 gpu_q=1 gpu_total_us=4672 gpu_prepass_us=0 gpu_main_us=4672 gpu_composite_us=0 gpu_blit_us=0
[frust INFO] frust-perf img skipped=0 evicted=4 resident=60 budget=1024x1024x4
[frust INFO] frust-perf raw n=1224 total_us=17871 rebuild_us=600 layout_us=24 paint_us=39 encode_us=14 acquire_us=11260 submit_us=5930 skipped=0 gpu_q=1 gpu_total_us=4604 gpu_prepass_us=0 gpu_main_us=4604 gpu_composite_us=0 gpu_blit_us=0
[frust INFO] frust-perf img skipped=0 evicted=3 resident=60 budget=1024x1024x4
[frust INFO] frust-perf raw n=1225 total_us=16583 rebuild_us=505 layout_us=21 paint_us=35 encode_us=10 acquire_us=10593 submit_us=5416 skipped=0 gpu_q=1 gpu_total_us=4671 gpu_prepass_us=0 gpu_main_us=4671 gpu_composite_us=0 gpu_blit_us=0
[frust INFO] frust-perf img skipped=0 evicted=3 resident=60 budget=1024x1024x4
[frust INFO] frust-perf raw n=1226 total_us=16929 rebuild_us=513 layout_us=25 paint_us=33 encode_us=11 acquire_us=11278 submit_us=5067 skipped=0 gpu_q=1 gpu_total_us=4658 gpu_prepass_us=0 gpu_main_us=4658 gpu_composite_us=0 gpu_blit_us=0
[frust INFO] frust-perf img skipped=0 evicted=3 resident=60 budget=1024x1024x4
[frust INFO] frust-perf raw n=1227 total_us=16955 rebuild_us=474 layout_us=18 paint_us=33 encode_us=10 acquire_us=11377 submit_us=5041 skipped=0 gpu_q=1 gpu_total_us=4627 gpu_prepass_us=0 gpu_main_us=4627 gpu_composite_us=0 gpu_blit_us=0
[frust INFO] frust-perf img skipped=0 evicted=3 resident=60 budget=1024x1024x4
[frust INFO] frust-perf raw n=1228 total_us=17061 rebuild_us=486 layout_us=24 paint_us=30 encode_us=10 acquire_us=11630 submit_us=4879 skipped=0 gpu_q=1 gpu_total_us=4640 gpu_prepass_us=0 gpu_main_us=4640 gpu_composite_us=0 gpu_blit_us=0
[frust INFO] frust-perf img skipped=0 evicted=4 resident=60 budget=1024x1024x4
[frust INFO] frust-perf raw n=1229 total_us=17667 rebuild_us=475 layout_us=21 paint_us=33 encode_us=10 acquire_us=11779 submit_us=5346 skipped=0 gpu_q=1 gpu_total_us=4572 gpu_prepass_us=0 gpu_main_us=4572 gpu_composite_us=0 gpu_blit_us=0
[frust INFO] frust-perf img skipped=0 evicted=3 resident=60 budget=1024x1024x4
[frust INFO] frust-perf raw n=1230 total_us=16592 rebuild_us=481 layout_us=24 paint_us=33 encode_us=13 acquire_us=11342 submit_us=4695 skipped=0 gpu_q=1 gpu_total_us=4656 gpu_prepass_us=0 gpu_main_us=4656 gpu_composite_us=0 gpu_blit_us=0
[frust INFO] frust-perf img skipped=0 evicted=3 resident=60 budget=1024x1024x4
[frust INFO] frust-perf raw n=1231 total_us=17279 rebuild_us=514 layout_us=26 paint_us=30 encode_us=13 acquire_us=11758 submit_us=4935 skipped=0 gpu_q=1 gpu_total_us=4642 gpu_prepass_us=0 gpu_main_us=4642 gpu_composite_us=0 gpu_blit_us=0
[frust INFO] frust-perf img skipped=0 evicted=3 resident=60 budget=1024x1024x4
[frust INFO] frust-perf raw n=1232 total_us=17097 rebuild_us=463 layout_us=21 paint_us=30 encode_us=10 acquire_us=11614 submit_us=4956 skipped=0 gpu_q=1 gpu_total_us=4633 gpu_prepass_us=0 gpu_main_us=4633 gpu_composite_us=0 gpu_blit_us=0
[frust INFO] frust-perf img skipped=0 evicted=3 resident=60 budget=1024x1024x4
[frust INFO] frust-perf raw n=1233 total_us=17058 rebuild_us=454 layout_us=26 paint_us=29 encode_us=9 acquire_us=11701 submit_us=4836 skipped=0 gpu_q=1 gpu_total_us=4610 gpu_prepass_us=0 gpu_main_us=4610 gpu_composite_us=0 gpu_blit_us=0
[frust INFO] frust-perf img skipped=0 evicted=4 resident=60 budget=1024x1024x4
[frust INFO] frust-perf raw n=1234 total_us=17542 rebuild_us=468 layout_us=22 paint_us=35 encode_us=9 acquire_us=11776 submit_us=5230 skipped=0 gpu_q=1 gpu_total_us=4589 gpu_prepass_us=0 gpu_main_us=4589 gpu_composite_us=0 gpu_blit_us=0
[frust INFO] frust-perf img skipped=0 evicted=3 resident=60 budget=1024x1024x4
[frust INFO] frust-perf raw n=1235 total_us=17076 rebuild_us=458 layout_us=23 paint_us=34 encode_us=9 acquire_us=11602 submit_us=4947 skipped=0 gpu_q=1 gpu_total_us=4650 gpu_prepass_us=0 gpu_main_us=4650 gpu_composite_us=0 gpu_blit_us=0
[frust INFO] frust-perf img skipped=0 evicted=3 resident=60 budget=1024x1024x4
[frust INFO] frust-perf raw n=1236 total_us=16886 rebuild_us=506 layout_us=22 paint_us=34 encode_us=10 acquire_us=11404 submit_us=4908 skipped=0 gpu_q=1 gpu_total_us=4661 gpu_prepass_us=0 gpu_main_us=4661 gpu_composite_us=0 gpu_blit_us=0
[frust INFO] frust-perf img skipped=0 evicted=3 resident=60 budget=1024x1024x4
[frust INFO] frust-perf raw n=1237 total_us=17067 rebuild_us=491 layout_us=19 paint_us=33 encode_us=10 acquire_us=11667 submit_us=4844 skipped=0 gpu_q=1 gpu_total_us=4646 gpu_prepass_us=0 gpu_main_us=4646 gpu_composite_us=0 gpu_blit_us=0
[frust INFO] frust-perf img skipped=0 evicted=3 resident=60 budget=1024x1024x4
[frust INFO] frust-perf raw n=1238 total_us=17107 rebuild_us=484 layout_us=17 paint_us=27 encode_us=9 acquire_us=11707 submit_us=4860 skipped=0 gpu_q=1 gpu_total_us=4643 gpu_prepass_us=0 gpu_main_us=4643 gpu_composite_us=0 gpu_blit_us=0
[frust INFO] frust-perf img skipped=0 evicted=4 resident=60 budget=1024x1024x4
[frust INFO] frust-perf raw n=1239 total_us=17552 rebuild_us=488 layout_us=26 paint_us=33 encode_us=10 acquire_us=11833 submit_us=5159 skipped=0 gpu_q=1 gpu_total_us=4609 gpu_prepass_us=0 gpu_main_us=4609 gpu_composite_us=0 gpu_blit_us=0
[frust INFO] frust-perf img skipped=0 evicted=3 resident=60 budget=1024x1024x4
[frust INFO] frust-perf raw n=1240 total_us=16701 rebuild_us=436 layout_us=22 paint_us=29 encode_us=13 acquire_us=11366 submit_us=4833 skipped=0 gpu_q=1 gpu_total_us=4626 gpu_prepass_us=0 gpu_main_us=4626 gpu_composite_us=0 gpu_blit_us=0
[frust INFO] frust-perf img skipped=0 evicted=3 resident=60 budget=1024x1024x4
[frust INFO] frust-perf raw n=1241 total_us=17238 rebuild_us=462 layout_us=26 paint_us=40 encode_us=10 acquire_us=11797 submit_us=4901 skipped=0 gpu_q=1 gpu_total_us=4652 gpu_prepass_us=0 gpu_main_us=4652 gpu_composite_us=0 gpu_blit_us=0
[frust INFO] frust-perf img skipped=0 evicted=3 resident=60 budget=1024x1024x4
[frust INFO] frust-perf raw n=1242 total_us=17332 rebuild_us=539 layout_us=29 paint_us=34 encode_us=9 acquire_us=11713 submit_us=5006 skipped=0 gpu_q=1 gpu_total_us=4663 gpu_prepass_us=0 gpu_main_us=4663 gpu_composite_us=0 gpu_blit_us=0
[frust INFO] frust-perf img skipped=0 evicted=3 resident=60 budget=1024x1024x4
[frust INFO] frust-perf raw n=1243 total_us=16942 rebuild_us=518 layout_us=19 paint_us=37 encode_us=9 acquire_us=11588 submit_us=4768 skipped=0 gpu_q=1 gpu_total_us=4595 gpu_prepass_us=0 gpu_main_us=4595 gpu_composite_us=0 gpu_blit_us=0
[frust INFO] frust-perf img skipped=0 evicted=3 resident=60 budget=1024x1024x4
[frust INFO] frust-perf raw n=1244 total_us=17162 rebuild_us=499 layout_us=26 paint_us=32 encode_us=14 acquire_us=11856 submit_us=4732 skipped=0 gpu_q=1 gpu_total_us=4555 gpu_prepass_us=0 gpu_main_us=4555 gpu_composite_us=0 gpu_blit_us=0
[frust INFO] frust-perf img skipped=0 evicted=4 resident=60 budget=1024x1024x4
[frust INFO] frust-perf raw n=1245 total_us=17926 rebuild_us=479 layout_us=19 paint_us=33 encode_us=13 acquire_us=12042 submit_us=5337 skipped=0 gpu_q=1 gpu_total_us=4644 gpu_prepass_us=0 gpu_main_us=4644 gpu_composite_us=0 gpu_blit_us=0
[frust INFO] frust-perf img skipped=0 evicted=3 resident=60 budget=1024x1024x4
[frust INFO] frust-perf raw n=1246 total_us=16786 rebuild_us=465 layout_us=18 paint_us=34 encode_us=14 acquire_us=11127 submit_us=5125 skipped=0 gpu_q=1 gpu_total_us=4717 gpu_prepass_us=0 gpu_main_us=4717 gpu_composite_us=0 gpu_blit_us=0
[frust INFO] frust-perf img skipped=0 evicted=3 resident=60 budget=1024x1024x4
[frust INFO] frust-perf raw n=1247 total_us=16872 rebuild_us=489 layout_us=28 paint_us=30 encode_us=9 acquire_us=11451 submit_us=4863 skipped=0 gpu_q=1 gpu_total_us=4639 gpu_prepass_us=0 gpu_main_us=4639 gpu_composite_us=0 gpu_blit_us=0
[frust INFO] frust-perf img skipped=0 evicted=3 resident=60 budget=1024x1024x4
[frust INFO] frust-perf raw n=1248 total_us=17076 rebuild_us=487 layout_us=23 paint_us=33 encode_us=9 acquire_us=11673 submit_us=4849 skipped=0 gpu_q=1 gpu_total_us=4591 gpu_prepass_us=0 gpu_main_us=4591 gpu_composite_us=0 gpu_blit_us=0
[frust INFO] frust-perf img skipped=0 evicted=3 resident=60 budget=1024x1024x4
[frust INFO] frust-perf raw n=1249 total_us=17437 rebuild_us=495 layout_us=21 paint_us=34 encode_us=10 acquire_us=11895 submit_us=4980 skipped=0 gpu_q=1 gpu_total_us=4594 gpu_prepass_us=0 gpu_main_us=4594 gpu_composite_us=0 gpu_blit_us=0
[frust INFO] frust-perf img skipped=0 evicted=4 resident=60 budget=1024x1024x4
[frust INFO] frust-perf raw n=1250 total_us=17508 rebuild_us=516 layout_us=23 paint_us=40 encode_us=10 acquire_us=11467 submit_us=5450 skipped=0 gpu_q=1 gpu_total_us=4720 gpu_prepass_us=0 gpu_main_us=4720 gpu_composite_us=0 gpu_blit_us=0
[frust INFO] frust-perf img skipped=0 evicted=3 resident=60 budget=1024x1024x4
[frust INFO] frust-perf raw n=1251 total_us=16987 rebuild_us=520 layout_us=26 paint_us=28 encode_us=10 acquire_us=11167 submit_us=5235 skipped=0 gpu_q=1 gpu_total_us=4668 gpu_prepass_us=0 gpu_main_us=4668 gpu_composite_us=0 gpu_blit_us=0
[frust INFO] frust-perf img skipped=0 evicted=3 resident=60 budget=1024x1024x4
[frust INFO] frust-perf raw n=1252 total_us=17025 rebuild_us=542 layout_us=21 paint_us=41 encode_us=9 acquire_us=11332 submit_us=5079 skipped=0 gpu_q=1 gpu_total_us=4717 gpu_prepass_us=0 gpu_main_us=4717 gpu_composite_us=0 gpu_blit_us=0
[frust INFO] frust-perf img skipped=0 evicted=3 resident=60 budget=1024x1024x4
[frust INFO] frust-perf raw n=1253 total_us=17414 rebuild_us=516 layout_us=26 paint_us=37 encode_us=9 acquire_us=11640 submit_us=5183 skipped=0 gpu_q=1 gpu_total_us=4611 gpu_prepass_us=0 gpu_main_us=4611 gpu_composite_us=0 gpu_blit_us=0
[frust INFO] frust-perf img skipped=0 evicted=3 resident=60 budget=1024x1024x4
[frust INFO] frust-perf raw n=1254 total_us=17063 rebuild_us=500 layout_us=27 paint_us=42 encode_us=10 acquire_us=11365 submit_us=5116 skipped=0 gpu_q=1 gpu_total_us=4628 gpu_prepass_us=0 gpu_main_us=4628 gpu_composite_us=0 gpu_blit_us=0
[frust INFO] frust-perf img skipped=0 evicted=4 resident=60 budget=1024x1024x4
[frust INFO] frust-perf raw n=1255 total_us=18168 rebuild_us=525 layout_us=25 paint_us=36 encode_us=9 acquire_us=11799 submit_us=5772 skipped=0 gpu_q=1 gpu_total_us=4635 gpu_prepass_us=0 gpu_main_us=4635 gpu_composite_us=0 gpu_blit_us=0
[frust INFO] frust-perf img skipped=0 evicted=3 resident=60 budget=1024x1024x4
[frust INFO] frust-perf raw n=1256 total_us=15993 rebuild_us=532 layout_us=21 paint_us=33 encode_us=15 acquire_us=10552 submit_us=4837 skipped=0 gpu_q=1 gpu_total_us=4649 gpu_prepass_us=0 gpu_main_us=4649 gpu_composite_us=0 gpu_blit_us=0
[frust INFO] frust-perf img skipped=0 evicted=3 resident=60 budget=1024x1024x4
[frust INFO] frust-perf raw n=1257 total_us=16825 rebuild_us=542 layout_us=22 paint_us=34 encode_us=10 acquire_us=11692 submit_us=4523 skipped=0 gpu_q=1 gpu_total_us=4693 gpu_prepass_us=0 gpu_main_us=4693 gpu_composite_us=0 gpu_blit_us=0
[frust INFO] frust-perf img skipped=0 evicted=3 resident=60 budget=1024x1024x4
[frust INFO] frust-perf raw n=1258 total_us=17175 rebuild_us=529 layout_us=27 paint_us=33 encode_us=10 acquire_us=12119 submit_us=4454 skipped=0 gpu_q=1 gpu_total_us=4722 gpu_prepass_us=0 gpu_main_us=4722 gpu_composite_us=0 gpu_blit_us=0
[frust INFO] frust-perf img skipped=0 evicted=3 resident=60 budget=1024x1024x4
[frust INFO] frust-perf raw n=1259 total_us=17987 rebuild_us=591 layout_us=21 paint_us=27 encode_us=5 acquire_us=12161 submit_us=5179 skipped=0 gpu_q=1 gpu_total_us=4600 gpu_prepass_us=0 gpu_main_us=4600 gpu_composite_us=0 gpu_blit_us=0
[frust INFO] frust-perf img skipped=0 evicted=4 resident=60 budget=1024x1024x4
[frust INFO] frust-perf enc n=1260 w=60 validate_us=3.5 prepare_us=5.3 classify_us=12.3 admit_us=0.3 walk_us=1424.5 glyphs_us=109.6 finish_us=3.4 compile_us=1506.5 schedule_us=4.8 paints_us=18.4 instances_us=79.0 resize_us=3.3 upload_us=1827.7 replay_us=0.8 pipelines_us=21.5 record_us=39.3 total_us=3497.0 total_p95_us=4313.0 draws=29 strips=2111 alphas=51696 glyph_draws=17 atlas_glyphs=17
[frust INFO] frust-perf raw n=1260 total_us=17319 rebuild_us=555 layout_us=24 paint_us=40 encode_us=11 acquire_us=11362 submit_us=5325 skipped=0 gpu_q=1 gpu_total_us=4596 gpu_prepass_us=0 gpu_main_us=4596 gpu_composite_us=0 gpu_blit_us=0
[frust INFO] frust-perf img skipped=0 evicted=3 resident=60 budget=1024x1024x4
[frust INFO] frust-perf raw n=1261 total_us=16741 rebuild_us=422 layout_us=25 paint_us=31 encode_us=14 acquire_us=11338 submit_us=4909 skipped=0 gpu_q=1 gpu_total_us=4629 gpu_prepass_us=0 gpu_main_us=4629 gpu_composite_us=0 gpu_blit_us=0
[frust INFO] frust-perf img skipped=0 evicted=3 resident=60 budget=1024x1024x4
[frust INFO] frust-perf raw n=1262 total_us=17115 rebuild_us=465 layout_us=26 paint_us=33 encode_us=8 acquire_us=11706 submit_us=4874 skipped=0 gpu_q=1 gpu_total_us=4555 gpu_prepass_us=0 gpu_main_us=4555 gpu_composite_us=0 gpu_blit_us=0
[frust INFO] frust-perf img skipped=0 evicted=3 resident=60 budget=1024x1024x4
[frust INFO] frust-perf raw n=1263 total_us=17083 rebuild_us=487 layout_us=24 paint_us=29 encode_us=9 acquire_us=11753 submit_us=4778 skipped=0 gpu_q=1 gpu_total_us=4640 gpu_prepass_us=0 gpu_main_us=4640 gpu_composite_us=0 gpu_blit_us=0
[frust INFO] frust-perf img skipped=0 evicted=3 resident=60 budget=1024x1024x4
[frust INFO] frust-perf raw n=1264 total_us=17235 rebuild_us=429 layout_us=24 paint_us=31 encode_us=13 acquire_us=11766 submit_us=4970 skipped=0 gpu_q=1 gpu_total_us=4630 gpu_prepass_us=0 gpu_main_us=4630 gpu_composite_us=0 gpu_blit_us=0
[frust INFO] frust-perf img skipped=0 evicted=4 resident=60 budget=1024x1024x4
[frust INFO] frust-perf raw n=1265 total_us=18040 rebuild_us=508 layout_us=26 paint_us=38 encode_us=10 acquire_us=11606 submit_us=5849 skipped=0 gpu_q=1 gpu_total_us=4607 gpu_prepass_us=0 gpu_main_us=4607 gpu_composite_us=0 gpu_blit_us=0
[frust INFO] frust-perf img skipped=0 evicted=3 resident=60 budget=1024x1024x4
[frust INFO] frust-perf raw n=1266 total_us=15681 rebuild_us=496 layout_us=23 paint_us=30 encode_us=10 acquire_us=10807 submit_us=4312 skipped=0 gpu_q=1 gpu_total_us=4630 gpu_prepass_us=0 gpu_main_us=4630 gpu_composite_us=0 gpu_blit_us=0
[frust INFO] frust-perf img skipped=0 evicted=3 resident=60 budget=1024x1024x4
[frust INFO] frust-perf raw n=1267 total_us=17926 rebuild_us=493 layout_us=26 paint_us=27 encode_us=7 acquire_us=12342 submit_us=5030 skipped=0 gpu_q=1 gpu_total_us=4721 gpu_prepass_us=0 gpu_main_us=4721 gpu_composite_us=0 gpu_blit_us=0
[frust INFO] frust-perf img skipped=0 evicted=3 resident=60 budget=1024x1024x4
[frust INFO] frust-perf raw n=1268 total_us=17086 rebuild_us=520 layout_us=23 paint_us=38 encode_us=5 acquire_us=11648 submit_us=4850 skipped=0 gpu_q=1 gpu_total_us=4645 gpu_prepass_us=0 gpu_main_us=4645 gpu_composite_us=0 gpu_blit_us=0
[frust INFO] frust-perf img skipped=0 evicted=3 resident=60 budget=1024x1024x4
[frust INFO] frust-perf raw n=1269 total_us=17017 rebuild_us=518 layout_us=25 paint_us=32 encode_us=13 acquire_us=11671 submit_us=4755 skipped=0 gpu_q=1 gpu_total_us=4643 gpu_prepass_us=0 gpu_main_us=4643 gpu_composite_us=0 gpu_blit_us=0
[frust INFO] frust-perf img skipped=0 evicted=4 resident=60 budget=1024x1024x4
[frust INFO] frust-perf raw n=1270 total_us=17811 rebuild_us=488 layout_us=18 paint_us=25 encode_us=9 acquire_us=11839 submit_us=5429 skipped=0 gpu_q=1 gpu_total_us=4552 gpu_prepass_us=0 gpu_main_us=4552 gpu_composite_us=0 gpu_blit_us=0
[frust INFO] frust-perf img skipped=0 evicted=3 resident=60 budget=1024x1024x4
[frust INFO] frust-perf raw n=1271 total_us=16049 rebuild_us=484 layout_us=21 paint_us=30 encode_us=9 acquire_us=11102 submit_us=4400 skipped=0 gpu_q=1 gpu_total_us=4532 gpu_prepass_us=0 gpu_main_us=4532 gpu_composite_us=0 gpu_blit_us=0
[frust INFO] frust-perf img skipped=0 evicted=3 resident=60 budget=1024x1024x4
[frust INFO] frust-perf raw n=1272 total_us=18006 rebuild_us=493 layout_us=26 paint_us=30 encode_us=6 acquire_us=12393 submit_us=5056 skipped=0 gpu_q=1 gpu_total_us=4641 gpu_prepass_us=0 gpu_main_us=4641 gpu_composite_us=0 gpu_blit_us=0
[frust INFO] frust-perf img skipped=0 evicted=3 resident=60 budget=1024x1024x4
[frust INFO] frust-perf raw n=1273 total_us=16896 rebuild_us=530 layout_us=26 paint_us=34 encode_us=14 acquire_us=11411 submit_us=4879 skipped=0 gpu_q=1 gpu_total_us=4676 gpu_prepass_us=0 gpu_main_us=4676 gpu_composite_us=0 gpu_blit_us=0
[frust INFO] frust-perf img skipped=0 evicted=3 resident=60 budget=1024x1024x4
[frust INFO] frust-perf raw n=1274 total_us=17333 rebuild_us=473 layout_us=24 paint_us=30 encode_us=6 acquire_us=11963 submit_us=4835 skipped=0 gpu_q=1 gpu_total_us=4639 gpu_prepass_us=0 gpu_main_us=4639 gpu_composite_us=0 gpu_blit_us=0
[frust INFO] frust-perf img skipped=0 evicted=4 resident=60 budget=1024x1024x4
[frust INFO] frust-perf raw n=1275 total_us=17703 rebuild_us=594 layout_us=19 paint_us=29 encode_us=6 acquire_us=11706 submit_us=5346 skipped=0 gpu_q=1 gpu_total_us=4543 gpu_prepass_us=0 gpu_main_us=4543 gpu_composite_us=0 gpu_blit_us=0
[frust INFO] frust-perf img skipped=0 evicted=3 resident=60 budget=1024x1024x4
[frust INFO] frust-perf raw n=1276 total_us=16562 rebuild_us=591 layout_us=25 paint_us=38 encode_us=6 acquire_us=11306 submit_us=4592 skipped=0 gpu_q=1 gpu_total_us=4701 gpu_prepass_us=0 gpu_main_us=4701 gpu_composite_us=0 gpu_blit_us=0
[frust INFO] frust-perf img skipped=0 evicted=3 resident=60 budget=1024x1024x4
[frust INFO] frust-perf raw n=1277 total_us=17508 rebuild_us=618 layout_us=24 paint_us=36 encode_us=7 acquire_us=11982 submit_us=4838 skipped=0 gpu_q=1 gpu_total_us=4662 gpu_prepass_us=0 gpu_main_us=4662 gpu_composite_us=0 gpu_blit_us=0
[frust INFO] frust-perf img skipped=0 evicted=3 resident=60 budget=1024x1024x4
[frust INFO] frust-perf raw n=1278 total_us=16993 rebuild_us=526 layout_us=22 paint_us=32 encode_us=11 acquire_us=11830 submit_us=4569 skipped=0 gpu_q=1 gpu_total_us=4528 gpu_prepass_us=0 gpu_main_us=4528 gpu_composite_us=0 gpu_blit_us=0
[frust INFO] frust-perf img skipped=0 evicted=3 resident=60 budget=1024x1024x4
[frust INFO] frust-perf raw n=1279 total_us=17168 rebuild_us=498 layout_us=26 paint_us=30 encode_us=7 acquire_us=11998 submit_us=4607 skipped=0 gpu_q=1 gpu_total_us=4536 gpu_prepass_us=0 gpu_main_us=4536 gpu_composite_us=0 gpu_blit_us=0
[frust INFO] frust-perf img skipped=0 evicted=4 resident=60 budget=1024x1024x4
[frust INFO] frust-perf raw n=1280 total_us=17974 rebuild_us=506 layout_us=24 paint_us=32 encode_us=7 acquire_us=12003 submit_us=5400 skipped=0 gpu_q=1 gpu_total_us=4481 gpu_prepass_us=0 gpu_main_us=4481 gpu_composite_us=0 gpu_blit_us=0
[frust INFO] frust-perf img skipped=0 evicted=3 resident=60 budget=1024x1024x4
[frust INFO] frust-perf raw n=1281 total_us=16471 rebuild_us=527 layout_us=24 paint_us=38 encode_us=6 acquire_us=11208 submit_us=4665 skipped=0 gpu_q=1 gpu_total_us=4606 gpu_prepass_us=0 gpu_main_us=4606 gpu_composite_us=0 gpu_blit_us=0
[frust INFO] frust-perf img skipped=0 evicted=3 resident=60 budget=1024x1024x4
[frust INFO] frust-perf raw n=1282 total_us=17695 rebuild_us=538 layout_us=20 paint_us=25 encode_us=6 acquire_us=11959 submit_us=5145 skipped=0 gpu_q=1 gpu_total_us=4703 gpu_prepass_us=0 gpu_main_us=4703 gpu_composite_us=0 gpu_blit_us=0
[frust INFO] frust-perf img skipped=0 evicted=3 resident=60 budget=1024x1024x4
[frust INFO] frust-perf raw n=1283 total_us=16758 rebuild_us=505 layout_us=24 paint_us=28 encode_us=12 acquire_us=11465 submit_us=4722 skipped=0 gpu_q=1 gpu_total_us=4552 gpu_prepass_us=0 gpu_main_us=4552 gpu_composite_us=0 gpu_blit_us=0
[frust INFO] frust-perf img skipped=0 evicted=3 resident=60 budget=1024x1024x4
[frust INFO] frust-perf raw n=1284 total_us=17184 rebuild_us=469 layout_us=23 paint_us=30 encode_us=9 acquire_us=11862 submit_us=4789 skipped=0 gpu_q=1 gpu_total_us=4690 gpu_prepass_us=0 gpu_main_us=4690 gpu_composite_us=0 gpu_blit_us=0
[frust INFO] frust-perf img skipped=0 evicted=4 resident=60 budget=1024x1024x4
[frust INFO] frust-perf raw n=1285 total_us=17567 rebuild_us=427 layout_us=25 paint_us=29 encode_us=9 acquire_us=11809 submit_us=5266 skipped=0 gpu_q=1 gpu_total_us=4525 gpu_prepass_us=0 gpu_main_us=4525 gpu_composite_us=0 gpu_blit_us=0
[frust INFO] frust-perf img skipped=0 evicted=3 resident=60 budget=1024x1024x4
[frust INFO] frust-perf raw n=1286 total_us=16739 rebuild_us=490 layout_us=20 paint_us=32 encode_us=6 acquire_us=11714 submit_us=4473 skipped=0 gpu_q=1 gpu_total_us=4681 gpu_prepass_us=0 gpu_main_us=4681 gpu_composite_us=0 gpu_blit_us=0
[frust INFO] frust-perf img skipped=0 evicted=3 resident=60 budget=1024x1024x4
[frust INFO] frust-perf raw n=1287 total_us=17462 rebuild_us=566 layout_us=23 paint_us=33 encode_us=6 acquire_us=11817 submit_us=5015 skipped=0 gpu_q=1 gpu_total_us=4621 gpu_prepass_us=0 gpu_main_us=4621 gpu_composite_us=0 gpu_blit_us=0
[frust INFO] frust-perf img skipped=0 evicted=3 resident=60 budget=1024x1024x4
[frust INFO] frust-perf raw n=1288 total_us=16993 rebuild_us=527 layout_us=23 paint_us=31 encode_us=14 acquire_us=11680 submit_us=4715 skipped=0 gpu_q=1 gpu_total_us=4672 gpu_prepass_us=0 gpu_main_us=4672 gpu_composite_us=0 gpu_blit_us=0
[frust INFO] frust-perf img skipped=0 evicted=3 resident=60 budget=1024x1024x4
[frust INFO] frust-perf raw n=1289 total_us=16819 rebuild_us=459 layout_us=23 paint_us=26 encode_us=9 acquire_us=11799 submit_us=4501 skipped=0 gpu_q=1 gpu_total_us=4712 gpu_prepass_us=0 gpu_main_us=4712 gpu_composite_us=0 gpu_blit_us=0
[frust INFO] frust-perf img skipped=0 evicted=4 resident=60 budget=1024x1024x4
[frust INFO] frust-perf raw n=1290 total_us=17784 rebuild_us=425 layout_us=26 paint_us=30 encode_us=9 acquire_us=12033 submit_us=5259 skipped=0 gpu_q=1 gpu_total_us=4488 gpu_prepass_us=0 gpu_main_us=4488 gpu_composite_us=0 gpu_blit_us=0
[frust INFO] frust-perf img skipped=0 evicted=3 resident=60 budget=1024x1024x4
[frust INFO] frust-perf raw n=1291 total_us=17140 rebuild_us=491 layout_us=22 paint_us=27 encode_us=10 acquire_us=11604 submit_us=4984 skipped=0 gpu_q=1 gpu_total_us=4629 gpu_prepass_us=0 gpu_main_us=4629 gpu_composite_us=0 gpu_blit_us=0
[frust INFO] frust-perf img skipped=0 evicted=3 resident=60 budget=1024x1024x4
[frust INFO] frust-perf raw n=1292 total_us=16857 rebuild_us=450 layout_us=20 paint_us=32 encode_us=9 acquire_us=11372 submit_us=4971 skipped=0 gpu_q=1 gpu_total_us=4602 gpu_prepass_us=0 gpu_main_us=4602 gpu_composite_us=0 gpu_blit_us=0
[frust INFO] frust-perf frame n=120 total_p50_ms=17 total_p95_ms=18 total_p99_ms=18 rebuild_p95_ms=0 layout_p95_ms=0 paint_p95_ms=0 encode_p95_ms=0 acquire_p95_ms=12 submit_p95_ms=5 over_60hz=1102 over_120hz=1290 skipped=0 total_frames=1292
[frust INFO] frust-perf img skipped=0 evicted=3 resident=60 budget=1024x1024x4
[frust INFO] frust-perf raw n=1293 total_us=17089 rebuild_us=505 layout_us=27 paint_us=32 encode_us=11 acquire_us=11567 submit_us=4946 skipped=0 gpu_q=1 gpu_total_us=4664 gpu_prepass_us=0 gpu_main_us=4664 gpu_composite_us=0 gpu_blit_us=0
[frust INFO] frust-perf img skipped=0 evicted=3 resident=60 budget=1024x1024x4
[frust INFO] frust-perf raw n=1294 total_us=17029 rebuild_us=475 layout_us=26 paint_us=33 encode_us=13 acquire_us=11665 submit_us=4815 skipped=0 gpu_q=1 gpu_total_us=4630 gpu_prepass_us=0 gpu_main_us=4630 gpu_composite_us=0 gpu_blit_us=0
[frust INFO] frust-perf img skipped=0 evicted=3 resident=60 budget=1024x1024x4
[frust INFO] frust-perf raw n=1295 total_us=17137 rebuild_us=484 layout_us=17 paint_us=35 encode_us=10 acquire_us=11694 submit_us=4895 skipped=0 gpu_q=1 gpu_total_us=4631 gpu_prepass_us=0 gpu_main_us=4631 gpu_composite_us=0 gpu_blit_us=0
[frust INFO] frust-perf img skipped=0 evicted=4 resident=60 budget=1024x1024x4
[frust INFO] frust-perf raw n=1296 total_us=17771 rebuild_us=488 layout_us=26 paint_us=32 encode_us=14 acquire_us=11812 submit_us=5397 skipped=0 gpu_q=1 gpu_total_us=4668 gpu_prepass_us=0 gpu_main_us=4668 gpu_composite_us=0 gpu_blit_us=0
[frust INFO] frust-perf img skipped=0 evicted=3 resident=60 budget=1024x1024x4
[frust INFO] frust-perf raw n=1297 total_us=16624 rebuild_us=480 layout_us=21 paint_us=33 encode_us=9 acquire_us=11191 submit_us=4886 skipped=0 gpu_q=1 gpu_total_us=4607 gpu_prepass_us=0 gpu_main_us=4607 gpu_composite_us=0 gpu_blit_us=0
[frust INFO] frust-perf img skipped=0 evicted=3 resident=60 budget=1024x1024x4
[frust INFO] frust-perf raw n=1298 total_us=17045 rebuild_us=536 layout_us=26 paint_us=41 encode_us=9 acquire_us=11656 submit_us=4775 skipped=0 gpu_q=1 gpu_total_us=4667 gpu_prepass_us=0 gpu_main_us=4667 gpu_composite_us=0 gpu_blit_us=0
[frust INFO] frust-perf img skipped=0 evicted=3 resident=60 budget=1024x1024x4
[frust INFO] frust-perf raw n=1299 total_us=17273 rebuild_us=503 layout_us=25 paint_us=30 encode_us=9 acquire_us=11834 submit_us=4868 skipped=0 gpu_q=1 gpu_total_us=4585 gpu_prepass_us=0 gpu_main_us=4585 gpu_composite_us=0 gpu_blit_us=0
[frust INFO] frust-perf img skipped=0 evicted=3 resident=60 budget=1024x1024x4
[frust INFO] frust-perf raw n=1300 total_us=17106 rebuild_us=472 layout_us=26 paint_us=32 encode_us=10 acquire_us=11786 submit_us=4777 skipped=0 gpu_q=1 gpu_total_us=4643 gpu_prepass_us=0 gpu_main_us=4643 gpu_composite_us=0 gpu_blit_us=0
[frust INFO] frust-perf img skipped=0 evicted=4 resident=60 budget=1024x1024x4
[frust INFO] frust-perf raw n=1301 total_us=17821 rebuild_us=480 layout_us=21 paint_us=32 encode_us=9 acquire_us=11754 submit_us=5523 skipped=0 gpu_q=1 gpu_total_us=4707 gpu_prepass_us=0 gpu_main_us=4707 gpu_composite_us=0 gpu_blit_us=0
[frust INFO] frust-perf img skipped=0 evicted=3 resident=60 budget=1024x1024x4
[frust INFO] frust-perf raw n=1302 total_us=16392 rebuild_us=467 layout_us=24 paint_us=26 encode_us=9 acquire_us=11161 submit_us=4701 skipped=0 gpu_q=1 gpu_total_us=4618 gpu_prepass_us=0 gpu_main_us=4618 gpu_composite_us=0 gpu_blit_us=0
[frust INFO] frust-perf img skipped=0 evicted=3 resident=60 budget=1024x1024x4
[frust INFO] frust-perf raw n=1303 total_us=17302 rebuild_us=447 layout_us=26 paint_us=33 encode_us=9 acquire_us=11841 submit_us=4944 skipped=0 gpu_q=1 gpu_total_us=4619 gpu_prepass_us=0 gpu_main_us=4619 gpu_composite_us=0 gpu_blit_us=0
[frust INFO] frust-perf img skipped=0 evicted=3 resident=60 budget=1024x1024x4
[frust INFO] frust-perf raw n=1304 total_us=17104 rebuild_us=476 layout_us=18 paint_us=33 encode_us=10 acquire_us=11634 submit_us=4931 skipped=0 gpu_q=1 gpu_total_us=4655 gpu_prepass_us=0 gpu_main_us=4655 gpu_composite_us=0 gpu_blit_us=0
[frust INFO] frust-perf img skipped=0 evicted=3 resident=60 budget=1024x1024x4
[frust INFO] frust-perf raw n=1305 total_us=16876 rebuild_us=485 layout_us=21 paint_us=34 encode_us=13 acquire_us=11639 submit_us=4681 skipped=0 gpu_q=1 gpu_total_us=4600 gpu_prepass_us=0 gpu_main_us=4600 gpu_composite_us=0 gpu_blit_us=0
[frust INFO] frust-perf img skipped=0 evicted=4 resident=60 budget=1024x1024x4
[frust INFO] frust-perf raw n=1306 total_us=17906 rebuild_us=480 layout_us=25 paint_us=34 encode_us=9 acquire_us=11950 submit_us=5406 skipped=0 gpu_q=1 gpu_total_us=4664 gpu_prepass_us=0 gpu_main_us=4664 gpu_composite_us=0 gpu_blit_us=0
[frust INFO] frust-perf img skipped=0 evicted=3 resident=60 budget=1024x1024x4
[frust INFO] frust-perf raw n=1307 total_us=16759 rebuild_us=499 layout_us=18 paint_us=33 encode_us=13 acquire_us=11293 submit_us=4901 skipped=0 gpu_q=1 gpu_total_us=4637 gpu_prepass_us=0 gpu_main_us=4637 gpu_composite_us=0 gpu_blit_us=0
[frust INFO] frust-perf img skipped=0 evicted=3 resident=60 budget=1024x1024x4
[frust INFO] frust-perf raw n=1308 total_us=17032 rebuild_us=487 layout_us=25 paint_us=33 encode_us=14 acquire_us=11594 submit_us=4876 skipped=0 gpu_q=1 gpu_total_us=4638 gpu_prepass_us=0 gpu_main_us=4638 gpu_composite_us=0 gpu_blit_us=0
[frust INFO] frust-perf img skipped=0 evicted=3 resident=60 budget=1024x1024x4
[frust INFO] frust-perf raw n=1309 total_us=17071 rebuild_us=483 layout_us=25 paint_us=34 encode_us=13 acquire_us=11737 submit_us=4777 skipped=0 gpu_q=1 gpu_total_us=4626 gpu_prepass_us=0 gpu_main_us=4626 gpu_composite_us=0 gpu_blit_us=0
[frust INFO] frust-perf img skipped=0 evicted=3 resident=60 budget=1024x1024x4
[frust INFO] frust-perf raw n=1310 total_us=17443 rebuild_us=483 layout_us=21 paint_us=33 encode_us=13 acquire_us=11889 submit_us=5002 skipped=0 gpu_q=1 gpu_total_us=4605 gpu_prepass_us=0 gpu_main_us=4605 gpu_composite_us=0 gpu_blit_us=0
[frust INFO] frust-perf img skipped=0 evicted=4 resident=60 budget=1024x1024x4
[frust INFO] frust-perf raw n=1311 total_us=17500 rebuild_us=495 layout_us=18 paint_us=38 encode_us=10 acquire_us=11507 submit_us=5430 skipped=0 gpu_q=1 gpu_total_us=4611 gpu_prepass_us=0 gpu_main_us=4611 gpu_composite_us=0 gpu_blit_us=0
[frust INFO] frust-perf img skipped=0 evicted=3 resident=60 budget=1024x1024x4
[frust INFO] frust-perf raw n=1312 total_us=16471 rebuild_us=502 layout_us=24 paint_us=32 encode_us=10 acquire_us=11214 submit_us=4687 skipped=0 gpu_q=1 gpu_total_us=4649 gpu_prepass_us=0 gpu_main_us=4649 gpu_composite_us=0 gpu_blit_us=0
[frust INFO] frust-perf img skipped=0 evicted=3 resident=60 budget=1024x1024x4
[frust INFO] frust-perf raw n=1313 total_us=17268 rebuild_us=514 layout_us=27 paint_us=33 encode_us=9 acquire_us=11872 submit_us=4809 skipped=0 gpu_q=1 gpu_total_us=4628 gpu_prepass_us=0 gpu_main_us=4628 gpu_composite_us=0 gpu_blit_us=0
[frust INFO] frust-perf img skipped=0 evicted=3 resident=60 budget=1024x1024x4
[frust INFO] frust-perf raw n=1314 total_us=17230 rebuild_us=497 layout_us=24 paint_us=34 encode_us=10 acquire_us=11738 submit_us=4923 skipped=0 gpu_q=1 gpu_total_us=4648 gpu_prepass_us=0 gpu_main_us=4648 gpu_composite_us=0 gpu_blit_us=0
[frust INFO] frust-perf img skipped=0 evicted=3 resident=60 budget=1024x1024x4
[frust INFO] frust-perf raw n=1315 total_us=17266 rebuild_us=494 layout_us=26 paint_us=32 encode_us=13 acquire_us=11746 submit_us=4952 skipped=0 gpu_q=1 gpu_total_us=4627 gpu_prepass_us=0 gpu_main_us=4627 gpu_composite_us=0 gpu_blit_us=0
[frust INFO] frust-perf img skipped=0 evicted=4 resident=60 budget=1024x1024x4
[frust INFO] frust-perf raw n=1316 total_us=17617 rebuild_us=493 layout_us=22 paint_us=33 encode_us=10 acquire_us=11647 submit_us=5409 skipped=0 gpu_q=1 gpu_total_us=4735 gpu_prepass_us=0 gpu_main_us=4735 gpu_composite_us=0 gpu_blit_us=0
[frust INFO] frust-perf img skipped=0 evicted=3 resident=60 budget=1024x1024x4
[frust INFO] frust-perf raw n=1317 total_us=16694 rebuild_us=477 layout_us=23 paint_us=34 encode_us=10 acquire_us=11174 submit_us=4974 skipped=0 gpu_q=1 gpu_total_us=4717 gpu_prepass_us=0 gpu_main_us=4717 gpu_composite_us=0 gpu_blit_us=0
[frust INFO] frust-perf img skipped=0 evicted=3 resident=60 budget=1024x1024x4
[frust INFO] frust-perf raw n=1318 total_us=17209 rebuild_us=481 layout_us=25 paint_us=33 encode_us=13 acquire_us=11648 submit_us=5007 skipped=0 gpu_q=1 gpu_total_us=4663 gpu_prepass_us=0 gpu_main_us=4663 gpu_composite_us=0 gpu_blit_us=0
[frust INFO] frust-perf img skipped=0 evicted=3 resident=60 budget=1024x1024x4
[frust INFO] frust-perf raw n=1319 total_us=16957 rebuild_us=484 layout_us=21 paint_us=34 encode_us=9 acquire_us=11585 submit_us=4821 skipped=0 gpu_q=1 gpu_total_us=4634 gpu_prepass_us=0 gpu_main_us=4634 gpu_composite_us=0 gpu_blit_us=0
[frust INFO] frust-perf img skipped=0 evicted=3 resident=60 budget=1024x1024x4
[frust INFO] frust-perf enc n=1320 w=60 validate_us=3.5 prepare_us=4.5 classify_us=11.0 admit_us=0.3 walk_us=1403.5 glyphs_us=104.4 finish_us=3.1 compile_us=1483.7 schedule_us=4.8 paints_us=18.3 instances_us=76.8 resize_us=3.2 upload_us=1858.5 replay_us=0.8 pipelines_us=20.7 record_us=36.4 total_us=3492.6 total_p95_us=4076.3 draws=29 strips=2111 alphas=51696 glyph_draws=17 atlas_glyphs=17
[frust INFO] frust-perf raw n=1320 total_us=17260 rebuild_us=484 layout_us=21 paint_us=35 encode_us=9 acquire_us=11801 submit_us=4909 skipped=0 gpu_q=1 gpu_total_us=4559 gpu_prepass_us=0 gpu_main_us=4559 gpu_composite_us=0 gpu_blit_us=0
[frust INFO] frust-perf img skipped=0 evicted=4 resident=60 budget=1024x1024x4
[frust INFO] frust-perf raw n=1321 total_us=17644 rebuild_us=470 layout_us=22 paint_us=30 encode_us=9 acquire_us=11647 submit_us=5465 skipped=0 gpu_q=1 gpu_total_us=4605 gpu_prepass_us=0 gpu_main_us=4605 gpu_composite_us=0 gpu_blit_us=0
[frust INFO] frust-perf img skipped=0 evicted=3 resident=60 budget=1024x1024x4
[frust INFO] frust-perf raw n=1322 total_us=16653 rebuild_us=492 layout_us=25 paint_us=29 encode_us=11 acquire_us=11186 submit_us=4909 skipped=0 gpu_q=1 gpu_total_us=4646 gpu_prepass_us=0 gpu_main_us=4646 gpu_composite_us=0 gpu_blit_us=0
[frust INFO] frust-perf img skipped=0 evicted=3 resident=60 budget=1024x1024x4
[frust INFO] frust-perf raw n=1323 total_us=17406 rebuild_us=496 layout_us=28 paint_us=33 encode_us=11 acquire_us=11818 submit_us=5018 skipped=0 gpu_q=1 gpu_total_us=4643 gpu_prepass_us=0 gpu_main_us=4643 gpu_composite_us=0 gpu_blit_us=0
[frust INFO] frust-perf img skipped=0 evicted=3 resident=60 budget=1024x1024x4
[frust INFO] frust-perf raw n=1324 total_us=17164 rebuild_us=489 layout_us=23 paint_us=37 encode_us=11 acquire_us=11462 submit_us=5140 skipped=0 gpu_q=1 gpu_total_us=4654 gpu_prepass_us=0 gpu_main_us=4654 gpu_composite_us=0 gpu_blit_us=0
[frust INFO] frust-perf img skipped=0 evicted=3 resident=60 budget=1024x1024x4
[frust INFO] frust-perf raw n=1325 total_us=17259 rebuild_us=445 layout_us=22 paint_us=31 encode_us=13 acquire_us=11494 submit_us=5251 skipped=0 gpu_q=1 gpu_total_us=4627 gpu_prepass_us=0 gpu_main_us=4627 gpu_composite_us=0 gpu_blit_us=0
[frust INFO] frust-perf img skipped=0 evicted=4 resident=60 budget=1024x1024x4
[frust INFO] frust-perf raw n=1326 total_us=17403 rebuild_us=507 layout_us=22 paint_us=34 encode_us=10 acquire_us=11268 submit_us=5560 skipped=0 gpu_q=1 gpu_total_us=4594 gpu_prepass_us=0 gpu_main_us=4594 gpu_composite_us=0 gpu_blit_us=0
[frust INFO] frust-perf img skipped=0 evicted=3 resident=60 budget=1024x1024x4
[frust INFO] frust-perf raw n=1327 total_us=16704 rebuild_us=520 layout_us=27 paint_us=31 encode_us=11 acquire_us=11237 submit_us=4876 skipped=0 gpu_q=1 gpu_total_us=4627 gpu_prepass_us=0 gpu_main_us=4627 gpu_composite_us=0 gpu_blit_us=0
[frust INFO] frust-perf img skipped=0 evicted=3 resident=60 budget=1024x1024x4
[frust INFO] frust-perf raw n=1328 total_us=17381 rebuild_us=518 layout_us=26 paint_us=32 encode_us=11 acquire_us=11679 submit_us=5112 skipped=0 gpu_q=1 gpu_total_us=4720 gpu_prepass_us=0 gpu_main_us=4720 gpu_composite_us=0 gpu_blit_us=0
[frust INFO] frust-perf img skipped=0 evicted=3 resident=60 budget=1024x1024x4
[frust INFO] frust-perf raw n=1329 total_us=17265 rebuild_us=508 layout_us=27 paint_us=39 encode_us=10 acquire_us=11473 submit_us=5206 skipped=0 gpu_q=1 gpu_total_us=4677 gpu_prepass_us=0 gpu_main_us=4677 gpu_composite_us=0 gpu_blit_us=0
[frust INFO] frust-perf img skipped=0 evicted=3 resident=60 budget=1024x1024x4
[frust INFO] frust-perf raw n=1330 total_us=17223 rebuild_us=543 layout_us=25 paint_us=44 encode_us=10 acquire_us=11337 submit_us=5262 skipped=0 gpu_q=1 gpu_total_us=4668 gpu_prepass_us=0 gpu_main_us=4668 gpu_composite_us=0 gpu_blit_us=0
[frust INFO] frust-perf img skipped=0 evicted=4 resident=60 budget=1024x1024x4
[frust INFO] frust-perf raw n=1331 total_us=17300 rebuild_us=538 layout_us=27 paint_us=37 encode_us=10 acquire_us=11232 submit_us=5453 skipped=0 gpu_q=1 gpu_total_us=4614 gpu_prepass_us=0 gpu_main_us=4614 gpu_composite_us=0 gpu_blit_us=0
[frust INFO] frust-perf img skipped=0 evicted=3 resident=60 budget=1024x1024x4
[frust INFO] frust-perf raw n=1332 total_us=17014 rebuild_us=488 layout_us=27 paint_us=33 encode_us=10 acquire_us=11359 submit_us=5095 skipped=0 gpu_q=1 gpu_total_us=4702 gpu_prepass_us=0 gpu_main_us=4702 gpu_composite_us=0 gpu_blit_us=0
[frust INFO] frust-perf img skipped=0 evicted=3 resident=60 budget=1024x1024x4
[frust INFO] frust-perf raw n=1333 total_us=16921 rebuild_us=542 layout_us=27 paint_us=33 encode_us=6 acquire_us=11575 submit_us=4735 skipped=0 gpu_q=1 gpu_total_us=4655 gpu_prepass_us=0 gpu_main_us=4655 gpu_composite_us=0 gpu_blit_us=0
[frust INFO] frust-perf img skipped=0 evicted=3 resident=60 budget=1024x1024x4
[frust INFO] frust-perf raw n=1334 total_us=17497 rebuild_us=585 layout_us=24 paint_us=33 encode_us=5 acquire_us=11704 submit_us=5144 skipped=0 gpu_q=1 gpu_total_us=4645 gpu_prepass_us=0 gpu_main_us=4645 gpu_composite_us=0 gpu_blit_us=0
[frust INFO] frust-perf img skipped=0 evicted=3 resident=60 budget=1024x1024x4
[frust INFO] frust-perf raw n=1335 total_us=17056 rebuild_us=579 layout_us=26 paint_us=33 encode_us=13 acquire_us=11506 submit_us=4897 skipped=0 gpu_q=1 gpu_total_us=4626 gpu_prepass_us=0 gpu_main_us=4626 gpu_composite_us=0 gpu_blit_us=0
[frust INFO] frust-perf img skipped=0 evicted=4 resident=60 budget=1024x1024x4
[frust INFO] frust-perf raw n=1336 total_us=17341 rebuild_us=463 layout_us=22 paint_us=32 encode_us=6 acquire_us=11663 submit_us=5152 skipped=0 gpu_q=1 gpu_total_us=4529 gpu_prepass_us=0 gpu_main_us=4529 gpu_composite_us=0 gpu_blit_us=0
[frust INFO] frust-perf img skipped=0 evicted=3 resident=60 budget=1024x1024x4
[frust INFO] frust-perf raw n=1337 total_us=16888 rebuild_us=479 layout_us=26 paint_us=40 encode_us=6 acquire_us=11488 submit_us=4848 skipped=0 gpu_q=1 gpu_total_us=4587 gpu_prepass_us=0 gpu_main_us=4587 gpu_composite_us=0 gpu_blit_us=0
[frust INFO] frust-perf img skipped=0 evicted=3 resident=60 budget=1024x1024x4
[frust INFO] frust-perf raw n=1338 total_us=17105 rebuild_us=534 layout_us=25 paint_us=32 encode_us=10 acquire_us=11965 submit_us=4536 skipped=0 gpu_q=1 gpu_total_us=4663 gpu_prepass_us=0 gpu_main_us=4663 gpu_composite_us=0 gpu_blit_us=0
[frust INFO] frust-perf img skipped=0 evicted=3 resident=60 budget=1024x1024x4
[frust INFO] frust-perf raw n=1339 total_us=17603 rebuild_us=534 layout_us=26 paint_us=34 encode_us=6 acquire_us=12019 submit_us=4982 skipped=0 gpu_q=1 gpu_total_us=4546 gpu_prepass_us=0 gpu_main_us=4546 gpu_composite_us=0 gpu_blit_us=0
[frust INFO] frust-perf img skipped=0 evicted=3 resident=60 budget=1024x1024x4
[frust INFO] frust-perf raw n=1340 total_us=16602 rebuild_us=507 layout_us=24 paint_us=29 encode_us=14 acquire_us=11480 submit_us=4546 skipped=0 gpu_q=1 gpu_total_us=4902 gpu_prepass_us=0 gpu_main_us=4902 gpu_composite_us=0 gpu_blit_us=0
[frust INFO] frust-perf img skipped=0 evicted=4 resident=60 budget=1024x1024x4
[frust INFO] frust-perf raw n=1341 total_us=17309 rebuild_us=459 layout_us=16 paint_us=33 encode_us=9 acquire_us=12029 submit_us=4761 skipped=0 gpu_q=1 gpu_total_us=4611 gpu_prepass_us=0 gpu_main_us=4611 gpu_composite_us=0 gpu_blit_us=0
[frust INFO] frust-perf img skipped=0 evicted=3 resident=60 budget=1024x1024x4
[frust INFO] frust-perf raw n=1342 total_us=17770 rebuild_us=485 layout_us=22 paint_us=28 encode_us=7 acquire_us=12013 submit_us=5211 skipped=0 gpu_q=1 gpu_total_us=4566 gpu_prepass_us=0 gpu_main_us=4566 gpu_composite_us=0 gpu_blit_us=0
[frust INFO] frust-perf img skipped=0 evicted=3 resident=60 budget=1024x1024x4
[frust INFO] frust-perf raw n=1343 total_us=17139 rebuild_us=524 layout_us=23 paint_us=37 encode_us=11 acquire_us=11594 submit_us=4949 skipped=0 gpu_q=1 gpu_total_us=4746 gpu_prepass_us=0 gpu_main_us=4746 gpu_composite_us=0 gpu_blit_us=0
[frust INFO] frust-perf img skipped=0 evicted=3 resident=60 budget=1024x1024x4
[frust INFO] frust-perf raw n=1344 total_us=16885 rebuild_us=477 layout_us=24 paint_us=30 encode_us=14 acquire_us=11398 submit_us=4940 skipped=0 gpu_q=1 gpu_total_us=4655 gpu_prepass_us=0 gpu_main_us=4655 gpu_composite_us=0 gpu_blit_us=0
[frust INFO] frust-perf img skipped=0 evicted=3 resident=60 budget=1024x1024x4
[frust INFO] frust-perf raw n=1345 total_us=16739 rebuild_us=402 layout_us=17 paint_us=31 encode_us=9 acquire_us=11696 submit_us=4582 skipped=0 gpu_q=1 gpu_total_us=4549 gpu_prepass_us=0 gpu_main_us=4549 gpu_composite_us=0 gpu_blit_us=0
[frust INFO] frust-perf img skipped=0 evicted=4 resident=60 budget=1024x1024x4
[frust INFO] frust-perf raw n=1346 total_us=17856 rebuild_us=456 layout_us=25 paint_us=27 encode_us=9 acquire_us=11983 submit_us=5353 skipped=0 gpu_q=1 gpu_total_us=4713 gpu_prepass_us=0 gpu_main_us=4713 gpu_composite_us=0 gpu_blit_us=0
[frust INFO] frust-perf img skipped=0 evicted=3 resident=60 budget=1024x1024x4
[frust INFO] frust-perf raw n=1347 total_us=16544 rebuild_us=414 layout_us=25 paint_us=25 encode_us=13 acquire_us=11226 submit_us=4838 skipped=0 gpu_q=1 gpu_total_us=4652 gpu_prepass_us=0 gpu_main_us=4652 gpu_composite_us=0 gpu_blit_us=0
[frust INFO] frust-perf img skipped=0 evicted=3 resident=60 budget=1024x1024x4
[frust INFO] frust-perf raw n=1348 total_us=17065 rebuild_us=515 layout_us=24 paint_us=29 encode_us=10 acquire_us=12122 submit_us=4364 skipped=0 gpu_q=1 gpu_total_us=4724 gpu_prepass_us=0 gpu_main_us=4724 gpu_composite_us=0 gpu_blit_us=0
[frust INFO] frust-perf img skipped=0 evicted=3 resident=60 budget=1024x1024x4
[frust INFO] frust-perf raw n=1349 total_us=16877 rebuild_us=472 layout_us=23 paint_us=30 encode_us=6 acquire_us=11892 submit_us=4450 skipped=0 gpu_q=1 gpu_total_us=4638 gpu_prepass_us=0 gpu_main_us=4638 gpu_composite_us=0 gpu_blit_us=0
[frust INFO] frust-perf img skipped=0 evicted=3 resident=60 budget=1024x1024x4
[frust INFO] frust-perf raw n=1350 total_us=17864 rebuild_us=534 layout_us=20 paint_us=32 encode_us=5 acquire_us=12168 submit_us=5102 skipped=0 gpu_q=1 gpu_total_us=4403 gpu_prepass_us=0 gpu_main_us=4403 gpu_composite_us=0 gpu_blit_us=0
[frust INFO] frust-perf img skipped=0 evicted=3 resident=60 budget=1024x1024x4
[frust INFO] frust-perf raw n=1351 total_us=16815 rebuild_us=531 layout_us=18 paint_us=34 encode_us=10 acquire_us=11595 submit_us=4624 skipped=0 gpu_q=1 gpu_total_us=4583 gpu_prepass_us=0 gpu_main_us=4583 gpu_composite_us=0 gpu_blit_us=0
[frust INFO] frust-perf img skipped=0 evicted=4 resident=60 budget=1024x1024x4
[frust INFO] frust-perf raw n=1352 total_us=18024 rebuild_us=483 layout_us=20 paint_us=40 encode_us=10 acquire_us=11940 submit_us=5528 skipped=0 gpu_q=1 gpu_total_us=4625 gpu_prepass_us=0 gpu_main_us=4625 gpu_composite_us=0 gpu_blit_us=0
[frust INFO] frust-perf img skipped=0 evicted=3 resident=60 budget=1024x1024x4
[frust INFO] frust-perf raw n=1353 total_us=16320 rebuild_us=493 layout_us=26 paint_us=28 encode_us=9 acquire_us=11029 submit_us=4733 skipped=0 gpu_q=1 gpu_total_us=4684 gpu_prepass_us=0 gpu_main_us=4684 gpu_composite_us=0 gpu_blit_us=0
[frust INFO] frust-perf img skipped=0 evicted=3 resident=60 budget=1024x1024x4
[frust INFO] frust-perf raw n=1354 total_us=17511 rebuild_us=427 layout_us=22 paint_us=30 encode_us=9 acquire_us=11915 submit_us=5106 skipped=0 gpu_q=1 gpu_total_us=4707 gpu_prepass_us=0 gpu_main_us=4707 gpu_composite_us=0 gpu_blit_us=0
[frust INFO] frust-perf img skipped=0 evicted=3 resident=60 budget=1024x1024x4
[frust INFO] frust-perf raw n=1355 total_us=16815 rebuild_us=464 layout_us=21 paint_us=34 encode_us=10 acquire_us=11428 submit_us=4855 skipped=0 gpu_q=1 gpu_total_us=4617 gpu_prepass_us=0 gpu_main_us=4617 gpu_composite_us=0 gpu_blit_us=0
[frust INFO] frust-perf img skipped=0 evicted=3 resident=60 budget=1024x1024x4
[frust INFO] frust-perf raw n=1356 total_us=17221 rebuild_us=512 layout_us=21 paint_us=29 encode_us=9 acquire_us=11792 submit_us=4854 skipped=0 gpu_q=1 gpu_total_us=4618 gpu_prepass_us=0 gpu_main_us=4618 gpu_composite_us=0 gpu_blit_us=0
[frust INFO] frust-perf img skipped=0 evicted=4 resident=60 budget=1024x1024x4
[frust INFO] frust-perf raw n=1357 total_us=17733 rebuild_us=469 layout_us=23 paint_us=34 encode_us=10 acquire_us=11719 submit_us=5475 skipped=0 gpu_q=1 gpu_total_us=4671 gpu_prepass_us=0 gpu_main_us=4671 gpu_composite_us=0 gpu_blit_us=0
[frust INFO] frust-perf img skipped=0 evicted=3 resident=60 budget=1024x1024x4
[frust INFO] frust-perf raw n=1358 total_us=16332 rebuild_us=500 layout_us=22 paint_us=29 encode_us=12 acquire_us=11162 submit_us=4604 skipped=0 gpu_q=1 gpu_total_us=4654 gpu_prepass_us=0 gpu_main_us=4654 gpu_composite_us=0 gpu_blit_us=0
[frust INFO] frust-perf img skipped=0 evicted=3 resident=60 budget=1024x1024x4
[frust INFO] frust-perf raw n=1359 total_us=17300 rebuild_us=525 layout_us=26 paint_us=35 encode_us=9 acquire_us=11937 submit_us=4767 skipped=0 gpu_q=1 gpu_total_us=4674 gpu_prepass_us=0 gpu_main_us=4674 gpu_composite_us=0 gpu_blit_us=0
[frust INFO] frust-perf img skipped=0 evicted=3 resident=60 budget=1024x1024x4
[frust INFO] frust-perf raw n=1360 total_us=17212 rebuild_us=470 layout_us=25 paint_us=32 encode_us=9 acquire_us=11833 submit_us=4842 skipped=0 gpu_q=1 gpu_total_us=4659 gpu_prepass_us=0 gpu_main_us=4659 gpu_composite_us=0 gpu_blit_us=0
[frust INFO] frust-perf img skipped=0 evicted=3 resident=60 budget=1024x1024x4
[frust INFO] frust-perf raw n=1361 total_us=17248 rebuild_us=503 layout_us=24 paint_us=35 encode_us=9 acquire_us=11786 submit_us=4888 skipped=0 gpu_q=1 gpu_total_us=4603 gpu_prepass_us=0 gpu_main_us=4603 gpu_composite_us=0 gpu_blit_us=0
[frust INFO] frust-perf img skipped=0 evicted=4 resident=60 budget=1024x1024x4
[frust INFO] frust-perf raw n=1362 total_us=17627 rebuild_us=505 layout_us=23 paint_us=38 encode_us=9 acquire_us=11747 submit_us=5303 skipped=0 gpu_q=1 gpu_total_us=4644 gpu_prepass_us=0 gpu_main_us=4644 gpu_composite_us=0 gpu_blit_us=0
[frust INFO] frust-perf img skipped=0 evicted=3 resident=60 budget=1024x1024x4
[frust INFO] frust-perf raw n=1363 total_us=16788 rebuild_us=467 layout_us=22 paint_us=32 encode_us=6 acquire_us=11323 submit_us=4935 skipped=0 gpu_q=1 gpu_total_us=4660 gpu_prepass_us=0 gpu_main_us=4660 gpu_composite_us=0 gpu_blit_us=0
[frust INFO] frust-perf img skipped=0 evicted=3 resident=60 budget=1024x1024x4
[frust INFO] frust-perf raw n=1364 total_us=17066 rebuild_us=564 layout_us=25 paint_us=29 encode_us=11 acquire_us=11610 submit_us=4824 skipped=0 gpu_q=1 gpu_total_us=4652 gpu_prepass_us=0 gpu_main_us=4652 gpu_composite_us=0 gpu_blit_us=0
[frust INFO] frust-perf img skipped=0 evicted=3 resident=60 budget=1024x1024x4
[frust INFO] frust-perf raw n=1365 total_us=17131 rebuild_us=419 layout_us=24 paint_us=31 encode_us=12 acquire_us=11890 submit_us=4753 skipped=0 gpu_q=1 gpu_total_us=4663 gpu_prepass_us=0 gpu_main_us=4663 gpu_composite_us=0 gpu_blit_us=0
[frust INFO] frust-perf img skipped=0 evicted=3 resident=60 budget=1024x1024x4
[frust INFO] frust-perf raw n=1366 total_us=17068 rebuild_us=501 layout_us=23 paint_us=35 encode_us=12 acquire_us=11735 submit_us=4760 skipped=0 gpu_q=1 gpu_total_us=4643 gpu_prepass_us=0 gpu_main_us=4643 gpu_composite_us=0 gpu_blit_us=0
[frust INFO] frust-perf img skipped=0 evicted=4 resident=60 budget=1024x1024x4
[frust INFO] frust-perf raw n=1367 total_us=17814 rebuild_us=485 layout_us=17 paint_us=38 encode_us=10 acquire_us=11902 submit_us=5360 skipped=0 gpu_q=1 gpu_total_us=4710 gpu_prepass_us=0 gpu_main_us=4710 gpu_composite_us=0 gpu_blit_us=0
[frust INFO] frust-perf img skipped=0 evicted=3 resident=60 budget=1024x1024x4
[frust INFO] frust-perf raw n=1368 total_us=16568 rebuild_us=492 layout_us=21 paint_us=38 encode_us=9 acquire_us=11195 submit_us=4810 skipped=0 gpu_q=1 gpu_total_us=4679 gpu_prepass_us=0 gpu_main_us=4679 gpu_composite_us=0 gpu_blit_us=0
[frust INFO] frust-perf img skipped=0 evicted=3 resident=60 budget=1024x1024x4
[frust INFO] frust-perf raw n=1369 total_us=17149 rebuild_us=461 layout_us=26 paint_us=29 encode_us=9 acquire_us=11807 submit_us=4815 skipped=0 gpu_q=1 gpu_total_us=4733 gpu_prepass_us=0 gpu_main_us=4733 gpu_composite_us=0 gpu_blit_us=0
[frust INFO] frust-perf img skipped=0 evicted=3 resident=60 budget=1024x1024x4
[frust INFO] frust-perf raw n=1370 total_us=17144 rebuild_us=467 layout_us=18 paint_us=34 encode_us=10 acquire_us=11780 submit_us=4834 skipped=0 gpu_q=1 gpu_total_us=4627 gpu_prepass_us=0 gpu_main_us=4627 gpu_composite_us=0 gpu_blit_us=0
[frust INFO] frust-perf img skipped=0 evicted=3 resident=60 budget=1024x1024x4
[frust INFO] frust-perf raw n=1371 total_us=17323 rebuild_us=461 layout_us=21 paint_us=35 encode_us=9 acquire_us=11765 submit_us=5030 skipped=0 gpu_q=1 gpu_total_us=4755 gpu_prepass_us=0 gpu_main_us=4755 gpu_composite_us=0 gpu_blit_us=0
[frust INFO] frust-perf img skipped=0 evicted=4 resident=60 budget=1024x1024x4
[frust INFO] frust-perf raw n=1372 total_us=17546 rebuild_us=469 layout_us=27 paint_us=35 encode_us=10 acquire_us=11573 submit_us=5430 skipped=0 gpu_q=1 gpu_total_us=4605 gpu_prepass_us=0 gpu_main_us=4605 gpu_composite_us=0 gpu_blit_us=0
[frust INFO] frust-perf img skipped=0 evicted=3 resident=60 budget=1024x1024x4
[frust INFO] frust-perf raw n=1373 total_us=16970 rebuild_us=504 layout_us=26 paint_us=34 encode_us=9 acquire_us=11229 submit_us=5166 skipped=0 gpu_q=1 gpu_total_us=4737 gpu_prepass_us=0 gpu_main_us=4737 gpu_composite_us=0 gpu_blit_us=0
[frust INFO] frust-perf img skipped=0 evicted=3 resident=60 budget=1024x1024x4
[frust INFO] frust-perf raw n=1374 total_us=17028 rebuild_us=549 layout_us=25 paint_us=39 encode_us=9 acquire_us=11379 submit_us=5023 skipped=0 gpu_q=1 gpu_total_us=4653 gpu_prepass_us=0 gpu_main_us=4653 gpu_composite_us=0 gpu_blit_us=0
[frust INFO] frust-perf img skipped=0 evicted=3 resident=60 budget=1024x1024x4
[frust INFO] frust-perf raw n=1375 total_us=17080 rebuild_us=476 layout_us=26 paint_us=42 encode_us=11 acquire_us=11545 submit_us=4978 skipped=0 gpu_q=1 gpu_total_us=4674 gpu_prepass_us=0 gpu_main_us=4674 gpu_composite_us=0 gpu_blit_us=0
[frust INFO] frust-perf img skipped=0 evicted=3 resident=60 budget=1024x1024x4
[frust INFO] frust-perf raw n=1376 total_us=17002 rebuild_us=494 layout_us=21 paint_us=33 encode_us=9 acquire_us=11615 submit_us=4827 skipped=0 gpu_q=1 gpu_total_us=4730 gpu_prepass_us=0 gpu_main_us=4730 gpu_composite_us=0 gpu_blit_us=0
[frust INFO] frust-perf img skipped=0 evicted=4 resident=60 budget=1024x1024x4
[frust INFO] frust-perf raw n=1377 total_us=17902 rebuild_us=503 layout_us=18 paint_us=37 encode_us=9 acquire_us=11765 submit_us=5568 skipped=0 gpu_q=1 gpu_total_us=4617 gpu_prepass_us=0 gpu_main_us=4617 gpu_composite_us=0 gpu_blit_us=0
[frust INFO] frust-perf img skipped=0 evicted=3 resident=60 budget=1024x1024x4
[frust INFO] frust-perf raw n=1378 total_us=16735 rebuild_us=486 layout_us=25 paint_us=36 encode_us=10 acquire_us=11343 submit_us=4833 skipped=0 gpu_q=1 gpu_total_us=4693 gpu_prepass_us=0 gpu_main_us=4693 gpu_composite_us=0 gpu_blit_us=0
[frust INFO] frust-perf img skipped=0 evicted=3 resident=60 budget=1024x1024x4
[frust INFO] frust-perf raw n=1379 total_us=16897 rebuild_us=508 layout_us=24 paint_us=41 encode_us=10 acquire_us=11508 submit_us=4805 skipped=0 gpu_q=1 gpu_total_us=4668 gpu_prepass_us=0 gpu_main_us=4668 gpu_composite_us=0 gpu_blit_us=0
[frust INFO] frust-perf img skipped=0 evicted=3 resident=60 budget=1024x1024x4
[frust INFO] frust-perf enc n=1380 w=60 validate_us=3.4 prepare_us=4.6 classify_us=10.8 admit_us=0.3 walk_us=1421.8 glyphs_us=104.6 finish_us=3.3 compile_us=1505.4 schedule_us=5.0 paints_us=19.0 instances_us=76.9 resize_us=3.2 upload_us=1844.5 replay_us=0.9 pipelines_us=20.1 record_us=36.0 total_us=3522.0 total_p95_us=4079.8 draws=29 strips=2111 alphas=51696 glyph_draws=17 atlas_glyphs=17
[frust INFO] frust-perf raw n=1380 total_us=17239 rebuild_us=470 layout_us=26 paint_us=33 encode_us=10 acquire_us=11791 submit_us=4908 skipped=0 gpu_q=1 gpu_total_us=4654 gpu_prepass_us=0 gpu_main_us=4654 gpu_composite_us=0 gpu_blit_us=0
[frust INFO] frust-perf img skipped=0 evicted=3 resident=60 budget=1024x1024x4
[frust INFO] frust-perf raw n=1381 total_us=16995 rebuild_us=477 layout_us=22 paint_us=33 encode_us=11 acquire_us=11775 submit_us=4674 skipped=0 gpu_q=1 gpu_total_us=4652 gpu_prepass_us=0 gpu_main_us=4652 gpu_composite_us=0 gpu_blit_us=0
[frust INFO] frust-perf img skipped=0 evicted=4 resident=60 budget=1024x1024x4
[frust INFO] frust-perf raw n=1382 total_us=17821 rebuild_us=480 layout_us=22 paint_us=34 encode_us=9 acquire_us=11840 submit_us=5434 skipped=0 gpu_q=1 gpu_total_us=4669 gpu_prepass_us=0 gpu_main_us=4669 gpu_composite_us=0 gpu_blit_us=0
[frust INFO] frust-perf img skipped=0 evicted=3 resident=60 budget=1024x1024x4
[frust INFO] frust-perf raw n=1383 total_us=16622 rebuild_us=489 layout_us=26 paint_us=34 encode_us=10 acquire_us=11209 submit_us=4851 skipped=0 gpu_q=1 gpu_total_us=4601 gpu_prepass_us=0 gpu_main_us=4601 gpu_composite_us=0 gpu_blit_us=0
[frust INFO] frust-perf img skipped=0 evicted=3 resident=60 budget=1024x1024x4
[frust INFO] frust-perf raw n=1384 total_us=17464 rebuild_us=484 layout_us=26 paint_us=34 encode_us=10 acquire_us=11723 submit_us=5185 skipped=0 gpu_q=1 gpu_total_us=4656 gpu_prepass_us=0 gpu_main_us=4656 gpu_composite_us=0 gpu_blit_us=0
[frust INFO] frust-perf img skipped=0 evicted=3 resident=60 budget=1024x1024x4
[frust INFO] frust-perf raw n=1385 total_us=16850 rebuild_us=495 layout_us=21 paint_us=33 encode_us=10 acquire_us=11489 submit_us=4799 skipped=0 gpu_q=1 gpu_total_us=4631 gpu_prepass_us=0 gpu_main_us=4631 gpu_composite_us=0 gpu_blit_us=0
[frust INFO] frust-perf img skipped=0 evicted=3 resident=60 budget=1024x1024x4
[frust INFO] frust-perf raw n=1386 total_us=17259 rebuild_us=495 layout_us=21 paint_us=34 encode_us=10 acquire_us=11809 submit_us=4888 skipped=0 gpu_q=1 gpu_total_us=4636 gpu_prepass_us=0 gpu_main_us=4636 gpu_composite_us=0 gpu_blit_us=0
[frust INFO] frust-perf img skipped=0 evicted=4 resident=60 budget=1024x1024x4
[frust INFO] frust-perf raw n=1387 total_us=17571 rebuild_us=468 layout_us=23 paint_us=31 encode_us=10 acquire_us=11642 submit_us=5395 skipped=0 gpu_q=1 gpu_total_us=4580 gpu_prepass_us=0 gpu_main_us=4580 gpu_composite_us=0 gpu_blit_us=0
[frust INFO] frust-perf img skipped=0 evicted=3 resident=60 budget=1024x1024x4
[frust INFO] frust-perf raw n=1388 total_us=16650 rebuild_us=495 layout_us=19 paint_us=36 encode_us=9 acquire_us=11308 submit_us=4781 skipped=0 gpu_q=1 gpu_total_us=4882 gpu_prepass_us=0 gpu_main_us=4882 gpu_composite_us=0 gpu_blit_us=0
[frust INFO] frust-perf img skipped=0 evicted=3 resident=60 budget=1024x1024x4
[frust INFO] frust-perf raw n=1389 total_us=17295 rebuild_us=491 layout_us=24 paint_us=34 encode_us=9 acquire_us=11739 submit_us=4996 skipped=0 gpu_q=1 gpu_total_us=4590 gpu_prepass_us=0 gpu_main_us=4590 gpu_composite_us=0 gpu_blit_us=0
[frust INFO] frust-perf img skipped=0 evicted=3 resident=60 budget=1024x1024x4
[frust INFO] frust-perf raw n=1390 total_us=17012 rebuild_us=434 layout_us=21 paint_us=34 encode_us=13 acquire_us=11530 submit_us=4978 skipped=0 gpu_q=1 gpu_total_us=4682 gpu_prepass_us=0 gpu_main_us=4682 gpu_composite_us=0 gpu_blit_us=0
[frust INFO] frust-perf img skipped=0 evicted=3 resident=60 budget=1024x1024x4
[frust INFO] frust-perf raw n=1391 total_us=17241 rebuild_us=489 layout_us=25 paint_us=34 encode_us=8 acquire_us=11764 submit_us=4919 skipped=0 gpu_q=1 gpu_total_us=4674 gpu_prepass_us=0 gpu_main_us=4674 gpu_composite_us=0 gpu_blit_us=0
[frust INFO] frust-perf img skipped=0 evicted=4 resident=60 budget=1024x1024x4
[frust INFO] frust-perf raw n=1392 total_us=17626 rebuild_us=522 layout_us=25 paint_us=29 encode_us=10 acquire_us=11616 submit_us=5421 skipped=0 gpu_q=1 gpu_total_us=4645 gpu_prepass_us=0 gpu_main_us=4645 gpu_composite_us=0 gpu_blit_us=0
[frust INFO] frust-perf img skipped=0 evicted=3 resident=60 budget=1024x1024x4
[frust INFO] frust-perf raw n=1393 total_us=16664 rebuild_us=481 layout_us=23 paint_us=33 encode_us=9 acquire_us=11434 submit_us=4681 skipped=0 gpu_q=1 gpu_total_us=4674 gpu_prepass_us=0 gpu_main_us=4674 gpu_composite_us=0 gpu_blit_us=0
[frust INFO] frust-perf img skipped=0 evicted=3 resident=60 budget=1024x1024x4
[frust INFO] frust-perf raw n=1394 total_us=17215 rebuild_us=530 layout_us=27 paint_us=29 encode_us=9 acquire_us=11765 submit_us=4853 skipped=0 gpu_q=1 gpu_total_us=4628 gpu_prepass_us=0 gpu_main_us=4628 gpu_composite_us=0 gpu_blit_us=0
[frust INFO] frust-perf img skipped=0 evicted=3 resident=60 budget=1024x1024x4
[frust INFO] frust-perf raw n=1395 total_us=17101 rebuild_us=438 layout_us=20 paint_us=30 encode_us=10 acquire_us=11635 submit_us=4965 skipped=0 gpu_q=1 gpu_total_us=4626 gpu_prepass_us=0 gpu_main_us=4626 gpu_composite_us=0 gpu_blit_us=0
[frust INFO] frust-perf img skipped=0 evicted=3 resident=60 budget=1024x1024x4
[frust INFO] frust-perf raw n=1396 total_us=17091 rebuild_us=488 layout_us=25 paint_us=31 encode_us=13 acquire_us=11697 submit_us=4835 skipped=0 gpu_q=1 gpu_total_us=4616 gpu_prepass_us=0 gpu_main_us=4616 gpu_composite_us=0 gpu_blit_us=0
[frust INFO] frust-perf img skipped=0 evicted=4 resident=60 budget=1024x1024x4
[frust INFO] frust-perf raw n=1397 total_us=17569 rebuild_us=473 layout_us=21 paint_us=33 encode_us=10 acquire_us=11674 submit_us=5356 skipped=0 gpu_q=1 gpu_total_us=4618 gpu_prepass_us=0 gpu_main_us=4618 gpu_composite_us=0 gpu_blit_us=0
[frust INFO] frust-perf img skipped=0 evicted=3 resident=60 budget=1024x1024x4
[frust INFO] frust-perf raw n=1398 total_us=16977 rebuild_us=482 layout_us=19 paint_us=32 encode_us=11 acquire_us=11510 submit_us=4921 skipped=0 gpu_q=1 gpu_total_us=4634 gpu_prepass_us=0 gpu_main_us=4634 gpu_composite_us=0 gpu_blit_us=0
[frust INFO] frust-perf img skipped=0 evicted=3 resident=60 budget=1024x1024x4
[frust INFO] frust-perf raw n=1399 total_us=17132 rebuild_us=537 layout_us=27 paint_us=34 encode_us=9 acquire_us=11472 submit_us=5050 skipped=0 gpu_q=1 gpu_total_us=4715 gpu_prepass_us=0 gpu_main_us=4715 gpu_composite_us=0 gpu_blit_us=0
[frust INFO] frust-perf img skipped=0 evicted=3 resident=60 budget=1024x1024x4
[frust INFO] frust-perf raw n=1400 total_us=17153 rebuild_us=479 layout_us=26 paint_us=33 encode_us=10 acquire_us=11608 submit_us=4995 skipped=0 gpu_q=1 gpu_total_us=4668 gpu_prepass_us=0 gpu_main_us=4668 gpu_composite_us=0 gpu_blit_us=0
[frust INFO] frust-perf img skipped=0 evicted=3 resident=60 budget=1024x1024x4
[frust INFO] frust-perf raw n=1401 total_us=16975 rebuild_us=522 layout_us=22 paint_us=37 encode_us=10 acquire_us=11476 submit_us=4905 skipped=0 gpu_q=1 gpu_total_us=4685 gpu_prepass_us=0 gpu_main_us=4685 gpu_composite_us=0 gpu_blit_us=0
[frust INFO] frust-perf img skipped=0 evicted=3 resident=60 budget=1024x1024x4
[frust INFO] frust-perf raw n=1402 total_us=17495 rebuild_us=513 layout_us=22 paint_us=31 encode_us=11 acquire_us=11815 submit_us=5101 skipped=0 gpu_q=1 gpu_total_us=4601 gpu_prepass_us=0 gpu_main_us=4601 gpu_composite_us=0 gpu_blit_us=0
[frust INFO] frust-perf img skipped=0 evicted=4 resident=60 budget=1024x1024x4
[frust INFO] frust-perf raw n=1403 total_us=17840 rebuild_us=542 layout_us=24 paint_us=35 encode_us=10 acquire_us=11691 submit_us=5536 skipped=0 gpu_q=1 gpu_total_us=4773 gpu_prepass_us=0 gpu_main_us=4773 gpu_composite_us=0 gpu_blit_us=0
[frust INFO] frust-perf img skipped=0 evicted=3 resident=60 budget=1024x1024x4
[frust INFO] frust-perf raw n=1404 total_us=16336 rebuild_us=527 layout_us=23 paint_us=36 encode_us=9 acquire_us=10759 submit_us=4979 skipped=0 gpu_q=1 gpu_total_us=4664 gpu_prepass_us=0 gpu_main_us=4664 gpu_composite_us=0 gpu_blit_us=0
[frust INFO] frust-perf img skipped=0 evicted=3 resident=60 budget=1024x1024x4
[frust INFO] frust-perf raw n=1405 total_us=17052 rebuild_us=521 layout_us=24 paint_us=29 encode_us=9 acquire_us=11733 submit_us=4734 skipped=0 gpu_q=1 gpu_total_us=4705 gpu_prepass_us=0 gpu_main_us=4705 gpu_composite_us=0 gpu_blit_us=0
[frust INFO] frust-perf img skipped=0 evicted=3 resident=60 budget=1024x1024x4
[frust INFO] frust-perf raw n=1406 total_us=17112 rebuild_us=508 layout_us=26 paint_us=32 encode_us=6 acquire_us=11912 submit_us=4625 skipped=0 gpu_q=1 gpu_total_us=4634 gpu_prepass_us=0 gpu_main_us=4634 gpu_composite_us=0 gpu_blit_us=0
[frust INFO] frust-perf img skipped=0 evicted=3 resident=60 budget=1024x1024x4
[frust INFO] frust-perf raw n=1407 total_us=17898 rebuild_us=556 layout_us=23 paint_us=32 encode_us=5 acquire_us=12057 submit_us=5222 skipped=0 gpu_q=1 gpu_total_us=4596 gpu_prepass_us=0 gpu_main_us=4596 gpu_composite_us=0 gpu_blit_us=0
[frust INFO] frust-perf img skipped=0 evicted=4 resident=60 budget=1024x1024x4
[frust INFO] frust-perf raw n=1408 total_us=17266 rebuild_us=549 layout_us=24 paint_us=40 encode_us=10 acquire_us=11345 submit_us=5295 skipped=0 gpu_q=1 gpu_total_us=4744 gpu_prepass_us=0 gpu_main_us=4744 gpu_composite_us=0 gpu_blit_us=0
[frust INFO] frust-perf img skipped=0 evicted=3 resident=60 budget=1024x1024x4
[frust INFO] frust-perf raw n=1409 total_us=16716 rebuild_us=539 layout_us=22 paint_us=33 encode_us=6 acquire_us=11256 submit_us=4858 skipped=0 gpu_q=1 gpu_total_us=4672 gpu_prepass_us=0 gpu_main_us=4672 gpu_composite_us=0 gpu_blit_us=0
[frust INFO] frust-perf frame n=120 total_p50_ms=17 total_p95_ms=17 total_p99_ms=17 rebuild_p95_ms=0 layout_p95_ms=0 paint_p95_ms=0 encode_p95_ms=0 acquire_p95_ms=12 submit_p95_ms=5 over_60hz=1206 over_120hz=1407 skipped=0 total_frames=1409
[frust INFO] frust-perf img skipped=0 evicted=3 resident=60 budget=1024x1024x4
[frust INFO] frust-perf raw n=1410 total_us=17443 rebuild_us=616 layout_us=27 paint_us=39 encode_us=6 acquire_us=11678 submit_us=5076 skipped=0 gpu_q=1 gpu_total_us=4550 gpu_prepass_us=0 gpu_main_us=4550 gpu_composite_us=0 gpu_blit_us=0
[frust INFO] frust-perf img skipped=0 evicted=3 resident=60 budget=1024x1024x4
[frust INFO] frust-perf raw n=1411 total_us=16715 rebuild_us=511 layout_us=25 paint_us=30 encode_us=11 acquire_us=11542 submit_us=4593 skipped=0 gpu_q=1 gpu_total_us=4597 gpu_prepass_us=0 gpu_main_us=4597 gpu_composite_us=0 gpu_blit_us=0
[frust INFO] frust-perf img skipped=0 evicted=3 resident=60 budget=1024x1024x4
[frust INFO] frust-perf raw n=1412 total_us=17312 rebuild_us=471 layout_us=22 paint_us=33 encode_us=9 acquire_us=11994 submit_us=4781 skipped=0 gpu_q=1 gpu_total_us=4438 gpu_prepass_us=0 gpu_main_us=4438 gpu_composite_us=0 gpu_blit_us=0
[frust INFO] frust-perf img skipped=0 evicted=4 resident=60 budget=1024x1024x4
[frust INFO] frust-perf raw n=1413 total_us=17733 rebuild_us=429 layout_us=24 paint_us=32 encode_us=10 acquire_us=11796 submit_us=5440 skipped=0 gpu_q=1 gpu_total_us=4638 gpu_prepass_us=0 gpu_main_us=4638 gpu_composite_us=0 gpu_blit_us=0
[frust INFO] frust-perf img skipped=0 evicted=3 resident=60 budget=1024x1024x4
[frust INFO] frust-perf raw n=1414 total_us=16751 rebuild_us=501 layout_us=27 paint_us=38 encode_us=6 acquire_us=11560 submit_us=4617 skipped=0 gpu_q=1 gpu_total_us=4653 gpu_prepass_us=0 gpu_main_us=4653 gpu_composite_us=0 gpu_blit_us=0
[frust INFO] frust-perf img skipped=0 evicted=3 resident=60 budget=1024x1024x4
[frust INFO] frust-perf raw n=1415 total_us=17634 rebuild_us=585 layout_us=23 paint_us=35 encode_us=5 acquire_us=11760 submit_us=5224 skipped=0 gpu_q=1 gpu_total_us=4670 gpu_prepass_us=0 gpu_main_us=4670 gpu_composite_us=0 gpu_blit_us=0
[frust INFO] frust-perf img skipped=0 evicted=3 resident=60 budget=1024x1024x4
[frust INFO] frust-perf raw n=1416 total_us=16948 rebuild_us=622 layout_us=28 paint_us=35 encode_us=11 acquire_us=11231 submit_us=5018 skipped=0 gpu_q=1 gpu_total_us=4651 gpu_prepass_us=0 gpu_main_us=4651 gpu_composite_us=0 gpu_blit_us=0
[frust INFO] frust-perf img skipped=0 evicted=3 resident=60 budget=1024x1024x4
[frust INFO] frust-perf raw n=1417 total_us=17157 rebuild_us=434 layout_us=20 paint_us=27 encode_us=6 acquire_us=11611 submit_us=5056 skipped=0 gpu_q=1 gpu_total_us=4637 gpu_prepass_us=0 gpu_main_us=4637 gpu_composite_us=0 gpu_blit_us=0
[frust INFO] frust-perf img skipped=0 evicted=4 resident=60 budget=1024x1024x4
[frust INFO] frust-perf raw n=1418 total_us=17598 rebuild_us=589 layout_us=22 paint_us=32 encode_us=12 acquire_us=11560 submit_us=5380 skipped=0 gpu_q=1 gpu_total_us=4484 gpu_prepass_us=0 gpu_main_us=4484 gpu_composite_us=0 gpu_blit_us=0
[frust INFO] frust-perf img skipped=0 evicted=3 resident=60 budget=1024x1024x4
[frust INFO] frust-perf raw n=1419 total_us=16257 rebuild_us=420 layout_us=26 paint_us=33 encode_us=10 acquire_us=11216 submit_us=4550 skipped=0 gpu_q=1 gpu_total_us=4674 gpu_prepass_us=0 gpu_main_us=4674 gpu_composite_us=0 gpu_blit_us=0
[frust INFO] frust-perf img skipped=0 evicted=3 resident=60 budget=1024x1024x4
[frust INFO] frust-perf raw n=1420 total_us=17568 rebuild_us=457 layout_us=27 paint_us=34 encode_us=9 acquire_us=12101 submit_us=4937 skipped=0 gpu_q=1 gpu_total_us=4552 gpu_prepass_us=0 gpu_main_us=4552 gpu_composite_us=0 gpu_blit_us=0
[frust INFO] frust-perf img skipped=0 evicted=3 resident=60 budget=1024x1024x4
[frust INFO] frust-perf raw n=1421 total_us=17171 rebuild_us=482 layout_us=22 paint_us=32 encode_us=12 acquire_us=11625 submit_us=4995 skipped=0 gpu_q=1 gpu_total_us=4624 gpu_prepass_us=0 gpu_main_us=4624 gpu_composite_us=0 gpu_blit_us=0
[frust INFO] frust-perf img skipped=0 evicted=3 resident=60 budget=1024x1024x4
[frust INFO] frust-perf raw n=1422 total_us=17277 rebuild_us=483 layout_us=26 paint_us=30 encode_us=9 acquire_us=11623 submit_us=5103 skipped=0 gpu_q=1 gpu_total_us=4625 gpu_prepass_us=0 gpu_main_us=4625 gpu_composite_us=0 gpu_blit_us=0
[frust INFO] frust-perf img skipped=0 evicted=4 resident=60 budget=1024x1024x4
[frust INFO] frust-perf raw n=1423 total_us=17425 rebuild_us=478 layout_us=20 paint_us=27 encode_us=11 acquire_us=11488 submit_us=5400 skipped=0 gpu_q=1 gpu_total_us=4576 gpu_prepass_us=0 gpu_main_us=4576 gpu_composite_us=0 gpu_blit_us=0
[frust INFO] frust-perf img skipped=0 evicted=3 resident=60 budget=1024x1024x4
[frust INFO] frust-perf raw n=1424 total_us=16621 rebuild_us=502 layout_us=29 paint_us=34 encode_us=9 acquire_us=11246 submit_us=4798 skipped=0 gpu_q=1 gpu_total_us=4632 gpu_prepass_us=0 gpu_main_us=4632 gpu_composite_us=0 gpu_blit_us=0
[frust INFO] frust-perf img skipped=0 evicted=3 resident=60 budget=1024x1024x4
[frust INFO] frust-perf raw n=1425 total_us=17327 rebuild_us=491 layout_us=27 paint_us=31 encode_us=8 acquire_us=11780 submit_us=4988 skipped=0 gpu_q=1 gpu_total_us=4640 gpu_prepass_us=0 gpu_main_us=4640 gpu_composite_us=0 gpu_blit_us=0
[frust INFO] frust-perf img skipped=0 evicted=3 resident=60 budget=1024x1024x4
[frust INFO] frust-perf raw n=1426 total_us=17144 rebuild_us=474 layout_us=26 paint_us=30 encode_us=9 acquire_us=11587 submit_us=5016 skipped=0 gpu_q=1 gpu_total_us=4619 gpu_prepass_us=0 gpu_main_us=4619 gpu_composite_us=0 gpu_blit_us=0
[frust INFO] frust-perf img skipped=0 evicted=3 resident=60 budget=1024x1024x4
[frust INFO] frust-perf raw n=1427 total_us=16997 rebuild_us=489 layout_us=25 paint_us=34 encode_us=9 acquire_us=11623 submit_us=4814 skipped=0 gpu_q=1 gpu_total_us=4611 gpu_prepass_us=0 gpu_main_us=4611 gpu_composite_us=0 gpu_blit_us=0
[frust INFO] frust-perf img skipped=0 evicted=4 resident=60 budget=1024x1024x4
[frust INFO] frust-perf raw n=1428 total_us=17468 rebuild_us=502 layout_us=32 paint_us=35 encode_us=11 acquire_us=11764 submit_us=5122 skipped=0 gpu_q=1 gpu_total_us=4600 gpu_prepass_us=0 gpu_main_us=4600 gpu_composite_us=0 gpu_blit_us=0
[frust INFO] frust-perf img skipped=0 evicted=3 resident=60 budget=1024x1024x4
[frust INFO] frust-perf raw n=1429 total_us=17085 rebuild_us=539 layout_us=27 paint_us=36 encode_us=9 acquire_us=11544 submit_us=4928 skipped=0 gpu_q=1 gpu_total_us=4647 gpu_prepass_us=0 gpu_main_us=4647 gpu_composite_us=0 gpu_blit_us=0
[frust INFO] frust-perf img skipped=0 evicted=3 resident=60 budget=1024x1024x4
[frust INFO] frust-perf raw n=1430 total_us=17224 rebuild_us=461 layout_us=27 paint_us=34 encode_us=10 acquire_us=11600 submit_us=5090 skipped=0 gpu_q=1 gpu_total_us=4648 gpu_prepass_us=0 gpu_main_us=4648 gpu_composite_us=0 gpu_blit_us=0
[frust INFO] frust-perf img skipped=0 evicted=3 resident=60 budget=1024x1024x4
[frust INFO] frust-perf raw n=1431 total_us=16905 rebuild_us=482 layout_us=21 paint_us=34 encode_us=13 acquire_us=11456 submit_us=4898 skipped=0 gpu_q=1 gpu_total_us=4722 gpu_prepass_us=0 gpu_main_us=4722 gpu_composite_us=0 gpu_blit_us=0
[frust INFO] frust-perf img skipped=0 evicted=3 resident=60 budget=1024x1024x4
[frust INFO] frust-perf raw n=1432 total_us=17151 rebuild_us=459 layout_us=27 paint_us=33 encode_us=9 acquire_us=11802 submit_us=4819 skipped=0 gpu_q=1 gpu_total_us=4729 gpu_prepass_us=0 gpu_main_us=4729 gpu_composite_us=0 gpu_blit_us=0
[frust INFO] frust-perf img skipped=0 evicted=4 resident=60 budget=1024x1024x4
[frust INFO] frust-perf raw n=1433 total_us=17535 rebuild_us=491 layout_us=20 paint_us=30 encode_us=11 acquire_us=11724 submit_us=5257 skipped=0 gpu_q=1 gpu_total_us=4607 gpu_prepass_us=0 gpu_main_us=4607 gpu_composite_us=0 gpu_blit_us=0
[frust INFO] frust-perf img skipped=0 evicted=3 resident=60 budget=1024x1024x4
[frust INFO] frust-perf raw n=1434 total_us=16971 rebuild_us=431 layout_us=24 paint_us=32 encode_us=7 acquire_us=11478 submit_us=4997 skipped=0 gpu_q=1 gpu_total_us=4633 gpu_prepass_us=0 gpu_main_us=4633 gpu_composite_us=0 gpu_blit_us=0
[frust INFO] frust-perf img skipped=0 evicted=3 resident=60 budget=1024x1024x4
[frust INFO] frust-perf raw n=1435 total_us=16745 rebuild_us=553 layout_us=20 paint_us=31 encode_us=13 acquire_us=11597 submit_us=4529 skipped=0 gpu_q=1 gpu_total_us=4628 gpu_prepass_us=0 gpu_main_us=4628 gpu_composite_us=0 gpu_blit_us=0
[frust INFO] frust-perf img skipped=0 evicted=3 resident=60 budget=1024x1024x4
[frust INFO] frust-perf raw n=1436 total_us=17244 rebuild_us=497 layout_us=25 paint_us=32 encode_us=9 acquire_us=12088 submit_us=4590 skipped=0 gpu_q=1 gpu_total_us=4647 gpu_prepass_us=0 gpu_main_us=4647 gpu_composite_us=0 gpu_blit_us=0
[frust INFO] frust-perf img skipped=0 evicted=3 resident=60 budget=1024x1024x4
[frust INFO] frust-perf raw n=1437 total_us=17288 rebuild_us=506 layout_us=18 paint_us=31 encode_us=7 acquire_us=12050 submit_us=4673 skipped=0 gpu_q=1 gpu_total_us=4653 gpu_prepass_us=0 gpu_main_us=4653 gpu_composite_us=0 gpu_blit_us=0
[frust INFO] frust-perf img skipped=0 evicted=4 resident=60 budget=1024x1024x4
[frust INFO] frust-perf raw n=1438 total_us=17870 rebuild_us=506 layout_us=24 paint_us=33 encode_us=6 acquire_us=11876 submit_us=5423 skipped=0 gpu_q=1 gpu_total_us=4582 gpu_prepass_us=0 gpu_main_us=4582 gpu_composite_us=0 gpu_blit_us=0
[frust INFO] frust-perf img skipped=0 evicted=3 resident=60 budget=1024x1024x4
[frust INFO] frust-perf raw n=1439 total_us=16732 rebuild_us=509 layout_us=24 paint_us=37 encode_us=6 acquire_us=11484 submit_us=4669 skipped=0 gpu_q=1 gpu_total_us=4617 gpu_prepass_us=0 gpu_main_us=4617 gpu_composite_us=0 gpu_blit_us=0
[frust INFO] frust-perf img skipped=0 evicted=3 resident=60 budget=1024x1024x4
[frust INFO] frust-perf enc n=1440 w=60 validate_us=3.6 prepare_us=4.4 classify_us=10.9 admit_us=0.3 walk_us=1419.9 glyphs_us=104.2 finish_us=3.4 compile_us=1498.6 schedule_us=4.9 paints_us=18.4 instances_us=76.8 resize_us=3.3 upload_us=1862.9 replay_us=0.8 pipelines_us=18.6 record_us=37.0 total_us=3549.7 total_p95_us=4091.1 draws=29 strips=2111 alphas=51696 glyph_draws=17 atlas_glyphs=17
[frust INFO] frust-perf raw n=1440 total_us=17522 rebuild_us=552 layout_us=25 paint_us=32 encode_us=6 acquire_us=11701 submit_us=5205 skipped=0 gpu_q=1 gpu_total_us=4539 gpu_prepass_us=0 gpu_main_us=4539 gpu_composite_us=0 gpu_blit_us=0
[frust INFO] frust-perf img skipped=0 evicted=3 resident=60 budget=1024x1024x4
[frust INFO] frust-perf raw n=1441 total_us=16888 rebuild_us=504 layout_us=26 paint_us=30 encode_us=14 acquire_us=11503 submit_us=4809 skipped=0 gpu_q=1 gpu_total_us=4616 gpu_prepass_us=0 gpu_main_us=4616 gpu_composite_us=0 gpu_blit_us=0
[frust INFO] frust-perf img skipped=0 evicted=3 resident=60 budget=1024x1024x4
[frust INFO] frust-perf raw n=1442 total_us=16848 rebuild_us=471 layout_us=18 paint_us=33 encode_us=10 acquire_us=11680 submit_us=4633 skipped=0 gpu_q=1 gpu_total_us=4699 gpu_prepass_us=0 gpu_main_us=4699 gpu_composite_us=0 gpu_blit_us=0
[frust INFO] frust-perf img skipped=0 evicted=4 resident=60 budget=1024x1024x4
[frust INFO] frust-perf raw n=1443 total_us=17950 rebuild_us=441 layout_us=22 paint_us=28 encode_us=9 acquire_us=11972 submit_us=5476 skipped=0 gpu_q=1 gpu_total_us=4489 gpu_prepass_us=0 gpu_main_us=4489 gpu_composite_us=0 gpu_blit_us=0
[frust INFO] frust-perf img skipped=0 evicted=3 resident=60 budget=1024x1024x4
[frust INFO] frust-perf raw n=1444 total_us=16745 rebuild_us=475 layout_us=20 paint_us=38 encode_us=11 acquire_us=11142 submit_us=5056 skipped=0 gpu_q=1 gpu_total_us=4703 gpu_prepass_us=0 gpu_main_us=4703 gpu_composite_us=0 gpu_blit_us=0
[frust INFO] frust-perf img skipped=0 evicted=3 resident=60 budget=1024x1024x4
[frust INFO] frust-perf raw n=1445 total_us=16887 rebuild_us=507 layout_us=17 paint_us=35 encode_us=13 acquire_us=11569 submit_us=4744 skipped=0 gpu_q=1 gpu_total_us=4653 gpu_prepass_us=0 gpu_main_us=4653 gpu_composite_us=0 gpu_blit_us=0
[frust INFO] frust-perf img skipped=0 evicted=3 resident=60 budget=1024x1024x4
[frust INFO] frust-perf raw n=1446 total_us=17259 rebuild_us=504 layout_us=26 paint_us=35 encode_us=13 acquire_us=11793 submit_us=4887 skipped=0 gpu_q=1 gpu_total_us=4651 gpu_prepass_us=0 gpu_main_us=4651 gpu_composite_us=0 gpu_blit_us=0
[frust INFO] frust-perf img skipped=0 evicted=3 resident=60 budget=1024x1024x4
[frust INFO] frust-perf raw n=1447 total_us=17120 rebuild_us=462 layout_us=19 paint_us=33 encode_us=10 acquire_us=11731 submit_us=4863 skipped=0 gpu_q=1 gpu_total_us=4704 gpu_prepass_us=0 gpu_main_us=4704 gpu_composite_us=0 gpu_blit_us=0
[frust INFO] frust-perf img skipped=0 evicted=4 resident=60 budget=1024x1024x4
[frust INFO] frust-perf raw n=1448 total_us=17742 rebuild_us=495 layout_us=21 paint_us=30 encode_us=9 acquire_us=11801 submit_us=5383 skipped=0 gpu_q=1 gpu_total_us=4664 gpu_prepass_us=0 gpu_main_us=4664 gpu_composite_us=0 gpu_blit_us=0
[frust INFO] frust-perf img skipped=0 evicted=3 resident=60 budget=1024x1024x4
[frust INFO] frust-perf raw n=1449 total_us=16574 rebuild_us=470 layout_us=19 paint_us=34 encode_us=13 acquire_us=11209 submit_us=4827 skipped=0 gpu_q=1 gpu_total_us=4605 gpu_prepass_us=0 gpu_main_us=4605 gpu_composite_us=0 gpu_blit_us=0
[frust INFO] frust-perf img skipped=0 evicted=3 resident=60 budget=1024x1024x4
[frust INFO] frust-perf raw n=1450 total_us=17139 rebuild_us=420 layout_us=25 paint_us=34 encode_us=9 acquire_us=11737 submit_us=4912 skipped=0 gpu_q=1 gpu_total_us=4625 gpu_prepass_us=0 gpu_main_us=4625 gpu_composite_us=0 gpu_blit_us=0
[frust INFO] frust-perf img skipped=0 evicted=3 resident=60 budget=1024x1024x4
[frust INFO] frust-perf raw n=1451 total_us=17050 rebuild_us=476 layout_us=18 paint_us=32 encode_us=38 acquire_us=11549 submit_us=4933 skipped=0 gpu_q=1 gpu_total_us=4728 gpu_prepass_us=0 gpu_main_us=4728 gpu_composite_us=0 gpu_blit_us=0
[frust INFO] frust-perf img skipped=0 evicted=3 resident=60 budget=1024x1024x4
[frust INFO] frust-perf raw n=1452 total_us=17163 rebuild_us=447 layout_us=21 paint_us=32 encode_us=9 acquire_us=11754 submit_us=4897 skipped=0 gpu_q=1 gpu_total_us=4614 gpu_prepass_us=0 gpu_main_us=4614 gpu_composite_us=0 gpu_blit_us=0
[frust INFO] frust-perf img skipped=0 evicted=3 resident=60 budget=1024x1024x4
[frust INFO] frust-perf raw n=1453 total_us=17032 rebuild_us=487 layout_us=26 paint_us=33 encode_us=8 acquire_us=11689 submit_us=4786 skipped=0 gpu_q=1 gpu_total_us=4642 gpu_prepass_us=0 gpu_main_us=4642 gpu_composite_us=0 gpu_blit_us=0
[frust INFO] frust-perf img skipped=0 evicted=4 resident=60 budget=1024x1024x4
[frust INFO] frust-perf raw n=1454 total_us=17933 rebuild_us=478 layout_us=18 paint_us=33 encode_us=11 acquire_us=12038 submit_us=5353 skipped=0 gpu_q=1 gpu_total_us=4649 gpu_prepass_us=0 gpu_main_us=4649 gpu_composite_us=0 gpu_blit_us=0
[frust INFO] frust-perf img skipped=0 evicted=3 resident=60 budget=1024x1024x4
[frust INFO] frust-perf raw n=1455 total_us=16404 rebuild_us=451 layout_us=17 paint_us=28 encode_us=9 acquire_us=11106 submit_us=4790 skipped=0 gpu_q=1 gpu_total_us=4610 gpu_prepass_us=0 gpu_main_us=4610 gpu_composite_us=0 gpu_blit_us=0
[frust INFO] frust-perf img skipped=0 evicted=3 resident=60 budget=1024x1024x4
[frust INFO] frust-perf raw n=1456 total_us=17165 rebuild_us=506 layout_us=23 paint_us=33 encode_us=9 acquire_us=11741 submit_us=4851 skipped=0 gpu_q=1 gpu_total_us=4679 gpu_prepass_us=0 gpu_main_us=4679 gpu_composite_us=0 gpu_blit_us=0
[frust INFO] frust-perf img skipped=0 evicted=3 resident=60 budget=1024x1024x4
[frust INFO] frust-perf raw n=1457 total_us=17196 rebuild_us=472 layout_us=25 paint_us=32 encode_us=9 acquire_us=11790 submit_us=4864 skipped=0 gpu_q=1 gpu_total_us=4587 gpu_prepass_us=0 gpu_main_us=4587 gpu_composite_us=0 gpu_blit_us=0
[frust INFO] frust-perf img skipped=0 evicted=3 resident=60 budget=1024x1024x4
[frust INFO] frust-perf raw n=1458 total_us=17101 rebuild_us=484 layout_us=22 paint_us=33 encode_us=10 acquire_us=11806 submit_us=4744 skipped=0 gpu_q=1 gpu_total_us=4651 gpu_prepass_us=0 gpu_main_us=4651 gpu_composite_us=0 gpu_blit_us=0
[frust INFO] frust-perf img skipped=0 evicted=4 resident=60 budget=1024x1024x4
[frust INFO] frust-perf raw n=1459 total_us=17824 rebuild_us=443 layout_us=23 paint_us=30 encode_us=9 acquire_us=12059 submit_us=5256 skipped=0 gpu_q=1 gpu_total_us=4650 gpu_prepass_us=0 gpu_main_us=4650 gpu_composite_us=0 gpu_blit_us=0
[frust INFO] frust-perf img skipped=0 evicted=3 resident=60 budget=1024x1024x4
[frust INFO] frust-perf raw n=1460 total_us=16098 rebuild_us=477 layout_us=18 paint_us=32 encode_us=13 acquire_us=11039 submit_us=4517 skipped=0 gpu_q=1 gpu_total_us=4766 gpu_prepass_us=0 gpu_main_us=4766 gpu_composite_us=0 gpu_blit_us=0
[frust INFO] frust-perf img skipped=0 evicted=3 resident=60 budget=1024x1024x4
[frust INFO] frust-perf raw n=1461 total_us=17252 rebuild_us=487 layout_us=25 paint_us=30 encode_us=9 acquire_us=12057 submit_us=4642 skipped=0 gpu_q=1 gpu_total_us=4646 gpu_prepass_us=0 gpu_main_us=4646 gpu_composite_us=0 gpu_blit_us=0
[frust INFO] frust-perf img skipped=0 evicted=3 resident=60 budget=1024x1024x4
[frust INFO] frust-perf raw n=1462 total_us=17641 rebuild_us=494 layout_us=21 paint_us=29 encode_us=6 acquire_us=12122 submit_us=4967 skipped=0 gpu_q=1 gpu_total_us=4583 gpu_prepass_us=0 gpu_main_us=4583 gpu_composite_us=0 gpu_blit_us=0
[frust INFO] frust-perf img skipped=0 evicted=3 resident=60 budget=1024x1024x4
[frust INFO] frust-perf raw n=1463 total_us=17034 rebuild_us=486 layout_us=24 paint_us=29 encode_us=10 acquire_us=11625 submit_us=4857 skipped=0 gpu_q=1 gpu_total_us=4648 gpu_prepass_us=0 gpu_main_us=4648 gpu_composite_us=0 gpu_blit_us=0
[frust INFO] frust-perf img skipped=0 evicted=4 resident=60 budget=1024x1024x4
[frust INFO] frust-perf raw n=1464 total_us=17882 rebuild_us=498 layout_us=27 paint_us=31 encode_us=6 acquire_us=11756 submit_us=5562 skipped=0 gpu_q=1 gpu_total_us=4629 gpu_prepass_us=0 gpu_main_us=4629 gpu_composite_us=0 gpu_blit_us=0
[frust INFO] frust-perf img skipped=0 evicted=3 resident=60 budget=1024x1024x4
[frust INFO] frust-perf raw n=1465 total_us=16402 rebuild_us=500 layout_us=20 paint_us=37 encode_us=13 acquire_us=10864 submit_us=4965 skipped=0 gpu_q=1 gpu_total_us=4630 gpu_prepass_us=0 gpu_main_us=4630 gpu_composite_us=0 gpu_blit_us=0
[frust INFO] frust-perf img skipped=0 evicted=3 resident=60 budget=1024x1024x4
[frust INFO] frust-perf raw n=1466 total_us=16793 rebuild_us=505 layout_us=22 paint_us=31 encode_us=12 acquire_us=11670 submit_us=4550 skipped=0 gpu_q=1 gpu_total_us=4689 gpu_prepass_us=0 gpu_main_us=4689 gpu_composite_us=0 gpu_blit_us=0
[frust INFO] frust-perf img skipped=0 evicted=3 resident=60 budget=1024x1024x4
[frust INFO] frust-perf raw n=1467 total_us=17501 rebuild_us=446 layout_us=19 paint_us=36 encode_us=6 acquire_us=12076 submit_us=4915 skipped=0 gpu_q=1 gpu_total_us=4554 gpu_prepass_us=0 gpu_main_us=4554 gpu_composite_us=0 gpu_blit_us=0
[frust INFO] frust-perf img skipped=0 evicted=3 resident=60 budget=1024x1024x4
[frust INFO] frust-perf raw n=1468 total_us=17118 rebuild_us=549 layout_us=20 paint_us=34 encode_us=11 acquire_us=11722 submit_us=4779 skipped=0 gpu_q=1 gpu_total_us=4582 gpu_prepass_us=0 gpu_main_us=4582 gpu_composite_us=0 gpu_blit_us=0
[frust INFO] frust-perf img skipped=0 evicted=4 resident=60 budget=1024x1024x4
[frust INFO] frust-perf raw n=1469 total_us=17846 rebuild_us=445 layout_us=24 paint_us=33 encode_us=13 acquire_us=11951 submit_us=5377 skipped=0 gpu_q=1 gpu_total_us=4515 gpu_prepass_us=0 gpu_main_us=4515 gpu_composite_us=0 gpu_blit_us=0
[frust INFO] frust-perf img skipped=0 evicted=3 resident=60 budget=1024x1024x4
[frust INFO] frust-perf raw n=1470 total_us=16097 rebuild_us=438 layout_us=23 paint_us=35 encode_us=9 acquire_us=11054 submit_us=4536 skipped=0 gpu_q=1 gpu_total_us=4695 gpu_prepass_us=0 gpu_main_us=4695 gpu_composite_us=0 gpu_blit_us=0
[frust INFO] frust-perf img skipped=0 evicted=3 resident=60 budget=1024x1024x4
[frust INFO] frust-perf raw n=1471 total_us=17152 rebuild_us=522 layout_us=27 paint_us=32 encode_us=9 acquire_us=12063 submit_us=4496 skipped=0 gpu_q=1 gpu_total_us=4624 gpu_prepass_us=0 gpu_main_us=4624 gpu_composite_us=0 gpu_blit_us=0
[frust INFO] frust-perf img skipped=0 evicted=3 resident=60 budget=1024x1024x4
[frust INFO] frust-perf raw n=1472 total_us=17852 rebuild_us=481 layout_us=20 paint_us=31 encode_us=6 acquire_us=12193 submit_us=5118 skipped=0 gpu_q=1 gpu_total_us=4622 gpu_prepass_us=0 gpu_main_us=4622 gpu_composite_us=0 gpu_blit_us=0
[frust INFO] frust-perf img skipped=0 evicted=3 resident=60 budget=1024x1024x4
[frust INFO] frust-perf raw n=1473 total_us=16763 rebuild_us=504 layout_us=20 paint_us=32 encode_us=11 acquire_us=11398 submit_us=4795 skipped=0 gpu_q=1 gpu_total_us=4615 gpu_prepass_us=0 gpu_main_us=4615 gpu_composite_us=0 gpu_blit_us=0
[frust INFO] frust-perf img skipped=0 evicted=4 resident=60 budget=1024x1024x4
[frust INFO] frust-perf raw n=1474 total_us=17981 rebuild_us=465 layout_us=25 paint_us=34 encode_us=10 acquire_us=11954 submit_us=5492 skipped=0 gpu_q=1 gpu_total_us=4623 gpu_prepass_us=0 gpu_main_us=4623 gpu_composite_us=0 gpu_blit_us=0
[frust INFO] frust-perf img skipped=0 evicted=3 resident=60 budget=1024x1024x4
[frust INFO] frust-perf raw n=1475 total_us=16459 rebuild_us=440 layout_us=24 paint_us=29 encode_us=10 acquire_us=10976 submit_us=4977 skipped=0 gpu_q=1 gpu_total_us=4552 gpu_prepass_us=0 gpu_main_us=4552 gpu_composite_us=0 gpu_blit_us=0
[frust INFO] frust-perf img skipped=0 evicted=3 resident=60 budget=1024x1024x4
[frust INFO] frust-perf raw n=1476 total_us=17167 rebuild_us=528 layout_us=29 paint_us=29 encode_us=10 acquire_us=11732 submit_us=4837 skipped=0 gpu_q=1 gpu_total_us=4643 gpu_prepass_us=0 gpu_main_us=4643 gpu_composite_us=0 gpu_blit_us=0
[frust INFO] frust-perf img skipped=0 evicted=3 resident=60 budget=1024x1024x4
[frust INFO] frust-perf raw n=1477 total_us=17282 rebuild_us=488 layout_us=27 paint_us=29 encode_us=10 acquire_us=11749 submit_us=4978 skipped=0 gpu_q=1 gpu_total_us=4706 gpu_prepass_us=0 gpu_main_us=4706 gpu_composite_us=0 gpu_blit_us=0
[frust INFO] frust-perf img skipped=0 evicted=3 resident=60 budget=1024x1024x4
[frust INFO] frust-perf raw n=1478 total_us=17471 rebuild_us=476 layout_us=28 paint_us=32 encode_us=9 acquire_us=11581 submit_us=5342 skipped=0 gpu_q=1 gpu_total_us=4632 gpu_prepass_us=0 gpu_main_us=4632 gpu_composite_us=0 gpu_blit_us=0
[frust INFO] frust-perf img skipped=0 evicted=4 resident=60 budget=1024x1024x4
[frust INFO] frust-perf raw n=1479 total_us=17335 rebuild_us=522 layout_us=29 paint_us=39 encode_us=9 acquire_us=11124 submit_us=5609 skipped=0 gpu_q=1 gpu_total_us=4599 gpu_prepass_us=0 gpu_main_us=4599 gpu_composite_us=0 gpu_blit_us=0
[frust INFO] frust-perf img skipped=0 evicted=3 resident=60 budget=1024x1024x4
[frust INFO] frust-perf raw n=1480 total_us=16231 rebuild_us=447 layout_us=23 paint_us=29 encode_us=10 acquire_us=11117 submit_us=4603 skipped=0 gpu_q=1 gpu_total_us=4652 gpu_prepass_us=0 gpu_main_us=4652 gpu_composite_us=0 gpu_blit_us=0
[frust INFO] frust-perf img skipped=0 evicted=3 resident=60 budget=1024x1024x4
[frust INFO] frust-perf raw n=1481 total_us=17191 rebuild_us=578 layout_us=31 paint_us=33 encode_us=9 acquire_us=11953 submit_us=4584 skipped=0 gpu_q=1 gpu_total_us=4760 gpu_prepass_us=0 gpu_main_us=4760 gpu_composite_us=0 gpu_blit_us=0
[frust INFO] frust-perf img skipped=0 evicted=3 resident=60 budget=1024x1024x4
[frust INFO] frust-perf raw n=1482 total_us=17196 rebuild_us=516 layout_us=28 paint_us=32 encode_us=9 acquire_us=12041 submit_us=4567 skipped=0 gpu_q=1 gpu_total_us=4689 gpu_prepass_us=0 gpu_main_us=4689 gpu_composite_us=0 gpu_blit_us=0
[frust INFO] frust-perf img skipped=0 evicted=3 resident=60 budget=1024x1024x4
[frust INFO] frust-perf raw n=1483 total_us=17840 rebuild_us=541 layout_us=24 paint_us=29 encode_us=7 acquire_us=12031 submit_us=5205 skipped=0 gpu_q=1 gpu_total_us=4655 gpu_prepass_us=0 gpu_main_us=4655 gpu_composite_us=0 gpu_blit_us=0
[frust INFO] frust-perf img skipped=0 evicted=4 resident=60 budget=1024x1024x4
[frust INFO] frust-perf raw n=1484 total_us=17204 rebuild_us=610 layout_us=24 paint_us=38 encode_us=12 acquire_us=11453 submit_us=5064 skipped=0 gpu_q=1 gpu_total_us=4654 gpu_prepass_us=0 gpu_main_us=4654 gpu_composite_us=0 gpu_blit_us=0
[frust INFO] frust-perf img skipped=0 evicted=3 resident=60 budget=1024x1024x4
[frust INFO] frust-perf raw n=1485 total_us=17401 rebuild_us=478 layout_us=22 paint_us=35 encode_us=6 acquire_us=11634 submit_us=5223 skipped=0 gpu_q=1 gpu_total_us=4465 gpu_prepass_us=0 gpu_main_us=4465 gpu_composite_us=0 gpu_blit_us=0
[frust INFO] frust-perf img skipped=0 evicted=3 resident=60 budget=1024x1024x4
[frust INFO] frust-perf raw n=1486 total_us=16341 rebuild_us=550 layout_us=26 paint_us=35 encode_us=12 acquire_us=11255 submit_us=4460 skipped=0 gpu_q=1 gpu_total_us=4651 gpu_prepass_us=0 gpu_main_us=4651 gpu_composite_us=0 gpu_blit_us=0
[frust INFO] frust-perf img skipped=0 evicted=3 resident=60 budget=1024x1024x4
[frust INFO] frust-perf raw n=1487 total_us=17305 rebuild_us=498 layout_us=24 paint_us=37 encode_us=9 acquire_us=12161 submit_us=4574 skipped=0 gpu_q=1 gpu_total_us=4643 gpu_prepass_us=0 gpu_main_us=4643 gpu_composite_us=0 gpu_blit_us=0
[frust INFO] frust-perf img skipped=0 evicted=3 resident=60 budget=1024x1024x4
[frust INFO] frust-perf raw n=1488 total_us=17609 rebuild_us=484 layout_us=25 paint_us=27 encode_us=6 acquire_us=12098 submit_us=4966 skipped=0 gpu_q=1 gpu_total_us=4731 gpu_prepass_us=0 gpu_main_us=4731 gpu_composite_us=0 gpu_blit_us=0
[frust INFO] frust-perf img skipped=0 evicted=4 resident=60 budget=1024x1024x4
[frust INFO] frust-perf raw n=1489 total_us=17315 rebuild_us=532 layout_us=20 paint_us=32 encode_us=11 acquire_us=11535 submit_us=5184 skipped=0 gpu_q=1 gpu_total_us=4489 gpu_prepass_us=0 gpu_main_us=4489 gpu_composite_us=0 gpu_blit_us=0
[frust INFO] frust-perf img skipped=0 evicted=3 resident=60 budget=1024x1024x4
[frust INFO] frust-perf raw n=1490 total_us=17428 rebuild_us=481 layout_us=25 paint_us=29 encode_us=6 acquire_us=11728 submit_us=5156 skipped=0 gpu_q=1 gpu_total_us=4649 gpu_prepass_us=0 gpu_main_us=4649 gpu_composite_us=0 gpu_blit_us=0
[frust INFO] frust-perf img skipped=0 evicted=3 resident=60 budget=1024x1024x4
[frust INFO] frust-perf raw n=1491 total_us=16681 rebuild_us=546 layout_us=25 paint_us=33 encode_us=10 acquire_us=11254 submit_us=4811 skipped=0 gpu_q=1 gpu_total_us=4549 gpu_prepass_us=0 gpu_main_us=4549 gpu_composite_us=0 gpu_blit_us=0
[frust INFO] frust-perf img skipped=0 evicted=3 resident=60 budget=1024x1024x4
[frust INFO] frust-perf raw n=1492 total_us=17416 rebuild_us=446 layout_us=19 paint_us=25 encode_us=13 acquire_us=11770 submit_us=5140 skipped=0 gpu_q=1 gpu_total_us=4735 gpu_prepass_us=0 gpu_main_us=4735 gpu_composite_us=0 gpu_blit_us=0
[frust INFO] frust-perf img skipped=0 evicted=3 resident=60 budget=1024x1024x4
[frust INFO] frust-perf raw n=1493 total_us=16595 rebuild_us=494 layout_us=18 paint_us=28 encode_us=13 acquire_us=11437 submit_us=4603 skipped=0 gpu_q=1 gpu_total_us=4657 gpu_prepass_us=0 gpu_main_us=4657 gpu_composite_us=0 gpu_blit_us=0
[frust INFO] frust-perf img skipped=0 evicted=4 resident=60 budget=1024x1024x4
[frust INFO] frust-perf raw n=1494 total_us=17437 rebuild_us=474 layout_us=24 paint_us=31 encode_us=9 acquire_us=11972 submit_us=4925 skipped=0 gpu_q=1 gpu_total_us=4626 gpu_prepass_us=0 gpu_main_us=4626 gpu_composite_us=0 gpu_blit_us=0
[frust INFO] frust-perf img skipped=0 evicted=3 resident=60 budget=1024x1024x4
[frust INFO] frust-perf raw n=1495 total_us=17328 rebuild_us=492 layout_us=25 paint_us=29 encode_us=6 acquire_us=11892 submit_us=4882 skipped=0 gpu_q=1 gpu_total_us=4702 gpu_prepass_us=0 gpu_main_us=4702 gpu_composite_us=0 gpu_blit_us=0
[frust INFO] frust-perf img skipped=0 evicted=3 resident=60 budget=1024x1024x4
[frust INFO] frust-perf raw n=1496 total_us=16843 rebuild_us=539 layout_us=27 paint_us=40 encode_us=10 acquire_us=11537 submit_us=4688 skipped=0 gpu_q=1 gpu_total_us=4651 gpu_prepass_us=0 gpu_main_us=4651 gpu_composite_us=0 gpu_blit_us=0
[frust INFO] frust-perf img skipped=0 evicted=3 resident=60 budget=1024x1024x4
[frust INFO] frust-perf raw n=1497 total_us=16935 rebuild_us=480 layout_us=27 paint_us=30 encode_us=9 acquire_us=11930 submit_us=4457 skipped=0 gpu_q=1 gpu_total_us=4699 gpu_prepass_us=0 gpu_main_us=4699 gpu_composite_us=0 gpu_blit_us=0
[frust INFO] frust-perf img skipped=0 evicted=3 resident=60 budget=1024x1024x4
[frust INFO] frust-perf raw n=1498 total_us=17821 rebuild_us=490 layout_us=24 paint_us=29 encode_us=6 acquire_us=12205 submit_us=5066 skipped=0 gpu_q=1 gpu_total_us=4659 gpu_prepass_us=0 gpu_main_us=4659 gpu_composite_us=0 gpu_blit_us=0
[frust INFO] frust-perf img skipped=0 evicted=4 resident=60 budget=1024x1024x4
[frust INFO] frust-perf raw n=1499 total_us=17429 rebuild_us=539 layout_us=21 paint_us=33 encode_us=10 acquire_us=11585 submit_us=5239 skipped=0 gpu_q=1 gpu_total_us=4668 gpu_prepass_us=0 gpu_main_us=4668 gpu_composite_us=0 gpu_blit_us=0
[frust INFO] frust-perf img skipped=0 evicted=3 resident=60 budget=1024x1024x4
[frust INFO] frust-perf enc n=1500 w=60 validate_us=3.4 prepare_us=4.2 classify_us=10.8 admit_us=0.3 walk_us=1400.9 glyphs_us=100.0 finish_us=3.5 compile_us=1482.6 schedule_us=5.0 paints_us=18.1 instances_us=76.4 resize_us=3.2 upload_us=1793.7 replay_us=0.8 pipelines_us=18.9 record_us=35.9 total_us=3448.4 total_p95_us=4090.3 draws=29 strips=2111 alphas=51696 glyph_draws=17 atlas_glyphs=17
[frust INFO] frust-perf raw n=1500 total_us=16463 rebuild_us=496 layout_us=26 paint_us=28 encode_us=9 acquire_us=11287 submit_us=4614 skipped=0 gpu_q=1 gpu_total_us=4659 gpu_prepass_us=0 gpu_main_us=4659 gpu_composite_us=0 gpu_blit_us=0
[frust INFO] frust-perf img skipped=0 evicted=3 resident=60 budget=1024x1024x4
[frust INFO] frust-perf raw n=1501 total_us=17224 rebuild_us=456 layout_us=20 paint_us=34 encode_us=9 acquire_us=11992 submit_us=4711 skipped=0 gpu_q=1 gpu_total_us=4525 gpu_prepass_us=0 gpu_main_us=4525 gpu_composite_us=0 gpu_blit_us=0
[frust INFO] frust-perf img skipped=0 evicted=3 resident=60 budget=1024x1024x4
[frust INFO] frust-perf raw n=1502 total_us=17454 rebuild_us=468 layout_us=20 paint_us=34 encode_us=9 acquire_us=11926 submit_us=4995 skipped=0 gpu_q=1 gpu_total_us=4650 gpu_prepass_us=0 gpu_main_us=4650 gpu_composite_us=0 gpu_blit_us=0
[frust INFO] frust-perf img skipped=0 evicted=3 resident=60 budget=1024x1024x4
[frust INFO] frust-perf raw n=1503 total_us=17205 rebuild_us=500 layout_us=21 paint_us=32 encode_us=9 acquire_us=11565 submit_us=5075 skipped=0 gpu_q=1 gpu_total_us=4622 gpu_prepass_us=0 gpu_main_us=4622 gpu_composite_us=0 gpu_blit_us=0
[frust INFO] frust-perf img skipped=0 evicted=4 resident=60 budget=1024x1024x4
[frust INFO] frust-perf raw n=1504 total_us=17486 rebuild_us=467 layout_us=26 paint_us=34 encode_us=10 acquire_us=11522 submit_us=5426 skipped=0 gpu_q=1 gpu_total_us=4650 gpu_prepass_us=0 gpu_main_us=4650 gpu_composite_us=0 gpu_blit_us=0
[frust INFO] frust-perf img skipped=0 evicted=3 resident=60 budget=1024x1024x4
[frust INFO] frust-perf raw n=1505 total_us=16614 rebuild_us=490 layout_us=27 paint_us=34 encode_us=9 acquire_us=11261 submit_us=4791 skipped=0 gpu_q=1 gpu_total_us=4633 gpu_prepass_us=0 gpu_main_us=4633 gpu_composite_us=0 gpu_blit_us=0
[frust INFO] frust-perf img skipped=0 evicted=3 resident=60 budget=1024x1024x4
[frust INFO] frust-perf raw n=1506 total_us=17378 rebuild_us=496 layout_us=28 paint_us=30 encode_us=9 acquire_us=11797 submit_us=5015 skipped=0 gpu_q=1 gpu_total_us=4636 gpu_prepass_us=0 gpu_main_us=4636 gpu_composite_us=0 gpu_blit_us=0
[frust INFO] frust-perf img skipped=0 evicted=3 resident=60 budget=1024x1024x4
[frust INFO] frust-perf raw n=1507 total_us=17079 rebuild_us=497 layout_us=22 paint_us=33 encode_us=10 acquire_us=11562 submit_us=4954 skipped=0 gpu_q=1 gpu_total_us=4739 gpu_prepass_us=0 gpu_main_us=4739 gpu_composite_us=0 gpu_blit_us=0
[frust INFO] frust-perf img skipped=0 evicted=3 resident=60 budget=1024x1024x4
[frust INFO] frust-perf raw n=1508 total_us=17021 rebuild_us=491 layout_us=25 paint_us=41 encode_us=10 acquire_us=11514 submit_us=4937 skipped=0 gpu_q=1 gpu_total_us=4622 gpu_prepass_us=0 gpu_main_us=4622 gpu_composite_us=0 gpu_blit_us=0
[frust INFO] frust-perf img skipped=0 evicted=3 resident=60 budget=1024x1024x4
[frust INFO] frust-perf raw n=1509 total_us=16941 rebuild_us=518 layout_us=26 paint_us=37 encode_us=11 acquire_us=11714 submit_us=4632 skipped=0 gpu_q=1 gpu_total_us=4575 gpu_prepass_us=0 gpu_main_us=4575 gpu_composite_us=0 gpu_blit_us=0
[frust INFO] frust-perf img skipped=0 evicted=4 resident=60 budget=1024x1024x4
[frust INFO] frust-perf raw n=1510 total_us=18169 rebuild_us=503 layout_us=26 paint_us=35 encode_us=11 acquire_us=12214 submit_us=5377 skipped=0 gpu_q=1 gpu_total_us=4649 gpu_prepass_us=0 gpu_main_us=4649 gpu_composite_us=0 gpu_blit_us=0
[frust INFO] frust-perf img skipped=0 evicted=3 resident=60 budget=1024x1024x4
[frust INFO] frust-perf raw n=1511 total_us=16370 rebuild_us=485 layout_us=25 paint_us=33 encode_us=13 acquire_us=11049 submit_us=4762 skipped=0 gpu_q=1 gpu_total_us=4633 gpu_prepass_us=0 gpu_main_us=4633 gpu_composite_us=0 gpu_blit_us=0
[frust INFO] frust-perf img skipped=0 evicted=3 resident=60 budget=1024x1024x4
[frust INFO] frust-perf raw n=1512 total_us=17274 rebuild_us=501 layout_us=25 paint_us=30 encode_us=9 acquire_us=11886 submit_us=4820 skipped=0 gpu_q=1 gpu_total_us=4616 gpu_prepass_us=0 gpu_main_us=4616 gpu_composite_us=0 gpu_blit_us=0
[frust INFO] frust-perf img skipped=0 evicted=3 resident=60 budget=1024x1024x4
[frust INFO] frust-perf raw n=1513 total_us=17048 rebuild_us=508 layout_us=23 paint_us=32 encode_us=12 acquire_us=11688 submit_us=4783 skipped=0 gpu_q=1 gpu_total_us=4668 gpu_prepass_us=0 gpu_main_us=4668 gpu_composite_us=0 gpu_blit_us=0
[frust INFO] frust-perf img skipped=0 evicted=3 resident=60 budget=1024x1024x4
[frust INFO] frust-perf raw n=1514 total_us=17084 rebuild_us=524 layout_us=23 paint_us=31 encode_us=9 acquire_us=11853 submit_us=4642 skipped=0 gpu_q=1 gpu_total_us=4618 gpu_prepass_us=0 gpu_main_us=4618 gpu_composite_us=0 gpu_blit_us=0
[frust INFO] frust-perf img skipped=0 evicted=4 resident=60 budget=1024x1024x4
[frust INFO] frust-perf raw n=1515 total_us=18031 rebuild_us=433 layout_us=24 paint_us=28 encode_us=10 acquire_us=12254 submit_us=5279 skipped=0 gpu_q=1 gpu_total_us=4612 gpu_prepass_us=0 gpu_main_us=4612 gpu_composite_us=0 gpu_blit_us=0
[frust INFO] frust-perf img skipped=0 evicted=3 resident=60 budget=1024x1024x4
[frust INFO] frust-perf raw n=1516 total_us=16476 rebuild_us=475 layout_us=26 paint_us=28 encode_us=9 acquire_us=11047 submit_us=4889 skipped=0 gpu_q=1 gpu_total_us=4738 gpu_prepass_us=0 gpu_main_us=4738 gpu_composite_us=0 gpu_blit_us=0
[frust INFO] frust-perf img skipped=0 evicted=3 resident=60 budget=1024x1024x4
[frust INFO] frust-perf raw n=1517 total_us=16891 rebuild_us=498 layout_us=20 paint_us=41 encode_us=10 acquire_us=11636 submit_us=4683 skipped=0 gpu_q=1 gpu_total_us=4626 gpu_prepass_us=0 gpu_main_us=4626 gpu_composite_us=0 gpu_blit_us=0
[frust INFO] frust-perf img skipped=0 evicted=3 resident=60 budget=1024x1024x4
[frust INFO] frust-perf raw n=1518 total_us=17057 rebuild_us=475 layout_us=20 paint_us=31 encode_us=6 acquire_us=11963 submit_us=4561 skipped=0 gpu_q=1 gpu_total_us=4624 gpu_prepass_us=0 gpu_main_us=4624 gpu_composite_us=0 gpu_blit_us=0
[frust INFO] frust-perf img skipped=0 evicted=3 resident=60 budget=1024x1024x4
[frust INFO] frust-perf raw n=1519 total_us=17448 rebuild_us=485 layout_us=25 paint_us=31 encode_us=6 acquire_us=12154 submit_us=4743 skipped=0 gpu_q=1 gpu_total_us=4590 gpu_prepass_us=0 gpu_main_us=4590 gpu_composite_us=0 gpu_blit_us=0
[frust INFO] frust-perf img skipped=0 evicted=4 resident=60 budget=1024x1024x4
[frust INFO] frust-perf raw n=1520 total_us=17723 rebuild_us=567 layout_us=21 paint_us=34 encode_us=14 acquire_us=12044 submit_us=5040 skipped=0 gpu_q=1 gpu_total_us=4608 gpu_prepass_us=0 gpu_main_us=4608 gpu_composite_us=0 gpu_blit_us=0
[frust INFO] frust-perf img skipped=0 evicted=3 resident=60 budget=1024x1024x4
[frust INFO] frust-perf raw n=1521 total_us=16841 rebuild_us=487 layout_us=24 paint_us=31 encode_us=6 acquire_us=11627 submit_us=4664 skipped=0 gpu_q=1 gpu_total_us=4621 gpu_prepass_us=0 gpu_main_us=4621 gpu_composite_us=0 gpu_blit_us=0
[frust INFO] frust-perf img skipped=0 evicted=3 resident=60 budget=1024x1024x4
[frust INFO] frust-perf raw n=1522 total_us=16801 rebuild_us=183 layout_us=9 paint_us=12 encode_us=7 acquire_us=11893 submit_us=4695 skipped=0 gpu_q=1 gpu_total_us=4571 gpu_prepass_us=0 gpu_main_us=4571 gpu_composite_us=0 gpu_blit_us=0
[frust INFO] frust-perf img skipped=0 evicted=3 resident=60 budget=1024x1024x4
[frust INFO] frust-perf raw n=1523 total_us=16466 rebuild_us=167 layout_us=6 paint_us=11 encode_us=6 acquire_us=11714 submit_us=4558 skipped=0 gpu_q=1 gpu_total_us=4561 gpu_prepass_us=0 gpu_main_us=4561 gpu_composite_us=0 gpu_blit_us=0
[frust INFO] frust-perf img skipped=0 evicted=3 resident=60 budget=1024x1024x4
[frust INFO] frust-perf raw n=1524 total_us=17572 rebuild_us=765 layout_us=22 paint_us=28 encode_us=5 acquire_us=11986 submit_us=4764 skipped=0 gpu_q=1 gpu_total_us=4667 gpu_prepass_us=0 gpu_main_us=4667 gpu_composite_us=0 gpu_blit_us=0
[frust INFO] frust-perf img skipped=0 evicted=4 resident=60 budget=1024x1024x4
[frust INFO] frust-perf raw n=1525 total_us=17926 rebuild_us=552 layout_us=24 paint_us=35 encode_us=14 acquire_us=12219 submit_us=5080 skipped=0 gpu_q=1 gpu_total_us=4549 gpu_prepass_us=0 gpu_main_us=4549 gpu_composite_us=0 gpu_blit_us=0
[frust INFO] frust-perf img skipped=0 evicted=3 resident=60 budget=1024x1024x4
[frust INFO] frust-perf raw n=1526 total_us=16839 rebuild_us=484 layout_us=27 paint_us=39 encode_us=6 acquire_us=11516 submit_us=4763 skipped=0 gpu_q=1 gpu_total_us=4709 gpu_prepass_us=0 gpu_main_us=4709 gpu_composite_us=0 gpu_blit_us=0
[frust INFO] frust-perf frame n=120 total_p50_ms=17 total_p95_ms=17 total_p99_ms=18 rebuild_p95_ms=0 layout_p95_ms=0 paint_p95_ms=0 encode_p95_ms=0 acquire_p95_ms=12 submit_p95_ms=5 over_60hz=1307 over_120hz=1524 skipped=0 total_frames=1526
[frust INFO] frust-perf img skipped=0 evicted=3 resident=60 budget=1024x1024x4
[frust INFO] frust-perf raw n=1527 total_us=16143 rebuild_us=185 layout_us=9 paint_us=12 encode_us=5 acquire_us=11500 submit_us=4430 skipped=0 gpu_q=1 gpu_total_us=4576 gpu_prepass_us=0 gpu_main_us=4576 gpu_composite_us=0 gpu_blit_us=0
[frust INFO] frust-perf img skipped=0 evicted=3 resident=60 budget=1024x1024x4
[frust INFO] frust-perf raw n=1528 total_us=17404 rebuild_us=699 layout_us=29 paint_us=31 encode_us=6 acquire_us=12184 submit_us=4452 skipped=0 gpu_q=1 gpu_total_us=4607 gpu_prepass_us=0 gpu_main_us=4607 gpu_composite_us=0 gpu_blit_us=0
[frust INFO] frust-perf img skipped=0 evicted=3 resident=60 budget=1024x1024x4
[frust INFO] frust-perf raw n=1529 total_us=17743 rebuild_us=540 layout_us=23 paint_us=34 encode_us=6 acquire_us=12148 submit_us=4989 skipped=0 gpu_q=1 gpu_total_us=4642 gpu_prepass_us=0 gpu_main_us=4642 gpu_composite_us=0 gpu_blit_us=0
[frust INFO] frust-perf img skipped=0 evicted=4 resident=60 budget=1024x1024x4
[frust INFO] frust-perf raw n=1530 total_us=17620 rebuild_us=544 layout_us=26 paint_us=37 encode_us=60 acquire_us=11887 submit_us=5064 skipped=0 gpu_q=1 gpu_total_us=4485 gpu_prepass_us=0 gpu_main_us=4485 gpu_composite_us=0 gpu_blit_us=0
[frust INFO] frust-perf img skipped=0 evicted=3 resident=60 budget=1024x1024x4
[frust INFO] frust-perf raw n=1531 total_us=16954 rebuild_us=475 layout_us=28 paint_us=38 encode_us=5 acquire_us=11228 submit_us=5177 skipped=0 gpu_q=1 gpu_total_us=4547 gpu_prepass_us=0 gpu_main_us=4547 gpu_composite_us=0 gpu_blit_us=0
[frust INFO] frust-perf img skipped=0 evicted=3 resident=60 budget=1024x1024x4
[frust INFO] frust-perf raw n=1532 total_us=16938 rebuild_us=534 layout_us=23 paint_us=33 encode_us=15 acquire_us=11457 submit_us=4874 skipped=0 gpu_q=1 gpu_total_us=4735 gpu_prepass_us=0 gpu_main_us=4735 gpu_composite_us=0 gpu_blit_us=0
[frust INFO] frust-perf img skipped=0 evicted=3 resident=60 budget=1024x1024x4
[frust INFO] frust-perf raw n=1533 total_us=17162 rebuild_us=478 layout_us=20 paint_us=35 encode_us=6 acquire_us=11692 submit_us=4928 skipped=0 gpu_q=1 gpu_total_us=4668 gpu_prepass_us=0 gpu_main_us=4668 gpu_composite_us=0 gpu_blit_us=0
[frust INFO] frust-perf img skipped=0 evicted=3 resident=60 budget=1024x1024x4
[frust INFO] frust-perf raw n=1534 total_us=16997 rebuild_us=514 layout_us=23 paint_us=34 encode_us=12 acquire_us=11673 submit_us=4739 skipped=0 gpu_q=1 gpu_total_us=4578 gpu_prepass_us=0 gpu_main_us=4578 gpu_composite_us=0 gpu_blit_us=0
[frust INFO] frust-perf img skipped=0 evicted=4 resident=60 budget=1024x1024x4
[frust INFO] frust-perf raw n=1535 total_us=17651 rebuild_us=461 layout_us=23 paint_us=32 encode_us=9 acquire_us=11930 submit_us=5193 skipped=0 gpu_q=1 gpu_total_us=4625 gpu_prepass_us=0 gpu_main_us=4625 gpu_composite_us=0 gpu_blit_us=0
[frust INFO] frust-perf img skipped=0 evicted=3 resident=60 budget=1024x1024x4
[frust INFO] frust-perf raw n=1536 total_us=17002 rebuild_us=431 layout_us=25 paint_us=30 encode_us=13 acquire_us=11355 submit_us=5146 skipped=0 gpu_q=1 gpu_total_us=4534 gpu_prepass_us=0 gpu_main_us=4534 gpu_composite_us=0 gpu_blit_us=0
[frust INFO] frust-perf img skipped=0 evicted=3 resident=60 budget=1024x1024x4
[frust INFO] frust-perf raw n=1537 total_us=16935 rebuild_us=512 layout_us=25 paint_us=39 encode_us=10 acquire_us=11442 submit_us=4904 skipped=0 gpu_q=1 gpu_total_us=4628 gpu_prepass_us=0 gpu_main_us=4628 gpu_composite_us=0 gpu_blit_us=0
[frust INFO] frust-perf img skipped=0 evicted=3 resident=60 budget=1024x1024x4
[frust INFO] frust-perf raw n=1538 total_us=17261 rebuild_us=515 layout_us=25 paint_us=37 encode_us=9 acquire_us=11761 submit_us=4912 skipped=0 gpu_q=1 gpu_total_us=4670 gpu_prepass_us=0 gpu_main_us=4670 gpu_composite_us=0 gpu_blit_us=0
[frust INFO] frust-perf img skipped=0 evicted=3 resident=60 budget=1024x1024x4
[frust INFO] frust-perf raw n=1539 total_us=17003 rebuild_us=475 layout_us=29 paint_us=36 encode_us=13 acquire_us=11616 submit_us=4832 skipped=0 gpu_q=1 gpu_total_us=4639 gpu_prepass_us=0 gpu_main_us=4639 gpu_composite_us=0 gpu_blit_us=0
[frust INFO] frust-perf img skipped=0 evicted=4 resident=60 budget=1024x1024x4
[frust INFO] frust-perf raw n=1540 total_us=18056 rebuild_us=514 layout_us=27 paint_us=37 encode_us=10 acquire_us=11716 submit_us=5750 skipped=0 gpu_q=1 gpu_total_us=4595 gpu_prepass_us=0 gpu_main_us=4595 gpu_composite_us=0 gpu_blit_us=0
[frust INFO] frust-perf img skipped=0 evicted=3 resident=60 budget=1024x1024x4
[frust INFO] frust-perf raw n=1541 total_us=16465 rebuild_us=499 layout_us=24 paint_us=42 encode_us=10 acquire_us=10919 submit_us=4969 skipped=0 gpu_q=1 gpu_total_us=4748 gpu_prepass_us=0 gpu_main_us=4748 gpu_composite_us=0 gpu_blit_us=0
[frust INFO] frust-perf img skipped=0 evicted=3 resident=60 budget=1024x1024x4
[frust INFO] frust-perf raw n=1542 total_us=17066 rebuild_us=556 layout_us=21 paint_us=35 encode_us=9 acquire_us=11619 submit_us=4822 skipped=0 gpu_q=1 gpu_total_us=4700 gpu_prepass_us=0 gpu_main_us=4700 gpu_composite_us=0 gpu_blit_us=0
[frust INFO] frust-perf img skipped=0 evicted=3 resident=60 budget=1024x1024x4
[frust INFO] frust-perf raw n=1543 total_us=17027 rebuild_us=494 layout_us=25 paint_us=27 encode_us=11 acquire_us=11746 submit_us=4722 skipped=0 gpu_q=1 gpu_total_us=4660 gpu_prepass_us=0 gpu_main_us=4660 gpu_composite_us=0 gpu_blit_us=0
[frust INFO] frust-perf img skipped=0 evicted=3 resident=60 budget=1024x1024x4
[frust INFO] frust-perf raw n=1544 total_us=17303 rebuild_us=458 layout_us=21 paint_us=33 encode_us=9 acquire_us=11914 submit_us=4866 skipped=0 gpu_q=1 gpu_total_us=4650 gpu_prepass_us=0 gpu_main_us=4650 gpu_composite_us=0 gpu_blit_us=0
[frust INFO] frust-perf img skipped=0 evicted=4 resident=60 budget=1024x1024x4
[frust INFO] frust-perf raw n=1545 total_us=17935 rebuild_us=503 layout_us=26 paint_us=40 encode_us=9 acquire_us=11936 submit_us=5418 skipped=0 gpu_q=1 gpu_total_us=4612 gpu_prepass_us=0 gpu_main_us=4612 gpu_composite_us=0 gpu_blit_us=0
[frust INFO] frust-perf img skipped=0 evicted=3 resident=60 budget=1024x1024x4
[frust INFO] frust-perf raw n=1546 total_us=16620 rebuild_us=439 layout_us=25 paint_us=33 encode_us=10 acquire_us=11058 submit_us=5053 skipped=0 gpu_q=1 gpu_total_us=4662 gpu_prepass_us=0 gpu_main_us=4662 gpu_composite_us=0 gpu_blit_us=0
[frust INFO] frust-perf img skipped=0 evicted=3 resident=60 budget=1024x1024x4
[frust INFO] frust-perf raw n=1547 total_us=16808 rebuild_us=530 layout_us=26 paint_us=34 encode_us=9 acquire_us=11490 submit_us=4716 skipped=0 gpu_q=1 gpu_total_us=4661 gpu_prepass_us=0 gpu_main_us=4661 gpu_composite_us=0 gpu_blit_us=0
[frust INFO] frust-perf img skipped=0 evicted=3 resident=60 budget=1024x1024x4
[frust INFO] frust-perf raw n=1548 total_us=17109 rebuild_us=493 layout_us=27 paint_us=32 encode_us=6 acquire_us=11883 submit_us=4665 skipped=0 gpu_q=1 gpu_total_us=4632 gpu_prepass_us=0 gpu_main_us=4632 gpu_composite_us=0 gpu_blit_us=0
[frust INFO] frust-perf img skipped=0 evicted=3 resident=60 budget=1024x1024x4
[frust INFO] frust-perf raw n=1549 total_us=17761 rebuild_us=534 layout_us=20 paint_us=33 encode_us=6 acquire_us=11905 submit_us=5261 skipped=0 gpu_q=1 gpu_total_us=4642 gpu_prepass_us=0 gpu_main_us=4642 gpu_composite_us=0 gpu_blit_us=0
[frust INFO] frust-perf img skipped=0 evicted=4 resident=60 budget=1024x1024x4
[frust INFO] frust-perf raw n=1550 total_us=17897 rebuild_us=531 layout_us=24 paint_us=40 encode_us=7 acquire_us=11717 submit_us=5576 skipped=0 gpu_q=1 gpu_total_us=4622 gpu_prepass_us=0 gpu_main_us=4622 gpu_composite_us=0 gpu_blit_us=0
[frust INFO] frust-perf img skipped=0 evicted=3 resident=60 budget=1024x1024x4
[frust INFO] frust-perf raw n=1551 total_us=16755 rebuild_us=551 layout_us=22 paint_us=40 encode_us=11 acquire_us=11001 submit_us=5127 skipped=0 gpu_q=1 gpu_total_us=4649 gpu_prepass_us=0 gpu_main_us=4649 gpu_composite_us=0 gpu_blit_us=0
[frust INFO] frust-perf img skipped=0 evicted=3 resident=60 budget=1024x1024x4
[frust INFO] frust-perf raw n=1552 total_us=15673 rebuild_us=192 layout_us=7 paint_us=11 encode_us=15 acquire_us=11245 submit_us=4200 skipped=0 gpu_q=1 gpu_total_us=4545 gpu_prepass_us=0 gpu_main_us=4545 gpu_composite_us=0 gpu_blit_us=0
[frust INFO] frust-perf img skipped=0 evicted=3 resident=60 budget=1024x1024x4
[frust INFO] frust-perf raw n=1553 total_us=17827 rebuild_us=733 layout_us=27 paint_us=39 encode_us=5 acquire_us=12393 submit_us=4628 skipped=0 gpu_q=1 gpu_total_us=4594 gpu_prepass_us=0 gpu_main_us=4594 gpu_composite_us=0 gpu_blit_us=0
[frust INFO] frust-perf img skipped=0 evicted=3 resident=60 budget=1024x1024x4
[frust INFO] frust-perf raw n=1554 total_us=18104 rebuild_us=570 layout_us=25 paint_us=31 encode_us=6 acquire_us=12132 submit_us=5339 skipped=0 gpu_q=1 gpu_total_us=4634 gpu_prepass_us=0 gpu_main_us=4634 gpu_composite_us=0 gpu_blit_us=0
[frust INFO] frust-perf img skipped=0 evicted=4 resident=60 budget=1024x1024x4
[frust INFO] frust-perf raw n=1555 total_us=17324 rebuild_us=569 layout_us=24 paint_us=37 encode_us=6 acquire_us=11455 submit_us=5231 skipped=0 gpu_q=1 gpu_total_us=4571 gpu_prepass_us=0 gpu_main_us=4571 gpu_composite_us=0 gpu_blit_us=0
[frust INFO] frust-perf img skipped=0 evicted=3 resident=60 budget=1024x1024x4
[frust INFO] frust-perf raw n=1556 total_us=16595 rebuild_us=573 layout_us=28 paint_us=36 encode_us=6 acquire_us=11163 submit_us=4786 skipped=0 gpu_q=1 gpu_total_us=4591 gpu_prepass_us=0 gpu_main_us=4591 gpu_composite_us=0 gpu_blit_us=0
[frust INFO] frust-perf img skipped=0 evicted=3 resident=60 budget=1024x1024x4
[frust INFO] frust-perf raw n=1557 total_us=17655 rebuild_us=551 layout_us=22 paint_us=33 encode_us=6 acquire_us=11958 submit_us=5083 skipped=0 gpu_q=1 gpu_total_us=4655 gpu_prepass_us=0 gpu_main_us=4655 gpu_composite_us=0 gpu_blit_us=0
[frust INFO] frust-perf img skipped=0 evicted=3 resident=60 budget=1024x1024x4
[frust INFO] frust-perf raw n=1558 total_us=17098 rebuild_us=570 layout_us=26 paint_us=36 encode_us=6 acquire_us=11367 submit_us=5091 skipped=0 gpu_q=1 gpu_total_us=4577 gpu_prepass_us=0 gpu_main_us=4577 gpu_composite_us=0 gpu_blit_us=0
[frust INFO] frust-perf img skipped=0 evicted=3 resident=60 budget=1024x1024x4
[frust INFO] frust-perf raw n=1559 total_us=16733 rebuild_us=587 layout_us=24 paint_us=38 encode_us=12 acquire_us=11552 submit_us=4518 skipped=0 gpu_q=1 gpu_total_us=4590 gpu_prepass_us=0 gpu_main_us=4590 gpu_composite_us=0 gpu_blit_us=0
[frust INFO] frust-perf img skipped=0 evicted=3 resident=60 budget=1024x1024x4
[frust INFO] frust-perf enc n=1560 w=60 validate_us=3.6 prepare_us=4.3 classify_us=10.8 admit_us=0.3 walk_us=1395.3 glyphs_us=99.0 finish_us=3.5 compile_us=1482.3 schedule_us=5.2 paints_us=18.4 instances_us=75.1 resize_us=3.1 upload_us=1861.5 replay_us=0.8 pipelines_us=18.2 record_us=35.1 total_us=3510.8 total_p95_us=4093.8 draws=29 strips=2111 alphas=51696 glyph_draws=17 atlas_glyphs=17
[frust INFO] frust-perf raw n=1560 total_us=17532 rebuild_us=590 layout_us=29 paint_us=41 encode_us=9 acquire_us=12302 submit_us=4559 skipped=0 gpu_q=1 gpu_total_us=4526 gpu_prepass_us=0 gpu_main_us=4526 gpu_composite_us=0 gpu_blit_us=0
[frust INFO] frust-perf img skipped=0 evicted=4 resident=60 budget=1024x1024x4
[frust INFO] frust-perf raw n=1561 total_us=18173 rebuild_us=499 layout_us=29 paint_us=30 encode_us=5 acquire_us=11980 submit_us=5627 skipped=0 gpu_q=1 gpu_total_us=4575 gpu_prepass_us=0 gpu_main_us=4575 gpu_composite_us=0 gpu_blit_us=0
[frust INFO] frust-perf img skipped=0 evicted=3 resident=60 budget=1024x1024x4
[frust INFO] frust-perf raw n=1562 total_us=16395 rebuild_us=527 layout_us=21 paint_us=32 encode_us=6 acquire_us=10826 submit_us=4980 skipped=0 gpu_q=1 gpu_total_us=4735 gpu_prepass_us=0 gpu_main_us=4735 gpu_composite_us=0 gpu_blit_us=0
[frust INFO] frust-perf img skipped=0 evicted=3 resident=60 budget=1024x1024x4
[frust INFO] frust-perf raw n=1563 total_us=16767 rebuild_us=511 layout_us=26 paint_us=38 encode_us=7 acquire_us=11705 submit_us=4478 skipped=0 gpu_q=1 gpu_total_us=4662 gpu_prepass_us=0 gpu_main_us=4662 gpu_composite_us=0 gpu_blit_us=0
[frust INFO] frust-perf img skipped=0 evicted=3 resident=60 budget=1024x1024x4
[frust INFO] frust-perf raw n=1564 total_us=17719 rebuild_us=501 layout_us=24 paint_us=30 encode_us=6 acquire_us=12125 submit_us=5031 skipped=0 gpu_q=1 gpu_total_us=4578 gpu_prepass_us=0 gpu_main_us=4578 gpu_composite_us=0 gpu_blit_us=0
[frust INFO] frust-perf img skipped=0 evicted=3 resident=60 budget=1024x1024x4
[frust INFO] frust-perf raw n=1565 total_us=16900 rebuild_us=539 layout_us=28 paint_us=34 encode_us=10 acquire_us=11790 submit_us=4496 skipped=0 gpu_q=1 gpu_total_us=4585 gpu_prepass_us=0 gpu_main_us=4585 gpu_composite_us=0 gpu_blit_us=0
[frust INFO] frust-perf img skipped=0 evicted=4 resident=60 budget=1024x1024x4
[frust INFO] frust-perf raw n=1566 total_us=18156 rebuild_us=491 layout_us=27 paint_us=34 encode_us=6 acquire_us=11965 submit_us=5630 skipped=0 gpu_q=1 gpu_total_us=4500 gpu_prepass_us=0 gpu_main_us=4500 gpu_composite_us=0 gpu_blit_us=0
[frust INFO] frust-perf img skipped=0 evicted=3 resident=60 budget=1024x1024x4
[frust INFO] frust-perf raw n=1567 total_us=16317 rebuild_us=527 layout_us=25 paint_us=33 encode_us=13 acquire_us=10869 submit_us=4848 skipped=0 gpu_q=1 gpu_total_us=4541 gpu_prepass_us=0 gpu_main_us=4541 gpu_composite_us=0 gpu_blit_us=0
[frust INFO] frust-perf img skipped=0 evicted=3 resident=60 budget=1024x1024x4
[frust INFO] frust-perf raw n=1568 total_us=16909 rebuild_us=479 layout_us=21 paint_us=34 encode_us=9 acquire_us=11772 submit_us=4590 skipped=0 gpu_q=1 gpu_total_us=4655 gpu_prepass_us=0 gpu_main_us=4655 gpu_composite_us=0 gpu_blit_us=0
[frust INFO] frust-perf img skipped=0 evicted=3 resident=60 budget=1024x1024x4
[frust INFO] frust-perf raw n=1569 total_us=17837 rebuild_us=473 layout_us=25 paint_us=30 encode_us=12 acquire_us=12031 submit_us=5263 skipped=0 gpu_q=1 gpu_total_us=4605 gpu_prepass_us=0 gpu_main_us=4605 gpu_composite_us=0 gpu_blit_us=0
[frust INFO] frust-perf img skipped=0 evicted=3 resident=60 budget=1024x1024x4
[frust INFO] frust-perf raw n=1570 total_us=16734 rebuild_us=479 layout_us=24 paint_us=34 encode_us=10 acquire_us=11248 submit_us=4937 skipped=0 gpu_q=1 gpu_total_us=4596 gpu_prepass_us=0 gpu_main_us=4596 gpu_composite_us=0 gpu_blit_us=0
[frust INFO] frust-perf img skipped=0 evicted=4 resident=60 budget=1024x1024x4
[frust INFO] frust-perf raw n=1571 total_us=17686 rebuild_us=568 layout_us=31 paint_us=41 encode_us=13 acquire_us=11631 submit_us=5401 skipped=0 gpu_q=1 gpu_total_us=4639 gpu_prepass_us=0 gpu_main_us=4639 gpu_composite_us=0 gpu_blit_us=0
[frust INFO] frust-perf img skipped=0 evicted=3 resident=60 budget=1024x1024x4
[frust INFO] frust-perf raw n=1572 total_us=16385 rebuild_us=507 layout_us=24 paint_us=35 encode_us=9 acquire_us=11259 submit_us=4549 skipped=0 gpu_q=1 gpu_total_us=4657 gpu_prepass_us=0 gpu_main_us=4657 gpu_composite_us=0 gpu_blit_us=0
[frust INFO] frust-perf img skipped=0 evicted=3 resident=60 budget=1024x1024x4
[frust INFO] frust-perf raw n=1573 total_us=17294 rebuild_us=528 layout_us=28 paint_us=33 encode_us=9 acquire_us=12088 submit_us=4605 skipped=0 gpu_q=1 gpu_total_us=4734 gpu_prepass_us=0 gpu_main_us=4734 gpu_composite_us=0 gpu_blit_us=0
[frust INFO] frust-perf img skipped=0 evicted=3 resident=60 budget=1024x1024x4
[frust INFO] frust-perf raw n=1574 total_us=17772 rebuild_us=518 layout_us=23 paint_us=34 encode_us=6 acquire_us=11987 submit_us=5202 skipped=0 gpu_q=1 gpu_total_us=4697 gpu_prepass_us=0 gpu_main_us=4697 gpu_composite_us=0 gpu_blit_us=0
[frust INFO] frust-perf img skipped=0 evicted=3 resident=60 budget=1024x1024x4
[frust INFO] frust-perf raw n=1575 total_us=17182 rebuild_us=534 layout_us=27 paint_us=33 encode_us=7 acquire_us=11794 submit_us=4785 skipped=0 gpu_q=1 gpu_total_us=4469 gpu_prepass_us=0 gpu_main_us=4469 gpu_composite_us=0 gpu_blit_us=0
[frust INFO] frust-perf img skipped=0 evicted=4 resident=60 budget=1024x1024x4
[frust INFO] frust-perf raw n=1576 total_us=17548 rebuild_us=509 layout_us=23 paint_us=32 encode_us=15 acquire_us=11428 submit_us=5538 skipped=0 gpu_q=1 gpu_total_us=4421 gpu_prepass_us=0 gpu_main_us=4421 gpu_composite_us=0 gpu_blit_us=0
[frust INFO] frust-perf img skipped=0 evicted=3 resident=60 budget=1024x1024x4
[frust INFO] frust-perf raw n=1577 total_us=16577 rebuild_us=505 layout_us=29 paint_us=38 encode_us=15 acquire_us=11168 submit_us=4819 skipped=0 gpu_q=1 gpu_total_us=4578 gpu_prepass_us=0 gpu_main_us=4578 gpu_composite_us=0 gpu_blit_us=0
[frust INFO] frust-perf img skipped=0 evicted=3 resident=60 budget=1024x1024x4
[frust INFO] frust-perf raw n=1578 total_us=17260 rebuild_us=564 layout_us=26 paint_us=32 encode_us=10 acquire_us=11815 submit_us=4812 skipped=0 gpu_q=1 gpu_total_us=4620 gpu_prepass_us=0 gpu_main_us=4620 gpu_composite_us=0 gpu_blit_us=0
[frust INFO] frust-perf img skipped=0 evicted=3 resident=60 budget=1024x1024x4
[frust INFO] frust-perf raw n=1579 total_us=17475 rebuild_us=506 layout_us=23 paint_us=35 encode_us=13 acquire_us=11819 submit_us=5076 skipped=0 gpu_q=1 gpu_total_us=4709 gpu_prepass_us=0 gpu_main_us=4709 gpu_composite_us=0 gpu_blit_us=0
[frust INFO] frust-perf img skipped=0 evicted=3 resident=60 budget=1024x1024x4
[frust INFO] frust-perf raw n=1580 total_us=16862 rebuild_us=578 layout_us=30 paint_us=34 encode_us=6 acquire_us=11653 submit_us=4560 skipped=0 gpu_q=1 gpu_total_us=4635 gpu_prepass_us=0 gpu_main_us=4635 gpu_composite_us=0 gpu_blit_us=0
[frust INFO] frust-perf img skipped=0 evicted=4 resident=60 budget=1024x1024x4
[frust INFO] frust-perf raw n=1581 total_us=17654 rebuild_us=568 layout_us=26 paint_us=37 encode_us=6 acquire_us=11830 submit_us=5185 skipped=0 gpu_q=1 gpu_total_us=4695 gpu_prepass_us=0 gpu_main_us=4695 gpu_composite_us=0 gpu_blit_us=0
[frust INFO] frust-perf img skipped=0 evicted=3 resident=60 budget=1024x1024x4
[frust INFO] frust-perf raw n=1582 total_us=17272 rebuild_us=552 layout_us=25 paint_us=41 encode_us=7 acquire_us=11508 submit_us=5136 skipped=0 gpu_q=1 gpu_total_us=4644 gpu_prepass_us=0 gpu_main_us=4644 gpu_composite_us=0 gpu_blit_us=0
[frust INFO] frust-perf img skipped=0 evicted=3 resident=60 budget=1024x1024x4
[frust INFO] frust-perf raw n=1583 total_us=16958 rebuild_us=541 layout_us=26 paint_us=37 encode_us=11 acquire_us=11577 submit_us=4763 skipped=0 gpu_q=1 gpu_total_us=4704 gpu_prepass_us=0 gpu_main_us=4704 gpu_composite_us=0 gpu_blit_us=0
[frust INFO] frust-perf img skipped=0 evicted=3 resident=60 budget=1024x1024x4
[frust INFO] frust-perf raw n=1584 total_us=16824 rebuild_us=428 layout_us=23 paint_us=26 encode_us=10 acquire_us=11709 submit_us=4627 skipped=0 gpu_q=1 gpu_total_us=4527 gpu_prepass_us=0 gpu_main_us=4527 gpu_composite_us=0 gpu_blit_us=0
[frust INFO] frust-perf img skipped=0 evicted=3 resident=60 budget=1024x1024x4
[frust INFO] frust-perf raw n=1585 total_us=17439 rebuild_us=491 layout_us=24 paint_us=31 encode_us=9 acquire_us=11957 submit_us=4924 skipped=0 gpu_q=1 gpu_total_us=4722 gpu_prepass_us=0 gpu_main_us=4722 gpu_composite_us=0 gpu_blit_us=0
[frust INFO] frust-perf img skipped=0 evicted=4 resident=60 budget=1024x1024x4
[frust INFO] frust-perf raw n=1586 total_us=17670 rebuild_us=494 layout_us=29 paint_us=37 encode_us=13 acquire_us=11665 submit_us=5429 skipped=0 gpu_q=1 gpu_total_us=4596 gpu_prepass_us=0 gpu_main_us=4596 gpu_composite_us=0 gpu_blit_us=0
[frust INFO] frust-perf img skipped=0 evicted=3 resident=60 budget=1024x1024x4
[frust INFO] frust-perf raw n=1587 total_us=16574 rebuild_us=495 layout_us=25 paint_us=35 encode_us=9 acquire_us=11144 submit_us=4863 skipped=0 gpu_q=1 gpu_total_us=4686 gpu_prepass_us=0 gpu_main_us=4686 gpu_composite_us=0 gpu_blit_us=0
[frust INFO] frust-perf img skipped=0 evicted=3 resident=60 budget=1024x1024x4
[frust INFO] frust-perf raw n=1588 total_us=17026 rebuild_us=458 layout_us=25 paint_us=36 encode_us=9 acquire_us=11788 submit_us=4708 skipped=0 gpu_q=1 gpu_total_us=4654 gpu_prepass_us=0 gpu_main_us=4654 gpu_composite_us=0 gpu_blit_us=0
[frust INFO] frust-perf img skipped=0 evicted=3 resident=60 budget=1024x1024x4
[frust INFO] frust-perf raw n=1589 total_us=17215 rebuild_us=476 layout_us=24 paint_us=34 encode_us=12 acquire_us=11893 submit_us=4774 skipped=0 gpu_q=1 gpu_total_us=4650 gpu_prepass_us=0 gpu_main_us=4650 gpu_composite_us=0 gpu_blit_us=0
[frust INFO] frust-perf img skipped=0 evicted=3 resident=60 budget=1024x1024x4
[frust INFO] frust-perf raw n=1590 total_us=17309 rebuild_us=512 layout_us=24 paint_us=34 encode_us=10 acquire_us=11745 submit_us=4981 skipped=0 gpu_q=1 gpu_total_us=4636 gpu_prepass_us=0 gpu_main_us=4636 gpu_composite_us=0 gpu_blit_us=0
[frust INFO] frust-perf img skipped=0 evicted=4 resident=60 budget=1024x1024x4
[frust INFO] frust-perf raw n=1591 total_us=17539 rebuild_us=430 layout_us=21 paint_us=34 encode_us=9 acquire_us=11912 submit_us=5131 skipped=0 gpu_q=1 gpu_total_us=4600 gpu_prepass_us=0 gpu_main_us=4600 gpu_composite_us=0 gpu_blit_us=0
[frust INFO] frust-perf img skipped=0 evicted=3 resident=60 budget=1024x1024x4
[frust INFO] frust-perf raw n=1592 total_us=16408 rebuild_us=470 layout_us=24 paint_us=33 encode_us=13 acquire_us=11284 submit_us=4582 skipped=0 gpu_q=1 gpu_total_us=4649 gpu_prepass_us=0 gpu_main_us=4649 gpu_composite_us=0 gpu_blit_us=0
[frust INFO] frust-perf img skipped=0 evicted=3 resident=60 budget=1024x1024x4
[frust INFO] frust-perf raw n=1593 total_us=17660 rebuild_us=510 layout_us=28 paint_us=33 encode_us=9 acquire_us=11998 submit_us=5080 skipped=0 gpu_q=1 gpu_total_us=4631 gpu_prepass_us=0 gpu_main_us=4631 gpu_composite_us=0 gpu_blit_us=0
[frust INFO] frust-perf img skipped=0 evicted=3 resident=60 budget=1024x1024x4
[frust INFO] frust-perf raw n=1594 total_us=16874 rebuild_us=480 layout_us=27 paint_us=34 encode_us=9 acquire_us=11523 submit_us=4799 skipped=0 gpu_q=1 gpu_total_us=4676 gpu_prepass_us=0 gpu_main_us=4676 gpu_composite_us=0 gpu_blit_us=0
[frust INFO] frust-perf img skipped=0 evicted=3 resident=60 budget=1024x1024x4
[frust INFO] frust-perf raw n=1595 total_us=17037 rebuild_us=518 layout_us=21 paint_us=32 encode_us=10 acquire_us=11703 submit_us=4751 skipped=0 gpu_q=1 gpu_total_us=4619 gpu_prepass_us=0 gpu_main_us=4619 gpu_composite_us=0 gpu_blit_us=0
[frust INFO] frust-perf img skipped=0 evicted=4 resident=60 budget=1024x1024x4
[frust INFO] frust-perf raw n=1596 total_us=17796 rebuild_us=524 layout_us=24 paint_us=36 encode_us=10 acquire_us=11865 submit_us=5335 skipped=0 gpu_q=1 gpu_total_us=4598 gpu_prepass_us=0 gpu_main_us=4598 gpu_composite_us=0 gpu_blit_us=0
[frust INFO] frust-perf img skipped=0 evicted=3 resident=60 budget=1024x1024x4
[frust INFO] frust-perf raw n=1597 total_us=16670 rebuild_us=454 layout_us=26 paint_us=36 encode_us=13 acquire_us=11336 submit_us=4802 skipped=0 gpu_q=1 gpu_total_us=4624 gpu_prepass_us=0 gpu_main_us=4624 gpu_composite_us=0 gpu_blit_us=0
[frust INFO] frust-perf img skipped=0 evicted=3 resident=60 budget=1024x1024x4
[frust INFO] frust-perf raw n=1598 total_us=16971 rebuild_us=461 layout_us=21 paint_us=32 encode_us=9 acquire_us=11703 submit_us=4743 skipped=0 gpu_q=1 gpu_total_us=4641 gpu_prepass_us=0 gpu_main_us=4641 gpu_composite_us=0 gpu_blit_us=0
[frust INFO] frust-perf img skipped=0 evicted=3 resident=60 budget=1024x1024x4
[frust INFO] frust-perf raw n=1599 total_us=17316 rebuild_us=454 layout_us=25 paint_us=38 encode_us=9 acquire_us=11954 submit_us=4835 skipped=0 gpu_q=1 gpu_total_us=4609 gpu_prepass_us=0 gpu_main_us=4609 gpu_composite_us=0 gpu_blit_us=0
[frust INFO] frust-perf img skipped=0 evicted=3 resident=60 budget=1024x1024x4
[frust INFO] frust-perf raw n=1600 total_us=17132 rebuild_us=406 layout_us=24 paint_us=29 encode_us=11 acquire_us=11749 submit_us=4910 skipped=0 gpu_q=1 gpu_total_us=4648 gpu_prepass_us=0 gpu_main_us=4648 gpu_composite_us=0 gpu_blit_us=0
[frust INFO] frust-perf img skipped=0 evicted=4 resident=60 budget=1024x1024x4
[frust INFO] frust-perf raw n=1601 total_us=17883 rebuild_us=559 layout_us=30 paint_us=38 encode_us=10 acquire_us=11919 submit_us=5324 skipped=0 gpu_q=1 gpu_total_us=4597 gpu_prepass_us=0 gpu_main_us=4597 gpu_composite_us=0 gpu_blit_us=0
[frust INFO] frust-perf img skipped=0 evicted=3 resident=60 budget=1024x1024x4
[frust INFO] frust-perf raw n=1602 total_us=16682 rebuild_us=509 layout_us=29 paint_us=35 encode_us=9 acquire_us=11131 submit_us=4967 skipped=0 gpu_q=1 gpu_total_us=4647 gpu_prepass_us=0 gpu_main_us=4647 gpu_composite_us=0 gpu_blit_us=0
[frust INFO] frust-perf img skipped=0 evicted=3 resident=60 budget=1024x1024x4
[frust INFO] frust-perf raw n=1603 total_us=16831 rebuild_us=469 layout_us=24 paint_us=33 encode_us=9 acquire_us=11507 submit_us=4786 skipped=0 gpu_q=1 gpu_total_us=4693 gpu_prepass_us=0 gpu_main_us=4693 gpu_composite_us=0 gpu_blit_us=0
[frust INFO] frust-perf img skipped=0 evicted=3 resident=60 budget=1024x1024x4
[frust INFO] frust-perf raw n=1604 total_us=17163 rebuild_us=475 layout_us=21 paint_us=32 encode_us=7 acquire_us=11829 submit_us=4796 skipped=0 gpu_q=1 gpu_total_us=4694 gpu_prepass_us=0 gpu_main_us=4694 gpu_composite_us=0 gpu_blit_us=0
[frust INFO] frust-perf img skipped=0 evicted=3 resident=60 budget=1024x1024x4
[frust INFO] frust-perf raw n=1605 total_us=17089 rebuild_us=495 layout_us=20 paint_us=29 encode_us=14 acquire_us=11863 submit_us=4666 skipped=0 gpu_q=1 gpu_total_us=4666 gpu_prepass_us=0 gpu_main_us=4666 gpu_composite_us=0 gpu_blit_us=0
[frust INFO] frust-perf img skipped=0 evicted=4 resident=60 budget=1024x1024x4
[frust INFO] frust-perf raw n=1606 total_us=17680 rebuild_us=460 layout_us=25 paint_us=37 encode_us=9 acquire_us=12191 submit_us=4954 skipped=0 gpu_q=1 gpu_total_us=4406 gpu_prepass_us=0 gpu_main_us=4406 gpu_composite_us=0 gpu_blit_us=0
[frust INFO] frust-perf img skipped=0 evicted=3 resident=60 budget=1024x1024x4
[frust INFO] frust-perf raw n=1607 total_us=17108 rebuild_us=481 layout_us=24 paint_us=29 encode_us=7 acquire_us=11454 submit_us=5111 skipped=0 gpu_q=1 gpu_total_us=4541 gpu_prepass_us=0 gpu_main_us=4541 gpu_composite_us=0 gpu_blit_us=0
[frust INFO] frust-perf img skipped=0 evicted=3 resident=60 budget=1024x1024x4
[frust INFO] frust-perf raw n=1608 total_us=16852 rebuild_us=510 layout_us=24 paint_us=31 encode_us=11 acquire_us=11455 submit_us=4818 skipped=0 gpu_q=1 gpu_total_us=4732 gpu_prepass_us=0 gpu_main_us=4732 gpu_composite_us=0 gpu_blit_us=0
[frust INFO] frust-perf img skipped=0 evicted=3 resident=60 budget=1024x1024x4
[frust INFO] frust-perf raw n=1609 total_us=17120 rebuild_us=463 layout_us=28 paint_us=34 encode_us=6 acquire_us=11821 submit_us=4767 skipped=0 gpu_q=1 gpu_total_us=4615 gpu_prepass_us=0 gpu_main_us=4615 gpu_composite_us=0 gpu_blit_us=0
[frust INFO] frust-perf img skipped=0 evicted=3 resident=60 budget=1024x1024x4
[frust INFO] frust-perf raw n=1610 total_us=17267 rebuild_us=537 layout_us=24 paint_us=34 encode_us=15 acquire_us=11836 submit_us=4818 skipped=0 gpu_q=1 gpu_total_us=4590 gpu_prepass_us=0 gpu_main_us=4590 gpu_composite_us=0 gpu_blit_us=0
[frust INFO] frust-perf img skipped=0 evicted=3 resident=60 budget=1024x1024x4
[frust INFO] frust-perf raw n=1611 total_us=17005 rebuild_us=484 layout_us=26 paint_us=30 encode_us=9 acquire_us=12019 submit_us=4434 skipped=0 gpu_q=1 gpu_total_us=4600 gpu_prepass_us=0 gpu_main_us=4600 gpu_composite_us=0 gpu_blit_us=0
[frust INFO] frust-perf img skipped=0 evicted=4 resident=60 budget=1024x1024x4
[frust INFO] frust-perf raw n=1612 total_us=18344 rebuild_us=488 layout_us=24 paint_us=38 encode_us=7 acquire_us=12032 submit_us=5753 skipped=0 gpu_q=1 gpu_total_us=4539 gpu_prepass_us=0 gpu_main_us=4539 gpu_composite_us=0 gpu_blit_us=0
[frust INFO] frust-perf img skipped=0 evicted=3 resident=60 budget=1024x1024x4
[frust INFO] frust-perf raw n=1613 total_us=16417 rebuild_us=523 layout_us=23 paint_us=31 encode_us=7 acquire_us=10754 submit_us=5076 skipped=0 gpu_q=1 gpu_total_us=4634 gpu_prepass_us=0 gpu_main_us=4634 gpu_composite_us=0 gpu_blit_us=0
[frust INFO] frust-perf img skipped=0 evicted=3 resident=60 budget=1024x1024x4
[frust INFO] frust-perf raw n=1614 total_us=16951 rebuild_us=533 layout_us=24 paint_us=34 encode_us=6 acquire_us=11542 submit_us=4810 skipped=0 gpu_q=1 gpu_total_us=4680 gpu_prepass_us=0 gpu_main_us=4680 gpu_composite_us=0 gpu_blit_us=0
[frust INFO] frust-perf img skipped=0 evicted=3 resident=60 budget=1024x1024x4
[frust INFO] frust-perf raw n=1615 total_us=17623 rebuild_us=547 layout_us=17 paint_us=33 encode_us=7 acquire_us=11970 submit_us=5046 skipped=0 gpu_q=1 gpu_total_us=4580 gpu_prepass_us=0 gpu_main_us=4580 gpu_composite_us=0 gpu_blit_us=0
[frust INFO] frust-perf img skipped=0 evicted=3 resident=60 budget=1024x1024x4
[frust INFO] frust-perf raw n=1616 total_us=16840 rebuild_us=552 layout_us=28 paint_us=40 encode_us=11 acquire_us=11504 submit_us=4702 skipped=0 gpu_q=1 gpu_total_us=4586 gpu_prepass_us=0 gpu_main_us=4586 gpu_composite_us=0 gpu_blit_us=0
[frust INFO] frust-perf img skipped=0 evicted=4 resident=60 budget=1024x1024x4
[frust INFO] frust-perf raw n=1617 total_us=17659 rebuild_us=437 layout_us=23 paint_us=36 encode_us=13 acquire_us=11844 submit_us=5304 skipped=0 gpu_q=1 gpu_total_us=4663 gpu_prepass_us=0 gpu_main_us=4663 gpu_composite_us=0 gpu_blit_us=0
[frust INFO] frust-perf img skipped=0 evicted=3 resident=60 budget=1024x1024x4
[frust INFO] frust-perf raw n=1618 total_us=16705 rebuild_us=489 layout_us=27 paint_us=36 encode_us=9 acquire_us=11316 submit_us=4824 skipped=0 gpu_q=1 gpu_total_us=4702 gpu_prepass_us=0 gpu_main_us=4702 gpu_composite_us=0 gpu_blit_us=0
[frust INFO] frust-perf img skipped=0 evicted=3 resident=60 budget=1024x1024x4
[frust INFO] frust-perf raw n=1619 total_us=17406 rebuild_us=515 layout_us=21 paint_us=38 encode_us=9 acquire_us=11810 submit_us=5012 skipped=0 gpu_q=1 gpu_total_us=4678 gpu_prepass_us=0 gpu_main_us=4678 gpu_composite_us=0 gpu_blit_us=0
[frust INFO] frust-perf img skipped=0 evicted=3 resident=60 budget=1024x1024x4
[frust INFO] frust-perf enc n=1620 w=60 validate_us=3.5 prepare_us=4.4 classify_us=10.8 admit_us=0.3 walk_us=1409.5 glyphs_us=103.6 finish_us=3.3 compile_us=1489.3 schedule_us=5.0 paints_us=18.7 instances_us=76.5 resize_us=3.2 upload_us=1822.6 replay_us=0.7 pipelines_us=20.1 record_us=35.5 total_us=3452.0 total_p95_us=4089.7 draws=29 strips=2111 alphas=51696 glyph_draws=17 atlas_glyphs=17
[frust INFO] frust-perf raw n=1620 total_us=16899 rebuild_us=498 layout_us=24 paint_us=36 encode_us=9 acquire_us=11517 submit_us=4811 skipped=0 gpu_q=1 gpu_total_us=4588 gpu_prepass_us=0 gpu_main_us=4588 gpu_composite_us=0 gpu_blit_us=0
[frust INFO] frust-perf img skipped=0 evicted=3 resident=60 budget=1024x1024x4
[frust INFO] frust-perf raw n=1621 total_us=17210 rebuild_us=493 layout_us=20 paint_us=35 encode_us=9 acquire_us=11846 submit_us=4805 skipped=0 gpu_q=1 gpu_total_us=4588 gpu_prepass_us=0 gpu_main_us=4588 gpu_composite_us=0 gpu_blit_us=0
[frust INFO] frust-perf img skipped=0 evicted=4 resident=60 budget=1024x1024x4
[frust INFO] frust-perf raw n=1622 total_us=17848 rebuild_us=508 layout_us=28 paint_us=34 encode_us=12 acquire_us=11844 submit_us=5419 skipped=0 gpu_q=1 gpu_total_us=4609 gpu_prepass_us=0 gpu_main_us=4609 gpu_composite_us=0 gpu_blit_us=0
[frust INFO] frust-perf img skipped=0 evicted=3 resident=60 budget=1024x1024x4
[frust INFO] frust-perf raw n=1623 total_us=16383 rebuild_us=491 layout_us=26 paint_us=36 encode_us=13 acquire_us=11122 submit_us=4692 skipped=0 gpu_q=1 gpu_total_us=4668 gpu_prepass_us=0 gpu_main_us=4668 gpu_composite_us=0 gpu_blit_us=0
[frust INFO] frust-perf img skipped=0 evicted=3 resident=60 budget=1024x1024x4
[frust INFO] frust-perf raw n=1624 total_us=17206 rebuild_us=469 layout_us=22 paint_us=30 encode_us=8 acquire_us=11853 submit_us=4821 skipped=0 gpu_q=1 gpu_total_us=4645 gpu_prepass_us=0 gpu_main_us=4645 gpu_composite_us=0 gpu_blit_us=0
[frust INFO] frust-perf img skipped=0 evicted=3 resident=60 budget=1024x1024x4
[frust INFO] frust-perf raw n=1625 total_us=17294 rebuild_us=440 layout_us=23 paint_us=29 encode_us=13 acquire_us=11808 submit_us=4979 skipped=0 gpu_q=1 gpu_total_us=4629 gpu_prepass_us=0 gpu_main_us=4629 gpu_composite_us=0 gpu_blit_us=0
[frust INFO] frust-perf img skipped=0 evicted=3 resident=60 budget=1024x1024x4
[frust INFO] frust-perf raw n=1626 total_us=17484 rebuild_us=550 layout_us=27 paint_us=33 encode_us=9 acquire_us=11670 submit_us=5191 skipped=0 gpu_q=1 gpu_total_us=4617 gpu_prepass_us=0 gpu_main_us=4617 gpu_composite_us=0 gpu_blit_us=0
[frust INFO] frust-perf img skipped=0 evicted=4 resident=60 budget=1024x1024x4
[frust INFO] frust-perf raw n=1627 total_us=17701 rebuild_us=523 layout_us=29 paint_us=35 encode_us=9 acquire_us=11468 submit_us=5635 skipped=0 gpu_q=1 gpu_total_us=4640 gpu_prepass_us=0 gpu_main_us=4640 gpu_composite_us=0 gpu_blit_us=0
[frust INFO] frust-perf img skipped=0 evicted=3 resident=60 budget=1024x1024x4
[frust INFO] frust-perf raw n=1628 total_us=16045 rebuild_us=564 layout_us=24 paint_us=37 encode_us=10 acquire_us=10903 submit_us=4505 skipped=0 gpu_q=1 gpu_total_us=4640 gpu_prepass_us=0 gpu_main_us=4640 gpu_composite_us=0 gpu_blit_us=0
[frust INFO] frust-perf img skipped=0 evicted=3 resident=60 budget=1024x1024x4
[frust INFO] frust-perf raw n=1629 total_us=17995 rebuild_us=550 layout_us=24 paint_us=33 encode_us=5 acquire_us=12182 submit_us=5198 skipped=0 gpu_q=1 gpu_total_us=4667 gpu_prepass_us=0 gpu_main_us=4667 gpu_composite_us=0 gpu_blit_us=0
[frust INFO] frust-perf img skipped=0 evicted=3 resident=60 budget=1024x1024x4
[frust INFO] frust-perf raw n=1630 total_us=16866 rebuild_us=591 layout_us=24 paint_us=39 encode_us=6 acquire_us=11425 submit_us=4778 skipped=0 gpu_q=1 gpu_total_us=4657 gpu_prepass_us=0 gpu_main_us=4657 gpu_composite_us=0 gpu_blit_us=0
[frust INFO] frust-perf img skipped=0 evicted=3 resident=60 budget=1024x1024x4
[frust INFO] frust-perf raw n=1631 total_us=16907 rebuild_us=547 layout_us=27 paint_us=36 encode_us=5 acquire_us=11683 submit_us=4606 skipped=0 gpu_q=1 gpu_total_us=4607 gpu_prepass_us=0 gpu_main_us=4607 gpu_composite_us=0 gpu_blit_us=0
[frust INFO] frust-perf img skipped=0 evicted=4 resident=60 budget=1024x1024x4
[frust INFO] frust-perf raw n=1632 total_us=18355 rebuild_us=601 layout_us=29 paint_us=39 encode_us=5 acquire_us=12239 submit_us=5440 skipped=0 gpu_q=1 gpu_total_us=4574 gpu_prepass_us=0 gpu_main_us=4574 gpu_composite_us=0 gpu_blit_us=0
[frust INFO] frust-perf img skipped=0 evicted=3 resident=60 budget=1024x1024x4
[frust INFO] frust-perf raw n=1633 total_us=16812 rebuild_us=599 layout_us=24 paint_us=40 encode_us=5 acquire_us=11163 submit_us=4979 skipped=0 gpu_q=1 gpu_total_us=4549 gpu_prepass_us=0 gpu_main_us=4549 gpu_composite_us=0 gpu_blit_us=0
[frust INFO] frust-perf img skipped=0 evicted=3 resident=60 budget=1024x1024x4
[frust INFO] frust-perf raw n=1634 total_us=17251 rebuild_us=596 layout_us=25 paint_us=34 encode_us=6 acquire_us=11569 submit_us=5017 skipped=0 gpu_q=1 gpu_total_us=4574 gpu_prepass_us=0 gpu_main_us=4574 gpu_composite_us=0 gpu_blit_us=0
[frust INFO] frust-perf img skipped=0 evicted=3 resident=60 budget=1024x1024x4
[frust INFO] frust-perf raw n=1635 total_us=16971 rebuild_us=560 layout_us=29 paint_us=39 encode_us=10 acquire_us=11575 submit_us=4756 skipped=0 gpu_q=1 gpu_total_us=4717 gpu_prepass_us=0 gpu_main_us=4717 gpu_composite_us=0 gpu_blit_us=0
[frust INFO] frust-perf img skipped=0 evicted=3 resident=60 budget=1024x1024x4
[frust INFO] frust-perf raw n=1636 total_us=17041 rebuild_us=457 layout_us=24 paint_us=33 encode_us=8 acquire_us=11836 submit_us=4681 skipped=0 gpu_q=1 gpu_total_us=4667 gpu_prepass_us=0 gpu_main_us=4667 gpu_composite_us=0 gpu_blit_us=0
[frust INFO] frust-perf img skipped=0 evicted=4 resident=60 budget=1024x1024x4
[frust INFO] frust-perf raw n=1637 total_us=17782 rebuild_us=450 layout_us=24 paint_us=31 encode_us=13 acquire_us=11927 submit_us=5334 skipped=0 gpu_q=1 gpu_total_us=4490 gpu_prepass_us=0 gpu_main_us=4490 gpu_composite_us=0 gpu_blit_us=0
[frust INFO] frust-perf img skipped=0 evicted=3 resident=60 budget=1024x1024x4
[frust INFO] frust-perf raw n=1638 total_us=16587 rebuild_us=505 layout_us=27 paint_us=28 encode_us=6 acquire_us=11258 submit_us=4761 skipped=0 gpu_q=1 gpu_total_us=4683 gpu_prepass_us=0 gpu_main_us=4683 gpu_composite_us=0 gpu_blit_us=0
[frust INFO] frust-perf img skipped=0 evicted=3 resident=60 budget=1024x1024x4
[frust INFO] frust-perf raw n=1639 total_us=17335 rebuild_us=562 layout_us=23 paint_us=36 encode_us=6 acquire_us=11897 submit_us=4808 skipped=0 gpu_q=1 gpu_total_us=4752 gpu_prepass_us=0 gpu_main_us=4752 gpu_composite_us=0 gpu_blit_us=0
[frust INFO] frust-perf img skipped=0 evicted=3 resident=60 budget=1024x1024x4
[frust INFO] frust-perf raw n=1640 total_us=17253 rebuild_us=519 layout_us=24 paint_us=38 encode_us=10 acquire_us=12069 submit_us=4591 skipped=0 gpu_q=1 gpu_total_us=4644 gpu_prepass_us=0 gpu_main_us=4644 gpu_composite_us=0 gpu_blit_us=0
[frust INFO] frust-perf img skipped=0 evicted=3 resident=60 budget=1024x1024x4
[frust INFO] frust-perf raw n=1641 total_us=17253 rebuild_us=426 layout_us=24 paint_us=29 encode_us=9 acquire_us=11766 submit_us=4997 skipped=0 gpu_q=1 gpu_total_us=4636 gpu_prepass_us=0 gpu_main_us=4636 gpu_composite_us=0 gpu_blit_us=0
[frust INFO] frust-perf img skipped=0 evicted=4 resident=60 budget=1024x1024x4
[frust INFO] frust-perf raw n=1642 total_us=17681 rebuild_us=501 layout_us=24 paint_us=32 encode_us=10 acquire_us=11621 submit_us=5490 skipped=0 gpu_q=1 gpu_total_us=4531 gpu_prepass_us=0 gpu_main_us=4531 gpu_composite_us=0 gpu_blit_us=0
[frust INFO] frust-perf img skipped=0 evicted=3 resident=60 budget=1024x1024x4
[frust INFO] frust-perf raw n=1643 total_us=16886 rebuild_us=503 layout_us=21 paint_us=37 encode_us=13 acquire_us=11124 submit_us=5186 skipped=0 gpu_q=1 gpu_total_us=4644 gpu_prepass_us=0 gpu_main_us=4644 gpu_composite_us=0 gpu_blit_us=0
[frust INFO] frust-perf frame n=120 total_p50_ms=17 total_p95_ms=17 total_p99_ms=18 rebuild_p95_ms=0 layout_p95_ms=0 paint_p95_ms=0 encode_p95_ms=0 acquire_p95_ms=12 submit_p95_ms=5 over_60hz=1409 over_120hz=1641 skipped=0 total_frames=1643
[frust INFO] frust-perf img skipped=0 evicted=3 resident=60 budget=1024x1024x4
[frust INFO] frust-perf raw n=1644 total_us=16811 rebuild_us=513 layout_us=29 paint_us=36 encode_us=13 acquire_us=11267 submit_us=4951 skipped=0 gpu_q=1 gpu_total_us=4608 gpu_prepass_us=0 gpu_main_us=4608 gpu_composite_us=0 gpu_blit_us=0
[frust INFO] frust-perf img skipped=0 evicted=3 resident=60 budget=1024x1024x4
[frust INFO] frust-perf raw n=1645 total_us=17505 rebuild_us=485 layout_us=28 paint_us=35 encode_us=7 acquire_us=12030 submit_us=4918 skipped=0 gpu_q=1 gpu_total_us=4654 gpu_prepass_us=0 gpu_main_us=4654 gpu_composite_us=0 gpu_blit_us=0
[frust INFO] frust-perf img skipped=0 evicted=3 resident=60 budget=1024x1024x4
[frust INFO] frust-perf raw n=1646 total_us=16340 rebuild_us=532 layout_us=28 paint_us=36 encode_us=10 acquire_us=11348 submit_us=4384 skipped=0 gpu_q=1 gpu_total_us=4657 gpu_prepass_us=0 gpu_main_us=4657 gpu_composite_us=0 gpu_blit_us=0
[frust INFO] frust-perf img skipped=0 evicted=4 resident=60 budget=1024x1024x4
[frust INFO] frust-perf raw n=1647 total_us=17788 rebuild_us=444 layout_us=23 paint_us=29 encode_us=9 acquire_us=12197 submit_us=5083 skipped=0 gpu_q=1 gpu_total_us=4615 gpu_prepass_us=0 gpu_main_us=4615 gpu_composite_us=0 gpu_blit_us=0
[frust INFO] frust-perf img skipped=0 evicted=3 resident=60 budget=1024x1024x4
[frust INFO] frust-perf raw n=1648 total_us=16754 rebuild_us=475 layout_us=27 paint_us=33 encode_us=5 acquire_us=11626 submit_us=4585 skipped=0 gpu_q=1 gpu_total_us=4601 gpu_prepass_us=0 gpu_main_us=4601 gpu_composite_us=0 gpu_blit_us=0
[frust INFO] frust-perf img skipped=0 evicted=3 resident=60 budget=1024x1024x4
[frust INFO] frust-perf raw n=1649 total_us=17770 rebuild_us=530 layout_us=28 paint_us=40 encode_us=6 acquire_us=12051 submit_us=5114 skipped=0 gpu_q=1 gpu_total_us=4629 gpu_prepass_us=0 gpu_main_us=4629 gpu_composite_us=0 gpu_blit_us=0
[frust INFO] frust-perf img skipped=0 evicted=3 resident=60 budget=1024x1024x4
[frust INFO] frust-perf raw n=1650 total_us=16973 rebuild_us=539 layout_us=27 paint_us=31 encode_us=6 acquire_us=11679 submit_us=4689 skipped=0 gpu_q=1 gpu_total_us=4644 gpu_prepass_us=0 gpu_main_us=4644 gpu_composite_us=0 gpu_blit_us=0
[frust INFO] frust-perf img skipped=0 evicted=3 resident=60 budget=1024x1024x4
[frust INFO] frust-perf raw n=1651 total_us=17459 rebuild_us=509 layout_us=24 paint_us=35 encode_us=5 acquire_us=11777 submit_us=5107 skipped=0 gpu_q=1 gpu_total_us=4671 gpu_prepass_us=0 gpu_main_us=4671 gpu_composite_us=0 gpu_blit_us=0
[frust INFO] frust-perf img skipped=0 evicted=4 resident=60 budget=1024x1024x4
[frust INFO] frust-perf raw n=1652 total_us=17497 rebuild_us=519 layout_us=24 paint_us=42 encode_us=11 acquire_us=11451 submit_us=5448 skipped=0 gpu_q=1 gpu_total_us=4657 gpu_prepass_us=0 gpu_main_us=4657 gpu_composite_us=0 gpu_blit_us=0
[frust INFO] frust-perf img skipped=0 evicted=3 resident=60 budget=1024x1024x4
[frust INFO] frust-perf raw n=1653 total_us=16196 rebuild_us=450 layout_us=24 paint_us=32 encode_us=9 acquire_us=11131 submit_us=4547 skipped=0 gpu_q=1 gpu_total_us=4531 gpu_prepass_us=0 gpu_main_us=4531 gpu_composite_us=0 gpu_blit_us=0
[frust INFO] frust-perf img skipped=0 evicted=3 resident=60 budget=1024x1024x4
[frust INFO] frust-perf raw n=1654 total_us=17590 rebuild_us=525 layout_us=27 paint_us=32 encode_us=9 acquire_us=12052 submit_us=4943 skipped=0 gpu_q=1 gpu_total_us=4886 gpu_prepass_us=0 gpu_main_us=4886 gpu_composite_us=0 gpu_blit_us=0
[frust INFO] frust-perf img skipped=0 evicted=3 resident=60 budget=1024x1024x4
[frust INFO] frust-perf raw n=1655 total_us=17243 rebuild_us=482 layout_us=26 paint_us=35 encode_us=9 acquire_us=11904 submit_us=4785 skipped=0 gpu_q=1 gpu_total_us=4758 gpu_prepass_us=0 gpu_main_us=4758 gpu_composite_us=0 gpu_blit_us=0
[frust INFO] frust-perf img skipped=0 evicted=3 resident=60 budget=1024x1024x4
[frust INFO] frust-perf raw n=1656 total_us=16982 rebuild_us=506 layout_us=24 paint_us=35 encode_us=9 acquire_us=11572 submit_us=4833 skipped=0 gpu_q=1 gpu_total_us=4607 gpu_prepass_us=0 gpu_main_us=4607 gpu_composite_us=0 gpu_blit_us=0
[frust INFO] frust-perf img skipped=0 evicted=4 resident=60 budget=1024x1024x4
[frust INFO] frust-perf raw n=1657 total_us=17665 rebuild_us=496 layout_us=29 paint_us=32 encode_us=10 acquire_us=11777 submit_us=5318 skipped=0 gpu_q=1 gpu_total_us=4615 gpu_prepass_us=0 gpu_main_us=4615 gpu_composite_us=0 gpu_blit_us=0
[frust INFO] frust-perf img skipped=0 evicted=3 resident=60 budget=1024x1024x4
[frust INFO] frust-perf raw n=1658 total_us=16713 rebuild_us=492 layout_us=28 paint_us=45 encode_us=10 acquire_us=11321 submit_us=4815 skipped=0 gpu_q=1 gpu_total_us=4711 gpu_prepass_us=0 gpu_main_us=4711 gpu_composite_us=0 gpu_blit_us=0
[frust INFO] frust-perf img skipped=0 evicted=3 resident=60 budget=1024x1024x4
[frust INFO] frust-perf raw n=1659 total_us=17214 rebuild_us=514 layout_us=27 paint_us=37 encode_us=10 acquire_us=11760 submit_us=4863 skipped=0 gpu_q=1 gpu_total_us=4642 gpu_prepass_us=0 gpu_main_us=4642 gpu_composite_us=0 gpu_blit_us=0
[frust INFO] frust-perf img skipped=0 evicted=3 resident=60 budget=1024x1024x4
[frust INFO] frust-perf raw n=1660 total_us=17399 rebuild_us=503 layout_us=23 paint_us=36 encode_us=10 acquire_us=11928 submit_us=4897 skipped=0 gpu_q=1 gpu_total_us=4657 gpu_prepass_us=0 gpu_main_us=4657 gpu_composite_us=0 gpu_blit_us=0
[frust INFO] frust-perf img skipped=0 evicted=3 resident=60 budget=1024x1024x4
[frust INFO] frust-perf raw n=1661 total_us=16891 rebuild_us=468 layout_us=20 paint_us=35 encode_us=8 acquire_us=11556 submit_us=4800 skipped=0 gpu_q=1 gpu_total_us=4659 gpu_prepass_us=0 gpu_main_us=4659 gpu_composite_us=0 gpu_blit_us=0
[frust INFO] frust-perf img skipped=0 evicted=4 resident=60 budget=1024x1024x4
[frust INFO] frust-perf raw n=1662 total_us=17753 rebuild_us=459 layout_us=29 paint_us=30 encode_us=10 acquire_us=11775 submit_us=5448 skipped=0 gpu_q=1 gpu_total_us=4603 gpu_prepass_us=0 gpu_main_us=4603 gpu_composite_us=0 gpu_blit_us=0
[frust INFO] frust-perf img skipped=0 evicted=3 resident=60 budget=1024x1024x4
[frust INFO] frust-perf raw n=1663 total_us=16507 rebuild_us=500 layout_us=29 paint_us=35 encode_us=9 acquire_us=11167 submit_us=4765 skipped=0 gpu_q=1 gpu_total_us=4669 gpu_prepass_us=0 gpu_main_us=4669 gpu_composite_us=0 gpu_blit_us=0
[frust INFO] frust-perf img skipped=0 evicted=3 resident=60 budget=1024x1024x4
[frust INFO] frust-perf raw n=1664 total_us=17308 rebuild_us=502 layout_us=24 paint_us=36 encode_us=9 acquire_us=11826 submit_us=4909 skipped=0 gpu_q=1 gpu_total_us=4663 gpu_prepass_us=0 gpu_main_us=4663 gpu_composite_us=0 gpu_blit_us=0
[frust INFO] frust-perf img skipped=0 evicted=3 resident=60 budget=1024x1024x4
[frust INFO] frust-perf raw n=1665 total_us=17202 rebuild_us=455 layout_us=27 paint_us=32 encode_us=7 acquire_us=11978 submit_us=4701 skipped=0 gpu_q=1 gpu_total_us=4713 gpu_prepass_us=0 gpu_main_us=4713 gpu_composite_us=0 gpu_blit_us=0
[frust INFO] frust-perf img skipped=0 evicted=3 resident=60 budget=1024x1024x4
[frust INFO] frust-perf raw n=1666 total_us=16918 rebuild_us=504 layout_us=23 paint_us=30 encode_us=11 acquire_us=11661 submit_us=4687 skipped=0 gpu_q=1 gpu_total_us=4682 gpu_prepass_us=0 gpu_main_us=4682 gpu_composite_us=0 gpu_blit_us=0
[frust INFO] frust-perf img skipped=0 evicted=3 resident=60 budget=1024x1024x4
[frust INFO] frust-perf raw n=1667 total_us=16917 rebuild_us=427 layout_us=28 paint_us=31 encode_us=9 acquire_us=11904 submit_us=4516 skipped=0 gpu_q=1 gpu_total_us=4593 gpu_prepass_us=0 gpu_main_us=4593 gpu_composite_us=0 gpu_blit_us=0
[frust INFO] frust-perf img skipped=0 evicted=4 resident=60 budget=1024x1024x4
[frust INFO] frust-perf raw n=1668 total_us=17868 rebuild_us=440 layout_us=24 paint_us=34 encode_us=9 acquire_us=12009 submit_us=5348 skipped=0 gpu_q=1 gpu_total_us=4641 gpu_prepass_us=0 gpu_main_us=4641 gpu_composite_us=0 gpu_blit_us=0
[frust INFO] frust-perf img skipped=0 evicted=3 resident=60 budget=1024x1024x4
[frust INFO] frust-perf raw n=1669 total_us=17005 rebuild_us=485 layout_us=29 paint_us=32 encode_us=9 acquire_us=11391 submit_us=5056 skipped=0 gpu_q=1 gpu_total_us=4767 gpu_prepass_us=0 gpu_main_us=4767 gpu_composite_us=0 gpu_blit_us=0
[frust INFO] frust-perf img skipped=0 evicted=3 resident=60 budget=1024x1024x4
[frust INFO] frust-perf raw n=1670 total_us=17047 rebuild_us=522 layout_us=27 paint_us=31 encode_us=6 acquire_us=11856 submit_us=4602 skipped=0 gpu_q=1 gpu_total_us=4667 gpu_prepass_us=0 gpu_main_us=4667 gpu_composite_us=0 gpu_blit_us=0
[frust INFO] frust-perf img skipped=0 evicted=3 resident=60 budget=1024x1024x4
[frust INFO] frust-perf raw n=1671 total_us=17495 rebuild_us=527 layout_us=24 paint_us=34 encode_us=6 acquire_us=11705 submit_us=5198 skipped=0 gpu_q=1 gpu_total_us=4603 gpu_prepass_us=0 gpu_main_us=4603 gpu_composite_us=0 gpu_blit_us=0
[frust INFO] frust-perf img skipped=0 evicted=3 resident=60 budget=1024x1024x4
[frust INFO] frust-perf raw n=1672 total_us=16479 rebuild_us=520 layout_us=24 paint_us=35 encode_us=12 acquire_us=11357 submit_us=4529 skipped=0 gpu_q=1 gpu_total_us=4587 gpu_prepass_us=0 gpu_main_us=4587 gpu_composite_us=0 gpu_blit_us=0
[frust INFO] frust-perf img skipped=0 evicted=4 resident=60 budget=1024x1024x4
[frust INFO] frust-perf raw n=1673 total_us=18420 rebuild_us=455 layout_us=20 paint_us=39 encode_us=9 acquire_us=12168 submit_us=5726 skipped=0 gpu_q=1 gpu_total_us=4645 gpu_prepass_us=0 gpu_main_us=4645 gpu_composite_us=0 gpu_blit_us=0
[frust INFO] frust-perf img skipped=0 evicted=3 resident=60 budget=1024x1024x4
[frust INFO] frust-perf raw n=1674 total_us=16236 rebuild_us=424 layout_us=20 paint_us=30 encode_us=14 acquire_us=10803 submit_us=4943 skipped=0 gpu_q=1 gpu_total_us=4580 gpu_prepass_us=0 gpu_main_us=4580 gpu_composite_us=0 gpu_blit_us=0
[frust INFO] frust-perf img skipped=0 evicted=3 resident=60 budget=1024x1024x4
[frust INFO] frust-perf raw n=1675 total_us=17478 rebuild_us=569 layout_us=30 paint_us=35 encode_us=9 acquire_us=11979 submit_us=4855 skipped=0 gpu_q=1 gpu_total_us=4622 gpu_prepass_us=0 gpu_main_us=4622 gpu_composite_us=0 gpu_blit_us=0
[frust INFO] frust-perf img skipped=0 evicted=3 resident=60 budget=1024x1024x4
[frust INFO] frust-perf raw n=1676 total_us=16777 rebuild_us=496 layout_us=24 paint_us=37 encode_us=8 acquire_us=11361 submit_us=4848 skipped=0 gpu_q=1 gpu_total_us=4598 gpu_prepass_us=0 gpu_main_us=4598 gpu_composite_us=0 gpu_blit_us=0
[frust INFO] frust-perf img skipped=0 evicted=3 resident=60 budget=1024x1024x4
[frust INFO] frust-perf raw n=1677 total_us=17324 rebuild_us=467 layout_us=23 paint_us=32 encode_us=12 acquire_us=11887 submit_us=4899 skipped=0 gpu_q=1 gpu_total_us=4659 gpu_prepass_us=0 gpu_main_us=4659 gpu_composite_us=0 gpu_blit_us=0
[frust INFO] frust-perf img skipped=0 evicted=4 resident=60 budget=1024x1024x4
[frust INFO] frust-perf raw n=1678 total_us=17360 rebuild_us=468 layout_us=24 paint_us=37 encode_us=6 acquire_us=11733 submit_us=5089 skipped=0 gpu_q=1 gpu_total_us=4656 gpu_prepass_us=0 gpu_main_us=4656 gpu_composite_us=0 gpu_blit_us=0
[frust INFO] frust-perf img skipped=0 evicted=3 resident=60 budget=1024x1024x4
[frust INFO] frust-perf raw n=1679 total_us=17268 rebuild_us=532 layout_us=22 paint_us=38 encode_us=6 acquire_us=11676 submit_us=4992 skipped=0 gpu_q=1 gpu_total_us=4649 gpu_prepass_us=0 gpu_main_us=4649 gpu_composite_us=0 gpu_blit_us=0
[frust INFO] frust-perf img skipped=0 evicted=3 resident=60 budget=1024x1024x4
[frust INFO] frust-perf enc n=1680 w=60 validate_us=3.7 prepare_us=4.2 classify_us=10.9 admit_us=0.3 walk_us=1410.3 glyphs_us=102.7 finish_us=3.3 compile_us=1489.3 schedule_us=4.9 paints_us=18.5 instances_us=76.6 resize_us=3.3 upload_us=1825.8 replay_us=0.7 pipelines_us=18.5 record_us=35.8 total_us=3479.2 total_p95_us=4064.0 draws=29 strips=2111 alphas=51696 glyph_draws=17 atlas_glyphs=17
[frust INFO] frust-perf raw n=1680 total_us=16671 rebuild_us=561 layout_us=18 paint_us=29 encode_us=5 acquire_us=11635 submit_us=4420 skipped=0 gpu_q=1 gpu_total_us=4633 gpu_prepass_us=0 gpu_main_us=4633 gpu_composite_us=0 gpu_blit_us=0
[frust INFO] frust-perf img skipped=0 evicted=3 resident=60 budget=1024x1024x4
[frust INFO] frust-perf raw n=1681 total_us=17590 rebuild_us=504 layout_us=27 paint_us=29 encode_us=7 acquire_us=12011 submit_us=5009 skipped=0 gpu_q=1 gpu_total_us=4648 gpu_prepass_us=0 gpu_main_us=4648 gpu_composite_us=0 gpu_blit_us=0
[frust INFO] frust-perf img skipped=0 evicted=3 resident=60 budget=1024x1024x4
[frust INFO] frust-perf raw n=1682 total_us=16727 rebuild_us=523 layout_us=24 paint_us=30 encode_us=14 acquire_us=11538 submit_us=4596 skipped=0 gpu_q=1 gpu_total_us=4613 gpu_prepass_us=0 gpu_main_us=4613 gpu_composite_us=0 gpu_blit_us=0
[frust INFO] frust-perf img skipped=0 evicted=4 resident=60 budget=1024x1024x4
[frust INFO] frust-perf raw n=1683 total_us=17690 rebuild_us=473 layout_us=27 paint_us=38 encode_us=9 acquire_us=12147 submit_us=4993 skipped=0 gpu_q=1 gpu_total_us=4608 gpu_prepass_us=0 gpu_main_us=4608 gpu_composite_us=0 gpu_blit_us=0
[frust INFO] frust-perf img skipped=0 evicted=3 resident=60 budget=1024x1024x4
[frust INFO] frust-perf raw n=1684 total_us=16616 rebuild_us=496 layout_us=27 paint_us=36 encode_us=6 acquire_us=11539 submit_us=4508 skipped=0 gpu_q=1 gpu_total_us=4651 gpu_prepass_us=0 gpu_main_us=4651 gpu_composite_us=0 gpu_blit_us=0
[frust INFO] frust-perf img skipped=0 evicted=3 resident=60 budget=1024x1024x4
[frust INFO] frust-perf raw n=1685 total_us=17427 rebuild_us=551 layout_us=22 paint_us=38 encode_us=6 acquire_us=12337 submit_us=4471 skipped=0 gpu_q=1 gpu_total_us=4635 gpu_prepass_us=0 gpu_main_us=4635 gpu_composite_us=0 gpu_blit_us=0
[frust INFO] frust-perf img skipped=0 evicted=3 resident=60 budget=1024x1024x4
[frust INFO] frust-perf raw n=1686 total_us=17204 rebuild_us=537 layout_us=20 paint_us=33 encode_us=6 acquire_us=11951 submit_us=4655 skipped=0 gpu_q=1 gpu_total_us=4679 gpu_prepass_us=0 gpu_main_us=4679 gpu_composite_us=0 gpu_blit_us=0
[frust INFO] frust-perf img skipped=0 evicted=3 resident=60 budget=1024x1024x4
[frust INFO] frust-perf raw n=1687 total_us=17292 rebuild_us=530 layout_us=25 paint_us=38 encode_us=10 acquire_us=11968 submit_us=4718 skipped=0 gpu_q=1 gpu_total_us=4703 gpu_prepass_us=0 gpu_main_us=4703 gpu_composite_us=0 gpu_blit_us=0
[frust INFO] frust-perf img skipped=0 evicted=4 resident=60 budget=1024x1024x4
[frust INFO] frust-perf raw n=1688 total_us=17373 rebuild_us=505 layout_us=23 paint_us=37 encode_us=7 acquire_us=11886 submit_us=4913 skipped=0 gpu_q=1 gpu_total_us=4506 gpu_prepass_us=0 gpu_main_us=4506 gpu_composite_us=0 gpu_blit_us=0
[frust INFO] frust-perf img skipped=0 evicted=3 resident=60 budget=1024x1024x4
[frust INFO] frust-perf raw n=1689 total_us=17531 rebuild_us=540 layout_us=27 paint_us=36 encode_us=6 acquire_us=11782 submit_us=5138 skipped=0 gpu_q=1 gpu_total_us=4612 gpu_prepass_us=0 gpu_main_us=4612 gpu_composite_us=0 gpu_blit_us=0
[frust INFO] frust-perf img skipped=0 evicted=3 resident=60 budget=1024x1024x4
[frust INFO] frust-perf raw n=1690 total_us=16943 rebuild_us=550 layout_us=26 paint_us=39 encode_us=14 acquire_us=11691 submit_us=4620 skipped=0 gpu_q=1 gpu_total_us=4583 gpu_prepass_us=0 gpu_main_us=4583 gpu_composite_us=0 gpu_blit_us=0
[frust INFO] frust-perf img skipped=0 evicted=3 resident=60 budget=1024x1024x4
[frust INFO] frust-perf raw n=1691 total_us=17014 rebuild_us=440 layout_us=26 paint_us=29 encode_us=9 acquire_us=11644 submit_us=4865 skipped=0 gpu_q=1 gpu_total_us=4538 gpu_prepass_us=0 gpu_main_us=4538 gpu_composite_us=0 gpu_blit_us=0
[frust INFO] frust-perf img skipped=0 evicted=3 resident=60 budget=1024x1024x4
[frust INFO] frust-perf raw n=1692 total_us=16752 rebuild_us=518 layout_us=25 paint_us=38 encode_us=9 acquire_us=11800 submit_us=4360 skipped=0 gpu_q=1 gpu_total_us=4560 gpu_prepass_us=0 gpu_main_us=4560 gpu_composite_us=0 gpu_blit_us=0
[frust INFO] frust-perf img skipped=0 evicted=4 resident=60 budget=1024x1024x4
[frust INFO] frust-perf raw n=1693 total_us=17618 rebuild_us=511 layout_us=26 paint_us=35 encode_us=13 acquire_us=12210 submit_us=4820 skipped=0 gpu_q=1 gpu_total_us=4578 gpu_prepass_us=0 gpu_main_us=4578 gpu_composite_us=0 gpu_blit_us=0
[frust INFO] frust-perf img skipped=0 evicted=3 resident=60 budget=1024x1024x4
[frust INFO] frust-perf raw n=1694 total_us=17522 rebuild_us=494 layout_us=26 paint_us=37 encode_us=6 acquire_us=11833 submit_us=5122 skipped=0 gpu_q=1 gpu_total_us=4612 gpu_prepass_us=0 gpu_main_us=4612 gpu_composite_us=0 gpu_blit_us=0
[frust INFO] frust-perf img skipped=0 evicted=3 resident=60 budget=1024x1024x4
[frust INFO] frust-perf raw n=1695 total_us=16923 rebuild_us=557 layout_us=22 paint_us=36 encode_us=14 acquire_us=11443 submit_us=4849 skipped=0 gpu_q=1 gpu_total_us=4659 gpu_prepass_us=0 gpu_main_us=4659 gpu_composite_us=0 gpu_blit_us=0
[frust INFO] frust-perf img skipped=0 evicted=3 resident=60 budget=1024x1024x4
[frust INFO] frust-perf raw n=1696 total_us=17287 rebuild_us=487 layout_us=18 paint_us=28 encode_us=6 acquire_us=12002 submit_us=4743 skipped=0 gpu_q=1 gpu_total_us=4516 gpu_prepass_us=0 gpu_main_us=4516 gpu_composite_us=0 gpu_blit_us=0
[frust INFO] frust-perf img skipped=0 evicted=3 resident=60 budget=1024x1024x4
[frust INFO] frust-perf raw n=1697 total_us=16745 rebuild_us=516 layout_us=23 paint_us=38 encode_us=11 acquire_us=11726 submit_us=4428 skipped=0 gpu_q=1 gpu_total_us=4688 gpu_prepass_us=0 gpu_main_us=4688 gpu_composite_us=0 gpu_blit_us=0
[frust INFO] frust-perf img skipped=0 evicted=4 resident=60 budget=1024x1024x4
[frust INFO] frust-perf raw n=1698 total_us=17310 rebuild_us=458 layout_us=26 paint_us=34 encode_us=10 acquire_us=12091 submit_us=4688 skipped=0 gpu_q=1 gpu_total_us=4638 gpu_prepass_us=0 gpu_main_us=4638 gpu_composite_us=0 gpu_blit_us=0
[frust INFO] frust-perf img skipped=0 evicted=3 resident=60 budget=1024x1024x4
[frust INFO] frust-perf raw n=1699 total_us=17800 rebuild_us=477 layout_us=27 paint_us=38 encode_us=6 acquire_us=12051 submit_us=5199 skipped=0 gpu_q=1 gpu_total_us=4646 gpu_prepass_us=0 gpu_main_us=4646 gpu_composite_us=0 gpu_blit_us=0
[frust INFO] frust-perf img skipped=0 evicted=3 resident=60 budget=1024x1024x4
[frust INFO] frust-perf raw n=1700 total_us=16967 rebuild_us=576 layout_us=25 paint_us=35 encode_us=15 acquire_us=11329 submit_us=4985 skipped=0 gpu_q=1 gpu_total_us=4611 gpu_prepass_us=0 gpu_main_us=4611 gpu_composite_us=0 gpu_blit_us=0
[frust INFO] frust-perf img skipped=0 evicted=3 resident=60 budget=1024x1024x4
[frust INFO] frust-perf raw n=1701 total_us=17323 rebuild_us=507 layout_us=23 paint_us=34 encode_us=6 acquire_us=11785 submit_us=4966 skipped=0 gpu_q=1 gpu_total_us=4609 gpu_prepass_us=0 gpu_main_us=4609 gpu_composite_us=0 gpu_blit_us=0
[frust INFO] frust-perf img skipped=0 evicted=3 resident=60 budget=1024x1024x4
[frust INFO] frust-perf raw n=1702 total_us=16866 rebuild_us=567 layout_us=20 paint_us=35 encode_us=11 acquire_us=11546 submit_us=4685 skipped=0 gpu_q=1 gpu_total_us=4753 gpu_prepass_us=0 gpu_main_us=4753 gpu_composite_us=0 gpu_blit_us=0
[frust INFO] frust-perf img skipped=0 evicted=4 resident=60 budget=1024x1024x4
[frust INFO] frust-perf raw n=1703 total_us=17615 rebuild_us=543 layout_us=28 paint_us=39 encode_us=9 acquire_us=11852 submit_us=5141 skipped=0 gpu_q=1 gpu_total_us=4583 gpu_prepass_us=0 gpu_main_us=4583 gpu_composite_us=0 gpu_blit_us=0
[frust INFO] frust-perf img skipped=0 evicted=3 resident=60 budget=1024x1024x4
[frust INFO] frust-perf raw n=1704 total_us=16817 rebuild_us=539 layout_us=22 paint_us=34 encode_us=7 acquire_us=11609 submit_us=4604 skipped=0 gpu_q=1 gpu_total_us=4588 gpu_prepass_us=0 gpu_main_us=4588 gpu_composite_us=0 gpu_blit_us=0
[frust INFO] frust-perf img skipped=0 evicted=3 resident=60 budget=1024x1024x4
[frust INFO] frust-perf raw n=1705 total_us=17623 rebuild_us=621 layout_us=26 paint_us=35 encode_us=5 acquire_us=11998 submit_us=4935 skipped=0 gpu_q=1 gpu_total_us=4736 gpu_prepass_us=0 gpu_main_us=4736 gpu_composite_us=0 gpu_blit_us=0
[frust INFO] frust-perf img skipped=0 evicted=3 resident=60 budget=1024x1024x4
[frust INFO] frust-perf raw n=1706 total_us=17052 rebuild_us=589 layout_us=28 paint_us=36 encode_us=12 acquire_us=11606 submit_us=4780 skipped=0 gpu_q=1 gpu_total_us=4538 gpu_prepass_us=0 gpu_main_us=4538 gpu_composite_us=0 gpu_blit_us=0
[frust INFO] frust-perf img skipped=0 evicted=3 resident=60 budget=1024x1024x4
[frust INFO] frust-perf raw n=1707 total_us=17248 rebuild_us=557 layout_us=27 paint_us=38 encode_us=9 acquire_us=12105 submit_us=4510 skipped=0 gpu_q=1 gpu_total_us=4645 gpu_prepass_us=0 gpu_main_us=4645 gpu_composite_us=0 gpu_blit_us=0
[frust INFO] frust-perf img skipped=0 evicted=4 resident=60 budget=1024x1024x4
[frust INFO] frust-perf raw n=1708 total_us=18283 rebuild_us=533 layout_us=25 paint_us=30 encode_us=6 acquire_us=11934 submit_us=5753 skipped=0 gpu_q=1 gpu_total_us=4657 gpu_prepass_us=0 gpu_main_us=4657 gpu_composite_us=0 gpu_blit_us=0
[frust INFO] frust-perf img skipped=0 evicted=3 resident=60 budget=1024x1024x4
[frust INFO] frust-perf raw n=1709 total_us=16491 rebuild_us=562 layout_us=19 paint_us=33 encode_us=7 acquire_us=10738 submit_us=5130 skipped=0 gpu_q=1 gpu_total_us=4703 gpu_prepass_us=0 gpu_main_us=4703 gpu_composite_us=0 gpu_blit_us=0
[frust INFO] frust-perf img skipped=0 evicted=3 resident=60 budget=1024x1024x4
[frust INFO] frust-perf raw n=1710 total_us=16624 rebuild_us=571 layout_us=22 paint_us=37 encode_us=6 acquire_us=11518 submit_us=4468 skipped=0 gpu_q=1 gpu_total_us=4513 gpu_prepass_us=0 gpu_main_us=4513 gpu_composite_us=0 gpu_blit_us=0
[frust INFO] frust-perf img skipped=0 evicted=3 resident=60 budget=1024x1024x4
[frust INFO] frust-perf raw n=1711 total_us=17795 rebuild_us=537 layout_us=21 paint_us=34 encode_us=6 acquire_us=12220 submit_us=4975 skipped=0 gpu_q=1 gpu_total_us=4609 gpu_prepass_us=0 gpu_main_us=4609 gpu_composite_us=0 gpu_blit_us=0
[frust INFO] frust-perf img skipped=0 evicted=3 resident=60 budget=1024x1024x4
[frust INFO] frust-perf raw n=1712 total_us=17209 rebuild_us=517 layout_us=23 paint_us=33 encode_us=10 acquire_us=11799 submit_us=4824 skipped=0 gpu_q=1 gpu_total_us=4687 gpu_prepass_us=0 gpu_main_us=4687 gpu_composite_us=0 gpu_blit_us=0
[frust INFO] frust-perf img skipped=0 evicted=4 resident=60 budget=1024x1024x4
[frust INFO] frust-perf raw n=1713 total_us=17428 rebuild_us=442 layout_us=23 paint_us=31 encode_us=13 acquire_us=11544 submit_us=5373 skipped=0 gpu_q=1 gpu_total_us=4518 gpu_prepass_us=0 gpu_main_us=4518 gpu_composite_us=0 gpu_blit_us=0
[frust INFO] frust-perf img skipped=0 evicted=3 resident=60 budget=1024x1024x4
[frust INFO] frust-perf raw n=1714 total_us=16811 rebuild_us=552 layout_us=22 paint_us=38 encode_us=10 acquire_us=11234 submit_us=4953 skipped=0 gpu_q=1 gpu_total_us=4727 gpu_prepass_us=0 gpu_main_us=4727 gpu_composite_us=0 gpu_blit_us=0
[frust INFO] frust-perf img skipped=0 evicted=3 resident=60 budget=1024x1024x4
[frust INFO] frust-perf raw n=1715 total_us=16924 rebuild_us=483 layout_us=23 paint_us=32 encode_us=9 acquire_us=11646 submit_us=4729 skipped=0 gpu_q=1 gpu_total_us=4652 gpu_prepass_us=0 gpu_main_us=4652 gpu_composite_us=0 gpu_blit_us=0
[frust INFO] frust-perf img skipped=0 evicted=3 resident=60 budget=1024x1024x4
[frust INFO] frust-perf raw n=1716 total_us=17465 rebuild_us=439 layout_us=22 paint_us=32 encode_us=9 acquire_us=11907 submit_us=5053 skipped=0 gpu_q=1 gpu_total_us=4662 gpu_prepass_us=0 gpu_main_us=4662 gpu_composite_us=0 gpu_blit_us=0
[frust INFO] frust-perf img skipped=0 evicted=3 resident=60 budget=1024x1024x4
[frust INFO] frust-perf raw n=1717 total_us=17186 rebuild_us=495 layout_us=21 paint_us=34 encode_us=11 acquire_us=11721 submit_us=4901 skipped=0 gpu_q=1 gpu_total_us=4640 gpu_prepass_us=0 gpu_main_us=4640 gpu_composite_us=0 gpu_blit_us=0
[frust INFO] frust-perf img skipped=0 evicted=3 resident=60 budget=1024x1024x4
[frust INFO] frust-perf raw n=1718 total_us=16849 rebuild_us=514 layout_us=25 paint_us=36 encode_us=13 acquire_us=11502 submit_us=4756 skipped=0 gpu_q=1 gpu_total_us=4624 gpu_prepass_us=0 gpu_main_us=4624 gpu_composite_us=0 gpu_blit_us=0
[frust INFO] frust-perf img skipped=0 evicted=4 resident=60 budget=1024x1024x4
[frust INFO] frust-perf raw n=1719 total_us=17802 rebuild_us=488 layout_us=20 paint_us=35 encode_us=10 acquire_us=11811 submit_us=5434 skipped=0 gpu_q=1 gpu_total_us=4623 gpu_prepass_us=0 gpu_main_us=4623 gpu_composite_us=0 gpu_blit_us=0
[frust INFO] frust-perf img skipped=0 evicted=3 resident=60 budget=1024x1024x4
[frust INFO] frust-perf raw n=1720 total_us=16714 rebuild_us=505 layout_us=21 paint_us=32 encode_us=12 acquire_us=11161 submit_us=4980 skipped=0 gpu_q=1 gpu_total_us=4680 gpu_prepass_us=0 gpu_main_us=4680 gpu_composite_us=0 gpu_blit_us=0
[frust INFO] frust-perf img skipped=0 evicted=3 resident=60 budget=1024x1024x4
[frust INFO] frust-perf raw n=1721 total_us=17128 rebuild_us=515 layout_us=28 paint_us=28 encode_us=9 acquire_us=11649 submit_us=4895 skipped=0 gpu_q=1 gpu_total_us=4640 gpu_prepass_us=0 gpu_main_us=4640 gpu_composite_us=0 gpu_blit_us=0
[frust INFO] frust-perf img skipped=0 evicted=3 resident=60 budget=1024x1024x4
[frust INFO] frust-perf raw n=1722 total_us=17006 rebuild_us=501 layout_us=24 paint_us=33 encode_us=9 acquire_us=11721 submit_us=4715 skipped=0 gpu_q=1 gpu_total_us=4617 gpu_prepass_us=0 gpu_main_us=4617 gpu_composite_us=0 gpu_blit_us=0
[frust INFO] frust-perf img skipped=0 evicted=3 resident=60 budget=1024x1024x4
[frust INFO] frust-perf raw n=1723 total_us=17466 rebuild_us=465 layout_us=28 paint_us=27 encode_us=13 acquire_us=12013 submit_us=4918 skipped=0 gpu_q=1 gpu_total_us=4597 gpu_prepass_us=0 gpu_main_us=4597 gpu_composite_us=0 gpu_blit_us=0
[frust INFO] frust-perf img skipped=0 evicted=4 resident=60 budget=1024x1024x4
[frust INFO] frust-perf raw n=1724 total_us=17769 rebuild_us=565 layout_us=30 paint_us=46 encode_us=10 acquire_us=11584 submit_us=5532 skipped=0 gpu_q=1 gpu_total_us=4668 gpu_prepass_us=0 gpu_main_us=4668 gpu_composite_us=0 gpu_blit_us=0
[frust INFO] frust-perf img skipped=0 evicted=3 resident=60 budget=1024x1024x4
[frust INFO] frust-perf raw n=1725 total_us=16607 rebuild_us=490 layout_us=24 paint_us=35 encode_us=10 acquire_us=10972 submit_us=5075 skipped=0 gpu_q=1 gpu_total_us=4747 gpu_prepass_us=0 gpu_main_us=4747 gpu_composite_us=0 gpu_blit_us=0
[frust INFO] frust-perf img skipped=0 evicted=3 resident=60 budget=1024x1024x4
[frust INFO] frust-perf raw n=1726 total_us=17118 rebuild_us=532 layout_us=22 paint_us=35 encode_us=10 acquire_us=11582 submit_us=4935 skipped=0 gpu_q=1 gpu_total_us=4682 gpu_prepass_us=0 gpu_main_us=4682 gpu_composite_us=0 gpu_blit_us=0
[frust INFO] frust-perf img skipped=0 evicted=3 resident=60 budget=1024x1024x4
[frust INFO] frust-perf raw n=1727 total_us=17041 rebuild_us=519 layout_us=24 paint_us=36 encode_us=11 acquire_us=11609 submit_us=4839 skipped=0 gpu_q=1 gpu_total_us=4649 gpu_prepass_us=0 gpu_main_us=4649 gpu_composite_us=0 gpu_blit_us=0
[frust INFO] frust-perf img skipped=0 evicted=3 resident=60 budget=1024x1024x4
[frust INFO] frust-perf raw n=1728 total_us=17292 rebuild_us=497 layout_us=25 paint_us=34 encode_us=11 acquire_us=11969 submit_us=4754 skipped=0 gpu_q=1 gpu_total_us=4595 gpu_prepass_us=0 gpu_main_us=4595 gpu_composite_us=0 gpu_blit_us=0
[frust INFO] frust-perf img skipped=0 evicted=4 resident=60 budget=1024x1024x4
[frust INFO] frust-perf raw n=1729 total_us=17552 rebuild_us=479 layout_us=24 paint_us=33 encode_us=10 acquire_us=11658 submit_us=5345 skipped=0 gpu_q=1 gpu_total_us=4646 gpu_prepass_us=0 gpu_main_us=4646 gpu_composite_us=0 gpu_blit_us=0
[frust INFO] frust-perf img skipped=0 evicted=3 resident=60 budget=1024x1024x4
[frust INFO] frust-perf raw n=1730 total_us=16814 rebuild_us=502 layout_us=29 paint_us=33 encode_us=10 acquire_us=11279 submit_us=4957 skipped=0 gpu_q=1 gpu_total_us=4538 gpu_prepass_us=0 gpu_main_us=4538 gpu_composite_us=0 gpu_blit_us=0
[frust INFO] frust-perf img skipped=0 evicted=3 resident=60 budget=1024x1024x4
[frust INFO] frust-perf raw n=1731 total_us=17234 rebuild_us=523 layout_us=26 paint_us=36 encode_us=14 acquire_us=11680 submit_us=4952 skipped=0 gpu_q=1 gpu_total_us=4623 gpu_prepass_us=0 gpu_main_us=4623 gpu_composite_us=0 gpu_blit_us=0
[frust INFO] frust-perf img skipped=0 evicted=3 resident=60 budget=1024x1024x4
[frust INFO] frust-perf raw n=1732 total_us=16848 rebuild_us=496 layout_us=24 paint_us=33 encode_us=10 acquire_us=11496 submit_us=4787 skipped=0 gpu_q=1 gpu_total_us=4669 gpu_prepass_us=0 gpu_main_us=4669 gpu_composite_us=0 gpu_blit_us=0
[frust INFO] frust-perf img skipped=0 evicted=3 resident=60 budget=1024x1024x4
[frust INFO] frust-perf raw n=1733 total_us=17680 rebuild_us=512 layout_us=23 paint_us=36 encode_us=10 acquire_us=12176 submit_us=4920 skipped=0 gpu_q=1 gpu_total_us=4669 gpu_prepass_us=0 gpu_main_us=4669 gpu_composite_us=0 gpu_blit_us=0
[frust INFO] frust-perf img skipped=0 evicted=4 resident=60 budget=1024x1024x4
[frust INFO] frust-perf raw n=1734 total_us=17590 rebuild_us=483 layout_us=24 paint_us=39 encode_us=13 acquire_us=11477 submit_us=5552 skipped=0 gpu_q=1 gpu_total_us=4690 gpu_prepass_us=0 gpu_main_us=4690 gpu_composite_us=0 gpu_blit_us=0
[frust INFO] frust-perf img skipped=0 evicted=3 resident=60 budget=1024x1024x4
[frust INFO] frust-perf raw n=1735 total_us=16464 rebuild_us=505 layout_us=22 paint_us=36 encode_us=9 acquire_us=11013 submit_us=4877 skipped=0 gpu_q=1 gpu_total_us=4640 gpu_prepass_us=0 gpu_main_us=4640 gpu_composite_us=0 gpu_blit_us=0
[frust INFO] frust-perf img skipped=0 evicted=3 resident=60 budget=1024x1024x4
[frust INFO] frust-perf raw n=1736 total_us=17520 rebuild_us=506 layout_us=24 paint_us=37 encode_us=13 acquire_us=11801 submit_us=5137 skipped=0 gpu_q=1 gpu_total_us=4653 gpu_prepass_us=0 gpu_main_us=4653 gpu_composite_us=0 gpu_blit_us=0
[frust INFO] frust-perf img skipped=0 evicted=3 resident=60 budget=1024x1024x4
[frust INFO] frust-perf raw n=1737 total_us=16811 rebuild_us=489 layout_us=22 paint_us=34 encode_us=10 acquire_us=11345 submit_us=4909 skipped=0 gpu_q=1 gpu_total_us=4635 gpu_prepass_us=0 gpu_main_us=4635 gpu_composite_us=0 gpu_blit_us=0
[frust INFO] frust-perf img skipped=0 evicted=3 resident=60 budget=1024x1024x4
[frust INFO] frust-perf raw n=1738 total_us=17353 rebuild_us=521 layout_us=24 paint_us=34 encode_us=10 acquire_us=11851 submit_us=4910 skipped=0 gpu_q=1 gpu_total_us=4628 gpu_prepass_us=0 gpu_main_us=4628 gpu_composite_us=0 gpu_blit_us=0
[frust INFO] frust-perf img skipped=0 evicted=4 resident=60 budget=1024x1024x4
[frust INFO] frust-perf raw n=1739 total_us=17285 rebuild_us=481 layout_us=21 paint_us=36 encode_us=13 acquire_us=11526 submit_us=5206 skipped=0 gpu_q=1 gpu_total_us=4594 gpu_prepass_us=0 gpu_main_us=4594 gpu_composite_us=0 gpu_blit_us=0
[frust INFO] frust-perf img skipped=0 evicted=3 resident=60 budget=1024x1024x4
[frust INFO] frust-perf enc n=1740 w=60 validate_us=3.5 prepare_us=4.2 classify_us=10.9 admit_us=0.3 walk_us=1395.8 glyphs_us=100.7 finish_us=3.2 compile_us=1473.6 schedule_us=5.1 paints_us=18.2 instances_us=74.8 resize_us=3.3 upload_us=1838.7 replay_us=0.8 pipelines_us=19.1 record_us=35.8 total_us=3461.5 total_p95_us=4078.1 draws=29 strips=2111 alphas=51696 glyph_draws=17 atlas_glyphs=17
[frust INFO] frust-perf raw n=1740 total_us=16655 rebuild_us=471 layout_us=25 paint_us=39 encode_us=10 acquire_us=11412 submit_us=4696 skipped=0 gpu_q=1 gpu_total_us=4662 gpu_prepass_us=0 gpu_main_us=4662 gpu_composite_us=0 gpu_blit_us=0
[frust INFO] frust-perf img skipped=0 evicted=3 resident=60 budget=1024x1024x4
[frust INFO] frust-perf raw n=1741 total_us=17254 rebuild_us=503 layout_us=24 paint_us=34 encode_us=22 acquire_us=11939 submit_us=4730 skipped=0 gpu_q=1 gpu_total_us=4667 gpu_prepass_us=0 gpu_main_us=4667 gpu_composite_us=0 gpu_blit_us=0
[frust INFO] frust-perf img skipped=0 evicted=3 resident=60 budget=1024x1024x4
[frust INFO] frust-perf raw n=1742 total_us=17346 rebuild_us=457 layout_us=22 paint_us=28 encode_us=10 acquire_us=11920 submit_us=4907 skipped=0 gpu_q=1 gpu_total_us=4645 gpu_prepass_us=0 gpu_main_us=4645 gpu_composite_us=0 gpu_blit_us=0
[frust INFO] frust-perf img skipped=0 evicted=3 resident=60 budget=1024x1024x4
[frust INFO] frust-perf raw n=1743 total_us=16721 rebuild_us=443 layout_us=19 paint_us=34 encode_us=9 acquire_us=11608 submit_us=4604 skipped=0 gpu_q=1 gpu_total_us=4621 gpu_prepass_us=0 gpu_main_us=4621 gpu_composite_us=0 gpu_blit_us=0
[frust INFO] frust-perf img skipped=0 evicted=4 resident=60 budget=1024x1024x4
[frust INFO] frust-perf raw n=1744 total_us=18245 rebuild_us=452 layout_us=23 paint_us=32 encode_us=9 acquire_us=12139 submit_us=5588 skipped=0 gpu_q=1 gpu_total_us=4554 gpu_prepass_us=0 gpu_main_us=4554 gpu_composite_us=0 gpu_blit_us=0
[frust INFO] frust-perf img skipped=0 evicted=3 resident=60 budget=1024x1024x4
[frust INFO] frust-perf raw n=1745 total_us=16482 rebuild_us=473 layout_us=21 paint_us=36 encode_us=10 acquire_us=10858 submit_us=5082 skipped=0 gpu_q=1 gpu_total_us=4665 gpu_prepass_us=0 gpu_main_us=4665 gpu_composite_us=0 gpu_blit_us=0
[frust INFO] frust-perf img skipped=0 evicted=3 resident=60 budget=1024x1024x4
[frust INFO] frust-perf raw n=1746 total_us=17070 rebuild_us=541 layout_us=24 paint_us=36 encode_us=9 acquire_us=11507 submit_us=4952 skipped=0 gpu_q=1 gpu_total_us=4741 gpu_prepass_us=0 gpu_main_us=4741 gpu_composite_us=0 gpu_blit_us=0
[frust INFO] frust-perf img skipped=0 evicted=3 resident=60 budget=1024x1024x4
[frust INFO] frust-perf raw n=1747 total_us=17114 rebuild_us=490 layout_us=28 paint_us=35 encode_us=9 acquire_us=11662 submit_us=4889 skipped=0 gpu_q=1 gpu_total_us=4649 gpu_prepass_us=0 gpu_main_us=4649 gpu_composite_us=0 gpu_blit_us=0
[frust INFO] frust-perf img skipped=0 evicted=3 resident=60 budget=1024x1024x4
[frust INFO] frust-perf raw n=1748 total_us=17457 rebuild_us=565 layout_us=29 paint_us=32 encode_us=10 acquire_us=11943 submit_us=4877 skipped=0 gpu_q=1 gpu_total_us=4699 gpu_prepass_us=0 gpu_main_us=4699 gpu_composite_us=0 gpu_blit_us=0
[frust INFO] frust-perf img skipped=0 evicted=4 resident=60 budget=1024x1024x4
[frust INFO] frust-perf raw n=1749 total_us=17629 rebuild_us=480 layout_us=23 paint_us=36 encode_us=9 acquire_us=11494 submit_us=5585 skipped=0 gpu_q=1 gpu_total_us=4593 gpu_prepass_us=0 gpu_main_us=4593 gpu_composite_us=0 gpu_blit_us=0
[frust INFO] frust-perf img skipped=0 evicted=3 resident=60 budget=1024x1024x4
[frust INFO] frust-perf raw n=1750 total_us=16495 rebuild_us=502 layout_us=25 paint_us=35 encode_us=10 acquire_us=11060 submit_us=4862 skipped=0 gpu_q=1 gpu_total_us=4629 gpu_prepass_us=0 gpu_main_us=4629 gpu_composite_us=0 gpu_blit_us=0
[frust INFO] frust-perf img skipped=0 evicted=3 resident=60 budget=1024x1024x4
[frust INFO] frust-perf raw n=1751 total_us=16854 rebuild_us=480 layout_us=20 paint_us=30 encode_us=9 acquire_us=11692 submit_us=4621 skipped=0 gpu_q=1 gpu_total_us=4646 gpu_prepass_us=0 gpu_main_us=4646 gpu_composite_us=0 gpu_blit_us=0
[frust INFO] frust-perf img skipped=0 evicted=3 resident=60 budget=1024x1024x4
[frust INFO] frust-perf raw n=1752 total_us=17373 rebuild_us=457 layout_us=19 paint_us=34 encode_us=9 acquire_us=11938 submit_us=4913 skipped=0 gpu_q=1 gpu_total_us=4633 gpu_prepass_us=0 gpu_main_us=4633 gpu_composite_us=0 gpu_blit_us=0
[frust INFO] frust-perf img skipped=0 evicted=3 resident=60 budget=1024x1024x4
[frust INFO] frust-perf raw n=1753 total_us=17131 rebuild_us=498 layout_us=24 paint_us=35 encode_us=13 acquire_us=11762 submit_us=4797 skipped=0 gpu_q=1 gpu_total_us=4578 gpu_prepass_us=0 gpu_main_us=4578 gpu_composite_us=0 gpu_blit_us=0
[frust INFO] frust-perf img skipped=0 evicted=4 resident=60 budget=1024x1024x4
[frust INFO] frust-perf raw n=1754 total_us=18062 rebuild_us=534 layout_us=28 paint_us=40 encode_us=9 acquire_us=11904 submit_us=5544 skipped=0 gpu_q=1 gpu_total_us=4669 gpu_prepass_us=0 gpu_main_us=4669 gpu_composite_us=0 gpu_blit_us=0
[frust INFO] frust-perf img skipped=0 evicted=3 resident=60 budget=1024x1024x4
[frust INFO] frust-perf raw n=1755 total_us=16463 rebuild_us=477 layout_us=27 paint_us=32 encode_us=13 acquire_us=10959 submit_us=4952 skipped=0 gpu_q=1 gpu_total_us=4623 gpu_prepass_us=0 gpu_main_us=4623 gpu_composite_us=0 gpu_blit_us=0
[frust INFO] frust-perf img skipped=0 evicted=3 resident=60 budget=1024x1024x4
[frust INFO] frust-perf raw n=1756 total_us=17155 rebuild_us=531 layout_us=20 paint_us=33 encode_us=13 acquire_us=11700 submit_us=4856 skipped=0 gpu_q=1 gpu_total_us=4652 gpu_prepass_us=0 gpu_main_us=4652 gpu_composite_us=0 gpu_blit_us=0
[frust INFO] frust-perf img skipped=0 evicted=3 resident=60 budget=1024x1024x4
[frust INFO] frust-perf raw n=1757 total_us=17193 rebuild_us=499 layout_us=20 paint_us=33 encode_us=9 acquire_us=11661 submit_us=4968 skipped=0 gpu_q=1 gpu_total_us=4647 gpu_prepass_us=0 gpu_main_us=4647 gpu_composite_us=0 gpu_blit_us=0
[frust INFO] frust-perf img skipped=0 evicted=3 resident=60 budget=1024x1024x4
[frust INFO] frust-perf raw n=1758 total_us=17124 rebuild_us=455 layout_us=32 paint_us=32 encode_us=13 acquire_us=11623 submit_us=4967 skipped=0 gpu_q=1 gpu_total_us=4682 gpu_prepass_us=0 gpu_main_us=4682 gpu_composite_us=0 gpu_blit_us=0
[frust INFO] frust-perf img skipped=0 evicted=4 resident=60 budget=1024x1024x4
[frust INFO] frust-perf raw n=1759 total_us=17737 rebuild_us=482 layout_us=27 paint_us=32 encode_us=12 acquire_us=11858 submit_us=5325 skipped=0 gpu_q=1 gpu_total_us=4694 gpu_prepass_us=0 gpu_main_us=4694 gpu_composite_us=0 gpu_blit_us=0
[frust INFO] frust-perf img skipped=0 evicted=3 resident=60 budget=1024x1024x4
[frust INFO] frust-perf raw n=1760 total_us=16427 rebuild_us=521 layout_us=21 paint_us=41 encode_us=10 acquire_us=10980 submit_us=4853 skipped=0 gpu_q=1 gpu_total_us=4664 gpu_prepass_us=0 gpu_main_us=4664 gpu_composite_us=0 gpu_blit_us=0
[frust INFO] frust-perf frame n=120 total_p50_ms=17 total_p95_ms=17 total_p99_ms=18 rebuild_p95_ms=0 layout_p95_ms=0 paint_p95_ms=0 encode_p95_ms=0 acquire_p95_ms=12 submit_p95_ms=5 over_60hz=1511 over_120hz=1758 skipped=0 total_frames=1760
[frust INFO] frust-perf img skipped=0 evicted=3 resident=60 budget=1024x1024x4
[frust INFO] frust-perf raw n=1761 total_us=17061 rebuild_us=481 layout_us=24 paint_us=33 encode_us=9 acquire_us=11636 submit_us=4876 skipped=0 gpu_q=1 gpu_total_us=4683 gpu_prepass_us=0 gpu_main_us=4683 gpu_composite_us=0 gpu_blit_us=0
[frust INFO] frust-perf img skipped=0 evicted=3 resident=60 budget=1024x1024x4
[frust INFO] frust-perf raw n=1762 total_us=17159 rebuild_us=428 layout_us=23 paint_us=40 encode_us=9 acquire_us=11798 submit_us=4858 skipped=0 gpu_q=1 gpu_total_us=4690 gpu_prepass_us=0 gpu_main_us=4690 gpu_composite_us=0 gpu_blit_us=0
[frust INFO] frust-perf img skipped=0 evicted=3 resident=60 budget=1024x1024x4
[frust INFO] frust-perf raw n=1763 total_us=17136 rebuild_us=498 layout_us=25 paint_us=36 encode_us=14 acquire_us=11759 submit_us=4802 skipped=0 gpu_q=1 gpu_total_us=4660 gpu_prepass_us=0 gpu_main_us=4660 gpu_composite_us=0 gpu_blit_us=0
[frust INFO] frust-perf img skipped=0 evicted=4 resident=60 budget=1024x1024x4
[frust INFO] frust-perf raw n=1764 total_us=17907 rebuild_us=493 layout_us=28 paint_us=38 encode_us=13 acquire_us=12073 submit_us=5261 skipped=0 gpu_q=1 gpu_total_us=4581 gpu_prepass_us=0 gpu_main_us=4581 gpu_composite_us=0 gpu_blit_us=0
[frust INFO] frust-perf img skipped=0 evicted=3 resident=60 budget=1024x1024x4
[frust INFO] frust-perf raw n=1765 total_us=16425 rebuild_us=548 layout_us=28 paint_us=42 encode_us=11 acquire_us=11019 submit_us=4775 skipped=0 gpu_q=1 gpu_total_us=4646 gpu_prepass_us=0 gpu_main_us=4646 gpu_composite_us=0 gpu_blit_us=0
[frust INFO] frust-perf img skipped=0 evicted=3 resident=60 budget=1024x1024x4
[frust INFO] frust-perf raw n=1766 total_us=16996 rebuild_us=467 layout_us=25 paint_us=33 encode_us=13 acquire_us=11805 submit_us=4650 skipped=0 gpu_q=1 gpu_total_us=4667 gpu_prepass_us=0 gpu_main_us=4667 gpu_composite_us=0 gpu_blit_us=0
[frust INFO] frust-perf img skipped=0 evicted=3 resident=60 budget=1024x1024x4
[frust INFO] frust-perf raw n=1767 total_us=17444 rebuild_us=453 layout_us=24 paint_us=34 encode_us=9 acquire_us=12015 submit_us=4907 skipped=0 gpu_q=1 gpu_total_us=4668 gpu_prepass_us=0 gpu_main_us=4668 gpu_composite_us=0 gpu_blit_us=0
[frust INFO] frust-perf img skipped=0 evicted=3 resident=60 budget=1024x1024x4
[frust INFO] frust-perf raw n=1768 total_us=16941 rebuild_us=450 layout_us=21 paint_us=33 encode_us=9 acquire_us=11745 submit_us=4681 skipped=0 gpu_q=1 gpu_total_us=4646 gpu_prepass_us=0 gpu_main_us=4646 gpu_composite_us=0 gpu_blit_us=0
[frust INFO] frust-perf img skipped=0 evicted=3 resident=60 budget=1024x1024x4
[frust INFO] frust-perf raw n=1769 total_us=17497 rebuild_us=467 layout_us=23 paint_us=36 encode_us=12 acquire_us=12165 submit_us=4792 skipped=0 gpu_q=1 gpu_total_us=4686 gpu_prepass_us=0 gpu_main_us=4686 gpu_composite_us=0 gpu_blit_us=0
[frust INFO] frust-perf img skipped=0 evicted=4 resident=60 budget=1024x1024x4
[frust INFO] frust-perf raw n=1770 total_us=17022 rebuild_us=456 layout_us=22 paint_us=29 encode_us=10 acquire_us=11456 submit_us=5048 skipped=0 gpu_q=1 gpu_total_us=4653 gpu_prepass_us=0 gpu_main_us=4653 gpu_composite_us=0 gpu_blit_us=0
[frust INFO] frust-perf img skipped=0 evicted=3 resident=60 budget=1024x1024x4
[frust INFO] frust-perf raw n=1771 total_us=16848 rebuild_us=461 layout_us=19 paint_us=36 encode_us=9 acquire_us=11681 submit_us=4639 skipped=0 gpu_q=1 gpu_total_us=4617 gpu_prepass_us=0 gpu_main_us=4617 gpu_composite_us=0 gpu_blit_us=0
[frust INFO] frust-perf img skipped=0 evicted=3 resident=60 budget=1024x1024x4
[frust INFO] frust-perf raw n=1772 total_us=17275 rebuild_us=506 layout_us=22 paint_us=33 encode_us=6 acquire_us=12039 submit_us=4666 skipped=0 gpu_q=1 gpu_total_us=4676 gpu_prepass_us=0 gpu_main_us=4676 gpu_composite_us=0 gpu_blit_us=0
[frust INFO] frust-perf img skipped=0 evicted=3 resident=60 budget=1024x1024x4
[frust INFO] frust-perf raw n=1773 total_us=17710 rebuild_us=504 layout_us=21 paint_us=34 encode_us=6 acquire_us=12211 submit_us=4931 skipped=0 gpu_q=1 gpu_total_us=4597 gpu_prepass_us=0 gpu_main_us=4597 gpu_composite_us=0 gpu_blit_us=0
[frust INFO] frust-perf img skipped=0 evicted=3 resident=60 budget=1024x1024x4
[frust INFO] frust-perf raw n=1774 total_us=16292 rebuild_us=179 layout_us=8 paint_us=12 encode_us=6 acquire_us=11526 submit_us=4559 skipped=0 gpu_q=1 gpu_total_us=4545 gpu_prepass_us=0 gpu_main_us=4545 gpu_composite_us=0 gpu_blit_us=0
[frust INFO] frust-perf img skipped=0 evicted=4 resident=60 budget=1024x1024x4
[frust INFO] frust-perf raw n=1775 total_us=18109 rebuild_us=730 layout_us=26 paint_us=38 encode_us=6 acquire_us=11999 submit_us=5307 skipped=0 gpu_q=1 gpu_total_us=4895 gpu_prepass_us=0 gpu_main_us=4895 gpu_composite_us=0 gpu_blit_us=0
[frust INFO] frust-perf img skipped=0 evicted=3 resident=60 budget=1024x1024x4
[frust INFO] frust-perf raw n=1776 total_us=16534 rebuild_us=575 layout_us=28 paint_us=34 encode_us=14 acquire_us=11163 submit_us=4718 skipped=0 gpu_q=1 gpu_total_us=4549 gpu_prepass_us=0 gpu_main_us=4549 gpu_composite_us=0 gpu_blit_us=0
[frust INFO] frust-perf img skipped=0 evicted=3 resident=60 budget=1024x1024x4
[frust INFO] frust-perf raw n=1777 total_us=17055 rebuild_us=579 layout_us=29 paint_us=35 encode_us=11 acquire_us=11913 submit_us=4485 skipped=0 gpu_q=1 gpu_total_us=4618 gpu_prepass_us=0 gpu_main_us=4618 gpu_composite_us=0 gpu_blit_us=0
[frust INFO] frust-perf img skipped=0 evicted=3 resident=60 budget=1024x1024x4
[frust INFO] frust-perf raw n=1778 total_us=17910 rebuild_us=524 layout_us=20 paint_us=29 encode_us=7 acquire_us=12109 submit_us=5218 skipped=0 gpu_q=1 gpu_total_us=4542 gpu_prepass_us=0 gpu_main_us=4542 gpu_composite_us=0 gpu_blit_us=0
[frust INFO] frust-perf img skipped=0 evicted=3 resident=60 budget=1024x1024x4
[frust INFO] frust-perf raw n=1779 total_us=17061 rebuild_us=588 layout_us=21 paint_us=40 encode_us=11 acquire_us=11453 submit_us=4946 skipped=0 gpu_q=1 gpu_total_us=4596 gpu_prepass_us=0 gpu_main_us=4596 gpu_composite_us=0 gpu_blit_us=0
[frust INFO] frust-perf img skipped=0 evicted=4 resident=60 budget=1024x1024x4
[frust INFO] frust-perf raw n=1780 total_us=18368 rebuild_us=549 layout_us=24 paint_us=38 encode_us=8 acquire_us=11933 submit_us=5814 skipped=0 gpu_q=1 gpu_total_us=4533 gpu_prepass_us=0 gpu_main_us=4533 gpu_composite_us=0 gpu_blit_us=0
[frust INFO] frust-perf img skipped=0 evicted=3 resident=60 budget=1024x1024x4
[frust INFO] frust-perf raw n=1781 total_us=15480 rebuild_us=567 layout_us=22 paint_us=36 encode_us=8 acquire_us=10484 submit_us=4361 skipped=0 gpu_q=1 gpu_total_us=4542 gpu_prepass_us=0 gpu_main_us=4542 gpu_composite_us=0 gpu_blit_us=0
[frust INFO] frust-perf img skipped=0 evicted=3 resident=60 budget=1024x1024x4
[frust INFO] frust-perf raw n=1782 total_us=18306 rebuild_us=568 layout_us=25 paint_us=32 encode_us=5 acquire_us=12383 submit_us=5290 skipped=0 gpu_q=1 gpu_total_us=4522 gpu_prepass_us=0 gpu_main_us=4522 gpu_composite_us=0 gpu_blit_us=0
[frust INFO] frust-perf img skipped=0 evicted=3 resident=60 budget=1024x1024x4
[frust INFO] frust-perf raw n=1783 total_us=17158 rebuild_us=620 layout_us=26 paint_us=40 encode_us=12 acquire_us=11493 submit_us=4964 skipped=0 gpu_q=1 gpu_total_us=4633 gpu_prepass_us=0 gpu_main_us=4633 gpu_composite_us=0 gpu_blit_us=0
[frust INFO] frust-perf img skipped=0 evicted=3 resident=60 budget=1024x1024x4
[frust INFO] frust-perf raw n=1784 total_us=16150 rebuild_us=197 layout_us=7 paint_us=11 encode_us=14 acquire_us=11340 submit_us=4578 skipped=0 gpu_q=1 gpu_total_us=4643 gpu_prepass_us=0 gpu_main_us=4643 gpu_composite_us=0 gpu_blit_us=0
[frust INFO] frust-perf img skipped=0 evicted=4 resident=60 budget=1024x1024x4
[frust INFO] frust-perf raw n=1785 total_us=17871 rebuild_us=740 layout_us=31 paint_us=36 encode_us=9 acquire_us=12159 submit_us=4893 skipped=0 gpu_q=1 gpu_total_us=4570 gpu_prepass_us=0 gpu_main_us=4570 gpu_composite_us=0 gpu_blit_us=0
[frust INFO] frust-perf img skipped=0 evicted=3 resident=60 budget=1024x1024x4
[frust INFO] frust-perf raw n=1786 total_us=17411 rebuild_us=506 layout_us=25 paint_us=34 encode_us=5 acquire_us=11686 submit_us=5152 skipped=0 gpu_q=1 gpu_total_us=4758 gpu_prepass_us=0 gpu_main_us=4758 gpu_composite_us=0 gpu_blit_us=0
[frust INFO] frust-perf img skipped=0 evicted=3 resident=60 budget=1024x1024x4
[frust INFO] frust-perf raw n=1787 total_us=17031 rebuild_us=596 layout_us=29 paint_us=40 encode_us=11 acquire_us=11517 submit_us=4836 skipped=0 gpu_q=1 gpu_total_us=4611 gpu_prepass_us=0 gpu_main_us=4611 gpu_composite_us=0 gpu_blit_us=0
[frust INFO] frust-perf img skipped=0 evicted=3 resident=60 budget=1024x1024x4
[frust INFO] frust-perf raw n=1788 total_us=17004 rebuild_us=468 layout_us=25 paint_us=30 encode_us=6 acquire_us=11666 submit_us=4808 skipped=0 gpu_q=1 gpu_total_us=4737 gpu_prepass_us=0 gpu_main_us=4737 gpu_composite_us=0 gpu_blit_us=0
[frust INFO] frust-perf img skipped=0 evicted=3 resident=60 budget=1024x1024x4
[frust INFO] frust-perf raw n=1789 total_us=17068 rebuild_us=535 layout_us=27 paint_us=35 encode_us=15 acquire_us=11849 submit_us=4605 skipped=0 gpu_q=1 gpu_total_us=4719 gpu_prepass_us=0 gpu_main_us=4719 gpu_composite_us=0 gpu_blit_us=0
[frust INFO] frust-perf img skipped=0 evicted=4 resident=60 budget=1024x1024x4
[frust INFO] frust-perf raw n=1790 total_us=17918 rebuild_us=472 layout_us=22 paint_us=31 encode_us=9 acquire_us=12007 submit_us=5375 skipped=0 gpu_q=1 gpu_total_us=4456 gpu_prepass_us=0 gpu_main_us=4456 gpu_composite_us=0 gpu_blit_us=0
[frust INFO] frust-perf img skipped=0 evicted=3 resident=60 budget=1024x1024x4
[frust INFO] frust-perf raw n=1791 total_us=16460 rebuild_us=443 layout_us=20 paint_us=38 encode_us=9 acquire_us=11158 submit_us=4790 skipped=0 gpu_q=1 gpu_total_us=4692 gpu_prepass_us=0 gpu_main_us=4692 gpu_composite_us=0 gpu_blit_us=0
[frust INFO] frust-perf img skipped=0 evicted=3 resident=60 budget=1024x1024x4
[frust INFO] frust-perf raw n=1792 total_us=16883 rebuild_us=526 layout_us=22 paint_us=31 encode_us=9 acquire_us=11778 submit_us=4514 skipped=0 gpu_q=1 gpu_total_us=4618 gpu_prepass_us=0 gpu_main_us=4618 gpu_composite_us=0 gpu_blit_us=0
[frust INFO] frust-perf img skipped=0 evicted=3 resident=60 budget=1024x1024x4
[frust INFO] frust-perf raw n=1793 total_us=17175 rebuild_us=516 layout_us=24 paint_us=32 encode_us=9 acquire_us=12080 submit_us=4510 skipped=0 gpu_q=1 gpu_total_us=4651 gpu_prepass_us=0 gpu_main_us=4651 gpu_composite_us=0 gpu_blit_us=0
[frust INFO] frust-perf img skipped=0 evicted=3 resident=60 budget=1024x1024x4
[frust INFO] frust-perf raw n=1794 total_us=17729 rebuild_us=490 layout_us=24 paint_us=32 encode_us=7 acquire_us=12231 submit_us=4943 skipped=0 gpu_q=1 gpu_total_us=4639 gpu_prepass_us=0 gpu_main_us=4639 gpu_composite_us=0 gpu_blit_us=0
[frust INFO] frust-perf img skipped=0 evicted=4 resident=60 budget=1024x1024x4
[frust INFO] frust-perf raw n=1795 total_us=17316 rebuild_us=535 layout_us=28 paint_us=37 encode_us=11 acquire_us=11596 submit_us=5106 skipped=0 gpu_q=1 gpu_total_us=4590 gpu_prepass_us=0 gpu_main_us=4590 gpu_composite_us=0 gpu_blit_us=0
[frust INFO] frust-perf img skipped=0 evicted=3 resident=60 budget=1024x1024x4
[frust INFO] frust-perf raw n=1796 total_us=16726 rebuild_us=472 layout_us=28 paint_us=32 encode_us=9 acquire_us=11528 submit_us=4655 skipped=0 gpu_q=1 gpu_total_us=4714 gpu_prepass_us=0 gpu_main_us=4714 gpu_composite_us=0 gpu_blit_us=0
[frust INFO] frust-perf img skipped=0 evicted=3 resident=60 budget=1024x1024x4
[frust INFO] frust-perf raw n=1797 total_us=17134 rebuild_us=476 layout_us=27 paint_us=31 encode_us=9 acquire_us=11892 submit_us=4697 skipped=0 gpu_q=1 gpu_total_us=4596 gpu_prepass_us=0 gpu_main_us=4596 gpu_composite_us=0 gpu_blit_us=0
[frust INFO] frust-perf img skipped=0 evicted=3 resident=60 budget=1024x1024x4
[frust INFO] frust-perf raw n=1798 total_us=17319 rebuild_us=483 layout_us=30 paint_us=31 encode_us=8 acquire_us=11942 submit_us=4822 skipped=0 gpu_q=1 gpu_total_us=4622 gpu_prepass_us=0 gpu_main_us=4622 gpu_composite_us=0 gpu_blit_us=0
[frust INFO] frust-perf img skipped=0 evicted=3 resident=60 budget=1024x1024x4
[frust INFO] frust-perf raw n=1799 total_us=17209 rebuild_us=508 layout_us=28 paint_us=35 encode_us=13 acquire_us=11786 submit_us=4837 skipped=0 gpu_q=1 gpu_total_us=4608 gpu_prepass_us=0 gpu_main_us=4608 gpu_composite_us=0 gpu_blit_us=0
[frust INFO] frust-perf img skipped=0 evicted=4 resident=60 budget=1024x1024x4
[frust INFO] frust-perf enc n=1800 w=60 validate_us=3.6 prepare_us=4.8 classify_us=10.8 admit_us=0.3 walk_us=1405.3 glyphs_us=102.8 finish_us=3.3 compile_us=1480.8 schedule_us=4.9 paints_us=18.5 instances_us=75.5 resize_us=3.2 upload_us=1822.5 replay_us=0.8 pipelines_us=20.8 record_us=35.9 total_us=3479.1 total_p95_us=4074.6 draws=29 strips=2111 alphas=51696 glyph_draws=17 atlas_glyphs=17
[frust INFO] frust-perf raw n=1800 total_us=18156 rebuild_us=488 layout_us=22 paint_us=42 encode_us=13 acquire_us=11789 submit_us=5799 skipped=0 gpu_q=1 gpu_total_us=4663 gpu_prepass_us=0 gpu_main_us=4663 gpu_composite_us=0 gpu_blit_us=0
[frust INFO] frust-perf img skipped=0 evicted=2 resident=60 budget=1024x1024x4
[frust INFO] frust-perf raw n=1801 total_us=15481 rebuild_us=505 layout_us=25 paint_us=38 encode_us=8 acquire_us=10784 submit_us=4119 skipped=0 gpu_q=1 gpu_total_us=4663 gpu_prepass_us=0 gpu_main_us=4663 gpu_composite_us=0 gpu_blit_us=0
[frust INFO] frust-perf raw n=1802 total_us=16304 rebuild_us=532 layout_us=26 paint_us=27 encode_us=7 acquire_us=12576 submit_us=3133 skipped=0 gpu_q=1 gpu_total_us=4645 gpu_prepass_us=0 gpu_main_us=4645 gpu_composite_us=0 gpu_blit_us=0
[frust INFO] frust-perf raw n=1803 total_us=16626 rebuild_us=516 layout_us=21 paint_us=29 encode_us=16 acquire_us=13389 submit_us=2654 skipped=0 gpu_q=1 gpu_total_us=4617 gpu_prepass_us=0 gpu_main_us=4617 gpu_composite_us=0 gpu_blit_us=0
[frust INFO] frust-perf raw n=1804 total_us=17631 rebuild_us=448 layout_us=28 paint_us=30 encode_us=10 acquire_us=14060 submit_us=3052 skipped=0 gpu_q=1 gpu_total_us=4621 gpu_prepass_us=0 gpu_main_us=4621 gpu_composite_us=0 gpu_blit_us=0
[frust INFO] frust-perf raw n=1805 total_us=17171 rebuild_us=508 layout_us=29 paint_us=37 encode_us=13 acquire_us=13562 submit_us=3019 skipped=0 gpu_q=1 gpu_total_us=4583 gpu_prepass_us=0 gpu_main_us=4583 gpu_composite_us=0 gpu_blit_us=0
[frust INFO] frust-perf raw n=1806 total_us=17759 rebuild_us=519 layout_us=23 paint_us=41 encode_us=10 acquire_us=13525 submit_us=3639 skipped=0 gpu_q=1 gpu_total_us=4718 gpu_prepass_us=0 gpu_main_us=4718 gpu_composite_us=0 gpu_blit_us=0
[frust INFO] frust-perf raw n=1807 total_us=17508 rebuild_us=547 layout_us=25 paint_us=36 encode_us=13 acquire_us=13007 submit_us=3877 skipped=0 gpu_q=1 gpu_total_us=4753 gpu_prepass_us=0 gpu_main_us=4753 gpu_composite_us=0 gpu_blit_us=0
[frust INFO] frust-perf raw n=1808 total_us=17112 rebuild_us=664 layout_us=25 paint_us=43 encode_us=15 acquire_us=12548 submit_us=3814 skipped=0 gpu_q=1 gpu_total_us=4678 gpu_prepass_us=0 gpu_main_us=4678 gpu_composite_us=0 gpu_blit_us=0
[frust INFO] frust-perf raw n=1809 total_us=17881 rebuild_us=629 layout_us=28 paint_us=50 encode_us=19 acquire_us=13029 submit_us=4123 skipped=0 gpu_q=1 gpu_total_us=4677 gpu_prepass_us=0 gpu_main_us=4677 gpu_composite_us=0 gpu_blit_us=0
[frust INFO] frust-perf raw n=1810 total_us=17129 rebuild_us=693 layout_us=30 paint_us=39 encode_us=16 acquire_us=12276 submit_us=4074 skipped=0 gpu_q=1 gpu_total_us=4656 gpu_prepass_us=0 gpu_main_us=4656 gpu_composite_us=0 gpu_blit_us=0
[frust INFO] frust-perf raw n=1811 total_us=17830 rebuild_us=645 layout_us=28 paint_us=42 encode_us=13 acquire_us=12595 submit_us=4503 skipped=0 gpu_q=1 gpu_total_us=4659 gpu_prepass_us=0 gpu_main_us=4659 gpu_composite_us=0 gpu_blit_us=0
[frust INFO] frust-perf raw n=1812 total_us=17292 rebuild_us=899 layout_us=34 paint_us=56 encode_us=14 acquire_us=11977 submit_us=4310 skipped=0 gpu_q=1 gpu_total_us=4600 gpu_prepass_us=0 gpu_main_us=4600 gpu_composite_us=0 gpu_blit_us=0
[frust INFO] frust-perf raw n=1813 total_us=15535 rebuild_us=633 layout_us=31 paint_us=49 encode_us=14 acquire_us=12239 submit_us=2567 skipped=0 gpu_q=1 gpu_total_us=4662 gpu_prepass_us=0 gpu_main_us=4662 gpu_composite_us=0 gpu_blit_us=0
[frust INFO] frust-perf raw n=1814 total_us=19899 rebuild_us=537 layout_us=22 paint_us=40 encode_us=13 acquire_us=13956 submit_us=5329 skipped=0 gpu_q=1 gpu_total_us=4657 gpu_prepass_us=0 gpu_main_us=4657 gpu_composite_us=0 gpu_blit_us=0
[frust INFO] frust-perf raw n=1815 total_us=17131 rebuild_us=370 layout_us=19 paint_us=25 encode_us=19 acquire_us=11349 submit_us=5346 skipped=0 gpu_q=1 gpu_total_us=4689 gpu_prepass_us=0 gpu_main_us=4689 gpu_composite_us=0 gpu_blit_us=0
[frust INFO] frust-perf raw n=1816 total_us=16885 rebuild_us=870 layout_us=35 paint_us=54 encode_us=14 acquire_us=11362 submit_us=4548 skipped=0 gpu_q=1 gpu_total_us=4655 gpu_prepass_us=0 gpu_main_us=4655 gpu_composite_us=0 gpu_blit_us=0
[frust INFO] frust-perf raw n=1817 total_us=15046 rebuild_us=821 layout_us=33 paint_us=57 encode_us=10 acquire_us=11672 submit_us=2450 skipped=0 gpu_q=1 gpu_total_us=4592 gpu_prepass_us=0 gpu_main_us=4592 gpu_composite_us=0 gpu_blit_us=0
[frust INFO] frust-perf raw n=1818 total_us=20229 rebuild_us=353 layout_us=18 paint_us=26 encode_us=14 acquire_us=14445 submit_us=5371 skipped=0 gpu_q=1 gpu_total_us=4545 gpu_prepass_us=0 gpu_main_us=4545 gpu_composite_us=0 gpu_blit_us=0
[frust INFO] frust-perf img skipped=0 evicted=2 resident=60 budget=1024x1024x4
[frust INFO] frust-perf raw n=1819 total_us=18794 rebuild_us=874 layout_us=36 paint_us=54 encode_us=19 acquire_us=11148 submit_us=6660 skipped=0 gpu_q=1 gpu_total_us=4691 gpu_prepass_us=0 gpu_main_us=4691 gpu_composite_us=0 gpu_blit_us=0
[frust INFO] frust-perf img skipped=0 evicted=3 resident=60 budget=1024x1024x4
[frust INFO] frust-perf raw n=1820 total_us=18935 rebuild_us=761 layout_us=35 paint_us=49 encode_us=17 acquire_us=9964 submit_us=8107 skipped=0 gpu_q=1 gpu_total_us=4698 gpu_prepass_us=0 gpu_main_us=4698 gpu_composite_us=0 gpu_blit_us=0
[frust INFO] frust-perf img skipped=0 evicted=3 resident=60 budget=1024x1024x4
[frust INFO] frust-perf raw n=1821 total_us=15692 rebuild_us=655 layout_us=26 paint_us=45 encode_us=17 acquire_us=8347 submit_us=6600 skipped=0 gpu_q=1 gpu_total_us=4677 gpu_prepass_us=0 gpu_main_us=4677 gpu_composite_us=0 gpu_blit_us=0
[frust INFO] frust-perf img skipped=0 evicted=3 resident=60 budget=1024x1024x4
[frust INFO] frust-perf raw n=1822 total_us=16084 rebuild_us=631 layout_us=24 paint_us=40 encode_us=11 acquire_us=9910 submit_us=5467 skipped=0 gpu_q=1 gpu_total_us=4808 gpu_prepass_us=0 gpu_main_us=4808 gpu_composite_us=0 gpu_blit_us=0
[frust INFO] frust-perf img skipped=0 evicted=3 resident=60 budget=1024x1024x4
[frust INFO] frust-perf raw n=1823 total_us=17436 rebuild_us=551 layout_us=24 paint_us=42 encode_us=15 acquire_us=11138 submit_us=5664 skipped=0 gpu_q=1 gpu_total_us=4643 gpu_prepass_us=0 gpu_main_us=4643 gpu_composite_us=0 gpu_blit_us=0
[frust INFO] frust-perf img skipped=0 evicted=4 resident=60 budget=1024x1024x4
[frust INFO] frust-perf raw n=1824 total_us=17742 rebuild_us=591 layout_us=29 paint_us=45 encode_us=13 acquire_us=10871 submit_us=6191 skipped=0 gpu_q=1 gpu_total_us=4670 gpu_prepass_us=0 gpu_main_us=4670 gpu_composite_us=0 gpu_blit_us=0
[frust INFO] frust-perf img skipped=0 evicted=3 resident=60 budget=1024x1024x4
[frust INFO] frust-perf raw n=1825 total_us=16604 rebuild_us=601 layout_us=30 paint_us=43 encode_us=14 acquire_us=10360 submit_us=5554 skipped=0 gpu_q=1 gpu_total_us=4627 gpu_prepass_us=0 gpu_main_us=4627 gpu_composite_us=0 gpu_blit_us=0
[frust INFO] frust-perf img skipped=0 evicted=3 resident=60 budget=1024x1024x4
[frust INFO] frust-perf raw n=1826 total_us=17102 rebuild_us=578 layout_us=30 paint_us=44 encode_us=9 acquire_us=10998 submit_us=5442 skipped=0 gpu_q=1 gpu_total_us=4651 gpu_prepass_us=0 gpu_main_us=4651 gpu_composite_us=0 gpu_blit_us=0
[frust INFO] frust-perf img skipped=0 evicted=3 resident=60 budget=1024x1024x4
[frust INFO] frust-perf raw n=1827 total_us=17366 rebuild_us=500 layout_us=26 paint_us=42 encode_us=10 acquire_us=11200 submit_us=5585 skipped=0 gpu_q=1 gpu_total_us=4647 gpu_prepass_us=0 gpu_main_us=4647 gpu_composite_us=0 gpu_blit_us=0
[frust INFO] frust-perf img skipped=0 evicted=3 resident=60 budget=1024x1024x4
[frust INFO] frust-perf raw n=1828 total_us=16219 rebuild_us=490 layout_us=29 paint_us=28 encode_us=10 acquire_us=11067 submit_us=4593 skipped=0 gpu_q=1 gpu_total_us=4651 gpu_prepass_us=0 gpu_main_us=4651 gpu_composite_us=0 gpu_blit_us=0
[frust INFO] frust-perf img skipped=0 evicted=4 resident=60 budget=1024x1024x4
[frust INFO] frust-perf raw n=1829 total_us=18181 rebuild_us=450 layout_us=23 paint_us=36 encode_us=10 acquire_us=11983 submit_us=5675 skipped=0 gpu_q=1 gpu_total_us=4644 gpu_prepass_us=0 gpu_main_us=4644 gpu_composite_us=0 gpu_blit_us=0
[frust INFO] frust-perf img skipped=0 evicted=3 resident=60 budget=1024x1024x4
[frust INFO] frust-perf raw n=1830 total_us=16165 rebuild_us=469 layout_us=23 paint_us=41 encode_us=10 acquire_us=10862 submit_us=4757 skipped=0 gpu_q=1 gpu_total_us=4638 gpu_prepass_us=0 gpu_main_us=4638 gpu_composite_us=0 gpu_blit_us=0
[frust INFO] frust-perf img skipped=0 evicted=3 resident=60 budget=1024x1024x4
[frust INFO] frust-perf raw n=1831 total_us=17589 rebuild_us=532 layout_us=25 paint_us=35 encode_us=10 acquire_us=12151 submit_us=4835 skipped=0 gpu_q=1 gpu_total_us=4633 gpu_prepass_us=0 gpu_main_us=4633 gpu_composite_us=0 gpu_blit_us=0
[frust INFO] frust-perf img skipped=0 evicted=3 resident=60 budget=1024x1024x4
[frust INFO] frust-perf raw n=1832 total_us=16740 rebuild_us=462 layout_us=21 paint_us=34 encode_us=10 acquire_us=11540 submit_us=4671 skipped=0 gpu_q=1 gpu_total_us=4658 gpu_prepass_us=0 gpu_main_us=4658 gpu_composite_us=0 gpu_blit_us=0
[frust INFO] frust-perf img skipped=0 evicted=3 resident=60 budget=1024x1024x4
[frust INFO] frust-perf raw n=1833 total_us=17342 rebuild_us=483 layout_us=27 paint_us=36 encode_us=10 acquire_us=11889 submit_us=4895 skipped=0 gpu_q=1 gpu_total_us=4590 gpu_prepass_us=0 gpu_main_us=4590 gpu_composite_us=0 gpu_blit_us=0
[frust INFO] frust-perf img skipped=0 evicted=4 resident=60 budget=1024x1024x4
[frust INFO] frust-perf raw n=1834 total_us=17719 rebuild_us=482 layout_us=21 paint_us=34 encode_us=10 acquire_us=11692 submit_us=5478 skipped=0 gpu_q=1 gpu_total_us=4668 gpu_prepass_us=0 gpu_main_us=4668 gpu_composite_us=0 gpu_blit_us=0
[frust INFO] frust-perf img skipped=0 evicted=3 resident=60 budget=1024x1024x4
[frust INFO] frust-perf raw n=1835 total_us=16633 rebuild_us=500 layout_us=27 paint_us=42 encode_us=10 acquire_us=11146 submit_us=4905 skipped=0 gpu_q=1 gpu_total_us=4654 gpu_prepass_us=0 gpu_main_us=4654 gpu_composite_us=0 gpu_blit_us=0
[frust INFO] frust-perf img skipped=0 evicted=3 resident=60 budget=1024x1024x4
[frust INFO] frust-perf raw n=1836 total_us=17256 rebuild_us=518 layout_us=22 paint_us=40 encode_us=10 acquire_us=11900 submit_us=4763 skipped=0 gpu_q=1 gpu_total_us=4738 gpu_prepass_us=0 gpu_main_us=4738 gpu_composite_us=0 gpu_blit_us=0
[frust INFO] frust-perf img skipped=0 evicted=3 resident=60 budget=1024x1024x4
[frust INFO] frust-perf raw n=1837 total_us=16945 rebuild_us=448 layout_us=19 paint_us=33 encode_us=12 acquire_us=11618 submit_us=4813 skipped=0 gpu_q=1 gpu_total_us=4668 gpu_prepass_us=0 gpu_main_us=4668 gpu_composite_us=0 gpu_blit_us=0
[frust INFO] frust-perf img skipped=0 evicted=3 resident=60 budget=1024x1024x4
[frust INFO] frust-perf raw n=1838 total_us=17315 rebuild_us=471 layout_us=24 paint_us=35 encode_us=10 acquire_us=11747 submit_us=5026 skipped=0 gpu_q=1 gpu_total_us=4610 gpu_prepass_us=0 gpu_main_us=4610 gpu_composite_us=0 gpu_blit_us=0
[frust INFO] frust-perf img skipped=0 evicted=4 resident=60 budget=1024x1024x4
[frust INFO] frust-perf raw n=1839 total_us=17475 rebuild_us=517 layout_us=29 paint_us=42 encode_us=14 acquire_us=11574 submit_us=5298 skipped=0 gpu_q=1 gpu_total_us=4627 gpu_prepass_us=0 gpu_main_us=4627 gpu_composite_us=0 gpu_blit_us=0
[frust INFO] frust-perf img skipped=0 evicted=3 resident=60 budget=1024x1024x4
[frust INFO] frust-perf raw n=1840 total_us=17077 rebuild_us=528 layout_us=27 paint_us=36 encode_us=15 acquire_us=11487 submit_us=4981 skipped=0 gpu_q=1 gpu_total_us=4652 gpu_prepass_us=0 gpu_main_us=4652 gpu_composite_us=0 gpu_blit_us=0
[frust INFO] frust-perf img skipped=0 evicted=3 resident=60 budget=1024x1024x4
[frust INFO] frust-perf raw n=1841 total_us=17323 rebuild_us=503 layout_us=20 paint_us=36 encode_us=13 acquire_us=11664 submit_us=5085 skipped=0 gpu_q=1 gpu_total_us=4625 gpu_prepass_us=0 gpu_main_us=4625 gpu_composite_us=0 gpu_blit_us=0
[frust INFO] frust-perf img skipped=0 evicted=3 resident=60 budget=1024x1024x4
[frust INFO] frust-perf raw n=1842 total_us=16801 rebuild_us=571 layout_us=30 paint_us=41 encode_us=14 acquire_us=11239 submit_us=4904 skipped=0 gpu_q=1 gpu_total_us=4643 gpu_prepass_us=0 gpu_main_us=4643 gpu_composite_us=0 gpu_blit_us=0
[frust INFO] frust-perf img skipped=0 evicted=3 resident=60 budget=1024x1024x4
[frust INFO] frust-perf raw n=1843 total_us=17235 rebuild_us=543 layout_us=23 paint_us=35 encode_us=10 acquire_us=11789 submit_us=4834 skipped=0 gpu_q=1 gpu_total_us=4588 gpu_prepass_us=0 gpu_main_us=4588 gpu_composite_us=0 gpu_blit_us=0
[frust INFO] frust-perf img skipped=0 evicted=4 resident=60 budget=1024x1024x4
[frust INFO] frust-perf raw n=1844 total_us=17604 rebuild_us=542 layout_us=26 paint_us=38 encode_us=10 acquire_us=11735 submit_us=5251 skipped=0 gpu_q=1 gpu_total_us=4629 gpu_prepass_us=0 gpu_main_us=4629 gpu_composite_us=0 gpu_blit_us=0
[frust INFO] frust-perf img skipped=0 evicted=3 resident=60 budget=1024x1024x4
