frust-perf activity-create
frust_render::context: frust-perf render-path engine-direct (frust-engine into the acquired swapchain view (RENDER_ATTACHMENT, surface-reported format, surface-owned depth))
frust_engine::cache::images: frust-perf atlas tier=mobile budget=1024x1024x4 downlevel=Full transient_saves_memory=true adapter=Adreno (TM) 730
frust_shell_common::perf: frust-perf startup init_entry=0ms font_preinit_started=0ms font_preinit_joined=0ms preinit_started=0ms preinit_joined=13ms cache_loaded=13ms pipeline_cache_restored=13ms adapter_ready=32ms device_ready=32ms renderer_ready=32ms first_rebuild_done=43ms first_encode_done=43ms first_frame_presented=105ms
frust_shell_common::perf: bench-scenario-start n=1 s1
frust_shell_common::perf: bench-scenario-end n=1 s1
frust_shell_common::perf: bench-scenario-start n=1 s4
frust_shell_common::perf: bench-scenario-start n=1 s4-parse
frust_shell_common::perf: frust-perf raw n=1 total_us=63020 rebuild_us=172 layout_us=493 paint_us=44 encode_us=14 acquire_us=54 submit_us=62241 skipped=0 gpu_q=0
frust_shell_common::perf: frust-perf raw n=2 total_us=2746 rebuild_us=43 layout_us=0 paint_us=15 encode_us=8 acquire_us=37 submit_us=2640 skipped=0 gpu_q=0
frust_shell_common::perf: frust-perf raw n=3 total_us=3052 rebuild_us=147 layout_us=0 paint_us=77 encode_us=9 acquire_us=30 submit_us=2787 skipped=0 gpu_q=0
frust_shell_common::perf: frust-perf raw n=4 total_us=1969 rebuild_us=133 layout_us=0 paint_us=63 encode_us=11 acquire_us=53 submit_us=1707 skipped=0 gpu_q=0
frust_shell_common::perf: frust-perf raw n=5 total_us=2139 rebuild_us=47 layout_us=0 paint_us=16 encode_us=19 acquire_us=106 submit_us=1950 skipped=0 gpu_q=1 gpu_total_us=630 gpu_prepass_us=84 gpu_main_us=546 gpu_composite_us=0 gpu_blit_us=0
frust_shell_common::perf: frust-perf raw n=6 total_us=2834 rebuild_us=47 layout_us=0 paint_us=15 encode_us=90 acquire_us=143 submit_us=2537 skipped=0 gpu_q=1 gpu_total_us=512 gpu_prepass_us=0 gpu_main_us=512 gpu_composite_us=0 gpu_blit_us=0
frust_shell_common::perf: frust-perf raw n=7 total_us=1767 rebuild_us=61 layout_us=0 paint_us=22 encode_us=26 acquire_us=146 submit_us=1510 skipped=0 gpu_q=1 gpu_total_us=502 gpu_prepass_us=0 gpu_main_us=502 gpu_composite_us=0 gpu_blit_us=0
frust_shell_common::perf: frust-perf raw n=8 total_us=1897 rebuild_us=63 layout_us=0 paint_us=18 encode_us=22 acquire_us=200 submit_us=1592 skipped=0 gpu_q=1 gpu_total_us=505 gpu_prepass_us=0 gpu_main_us=505 gpu_composite_us=0 gpu_blit_us=0
frust_shell_common::perf: frust-perf raw n=9 total_us=4747 rebuild_us=66 layout_us=0 paint_us=23 encode_us=23 acquire_us=114 submit_us=4519 skipped=0 gpu_q=1 gpu_total_us=1559 gpu_prepass_us=0 gpu_main_us=1559 gpu_composite_us=0 gpu_blit_us=0
frust_shell_common::perf: frust-perf raw n=10 total_us=7421 rebuild_us=70 layout_us=0 paint_us=25 encode_us=35 acquire_us=111 submit_us=7178 skipped=0 gpu_q=1 gpu_total_us=498 gpu_prepass_us=0 gpu_main_us=498 gpu_composite_us=0 gpu_blit_us=0
frust_shell_common::perf: frust-perf raw n=11 total_us=4059 rebuild_us=66 layout_us=0 paint_us=26 encode_us=25 acquire_us=212 submit_us=3728 skipped=0 gpu_q=1 gpu_total_us=506 gpu_prepass_us=0 gpu_main_us=506 gpu_composite_us=0 gpu_blit_us=0
frust_shell_common::perf: frust-perf raw n=12 total_us=3822 rebuild_us=71 layout_us=0 paint_us=23 encode_us=19 acquire_us=131 submit_us=3575 skipped=0 gpu_q=1 gpu_total_us=526 gpu_prepass_us=0 gpu_main_us=526 gpu_composite_us=0 gpu_blit_us=0
frust_shell_common::perf: frust-perf raw n=13 total_us=6170 rebuild_us=71 layout_us=0 paint_us=23 encode_us=22 acquire_us=134 submit_us=5918 skipped=0 gpu_q=1 gpu_total_us=517 gpu_prepass_us=0 gpu_main_us=517 gpu_composite_us=0 gpu_blit_us=0
frust_shell_common::perf: frust-perf raw n=14 total_us=3775 rebuild_us=70 layout_us=0 paint_us=24 encode_us=21 acquire_us=125 submit_us=3533 skipped=0 gpu_q=1 gpu_total_us=633 gpu_prepass_us=83 gpu_main_us=549 gpu_composite_us=0 gpu_blit_us=0
frust_shell_common::perf: frust-perf raw n=15 total_us=3803 rebuild_us=67 layout_us=0 paint_us=24 encode_us=25 acquire_us=137 submit_us=3548 skipped=0 gpu_q=1 gpu_total_us=540 gpu_prepass_us=0 gpu_main_us=540 gpu_composite_us=0 gpu_blit_us=0
frust_shell_common::perf: frust-perf raw n=16 total_us=3818 rebuild_us=70 layout_us=0 paint_us=23 encode_us=25 acquire_us=129 submit_us=3568 skipped=0 gpu_q=1 gpu_total_us=558 gpu_prepass_us=0 gpu_main_us=558 gpu_composite_us=0 gpu_blit_us=0
frust_shell_common::perf: frust-perf raw n=17 total_us=3851 rebuild_us=119 layout_us=0 paint_us=52 encode_us=22 acquire_us=113 submit_us=3543 skipped=0 gpu_q=1 gpu_total_us=546 gpu_prepass_us=0 gpu_main_us=546 gpu_composite_us=0 gpu_blit_us=0
frust_shell_common::perf: bench-scenario-end n=18 s4-parse
frust_shell_common::perf: frust-perf raw n=18 total_us=3475 rebuild_us=59 layout_us=77 paint_us=16 encode_us=12 acquire_us=70 submit_us=3239 skipped=0 gpu_q=1 gpu_total_us=569 gpu_prepass_us=0 gpu_main_us=569 gpu_composite_us=0 gpu_blit_us=0
frust_shell_common::perf: frust-perf raw n=19 total_us=3944 rebuild_us=96 layout_us=0 paint_us=34 encode_us=14 acquire_us=112 submit_us=3686 skipped=0 gpu_q=1 gpu_total_us=565 gpu_prepass_us=0 gpu_main_us=565 gpu_composite_us=0 gpu_blit_us=0
frust_shell_common::perf: frust-perf raw n=20 total_us=1716 rebuild_us=93 layout_us=0 paint_us=27 encode_us=15 acquire_us=241 submit_us=1338 skipped=0 gpu_q=1 gpu_total_us=556 gpu_prepass_us=0 gpu_main_us=556 gpu_composite_us=0 gpu_blit_us=0
frust_shell_common::perf: frust-perf raw n=21 total_us=1725 rebuild_us=70 layout_us=0 paint_us=23 encode_us=14 acquire_us=123 submit_us=1493 skipped=0 gpu_q=1 gpu_total_us=567 gpu_prepass_us=0 gpu_main_us=567 gpu_composite_us=0 gpu_blit_us=0
frust_shell_common::perf: frust-perf raw n=22 total_us=1831 rebuild_us=78 layout_us=0 paint_us=24 encode_us=12 acquire_us=91 submit_us=1624 skipped=0 gpu_q=1 gpu_total_us=634 gpu_prepass_us=69 gpu_main_us=564 gpu_composite_us=0 gpu_blit_us=0
frust_shell_common::perf: frust-perf raw n=23 total_us=2308 rebuild_us=69 layout_us=0 paint_us=24 encode_us=10 acquire_us=71 submit_us=2132 skipped=0 gpu_q=1 gpu_total_us=576 gpu_prepass_us=0 gpu_main_us=576 gpu_composite_us=0 gpu_blit_us=0
frust_shell_common::perf: frust-perf raw n=24 total_us=3296 rebuild_us=126 layout_us=0 paint_us=44 encode_us=19 acquire_us=147 submit_us=2957 skipped=0 gpu_q=1 gpu_total_us=524 gpu_prepass_us=0 gpu_main_us=524 gpu_composite_us=0 gpu_blit_us=0
frust_shell_common::perf: frust-perf raw n=25 total_us=2776 rebuild_us=108 layout_us=0 paint_us=40 encode_us=21 acquire_us=103 submit_us=2502 skipped=0 gpu_q=1 gpu_total_us=523 gpu_prepass_us=0 gpu_main_us=523 gpu_composite_us=0 gpu_blit_us=0
frust_shell_common::perf: frust-perf raw n=26 total_us=2783 rebuild_us=83 layout_us=0 paint_us=30 encode_us=18 acquire_us=113 submit_us=2536 skipped=0 gpu_q=1 gpu_total_us=529 gpu_prepass_us=0 gpu_main_us=529 gpu_composite_us=0 gpu_blit_us=0
frust_shell_common::perf: frust-perf raw n=27 total_us=2515 rebuild_us=89 layout_us=0 paint_us=35 encode_us=17 acquire_us=110 submit_us=2262 skipped=0 gpu_q=1 gpu_total_us=523 gpu_prepass_us=0 gpu_main_us=523 gpu_composite_us=0 gpu_blit_us=0
frust_shell_common::perf: frust-perf raw n=28 total_us=2691 rebuild_us=92 layout_us=0 paint_us=35 encode_us=17 acquire_us=112 submit_us=2433 skipped=0 gpu_q=1 gpu_total_us=695 gpu_prepass_us=0 gpu_main_us=695 gpu_composite_us=0 gpu_blit_us=0
frust_shell_common::perf: frust-perf raw n=29 total_us=2761 rebuild_us=83 layout_us=0 paint_us=31 encode_us=21 acquire_us=117 submit_us=2507 skipped=0 gpu_q=1 gpu_total_us=695 gpu_prepass_us=0 gpu_main_us=695 gpu_composite_us=0 gpu_blit_us=0
frust_shell_common::perf: frust-perf raw n=30 total_us=2985 rebuild_us=112 layout_us=0 paint_us=44 encode_us=21 acquire_us=124 submit_us=2683 skipped=0 gpu_q=1 gpu_total_us=670 gpu_prepass_us=0 gpu_main_us=670 gpu_composite_us=0 gpu_blit_us=0
frust_shell_common::perf: frust-perf raw n=31 total_us=3013 rebuild_us=88 layout_us=0 paint_us=32 encode_us=20 acquire_us=114 submit_us=2757 skipped=0 gpu_q=1 gpu_total_us=710 gpu_prepass_us=0 gpu_main_us=710 gpu_composite_us=0 gpu_blit_us=0
frust_shell_common::perf: frust-perf raw n=32 total_us=2809 rebuild_us=105 layout_us=0 paint_us=43 encode_us=21 acquire_us=112 submit_us=2527 skipped=0 gpu_q=1 gpu_total_us=714 gpu_prepass_us=0 gpu_main_us=714 gpu_composite_us=0 gpu_blit_us=0
frust_shell_common::perf: frust-perf raw n=33 total_us=2811 rebuild_us=108 layout_us=0 paint_us=43 encode_us=20 acquire_us=122 submit_us=2516 skipped=0 gpu_q=1 gpu_total_us=711 gpu_prepass_us=0 gpu_main_us=711 gpu_composite_us=0 gpu_blit_us=0
frust_shell_common::perf: frust-perf raw n=34 total_us=2245 rebuild_us=104 layout_us=0 paint_us=40 encode_us=18 acquire_us=129 submit_us=1952 skipped=0 gpu_q=1 gpu_total_us=738 gpu_prepass_us=0 gpu_main_us=738 gpu_composite_us=0 gpu_blit_us=0
frust_shell_common::perf: frust-perf raw n=35 total_us=4670 rebuild_us=98 layout_us=0 paint_us=32 encode_us=30 acquire_us=162 submit_us=4346 skipped=0 gpu_q=1 gpu_total_us=752 gpu_prepass_us=0 gpu_main_us=752 gpu_composite_us=0 gpu_blit_us=0
frust_shell_common::perf: frust-perf raw n=36 total_us=5746 rebuild_us=140 layout_us=0 paint_us=63 encode_us=22 acquire_us=141 submit_us=5378 skipped=0 gpu_q=1 gpu_total_us=745 gpu_prepass_us=0 gpu_main_us=745 gpu_composite_us=0 gpu_blit_us=0
frust_shell_common::perf: frust-perf raw n=37 total_us=2785 rebuild_us=156 layout_us=0 paint_us=64 encode_us=18 acquire_us=170 submit_us=2375 skipped=0 gpu_q=1 gpu_total_us=742 gpu_prepass_us=0 gpu_main_us=742 gpu_composite_us=0 gpu_blit_us=0
frust_shell_common::perf: frust-perf raw n=38 total_us=2540 rebuild_us=155 layout_us=0 paint_us=66 encode_us=20 acquire_us=134 submit_us=2164 skipped=0 gpu_q=1 gpu_total_us=754 gpu_prepass_us=0 gpu_main_us=754 gpu_composite_us=0 gpu_blit_us=0
frust_shell_common::perf: frust-perf raw n=39 total_us=2207 rebuild_us=90 layout_us=0 paint_us=35 encode_us=14 acquire_us=93 submit_us=1973 skipped=0 gpu_q=1 gpu_total_us=733 gpu_prepass_us=0 gpu_main_us=733 gpu_composite_us=0 gpu_blit_us=0
frust_shell_common::perf: frust-perf raw n=40 total_us=2075 rebuild_us=78 layout_us=0 paint_us=32 encode_us=14 acquire_us=123 submit_us=1826 skipped=0 gpu_q=1 gpu_total_us=737 gpu_prepass_us=0 gpu_main_us=737 gpu_composite_us=0 gpu_blit_us=0
frust_shell_common::perf: frust-perf raw n=41 total_us=2093 rebuild_us=111 layout_us=0 paint_us=32 encode_us=13 acquire_us=93 submit_us=1842 skipped=0 gpu_q=1 gpu_total_us=742 gpu_prepass_us=0 gpu_main_us=742 gpu_composite_us=0 gpu_blit_us=0
frust_shell_common::perf: frust-perf raw n=42 total_us=2028 rebuild_us=83 layout_us=0 paint_us=32 encode_us=14 acquire_us=83 submit_us=1815 skipped=0 gpu_q=1 gpu_total_us=734 gpu_prepass_us=0 gpu_main_us=734 gpu_composite_us=0 gpu_blit_us=0
frust_shell_common::perf: frust-perf raw n=43 total_us=1836 rebuild_us=81 layout_us=0 paint_us=34 encode_us=13 acquire_us=94 submit_us=1611 skipped=0 gpu_q=1 gpu_total_us=739 gpu_prepass_us=0 gpu_main_us=739 gpu_composite_us=0 gpu_blit_us=0
frust_shell_common::perf: frust-perf raw n=44 total_us=1986 rebuild_us=76 layout_us=0 paint_us=33 encode_us=13 acquire_us=86 submit_us=1775 skipped=0 gpu_q=1 gpu_total_us=740 gpu_prepass_us=0 gpu_main_us=740 gpu_composite_us=0 gpu_blit_us=0
frust_shell_common::perf: frust-perf raw n=45 total_us=1998 rebuild_us=72 layout_us=0 paint_us=31 encode_us=14 acquire_us=93 submit_us=1786 skipped=0 gpu_q=1 gpu_total_us=736 gpu_prepass_us=0 gpu_main_us=736 gpu_composite_us=0 gpu_blit_us=0
frust_shell_common::perf: frust-perf raw n=46 total_us=1995 rebuild_us=73 layout_us=0 paint_us=30 encode_us=15 acquire_us=87 submit_us=1789 skipped=0 gpu_q=1 gpu_total_us=729 gpu_prepass_us=0 gpu_main_us=729 gpu_composite_us=0 gpu_blit_us=0
frust_shell_common::perf: frust-perf raw n=47 total_us=2006 rebuild_us=74 layout_us=0 paint_us=32 encode_us=13 acquire_us=87 submit_us=1798 skipped=0 gpu_q=1 gpu_total_us=744 gpu_prepass_us=0 gpu_main_us=744 gpu_composite_us=0 gpu_blit_us=0
frust_shell_common::perf: frust-perf raw n=48 total_us=2003 rebuild_us=76 layout_us=0 paint_us=32 encode_us=13 acquire_us=91 submit_us=1789 skipped=0 gpu_q=1 gpu_total_us=731 gpu_prepass_us=0 gpu_main_us=731 gpu_composite_us=0 gpu_blit_us=0
frust_shell_common::perf: frust-perf raw n=49 total_us=2005 rebuild_us=71 layout_us=0 paint_us=35 encode_us=14 acquire_us=89 submit_us=1794 skipped=0 gpu_q=1 gpu_total_us=739 gpu_prepass_us=0 gpu_main_us=739 gpu_composite_us=0 gpu_blit_us=0
frust_shell_common::perf: frust-perf raw n=50 total_us=2104 rebuild_us=76 layout_us=0 paint_us=31 encode_us=14 acquire_us=90 submit_us=1892 skipped=0 gpu_q=1 gpu_total_us=756 gpu_prepass_us=0 gpu_main_us=756 gpu_composite_us=0 gpu_blit_us=0
frust_shell_common::perf: frust-perf raw n=51 total_us=2115 rebuild_us=78 layout_us=0 paint_us=34 encode_us=14 acquire_us=90 submit_us=1897 skipped=0 gpu_q=1 gpu_total_us=748 gpu_prepass_us=0 gpu_main_us=748 gpu_composite_us=0 gpu_blit_us=0
frust_shell_common::perf: frust-perf raw n=52 total_us=2097 rebuild_us=74 layout_us=0 paint_us=32 encode_us=12 acquire_us=87 submit_us=1888 skipped=0 gpu_q=1 gpu_total_us=740 gpu_prepass_us=0 gpu_main_us=740 gpu_composite_us=0 gpu_blit_us=0
frust_shell_common::perf: frust-perf raw n=53 total_us=2132 rebuild_us=80 layout_us=0 paint_us=32 encode_us=11 acquire_us=81 submit_us=1926 skipped=0 gpu_q=1 gpu_total_us=738 gpu_prepass_us=0 gpu_main_us=738 gpu_composite_us=0 gpu_blit_us=0
frust_shell_common::perf: frust-perf raw n=54 total_us=2123 rebuild_us=79 layout_us=0 paint_us=30 encode_us=13 acquire_us=89 submit_us=1910 skipped=0 gpu_q=1 gpu_total_us=734 gpu_prepass_us=0 gpu_main_us=734 gpu_composite_us=0 gpu_blit_us=0
frust_shell_common::perf: frust-perf raw n=55 total_us=2059 rebuild_us=80 layout_us=0 paint_us=33 encode_us=11 acquire_us=81 submit_us=1851 skipped=0 gpu_q=1 gpu_total_us=737 gpu_prepass_us=0 gpu_main_us=737 gpu_composite_us=0 gpu_blit_us=0
frust_shell_common::perf: frust-perf raw n=56 total_us=2098 rebuild_us=78 layout_us=0 paint_us=33 encode_us=10 acquire_us=78 submit_us=1897 skipped=0 gpu_q=1 gpu_total_us=717 gpu_prepass_us=0 gpu_main_us=717 gpu_composite_us=0 gpu_blit_us=0
frust_shell_common::perf: frust-perf raw n=57 total_us=2275 rebuild_us=91 layout_us=0 paint_us=35 encode_us=14 acquire_us=129 submit_us=2004 skipped=0 gpu_q=1 gpu_total_us=739 gpu_prepass_us=0 gpu_main_us=739 gpu_composite_us=0 gpu_blit_us=0
frust_shell_common::perf: frust-perf raw n=58 total_us=2599 rebuild_us=109 layout_us=0 paint_us=33 encode_us=16 acquire_us=100 submit_us=2339 skipped=0 gpu_q=1 gpu_total_us=731 gpu_prepass_us=0 gpu_main_us=731 gpu_composite_us=0 gpu_blit_us=0
frust_shell_common::perf: frust-perf raw n=59 total_us=2219 rebuild_us=104 layout_us=0 paint_us=38 encode_us=19 acquire_us=152 submit_us=1905 skipped=0 gpu_q=1 gpu_total_us=727 gpu_prepass_us=0 gpu_main_us=727 gpu_composite_us=0 gpu_blit_us=0
frust_engine::renderer: frust-perf enc n=60 w=60 validate_us=2.4 prepare_us=3.4 classify_us=9.8 admit_us=0.3 walk_us=433.2 glyphs_us=178.3 finish_us=2.0 compile_us=447.1 schedule_us=3.4 paints_us=10.6 instances_us=19.0 resize_us=3.1 upload_us=180.1 replay_us=0.2 pipelines_us=16.1 record_us=27.4 total_us=647.5 total_p95_us=1548.7 draws=46 strips=1073 alphas=28576 glyph_draws=36 atlas_glyphs=36
frust_shell_common::perf: frust-perf raw n=60 total_us=2513 rebuild_us=85 layout_us=0 paint_us=33 encode_us=13 acquire_us=84 submit_us=2295 skipped=0 gpu_q=1 gpu_total_us=726 gpu_prepass_us=0 gpu_main_us=726 gpu_composite_us=0 gpu_blit_us=0
frust_shell_common::perf: frust-perf raw n=61 total_us=2104 rebuild_us=95 layout_us=0 paint_us=35 encode_us=18 acquire_us=100 submit_us=1853 skipped=0 gpu_q=1 gpu_total_us=807 gpu_prepass_us=0 gpu_main_us=807 gpu_composite_us=0 gpu_blit_us=0
frust_shell_common::perf: frust-perf raw n=62 total_us=1849 rebuild_us=77 layout_us=0 paint_us=29 encode_us=8 acquire_us=65 submit_us=1668 skipped=0 gpu_q=1 gpu_total_us=818 gpu_prepass_us=0 gpu_main_us=818 gpu_composite_us=0 gpu_blit_us=0
frust_shell_common::perf: frust-perf raw n=63 total_us=1790 rebuild_us=70 layout_us=0 paint_us=27 encode_us=10 acquire_us=74 submit_us=1606 skipped=0 gpu_q=1 gpu_total_us=676 gpu_prepass_us=0 gpu_main_us=676 gpu_composite_us=0 gpu_blit_us=0
frust_shell_common::perf: frust-perf raw n=64 total_us=1723 rebuild_us=69 layout_us=0 paint_us=26 encode_us=9 acquire_us=54 submit_us=1563 skipped=0 gpu_q=1 gpu_total_us=676 gpu_prepass_us=0 gpu_main_us=676 gpu_composite_us=0 gpu_blit_us=0
frust_shell_common::perf: frust-perf raw n=65 total_us=1696 rebuild_us=55 layout_us=0 paint_us=18 encode_us=8 acquire_us=62 submit_us=1550 skipped=0 gpu_q=1 gpu_total_us=673 gpu_prepass_us=0 gpu_main_us=673 gpu_composite_us=0 gpu_blit_us=0
frust_shell_common::perf: frust-perf raw n=66 total_us=1739 rebuild_us=66 layout_us=0 paint_us=25 encode_us=11 acquire_us=71 submit_us=1564 skipped=0 gpu_q=1 gpu_total_us=692 gpu_prepass_us=0 gpu_main_us=692 gpu_composite_us=0 gpu_blit_us=0
frust_shell_common::perf: frust-perf raw n=67 total_us=1718 rebuild_us=59 layout_us=0 paint_us=23 encode_us=8 acquire_us=62 submit_us=1565 skipped=0 gpu_q=1 gpu_total_us=705 gpu_prepass_us=0 gpu_main_us=705 gpu_composite_us=0 gpu_blit_us=0
frust_shell_common::perf: frust-perf raw n=68 total_us=1769 rebuild_us=51 layout_us=0 paint_us=19 encode_us=11 acquire_us=63 submit_us=1622 skipped=0 gpu_q=1 gpu_total_us=690 gpu_prepass_us=0 gpu_main_us=690 gpu_composite_us=0 gpu_blit_us=0
frust_shell_common::perf: frust-perf raw n=69 total_us=2105 rebuild_us=78 layout_us=0 paint_us=28 encode_us=12 acquire_us=102 submit_us=1883 skipped=0 gpu_q=1 gpu_total_us=705 gpu_prepass_us=0 gpu_main_us=705 gpu_composite_us=0 gpu_blit_us=0
frust_shell_common::perf: frust-perf raw n=70 total_us=1907 rebuild_us=75 layout_us=0 paint_us=28 encode_us=9 acquire_us=66 submit_us=1725 skipped=0 gpu_q=1 gpu_total_us=690 gpu_prepass_us=0 gpu_main_us=690 gpu_composite_us=0 gpu_blit_us=0
frust_shell_common::perf: frust-perf raw n=71 total_us=1839 rebuild_us=57 layout_us=0 paint_us=21 encode_us=9 acquire_us=62 submit_us=1688 skipped=0 gpu_q=1 gpu_total_us=697 gpu_prepass_us=0 gpu_main_us=697 gpu_composite_us=0 gpu_blit_us=0
frust_shell_common::perf: frust-perf raw n=72 total_us=1844 rebuild_us=69 layout_us=0 paint_us=23 encode_us=10 acquire_us=62 submit_us=1677 skipped=0 gpu_q=1 gpu_total_us=706 gpu_prepass_us=0 gpu_main_us=706 gpu_composite_us=0 gpu_blit_us=0
frust_shell_common::perf: frust-perf raw n=73 total_us=1777 rebuild_us=51 layout_us=0 paint_us=21 encode_us=7 acquire_us=60 submit_us=1635 skipped=0 gpu_q=1 gpu_total_us=715 gpu_prepass_us=0 gpu_main_us=715 gpu_composite_us=0 gpu_blit_us=0
frust_shell_common::perf: frust-perf raw n=74 total_us=1762 rebuild_us=70 layout_us=0 paint_us=22 encode_us=8 acquire_us=60 submit_us=1599 skipped=0 gpu_q=1 gpu_total_us=697 gpu_prepass_us=0 gpu_main_us=697 gpu_composite_us=0 gpu_blit_us=0
frust_shell_common::perf: frust-perf raw n=75 total_us=1730 rebuild_us=57 layout_us=0 paint_us=20 encode_us=9 acquire_us=65 submit_us=1576 skipped=0 gpu_q=1 gpu_total_us=703 gpu_prepass_us=0 gpu_main_us=703 gpu_composite_us=0 gpu_blit_us=0
frust_shell_common::perf: frust-perf raw n=76 total_us=1690 rebuild_us=51 layout_us=0 paint_us=18 encode_us=8 acquire_us=61 submit_us=1551 skipped=0 gpu_q=1 gpu_total_us=694 gpu_prepass_us=0 gpu_main_us=694 gpu_composite_us=0 gpu_blit_us=0
frust_shell_common::perf: frust-perf raw n=77 total_us=1713 rebuild_us=47 layout_us=0 paint_us=18 encode_us=9 acquire_us=59 submit_us=1578 skipped=0 gpu_q=1 gpu_total_us=714 gpu_prepass_us=0 gpu_main_us=714 gpu_composite_us=0 gpu_blit_us=0
frust_shell_common::perf: frust-perf raw n=78 total_us=1777 rebuild_us=67 layout_us=0 paint_us=24 encode_us=10 acquire_us=66 submit_us=1608 skipped=0 gpu_q=1 gpu_total_us=710 gpu_prepass_us=0 gpu_main_us=710 gpu_composite_us=0 gpu_blit_us=0
frust_shell_common::perf: frust-perf raw n=79 total_us=1737 rebuild_us=55 layout_us=0 paint_us=22 encode_us=9 acquire_us=63 submit_us=1587 skipped=0 gpu_q=1 gpu_total_us=714 gpu_prepass_us=0 gpu_main_us=714 gpu_composite_us=0 gpu_blit_us=0
frust_shell_common::perf: frust-perf raw n=80 total_us=1749 rebuild_us=70 layout_us=0 paint_us=26 encode_us=9 acquire_us=63 submit_us=1580 skipped=0 gpu_q=1 gpu_total_us=715 gpu_prepass_us=0 gpu_main_us=715 gpu_composite_us=0 gpu_blit_us=0
frust_shell_common::perf: frust-perf raw n=81 total_us=1722 rebuild_us=51 layout_us=0 paint_us=18 encode_us=9 acquire_us=63 submit_us=1580 skipped=0 gpu_q=1 gpu_total_us=707 gpu_prepass_us=0 gpu_main_us=707 gpu_composite_us=0 gpu_blit_us=0
frust_shell_common::perf: frust-perf raw n=82 total_us=1685 rebuild_us=51 layout_us=0 paint_us=19 encode_us=8 acquire_us=62 submit_us=1543 skipped=0 gpu_q=1 gpu_total_us=716 gpu_prepass_us=0 gpu_main_us=716 gpu_composite_us=0 gpu_blit_us=0
frust_shell_common::perf: frust-perf raw n=83 total_us=1697 rebuild_us=52 layout_us=0 paint_us=19 encode_us=8 acquire_us=60 submit_us=1556 skipped=0 gpu_q=1 gpu_total_us=711 gpu_prepass_us=0 gpu_main_us=711 gpu_composite_us=0 gpu_blit_us=0
frust_shell_common::perf: frust-perf raw n=84 total_us=2176 rebuild_us=67 layout_us=0 paint_us=25 encode_us=9 acquire_us=62 submit_us=2010 skipped=0 gpu_q=1 gpu_total_us=712 gpu_prepass_us=0 gpu_main_us=712 gpu_composite_us=0 gpu_blit_us=0
frust_shell_common::perf: frust-perf raw n=85 total_us=2159 rebuild_us=70 layout_us=0 paint_us=26 encode_us=8 acquire_us=61 submit_us=1993 skipped=0 gpu_q=1 gpu_total_us=728 gpu_prepass_us=0 gpu_main_us=728 gpu_composite_us=0 gpu_blit_us=0
frust_shell_common::perf: frust-perf raw n=86 total_us=1843 rebuild_us=58 layout_us=0 paint_us=20 encode_us=8 acquire_us=67 submit_us=1688 skipped=0 gpu_q=1 gpu_total_us=716 gpu_prepass_us=0 gpu_main_us=716 gpu_composite_us=0 gpu_blit_us=0
frust_shell_common::perf: frust-perf raw n=87 total_us=2273 rebuild_us=55 layout_us=0 paint_us=20 encode_us=14 acquire_us=99 submit_us=2083 skipped=0 gpu_q=1 gpu_total_us=712 gpu_prepass_us=0 gpu_main_us=712 gpu_composite_us=0 gpu_blit_us=0
frust_shell_common::perf: frust-perf raw n=88 total_us=2335 rebuild_us=65 layout_us=0 paint_us=24 encode_us=15 acquire_us=215 submit_us=2014 skipped=0 gpu_q=1 gpu_total_us=719 gpu_prepass_us=0 gpu_main_us=719 gpu_composite_us=0 gpu_blit_us=0
frust_shell_common::perf: frust-perf raw n=89 total_us=1945 rebuild_us=66 layout_us=0 paint_us=24 encode_us=10 acquire_us=64 submit_us=1779 skipped=0 gpu_q=1 gpu_total_us=721 gpu_prepass_us=0 gpu_main_us=721 gpu_composite_us=0 gpu_blit_us=0
frust_shell_common::perf: frust-perf raw n=90 total_us=1878 rebuild_us=60 layout_us=0 paint_us=22 encode_us=9 acquire_us=61 submit_us=1724 skipped=0 gpu_q=1 gpu_total_us=708 gpu_prepass_us=0 gpu_main_us=708 gpu_composite_us=0 gpu_blit_us=0
frust_shell_common::perf: frust-perf raw n=91 total_us=1805 rebuild_us=57 layout_us=0 paint_us=19 encode_us=9 acquire_us=58 submit_us=1660 skipped=0 gpu_q=1 gpu_total_us=718 gpu_prepass_us=0 gpu_main_us=718 gpu_composite_us=0 gpu_blit_us=0
frust_shell_common::perf: frust-perf raw n=92 total_us=1753 rebuild_us=78 layout_us=0 paint_us=19 encode_us=10 acquire_us=70 submit_us=1574 skipped=0 gpu_q=1 gpu_total_us=704 gpu_prepass_us=0 gpu_main_us=704 gpu_composite_us=0 gpu_blit_us=0
frust_shell_common::perf: frust-perf raw n=93 total_us=1713 rebuild_us=50 layout_us=0 paint_us=19 encode_us=8 acquire_us=63 submit_us=1570 skipped=0 gpu_q=1 gpu_total_us=707 gpu_prepass_us=0 gpu_main_us=707 gpu_composite_us=0 gpu_blit_us=0
frust_shell_common::perf: frust-perf raw n=94 total_us=1721 rebuild_us=66 layout_us=0 paint_us=23 encode_us=10 acquire_us=57 submit_us=1563 skipped=0 gpu_q=1 gpu_total_us=705 gpu_prepass_us=0 gpu_main_us=705 gpu_composite_us=0 gpu_blit_us=0
frust_shell_common::perf: frust-perf raw n=95 total_us=1880 rebuild_us=74 layout_us=0 paint_us=27 encode_us=11 acquire_us=76 submit_us=1689 skipped=0 gpu_q=1 gpu_total_us=712 gpu_prepass_us=0 gpu_main_us=712 gpu_composite_us=0 gpu_blit_us=0
frust_shell_common::perf: frust-perf raw n=96 total_us=1744 rebuild_us=66 layout_us=0 paint_us=24 encode_us=7 acquire_us=63 submit_us=1581 skipped=0 gpu_q=1 gpu_total_us=705 gpu_prepass_us=0 gpu_main_us=705 gpu_composite_us=0 gpu_blit_us=0
frust_shell_common::perf: frust-perf raw n=97 total_us=1759 rebuild_us=63 layout_us=0 paint_us=25 encode_us=9 acquire_us=55 submit_us=1606 skipped=0 gpu_q=1 gpu_total_us=710 gpu_prepass_us=0 gpu_main_us=710 gpu_composite_us=0 gpu_blit_us=0
frust_shell_common::perf: frust-perf raw n=98 total_us=1738 rebuild_us=61 layout_us=0 paint_us=23 encode_us=8 acquire_us=62 submit_us=1582 skipped=0 gpu_q=1 gpu_total_us=712 gpu_prepass_us=0 gpu_main_us=712 gpu_composite_us=0 gpu_blit_us=0
frust_shell_common::perf: frust-perf raw n=99 total_us=1697 rebuild_us=53 layout_us=0 paint_us=19 encode_us=9 acquire_us=60 submit_us=1555 skipped=0 gpu_q=1 gpu_total_us=789 gpu_prepass_us=0 gpu_main_us=789 gpu_composite_us=0 gpu_blit_us=0
frust_shell_common::perf: frust-perf raw n=100 total_us=1825 rebuild_us=71 layout_us=0 paint_us=22 encode_us=8 acquire_us=58 submit_us=1663 skipped=0 gpu_q=1 gpu_total_us=779 gpu_prepass_us=0 gpu_main_us=779 gpu_composite_us=0 gpu_blit_us=0
frust_shell_common::perf: frust-perf raw n=101 total_us=1803 rebuild_us=67 layout_us=0 paint_us=24 encode_us=7 acquire_us=58 submit_us=1645 skipped=0 gpu_q=1 gpu_total_us=714 gpu_prepass_us=0 gpu_main_us=714 gpu_composite_us=0 gpu_blit_us=0
frust_shell_common::perf: frust-perf raw n=102 total_us=14759 rebuild_us=52 layout_us=0 paint_us=20 encode_us=7 acquire_us=62 submit_us=14616 skipped=0 gpu_q=1 gpu_total_us=710 gpu_prepass_us=0 gpu_main_us=710 gpu_composite_us=0 gpu_blit_us=0
frust_shell_common::perf: frust-perf raw n=103 total_us=992 rebuild_us=48 layout_us=0 paint_us=18 encode_us=6 acquire_us=34 submit_us=882 skipped=0 gpu_q=1 gpu_total_us=725 gpu_prepass_us=0 gpu_main_us=725 gpu_composite_us=0 gpu_blit_us=0
frust_shell_common::perf: frust-perf raw n=104 total_us=749 rebuild_us=52 layout_us=0 paint_us=23 encode_us=3 acquire_us=25 submit_us=645 skipped=0 gpu_q=1 gpu_total_us=711 gpu_prepass_us=0 gpu_main_us=711 gpu_composite_us=0 gpu_blit_us=0
frust_shell_common::perf: frust-perf raw n=105 total_us=1185 rebuild_us=74 layout_us=0 paint_us=29 encode_us=6 acquire_us=47 submit_us=1027 skipped=0 gpu_q=1 gpu_total_us=720 gpu_prepass_us=0 gpu_main_us=720 gpu_composite_us=0 gpu_blit_us=0
frust_shell_common::perf: frust-perf raw n=106 total_us=1567 rebuild_us=73 layout_us=0 paint_us=26 encode_us=16 acquire_us=103 submit_us=1346 skipped=0 gpu_q=1 gpu_total_us=686 gpu_prepass_us=0 gpu_main_us=686 gpu_composite_us=0 gpu_blit_us=0
frust_shell_common::perf: frust-perf raw n=107 total_us=2438 rebuild_us=74 layout_us=0 paint_us=26 encode_us=6 acquire_us=43 submit_us=2287 skipped=0 gpu_q=1 gpu_total_us=652 gpu_prepass_us=0 gpu_main_us=652 gpu_composite_us=0 gpu_blit_us=0
frust_shell_common::perf: frust-perf raw n=108 total_us=1552 rebuild_us=136 layout_us=0 paint_us=30 encode_us=7 acquire_us=50 submit_us=1328 skipped=0 gpu_q=1 gpu_total_us=701 gpu_prepass_us=0 gpu_main_us=701 gpu_composite_us=0 gpu_blit_us=0
frust_shell_common::perf: frust-perf raw n=109 total_us=1348 rebuild_us=73 layout_us=0 paint_us=29 encode_us=6 acquire_us=47 submit_us=1191 skipped=0 gpu_q=1 gpu_total_us=707 gpu_prepass_us=0 gpu_main_us=707 gpu_composite_us=0 gpu_blit_us=0
frust_shell_android::app::frame: frust-perf platform-view tail depth=0 target=0 acquire_bound=false frame=120 expected_present_us=0 acquire_us=51 period_us=8237
frust_shell_common::perf: frust-perf raw n=110 total_us=1310 rebuild_us=68 layout_us=0 paint_us=25 encode_us=7 acquire_us=48 submit_us=1160 skipped=0 gpu_q=1 gpu_total_us=715 gpu_prepass_us=0 gpu_main_us=715 gpu_composite_us=0 gpu_blit_us=0
frust_shell_common::perf: frust-perf raw n=111 total_us=1540 rebuild_us=67 layout_us=0 paint_us=24 encode_us=14 acquire_us=96 submit_us=1337 skipped=0 gpu_q=1 gpu_total_us=699 gpu_prepass_us=0 gpu_main_us=699 gpu_composite_us=0 gpu_blit_us=0
frust_shell_common::perf: frust-perf raw n=112 total_us=1587 rebuild_us=58 layout_us=0 paint_us=22 encode_us=12 acquire_us=96 submit_us=1397 skipped=0 gpu_q=1 gpu_total_us=673 gpu_prepass_us=0 gpu_main_us=673 gpu_composite_us=0 gpu_blit_us=0
frust_shell_common::perf: frust-perf raw n=113 total_us=1307 rebuild_us=48 layout_us=0 paint_us=18 encode_us=6 acquire_us=43 submit_us=1190 skipped=0 gpu_q=1 gpu_total_us=671 gpu_prepass_us=0 gpu_main_us=671 gpu_composite_us=0 gpu_blit_us=0
frust_shell_common::perf: frust-perf raw n=114 total_us=2309 rebuild_us=102 layout_us=0 paint_us=40 encode_us=15 acquire_us=130 submit_us=2019 skipped=0 gpu_q=1 gpu_total_us=664 gpu_prepass_us=0 gpu_main_us=664 gpu_composite_us=0 gpu_blit_us=0
frust_shell_common::perf: frust-perf raw n=115 total_us=2133 rebuild_us=90 layout_us=0 paint_us=34 encode_us=15 acquire_us=108 submit_us=1885 skipped=0 gpu_q=1 gpu_total_us=670 gpu_prepass_us=0 gpu_main_us=670 gpu_composite_us=0 gpu_blit_us=0
frust_shell_common::perf: frust-perf raw n=116 total_us=2041 rebuild_us=83 layout_us=0 paint_us=28 encode_us=13 acquire_us=99 submit_us=1816 skipped=0 gpu_q=1 gpu_total_us=702 gpu_prepass_us=0 gpu_main_us=702 gpu_composite_us=0 gpu_blit_us=0
frust_shell_common::perf: frust-perf raw n=117 total_us=1419 rebuild_us=71 layout_us=0 paint_us=25 encode_us=7 acquire_us=43 submit_us=1271 skipped=0 gpu_q=1 gpu_total_us=665 gpu_prepass_us=0 gpu_main_us=665 gpu_composite_us=0 gpu_blit_us=0
frust_shell_common::perf: frust-perf raw n=118 total_us=1353 rebuild_us=71 layout_us=0 paint_us=25 encode_us=6 acquire_us=42 submit_us=1207 skipped=0 gpu_q=1 gpu_total_us=667 gpu_prepass_us=0 gpu_main_us=667 gpu_composite_us=0 gpu_blit_us=0
frust_shell_common::perf: frust-perf raw n=119 total_us=1630 rebuild_us=63 layout_us=0 paint_us=19 encode_us=12 acquire_us=104 submit_us=1429 skipped=0 gpu_q=1 gpu_total_us=674 gpu_prepass_us=0 gpu_main_us=674 gpu_composite_us=0 gpu_blit_us=0
frust_engine::renderer: frust-perf enc n=120 w=60 validate_us=2.0 prepare_us=2.4 classify_us=7.5 admit_us=0.2 walk_us=295.4 glyphs_us=127.0 finish_us=1.6 compile_us=309.7 schedule_us=2.2 paints_us=7.8 instances_us=17.2 resize_us=1.8 upload_us=131.1 replay_us=0.2 pipelines_us=10.4 record_us=18.8 total_us=498.1 total_p95_us=572.3 draws=46 strips=1073 alphas=28576 glyph_draws=36 atlas_glyphs=36
frust_shell_common::perf: frust-perf raw n=120 total_us=2156 rebuild_us=79 layout_us=0 paint_us=27 encode_us=16 acquire_us=100 submit_us=1932 skipped=0 gpu_q=1 gpu_total_us=674 gpu_prepass_us=0 gpu_main_us=674 gpu_composite_us=0 gpu_blit_us=0
frust_shell_common::perf: frust-perf raw n=121 total_us=1406 rebuild_us=65 layout_us=0 paint_us=23 encode_us=8 acquire_us=43 submit_us=1265 skipped=0 gpu_q=1 gpu_total_us=663 gpu_prepass_us=0 gpu_main_us=663 gpu_composite_us=0 gpu_blit_us=0
frust_shell_common::perf: frust-perf raw n=122 total_us=2454 rebuild_us=137 layout_us=0 paint_us=61 encode_us=11 acquire_us=112 submit_us=2131 skipped=0 gpu_q=1 gpu_total_us=668 gpu_prepass_us=0 gpu_main_us=668 gpu_composite_us=0 gpu_blit_us=0
frust_shell_common::perf: frust-perf raw n=123 total_us=1820 rebuild_us=66 layout_us=0 paint_us=24 encode_us=9 acquire_us=75 submit_us=1645 skipped=0 gpu_q=1 gpu_total_us=666 gpu_prepass_us=0 gpu_main_us=666 gpu_composite_us=0 gpu_blit_us=0
frust_shell_common::perf: frust-perf raw n=124 total_us=1872 rebuild_us=79 layout_us=0 paint_us=23 encode_us=9 acquire_us=61 submit_us=1697 skipped=0 gpu_q=1 gpu_total_us=695 gpu_prepass_us=0 gpu_main_us=695 gpu_composite_us=0 gpu_blit_us=0
frust_shell_common::perf: frust-perf raw n=125 total_us=1756 rebuild_us=73 layout_us=0 paint_us=24 encode_us=10 acquire_us=66 submit_us=1581 skipped=0 gpu_q=1 gpu_total_us=683 gpu_prepass_us=0 gpu_main_us=683 gpu_composite_us=0 gpu_blit_us=0
frust_shell_common::perf: frust-perf raw n=126 total_us=1731 rebuild_us=56 layout_us=0 paint_us=23 encode_us=10 acquire_us=62 submit_us=1577 skipped=0 gpu_q=1 gpu_total_us=669 gpu_prepass_us=0 gpu_main_us=669 gpu_composite_us=0 gpu_blit_us=0
frust_shell_common::perf: frust-perf raw n=127 total_us=1714 rebuild_us=66 layout_us=0 paint_us=26 encode_us=8 acquire_us=64 submit_us=1548 skipped=0 gpu_q=1 gpu_total_us=702 gpu_prepass_us=0 gpu_main_us=702 gpu_composite_us=0 gpu_blit_us=0
frust_shell_common::perf: frust-perf raw n=128 total_us=1696 rebuild_us=54 layout_us=0 paint_us=19 encode_us=9 acquire_us=61 submit_us=1551 skipped=0 gpu_q=1 gpu_total_us=721 gpu_prepass_us=0 gpu_main_us=721 gpu_composite_us=0 gpu_blit_us=0
frust_shell_common::perf: frust-perf raw n=129 total_us=1961 rebuild_us=52 layout_us=0 paint_us=19 encode_us=8 acquire_us=60 submit_us=1819 skipped=0 gpu_q=1 gpu_total_us=726 gpu_prepass_us=0 gpu_main_us=726 gpu_composite_us=0 gpu_blit_us=0
frust_shell_common::perf: frust-perf raw n=130 total_us=1757 rebuild_us=48 layout_us=0 paint_us=18 encode_us=8 acquire_us=61 submit_us=1621 skipped=0 gpu_q=1 gpu_total_us=668 gpu_prepass_us=0 gpu_main_us=668 gpu_composite_us=0 gpu_blit_us=0
frust_shell_common::perf: frust-perf raw n=131 total_us=1697 rebuild_us=47 layout_us=0 paint_us=19 encode_us=10 acquire_us=69 submit_us=1550 skipped=0 gpu_q=1 gpu_total_us=700 gpu_prepass_us=0 gpu_main_us=700 gpu_composite_us=0 gpu_blit_us=0
frust_shell_common::perf: frust-perf raw n=132 total_us=1664 rebuild_us=47 layout_us=0 paint_us=19 encode_us=8 acquire_us=58 submit_us=1531 skipped=0 gpu_q=1 gpu_total_us=667 gpu_prepass_us=0 gpu_main_us=667 gpu_composite_us=0 gpu_blit_us=0
frust_shell_common::perf: frust-perf raw n=133 total_us=1697 rebuild_us=55 layout_us=0 paint_us=19 encode_us=10 acquire_us=60 submit_us=1552 skipped=0 gpu_q=1 gpu_total_us=680 gpu_prepass_us=0 gpu_main_us=680 gpu_composite_us=0 gpu_blit_us=0
frust_shell_common::perf: frust-perf raw n=134 total_us=10182 rebuild_us=46 layout_us=0 paint_us=18 encode_us=8 acquire_us=60 submit_us=10048 skipped=0 gpu_q=1 gpu_total_us=670 gpu_prepass_us=0 gpu_main_us=670 gpu_composite_us=0 gpu_blit_us=0
frust_shell_common::perf: frust-perf raw n=135 total_us=1581 rebuild_us=44 layout_us=0 paint_us=19 encode_us=5 acquire_us=40 submit_us=1471 skipped=0 gpu_q=1 gpu_total_us=685 gpu_prepass_us=0 gpu_main_us=685 gpu_composite_us=0 gpu_blit_us=0
frust_shell_common::perf: frust-perf raw n=136 total_us=1649 rebuild_us=55 layout_us=0 paint_us=25 encode_us=12 acquire_us=133 submit_us=1422 skipped=0 gpu_q=1 gpu_total_us=667 gpu_prepass_us=0 gpu_main_us=667 gpu_composite_us=0 gpu_blit_us=0
frust_shell_common::perf: frust-perf raw n=137 total_us=1267 rebuild_us=58 layout_us=0 paint_us=20 encode_us=6 acquire_us=43 submit_us=1138 skipped=0 gpu_q=1 gpu_total_us=671 gpu_prepass_us=0 gpu_main_us=671 gpu_composite_us=0 gpu_blit_us=0
frust_shell_common::perf: frust-perf raw n=138 total_us=1304 rebuild_us=49 layout_us=0 paint_us=19 encode_us=6 acquire_us=39 submit_us=1189 skipped=0 gpu_q=1 gpu_total_us=668 gpu_prepass_us=0 gpu_main_us=668 gpu_composite_us=0 gpu_blit_us=0
frust_shell_common::perf: frust-perf raw n=139 total_us=1311 rebuild_us=47 layout_us=0 paint_us=21 encode_us=7 acquire_us=42 submit_us=1192 skipped=0 gpu_q=1 gpu_total_us=694 gpu_prepass_us=0 gpu_main_us=694 gpu_composite_us=0 gpu_blit_us=0
frust_shell_common::perf: frust-perf raw n=140 total_us=1265 rebuild_us=46 layout_us=0 paint_us=19 encode_us=7 acquire_us=38 submit_us=1153 skipped=0 gpu_q=1 gpu_total_us=673 gpu_prepass_us=0 gpu_main_us=673 gpu_composite_us=0 gpu_blit_us=0
frust_shell_common::perf: frust-perf raw n=141 total_us=1980 rebuild_us=49 layout_us=0 paint_us=18 encode_us=10 acquire_us=110 submit_us=1792 skipped=0 gpu_q=1 gpu_total_us=668 gpu_prepass_us=0 gpu_main_us=668 gpu_composite_us=0 gpu_blit_us=0
frust_shell_common::perf: frust-perf raw n=142 total_us=1749 rebuild_us=50 layout_us=0 paint_us=21 encode_us=9 acquire_us=58 submit_us=1610 skipped=0 gpu_q=1 gpu_total_us=666 gpu_prepass_us=0 gpu_main_us=666 gpu_composite_us=0 gpu_blit_us=0
frust_shell_common::perf: frust-perf raw n=143 total_us=1808 rebuild_us=49 layout_us=0 paint_us=18 encode_us=9 acquire_us=70 submit_us=1659 skipped=0 gpu_q=1 gpu_total_us=673 gpu_prepass_us=0 gpu_main_us=673 gpu_composite_us=0 gpu_blit_us=0
frust_shell_common::perf: frust-perf raw n=144 total_us=1825 rebuild_us=48 layout_us=0 paint_us=18 encode_us=10 acquire_us=78 submit_us=1668 skipped=0 gpu_q=1 gpu_total_us=666 gpu_prepass_us=0 gpu_main_us=666 gpu_composite_us=0 gpu_blit_us=0
frust_shell_common::perf: frust-perf raw n=145 total_us=1752 rebuild_us=52 layout_us=0 paint_us=19 encode_us=9 acquire_us=63 submit_us=1608 skipped=0 gpu_q=1 gpu_total_us=673 gpu_prepass_us=0 gpu_main_us=673 gpu_composite_us=0 gpu_blit_us=0
frust_shell_common::perf: frust-perf raw n=146 total_us=1865 rebuild_us=46 layout_us=0 paint_us=18 encode_us=15 acquire_us=74 submit_us=1709 skipped=0 gpu_q=1 gpu_total_us=667 gpu_prepass_us=0 gpu_main_us=667 gpu_composite_us=0 gpu_blit_us=0
frust_shell_common::perf: frust-perf raw n=147 total_us=1872 rebuild_us=47 layout_us=0 paint_us=18 encode_us=9 acquire_us=64 submit_us=1732 skipped=0 gpu_q=1 gpu_total_us=666 gpu_prepass_us=0 gpu_main_us=666 gpu_composite_us=0 gpu_blit_us=0
frust_shell_common::perf: frust-perf raw n=148 total_us=1701 rebuild_us=45 layout_us=0 paint_us=17 encode_us=9 acquire_us=62 submit_us=1566 skipped=0 gpu_q=1 gpu_total_us=664 gpu_prepass_us=0 gpu_main_us=664 gpu_composite_us=0 gpu_blit_us=0
frust_shell_common::perf: frust-perf raw n=149 total_us=1692 rebuild_us=46 layout_us=0 paint_us=18 encode_us=9 acquire_us=61 submit_us=1557 skipped=0 gpu_q=1 gpu_total_us=662 gpu_prepass_us=0 gpu_main_us=662 gpu_composite_us=0 gpu_blit_us=0
frust_shell_common::perf: frust-perf raw n=150 total_us=1693 rebuild_us=48 layout_us=0 paint_us=19 encode_us=8 acquire_us=58 submit_us=1559 skipped=0 gpu_q=1 gpu_total_us=686 gpu_prepass_us=0 gpu_main_us=686 gpu_composite_us=0 gpu_blit_us=0
frust_shell_common::perf: frust-perf raw n=151 total_us=1668 rebuild_us=46 layout_us=0 paint_us=20 encode_us=9 acquire_us=59 submit_us=1532 skipped=0 gpu_q=1 gpu_total_us=664 gpu_prepass_us=0 gpu_main_us=664 gpu_composite_us=0 gpu_blit_us=0
frust_shell_common::perf: frust-perf raw n=152 total_us=1671 rebuild_us=47 layout_us=0 paint_us=20 encode_us=7 acquire_us=58 submit_us=1537 skipped=0 gpu_q=1 gpu_total_us=678 gpu_prepass_us=0 gpu_main_us=678 gpu_composite_us=0 gpu_blit_us=0
frust_shell_common::perf: frust-perf raw n=153 total_us=1772 rebuild_us=47 layout_us=0 paint_us=17 encode_us=11 acquire_us=62 submit_us=1632 skipped=0 gpu_q=1 gpu_total_us=670 gpu_prepass_us=0 gpu_main_us=670 gpu_composite_us=0 gpu_blit_us=0
frust_shell_common::perf: frust-perf raw n=154 total_us=1759 rebuild_us=47 layout_us=0 paint_us=19 encode_us=9 acquire_us=62 submit_us=1620 skipped=0 gpu_q=1 gpu_total_us=679 gpu_prepass_us=0 gpu_main_us=679 gpu_composite_us=0 gpu_blit_us=0
frust_shell_common::perf: frust-perf raw n=155 total_us=1762 rebuild_us=46 layout_us=0 paint_us=18 encode_us=10 acquire_us=58 submit_us=1628 skipped=0 gpu_q=1 gpu_total_us=668 gpu_prepass_us=0 gpu_main_us=668 gpu_composite_us=0 gpu_blit_us=0
frust_shell_common::perf: frust-perf raw n=156 total_us=1724 rebuild_us=46 layout_us=0 paint_us=18 encode_us=10 acquire_us=60 submit_us=1588 skipped=0 gpu_q=1 gpu_total_us=679 gpu_prepass_us=0 gpu_main_us=679 gpu_composite_us=0 gpu_blit_us=0
frust_shell_common::perf: frust-perf raw n=157 total_us=1784 rebuild_us=45 layout_us=0 paint_us=19 encode_us=11 acquire_us=60 submit_us=1648 skipped=0 gpu_q=1 gpu_total_us=669 gpu_prepass_us=0 gpu_main_us=669 gpu_composite_us=0 gpu_blit_us=0
frust_shell_common::perf: frust-perf raw n=158 total_us=1810 rebuild_us=49 layout_us=0 paint_us=19 encode_us=8 acquire_us=58 submit_us=1674 skipped=0 gpu_q=1 gpu_total_us=669 gpu_prepass_us=0 gpu_main_us=669 gpu_composite_us=0 gpu_blit_us=0
frust_shell_common::perf: frust-perf raw n=159 total_us=1757 rebuild_us=44 layout_us=0 paint_us=17 encode_us=7 acquire_us=150 submit_us=1535 skipped=0 gpu_q=1 gpu_total_us=673 gpu_prepass_us=0 gpu_main_us=673 gpu_composite_us=0 gpu_blit_us=0
frust_shell_common::perf: frust-perf raw n=160 total_us=3328 rebuild_us=173 layout_us=0 paint_us=83 encode_us=13 acquire_us=97 submit_us=2960 skipped=0 gpu_q=1 gpu_total_us=683 gpu_prepass_us=0 gpu_main_us=683 gpu_composite_us=0 gpu_blit_us=0
frust_shell_common::perf: frust-perf raw n=161 total_us=3399 rebuild_us=182 layout_us=0 paint_us=84 encode_us=13 acquire_us=107 submit_us=3011 skipped=0 gpu_q=1 gpu_total_us=667 gpu_prepass_us=0 gpu_main_us=667 gpu_composite_us=0 gpu_blit_us=0
frust_shell_common::perf: frust-perf raw n=162 total_us=3425 rebuild_us=192 layout_us=0 paint_us=86 encode_us=15 acquire_us=104 submit_us=3025 skipped=0 gpu_q=1 gpu_total_us=673 gpu_prepass_us=0 gpu_main_us=673 gpu_composite_us=0 gpu_blit_us=0
frust_shell_common::perf: frust-perf raw n=163 total_us=3274 rebuild_us=189 layout_us=0 paint_us=84 encode_us=12 acquire_us=100 submit_us=2887 skipped=0 gpu_q=1 gpu_total_us=662 gpu_prepass_us=0 gpu_main_us=662 gpu_composite_us=0 gpu_blit_us=0
frust_shell_common::perf: frust-perf raw n=164 total_us=3366 rebuild_us=188 layout_us=0 paint_us=89 encode_us=13 acquire_us=105 submit_us=2969 skipped=0 gpu_q=1 gpu_total_us=707 gpu_prepass_us=0 gpu_main_us=707 gpu_composite_us=0 gpu_blit_us=0
frust_shell_common::perf: frust-perf raw n=165 total_us=3373 rebuild_us=186 layout_us=0 paint_us=91 encode_us=13 acquire_us=106 submit_us=2974 skipped=0 gpu_q=1 gpu_total_us=686 gpu_prepass_us=0 gpu_main_us=686 gpu_composite_us=0 gpu_blit_us=0
frust_shell_common::perf: frust-perf raw n=166 total_us=3225 rebuild_us=187 layout_us=0 paint_us=85 encode_us=14 acquire_us=94 submit_us=2842 skipped=0 gpu_q=1 gpu_total_us=694 gpu_prepass_us=0 gpu_main_us=694 gpu_composite_us=0 gpu_blit_us=0
frust_shell_common::perf: frust-perf raw n=167 total_us=3388 rebuild_us=190 layout_us=0 paint_us=83 encode_us=14 acquire_us=104 submit_us=2994 skipped=0 gpu_q=1 gpu_total_us=680 gpu_prepass_us=0 gpu_main_us=680 gpu_composite_us=0 gpu_blit_us=0
frust_shell_common::perf: frust-perf raw n=168 total_us=3371 rebuild_us=184 layout_us=0 paint_us=90 encode_us=17 acquire_us=111 submit_us=2968 skipped=0 gpu_q=1 gpu_total_us=695 gpu_prepass_us=0 gpu_main_us=695 gpu_composite_us=0 gpu_blit_us=0
frust_shell_common::perf: frust-perf raw n=169 total_us=3274 rebuild_us=173 layout_us=0 paint_us=83 encode_us=12 acquire_us=93 submit_us=2910 skipped=0 gpu_q=1 gpu_total_us=684 gpu_prepass_us=0 gpu_main_us=684 gpu_composite_us=0 gpu_blit_us=0
frust_shell_common::perf: frust-perf raw n=170 total_us=3431 rebuild_us=189 layout_us=0 paint_us=91 encode_us=16 acquire_us=105 submit_us=3028 skipped=0 gpu_q=1 gpu_total_us=689 gpu_prepass_us=0 gpu_main_us=689 gpu_composite_us=0 gpu_blit_us=0
frust_shell_common::perf: frust-perf raw n=171 total_us=3375 rebuild_us=196 layout_us=0 paint_us=88 encode_us=12 acquire_us=104 submit_us=2972 skipped=0 gpu_q=1 gpu_total_us=692 gpu_prepass_us=0 gpu_main_us=692 gpu_composite_us=0 gpu_blit_us=0
frust_shell_common::perf: frust-perf raw n=172 total_us=3436 rebuild_us=185 layout_us=0 paint_us=88 encode_us=14 acquire_us=102 submit_us=3045 skipped=0 gpu_q=1 gpu_total_us=706 gpu_prepass_us=0 gpu_main_us=706 gpu_composite_us=0 gpu_blit_us=0
frust_shell_common::perf: frust-perf raw n=173 total_us=3643 rebuild_us=148 layout_us=0 paint_us=179 encode_us=19 acquire_us=147 submit_us=3147 skipped=0 gpu_q=1 gpu_total_us=708 gpu_prepass_us=0 gpu_main_us=708 gpu_composite_us=0 gpu_blit_us=0
frust_shell_common::perf: frust-perf raw n=174 total_us=3199 rebuild_us=155 layout_us=0 paint_us=66 encode_us=14 acquire_us=136 submit_us=2826 skipped=0 gpu_q=1 gpu_total_us=732 gpu_prepass_us=0 gpu_main_us=732 gpu_composite_us=0 gpu_blit_us=0
frust_shell_common::perf: frust-perf raw n=175 total_us=3279 rebuild_us=189 layout_us=0 paint_us=87 encode_us=16 acquire_us=104 submit_us=2879 skipped=0 gpu_q=1 gpu_total_us=701 gpu_prepass_us=0 gpu_main_us=701 gpu_composite_us=0 gpu_blit_us=0
frust_shell_common::perf: frust-perf raw n=176 total_us=3294 rebuild_us=183 layout_us=0 paint_us=87 encode_us=14 acquire_us=110 submit_us=2897 skipped=0 gpu_q=1 gpu_total_us=711 gpu_prepass_us=0 gpu_main_us=711 gpu_composite_us=0 gpu_blit_us=0
frust_shell_common::perf: frust-perf raw n=177 total_us=6267 rebuild_us=182 layout_us=0 paint_us=84 encode_us=37 acquire_us=198 submit_us=5765 skipped=0 gpu_q=1 gpu_total_us=710 gpu_prepass_us=0 gpu_main_us=710 gpu_composite_us=0 gpu_blit_us=0
frust_shell_common::perf: frust-perf raw n=178 total_us=3152 rebuild_us=174 layout_us=0 paint_us=85 encode_us=15 acquire_us=104 submit_us=2772 skipped=0 gpu_q=1 gpu_total_us=712 gpu_prepass_us=0 gpu_main_us=712 gpu_composite_us=0 gpu_blit_us=0
frust_shell_common::perf: frust-perf raw n=179 total_us=3364 rebuild_us=191 layout_us=0 paint_us=87 encode_us=15 acquire_us=102 submit_us=2966 skipped=0 gpu_q=1 gpu_total_us=709 gpu_prepass_us=0 gpu_main_us=709 gpu_composite_us=0 gpu_blit_us=0
frust_engine::renderer: frust-perf enc n=180 w=60 validate_us=2.4 prepare_us=2.9 classify_us=8.3 admit_us=0.2 walk_us=302.0 glyphs_us=130.5 finish_us=1.8 compile_us=320.6 schedule_us=2.3 paints_us=8.0 instances_us=17.7 resize_us=2.1 upload_us=140.9 replay_us=0.2 pipelines_us=11.4 record_us=20.3 total_us=533.3 total_p95_us=904.8 draws=46 strips=1073 alphas=28576 glyph_draws=36 atlas_glyphs=36
frust_shell_common::perf: frust-perf raw n=180 total_us=3601 rebuild_us=204 layout_us=0 paint_us=90 encode_us=14 acquire_us=105 submit_us=3184 skipped=0 gpu_q=1 gpu_total_us=707 gpu_prepass_us=0 gpu_main_us=707 gpu_composite_us=0 gpu_blit_us=0
frust_shell_common::perf: frust-perf raw n=181 total_us=3189 rebuild_us=188 layout_us=0 paint_us=84 encode_us=13 acquire_us=96 submit_us=2806 skipped=0 gpu_q=1 gpu_total_us=680 gpu_prepass_us=0 gpu_main_us=680 gpu_composite_us=0 gpu_blit_us=0
frust_shell_common::perf: frust-perf raw n=182 total_us=3395 rebuild_us=188 layout_us=0 paint_us=89 encode_us=13 acquire_us=99 submit_us=3004 skipped=0 gpu_q=1 gpu_total_us=716 gpu_prepass_us=0 gpu_main_us=716 gpu_composite_us=0 gpu_blit_us=0
frust_shell_common::perf: frust-perf raw n=183 total_us=6859 rebuild_us=196 layout_us=0 paint_us=89 encode_us=36 acquire_us=216 submit_us=6320 skipped=0 gpu_q=1 gpu_total_us=712 gpu_prepass_us=0 gpu_main_us=712 gpu_composite_us=0 gpu_blit_us=0
frust_shell_common::perf: frust-perf raw n=184 total_us=5636 rebuild_us=156 layout_us=0 paint_us=74 encode_us=69 acquire_us=164 submit_us=5171 skipped=0 gpu_q=1 gpu_total_us=683 gpu_prepass_us=0 gpu_main_us=683 gpu_composite_us=0 gpu_blit_us=0
frust_shell_common::perf: frust-perf raw n=185 total_us=4019 rebuild_us=115 layout_us=0 paint_us=57 encode_us=21 acquire_us=129 submit_us=3694 skipped=0 gpu_q=1 gpu_total_us=706 gpu_prepass_us=0 gpu_main_us=706 gpu_composite_us=0 gpu_blit_us=0
frust_shell_common::perf: frust-perf raw n=186 total_us=4075 rebuild_us=99 layout_us=0 paint_us=44 encode_us=21 acquire_us=111 submit_us=3799 skipped=0 gpu_q=1 gpu_total_us=718 gpu_prepass_us=0 gpu_main_us=718 gpu_composite_us=0 gpu_blit_us=0
frust_shell_common::perf: frust-perf raw n=187 total_us=4940 rebuild_us=123 layout_us=0 paint_us=59 encode_us=27 acquire_us=133 submit_us=4596 skipped=0 gpu_q=1 gpu_total_us=679 gpu_prepass_us=0 gpu_main_us=679 gpu_composite_us=0 gpu_blit_us=0
frust_shell_common::perf: frust-perf raw n=188 total_us=3231 rebuild_us=131 layout_us=0 paint_us=65 encode_us=17 acquire_us=123 submit_us=2892 skipped=0 gpu_q=1 gpu_total_us=690 gpu_prepass_us=0 gpu_main_us=690 gpu_composite_us=0 gpu_blit_us=0
frust_shell_common::perf: frust-perf raw n=189 total_us=3425 rebuild_us=177 layout_us=0 paint_us=83 encode_us=12 acquire_us=98 submit_us=3053 skipped=0 gpu_q=1 gpu_total_us=684 gpu_prepass_us=0 gpu_main_us=684 gpu_composite_us=0 gpu_blit_us=0
frust_shell_common::perf: frust-perf raw n=190 total_us=5204 rebuild_us=165 layout_us=0 paint_us=74 encode_us=35 acquire_us=230 submit_us=4698 skipped=0 gpu_q=1 gpu_total_us=730 gpu_prepass_us=0 gpu_main_us=730 gpu_composite_us=0 gpu_blit_us=0
frust_shell_common::perf: frust-perf raw n=191 total_us=4304 rebuild_us=122 layout_us=0 paint_us=61 encode_us=26 acquire_us=124 submit_us=3968 skipped=0 gpu_q=1 gpu_total_us=681 gpu_prepass_us=0 gpu_main_us=681 gpu_composite_us=0 gpu_blit_us=0
frust_shell_common::perf: frust-perf raw n=192 total_us=5713 rebuild_us=108 layout_us=0 paint_us=54 encode_us=24 acquire_us=239 submit_us=5286 skipped=0 gpu_q=1 gpu_total_us=718 gpu_prepass_us=0 gpu_main_us=718 gpu_composite_us=0 gpu_blit_us=0
frust_shell_common::perf: frust-perf raw n=193 total_us=4756 rebuild_us=229 layout_us=0 paint_us=62 encode_us=23 acquire_us=159 submit_us=4281 skipped=0 gpu_q=1 gpu_total_us=722 gpu_prepass_us=0 gpu_main_us=722 gpu_composite_us=0 gpu_blit_us=0
frust_shell_common::perf: frust-perf raw n=194 total_us=2982 rebuild_us=97 layout_us=0 paint_us=51 encode_us=17 acquire_us=132 submit_us=2683 skipped=0 gpu_q=1 gpu_total_us=680 gpu_prepass_us=0 gpu_main_us=680 gpu_composite_us=0 gpu_blit_us=0
frust_shell_common::perf: frust-perf raw n=195 total_us=3375 rebuild_us=183 layout_us=0 paint_us=86 encode_us=13 acquire_us=105 submit_us=2985 skipped=0 gpu_q=1 gpu_total_us=680 gpu_prepass_us=0 gpu_main_us=680 gpu_composite_us=0 gpu_blit_us=0
frust_shell_common::perf: frust-perf raw n=196 total_us=3171 rebuild_us=175 layout_us=0 paint_us=85 encode_us=13 acquire_us=95 submit_us=2802 skipped=0 gpu_q=1 gpu_total_us=681 gpu_prepass_us=0 gpu_main_us=681 gpu_composite_us=0 gpu_blit_us=0
frust_shell_common::perf: frust-perf raw n=197 total_us=3372 rebuild_us=181 layout_us=0 paint_us=87 encode_us=14 acquire_us=116 submit_us=2971 skipped=0 gpu_q=1 gpu_total_us=680 gpu_prepass_us=0 gpu_main_us=680 gpu_composite_us=0 gpu_blit_us=0
frust_shell_common::perf: frust-perf raw n=198 total_us=3171 rebuild_us=176 layout_us=0 paint_us=88 encode_us=12 acquire_us=92 submit_us=2800 skipped=0 gpu_q=1 gpu_total_us=712 gpu_prepass_us=0 gpu_main_us=712 gpu_composite_us=0 gpu_blit_us=0
frust_shell_common::perf: frust-perf raw n=199 total_us=3563 rebuild_us=205 layout_us=0 paint_us=99 encode_us=13 acquire_us=110 submit_us=3135 skipped=0 gpu_q=1 gpu_total_us=700 gpu_prepass_us=0 gpu_main_us=700 gpu_composite_us=0 gpu_blit_us=0
frust_shell_common::perf: frust-perf raw n=200 total_us=3292 rebuild_us=182 layout_us=0 paint_us=89 encode_us=13 acquire_us=95 submit_us=2911 skipped=0 gpu_q=1 gpu_total_us=687 gpu_prepass_us=0 gpu_main_us=687 gpu_composite_us=0 gpu_blit_us=0
frust_shell_common::perf: frust-perf raw n=201 total_us=3388 rebuild_us=187 layout_us=0 paint_us=89 encode_us=13 acquire_us=107 submit_us=2990 skipped=0 gpu_q=1 gpu_total_us=719 gpu_prepass_us=0 gpu_main_us=719 gpu_composite_us=0 gpu_blit_us=0
frust_shell_common::perf: frust-perf raw n=202 total_us=3407 rebuild_us=186 layout_us=0 paint_us=90 encode_us=14 acquire_us=101 submit_us=3015 skipped=0 gpu_q=1 gpu_total_us=699 gpu_prepass_us=0 gpu_main_us=699 gpu_composite_us=0 gpu_blit_us=0
frust_shell_common::perf: frust-perf raw n=203 total_us=3460 rebuild_us=189 layout_us=0 paint_us=93 encode_us=14 acquire_us=111 submit_us=3051 skipped=0 gpu_q=1 gpu_total_us=678 gpu_prepass_us=0 gpu_main_us=678 gpu_composite_us=0 gpu_blit_us=0
frust_shell_common::perf: frust-perf raw n=204 total_us=3359 rebuild_us=189 layout_us=0 paint_us=89 encode_us=17 acquire_us=100 submit_us=2961 skipped=0 gpu_q=1 gpu_total_us=712 gpu_prepass_us=0 gpu_main_us=712 gpu_composite_us=0 gpu_blit_us=0
frust_shell_common::perf: frust-perf raw n=205 total_us=3404 rebuild_us=193 layout_us=0 paint_us=91 encode_us=16 acquire_us=116 submit_us=2985 skipped=0 gpu_q=1 gpu_total_us=695 gpu_prepass_us=0 gpu_main_us=695 gpu_composite_us=0 gpu_blit_us=0
frust_shell_common::perf: frust-perf raw n=206 total_us=3440 rebuild_us=186 layout_us=0 paint_us=90 encode_us=18 acquire_us=119 submit_us=3025 skipped=0 gpu_q=1 gpu_total_us=692 gpu_prepass_us=0 gpu_main_us=692 gpu_composite_us=0 gpu_blit_us=0
frust_shell_common::perf: frust-perf raw n=207 total_us=3382 rebuild_us=182 layout_us=0 paint_us=83 encode_us=114 acquire_us=109 submit_us=2891 skipped=0 gpu_q=1 gpu_total_us=727 gpu_prepass_us=0 gpu_main_us=727 gpu_composite_us=0 gpu_blit_us=0
frust_shell_common::perf: frust-perf raw n=208 total_us=3449 rebuild_us=255 layout_us=0 paint_us=89 encode_us=13 acquire_us=115 submit_us=2975 skipped=0 gpu_q=1 gpu_total_us=689 gpu_prepass_us=0 gpu_main_us=689 gpu_composite_us=0 gpu_blit_us=0
frust_shell_common::perf: frust-perf raw n=209 total_us=3132 rebuild_us=179 layout_us=0 paint_us=82 encode_us=13 acquire_us=95 submit_us=2761 skipped=0 gpu_q=1 gpu_total_us=700 gpu_prepass_us=0 gpu_main_us=700 gpu_composite_us=0 gpu_blit_us=0
frust_shell_common::perf: frust-perf raw n=210 total_us=3323 rebuild_us=177 layout_us=0 paint_us=87 encode_us=13 acquire_us=104 submit_us=2940 skipped=0 gpu_q=1 gpu_total_us=718 gpu_prepass_us=0 gpu_main_us=718 gpu_composite_us=0 gpu_blit_us=0
frust_shell_common::perf: frust-perf raw n=211 total_us=3514 rebuild_us=184 layout_us=0 paint_us=94 encode_us=18 acquire_us=122 submit_us=3094 skipped=0 gpu_q=1 gpu_total_us=682 gpu_prepass_us=0 gpu_main_us=682 gpu_composite_us=0 gpu_blit_us=0
frust_shell_common::perf: frust-perf raw n=212 total_us=3402 rebuild_us=185 layout_us=0 paint_us=91 encode_us=17 acquire_us=103 submit_us=3004 skipped=0 gpu_q=1 gpu_total_us=703 gpu_prepass_us=0 gpu_main_us=703 gpu_composite_us=0 gpu_blit_us=0
frust_shell_common::perf: frust-perf raw n=213 total_us=3538 rebuild_us=185 layout_us=0 paint_us=89 encode_us=13 acquire_us=106 submit_us=3142 skipped=0 gpu_q=1 gpu_total_us=712 gpu_prepass_us=0 gpu_main_us=712 gpu_composite_us=0 gpu_blit_us=0
frust_shell_common::perf: frust-perf raw n=214 total_us=3348 rebuild_us=184 layout_us=0 paint_us=87 encode_us=13 acquire_us=107 submit_us=2955 skipped=0 gpu_q=1 gpu_total_us=700 gpu_prepass_us=0 gpu_main_us=700 gpu_composite_us=0 gpu_blit_us=0
frust_shell_common::perf: frust-perf raw n=215 total_us=3378 rebuild_us=187 layout_us=0 paint_us=84 encode_us=13 acquire_us=101 submit_us=2991 skipped=0 gpu_q=1 gpu_total_us=707 gpu_prepass_us=0 gpu_main_us=707 gpu_composite_us=0 gpu_blit_us=0
frust_shell_common::perf: frust-perf raw n=216 total_us=3390 rebuild_us=184 layout_us=0 paint_us=83 encode_us=14 acquire_us=97 submit_us=3011 skipped=0 gpu_q=1 gpu_total_us=707 gpu_prepass_us=0 gpu_main_us=707 gpu_composite_us=0 gpu_blit_us=0
frust_shell_common::perf: frust-perf raw n=217 total_us=3441 rebuild_us=188 layout_us=0 paint_us=88 encode_us=13 acquire_us=104 submit_us=3045 skipped=0 gpu_q=1 gpu_total_us=710 gpu_prepass_us=0 gpu_main_us=710 gpu_composite_us=0 gpu_blit_us=0
frust_shell_common::perf: frust-perf raw n=218 total_us=3478 rebuild_us=179 layout_us=0 paint_us=82 encode_us=14 acquire_us=95 submit_us=3107 skipped=0 gpu_q=1 gpu_total_us=704 gpu_prepass_us=0 gpu_main_us=704 gpu_composite_us=0 gpu_blit_us=0
frust_shell_common::perf: frust-perf raw n=219 total_us=3479 rebuild_us=189 layout_us=0 paint_us=87 encode_us=14 acquire_us=105 submit_us=3082 skipped=0 gpu_q=1 gpu_total_us=691 gpu_prepass_us=0 gpu_main_us=691 gpu_composite_us=0 gpu_blit_us=0
frust_shell_common::perf: frust-perf raw n=220 total_us=3416 rebuild_us=186 layout_us=0 paint_us=85 encode_us=15 acquire_us=100 submit_us=3027 skipped=0 gpu_q=1 gpu_total_us=693 gpu_prepass_us=0 gpu_main_us=693 gpu_composite_us=0 gpu_blit_us=0
frust_shell_common::perf: frust-perf raw n=221 total_us=3487 rebuild_us=188 layout_us=0 paint_us=88 encode_us=15 acquire_us=101 submit_us=3093 skipped=0 gpu_q=1 gpu_total_us=681 gpu_prepass_us=0 gpu_main_us=681 gpu_composite_us=0 gpu_blit_us=0
frust_shell_common::perf: frust-perf raw n=222 total_us=3557 rebuild_us=188 layout_us=0 paint_us=86 encode_us=14 acquire_us=106 submit_us=3161 skipped=0 gpu_q=1 gpu_total_us=704 gpu_prepass_us=0 gpu_main_us=704 gpu_composite_us=0 gpu_blit_us=0
frust_shell_common::perf: frust-perf raw n=223 total_us=3466 rebuild_us=188 layout_us=0 paint_us=89 encode_us=14 acquire_us=104 submit_us=3068 skipped=0 gpu_q=1 gpu_total_us=714 gpu_prepass_us=0 gpu_main_us=714 gpu_composite_us=0 gpu_blit_us=0
frust_shell_common::perf: frust-perf raw n=224 total_us=3263 rebuild_us=200 layout_us=0 paint_us=95 encode_us=14 acquire_us=110 submit_us=2843 skipped=0 gpu_q=1 gpu_total_us=711 gpu_prepass_us=0 gpu_main_us=711 gpu_composite_us=0 gpu_blit_us=0
frust_shell_common::perf: frust-perf raw n=225 total_us=3727 rebuild_us=294 layout_us=0 paint_us=102 encode_us=17 acquire_us=121 submit_us=3190 skipped=0 gpu_q=1 gpu_total_us=720 gpu_prepass_us=0 gpu_main_us=720 gpu_composite_us=0 gpu_blit_us=0
frust_shell_common::perf: frust-perf raw n=226 total_us=2942 rebuild_us=162 layout_us=0 paint_us=75 encode_us=13 acquire_us=102 submit_us=2588 skipped=0 gpu_q=1 gpu_total_us=714 gpu_prepass_us=0 gpu_main_us=714 gpu_composite_us=0 gpu_blit_us=0
frust_shell_common::perf: frust-perf raw n=227 total_us=2385 rebuild_us=146 layout_us=0 paint_us=66 encode_us=11 acquire_us=81 submit_us=2079 skipped=0 gpu_q=1 gpu_total_us=703 gpu_prepass_us=0 gpu_main_us=703 gpu_composite_us=0 gpu_blit_us=0
frust_shell_common::perf: frust-perf raw n=228 total_us=2359 rebuild_us=132 layout_us=0 paint_us=63 encode_us=12 acquire_us=78 submit_us=2072 skipped=0 gpu_q=1 gpu_total_us=698 gpu_prepass_us=0 gpu_main_us=698 gpu_composite_us=0 gpu_blit_us=0
frust_shell_common::perf: frust-perf raw n=229 total_us=2347 rebuild_us=126 layout_us=0 paint_us=59 encode_us=10 acquire_us=85 submit_us=2065 skipped=0 gpu_q=1 gpu_total_us=673 gpu_prepass_us=0 gpu_main_us=673 gpu_composite_us=0 gpu_blit_us=0
frust_shell_android::app::frame: frust-perf platform-view tail depth=0 target=0 acquire_bound=false frame=240 expected_present_us=0 acquire_us=91 period_us=8238
frust_shell_common::perf: frust-perf raw n=230 total_us=2814 rebuild_us=129 layout_us=0 paint_us=62 encode_us=12 acquire_us=83 submit_us=2526 skipped=0 gpu_q=1 gpu_total_us=711 gpu_prepass_us=0 gpu_main_us=711 gpu_composite_us=0 gpu_blit_us=0
frust_shell_common::perf: frust-perf raw n=231 total_us=2774 rebuild_us=131 layout_us=0 paint_us=63 encode_us=11 acquire_us=84 submit_us=2482 skipped=0 gpu_q=1 gpu_total_us=738 gpu_prepass_us=0 gpu_main_us=738 gpu_composite_us=0 gpu_blit_us=0
frust_shell_common::perf: frust-perf raw n=232 total_us=3193 rebuild_us=176 layout_us=0 paint_us=85 encode_us=16 acquire_us=99 submit_us=2814 skipped=0 gpu_q=1 gpu_total_us=689 gpu_prepass_us=0 gpu_main_us=689 gpu_composite_us=0 gpu_blit_us=0
frust_shell_common::perf: frust-perf raw n=233 total_us=3331 rebuild_us=181 layout_us=0 paint_us=86 encode_us=14 acquire_us=106 submit_us=2943 skipped=0 gpu_q=1 gpu_total_us=729 gpu_prepass_us=0 gpu_main_us=729 gpu_composite_us=0 gpu_blit_us=0
frust_shell_common::perf: frust-perf raw n=234 total_us=6742 rebuild_us=182 layout_us=0 paint_us=87 encode_us=41 acquire_us=233 submit_us=6196 skipped=0 gpu_q=1 gpu_total_us=683 gpu_prepass_us=0 gpu_main_us=683 gpu_composite_us=0 gpu_blit_us=0
frust_shell_common::perf: frust-perf raw n=235 total_us=3403 rebuild_us=119 layout_us=0 paint_us=59 encode_us=21 acquire_us=164 submit_us=3038 skipped=0 gpu_q=1 gpu_total_us=695 gpu_prepass_us=0 gpu_main_us=695 gpu_composite_us=0 gpu_blit_us=0
frust_shell_common::perf: frust-perf raw n=236 total_us=3390 rebuild_us=182 layout_us=0 paint_us=86 encode_us=16 acquire_us=104 submit_us=2999 skipped=0 gpu_q=1 gpu_total_us=704 gpu_prepass_us=0 gpu_main_us=704 gpu_composite_us=0 gpu_blit_us=0
frust_shell_common::perf: frust-perf raw n=237 total_us=3458 rebuild_us=196 layout_us=0 paint_us=96 encode_us=14 acquire_us=106 submit_us=3043 skipped=0 gpu_q=1 gpu_total_us=697 gpu_prepass_us=0 gpu_main_us=697 gpu_composite_us=0 gpu_blit_us=0
frust_shell_common::perf: frust-perf raw n=238 total_us=3458 rebuild_us=184 layout_us=0 paint_us=88 encode_us=14 acquire_us=115 submit_us=3054 skipped=0 gpu_q=1 gpu_total_us=663 gpu_prepass_us=0 gpu_main_us=663 gpu_composite_us=0 gpu_blit_us=0
frust_shell_common::perf: frust-perf raw n=239 total_us=3363 rebuild_us=190 layout_us=0 paint_us=94 encode_us=15 acquire_us=104 submit_us=2959 skipped=0 gpu_q=1 gpu_total_us=704 gpu_prepass_us=0 gpu_main_us=704 gpu_composite_us=0 gpu_blit_us=0
frust_engine::renderer: frust-perf enc n=240 w=60 validate_us=3.4 prepare_us=3.3 classify_us=12.2 admit_us=0.3 walk_us=500.9 glyphs_us=214.2 finish_us=2.5 compile_us=523.8 schedule_us=4.0 paints_us=13.4 instances_us=30.2 resize_us=3.1 upload_us=208.5 replay_us=0.3 pipelines_us=17.4 record_us=31.9 total_us=831.8 total_p95_us=1560.0 draws=46 strips=1073 alphas=28576 glyph_draws=36 atlas_glyphs=36
frust_shell_common::perf: frust-perf raw n=240 total_us=3611 rebuild_us=185 layout_us=0 paint_us=88 encode_us=14 acquire_us=110 submit_us=3210 skipped=0 gpu_q=1 gpu_total_us=693 gpu_prepass_us=0 gpu_main_us=693 gpu_composite_us=0 gpu_blit_us=0
frust_shell_common::perf: frust-perf raw n=241 total_us=3486 rebuild_us=196 layout_us=0 paint_us=180 encode_us=14 acquire_us=105 submit_us=2989 skipped=0 gpu_q=1 gpu_total_us=718 gpu_prepass_us=0 gpu_main_us=718 gpu_composite_us=0 gpu_blit_us=0
frust_shell_common::perf: frust-perf raw n=242 total_us=3417 rebuild_us=312 layout_us=0 paint_us=96 encode_us=15 acquire_us=109 submit_us=2883 skipped=0 gpu_q=1 gpu_total_us=728 gpu_prepass_us=0 gpu_main_us=728 gpu_composite_us=0 gpu_blit_us=0
frust_shell_common::perf: frust-perf raw n=243 total_us=5469 rebuild_us=183 layout_us=0 paint_us=85 encode_us=37 acquire_us=176 submit_us=4985 skipped=0 gpu_q=1 gpu_total_us=687 gpu_prepass_us=0 gpu_main_us=687 gpu_composite_us=0 gpu_blit_us=0
frust_shell_common::perf: frust-perf raw n=244 total_us=4530 rebuild_us=113 layout_us=0 paint_us=52 encode_us=24 acquire_us=173 submit_us=4165 skipped=0 gpu_q=1 gpu_total_us=735 gpu_prepass_us=0 gpu_main_us=735 gpu_composite_us=0 gpu_blit_us=0
frust_shell_common::perf: frust-perf raw n=245 total_us=3336 rebuild_us=90 layout_us=0 paint_us=45 encode_us=17 acquire_us=99 submit_us=3082 skipped=0 gpu_q=1 gpu_total_us=766 gpu_prepass_us=0 gpu_main_us=766 gpu_composite_us=0 gpu_blit_us=0
frust_shell_common::perf: frust-perf raw n=246 total_us=4066 rebuild_us=99 layout_us=0 paint_us=54 encode_us=22 acquire_us=101 submit_us=3788 skipped=0 gpu_q=1 gpu_total_us=751 gpu_prepass_us=0 gpu_main_us=751 gpu_composite_us=0 gpu_blit_us=0
frust_shell_common::perf: frust-perf raw n=247 total_us=4490 rebuild_us=112 layout_us=0 paint_us=55 encode_us=24 acquire_us=121 submit_us=4176 skipped=0 gpu_q=1 gpu_total_us=712 gpu_prepass_us=0 gpu_main_us=712 gpu_composite_us=0 gpu_blit_us=0
frust_shell_common::perf: frust-perf raw n=248 total_us=6086 rebuild_us=138 layout_us=0 paint_us=68 encode_us=30 acquire_us=149 submit_us=5699 skipped=0 gpu_q=1 gpu_total_us=705 gpu_prepass_us=0 gpu_main_us=705 gpu_composite_us=0 gpu_blit_us=0
frust_shell_common::perf: frust-perf raw n=249 total_us=6440 rebuild_us=135 layout_us=0 paint_us=65 encode_us=30 acquire_us=187 submit_us=6021 skipped=0 gpu_q=1 gpu_total_us=736 gpu_prepass_us=0 gpu_main_us=736 gpu_composite_us=0 gpu_blit_us=0
frust_shell_common::perf: frust-perf raw n=250 total_us=5719 rebuild_us=136 layout_us=0 paint_us=66 encode_us=32 acquire_us=140 submit_us=5343 skipped=0 gpu_q=1 gpu_total_us=744 gpu_prepass_us=0 gpu_main_us=744 gpu_composite_us=0 gpu_blit_us=0
frust_shell_common::perf: frust-perf raw n=251 total_us=4506 rebuild_us=122 layout_us=0 paint_us=60 encode_us=27 acquire_us=125 submit_us=4170 skipped=0 gpu_q=1 gpu_total_us=696 gpu_prepass_us=0 gpu_main_us=696 gpu_composite_us=0 gpu_blit_us=0
frust_shell_common::perf: frust-perf raw n=252 total_us=4353 rebuild_us=111 layout_us=0 paint_us=52 encode_us=27 acquire_us=115 submit_us=4046 skipped=0 gpu_q=1 gpu_total_us=708 gpu_prepass_us=0 gpu_main_us=708 gpu_composite_us=0 gpu_blit_us=0
frust_shell_common::perf: frust-perf raw n=253 total_us=4523 rebuild_us=114 layout_us=0 paint_us=55 encode_us=20 acquire_us=124 submit_us=4208 skipped=0 gpu_q=1 gpu_total_us=706 gpu_prepass_us=0 gpu_main_us=706 gpu_composite_us=0 gpu_blit_us=0
frust_shell_common::perf: frust-perf raw n=254 total_us=4675 rebuild_us=125 layout_us=0 paint_us=63 encode_us=30 acquire_us=146 submit_us=4309 skipped=0 gpu_q=1 gpu_total_us=705 gpu_prepass_us=0 gpu_main_us=705 gpu_composite_us=0 gpu_blit_us=0
frust_shell_common::perf: frust-perf raw n=255 total_us=4326 rebuild_us=105 layout_us=0 paint_us=52 encode_us=24 acquire_us=116 submit_us=4026 skipped=0 gpu_q=1 gpu_total_us=725 gpu_prepass_us=0 gpu_main_us=725 gpu_composite_us=0 gpu_blit_us=0
frust_shell_common::perf: frust-perf raw n=256 total_us=4285 rebuild_us=114 layout_us=0 paint_us=56 encode_us=26 acquire_us=124 submit_us=3964 skipped=0 gpu_q=1 gpu_total_us=728 gpu_prepass_us=0 gpu_main_us=728 gpu_composite_us=0 gpu_blit_us=0
frust_shell_common::perf: frust-perf raw n=257 total_us=5341 rebuild_us=116 layout_us=0 paint_us=53 encode_us=25 acquire_us=127 submit_us=5018 skipped=0 gpu_q=1 gpu_total_us=704 gpu_prepass_us=0 gpu_main_us=704 gpu_composite_us=0 gpu_blit_us=0
frust_shell_common::perf: frust-perf raw n=258 total_us=3308 rebuild_us=115 layout_us=0 paint_us=56 encode_us=21 acquire_us=154 submit_us=2961 skipped=0 gpu_q=1 gpu_total_us=712 gpu_prepass_us=0 gpu_main_us=712 gpu_composite_us=0 gpu_blit_us=0
frust_shell_common::perf: frust-perf raw n=259 total_us=3531 rebuild_us=167 layout_us=0 paint_us=245 encode_us=13 acquire_us=106 submit_us=2996 skipped=0 gpu_q=1 gpu_total_us=725 gpu_prepass_us=0 gpu_main_us=725 gpu_composite_us=0 gpu_blit_us=0
frust_shell_common::perf: frust-perf raw n=260 total_us=3257 rebuild_us=187 layout_us=0 paint_us=85 encode_us=16 acquire_us=112 submit_us=2855 skipped=0 gpu_q=1 gpu_total_us=708 gpu_prepass_us=0 gpu_main_us=708 gpu_composite_us=0 gpu_blit_us=0
frust_shell_common::perf: frust-perf raw n=261 total_us=3557 rebuild_us=209 layout_us=0 paint_us=87 encode_us=18 acquire_us=107 submit_us=3133 skipped=0 gpu_q=1 gpu_total_us=700 gpu_prepass_us=0 gpu_main_us=700 gpu_composite_us=0 gpu_blit_us=0
frust_shell_common::perf: frust-perf raw n=262 total_us=3663 rebuild_us=152 layout_us=0 paint_us=71 encode_us=17 acquire_us=117 submit_us=3305 skipped=0 gpu_q=1 gpu_total_us=751 gpu_prepass_us=0 gpu_main_us=751 gpu_composite_us=0 gpu_blit_us=0
frust_shell_common::perf: frust-perf raw n=263 total_us=5144 rebuild_us=144 layout_us=0 paint_us=70 encode_us=22 acquire_us=128 submit_us=4777 skipped=0 gpu_q=1 gpu_total_us=744 gpu_prepass_us=0 gpu_main_us=744 gpu_composite_us=0 gpu_blit_us=0
frust_shell_common::perf: frust-perf raw n=264 total_us=4601 rebuild_us=141 layout_us=0 paint_us=63 encode_us=19 acquire_us=131 submit_us=4244 skipped=0 gpu_q=1 gpu_total_us=753 gpu_prepass_us=0 gpu_main_us=753 gpu_composite_us=0 gpu_blit_us=0
frust_shell_common::perf: frust-perf raw n=265 total_us=3411 rebuild_us=144 layout_us=0 paint_us=62 encode_us=20 acquire_us=130 submit_us=3053 skipped=0 gpu_q=1 gpu_total_us=760 gpu_prepass_us=0 gpu_main_us=760 gpu_composite_us=0 gpu_blit_us=0
frust_shell_common::perf: frust-perf raw n=266 total_us=3482 rebuild_us=152 layout_us=0 paint_us=68 encode_us=21 acquire_us=136 submit_us=3102 skipped=0 gpu_q=1 gpu_total_us=797 gpu_prepass_us=0 gpu_main_us=797 gpu_composite_us=0 gpu_blit_us=0
frust_shell_common::perf: frust-perf raw n=267 total_us=3363 rebuild_us=142 layout_us=0 paint_us=62 encode_us=19 acquire_us=123 submit_us=3016 skipped=0 gpu_q=1 gpu_total_us=749 gpu_prepass_us=0 gpu_main_us=749 gpu_composite_us=0 gpu_blit_us=0
frust_shell_common::perf: frust-perf raw n=268 total_us=3528 rebuild_us=153 layout_us=0 paint_us=65 encode_us=21 acquire_us=164 submit_us=3123 skipped=0 gpu_q=1 gpu_total_us=692 gpu_prepass_us=0 gpu_main_us=692 gpu_composite_us=0 gpu_blit_us=0
frust_shell_common::perf: frust-perf raw n=269 total_us=1860 rebuild_us=145 layout_us=0 paint_us=68 encode_us=12 acquire_us=68 submit_us=1565 skipped=0 gpu_q=1 gpu_total_us=700 gpu_prepass_us=0 gpu_main_us=700 gpu_composite_us=0 gpu_blit_us=0
frust_shell_common::perf: frust-perf raw n=270 total_us=1955 rebuild_us=151 layout_us=0 paint_us=66 encode_us=9 acquire_us=72 submit_us=1655 skipped=0 gpu_q=1 gpu_total_us=714 gpu_prepass_us=0 gpu_main_us=714 gpu_composite_us=0 gpu_blit_us=0
frust_shell_common::perf: frust-perf raw n=271 total_us=2788 rebuild_us=127 layout_us=0 paint_us=62 encode_us=12 acquire_us=97 submit_us=2486 skipped=0 gpu_q=1 gpu_total_us=698 gpu_prepass_us=0 gpu_main_us=698 gpu_composite_us=0 gpu_blit_us=0
frust_shell_common::perf: frust-perf raw n=272 total_us=3214 rebuild_us=134 layout_us=0 paint_us=66 encode_us=14 acquire_us=105 submit_us=2893 skipped=0 gpu_q=1 gpu_total_us=706 gpu_prepass_us=0 gpu_main_us=706 gpu_composite_us=0 gpu_blit_us=0
frust_shell_common::perf: frust-perf raw n=273 total_us=3252 rebuild_us=136 layout_us=0 paint_us=59 encode_us=13 acquire_us=96 submit_us=2946 skipped=0 gpu_q=1 gpu_total_us=695 gpu_prepass_us=0 gpu_main_us=695 gpu_composite_us=0 gpu_blit_us=0
frust_shell_common::perf: frust-perf raw n=274 total_us=3231 rebuild_us=140 layout_us=0 paint_us=58 encode_us=15 acquire_us=108 submit_us=2907 skipped=0 gpu_q=1 gpu_total_us=714 gpu_prepass_us=0 gpu_main_us=714 gpu_composite_us=0 gpu_blit_us=0
frust_shell_common::perf: frust-perf raw n=275 total_us=2664 rebuild_us=132 layout_us=0 paint_us=59 encode_us=16 acquire_us=130 submit_us=2324 skipped=0 gpu_q=1 gpu_total_us=722 gpu_prepass_us=0 gpu_main_us=722 gpu_composite_us=0 gpu_blit_us=0
frust_shell_common::perf: frust-perf raw n=276 total_us=2207 rebuild_us=131 layout_us=0 paint_us=64 encode_us=14 acquire_us=86 submit_us=1909 skipped=0 gpu_q=1 gpu_total_us=738 gpu_prepass_us=0 gpu_main_us=738 gpu_composite_us=0 gpu_blit_us=0
frust_shell_common::perf: frust-perf raw n=277 total_us=3144 rebuild_us=125 layout_us=0 paint_us=56 encode_us=14 acquire_us=107 submit_us=2839 skipped=0 gpu_q=1 gpu_total_us=744 gpu_prepass_us=0 gpu_main_us=744 gpu_composite_us=0 gpu_blit_us=0
frust_shell_common::perf: frust-perf raw n=278 total_us=3208 rebuild_us=250 layout_us=0 paint_us=56 encode_us=15 acquire_us=106 submit_us=2780 skipped=0 gpu_q=1 gpu_total_us=740 gpu_prepass_us=0 gpu_main_us=740 gpu_composite_us=0 gpu_blit_us=0
frust_shell_common::perf: frust-perf raw n=279 total_us=3057 rebuild_us=129 layout_us=0 paint_us=57 encode_us=13 acquire_us=104 submit_us=2751 skipped=0 gpu_q=1 gpu_total_us=700 gpu_prepass_us=0 gpu_main_us=700 gpu_composite_us=0 gpu_blit_us=0
frust_shell_common::perf: frust-perf raw n=280 total_us=3027 rebuild_us=129 layout_us=0 paint_us=59 encode_us=13 acquire_us=103 submit_us=2721 skipped=0 gpu_q=1 gpu_total_us=700 gpu_prepass_us=0 gpu_main_us=700 gpu_composite_us=0 gpu_blit_us=0
frust_shell_common::perf: frust-perf raw n=281 total_us=1977 rebuild_us=121 layout_us=0 paint_us=54 encode_us=11 acquire_us=99 submit_us=1691 skipped=0 gpu_q=1 gpu_total_us=710 gpu_prepass_us=0 gpu_main_us=710 gpu_composite_us=0 gpu_blit_us=0
frust_shell_common::perf: frust-perf raw n=282 total_us=3497 rebuild_us=519 layout_us=0 paint_us=56 encode_us=18 acquire_us=107 submit_us=2795 skipped=0 gpu_q=1 gpu_total_us=701 gpu_prepass_us=0 gpu_main_us=701 gpu_composite_us=0 gpu_blit_us=0
frust_shell_common::perf: frust-perf raw n=283 total_us=3171 rebuild_us=145 layout_us=0 paint_us=61 encode_us=17 acquire_us=117 submit_us=2828 skipped=0 gpu_q=1 gpu_total_us=701 gpu_prepass_us=0 gpu_main_us=701 gpu_composite_us=0 gpu_blit_us=0
frust_shell_common::perf: frust-perf raw n=284 total_us=4153 rebuild_us=136 layout_us=0 paint_us=65 encode_us=19 acquire_us=115 submit_us=3816 skipped=0 gpu_q=1 gpu_total_us=700 gpu_prepass_us=0 gpu_main_us=700 gpu_composite_us=0 gpu_blit_us=0
frust_shell_common::perf: frust-perf raw n=285 total_us=4258 rebuild_us=134 layout_us=0 paint_us=64 encode_us=23 acquire_us=124 submit_us=3911 skipped=0 gpu_q=1 gpu_total_us=704 gpu_prepass_us=0 gpu_main_us=704 gpu_composite_us=0 gpu_blit_us=0
frust_shell_common::perf: frust-perf raw n=286 total_us=4053 rebuild_us=137 layout_us=0 paint_us=59 encode_us=19 acquire_us=128 submit_us=3707 skipped=0 gpu_q=1 gpu_total_us=736 gpu_prepass_us=0 gpu_main_us=736 gpu_composite_us=0 gpu_blit_us=0
frust_shell_common::perf: frust-perf raw n=287 total_us=3264 rebuild_us=135 layout_us=0 paint_us=60 encode_us=20 acquire_us=127 submit_us=2919 skipped=0 gpu_q=1 gpu_total_us=727 gpu_prepass_us=0 gpu_main_us=727 gpu_composite_us=0 gpu_blit_us=0
frust_shell_common::perf: frust-perf raw n=288 total_us=2908 rebuild_us=137 layout_us=0 paint_us=60 encode_us=17 acquire_us=112 submit_us=2580 skipped=0 gpu_q=1 gpu_total_us=717 gpu_prepass_us=0 gpu_main_us=717 gpu_composite_us=0 gpu_blit_us=0
frust_shell_common::perf: frust-perf raw n=289 total_us=3186 rebuild_us=132 layout_us=0 paint_us=63 encode_us=12 acquire_us=99 submit_us=2878 skipped=0 gpu_q=1 gpu_total_us=719 gpu_prepass_us=0 gpu_main_us=719 gpu_composite_us=0 gpu_blit_us=0
frust_shell_common::perf: frust-perf raw n=290 total_us=3192 rebuild_us=135 layout_us=0 paint_us=62 encode_us=12 acquire_us=100 submit_us=2880 skipped=0 gpu_q=1 gpu_total_us=726 gpu_prepass_us=0 gpu_main_us=726 gpu_composite_us=0 gpu_blit_us=0
frust_shell_common::perf: frust-perf raw n=291 total_us=3211 rebuild_us=140 layout_us=0 paint_us=60 encode_us=15 acquire_us=104 submit_us=2891 skipped=0 gpu_q=1 gpu_total_us=727 gpu_prepass_us=0 gpu_main_us=727 gpu_composite_us=0 gpu_blit_us=0
frust_shell_common::perf: frust-perf raw n=292 total_us=3366 rebuild_us=141 layout_us=0 paint_us=67 encode_us=13 acquire_us=108 submit_us=3034 skipped=0 gpu_q=1 gpu_total_us=721 gpu_prepass_us=0 gpu_main_us=721 gpu_composite_us=0 gpu_blit_us=0
frust_shell_common::perf: frust-perf raw n=293 total_us=3066 rebuild_us=138 layout_us=0 paint_us=59 encode_us=12 acquire_us=109 submit_us=2745 skipped=0 gpu_q=1 gpu_total_us=721 gpu_prepass_us=0 gpu_main_us=721 gpu_composite_us=0 gpu_blit_us=0
frust_shell_common::perf: frust-perf raw n=294 total_us=2871 rebuild_us=139 layout_us=0 paint_us=61 encode_us=13 acquire_us=107 submit_us=2548 skipped=0 gpu_q=1 gpu_total_us=729 gpu_prepass_us=0 gpu_main_us=729 gpu_composite_us=0 gpu_blit_us=0
frust_shell_common::perf: frust-perf raw n=295 total_us=3221 rebuild_us=158 layout_us=0 paint_us=73 encode_us=18 acquire_us=116 submit_us=2853 skipped=0 gpu_q=1 gpu_total_us=726 gpu_prepass_us=0 gpu_main_us=726 gpu_composite_us=0 gpu_blit_us=0
frust_shell_common::perf: frust-perf raw n=296 total_us=5549 rebuild_us=165 layout_us=0 paint_us=68 encode_us=24 acquire_us=166 submit_us=5124 skipped=0 gpu_q=1 gpu_total_us=727 gpu_prepass_us=0 gpu_main_us=727 gpu_composite_us=0 gpu_blit_us=0
frust_shell_common::perf: frust-perf raw n=297 total_us=4271 rebuild_us=142 layout_us=0 paint_us=66 encode_us=23 acquire_us=116 submit_us=3921 skipped=0 gpu_q=1 gpu_total_us=737 gpu_prepass_us=0 gpu_main_us=737 gpu_composite_us=0 gpu_blit_us=0
frust_shell_common::perf: frust-perf raw n=298 total_us=4430 rebuild_us=142 layout_us=0 paint_us=67 encode_us=19 acquire_us=125 submit_us=4074 skipped=0 gpu_q=1 gpu_total_us=727 gpu_prepass_us=0 gpu_main_us=727 gpu_composite_us=0 gpu_blit_us=0
frust_shell_common::perf: frust-perf raw n=299 total_us=3635 rebuild_us=131 layout_us=0 paint_us=58 encode_us=19 acquire_us=122 submit_us=3304 skipped=0 gpu_q=1 gpu_total_us=716 gpu_prepass_us=0 gpu_main_us=716 gpu_composite_us=0 gpu_blit_us=0
frust_engine::renderer: frust-perf enc n=300 w=60 validate_us=3.7 prepare_us=3.8 classify_us=14.4 admit_us=0.4 walk_us=524.8 glyphs_us=226.1 finish_us=2.7 compile_us=550.1 schedule_us=4.5 paints_us=15.6 instances_us=31.7 resize_us=3.6 upload_us=219.6 replay_us=0.3 pipelines_us=21.1 record_us=35.4 total_us=911.1 total_p95_us=1658.9 draws=46 strips=1073 alphas=28576 glyph_draws=36 atlas_glyphs=36
frust_shell_common::perf: frust-perf raw n=300 total_us=4108 rebuild_us=126 layout_us=0 paint_us=58 encode_us=24 acquire_us=110 submit_us=3788 skipped=0 gpu_q=1 gpu_total_us=725 gpu_prepass_us=0 gpu_main_us=725 gpu_composite_us=0 gpu_blit_us=0
frust_shell_common::perf: frust-perf raw n=301 total_us=3922 rebuild_us=112 layout_us=0 paint_us=53 encode_us=22 acquire_us=114 submit_us=3618 skipped=0 gpu_q=1 gpu_total_us=727 gpu_prepass_us=0 gpu_main_us=727 gpu_composite_us=0 gpu_blit_us=0
frust_shell_common::perf: frust-perf raw n=302 total_us=4602 rebuild_us=121 layout_us=0 paint_us=56 encode_us=26 acquire_us=128 submit_us=4269 skipped=0 gpu_q=1 gpu_total_us=720 gpu_prepass_us=0 gpu_main_us=720 gpu_composite_us=0 gpu_blit_us=0
frust_shell_common::perf: frust-perf raw n=303 total_us=4552 rebuild_us=128 layout_us=0 paint_us=57 encode_us=29 acquire_us=157 submit_us=4178 skipped=0 gpu_q=1 gpu_total_us=731 gpu_prepass_us=0 gpu_main_us=731 gpu_composite_us=0 gpu_blit_us=0
frust_shell_common::perf: frust-perf raw n=304 total_us=4212 rebuild_us=116 layout_us=0 paint_us=57 encode_us=24 acquire_us=110 submit_us=3903 skipped=0 gpu_q=1 gpu_total_us=730 gpu_prepass_us=0 gpu_main_us=730 gpu_composite_us=0 gpu_blit_us=0
frust_shell_common::perf: frust-perf raw n=305 total_us=4342 rebuild_us=109 layout_us=0 paint_us=48 encode_us=21 acquire_us=118 submit_us=4044 skipped=0 gpu_q=1 gpu_total_us=718 gpu_prepass_us=0 gpu_main_us=718 gpu_composite_us=0 gpu_blit_us=0
frust_shell_common::perf: frust-perf raw n=306 total_us=3021 rebuild_us=104 layout_us=0 paint_us=52 encode_us=19 acquire_us=160 submit_us=2685 skipped=0 gpu_q=1 gpu_total_us=692 gpu_prepass_us=0 gpu_main_us=692 gpu_composite_us=0 gpu_blit_us=0
frust_shell_common::perf: frust-perf raw n=307 total_us=3433 rebuild_us=187 layout_us=0 paint_us=83 encode_us=16 acquire_us=108 submit_us=3037 skipped=0 gpu_q=1 gpu_total_us=693 gpu_prepass_us=0 gpu_main_us=693 gpu_composite_us=0 gpu_blit_us=0
frust_shell_common::perf: frust-perf raw n=308 total_us=3536 rebuild_us=195 layout_us=0 paint_us=90 encode_us=17 acquire_us=107 submit_us=3125 skipped=0 gpu_q=1 gpu_total_us=735 gpu_prepass_us=0 gpu_main_us=735 gpu_composite_us=0 gpu_blit_us=0
frust_shell_common::perf: frust-perf raw n=309 total_us=3419 rebuild_us=199 layout_us=0 paint_us=94 encode_us=14 acquire_us=115 submit_us=2995 skipped=0 gpu_q=1 gpu_total_us=708 gpu_prepass_us=0 gpu_main_us=708 gpu_composite_us=0 gpu_blit_us=0
frust_shell_common::perf: frust-perf raw n=310 total_us=3474 rebuild_us=327 layout_us=0 paint_us=94 encode_us=17 acquire_us=107 submit_us=2927 skipped=0 gpu_q=1 gpu_total_us=760 gpu_prepass_us=0 gpu_main_us=760 gpu_composite_us=0 gpu_blit_us=0
frust_shell_common::perf: frust-perf raw n=311 total_us=3174 rebuild_us=188 layout_us=0 paint_us=90 encode_us=16 acquire_us=100 submit_us=2777 skipped=0 gpu_q=1 gpu_total_us=741 gpu_prepass_us=0 gpu_main_us=741 gpu_composite_us=0 gpu_blit_us=0
frust_shell_common::perf: frust-perf raw n=312 total_us=7010 rebuild_us=187 layout_us=0 paint_us=94 encode_us=41 acquire_us=227 submit_us=6458 skipped=0 gpu_q=1 gpu_total_us=748 gpu_prepass_us=0 gpu_main_us=748 gpu_composite_us=0 gpu_blit_us=0
frust_shell_common::perf: frust-perf raw n=313 total_us=5603 rebuild_us=163 layout_us=0 paint_us=74 encode_us=35 acquire_us=164 submit_us=5164 skipped=0 gpu_q=1 gpu_total_us=744 gpu_prepass_us=0 gpu_main_us=744 gpu_composite_us=0 gpu_blit_us=0
frust_shell_common::perf: frust-perf raw n=314 total_us=4216 rebuild_us=116 layout_us=0 paint_us=61 encode_us=21 acquire_us=124 submit_us=3891 skipped=0 gpu_q=1 gpu_total_us=733 gpu_prepass_us=0 gpu_main_us=733 gpu_composite_us=0 gpu_blit_us=0
frust_shell_common::perf: frust-perf raw n=315 total_us=4295 rebuild_us=112 layout_us=0 paint_us=55 encode_us=23 acquire_us=130 submit_us=3973 skipped=0 gpu_q=1 gpu_total_us=721 gpu_prepass_us=0 gpu_main_us=721 gpu_composite_us=0 gpu_blit_us=0
frust_shell_common::perf: frust-perf raw n=316 total_us=4412 rebuild_us=107 layout_us=0 paint_us=51 encode_us=22 acquire_us=105 submit_us=4126 skipped=0 gpu_q=1 gpu_total_us=696 gpu_prepass_us=0 gpu_main_us=696 gpu_composite_us=0 gpu_blit_us=0
frust_shell_common::perf: frust-perf raw n=317 total_us=6082 rebuild_us=130 layout_us=0 paint_us=59 encode_us=27 acquire_us=176 submit_us=5688 skipped=0 gpu_q=1 gpu_total_us=692 gpu_prepass_us=0 gpu_main_us=692 gpu_composite_us=0 gpu_blit_us=0
frust_shell_common::perf: frust-perf raw n=318 total_us=5044 rebuild_us=137 layout_us=0 paint_us=65 encode_us=29 acquire_us=155 submit_us=4655 skipped=0 gpu_q=1 gpu_total_us=691 gpu_prepass_us=0 gpu_main_us=691 gpu_composite_us=0 gpu_blit_us=0
frust_shell_common::perf: frust-perf raw n=319 total_us=3372 rebuild_us=105 layout_us=0 paint_us=51 encode_us=19 acquire_us=160 submit_us=3035 skipped=0 gpu_q=1 gpu_total_us=705 gpu_prepass_us=0 gpu_main_us=705 gpu_composite_us=0 gpu_blit_us=0
frust_shell_common::perf: frust-perf raw n=320 total_us=3524 rebuild_us=173 layout_us=0 paint_us=82 encode_us=15 acquire_us=109 submit_us=3142 skipped=0 gpu_q=1 gpu_total_us=735 gpu_prepass_us=0 gpu_main_us=735 gpu_composite_us=0 gpu_blit_us=0
frust_shell_common::perf: frust-perf raw n=321 total_us=3645 rebuild_us=199 layout_us=0 paint_us=91 encode_us=20 acquire_us=107 submit_us=3226 skipped=0 gpu_q=1 gpu_total_us=704 gpu_prepass_us=0 gpu_main_us=704 gpu_composite_us=0 gpu_blit_us=0
frust_shell_common::perf: frust-perf raw n=322 total_us=3632 rebuild_us=205 layout_us=0 paint_us=92 encode_us=14 acquire_us=105 submit_us=3213 skipped=0 gpu_q=1 gpu_total_us=709 gpu_prepass_us=0 gpu_main_us=709 gpu_composite_us=0 gpu_blit_us=0
frust_shell_common::perf: frust-perf raw n=323 total_us=3433 rebuild_us=198 layout_us=0 paint_us=93 encode_us=13 acquire_us=101 submit_us=3026 skipped=0 gpu_q=1 gpu_total_us=753 gpu_prepass_us=0 gpu_main_us=753 gpu_composite_us=0 gpu_blit_us=0
frust_shell_common::perf: frust-perf raw n=324 total_us=3572 rebuild_us=186 layout_us=0 paint_us=88 encode_us=14 acquire_us=104 submit_us=3178 skipped=0 gpu_q=1 gpu_total_us=751 gpu_prepass_us=0 gpu_main_us=751 gpu_composite_us=0 gpu_blit_us=0
frust_shell_common::perf: frust-perf raw n=325 total_us=3423 rebuild_us=194 layout_us=0 paint_us=93 encode_us=14 acquire_us=155 submit_us=2966 skipped=0 gpu_q=1 gpu_total_us=726 gpu_prepass_us=0 gpu_main_us=726 gpu_composite_us=0 gpu_blit_us=0
frust_shell_common::perf: frust-perf raw n=326 total_us=3474 rebuild_us=195 layout_us=0 paint_us=198 encode_us=19 acquire_us=108 submit_us=2952 skipped=0 gpu_q=1 gpu_total_us=758 gpu_prepass_us=0 gpu_main_us=758 gpu_composite_us=0 gpu_blit_us=0
frust_shell_common::perf: frust-perf raw n=327 total_us=3449 rebuild_us=295 layout_us=0 paint_us=87 encode_us=13 acquire_us=108 submit_us=2944 skipped=0 gpu_q=1 gpu_total_us=759 gpu_prepass_us=0 gpu_main_us=759 gpu_composite_us=0 gpu_blit_us=0
frust_shell_common::perf: frust-perf raw n=328 total_us=3355 rebuild_us=192 layout_us=0 paint_us=92 encode_us=15 acquire_us=116 submit_us=2938 skipped=0 gpu_q=1 gpu_total_us=760 gpu_prepass_us=0 gpu_main_us=760 gpu_composite_us=0 gpu_blit_us=0
frust_shell_common::perf: frust-perf raw n=329 total_us=3579 rebuild_us=198 layout_us=0 paint_us=95 encode_us=14 acquire_us=110 submit_us=3160 skipped=0 gpu_q=1 gpu_total_us=753 gpu_prepass_us=0 gpu_main_us=753 gpu_composite_us=0 gpu_blit_us=0
frust_shell_common::perf: frust-perf raw n=330 total_us=3327 rebuild_us=180 layout_us=0 paint_us=86 encode_us=15 acquire_us=99 submit_us=2945 skipped=0 gpu_q=1 gpu_total_us=757 gpu_prepass_us=0 gpu_main_us=757 gpu_composite_us=0 gpu_blit_us=0
frust_shell_common::perf: frust-perf raw n=331 total_us=3368 rebuild_us=192 layout_us=0 paint_us=91 encode_us=13 acquire_us=103 submit_us=2967 skipped=0 gpu_q=1 gpu_total_us=736 gpu_prepass_us=0 gpu_main_us=736 gpu_composite_us=0 gpu_blit_us=0
frust_shell_common::perf: frust-perf raw n=332 total_us=3344 rebuild_us=193 layout_us=0 paint_us=93 encode_us=13 acquire_us=103 submit_us=2939 skipped=0 gpu_q=1 gpu_total_us=753 gpu_prepass_us=0 gpu_main_us=753 gpu_composite_us=0 gpu_blit_us=0
frust_shell_common::perf: frust-perf raw n=333 total_us=3418 rebuild_us=187 layout_us=0 paint_us=86 encode_us=14 acquire_us=107 submit_us=3020 skipped=0 gpu_q=1 gpu_total_us=710 gpu_prepass_us=0 gpu_main_us=710 gpu_composite_us=0 gpu_blit_us=0
frust_shell_common::perf: frust-perf raw n=334 total_us=3394 rebuild_us=193 layout_us=0 paint_us=88 encode_us=15 acquire_us=103 submit_us=2993 skipped=0 gpu_q=1 gpu_total_us=768 gpu_prepass_us=0 gpu_main_us=768 gpu_composite_us=0 gpu_blit_us=0
frust_shell_common::perf: frust-perf raw n=335 total_us=3306 rebuild_us=197 layout_us=0 paint_us=88 encode_us=14 acquire_us=97 submit_us=2909 skipped=0 gpu_q=1 gpu_total_us=738 gpu_prepass_us=0 gpu_main_us=738 gpu_composite_us=0 gpu_blit_us=0
frust_shell_common::perf: frust-perf raw n=336 total_us=3424 rebuild_us=188 layout_us=0 paint_us=89 encode_us=13 acquire_us=102 submit_us=3030 skipped=0 gpu_q=1 gpu_total_us=727 gpu_prepass_us=0 gpu_main_us=727 gpu_composite_us=0 gpu_blit_us=0
frust_shell_common::perf: frust-perf raw n=337 total_us=3226 rebuild_us=181 layout_us=0 paint_us=88 encode_us=13 acquire_us=92 submit_us=2849 skipped=0 gpu_q=1 gpu_total_us=747 gpu_prepass_us=0 gpu_main_us=747 gpu_composite_us=0 gpu_blit_us=0
frust_shell_common::perf: frust-perf raw n=338 total_us=3360 rebuild_us=173 layout_us=0 paint_us=86 encode_us=12 acquire_us=104 submit_us=2983 skipped=0 gpu_q=1 gpu_total_us=724 gpu_prepass_us=0 gpu_main_us=724 gpu_composite_us=0 gpu_blit_us=0
frust_shell_common::perf: frust-perf raw n=339 total_us=3289 rebuild_us=176 layout_us=0 paint_us=77 encode_us=14 acquire_us=94 submit_us=2926 skipped=0 gpu_q=1 gpu_total_us=750 gpu_prepass_us=0 gpu_main_us=750 gpu_composite_us=0 gpu_blit_us=0
frust_shell_common::perf: frust-perf raw n=340 total_us=3210 rebuild_us=178 layout_us=0 paint_us=83 encode_us=13 acquire_us=94 submit_us=2840 skipped=0 gpu_q=1 gpu_total_us=737 gpu_prepass_us=0 gpu_main_us=737 gpu_composite_us=0 gpu_blit_us=0
frust_shell_common::perf: frust-perf raw n=341 total_us=3363 rebuild_us=187 layout_us=0 paint_us=87 encode_us=14 acquire_us=103 submit_us=2970 skipped=0 gpu_q=1 gpu_total_us=738 gpu_prepass_us=0 gpu_main_us=738 gpu_composite_us=0 gpu_blit_us=0
frust_shell_common::perf: frust-perf raw n=342 total_us=5992 rebuild_us=197 layout_us=0 paint_us=93 encode_us=38 acquire_us=173 submit_us=5489 skipped=0 gpu_q=1 gpu_total_us=755 gpu_prepass_us=0 gpu_main_us=755 gpu_composite_us=0 gpu_blit_us=0
frust_shell_common::perf: frust-perf raw n=343 total_us=5934 rebuild_us=138 layout_us=0 paint_us=63 encode_us=31 acquire_us=129 submit_us=5570 skipped=0 gpu_q=1 gpu_total_us=755 gpu_prepass_us=0 gpu_main_us=755 gpu_composite_us=0 gpu_blit_us=0
frust_shell_common::perf: frust-perf raw n=344 total_us=4405 rebuild_us=118 layout_us=0 paint_us=54 encode_us=24 acquire_us=201 submit_us=4006 skipped=0 gpu_q=1 gpu_total_us=742 gpu_prepass_us=0 gpu_main_us=742 gpu_composite_us=0 gpu_blit_us=0
frust_shell_common::perf: frust-perf raw n=345 total_us=3965 rebuild_us=104 layout_us=0 paint_us=86 encode_us=22 acquire_us=110 submit_us=3641 skipped=0 gpu_q=1 gpu_total_us=733 gpu_prepass_us=0 gpu_main_us=733 gpu_composite_us=0 gpu_blit_us=0
frust_shell_common::perf: frust-perf raw n=346 total_us=4797 rebuild_us=117 layout_us=0 paint_us=55 encode_us=21 acquire_us=118 submit_us=4483 skipped=0 gpu_q=1 gpu_total_us=704 gpu_prepass_us=0 gpu_main_us=704 gpu_composite_us=0 gpu_blit_us=0
frust_shell_common::perf: frust-perf raw n=347 total_us=2972 rebuild_us=116 layout_us=0 paint_us=54 encode_us=17 acquire_us=124 submit_us=2658 skipped=0 gpu_q=1 gpu_total_us=710 gpu_prepass_us=0 gpu_main_us=710 gpu_composite_us=0 gpu_blit_us=0
frust_shell_common::perf: frust-perf raw n=348 total_us=3215 rebuild_us=170 layout_us=0 paint_us=72 encode_us=12 acquire_us=99 submit_us=2860 skipped=0 gpu_q=1 gpu_total_us=704 gpu_prepass_us=0 gpu_main_us=704 gpu_composite_us=0 gpu_blit_us=0
frust_shell_common::perf: frust-perf raw n=349 total_us=3398 rebuild_us=197 layout_us=0 paint_us=85 encode_us=18 acquire_us=115 submit_us=2980 skipped=0 gpu_q=1 gpu_total_us=732 gpu_prepass_us=0 gpu_main_us=732 gpu_composite_us=0 gpu_blit_us=0
frust_shell_android::app::frame: frust-perf platform-view tail depth=0 target=0 acquire_bound=false frame=360 expected_present_us=0 acquire_us=118 period_us=8236
frust_shell_common::perf: frust-perf raw n=350 total_us=3371 rebuild_us=181 layout_us=0 paint_us=89 encode_us=15 acquire_us=102 submit_us=2982 skipped=0 gpu_q=1 gpu_total_us=703 gpu_prepass_us=0 gpu_main_us=703 gpu_composite_us=0 gpu_blit_us=0
frust_shell_common::perf: frust-perf raw n=351 total_us=5381 rebuild_us=185 layout_us=0 paint_us=88 encode_us=35 acquire_us=152 submit_us=4919 skipped=0 gpu_q=1 gpu_total_us=728 gpu_prepass_us=0 gpu_main_us=728 gpu_composite_us=0 gpu_blit_us=0
frust_shell_common::perf: frust-perf raw n=352 total_us=4196 rebuild_us=123 layout_us=0 paint_us=55 encode_us=24 acquire_us=137 submit_us=3855 skipped=0 gpu_q=1 gpu_total_us=745 gpu_prepass_us=0 gpu_main_us=745 gpu_composite_us=0 gpu_blit_us=0
frust_shell_common::perf: frust-perf raw n=353 total_us=4001 rebuild_us=108 layout_us=0 paint_us=50 encode_us=25 acquire_us=138 submit_us=3677 skipped=0 gpu_q=1 gpu_total_us=750 gpu_prepass_us=0 gpu_main_us=750 gpu_composite_us=0 gpu_blit_us=0
frust_shell_common::perf: frust-perf raw n=354 total_us=3401 rebuild_us=119 layout_us=0 paint_us=55 encode_us=19 acquire_us=167 submit_us=3039 skipped=0 gpu_q=1 gpu_total_us=721 gpu_prepass_us=0 gpu_main_us=721 gpu_composite_us=0 gpu_blit_us=0
frust_shell_common::perf: frust-perf raw n=355 total_us=3553 rebuild_us=187 layout_us=0 paint_us=92 encode_us=13 acquire_us=107 submit_us=3152 skipped=0 gpu_q=1 gpu_total_us=670 gpu_prepass_us=0 gpu_main_us=670 gpu_composite_us=0 gpu_blit_us=0
frust_shell_common::perf: frust-perf raw n=356 total_us=3510 rebuild_us=204 layout_us=0 paint_us=95 encode_us=13 acquire_us=98 submit_us=3096 skipped=0 gpu_q=1 gpu_total_us=666 gpu_prepass_us=0 gpu_main_us=666 gpu_composite_us=0 gpu_blit_us=0
frust_shell_common::perf: frust-perf raw n=357 total_us=3488 rebuild_us=202 layout_us=0 paint_us=95 encode_us=14 acquire_us=105 submit_us=3071 skipped=0 gpu_q=1 gpu_total_us=720 gpu_prepass_us=0 gpu_main_us=720 gpu_composite_us=0 gpu_blit_us=0
frust_shell_common::perf: frust-perf raw n=358 total_us=3418 rebuild_us=186 layout_us=0 paint_us=86 encode_us=14 acquire_us=97 submit_us=3033 skipped=0 gpu_q=1 gpu_total_us=702 gpu_prepass_us=0 gpu_main_us=702 gpu_composite_us=0 gpu_blit_us=0
frust_shell_common::perf: frust-perf raw n=359 total_us=3484 rebuild_us=196 layout_us=0 paint_us=95 encode_us=161 acquire_us=125 submit_us=2905 skipped=0 gpu_q=1 gpu_total_us=677 gpu_prepass_us=0 gpu_main_us=677 gpu_composite_us=0 gpu_blit_us=0
frust_engine::renderer: frust-perf enc n=360 w=60 validate_us=3.5 prepare_us=3.2 classify_us=12.4 admit_us=0.3 walk_us=509.7 glyphs_us=217.2 finish_us=2.5 compile_us=533.0 schedule_us=4.0 paints_us=13.6 instances_us=30.8 resize_us=3.1 upload_us=214.4 replay_us=0.3 pipelines_us=17.9 record_us=32.4 total_us=881.4 total_p95_us=1720.2 draws=46 strips=1073 alphas=28576 glyph_draws=36 atlas_glyphs=36
frust_shell_common::perf: frust-perf raw n=360 total_us=3631 rebuild_us=187 layout_us=0 paint_us=177 encode_us=17 acquire_us=118 submit_us=3130 skipped=0 gpu_q=1 gpu_total_us=715 gpu_prepass_us=0 gpu_main_us=715 gpu_composite_us=0 gpu_blit_us=0
frust_shell_common::perf: frust-perf raw n=361 total_us=3366 rebuild_us=207 layout_us=0 paint_us=92 encode_us=13 acquire_us=107 submit_us=2944 skipped=0 gpu_q=1 gpu_total_us=716 gpu_prepass_us=0 gpu_main_us=716 gpu_composite_us=0 gpu_blit_us=0
frust_shell_common::perf: frust-perf raw n=362 total_us=3346 rebuild_us=189 layout_us=0 paint_us=89 encode_us=17 acquire_us=108 submit_us=2941 skipped=0 gpu_q=1 gpu_total_us=694 gpu_prepass_us=0 gpu_main_us=694 gpu_composite_us=0 gpu_blit_us=0
frust_shell_common::perf: frust-perf raw n=363 total_us=3491 rebuild_us=191 layout_us=0 paint_us=98 encode_us=12 acquire_us=111 submit_us=3077 skipped=0 gpu_q=1 gpu_total_us=735 gpu_prepass_us=0 gpu_main_us=735 gpu_composite_us=0 gpu_blit_us=0
frust_shell_common::perf: frust-perf raw n=364 total_us=3248 rebuild_us=186 layout_us=0 paint_us=89 encode_us=15 acquire_us=102 submit_us=2852 skipped=0 gpu_q=1 gpu_total_us=716 gpu_prepass_us=0 gpu_main_us=716 gpu_composite_us=0 gpu_blit_us=0
frust_shell_common::perf: frust-perf raw n=365 total_us=3508 rebuild_us=205 layout_us=0 paint_us=96 encode_us=15 acquire_us=104 submit_us=3085 skipped=0 gpu_q=1 gpu_total_us=701 gpu_prepass_us=0 gpu_main_us=701 gpu_composite_us=0 gpu_blit_us=0
frust_shell_common::perf: frust-perf raw n=366 total_us=3359 rebuild_us=191 layout_us=0 paint_us=88 encode_us=15 acquire_us=106 submit_us=2956 skipped=0 gpu_q=1 gpu_total_us=724 gpu_prepass_us=0 gpu_main_us=724 gpu_composite_us=0 gpu_blit_us=0
frust_shell_common::perf: frust-perf raw n=367 total_us=3349 rebuild_us=191 layout_us=0 paint_us=90 encode_us=14 acquire_us=104 submit_us=2948 skipped=0 gpu_q=1 gpu_total_us=715 gpu_prepass_us=0 gpu_main_us=715 gpu_composite_us=0 gpu_blit_us=0
frust_shell_common::perf: frust-perf raw n=368 total_us=3484 rebuild_us=187 layout_us=0 paint_us=89 encode_us=14 acquire_us=105 submit_us=3087 skipped=0 gpu_q=1 gpu_total_us=706 gpu_prepass_us=0 gpu_main_us=706 gpu_composite_us=0 gpu_blit_us=0
frust_shell_common::perf: frust-perf raw n=369 total_us=3359 rebuild_us=200 layout_us=0 paint_us=90 encode_us=17 acquire_us=99 submit_us=2951 skipped=0 gpu_q=1 gpu_total_us=709 gpu_prepass_us=0 gpu_main_us=709 gpu_composite_us=0 gpu_blit_us=0
frust_shell_common::perf: frust-perf raw n=370 total_us=3420 rebuild_us=191 layout_us=0 paint_us=86 encode_us=17 acquire_us=107 submit_us=3017 skipped=0 gpu_q=1 gpu_total_us=689 gpu_prepass_us=0 gpu_main_us=689 gpu_composite_us=0 gpu_blit_us=0
frust_shell_common::perf: frust-perf raw n=371 total_us=3235 rebuild_us=175 layout_us=0 paint_us=79 encode_us=14 acquire_us=98 submit_us=2867 skipped=0 gpu_q=1 gpu_total_us=701 gpu_prepass_us=0 gpu_main_us=701 gpu_composite_us=0 gpu_blit_us=0
frust_shell_common::perf: frust-perf raw n=372 total_us=3391 rebuild_us=186 layout_us=0 paint_us=88 encode_us=15 acquire_us=107 submit_us=2993 skipped=0 gpu_q=1 gpu_total_us=707 gpu_prepass_us=0 gpu_main_us=707 gpu_composite_us=0 gpu_blit_us=0
frust_shell_common::perf: frust-perf raw n=373 total_us=3305 rebuild_us=189 layout_us=0 paint_us=85 encode_us=15 acquire_us=98 submit_us=2915 skipped=0 gpu_q=1 gpu_total_us=677 gpu_prepass_us=0 gpu_main_us=677 gpu_composite_us=0 gpu_blit_us=0
frust_shell_common::perf: frust-perf raw n=374 total_us=3369 rebuild_us=198 layout_us=0 paint_us=86 encode_us=14 acquire_us=102 submit_us=2966 skipped=0 gpu_q=1 gpu_total_us=687 gpu_prepass_us=0 gpu_main_us=687 gpu_composite_us=0 gpu_blit_us=0
frust_shell_common::perf: frust-perf raw n=375 total_us=3390 rebuild_us=190 layout_us=0 paint_us=88 encode_us=14 acquire_us=107 submit_us=2989 skipped=0 gpu_q=1 gpu_total_us=675 gpu_prepass_us=0 gpu_main_us=675 gpu_composite_us=0 gpu_blit_us=0
frust_shell_common::perf: frust-perf raw n=376 total_us=3296 rebuild_us=188 layout_us=0 paint_us=92 encode_us=14 acquire_us=105 submit_us=2893 skipped=0 gpu_q=1 gpu_total_us=697 gpu_prepass_us=0 gpu_main_us=697 gpu_composite_us=0 gpu_blit_us=0
frust_shell_common::perf: frust-perf raw n=377 total_us=3398 rebuild_us=266 layout_us=0 paint_us=90 encode_us=18 acquire_us=117 submit_us=2904 skipped=0 gpu_q=1 gpu_total_us=685 gpu_prepass_us=0 gpu_main_us=685 gpu_composite_us=0 gpu_blit_us=0
frust_shell_common::perf: frust-perf raw n=378 total_us=3389 rebuild_us=195 layout_us=0 paint_us=90 encode_us=16 acquire_us=118 submit_us=2967 skipped=0 gpu_q=1 gpu_total_us=679 gpu_prepass_us=0 gpu_main_us=679 gpu_composite_us=0 gpu_blit_us=0
frust_shell_common::perf: frust-perf raw n=379 total_us=6157 rebuild_us=181 layout_us=0 paint_us=87 encode_us=37 acquire_us=163 submit_us=5686 skipped=0 gpu_q=1 gpu_total_us=706 gpu_prepass_us=0 gpu_main_us=706 gpu_composite_us=0 gpu_blit_us=0
frust_shell_common::perf: frust-perf raw n=380 total_us=5982 rebuild_us=155 layout_us=0 paint_us=72 encode_us=32 acquire_us=157 submit_us=5564 skipped=0 gpu_q=1 gpu_total_us=703 gpu_prepass_us=0 gpu_main_us=703 gpu_composite_us=0 gpu_blit_us=0
frust_shell_common::perf: frust-perf raw n=381 total_us=3686 rebuild_us=150 layout_us=0 paint_us=69 encode_us=21 acquire_us=183 submit_us=3262 skipped=0 gpu_q=1 gpu_total_us=688 gpu_prepass_us=0 gpu_main_us=688 gpu_composite_us=0 gpu_blit_us=0
frust_shell_common::perf: frust-perf raw n=382 total_us=3280 rebuild_us=158 layout_us=0 paint_us=70 encode_us=14 acquire_us=96 submit_us=2940 skipped=0 gpu_q=1 gpu_total_us=716 gpu_prepass_us=0 gpu_main_us=716 gpu_composite_us=0 gpu_blit_us=0
frust_shell_common::perf: frust-perf raw n=383 total_us=3386 rebuild_us=178 layout_us=0 paint_us=86 encode_us=17 acquire_us=105 submit_us=2998 skipped=0 gpu_q=1 gpu_total_us=664 gpu_prepass_us=0 gpu_main_us=664 gpu_composite_us=0 gpu_blit_us=0
frust_shell_common::perf: frust-perf raw n=384 total_us=3235 rebuild_us=180 layout_us=0 paint_us=83 encode_us=14 acquire_us=104 submit_us=2851 skipped=0 gpu_q=1 gpu_total_us=665 gpu_prepass_us=0 gpu_main_us=665 gpu_composite_us=0 gpu_blit_us=0
frust_shell_common::perf: frust-perf raw n=385 total_us=3384 rebuild_us=181 layout_us=0 paint_us=84 encode_us=14 acquire_us=98 submit_us=3005 skipped=0 gpu_q=1 gpu_total_us=705 gpu_prepass_us=0 gpu_main_us=705 gpu_composite_us=0 gpu_blit_us=0
frust_shell_common::perf: frust-perf raw n=386 total_us=5917 rebuild_us=195 layout_us=0 paint_us=90 encode_us=40 acquire_us=181 submit_us=5409 skipped=0 gpu_q=1 gpu_total_us=715 gpu_prepass_us=0 gpu_main_us=715 gpu_composite_us=0 gpu_blit_us=0
frust_shell_common::perf: frust-perf raw n=387 total_us=5180 rebuild_us=182 layout_us=0 paint_us=82 encode_us=28 acquire_us=152 submit_us=4733 skipped=0 gpu_q=1 gpu_total_us=696 gpu_prepass_us=0 gpu_main_us=696 gpu_composite_us=0 gpu_blit_us=0
frust_shell_common::perf: frust-perf raw n=388 total_us=4486 rebuild_us=147 layout_us=0 paint_us=61 encode_us=24 acquire_us=128 submit_us=4125 skipped=0 gpu_q=1 gpu_total_us=694 gpu_prepass_us=0 gpu_main_us=694 gpu_composite_us=0 gpu_blit_us=0
frust_shell_common::perf: frust-perf raw n=389 total_us=3436 rebuild_us=133 layout_us=0 paint_us=58 encode_us=22 acquire_us=141 submit_us=3080 skipped=0 gpu_q=1 gpu_total_us=705 gpu_prepass_us=0 gpu_main_us=705 gpu_composite_us=0 gpu_blit_us=0
frust_shell_common::perf: frust-perf raw n=390 total_us=3216 rebuild_us=139 layout_us=0 paint_us=60 encode_us=15 acquire_us=97 submit_us=2903 skipped=0 gpu_q=1 gpu_total_us=670 gpu_prepass_us=0 gpu_main_us=670 gpu_composite_us=0 gpu_blit_us=0
frust_shell_common::perf: frust-perf raw n=391 total_us=3300 rebuild_us=149 layout_us=0 paint_us=69 encode_us=14 acquire_us=91 submit_us=2975 skipped=0 gpu_q=1 gpu_total_us=680 gpu_prepass_us=0 gpu_main_us=680 gpu_composite_us=0 gpu_blit_us=0
frust_shell_common::perf: frust-perf raw n=392 total_us=3359 rebuild_us=168 layout_us=0 paint_us=78 encode_us=14 acquire_us=102 submit_us=2995 skipped=0 gpu_q=1 gpu_total_us=664 gpu_prepass_us=0 gpu_main_us=664 gpu_composite_us=0 gpu_blit_us=0
frust_shell_common::perf: frust-perf raw n=393 total_us=3239 rebuild_us=184 layout_us=0 paint_us=85 encode_us=13 acquire_us=97 submit_us=2857 skipped=0 gpu_q=1 gpu_total_us=706 gpu_prepass_us=0 gpu_main_us=706 gpu_composite_us=0 gpu_blit_us=0
frust_shell_common::perf: frust-perf raw n=394 total_us=3221 rebuild_us=276 layout_us=0 paint_us=95 encode_us=14 acquire_us=103 submit_us=2730 skipped=0 gpu_q=1 gpu_total_us=703 gpu_prepass_us=0 gpu_main_us=703 gpu_composite_us=0 gpu_blit_us=0
frust_shell_common::perf: frust-perf raw n=395 total_us=3300 rebuild_us=210 layout_us=0 paint_us=94 encode_us=19 acquire_us=113 submit_us=2862 skipped=0 gpu_q=1 gpu_total_us=695 gpu_prepass_us=0 gpu_main_us=695 gpu_composite_us=0 gpu_blit_us=0
frust_shell_common::perf: frust-perf raw n=396 total_us=3230 rebuild_us=194 layout_us=0 paint_us=88 encode_us=15 acquire_us=103 submit_us=2827 skipped=0 gpu_q=1 gpu_total_us=710 gpu_prepass_us=0 gpu_main_us=710 gpu_composite_us=0 gpu_blit_us=0
frust_shell_common::perf: frust-perf raw n=397 total_us=3408 rebuild_us=190 layout_us=0 paint_us=89 encode_us=17 acquire_us=104 submit_us=3007 skipped=0 gpu_q=1 gpu_total_us=675 gpu_prepass_us=0 gpu_main_us=675 gpu_composite_us=0 gpu_blit_us=0
frust_shell_common::perf: frust-perf raw n=398 total_us=3344 rebuild_us=188 layout_us=0 paint_us=88 encode_us=14 acquire_us=110 submit_us=2941 skipped=0 gpu_q=1 gpu_total_us=676 gpu_prepass_us=0 gpu_main_us=676 gpu_composite_us=0 gpu_blit_us=0
frust_shell_common::perf: frust-perf raw n=399 total_us=3367 rebuild_us=197 layout_us=0 paint_us=90 encode_us=14 acquire_us=102 submit_us=2963 skipped=0 gpu_q=1 gpu_total_us=673 gpu_prepass_us=0 gpu_main_us=673 gpu_composite_us=0 gpu_blit_us=0
frust_shell_common::perf: frust-perf raw n=400 total_us=3354 rebuild_us=202 layout_us=0 paint_us=89 encode_us=13 acquire_us=105 submit_us=2943 skipped=0 gpu_q=1 gpu_total_us=675 gpu_prepass_us=0 gpu_main_us=675 gpu_composite_us=0 gpu_blit_us=0
frust_shell_common::perf: frust-perf raw n=401 total_us=3360 rebuild_us=194 layout_us=0 paint_us=95 encode_us=13 acquire_us=104 submit_us=2953 skipped=0 gpu_q=1 gpu_total_us=677 gpu_prepass_us=0 gpu_main_us=677 gpu_composite_us=0 gpu_blit_us=0
frust_shell_common::perf: frust-perf raw n=402 total_us=3377 rebuild_us=186 layout_us=0 paint_us=89 encode_us=14 acquire_us=101 submit_us=2984 skipped=0 gpu_q=1 gpu_total_us=690 gpu_prepass_us=0 gpu_main_us=690 gpu_composite_us=0 gpu_blit_us=0
frust_shell_common::perf: frust-perf raw n=403 total_us=3370 rebuild_us=194 layout_us=0 paint_us=92 encode_us=13 acquire_us=102 submit_us=2966 skipped=0 gpu_q=1 gpu_total_us=697 gpu_prepass_us=0 gpu_main_us=697 gpu_composite_us=0 gpu_blit_us=0
frust_shell_common::perf: frust-perf raw n=404 total_us=3372 rebuild_us=195 layout_us=0 paint_us=89 encode_us=16 acquire_us=105 submit_us=2963 skipped=0 gpu_q=1 gpu_total_us=703 gpu_prepass_us=0 gpu_main_us=703 gpu_composite_us=0 gpu_blit_us=0
frust_shell_common::perf: frust-perf raw n=405 total_us=3381 rebuild_us=191 layout_us=0 paint_us=89 encode_us=14 acquire_us=100 submit_us=2985 skipped=0 gpu_q=1 gpu_total_us=684 gpu_prepass_us=0 gpu_main_us=684 gpu_composite_us=0 gpu_blit_us=0
frust_shell_common::perf: frust-perf raw n=406 total_us=3346 rebuild_us=181 layout_us=0 paint_us=89 encode_us=12 acquire_us=101 submit_us=2960 skipped=0 gpu_q=1 gpu_total_us=683 gpu_prepass_us=0 gpu_main_us=683 gpu_composite_us=0 gpu_blit_us=0
frust_shell_common::perf: frust-perf raw n=407 total_us=3477 rebuild_us=202 layout_us=0 paint_us=93 encode_us=14 acquire_us=118 submit_us=3048 skipped=0 gpu_q=1 gpu_total_us=700 gpu_prepass_us=0 gpu_main_us=700 gpu_composite_us=0 gpu_blit_us=0
frust_shell_common::perf: frust-perf raw n=408 total_us=3314 rebuild_us=200 layout_us=0 paint_us=91 encode_us=14 acquire_us=97 submit_us=2909 skipped=0 gpu_q=1 gpu_total_us=685 gpu_prepass_us=0 gpu_main_us=685 gpu_composite_us=0 gpu_blit_us=0
frust_shell_common::perf: frust-perf raw n=409 total_us=3428 rebuild_us=192 layout_us=0 paint_us=96 encode_us=13 acquire_us=104 submit_us=3021 skipped=0 gpu_q=1 gpu_total_us=694 gpu_prepass_us=0 gpu_main_us=694 gpu_composite_us=0 gpu_blit_us=0
frust_shell_common::perf: frust-perf raw n=410 total_us=3378 rebuild_us=192 layout_us=0 paint_us=175 encode_us=17 acquire_us=115 submit_us=2876 skipped=0 gpu_q=1 gpu_total_us=696 gpu_prepass_us=0 gpu_main_us=696 gpu_composite_us=0 gpu_blit_us=0
frust_shell_common::perf: frust-perf raw n=411 total_us=3449 rebuild_us=324 layout_us=0 paint_us=92 encode_us=13 acquire_us=107 submit_us=2911 skipped=0 gpu_q=1 gpu_total_us=670 gpu_prepass_us=0 gpu_main_us=670 gpu_composite_us=0 gpu_blit_us=0
frust_shell_common::perf: frust-perf raw n=412 total_us=3231 rebuild_us=184 layout_us=0 paint_us=81 encode_us=14 acquire_us=98 submit_us=2852 skipped=0 gpu_q=1 gpu_total_us=708 gpu_prepass_us=0 gpu_main_us=708 gpu_composite_us=0 gpu_blit_us=0
frust_shell_common::perf: frust-perf raw n=413 total_us=3302 rebuild_us=201 layout_us=0 paint_us=96 encode_us=14 acquire_us=106 submit_us=2882 skipped=0 gpu_q=1 gpu_total_us=713 gpu_prepass_us=0 gpu_main_us=713 gpu_composite_us=0 gpu_blit_us=0
frust_shell_common::perf: frust-perf raw n=414 total_us=5806 rebuild_us=184 layout_us=0 paint_us=89 encode_us=34 acquire_us=159 submit_us=5336 skipped=0 gpu_q=1 gpu_total_us=699 gpu_prepass_us=0 gpu_main_us=699 gpu_composite_us=0 gpu_blit_us=0
frust_shell_common::perf: frust-perf raw n=415 total_us=4398 rebuild_us=115 layout_us=0 paint_us=55 encode_us=22 acquire_us=105 submit_us=4099 skipped=0 gpu_q=1 gpu_total_us=733 gpu_prepass_us=0 gpu_main_us=733 gpu_composite_us=0 gpu_blit_us=0
frust_shell_common::perf: frust-perf raw n=416 total_us=3449 rebuild_us=110 layout_us=0 paint_us=49 encode_us=17 acquire_us=97 submit_us=3174 skipped=0 gpu_q=1 gpu_total_us=726 gpu_prepass_us=0 gpu_main_us=726 gpu_composite_us=0 gpu_blit_us=0
frust_shell_common::perf: frust-perf raw n=417 total_us=4314 rebuild_us=130 layout_us=0 paint_us=57 encode_us=27 acquire_us=117 submit_us=3981 skipped=0 gpu_q=1 gpu_total_us=725 gpu_prepass_us=0 gpu_main_us=725 gpu_composite_us=0 gpu_blit_us=0
frust_shell_common::perf: frust-perf raw n=418 total_us=6064 rebuild_us=133 layout_us=0 paint_us=66 encode_us=29 acquire_us=172 submit_us=5663 skipped=0 gpu_q=1 gpu_total_us=690 gpu_prepass_us=0 gpu_main_us=690 gpu_composite_us=0 gpu_blit_us=0
frust_shell_common::perf: frust-perf raw n=419 total_us=4492 rebuild_us=116 layout_us=0 paint_us=54 encode_us=28 acquire_us=126 submit_us=4166 skipped=0 gpu_q=1 gpu_total_us=688 gpu_prepass_us=0 gpu_main_us=688 gpu_composite_us=0 gpu_blit_us=0
frust_engine::renderer: frust-perf enc n=420 w=60 validate_us=3.4 prepare_us=3.5 classify_us=12.2 admit_us=0.3 walk_us=502.1 glyphs_us=215.1 finish_us=2.5 compile_us=525.2 schedule_us=3.8 paints_us=13.4 instances_us=30.7 resize_us=3.3 upload_us=208.1 replay_us=0.3 pipelines_us=17.3 record_us=31.5 total_us=832.7 total_p95_us=1609.1 draws=46 strips=1073 alphas=28576 glyph_draws=36 atlas_glyphs=36
frust_shell_common::perf: frust-perf raw n=420 total_us=3985 rebuild_us=96 layout_us=0 paint_us=44 encode_us=19 acquire_us=108 submit_us=3716 skipped=0 gpu_q=1 gpu_total_us=690 gpu_prepass_us=0 gpu_main_us=690 gpu_composite_us=0 gpu_blit_us=0
frust_shell_common::perf: frust-perf raw n=421 total_us=4336 rebuild_us=114 layout_us=0 paint_us=54 encode_us=23 acquire_us=116 submit_us=4027 skipped=0 gpu_q=1 gpu_total_us=686 gpu_prepass_us=0 gpu_main_us=686 gpu_composite_us=0 gpu_blit_us=0
frust_shell_common::perf: frust-perf raw n=422 total_us=4779 rebuild_us=117 layout_us=0 paint_us=57 encode_us=24 acquire_us=130 submit_us=4450 skipped=0 gpu_q=1 gpu_total_us=685 gpu_prepass_us=0 gpu_main_us=685 gpu_composite_us=0 gpu_blit_us=0
frust_shell_common::perf: frust-perf raw n=423 total_us=5708 rebuild_us=120 layout_us=0 paint_us=57 encode_us=25 acquire_us=135 submit_us=5369 skipped=0 gpu_q=1 gpu_total_us=680 gpu_prepass_us=0 gpu_main_us=680 gpu_composite_us=0 gpu_blit_us=0
frust_shell_common::perf: frust-perf raw n=424 total_us=4781 rebuild_us=116 layout_us=0 paint_us=56 encode_us=23 acquire_us=125 submit_us=4459 skipped=0 gpu_q=1 gpu_total_us=728 gpu_prepass_us=0 gpu_main_us=728 gpu_composite_us=0 gpu_blit_us=0
frust_shell_common::perf: frust-perf raw n=425 total_us=5744 rebuild_us=125 layout_us=0 paint_us=60 encode_us=27 acquire_us=129 submit_us=5401 skipped=0 gpu_q=1 gpu_total_us=682 gpu_prepass_us=0 gpu_main_us=682 gpu_composite_us=0 gpu_blit_us=0
frust_shell_common::perf: frust-perf raw n=426 total_us=4640 rebuild_us=127 layout_us=0 paint_us=61 encode_us=28 acquire_us=130 submit_us=4291 skipped=0 gpu_q=1 gpu_total_us=685 gpu_prepass_us=0 gpu_main_us=685 gpu_composite_us=0 gpu_blit_us=0
frust_shell_common::perf: frust-perf raw n=427 total_us=4736 rebuild_us=106 layout_us=0 paint_us=51 encode_us=26 acquire_us=118 submit_us=4432 skipped=0 gpu_q=1 gpu_total_us=689 gpu_prepass_us=0 gpu_main_us=689 gpu_composite_us=0 gpu_blit_us=0
frust_shell_common::perf: frust-perf raw n=428 total_us=4653 rebuild_us=101 layout_us=0 paint_us=48 encode_us=20 acquire_us=117 submit_us=4364 skipped=0 gpu_q=1 gpu_total_us=686 gpu_prepass_us=0 gpu_main_us=686 gpu_composite_us=0 gpu_blit_us=0
frust_shell_common::perf: frust-perf raw n=429 total_us=5637 rebuild_us=113 layout_us=0 paint_us=237 encode_us=26 acquire_us=143 submit_us=5116 skipped=0 gpu_q=1 gpu_total_us=689 gpu_prepass_us=0 gpu_main_us=689 gpu_composite_us=0 gpu_blit_us=0
frust_shell_common::perf: frust-perf raw n=430 total_us=4596 rebuild_us=120 layout_us=0 paint_us=53 encode_us=24 acquire_us=127 submit_us=4270 skipped=0 gpu_q=1 gpu_total_us=683 gpu_prepass_us=0 gpu_main_us=683 gpu_composite_us=0 gpu_blit_us=0
frust_shell_common::perf: frust-perf raw n=431 total_us=5018 rebuild_us=120 layout_us=0 paint_us=61 encode_us=28 acquire_us=133 submit_us=4674 skipped=0 gpu_q=1 gpu_total_us=680 gpu_prepass_us=0 gpu_main_us=680 gpu_composite_us=0 gpu_blit_us=0
frust_shell_common::perf: frust-perf raw n=432 total_us=4557 rebuild_us=115 layout_us=0 paint_us=56 encode_us=25 acquire_us=130 submit_us=4228 skipped=0 gpu_q=1 gpu_total_us=684 gpu_prepass_us=0 gpu_main_us=684 gpu_composite_us=0 gpu_blit_us=0
frust_shell_common::perf: frust-perf raw n=433 total_us=4785 rebuild_us=115 layout_us=0 paint_us=58 encode_us=24 acquire_us=129 submit_us=4457 skipped=0 gpu_q=1 gpu_total_us=683 gpu_prepass_us=0 gpu_main_us=683 gpu_composite_us=0 gpu_blit_us=0
frust_shell_common::perf: frust-perf raw n=434 total_us=3263 rebuild_us=102 layout_us=0 paint_us=48 encode_us=22 acquire_us=150 submit_us=2938 skipped=0 gpu_q=1 gpu_total_us=679 gpu_prepass_us=0 gpu_main_us=679 gpu_composite_us=0 gpu_blit_us=0
frust_shell_common::perf: frust-perf raw n=435 total_us=3263 rebuild_us=175 layout_us=0 paint_us=82 encode_us=16 acquire_us=103 submit_us=2883 skipped=0 gpu_q=1 gpu_total_us=703 gpu_prepass_us=0 gpu_main_us=703 gpu_composite_us=0 gpu_blit_us=0
frust_shell_common::perf: frust-perf raw n=436 total_us=3273 rebuild_us=175 layout_us=0 paint_us=81 encode_us=13 acquire_us=101 submit_us=2901 skipped=0 gpu_q=1 gpu_total_us=680 gpu_prepass_us=0 gpu_main_us=680 gpu_composite_us=0 gpu_blit_us=0
frust_shell_common::perf: frust-perf raw n=437 total_us=3437 rebuild_us=184 layout_us=0 paint_us=87 encode_us=14 acquire_us=107 submit_us=3043 skipped=0 gpu_q=1 gpu_total_us=688 gpu_prepass_us=0 gpu_main_us=688 gpu_composite_us=0 gpu_blit_us=0
frust_shell_common::perf: frust-perf raw n=438 total_us=3409 rebuild_us=201 layout_us=0 paint_us=92 encode_us=17 acquire_us=98 submit_us=2999 skipped=0 gpu_q=1 gpu_total_us=715 gpu_prepass_us=0 gpu_main_us=715 gpu_composite_us=0 gpu_blit_us=0
frust_shell_common::perf: frust-perf raw n=439 total_us=3276 rebuild_us=194 layout_us=0 paint_us=84 encode_us=14 acquire_us=99 submit_us=2883 skipped=0 gpu_q=1 gpu_total_us=708 gpu_prepass_us=0 gpu_main_us=708 gpu_composite_us=0 gpu_blit_us=0
frust_shell_common::perf: frust-perf raw n=440 total_us=3414 rebuild_us=193 layout_us=0 paint_us=92 encode_us=14 acquire_us=115 submit_us=2998 skipped=0 gpu_q=1 gpu_total_us=724 gpu_prepass_us=0 gpu_main_us=724 gpu_composite_us=0 gpu_blit_us=0
frust_shell_common::perf: frust-perf raw n=441 total_us=3535 rebuild_us=208 layout_us=0 paint_us=98 encode_us=15 acquire_us=108 submit_us=3103 skipped=0 gpu_q=1 gpu_total_us=722 gpu_prepass_us=0 gpu_main_us=722 gpu_composite_us=0 gpu_blit_us=0
frust_shell_common::perf: frust-perf raw n=442 total_us=3323 rebuild_us=183 layout_us=0 paint_us=93 encode_us=17 acquire_us=106 submit_us=2922 skipped=0 gpu_q=1 gpu_total_us=698 gpu_prepass_us=0 gpu_main_us=698 gpu_composite_us=0 gpu_blit_us=0
frust_shell_common::perf: frust-perf raw n=443 total_us=3458 rebuild_us=203 layout_us=0 paint_us=92 encode_us=14 acquire_us=145 submit_us=3002 skipped=0 gpu_q=1 gpu_total_us=703 gpu_prepass_us=0 gpu_main_us=703 gpu_composite_us=0 gpu_blit_us=0
frust_shell_common::perf: frust-perf raw n=444 total_us=3165 rebuild_us=183 layout_us=0 paint_us=87 encode_us=12 acquire_us=104 submit_us=2776 skipped=0 gpu_q=1 gpu_total_us=712 gpu_prepass_us=0 gpu_main_us=712 gpu_composite_us=0 gpu_blit_us=0
frust_shell_common::perf: frust-perf raw n=445 total_us=5928 rebuild_us=312 layout_us=0 paint_us=95 encode_us=36 acquire_us=174 submit_us=5308 skipped=0 gpu_q=1 gpu_total_us=723 gpu_prepass_us=0 gpu_main_us=723 gpu_composite_us=0 gpu_blit_us=0
frust_shell_common::perf: frust-perf raw n=446 total_us=5463 rebuild_us=189 layout_us=0 paint_us=67 encode_us=30 acquire_us=130 submit_us=5043 skipped=0 gpu_q=1 gpu_total_us=704 gpu_prepass_us=0 gpu_main_us=704 gpu_composite_us=0 gpu_blit_us=0
frust_shell_common::perf: frust-perf raw n=447 total_us=3256 rebuild_us=113 layout_us=0 paint_us=52 encode_us=21 acquire_us=175 submit_us=2893 skipped=0 gpu_q=1 gpu_total_us=698 gpu_prepass_us=0 gpu_main_us=698 gpu_composite_us=0 gpu_blit_us=0
frust_shell_common::perf: frust-perf raw n=448 total_us=3217 rebuild_us=162 layout_us=0 paint_us=77 encode_us=15 acquire_us=100 submit_us=2859 skipped=0 gpu_q=1 gpu_total_us=700 gpu_prepass_us=0 gpu_main_us=700 gpu_composite_us=0 gpu_blit_us=0
frust_shell_common::perf: frust-perf raw n=449 total_us=3393 rebuild_us=181 layout_us=0 paint_us=86 encode_us=13 acquire_us=98 submit_us=3012 skipped=0 gpu_q=1 gpu_total_us=669 gpu_prepass_us=0 gpu_main_us=669 gpu_composite_us=0 gpu_blit_us=0
frust_shell_common::perf: frust-perf raw n=450 total_us=5784 rebuild_us=184 layout_us=0 paint_us=86 encode_us=39 acquire_us=181 submit_us=5293 skipped=0 gpu_q=1 gpu_total_us=669 gpu_prepass_us=0 gpu_main_us=669 gpu_composite_us=0 gpu_blit_us=0
frust_shell_common::perf: frust-perf raw n=451 total_us=2764 rebuild_us=121 layout_us=0 paint_us=54 encode_us=14 acquire_us=136 submit_us=2437 skipped=0 gpu_q=1 gpu_total_us=696 gpu_prepass_us=0 gpu_main_us=696 gpu_composite_us=0 gpu_blit_us=0
frust_shell_common::perf: frust-perf raw n=452 total_us=3223 rebuild_us=164 layout_us=0 paint_us=78 encode_us=13 acquire_us=102 submit_us=2864 skipped=0 gpu_q=1 gpu_total_us=675 gpu_prepass_us=0 gpu_main_us=675 gpu_composite_us=0 gpu_blit_us=0
frust_shell_common::perf: frust-perf raw n=453 total_us=8034 rebuild_us=177 layout_us=0 paint_us=84 encode_us=42 acquire_us=212 submit_us=7517 skipped=0 gpu_q=1 gpu_total_us=683 gpu_prepass_us=0 gpu_main_us=683 gpu_composite_us=0 gpu_blit_us=0
frust_shell_common::perf: frust-perf raw n=454 total_us=6077 rebuild_us=171 layout_us=0 paint_us=80 encode_us=37 acquire_us=180 submit_us=5606 skipped=0 gpu_q=1 gpu_total_us=669 gpu_prepass_us=0 gpu_main_us=669 gpu_composite_us=0 gpu_blit_us=0
frust_shell_common::perf: frust-perf raw n=455 total_us=4255 rebuild_us=122 layout_us=0 paint_us=56 encode_us=24 acquire_us=169 submit_us=3881 skipped=0 gpu_q=1 gpu_total_us=681 gpu_prepass_us=0 gpu_main_us=681 gpu_composite_us=0 gpu_blit_us=0
frust_shell_common::perf: frust-perf raw n=456 total_us=3918 rebuild_us=103 layout_us=0 paint_us=50 encode_us=23 acquire_us=106 submit_us=3634 skipped=0 gpu_q=1 gpu_total_us=696 gpu_prepass_us=0 gpu_main_us=696 gpu_composite_us=0 gpu_blit_us=0
frust_shell_common::perf: frust-perf raw n=457 total_us=4592 rebuild_us=103 layout_us=0 paint_us=51 encode_us=24 acquire_us=107 submit_us=4305 skipped=0 gpu_q=1 gpu_total_us=665 gpu_prepass_us=0 gpu_main_us=665 gpu_composite_us=0 gpu_blit_us=0
frust_shell_common::perf: frust-perf raw n=458 total_us=4313 rebuild_us=114 layout_us=0 paint_us=57 encode_us=27 acquire_us=121 submit_us=3992 skipped=0 gpu_q=1 gpu_total_us=664 gpu_prepass_us=0 gpu_main_us=664 gpu_composite_us=0 gpu_blit_us=0
frust_shell_common::perf: frust-perf raw n=459 total_us=5193 rebuild_us=130 layout_us=0 paint_us=66 encode_us=29 acquire_us=138 submit_us=4828 skipped=0 gpu_q=1 gpu_total_us=664 gpu_prepass_us=0 gpu_main_us=664 gpu_composite_us=0 gpu_blit_us=0
frust_shell_common::perf: frust-perf raw n=460 total_us=4675 rebuild_us=105 layout_us=0 paint_us=48 encode_us=20 acquire_us=103 submit_us=4395 skipped=0 gpu_q=1 gpu_total_us=707 gpu_prepass_us=0 gpu_main_us=707 gpu_composite_us=0 gpu_blit_us=0
frust_shell_common::perf: frust-perf raw n=461 total_us=4246 rebuild_us=92 layout_us=0 paint_us=46 encode_us=19 acquire_us=92 submit_us=3994 skipped=0 gpu_q=1 gpu_total_us=663 gpu_prepass_us=0 gpu_main_us=663 gpu_composite_us=0 gpu_blit_us=0
frust_shell_common::perf: frust-perf raw n=462 total_us=5461 rebuild_us=107 layout_us=0 paint_us=51 encode_us=21 acquire_us=118 submit_us=5162 skipped=0 gpu_q=1 gpu_total_us=661 gpu_prepass_us=0 gpu_main_us=661 gpu_composite_us=0 gpu_blit_us=0
frust_shell_common::perf: frust-perf raw n=463 total_us=4344 rebuild_us=104 layout_us=0 paint_us=189 encode_us=25 acquire_us=114 submit_us=3910 skipped=0 gpu_q=1 gpu_total_us=680 gpu_prepass_us=0 gpu_main_us=680 gpu_composite_us=0 gpu_blit_us=0
frust_shell_common::perf: frust-perf raw n=464 total_us=3191 rebuild_us=217 layout_us=0 paint_us=52 encode_us=18 acquire_us=138 submit_us=2765 skipped=0 gpu_q=1 gpu_total_us=665 gpu_prepass_us=0 gpu_main_us=665 gpu_composite_us=0 gpu_blit_us=0
frust_shell_common::perf: frust-perf raw n=465 total_us=6557 rebuild_us=198 layout_us=0 paint_us=87 encode_us=36 acquire_us=167 submit_us=6067 skipped=0 gpu_q=1 gpu_total_us=673 gpu_prepass_us=0 gpu_main_us=673 gpu_composite_us=0 gpu_blit_us=0
frust_shell_common::perf: frust-perf raw n=466 total_us=5329 rebuild_us=124 layout_us=0 paint_us=62 encode_us=25 acquire_us=138 submit_us=4978 skipped=0 gpu_q=1 gpu_total_us=668 gpu_prepass_us=0 gpu_main_us=668 gpu_composite_us=0 gpu_blit_us=0
frust_shell_common::perf: frust-perf raw n=467 total_us=4535 rebuild_us=121 layout_us=0 paint_us=59 encode_us=27 acquire_us=120 submit_us=4206 skipped=0 gpu_q=1 gpu_total_us=673 gpu_prepass_us=0 gpu_main_us=673 gpu_composite_us=0 gpu_blit_us=0
frust_shell_common::perf: frust-perf raw n=468 total_us=3774 rebuild_us=102 layout_us=0 paint_us=50 encode_us=20 acquire_us=106 submit_us=3493 skipped=0 gpu_q=1 gpu_total_us=698 gpu_prepass_us=0 gpu_main_us=698 gpu_composite_us=0 gpu_blit_us=0
frust_shell_common::perf: frust-perf raw n=469 total_us=4731 rebuild_us=115 layout_us=0 paint_us=54 encode_us=25 acquire_us=122 submit_us=4412 skipped=0 gpu_q=1 gpu_total_us=683 gpu_prepass_us=0 gpu_main_us=683 gpu_composite_us=0 gpu_blit_us=0
frust_shell_android::app::frame: frust-perf platform-view tail depth=0 target=0 acquire_bound=false frame=480 expected_present_us=0 acquire_us=122 period_us=8234
frust_shell_common::perf: frust-perf raw n=470 total_us=4255 rebuild_us=109 layout_us=0 paint_us=52 encode_us=24 acquire_us=118 submit_us=3949 skipped=0 gpu_q=1 gpu_total_us=666 gpu_prepass_us=0 gpu_main_us=666 gpu_composite_us=0 gpu_blit_us=0
frust_shell_common::perf: frust-perf raw n=471 total_us=4469 rebuild_us=112 layout_us=0 paint_us=53 encode_us=23 acquire_us=115 submit_us=4163 skipped=0 gpu_q=1 gpu_total_us=672 gpu_prepass_us=0 gpu_main_us=672 gpu_composite_us=0 gpu_blit_us=0
frust_shell_common::perf: frust-perf raw n=472 total_us=3244 rebuild_us=109 layout_us=0 paint_us=51 encode_us=19 acquire_us=161 submit_us=2901 skipped=0 gpu_q=1 gpu_total_us=707 gpu_prepass_us=0 gpu_main_us=707 gpu_composite_us=0 gpu_blit_us=0
frust_shell_common::perf: frust-perf raw n=473 total_us=3495 rebuild_us=190 layout_us=0 paint_us=88 encode_us=17 acquire_us=111 submit_us=3086 skipped=0 gpu_q=1 gpu_total_us=665 gpu_prepass_us=0 gpu_main_us=665 gpu_composite_us=0 gpu_blit_us=0
frust_shell_common::perf: frust-perf raw n=474 total_us=3435 rebuild_us=191 layout_us=0 paint_us=88 encode_us=13 acquire_us=102 submit_us=3038 skipped=0 gpu_q=1 gpu_total_us=669 gpu_prepass_us=0 gpu_main_us=669 gpu_composite_us=0 gpu_blit_us=0
frust_shell_common::perf: frust-perf raw n=475 total_us=3245 rebuild_us=165 layout_us=0 paint_us=80 encode_us=14 acquire_us=101 submit_us=2882 skipped=0 gpu_q=1 gpu_total_us=671 gpu_prepass_us=0 gpu_main_us=671 gpu_composite_us=0 gpu_blit_us=0
frust_shell_common::perf: frust-perf raw n=476 total_us=3392 rebuild_us=192 layout_us=0 paint_us=95 encode_us=13 acquire_us=107 submit_us=2982 skipped=0 gpu_q=1 gpu_total_us=682 gpu_prepass_us=0 gpu_main_us=682 gpu_composite_us=0 gpu_blit_us=0
frust_shell_common::perf: frust-perf raw n=477 total_us=3370 rebuild_us=192 layout_us=0 paint_us=90 encode_us=17 acquire_us=163 submit_us=2906 skipped=0 gpu_q=1 gpu_total_us=696 gpu_prepass_us=0 gpu_main_us=696 gpu_composite_us=0 gpu_blit_us=0
frust_shell_common::perf: frust-perf raw n=478 total_us=3447 rebuild_us=207 layout_us=0 paint_us=202 encode_us=13 acquire_us=107 submit_us=2917 skipped=0 gpu_q=1 gpu_total_us=708 gpu_prepass_us=0 gpu_main_us=708 gpu_composite_us=0 gpu_blit_us=0
frust_shell_common::perf: frust-perf raw n=479 total_us=3271 rebuild_us=259 layout_us=0 paint_us=90 encode_us=12 acquire_us=94 submit_us=2813 skipped=0 gpu_q=1 gpu_total_us=709 gpu_prepass_us=0 gpu_main_us=709 gpu_composite_us=0 gpu_blit_us=0
frust_engine::renderer: frust-perf enc n=480 w=60 validate_us=5.8 prepare_us=3.4 classify_us=15.1 admit_us=0.5 walk_us=701.1 glyphs_us=300.5 finish_us=3.1 compile_us=731.6 schedule_us=4.5 paints_us=19.3 instances_us=60.1 resize_us=3.0 upload_us=264.2 replay_us=0.5 pipelines_us=21.6 record_us=40.7 total_us=1176.0 total_p95_us=1730.6 draws=46 strips=1073 alphas=28576 glyph_draws=36 atlas_glyphs=36
frust_shell_common::perf: frust-perf raw n=480 total_us=3546 rebuild_us=189 layout_us=0 paint_us=88 encode_us=13 acquire_us=110 submit_us=3144 skipped=0 gpu_q=1 gpu_total_us=713 gpu_prepass_us=0 gpu_main_us=713 gpu_composite_us=0 gpu_blit_us=0
frust_shell_common::perf: frust-perf raw n=481 total_us=3362 rebuild_us=189 layout_us=0 paint_us=89 encode_us=16 acquire_us=117 submit_us=2949 skipped=0 gpu_q=1 gpu_total_us=694 gpu_prepass_us=0 gpu_main_us=694 gpu_composite_us=0 gpu_blit_us=0
frust_shell_common::perf: frust-perf raw n=482 total_us=3368 rebuild_us=166 layout_us=0 paint_us=77 encode_us=16 acquire_us=113 submit_us=2994 skipped=0 gpu_q=1 gpu_total_us=724 gpu_prepass_us=0 gpu_main_us=724 gpu_composite_us=0 gpu_blit_us=0
frust_shell_common::perf: frust-perf raw n=483 total_us=3433 rebuild_us=193 layout_us=0 paint_us=90 encode_us=16 acquire_us=107 submit_us=3024 skipped=0 gpu_q=1 gpu_total_us=701 gpu_prepass_us=0 gpu_main_us=701 gpu_composite_us=0 gpu_blit_us=0
frust_shell_common::perf: frust-perf raw n=484 total_us=3381 rebuild_us=186 layout_us=0 paint_us=88 encode_us=13 acquire_us=102 submit_us=2990 skipped=0 gpu_q=1 gpu_total_us=723 gpu_prepass_us=0 gpu_main_us=723 gpu_composite_us=0 gpu_blit_us=0
frust_shell_common::perf: frust-perf raw n=485 total_us=3865 rebuild_us=505 layout_us=0 paint_us=99 encode_us=14 acquire_us=103 submit_us=3140 skipped=0 gpu_q=1 gpu_total_us=686 gpu_prepass_us=0 gpu_main_us=686 gpu_composite_us=0 gpu_blit_us=0
frust_shell_common::perf: frust-perf raw n=486 total_us=3430 rebuild_us=190 layout_us=0 paint_us=92 encode_us=18 acquire_us=105 submit_us=3024 skipped=0 gpu_q=1 gpu_total_us=730 gpu_prepass_us=0 gpu_main_us=730 gpu_composite_us=0 gpu_blit_us=0
frust_shell_common::perf: frust-perf raw n=487 total_us=3347 rebuild_us=192 layout_us=0 paint_us=89 encode_us=14 acquire_us=102 submit_us=2948 skipped=0 gpu_q=1 gpu_total_us=748 gpu_prepass_us=0 gpu_main_us=748 gpu_composite_us=0 gpu_blit_us=0
frust_shell_common::perf: frust-perf raw n=488 total_us=3415 rebuild_us=180 layout_us=0 paint_us=84 encode_us=12 acquire_us=99 submit_us=3038 skipped=0 gpu_q=1 gpu_total_us=726 gpu_prepass_us=0 gpu_main_us=726 gpu_composite_us=0 gpu_blit_us=0
frust_shell_common::perf: frust-perf raw n=489 total_us=3536 rebuild_us=195 layout_us=0 paint_us=90 encode_us=13 acquire_us=107 submit_us=3128 skipped=0 gpu_q=1 gpu_total_us=706 gpu_prepass_us=0 gpu_main_us=706 gpu_composite_us=0 gpu_blit_us=0
frust_shell_common::perf: frust-perf raw n=490 total_us=3447 rebuild_us=200 layout_us=0 paint_us=91 encode_us=15 acquire_us=105 submit_us=3034 skipped=0 gpu_q=1 gpu_total_us=744 gpu_prepass_us=0 gpu_main_us=744 gpu_composite_us=0 gpu_blit_us=0
frust_shell_common::perf: frust-perf raw n=491 total_us=3412 rebuild_us=201 layout_us=0 paint_us=89 encode_us=14 acquire_us=100 submit_us=3005 skipped=0 gpu_q=1 gpu_total_us=735 gpu_prepass_us=0 gpu_main_us=735 gpu_composite_us=0 gpu_blit_us=0
frust_shell_common::perf: frust-perf raw n=492 total_us=3462 rebuild_us=188 layout_us=0 paint_us=87 encode_us=13 acquire_us=103 submit_us=3069 skipped=0 gpu_q=1 gpu_total_us=723 gpu_prepass_us=0 gpu_main_us=723 gpu_composite_us=0 gpu_blit_us=0
frust_shell_common::perf: frust-perf raw n=493 total_us=3367 rebuild_us=187 layout_us=0 paint_us=88 encode_us=13 acquire_us=102 submit_us=2974 skipped=0 gpu_q=1 gpu_total_us=766 gpu_prepass_us=0 gpu_main_us=766 gpu_composite_us=0 gpu_blit_us=0
frust_shell_common::perf: frust-perf raw n=494 total_us=3307 rebuild_us=182 layout_us=0 paint_us=87 encode_us=13 acquire_us=150 submit_us=2873 skipped=0 gpu_q=1 gpu_total_us=742 gpu_prepass_us=0 gpu_main_us=742 gpu_composite_us=0 gpu_blit_us=0
frust_shell_common::perf: frust-perf raw n=495 total_us=3419 rebuild_us=284 layout_us=0 paint_us=90 encode_us=14 acquire_us=114 submit_us=2915 skipped=0 gpu_q=1 gpu_total_us=755 gpu_prepass_us=0 gpu_main_us=755 gpu_composite_us=0 gpu_blit_us=0
frust_shell_common::perf: frust-perf raw n=496 total_us=3278 rebuild_us=191 layout_us=0 paint_us=94 encode_us=14 acquire_us=108 submit_us=2868 skipped=0 gpu_q=1 gpu_total_us=770 gpu_prepass_us=0 gpu_main_us=770 gpu_composite_us=0 gpu_blit_us=0
frust_shell_common::perf: frust-perf raw n=497 total_us=3285 rebuild_us=183 layout_us=0 paint_us=84 encode_us=13 acquire_us=102 submit_us=2900 skipped=0 gpu_q=1 gpu_total_us=727 gpu_prepass_us=0 gpu_main_us=727 gpu_composite_us=0 gpu_blit_us=0
frust_shell_common::perf: frust-perf raw n=498 total_us=3352 rebuild_us=181 layout_us=0 paint_us=88 encode_us=15 acquire_us=115 submit_us=2952 skipped=0 gpu_q=1 gpu_total_us=755 gpu_prepass_us=0 gpu_main_us=755 gpu_composite_us=0 gpu_blit_us=0
frust_shell_common::perf: frust-perf raw n=499 total_us=3396 rebuild_us=187 layout_us=0 paint_us=88 encode_us=14 acquire_us=108 submit_us=2996 skipped=0 gpu_q=1 gpu_total_us=748 gpu_prepass_us=0 gpu_main_us=748 gpu_composite_us=0 gpu_blit_us=0
frust_shell_common::perf: frust-perf raw n=500 total_us=3433 rebuild_us=185 layout_us=0 paint_us=96 encode_us=13 acquire_us=105 submit_us=3032 skipped=0 gpu_q=1 gpu_total_us=758 gpu_prepass_us=0 gpu_main_us=758 gpu_composite_us=0 gpu_blit_us=0
frust_shell_common::perf: frust-perf raw n=501 total_us=3307 rebuild_us=168 layout_us=0 paint_us=80 encode_us=13 acquire_us=99 submit_us=2945 skipped=0 gpu_q=1 gpu_total_us=766 gpu_prepass_us=0 gpu_main_us=766 gpu_composite_us=0 gpu_blit_us=0
frust_shell_common::perf: frust-perf raw n=502 total_us=3354 rebuild_us=181 layout_us=0 paint_us=85 encode_us=14 acquire_us=106 submit_us=2966 skipped=0 gpu_q=1 gpu_total_us=737 gpu_prepass_us=0 gpu_main_us=737 gpu_composite_us=0 gpu_blit_us=0
frust_shell_common::perf: frust-perf raw n=503 total_us=3351 rebuild_us=193 layout_us=0 paint_us=92 encode_us=14 acquire_us=102 submit_us=2948 skipped=0 gpu_q=1 gpu_total_us=761 gpu_prepass_us=0 gpu_main_us=761 gpu_composite_us=0 gpu_blit_us=0
frust_shell_common::perf: frust-perf raw n=504 total_us=3379 rebuild_us=202 layout_us=0 paint_us=94 encode_us=12 acquire_us=106 submit_us=2963 skipped=0 gpu_q=1 gpu_total_us=742 gpu_prepass_us=0 gpu_main_us=742 gpu_composite_us=0 gpu_blit_us=0
frust_shell_common::perf: frust-perf raw n=505 total_us=3374 rebuild_us=171 layout_us=0 paint_us=90 encode_us=13 acquire_us=99 submit_us=2998 skipped=0 gpu_q=1 gpu_total_us=715 gpu_prepass_us=0 gpu_main_us=715 gpu_composite_us=0 gpu_blit_us=0
frust_shell_common::perf: frust-perf raw n=506 total_us=3349 rebuild_us=171 layout_us=0 paint_us=85 encode_us=16 acquire_us=104 submit_us=2971 skipped=0 gpu_q=1 gpu_total_us=733 gpu_prepass_us=0 gpu_main_us=733 gpu_composite_us=0 gpu_blit_us=0
frust_shell_common::perf: frust-perf raw n=507 total_us=3134 rebuild_us=164 layout_us=0 paint_us=74 encode_us=12 acquire_us=94 submit_us=2787 skipped=0 gpu_q=1 gpu_total_us=725 gpu_prepass_us=0 gpu_main_us=725 gpu_composite_us=0 gpu_blit_us=0
frust_shell_common::perf: frust-perf raw n=508 total_us=3260 rebuild_us=180 layout_us=0 paint_us=84 encode_us=14 acquire_us=100 submit_us=2880 skipped=0 gpu_q=1 gpu_total_us=730 gpu_prepass_us=0 gpu_main_us=730 gpu_composite_us=0 gpu_blit_us=0
frust_shell_common::perf: frust-perf raw n=509 total_us=3372 rebuild_us=176 layout_us=0 paint_us=87 encode_us=14 acquire_us=101 submit_us=2992 skipped=0 gpu_q=1 gpu_total_us=724 gpu_prepass_us=0 gpu_main_us=724 gpu_composite_us=0 gpu_blit_us=0
frust_shell_common::perf: frust-perf raw n=510 total_us=3416 rebuild_us=202 layout_us=0 paint_us=94 encode_us=16 acquire_us=112 submit_us=2990 skipped=0 gpu_q=1 gpu_total_us=759 gpu_prepass_us=0 gpu_main_us=759 gpu_composite_us=0 gpu_blit_us=0
frust_shell_common::perf: frust-perf raw n=511 total_us=3697 rebuild_us=210 layout_us=0 paint_us=420 encode_us=13 acquire_us=103 submit_us=2949 skipped=0 gpu_q=1 gpu_total_us=737 gpu_prepass_us=0 gpu_main_us=737 gpu_composite_us=0 gpu_blit_us=0
frust_shell_common::perf: frust-perf raw n=512 total_us=3333 rebuild_us=197 layout_us=0 paint_us=149 encode_us=18 acquire_us=104 submit_us=2862 skipped=0 gpu_q=1 gpu_total_us=733 gpu_prepass_us=0 gpu_main_us=733 gpu_composite_us=0 gpu_blit_us=0
frust_shell_common::perf: frust-perf raw n=513 total_us=3315 rebuild_us=195 layout_us=0 paint_us=95 encode_us=13 acquire_us=100 submit_us=2909 skipped=0 gpu_q=1 gpu_total_us=746 gpu_prepass_us=0 gpu_main_us=746 gpu_composite_us=0 gpu_blit_us=0
frust_shell_common::perf: frust-perf raw n=514 total_us=3264 rebuild_us=179 layout_us=0 paint_us=84 encode_us=13 acquire_us=108 submit_us=2879 skipped=0 gpu_q=1 gpu_total_us=746 gpu_prepass_us=0 gpu_main_us=746 gpu_composite_us=0 gpu_blit_us=0
frust_shell_common::perf: frust-perf raw n=515 total_us=3547 rebuild_us=191 layout_us=0 paint_us=89 encode_us=18 acquire_us=114 submit_us=3134 skipped=0 gpu_q=1 gpu_total_us=713 gpu_prepass_us=0 gpu_main_us=713 gpu_composite_us=0 gpu_blit_us=0
frust_shell_common::perf: frust-perf raw n=516 total_us=6326 rebuild_us=200 layout_us=0 paint_us=87 encode_us=47 acquire_us=190 submit_us=5799 skipped=0 gpu_q=1 gpu_total_us=764 gpu_prepass_us=0 gpu_main_us=764 gpu_composite_us=0 gpu_blit_us=0
frust_shell_common::perf: frust-perf raw n=517 total_us=4183 rebuild_us=135 layout_us=0 paint_us=59 encode_us=25 acquire_us=112 submit_us=3851 skipped=0 gpu_q=1 gpu_total_us=756 gpu_prepass_us=0 gpu_main_us=756 gpu_composite_us=0 gpu_blit_us=0
frust_shell_common::perf: frust-perf raw n=518 total_us=3930 rebuild_us=99 layout_us=0 paint_us=48 encode_us=22 acquire_us=135 submit_us=3623 skipped=0 gpu_q=1 gpu_total_us=767 gpu_prepass_us=0 gpu_main_us=767 gpu_composite_us=0 gpu_blit_us=0
frust_shell_common::perf: frust-perf raw n=519 total_us=3986 rebuild_us=96 layout_us=0 paint_us=48 encode_us=21 acquire_us=107 submit_us=3712 skipped=0 gpu_q=1 gpu_total_us=777 gpu_prepass_us=0 gpu_main_us=777 gpu_composite_us=0 gpu_blit_us=0
frust_shell_common::perf: frust-perf raw n=520 total_us=5536 rebuild_us=112 layout_us=0 paint_us=55 encode_us=26 acquire_us=125 submit_us=5216 skipped=0 gpu_q=1 gpu_total_us=729 gpu_prepass_us=0 gpu_main_us=729 gpu_composite_us=0 gpu_blit_us=0
frust_shell_common::perf: frust-perf raw n=521 total_us=5993 rebuild_us=133 layout_us=0 paint_us=65 encode_us=34 acquire_us=140 submit_us=5618 skipped=0 gpu_q=1 gpu_total_us=726 gpu_prepass_us=0 gpu_main_us=726 gpu_composite_us=0 gpu_blit_us=0
frust_shell_common::perf: frust-perf raw n=522 total_us=5854 rebuild_us=127 layout_us=0 paint_us=62 encode_us=32 acquire_us=144 submit_us=5486 skipped=0 gpu_q=1 gpu_total_us=766 gpu_prepass_us=0 gpu_main_us=766 gpu_composite_us=0 gpu_blit_us=0
frust_shell_common::perf: frust-perf raw n=523 total_us=5167 rebuild_us=168 layout_us=0 paint_us=78 encode_us=35 acquire_us=148 submit_us=4735 skipped=0 gpu_q=1 gpu_total_us=758 gpu_prepass_us=0 gpu_main_us=758 gpu_composite_us=0 gpu_blit_us=0
frust_shell_common::perf: frust-perf raw n=524 total_us=4663 rebuild_us=119 layout_us=0 paint_us=56 encode_us=27 acquire_us=122 submit_us=4336 skipped=0 gpu_q=1 gpu_total_us=731 gpu_prepass_us=0 gpu_main_us=731 gpu_composite_us=0 gpu_blit_us=0
frust_shell_common::perf: frust-perf raw n=525 total_us=3339 rebuild_us=104 layout_us=0 paint_us=46 encode_us=18 acquire_us=141 submit_us=3028 skipped=0 gpu_q=1 gpu_total_us=722 gpu_prepass_us=0 gpu_main_us=722 gpu_composite_us=0 gpu_blit_us=0
frust_shell_common::perf: frust-perf raw n=526 total_us=3288 rebuild_us=140 layout_us=0 paint_us=69 encode_us=14 acquire_us=96 submit_us=2967 skipped=0 gpu_q=1 gpu_total_us=724 gpu_prepass_us=0 gpu_main_us=724 gpu_composite_us=0 gpu_blit_us=0
frust_shell_common::perf: frust-perf raw n=527 total_us=5349 rebuild_us=162 layout_us=0 paint_us=73 encode_us=38 acquire_us=167 submit_us=4907 skipped=0 gpu_q=1 gpu_total_us=729 gpu_prepass_us=0 gpu_main_us=729 gpu_composite_us=0 gpu_blit_us=0
frust_shell_common::perf: frust-perf raw n=528 total_us=4151 rebuild_us=117 layout_us=0 paint_us=56 encode_us=28 acquire_us=133 submit_us=3815 skipped=0 gpu_q=1 gpu_total_us=727 gpu_prepass_us=0 gpu_main_us=727 gpu_composite_us=0 gpu_blit_us=0
frust_shell_common::perf: frust-perf raw n=529 total_us=3983 rebuild_us=93 layout_us=0 paint_us=45 encode_us=21 acquire_us=103 submit_us=3719 skipped=0 gpu_q=1 gpu_total_us=784 gpu_prepass_us=0 gpu_main_us=784 gpu_composite_us=0 gpu_blit_us=0
frust_shell_common::perf: frust-perf raw n=530 total_us=4456 rebuild_us=110 layout_us=0 paint_us=52 encode_us=20 acquire_us=162 submit_us=4111 skipped=0 gpu_q=1 gpu_total_us=771 gpu_prepass_us=0 gpu_main_us=771 gpu_composite_us=0 gpu_blit_us=0
frust_shell_common::perf: frust-perf raw n=531 total_us=5450 rebuild_us=251 layout_us=0 paint_us=65 encode_us=29 acquire_us=134 submit_us=4969 skipped=0 gpu_q=1 gpu_total_us=727 gpu_prepass_us=0 gpu_main_us=727 gpu_composite_us=0 gpu_blit_us=0
frust_shell_common::perf: frust-perf raw n=532 total_us=4505 rebuild_us=110 layout_us=0 paint_us=55 encode_us=27 acquire_us=121 submit_us=4189 skipped=0 gpu_q=1 gpu_total_us=726 gpu_prepass_us=0 gpu_main_us=726 gpu_composite_us=0 gpu_blit_us=0
frust_shell_common::perf: frust-perf raw n=533 total_us=3144 rebuild_us=110 layout_us=0 paint_us=54 encode_us=21 acquire_us=147 submit_us=2809 skipped=0 gpu_q=1 gpu_total_us=770 gpu_prepass_us=0 gpu_main_us=770 gpu_composite_us=0 gpu_blit_us=0
frust_shell_common::perf: frust-perf raw n=534 total_us=3413 rebuild_us=188 layout_us=0 paint_us=85 encode_us=18 acquire_us=107 submit_us=3013 skipped=0 gpu_q=1 gpu_total_us=732 gpu_prepass_us=0 gpu_main_us=732 gpu_composite_us=0 gpu_blit_us=0
frust_shell_common::perf: frust-perf raw n=535 total_us=3266 rebuild_us=175 layout_us=0 paint_us=88 encode_us=13 acquire_us=91 submit_us=2897 skipped=0 gpu_q=1 gpu_total_us=730 gpu_prepass_us=0 gpu_main_us=730 gpu_composite_us=0 gpu_blit_us=0
frust_shell_common::perf: frust-perf raw n=536 total_us=3380 rebuild_us=188 layout_us=0 paint_us=92 encode_us=15 acquire_us=104 submit_us=2979 skipped=0 gpu_q=1 gpu_total_us=730 gpu_prepass_us=0 gpu_main_us=730 gpu_composite_us=0 gpu_blit_us=0
frust_shell_common::perf: frust-perf raw n=537 total_us=4036 rebuild_us=203 layout_us=0 paint_us=103 encode_us=14 acquire_us=520 submit_us=3194 skipped=0 gpu_q=1 gpu_total_us=771 gpu_prepass_us=0 gpu_main_us=771 gpu_composite_us=0 gpu_blit_us=0
frust_shell_common::perf: frust-perf raw n=538 total_us=3230 rebuild_us=147 layout_us=0 paint_us=68 encode_us=17 acquire_us=110 submit_us=2886 skipped=0 gpu_q=1 gpu_total_us=744 gpu_prepass_us=0 gpu_main_us=744 gpu_composite_us=0 gpu_blit_us=0
frust_shell_common::perf: frust-perf raw n=539 total_us=3182 rebuild_us=147 layout_us=0 paint_us=68 encode_us=12 acquire_us=101 submit_us=2852 skipped=0 gpu_q=1 gpu_total_us=748 gpu_prepass_us=0 gpu_main_us=748 gpu_composite_us=0 gpu_blit_us=0
frust_engine::renderer: frust-perf enc n=540 w=60 validate_us=3.4 prepare_us=3.3 classify_us=12.3 admit_us=0.3 walk_us=502.9 glyphs_us=214.9 finish_us=2.4 compile_us=525.6 schedule_us=3.9 paints_us=13.5 instances_us=30.3 resize_us=3.0 upload_us=210.6 replay_us=0.3 pipelines_us=17.0 record_us=31.4 total_us=831.9 total_p95_us=1719.8 draws=46 strips=1073 alphas=28576 glyph_draws=36 atlas_glyphs=36
frust_shell_common::perf: frust-perf raw n=540 total_us=3614 rebuild_us=186 layout_us=0 paint_us=85 encode_us=14 acquire_us=110 submit_us=3217 skipped=0 gpu_q=1 gpu_total_us=768 gpu_prepass_us=0 gpu_main_us=768 gpu_composite_us=0 gpu_blit_us=0
frust_shell_common::perf: frust-perf raw n=541 total_us=3420 rebuild_us=188 layout_us=0 paint_us=89 encode_us=16 acquire_us=107 submit_us=3017 skipped=0 gpu_q=1 gpu_total_us=734 gpu_prepass_us=0 gpu_main_us=734 gpu_composite_us=0 gpu_blit_us=0
frust_shell_common::perf: frust-perf raw n=542 total_us=3436 rebuild_us=195 layout_us=0 paint_us=90 encode_us=14 acquire_us=101 submit_us=3033 skipped=0 gpu_q=1 gpu_total_us=768 gpu_prepass_us=0 gpu_main_us=768 gpu_composite_us=0 gpu_blit_us=0
frust_shell_common::perf: frust-perf raw n=543 total_us=3342 rebuild_us=193 layout_us=0 paint_us=86 encode_us=16 acquire_us=107 submit_us=2939 skipped=0 gpu_q=1 gpu_total_us=790 gpu_prepass_us=0 gpu_main_us=790 gpu_composite_us=0 gpu_blit_us=0
frust_shell_common::perf: frust-perf raw n=544 total_us=3255 rebuild_us=178 layout_us=0 paint_us=87 encode_us=16 acquire_us=104 submit_us=2868 skipped=0 gpu_q=1 gpu_total_us=782 gpu_prepass_us=0 gpu_main_us=782 gpu_composite_us=0 gpu_blit_us=0
frust_shell_common::perf: frust-perf raw n=545 total_us=3300 rebuild_us=183 layout_us=0 paint_us=87 encode_us=14 acquire_us=114 submit_us=2901 skipped=0 gpu_q=1 gpu_total_us=776 gpu_prepass_us=0 gpu_main_us=776 gpu_composite_us=0 gpu_blit_us=0
frust_shell_common::perf: frust-perf raw n=546 total_us=6290 rebuild_us=368 layout_us=0 paint_us=84 encode_us=36 acquire_us=179 submit_us=5620 skipped=0 gpu_q=1 gpu_total_us=787 gpu_prepass_us=0 gpu_main_us=787 gpu_composite_us=0 gpu_blit_us=0
frust_shell_common::perf: frust-perf raw n=547 total_us=3417 rebuild_us=181 layout_us=0 paint_us=85 encode_us=18 acquire_us=132 submit_us=2999 skipped=0 gpu_q=1 gpu_total_us=770 gpu_prepass_us=0 gpu_main_us=770 gpu_composite_us=0 gpu_blit_us=0
frust_shell_common::perf: frust-perf raw n=548 total_us=3239 rebuild_us=177 layout_us=0 paint_us=85 encode_us=14 acquire_us=104 submit_us=2857 skipped=0 gpu_q=1 gpu_total_us=742 gpu_prepass_us=0 gpu_main_us=742 gpu_composite_us=0 gpu_blit_us=0
frust_shell_common::perf: frust-perf raw n=549 total_us=3543 rebuild_us=190 layout_us=0 paint_us=88 encode_us=14 acquire_us=107 submit_us=3141 skipped=0 gpu_q=1 gpu_total_us=711 gpu_prepass_us=0 gpu_main_us=711 gpu_composite_us=0 gpu_blit_us=0
frust_shell_common::perf: frust-perf raw n=550 total_us=3448 rebuild_us=176 layout_us=0 paint_us=85 encode_us=17 acquire_us=100 submit_us=3069 skipped=0 gpu_q=1 gpu_total_us=691 gpu_prepass_us=0 gpu_main_us=691 gpu_composite_us=0 gpu_blit_us=0
frust_shell_common::perf: frust-perf raw n=551 total_us=3500 rebuild_us=193 layout_us=0 paint_us=94 encode_us=18 acquire_us=113 submit_us=3079 skipped=0 gpu_q=1 gpu_total_us=754 gpu_prepass_us=0 gpu_main_us=754 gpu_composite_us=0 gpu_blit_us=0
frust_shell_common::perf: frust-perf raw n=552 total_us=3393 rebuild_us=190 layout_us=0 paint_us=89 encode_us=13 acquire_us=101 submit_us=2997 skipped=0 gpu_q=1 gpu_total_us=725 gpu_prepass_us=0 gpu_main_us=725 gpu_composite_us=0 gpu_blit_us=0
frust_shell_common::perf: frust-perf raw n=553 total_us=3405 rebuild_us=180 layout_us=0 paint_us=87 encode_us=14 acquire_us=101 submit_us=3020 skipped=0 gpu_q=1 gpu_total_us=715 gpu_prepass_us=0 gpu_main_us=715 gpu_composite_us=0 gpu_blit_us=0
frust_shell_common::perf: frust-perf raw n=554 total_us=3226 rebuild_us=183 layout_us=0 paint_us=85 encode_us=13 acquire_us=98 submit_us=2845 skipped=0 gpu_q=1 gpu_total_us=732 gpu_prepass_us=0 gpu_main_us=732 gpu_composite_us=0 gpu_blit_us=0
frust_shell_common::perf: frust-perf raw n=555 total_us=3406 rebuild_us=257 layout_us=0 paint_us=89 encode_us=14 acquire_us=97 submit_us=2946 skipped=0 gpu_q=1 gpu_total_us=712 gpu_prepass_us=0 gpu_main_us=712 gpu_composite_us=0 gpu_blit_us=0
frust_shell_common::perf: frust-perf raw n=556 total_us=5709 rebuild_us=198 layout_us=0 paint_us=89 encode_us=37 acquire_us=186 submit_us=5196 skipped=0 gpu_q=1 gpu_total_us=728 gpu_prepass_us=0 gpu_main_us=728 gpu_composite_us=0 gpu_blit_us=0
frust_shell_common::perf: frust-perf raw n=557 total_us=4096 rebuild_us=124 layout_us=0 paint_us=65 encode_us=24 acquire_us=129 submit_us=3752 skipped=0 gpu_q=1 gpu_total_us=723 gpu_prepass_us=0 gpu_main_us=723 gpu_composite_us=0 gpu_blit_us=0
frust_shell_common::perf: frust-perf raw n=558 total_us=3972 rebuild_us=173 layout_us=0 paint_us=73 encode_us=18 acquire_us=108 submit_us=3597 skipped=0 gpu_q=1 gpu_total_us=729 gpu_prepass_us=0 gpu_main_us=729 gpu_composite_us=0 gpu_blit_us=0
frust_shell_common::perf: frust-perf raw n=559 total_us=3307 rebuild_us=119 layout_us=0 paint_us=58 encode_us=19 acquire_us=144 submit_us=2967 skipped=0 gpu_q=1 gpu_total_us=738 gpu_prepass_us=0 gpu_main_us=738 gpu_composite_us=0 gpu_blit_us=0
frust_shell_common::perf: frust-perf raw n=560 total_us=3171 rebuild_us=139 layout_us=0 paint_us=62 encode_us=13 acquire_us=92 submit_us=2863 skipped=0 gpu_q=1 gpu_total_us=705 gpu_prepass_us=0 gpu_main_us=705 gpu_composite_us=0 gpu_blit_us=0
frust_shell_common::perf: frust-perf raw n=561 total_us=3361 rebuild_us=152 layout_us=0 paint_us=70 encode_us=12 acquire_us=105 submit_us=3020 skipped=0 gpu_q=1 gpu_total_us=689 gpu_prepass_us=0 gpu_main_us=689 gpu_composite_us=0 gpu_blit_us=0
frust_shell_common::perf: frust-perf raw n=562 total_us=3374 rebuild_us=169 layout_us=0 paint_us=79 encode_us=12 acquire_us=104 submit_us=3008 skipped=0 gpu_q=1 gpu_total_us=716 gpu_prepass_us=0 gpu_main_us=716 gpu_composite_us=0 gpu_blit_us=0
frust_shell_common::perf: frust-perf raw n=563 total_us=3490 rebuild_us=332 layout_us=0 paint_us=71 encode_us=18 acquire_us=108 submit_us=2960 skipped=0 gpu_q=1 gpu_total_us=742 gpu_prepass_us=0 gpu_main_us=742 gpu_composite_us=0 gpu_blit_us=0
frust_shell_common::perf: frust-perf raw n=564 total_us=3281 rebuild_us=333 layout_us=0 paint_us=86 encode_us=14 acquire_us=101 submit_us=2745 skipped=0 gpu_q=1 gpu_total_us=744 gpu_prepass_us=0 gpu_main_us=744 gpu_composite_us=0 gpu_blit_us=0
frust_shell_common::perf: frust-perf raw n=565 total_us=3158 rebuild_us=180 layout_us=1 paint_us=86 encode_us=12 acquire_us=96 submit_us=2779 skipped=0 gpu_q=1 gpu_total_us=745 gpu_prepass_us=0 gpu_main_us=745 gpu_composite_us=0 gpu_blit_us=0
frust_shell_common::perf: frust-perf raw n=566 total_us=3255 rebuild_us=177 layout_us=0 paint_us=88 encode_us=12 acquire_us=97 submit_us=2878 skipped=0 gpu_q=1 gpu_total_us=747 gpu_prepass_us=0 gpu_main_us=747 gpu_composite_us=0 gpu_blit_us=0
frust_shell_common::perf: frust-perf raw n=567 total_us=3315 rebuild_us=186 layout_us=0 paint_us=88 encode_us=13 acquire_us=103 submit_us=2922 skipped=0 gpu_q=1 gpu_total_us=768 gpu_prepass_us=0 gpu_main_us=768 gpu_composite_us=0 gpu_blit_us=0
frust_shell_common::perf: frust-perf raw n=568 total_us=3430 rebuild_us=194 layout_us=0 paint_us=87 encode_us=19 acquire_us=108 submit_us=3020 skipped=0 gpu_q=1 gpu_total_us=748 gpu_prepass_us=0 gpu_main_us=748 gpu_composite_us=0 gpu_blit_us=0
frust_shell_common::perf: frust-perf raw n=569 total_us=3338 rebuild_us=197 layout_us=0 paint_us=92 encode_us=14 acquire_us=100 submit_us=2932 skipped=0 gpu_q=1 gpu_total_us=750 gpu_prepass_us=0 gpu_main_us=750 gpu_composite_us=0 gpu_blit_us=0
frust_shell_common::perf: frust-perf raw n=570 total_us=3356 rebuild_us=191 layout_us=0 paint_us=93 encode_us=13 acquire_us=111 submit_us=2945 skipped=0 gpu_q=1 gpu_total_us=751 gpu_prepass_us=0 gpu_main_us=751 gpu_composite_us=0 gpu_blit_us=0
frust_shell_common::perf: frust-perf raw n=571 total_us=3346 rebuild_us=187 layout_us=0 paint_us=89 encode_us=13 acquire_us=106 submit_us=2948 skipped=0 gpu_q=1 gpu_total_us=737 gpu_prepass_us=0 gpu_main_us=737 gpu_composite_us=0 gpu_blit_us=0
frust_shell_common::perf: frust-perf raw n=572 total_us=3349 rebuild_us=185 layout_us=0 paint_us=88 encode_us=13 acquire_us=107 submit_us=2954 skipped=0 gpu_q=1 gpu_total_us=755 gpu_prepass_us=0 gpu_main_us=755 gpu_composite_us=0 gpu_blit_us=0
frust_shell_common::perf: frust-perf raw n=573 total_us=3434 rebuild_us=202 layout_us=0 paint_us=94 encode_us=18 acquire_us=110 submit_us=3007 skipped=0 gpu_q=1 gpu_total_us=742 gpu_prepass_us=0 gpu_main_us=742 gpu_composite_us=0 gpu_blit_us=0
frust_shell_common::perf: frust-perf raw n=574 total_us=3391 rebuild_us=186 layout_us=0 paint_us=97 encode_us=13 acquire_us=102 submit_us=2990 skipped=0 gpu_q=1 gpu_total_us=726 gpu_prepass_us=0 gpu_main_us=726 gpu_composite_us=0 gpu_blit_us=0
frust_shell_common::perf: frust-perf raw n=575 total_us=3369 rebuild_us=190 layout_us=0 paint_us=92 encode_us=13 acquire_us=101 submit_us=2971 skipped=0 gpu_q=1 gpu_total_us=757 gpu_prepass_us=0 gpu_main_us=757 gpu_composite_us=0 gpu_blit_us=0
frust_shell_common::perf: frust-perf raw n=576 total_us=3299 rebuild_us=182 layout_us=0 paint_us=89 encode_us=13 acquire_us=100 submit_us=2913 skipped=0 gpu_q=1 gpu_total_us=729 gpu_prepass_us=0 gpu_main_us=729 gpu_composite_us=0 gpu_blit_us=0
frust_shell_common::perf: frust-perf frame n=120 total_p50_ms=3 total_p95_ms=5 total_p99_ms=6 rebuild_p95_ms=0 layout_p95_ms=0 paint_p95_ms=0 encode_p95_ms=0 acquire_p95_ms=0 submit_p95_ms=5 over_60hz=1 over_120hz=3 skipped=0 total_frames=576
frust_shell_common::perf: frust-perf raw n=577 total_us=3641 rebuild_us=190 layout_us=0 paint_us=95 encode_us=15 acquire_us=118 submit_us=3220 skipped=0 gpu_q=1 gpu_total_us=753 gpu_prepass_us=0 gpu_main_us=753 gpu_composite_us=0 gpu_blit_us=0
frust_shell_common::perf: frust-perf raw n=578 total_us=3360 rebuild_us=189 layout_us=0 paint_us=94 encode_us=14 acquire_us=161 submit_us=2900 skipped=0 gpu_q=1 gpu_total_us=736 gpu_prepass_us=0 gpu_main_us=736 gpu_composite_us=0 gpu_blit_us=0
frust_shell_common::perf: frust-perf raw n=579 total_us=3373 rebuild_us=262 layout_us=0 paint_us=93 encode_us=12 acquire_us=109 submit_us=2894 skipped=0 gpu_q=1 gpu_total_us=746 gpu_prepass_us=0 gpu_main_us=746 gpu_composite_us=0 gpu_blit_us=0
frust_shell_common::perf: frust-perf raw n=580 total_us=3227 rebuild_us=249 layout_us=0 paint_us=94 encode_us=16 acquire_us=96 submit_us=2770 skipped=0 gpu_q=1 gpu_total_us=743 gpu_prepass_us=0 gpu_main_us=743 gpu_composite_us=0 gpu_blit_us=0
frust_shell_common::perf: frust-perf raw n=581 total_us=3244 rebuild_us=181 layout_us=0 paint_us=86 encode_us=16 acquire_us=107 submit_us=2853 skipped=0 gpu_q=1 gpu_total_us=756 gpu_prepass_us=0 gpu_main_us=756 gpu_composite_us=0 gpu_blit_us=0
frust_shell_common::perf: frust-perf raw n=582 total_us=3160 rebuild_us=192 layout_us=0 paint_us=83 encode_us=17 acquire_us=105 submit_us=2761 skipped=0 gpu_q=1 gpu_total_us=724 gpu_prepass_us=0 gpu_main_us=724 gpu_composite_us=0 gpu_blit_us=0
frust_shell_common::perf: frust-perf raw n=583 total_us=3401 rebuild_us=193 layout_us=0 paint_us=95 encode_us=13 acquire_us=111 submit_us=2987 skipped=0 gpu_q=1 gpu_total_us=772 gpu_prepass_us=0 gpu_main_us=772 gpu_composite_us=0 gpu_blit_us=0
frust_shell_common::perf: frust-perf raw n=584 total_us=3429 rebuild_us=184 layout_us=0 paint_us=86 encode_us=14 acquire_us=105 submit_us=3038 skipped=0 gpu_q=1 gpu_total_us=725 gpu_prepass_us=0 gpu_main_us=725 gpu_composite_us=0 gpu_blit_us=0
frust_shell_common::perf: frust-perf raw n=585 total_us=3238 rebuild_us=178 layout_us=0 paint_us=83 encode_us=13 acquire_us=103 submit_us=2859 skipped=0 gpu_q=1 gpu_total_us=752 gpu_prepass_us=0 gpu_main_us=752 gpu_composite_us=0 gpu_blit_us=0
frust_shell_common::perf: frust-perf raw n=586 total_us=3257 rebuild_us=188 layout_us=0 paint_us=85 encode_us=15 acquire_us=103 submit_us=2865 skipped=0 gpu_q=1 gpu_total_us=736 gpu_prepass_us=0 gpu_main_us=736 gpu_composite_us=0 gpu_blit_us=0
frust_shell_common::perf: frust-perf raw n=587 total_us=5510 rebuild_us=178 layout_us=0 paint_us=82 encode_us=34 acquire_us=160 submit_us=5053 skipped=0 gpu_q=1 gpu_total_us=741 gpu_prepass_us=0 gpu_main_us=741 gpu_composite_us=0 gpu_blit_us=0
frust_shell_common::perf: frust-perf raw n=588 total_us=4297 rebuild_us=119 layout_us=0 paint_us=60 encode_us=23 acquire_us=129 submit_us=3964 skipped=0 gpu_q=1 gpu_total_us=743 gpu_prepass_us=0 gpu_main_us=743 gpu_composite_us=0 gpu_blit_us=0
frust_shell_common::perf: frust-perf raw n=589 total_us=3348 rebuild_us=125 layout_us=0 paint_us=60 encode_us=17 acquire_us=152 submit_us=2990 skipped=0 gpu_q=1 gpu_total_us=748 gpu_prepass_us=0 gpu_main_us=748 gpu_composite_us=0 gpu_blit_us=0
frust_shell_android::app::frame: frust-perf platform-view tail depth=0 target=0 acquire_bound=false frame=600 expected_present_us=0 acquire_us=128 period_us=8238
frust_shell_common::perf: frust-perf raw n=590 total_us=2533 rebuild_us=143 layout_us=0 paint_us=73 encode_us=13 acquire_us=80 submit_us=2221 skipped=0 gpu_q=1 gpu_total_us=725 gpu_prepass_us=0 gpu_main_us=725 gpu_composite_us=0 gpu_blit_us=0
frust_shell_common::perf: frust-perf raw n=591 total_us=2904 rebuild_us=136 layout_us=0 paint_us=62 encode_us=11 acquire_us=83 submit_us=2610 skipped=0 gpu_q=1 gpu_total_us=707 gpu_prepass_us=0 gpu_main_us=707 gpu_composite_us=0 gpu_blit_us=0
frust_shell_common::perf: frust-perf raw n=592 total_us=2501 rebuild_us=127 layout_us=0 paint_us=61 encode_us=12 acquire_us=88 submit_us=2211 skipped=0 gpu_q=1 gpu_total_us=703 gpu_prepass_us=0 gpu_main_us=703 gpu_composite_us=0 gpu_blit_us=0
frust_shell_common::perf: frust-perf raw n=593 total_us=2933 rebuild_us=126 layout_us=0 paint_us=56 encode_us=11 acquire_us=80 submit_us=2658 skipped=0 gpu_q=1 gpu_total_us=767 gpu_prepass_us=0 gpu_main_us=767 gpu_composite_us=0 gpu_blit_us=0
frust_shell_common::perf: frust-perf raw n=594 total_us=2918 rebuild_us=138 layout_us=0 paint_us=66 encode_us=12 acquire_us=91 submit_us=2608 skipped=0 gpu_q=1 gpu_total_us=733 gpu_prepass_us=0 gpu_main_us=733 gpu_composite_us=0 gpu_blit_us=0
frust_shell_common::perf: frust-perf raw n=595 total_us=6062 rebuild_us=138 layout_us=0 paint_us=65 encode_us=60 acquire_us=391 submit_us=5405 skipped=0 gpu_q=1 gpu_total_us=738 gpu_prepass_us=0 gpu_main_us=738 gpu_composite_us=0 gpu_blit_us=0
frust_shell_common::perf: frust-perf raw n=596 total_us=6441 rebuild_us=132 layout_us=0 paint_us=62 encode_us=90 acquire_us=217 submit_us=5938 skipped=0 gpu_q=1 gpu_total_us=753 gpu_prepass_us=0 gpu_main_us=753 gpu_composite_us=0 gpu_blit_us=0
frust_shell_common::perf: frust-perf raw n=597 total_us=5525 rebuild_us=345 layout_us=0 paint_us=75 encode_us=29 acquire_us=140 submit_us=4934 skipped=0 gpu_q=1 gpu_total_us=688 gpu_prepass_us=0 gpu_main_us=688 gpu_composite_us=0 gpu_blit_us=0
frust_shell_common::perf: frust-perf raw n=598 total_us=3928 rebuild_us=172 layout_us=0 paint_us=64 encode_us=21 acquire_us=106 submit_us=3562 skipped=0 gpu_q=1 gpu_total_us=682 gpu_prepass_us=0 gpu_main_us=682 gpu_composite_us=0 gpu_blit_us=0
frust_shell_common::perf: frust-perf raw n=599 total_us=4409 rebuild_us=127 layout_us=0 paint_us=63 encode_us=22 acquire_us=116 submit_us=4077 skipped=0 gpu_q=1 gpu_total_us=669 gpu_prepass_us=0 gpu_main_us=669 gpu_composite_us=0 gpu_blit_us=0
frust_engine::renderer: frust-perf enc n=600 w=60 validate_us=3.3 prepare_us=3.3 classify_us=12.0 admit_us=0.3 walk_us=502.7 glyphs_us=214.7 finish_us=2.4 compile_us=523.9 schedule_us=3.6 paints_us=13.5 instances_us=30.4 resize_us=3.0 upload_us=205.9 replay_us=0.3 pipelines_us=16.9 record_us=30.2 total_us=833.6 total_p95_us=1531.6 draws=46 strips=1073 alphas=28576 glyph_draws=36 atlas_glyphs=36
frust_shell_common::perf: frust-perf raw n=600 total_us=4075 rebuild_us=124 layout_us=0 paint_us=59 encode_us=18 acquire_us=113 submit_us=3759 skipped=0 gpu_q=1 gpu_total_us=663 gpu_prepass_us=0 gpu_main_us=663 gpu_composite_us=0 gpu_blit_us=0
frust_shell_common::perf: frust-perf raw n=601 total_us=3936 rebuild_us=113 layout_us=0 paint_us=55 encode_us=20 acquire_us=110 submit_us=3636 skipped=0 gpu_q=1 gpu_total_us=673 gpu_prepass_us=0 gpu_main_us=673 gpu_composite_us=0 gpu_blit_us=0
frust_shell_common::perf: frust-perf raw n=602 total_us=4271 rebuild_us=123 layout_us=0 paint_us=62 encode_us=25 acquire_us=122 submit_us=3937 skipped=0 gpu_q=1 gpu_total_us=709 gpu_prepass_us=0 gpu_main_us=709 gpu_composite_us=0 gpu_blit_us=0
frust_shell_common::perf: frust-perf raw n=603 total_us=5311 rebuild_us=134 layout_us=0 paint_us=65 encode_us=32 acquire_us=128 submit_us=4951 skipped=0 gpu_q=1 gpu_total_us=668 gpu_prepass_us=0 gpu_main_us=668 gpu_composite_us=0 gpu_blit_us=0
frust_shell_common::perf: frust-perf raw n=604 total_us=4581 rebuild_us=124 layout_us=0 paint_us=60 encode_us=27 acquire_us=125 submit_us=4242 skipped=0 gpu_q=1 gpu_total_us=675 gpu_prepass_us=0 gpu_main_us=675 gpu_composite_us=0 gpu_blit_us=0
frust_shell_common::perf: frust-perf raw n=605 total_us=4841 rebuild_us=119 layout_us=0 paint_us=58 encode_us=26 acquire_us=125 submit_us=4511 skipped=0 gpu_q=1 gpu_total_us=677 gpu_prepass_us=0 gpu_main_us=677 gpu_composite_us=0 gpu_blit_us=0
frust_shell_common::perf: frust-perf raw n=606 total_us=4553 rebuild_us=115 layout_us=0 paint_us=58 encode_us=23 acquire_us=158 submit_us=4197 skipped=0 gpu_q=1 gpu_total_us=668 gpu_prepass_us=0 gpu_main_us=668 gpu_composite_us=0 gpu_blit_us=0
frust_shell_common::perf: frust-perf raw n=607 total_us=3825 rebuild_us=109 layout_us=0 paint_us=51 encode_us=22 acquire_us=110 submit_us=3531 skipped=0 gpu_q=1 gpu_total_us=674 gpu_prepass_us=0 gpu_main_us=674 gpu_composite_us=0 gpu_blit_us=0
frust_shell_common::perf: frust-perf raw n=608 total_us=3829 rebuild_us=105 layout_us=0 paint_us=51 encode_us=19 acquire_us=97 submit_us=3555 skipped=0 gpu_q=1 gpu_total_us=667 gpu_prepass_us=0 gpu_main_us=667 gpu_composite_us=0 gpu_blit_us=0
frust_shell_common::perf: frust-perf raw n=609 total_us=5080 rebuild_us=115 layout_us=0 paint_us=56 encode_us=22 acquire_us=131 submit_us=4754 skipped=0 gpu_q=1 gpu_total_us=667 gpu_prepass_us=0 gpu_main_us=667 gpu_composite_us=0 gpu_blit_us=0
frust_shell_common::perf: frust-perf raw n=610 total_us=4600 rebuild_us=113 layout_us=0 paint_us=54 encode_us=27 acquire_us=129 submit_us=4275 skipped=0 gpu_q=1 gpu_total_us=667 gpu_prepass_us=0 gpu_main_us=667 gpu_composite_us=0 gpu_blit_us=0
frust_shell_common::perf: frust-perf raw n=611 total_us=5539 rebuild_us=118 layout_us=0 paint_us=56 encode_us=26 acquire_us=135 submit_us=5202 skipped=0 gpu_q=1 gpu_total_us=693 gpu_prepass_us=0 gpu_main_us=693 gpu_composite_us=0 gpu_blit_us=0
frust_shell_common::perf: frust-perf raw n=612 total_us=3379 rebuild_us=123 layout_us=0 paint_us=56 encode_us=22 acquire_us=174 submit_us=3003 skipped=0 gpu_q=1 gpu_total_us=688 gpu_prepass_us=0 gpu_main_us=688 gpu_composite_us=0 gpu_blit_us=0
frust_shell_common::perf: frust-perf raw n=613 total_us=3423 rebuild_us=174 layout_us=0 paint_us=196 encode_us=15 acquire_us=101 submit_us=2935 skipped=0 gpu_q=1 gpu_total_us=666 gpu_prepass_us=0 gpu_main_us=666 gpu_composite_us=0 gpu_blit_us=0
frust_shell_common::perf: frust-perf raw n=614 total_us=3353 rebuild_us=184 layout_us=0 paint_us=86 encode_us=15 acquire_us=113 submit_us=2953 skipped=0 gpu_q=1 gpu_total_us=667 gpu_prepass_us=0 gpu_main_us=667 gpu_composite_us=0 gpu_blit_us=0
frust_shell_common::perf: frust-perf raw n=615 total_us=3444 rebuild_us=199 layout_us=0 paint_us=204 encode_us=14 acquire_us=99 submit_us=2926 skipped=0 gpu_q=1 gpu_total_us=668 gpu_prepass_us=0 gpu_main_us=668 gpu_composite_us=0 gpu_blit_us=0
frust_shell_common::perf: frust-perf raw n=616 total_us=3597 rebuild_us=202 layout_us=0 paint_us=94 encode_us=15 acquire_us=104 submit_us=3179 skipped=0 gpu_q=1 gpu_total_us=712 gpu_prepass_us=0 gpu_main_us=712 gpu_composite_us=0 gpu_blit_us=0
frust_shell_common::perf: frust-perf raw n=617 total_us=3520 rebuild_us=182 layout_us=0 paint_us=87 encode_us=22 acquire_us=156 submit_us=3071 skipped=0 gpu_q=1 gpu_total_us=709 gpu_prepass_us=0 gpu_main_us=709 gpu_composite_us=0 gpu_blit_us=0
frust_shell_common::perf: frust-perf raw n=618 total_us=3442 rebuild_us=196 layout_us=0 paint_us=93 encode_us=15 acquire_us=104 submit_us=3032 skipped=0 gpu_q=1 gpu_total_us=690 gpu_prepass_us=0 gpu_main_us=690 gpu_composite_us=0 gpu_blit_us=0
frust_shell_common::perf: frust-perf raw n=619 total_us=3403 rebuild_us=180 layout_us=0 paint_us=88 encode_us=13 acquire_us=99 submit_us=3022 skipped=0 gpu_q=1 gpu_total_us=674 gpu_prepass_us=0 gpu_main_us=674 gpu_composite_us=0 gpu_blit_us=0
frust_shell_common::perf: frust-perf raw n=620 total_us=3250 rebuild_us=193 layout_us=0 paint_us=90 encode_us=14 acquire_us=97 submit_us=2854 skipped=0 gpu_q=1 gpu_total_us=697 gpu_prepass_us=0 gpu_main_us=697 gpu_composite_us=0 gpu_blit_us=0
frust_shell_common::perf: frust-perf raw n=621 total_us=3329 rebuild_us=188 layout_us=0 paint_us=89 encode_us=12 acquire_us=97 submit_us=2940 skipped=0 gpu_q=1 gpu_total_us=713 gpu_prepass_us=0 gpu_main_us=713 gpu_composite_us=0 gpu_blit_us=0
frust_shell_common::perf: frust-perf raw n=622 total_us=5692 rebuild_us=187 layout_us=0 paint_us=91 encode_us=37 acquire_us=226 submit_us=5148 skipped=0 gpu_q=1 gpu_total_us=697 gpu_prepass_us=0 gpu_main_us=697 gpu_composite_us=0 gpu_blit_us=0
frust_shell_common::perf: frust-perf raw n=623 total_us=4177 rebuild_us=121 layout_us=0 paint_us=60 encode_us=26 acquire_us=126 submit_us=3843 skipped=0 gpu_q=1 gpu_total_us=691 gpu_prepass_us=0 gpu_main_us=691 gpu_composite_us=0 gpu_blit_us=0
frust_shell_common::perf: frust-perf raw n=624 total_us=3791 rebuild_us=92 layout_us=0 paint_us=44 encode_us=18 acquire_us=103 submit_us=3532 skipped=0 gpu_q=1 gpu_total_us=701 gpu_prepass_us=0 gpu_main_us=701 gpu_composite_us=0 gpu_blit_us=0
frust_shell_common::perf: frust-perf raw n=625 total_us=4393 rebuild_us=108 layout_us=0 paint_us=53 encode_us=22 acquire_us=112 submit_us=4096 skipped=0 gpu_q=1 gpu_total_us=694 gpu_prepass_us=0 gpu_main_us=694 gpu_composite_us=0 gpu_blit_us=0
frust_shell_common::perf: frust-perf raw n=626 total_us=5720 rebuild_us=115 layout_us=0 paint_us=54 encode_us=26 acquire_us=121 submit_us=5402 skipped=0 gpu_q=1 gpu_total_us=663 gpu_prepass_us=0 gpu_main_us=663 gpu_composite_us=0 gpu_blit_us=0
frust_shell_common::perf: frust-perf raw n=627 total_us=5712 rebuild_us=148 layout_us=0 paint_us=74 encode_us=31 acquire_us=165 submit_us=5291 skipped=0 gpu_q=1 gpu_total_us=670 gpu_prepass_us=0 gpu_main_us=670 gpu_composite_us=0 gpu_blit_us=0
frust_shell_common::perf: frust-perf raw n=628 total_us=4124 rebuild_us=153 layout_us=0 paint_us=69 encode_us=25 acquire_us=149 submit_us=3725 skipped=0 gpu_q=1 gpu_total_us=702 gpu_prepass_us=0 gpu_main_us=702 gpu_composite_us=0 gpu_blit_us=0
frust_shell_common::perf: frust-perf raw n=629 total_us=3328 rebuild_us=126 layout_us=0 paint_us=57 encode_us=21 acquire_us=126 submit_us=2995 skipped=0 gpu_q=1 gpu_total_us=663 gpu_prepass_us=0 gpu_main_us=663 gpu_composite_us=0 gpu_blit_us=0
frust_shell_common::perf: frust-perf raw n=630 total_us=3397 rebuild_us=153 layout_us=0 paint_us=70 encode_us=17 acquire_us=232 submit_us=2923 skipped=0 gpu_q=1 gpu_total_us=673 gpu_prepass_us=0 gpu_main_us=673 gpu_composite_us=0 gpu_blit_us=0
frust_shell_common::perf: frust-perf raw n=631 total_us=3357 rebuild_us=213 layout_us=0 paint_us=102 encode_us=17 acquire_us=125 submit_us=2898 skipped=0 gpu_q=1 gpu_total_us=698 gpu_prepass_us=0 gpu_main_us=698 gpu_composite_us=0 gpu_blit_us=0
frust_shell_common::perf: frust-perf raw n=632 total_us=3225 rebuild_us=195 layout_us=0 paint_us=94 encode_us=14 acquire_us=99 submit_us=2822 skipped=0 gpu_q=1 gpu_total_us=666 gpu_prepass_us=0 gpu_main_us=666 gpu_composite_us=0 gpu_blit_us=0
frust_shell_common::perf: frust-perf raw n=633 total_us=3356 rebuild_us=201 layout_us=0 paint_us=92 encode_us=18 acquire_us=108 submit_us=2935 skipped=0 gpu_q=1 gpu_total_us=666 gpu_prepass_us=0 gpu_main_us=666 gpu_composite_us=0 gpu_blit_us=0
frust_shell_common::perf: frust-perf raw n=634 total_us=3318 rebuild_us=190 layout_us=0 paint_us=85 encode_us=15 acquire_us=100 submit_us=2926 skipped=0 gpu_q=1 gpu_total_us=676 gpu_prepass_us=0 gpu_main_us=676 gpu_composite_us=0 gpu_blit_us=0
frust_shell_common::perf: frust-perf raw n=635 total_us=3374 rebuild_us=184 layout_us=0 paint_us=87 encode_us=13 acquire_us=105 submit_us=2983 skipped=0 gpu_q=1 gpu_total_us=674 gpu_prepass_us=0 gpu_main_us=674 gpu_composite_us=0 gpu_blit_us=0
frust_shell_common::perf: frust-perf raw n=636 total_us=3351 rebuild_us=186 layout_us=0 paint_us=84 encode_us=16 acquire_us=110 submit_us=2953 skipped=0 gpu_q=1 gpu_total_us=679 gpu_prepass_us=0 gpu_main_us=679 gpu_composite_us=0 gpu_blit_us=0
frust_shell_common::perf: frust-perf raw n=637 total_us=3207 rebuild_us=183 layout_us=0 paint_us=83 encode_us=13 acquire_us=98 submit_us=2827 skipped=0 gpu_q=1 gpu_total_us=666 gpu_prepass_us=0 gpu_main_us=666 gpu_composite_us=0 gpu_blit_us=0
frust_shell_common::perf: frust-perf raw n=638 total_us=3334 rebuild_us=194 layout_us=0 paint_us=95 encode_us=14 acquire_us=103 submit_us=2926 skipped=0 gpu_q=1 gpu_total_us=689 gpu_prepass_us=0 gpu_main_us=689 gpu_composite_us=0 gpu_blit_us=0
frust_shell_common::perf: frust-perf raw n=639 total_us=3326 rebuild_us=192 layout_us=0 paint_us=85 encode_us=14 acquire_us=104 submit_us=2929 skipped=0 gpu_q=1 gpu_total_us=706 gpu_prepass_us=0 gpu_main_us=706 gpu_composite_us=0 gpu_blit_us=0
frust_shell_common::perf: frust-perf raw n=640 total_us=3527 rebuild_us=185 layout_us=0 paint_us=88 encode_us=15 acquire_us=116 submit_us=3121 skipped=0 gpu_q=1 gpu_total_us=698 gpu_prepass_us=0 gpu_main_us=698 gpu_composite_us=0 gpu_blit_us=0
frust_shell_common::perf: frust-perf raw n=641 total_us=3373 rebuild_us=187 layout_us=0 paint_us=95 encode_us=14 acquire_us=100 submit_us=2974 skipped=0 gpu_q=1 gpu_total_us=699 gpu_prepass_us=0 gpu_main_us=699 gpu_composite_us=0 gpu_blit_us=0
frust_shell_common::perf: frust-perf raw n=642 total_us=3420 rebuild_us=195 layout_us=0 paint_us=88 encode_us=15 acquire_us=105 submit_us=3015 skipped=0 gpu_q=1 gpu_total_us=689 gpu_prepass_us=0 gpu_main_us=689 gpu_composite_us=0 gpu_blit_us=0
frust_shell_common::perf: frust-perf raw n=643 total_us=3356 rebuild_us=189 layout_us=0 paint_us=92 encode_us=13 acquire_us=99 submit_us=2960 skipped=0 gpu_q=1 gpu_total_us=680 gpu_prepass_us=0 gpu_main_us=680 gpu_composite_us=0 gpu_blit_us=0
frust_shell_common::perf: frust-perf raw n=644 total_us=3337 rebuild_us=188 layout_us=0 paint_us=86 encode_us=18 acquire_us=110 submit_us=2933 skipped=0 gpu_q=1 gpu_total_us=701 gpu_prepass_us=0 gpu_main_us=701 gpu_composite_us=0 gpu_blit_us=0
frust_shell_common::perf: frust-perf raw n=645 total_us=3322 rebuild_us=189 layout_us=0 paint_us=86 encode_us=14 acquire_us=104 submit_us=2925 skipped=0 gpu_q=1 gpu_total_us=692 gpu_prepass_us=0 gpu_main_us=692 gpu_composite_us=0 gpu_blit_us=0
frust_shell_common::perf: frust-perf raw n=646 total_us=3374 rebuild_us=197 layout_us=0 paint_us=88 encode_us=15 acquire_us=146 submit_us=2924 skipped=0 gpu_q=1 gpu_total_us=685 gpu_prepass_us=0 gpu_main_us=685 gpu_composite_us=0 gpu_blit_us=0
frust_shell_common::perf: frust-perf raw n=647 total_us=3477 rebuild_us=385 layout_us=0 paint_us=95 encode_us=15 acquire_us=116 submit_us=2863 skipped=0 gpu_q=1 gpu_total_us=704 gpu_prepass_us=0 gpu_main_us=704 gpu_composite_us=0 gpu_blit_us=0
frust_shell_common::perf: frust-perf raw n=648 total_us=3307 rebuild_us=253 layout_us=0 paint_us=93 encode_us=14 acquire_us=108 submit_us=2837 skipped=0 gpu_q=1 gpu_total_us=686 gpu_prepass_us=0 gpu_main_us=686 gpu_composite_us=0 gpu_blit_us=0
frust_shell_common::perf: frust-perf raw n=649 total_us=3345 rebuild_us=185 layout_us=0 paint_us=91 encode_us=16 acquire_us=110 submit_us=2941 skipped=0 gpu_q=1 gpu_total_us=675 gpu_prepass_us=0 gpu_main_us=675 gpu_composite_us=0 gpu_blit_us=0
frust_shell_common::perf: frust-perf raw n=650 total_us=3239 rebuild_us=181 layout_us=0 paint_us=94 encode_us=13 acquire_us=98 submit_us=2849 skipped=0 gpu_q=1 gpu_total_us=697 gpu_prepass_us=0 gpu_main_us=697 gpu_composite_us=0 gpu_blit_us=0
frust_shell_common::perf: frust-perf raw n=651 total_us=3264 rebuild_us=187 layout_us=0 paint_us=89 encode_us=17 acquire_us=107 submit_us=2862 skipped=0 gpu_q=1 gpu_total_us=704 gpu_prepass_us=0 gpu_main_us=704 gpu_composite_us=0 gpu_blit_us=0
frust_shell_common::perf: frust-perf raw n=652 total_us=5701 rebuild_us=187 layout_us=0 paint_us=91 encode_us=35 acquire_us=182 submit_us=5204 skipped=0 gpu_q=1 gpu_total_us=699 gpu_prepass_us=0 gpu_main_us=699 gpu_composite_us=0 gpu_blit_us=0
frust_shell_common::perf: frust-perf raw n=653 total_us=3444 rebuild_us=114 layout_us=0 paint_us=58 encode_us=21 acquire_us=163 submit_us=3086 skipped=0 gpu_q=1 gpu_total_us=687 gpu_prepass_us=0 gpu_main_us=687 gpu_composite_us=0 gpu_blit_us=0
frust_shell_common::perf: frust-perf raw n=654 total_us=3429 rebuild_us=164 layout_us=0 paint_us=75 encode_us=14 acquire_us=100 submit_us=3074 skipped=0 gpu_q=1 gpu_total_us=704 gpu_prepass_us=0 gpu_main_us=704 gpu_composite_us=0 gpu_blit_us=0
frust_shell_common::perf: frust-perf raw n=655 total_us=3537 rebuild_us=201 layout_us=0 paint_us=96 encode_us=15 acquire_us=114 submit_us=3108 skipped=0 gpu_q=1 gpu_total_us=683 gpu_prepass_us=0 gpu_main_us=683 gpu_composite_us=0 gpu_blit_us=0
frust_shell_common::perf: frust-perf raw n=656 total_us=5302 rebuild_us=202 layout_us=0 paint_us=103 encode_us=43 acquire_us=150 submit_us=4801 skipped=0 gpu_q=1 gpu_total_us=663 gpu_prepass_us=0 gpu_main_us=663 gpu_composite_us=0 gpu_blit_us=0
frust_shell_common::perf: frust-perf raw n=657 total_us=4490 rebuild_us=128 layout_us=0 paint_us=65 encode_us=25 acquire_us=124 submit_us=4146 skipped=0 gpu_q=1 gpu_total_us=678 gpu_prepass_us=0 gpu_main_us=678 gpu_composite_us=0 gpu_blit_us=0
frust_shell_common::perf: frust-perf raw n=658 total_us=4270 rebuild_us=112 layout_us=0 paint_us=55 encode_us=25 acquire_us=113 submit_us=3963 skipped=0 gpu_q=1 gpu_total_us=714 gpu_prepass_us=0 gpu_main_us=714 gpu_composite_us=0 gpu_blit_us=0
frust_shell_common::perf: frust-perf raw n=659 total_us=5017 rebuild_us=120 layout_us=0 paint_us=55 encode_us=27 acquire_us=109 submit_us=4704 skipped=0 gpu_q=1 gpu_total_us=731 gpu_prepass_us=0 gpu_main_us=731 gpu_composite_us=0 gpu_blit_us=0
frust_engine::renderer: frust-perf enc n=660 w=60 validate_us=3.8 prepare_us=3.3 classify_us=12.5 admit_us=0.4 walk_us=517.4 glyphs_us=218.6 finish_us=2.7 compile_us=539.8 schedule_us=4.0 paints_us=14.0 instances_us=31.0 resize_us=2.9 upload_us=209.4 replay_us=0.3 pipelines_us=19.1 record_us=33.1 total_us=853.2 total_p95_us=1525.7 draws=46 strips=1073 alphas=28576 glyph_draws=36 atlas_glyphs=36
frust_shell_common::perf: frust-perf raw n=660 total_us=5117 rebuild_us=117 layout_us=0 paint_us=52 encode_us=22 acquire_us=119 submit_us=4804 skipped=0 gpu_q=1 gpu_total_us=693 gpu_prepass_us=0 gpu_main_us=693 gpu_composite_us=0 gpu_blit_us=0
frust_shell_common::perf: frust-perf raw n=661 total_us=3949 rebuild_us=112 layout_us=0 paint_us=52 encode_us=23 acquire_us=108 submit_us=3653 skipped=0 gpu_q=1 gpu_total_us=683 gpu_prepass_us=0 gpu_main_us=683 gpu_composite_us=0 gpu_blit_us=0
frust_shell_common::perf: frust-perf raw n=662 total_us=3806 rebuild_us=112 layout_us=0 paint_us=54 encode_us=24 acquire_us=114 submit_us=3500 skipped=0 gpu_q=1 gpu_total_us=690 gpu_prepass_us=0 gpu_main_us=690 gpu_composite_us=0 gpu_blit_us=0
frust_shell_common::perf: frust-perf raw n=663 total_us=4480 rebuild_us=108 layout_us=0 paint_us=49 encode_us=17 acquire_us=105 submit_us=4200 skipped=0 gpu_q=1 gpu_total_us=692 gpu_prepass_us=0 gpu_main_us=692 gpu_composite_us=0 gpu_blit_us=0
frust_shell_common::perf: frust-perf raw n=664 total_us=4084 rebuild_us=132 layout_us=0 paint_us=64 encode_us=27 acquire_us=137 submit_us=3722 skipped=0 gpu_q=1 gpu_total_us=689 gpu_prepass_us=0 gpu_main_us=689 gpu_composite_us=0 gpu_blit_us=0
frust_shell_common::perf: frust-perf raw n=665 total_us=4017 rebuild_us=99 layout_us=0 paint_us=48 encode_us=20 acquire_us=271 submit_us=3577 skipped=0 gpu_q=1 gpu_total_us=731 gpu_prepass_us=0 gpu_main_us=731 gpu_composite_us=0 gpu_blit_us=0
frust_shell_common::perf: frust-perf raw n=666 total_us=4606 rebuild_us=236 layout_us=0 paint_us=61 encode_us=27 acquire_us=127 submit_us=4152 skipped=0 gpu_q=1 gpu_total_us=719 gpu_prepass_us=0 gpu_main_us=719 gpu_composite_us=0 gpu_blit_us=0
frust_shell_common::perf: frust-perf raw n=667 total_us=2850 rebuild_us=105 layout_us=0 paint_us=52 encode_us=20 acquire_us=157 submit_us=2514 skipped=0 gpu_q=1 gpu_total_us=685 gpu_prepass_us=0 gpu_main_us=685 gpu_composite_us=0 gpu_blit_us=0
frust_shell_common::perf: frust-perf raw n=668 total_us=3353 rebuild_us=183 layout_us=0 paint_us=81 encode_us=19 acquire_us=102 submit_us=2966 skipped=0 gpu_q=1 gpu_total_us=685 gpu_prepass_us=0 gpu_main_us=685 gpu_composite_us=0 gpu_blit_us=0
frust_shell_common::perf: frust-perf raw n=669 total_us=3395 rebuild_us=184 layout_us=0 paint_us=89 encode_us=14 acquire_us=105 submit_us=3001 skipped=0 gpu_q=1 gpu_total_us=732 gpu_prepass_us=0 gpu_main_us=732 gpu_composite_us=0 gpu_blit_us=0
frust_shell_common::perf: frust-perf raw n=670 total_us=3412 rebuild_us=187 layout_us=0 paint_us=95 encode_us=19 acquire_us=116 submit_us=2993 skipped=0 gpu_q=1 gpu_total_us=688 gpu_prepass_us=0 gpu_main_us=688 gpu_composite_us=0 gpu_blit_us=0
frust_shell_common::perf: frust-perf raw n=671 total_us=3352 rebuild_us=192 layout_us=0 paint_us=93 encode_us=14 acquire_us=101 submit_us=2949 skipped=0 gpu_q=1 gpu_total_us=753 gpu_prepass_us=0 gpu_main_us=753 gpu_composite_us=0 gpu_blit_us=0
frust_shell_common::perf: frust-perf raw n=672 total_us=3412 rebuild_us=212 layout_us=0 paint_us=94 encode_us=15 acquire_us=103 submit_us=2986 skipped=0 gpu_q=1 gpu_total_us=708 gpu_prepass_us=0 gpu_main_us=708 gpu_composite_us=0 gpu_blit_us=0
frust_shell_common::perf: frust-perf raw n=673 total_us=3438 rebuild_us=201 layout_us=0 paint_us=96 encode_us=16 acquire_us=115 submit_us=3008 skipped=0 gpu_q=1 gpu_total_us=694 gpu_prepass_us=0 gpu_main_us=694 gpu_composite_us=0 gpu_blit_us=0
frust_shell_common::perf: frust-perf raw n=674 total_us=3364 rebuild_us=194 layout_us=0 paint_us=97 encode_us=13 acquire_us=99 submit_us=2959 skipped=0 gpu_q=1 gpu_total_us=716 gpu_prepass_us=0 gpu_main_us=716 gpu_composite_us=0 gpu_blit_us=0
frust_shell_common::perf: frust-perf raw n=675 total_us=3816 rebuild_us=208 layout_us=0 paint_us=95 encode_us=15 acquire_us=113 submit_us=3384 skipped=0 gpu_q=1 gpu_total_us=707 gpu_prepass_us=0 gpu_main_us=707 gpu_composite_us=0 gpu_blit_us=0
frust_shell_common::perf: frust-perf raw n=676 total_us=3552 rebuild_us=210 layout_us=0 paint_us=98 encode_us=17 acquire_us=116 submit_us=3109 skipped=0 gpu_q=1 gpu_total_us=717 gpu_prepass_us=0 gpu_main_us=717 gpu_composite_us=0 gpu_blit_us=0
frust_shell_common::perf: frust-perf raw n=677 total_us=3456 rebuild_us=199 layout_us=0 paint_us=98 encode_us=13 acquire_us=101 submit_us=3043 skipped=0 gpu_q=1 gpu_total_us=733 gpu_prepass_us=0 gpu_main_us=733 gpu_composite_us=0 gpu_blit_us=0
frust_shell_common::perf: frust-perf raw n=678 total_us=3277 rebuild_us=187 layout_us=0 paint_us=91 encode_us=12 acquire_us=101 submit_us=2883 skipped=0 gpu_q=1 gpu_total_us=704 gpu_prepass_us=0 gpu_main_us=704 gpu_composite_us=0 gpu_blit_us=0
frust_shell_common::perf: frust-perf raw n=679 total_us=3454 rebuild_us=189 layout_us=0 paint_us=92 encode_us=13 acquire_us=111 submit_us=3047 skipped=0 gpu_q=1 gpu_total_us=679 gpu_prepass_us=0 gpu_main_us=679 gpu_composite_us=0 gpu_blit_us=0
frust_shell_common::perf: frust-perf raw n=680 total_us=3341 rebuild_us=196 layout_us=0 paint_us=89 encode_us=16 acquire_us=147 submit_us=2891 skipped=0 gpu_q=1 gpu_total_us=726 gpu_prepass_us=0 gpu_main_us=726 gpu_composite_us=0 gpu_blit_us=0
frust_shell_common::perf: frust-perf raw n=681 total_us=3405 rebuild_us=192 layout_us=0 paint_us=170 encode_us=13 acquire_us=117 submit_us=2910 skipped=0 gpu_q=1 gpu_total_us=728 gpu_prepass_us=0 gpu_main_us=728 gpu_composite_us=0 gpu_blit_us=0
frust_shell_common::perf: frust-perf raw n=682 total_us=3500 rebuild_us=204 layout_us=0 paint_us=93 encode_us=15 acquire_us=120 submit_us=3065 skipped=0 gpu_q=1 gpu_total_us=705 gpu_prepass_us=0 gpu_main_us=705 gpu_composite_us=0 gpu_blit_us=0
frust_shell_common::perf: frust-perf raw n=683 total_us=3203 rebuild_us=188 layout_us=0 paint_us=87 encode_us=12 acquire_us=104 submit_us=2810 skipped=0 gpu_q=1 gpu_total_us=742 gpu_prepass_us=0 gpu_main_us=742 gpu_composite_us=0 gpu_blit_us=0
frust_shell_common::perf: frust-perf raw n=684 total_us=3422 rebuild_us=197 layout_us=0 paint_us=92 encode_us=20 acquire_us=110 submit_us=3001 skipped=0 gpu_q=1 gpu_total_us=724 gpu_prepass_us=0 gpu_main_us=724 gpu_composite_us=0 gpu_blit_us=0
frust_shell_common::perf: frust-perf raw n=685 total_us=3491 rebuild_us=188 layout_us=0 paint_us=89 encode_us=13 acquire_us=104 submit_us=3095 skipped=0 gpu_q=1 gpu_total_us=712 gpu_prepass_us=0 gpu_main_us=712 gpu_composite_us=0 gpu_blit_us=0
frust_shell_common::perf: frust-perf raw n=686 total_us=6076 rebuild_us=192 layout_us=0 paint_us=89 encode_us=37 acquire_us=174 submit_us=5583 skipped=0 gpu_q=1 gpu_total_us=713 gpu_prepass_us=0 gpu_main_us=713 gpu_composite_us=0 gpu_blit_us=0
frust_shell_common::perf: frust-perf raw n=687 total_us=5660 rebuild_us=141 layout_us=0 paint_us=68 encode_us=33 acquire_us=144 submit_us=5272 skipped=0 gpu_q=1 gpu_total_us=721 gpu_prepass_us=0 gpu_main_us=721 gpu_composite_us=0 gpu_blit_us=0
frust_shell_common::perf: frust-perf raw n=688 total_us=5048 rebuild_us=120 layout_us=0 paint_us=57 encode_us=24 acquire_us=130 submit_us=4714 skipped=0 gpu_q=1 gpu_total_us=690 gpu_prepass_us=0 gpu_main_us=690 gpu_composite_us=0 gpu_blit_us=0
frust_shell_common::perf: frust-perf raw n=689 total_us=3140 rebuild_us=98 layout_us=0 paint_us=47 encode_us=17 acquire_us=153 submit_us=2822 skipped=0 gpu_q=1 gpu_total_us=699 gpu_prepass_us=0 gpu_main_us=699 gpu_composite_us=0 gpu_blit_us=0
frust_shell_common::perf: frust-perf raw n=690 total_us=3241 rebuild_us=161 layout_us=0 paint_us=74 encode_us=13 acquire_us=92 submit_us=2898 skipped=0 gpu_q=1 gpu_total_us=668 gpu_prepass_us=0 gpu_main_us=668 gpu_composite_us=0 gpu_blit_us=0
frust_shell_common::perf: frust-perf raw n=691 total_us=5608 rebuild_us=179 layout_us=0 paint_us=88 encode_us=37 acquire_us=160 submit_us=5143 skipped=0 gpu_q=1 gpu_total_us=668 gpu_prepass_us=0 gpu_main_us=668 gpu_composite_us=0 gpu_blit_us=0
frust_shell_common::perf: frust-perf raw n=692 total_us=5107 rebuild_us=182 layout_us=0 paint_us=86 encode_us=38 acquire_us=168 submit_us=4630 skipped=0 gpu_q=1 gpu_total_us=665 gpu_prepass_us=0 gpu_main_us=665 gpu_composite_us=0 gpu_blit_us=0
frust_shell_common::perf: frust-perf raw n=693 total_us=3169 rebuild_us=105 layout_us=0 paint_us=49 encode_us=14 acquire_us=123 submit_us=2876 skipped=0 gpu_q=1 gpu_total_us=695 gpu_prepass_us=0 gpu_main_us=695 gpu_composite_us=0 gpu_blit_us=0
frust_shell_common::perf: frust-perf raw n=694 total_us=3277 rebuild_us=146 layout_us=0 paint_us=77 encode_us=12 acquire_us=83 submit_us=2957 skipped=0 gpu_q=1 gpu_total_us=705 gpu_prepass_us=0 gpu_main_us=705 gpu_composite_us=0 gpu_blit_us=0
frust_shell_common::perf: frust-perf raw n=695 total_us=5286 rebuild_us=187 layout_us=0 paint_us=90 encode_us=39 acquire_us=188 submit_us=4779 skipped=0 gpu_q=1 gpu_total_us=672 gpu_prepass_us=0 gpu_main_us=672 gpu_composite_us=0 gpu_blit_us=0
frust_shell_common::perf: frust-perf raw n=696 total_us=4470 rebuild_us=120 layout_us=0 paint_us=63 encode_us=26 acquire_us=126 submit_us=4132 skipped=0 gpu_q=1 gpu_total_us=673 gpu_prepass_us=0 gpu_main_us=673 gpu_composite_us=0 gpu_blit_us=0
frust_shell_common::perf: frust-perf raw n=697 total_us=4270 rebuild_us=108 layout_us=0 paint_us=53 encode_us=22 acquire_us=103 submit_us=3981 skipped=0 gpu_q=1 gpu_total_us=693 gpu_prepass_us=0 gpu_main_us=693 gpu_composite_us=0 gpu_blit_us=0
frust_shell_common::perf: frust-perf raw n=698 total_us=5420 rebuild_us=116 layout_us=0 paint_us=52 encode_us=20 acquire_us=120 submit_us=5110 skipped=0 gpu_q=1 gpu_total_us=712 gpu_prepass_us=0 gpu_main_us=712 gpu_composite_us=0 gpu_blit_us=0
frust_shell_common::perf: frust-perf raw n=699 total_us=3147 rebuild_us=106 layout_us=0 paint_us=52 encode_us=78 acquire_us=166 submit_us=2742 skipped=0 gpu_q=1 gpu_total_us=667 gpu_prepass_us=0 gpu_main_us=667 gpu_composite_us=0 gpu_blit_us=0
frust_shell_common::perf: frust-perf raw n=700 total_us=3312 rebuild_us=207 layout_us=0 paint_us=88 encode_us=13 acquire_us=109 submit_us=2893 skipped=0 gpu_q=1 gpu_total_us=668 gpu_prepass_us=0 gpu_main_us=668 gpu_composite_us=0 gpu_blit_us=0
frust_shell_common::perf: frust-perf raw n=701 total_us=3271 rebuild_us=186 layout_us=0 paint_us=88 encode_us=14 acquire_us=98 submit_us=2881 skipped=0 gpu_q=1 gpu_total_us=665 gpu_prepass_us=0 gpu_main_us=665 gpu_composite_us=0 gpu_blit_us=0
frust_shell_common::perf: frust-perf raw n=702 total_us=3277 rebuild_us=190 layout_us=0 paint_us=87 encode_us=14 acquire_us=102 submit_us=2882 skipped=0 gpu_q=1 gpu_total_us=668 gpu_prepass_us=0 gpu_main_us=668 gpu_composite_us=0 gpu_blit_us=0
frust_shell_common::perf: frust-perf raw n=703 total_us=3426 rebuild_us=180 layout_us=0 paint_us=89 encode_us=15 acquire_us=107 submit_us=3033 skipped=0 gpu_q=1 gpu_total_us=682 gpu_prepass_us=0 gpu_main_us=682 gpu_composite_us=0 gpu_blit_us=0
frust_shell_common::perf: frust-perf raw n=704 total_us=3255 rebuild_us=182 layout_us=0 paint_us=87 encode_us=12 acquire_us=94 submit_us=2877 skipped=0 gpu_q=1 gpu_total_us=707 gpu_prepass_us=0 gpu_main_us=707 gpu_composite_us=0 gpu_blit_us=0
frust_shell_common::perf: frust-perf raw n=705 total_us=3364 rebuild_us=187 layout_us=0 paint_us=89 encode_us=13 acquire_us=107 submit_us=2964 skipped=0 gpu_q=1 gpu_total_us=686 gpu_prepass_us=0 gpu_main_us=686 gpu_composite_us=0 gpu_blit_us=0
frust_shell_common::perf: frust-perf raw n=706 total_us=3380 rebuild_us=199 layout_us=0 paint_us=96 encode_us=15 acquire_us=99 submit_us=2969 skipped=0 gpu_q=1 gpu_total_us=696 gpu_prepass_us=0 gpu_main_us=696 gpu_composite_us=0 gpu_blit_us=0
frust_shell_common::perf: frust-perf raw n=707 total_us=3381 rebuild_us=186 layout_us=0 paint_us=94 encode_us=13 acquire_us=108 submit_us=2978 skipped=0 gpu_q=1 gpu_total_us=705 gpu_prepass_us=0 gpu_main_us=705 gpu_composite_us=0 gpu_blit_us=0
frust_shell_common::perf: frust-perf raw n=708 total_us=3554 rebuild_us=196 layout_us=0 paint_us=90 encode_us=14 acquire_us=113 submit_us=3139 skipped=0 gpu_q=1 gpu_total_us=683 gpu_prepass_us=0 gpu_main_us=683 gpu_composite_us=0 gpu_blit_us=0
frust_shell_common::perf: frust-perf raw n=709 total_us=3412 rebuild_us=203 layout_us=0 paint_us=93 encode_us=13 acquire_us=103 submit_us=2998 skipped=0 gpu_q=1 gpu_total_us=704 gpu_prepass_us=0 gpu_main_us=704 gpu_composite_us=0 gpu_blit_us=0
frust_shell_android::app::frame: frust-perf platform-view tail depth=0 target=0 acquire_bound=false frame=720 expected_present_us=0 acquire_us=106 period_us=8236
frust_shell_common::perf: frust-perf raw n=710 total_us=3445 rebuild_us=183 layout_us=0 paint_us=85 encode_us=15 acquire_us=106 submit_us=3054 skipped=0 gpu_q=1 gpu_total_us=688 gpu_prepass_us=0 gpu_main_us=688 gpu_composite_us=0 gpu_blit_us=0
frust_shell_common::perf: frust-perf raw n=711 total_us=3248 rebuild_us=198 layout_us=0 paint_us=90 encode_us=12 acquire_us=101 submit_us=2844 skipped=0 gpu_q=1 gpu_total_us=681 gpu_prepass_us=0 gpu_main_us=681 gpu_composite_us=0 gpu_blit_us=0
frust_shell_common::perf: frust-perf raw n=712 total_us=5745 rebuild_us=154 layout_us=0 paint_us=72 encode_us=39 acquire_us=172 submit_us=5307 skipped=0 gpu_q=1 gpu_total_us=675 gpu_prepass_us=0 gpu_main_us=675 gpu_composite_us=0 gpu_blit_us=0
frust_shell_common::perf: frust-perf raw n=713 total_us=3213 rebuild_us=101 layout_us=0 paint_us=47 encode_us=20 acquire_us=151 submit_us=2891 skipped=0 gpu_q=1 gpu_total_us=705 gpu_prepass_us=0 gpu_main_us=705 gpu_composite_us=0 gpu_blit_us=0
frust_shell_common::perf: frust-perf raw n=714 total_us=3800 rebuild_us=573 layout_us=0 paint_us=91 encode_us=15 acquire_us=108 submit_us=3012 skipped=0 gpu_q=1 gpu_total_us=722 gpu_prepass_us=0 gpu_main_us=722 gpu_composite_us=0 gpu_blit_us=0
frust_shell_common::perf: frust-perf raw n=715 total_us=3468 rebuild_us=262 layout_us=0 paint_us=91 encode_us=13 acquire_us=116 submit_us=2984 skipped=0 gpu_q=1 gpu_total_us=704 gpu_prepass_us=0 gpu_main_us=704 gpu_composite_us=0 gpu_blit_us=0
frust_shell_common::perf: frust-perf raw n=716 total_us=3357 rebuild_us=189 layout_us=0 paint_us=88 encode_us=13 acquire_us=107 submit_us=2958 skipped=0 gpu_q=1 gpu_total_us=666 gpu_prepass_us=0 gpu_main_us=666 gpu_composite_us=0 gpu_blit_us=0
frust_shell_common::perf: frust-perf raw n=717 total_us=3404 rebuild_us=190 layout_us=0 paint_us=90 encode_us=15 acquire_us=108 submit_us=2999 skipped=0 gpu_q=1 gpu_total_us=692 gpu_prepass_us=0 gpu_main_us=692 gpu_composite_us=0 gpu_blit_us=0
frust_shell_common::perf: frust-perf raw n=718 total_us=3619 rebuild_us=196 layout_us=0 paint_us=93 encode_us=16 acquire_us=117 submit_us=3195 skipped=0 gpu_q=1 gpu_total_us=712 gpu_prepass_us=0 gpu_main_us=712 gpu_composite_us=0 gpu_blit_us=0
frust_shell_common::perf: frust-perf raw n=719 total_us=3391 rebuild_us=263 layout_us=0 paint_us=80 encode_us=19 acquire_us=108 submit_us=2919 skipped=0 gpu_q=1 gpu_total_us=711 gpu_prepass_us=0 gpu_main_us=711 gpu_composite_us=0 gpu_blit_us=0
frust_engine::renderer: frust-perf enc n=720 w=60 validate_us=3.3 prepare_us=3.3 classify_us=12.4 admit_us=0.3 walk_us=505.7 glyphs_us=216.7 finish_us=2.8 compile_us=529.7 schedule_us=3.7 paints_us=13.4 instances_us=30.5 resize_us=3.0 upload_us=208.8 replay_us=0.3 pipelines_us=18.2 record_us=31.0 total_us=842.3 total_p95_us=1436.3 draws=46 strips=1073 alphas=28576 glyph_draws=36 atlas_glyphs=36
frust_shell_common::perf: frust-perf raw n=720 total_us=3665 rebuild_us=196 layout_us=0 paint_us=96 encode_us=16 acquire_us=102 submit_us=3254 skipped=0 gpu_q=1 gpu_total_us=703 gpu_prepass_us=0 gpu_main_us=703 gpu_composite_us=0 gpu_blit_us=0
frust_shell_common::perf: frust-perf raw n=721 total_us=3346 rebuild_us=191 layout_us=0 paint_us=97 encode_us=14 acquire_us=100 submit_us=2943 skipped=0 gpu_q=1 gpu_total_us=716 gpu_prepass_us=0 gpu_main_us=716 gpu_composite_us=0 gpu_blit_us=0
frust_shell_common::perf: frust-perf raw n=722 total_us=3267 rebuild_us=190 layout_us=0 paint_us=88 encode_us=12 acquire_us=99 submit_us=2875 skipped=0 gpu_q=1 gpu_total_us=717 gpu_prepass_us=0 gpu_main_us=717 gpu_composite_us=0 gpu_blit_us=0
frust_shell_common::perf: frust-perf raw n=723 total_us=3437 rebuild_us=189 layout_us=0 paint_us=84 encode_us=16 acquire_us=108 submit_us=3039 skipped=0 gpu_q=1 gpu_total_us=707 gpu_prepass_us=0 gpu_main_us=707 gpu_composite_us=0 gpu_blit_us=0
frust_shell_common::perf: frust-perf raw n=724 total_us=3370 rebuild_us=189 layout_us=0 paint_us=85 encode_us=13 acquire_us=94 submit_us=2987 skipped=0 gpu_q=1 gpu_total_us=719 gpu_prepass_us=0 gpu_main_us=719 gpu_composite_us=0 gpu_blit_us=0
frust_shell_common::perf: frust-perf raw n=725 total_us=3435 rebuild_us=193 layout_us=0 paint_us=94 encode_us=14 acquire_us=100 submit_us=3032 skipped=0 gpu_q=1 gpu_total_us=682 gpu_prepass_us=0 gpu_main_us=682 gpu_composite_us=0 gpu_blit_us=0
frust_shell_common::perf: frust-perf raw n=726 total_us=3474 rebuild_us=186 layout_us=0 paint_us=93 encode_us=13 acquire_us=104 submit_us=3076 skipped=0 gpu_q=1 gpu_total_us=710 gpu_prepass_us=0 gpu_main_us=710 gpu_composite_us=0 gpu_blit_us=0
frust_shell_common::perf: frust-perf raw n=727 total_us=3484 rebuild_us=198 layout_us=0 paint_us=86 encode_us=16 acquire_us=103 submit_us=3079 skipped=0 gpu_q=1 gpu_total_us=689 gpu_prepass_us=0 gpu_main_us=689 gpu_composite_us=0 gpu_blit_us=0
frust_shell_common::perf: frust-perf raw n=728 total_us=3482 rebuild_us=184 layout_us=0 paint_us=87 encode_us=13 acquire_us=97 submit_us=3099 skipped=0 gpu_q=1 gpu_total_us=705 gpu_prepass_us=0 gpu_main_us=705 gpu_composite_us=0 gpu_blit_us=0
frust_shell_common::perf: frust-perf raw n=729 total_us=3508 rebuild_us=188 layout_us=0 paint_us=96 encode_us=14 acquire_us=98 submit_us=3109 skipped=0 gpu_q=1 gpu_total_us=726 gpu_prepass_us=0 gpu_main_us=726 gpu_composite_us=0 gpu_blit_us=0
frust_shell_common::perf: frust-perf raw n=730 total_us=3297 rebuild_us=192 layout_us=0 paint_us=95 encode_us=15 acquire_us=103 submit_us=2890 skipped=0 gpu_q=1 gpu_total_us=755 gpu_prepass_us=0 gpu_main_us=755 gpu_composite_us=0 gpu_blit_us=0
frust_shell_common::perf: frust-perf raw n=731 total_us=3412 rebuild_us=302 layout_us=0 paint_us=98 encode_us=13 acquire_us=103 submit_us=2895 skipped=0 gpu_q=1 gpu_total_us=748 gpu_prepass_us=0 gpu_main_us=748 gpu_composite_us=0 gpu_blit_us=0
frust_shell_common::perf: frust-perf raw n=732 total_us=3268 rebuild_us=189 layout_us=0 paint_us=88 encode_us=17 acquire_us=95 submit_us=2876 skipped=0 gpu_q=1 gpu_total_us=767 gpu_prepass_us=0 gpu_main_us=767 gpu_composite_us=0 gpu_blit_us=0
frust_shell_common::perf: frust-perf raw n=733 total_us=3290 rebuild_us=191 layout_us=0 paint_us=87 encode_us=15 acquire_us=113 submit_us=2881 skipped=0 gpu_q=1 gpu_total_us=755 gpu_prepass_us=0 gpu_main_us=755 gpu_composite_us=0 gpu_blit_us=0
frust_shell_common::perf: frust-perf raw n=734 total_us=3400 rebuild_us=195 layout_us=0 paint_us=95 encode_us=14 acquire_us=105 submit_us=2988 skipped=0 gpu_q=1 gpu_total_us=730 gpu_prepass_us=0 gpu_main_us=730 gpu_composite_us=0 gpu_blit_us=0
frust_shell_common::perf: frust-perf raw n=735 total_us=3319 rebuild_us=195 layout_us=0 paint_us=87 encode_us=16 acquire_us=105 submit_us=2914 skipped=0 gpu_q=1 gpu_total_us=756 gpu_prepass_us=0 gpu_main_us=756 gpu_composite_us=0 gpu_blit_us=0
frust_shell_common::perf: frust-perf raw n=736 total_us=3363 rebuild_us=194 layout_us=0 paint_us=84 encode_us=16 acquire_us=117 submit_us=2950 skipped=0 gpu_q=1 gpu_total_us=749 gpu_prepass_us=0 gpu_main_us=749 gpu_composite_us=0 gpu_blit_us=0
frust_shell_common::perf: frust-perf raw n=737 total_us=3347 rebuild_us=197 layout_us=0 paint_us=86 encode_us=12 acquire_us=106 submit_us=2944 skipped=0 gpu_q=1 gpu_total_us=754 gpu_prepass_us=0 gpu_main_us=754 gpu_composite_us=0 gpu_blit_us=0
frust_shell_common::perf: frust-perf raw n=738 total_us=3354 rebuild_us=192 layout_us=0 paint_us=88 encode_us=14 acquire_us=110 submit_us=2949 skipped=0 gpu_q=1 gpu_total_us=718 gpu_prepass_us=0 gpu_main_us=718 gpu_composite_us=0 gpu_blit_us=0
frust_shell_common::perf: frust-perf raw n=739 total_us=3330 rebuild_us=191 layout_us=0 paint_us=90 encode_us=13 acquire_us=105 submit_us=2929 skipped=0 gpu_q=1 gpu_total_us=755 gpu_prepass_us=0 gpu_main_us=755 gpu_composite_us=0 gpu_blit_us=0
frust_shell_common::perf: frust-perf raw n=740 total_us=3431 rebuild_us=195 layout_us=0 paint_us=98 encode_us=15 acquire_us=103 submit_us=3019 skipped=0 gpu_q=1 gpu_total_us=769 gpu_prepass_us=0 gpu_main_us=769 gpu_composite_us=0 gpu_blit_us=0
frust_shell_common::perf: frust-perf raw n=741 total_us=3443 rebuild_us=190 layout_us=0 paint_us=89 encode_us=13 acquire_us=106 submit_us=3042 skipped=0 gpu_q=1 gpu_total_us=741 gpu_prepass_us=0 gpu_main_us=741 gpu_composite_us=0 gpu_blit_us=0
frust_shell_common::perf: frust-perf raw n=742 total_us=3365 rebuild_us=190 layout_us=0 paint_us=92 encode_us=13 acquire_us=106 submit_us=2962 skipped=0 gpu_q=1 gpu_total_us=728 gpu_prepass_us=0 gpu_main_us=728 gpu_composite_us=0 gpu_blit_us=0
frust_shell_common::perf: frust-perf raw n=743 total_us=3343 rebuild_us=183 layout_us=0 paint_us=87 encode_us=14 acquire_us=104 submit_us=2953 skipped=0 gpu_q=1 gpu_total_us=728 gpu_prepass_us=0 gpu_main_us=728 gpu_composite_us=0 gpu_blit_us=0
frust_shell_common::perf: frust-perf raw n=744 total_us=3213 rebuild_us=184 layout_us=0 paint_us=84 encode_us=12 acquire_us=101 submit_us=2829 skipped=0 gpu_q=1 gpu_total_us=746 gpu_prepass_us=0 gpu_main_us=746 gpu_composite_us=0 gpu_blit_us=0
frust_shell_common::perf: frust-perf raw n=745 total_us=3317 rebuild_us=166 layout_us=0 paint_us=77 encode_us=15 acquire_us=105 submit_us=2951 skipped=0 gpu_q=1 gpu_total_us=756 gpu_prepass_us=0 gpu_main_us=756 gpu_composite_us=0 gpu_blit_us=0
frust_shell_common::perf: frust-perf raw n=746 total_us=3164 rebuild_us=166 layout_us=0 paint_us=80 encode_us=13 acquire_us=93 submit_us=2810 skipped=0 gpu_q=1 gpu_total_us=729 gpu_prepass_us=0 gpu_main_us=729 gpu_composite_us=0 gpu_blit_us=0
frust_shell_common::perf: frust-perf raw n=747 total_us=6773 rebuild_us=149 layout_us=0 paint_us=74 encode_us=32 acquire_us=286 submit_us=6230 skipped=0 gpu_q=1 gpu_total_us=748 gpu_prepass_us=0 gpu_main_us=748 gpu_composite_us=0 gpu_blit_us=0
frust_shell_common::perf: frust-perf raw n=748 total_us=6186 rebuild_us=164 layout_us=0 paint_us=178 encode_us=35 acquire_us=213 submit_us=5593 skipped=0 gpu_q=1 gpu_total_us=723 gpu_prepass_us=0 gpu_main_us=723 gpu_composite_us=0 gpu_blit_us=0
frust_shell_common::perf: frust-perf raw n=749 total_us=3184 rebuild_us=118 layout_us=0 paint_us=55 encode_us=22 acquire_us=137 submit_us=2850 skipped=0 gpu_q=1 gpu_total_us=747 gpu_prepass_us=0 gpu_main_us=747 gpu_composite_us=0 gpu_blit_us=0
frust_shell_common::perf: frust-perf raw n=750 total_us=3073 rebuild_us=161 layout_us=0 paint_us=76 encode_us=12 acquire_us=91 submit_us=2731 skipped=0 gpu_q=1 gpu_total_us=744 gpu_prepass_us=0 gpu_main_us=744 gpu_composite_us=0 gpu_blit_us=0
frust_shell_common::perf: frust-perf raw n=751 total_us=3316 rebuild_us=182 layout_us=0 paint_us=92 encode_us=15 acquire_us=106 submit_us=2918 skipped=0 gpu_q=1 gpu_total_us=703 gpu_prepass_us=0 gpu_main_us=703 gpu_composite_us=0 gpu_blit_us=0
frust_shell_common::perf: frust-perf raw n=752 total_us=5562 rebuild_us=173 layout_us=0 paint_us=81 encode_us=37 acquire_us=158 submit_us=5110 skipped=0 gpu_q=1 gpu_total_us=700 gpu_prepass_us=0 gpu_main_us=700 gpu_composite_us=0 gpu_blit_us=0
frust_shell_common::perf: frust-perf raw n=753 total_us=4336 rebuild_us=113 layout_us=0 paint_us=54 encode_us=26 acquire_us=112 submit_us=4029 skipped=0 gpu_q=1 gpu_total_us=733 gpu_prepass_us=0 gpu_main_us=733 gpu_composite_us=0 gpu_blit_us=0
frust_shell_common::perf: frust-perf raw n=754 total_us=4962 rebuild_us=106 layout_us=0 paint_us=50 encode_us=25 acquire_us=112 submit_us=4666 skipped=0 gpu_q=1 gpu_total_us=730 gpu_prepass_us=0 gpu_main_us=730 gpu_composite_us=0 gpu_blit_us=0
frust_shell_common::perf: frust-perf raw n=755 total_us=4165 rebuild_us=100 layout_us=0 paint_us=49 encode_us=20 acquire_us=142 submit_us=3853 skipped=0 gpu_q=1 gpu_total_us=748 gpu_prepass_us=0 gpu_main_us=748 gpu_composite_us=0 gpu_blit_us=0
frust_shell_common::perf: frust-perf raw n=756 total_us=3222 rebuild_us=111 layout_us=0 paint_us=56 encode_us=12 acquire_us=142 submit_us=2899 skipped=0 gpu_q=1 gpu_total_us=708 gpu_prepass_us=0 gpu_main_us=708 gpu_composite_us=0 gpu_blit_us=0
frust_shell_common::perf: frust-perf raw n=757 total_us=3283 rebuild_us=178 layout_us=0 paint_us=78 encode_us=14 acquire_us=92 submit_us=2919 skipped=0 gpu_q=1 gpu_total_us=701 gpu_prepass_us=0 gpu_main_us=701 gpu_composite_us=0 gpu_blit_us=0
frust_shell_common::perf: frust-perf raw n=758 total_us=5494 rebuild_us=187 layout_us=0 paint_us=93 encode_us=36 acquire_us=187 submit_us=4989 skipped=0 gpu_q=1 gpu_total_us=707 gpu_prepass_us=0 gpu_main_us=707 gpu_composite_us=0 gpu_blit_us=0
frust_shell_common::perf: frust-perf raw n=759 total_us=5306 rebuild_us=164 layout_us=0 paint_us=78 encode_us=40 acquire_us=171 submit_us=4850 skipped=0 gpu_q=1 gpu_total_us=722 gpu_prepass_us=0 gpu_main_us=722 gpu_composite_us=0 gpu_blit_us=0
frust_shell_common::perf: frust-perf raw n=760 total_us=3355 rebuild_us=111 layout_us=0 paint_us=53 encode_us=17 acquire_us=129 submit_us=3043 skipped=0 gpu_q=1 gpu_total_us=753 gpu_prepass_us=0 gpu_main_us=753 gpu_composite_us=0 gpu_blit_us=0
frust_shell_common::perf: frust-perf raw n=761 total_us=3284 rebuild_us=162 layout_us=0 paint_us=73 encode_us=13 acquire_us=97 submit_us=2937 skipped=0 gpu_q=1 gpu_total_us=739 gpu_prepass_us=0 gpu_main_us=739 gpu_composite_us=0 gpu_blit_us=0
frust_shell_common::perf: frust-perf raw n=762 total_us=5085 rebuild_us=188 layout_us=0 paint_us=84 encode_us=40 acquire_us=168 submit_us=4601 skipped=0 gpu_q=1 gpu_total_us=733 gpu_prepass_us=0 gpu_main_us=733 gpu_composite_us=0 gpu_blit_us=0
frust_shell_common::perf: frust-perf raw n=763 total_us=4226 rebuild_us=125 layout_us=0 paint_us=57 encode_us=23 acquire_us=127 submit_us=3891 skipped=0 gpu_q=1 gpu_total_us=735 gpu_prepass_us=0 gpu_main_us=735 gpu_composite_us=0 gpu_blit_us=0
frust_shell_common::perf: frust-perf raw n=764 total_us=4436 rebuild_us=108 layout_us=0 paint_us=50 encode_us=22 acquire_us=134 submit_us=4120 skipped=0 gpu_q=1 gpu_total_us=764 gpu_prepass_us=0 gpu_main_us=764 gpu_composite_us=0 gpu_blit_us=0
frust_shell_common::perf: frust-perf raw n=765 total_us=4807 rebuild_us=109 layout_us=0 paint_us=49 encode_us=25 acquire_us=113 submit_us=4509 skipped=0 gpu_q=1 gpu_total_us=761 gpu_prepass_us=0 gpu_main_us=761 gpu_composite_us=0 gpu_blit_us=0
frust_shell_common::perf: frust-perf raw n=766 total_us=3286 rebuild_us=106 layout_us=0 paint_us=50 encode_us=20 acquire_us=271 submit_us=2835 skipped=0 gpu_q=1 gpu_total_us=737 gpu_prepass_us=0 gpu_main_us=737 gpu_composite_us=0 gpu_blit_us=0
frust_shell_common::perf: frust-perf raw n=767 total_us=3396 rebuild_us=193 layout_us=0 paint_us=85 encode_us=16 acquire_us=106 submit_us=2994 skipped=0 gpu_q=1 gpu_total_us=729 gpu_prepass_us=0 gpu_main_us=729 gpu_composite_us=0 gpu_blit_us=0
frust_shell_common::perf: frust-perf raw n=768 total_us=3411 rebuild_us=189 layout_us=0 paint_us=90 encode_us=14 acquire_us=118 submit_us=2997 skipped=0 gpu_q=1 gpu_total_us=721 gpu_prepass_us=0 gpu_main_us=721 gpu_composite_us=0 gpu_blit_us=0
frust_shell_common::perf: frust-perf raw n=769 total_us=3441 rebuild_us=187 layout_us=0 paint_us=88 encode_us=13 acquire_us=102 submit_us=3048 skipped=0 gpu_q=1 gpu_total_us=729 gpu_prepass_us=0 gpu_main_us=729 gpu_composite_us=0 gpu_blit_us=0
frust_shell_common::perf: frust-perf raw n=770 total_us=3419 rebuild_us=202 layout_us=0 paint_us=86 encode_us=14 acquire_us=98 submit_us=3017 skipped=0 gpu_q=1 gpu_total_us=766 gpu_prepass_us=0 gpu_main_us=766 gpu_composite_us=0 gpu_blit_us=0
frust_shell_common::perf: frust-perf raw n=771 total_us=3377 rebuild_us=194 layout_us=0 paint_us=92 encode_us=15 acquire_us=106 submit_us=2969 skipped=0 gpu_q=1 gpu_total_us=776 gpu_prepass_us=0 gpu_main_us=776 gpu_composite_us=0 gpu_blit_us=0
frust_shell_common::perf: frust-perf raw n=772 total_us=3380 rebuild_us=182 layout_us=0 paint_us=87 encode_us=13 acquire_us=98 submit_us=2996 skipped=0 gpu_q=1 gpu_total_us=746 gpu_prepass_us=0 gpu_main_us=746 gpu_composite_us=0 gpu_blit_us=0
frust_shell_common::perf: frust-perf raw n=773 total_us=3600 rebuild_us=199 layout_us=0 paint_us=92 encode_us=16 acquire_us=126 submit_us=3165 skipped=0 gpu_q=1 gpu_total_us=793 gpu_prepass_us=0 gpu_main_us=793 gpu_composite_us=0 gpu_blit_us=0
frust_shell_common::perf: frust-perf raw n=774 total_us=3216 rebuild_us=180 layout_us=0 paint_us=81 encode_us=12 acquire_us=94 submit_us=2847 skipped=0 gpu_q=1 gpu_total_us=785 gpu_prepass_us=0 gpu_main_us=785 gpu_composite_us=0 gpu_blit_us=0
frust_shell_common::perf: frust-perf raw n=775 total_us=3438 rebuild_us=195 layout_us=0 paint_us=86 encode_us=18 acquire_us=108 submit_us=3028 skipped=0 gpu_q=1 gpu_total_us=740 gpu_prepass_us=0 gpu_main_us=740 gpu_composite_us=0 gpu_blit_us=0
frust_shell_common::perf: frust-perf raw n=776 total_us=3433 rebuild_us=197 layout_us=0 paint_us=91 encode_us=13 acquire_us=106 submit_us=3024 skipped=0 gpu_q=1 gpu_total_us=775 gpu_prepass_us=0 gpu_main_us=775 gpu_composite_us=0 gpu_blit_us=0
frust_shell_common::perf: frust-perf raw n=777 total_us=3362 rebuild_us=185 layout_us=0 paint_us=90 encode_us=13 acquire_us=104 submit_us=2967 skipped=0 gpu_q=1 gpu_total_us=750 gpu_prepass_us=0 gpu_main_us=750 gpu_composite_us=0 gpu_blit_us=0
frust_shell_common::perf: frust-perf raw n=778 total_us=3399 rebuild_us=187 layout_us=0 paint_us=88 encode_us=13 acquire_us=99 submit_us=3010 skipped=0 gpu_q=1 gpu_total_us=768 gpu_prepass_us=0 gpu_main_us=768 gpu_composite_us=0 gpu_blit_us=0
frust_shell_common::perf: frust-perf raw n=779 total_us=3334 rebuild_us=192 layout_us=0 paint_us=88 encode_us=15 acquire_us=97 submit_us=2939 skipped=0 gpu_q=1 gpu_total_us=764 gpu_prepass_us=0 gpu_main_us=764 gpu_composite_us=0 gpu_blit_us=0
frust_engine::renderer: frust-perf enc n=780 w=60 validate_us=3.6 prepare_us=3.3 classify_us=12.3 admit_us=0.4 walk_us=502.3 glyphs_us=214.6 finish_us=2.6 compile_us=524.7 schedule_us=3.8 paints_us=13.6 instances_us=30.3 resize_us=2.9 upload_us=207.5 replay_us=0.3 pipelines_us=17.1 record_us=30.9 total_us=836.8 total_p95_us=1828.4 draws=46 strips=1073 alphas=28576 glyph_draws=36 atlas_glyphs=36
frust_shell_common::perf: frust-perf raw n=780 total_us=3574 rebuild_us=188 layout_us=0 paint_us=94 encode_us=14 acquire_us=105 submit_us=3170 skipped=0 gpu_q=1 gpu_total_us=775 gpu_prepass_us=0 gpu_main_us=775 gpu_composite_us=0 gpu_blit_us=0
frust_shell_common::perf: frust-perf raw n=781 total_us=3451 rebuild_us=194 layout_us=0 paint_us=172 encode_us=14 acquire_us=102 submit_us=2967 skipped=0 gpu_q=1 gpu_total_us=734 gpu_prepass_us=0 gpu_main_us=734 gpu_composite_us=0 gpu_blit_us=0
frust_shell_common::perf: frust-perf raw n=782 total_us=3393 rebuild_us=260 layout_us=0 paint_us=97 encode_us=14 acquire_us=110 submit_us=2909 skipped=0 gpu_q=1 gpu_total_us=775 gpu_prepass_us=0 gpu_main_us=775 gpu_composite_us=0 gpu_blit_us=0
frust_shell_common::perf: frust-perf raw n=783 total_us=3127 rebuild_us=188 layout_us=0 paint_us=81 encode_us=14 acquire_us=97 submit_us=2743 skipped=0 gpu_q=1 gpu_total_us=739 gpu_prepass_us=0 gpu_main_us=739 gpu_composite_us=0 gpu_blit_us=0
frust_shell_common::perf: frust-perf raw n=784 total_us=3289 rebuild_us=179 layout_us=0 paint_us=88 encode_us=14 acquire_us=101 submit_us=2905 skipped=0 gpu_q=1 gpu_total_us=776 gpu_prepass_us=0 gpu_main_us=776 gpu_composite_us=0 gpu_blit_us=0
frust_shell_common::perf: frust-perf raw n=785 total_us=3644 rebuild_us=191 layout_us=0 paint_us=93 encode_us=14 acquire_us=118 submit_us=3225 skipped=0 gpu_q=1 gpu_total_us=788 gpu_prepass_us=0 gpu_main_us=788 gpu_composite_us=0 gpu_blit_us=0
frust_shell_common::perf: frust-perf raw n=786 total_us=3574 rebuild_us=203 layout_us=0 paint_us=99 encode_us=16 acquire_us=113 submit_us=3141 skipped=0 gpu_q=1 gpu_total_us=747 gpu_prepass_us=0 gpu_main_us=747 gpu_composite_us=0 gpu_blit_us=0
frust_shell_common::perf: frust-perf raw n=787 total_us=3464 rebuild_us=197 layout_us=0 paint_us=87 encode_us=12 acquire_us=98 submit_us=3068 skipped=0 gpu_q=1 gpu_total_us=758 gpu_prepass_us=0 gpu_main_us=758 gpu_composite_us=0 gpu_blit_us=0
frust_shell_common::perf: frust-perf raw n=788 total_us=3404 rebuild_us=197 layout_us=0 paint_us=85 encode_us=16 acquire_us=100 submit_us=3004 skipped=0 gpu_q=1 gpu_total_us=773 gpu_prepass_us=0 gpu_main_us=773 gpu_composite_us=0 gpu_blit_us=0
frust_shell_common::perf: frust-perf raw n=789 total_us=3419 rebuild_us=201 layout_us=0 paint_us=92 encode_us=13 acquire_us=107 submit_us=3003 skipped=0 gpu_q=1 gpu_total_us=772 gpu_prepass_us=0 gpu_main_us=772 gpu_composite_us=0 gpu_blit_us=0
frust_shell_common::perf: frust-perf raw n=790 total_us=3367 rebuild_us=176 layout_us=0 paint_us=87 encode_us=13 acquire_us=93 submit_us=2995 skipped=0 gpu_q=1 gpu_total_us=724 gpu_prepass_us=0 gpu_main_us=724 gpu_composite_us=0 gpu_blit_us=0
frust_shell_common::perf: frust-perf raw n=791 total_us=3390 rebuild_us=185 layout_us=0 paint_us=91 encode_us=15 acquire_us=108 submit_us=2989 skipped=0 gpu_q=1 gpu_total_us=725 gpu_prepass_us=0 gpu_main_us=725 gpu_composite_us=0 gpu_blit_us=0
frust_shell_common::perf: frust-perf raw n=792 total_us=3396 rebuild_us=189 layout_us=0 paint_us=93 encode_us=20 acquire_us=104 submit_us=2988 skipped=0 gpu_q=1 gpu_total_us=732 gpu_prepass_us=0 gpu_main_us=732 gpu_composite_us=0 gpu_blit_us=0
frust_shell_common::perf: frust-perf raw n=793 total_us=3461 rebuild_us=179 layout_us=0 paint_us=83 encode_us=13 acquire_us=100 submit_us=3084 skipped=0 gpu_q=1 gpu_total_us=747 gpu_prepass_us=0 gpu_main_us=747 gpu_composite_us=0 gpu_blit_us=0
frust_shell_common::perf: frust-perf raw n=794 total_us=3374 rebuild_us=183 layout_us=0 paint_us=86 encode_us=14 acquire_us=105 submit_us=2983 skipped=0 gpu_q=1 gpu_total_us=739 gpu_prepass_us=0 gpu_main_us=739 gpu_composite_us=0 gpu_blit_us=0
frust_shell_common::perf: frust-perf raw n=795 total_us=3297 rebuild_us=175 layout_us=0 paint_us=85 encode_us=14 acquire_us=99 submit_us=2922 skipped=0 gpu_q=1 gpu_total_us=714 gpu_prepass_us=0 gpu_main_us=714 gpu_composite_us=0 gpu_blit_us=0
frust_shell_common::perf: frust-perf raw n=796 total_us=5485 rebuild_us=166 layout_us=0 paint_us=74 encode_us=37 acquire_us=160 submit_us=5046 skipped=0 gpu_q=1 gpu_total_us=709 gpu_prepass_us=0 gpu_main_us=709 gpu_composite_us=0 gpu_blit_us=0
frust_shell_common::perf: frust-perf raw n=797 total_us=3442 rebuild_us=120 layout_us=0 paint_us=59 encode_us=20 acquire_us=175 submit_us=3066 skipped=0 gpu_q=1 gpu_total_us=707 gpu_prepass_us=0 gpu_main_us=707 gpu_composite_us=0 gpu_blit_us=0
frust_shell_common::perf: frust-perf raw n=798 total_us=3293 rebuild_us=139 layout_us=0 paint_us=73 encode_us=12 acquire_us=85 submit_us=2981 skipped=0 gpu_q=1 gpu_total_us=720 gpu_prepass_us=0 gpu_main_us=720 gpu_composite_us=0 gpu_blit_us=0
frust_shell_common::perf: frust-perf raw n=799 total_us=3315 rebuild_us=268 layout_us=0 paint_us=91 encode_us=15 acquire_us=107 submit_us=2831 skipped=0 gpu_q=1 gpu_total_us=733 gpu_prepass_us=0 gpu_main_us=733 gpu_composite_us=0 gpu_blit_us=0
frust_shell_common::perf: frust-perf raw n=800 total_us=3318 rebuild_us=181 layout_us=0 paint_us=83 encode_us=14 acquire_us=108 submit_us=2930 skipped=0 gpu_q=1 gpu_total_us=690 gpu_prepass_us=0 gpu_main_us=690 gpu_composite_us=0 gpu_blit_us=0
frust_shell_common::perf: frust-perf raw n=801 total_us=3362 rebuild_us=197 layout_us=0 paint_us=93 encode_us=17 acquire_us=108 submit_us=2944 skipped=0 gpu_q=1 gpu_total_us=702 gpu_prepass_us=0 gpu_main_us=702 gpu_composite_us=0 gpu_blit_us=0
frust_shell_common::perf: frust-perf raw n=802 total_us=3355 rebuild_us=195 layout_us=0 paint_us=90 encode_us=13 acquire_us=105 submit_us=2950 skipped=0 gpu_q=1 gpu_total_us=738 gpu_prepass_us=0 gpu_main_us=738 gpu_composite_us=0 gpu_blit_us=0
frust_shell_common::perf: frust-perf raw n=803 total_us=3195 rebuild_us=183 layout_us=0 paint_us=87 encode_us=13 acquire_us=99 submit_us=2810 skipped=0 gpu_q=1 gpu_total_us=737 gpu_prepass_us=0 gpu_main_us=737 gpu_composite_us=0 gpu_blit_us=0
frust_shell_common::perf: frust-perf raw n=804 total_us=3392 rebuild_us=190 layout_us=0 paint_us=87 encode_us=14 acquire_us=101 submit_us=2998 skipped=0 gpu_q=1 gpu_total_us=733 gpu_prepass_us=0 gpu_main_us=733 gpu_composite_us=0 gpu_blit_us=0
frust_shell_common::perf: frust-perf raw n=805 total_us=3357 rebuild_us=199 layout_us=0 paint_us=95 encode_us=15 acquire_us=109 submit_us=2936 skipped=0 gpu_q=1 gpu_total_us=733 gpu_prepass_us=0 gpu_main_us=733 gpu_composite_us=0 gpu_blit_us=0
frust_shell_common::perf: frust-perf raw n=806 total_us=3301 rebuild_us=183 layout_us=0 paint_us=89 encode_us=14 acquire_us=100 submit_us=2913 skipped=0 gpu_q=1 gpu_total_us=751 gpu_prepass_us=0 gpu_main_us=751 gpu_composite_us=0 gpu_blit_us=0
frust_shell_common::perf: frust-perf raw n=807 total_us=3388 rebuild_us=182 layout_us=0 paint_us=85 encode_us=17 acquire_us=109 submit_us=2992 skipped=0 gpu_q=1 gpu_total_us=749 gpu_prepass_us=0 gpu_main_us=749 gpu_composite_us=0 gpu_blit_us=0
frust_shell_common::perf: frust-perf raw n=808 total_us=3212 rebuild_us=179 layout_us=0 paint_us=81 encode_us=13 acquire_us=98 submit_us=2839 skipped=0 gpu_q=1 gpu_total_us=762 gpu_prepass_us=0 gpu_main_us=762 gpu_composite_us=0 gpu_blit_us=0
frust_shell_common::perf: frust-perf raw n=809 total_us=3333 rebuild_us=194 layout_us=0 paint_us=92 encode_us=13 acquire_us=102 submit_us=2929 skipped=0 gpu_q=1 gpu_total_us=726 gpu_prepass_us=0 gpu_main_us=726 gpu_composite_us=0 gpu_blit_us=0
frust_shell_common::perf: frust-perf raw n=810 total_us=3463 rebuild_us=190 layout_us=0 paint_us=93 encode_us=14 acquire_us=104 submit_us=3059 skipped=0 gpu_q=1 gpu_total_us=750 gpu_prepass_us=0 gpu_main_us=750 gpu_composite_us=0 gpu_blit_us=0
frust_shell_common::perf: frust-perf raw n=811 total_us=3315 rebuild_us=186 layout_us=0 paint_us=97 encode_us=14 acquire_us=105 submit_us=2909 skipped=0 gpu_q=1 gpu_total_us=758 gpu_prepass_us=0 gpu_main_us=758 gpu_composite_us=0 gpu_blit_us=0
frust_shell_common::perf: frust-perf raw n=812 total_us=3352 rebuild_us=188 layout_us=0 paint_us=90 encode_us=14 acquire_us=101 submit_us=2956 skipped=0 gpu_q=1 gpu_total_us=726 gpu_prepass_us=0 gpu_main_us=726 gpu_composite_us=0 gpu_blit_us=0
frust_shell_common::perf: frust-perf raw n=813 total_us=3275 rebuild_us=189 layout_us=0 paint_us=88 encode_us=12 acquire_us=94 submit_us=2890 skipped=0 gpu_q=1 gpu_total_us=742 gpu_prepass_us=0 gpu_main_us=742 gpu_composite_us=0 gpu_blit_us=0
frust_shell_common::perf: frust-perf raw n=814 total_us=3291 rebuild_us=194 layout_us=0 paint_us=88 encode_us=15 acquire_us=132 submit_us=2860 skipped=0 gpu_q=1 gpu_total_us=756 gpu_prepass_us=0 gpu_main_us=756 gpu_composite_us=0 gpu_blit_us=0
frust_shell_common::perf: frust-perf raw n=815 total_us=3364 rebuild_us=257 layout_us=0 paint_us=93 encode_us=17 acquire_us=111 submit_us=2884 skipped=0 gpu_q=1 gpu_total_us=732 gpu_prepass_us=0 gpu_main_us=732 gpu_composite_us=0 gpu_blit_us=0
frust_shell_common::perf: frust-perf raw n=816 total_us=3344 rebuild_us=183 layout_us=0 paint_us=89 encode_us=18 acquire_us=107 submit_us=2945 skipped=0 gpu_q=1 gpu_total_us=772 gpu_prepass_us=0 gpu_main_us=772 gpu_composite_us=0 gpu_blit_us=0
frust_shell_common::perf: frust-perf raw n=817 total_us=3274 rebuild_us=185 layout_us=0 paint_us=88 encode_us=14 acquire_us=115 submit_us=2870 skipped=0 gpu_q=1 gpu_total_us=742 gpu_prepass_us=0 gpu_main_us=742 gpu_composite_us=0 gpu_blit_us=0
frust_shell_common::perf: frust-perf raw n=818 total_us=3391 rebuild_us=193 layout_us=0 paint_us=85 encode_us=16 acquire_us=111 submit_us=2983 skipped=0 gpu_q=1 gpu_total_us=750 gpu_prepass_us=0 gpu_main_us=750 gpu_composite_us=0 gpu_blit_us=0
frust_shell_common::perf: frust-perf raw n=819 total_us=3455 rebuild_us=189 layout_us=0 paint_us=87 encode_us=14 acquire_us=100 submit_us=3062 skipped=0 gpu_q=1 gpu_total_us=749 gpu_prepass_us=0 gpu_main_us=749 gpu_composite_us=0 gpu_blit_us=0
frust_shell_common::perf: frust-perf raw n=820 total_us=3387 rebuild_us=192 layout_us=0 paint_us=91 encode_us=12 acquire_us=107 submit_us=2982 skipped=0 gpu_q=1 gpu_total_us=748 gpu_prepass_us=0 gpu_main_us=748 gpu_composite_us=0 gpu_blit_us=0
frust_shell_common::perf: frust-perf raw n=821 total_us=3270 rebuild_us=177 layout_us=0 paint_us=89 encode_us=12 acquire_us=94 submit_us=2895 skipped=0 gpu_q=1 gpu_total_us=736 gpu_prepass_us=0 gpu_main_us=736 gpu_composite_us=0 gpu_blit_us=0
frust_shell_common::perf: frust-perf raw n=822 total_us=3529 rebuild_us=203 layout_us=0 paint_us=89 encode_us=17 acquire_us=106 submit_us=3112 skipped=0 gpu_q=1 gpu_total_us=737 gpu_prepass_us=0 gpu_main_us=737 gpu_composite_us=0 gpu_blit_us=0
frust_shell_common::perf: frust-perf raw n=823 total_us=3425 rebuild_us=186 layout_us=0 paint_us=88 encode_us=16 acquire_us=101 submit_us=3032 skipped=0 gpu_q=1 gpu_total_us=760 gpu_prepass_us=0 gpu_main_us=760 gpu_composite_us=0 gpu_blit_us=0
frust_shell_common::perf: frust-perf raw n=824 total_us=3339 rebuild_us=183 layout_us=0 paint_us=83 encode_us=13 acquire_us=95 submit_us=2964 skipped=0 gpu_q=1 gpu_total_us=731 gpu_prepass_us=0 gpu_main_us=731 gpu_composite_us=0 gpu_blit_us=0
frust_shell_common::perf: frust-perf raw n=825 total_us=3500 rebuild_us=188 layout_us=0 paint_us=84 encode_us=14 acquire_us=102 submit_us=3110 skipped=0 gpu_q=1 gpu_total_us=753 gpu_prepass_us=0 gpu_main_us=753 gpu_composite_us=0 gpu_blit_us=0
frust_shell_common::perf: frust-perf raw n=826 total_us=5608 rebuild_us=194 layout_us=0 paint_us=93 encode_us=39 acquire_us=177 submit_us=5104 skipped=0 gpu_q=1 gpu_total_us=763 gpu_prepass_us=0 gpu_main_us=763 gpu_composite_us=0 gpu_blit_us=0
frust_shell_common::perf: frust-perf raw n=827 total_us=3955 rebuild_us=128 layout_us=0 paint_us=59 encode_us=25 acquire_us=136 submit_us=3604 skipped=0 gpu_q=1 gpu_total_us=748 gpu_prepass_us=0 gpu_main_us=748 gpu_composite_us=0 gpu_blit_us=0
frust_shell_common::perf: frust-perf raw n=828 total_us=3299 rebuild_us=101 layout_us=0 paint_us=44 encode_us=18 acquire_us=135 submit_us=2998 skipped=0 gpu_q=1 gpu_total_us=762 gpu_prepass_us=0 gpu_main_us=762 gpu_composite_us=0 gpu_blit_us=0
frust_shell_common::perf: frust-perf raw n=829 total_us=5551 rebuild_us=144 layout_us=0 paint_us=65 encode_us=26 acquire_us=133 submit_us=5180 skipped=0 gpu_q=1 gpu_total_us=736 gpu_prepass_us=0 gpu_main_us=736 gpu_composite_us=0 gpu_blit_us=0
frust_shell_android::app::frame: frust-perf platform-view tail depth=0 target=0 acquire_bound=false frame=840 expected_present_us=0 acquire_us=127 period_us=8231
frust_shell_common::perf: frust-perf raw n=830 total_us=4545 rebuild_us=145 layout_us=0 paint_us=71 encode_us=32 acquire_us=189 submit_us=4106 skipped=0 gpu_q=1 gpu_total_us=707 gpu_prepass_us=0 gpu_main_us=707 gpu_composite_us=0 gpu_blit_us=0
frust_shell_common::perf: frust-perf raw n=831 total_us=3287 rebuild_us=118 layout_us=0 paint_us=55 encode_us=20 acquire_us=144 submit_us=2948 skipped=0 gpu_q=1 gpu_total_us=707 gpu_prepass_us=0 gpu_main_us=707 gpu_composite_us=0 gpu_blit_us=0
frust_shell_common::perf: frust-perf raw n=832 total_us=6697 rebuild_us=157 layout_us=0 paint_us=236 encode_us=39 acquire_us=222 submit_us=6041 skipped=0 gpu_q=1 gpu_total_us=755 gpu_prepass_us=0 gpu_main_us=755 gpu_composite_us=0 gpu_blit_us=0
frust_shell_common::perf: frust-perf raw n=833 total_us=4623 rebuild_us=156 layout_us=0 paint_us=65 encode_us=27 acquire_us=118 submit_us=4254 skipped=0 gpu_q=1 gpu_total_us=702 gpu_prepass_us=0 gpu_main_us=702 gpu_composite_us=0 gpu_blit_us=0
frust_shell_common::perf: frust-perf raw n=834 total_us=5463 rebuild_us=136 layout_us=0 paint_us=62 encode_us=27 acquire_us=126 submit_us=5110 skipped=0 gpu_q=1 gpu_total_us=721 gpu_prepass_us=0 gpu_main_us=721 gpu_composite_us=0 gpu_blit_us=0
frust_shell_common::perf: frust-perf raw n=835 total_us=4456 rebuild_us=121 layout_us=0 paint_us=55 encode_us=23 acquire_us=122 submit_us=4133 skipped=0 gpu_q=1 gpu_total_us=752 gpu_prepass_us=0 gpu_main_us=752 gpu_composite_us=0 gpu_blit_us=0
frust_shell_common::perf: frust-perf raw n=836 total_us=4379 rebuild_us=116 layout_us=0 paint_us=55 encode_us=26 acquire_us=135 submit_us=4046 skipped=0 gpu_q=1 gpu_total_us=707 gpu_prepass_us=0 gpu_main_us=707 gpu_composite_us=0 gpu_blit_us=0
frust_shell_common::perf: frust-perf raw n=837 total_us=3178 rebuild_us=120 layout_us=0 paint_us=55 encode_us=19 acquire_us=156 submit_us=2825 skipped=0 gpu_q=1 gpu_total_us=703 gpu_prepass_us=0 gpu_main_us=703 gpu_composite_us=0 gpu_blit_us=0
frust_shell_common::perf: frust-perf raw n=838 total_us=3697 rebuild_us=285 layout_us=0 paint_us=94 encode_us=16 acquire_us=115 submit_us=3184 skipped=0 gpu_q=1 gpu_total_us=713 gpu_prepass_us=0 gpu_main_us=713 gpu_composite_us=0 gpu_blit_us=0
frust_shell_common::perf: frust-perf raw n=839 total_us=3469 rebuild_us=206 layout_us=0 paint_us=92 encode_us=13 acquire_us=107 submit_us=3048 skipped=0 gpu_q=1 gpu_total_us=692 gpu_prepass_us=0 gpu_main_us=692 gpu_composite_us=0 gpu_blit_us=0
frust_engine::renderer: frust-perf enc n=840 w=60 validate_us=3.5 prepare_us=3.2 classify_us=12.0 admit_us=0.4 walk_us=503.1 glyphs_us=215.5 finish_us=2.7 compile_us=526.5 schedule_us=3.6 paints_us=13.3 instances_us=30.2 resize_us=3.0 upload_us=208.0 replay_us=0.3 pipelines_us=17.5 record_us=30.5 total_us=830.4 total_p95_us=1338.4 draws=46 strips=1073 alphas=28576 glyph_draws=36 atlas_glyphs=36
frust_shell_common::perf: frust-perf raw n=840 total_us=3646 rebuild_us=190 layout_us=0 paint_us=87 encode_us=16 acquire_us=107 submit_us=3244 skipped=0 gpu_q=1 gpu_total_us=665 gpu_prepass_us=0 gpu_main_us=665 gpu_composite_us=0 gpu_blit_us=0
frust_shell_common::perf: frust-perf raw n=841 total_us=3458 rebuild_us=195 layout_us=0 paint_us=93 encode_us=14 acquire_us=101 submit_us=3053 skipped=0 gpu_q=1 gpu_total_us=681 gpu_prepass_us=0 gpu_main_us=681 gpu_composite_us=0 gpu_blit_us=0
frust_shell_common::perf: frust-perf raw n=842 total_us=3416 rebuild_us=191 layout_us=0 paint_us=93 encode_us=15 acquire_us=103 submit_us=3012 skipped=0 gpu_q=1 gpu_total_us=674 gpu_prepass_us=0 gpu_main_us=674 gpu_composite_us=0 gpu_blit_us=0
frust_shell_common::perf: frust-perf raw n=843 total_us=3437 rebuild_us=203 layout_us=0 paint_us=94 encode_us=15 acquire_us=112 submit_us=3011 skipped=0 gpu_q=1 gpu_total_us=727 gpu_prepass_us=0 gpu_main_us=727 gpu_composite_us=0 gpu_blit_us=0
frust_shell_common::perf: frust-perf raw n=844 total_us=3426 rebuild_us=201 layout_us=0 paint_us=95 encode_us=15 acquire_us=105 submit_us=3008 skipped=0 gpu_q=1 gpu_total_us=696 gpu_prepass_us=0 gpu_main_us=696 gpu_composite_us=0 gpu_blit_us=0
frust_shell_common::perf: frust-perf raw n=845 total_us=3403 rebuild_us=186 layout_us=0 paint_us=87 encode_us=14 acquire_us=108 submit_us=3006 skipped=0 gpu_q=1 gpu_total_us=717 gpu_prepass_us=0 gpu_main_us=717 gpu_composite_us=0 gpu_blit_us=0
frust_shell_common::perf: frust-perf raw n=846 total_us=3330 rebuild_us=193 layout_us=0 paint_us=90 encode_us=15 acquire_us=103 submit_us=2927 skipped=0 gpu_q=1 gpu_total_us=726 gpu_prepass_us=0 gpu_main_us=726 gpu_composite_us=0 gpu_blit_us=0
frust_shell_common::perf: frust-perf raw n=847 total_us=3336 rebuild_us=184 layout_us=0 paint_us=86 encode_us=13 acquire_us=102 submit_us=2948 skipped=0 gpu_q=1 gpu_total_us=698 gpu_prepass_us=0 gpu_main_us=698 gpu_composite_us=0 gpu_blit_us=0
frust_shell_common::perf: frust-perf raw n=848 total_us=3333 rebuild_us=194 layout_us=0 paint_us=93 encode_us=18 acquire_us=117 submit_us=2909 skipped=0 gpu_q=1 gpu_total_us=732 gpu_prepass_us=0 gpu_main_us=732 gpu_composite_us=0 gpu_blit_us=0
frust_shell_common::perf: frust-perf raw n=849 total_us=3361 rebuild_us=271 layout_us=0 paint_us=96 encode_us=13 acquire_us=103 submit_us=2876 skipped=0 gpu_q=1 gpu_total_us=706 gpu_prepass_us=0 gpu_main_us=706 gpu_composite_us=0 gpu_blit_us=0
frust_shell_common::perf: frust-perf raw n=850 total_us=3334 rebuild_us=183 layout_us=0 paint_us=96 encode_us=13 acquire_us=101 submit_us=2939 skipped=0 gpu_q=1 gpu_total_us=683 gpu_prepass_us=0 gpu_main_us=683 gpu_composite_us=0 gpu_blit_us=0
frust_shell_common::perf: frust-perf raw n=851 total_us=3261 rebuild_us=186 layout_us=0 paint_us=88 encode_us=14 acquire_us=104 submit_us=2865 skipped=0 gpu_q=1 gpu_total_us=708 gpu_prepass_us=0 gpu_main_us=708 gpu_composite_us=0 gpu_blit_us=0
frust_shell_common::perf: frust-perf raw n=852 total_us=3425 rebuild_us=197 layout_us=0 paint_us=89 encode_us=18 acquire_us=120 submit_us=2998 skipped=0 gpu_q=1 gpu_total_us=685 gpu_prepass_us=0 gpu_main_us=685 gpu_composite_us=0 gpu_blit_us=0
frust_shell_common::perf: frust-perf raw n=853 total_us=7177 rebuild_us=199 layout_us=0 paint_us=93 encode_us=38 acquire_us=182 submit_us=6662 skipped=0 gpu_q=1 gpu_total_us=695 gpu_prepass_us=0 gpu_main_us=695 gpu_composite_us=0 gpu_blit_us=0
frust_shell_common::perf: frust-perf raw n=854 total_us=13466 rebuild_us=188 layout_us=0 paint_us=74 encode_us=31 acquire_us=158 submit_us=13013 skipped=0 gpu_q=1 gpu_total_us=714 gpu_prepass_us=0 gpu_main_us=714 gpu_composite_us=0 gpu_blit_us=0
frust_shell_common::perf: frust-perf raw n=855 total_us=3292 rebuild_us=117 layout_us=0 paint_us=53 encode_us=21 acquire_us=81 submit_us=3016 skipped=0 gpu_q=1 gpu_total_us=714 gpu_prepass_us=0 gpu_main_us=714 gpu_composite_us=0 gpu_blit_us=0
frust_shell_common::perf: frust-perf raw n=856 total_us=3209 rebuild_us=107 layout_us=0 paint_us=54 encode_us=14 acquire_us=69 submit_us=2962 skipped=0 gpu_q=1 gpu_total_us=702 gpu_prepass_us=0 gpu_main_us=702 gpu_composite_us=0 gpu_blit_us=0
frust_shell_common::perf: frust-perf raw n=857 total_us=1505 rebuild_us=130 layout_us=0 paint_us=60 encode_us=7 acquire_us=52 submit_us=1254 skipped=0 gpu_q=1 gpu_total_us=666 gpu_prepass_us=0 gpu_main_us=666 gpu_composite_us=0 gpu_blit_us=0
frust_shell_common::perf: frust-perf raw n=858 total_us=3347 rebuild_us=168 layout_us=0 paint_us=79 encode_us=15 acquire_us=104 submit_us=2978 skipped=0 gpu_q=1 gpu_total_us=668 gpu_prepass_us=0 gpu_main_us=668 gpu_composite_us=0 gpu_blit_us=0
frust_shell_common::perf: frust-perf raw n=859 total_us=6861 rebuild_us=158 layout_us=0 paint_us=77 encode_us=46 acquire_us=195 submit_us=6382 skipped=0 gpu_q=1 gpu_total_us=669 gpu_prepass_us=0 gpu_main_us=669 gpu_composite_us=0 gpu_blit_us=0
frust_shell_common::perf: frust-perf raw n=860 total_us=5725 rebuild_us=167 layout_us=0 paint_us=77 encode_us=41 acquire_us=170 submit_us=5269 skipped=0 gpu_q=1 gpu_total_us=664 gpu_prepass_us=0 gpu_main_us=664 gpu_composite_us=0 gpu_blit_us=0
frust_shell_common::perf: frust-perf raw n=861 total_us=4393 rebuild_us=117 layout_us=0 paint_us=55 encode_us=22 acquire_us=135 submit_us=4064 skipped=0 gpu_q=1 gpu_total_us=701 gpu_prepass_us=0 gpu_main_us=701 gpu_composite_us=0 gpu_blit_us=0
frust_shell_common::perf: frust-perf raw n=862 total_us=4196 rebuild_us=110 layout_us=0 paint_us=51 encode_us=19 acquire_us=113 submit_us=3901 skipped=0 gpu_q=1 gpu_total_us=684 gpu_prepass_us=0 gpu_main_us=684 gpu_composite_us=0 gpu_blit_us=0
frust_shell_common::perf: frust-perf raw n=863 total_us=4629 rebuild_us=116 layout_us=0 paint_us=55 encode_us=27 acquire_us=119 submit_us=4309 skipped=0 gpu_q=1 gpu_total_us=666 gpu_prepass_us=0 gpu_main_us=666 gpu_composite_us=0 gpu_blit_us=0
frust_shell_common::perf: frust-perf raw n=864 total_us=3332 rebuild_us=134 layout_us=0 paint_us=65 encode_us=20 acquire_us=164 submit_us=2946 skipped=0 gpu_q=1 gpu_total_us=669 gpu_prepass_us=0 gpu_main_us=669 gpu_composite_us=0 gpu_blit_us=0
frust_shell_common::perf: frust-perf raw n=865 total_us=3279 rebuild_us=134 layout_us=0 paint_us=68 encode_us=13 acquire_us=85 submit_us=2977 skipped=0 gpu_q=1 gpu_total_us=671 gpu_prepass_us=0 gpu_main_us=671 gpu_composite_us=0 gpu_blit_us=0
frust_shell_common::perf: frust-perf raw n=866 total_us=3424 rebuild_us=280 layout_us=0 paint_us=90 encode_us=15 acquire_us=119 submit_us=2917 skipped=0 gpu_q=1 gpu_total_us=669 gpu_prepass_us=0 gpu_main_us=669 gpu_composite_us=0 gpu_blit_us=0
frust_shell_common::perf: frust-perf raw n=867 total_us=3305 rebuild_us=192 layout_us=0 paint_us=90 encode_us=16 acquire_us=103 submit_us=2902 skipped=0 gpu_q=1 gpu_total_us=664 gpu_prepass_us=0 gpu_main_us=664 gpu_composite_us=0 gpu_blit_us=0
frust_shell_common::perf: frust-perf raw n=868 total_us=3322 rebuild_us=188 layout_us=0 paint_us=91 encode_us=13 acquire_us=105 submit_us=2923 skipped=0 gpu_q=1 gpu_total_us=710 gpu_prepass_us=0 gpu_main_us=710 gpu_composite_us=0 gpu_blit_us=0
frust_shell_common::perf: frust-perf raw n=869 total_us=3402 rebuild_us=187 layout_us=0 paint_us=96 encode_us=15 acquire_us=113 submit_us=2988 skipped=0 gpu_q=1 gpu_total_us=717 gpu_prepass_us=0 gpu_main_us=717 gpu_composite_us=0 gpu_blit_us=0
frust_shell_common::perf: frust-perf raw n=870 total_us=3307 rebuild_us=187 layout_us=0 paint_us=88 encode_us=13 acquire_us=103 submit_us=2913 skipped=0 gpu_q=1 gpu_total_us=691 gpu_prepass_us=0 gpu_main_us=691 gpu_composite_us=0 gpu_blit_us=0
frust_shell_common::perf: frust-perf raw n=871 total_us=3424 rebuild_us=193 layout_us=0 paint_us=92 encode_us=13 acquire_us=105 submit_us=3018 skipped=0 gpu_q=1 gpu_total_us=716 gpu_prepass_us=0 gpu_main_us=716 gpu_composite_us=0 gpu_blit_us=0
frust_shell_common::perf: frust-perf raw n=872 total_us=3308 rebuild_us=187 layout_us=0 paint_us=83 encode_us=16 acquire_us=103 submit_us=2916 skipped=0 gpu_q=1 gpu_total_us=702 gpu_prepass_us=0 gpu_main_us=702 gpu_composite_us=0 gpu_blit_us=0
frust_shell_common::perf: frust-perf raw n=873 total_us=3289 rebuild_us=194 layout_us=0 paint_us=88 encode_us=13 acquire_us=99 submit_us=2893 skipped=0 gpu_q=1 gpu_total_us=683 gpu_prepass_us=0 gpu_main_us=683 gpu_composite_us=0 gpu_blit_us=0
frust_shell_common::perf: frust-perf raw n=874 total_us=3437 rebuild_us=185 layout_us=0 paint_us=94 encode_us=14 acquire_us=109 submit_us=3032 skipped=0 gpu_q=1 gpu_total_us=705 gpu_prepass_us=0 gpu_main_us=705 gpu_composite_us=0 gpu_blit_us=0
frust_shell_common::perf: frust-perf raw n=875 total_us=3370 rebuild_us=200 layout_us=0 paint_us=92 encode_us=14 acquire_us=101 submit_us=2959 skipped=0 gpu_q=1 gpu_total_us=723 gpu_prepass_us=0 gpu_main_us=723 gpu_composite_us=0 gpu_blit_us=0
frust_shell_common::perf: frust-perf raw n=876 total_us=3260 rebuild_us=188 layout_us=0 paint_us=85 encode_us=14 acquire_us=97 submit_us=2874 skipped=0 gpu_q=1 gpu_total_us=702 gpu_prepass_us=0 gpu_main_us=702 gpu_composite_us=0 gpu_blit_us=0
frust_shell_common::perf: frust-perf raw n=877 total_us=3416 rebuild_us=185 layout_us=0 paint_us=88 encode_us=13 acquire_us=108 submit_us=3019 skipped=0 gpu_q=1 gpu_total_us=698 gpu_prepass_us=0 gpu_main_us=698 gpu_composite_us=0 gpu_blit_us=0
frust_shell_common::perf: frust-perf raw n=878 total_us=3263 rebuild_us=183 layout_us=0 paint_us=88 encode_us=14 acquire_us=102 submit_us=2873 skipped=0 gpu_q=1 gpu_total_us=724 gpu_prepass_us=0 gpu_main_us=724 gpu_composite_us=0 gpu_blit_us=0
frust_shell_common::perf: frust-perf raw n=879 total_us=3373 rebuild_us=183 layout_us=0 paint_us=83 encode_us=14 acquire_us=107 submit_us=2984 skipped=0 gpu_q=1 gpu_total_us=692 gpu_prepass_us=0 gpu_main_us=692 gpu_composite_us=0 gpu_blit_us=0
frust_shell_common::perf: frust-perf raw n=880 total_us=3360 rebuild_us=187 layout_us=0 paint_us=86 encode_us=14 acquire_us=106 submit_us=2964 skipped=0 gpu_q=1 gpu_total_us=709 gpu_prepass_us=0 gpu_main_us=709 gpu_composite_us=0 gpu_blit_us=0
frust_shell_common::perf: frust-perf raw n=881 total_us=3415 rebuild_us=194 layout_us=0 paint_us=96 encode_us=14 acquire_us=168 submit_us=2942 skipped=0 gpu_q=1 gpu_total_us=721 gpu_prepass_us=0 gpu_main_us=721 gpu_composite_us=0 gpu_blit_us=0
frust_shell_common::perf: frust-perf raw n=882 total_us=3258 rebuild_us=187 layout_us=0 paint_us=91 encode_us=15 acquire_us=107 submit_us=2855 skipped=0 gpu_q=1 gpu_total_us=705 gpu_prepass_us=0 gpu_main_us=705 gpu_composite_us=0 gpu_blit_us=0
frust_shell_common::perf: frust-perf raw n=883 total_us=3498 rebuild_us=385 layout_us=0 paint_us=90 encode_us=17 acquire_us=100 submit_us=2904 skipped=0 gpu_q=1 gpu_total_us=688 gpu_prepass_us=0 gpu_main_us=688 gpu_composite_us=0 gpu_blit_us=0
frust_shell_common::perf: frust-perf raw n=884 total_us=3287 rebuild_us=195 layout_us=0 paint_us=87 encode_us=15 acquire_us=109 submit_us=2880 skipped=0 gpu_q=1 gpu_total_us=703 gpu_prepass_us=0 gpu_main_us=703 gpu_composite_us=0 gpu_blit_us=0
frust_shell_common::perf: frust-perf raw n=885 total_us=3768 rebuild_us=205 layout_us=0 paint_us=99 encode_us=19 acquire_us=125 submit_us=3317 skipped=0 gpu_q=1 gpu_total_us=712 gpu_prepass_us=0 gpu_main_us=712 gpu_composite_us=0 gpu_blit_us=0
frust_shell_common::perf: frust-perf raw n=886 total_us=3212 rebuild_us=163 layout_us=0 paint_us=75 encode_us=14 acquire_us=101 submit_us=2857 skipped=0 gpu_q=1 gpu_total_us=697 gpu_prepass_us=0 gpu_main_us=697 gpu_composite_us=0 gpu_blit_us=0
frust_shell_common::perf: frust-perf raw n=887 total_us=3112 rebuild_us=156 layout_us=0 paint_us=75 encode_us=14 acquire_us=106 submit_us=2759 skipped=0 gpu_q=1 gpu_total_us=694 gpu_prepass_us=0 gpu_main_us=694 gpu_composite_us=0 gpu_blit_us=0
frust_shell_common::perf: frust-perf raw n=888 total_us=6637 rebuild_us=175 layout_us=0 paint_us=79 encode_us=36 acquire_us=161 submit_us=6184 skipped=0 gpu_q=1 gpu_total_us=700 gpu_prepass_us=0 gpu_main_us=700 gpu_composite_us=0 gpu_blit_us=0
frust_shell_common::perf: frust-perf raw n=889 total_us=5983 rebuild_us=168 layout_us=0 paint_us=78 encode_us=35 acquire_us=227 submit_us=5472 skipped=0 gpu_q=1 gpu_total_us=689 gpu_prepass_us=0 gpu_main_us=689 gpu_composite_us=0 gpu_blit_us=0
frust_shell_common::perf: frust-perf raw n=890 total_us=5142 rebuild_us=157 layout_us=0 paint_us=76 encode_us=28 acquire_us=156 submit_us=4723 skipped=0 gpu_q=1 gpu_total_us=688 gpu_prepass_us=0 gpu_main_us=688 gpu_composite_us=0 gpu_blit_us=0
frust_shell_common::perf: frust-perf raw n=891 total_us=3686 rebuild_us=100 layout_us=0 paint_us=47 encode_us=20 acquire_us=104 submit_us=3413 skipped=0 gpu_q=1 gpu_total_us=680 gpu_prepass_us=0 gpu_main_us=680 gpu_composite_us=0 gpu_blit_us=0
frust_shell_common::perf: frust-perf raw n=892 total_us=3670 rebuild_us=94 layout_us=0 paint_us=47 encode_us=17 acquire_us=92 submit_us=3418 skipped=0 gpu_q=1 gpu_total_us=674 gpu_prepass_us=0 gpu_main_us=674 gpu_composite_us=0 gpu_blit_us=0
frust_shell_common::perf: frust-perf raw n=893 total_us=4623 rebuild_us=116 layout_us=0 paint_us=54 encode_us=19 acquire_us=113 submit_us=4319 skipped=0 gpu_q=1 gpu_total_us=662 gpu_prepass_us=0 gpu_main_us=662 gpu_composite_us=0 gpu_blit_us=0
frust_shell_common::perf: frust-perf raw n=894 total_us=4301 rebuild_us=108 layout_us=0 paint_us=53 encode_us=23 acquire_us=131 submit_us=3983 skipped=0 gpu_q=1 gpu_total_us=671 gpu_prepass_us=0 gpu_main_us=671 gpu_composite_us=0 gpu_blit_us=0
frust_shell_common::perf: frust-perf raw n=895 total_us=4583 rebuild_us=114 layout_us=0 paint_us=54 encode_us=26 acquire_us=122 submit_us=4264 skipped=0 gpu_q=1 gpu_total_us=709 gpu_prepass_us=0 gpu_main_us=709 gpu_composite_us=0 gpu_blit_us=0
frust_shell_common::perf: frust-perf raw n=896 total_us=4620 rebuild_us=121 layout_us=0 paint_us=58 encode_us=26 acquire_us=117 submit_us=4296 skipped=0 gpu_q=1 gpu_total_us=690 gpu_prepass_us=0 gpu_main_us=690 gpu_composite_us=0 gpu_blit_us=0
frust_shell_common::perf: frust-perf raw n=897 total_us=4858 rebuild_us=120 layout_us=0 paint_us=60 encode_us=26 acquire_us=131 submit_us=4519 skipped=0 gpu_q=1 gpu_total_us=669 gpu_prepass_us=0 gpu_main_us=669 gpu_composite_us=0 gpu_blit_us=0
frust_shell_common::perf: frust-perf raw n=898 total_us=4454 rebuild_us=115 layout_us=0 paint_us=56 encode_us=26 acquire_us=117 submit_us=4139 skipped=0 gpu_q=1 gpu_total_us=697 gpu_prepass_us=0 gpu_main_us=697 gpu_composite_us=0 gpu_blit_us=0
frust_shell_common::perf: frust-perf raw n=899 total_us=4458 rebuild_us=120 layout_us=0 paint_us=54 encode_us=22 acquire_us=124 submit_us=4136 skipped=0 gpu_q=1 gpu_total_us=666 gpu_prepass_us=0 gpu_main_us=666 gpu_composite_us=0 gpu_blit_us=0
frust_engine::renderer: frust-perf enc n=900 w=60 validate_us=3.7 prepare_us=3.4 classify_us=12.8 admit_us=0.4 walk_us=505.2 glyphs_us=217.2 finish_us=2.7 compile_us=528.5 schedule_us=3.9 paints_us=13.8 instances_us=30.8 resize_us=2.9 upload_us=209.8 replay_us=0.3 pipelines_us=18.2 record_us=31.5 total_us=847.5 total_p95_us=1713.2 draws=46 strips=1073 alphas=28576 glyph_draws=36 atlas_glyphs=36
frust_shell_common::perf: frust-perf raw n=900 total_us=5185 rebuild_us=124 layout_us=0 paint_us=58 encode_us=30 acquire_us=279 submit_us=4691 skipped=0 gpu_q=1 gpu_total_us=686 gpu_prepass_us=0 gpu_main_us=686 gpu_composite_us=0 gpu_blit_us=0
frust_shell_common::perf: frust-perf raw n=901 total_us=4098 rebuild_us=117 layout_us=0 paint_us=56 encode_us=26 acquire_us=128 submit_us=3770 skipped=0 gpu_q=1 gpu_total_us=680 gpu_prepass_us=0 gpu_main_us=680 gpu_composite_us=0 gpu_blit_us=0
frust_shell_common::perf: frust-perf raw n=902 total_us=5680 rebuild_us=201 layout_us=0 paint_us=60 encode_us=29 acquire_us=153 submit_us=5235 skipped=0 gpu_q=1 gpu_total_us=682 gpu_prepass_us=0 gpu_main_us=682 gpu_composite_us=0 gpu_blit_us=0
frust_shell_common::perf: frust-perf raw n=903 total_us=3232 rebuild_us=123 layout_us=0 paint_us=63 encode_us=19 acquire_us=166 submit_us=2858 skipped=0 gpu_q=1 gpu_total_us=682 gpu_prepass_us=0 gpu_main_us=682 gpu_composite_us=0 gpu_blit_us=0
frust_shell_common::perf: frust-perf raw n=904 total_us=3421 rebuild_us=184 layout_us=0 paint_us=90 encode_us=16 acquire_us=109 submit_us=3020 skipped=0 gpu_q=1 gpu_total_us=706 gpu_prepass_us=0 gpu_main_us=706 gpu_composite_us=0 gpu_blit_us=0
frust_shell_common::perf: frust-perf raw n=905 total_us=3335 rebuild_us=184 layout_us=0 paint_us=94 encode_us=13 acquire_us=112 submit_us=2929 skipped=0 gpu_q=1 gpu_total_us=713 gpu_prepass_us=0 gpu_main_us=713 gpu_composite_us=0 gpu_blit_us=0
frust_shell_common::perf: frust-perf raw n=906 total_us=3386 rebuild_us=197 layout_us=0 paint_us=94 encode_us=17 acquire_us=113 submit_us=2963 skipped=0 gpu_q=1 gpu_total_us=684 gpu_prepass_us=0 gpu_main_us=684 gpu_composite_us=0 gpu_blit_us=0
frust_shell_common::perf: frust-perf raw n=907 total_us=3358 rebuild_us=189 layout_us=0 paint_us=96 encode_us=14 acquire_us=106 submit_us=2951 skipped=0 gpu_q=1 gpu_total_us=718 gpu_prepass_us=0 gpu_main_us=718 gpu_composite_us=0 gpu_blit_us=0
frust_shell_common::perf: frust-perf raw n=908 total_us=3387 rebuild_us=192 layout_us=0 paint_us=92 encode_us=15 acquire_us=110 submit_us=2977 skipped=0 gpu_q=1 gpu_total_us=728 gpu_prepass_us=0 gpu_main_us=728 gpu_composite_us=0 gpu_blit_us=0
frust_shell_common::perf: frust-perf raw n=909 total_us=3449 rebuild_us=183 layout_us=0 paint_us=86 encode_us=12 acquire_us=104 submit_us=3062 skipped=0 gpu_q=1 gpu_total_us=696 gpu_prepass_us=0 gpu_main_us=696 gpu_composite_us=0 gpu_blit_us=0
frust_shell_common::perf: frust-perf raw n=910 total_us=3401 rebuild_us=198 layout_us=0 paint_us=90 encode_us=16 acquire_us=107 submit_us=2987 skipped=0 gpu_q=1 gpu_total_us=706 gpu_prepass_us=0 gpu_main_us=706 gpu_composite_us=0 gpu_blit_us=0
frust_shell_common::perf: frust-perf raw n=911 total_us=3210 rebuild_us=182 layout_us=0 paint_us=88 encode_us=14 acquire_us=95 submit_us=2830 skipped=0 gpu_q=1 gpu_total_us=711 gpu_prepass_us=0 gpu_main_us=711 gpu_composite_us=0 gpu_blit_us=0
frust_shell_common::perf: frust-perf raw n=912 total_us=3274 rebuild_us=182 layout_us=0 paint_us=81 encode_us=14 acquire_us=106 submit_us=2889 skipped=0 gpu_q=1 gpu_total_us=720 gpu_prepass_us=0 gpu_main_us=720 gpu_composite_us=0 gpu_blit_us=0
frust_shell_common::perf: frust-perf raw n=913 total_us=3351 rebuild_us=169 layout_us=0 paint_us=82 encode_us=13 acquire_us=103 submit_us=2981 skipped=0 gpu_q=1 gpu_total_us=718 gpu_prepass_us=0 gpu_main_us=718 gpu_composite_us=0 gpu_blit_us=0
frust_shell_common::perf: frust-perf raw n=914 total_us=3292 rebuild_us=168 layout_us=0 paint_us=80 encode_us=15 acquire_us=95 submit_us=2931 skipped=0 gpu_q=1 gpu_total_us=708 gpu_prepass_us=0 gpu_main_us=708 gpu_composite_us=0 gpu_blit_us=0
frust_shell_common::perf: frust-perf raw n=915 total_us=3301 rebuild_us=174 layout_us=0 paint_us=77 encode_us=19 acquire_us=112 submit_us=2917 skipped=0 gpu_q=1 gpu_total_us=724 gpu_prepass_us=0 gpu_main_us=724 gpu_composite_us=0 gpu_blit_us=0
frust_shell_common::perf: frust-perf raw n=916 total_us=3428 rebuild_us=192 layout_us=0 paint_us=202 encode_us=14 acquire_us=103 submit_us=2914 skipped=0 gpu_q=1 gpu_total_us=714 gpu_prepass_us=0 gpu_main_us=714 gpu_composite_us=0 gpu_blit_us=0
frust_shell_common::perf: frust-perf raw n=917 total_us=3284 rebuild_us=266 layout_us=0 paint_us=84 encode_us=17 acquire_us=106 submit_us=2809 skipped=0 gpu_q=1 gpu_total_us=715 gpu_prepass_us=0 gpu_main_us=715 gpu_composite_us=0 gpu_blit_us=0
frust_shell_common::perf: frust-perf raw n=918 total_us=3343 rebuild_us=188 layout_us=0 paint_us=89 encode_us=14 acquire_us=102 submit_us=2947 skipped=0 gpu_q=1 gpu_total_us=714 gpu_prepass_us=0 gpu_main_us=714 gpu_composite_us=0 gpu_blit_us=0
frust_shell_common::perf: frust-perf raw n=919 total_us=3224 rebuild_us=181 layout_us=0 paint_us=81 encode_us=15 acquire_us=97 submit_us=2847 skipped=0 gpu_q=1 gpu_total_us=721 gpu_prepass_us=0 gpu_main_us=721 gpu_composite_us=0 gpu_blit_us=0
frust_shell_common::perf: frust-perf raw n=920 total_us=3457 rebuild_us=190 layout_us=0 paint_us=85 encode_us=16 acquire_us=117 submit_us=3047 skipped=0 gpu_q=1 gpu_total_us=736 gpu_prepass_us=0 gpu_main_us=736 gpu_composite_us=0 gpu_blit_us=0
frust_shell_common::perf: frust-perf raw n=921 total_us=3134 rebuild_us=178 layout_us=0 paint_us=81 encode_us=14 acquire_us=104 submit_us=2754 skipped=0 gpu_q=1 gpu_total_us=707 gpu_prepass_us=0 gpu_main_us=707 gpu_composite_us=0 gpu_blit_us=0
frust_shell_common::perf: frust-perf raw n=922 total_us=3514 rebuild_us=187 layout_us=0 paint_us=85 encode_us=17 acquire_us=111 submit_us=3111 skipped=0 gpu_q=1 gpu_total_us=721 gpu_prepass_us=0 gpu_main_us=721 gpu_composite_us=0 gpu_blit_us=0
frust_shell_common::perf: frust-perf raw n=923 total_us=3281 rebuild_us=185 layout_us=0 paint_us=80 encode_us=12 acquire_us=98 submit_us=2902 skipped=0 gpu_q=1 gpu_total_us=708 gpu_prepass_us=0 gpu_main_us=708 gpu_composite_us=0 gpu_blit_us=0
frust_shell_common::perf: frust-perf raw n=924 total_us=3439 rebuild_us=186 layout_us=0 paint_us=86 encode_us=16 acquire_us=106 submit_us=3042 skipped=0 gpu_q=1 gpu_total_us=720 gpu_prepass_us=0 gpu_main_us=720 gpu_composite_us=0 gpu_blit_us=0
frust_shell_common::perf: frust-perf raw n=925 total_us=3437 rebuild_us=193 layout_us=0 paint_us=87 encode_us=13 acquire_us=97 submit_us=3044 skipped=0 gpu_q=1 gpu_total_us=713 gpu_prepass_us=0 gpu_main_us=713 gpu_composite_us=0 gpu_blit_us=0
frust_shell_common::perf: frust-perf raw n=926 total_us=3334 rebuild_us=190 layout_us=0 paint_us=93 encode_us=13 acquire_us=102 submit_us=2933 skipped=0 gpu_q=1 gpu_total_us=717 gpu_prepass_us=0 gpu_main_us=717 gpu_composite_us=0 gpu_blit_us=0
frust_shell_common::perf: frust-perf raw n=927 total_us=3278 rebuild_us=189 layout_us=0 paint_us=91 encode_us=13 acquire_us=96 submit_us=2888 skipped=0 gpu_q=1 gpu_total_us=720 gpu_prepass_us=0 gpu_main_us=720 gpu_composite_us=0 gpu_blit_us=0
frust_shell_common::perf: frust-perf raw n=928 total_us=3351 rebuild_us=187 layout_us=0 paint_us=89 encode_us=15 acquire_us=94 submit_us=2963 skipped=0 gpu_q=1 gpu_total_us=719 gpu_prepass_us=0 gpu_main_us=719 gpu_composite_us=0 gpu_blit_us=0
frust_shell_common::perf: frust-perf raw n=929 total_us=6089 rebuild_us=178 layout_us=0 paint_us=82 encode_us=37 acquire_us=204 submit_us=5586 skipped=0 gpu_q=1 gpu_total_us=696 gpu_prepass_us=0 gpu_main_us=696 gpu_composite_us=0 gpu_blit_us=0
frust_shell_common::perf: frust-perf raw n=930 total_us=4056 rebuild_us=122 layout_us=0 paint_us=58 encode_us=30 acquire_us=137 submit_us=3707 skipped=0 gpu_q=1 gpu_total_us=688 gpu_prepass_us=0 gpu_main_us=688 gpu_composite_us=0 gpu_blit_us=0
frust_shell_common::perf: frust-perf raw n=931 total_us=4019 rebuild_us=104 layout_us=0 paint_us=49 encode_us=18 acquire_us=105 submit_us=3740 skipped=0 gpu_q=1 gpu_total_us=683 gpu_prepass_us=0 gpu_main_us=683 gpu_composite_us=0 gpu_blit_us=0
frust_shell_common::perf: frust-perf raw n=932 total_us=4717 rebuild_us=117 layout_us=0 paint_us=56 encode_us=22 acquire_us=119 submit_us=4401 skipped=0 gpu_q=1 gpu_total_us=688 gpu_prepass_us=0 gpu_main_us=688 gpu_composite_us=0 gpu_blit_us=0
frust_shell_common::perf: frust-perf raw n=933 total_us=5227 rebuild_us=114 layout_us=0 paint_us=53 encode_us=23 acquire_us=130 submit_us=4905 skipped=0 gpu_q=1 gpu_total_us=669 gpu_prepass_us=0 gpu_main_us=669 gpu_composite_us=0 gpu_blit_us=0
frust_shell_common::perf: frust-perf raw n=934 total_us=5498 rebuild_us=106 layout_us=0 paint_us=53 encode_us=21 acquire_us=117 submit_us=5199 skipped=0 gpu_q=1 gpu_total_us=670 gpu_prepass_us=0 gpu_main_us=670 gpu_composite_us=0 gpu_blit_us=0
frust_shell_common::perf: frust-perf raw n=935 total_us=5415 rebuild_us=110 layout_us=0 paint_us=112 encode_us=30 acquire_us=137 submit_us=5023 skipped=0 gpu_q=1 gpu_total_us=726 gpu_prepass_us=0 gpu_main_us=726 gpu_composite_us=0 gpu_blit_us=0
frust_shell_common::perf: frust-perf raw n=936 total_us=4608 rebuild_us=118 layout_us=0 paint_us=55 encode_us=23 acquire_us=126 submit_us=4284 skipped=0 gpu_q=1 gpu_total_us=667 gpu_prepass_us=0 gpu_main_us=667 gpu_composite_us=0 gpu_blit_us=0
frust_shell_common::perf: frust-perf raw n=937 total_us=4298 rebuild_us=106 layout_us=0 paint_us=55 encode_us=28 acquire_us=124 submit_us=3983 skipped=0 gpu_q=1 gpu_total_us=666 gpu_prepass_us=0 gpu_main_us=666 gpu_composite_us=0 gpu_blit_us=0
frust_shell_common::perf: frust-perf raw n=938 total_us=4342 rebuild_us=113 layout_us=0 paint_us=52 encode_us=24 acquire_us=125 submit_us=4025 skipped=0 gpu_q=1 gpu_total_us=666 gpu_prepass_us=0 gpu_main_us=666 gpu_composite_us=0 gpu_blit_us=0
frust_shell_common::perf: frust-perf raw n=939 total_us=4859 rebuild_us=121 layout_us=0 paint_us=58 encode_us=28 acquire_us=130 submit_us=4520 skipped=0 gpu_q=1 gpu_total_us=666 gpu_prepass_us=0 gpu_main_us=666 gpu_composite_us=0 gpu_blit_us=0
frust_shell_common::perf: frust-perf raw n=940 total_us=3231 rebuild_us=101 layout_us=0 paint_us=49 encode_us=22 acquire_us=157 submit_us=2900 skipped=0 gpu_q=1 gpu_total_us=667 gpu_prepass_us=0 gpu_main_us=667 gpu_composite_us=0 gpu_blit_us=0
frust_shell_common::perf: frust-perf raw n=941 total_us=3447 rebuild_us=189 layout_us=0 paint_us=86 encode_us=17 acquire_us=112 submit_us=3041 skipped=0 gpu_q=1 gpu_total_us=667 gpu_prepass_us=0 gpu_main_us=667 gpu_composite_us=0 gpu_blit_us=0
frust_shell_common::perf: frust-perf raw n=942 total_us=3583 rebuild_us=194 layout_us=0 paint_us=90 encode_us=15 acquire_us=107 submit_us=3174 skipped=0 gpu_q=1 gpu_total_us=667 gpu_prepass_us=0 gpu_main_us=667 gpu_composite_us=0 gpu_blit_us=0
frust_shell_common::perf: frust-perf raw n=943 total_us=3300 rebuild_us=191 layout_us=0 paint_us=94 encode_us=13 acquire_us=103 submit_us=2895 skipped=0 gpu_q=1 gpu_total_us=666 gpu_prepass_us=0 gpu_main_us=666 gpu_composite_us=0 gpu_blit_us=0
frust_shell_common::perf: frust-perf raw n=944 total_us=3445 rebuild_us=187 layout_us=0 paint_us=89 encode_us=14 acquire_us=100 submit_us=3053 skipped=0 gpu_q=1 gpu_total_us=688 gpu_prepass_us=0 gpu_main_us=688 gpu_composite_us=0 gpu_blit_us=0
frust_shell_common::perf: frust-perf raw n=945 total_us=3421 rebuild_us=195 layout_us=0 paint_us=89 encode_us=16 acquire_us=93 submit_us=3026 skipped=0 gpu_q=1 gpu_total_us=694 gpu_prepass_us=0 gpu_main_us=694 gpu_composite_us=0 gpu_blit_us=0
frust_shell_common::perf: frust-perf raw n=946 total_us=3253 rebuild_us=184 layout_us=0 paint_us=90 encode_us=11 acquire_us=98 submit_us=2868 skipped=0 gpu_q=1 gpu_total_us=672 gpu_prepass_us=0 gpu_main_us=672 gpu_composite_us=0 gpu_blit_us=0
frust_shell_common::perf: frust-perf raw n=947 total_us=3366 rebuild_us=185 layout_us=0 paint_us=85 encode_us=16 acquire_us=111 submit_us=2965 skipped=0 gpu_q=1 gpu_total_us=716 gpu_prepass_us=0 gpu_main_us=716 gpu_composite_us=0 gpu_blit_us=0
frust_shell_common::perf: frust-perf raw n=948 total_us=3362 rebuild_us=193 layout_us=0 paint_us=86 encode_us=13 acquire_us=106 submit_us=2960 skipped=0 gpu_q=1 gpu_total_us=707 gpu_prepass_us=0 gpu_main_us=707 gpu_composite_us=0 gpu_blit_us=0
frust_shell_common::perf: frust-perf raw n=949 total_us=3357 rebuild_us=190 layout_us=0 paint_us=89 encode_us=13 acquire_us=142 submit_us=2921 skipped=0 gpu_q=1 gpu_total_us=687 gpu_prepass_us=0 gpu_main_us=687 gpu_composite_us=0 gpu_blit_us=0
frust_shell_android::app::frame: frust-perf platform-view tail depth=0 target=0 acquire_bound=false frame=960 expected_present_us=0 acquire_us=114 period_us=8234
frust_shell_common::perf: frust-perf raw n=950 total_us=3399 rebuild_us=280 layout_us=0 paint_us=92 encode_us=15 acquire_us=106 submit_us=2903 skipped=0 gpu_q=1 gpu_total_us=718 gpu_prepass_us=0 gpu_main_us=718 gpu_composite_us=0 gpu_blit_us=0
frust_shell_common::perf: frust-perf raw n=951 total_us=3390 rebuild_us=261 layout_us=0 paint_us=101 encode_us=13 acquire_us=110 submit_us=2902 skipped=0 gpu_q=1 gpu_total_us=680 gpu_prepass_us=0 gpu_main_us=680 gpu_composite_us=0 gpu_blit_us=0
frust_shell_common::perf: frust-perf raw n=952 total_us=3287 rebuild_us=186 layout_us=0 paint_us=88 encode_us=14 acquire_us=108 submit_us=2888 skipped=0 gpu_q=1 gpu_total_us=695 gpu_prepass_us=0 gpu_main_us=695 gpu_composite_us=0 gpu_blit_us=0
frust_shell_common::perf: frust-perf raw n=953 total_us=3145 rebuild_us=184 layout_us=0 paint_us=85 encode_us=12 acquire_us=94 submit_us=2768 skipped=0 gpu_q=1 gpu_total_us=690 gpu_prepass_us=0 gpu_main_us=690 gpu_composite_us=0 gpu_blit_us=0
frust_shell_common::perf: frust-perf raw n=954 total_us=3145 rebuild_us=175 layout_us=0 paint_us=81 encode_us=15 acquire_us=104 submit_us=2768 skipped=0 gpu_q=1 gpu_total_us=714 gpu_prepass_us=0 gpu_main_us=714 gpu_composite_us=0 gpu_blit_us=0
frust_shell_common::perf: frust-perf raw n=955 total_us=3501 rebuild_us=195 layout_us=0 paint_us=93 encode_us=13 acquire_us=104 submit_us=3094 skipped=0 gpu_q=1 gpu_total_us=686 gpu_prepass_us=0 gpu_main_us=686 gpu_composite_us=0 gpu_blit_us=0
frust_shell_common::perf: frust-perf raw n=956 total_us=3433 rebuild_us=186 layout_us=0 paint_us=89 encode_us=15 acquire_us=102 submit_us=3038 skipped=0 gpu_q=1 gpu_total_us=733 gpu_prepass_us=0 gpu_main_us=733 gpu_composite_us=0 gpu_blit_us=0
frust_shell_common::perf: frust-perf raw n=957 total_us=3402 rebuild_us=190 layout_us=0 paint_us=89 encode_us=13 acquire_us=105 submit_us=3002 skipped=0 gpu_q=1 gpu_total_us=685 gpu_prepass_us=0 gpu_main_us=685 gpu_composite_us=0 gpu_blit_us=0
frust_shell_common::perf: frust-perf raw n=958 total_us=3395 rebuild_us=192 layout_us=0 paint_us=94 encode_us=17 acquire_us=100 submit_us=2989 skipped=0 gpu_q=1 gpu_total_us=699 gpu_prepass_us=0 gpu_main_us=699 gpu_composite_us=0 gpu_blit_us=0
frust_shell_common::perf: frust-perf raw n=959 total_us=3428 rebuild_us=181 layout_us=0 paint_us=91 encode_us=14 acquire_us=105 submit_us=3036 skipped=0 gpu_q=1 gpu_total_us=698 gpu_prepass_us=0 gpu_main_us=698 gpu_composite_us=0 gpu_blit_us=0
frust_engine::renderer: frust-perf enc n=960 w=60 validate_us=3.5 prepare_us=3.2 classify_us=12.4 admit_us=0.3 walk_us=501.0 glyphs_us=214.4 finish_us=2.7 compile_us=523.6 schedule_us=3.7 paints_us=13.5 instances_us=30.3 resize_us=2.9 upload_us=207.4 replay_us=0.3 pipelines_us=16.8 record_us=29.4 total_us=829.3 total_p95_us=1443.0 draws=46 strips=1073 alphas=28576 glyph_draws=36 atlas_glyphs=36
frust_shell_common::perf: frust-perf raw n=960 total_us=3642 rebuild_us=185 layout_us=0 paint_us=85 encode_us=14 acquire_us=103 submit_us=3253 skipped=0 gpu_q=1 gpu_total_us=711 gpu_prepass_us=0 gpu_main_us=711 gpu_composite_us=0 gpu_blit_us=0
frust_shell_common::perf: frust-perf raw n=961 total_us=5615 rebuild_us=190 layout_us=0 paint_us=89 encode_us=39 acquire_us=180 submit_us=5114 skipped=0 gpu_q=1 gpu_total_us=711 gpu_prepass_us=0 gpu_main_us=711 gpu_composite_us=0 gpu_blit_us=0
frust_shell_common::perf: frust-perf raw n=962 total_us=4253 rebuild_us=125 layout_us=0 paint_us=59 encode_us=24 acquire_us=132 submit_us=3911 skipped=0 gpu_q=1 gpu_total_us=727 gpu_prepass_us=0 gpu_main_us=727 gpu_composite_us=0 gpu_blit_us=0
frust_shell_common::perf: frust-perf raw n=963 total_us=4301 rebuild_us=105 layout_us=0 paint_us=51 encode_us=27 acquire_us=144 submit_us=3972 skipped=0 gpu_q=1 gpu_total_us=696 gpu_prepass_us=0 gpu_main_us=696 gpu_composite_us=0 gpu_blit_us=0
frust_shell_common::perf: frust-perf raw n=964 total_us=4681 rebuild_us=124 layout_us=0 paint_us=58 encode_us=25 acquire_us=117 submit_us=4355 skipped=0 gpu_q=1 gpu_total_us=729 gpu_prepass_us=0 gpu_main_us=729 gpu_composite_us=0 gpu_blit_us=0
frust_shell_common::perf: frust-perf raw n=965 total_us=5768 rebuild_us=128 layout_us=0 paint_us=62 encode_us=27 acquire_us=121 submit_us=5428 skipped=0 gpu_q=1 gpu_total_us=665 gpu_prepass_us=0 gpu_main_us=665 gpu_composite_us=0 gpu_blit_us=0
frust_shell_common::perf: frust-perf raw n=966 total_us=5790 rebuild_us=126 layout_us=0 paint_us=60 encode_us=26 acquire_us=150 submit_us=5426 skipped=0 gpu_q=1 gpu_total_us=664 gpu_prepass_us=0 gpu_main_us=664 gpu_composite_us=0 gpu_blit_us=0
frust_shell_common::perf: frust-perf raw n=967 total_us=5722 rebuild_us=134 layout_us=0 paint_us=60 encode_us=32 acquire_us=129 submit_us=5365 skipped=0 gpu_q=1 gpu_total_us=665 gpu_prepass_us=0 gpu_main_us=665 gpu_composite_us=0 gpu_blit_us=0
frust_shell_common::perf: frust-perf raw n=968 total_us=3127 rebuild_us=131 layout_us=0 paint_us=59 encode_us=20 acquire_us=155 submit_us=2761 skipped=0 gpu_q=1 gpu_total_us=669 gpu_prepass_us=0 gpu_main_us=669 gpu_composite_us=0 gpu_blit_us=0
frust_shell_common::perf: frust-perf raw n=969 total_us=3362 rebuild_us=299 layout_us=0 paint_us=120 encode_us=13 acquire_us=103 submit_us=2824 skipped=0 gpu_q=1 gpu_total_us=664 gpu_prepass_us=0 gpu_main_us=664 gpu_composite_us=0 gpu_blit_us=0
frust_shell_common::perf: frust-perf raw n=970 total_us=3473 rebuild_us=201 layout_us=0 paint_us=93 encode_us=15 acquire_us=105 submit_us=3057 skipped=0 gpu_q=1 gpu_total_us=664 gpu_prepass_us=0 gpu_main_us=664 gpu_composite_us=0 gpu_blit_us=0
frust_shell_common::perf: frust-perf raw n=971 total_us=3312 rebuild_us=189 layout_us=0 paint_us=95 encode_us=18 acquire_us=107 submit_us=2901 skipped=0 gpu_q=1 gpu_total_us=667 gpu_prepass_us=0 gpu_main_us=667 gpu_composite_us=0 gpu_blit_us=0
frust_shell_common::perf: frust-perf raw n=972 total_us=3517 rebuild_us=186 layout_us=0 paint_us=83 encode_us=14 acquire_us=107 submit_us=3124 skipped=0 gpu_q=1 gpu_total_us=751 gpu_prepass_us=0 gpu_main_us=751 gpu_composite_us=0 gpu_blit_us=0
frust_shell_common::perf: frust-perf raw n=973 total_us=3268 rebuild_us=180 layout_us=0 paint_us=87 encode_us=16 acquire_us=100 submit_us=2882 skipped=0 gpu_q=1 gpu_total_us=760 gpu_prepass_us=0 gpu_main_us=760 gpu_composite_us=0 gpu_blit_us=0
frust_shell_common::perf: frust-perf raw n=974 total_us=3225 rebuild_us=180 layout_us=0 paint_us=84 encode_us=12 acquire_us=97 submit_us=2849 skipped=0 gpu_q=1 gpu_total_us=769 gpu_prepass_us=0 gpu_main_us=769 gpu_composite_us=0 gpu_blit_us=0
frust_shell_common::perf: frust-perf raw n=975 total_us=3320 rebuild_us=198 layout_us=0 paint_us=90 encode_us=13 acquire_us=105 submit_us=2911 skipped=0 gpu_q=1 gpu_total_us=726 gpu_prepass_us=0 gpu_main_us=726 gpu_composite_us=0 gpu_blit_us=0
frust_shell_common::perf: frust-perf raw n=976 total_us=3538 rebuild_us=188 layout_us=0 paint_us=88 encode_us=14 acquire_us=100 submit_us=3146 skipped=0 gpu_q=1 gpu_total_us=757 gpu_prepass_us=0 gpu_main_us=757 gpu_composite_us=0 gpu_blit_us=0
frust_shell_common::perf: frust-perf raw n=977 total_us=3257 rebuild_us=193 layout_us=0 paint_us=88 encode_us=13 acquire_us=100 submit_us=2862 skipped=0 gpu_q=1 gpu_total_us=743 gpu_prepass_us=0 gpu_main_us=743 gpu_composite_us=0 gpu_blit_us=0
frust_shell_common::perf: frust-perf raw n=978 total_us=3362 rebuild_us=186 layout_us=0 paint_us=82 encode_us=12 acquire_us=106 submit_us=2974 skipped=0 gpu_q=1 gpu_total_us=745 gpu_prepass_us=0 gpu_main_us=745 gpu_composite_us=0 gpu_blit_us=0
frust_shell_common::perf: frust-perf raw n=979 total_us=3325 rebuild_us=185 layout_us=0 paint_us=85 encode_us=12 acquire_us=98 submit_us=2942 skipped=0 gpu_q=1 gpu_total_us=712 gpu_prepass_us=0 gpu_main_us=712 gpu_composite_us=0 gpu_blit_us=0
frust_shell_common::perf: frust-perf raw n=980 total_us=3387 rebuild_us=189 layout_us=0 paint_us=85 encode_us=19 acquire_us=111 submit_us=2981 skipped=0 gpu_q=1 gpu_total_us=752 gpu_prepass_us=0 gpu_main_us=752 gpu_composite_us=0 gpu_blit_us=0
frust_shell_common::perf: frust-perf raw n=981 total_us=3332 rebuild_us=184 layout_us=0 paint_us=91 encode_us=15 acquire_us=101 submit_us=2938 skipped=0 gpu_q=1 gpu_total_us=753 gpu_prepass_us=0 gpu_main_us=753 gpu_composite_us=0 gpu_blit_us=0
frust_shell_common::perf: frust-perf raw n=982 total_us=3300 rebuild_us=188 layout_us=0 paint_us=92 encode_us=13 acquire_us=102 submit_us=2903 skipped=0 gpu_q=1 gpu_total_us=736 gpu_prepass_us=0 gpu_main_us=736 gpu_composite_us=0 gpu_blit_us=0
frust_shell_common::perf: frust-perf raw n=983 total_us=3355 rebuild_us=184 layout_us=0 paint_us=84 encode_us=12 acquire_us=112 submit_us=2960 skipped=0 gpu_q=1 gpu_total_us=735 gpu_prepass_us=0 gpu_main_us=735 gpu_composite_us=0 gpu_blit_us=0
frust_shell_common::perf: frust-perf raw n=984 total_us=3290 rebuild_us=199 layout_us=0 paint_us=88 encode_us=13 acquire_us=107 submit_us=2881 skipped=0 gpu_q=1 gpu_total_us=740 gpu_prepass_us=0 gpu_main_us=740 gpu_composite_us=0 gpu_blit_us=0
frust_shell_common::perf: frust-perf raw n=985 total_us=3343 rebuild_us=250 layout_us=0 paint_us=91 encode_us=14 acquire_us=112 submit_us=2873 skipped=0 gpu_q=1 gpu_total_us=723 gpu_prepass_us=0 gpu_main_us=723 gpu_composite_us=0 gpu_blit_us=0
frust_shell_common::perf: frust-perf raw n=986 total_us=3127 rebuild_us=177 layout_us=0 paint_us=84 encode_us=13 acquire_us=93 submit_us=2759 skipped=0 gpu_q=1 gpu_total_us=726 gpu_prepass_us=0 gpu_main_us=726 gpu_composite_us=0 gpu_blit_us=0
frust_shell_common::perf: frust-perf raw n=987 total_us=3227 rebuild_us=185 layout_us=0 paint_us=89 encode_us=14 acquire_us=100 submit_us=2837 skipped=0 gpu_q=1 gpu_total_us=747 gpu_prepass_us=0 gpu_main_us=747 gpu_composite_us=0 gpu_blit_us=0
frust_shell_common::perf: frust-perf raw n=988 total_us=3361 rebuild_us=190 layout_us=0 paint_us=86 encode_us=15 acquire_us=117 submit_us=2950 skipped=0 gpu_q=1 gpu_total_us=732 gpu_prepass_us=0 gpu_main_us=732 gpu_composite_us=0 gpu_blit_us=0
frust_shell_common::perf: frust-perf raw n=989 total_us=3438 rebuild_us=181 layout_us=0 paint_us=86 encode_us=14 acquire_us=100 submit_us=3053 skipped=0 gpu_q=1 gpu_total_us=751 gpu_prepass_us=0 gpu_main_us=751 gpu_composite_us=0 gpu_blit_us=0
frust_shell_common::perf: frust-perf raw n=990 total_us=7240 rebuild_us=188 layout_us=0 paint_us=82 encode_us=33 acquire_us=212 submit_us=6724 skipped=0 gpu_q=1 gpu_total_us=759 gpu_prepass_us=0 gpu_main_us=759 gpu_composite_us=0 gpu_blit_us=0
frust_shell_common::perf: frust-perf raw n=991 total_us=5589 rebuild_us=185 layout_us=0 paint_us=84 encode_us=37 acquire_us=170 submit_us=5110 skipped=0 gpu_q=1 gpu_total_us=755 gpu_prepass_us=0 gpu_main_us=755 gpu_composite_us=0 gpu_blit_us=0
frust_shell_common::perf: frust-perf raw n=992 total_us=4274 rebuild_us=122 layout_us=0 paint_us=60 encode_us=28 acquire_us=124 submit_us=3939 skipped=0 gpu_q=1 gpu_total_us=723 gpu_prepass_us=0 gpu_main_us=723 gpu_composite_us=0 gpu_blit_us=0
frust_shell_common::perf: frust-perf raw n=993 total_us=5992 rebuild_us=135 layout_us=0 paint_us=66 encode_us=27 acquire_us=134 submit_us=5626 skipped=0 gpu_q=1 gpu_total_us=761 gpu_prepass_us=0 gpu_main_us=761 gpu_composite_us=0 gpu_blit_us=0
frust_shell_common::perf: frust-perf raw n=994 total_us=5622 rebuild_us=164 layout_us=0 paint_us=76 encode_us=32 acquire_us=160 submit_us=5187 skipped=0 gpu_q=1 gpu_total_us=701 gpu_prepass_us=0 gpu_main_us=701 gpu_composite_us=0 gpu_blit_us=0
frust_shell_common::perf: frust-perf raw n=995 total_us=5020 rebuild_us=156 layout_us=0 paint_us=74 encode_us=30 acquire_us=156 submit_us=4601 skipped=0 gpu_q=1 gpu_total_us=700 gpu_prepass_us=0 gpu_main_us=700 gpu_composite_us=0 gpu_blit_us=0
frust_shell_common::perf: frust-perf raw n=996 total_us=4130 rebuild_us=137 layout_us=0 paint_us=58 encode_us=20 acquire_us=115 submit_us=3797 skipped=0 gpu_q=1 gpu_total_us=703 gpu_prepass_us=0 gpu_main_us=703 gpu_composite_us=0 gpu_blit_us=0
frust_shell_common::perf: frust-perf raw n=997 total_us=4150 rebuild_us=137 layout_us=0 paint_us=62 encode_us=23 acquire_us=130 submit_us=3796 skipped=0 gpu_q=1 gpu_total_us=714 gpu_prepass_us=0 gpu_main_us=714 gpu_composite_us=0 gpu_blit_us=0
frust_shell_common::perf: frust-perf raw n=998 total_us=4424 rebuild_us=124 layout_us=0 paint_us=58 encode_us=24 acquire_us=118 submit_us=4098 skipped=0 gpu_q=1 gpu_total_us=711 gpu_prepass_us=0 gpu_main_us=711 gpu_composite_us=0 gpu_blit_us=0
frust_shell_common::perf: frust-perf raw n=999 total_us=5764 rebuild_us=140 layout_us=0 paint_us=65 encode_us=31 acquire_us=140 submit_us=5386 skipped=0 gpu_q=1 gpu_total_us=739 gpu_prepass_us=0 gpu_main_us=739 gpu_composite_us=0 gpu_blit_us=0
frust_shell_common::perf: frust-perf raw n=1000 total_us=1549 rebuild_us=140 layout_us=0 paint_us=64 encode_us=11 acquire_us=80 submit_us=1250 skipped=0 gpu_q=1 gpu_total_us=707 gpu_prepass_us=0 gpu_main_us=707 gpu_composite_us=0 gpu_blit_us=0
frust_shell_common::perf: frust-perf raw n=1001 total_us=1390 rebuild_us=175 layout_us=0 paint_us=82 encode_us=8 acquire_us=50 submit_us=1073 skipped=0 gpu_q=1 gpu_total_us=680 gpu_prepass_us=0 gpu_main_us=680 gpu_composite_us=0 gpu_blit_us=0
frust_shell_common::perf: frust-perf raw n=1002 total_us=1500 rebuild_us=173 layout_us=0 paint_us=153 encode_us=7 acquire_us=60 submit_us=1106 skipped=0 gpu_q=1 gpu_total_us=678 gpu_prepass_us=0 gpu_main_us=678 gpu_composite_us=0 gpu_blit_us=0
frust_shell_common::perf: frust-perf raw n=1003 total_us=2032 rebuild_us=360 layout_us=0 paint_us=159 encode_us=11 acquire_us=70 submit_us=1430 skipped=0 gpu_q=1 gpu_total_us=696 gpu_prepass_us=0 gpu_main_us=696 gpu_composite_us=0 gpu_blit_us=0
frust_shell_common::perf: frust-perf raw n=1004 total_us=3376 rebuild_us=253 layout_us=0 paint_us=97 encode_us=27 acquire_us=183 submit_us=2814 skipped=0 gpu_q=1 gpu_total_us=695 gpu_prepass_us=0 gpu_main_us=695 gpu_composite_us=0 gpu_blit_us=0
frust_shell_common::perf: frust-perf raw n=1005 total_us=3562 rebuild_us=195 layout_us=0 paint_us=94 encode_us=20 acquire_us=135 submit_us=3116 skipped=0 gpu_q=1 gpu_total_us=706 gpu_prepass_us=0 gpu_main_us=706 gpu_composite_us=0 gpu_blit_us=0
frust_shell_common::perf: frust-perf raw n=1006 total_us=3178 rebuild_us=129 layout_us=0 paint_us=64 encode_us=14 acquire_us=94 submit_us=2875 skipped=0 gpu_q=1 gpu_total_us=705 gpu_prepass_us=0 gpu_main_us=705 gpu_composite_us=0 gpu_blit_us=0
frust_shell_common::perf: frust-perf raw n=1007 total_us=4407 rebuild_us=181 layout_us=0 paint_us=90 encode_us=33 acquire_us=129 submit_us=3972 skipped=0 gpu_q=1 gpu_total_us=701 gpu_prepass_us=0 gpu_main_us=701 gpu_composite_us=0 gpu_blit_us=0
frust_shell_common::perf: frust-perf raw n=1008 total_us=4253 rebuild_us=129 layout_us=0 paint_us=58 encode_us=22 acquire_us=184 submit_us=3857 skipped=0 gpu_q=1 gpu_total_us=748 gpu_prepass_us=0 gpu_main_us=748 gpu_composite_us=0 gpu_blit_us=0
frust_shell_common::perf: frust-perf raw n=1009 total_us=4044 rebuild_us=133 layout_us=0 paint_us=59 encode_us=20 acquire_us=109 submit_us=3720 skipped=0 gpu_q=1 gpu_total_us=728 gpu_prepass_us=0 gpu_main_us=728 gpu_composite_us=0 gpu_blit_us=0
frust_shell_common::perf: frust-perf raw n=1010 total_us=3000 rebuild_us=88 layout_us=0 paint_us=42 encode_us=19 acquire_us=84 submit_us=2765 skipped=0 gpu_q=1 gpu_total_us=731 gpu_prepass_us=0 gpu_main_us=731 gpu_composite_us=0 gpu_blit_us=0
frust_shell_common::perf: frust-perf raw n=1011 total_us=3576 rebuild_us=103 layout_us=0 paint_us=45 encode_us=19 acquire_us=100 submit_us=3308 skipped=0 gpu_q=1 gpu_total_us=720 gpu_prepass_us=0 gpu_main_us=720 gpu_composite_us=0 gpu_blit_us=0
frust_shell_common::perf: frust-perf raw n=1012 total_us=4057 rebuild_us=107 layout_us=0 paint_us=52 encode_us=23 acquire_us=105 submit_us=3767 skipped=0 gpu_q=1 gpu_total_us=716 gpu_prepass_us=0 gpu_main_us=716 gpu_composite_us=0 gpu_blit_us=0
frust_shell_common::perf: frust-perf raw n=1013 total_us=4481 rebuild_us=120 layout_us=0 paint_us=55 encode_us=24 acquire_us=114 submit_us=4166 skipped=0 gpu_q=1 gpu_total_us=720 gpu_prepass_us=0 gpu_main_us=720 gpu_composite_us=0 gpu_blit_us=0
frust_shell_common::perf: frust-perf raw n=1014 total_us=5368 rebuild_us=131 layout_us=0 paint_us=63 encode_us=30 acquire_us=122 submit_us=5019 skipped=0 gpu_q=1 gpu_total_us=685 gpu_prepass_us=0 gpu_main_us=685 gpu_composite_us=0 gpu_blit_us=0
frust_shell_common::perf: frust-perf raw n=1015 total_us=4666 rebuild_us=114 layout_us=0 paint_us=55 encode_us=23 acquire_us=115 submit_us=4356 skipped=0 gpu_q=1 gpu_total_us=698 gpu_prepass_us=0 gpu_main_us=698 gpu_composite_us=0 gpu_blit_us=0
frust_shell_common::perf: frust-perf raw n=1016 total_us=1025 rebuild_us=83 layout_us=0 paint_us=40 encode_us=6 acquire_us=50 submit_us=844 skipped=0 gpu_q=1 gpu_total_us=702 gpu_prepass_us=0 gpu_main_us=702 gpu_composite_us=0 gpu_blit_us=0
frust_shell_common::perf: frust-perf raw n=1017 total_us=1053 rebuild_us=140 layout_us=0 paint_us=65 encode_us=5 acquire_us=33 submit_us=808 skipped=0 gpu_q=1 gpu_total_us=701 gpu_prepass_us=0 gpu_main_us=701 gpu_composite_us=0 gpu_blit_us=0
frust_shell_common::perf: frust-perf raw n=1018 total_us=1067 rebuild_us=142 layout_us=0 paint_us=64 encode_us=5 acquire_us=32 submit_us=820 skipped=0 gpu_q=1 gpu_total_us=698 gpu_prepass_us=0 gpu_main_us=698 gpu_composite_us=0 gpu_blit_us=0
frust_shell_common::perf: frust-perf raw n=1019 total_us=1055 rebuild_us=139 layout_us=0 paint_us=70 encode_us=5 acquire_us=35 submit_us=804 skipped=0 gpu_q=1 gpu_total_us=697 gpu_prepass_us=0 gpu_main_us=697 gpu_composite_us=0 gpu_blit_us=0
frust_engine::renderer: frust-perf enc n=1020 w=60 validate_us=3.6 prepare_us=3.3 classify_us=13.0 admit_us=0.4 walk_us=527.5 glyphs_us=219.4 finish_us=2.7 compile_us=555.2 schedule_us=4.0 paints_us=14.0 instances_us=30.5 resize_us=2.8 upload_us=209.0 replay_us=0.3 pipelines_us=19.5 record_us=33.6 total_us=887.0 total_p95_us=1754.3 draws=46 strips=1073 alphas=28576 glyph_draws=36 atlas_glyphs=36
frust_shell_common::perf: frust-perf raw n=1020 total_us=1182 rebuild_us=146 layout_us=0 paint_us=118 encode_us=5 acquire_us=35 submit_us=875 skipped=0 gpu_q=1 gpu_total_us=700 gpu_prepass_us=0 gpu_main_us=700 gpu_composite_us=0 gpu_blit_us=0
frust_shell_common::perf: frust-perf raw n=1021 total_us=1064 rebuild_us=146 layout_us=0 paint_us=69 encode_us=5 acquire_us=37 submit_us=804 skipped=0 gpu_q=1 gpu_total_us=694 gpu_prepass_us=0 gpu_main_us=694 gpu_composite_us=0 gpu_blit_us=0
frust_shell_common::perf: frust-perf raw n=1022 total_us=1055 rebuild_us=152 layout_us=0 paint_us=69 encode_us=5 acquire_us=34 submit_us=792 skipped=0 gpu_q=1 gpu_total_us=698 gpu_prepass_us=0 gpu_main_us=698 gpu_composite_us=0 gpu_blit_us=0
frust_shell_common::perf: frust-perf raw n=1023 total_us=6984 rebuild_us=162 layout_us=0 paint_us=76 encode_us=41 acquire_us=168 submit_us=6535 skipped=0 gpu_q=1 gpu_total_us=701 gpu_prepass_us=0 gpu_main_us=701 gpu_composite_us=0 gpu_blit_us=0
frust_shell_common::perf: frust-perf raw n=1024 total_us=6398 rebuild_us=203 layout_us=0 paint_us=94 encode_us=39 acquire_us=171 submit_us=5888 skipped=0 gpu_q=1 gpu_total_us=711 gpu_prepass_us=0 gpu_main_us=711 gpu_composite_us=0 gpu_blit_us=0
frust_shell_common::perf: frust-perf raw n=1025 total_us=4371 rebuild_us=137 layout_us=0 paint_us=62 encode_us=29 acquire_us=141 submit_us=4000 skipped=0 gpu_q=1 gpu_total_us=702 gpu_prepass_us=0 gpu_main_us=702 gpu_composite_us=0 gpu_blit_us=0
frust_shell_common::perf: frust-perf raw n=1026 total_us=3729 rebuild_us=103 layout_us=0 paint_us=51 encode_us=20 acquire_us=112 submit_us=3440 skipped=0 gpu_q=1 gpu_total_us=695 gpu_prepass_us=0 gpu_main_us=695 gpu_composite_us=0 gpu_blit_us=0
frust_shell_common::perf: frust-perf raw n=1027 total_us=3725 rebuild_us=92 layout_us=0 paint_us=45 encode_us=18 acquire_us=93 submit_us=3475 skipped=0 gpu_q=1 gpu_total_us=713 gpu_prepass_us=0 gpu_main_us=713 gpu_composite_us=0 gpu_blit_us=0
frust_shell_common::perf: frust-perf raw n=1028 total_us=4550 rebuild_us=117 layout_us=0 paint_us=60 encode_us=30 acquire_us=138 submit_us=4203 skipped=0 gpu_q=1 gpu_total_us=708 gpu_prepass_us=0 gpu_main_us=708 gpu_composite_us=0 gpu_blit_us=0
frust_shell_common::perf: frust-perf raw n=1029 total_us=4847 rebuild_us=94 layout_us=0 paint_us=51 encode_us=20 acquire_us=102 submit_us=4578 skipped=0 gpu_q=1 gpu_total_us=702 gpu_prepass_us=0 gpu_main_us=702 gpu_composite_us=0 gpu_blit_us=0
frust_shell_common::perf: frust-perf raw n=1030 total_us=3604 rebuild_us=132 layout_us=0 paint_us=63 encode_us=24 acquire_us=167 submit_us=3216 skipped=0 gpu_q=1 gpu_total_us=712 gpu_prepass_us=0 gpu_main_us=712 gpu_composite_us=0 gpu_blit_us=0
frust_shell_common::perf: frust-perf raw n=1031 total_us=3494 rebuild_us=179 layout_us=0 paint_us=88 encode_us=15 acquire_us=97 submit_us=3112 skipped=0 gpu_q=1 gpu_total_us=710 gpu_prepass_us=0 gpu_main_us=710 gpu_composite_us=0 gpu_blit_us=0
frust_shell_common::perf: frust-perf raw n=1032 total_us=3508 rebuild_us=192 layout_us=0 paint_us=89 encode_us=13 acquire_us=110 submit_us=3101 skipped=0 gpu_q=1 gpu_total_us=702 gpu_prepass_us=0 gpu_main_us=702 gpu_composite_us=0 gpu_blit_us=0
frust_shell_common::perf: frust-perf raw n=1033 total_us=3496 rebuild_us=182 layout_us=0 paint_us=86 encode_us=15 acquire_us=101 submit_us=3110 skipped=0 gpu_q=1 gpu_total_us=688 gpu_prepass_us=0 gpu_main_us=688 gpu_composite_us=0 gpu_blit_us=0
frust_shell_common::perf: frust-perf raw n=1034 total_us=3365 rebuild_us=191 layout_us=0 paint_us=86 encode_us=14 acquire_us=105 submit_us=2966 skipped=0 gpu_q=1 gpu_total_us=739 gpu_prepass_us=0 gpu_main_us=739 gpu_composite_us=0 gpu_blit_us=0
frust_shell_common::perf: frust-perf raw n=1035 total_us=3408 rebuild_us=186 layout_us=0 paint_us=93 encode_us=13 acquire_us=96 submit_us=3017 skipped=0 gpu_q=1 gpu_total_us=721 gpu_prepass_us=0 gpu_main_us=721 gpu_composite_us=0 gpu_blit_us=0
frust_shell_common::perf: frust-perf raw n=1036 total_us=3412 rebuild_us=186 layout_us=0 paint_us=88 encode_us=12 acquire_us=126 submit_us=2997 skipped=0 gpu_q=1 gpu_total_us=746 gpu_prepass_us=0 gpu_main_us=746 gpu_composite_us=0 gpu_blit_us=0
frust_shell_common::perf: frust-perf raw n=1037 total_us=3180 rebuild_us=140 layout_us=0 paint_us=64 encode_us=13 acquire_us=97 submit_us=2864 skipped=0 gpu_q=1 gpu_total_us=725 gpu_prepass_us=0 gpu_main_us=725 gpu_composite_us=0 gpu_blit_us=0
frust_shell_common::perf: frust-perf raw n=1038 total_us=2939 rebuild_us=156 layout_us=0 paint_us=63 encode_us=13 acquire_us=90 submit_us=2615 skipped=0 gpu_q=1 gpu_total_us=711 gpu_prepass_us=0 gpu_main_us=711 gpu_composite_us=0 gpu_blit_us=0
frust_shell_common::perf: frust-perf raw n=1039 total_us=6473 rebuild_us=184 layout_us=0 paint_us=86 encode_us=32 acquire_us=146 submit_us=6022 skipped=0 gpu_q=1 gpu_total_us=709 gpu_prepass_us=0 gpu_main_us=709 gpu_composite_us=0 gpu_blit_us=0
frust_shell_common::perf: frust-perf raw n=1040 total_us=3440 rebuild_us=184 layout_us=0 paint_us=89 encode_us=15 acquire_us=126 submit_us=3024 skipped=0 gpu_q=1 gpu_total_us=742 gpu_prepass_us=0 gpu_main_us=742 gpu_composite_us=0 gpu_blit_us=0
frust_shell_common::perf: frust-perf raw n=1041 total_us=3480 rebuild_us=196 layout_us=0 paint_us=88 encode_us=17 acquire_us=109 submit_us=3067 skipped=0 gpu_q=1 gpu_total_us=760 gpu_prepass_us=0 gpu_main_us=760 gpu_composite_us=0 gpu_blit_us=0
frust_shell_common::perf: frust-perf raw n=1042 total_us=3423 rebuild_us=195 layout_us=0 paint_us=91 encode_us=15 acquire_us=107 submit_us=3012 skipped=0 gpu_q=1 gpu_total_us=704 gpu_prepass_us=0 gpu_main_us=704 gpu_composite_us=0 gpu_blit_us=0
frust_shell_common::perf: frust-perf raw n=1043 total_us=3281 rebuild_us=197 layout_us=0 paint_us=93 encode_us=14 acquire_us=104 submit_us=2870 skipped=0 gpu_q=1 gpu_total_us=692 gpu_prepass_us=0 gpu_main_us=692 gpu_composite_us=0 gpu_blit_us=0
frust_shell_common::perf: frust-perf raw n=1044 total_us=3469 rebuild_us=199 layout_us=0 paint_us=91 encode_us=12 acquire_us=104 submit_us=3060 skipped=0 gpu_q=1 gpu_total_us=744 gpu_prepass_us=0 gpu_main_us=744 gpu_composite_us=0 gpu_blit_us=0
frust_shell_common::perf: frust-perf raw n=1045 total_us=3434 rebuild_us=192 layout_us=0 paint_us=88 encode_us=14 acquire_us=108 submit_us=3030 skipped=0 gpu_q=1 gpu_total_us=722 gpu_prepass_us=0 gpu_main_us=722 gpu_composite_us=0 gpu_blit_us=0
frust_shell_common::perf: frust-perf raw n=1046 total_us=3502 rebuild_us=201 layout_us=0 paint_us=100 encode_us=14 acquire_us=107 submit_us=3077 skipped=0 gpu_q=1 gpu_total_us=706 gpu_prepass_us=0 gpu_main_us=706 gpu_composite_us=0 gpu_blit_us=0
frust_shell_common::perf: frust-perf raw n=1047 total_us=3367 rebuild_us=193 layout_us=0 paint_us=99 encode_us=13 acquire_us=98 submit_us=2961 skipped=0 gpu_q=1 gpu_total_us=725 gpu_prepass_us=0 gpu_main_us=725 gpu_composite_us=0 gpu_blit_us=0
frust_shell_common::perf: frust-perf raw n=1048 total_us=3250 rebuild_us=187 layout_us=0 paint_us=84 encode_us=12 acquire_us=96 submit_us=2869 skipped=0 gpu_q=1 gpu_total_us=734 gpu_prepass_us=0 gpu_main_us=734 gpu_composite_us=0 gpu_blit_us=0
frust_shell_common::perf: frust-perf raw n=1049 total_us=3615 rebuild_us=210 layout_us=0 paint_us=100 encode_us=19 acquire_us=117 submit_us=3166 skipped=0 gpu_q=1 gpu_total_us=741 gpu_prepass_us=0 gpu_main_us=741 gpu_composite_us=0 gpu_blit_us=0
frust_shell_common::perf: frust-perf raw n=1050 total_us=3421 rebuild_us=196 layout_us=0 paint_us=90 encode_us=13 acquire_us=110 submit_us=3010 skipped=0 gpu_q=1 gpu_total_us=739 gpu_prepass_us=0 gpu_main_us=739 gpu_composite_us=0 gpu_blit_us=0
frust_shell_common::perf: frust-perf raw n=1051 total_us=3166 rebuild_us=182 layout_us=0 paint_us=86 encode_us=12 acquire_us=95 submit_us=2788 skipped=0 gpu_q=1 gpu_total_us=758 gpu_prepass_us=0 gpu_main_us=758 gpu_composite_us=0 gpu_blit_us=0
frust_shell_common::perf: frust-perf raw n=1052 total_us=3314 rebuild_us=193 layout_us=0 paint_us=87 encode_us=13 acquire_us=115 submit_us=2904 skipped=0 gpu_q=1 gpu_total_us=744 gpu_prepass_us=0 gpu_main_us=744 gpu_composite_us=0 gpu_blit_us=0
frust_shell_common::perf: frust-perf raw n=1053 total_us=3348 rebuild_us=272 layout_us=0 paint_us=93 encode_us=13 acquire_us=109 submit_us=2858 skipped=0 gpu_q=1 gpu_total_us=708 gpu_prepass_us=0 gpu_main_us=708 gpu_composite_us=0 gpu_blit_us=0
frust_shell_common::perf: frust-perf raw n=1054 total_us=3300 rebuild_us=198 layout_us=0 paint_us=92 encode_us=13 acquire_us=105 submit_us=2889 skipped=0 gpu_q=1 gpu_total_us=753 gpu_prepass_us=0 gpu_main_us=753 gpu_composite_us=0 gpu_blit_us=0
frust_shell_common::perf: frust-perf raw n=1055 total_us=3310 rebuild_us=193 layout_us=0 paint_us=86 encode_us=13 acquire_us=115 submit_us=2900 skipped=0 gpu_q=1 gpu_total_us=734 gpu_prepass_us=0 gpu_main_us=734 gpu_composite_us=0 gpu_blit_us=0
frust_shell_common::perf: frust-perf raw n=1056 total_us=3487 rebuild_us=194 layout_us=0 paint_us=93 encode_us=18 acquire_us=114 submit_us=3065 skipped=0 gpu_q=1 gpu_total_us=748 gpu_prepass_us=0 gpu_main_us=748 gpu_composite_us=0 gpu_blit_us=0
frust_shell_common::perf: frust-perf raw n=1057 total_us=3434 rebuild_us=189 layout_us=0 paint_us=89 encode_us=17 acquire_us=103 submit_us=3034 skipped=0 gpu_q=1 gpu_total_us=732 gpu_prepass_us=0 gpu_main_us=732 gpu_composite_us=0 gpu_blit_us=0
frust_shell_common::perf: frust-perf raw n=1058 total_us=3304 rebuild_us=189 layout_us=0 paint_us=87 encode_us=13 acquire_us=107 submit_us=2905 skipped=0 gpu_q=1 gpu_total_us=738 gpu_prepass_us=0 gpu_main_us=738 gpu_composite_us=0 gpu_blit_us=0
frust_shell_common::perf: frust-perf raw n=1059 total_us=3446 rebuild_us=197 layout_us=0 paint_us=86 encode_us=17 acquire_us=110 submit_us=3035 skipped=0 gpu_q=1 gpu_total_us=748 gpu_prepass_us=0 gpu_main_us=748 gpu_composite_us=0 gpu_blit_us=0
frust_shell_common::perf: frust-perf raw n=1060 total_us=3307 rebuild_us=188 layout_us=0 paint_us=87 encode_us=13 acquire_us=97 submit_us=2920 skipped=0 gpu_q=1 gpu_total_us=738 gpu_prepass_us=0 gpu_main_us=738 gpu_composite_us=0 gpu_blit_us=0
frust_shell_common::perf: frust-perf raw n=1061 total_us=3425 rebuild_us=183 layout_us=0 paint_us=88 encode_us=13 acquire_us=107 submit_us=3031 skipped=0 gpu_q=1 gpu_total_us=736 gpu_prepass_us=0 gpu_main_us=736 gpu_composite_us=0 gpu_blit_us=0
frust_shell_common::perf: frust-perf raw n=1062 total_us=3376 rebuild_us=192 layout_us=0 paint_us=88 encode_us=14 acquire_us=99 submit_us=2980 skipped=0 gpu_q=1 gpu_total_us=727 gpu_prepass_us=0 gpu_main_us=727 gpu_composite_us=0 gpu_blit_us=0
frust_shell_common::perf: frust-perf raw n=1063 total_us=3418 rebuild_us=196 layout_us=0 paint_us=90 encode_us=14 acquire_us=103 submit_us=3012 skipped=0 gpu_q=1 gpu_total_us=752 gpu_prepass_us=0 gpu_main_us=752 gpu_composite_us=0 gpu_blit_us=0
frust_shell_common::perf: frust-perf raw n=1064 total_us=3351 rebuild_us=180 layout_us=0 paint_us=83 encode_us=13 acquire_us=101 submit_us=2972 skipped=0 gpu_q=1 gpu_total_us=728 gpu_prepass_us=0 gpu_main_us=728 gpu_composite_us=0 gpu_blit_us=0
frust_shell_common::perf: frust-perf raw n=1065 total_us=5816 rebuild_us=198 layout_us=0 paint_us=89 encode_us=36 acquire_us=205 submit_us=5284 skipped=0 gpu_q=1 gpu_total_us=736 gpu_prepass_us=0 gpu_main_us=736 gpu_composite_us=0 gpu_blit_us=0
frust_shell_common::perf: frust-perf raw n=1066 total_us=4306 rebuild_us=130 layout_us=0 paint_us=62 encode_us=26 acquire_us=149 submit_us=3937 skipped=0 gpu_q=1 gpu_total_us=744 gpu_prepass_us=0 gpu_main_us=744 gpu_composite_us=0 gpu_blit_us=0
frust_shell_common::perf: frust-perf raw n=1067 total_us=4594 rebuild_us=111 layout_us=0 paint_us=55 encode_us=19 acquire_us=110 submit_us=4298 skipped=0 gpu_q=1 gpu_total_us=757 gpu_prepass_us=0 gpu_main_us=757 gpu_composite_us=0 gpu_blit_us=0
frust_shell_common::perf: frust-perf raw n=1068 total_us=4454 rebuild_us=118 layout_us=0 paint_us=56 encode_us=25 acquire_us=119 submit_us=4133 skipped=0 gpu_q=1 gpu_total_us=751 gpu_prepass_us=0 gpu_main_us=751 gpu_composite_us=0 gpu_blit_us=0
frust_shell_common::perf: frust-perf raw n=1069 total_us=5422 rebuild_us=133 layout_us=0 paint_us=63 encode_us=29 acquire_us=140 submit_us=5055 skipped=0 gpu_q=1 gpu_total_us=706 gpu_prepass_us=0 gpu_main_us=706 gpu_composite_us=0 gpu_blit_us=0
frust_shell_android::app::frame: frust-perf platform-view tail depth=0 target=0 acquire_bound=false frame=1080 expected_present_us=0 acquire_us=128 period_us=8232
frust_shell_common::perf: frust-perf raw n=1070 total_us=5812 rebuild_us=111 layout_us=0 paint_us=54 encode_us=24 acquire_us=117 submit_us=5503 skipped=0 gpu_q=1 gpu_total_us=705 gpu_prepass_us=0 gpu_main_us=705 gpu_composite_us=0 gpu_blit_us=0
frust_shell_common::perf: frust-perf raw n=1071 total_us=5746 rebuild_us=120 layout_us=0 paint_us=61 encode_us=199 acquire_us=146 submit_us=5218 skipped=0 gpu_q=1 gpu_total_us=705 gpu_prepass_us=0 gpu_main_us=705 gpu_composite_us=0 gpu_blit_us=0
frust_shell_common::perf: frust-perf raw n=1072 total_us=3373 rebuild_us=133 layout_us=0 paint_us=67 encode_us=22 acquire_us=166 submit_us=2982 skipped=0 gpu_q=1 gpu_total_us=709 gpu_prepass_us=0 gpu_main_us=709 gpu_composite_us=0 gpu_blit_us=0
frust_shell_common::perf: frust-perf raw n=1073 total_us=3279 rebuild_us=186 layout_us=1 paint_us=86 encode_us=15 acquire_us=99 submit_us=2891 skipped=0 gpu_q=1 gpu_total_us=707 gpu_prepass_us=0 gpu_main_us=707 gpu_composite_us=0 gpu_blit_us=0
frust_shell_common::perf: frust-perf raw n=1074 total_us=3452 rebuild_us=202 layout_us=1 paint_us=89 encode_us=12 acquire_us=109 submit_us=3036 skipped=0 gpu_q=1 gpu_total_us=707 gpu_prepass_us=0 gpu_main_us=707 gpu_composite_us=0 gpu_blit_us=0
frust_shell_common::perf: frust-perf raw n=1075 total_us=3371 rebuild_us=189 layout_us=0 paint_us=89 encode_us=16 acquire_us=114 submit_us=2960 skipped=0 gpu_q=1 gpu_total_us=705 gpu_prepass_us=0 gpu_main_us=705 gpu_composite_us=0 gpu_blit_us=0
frust_shell_common::perf: frust-perf raw n=1076 total_us=3368 rebuild_us=187 layout_us=0 paint_us=91 encode_us=13 acquire_us=107 submit_us=2968 skipped=0 gpu_q=1 gpu_total_us=755 gpu_prepass_us=0 gpu_main_us=755 gpu_composite_us=0 gpu_blit_us=0
frust_shell_common::perf: frust-perf raw n=1077 total_us=3360 rebuild_us=183 layout_us=0 paint_us=86 encode_us=14 acquire_us=107 submit_us=2967 skipped=0 gpu_q=1 gpu_total_us=762 gpu_prepass_us=0 gpu_main_us=762 gpu_composite_us=0 gpu_blit_us=0
frust_shell_common::perf: frust-perf raw n=1078 total_us=3352 rebuild_us=189 layout_us=0 paint_us=90 encode_us=14 acquire_us=102 submit_us=2954 skipped=0 gpu_q=1 gpu_total_us=761 gpu_prepass_us=0 gpu_main_us=761 gpu_composite_us=0 gpu_blit_us=0
frust_shell_common::perf: frust-perf raw n=1079 total_us=3384 rebuild_us=193 layout_us=0 paint_us=83 encode_us=14 acquire_us=108 submit_us=2983 skipped=0 gpu_q=1 gpu_total_us=737 gpu_prepass_us=0 gpu_main_us=737 gpu_composite_us=0 gpu_blit_us=0
frust_engine::renderer: frust-perf enc n=1080 w=60 validate_us=3.3 prepare_us=3.1 classify_us=12.5 admit_us=0.3 walk_us=503.4 glyphs_us=215.7 finish_us=2.4 compile_us=526.6 schedule_us=3.6 paints_us=13.6 instances_us=30.3 resize_us=2.9 upload_us=207.5 replay_us=0.3 pipelines_us=17.4 record_us=30.4 total_us=829.8 total_p95_us=1645.9 draws=46 strips=1073 alphas=28576 glyph_draws=36 atlas_glyphs=36
frust_shell_common::perf: frust-perf raw n=1080 total_us=3636 rebuild_us=189 layout_us=0 paint_us=88 encode_us=13 acquire_us=108 submit_us=3234 skipped=0 gpu_q=1 gpu_total_us=746 gpu_prepass_us=0 gpu_main_us=746 gpu_composite_us=0 gpu_blit_us=0
frust_shell_common::perf: frust-perf raw n=1081 total_us=3400 rebuild_us=192 layout_us=0 paint_us=92 encode_us=15 acquire_us=99 submit_us=3000 skipped=0 gpu_q=1 gpu_total_us=728 gpu_prepass_us=0 gpu_main_us=728 gpu_composite_us=0 gpu_blit_us=0
frust_shell_common::perf: frust-perf raw n=1082 total_us=3466 rebuild_us=197 layout_us=0 paint_us=93 encode_us=14 acquire_us=106 submit_us=3054 skipped=0 gpu_q=1 gpu_total_us=737 gpu_prepass_us=0 gpu_main_us=737 gpu_composite_us=0 gpu_blit_us=0
frust_shell_common::perf: frust-perf raw n=1083 total_us=3402 rebuild_us=199 layout_us=0 paint_us=89 encode_us=13 acquire_us=101 submit_us=2999 skipped=0 gpu_q=1 gpu_total_us=711 gpu_prepass_us=0 gpu_main_us=711 gpu_composite_us=0 gpu_blit_us=0
frust_shell_common::perf: frust-perf raw n=1084 total_us=3373 rebuild_us=195 layout_us=0 paint_us=88 encode_us=13 acquire_us=104 submit_us=2971 skipped=0 gpu_q=1 gpu_total_us=692 gpu_prepass_us=0 gpu_main_us=692 gpu_composite_us=0 gpu_blit_us=0
frust_shell_common::perf: frust-perf raw n=1085 total_us=3208 rebuild_us=174 layout_us=0 paint_us=81 encode_us=11 acquire_us=95 submit_us=2846 skipped=0 gpu_q=1 gpu_total_us=680 gpu_prepass_us=0 gpu_main_us=680 gpu_composite_us=0 gpu_blit_us=0
frust_shell_common::perf: frust-perf raw n=1086 total_us=3330 rebuild_us=188 layout_us=0 paint_us=84 encode_us=13 acquire_us=108 submit_us=2934 skipped=0 gpu_q=1 gpu_total_us=707 gpu_prepass_us=0 gpu_main_us=707 gpu_composite_us=0 gpu_blit_us=0
frust_shell_common::perf: frust-perf raw n=1087 total_us=3287 rebuild_us=181 layout_us=0 paint_us=84 encode_us=15 acquire_us=122 submit_us=2882 skipped=0 gpu_q=1 gpu_total_us=686 gpu_prepass_us=0 gpu_main_us=686 gpu_composite_us=0 gpu_blit_us=0
frust_shell_common::perf: frust-perf raw n=1088 total_us=3432 rebuild_us=364 layout_us=0 paint_us=87 encode_us=16 acquire_us=101 submit_us=2863 skipped=0 gpu_q=1 gpu_total_us=690 gpu_prepass_us=0 gpu_main_us=690 gpu_composite_us=0 gpu_blit_us=0
frust_shell_common::perf: frust-perf raw n=1089 total_us=3552 rebuild_us=199 layout_us=0 paint_us=100 encode_us=14 acquire_us=112 submit_us=3125 skipped=0 gpu_q=1 gpu_total_us=708 gpu_prepass_us=0 gpu_main_us=708 gpu_composite_us=0 gpu_blit_us=0
frust_shell_common::perf: frust-perf raw n=1090 total_us=3180 rebuild_us=187 layout_us=0 paint_us=88 encode_us=14 acquire_us=103 submit_us=2785 skipped=0 gpu_q=1 gpu_total_us=698 gpu_prepass_us=0 gpu_main_us=698 gpu_composite_us=0 gpu_blit_us=0
frust_shell_common::perf: frust-perf raw n=1091 total_us=3451 rebuild_us=194 layout_us=0 paint_us=92 encode_us=13 acquire_us=107 submit_us=3043 skipped=0 gpu_q=1 gpu_total_us=698 gpu_prepass_us=0 gpu_main_us=698 gpu_composite_us=0 gpu_blit_us=0
frust_shell_common::perf: frust-perf raw n=1092 total_us=3472 rebuild_us=196 layout_us=0 paint_us=88 encode_us=15 acquire_us=102 submit_us=3068 skipped=0 gpu_q=1 gpu_total_us=710 gpu_prepass_us=0 gpu_main_us=710 gpu_composite_us=0 gpu_blit_us=0
frust_shell_common::perf: frust-perf raw n=1093 total_us=3449 rebuild_us=189 layout_us=0 paint_us=94 encode_us=14 acquire_us=108 submit_us=3041 skipped=0 gpu_q=1 gpu_total_us=666 gpu_prepass_us=0 gpu_main_us=666 gpu_composite_us=0 gpu_blit_us=0
frust_shell_common::perf: frust-perf raw n=1094 total_us=3345 rebuild_us=180 layout_us=0 paint_us=86 encode_us=14 acquire_us=98 submit_us=2965 skipped=0 gpu_q=1 gpu_total_us=701 gpu_prepass_us=0 gpu_main_us=701 gpu_composite_us=0 gpu_blit_us=0
frust_shell_common::perf: frust-perf raw n=1095 total_us=3192 rebuild_us=176 layout_us=0 paint_us=84 encode_us=12 acquire_us=93 submit_us=2825 skipped=0 gpu_q=1 gpu_total_us=718 gpu_prepass_us=0 gpu_main_us=718 gpu_composite_us=0 gpu_blit_us=0
frust_shell_common::perf: frust-perf raw n=1096 total_us=7173 rebuild_us=188 layout_us=0 paint_us=86 encode_us=38 acquire_us=224 submit_us=6634 skipped=0 gpu_q=1 gpu_total_us=709 gpu_prepass_us=0 gpu_main_us=709 gpu_composite_us=0 gpu_blit_us=0
frust_shell_common::perf: frust-perf raw n=1097 total_us=5696 rebuild_us=221 layout_us=0 paint_us=91 encode_us=43 acquire_us=188 submit_us=5151 skipped=0 gpu_q=1 gpu_total_us=683 gpu_prepass_us=0 gpu_main_us=683 gpu_composite_us=0 gpu_blit_us=0
frust_shell_common::perf: frust-perf raw n=1098 total_us=5093 rebuild_us=159 layout_us=0 paint_us=77 encode_us=31 acquire_us=166 submit_us=4657 skipped=0 gpu_q=1 gpu_total_us=728 gpu_prepass_us=0 gpu_main_us=728 gpu_composite_us=0 gpu_blit_us=0
frust_shell_common::perf: frust-perf raw n=1099 total_us=3622 rebuild_us=106 layout_us=0 paint_us=48 encode_us=22 acquire_us=104 submit_us=3339 skipped=0 gpu_q=1 gpu_total_us=700 gpu_prepass_us=0 gpu_main_us=700 gpu_composite_us=0 gpu_blit_us=0
frust_shell_common::perf: frust-perf raw n=1100 total_us=4071 rebuild_us=93 layout_us=0 paint_us=44 encode_us=18 acquire_us=104 submit_us=3810 skipped=0 gpu_q=1 gpu_total_us=664 gpu_prepass_us=0 gpu_main_us=664 gpu_composite_us=0 gpu_blit_us=0
frust_shell_common::perf: frust-perf raw n=1101 total_us=5760 rebuild_us=117 layout_us=0 paint_us=53 encode_us=22 acquire_us=116 submit_us=5450 skipped=0 gpu_q=1 gpu_total_us=665 gpu_prepass_us=0 gpu_main_us=665 gpu_composite_us=0 gpu_blit_us=0
frust_shell_common::perf: frust-perf raw n=1102 total_us=4704 rebuild_us=123 layout_us=0 paint_us=56 encode_us=23 acquire_us=123 submit_us=4378 skipped=0 gpu_q=1 gpu_total_us=675 gpu_prepass_us=0 gpu_main_us=675 gpu_composite_us=0 gpu_blit_us=0
frust_shell_common::perf: frust-perf raw n=1103 total_us=4569 rebuild_us=108 layout_us=0 paint_us=55 encode_us=25 acquire_us=125 submit_us=4254 skipped=0 gpu_q=1 gpu_total_us=713 gpu_prepass_us=0 gpu_main_us=713 gpu_composite_us=0 gpu_blit_us=0
frust_shell_common::perf: frust-perf raw n=1104 total_us=4429 rebuild_us=113 layout_us=0 paint_us=55 encode_us=24 acquire_us=121 submit_us=4113 skipped=0 gpu_q=1 gpu_total_us=714 gpu_prepass_us=0 gpu_main_us=714 gpu_composite_us=0 gpu_blit_us=0
frust_shell_common::perf: frust-perf raw n=1105 total_us=5552 rebuild_us=124 layout_us=0 paint_us=58 encode_us=28 acquire_us=235 submit_us=5105 skipped=0 gpu_q=1 gpu_total_us=670 gpu_prepass_us=0 gpu_main_us=670 gpu_composite_us=0 gpu_blit_us=0
frust_shell_common::perf: frust-perf frame n=120 total_p50_ms=3 total_p95_ms=5 total_p99_ms=7 rebuild_p95_ms=0 layout_p95_ms=0 paint_p95_ms=0 encode_p95_ms=0 acquire_p95_ms=0 submit_p95_ms=5 over_60hz=1 over_120hz=4 skipped=0 total_frames=1105
frust_shell_common::perf: frust-perf raw n=1106 total_us=3244 rebuild_us=127 layout_us=0 paint_us=185 encode_us=18 acquire_us=140 submit_us=2772 skipped=0 gpu_q=1 gpu_total_us=665 gpu_prepass_us=0 gpu_main_us=665 gpu_composite_us=0 gpu_blit_us=0
frust_shell_common::perf: frust-perf raw n=1107 total_us=3303 rebuild_us=191 layout_us=0 paint_us=84 encode_us=18 acquire_us=108 submit_us=2900 skipped=0 gpu_q=1 gpu_total_us=668 gpu_prepass_us=0 gpu_main_us=668 gpu_composite_us=0 gpu_blit_us=0
frust_shell_common::perf: frust-perf raw n=1108 total_us=3387 rebuild_us=185 layout_us=0 paint_us=91 encode_us=14 acquire_us=103 submit_us=2992 skipped=0 gpu_q=1 gpu_total_us=665 gpu_prepass_us=0 gpu_main_us=665 gpu_composite_us=0 gpu_blit_us=0
frust_shell_common::perf: frust-perf raw n=1109 total_us=3367 rebuild_us=192 layout_us=0 paint_us=91 encode_us=14 acquire_us=111 submit_us=2957 skipped=0 gpu_q=1 gpu_total_us=669 gpu_prepass_us=0 gpu_main_us=669 gpu_composite_us=0 gpu_blit_us=0
frust_shell_common::perf: frust-perf raw n=1110 total_us=3265 rebuild_us=185 layout_us=0 paint_us=82 encode_us=12 acquire_us=98 submit_us=2886 skipped=0 gpu_q=1 gpu_total_us=686 gpu_prepass_us=0 gpu_main_us=686 gpu_composite_us=0 gpu_blit_us=0
frust_shell_common::perf: frust-perf raw n=1111 total_us=3300 rebuild_us=163 layout_us=0 paint_us=80 encode_us=14 acquire_us=104 submit_us=2936 skipped=0 gpu_q=1 gpu_total_us=718 gpu_prepass_us=0 gpu_main_us=718 gpu_composite_us=0 gpu_blit_us=0
frust_shell_common::perf: frust-perf raw n=1112 total_us=3350 rebuild_us=186 layout_us=0 paint_us=85 encode_us=15 acquire_us=101 submit_us=2960 skipped=0 gpu_q=1 gpu_total_us=718 gpu_prepass_us=0 gpu_main_us=718 gpu_composite_us=0 gpu_blit_us=0
frust_shell_common::perf: frust-perf raw n=1113 total_us=3369 rebuild_us=188 layout_us=0 paint_us=93 encode_us=14 acquire_us=101 submit_us=2970 skipped=0 gpu_q=1 gpu_total_us=689 gpu_prepass_us=0 gpu_main_us=689 gpu_composite_us=0 gpu_blit_us=0
frust_shell_common::perf: frust-perf raw n=1114 total_us=3452 rebuild_us=194 layout_us=0 paint_us=91 encode_us=13 acquire_us=104 submit_us=3047 skipped=0 gpu_q=1 gpu_total_us=705 gpu_prepass_us=0 gpu_main_us=705 gpu_composite_us=0 gpu_blit_us=0
frust_shell_common::perf: frust-perf raw n=1115 total_us=3471 rebuild_us=195 layout_us=0 paint_us=90 encode_us=15 acquire_us=108 submit_us=3060 skipped=0 gpu_q=1 gpu_total_us=687 gpu_prepass_us=0 gpu_main_us=687 gpu_composite_us=0 gpu_blit_us=0
frust_shell_common::perf: frust-perf raw n=1116 total_us=3231 rebuild_us=186 layout_us=0 paint_us=88 encode_us=13 acquire_us=94 submit_us=2847 skipped=0 gpu_q=1 gpu_total_us=704 gpu_prepass_us=0 gpu_main_us=704 gpu_composite_us=0 gpu_blit_us=0
frust_shell_common::perf: frust-perf raw n=1117 total_us=3386 rebuild_us=173 layout_us=0 paint_us=81 encode_us=13 acquire_us=99 submit_us=3017 skipped=0 gpu_q=1 gpu_total_us=702 gpu_prepass_us=0 gpu_main_us=702 gpu_composite_us=0 gpu_blit_us=0
frust_shell_common::perf: frust-perf raw n=1118 total_us=3336 rebuild_us=187 layout_us=0 paint_us=84 encode_us=14 acquire_us=103 submit_us=2946 skipped=0 gpu_q=1 gpu_total_us=705 gpu_prepass_us=0 gpu_main_us=705 gpu_composite_us=0 gpu_blit_us=0
frust_shell_common::perf: frust-perf raw n=1119 total_us=3199 rebuild_us=171 layout_us=0 paint_us=77 encode_us=12 acquire_us=91 submit_us=2845 skipped=0 gpu_q=1 gpu_total_us=698 gpu_prepass_us=0 gpu_main_us=698 gpu_composite_us=0 gpu_blit_us=0
frust_shell_common::perf: frust-perf raw n=1120 total_us=3300 rebuild_us=178 layout_us=0 paint_us=81 encode_us=15 acquire_us=104 submit_us=2920 skipped=0 gpu_q=1 gpu_total_us=691 gpu_prepass_us=0 gpu_main_us=691 gpu_composite_us=0 gpu_blit_us=0
frust_shell_common::perf: frust-perf raw n=1121 total_us=3355 rebuild_us=190 layout_us=0 paint_us=169 encode_us=14 acquire_us=98 submit_us=2882 skipped=0 gpu_q=1 gpu_total_us=704 gpu_prepass_us=0 gpu_main_us=704 gpu_composite_us=0 gpu_blit_us=0
frust_shell_common::perf: frust-perf raw n=1122 total_us=3359 rebuild_us=266 layout_us=0 paint_us=81 encode_us=14 acquire_us=105 submit_us=2891 skipped=0 gpu_q=1 gpu_total_us=706 gpu_prepass_us=0 gpu_main_us=706 gpu_composite_us=0 gpu_blit_us=0
frust_shell_common::perf: frust-perf raw n=1123 total_us=7026 rebuild_us=189 layout_us=0 paint_us=91 encode_us=37 acquire_us=183 submit_us=6524 skipped=0 gpu_q=1 gpu_total_us=714 gpu_prepass_us=0 gpu_main_us=714 gpu_composite_us=0 gpu_blit_us=0
frust_shell_common::perf: frust-perf raw n=1124 total_us=5458 rebuild_us=167 layout_us=0 paint_us=83 encode_us=34 acquire_us=153 submit_us=5019 skipped=0 gpu_q=1 gpu_total_us=672 gpu_prepass_us=0 gpu_main_us=672 gpu_composite_us=0 gpu_blit_us=0
frust_shell_common::perf: frust-perf raw n=1125 total_us=3979 rebuild_us=102 layout_us=0 paint_us=49 encode_us=22 acquire_us=94 submit_us=3708 skipped=0 gpu_q=1 gpu_total_us=673 gpu_prepass_us=0 gpu_main_us=673 gpu_composite_us=0 gpu_blit_us=0
frust_shell_common::perf: frust-perf raw n=1126 total_us=4039 rebuild_us=103 layout_us=0 paint_us=48 encode_us=20 acquire_us=100 submit_us=3767 skipped=0 gpu_q=1 gpu_total_us=715 gpu_prepass_us=0 gpu_main_us=715 gpu_composite_us=0 gpu_blit_us=0
frust_shell_common::perf: frust-perf raw n=1127 total_us=3211 rebuild_us=118 layout_us=0 paint_us=58 encode_us=19 acquire_us=144 submit_us=2871 skipped=0 gpu_q=1 gpu_total_us=671 gpu_prepass_us=0 gpu_main_us=671 gpu_composite_us=0 gpu_blit_us=0
frust_shell_common::perf: frust-perf raw n=1128 total_us=3358 rebuild_us=190 layout_us=0 paint_us=81 encode_us=14 acquire_us=98 submit_us=2973 skipped=0 gpu_q=1 gpu_total_us=672 gpu_prepass_us=0 gpu_main_us=672 gpu_composite_us=0 gpu_blit_us=0
frust_shell_common::perf: frust-perf raw n=1129 total_us=5467 rebuild_us=195 layout_us=0 paint_us=86 encode_us=37 acquire_us=185 submit_us=4961 skipped=0 gpu_q=1 gpu_total_us=730 gpu_prepass_us=0 gpu_main_us=730 gpu_composite_us=0 gpu_blit_us=0
frust_shell_common::perf: frust-perf raw n=1130 total_us=5273 rebuild_us=138 layout_us=0 paint_us=65 encode_us=27 acquire_us=147 submit_us=4894 skipped=0 gpu_q=1 gpu_total_us=704 gpu_prepass_us=0 gpu_main_us=704 gpu_composite_us=0 gpu_blit_us=0
frust_shell_common::perf: frust-perf raw n=1131 total_us=3604 rebuild_us=101 layout_us=0 paint_us=47 encode_us=20 acquire_us=98 submit_us=3335 skipped=0 gpu_q=1 gpu_total_us=703 gpu_prepass_us=0 gpu_main_us=703 gpu_composite_us=0 gpu_blit_us=0
frust_shell_common::perf: frust-perf raw n=1132 total_us=3832 rebuild_us=101 layout_us=0 paint_us=48 encode_us=17 acquire_us=103 submit_us=3561 skipped=0 gpu_q=1 gpu_total_us=692 gpu_prepass_us=0 gpu_main_us=692 gpu_composite_us=0 gpu_blit_us=0
frust_shell_common::perf: frust-perf raw n=1133 total_us=5755 rebuild_us=129 layout_us=0 paint_us=55 encode_us=22 acquire_us=116 submit_us=5431 skipped=0 gpu_q=1 gpu_total_us=664 gpu_prepass_us=0 gpu_main_us=664 gpu_composite_us=0 gpu_blit_us=0
frust_shell_common::perf: frust-perf raw n=1134 total_us=5202 rebuild_us=133 layout_us=0 paint_us=65 encode_us=28 acquire_us=131 submit_us=4843 skipped=0 gpu_q=1 gpu_total_us=671 gpu_prepass_us=0 gpu_main_us=671 gpu_composite_us=0 gpu_blit_us=0
frust_shell_common::perf: frust-perf raw n=1135 total_us=4823 rebuild_us=117 layout_us=0 paint_us=59 encode_us=24 acquire_us=175 submit_us=4447 skipped=0 gpu_q=1 gpu_total_us=686 gpu_prepass_us=0 gpu_main_us=686 gpu_composite_us=0 gpu_blit_us=0
frust_shell_common::perf: frust-perf raw n=1136 total_us=4460 rebuild_us=112 layout_us=0 paint_us=54 encode_us=21 acquire_us=124 submit_us=4147 skipped=0 gpu_q=1 gpu_total_us=702 gpu_prepass_us=0 gpu_main_us=702 gpu_composite_us=0 gpu_blit_us=0
frust_shell_common::perf: frust-perf raw n=1137 total_us=4624 rebuild_us=120 layout_us=0 paint_us=58 encode_us=25 acquire_us=124 submit_us=4294 skipped=0 gpu_q=1 gpu_total_us=670 gpu_prepass_us=0 gpu_main_us=670 gpu_composite_us=0 gpu_blit_us=0
frust_shell_common::perf: frust-perf raw n=1138 total_us=4301 rebuild_us=128 layout_us=0 paint_us=60 encode_us=30 acquire_us=129 submit_us=3950 skipped=0 gpu_q=1 gpu_total_us=669 gpu_prepass_us=0 gpu_main_us=669 gpu_composite_us=0 gpu_blit_us=0
frust_shell_common::perf: frust-perf raw n=1139 total_us=5606 rebuild_us=115 layout_us=0 paint_us=58 encode_us=25 acquire_us=117 submit_us=5288 skipped=0 gpu_q=1 gpu_total_us=668 gpu_prepass_us=0 gpu_main_us=668 gpu_composite_us=0 gpu_blit_us=0
frust_engine::renderer: frust-perf enc n=1140 w=60 validate_us=3.7 prepare_us=3.3 classify_us=12.9 admit_us=0.4 walk_us=525.0 glyphs_us=220.5 finish_us=2.8 compile_us=550.3 schedule_us=3.7 paints_us=13.6 instances_us=30.7 resize_us=2.9 upload_us=212.4 replay_us=0.4 pipelines_us=19.2 record_us=31.6 total_us=890.6 total_p95_us=1868.1 draws=46 strips=1073 alphas=28576 glyph_draws=36 atlas_glyphs=36
frust_shell_common::perf: frust-perf raw n=1140 total_us=4652 rebuild_us=178 layout_us=0 paint_us=64 encode_us=28 acquire_us=135 submit_us=4244 skipped=0 gpu_q=1 gpu_total_us=668 gpu_prepass_us=0 gpu_main_us=668 gpu_composite_us=0 gpu_blit_us=0
frust_shell_common::perf: frust-perf raw n=1141 total_us=4556 rebuild_us=126 layout_us=0 paint_us=63 encode_us=26 acquire_us=113 submit_us=4225 skipped=0 gpu_q=1 gpu_total_us=663 gpu_prepass_us=0 gpu_main_us=663 gpu_composite_us=0 gpu_blit_us=0
frust_shell_common::perf: frust-perf raw n=1142 total_us=3170 rebuild_us=113 layout_us=0 paint_us=51 encode_us=20 acquire_us=156 submit_us=2828 skipped=0 gpu_q=1 gpu_total_us=664 gpu_prepass_us=0 gpu_main_us=664 gpu_composite_us=0 gpu_blit_us=0
frust_shell_common::perf: frust-perf raw n=1143 total_us=3444 rebuild_us=189 layout_us=0 paint_us=88 encode_us=16 acquire_us=109 submit_us=3041 skipped=0 gpu_q=1 gpu_total_us=681 gpu_prepass_us=0 gpu_main_us=681 gpu_composite_us=0 gpu_blit_us=0
frust_shell_common::perf: frust-perf raw n=1144 total_us=3419 rebuild_us=185 layout_us=0 paint_us=88 encode_us=13 acquire_us=104 submit_us=3025 skipped=0 gpu_q=1 gpu_total_us=684 gpu_prepass_us=0 gpu_main_us=684 gpu_composite_us=0 gpu_blit_us=0
frust_shell_common::perf: frust-perf raw n=1145 total_us=3412 rebuild_us=187 layout_us=0 paint_us=83 encode_us=13 acquire_us=101 submit_us=3026 skipped=0 gpu_q=1 gpu_total_us=681 gpu_prepass_us=0 gpu_main_us=681 gpu_composite_us=0 gpu_blit_us=0
frust_shell_common::perf: frust-perf raw n=1146 total_us=3443 rebuild_us=212 layout_us=0 paint_us=96 encode_us=15 acquire_us=110 submit_us=3008 skipped=0 gpu_q=1 gpu_total_us=704 gpu_prepass_us=0 gpu_main_us=704 gpu_composite_us=0 gpu_blit_us=0
frust_shell_common::perf: frust-perf raw n=1147 total_us=3479 rebuild_us=193 layout_us=0 paint_us=91 encode_us=15 acquire_us=105 submit_us=3072 skipped=0 gpu_q=1 gpu_total_us=714 gpu_prepass_us=0 gpu_main_us=714 gpu_composite_us=0 gpu_blit_us=0
frust_shell_common::perf: frust-perf raw n=1148 total_us=3377 rebuild_us=190 layout_us=0 paint_us=88 encode_us=14 acquire_us=103 submit_us=2979 skipped=0 gpu_q=1 gpu_total_us=703 gpu_prepass_us=0 gpu_main_us=703 gpu_composite_us=0 gpu_blit_us=0
frust_shell_common::perf: frust-perf raw n=1149 total_us=3389 rebuild_us=192 layout_us=0 paint_us=87 encode_us=13 acquire_us=101 submit_us=2993 skipped=0 gpu_q=1 gpu_total_us=725 gpu_prepass_us=0 gpu_main_us=725 gpu_composite_us=0 gpu_blit_us=0
frust_shell_common::perf: frust-perf raw n=1150 total_us=3509 rebuild_us=208 layout_us=0 paint_us=96 encode_us=15 acquire_us=109 submit_us=3078 skipped=0 gpu_q=1 gpu_total_us=724 gpu_prepass_us=0 gpu_main_us=724 gpu_composite_us=0 gpu_blit_us=0
frust_shell_common::perf: frust-perf raw n=1151 total_us=3337 rebuild_us=190 layout_us=0 paint_us=95 encode_us=13 acquire_us=93 submit_us=2943 skipped=0 gpu_q=1 gpu_total_us=733 gpu_prepass_us=0 gpu_main_us=733 gpu_composite_us=0 gpu_blit_us=0
frust_shell_common::perf: frust-perf raw n=1152 total_us=3207 rebuild_us=181 layout_us=0 paint_us=89 encode_us=13 acquire_us=100 submit_us=2821 skipped=0 gpu_q=1 gpu_total_us=705 gpu_prepass_us=0 gpu_main_us=705 gpu_composite_us=0 gpu_blit_us=0
frust_shell_common::perf: frust-perf raw n=1153 total_us=3398 rebuild_us=193 layout_us=0 paint_us=84 encode_us=14 acquire_us=107 submit_us=2998 skipped=0 gpu_q=1 gpu_total_us=718 gpu_prepass_us=0 gpu_main_us=718 gpu_composite_us=0 gpu_blit_us=0
frust_shell_common::perf: frust-perf raw n=1154 total_us=3290 rebuild_us=188 layout_us=0 paint_us=85 encode_us=16 acquire_us=98 submit_us=2901 skipped=0 gpu_q=1 gpu_total_us=692 gpu_prepass_us=0 gpu_main_us=692 gpu_composite_us=0 gpu_blit_us=0
frust_shell_common::perf: frust-perf raw n=1155 total_us=3285 rebuild_us=193 layout_us=0 paint_us=90 encode_us=17 acquire_us=104 submit_us=2880 skipped=0 gpu_q=1 gpu_total_us=729 gpu_prepass_us=0 gpu_main_us=729 gpu_composite_us=0 gpu_blit_us=0
frust_shell_common::perf: frust-perf raw n=1156 total_us=3422 rebuild_us=264 layout_us=0 paint_us=88 encode_us=14 acquire_us=107 submit_us=2946 skipped=0 gpu_q=1 gpu_total_us=702 gpu_prepass_us=0 gpu_main_us=702 gpu_composite_us=0 gpu_blit_us=0
frust_shell_common::perf: frust-perf raw n=1157 total_us=3276 rebuild_us=184 layout_us=0 paint_us=87 encode_us=14 acquire_us=102 submit_us=2887 skipped=0 gpu_q=1 gpu_total_us=712 gpu_prepass_us=0 gpu_main_us=712 gpu_composite_us=0 gpu_blit_us=0
frust_shell_common::perf: frust-perf raw n=1158 total_us=3246 rebuild_us=186 layout_us=0 paint_us=87 encode_us=14 acquire_us=100 submit_us=2855 skipped=0 gpu_q=1 gpu_total_us=728 gpu_prepass_us=0 gpu_main_us=728 gpu_composite_us=0 gpu_blit_us=0
frust_shell_common::perf: frust-perf raw n=1159 total_us=3495 rebuild_us=198 layout_us=0 paint_us=89 encode_us=14 acquire_us=108 submit_us=3084 skipped=0 gpu_q=1 gpu_total_us=701 gpu_prepass_us=0 gpu_main_us=701 gpu_composite_us=0 gpu_blit_us=0
frust_shell_common::perf: frust-perf raw n=1160 total_us=3103 rebuild_us=177 layout_us=0 paint_us=84 encode_us=14 acquire_us=90 submit_us=2736 skipped=0 gpu_q=1 gpu_total_us=715 gpu_prepass_us=0 gpu_main_us=715 gpu_composite_us=0 gpu_blit_us=0
frust_shell_common::perf: frust-perf raw n=1161 total_us=3505 rebuild_us=187 layout_us=0 paint_us=91 encode_us=18 acquire_us=116 submit_us=3090 skipped=0 gpu_q=1 gpu_total_us=714 gpu_prepass_us=0 gpu_main_us=714 gpu_composite_us=0 gpu_blit_us=0
frust_shell_common::perf: frust-perf raw n=1162 total_us=3412 rebuild_us=185 layout_us=0 paint_us=87 encode_us=15 acquire_us=108 submit_us=3015 skipped=0 gpu_q=1 gpu_total_us=717 gpu_prepass_us=0 gpu_main_us=717 gpu_composite_us=0 gpu_blit_us=0
frust_shell_common::perf: frust-perf raw n=1163 total_us=3262 rebuild_us=184 layout_us=0 paint_us=85 encode_us=13 acquire_us=92 submit_us=2885 skipped=0 gpu_q=1 gpu_total_us=710 gpu_prepass_us=0 gpu_main_us=710 gpu_composite_us=0 gpu_blit_us=0
frust_shell_common::perf: frust-perf raw n=1164 total_us=3454 rebuild_us=196 layout_us=0 paint_us=93 encode_us=13 acquire_us=102 submit_us=3047 skipped=0 gpu_q=1 gpu_total_us=717 gpu_prepass_us=0 gpu_main_us=717 gpu_composite_us=0 gpu_blit_us=0
frust_shell_common::perf: frust-perf raw n=1165 total_us=5689 rebuild_us=181 layout_us=0 paint_us=83 encode_us=37 acquire_us=163 submit_us=5222 skipped=0 gpu_q=1 gpu_total_us=722 gpu_prepass_us=0 gpu_main_us=722 gpu_composite_us=0 gpu_blit_us=0
frust_shell_common::perf: frust-perf raw n=1166 total_us=3489 rebuild_us=138 layout_us=0 paint_us=68 encode_us=21 acquire_us=163 submit_us=3097 skipped=0 gpu_q=1 gpu_total_us=718 gpu_prepass_us=0 gpu_main_us=718 gpu_composite_us=0 gpu_blit_us=0
frust_shell_common::perf: frust-perf raw n=1167 total_us=3424 rebuild_us=174 layout_us=0 paint_us=84 encode_us=15 acquire_us=90 submit_us=3060 skipped=0 gpu_q=1 gpu_total_us=719 gpu_prepass_us=0 gpu_main_us=719 gpu_composite_us=0 gpu_blit_us=0
frust_shell_common::perf: frust-perf raw n=1168 total_us=3535 rebuild_us=196 layout_us=0 paint_us=87 encode_us=15 acquire_us=103 submit_us=3132 skipped=0 gpu_q=1 gpu_total_us=725 gpu_prepass_us=0 gpu_main_us=725 gpu_composite_us=0 gpu_blit_us=0
frust_shell_common::perf: frust-perf raw n=1169 total_us=5459 rebuild_us=206 layout_us=0 paint_us=92 encode_us=39 acquire_us=208 submit_us=4913 skipped=0 gpu_q=1 gpu_total_us=680 gpu_prepass_us=0 gpu_main_us=680 gpu_composite_us=0 gpu_blit_us=0
frust_shell_common::perf: frust-perf raw n=1170 total_us=4887 rebuild_us=130 layout_us=0 paint_us=65 encode_us=28 acquire_us=141 submit_us=4521 skipped=0 gpu_q=1 gpu_total_us=712 gpu_prepass_us=0 gpu_main_us=712 gpu_composite_us=0 gpu_blit_us=0
frust_shell_common::perf: frust-perf raw n=1171 total_us=3095 rebuild_us=87 layout_us=0 paint_us=43 encode_us=20 acquire_us=134 submit_us=2809 skipped=0 gpu_q=1 gpu_total_us=723 gpu_prepass_us=0 gpu_main_us=723 gpu_composite_us=0 gpu_blit_us=0
frust_shell_common::perf: frust-perf raw n=1172 total_us=3335 rebuild_us=171 layout_us=0 paint_us=80 encode_us=13 acquire_us=90 submit_us=2979 skipped=0 gpu_q=1 gpu_total_us=713 gpu_prepass_us=0 gpu_main_us=713 gpu_composite_us=0 gpu_blit_us=0
frust_shell_common::perf: frust-perf raw n=1173 total_us=3430 rebuild_us=300 layout_us=0 paint_us=90 encode_us=18 acquire_us=109 submit_us=2911 skipped=0 gpu_q=1 gpu_total_us=664 gpu_prepass_us=0 gpu_main_us=664 gpu_composite_us=0 gpu_blit_us=0
frust_shell_common::perf: frust-perf raw n=1174 total_us=3287 rebuild_us=181 layout_us=0 paint_us=90 encode_us=13 acquire_us=107 submit_us=2893 skipped=0 gpu_q=1 gpu_total_us=674 gpu_prepass_us=0 gpu_main_us=674 gpu_composite_us=0 gpu_blit_us=0
frust_shell_common::perf: frust-perf raw n=1175 total_us=3354 rebuild_us=184 layout_us=0 paint_us=89 encode_us=17 acquire_us=103 submit_us=2959 skipped=0 gpu_q=1 gpu_total_us=683 gpu_prepass_us=0 gpu_main_us=683 gpu_composite_us=0 gpu_blit_us=0
frust_shell_common::perf: frust-perf raw n=1176 total_us=3477 rebuild_us=195 layout_us=0 paint_us=92 encode_us=17 acquire_us=109 submit_us=3061 skipped=0 gpu_q=1 gpu_total_us=700 gpu_prepass_us=0 gpu_main_us=700 gpu_composite_us=0 gpu_blit_us=0
frust_shell_common::perf: frust-perf raw n=1177 total_us=3294 rebuild_us=199 layout_us=0 paint_us=97 encode_us=13 acquire_us=96 submit_us=2887 skipped=0 gpu_q=1 gpu_total_us=704 gpu_prepass_us=0 gpu_main_us=704 gpu_composite_us=0 gpu_blit_us=0
frust_shell_common::perf: frust-perf raw n=1178 total_us=3430 rebuild_us=196 layout_us=0 paint_us=96 encode_us=13 acquire_us=99 submit_us=3024 skipped=0 gpu_q=1 gpu_total_us=684 gpu_prepass_us=0 gpu_main_us=684 gpu_composite_us=0 gpu_blit_us=0
frust_shell_common::perf: frust-perf raw n=1179 total_us=3336 rebuild_us=191 layout_us=0 paint_us=89 encode_us=13 acquire_us=106 submit_us=2934 skipped=0 gpu_q=1 gpu_total_us=715 gpu_prepass_us=0 gpu_main_us=715 gpu_composite_us=0 gpu_blit_us=0
frust_shell_common::perf: frust-perf raw n=1180 total_us=3369 rebuild_us=195 layout_us=0 paint_us=88 encode_us=13 acquire_us=103 submit_us=2968 skipped=0 gpu_q=1 gpu_total_us=673 gpu_prepass_us=0 gpu_main_us=673 gpu_composite_us=0 gpu_blit_us=0
frust_shell_common::perf: frust-perf raw n=1181 total_us=3334 rebuild_us=197 layout_us=0 paint_us=93 encode_us=13 acquire_us=106 submit_us=2922 skipped=0 gpu_q=1 gpu_total_us=699 gpu_prepass_us=0 gpu_main_us=699 gpu_composite_us=0 gpu_blit_us=0
frust_shell_common::perf: frust-perf raw n=1182 total_us=3339 rebuild_us=195 layout_us=0 paint_us=92 encode_us=15 acquire_us=108 submit_us=2926 skipped=0 gpu_q=1 gpu_total_us=715 gpu_prepass_us=0 gpu_main_us=715 gpu_composite_us=0 gpu_blit_us=0
frust_shell_common::perf: frust-perf raw n=1183 total_us=3365 rebuild_us=196 layout_us=0 paint_us=96 encode_us=13 acquire_us=106 submit_us=2952 skipped=0 gpu_q=1 gpu_total_us=704 gpu_prepass_us=0 gpu_main_us=704 gpu_composite_us=0 gpu_blit_us=0
frust_shell_common::perf: frust-perf raw n=1184 total_us=3401 rebuild_us=194 layout_us=0 paint_us=92 encode_us=18 acquire_us=108 submit_us=2987 skipped=0 gpu_q=1 gpu_total_us=704 gpu_prepass_us=0 gpu_main_us=704 gpu_composite_us=0 gpu_blit_us=0
frust_shell_common::perf: frust-perf raw n=1185 total_us=3394 rebuild_us=200 layout_us=0 paint_us=92 encode_us=18 acquire_us=110 submit_us=2971 skipped=0 gpu_q=1 gpu_total_us=689 gpu_prepass_us=0 gpu_main_us=689 gpu_composite_us=0 gpu_blit_us=0
frust_shell_common::perf: frust-perf raw n=1186 total_us=3424 rebuild_us=198 layout_us=0 paint_us=90 encode_us=15 acquire_us=104 submit_us=3014 skipped=0 gpu_q=1 gpu_total_us=698 gpu_prepass_us=0 gpu_main_us=698 gpu_composite_us=0 gpu_blit_us=0
frust_shell_common::perf: frust-perf raw n=1187 total_us=3368 rebuild_us=187 layout_us=0 paint_us=92 encode_us=17 acquire_us=107 submit_us=2963 skipped=0 gpu_q=1 gpu_total_us=688 gpu_prepass_us=0 gpu_main_us=688 gpu_composite_us=0 gpu_blit_us=0
frust_shell_common::perf: frust-perf raw n=1188 total_us=3157 rebuild_us=182 layout_us=0 paint_us=90 encode_us=13 acquire_us=96 submit_us=2774 skipped=0 gpu_q=1 gpu_total_us=687 gpu_prepass_us=0 gpu_main_us=687 gpu_composite_us=0 gpu_blit_us=0
frust_shell_common::perf: frust-perf raw n=1189 total_us=3316 rebuild_us=187 layout_us=0 paint_us=87 encode_us=13 acquire_us=99 submit_us=2928 skipped=0 gpu_q=1 gpu_total_us=705 gpu_prepass_us=0 gpu_main_us=705 gpu_composite_us=0 gpu_blit_us=0
frust_shell_android::app::frame: frust-perf platform-view tail depth=0 target=0 acquire_bound=false frame=1200 expected_present_us=0 acquire_us=101 period_us=8233
frust_shell_common::perf: frust-perf raw n=1190 total_us=3290 rebuild_us=198 layout_us=0 paint_us=93 encode_us=15 acquire_us=100 submit_us=2882 skipped=0 gpu_q=1 gpu_total_us=688 gpu_prepass_us=0 gpu_main_us=688 gpu_composite_us=0 gpu_blit_us=0
frust_shell_common::perf: frust-perf raw n=1191 total_us=3119 rebuild_us=185 layout_us=0 paint_us=90 encode_us=14 acquire_us=99 submit_us=2728 skipped=0 gpu_q=1 gpu_total_us=699 gpu_prepass_us=0 gpu_main_us=699 gpu_composite_us=0 gpu_blit_us=0
frust_shell_common::perf: frust-perf raw n=1192 total_us=3347 rebuild_us=186 layout_us=0 paint_us=90 encode_us=14 acquire_us=105 submit_us=2950 skipped=0 gpu_q=1 gpu_total_us=700 gpu_prepass_us=0 gpu_main_us=700 gpu_composite_us=0 gpu_blit_us=0
frust_shell_common::perf: frust-perf raw n=1193 total_us=6251 rebuild_us=158 layout_us=0 paint_us=72 encode_us=35 acquire_us=155 submit_us=5828 skipped=0 gpu_q=1 gpu_total_us=708 gpu_prepass_us=0 gpu_main_us=708 gpu_composite_us=0 gpu_blit_us=0
frust_shell_common::perf: frust-perf raw n=1194 total_us=3097 rebuild_us=152 layout_us=0 paint_us=70 encode_us=14 acquire_us=113 submit_us=2746 skipped=0 gpu_q=1 gpu_total_us=719 gpu_prepass_us=0 gpu_main_us=719 gpu_composite_us=0 gpu_blit_us=0
frust_shell_common::perf: frust-perf raw n=1195 total_us=3331 rebuild_us=183 layout_us=0 paint_us=83 encode_us=15 acquire_us=99 submit_us=2949 skipped=0 gpu_q=1 gpu_total_us=686 gpu_prepass_us=0 gpu_main_us=686 gpu_composite_us=0 gpu_blit_us=0
frust_shell_common::perf: frust-perf raw n=1196 total_us=6074 rebuild_us=189 layout_us=0 paint_us=87 encode_us=37 acquire_us=177 submit_us=5581 skipped=0 gpu_q=1 gpu_total_us=687 gpu_prepass_us=0 gpu_main_us=687 gpu_composite_us=0 gpu_blit_us=0
frust_shell_common::perf: frust-perf raw n=1197 total_us=3251 rebuild_us=174 layout_us=0 paint_us=87 encode_us=14 acquire_us=97 submit_us=2877 skipped=0 gpu_q=1 gpu_total_us=667 gpu_prepass_us=0 gpu_main_us=667 gpu_composite_us=0 gpu_blit_us=0
frust_shell_common::perf: frust-perf raw n=1198 total_us=2459 rebuild_us=140 layout_us=0 paint_us=64 encode_us=13 acquire_us=88 submit_us=2152 skipped=0 gpu_q=1 gpu_total_us=707 gpu_prepass_us=0 gpu_main_us=707 gpu_composite_us=0 gpu_blit_us=0
frust_shell_common::perf: frust-perf raw n=1199 total_us=2562 rebuild_us=134 layout_us=0 paint_us=59 encode_us=14 acquire_us=92 submit_us=2260 skipped=0 gpu_q=1 gpu_total_us=715 gpu_prepass_us=0 gpu_main_us=715 gpu_composite_us=0 gpu_blit_us=0
frust_engine::renderer: frust-perf enc n=1200 w=60 validate_us=3.3 prepare_us=3.3 classify_us=12.2 admit_us=0.3 walk_us=499.5 glyphs_us=214.4 finish_us=2.4 compile_us=522.4 schedule_us=3.6 paints_us=13.4 instances_us=30.1 resize_us=3.0 upload_us=204.9 replay_us=0.3 pipelines_us=16.8 record_us=29.9 total_us=825.3 total_p95_us=1461.9 draws=46 strips=1073 alphas=28576 glyph_draws=36 atlas_glyphs=36
frust_shell_common::perf: frust-perf raw n=1200 total_us=3022 rebuild_us=129 layout_us=0 paint_us=60 encode_us=13 acquire_us=87 submit_us=2730 skipped=0 gpu_q=1 gpu_total_us=670 gpu_prepass_us=0 gpu_main_us=670 gpu_composite_us=0 gpu_blit_us=0
frust_shell_common::perf: frust-perf raw n=1201 total_us=5010 rebuild_us=137 layout_us=0 paint_us=63 encode_us=56 acquire_us=176 submit_us=4575 skipped=0 gpu_q=1 gpu_total_us=716 gpu_prepass_us=0 gpu_main_us=716 gpu_composite_us=0 gpu_blit_us=0
frust_shell_common::perf: frust-perf raw n=1202 total_us=4439 rebuild_us=143 layout_us=0 paint_us=63 encode_us=26 acquire_us=132 submit_us=4072 skipped=0 gpu_q=1 gpu_total_us=719 gpu_prepass_us=0 gpu_main_us=719 gpu_composite_us=0 gpu_blit_us=0
frust_shell_common::perf: frust-perf raw n=1203 total_us=4137 rebuild_us=111 layout_us=0 paint_us=54 encode_us=18 acquire_us=109 submit_us=3843 skipped=0 gpu_q=1 gpu_total_us=722 gpu_prepass_us=0 gpu_main_us=722 gpu_composite_us=0 gpu_blit_us=0
frust_shell_common::perf: frust-perf raw n=1204 total_us=3244 rebuild_us=102 layout_us=0 paint_us=51 encode_us=18 acquire_us=146 submit_us=2925 skipped=0 gpu_q=1 gpu_total_us=704 gpu_prepass_us=0 gpu_main_us=704 gpu_composite_us=0 gpu_blit_us=0
frust_shell_common::perf: frust-perf raw n=1205 total_us=3340 rebuild_us=177 layout_us=0 paint_us=84 encode_us=15 acquire_us=99 submit_us=2963 skipped=0 gpu_q=1 gpu_total_us=668 gpu_prepass_us=0 gpu_main_us=668 gpu_composite_us=0 gpu_blit_us=0
frust_shell_common::perf: frust-perf raw n=1206 total_us=3413 rebuild_us=183 layout_us=0 paint_us=85 encode_us=13 acquire_us=187 submit_us=2944 skipped=0 gpu_q=1 gpu_total_us=687 gpu_prepass_us=0 gpu_main_us=687 gpu_composite_us=0 gpu_blit_us=0
frust_shell_common::perf: frust-perf raw n=1207 total_us=3428 rebuild_us=309 layout_us=0 paint_us=94 encode_us=13 acquire_us=112 submit_us=2898 skipped=0 gpu_q=1 gpu_total_us=721 gpu_prepass_us=0 gpu_main_us=721 gpu_composite_us=0 gpu_blit_us=0
frust_shell_common::perf: frust-perf raw n=1208 total_us=3253 rebuild_us=193 layout_us=0 paint_us=85 encode_us=15 acquire_us=99 submit_us=2859 skipped=0 gpu_q=1 gpu_total_us=696 gpu_prepass_us=0 gpu_main_us=696 gpu_composite_us=0 gpu_blit_us=0
frust_shell_common::perf: frust-perf raw n=1209 total_us=3295 rebuild_us=191 layout_us=0 paint_us=85 encode_us=12 acquire_us=101 submit_us=2902 skipped=0 gpu_q=1 gpu_total_us=716 gpu_prepass_us=0 gpu_main_us=716 gpu_composite_us=0 gpu_blit_us=0
frust_shell_common::perf: frust-perf raw n=1210 total_us=3404 rebuild_us=189 layout_us=0 paint_us=85 encode_us=15 acquire_us=112 submit_us=3001 skipped=0 gpu_q=1 gpu_total_us=687 gpu_prepass_us=0 gpu_main_us=687 gpu_composite_us=0 gpu_blit_us=0
frust_shell_common::perf: frust-perf raw n=1211 total_us=3477 rebuild_us=199 layout_us=0 paint_us=92 encode_us=13 acquire_us=104 submit_us=3065 skipped=0 gpu_q=1 gpu_total_us=704 gpu_prepass_us=0 gpu_main_us=704 gpu_composite_us=0 gpu_blit_us=0
frust_shell_common::perf: frust-perf raw n=1212 total_us=3372 rebuild_us=149 layout_us=0 paint_us=65 encode_us=80 acquire_us=104 submit_us=2972 skipped=0 gpu_q=1 gpu_total_us=723 gpu_prepass_us=0 gpu_main_us=723 gpu_composite_us=0 gpu_blit_us=0
frust_shell_common::perf: frust-perf raw n=1213 total_us=2696 rebuild_us=116 layout_us=0 paint_us=56 encode_us=12 acquire_us=97 submit_us=2412 skipped=0 gpu_q=1 gpu_total_us=701 gpu_prepass_us=0 gpu_main_us=701 gpu_composite_us=0 gpu_blit_us=0
frust_shell_common::perf: frust-perf raw n=1214 total_us=4273 rebuild_us=135 layout_us=0 paint_us=60 encode_us=27 acquire_us=106 submit_us=3942 skipped=0 gpu_q=1 gpu_total_us=720 gpu_prepass_us=0 gpu_main_us=720 gpu_composite_us=0 gpu_blit_us=0
frust_shell_common::perf: frust-perf raw n=1215 total_us=3760 rebuild_us=115 layout_us=0 paint_us=48 encode_us=20 acquire_us=111 submit_us=3463 skipped=0 gpu_q=1 gpu_total_us=740 gpu_prepass_us=0 gpu_main_us=740 gpu_composite_us=0 gpu_blit_us=0
frust_shell_common::perf: frust-perf raw n=1216 total_us=2409 rebuild_us=130 layout_us=0 paint_us=57 encode_us=16 acquire_us=97 submit_us=2107 skipped=0 gpu_q=1 gpu_total_us=750 gpu_prepass_us=0 gpu_main_us=750 gpu_composite_us=0 gpu_blit_us=0
frust_shell_common::perf: frust-perf raw n=1217 total_us=2992 rebuild_us=153 layout_us=0 paint_us=68 encode_us=14 acquire_us=98 submit_us=2657 skipped=0 gpu_q=1 gpu_total_us=766 gpu_prepass_us=0 gpu_main_us=766 gpu_composite_us=0 gpu_blit_us=0
frust_shell_common::perf: frust-perf raw n=1218 total_us=3025 rebuild_us=148 layout_us=0 paint_us=65 encode_us=13 acquire_us=92 submit_us=2705 skipped=0 gpu_q=1 gpu_total_us=805 gpu_prepass_us=0 gpu_main_us=805 gpu_composite_us=0 gpu_blit_us=0
frust_shell_common::perf: frust-perf raw n=1219 total_us=2542 rebuild_us=132 layout_us=0 paint_us=61 encode_us=13 acquire_us=94 submit_us=2239 skipped=0 gpu_q=1 gpu_total_us=678 gpu_prepass_us=0 gpu_main_us=678 gpu_composite_us=0 gpu_blit_us=0
frust_shell_common::perf: frust-perf raw n=1220 total_us=2677 rebuild_us=131 layout_us=0 paint_us=59 encode_us=12 acquire_us=86 submit_us=2387 skipped=0 gpu_q=1 gpu_total_us=700 gpu_prepass_us=0 gpu_main_us=700 gpu_composite_us=0 gpu_blit_us=0
frust_shell_common::perf: frust-perf raw n=1221 total_us=3236 rebuild_us=165 layout_us=0 paint_us=75 encode_us=13 acquire_us=101 submit_us=2879 skipped=0 gpu_q=1 gpu_total_us=722 gpu_prepass_us=0 gpu_main_us=722 gpu_composite_us=0 gpu_blit_us=0
frust_shell_common::perf: frust-perf raw n=1222 total_us=3367 rebuild_us=204 layout_us=0 paint_us=93 encode_us=14 acquire_us=111 submit_us=2943 skipped=0 gpu_q=1 gpu_total_us=735 gpu_prepass_us=0 gpu_main_us=735 gpu_composite_us=0 gpu_blit_us=0
frust_shell_common::perf: frust-perf raw n=1223 total_us=3389 rebuild_us=186 layout_us=0 paint_us=86 encode_us=15 acquire_us=140 submit_us=2959 skipped=0 gpu_q=1 gpu_total_us=734 gpu_prepass_us=0 gpu_main_us=734 gpu_composite_us=0 gpu_blit_us=0
frust_shell_common::perf: frust-perf raw n=1224 total_us=3346 rebuild_us=188 layout_us=0 paint_us=150 encode_us=14 acquire_us=116 submit_us=2876 skipped=0 gpu_q=1 gpu_total_us=769 gpu_prepass_us=0 gpu_main_us=769 gpu_composite_us=0 gpu_blit_us=0
frust_shell_common::perf: frust-perf raw n=1225 total_us=3443 rebuild_us=187 layout_us=0 paint_us=87 encode_us=21 acquire_us=129 submit_us=3016 skipped=0 gpu_q=1 gpu_total_us=732 gpu_prepass_us=0 gpu_main_us=732 gpu_composite_us=0 gpu_blit_us=0
frust_shell_common::perf: frust-perf raw n=1226 total_us=3279 rebuild_us=193 layout_us=0 paint_us=89 encode_us=14 acquire_us=99 submit_us=2881 skipped=0 gpu_q=1 gpu_total_us=743 gpu_prepass_us=0 gpu_main_us=743 gpu_composite_us=0 gpu_blit_us=0
frust_shell_common::perf: frust-perf raw n=1227 total_us=3418 rebuild_us=193 layout_us=0 paint_us=87 encode_us=14 acquire_us=118 submit_us=3003 skipped=0 gpu_q=1 gpu_total_us=727 gpu_prepass_us=0 gpu_main_us=727 gpu_composite_us=0 gpu_blit_us=0
frust_shell_common::perf: frust-perf raw n=1228 total_us=3649 rebuild_us=198 layout_us=0 paint_us=93 encode_us=19 acquire_us=111 submit_us=3224 skipped=0 gpu_q=1 gpu_total_us=722 gpu_prepass_us=0 gpu_main_us=722 gpu_composite_us=0 gpu_blit_us=0
frust_shell_common::perf: frust-perf raw n=1229 total_us=3461 rebuild_us=184 layout_us=0 paint_us=96 encode_us=14 acquire_us=97 submit_us=3068 skipped=0 gpu_q=1 gpu_total_us=752 gpu_prepass_us=0 gpu_main_us=752 gpu_composite_us=0 gpu_blit_us=0
frust_shell_common::perf: frust-perf raw n=1230 total_us=3450 rebuild_us=194 layout_us=0 paint_us=89 encode_us=15 acquire_us=113 submit_us=3037 skipped=0 gpu_q=1 gpu_total_us=736 gpu_prepass_us=0 gpu_main_us=736 gpu_composite_us=0 gpu_blit_us=0
frust_shell_common::perf: frust-perf raw n=1231 total_us=3037 rebuild_us=186 layout_us=0 paint_us=85 encode_us=12 acquire_us=96 submit_us=2656 skipped=0 gpu_q=1 gpu_total_us=743 gpu_prepass_us=0 gpu_main_us=743 gpu_composite_us=0 gpu_blit_us=0
frust_shell_common::perf: frust-perf raw n=1232 total_us=3375 rebuild_us=176 layout_us=0 paint_us=82 encode_us=15 acquire_us=104 submit_us=2995 skipped=0 gpu_q=1 gpu_total_us=718 gpu_prepass_us=0 gpu_main_us=718 gpu_composite_us=0 gpu_blit_us=0
frust_shell_common::perf: frust-perf raw n=1233 total_us=3340 rebuild_us=175 layout_us=0 paint_us=79 encode_us=13 acquire_us=100 submit_us=2970 skipped=0 gpu_q=1 gpu_total_us=748 gpu_prepass_us=0 gpu_main_us=748 gpu_composite_us=0 gpu_blit_us=0
frust_shell_common::perf: frust-perf raw n=1234 total_us=3417 rebuild_us=183 layout_us=0 paint_us=85 encode_us=15 acquire_us=105 submit_us=3027 skipped=0 gpu_q=1 gpu_total_us=750 gpu_prepass_us=0 gpu_main_us=750 gpu_composite_us=0 gpu_blit_us=0
frust_shell_common::perf: frust-perf raw n=1235 total_us=3526 rebuild_us=198 layout_us=0 paint_us=86 encode_us=14 acquire_us=105 submit_us=3120 skipped=0 gpu_q=1 gpu_total_us=801 gpu_prepass_us=0 gpu_main_us=801 gpu_composite_us=0 gpu_blit_us=0
frust_shell_common::perf: frust-perf raw n=1236 total_us=3326 rebuild_us=190 layout_us=0 paint_us=85 encode_us=15 acquire_us=103 submit_us=2931 skipped=0 gpu_q=1 gpu_total_us=738 gpu_prepass_us=0 gpu_main_us=738 gpu_composite_us=0 gpu_blit_us=0
frust_shell_common::perf: frust-perf raw n=1237 total_us=3437 rebuild_us=183 layout_us=0 paint_us=87 encode_us=14 acquire_us=98 submit_us=3053 skipped=0 gpu_q=1 gpu_total_us=739 gpu_prepass_us=0 gpu_main_us=739 gpu_composite_us=0 gpu_blit_us=0
frust_shell_common::perf: frust-perf raw n=1238 total_us=3512 rebuild_us=185 layout_us=0 paint_us=87 encode_us=15 acquire_us=102 submit_us=3120 skipped=0 gpu_q=1 gpu_total_us=739 gpu_prepass_us=0 gpu_main_us=739 gpu_composite_us=0 gpu_blit_us=0
frust_shell_common::perf: frust-perf raw n=1239 total_us=3458 rebuild_us=195 layout_us=0 paint_us=89 encode_us=14 acquire_us=109 submit_us=3047 skipped=0 gpu_q=1 gpu_total_us=735 gpu_prepass_us=0 gpu_main_us=735 gpu_composite_us=0 gpu_blit_us=0
frust_shell_common::perf: frust-perf raw n=1240 total_us=3366 rebuild_us=199 layout_us=0 paint_us=87 encode_us=15 acquire_us=141 submit_us=2921 skipped=0 gpu_q=1 gpu_total_us=747 gpu_prepass_us=0 gpu_main_us=747 gpu_composite_us=0 gpu_blit_us=0
frust_shell_common::perf: frust-perf raw n=1241 total_us=3551 rebuild_us=185 layout_us=0 paint_us=88 encode_us=25 acquire_us=156 submit_us=3095 skipped=0 gpu_q=1 gpu_total_us=749 gpu_prepass_us=0 gpu_main_us=749 gpu_composite_us=0 gpu_blit_us=0
frust_shell_common::perf: frust-perf raw n=1242 total_us=3367 rebuild_us=182 layout_us=0 paint_us=87 encode_us=17 acquire_us=107 submit_us=2972 skipped=0 gpu_q=1 gpu_total_us=733 gpu_prepass_us=0 gpu_main_us=733 gpu_composite_us=0 gpu_blit_us=0
frust_shell_common::perf: frust-perf raw n=1243 total_us=3572 rebuild_us=199 layout_us=0 paint_us=91 encode_us=17 acquire_us=116 submit_us=3146 skipped=0 gpu_q=1 gpu_total_us=732 gpu_prepass_us=0 gpu_main_us=732 gpu_composite_us=0 gpu_blit_us=0
frust_shell_common::perf: frust-perf raw n=1244 total_us=3459 rebuild_us=199 layout_us=0 paint_us=88 encode_us=14 acquire_us=110 submit_us=3045 skipped=0 gpu_q=1 gpu_total_us=750 gpu_prepass_us=0 gpu_main_us=750 gpu_composite_us=0 gpu_blit_us=0
frust_shell_common::perf: frust-perf raw n=1245 total_us=3300 rebuild_us=184 layout_us=0 paint_us=84 encode_us=16 acquire_us=104 submit_us=2909 skipped=0 gpu_q=1 gpu_total_us=751 gpu_prepass_us=0 gpu_main_us=751 gpu_composite_us=0 gpu_blit_us=0
frust_shell_common::perf: frust-perf raw n=1246 total_us=3404 rebuild_us=187 layout_us=0 paint_us=86 encode_us=14 acquire_us=107 submit_us=3007 skipped=0 gpu_q=1 gpu_total_us=781 gpu_prepass_us=0 gpu_main_us=781 gpu_composite_us=0 gpu_blit_us=0
frust_shell_common::perf: frust-perf raw n=1247 total_us=3394 rebuild_us=182 layout_us=0 paint_us=85 encode_us=14 acquire_us=109 submit_us=3001 skipped=0 gpu_q=1 gpu_total_us=791 gpu_prepass_us=0 gpu_main_us=791 gpu_composite_us=0 gpu_blit_us=0
frust_shell_common::perf: frust-perf raw n=1248 total_us=3193 rebuild_us=186 layout_us=0 paint_us=83 encode_us=13 acquire_us=102 submit_us=2806 skipped=0 gpu_q=1 gpu_total_us=789 gpu_prepass_us=0 gpu_main_us=789 gpu_composite_us=0 gpu_blit_us=0
frust_shell_common::perf: frust-perf raw n=1249 total_us=3477 rebuild_us=187 layout_us=0 paint_us=86 encode_us=16 acquire_us=111 submit_us=3075 skipped=0 gpu_q=1 gpu_total_us=753 gpu_prepass_us=0 gpu_main_us=753 gpu_composite_us=0 gpu_blit_us=0
frust_shell_common::perf: frust-perf raw n=1250 total_us=3367 rebuild_us=197 layout_us=0 paint_us=89 encode_us=14 acquire_us=106 submit_us=2959 skipped=0 gpu_q=1 gpu_total_us=762 gpu_prepass_us=0 gpu_main_us=762 gpu_composite_us=0 gpu_blit_us=0
frust_shell_common::perf: frust-perf raw n=1251 total_us=3346 rebuild_us=191 layout_us=0 paint_us=90 encode_us=13 acquire_us=103 submit_us=2946 skipped=0 gpu_q=1 gpu_total_us=773 gpu_prepass_us=0 gpu_main_us=773 gpu_composite_us=0 gpu_blit_us=0
frust_shell_common::perf: frust-perf raw n=1252 total_us=3480 rebuild_us=192 layout_us=0 paint_us=87 encode_us=15 acquire_us=109 submit_us=3075 skipped=0 gpu_q=1 gpu_total_us=750 gpu_prepass_us=0 gpu_main_us=750 gpu_composite_us=0 gpu_blit_us=0
frust_shell_common::perf: frust-perf raw n=1253 total_us=3378 rebuild_us=197 layout_us=0 paint_us=89 encode_us=15 acquire_us=108 submit_us=2967 skipped=0 gpu_q=1 gpu_total_us=781 gpu_prepass_us=0 gpu_main_us=781 gpu_composite_us=0 gpu_blit_us=0
frust_shell_common::perf: frust-perf raw n=1254 total_us=3600 rebuild_us=205 layout_us=0 paint_us=92 encode_us=24 acquire_us=121 submit_us=3156 skipped=0 gpu_q=1 gpu_total_us=760 gpu_prepass_us=0 gpu_main_us=760 gpu_composite_us=0 gpu_blit_us=0
frust_shell_common::perf: frust-perf raw n=1255 total_us=3365 rebuild_us=194 layout_us=0 paint_us=89 encode_us=15 acquire_us=96 submit_us=2969 skipped=0 gpu_q=1 gpu_total_us=751 gpu_prepass_us=0 gpu_main_us=751 gpu_composite_us=0 gpu_blit_us=0
frust_shell_common::perf: frust-perf raw n=1256 total_us=3407 rebuild_us=203 layout_us=0 paint_us=87 encode_us=15 acquire_us=112 submit_us=2988 skipped=0 gpu_q=1 gpu_total_us=770 gpu_prepass_us=0 gpu_main_us=770 gpu_composite_us=0 gpu_blit_us=0
frust_shell_common::perf: frust-perf raw n=1257 total_us=3356 rebuild_us=189 layout_us=0 paint_us=90 encode_us=19 acquire_us=115 submit_us=2941 skipped=0 gpu_q=1 gpu_total_us=756 gpu_prepass_us=0 gpu_main_us=756 gpu_composite_us=0 gpu_blit_us=0
frust_shell_common::perf: frust-perf raw n=1258 total_us=3355 rebuild_us=286 layout_us=0 paint_us=85 encode_us=15 acquire_us=104 submit_us=2863 skipped=0 gpu_q=1 gpu_total_us=729 gpu_prepass_us=0 gpu_main_us=729 gpu_composite_us=0 gpu_blit_us=0
frust_shell_common::perf: frust-perf raw n=1259 total_us=3307 rebuild_us=186 layout_us=0 paint_us=90 encode_us=14 acquire_us=106 submit_us=2907 skipped=0 gpu_q=1 gpu_total_us=772 gpu_prepass_us=0 gpu_main_us=772 gpu_composite_us=0 gpu_blit_us=0
frust_engine::renderer: frust-perf enc n=1260 w=60 validate_us=3.4 prepare_us=3.5 classify_us=11.9 admit_us=0.3 walk_us=504.0 glyphs_us=215.8 finish_us=2.4 compile_us=526.2 schedule_us=3.7 paints_us=13.5 instances_us=30.2 resize_us=2.9 upload_us=209.6 replay_us=0.3 pipelines_us=17.4 record_us=30.6 total_us=835.9 total_p95_us=1222.0 draws=46 strips=1073 alphas=28576 glyph_draws=36 atlas_glyphs=36
frust_shell_common::perf: frust-perf raw n=1260 total_us=6907 rebuild_us=185 layout_us=0 paint_us=87 encode_us=37 acquire_us=177 submit_us=6419 skipped=0 gpu_q=1 gpu_total_us=753 gpu_prepass_us=0 gpu_main_us=753 gpu_composite_us=0 gpu_blit_us=0
frust_shell_common::perf: frust-perf raw n=1261 total_us=3238 rebuild_us=129 layout_us=0 paint_us=62 encode_us=18 acquire_us=161 submit_us=2866 skipped=0 gpu_q=1 gpu_total_us=753 gpu_prepass_us=0 gpu_main_us=753 gpu_composite_us=0 gpu_blit_us=0
frust_shell_common::perf: frust-perf raw n=1262 total_us=3377 rebuild_us=175 layout_us=0 paint_us=85 encode_us=15 acquire_us=99 submit_us=3001 skipped=0 gpu_q=1 gpu_total_us=778 gpu_prepass_us=0 gpu_main_us=778 gpu_composite_us=0 gpu_blit_us=0
frust_shell_common::perf: frust-perf raw n=1263 total_us=3505 rebuild_us=183 layout_us=0 paint_us=89 encode_us=19 acquire_us=113 submit_us=3099 skipped=0 gpu_q=1 gpu_total_us=786 gpu_prepass_us=0 gpu_main_us=786 gpu_composite_us=0 gpu_blit_us=0
frust_shell_common::perf: frust-perf raw n=1264 total_us=3390 rebuild_us=184 layout_us=0 paint_us=85 encode_us=15 acquire_us=104 submit_us=3001 skipped=0 gpu_q=1 gpu_total_us=728 gpu_prepass_us=0 gpu_main_us=728 gpu_composite_us=0 gpu_blit_us=0
frust_shell_common::perf: frust-perf raw n=1265 total_us=3459 rebuild_us=201 layout_us=0 paint_us=88 encode_us=14 acquire_us=107 submit_us=3047 skipped=0 gpu_q=1 gpu_total_us=761 gpu_prepass_us=0 gpu_main_us=761 gpu_composite_us=0 gpu_blit_us=0
frust_shell_common::perf: frust-perf raw n=1266 total_us=3405 rebuild_us=181 layout_us=0 paint_us=84 encode_us=13 acquire_us=98 submit_us=3027 skipped=0 gpu_q=1 gpu_total_us=775 gpu_prepass_us=0 gpu_main_us=775 gpu_composite_us=0 gpu_blit_us=0
frust_shell_common::perf: frust-perf raw n=1267 total_us=3408 rebuild_us=194 layout_us=0 paint_us=92 encode_us=14 acquire_us=107 submit_us=2999 skipped=0 gpu_q=1 gpu_total_us=750 gpu_prepass_us=0 gpu_main_us=750 gpu_composite_us=0 gpu_blit_us=0
frust_shell_common::perf: frust-perf raw n=1268 total_us=3376 rebuild_us=180 layout_us=0 paint_us=89 encode_us=16 acquire_us=102 submit_us=2988 skipped=0 gpu_q=1 gpu_total_us=753 gpu_prepass_us=0 gpu_main_us=753 gpu_composite_us=0 gpu_blit_us=0
frust_shell_common::perf: frust-perf raw n=1269 total_us=3383 rebuild_us=191 layout_us=0 paint_us=90 encode_us=14 acquire_us=103 submit_us=2982 skipped=0 gpu_q=1 gpu_total_us=784 gpu_prepass_us=0 gpu_main_us=784 gpu_composite_us=0 gpu_blit_us=0
frust_shell_common::perf: frust-perf raw n=1270 total_us=3390 rebuild_us=186 layout_us=0 paint_us=83 encode_us=13 acquire_us=98 submit_us=3006 skipped=0 gpu_q=1 gpu_total_us=738 gpu_prepass_us=0 gpu_main_us=738 gpu_composite_us=0 gpu_blit_us=0
frust_shell_common::perf: frust-perf raw n=1271 total_us=3404 rebuild_us=185 layout_us=0 paint_us=83 encode_us=17 acquire_us=101 submit_us=3015 skipped=0 gpu_q=1 gpu_total_us=772 gpu_prepass_us=0 gpu_main_us=772 gpu_composite_us=0 gpu_blit_us=0
frust_shell_common::perf: frust-perf raw n=1272 total_us=5144 rebuild_us=180 layout_us=0 paint_us=83 encode_us=37 acquire_us=166 submit_us=4675 skipped=0 gpu_q=1 gpu_total_us=764 gpu_prepass_us=0 gpu_main_us=764 gpu_composite_us=0 gpu_blit_us=0
frust_shell_common::perf: frust-perf raw n=1273 total_us=4003 rebuild_us=117 layout_us=0 paint_us=53 encode_us=27 acquire_us=130 submit_us=3674 skipped=0 gpu_q=1 gpu_total_us=755 gpu_prepass_us=0 gpu_main_us=755 gpu_composite_us=0 gpu_blit_us=0
frust_shell_common::perf: frust-perf raw n=1274 total_us=4458 rebuild_us=100 layout_us=0 paint_us=49 encode_us=22 acquire_us=102 submit_us=4183 skipped=0 gpu_q=1 gpu_total_us=771 gpu_prepass_us=0 gpu_main_us=771 gpu_composite_us=0 gpu_blit_us=0
frust_shell_common::perf: frust-perf raw n=1275 total_us=5437 rebuild_us=115 layout_us=0 paint_us=54 encode_us=29 acquire_us=130 submit_us=5108 skipped=0 gpu_q=1 gpu_total_us=746 gpu_prepass_us=0 gpu_main_us=746 gpu_composite_us=0 gpu_blit_us=0
frust_shell_common::perf: frust-perf raw n=1276 total_us=5587 rebuild_us=122 layout_us=0 paint_us=58 encode_us=29 acquire_us=165 submit_us=5212 skipped=0 gpu_q=1 gpu_total_us=711 gpu_prepass_us=0 gpu_main_us=711 gpu_composite_us=0 gpu_blit_us=0
frust_shell_common::perf: frust-perf raw n=1277 total_us=3131 rebuild_us=155 layout_us=0 paint_us=51 encode_us=18 acquire_us=150 submit_us=2755 skipped=0 gpu_q=1 gpu_total_us=710 gpu_prepass_us=0 gpu_main_us=710 gpu_composite_us=0 gpu_blit_us=0
frust_shell_common::perf: frust-perf raw n=1278 total_us=5943 rebuild_us=182 layout_us=0 paint_us=80 encode_us=37 acquire_us=166 submit_us=5476 skipped=0 gpu_q=1 gpu_total_us=693 gpu_prepass_us=0 gpu_main_us=693 gpu_composite_us=0 gpu_blit_us=0
frust_shell_common::perf: frust-perf raw n=1279 total_us=4140 rebuild_us=116 layout_us=0 paint_us=50 encode_us=22 acquire_us=116 submit_us=3834 skipped=0 gpu_q=1 gpu_total_us=688 gpu_prepass_us=0 gpu_main_us=688 gpu_composite_us=0 gpu_blit_us=0
frust_shell_common::perf: frust-perf raw n=1280 total_us=4073 rebuild_us=115 layout_us=0 paint_us=54 encode_us=26 acquire_us=140 submit_us=3736 skipped=0 gpu_q=1 gpu_total_us=691 gpu_prepass_us=0 gpu_main_us=691 gpu_composite_us=0 gpu_blit_us=0
frust_shell_common::perf: frust-perf raw n=1281 total_us=4137 rebuild_us=117 layout_us=0 paint_us=57 encode_us=23 acquire_us=108 submit_us=3829 skipped=0 gpu_q=1 gpu_total_us=733 gpu_prepass_us=0 gpu_main_us=733 gpu_composite_us=0 gpu_blit_us=0
frust_shell_common::perf: frust-perf raw n=1282 total_us=4328 rebuild_us=118 layout_us=0 paint_us=53 encode_us=22 acquire_us=121 submit_us=4012 skipped=0 gpu_q=1 gpu_total_us=694 gpu_prepass_us=0 gpu_main_us=694 gpu_composite_us=0 gpu_blit_us=0
frust_shell_common::perf: frust-perf raw n=1283 total_us=4645 rebuild_us=117 layout_us=0 paint_us=56 encode_us=28 acquire_us=129 submit_us=4313 skipped=0 gpu_q=1 gpu_total_us=689 gpu_prepass_us=0 gpu_main_us=689 gpu_composite_us=0 gpu_blit_us=0
frust_shell_common::perf: frust-perf raw n=1284 total_us=3961 rebuild_us=98 layout_us=0 paint_us=46 encode_us=22 acquire_us=119 submit_us=3673 skipped=0 gpu_q=1 gpu_total_us=699 gpu_prepass_us=0 gpu_main_us=699 gpu_composite_us=0 gpu_blit_us=0
frust_shell_common::perf: frust-perf raw n=1285 total_us=4425 rebuild_us=110 layout_us=0 paint_us=54 encode_us=22 acquire_us=122 submit_us=4114 skipped=0 gpu_q=1 gpu_total_us=710 gpu_prepass_us=0 gpu_main_us=710 gpu_composite_us=0 gpu_blit_us=0
frust_shell_common::perf: frust-perf raw n=1286 total_us=4526 rebuild_us=116 layout_us=0 paint_us=52 encode_us=27 acquire_us=127 submit_us=4202 skipped=0 gpu_q=1 gpu_total_us=689 gpu_prepass_us=0 gpu_main_us=689 gpu_composite_us=0 gpu_blit_us=0
frust_shell_common::perf: frust-perf raw n=1287 total_us=5376 rebuild_us=128 layout_us=0 paint_us=58 encode_us=26 acquire_us=137 submit_us=5025 skipped=0 gpu_q=1 gpu_total_us=699 gpu_prepass_us=0 gpu_main_us=699 gpu_composite_us=0 gpu_blit_us=0
frust_shell_common::perf: frust-perf raw n=1288 total_us=4707 rebuild_us=121 layout_us=0 paint_us=56 encode_us=30 acquire_us=126 submit_us=4373 skipped=0 gpu_q=1 gpu_total_us=744 gpu_prepass_us=0 gpu_main_us=744 gpu_composite_us=0 gpu_blit_us=0
frust_shell_common::perf: frust-perf raw n=1289 total_us=4651 rebuild_us=108 layout_us=0 paint_us=52 encode_us=26 acquire_us=120 submit_us=4343 skipped=0 gpu_q=1 gpu_total_us=691 gpu_prepass_us=0 gpu_main_us=691 gpu_composite_us=0 gpu_blit_us=0
frust_shell_common::perf: frust-perf raw n=1290 total_us=4545 rebuild_us=112 layout_us=0 paint_us=53 encode_us=26 acquire_us=117 submit_us=4233 skipped=0 gpu_q=1 gpu_total_us=695 gpu_prepass_us=0 gpu_main_us=695 gpu_composite_us=0 gpu_blit_us=0
frust_shell_common::perf: frust-perf raw n=1291 total_us=5740 rebuild_us=113 layout_us=0 paint_us=56 encode_us=27 acquire_us=122 submit_us=5419 skipped=0 gpu_q=1 gpu_total_us=702 gpu_prepass_us=0 gpu_main_us=702 gpu_composite_us=0 gpu_blit_us=0
frust_shell_common::perf: frust-perf raw n=1292 total_us=5683 rebuild_us=115 layout_us=0 paint_us=54 encode_us=29 acquire_us=152 submit_us=5331 skipped=0 gpu_q=1 gpu_total_us=706 gpu_prepass_us=0 gpu_main_us=706 gpu_composite_us=0 gpu_blit_us=0
frust_shell_common::perf: frust-perf raw n=1293 total_us=4757 rebuild_us=111 layout_us=0 paint_us=51 encode_us=26 acquire_us=131 submit_us=4436 skipped=0 gpu_q=1 gpu_total_us=704 gpu_prepass_us=0 gpu_main_us=704 gpu_composite_us=0 gpu_blit_us=0
frust_shell_common::perf: frust-perf raw n=1294 total_us=3996 rebuild_us=141 layout_us=0 paint_us=48 encode_us=21 acquire_us=111 submit_us=3672 skipped=0 gpu_q=1 gpu_total_us=707 gpu_prepass_us=0 gpu_main_us=707 gpu_composite_us=0 gpu_blit_us=0
frust_shell_common::perf: frust-perf raw n=1295 total_us=4599 rebuild_us=120 layout_us=0 paint_us=57 encode_us=26 acquire_us=116 submit_us=4277 skipped=0 gpu_q=1 gpu_total_us=707 gpu_prepass_us=0 gpu_main_us=707 gpu_composite_us=0 gpu_blit_us=0
frust_shell_common::perf: frust-perf raw n=1296 total_us=5362 rebuild_us=119 layout_us=0 paint_us=54 encode_us=28 acquire_us=129 submit_us=5030 skipped=0 gpu_q=1 gpu_total_us=707 gpu_prepass_us=0 gpu_main_us=707 gpu_composite_us=0 gpu_blit_us=0
frust_shell_common::perf: frust-perf raw n=1297 total_us=5498 rebuild_us=127 layout_us=0 paint_us=58 encode_us=29 acquire_us=143 submit_us=5137 skipped=0 gpu_q=1 gpu_total_us=710 gpu_prepass_us=0 gpu_main_us=710 gpu_composite_us=0 gpu_blit_us=0
frust_shell_common::perf: frust-perf raw n=1298 total_us=5382 rebuild_us=120 layout_us=0 paint_us=55 encode_us=26 acquire_us=134 submit_us=5045 skipped=0 gpu_q=1 gpu_total_us=759 gpu_prepass_us=0 gpu_main_us=759 gpu_composite_us=0 gpu_blit_us=0
frust_shell_common::perf: frust-perf raw n=1299 total_us=4414 rebuild_us=107 layout_us=0 paint_us=51 encode_us=28 acquire_us=118 submit_us=4108 skipped=0 gpu_q=1 gpu_total_us=705 gpu_prepass_us=0 gpu_main_us=705 gpu_composite_us=0 gpu_blit_us=0
frust_shell_common::perf: frust-perf raw n=1300 total_us=4539 rebuild_us=108 layout_us=0 paint_us=52 encode_us=26 acquire_us=117 submit_us=4233 skipped=0 gpu_q=1 gpu_total_us=714 gpu_prepass_us=0 gpu_main_us=714 gpu_composite_us=0 gpu_blit_us=0
frust_shell_common::perf: frust-perf raw n=1301 total_us=4449 rebuild_us=110 layout_us=0 paint_us=51 encode_us=27 acquire_us=150 submit_us=4108 skipped=0 gpu_q=1 gpu_total_us=706 gpu_prepass_us=0 gpu_main_us=706 gpu_composite_us=0 gpu_blit_us=0
frust_shell_common::perf: frust-perf raw n=1302 total_us=5246 rebuild_us=114 layout_us=0 paint_us=54 encode_us=30 acquire_us=137 submit_us=4908 skipped=0 gpu_q=1 gpu_total_us=702 gpu_prepass_us=0 gpu_main_us=702 gpu_composite_us=0 gpu_blit_us=0
frust_shell_common::perf: frust-perf raw n=1303 total_us=4444 rebuild_us=113 layout_us=0 paint_us=52 encode_us=26 acquire_us=123 submit_us=4128 skipped=0 gpu_q=1 gpu_total_us=703 gpu_prepass_us=0 gpu_main_us=703 gpu_composite_us=0 gpu_blit_us=0
frust_shell_common::perf: frust-perf raw n=1304 total_us=5424 rebuild_us=117 layout_us=0 paint_us=55 encode_us=29 acquire_us=124 submit_us=5096 skipped=0 gpu_q=1 gpu_total_us=706 gpu_prepass_us=0 gpu_main_us=706 gpu_composite_us=0 gpu_blit_us=0
frust_shell_common::perf: frust-perf raw n=1305 total_us=4221 rebuild_us=108 layout_us=0 paint_us=51 encode_us=23 acquire_us=110 submit_us=3927 skipped=0 gpu_q=1 gpu_total_us=705 gpu_prepass_us=0 gpu_main_us=705 gpu_composite_us=0 gpu_blit_us=0
frust_shell_common::perf: frust-perf raw n=1306 total_us=3528 rebuild_us=131 layout_us=0 paint_us=59 encode_us=23 acquire_us=193 submit_us=3119 skipped=0 gpu_q=1 gpu_total_us=707 gpu_prepass_us=0 gpu_main_us=707 gpu_composite_us=0 gpu_blit_us=0
frust_shell_common::perf: frust-perf raw n=1307 total_us=3370 rebuild_us=139 layout_us=0 paint_us=68 encode_us=16 acquire_us=91 submit_us=3054 skipped=0 gpu_q=1 gpu_total_us=707 gpu_prepass_us=0 gpu_main_us=707 gpu_composite_us=0 gpu_blit_us=0
frust_shell_common::perf: frust-perf raw n=1308 total_us=3285 rebuild_us=197 layout_us=0 paint_us=87 encode_us=16 acquire_us=111 submit_us=2872 skipped=0 gpu_q=1 gpu_total_us=706 gpu_prepass_us=0 gpu_main_us=706 gpu_composite_us=0 gpu_blit_us=0
frust_shell_common::perf: frust-perf raw n=1309 total_us=3536 rebuild_us=189 layout_us=0 paint_us=388 encode_us=14 acquire_us=102 submit_us=2842 skipped=0 gpu_q=1 gpu_total_us=709 gpu_prepass_us=0 gpu_main_us=709 gpu_composite_us=0 gpu_blit_us=0
frust_shell_android::app::frame: frust-perf platform-view tail depth=0 target=0 acquire_bound=false frame=1320 expected_present_us=0 acquire_us=117 period_us=8235
frust_shell_common::perf: frust-perf raw n=1310 total_us=3430 rebuild_us=197 layout_us=0 paint_us=93 encode_us=16 acquire_us=110 submit_us=3012 skipped=0 gpu_q=1 gpu_total_us=714 gpu_prepass_us=0 gpu_main_us=714 gpu_composite_us=0 gpu_blit_us=0
frust_shell_common::perf: frust-perf raw n=1311 total_us=3376 rebuild_us=193 layout_us=0 paint_us=91 encode_us=15 acquire_us=106 submit_us=2970 skipped=0 gpu_q=1 gpu_total_us=758 gpu_prepass_us=0 gpu_main_us=758 gpu_composite_us=0 gpu_blit_us=0
frust_shell_common::perf: frust-perf raw n=1312 total_us=3418 rebuild_us=188 layout_us=0 paint_us=91 encode_us=18 acquire_us=112 submit_us=3006 skipped=0 gpu_q=1 gpu_total_us=732 gpu_prepass_us=0 gpu_main_us=732 gpu_composite_us=0 gpu_blit_us=0
frust_shell_common::perf: frust-perf raw n=1313 total_us=3422 rebuild_us=195 layout_us=0 paint_us=86 encode_us=13 acquire_us=102 submit_us=3023 skipped=0 gpu_q=1 gpu_total_us=741 gpu_prepass_us=0 gpu_main_us=741 gpu_composite_us=0 gpu_blit_us=0
frust_shell_common::perf: frust-perf raw n=1314 total_us=3214 rebuild_us=180 layout_us=0 paint_us=84 encode_us=15 acquire_us=95 submit_us=2837 skipped=0 gpu_q=1 gpu_total_us=766 gpu_prepass_us=0 gpu_main_us=766 gpu_composite_us=0 gpu_blit_us=0
frust_shell_common::perf: frust-perf raw n=1315 total_us=3232 rebuild_us=181 layout_us=0 paint_us=84 encode_us=13 acquire_us=100 submit_us=2852 skipped=0 gpu_q=1 gpu_total_us=729 gpu_prepass_us=0 gpu_main_us=729 gpu_composite_us=0 gpu_blit_us=0
frust_shell_common::perf: frust-perf raw n=1316 total_us=3335 rebuild_us=194 layout_us=0 paint_us=90 encode_us=13 acquire_us=96 submit_us=2939 skipped=0 gpu_q=1 gpu_total_us=769 gpu_prepass_us=0 gpu_main_us=769 gpu_composite_us=0 gpu_blit_us=0
frust_shell_common::perf: frust-perf raw n=1317 total_us=3228 rebuild_us=185 layout_us=0 paint_us=84 encode_us=12 acquire_us=94 submit_us=2851 skipped=0 gpu_q=1 gpu_total_us=759 gpu_prepass_us=0 gpu_main_us=759 gpu_composite_us=0 gpu_blit_us=0
frust_shell_common::perf: frust-perf raw n=1318 total_us=3401 rebuild_us=194 layout_us=0 paint_us=89 encode_us=13 acquire_us=108 submit_us=2995 skipped=0 gpu_q=1 gpu_total_us=730 gpu_prepass_us=0 gpu_main_us=730 gpu_composite_us=0 gpu_blit_us=0
frust_shell_common::perf: frust-perf raw n=1319 total_us=3341 rebuild_us=186 layout_us=0 paint_us=85 encode_us=15 acquire_us=99 submit_us=2952 skipped=0 gpu_q=1 gpu_total_us=745 gpu_prepass_us=0 gpu_main_us=745 gpu_composite_us=0 gpu_blit_us=0
frust_engine::renderer: frust-perf enc n=1320 w=60 validate_us=5.6 prepare_us=3.2 classify_us=15.8 admit_us=0.4 walk_us=693.8 glyphs_us=296.5 finish_us=2.7 compile_us=721.4 schedule_us=4.5 paints_us=18.0 instances_us=62.3 resize_us=2.8 upload_us=259.4 replay_us=0.5 pipelines_us=21.3 record_us=39.6 total_us=1141.2 total_p95_us=1499.7 draws=46 strips=1073 alphas=28576 glyph_draws=36 atlas_glyphs=36
frust_shell_common::perf: frust-perf raw n=1320 total_us=3644 rebuild_us=191 layout_us=0 paint_us=86 encode_us=14 acquire_us=107 submit_us=3244 skipped=0 gpu_q=1 gpu_total_us=729 gpu_prepass_us=0 gpu_main_us=729 gpu_composite_us=0 gpu_blit_us=0
frust_shell_common::perf: frust-perf raw n=1321 total_us=3258 rebuild_us=193 layout_us=0 paint_us=88 encode_us=13 acquire_us=96 submit_us=2865 skipped=0 gpu_q=1 gpu_total_us=746 gpu_prepass_us=0 gpu_main_us=746 gpu_composite_us=0 gpu_blit_us=0
frust_shell_common::perf: frust-perf raw n=1322 total_us=3413 rebuild_us=202 layout_us=0 paint_us=96 encode_us=14 acquire_us=103 submit_us=2996 skipped=0 gpu_q=1 gpu_total_us=741 gpu_prepass_us=0 gpu_main_us=741 gpu_composite_us=0 gpu_blit_us=0
frust_shell_common::perf: frust-perf raw n=1323 total_us=3385 rebuild_us=198 layout_us=0 paint_us=103 encode_us=15 acquire_us=101 submit_us=2966 skipped=0 gpu_q=1 gpu_total_us=747 gpu_prepass_us=0 gpu_main_us=747 gpu_composite_us=0 gpu_blit_us=0
frust_shell_common::perf: frust-perf raw n=1324 total_us=3410 rebuild_us=191 layout_us=0 paint_us=92 encode_us=15 acquire_us=213 submit_us=2896 skipped=0 gpu_q=1 gpu_total_us=754 gpu_prepass_us=0 gpu_main_us=754 gpu_composite_us=0 gpu_blit_us=0
frust_shell_common::perf: frust-perf raw n=1325 total_us=3354 rebuild_us=187 layout_us=0 paint_us=93 encode_us=14 acquire_us=106 submit_us=2952 skipped=0 gpu_q=1 gpu_total_us=701 gpu_prepass_us=0 gpu_main_us=701 gpu_composite_us=0 gpu_blit_us=0
frust_shell_common::perf: frust-perf raw n=1326 total_us=3287 rebuild_us=186 layout_us=0 paint_us=248 encode_us=13 acquire_us=102 submit_us=2734 skipped=0 gpu_q=1 gpu_total_us=719 gpu_prepass_us=0 gpu_main_us=719 gpu_composite_us=0 gpu_blit_us=0
frust_shell_common::perf: frust-perf raw n=1327 total_us=3304 rebuild_us=188 layout_us=0 paint_us=94 encode_us=15 acquire_us=103 submit_us=2901 skipped=0 gpu_q=1 gpu_total_us=700 gpu_prepass_us=0 gpu_main_us=700 gpu_composite_us=0 gpu_blit_us=0
frust_shell_common::perf: frust-perf raw n=1328 total_us=3256 rebuild_us=191 layout_us=0 paint_us=89 encode_us=15 acquire_us=107 submit_us=2851 skipped=0 gpu_q=1 gpu_total_us=695 gpu_prepass_us=0 gpu_main_us=695 gpu_composite_us=0 gpu_blit_us=0
frust_shell_common::perf: frust-perf raw n=1329 total_us=3487 rebuild_us=196 layout_us=0 paint_us=94 encode_us=16 acquire_us=114 submit_us=3064 skipped=0 gpu_q=1 gpu_total_us=714 gpu_prepass_us=0 gpu_main_us=714 gpu_composite_us=0 gpu_blit_us=0
frust_shell_common::perf: frust-perf raw n=1330 total_us=3489 rebuild_us=195 layout_us=0 paint_us=95 encode_us=13 acquire_us=103 submit_us=3081 skipped=0 gpu_q=1 gpu_total_us=684 gpu_prepass_us=0 gpu_main_us=684 gpu_composite_us=0 gpu_blit_us=0
frust_shell_common::perf: frust-perf raw n=1331 total_us=3419 rebuild_us=198 layout_us=0 paint_us=91 encode_us=13 acquire_us=104 submit_us=3011 skipped=0 gpu_q=1 gpu_total_us=717 gpu_prepass_us=0 gpu_main_us=717 gpu_composite_us=0 gpu_blit_us=0
frust_shell_common::perf: frust-perf raw n=1332 total_us=3489 rebuild_us=196 layout_us=0 paint_us=97 encode_us=15 acquire_us=123 submit_us=3055 skipped=0 gpu_q=1 gpu_total_us=688 gpu_prepass_us=0 gpu_main_us=688 gpu_composite_us=0 gpu_blit_us=0
frust_shell_common::perf: frust-perf raw n=1333 total_us=3380 rebuild_us=191 layout_us=0 paint_us=95 encode_us=12 acquire_us=94 submit_us=2986 skipped=0 gpu_q=1 gpu_total_us=692 gpu_prepass_us=0 gpu_main_us=692 gpu_composite_us=0 gpu_blit_us=0
frust_shell_common::perf: frust-perf raw n=1334 total_us=3477 rebuild_us=204 layout_us=0 paint_us=94 encode_us=14 acquire_us=107 submit_us=3056 skipped=0 gpu_q=1 gpu_total_us=703 gpu_prepass_us=0 gpu_main_us=703 gpu_composite_us=0 gpu_blit_us=0
frust_shell_common::perf: frust-perf raw n=1335 total_us=3505 rebuild_us=189 layout_us=0 paint_us=84 encode_us=13 acquire_us=103 submit_us=3114 skipped=0 gpu_q=1 gpu_total_us=695 gpu_prepass_us=0 gpu_main_us=695 gpu_composite_us=0 gpu_blit_us=0
frust_shell_common::perf: frust-perf raw n=1336 total_us=3353 rebuild_us=185 layout_us=0 paint_us=91 encode_us=15 acquire_us=100 submit_us=2959 skipped=0 gpu_q=1 gpu_total_us=693 gpu_prepass_us=0 gpu_main_us=693 gpu_composite_us=0 gpu_blit_us=0
frust_shell_common::perf: frust-perf raw n=1337 total_us=3512 rebuild_us=179 layout_us=0 paint_us=94 encode_us=13 acquire_us=92 submit_us=3131 skipped=0 gpu_q=1 gpu_total_us=709 gpu_prepass_us=0 gpu_main_us=709 gpu_composite_us=0 gpu_blit_us=0
frust_shell_common::perf: frust-perf raw n=1338 total_us=3372 rebuild_us=185 layout_us=0 paint_us=86 encode_us=14 acquire_us=108 submit_us=2977 skipped=0 gpu_q=1 gpu_total_us=722 gpu_prepass_us=0 gpu_main_us=722 gpu_composite_us=0 gpu_blit_us=0
frust_shell_common::perf: frust-perf raw n=1339 total_us=3477 rebuild_us=193 layout_us=0 paint_us=95 encode_us=16 acquire_us=109 submit_us=3062 skipped=0 gpu_q=1 gpu_total_us=718 gpu_prepass_us=0 gpu_main_us=718 gpu_composite_us=0 gpu_blit_us=0
frust_shell_common::perf: frust-perf raw n=1340 total_us=3305 rebuild_us=186 layout_us=0 paint_us=85 encode_us=16 acquire_us=95 submit_us=2920 skipped=0 gpu_q=1 gpu_total_us=694 gpu_prepass_us=0 gpu_main_us=694 gpu_composite_us=0 gpu_blit_us=0
frust_shell_common::perf: frust-perf raw n=1341 total_us=3464 rebuild_us=181 layout_us=0 paint_us=89 encode_us=12 acquire_us=105 submit_us=3075 skipped=0 gpu_q=1 gpu_total_us=721 gpu_prepass_us=0 gpu_main_us=721 gpu_composite_us=0 gpu_blit_us=0
frust_shell_common::perf: frust-perf raw n=1342 total_us=5963 rebuild_us=188 layout_us=0 paint_us=87 encode_us=38 acquire_us=211 submit_us=5436 skipped=0 gpu_q=1 gpu_total_us=692 gpu_prepass_us=0 gpu_main_us=692 gpu_composite_us=0 gpu_blit_us=0
frust_shell_common::perf: frust-perf raw n=1343 total_us=4221 rebuild_us=156 layout_us=0 paint_us=234 encode_us=20 acquire_us=107 submit_us=3701 skipped=0 gpu_q=1 gpu_total_us=723 gpu_prepass_us=0 gpu_main_us=723 gpu_composite_us=0 gpu_blit_us=0
frust_shell_common::perf: frust-perf raw n=1344 total_us=4787 rebuild_us=113 layout_us=0 paint_us=50 encode_us=24 acquire_us=120 submit_us=4478 skipped=0 gpu_q=1 gpu_total_us=695 gpu_prepass_us=0 gpu_main_us=695 gpu_composite_us=0 gpu_blit_us=0
frust_shell_common::perf: frust-perf raw n=1345 total_us=4378 rebuild_us=155 layout_us=0 paint_us=51 encode_us=28 acquire_us=122 submit_us=4019 skipped=0 gpu_q=1 gpu_total_us=688 gpu_prepass_us=0 gpu_main_us=688 gpu_composite_us=0 gpu_blit_us=0
frust_shell_common::perf: frust-perf raw n=1346 total_us=4110 rebuild_us=101 layout_us=0 paint_us=52 encode_us=23 acquire_us=106 submit_us=3825 skipped=0 gpu_q=1 gpu_total_us=668 gpu_prepass_us=0 gpu_main_us=668 gpu_composite_us=0 gpu_blit_us=0
frust_shell_common::perf: frust-perf raw n=1347 total_us=3247 rebuild_us=124 layout_us=0 paint_us=59 encode_us=22 acquire_us=149 submit_us=2891 skipped=0 gpu_q=1 gpu_total_us=666 gpu_prepass_us=0 gpu_main_us=666 gpu_composite_us=0 gpu_blit_us=0
frust_shell_common::perf: frust-perf raw n=1348 total_us=3477 rebuild_us=189 layout_us=0 paint_us=84 encode_us=16 acquire_us=112 submit_us=3074 skipped=0 gpu_q=1 gpu_total_us=665 gpu_prepass_us=0 gpu_main_us=665 gpu_composite_us=0 gpu_blit_us=0
frust_shell_common::perf: frust-perf raw n=1349 total_us=3414 rebuild_us=189 layout_us=0 paint_us=89 encode_us=17 acquire_us=100 submit_us=3016 skipped=0 gpu_q=1 gpu_total_us=666 gpu_prepass_us=0 gpu_main_us=666 gpu_composite_us=0 gpu_blit_us=0
frust_shell_common::perf: frust-perf raw n=1350 total_us=3361 rebuild_us=192 layout_us=0 paint_us=90 encode_us=15 acquire_us=109 submit_us=2953 skipped=0 gpu_q=1 gpu_total_us=717 gpu_prepass_us=0 gpu_main_us=717 gpu_composite_us=0 gpu_blit_us=0
frust_shell_common::perf: frust-perf raw n=1351 total_us=3389 rebuild_us=188 layout_us=0 paint_us=91 encode_us=14 acquire_us=104 submit_us=2990 skipped=0 gpu_q=1 gpu_total_us=683 gpu_prepass_us=0 gpu_main_us=683 gpu_composite_us=0 gpu_blit_us=0
frust_shell_common::perf: frust-perf raw n=1352 total_us=3363 rebuild_us=192 layout_us=0 paint_us=91 encode_us=15 acquire_us=103 submit_us=2959 skipped=0 gpu_q=1 gpu_total_us=706 gpu_prepass_us=0 gpu_main_us=706 gpu_composite_us=0 gpu_blit_us=0
frust_shell_common::perf: frust-perf raw n=1353 total_us=3373 rebuild_us=188 layout_us=0 paint_us=97 encode_us=16 acquire_us=111 submit_us=2959 skipped=0 gpu_q=1 gpu_total_us=711 gpu_prepass_us=0 gpu_main_us=711 gpu_composite_us=0 gpu_blit_us=0
frust_shell_common::perf: frust-perf raw n=1354 total_us=3435 rebuild_us=198 layout_us=0 paint_us=93 encode_us=16 acquire_us=103 submit_us=3023 skipped=0 gpu_q=1 gpu_total_us=694 gpu_prepass_us=0 gpu_main_us=694 gpu_composite_us=0 gpu_blit_us=0
frust_shell_common::perf: frust-perf raw n=1355 total_us=3385 rebuild_us=192 layout_us=0 paint_us=93 encode_us=14 acquire_us=103 submit_us=2981 skipped=0 gpu_q=1 gpu_total_us=702 gpu_prepass_us=0 gpu_main_us=702 gpu_composite_us=0 gpu_blit_us=0
frust_shell_common::perf: frust-perf raw n=1356 total_us=3338 rebuild_us=192 layout_us=0 paint_us=88 encode_us=14 acquire_us=104 submit_us=2939 skipped=0 gpu_q=1 gpu_total_us=693 gpu_prepass_us=0 gpu_main_us=693 gpu_composite_us=0 gpu_blit_us=0
frust_shell_common::perf: frust-perf raw n=1357 total_us=3422 rebuild_us=202 layout_us=0 paint_us=95 encode_us=14 acquire_us=105 submit_us=3004 skipped=0 gpu_q=1 gpu_total_us=693 gpu_prepass_us=0 gpu_main_us=693 gpu_composite_us=0 gpu_blit_us=0
frust_shell_common::perf: frust-perf raw n=1358 total_us=3539 rebuild_us=196 layout_us=0 paint_us=272 encode_us=18 acquire_us=107 submit_us=2941 skipped=0 gpu_q=1 gpu_total_us=706 gpu_prepass_us=0 gpu_main_us=706 gpu_composite_us=0 gpu_blit_us=0
frust_shell_common::perf: frust-perf raw n=1359 total_us=3175 rebuild_us=185 layout_us=0 paint_us=87 encode_us=15 acquire_us=131 submit_us=2755 skipped=0 gpu_q=1 gpu_total_us=705 gpu_prepass_us=0 gpu_main_us=705 gpu_composite_us=0 gpu_blit_us=0
frust_shell_common::perf: frust-perf raw n=1360 total_us=3442 rebuild_us=304 layout_us=0 paint_us=94 encode_us=16 acquire_us=106 submit_us=2919 skipped=0 gpu_q=1 gpu_total_us=697 gpu_prepass_us=0 gpu_main_us=697 gpu_composite_us=0 gpu_blit_us=0
frust_shell_common::perf: frust-perf raw n=1361 total_us=3323 rebuild_us=202 layout_us=0 paint_us=97 encode_us=15 acquire_us=115 submit_us=2891 skipped=0 gpu_q=1 gpu_total_us=705 gpu_prepass_us=0 gpu_main_us=705 gpu_composite_us=0 gpu_blit_us=0
frust_shell_common::perf: frust-perf raw n=1362 total_us=3288 rebuild_us=194 layout_us=0 paint_us=88 encode_us=17 acquire_us=102 submit_us=2885 skipped=0 gpu_q=1 gpu_total_us=678 gpu_prepass_us=0 gpu_main_us=678 gpu_composite_us=0 gpu_blit_us=0
frust_shell_common::perf: frust-perf raw n=1363 total_us=3500 rebuild_us=192 layout_us=0 paint_us=91 encode_us=14 acquire_us=106 submit_us=3094 skipped=0 gpu_q=1 gpu_total_us=705 gpu_prepass_us=0 gpu_main_us=705 gpu_composite_us=0 gpu_blit_us=0
frust_shell_common::perf: frust-perf raw n=1364 total_us=3293 rebuild_us=184 layout_us=0 paint_us=89 encode_us=14 acquire_us=98 submit_us=2906 skipped=0 gpu_q=1 gpu_total_us=718 gpu_prepass_us=0 gpu_main_us=718 gpu_composite_us=0 gpu_blit_us=0
frust_shell_common::perf: frust-perf raw n=1365 total_us=3428 rebuild_us=196 layout_us=0 paint_us=93 encode_us=15 acquire_us=108 submit_us=3013 skipped=0 gpu_q=1 gpu_total_us=699 gpu_prepass_us=0 gpu_main_us=699 gpu_composite_us=0 gpu_blit_us=0
frust_shell_common::perf: frust-perf raw n=1366 total_us=3314 rebuild_us=192 layout_us=0 paint_us=89 encode_us=17 acquire_us=101 submit_us=2913 skipped=0 gpu_q=1 gpu_total_us=684 gpu_prepass_us=0 gpu_main_us=684 gpu_composite_us=0 gpu_blit_us=0
frust_shell_common::perf: frust-perf raw n=1367 total_us=7090 rebuild_us=181 layout_us=0 paint_us=86 encode_us=37 acquire_us=207 submit_us=6577 skipped=0 gpu_q=1 gpu_total_us=699 gpu_prepass_us=0 gpu_main_us=699 gpu_composite_us=0 gpu_blit_us=0
frust_shell_common::perf: frust-perf raw n=1368 total_us=4201 rebuild_us=115 layout_us=0 paint_us=54 encode_us=22 acquire_us=124 submit_us=3883 skipped=0 gpu_q=1 gpu_total_us=701 gpu_prepass_us=0 gpu_main_us=701 gpu_composite_us=0 gpu_blit_us=0
frust_shell_common::perf: frust-perf raw n=1369 total_us=4178 rebuild_us=110 layout_us=0 paint_us=53 encode_us=23 acquire_us=145 submit_us=3846 skipped=0 gpu_q=1 gpu_total_us=713 gpu_prepass_us=0 gpu_main_us=713 gpu_composite_us=0 gpu_blit_us=0
frust_shell_common::perf: frust-perf raw n=1370 total_us=4624 rebuild_us=120 layout_us=0 paint_us=56 encode_us=27 acquire_us=112 submit_us=4308 skipped=0 gpu_q=1 gpu_total_us=703 gpu_prepass_us=0 gpu_main_us=703 gpu_composite_us=0 gpu_blit_us=0
frust_shell_common::perf: frust-perf raw n=1371 total_us=5856 rebuild_us=118 layout_us=0 paint_us=56 encode_us=29 acquire_us=128 submit_us=5522 skipped=0 gpu_q=1 gpu_total_us=665 gpu_prepass_us=0 gpu_main_us=665 gpu_composite_us=0 gpu_blit_us=0
frust_shell_common::perf: frust-perf raw n=1372 total_us=4630 rebuild_us=115 layout_us=0 paint_us=55 encode_us=29 acquire_us=126 submit_us=4303 skipped=0 gpu_q=1 gpu_total_us=668 gpu_prepass_us=0 gpu_main_us=668 gpu_composite_us=0 gpu_blit_us=0
frust_shell_common::perf: frust-perf raw n=1373 total_us=4604 rebuild_us=117 layout_us=0 paint_us=57 encode_us=26 acquire_us=153 submit_us=4250 skipped=0 gpu_q=1 gpu_total_us=718 gpu_prepass_us=0 gpu_main_us=718 gpu_composite_us=0 gpu_blit_us=0
frust_shell_common::perf: frust-perf raw n=1374 total_us=4016 rebuild_us=107 layout_us=0 paint_us=47 encode_us=23 acquire_us=115 submit_us=3721 skipped=0 gpu_q=1 gpu_total_us=671 gpu_prepass_us=0 gpu_main_us=671 gpu_composite_us=0 gpu_blit_us=0
frust_shell_common::perf: frust-perf raw n=1375 total_us=4358 rebuild_us=97 layout_us=0 paint_us=46 encode_us=24 acquire_us=114 submit_us=4075 skipped=0 gpu_q=1 gpu_total_us=677 gpu_prepass_us=0 gpu_main_us=677 gpu_composite_us=0 gpu_blit_us=0
frust_shell_common::perf: frust-perf raw n=1376 total_us=5796 rebuild_us=122 layout_us=0 paint_us=89 encode_us=28 acquire_us=131 submit_us=5425 skipped=0 gpu_q=1 gpu_total_us=661 gpu_prepass_us=0 gpu_main_us=661 gpu_composite_us=0 gpu_blit_us=0
frust_shell_common::perf: frust-perf raw n=1377 total_us=5442 rebuild_us=112 layout_us=0 paint_us=53 encode_us=22 acquire_us=239 submit_us=5013 skipped=0 gpu_q=1 gpu_total_us=663 gpu_prepass_us=0 gpu_main_us=663 gpu_composite_us=0 gpu_blit_us=0
frust_shell_common::perf: frust-perf raw n=1378 total_us=5185 rebuild_us=110 layout_us=0 paint_us=110 encode_us=28 acquire_us=133 submit_us=4802 skipped=0 gpu_q=1 gpu_total_us=722 gpu_prepass_us=0 gpu_main_us=722 gpu_composite_us=0 gpu_blit_us=0
frust_shell_common::perf: frust-perf raw n=1379 total_us=5269 rebuild_us=123 layout_us=0 paint_us=61 encode_us=26 acquire_us=136 submit_us=4920 skipped=0 gpu_q=1 gpu_total_us=665 gpu_prepass_us=0 gpu_main_us=665 gpu_composite_us=0 gpu_blit_us=0
frust_engine::renderer: frust-perf enc n=1380 w=60 validate_us=3.6 prepare_us=3.4 classify_us=12.4 admit_us=0.3 walk_us=506.9 glyphs_us=217.1 finish_us=2.6 compile_us=530.1 schedule_us=3.8 paints_us=13.7 instances_us=30.3 resize_us=3.0 upload_us=210.3 replay_us=0.3 pipelines_us=17.5 record_us=31.2 total_us=846.1 total_p95_us=1503.1 draws=46 strips=1073 alphas=28576 glyph_draws=36 atlas_glyphs=36
frust_shell_common::perf: frust-perf raw n=1380 total_us=5617 rebuild_us=112 layout_us=0 paint_us=53 encode_us=24 acquire_us=132 submit_us=5294 skipped=0 gpu_q=1 gpu_total_us=669 gpu_prepass_us=0 gpu_main_us=669 gpu_composite_us=0 gpu_blit_us=0
frust_shell_common::perf: frust-perf raw n=1381 total_us=4274 rebuild_us=110 layout_us=0 paint_us=52 encode_us=22 acquire_us=125 submit_us=3963 skipped=0 gpu_q=1 gpu_total_us=665 gpu_prepass_us=0 gpu_main_us=665 gpu_composite_us=0 gpu_blit_us=0
frust_shell_common::perf: frust-perf raw n=1382 total_us=4627 rebuild_us=119 layout_us=0 paint_us=55 encode_us=27 acquire_us=122 submit_us=4301 skipped=0 gpu_q=1 gpu_total_us=663 gpu_prepass_us=0 gpu_main_us=663 gpu_composite_us=0 gpu_blit_us=0
frust_shell_common::perf: frust-perf raw n=1383 total_us=4605 rebuild_us=115 layout_us=0 paint_us=53 encode_us=27 acquire_us=129 submit_us=4278 skipped=0 gpu_q=1 gpu_total_us=670 gpu_prepass_us=0 gpu_main_us=670 gpu_composite_us=0 gpu_blit_us=0
frust_shell_common::perf: frust-perf raw n=1384 total_us=5163 rebuild_us=123 layout_us=0 paint_us=60 encode_us=32 acquire_us=130 submit_us=4815 skipped=0 gpu_q=1 gpu_total_us=773 gpu_prepass_us=0 gpu_main_us=773 gpu_composite_us=0 gpu_blit_us=0
frust_shell_common::perf: frust-perf raw n=1385 total_us=4444 rebuild_us=115 layout_us=0 paint_us=60 encode_us=25 acquire_us=120 submit_us=4122 skipped=0 gpu_q=1 gpu_total_us=698 gpu_prepass_us=0 gpu_main_us=698 gpu_composite_us=0 gpu_blit_us=0
frust_shell_common::perf: frust-perf raw n=1386 total_us=3257 rebuild_us=100 layout_us=0 paint_us=46 encode_us=19 acquire_us=160 submit_us=2929 skipped=0 gpu_q=1 gpu_total_us=680 gpu_prepass_us=0 gpu_main_us=680 gpu_composite_us=0 gpu_blit_us=0
frust_shell_common::perf: frust-perf raw n=1387 total_us=3363 rebuild_us=183 layout_us=0 paint_us=84 encode_us=15 acquire_us=95 submit_us=2983 skipped=0 gpu_q=1 gpu_total_us=679 gpu_prepass_us=0 gpu_main_us=679 gpu_composite_us=0 gpu_blit_us=0
frust_shell_common::perf: frust-perf raw n=1388 total_us=3499 rebuild_us=193 layout_us=0 paint_us=95 encode_us=15 acquire_us=109 submit_us=3084 skipped=0 gpu_q=1 gpu_total_us=696 gpu_prepass_us=0 gpu_main_us=696 gpu_composite_us=0 gpu_blit_us=0
frust_shell_common::perf: frust-perf raw n=1389 total_us=3439 rebuild_us=187 layout_us=0 paint_us=91 encode_us=15 acquire_us=113 submit_us=3031 skipped=0 gpu_q=1 gpu_total_us=686 gpu_prepass_us=0 gpu_main_us=686 gpu_composite_us=0 gpu_blit_us=0
frust_shell_common::perf: frust-perf raw n=1390 total_us=3466 rebuild_us=200 layout_us=0 paint_us=91 encode_us=15 acquire_us=109 submit_us=3049 skipped=0 gpu_q=1 gpu_total_us=707 gpu_prepass_us=0 gpu_main_us=707 gpu_composite_us=0 gpu_blit_us=0
frust_shell_common::perf: frust-perf raw n=1391 total_us=3280 rebuild_us=182 layout_us=0 paint_us=83 encode_us=14 acquire_us=97 submit_us=2902 skipped=0 gpu_q=1 gpu_total_us=740 gpu_prepass_us=0 gpu_main_us=740 gpu_composite_us=0 gpu_blit_us=0
frust_shell_common::perf: frust-perf raw n=1392 total_us=3345 rebuild_us=180 layout_us=0 paint_us=84 encode_us=16 acquire_us=106 submit_us=2956 skipped=0 gpu_q=1 gpu_total_us=745 gpu_prepass_us=0 gpu_main_us=745 gpu_composite_us=0 gpu_blit_us=0
frust_shell_common::perf: frust-perf raw n=1393 total_us=3285 rebuild_us=184 layout_us=0 paint_us=86 encode_us=14 acquire_us=108 submit_us=2890 skipped=0 gpu_q=1 gpu_total_us=710 gpu_prepass_us=0 gpu_main_us=710 gpu_composite_us=0 gpu_blit_us=0
frust_shell_common::perf: frust-perf raw n=1394 total_us=3133 rebuild_us=163 layout_us=0 paint_us=129 encode_us=14 acquire_us=96 submit_us=2729 skipped=0 gpu_q=1 gpu_total_us=748 gpu_prepass_us=0 gpu_main_us=748 gpu_composite_us=0 gpu_blit_us=0
frust_shell_common::perf: frust-perf raw n=1395 total_us=3183 rebuild_us=184 layout_us=0 paint_us=82 encode_us=14 acquire_us=105 submit_us=2795 skipped=0 gpu_q=1 gpu_total_us=696 gpu_prepass_us=0 gpu_main_us=696 gpu_composite_us=0 gpu_blit_us=0
frust_shell_common::perf: frust-perf raw n=1396 total_us=3218 rebuild_us=173 layout_us=0 paint_us=79 encode_us=15 acquire_us=101 submit_us=2847 skipped=0 gpu_q=1 gpu_total_us=728 gpu_prepass_us=0 gpu_main_us=728 gpu_composite_us=0 gpu_blit_us=0
frust_shell_common::perf: frust-perf raw n=1397 total_us=3154 rebuild_us=181 layout_us=0 paint_us=96 encode_us=14 acquire_us=95 submit_us=2765 skipped=0 gpu_q=1 gpu_total_us=731 gpu_prepass_us=0 gpu_main_us=731 gpu_composite_us=0 gpu_blit_us=0
frust_shell_common::perf: frust-perf raw n=1398 total_us=7228 rebuild_us=182 layout_us=0 paint_us=87 encode_us=47 acquire_us=219 submit_us=6691 skipped=0 gpu_q=1 gpu_total_us=716 gpu_prepass_us=0 gpu_main_us=716 gpu_composite_us=0 gpu_blit_us=0
frust_shell_common::perf: frust-perf raw n=1399 total_us=4920 rebuild_us=125 layout_us=0 paint_us=86 encode_us=27 acquire_us=122 submit_us=4558 skipped=0 gpu_q=1 gpu_total_us=719 gpu_prepass_us=0 gpu_main_us=719 gpu_composite_us=0 gpu_blit_us=0
frust_shell_common::perf: frust-perf raw n=1400 total_us=4293 rebuild_us=111 layout_us=0 paint_us=52 encode_us=28 acquire_us=122 submit_us=3979 skipped=0 gpu_q=1 gpu_total_us=702 gpu_prepass_us=0 gpu_main_us=702 gpu_composite_us=0 gpu_blit_us=0
frust_shell_common::perf: frust-perf raw n=1401 total_us=4389 rebuild_us=95 layout_us=0 paint_us=46 encode_us=21 acquire_us=114 submit_us=4110 skipped=0 gpu_q=1 gpu_total_us=704 gpu_prepass_us=0 gpu_main_us=704 gpu_composite_us=0 gpu_blit_us=0
frust_shell_common::perf: frust-perf raw n=1402 total_us=4500 rebuild_us=110 layout_us=0 paint_us=51 encode_us=27 acquire_us=121 submit_us=4188 skipped=0 gpu_q=1 gpu_total_us=688 gpu_prepass_us=0 gpu_main_us=688 gpu_composite_us=0 gpu_blit_us=0
frust_shell_common::perf: frust-perf raw n=1403 total_us=4837 rebuild_us=114 layout_us=0 paint_us=53 encode_us=27 acquire_us=127 submit_us=4513 skipped=0 gpu_q=1 gpu_total_us=687 gpu_prepass_us=0 gpu_main_us=687 gpu_composite_us=0 gpu_blit_us=0
frust_shell_common::perf: frust-perf raw n=1404 total_us=3427 rebuild_us=116 layout_us=0 paint_us=51 encode_us=23 acquire_us=170 submit_us=3065 skipped=0 gpu_q=1 gpu_total_us=681 gpu_prepass_us=0 gpu_main_us=681 gpu_composite_us=0 gpu_blit_us=0
frust_shell_common::perf: frust-perf raw n=1405 total_us=3394 rebuild_us=161 layout_us=0 paint_us=72 encode_us=15 acquire_us=100 submit_us=3044 skipped=0 gpu_q=1 gpu_total_us=685 gpu_prepass_us=0 gpu_main_us=685 gpu_composite_us=0 gpu_blit_us=0
frust_shell_common::perf: frust-perf raw n=1406 total_us=3414 rebuild_us=181 layout_us=0 paint_us=85 encode_us=15 acquire_us=98 submit_us=3033 skipped=0 gpu_q=1 gpu_total_us=685 gpu_prepass_us=0 gpu_main_us=685 gpu_composite_us=0 gpu_blit_us=0
frust_shell_common::perf: frust-perf raw n=1407 total_us=5734 rebuild_us=178 layout_us=0 paint_us=81 encode_us=33 acquire_us=207 submit_us=5233 skipped=0 gpu_q=1 gpu_total_us=681 gpu_prepass_us=0 gpu_main_us=681 gpu_composite_us=0 gpu_blit_us=0
frust_shell_common::perf: frust-perf raw n=1408 total_us=5298 rebuild_us=155 layout_us=0 paint_us=74 encode_us=38 acquire_us=198 submit_us=4831 skipped=0 gpu_q=1 gpu_total_us=719 gpu_prepass_us=0 gpu_main_us=719 gpu_composite_us=0 gpu_blit_us=0
frust_shell_common::perf: frust-perf raw n=1409 total_us=4574 rebuild_us=105 layout_us=0 paint_us=52 encode_us=21 acquire_us=100 submit_us=4294 skipped=0 gpu_q=1 gpu_total_us=728 gpu_prepass_us=0 gpu_main_us=728 gpu_composite_us=0 gpu_blit_us=0
frust_shell_common::perf: frust-perf raw n=1410 total_us=5080 rebuild_us=140 layout_us=0 paint_us=64 encode_us=31 acquire_us=138 submit_us=4703 skipped=0 gpu_q=1 gpu_total_us=696 gpu_prepass_us=0 gpu_main_us=696 gpu_composite_us=0 gpu_blit_us=0
frust_shell_common::perf: frust-perf raw n=1411 total_us=5927 rebuild_us=120 layout_us=0 paint_us=59 encode_us=26 acquire_us=111 submit_us=5609 skipped=0 gpu_q=1 gpu_total_us=682 gpu_prepass_us=0 gpu_main_us=682 gpu_composite_us=0 gpu_blit_us=0
frust_shell_common::perf: frust-perf raw n=1412 total_us=4409 rebuild_us=130 layout_us=0 paint_us=119 encode_us=26 acquire_us=118 submit_us=4013 skipped=0 gpu_q=1 gpu_total_us=683 gpu_prepass_us=0 gpu_main_us=683 gpu_composite_us=0 gpu_blit_us=0
frust_shell_common::perf: frust-perf raw n=1413 total_us=4624 rebuild_us=174 layout_us=0 paint_us=55 encode_us=26 acquire_us=117 submit_us=4249 skipped=0 gpu_q=1 gpu_total_us=682 gpu_prepass_us=0 gpu_main_us=682 gpu_composite_us=0 gpu_blit_us=0
frust_shell_common::perf: frust-perf raw n=1414 total_us=3022 rebuild_us=119 layout_us=0 paint_us=54 encode_us=19 acquire_us=147 submit_us=2681 skipped=0 gpu_q=1 gpu_total_us=705 gpu_prepass_us=0 gpu_main_us=705 gpu_composite_us=0 gpu_blit_us=0
frust_shell_common::perf: frust-perf raw n=1415 total_us=3387 rebuild_us=183 layout_us=0 paint_us=82 encode_us=16 acquire_us=107 submit_us=2997 skipped=0 gpu_q=1 gpu_total_us=672 gpu_prepass_us=0 gpu_main_us=672 gpu_composite_us=0 gpu_blit_us=0
frust_shell_common::perf: frust-perf raw n=1416 total_us=3332 rebuild_us=180 layout_us=0 paint_us=87 encode_us=13 acquire_us=105 submit_us=2945 skipped=0 gpu_q=1 gpu_total_us=673 gpu_prepass_us=0 gpu_main_us=673 gpu_composite_us=0 gpu_blit_us=0
frust_shell_common::perf: frust-perf raw n=1417 total_us=3212 rebuild_us=182 layout_us=0 paint_us=90 encode_us=13 acquire_us=94 submit_us=2831 skipped=0 gpu_q=1 gpu_total_us=676 gpu_prepass_us=0 gpu_main_us=676 gpu_composite_us=0 gpu_blit_us=0
frust_shell_common::perf: frust-perf raw n=1418 total_us=3235 rebuild_us=164 layout_us=0 paint_us=76 encode_us=16 acquire_us=104 submit_us=2872 skipped=0 gpu_q=1 gpu_total_us=696 gpu_prepass_us=0 gpu_main_us=696 gpu_composite_us=0 gpu_blit_us=0
frust_shell_common::perf: frust-perf raw n=1419 total_us=3103 rebuild_us=156 layout_us=0 paint_us=75 encode_us=13 acquire_us=100 submit_us=2757 skipped=0 gpu_q=1 gpu_total_us=711 gpu_prepass_us=0 gpu_main_us=711 gpu_composite_us=0 gpu_blit_us=0
frust_shell_common::perf: frust-perf raw n=1420 total_us=3380 rebuild_us=183 layout_us=0 paint_us=83 encode_us=18 acquire_us=114 submit_us=2979 skipped=0 gpu_q=1 gpu_total_us=692 gpu_prepass_us=0 gpu_main_us=692 gpu_composite_us=0 gpu_blit_us=0
frust_shell_common::perf: frust-perf raw n=1421 total_us=3348 rebuild_us=193 layout_us=0 paint_us=87 encode_us=14 acquire_us=99 submit_us=2953 skipped=0 gpu_q=1 gpu_total_us=720 gpu_prepass_us=0 gpu_main_us=720 gpu_composite_us=0 gpu_blit_us=0
frust_shell_common::perf: frust-perf raw n=1422 total_us=3342 rebuild_us=193 layout_us=0 paint_us=90 encode_us=13 acquire_us=104 submit_us=2940 skipped=0 gpu_q=1 gpu_total_us=704 gpu_prepass_us=0 gpu_main_us=704 gpu_composite_us=0 gpu_blit_us=0
frust_shell_common::perf: frust-perf raw n=1423 total_us=3396 rebuild_us=193 layout_us=0 paint_us=87 encode_us=15 acquire_us=109 submit_us=2990 skipped=0 gpu_q=1 gpu_total_us=695 gpu_prepass_us=0 gpu_main_us=695 gpu_composite_us=0 gpu_blit_us=0
frust_shell_common::perf: frust-perf raw n=1424 total_us=3360 rebuild_us=188 layout_us=0 paint_us=88 encode_us=12 acquire_us=100 submit_us=2970 skipped=0 gpu_q=1 gpu_total_us=701 gpu_prepass_us=0 gpu_main_us=701 gpu_composite_us=0 gpu_blit_us=0
frust_shell_common::perf: frust-perf raw n=1425 total_us=3355 rebuild_us=187 layout_us=0 paint_us=87 encode_us=14 acquire_us=102 submit_us=2963 skipped=0 gpu_q=1 gpu_total_us=683 gpu_prepass_us=0 gpu_main_us=683 gpu_composite_us=0 gpu_blit_us=0
frust_shell_common::perf: frust-perf raw n=1426 total_us=3179 rebuild_us=186 layout_us=0 paint_us=89 encode_us=14 acquire_us=95 submit_us=2793 skipped=0 gpu_q=1 gpu_total_us=678 gpu_prepass_us=0 gpu_main_us=678 gpu_composite_us=0 gpu_blit_us=0
frust_shell_common::perf: frust-perf raw n=1427 total_us=3279 rebuild_us=177 layout_us=0 paint_us=84 encode_us=14 acquire_us=105 submit_us=2896 skipped=0 gpu_q=1 gpu_total_us=712 gpu_prepass_us=0 gpu_main_us=712 gpu_composite_us=0 gpu_blit_us=0
frust_shell_common::perf: frust-perf raw n=1428 total_us=3348 rebuild_us=241 layout_us=0 paint_us=97 encode_us=14 acquire_us=109 submit_us=2884 skipped=0 gpu_q=1 gpu_total_us=686 gpu_prepass_us=0 gpu_main_us=686 gpu_composite_us=0 gpu_blit_us=0
frust_shell_common::perf: frust-perf raw n=1429 total_us=3267 rebuild_us=187 layout_us=0 paint_us=92 encode_us=14 acquire_us=105 submit_us=2867 skipped=0 gpu_q=1 gpu_total_us=703 gpu_prepass_us=0 gpu_main_us=703 gpu_composite_us=0 gpu_blit_us=0
frust_shell_android::app::frame: frust-perf platform-view tail depth=0 target=0 acquire_bound=false frame=1440 expected_present_us=0 acquire_us=103 period_us=8234
frust_shell_common::perf: frust-perf raw n=1430 total_us=3477 rebuild_us=190 layout_us=0 paint_us=88 encode_us=16 acquire_us=102 submit_us=3079 skipped=0 gpu_q=1 gpu_total_us=691 gpu_prepass_us=0 gpu_main_us=691 gpu_composite_us=0 gpu_blit_us=0
frust_shell_common::perf: frust-perf raw n=1431 total_us=3445 rebuild_us=185 layout_us=0 paint_us=86 encode_us=18 acquire_us=105 submit_us=3049 skipped=0 gpu_q=1 gpu_total_us=706 gpu_prepass_us=0 gpu_main_us=706 gpu_composite_us=0 gpu_blit_us=0
frust_shell_common::perf: frust-perf raw n=1432 total_us=3452 rebuild_us=185 layout_us=0 paint_us=85 encode_us=15 acquire_us=105 submit_us=3060 skipped=0 gpu_q=1 gpu_total_us=677 gpu_prepass_us=0 gpu_main_us=677 gpu_composite_us=0 gpu_blit_us=0
frust_shell_common::perf: frust-perf raw n=1433 total_us=3323 rebuild_us=173 layout_us=0 paint_us=91 encode_us=14 acquire_us=95 submit_us=2949 skipped=0 gpu_q=1 gpu_total_us=693 gpu_prepass_us=0 gpu_main_us=693 gpu_composite_us=0 gpu_blit_us=0
frust_shell_common::perf: frust-perf raw n=1434 total_us=3330 rebuild_us=201 layout_us=0 paint_us=91 encode_us=12 acquire_us=107 submit_us=2916 skipped=0 gpu_q=1 gpu_total_us=724 gpu_prepass_us=0 gpu_main_us=724 gpu_composite_us=0 gpu_blit_us=0
frust_shell_common::perf: frust-perf raw n=1435 total_us=7714 rebuild_us=187 layout_us=0 paint_us=91 encode_us=40 acquire_us=166 submit_us=7228 skipped=0 gpu_q=1 gpu_total_us=683 gpu_prepass_us=0 gpu_main_us=683 gpu_composite_us=0 gpu_blit_us=0
frust_shell_common::perf: frust-perf raw n=1436 total_us=3627 rebuild_us=168 layout_us=0 paint_us=84 encode_us=28 acquire_us=183 submit_us=3162 skipped=0 gpu_q=1 gpu_total_us=705 gpu_prepass_us=0 gpu_main_us=705 gpu_composite_us=0 gpu_blit_us=0
frust_shell_common::perf: frust-perf raw n=1437 total_us=3350 rebuild_us=178 layout_us=0 paint_us=88 encode_us=14 acquire_us=89 submit_us=2979 skipped=0 gpu_q=1 gpu_total_us=701 gpu_prepass_us=0 gpu_main_us=701 gpu_composite_us=0 gpu_blit_us=0
frust_shell_common::perf: frust-perf raw n=1438 total_us=3445 rebuild_us=194 layout_us=0 paint_us=91 encode_us=15 acquire_us=105 submit_us=3038 skipped=0 gpu_q=1 gpu_total_us=704 gpu_prepass_us=0 gpu_main_us=704 gpu_composite_us=0 gpu_blit_us=0
frust_shell_common::perf: frust-perf raw n=1439 total_us=3443 rebuild_us=184 layout_us=0 paint_us=91 encode_us=15 acquire_us=102 submit_us=3049 skipped=0 gpu_q=1 gpu_total_us=670 gpu_prepass_us=0 gpu_main_us=670 gpu_composite_us=0 gpu_blit_us=0
frust_engine::renderer: frust-perf enc n=1440 w=60 validate_us=3.5 prepare_us=3.4 classify_us=12.8 admit_us=0.4 walk_us=513.0 glyphs_us=218.3 finish_us=2.6 compile_us=536.6 schedule_us=4.1 paints_us=13.8 instances_us=30.4 resize_us=3.0 upload_us=211.4 replay_us=0.3 pipelines_us=17.6 record_us=31.1 total_us=860.5 total_p95_us=1443.8 draws=46 strips=1073 alphas=28576 glyph_draws=36 atlas_glyphs=36
frust_shell_common::perf: frust-perf raw n=1440 total_us=3769 rebuild_us=191 layout_us=0 paint_us=88 encode_us=18 acquire_us=105 submit_us=3364 skipped=0 gpu_q=1 gpu_total_us=673 gpu_prepass_us=0 gpu_main_us=673 gpu_composite_us=0 gpu_blit_us=0
frust_shell_common::perf: frust-perf raw n=1441 total_us=3556 rebuild_us=191 layout_us=0 paint_us=95 encode_us=16 acquire_us=109 submit_us=3142 skipped=0 gpu_q=1 gpu_total_us=702 gpu_prepass_us=0 gpu_main_us=702 gpu_composite_us=0 gpu_blit_us=0
frust_shell_common::perf: frust-perf raw n=1442 total_us=3476 rebuild_us=191 layout_us=0 paint_us=87 encode_us=16 acquire_us=104 submit_us=3076 skipped=0 gpu_q=1 gpu_total_us=687 gpu_prepass_us=0 gpu_main_us=687 gpu_composite_us=0 gpu_blit_us=0
frust_shell_common::perf: frust-perf raw n=1443 total_us=3291 rebuild_us=195 layout_us=0 paint_us=96 encode_us=14 acquire_us=156 submit_us=2827 skipped=0 gpu_q=1 gpu_total_us=678 gpu_prepass_us=0 gpu_main_us=678 gpu_composite_us=0 gpu_blit_us=0
frust_shell_common::perf: frust-perf raw n=1444 total_us=3383 rebuild_us=186 layout_us=0 paint_us=177 encode_us=15 acquire_us=110 submit_us=2893 skipped=0 gpu_q=1 gpu_total_us=675 gpu_prepass_us=0 gpu_main_us=675 gpu_composite_us=0 gpu_blit_us=0
frust_shell_common::perf: frust-perf raw n=1445 total_us=3379 rebuild_us=193 layout_us=0 paint_us=97 encode_us=13 acquire_us=109 submit_us=2964 skipped=0 gpu_q=1 gpu_total_us=717 gpu_prepass_us=0 gpu_main_us=717 gpu_composite_us=0 gpu_blit_us=0
frust_shell_common::perf: frust-perf raw n=1446 total_us=3286 rebuild_us=189 layout_us=0 paint_us=90 encode_us=16 acquire_us=103 submit_us=2885 skipped=0 gpu_q=1 gpu_total_us=703 gpu_prepass_us=0 gpu_main_us=703 gpu_composite_us=0 gpu_blit_us=0
frust_shell_common::perf: frust-perf raw n=1447 total_us=3381 rebuild_us=197 layout_us=0 paint_us=98 encode_us=14 acquire_us=107 submit_us=2962 skipped=0 gpu_q=1 gpu_total_us=693 gpu_prepass_us=0 gpu_main_us=693 gpu_composite_us=0 gpu_blit_us=0
frust_shell_common::perf: frust-perf raw n=1448 total_us=3347 rebuild_us=198 layout_us=0 paint_us=90 encode_us=17 acquire_us=108 submit_us=2932 skipped=0 gpu_q=1 gpu_total_us=703 gpu_prepass_us=0 gpu_main_us=703 gpu_composite_us=0 gpu_blit_us=0
frust_shell_common::perf: frust-perf raw n=1449 total_us=3160 rebuild_us=178 layout_us=0 paint_us=82 encode_us=17 acquire_us=102 submit_us=2779 skipped=0 gpu_q=1 gpu_total_us=718 gpu_prepass_us=0 gpu_main_us=718 gpu_composite_us=0 gpu_blit_us=0
frust_shell_common::perf: frust-perf raw n=1450 total_us=3271 rebuild_us=179 layout_us=0 paint_us=85 encode_us=13 acquire_us=96 submit_us=2896 skipped=0 gpu_q=1 gpu_total_us=716 gpu_prepass_us=0 gpu_main_us=716 gpu_composite_us=0 gpu_blit_us=0
frust_shell_common::perf: frust-perf raw n=1451 total_us=3298 rebuild_us=191 layout_us=0 paint_us=85 encode_us=14 acquire_us=105 submit_us=2902 skipped=0 gpu_q=1 gpu_total_us=720 gpu_prepass_us=0 gpu_main_us=720 gpu_composite_us=0 gpu_blit_us=0
frust_shell_common::perf: frust-perf raw n=1452 total_us=3348 rebuild_us=193 layout_us=0 paint_us=93 encode_us=15 acquire_us=101 submit_us=2943 skipped=0 gpu_q=1 gpu_total_us=726 gpu_prepass_us=0 gpu_main_us=726 gpu_composite_us=0 gpu_blit_us=0
frust_shell_common::perf: frust-perf raw n=1453 total_us=3447 rebuild_us=190 layout_us=0 paint_us=98 encode_us=16 acquire_us=112 submit_us=3029 skipped=0 gpu_q=1 gpu_total_us=699 gpu_prepass_us=0 gpu_main_us=699 gpu_composite_us=0 gpu_blit_us=0
frust_shell_common::perf: frust-perf raw n=1454 total_us=3352 rebuild_us=190 layout_us=0 paint_us=87 encode_us=15 acquire_us=107 submit_us=2951 skipped=0 gpu_q=1 gpu_total_us=697 gpu_prepass_us=0 gpu_main_us=697 gpu_composite_us=0 gpu_blit_us=0
frust_shell_common::perf: frust-perf raw n=1455 total_us=3337 rebuild_us=181 layout_us=0 paint_us=90 encode_us=14 acquire_us=100 submit_us=2949 skipped=0 gpu_q=1 gpu_total_us=699 gpu_prepass_us=0 gpu_main_us=699 gpu_composite_us=0 gpu_blit_us=0
frust_shell_common::perf: frust-perf raw n=1456 total_us=3239 rebuild_us=185 layout_us=0 paint_us=84 encode_us=14 acquire_us=96 submit_us=2858 skipped=0 gpu_q=1 gpu_total_us=682 gpu_prepass_us=0 gpu_main_us=682 gpu_composite_us=0 gpu_blit_us=0
frust_shell_common::perf: frust-perf raw n=1457 total_us=3206 rebuild_us=182 layout_us=0 paint_us=85 encode_us=15 acquire_us=102 submit_us=2820 skipped=0 gpu_q=1 gpu_total_us=715 gpu_prepass_us=0 gpu_main_us=715 gpu_composite_us=0 gpu_blit_us=0
frust_shell_common::perf: frust-perf raw n=1458 total_us=3361 rebuild_us=193 layout_us=0 paint_us=89 encode_us=15 acquire_us=111 submit_us=2951 skipped=0 gpu_q=1 gpu_total_us=707 gpu_prepass_us=0 gpu_main_us=707 gpu_composite_us=0 gpu_blit_us=0
frust_shell_common::perf: frust-perf raw n=1459 total_us=3313 rebuild_us=184 layout_us=0 paint_us=90 encode_us=17 acquire_us=100 submit_us=2919 skipped=0 gpu_q=1 gpu_total_us=744 gpu_prepass_us=0 gpu_main_us=744 gpu_composite_us=0 gpu_blit_us=0
frust_shell_common::perf: frust-perf raw n=1460 total_us=3191 rebuild_us=189 layout_us=0 paint_us=81 encode_us=14 acquire_us=97 submit_us=2807 skipped=0 gpu_q=1 gpu_total_us=731 gpu_prepass_us=0 gpu_main_us=731 gpu_composite_us=0 gpu_blit_us=0
frust_shell_common::perf: frust-perf raw n=1461 total_us=3400 rebuild_us=199 layout_us=0 paint_us=167 encode_us=17 acquire_us=117 submit_us=2898 skipped=0 gpu_q=1 gpu_total_us=723 gpu_prepass_us=0 gpu_main_us=723 gpu_composite_us=0 gpu_blit_us=0
frust_shell_common::perf: frust-perf raw n=1462 total_us=3568 rebuild_us=340 layout_us=0 paint_us=95 encode_us=15 acquire_us=111 submit_us=3005 skipped=0 gpu_q=1 gpu_total_us=752 gpu_prepass_us=0 gpu_main_us=752 gpu_composite_us=0 gpu_blit_us=0
frust_shell_common::perf: frust-perf raw n=1463 total_us=3390 rebuild_us=186 layout_us=0 paint_us=86 encode_us=13 acquire_us=98 submit_us=3004 skipped=0 gpu_q=1 gpu_total_us=745 gpu_prepass_us=0 gpu_main_us=745 gpu_composite_us=0 gpu_blit_us=0
frust_shell_common::perf: frust-perf raw n=1464 total_us=3416 rebuild_us=198 layout_us=0 paint_us=94 encode_us=17 acquire_us=103 submit_us=3003 skipped=0 gpu_q=1 gpu_total_us=727 gpu_prepass_us=0 gpu_main_us=727 gpu_composite_us=0 gpu_blit_us=0
frust_shell_common::perf: frust-perf raw n=1465 total_us=3453 rebuild_us=191 layout_us=0 paint_us=84 encode_us=15 acquire_us=103 submit_us=3057 skipped=0 gpu_q=1 gpu_total_us=727 gpu_prepass_us=0 gpu_main_us=727 gpu_composite_us=0 gpu_blit_us=0
frust_shell_common::perf: frust-perf raw n=1466 total_us=3498 rebuild_us=191 layout_us=0 paint_us=92 encode_us=21 acquire_us=106 submit_us=3085 skipped=0 gpu_q=1 gpu_total_us=709 gpu_prepass_us=0 gpu_main_us=709 gpu_composite_us=0 gpu_blit_us=0
frust_shell_common::perf: frust-perf raw n=1467 total_us=3409 rebuild_us=188 layout_us=0 paint_us=89 encode_us=14 acquire_us=107 submit_us=3009 skipped=0 gpu_q=1 gpu_total_us=734 gpu_prepass_us=0 gpu_main_us=734 gpu_composite_us=0 gpu_blit_us=0
frust_shell_common::perf: frust-perf raw n=1468 total_us=3395 rebuild_us=182 layout_us=0 paint_us=82 encode_us=15 acquire_us=100 submit_us=3013 skipped=0 gpu_q=1 gpu_total_us=753 gpu_prepass_us=0 gpu_main_us=753 gpu_composite_us=0 gpu_blit_us=0
frust_shell_common::perf: frust-perf raw n=1469 total_us=3365 rebuild_us=191 layout_us=0 paint_us=90 encode_us=17 acquire_us=103 submit_us=2961 skipped=0 gpu_q=1 gpu_total_us=756 gpu_prepass_us=0 gpu_main_us=756 gpu_composite_us=0 gpu_blit_us=0
frust_shell_common::perf: frust-perf raw n=1470 total_us=3416 rebuild_us=184 layout_us=0 paint_us=92 encode_us=18 acquire_us=105 submit_us=3015 skipped=0 gpu_q=1 gpu_total_us=749 gpu_prepass_us=0 gpu_main_us=749 gpu_composite_us=0 gpu_blit_us=0
frust_shell_common::perf: frust-perf raw n=1471 total_us=3505 rebuild_us=192 layout_us=0 paint_us=88 encode_us=13 acquire_us=101 submit_us=3108 skipped=0 gpu_q=1 gpu_total_us=746 gpu_prepass_us=0 gpu_main_us=746 gpu_composite_us=0 gpu_blit_us=0
frust_shell_common::perf: frust-perf raw n=1472 total_us=3372 rebuild_us=177 layout_us=0 paint_us=84 encode_us=13 acquire_us=92 submit_us=3004 skipped=0 gpu_q=1 gpu_total_us=741 gpu_prepass_us=0 gpu_main_us=741 gpu_composite_us=0 gpu_blit_us=0
frust_shell_common::perf: frust-perf raw n=1473 total_us=5539 rebuild_us=192 layout_us=0 paint_us=89 encode_us=35 acquire_us=220 submit_us=5000 skipped=0 gpu_q=1 gpu_total_us=724 gpu_prepass_us=0 gpu_main_us=724 gpu_composite_us=0 gpu_blit_us=0
frust_shell_common::perf: frust-perf raw n=1474 total_us=4139 rebuild_us=131 layout_us=0 paint_us=60 encode_us=25 acquire_us=187 submit_us=3732 skipped=0 gpu_q=1 gpu_total_us=720 gpu_prepass_us=0 gpu_main_us=720 gpu_composite_us=0 gpu_blit_us=0
frust_shell_common::perf: frust-perf raw n=1475 total_us=4065 rebuild_us=102 layout_us=0 paint_us=46 encode_us=21 acquire_us=109 submit_us=3784 skipped=0 gpu_q=1 gpu_total_us=766 gpu_prepass_us=0 gpu_main_us=766 gpu_composite_us=0 gpu_blit_us=0
frust_shell_common::perf: frust-perf raw n=1476 total_us=4742 rebuild_us=112 layout_us=0 paint_us=52 encode_us=20 acquire_us=114 submit_us=4442 skipped=0 gpu_q=1 gpu_total_us=730 gpu_prepass_us=0 gpu_main_us=730 gpu_composite_us=0 gpu_blit_us=0
frust_shell_common::perf: frust-perf raw n=1477 total_us=4698 rebuild_us=129 layout_us=0 paint_us=61 encode_us=25 acquire_us=118 submit_us=4363 skipped=0 gpu_q=1 gpu_total_us=704 gpu_prepass_us=0 gpu_main_us=704 gpu_composite_us=0 gpu_blit_us=0
frust_shell_common::perf: frust-perf raw n=1478 total_us=3347 rebuild_us=106 layout_us=0 paint_us=48 encode_us=19 acquire_us=156 submit_us=3016 skipped=0 gpu_q=1 gpu_total_us=708 gpu_prepass_us=0 gpu_main_us=708 gpu_composite_us=0 gpu_blit_us=0
frust_shell_common::perf: frust-perf raw n=1479 total_us=3599 rebuild_us=328 layout_us=0 paint_us=118 encode_us=19 acquire_us=108 submit_us=3024 skipped=0 gpu_q=1 gpu_total_us=749 gpu_prepass_us=0 gpu_main_us=749 gpu_composite_us=0 gpu_blit_us=0
frust_shell_common::perf: frust-perf raw n=1480 total_us=3395 rebuild_us=185 layout_us=0 paint_us=85 encode_us=15 acquire_us=124 submit_us=2983 skipped=0 gpu_q=1 gpu_total_us=702 gpu_prepass_us=0 gpu_main_us=702 gpu_composite_us=0 gpu_blit_us=0
frust_shell_common::perf: frust-perf raw n=1481 total_us=3385 rebuild_us=186 layout_us=0 paint_us=84 encode_us=15 acquire_us=104 submit_us=2993 skipped=0 gpu_q=1 gpu_total_us=699 gpu_prepass_us=0 gpu_main_us=699 gpu_composite_us=0 gpu_blit_us=0
frust_shell_common::perf: frust-perf raw n=1482 total_us=3425 rebuild_us=190 layout_us=0 paint_us=86 encode_us=15 acquire_us=106 submit_us=3026 skipped=0 gpu_q=1 gpu_total_us=724 gpu_prepass_us=0 gpu_main_us=724 gpu_composite_us=0 gpu_blit_us=0
frust_shell_common::perf: frust-perf raw n=1483 total_us=3399 rebuild_us=180 layout_us=0 paint_us=88 encode_us=19 acquire_us=121 submit_us=2987 skipped=0 gpu_q=1 gpu_total_us=751 gpu_prepass_us=0 gpu_main_us=751 gpu_composite_us=0 gpu_blit_us=0
frust_shell_common::perf: frust-perf raw n=1484 total_us=3386 rebuild_us=179 layout_us=0 paint_us=82 encode_us=17 acquire_us=105 submit_us=3001 skipped=0 gpu_q=1 gpu_total_us=757 gpu_prepass_us=0 gpu_main_us=757 gpu_composite_us=0 gpu_blit_us=0
frust_shell_common::perf: frust-perf raw n=1485 total_us=3347 rebuild_us=180 layout_us=0 paint_us=84 encode_us=13 acquire_us=107 submit_us=2961 skipped=0 gpu_q=1 gpu_total_us=758 gpu_prepass_us=0 gpu_main_us=758 gpu_composite_us=0 gpu_blit_us=0
frust_shell_common::perf: frust-perf raw n=1486 total_us=3409 rebuild_us=195 layout_us=0 paint_us=92 encode_us=15 acquire_us=106 submit_us=2999 skipped=0 gpu_q=1 gpu_total_us=760 gpu_prepass_us=0 gpu_main_us=760 gpu_composite_us=0 gpu_blit_us=0
frust_shell_common::perf: frust-perf raw n=1487 total_us=3364 rebuild_us=186 layout_us=0 paint_us=92 encode_us=13 acquire_us=95 submit_us=2975 skipped=0 gpu_q=1 gpu_total_us=739 gpu_prepass_us=0 gpu_main_us=739 gpu_composite_us=0 gpu_blit_us=0
frust_shell_common::perf: frust-perf raw n=1488 total_us=3551 rebuild_us=199 layout_us=0 paint_us=92 encode_us=17 acquire_us=110 submit_us=3131 skipped=0 gpu_q=1 gpu_total_us=772 gpu_prepass_us=0 gpu_main_us=772 gpu_composite_us=0 gpu_blit_us=0
frust_shell_common::perf: frust-perf raw n=1489 total_us=3444 rebuild_us=189 layout_us=0 paint_us=90 encode_us=13 acquire_us=106 submit_us=3044 skipped=0 gpu_q=1 gpu_total_us=766 gpu_prepass_us=0 gpu_main_us=766 gpu_composite_us=0 gpu_blit_us=0
frust_shell_common::perf: frust-perf raw n=1490 total_us=3402 rebuild_us=193 layout_us=0 paint_us=84 encode_us=14 acquire_us=100 submit_us=3009 skipped=0 gpu_q=1 gpu_total_us=775 gpu_prepass_us=0 gpu_main_us=775 gpu_composite_us=0 gpu_blit_us=0
frust_shell_common::perf: frust-perf raw n=1491 total_us=3392 rebuild_us=192 layout_us=0 paint_us=90 encode_us=14 acquire_us=104 submit_us=2990 skipped=0 gpu_q=1 gpu_total_us=773 gpu_prepass_us=0 gpu_main_us=773 gpu_composite_us=0 gpu_blit_us=0
frust_shell_common::perf: frust-perf raw n=1492 total_us=3342 rebuild_us=188 layout_us=0 paint_us=84 encode_us=16 acquire_us=97 submit_us=2955 skipped=0 gpu_q=1 gpu_total_us=747 gpu_prepass_us=0 gpu_main_us=747 gpu_composite_us=0 gpu_blit_us=0
frust_shell_common::perf: frust-perf raw n=1493 total_us=3409 rebuild_us=196 layout_us=0 paint_us=91 encode_us=13 acquire_us=103 submit_us=3003 skipped=0 gpu_q=1 gpu_total_us=781 gpu_prepass_us=0 gpu_main_us=781 gpu_composite_us=0 gpu_blit_us=0
frust_shell_common::perf: frust-perf raw n=1494 total_us=3402 rebuild_us=178 layout_us=0 paint_us=85 encode_us=15 acquire_us=231 submit_us=2890 skipped=0 gpu_q=1 gpu_total_us=772 gpu_prepass_us=0 gpu_main_us=772 gpu_composite_us=0 gpu_blit_us=0
frust_shell_common::perf: frust-perf raw n=1495 total_us=3137 rebuild_us=180 layout_us=0 paint_us=83 encode_us=13 acquire_us=101 submit_us=2758 skipped=0 gpu_q=1 gpu_total_us=749 gpu_prepass_us=0 gpu_main_us=749 gpu_composite_us=0 gpu_blit_us=0
frust_shell_common::perf: frust-perf raw n=1496 total_us=3461 rebuild_us=370 layout_us=0 paint_us=90 encode_us=18 acquire_us=102 submit_us=2879 skipped=0 gpu_q=1 gpu_total_us=762 gpu_prepass_us=0 gpu_main_us=762 gpu_composite_us=0 gpu_blit_us=0
frust_shell_common::perf: frust-perf raw n=1497 total_us=5481 rebuild_us=192 layout_us=0 paint_us=90 encode_us=38 acquire_us=176 submit_us=4982 skipped=0 gpu_q=1 gpu_total_us=760 gpu_prepass_us=0 gpu_main_us=760 gpu_composite_us=0 gpu_blit_us=0
frust_shell_common::perf: frust-perf raw n=1498 total_us=6131 rebuild_us=173 layout_us=0 paint_us=80 encode_us=40 acquire_us=177 submit_us=5660 skipped=0 gpu_q=1 gpu_total_us=747 gpu_prepass_us=0 gpu_main_us=747 gpu_composite_us=0 gpu_blit_us=0
frust_shell_common::perf: frust-perf raw n=1499 total_us=4435 rebuild_us=124 layout_us=0 paint_us=56 encode_us=23 acquire_us=116 submit_us=4114 skipped=0 gpu_q=1 gpu_total_us=773 gpu_prepass_us=0 gpu_main_us=773 gpu_composite_us=0 gpu_blit_us=0
frust_engine::renderer: frust-perf enc n=1500 w=60 validate_us=3.3 prepare_us=3.4 classify_us=12.1 admit_us=0.3 walk_us=504.0 glyphs_us=214.8 finish_us=2.7 compile_us=525.4 schedule_us=3.5 paints_us=13.7 instances_us=30.2 resize_us=3.0 upload_us=207.1 replay_us=0.3 pipelines_us=16.6 record_us=30.6 total_us=831.4 total_p95_us=1341.1 draws=46 strips=1073 alphas=28576 glyph_draws=36 atlas_glyphs=36
frust_shell_common::perf: frust-perf raw n=1500 total_us=2850 rebuild_us=101 layout_us=0 paint_us=43 encode_us=19 acquire_us=105 submit_us=2580 skipped=0 gpu_q=1 gpu_total_us=745 gpu_prepass_us=0 gpu_main_us=745 gpu_composite_us=0 gpu_blit_us=0
frust_shell_common::perf: frust-perf raw n=1501 total_us=3252 rebuild_us=148 layout_us=0 paint_us=68 encode_us=13 acquire_us=93 submit_us=2927 skipped=0 gpu_q=1 gpu_total_us=731 gpu_prepass_us=0 gpu_main_us=731 gpu_composite_us=0 gpu_blit_us=0
frust_shell_common::perf: frust-perf raw n=1502 total_us=5661 rebuild_us=161 layout_us=0 paint_us=73 encode_us=34 acquire_us=179 submit_us=5212 skipped=0 gpu_q=1 gpu_total_us=729 gpu_prepass_us=0 gpu_main_us=729 gpu_composite_us=0 gpu_blit_us=0
frust_shell_common::perf: frust-perf raw n=1503 total_us=5629 rebuild_us=174 layout_us=0 paint_us=81 encode_us=40 acquire_us=162 submit_us=5170 skipped=0 gpu_q=1 gpu_total_us=781 gpu_prepass_us=0 gpu_main_us=781 gpu_composite_us=0 gpu_blit_us=0
frust_shell_common::perf: frust-perf raw n=1504 total_us=4279 rebuild_us=126 layout_us=0 paint_us=57 encode_us=25 acquire_us=130 submit_us=3939 skipped=0 gpu_q=1 gpu_total_us=729 gpu_prepass_us=0 gpu_main_us=729 gpu_composite_us=0 gpu_blit_us=0
frust_shell_common::perf: frust-perf raw n=1505 total_us=3968 rebuild_us=107 layout_us=0 paint_us=51 encode_us=25 acquire_us=139 submit_us=3645 skipped=0 gpu_q=1 gpu_total_us=766 gpu_prepass_us=0 gpu_main_us=766 gpu_composite_us=0 gpu_blit_us=0
frust_shell_common::perf: frust-perf raw n=1506 total_us=3535 rebuild_us=89 layout_us=0 paint_us=42 encode_us=20 acquire_us=90 submit_us=3292 skipped=0 gpu_q=1 gpu_total_us=734 gpu_prepass_us=0 gpu_main_us=734 gpu_composite_us=0 gpu_blit_us=0
frust_shell_common::perf: frust-perf raw n=1507 total_us=5740 rebuild_us=98 layout_us=0 paint_us=47 encode_us=23 acquire_us=97 submit_us=5473 skipped=0 gpu_q=1 gpu_total_us=727 gpu_prepass_us=0 gpu_main_us=727 gpu_composite_us=0 gpu_blit_us=0
frust_shell_common::perf: frust-perf raw n=1508 total_us=6276 rebuild_us=129 layout_us=0 paint_us=63 encode_us=30 acquire_us=148 submit_us=5904 skipped=0 gpu_q=1 gpu_total_us=725 gpu_prepass_us=0 gpu_main_us=725 gpu_composite_us=0 gpu_blit_us=0
frust_shell_common::perf: frust-perf raw n=1509 total_us=5557 rebuild_us=113 layout_us=0 paint_us=57 encode_us=28 acquire_us=129 submit_us=5228 skipped=0 gpu_q=1 gpu_total_us=774 gpu_prepass_us=0 gpu_main_us=774 gpu_composite_us=0 gpu_blit_us=0
frust_shell_common::perf: frust-perf raw n=1510 total_us=4208 rebuild_us=102 layout_us=0 paint_us=49 encode_us=25 acquire_us=118 submit_us=3913 skipped=0 gpu_q=1 gpu_total_us=736 gpu_prepass_us=0 gpu_main_us=736 gpu_composite_us=0 gpu_blit_us=0
frust_shell_common::perf: frust-perf raw n=1511 total_us=4042 rebuild_us=112 layout_us=0 paint_us=55 encode_us=25 acquire_us=124 submit_us=3725 skipped=0 gpu_q=1 gpu_total_us=729 gpu_prepass_us=0 gpu_main_us=729 gpu_composite_us=0 gpu_blit_us=0
frust_shell_common::perf: frust-perf raw n=1512 total_us=3951 rebuild_us=104 layout_us=0 paint_us=51 encode_us=22 acquire_us=106 submit_us=3666 skipped=0 gpu_q=1 gpu_total_us=731 gpu_prepass_us=0 gpu_main_us=731 gpu_composite_us=0 gpu_blit_us=0
frust_shell_common::perf: frust-perf raw n=1513 total_us=4321 rebuild_us=107 layout_us=0 paint_us=45 encode_us=24 acquire_us=139 submit_us=4004 skipped=0 gpu_q=1 gpu_total_us=721 gpu_prepass_us=0 gpu_main_us=721 gpu_composite_us=0 gpu_blit_us=0
frust_shell_common::perf: frust-perf raw n=1514 total_us=3568 rebuild_us=158 layout_us=0 paint_us=207 encode_us=20 acquire_us=175 submit_us=3005 skipped=0 gpu_q=1 gpu_total_us=775 gpu_prepass_us=0 gpu_main_us=775 gpu_composite_us=0 gpu_blit_us=0
frust_shell_common::perf: frust-perf raw n=1515 total_us=3422 rebuild_us=232 layout_us=0 paint_us=92 encode_us=16 acquire_us=109 submit_us=2971 skipped=0 gpu_q=1 gpu_total_us=778 gpu_prepass_us=0 gpu_main_us=778 gpu_composite_us=0 gpu_blit_us=0
frust_shell_common::perf: frust-perf raw n=1516 total_us=3470 rebuild_us=200 layout_us=0 paint_us=86 encode_us=15 acquire_us=107 submit_us=3060 skipped=0 gpu_q=1 gpu_total_us=760 gpu_prepass_us=0 gpu_main_us=760 gpu_composite_us=0 gpu_blit_us=0
frust_shell_common::perf: frust-perf raw n=1517 total_us=3394 rebuild_us=196 layout_us=0 paint_us=89 encode_us=18 acquire_us=107 submit_us=2982 skipped=0 gpu_q=1 gpu_total_us=757 gpu_prepass_us=0 gpu_main_us=757 gpu_composite_us=0 gpu_blit_us=0
frust_shell_common::perf: frust-perf raw n=1518 total_us=3441 rebuild_us=194 layout_us=0 paint_us=95 encode_us=16 acquire_us=106 submit_us=3028 skipped=0 gpu_q=1 gpu_total_us=785 gpu_prepass_us=0 gpu_main_us=785 gpu_composite_us=0 gpu_blit_us=0
frust_shell_common::perf: frust-perf raw n=1519 total_us=3352 rebuild_us=189 layout_us=0 paint_us=94 encode_us=14 acquire_us=106 submit_us=2946 skipped=0 gpu_q=1 gpu_total_us=764 gpu_prepass_us=0 gpu_main_us=764 gpu_composite_us=0 gpu_blit_us=0
frust_shell_common::perf: frust-perf raw n=1520 total_us=3298 rebuild_us=187 layout_us=0 paint_us=85 encode_us=14 acquire_us=103 submit_us=2905 skipped=0 gpu_q=1 gpu_total_us=738 gpu_prepass_us=0 gpu_main_us=738 gpu_composite_us=0 gpu_blit_us=0
frust_shell_common::perf: frust-perf raw n=1521 total_us=3201 rebuild_us=160 layout_us=0 paint_us=78 encode_us=16 acquire_us=92 submit_us=2853 skipped=0 gpu_q=1 gpu_total_us=734 gpu_prepass_us=0 gpu_main_us=734 gpu_composite_us=0 gpu_blit_us=0
frust_shell_common::perf: frust-perf raw n=1522 total_us=3396 rebuild_us=195 layout_us=0 paint_us=86 encode_us=14 acquire_us=101 submit_us=2996 skipped=0 gpu_q=1 gpu_total_us=717 gpu_prepass_us=0 gpu_main_us=717 gpu_composite_us=0 gpu_blit_us=0
frust_shell_common::perf: frust-perf raw n=1523 total_us=3343 rebuild_us=186 layout_us=0 paint_us=95 encode_us=15 acquire_us=110 submit_us=2935 skipped=0 gpu_q=1 gpu_total_us=719 gpu_prepass_us=0 gpu_main_us=719 gpu_composite_us=0 gpu_blit_us=0
frust_shell_common::perf: frust-perf raw n=1524 total_us=3393 rebuild_us=199 layout_us=0 paint_us=87 encode_us=14 acquire_us=107 submit_us=2982 skipped=0 gpu_q=1 gpu_total_us=732 gpu_prepass_us=0 gpu_main_us=732 gpu_composite_us=0 gpu_blit_us=0
frust_shell_common::perf: frust-perf raw n=1525 total_us=3361 rebuild_us=200 layout_us=0 paint_us=90 encode_us=14 acquire_us=103 submit_us=2951 skipped=0 gpu_q=1 gpu_total_us=738 gpu_prepass_us=0 gpu_main_us=738 gpu_composite_us=0 gpu_blit_us=0
frust_shell_common::perf: frust-perf raw n=1526 total_us=3377 rebuild_us=192 layout_us=0 paint_us=90 encode_us=17 acquire_us=102 submit_us=2973 skipped=0 gpu_q=1 gpu_total_us=721 gpu_prepass_us=0 gpu_main_us=721 gpu_composite_us=0 gpu_blit_us=0
frust_shell_common::perf: frust-perf raw n=1527 total_us=3188 rebuild_us=172 layout_us=0 paint_us=85 encode_us=13 acquire_us=90 submit_us=2827 skipped=0 gpu_q=1 gpu_total_us=726 gpu_prepass_us=0 gpu_main_us=726 gpu_composite_us=0 gpu_blit_us=0
frust_shell_common::perf: frust-perf raw n=1528 total_us=3349 rebuild_us=187 layout_us=0 paint_us=84 encode_us=15 acquire_us=102 submit_us=2958 skipped=0 gpu_q=1 gpu_total_us=753 gpu_prepass_us=0 gpu_main_us=753 gpu_composite_us=0 gpu_blit_us=0
frust_shell_common::perf: frust-perf raw n=1529 total_us=3285 rebuild_us=193 layout_us=0 paint_us=84 encode_us=44 acquire_us=107 submit_us=2855 skipped=0 gpu_q=1 gpu_total_us=720 gpu_prepass_us=0 gpu_main_us=720 gpu_composite_us=0 gpu_blit_us=0
frust_shell_common::perf: frust-perf raw n=1530 total_us=3534 rebuild_us=333 layout_us=0 paint_us=85 encode_us=20 acquire_us=110 submit_us=2983 skipped=0 gpu_q=1 gpu_total_us=713 gpu_prepass_us=0 gpu_main_us=713 gpu_composite_us=0 gpu_blit_us=0
frust_shell_common::perf: frust-perf raw n=1531 total_us=3266 rebuild_us=185 layout_us=0 paint_us=87 encode_us=14 acquire_us=104 submit_us=2873 skipped=0 gpu_q=1 gpu_total_us=751 gpu_prepass_us=0 gpu_main_us=751 gpu_composite_us=0 gpu_blit_us=0
frust_shell_common::perf: frust-perf raw n=1532 total_us=3265 rebuild_us=184 layout_us=0 paint_us=86 encode_us=15 acquire_us=114 submit_us=2863 skipped=0 gpu_q=1 gpu_total_us=718 gpu_prepass_us=0 gpu_main_us=718 gpu_composite_us=0 gpu_blit_us=0
frust_shell_common::perf: frust-perf raw n=1533 total_us=3501 rebuild_us=196 layout_us=0 paint_us=85 encode_us=16 acquire_us=100 submit_us=3102 skipped=0 gpu_q=1 gpu_total_us=718 gpu_prepass_us=0 gpu_main_us=718 gpu_composite_us=0 gpu_blit_us=0
frust_shell_common::perf: frust-perf raw n=1534 total_us=3496 rebuild_us=192 layout_us=0 paint_us=88 encode_us=16 acquire_us=105 submit_us=3092 skipped=0 gpu_q=1 gpu_total_us=750 gpu_prepass_us=0 gpu_main_us=750 gpu_composite_us=0 gpu_blit_us=0
frust_shell_common::perf: frust-perf raw n=1535 total_us=3431 rebuild_us=192 layout_us=0 paint_us=93 encode_us=18 acquire_us=108 submit_us=3018 skipped=0 gpu_q=1 gpu_total_us=738 gpu_prepass_us=0 gpu_main_us=738 gpu_composite_us=0 gpu_blit_us=0
frust_shell_common::perf: frust-perf raw n=1536 total_us=3359 rebuild_us=179 layout_us=0 paint_us=81 encode_us=14 acquire_us=89 submit_us=2994 skipped=0 gpu_q=1 gpu_total_us=744 gpu_prepass_us=0 gpu_main_us=744 gpu_composite_us=0 gpu_blit_us=0
frust_shell_common::perf: frust-perf raw n=1537 total_us=3402 rebuild_us=189 layout_us=0 paint_us=84 encode_us=15 acquire_us=102 submit_us=3010 skipped=0 gpu_q=1 gpu_total_us=760 gpu_prepass_us=0 gpu_main_us=760 gpu_composite_us=0 gpu_blit_us=0
frust_shell_common::perf: frust-perf raw n=1538 total_us=3428 rebuild_us=187 layout_us=0 paint_us=85 encode_us=13 acquire_us=97 submit_us=3043 skipped=0 gpu_q=1 gpu_total_us=734 gpu_prepass_us=0 gpu_main_us=734 gpu_composite_us=0 gpu_blit_us=0
frust_shell_common::perf: frust-perf raw n=1539 total_us=3369 rebuild_us=166 layout_us=0 paint_us=80 encode_us=15 acquire_us=98 submit_us=3007 skipped=0 gpu_q=1 gpu_total_us=781 gpu_prepass_us=0 gpu_main_us=781 gpu_composite_us=0 gpu_blit_us=0
frust_shell_common::perf: frust-perf raw n=1540 total_us=3519 rebuild_us=191 layout_us=0 paint_us=90 encode_us=13 acquire_us=102 submit_us=3121 skipped=0 gpu_q=1 gpu_total_us=755 gpu_prepass_us=0 gpu_main_us=755 gpu_composite_us=0 gpu_blit_us=0
frust_shell_common::perf: frust-perf raw n=1541 total_us=3504 rebuild_us=188 layout_us=0 paint_us=93 encode_us=15 acquire_us=99 submit_us=3106 skipped=0 gpu_q=1 gpu_total_us=738 gpu_prepass_us=0 gpu_main_us=738 gpu_composite_us=0 gpu_blit_us=0
frust_shell_common::perf: frust-perf raw n=1542 total_us=3422 rebuild_us=200 layout_us=0 paint_us=93 encode_us=14 acquire_us=100 submit_us=3013 skipped=0 gpu_q=1 gpu_total_us=760 gpu_prepass_us=0 gpu_main_us=760 gpu_composite_us=0 gpu_blit_us=0
frust_shell_common::perf: frust-perf raw n=1543 total_us=3437 rebuild_us=202 layout_us=0 paint_us=94 encode_us=16 acquire_us=107 submit_us=3016 skipped=0 gpu_q=1 gpu_total_us=745 gpu_prepass_us=0 gpu_main_us=745 gpu_composite_us=0 gpu_blit_us=0
frust_shell_common::perf: frust-perf raw n=1544 total_us=3368 rebuild_us=187 layout_us=0 paint_us=87 encode_us=13 acquire_us=107 submit_us=2971 skipped=0 gpu_q=1 gpu_total_us=718 gpu_prepass_us=0 gpu_main_us=718 gpu_composite_us=0 gpu_blit_us=0
frust_shell_common::perf: frust-perf raw n=1545 total_us=3432 rebuild_us=185 layout_us=0 paint_us=86 encode_us=13 acquire_us=100 submit_us=3047 skipped=0 gpu_q=1 gpu_total_us=774 gpu_prepass_us=0 gpu_main_us=774 gpu_composite_us=0 gpu_blit_us=0
frust_shell_common::perf: frust-perf raw n=1546 total_us=3336 rebuild_us=293 layout_us=0 paint_us=104 encode_us=14 acquire_us=103 submit_us=2819 skipped=0 gpu_q=1 gpu_total_us=751 gpu_prepass_us=0 gpu_main_us=751 gpu_composite_us=0 gpu_blit_us=0
frust_shell_common::perf: frust-perf raw n=1547 total_us=3552 rebuild_us=389 layout_us=0 paint_us=93 encode_us=15 acquire_us=99 submit_us=2953 skipped=0 gpu_q=1 gpu_total_us=758 gpu_prepass_us=0 gpu_main_us=758 gpu_composite_us=0 gpu_blit_us=0
frust_shell_common::perf: frust-perf raw n=1548 total_us=3172 rebuild_us=186 layout_us=0 paint_us=82 encode_us=13 acquire_us=93 submit_us=2795 skipped=0 gpu_q=1 gpu_total_us=743 gpu_prepass_us=0 gpu_main_us=743 gpu_composite_us=0 gpu_blit_us=0
frust_shell_common::perf: frust-perf raw n=1549 total_us=3157 rebuild_us=181 layout_us=0 paint_us=87 encode_us=14 acquire_us=95 submit_us=2777 skipped=0 gpu_q=1 gpu_total_us=731 gpu_prepass_us=0 gpu_main_us=731 gpu_composite_us=0 gpu_blit_us=0
frust_shell_android::app::frame: frust-perf platform-view tail depth=0 target=0 acquire_bound=false frame=1560 expected_present_us=0 acquire_us=97 period_us=8239
frust_shell_common::perf: frust-perf raw n=1550 total_us=3457 rebuild_us=201 layout_us=0 paint_us=91 encode_us=15 acquire_us=107 submit_us=3040 skipped=0 gpu_q=1 gpu_total_us=733 gpu_prepass_us=0 gpu_main_us=733 gpu_composite_us=0 gpu_blit_us=0
frust_shell_common::perf: frust-perf raw n=1551 total_us=3345 rebuild_us=210 layout_us=0 paint_us=101 encode_us=14 acquire_us=105 submit_us=2913 skipped=0 gpu_q=1 gpu_total_us=776 gpu_prepass_us=0 gpu_main_us=776 gpu_composite_us=0 gpu_blit_us=0
frust_shell_common::perf: frust-perf raw n=1552 total_us=3292 rebuild_us=185 layout_us=0 paint_us=89 encode_us=15 acquire_us=107 submit_us=2894 skipped=0 gpu_q=1 gpu_total_us=754 gpu_prepass_us=0 gpu_main_us=754 gpu_composite_us=0 gpu_blit_us=0
frust_shell_common::perf: frust-perf raw n=1553 total_us=3368 rebuild_us=194 layout_us=0 paint_us=90 encode_us=14 acquire_us=102 submit_us=2965 skipped=0 gpu_q=1 gpu_total_us=749 gpu_prepass_us=0 gpu_main_us=749 gpu_composite_us=0 gpu_blit_us=0
frust_shell_common::perf: frust-perf raw n=1554 total_us=3260 rebuild_us=189 layout_us=0 paint_us=90 encode_us=11 acquire_us=96 submit_us=2870 skipped=0 gpu_q=1 gpu_total_us=728 gpu_prepass_us=0 gpu_main_us=728 gpu_composite_us=0 gpu_blit_us=0
frust_shell_common::perf: frust-perf raw n=1555 total_us=3300 rebuild_us=196 layout_us=0 paint_us=95 encode_us=13 acquire_us=98 submit_us=2896 skipped=0 gpu_q=1 gpu_total_us=756 gpu_prepass_us=0 gpu_main_us=756 gpu_composite_us=0 gpu_blit_us=0
frust_shell_common::perf: frust-perf raw n=1556 total_us=3370 rebuild_us=195 layout_us=0 paint_us=88 encode_us=14 acquire_us=100 submit_us=2970 skipped=0 gpu_q=1 gpu_total_us=735 gpu_prepass_us=0 gpu_main_us=735 gpu_composite_us=0 gpu_blit_us=0
frust_shell_common::perf: frust-perf raw n=1557 total_us=3368 rebuild_us=183 layout_us=0 paint_us=94 encode_us=13 acquire_us=101 submit_us=2975 skipped=0 gpu_q=1 gpu_total_us=748 gpu_prepass_us=0 gpu_main_us=748 gpu_composite_us=0 gpu_blit_us=0
frust_shell_common::perf: frust-perf raw n=1558 total_us=3247 rebuild_us=177 layout_us=0 paint_us=82 encode_us=15 acquire_us=101 submit_us=2870 skipped=0 gpu_q=1 gpu_total_us=776 gpu_prepass_us=0 gpu_main_us=776 gpu_composite_us=0 gpu_blit_us=0
frust_shell_common::perf: frust-perf raw n=1559 total_us=3304 rebuild_us=178 layout_us=0 paint_us=80 encode_us=15 acquire_us=101 submit_us=2927 skipped=0 gpu_q=1 gpu_total_us=747 gpu_prepass_us=0 gpu_main_us=747 gpu_composite_us=0 gpu_blit_us=0
frust_engine::renderer: frust-perf enc n=1560 w=60 validate_us=3.4 prepare_us=3.3 classify_us=12.6 admit_us=0.3 walk_us=500.6 glyphs_us=214.3 finish_us=2.7 compile_us=524.8 schedule_us=3.7 paints_us=13.6 instances_us=30.4 resize_us=2.9 upload_us=208.3 replay_us=0.3 pipelines_us=18.9 record_us=31.2 total_us=834.8 total_p95_us=1508.1 draws=46 strips=1073 alphas=28576 glyph_draws=36 atlas_glyphs=36
frust_shell_common::perf: frust-perf raw n=1560 total_us=3468 rebuild_us=179 layout_us=0 paint_us=83 encode_us=15 acquire_us=99 submit_us=3090 skipped=0 gpu_q=1 gpu_total_us=719 gpu_prepass_us=0 gpu_main_us=719 gpu_composite_us=0 gpu_blit_us=0
frust_shell_common::perf: frust-perf raw n=1561 total_us=3210 rebuild_us=184 layout_us=0 paint_us=86 encode_us=14 acquire_us=100 submit_us=2823 skipped=0 gpu_q=1 gpu_total_us=731 gpu_prepass_us=0 gpu_main_us=731 gpu_composite_us=0 gpu_blit_us=0
frust_shell_common::perf: frust-perf raw n=1562 total_us=3316 rebuild_us=191 layout_us=0 paint_us=93 encode_us=54 acquire_us=111 submit_us=2864 skipped=0 gpu_q=1 gpu_total_us=736 gpu_prepass_us=0 gpu_main_us=736 gpu_composite_us=0 gpu_blit_us=0
frust_shell_common::perf: frust-perf raw n=1563 total_us=3399 rebuild_us=265 layout_us=0 paint_us=95 encode_us=18 acquire_us=116 submit_us=2902 skipped=0 gpu_q=1 gpu_total_us=740 gpu_prepass_us=0 gpu_main_us=740 gpu_composite_us=0 gpu_blit_us=0
frust_shell_common::perf: frust-perf raw n=1564 total_us=3347 rebuild_us=199 layout_us=0 paint_us=88 encode_us=15 acquire_us=99 submit_us=2944 skipped=0 gpu_q=1 gpu_total_us=753 gpu_prepass_us=0 gpu_main_us=753 gpu_composite_us=0 gpu_blit_us=0
frust_shell_common::perf: frust-perf raw n=1565 total_us=3249 rebuild_us=187 layout_us=0 paint_us=98 encode_us=15 acquire_us=99 submit_us=2848 skipped=0 gpu_q=1 gpu_total_us=746 gpu_prepass_us=0 gpu_main_us=746 gpu_composite_us=0 gpu_blit_us=0
frust_shell_common::perf: frust-perf raw n=1566 total_us=3608 rebuild_us=198 layout_us=0 paint_us=94 encode_us=15 acquire_us=123 submit_us=3175 skipped=0 gpu_q=1 gpu_total_us=723 gpu_prepass_us=0 gpu_main_us=723 gpu_composite_us=0 gpu_blit_us=0
frust_shell_common::perf: frust-perf raw n=1567 total_us=3470 rebuild_us=198 layout_us=0 paint_us=95 encode_us=14 acquire_us=100 submit_us=3061 skipped=0 gpu_q=1 gpu_total_us=750 gpu_prepass_us=0 gpu_main_us=750 gpu_composite_us=0 gpu_blit_us=0
frust_shell_common::perf: frust-perf raw n=1568 total_us=3357 rebuild_us=186 layout_us=0 paint_us=85 encode_us=14 acquire_us=101 submit_us=2969 skipped=0 gpu_q=1 gpu_total_us=740 gpu_prepass_us=0 gpu_main_us=740 gpu_composite_us=0 gpu_blit_us=0
frust_shell_common::perf: frust-perf raw n=1569 total_us=3444 rebuild_us=189 layout_us=0 paint_us=94 encode_us=17 acquire_us=106 submit_us=3035 skipped=0 gpu_q=1 gpu_total_us=695 gpu_prepass_us=0 gpu_main_us=695 gpu_composite_us=0 gpu_blit_us=0
frust_shell_common::perf: frust-perf raw n=1570 total_us=5618 rebuild_us=192 layout_us=0 paint_us=86 encode_us=40 acquire_us=175 submit_us=5123 skipped=0 gpu_q=1 gpu_total_us=673 gpu_prepass_us=0 gpu_main_us=673 gpu_composite_us=0 gpu_blit_us=0
frust_shell_common::perf: frust-perf raw n=1571 total_us=4054 rebuild_us=124 layout_us=0 paint_us=59 encode_us=27 acquire_us=112 submit_us=3730 skipped=0 gpu_q=1 gpu_total_us=701 gpu_prepass_us=0 gpu_main_us=701 gpu_composite_us=0 gpu_blit_us=0
frust_shell_common::perf: frust-perf raw n=1572 total_us=4351 rebuild_us=114 layout_us=0 paint_us=49 encode_us=21 acquire_us=112 submit_us=4053 skipped=0 gpu_q=1 gpu_total_us=700 gpu_prepass_us=0 gpu_main_us=700 gpu_composite_us=0 gpu_blit_us=0
frust_shell_common::perf: frust-perf raw n=1573 total_us=5482 rebuild_us=131 layout_us=0 paint_us=62 encode_us=26 acquire_us=134 submit_us=5127 skipped=0 gpu_q=1 gpu_total_us=706 gpu_prepass_us=0 gpu_main_us=706 gpu_composite_us=0 gpu_blit_us=0
frust_shell_common::perf: frust-perf raw n=1574 total_us=4820 rebuild_us=116 layout_us=0 paint_us=53 encode_us=26 acquire_us=156 submit_us=4467 skipped=0 gpu_q=1 gpu_total_us=670 gpu_prepass_us=0 gpu_main_us=670 gpu_composite_us=0 gpu_blit_us=0
frust_shell_common::perf: frust-perf raw n=1575 total_us=3437 rebuild_us=102 layout_us=0 paint_us=47 encode_us=23 acquire_us=164 submit_us=3098 skipped=0 gpu_q=1 gpu_total_us=672 gpu_prepass_us=0 gpu_main_us=672 gpu_composite_us=0 gpu_blit_us=0
frust_shell_common::perf: frust-perf raw n=1576 total_us=3345 rebuild_us=160 layout_us=0 paint_us=77 encode_us=17 acquire_us=94 submit_us=2995 skipped=0 gpu_q=1 gpu_total_us=675 gpu_prepass_us=0 gpu_main_us=675 gpu_composite_us=0 gpu_blit_us=0
frust_shell_common::perf: frust-perf raw n=1577 total_us=3353 rebuild_us=175 layout_us=0 paint_us=79 encode_us=15 acquire_us=94 submit_us=2988 skipped=0 gpu_q=1 gpu_total_us=668 gpu_prepass_us=0 gpu_main_us=668 gpu_composite_us=0 gpu_blit_us=0
frust_shell_common::perf: frust-perf raw n=1578 total_us=3443 rebuild_us=180 layout_us=0 paint_us=86 encode_us=14 acquire_us=98 submit_us=3062 skipped=0 gpu_q=1 gpu_total_us=669 gpu_prepass_us=0 gpu_main_us=669 gpu_composite_us=0 gpu_blit_us=0
frust_shell_common::perf: frust-perf raw n=1579 total_us=3449 rebuild_us=185 layout_us=0 paint_us=89 encode_us=162 acquire_us=113 submit_us=2897 skipped=0 gpu_q=1 gpu_total_us=708 gpu_prepass_us=0 gpu_main_us=708 gpu_composite_us=0 gpu_blit_us=0
frust_shell_common::perf: frust-perf raw n=1580 total_us=3324 rebuild_us=271 layout_us=0 paint_us=96 encode_us=16 acquire_us=107 submit_us=2831 skipped=0 gpu_q=1 gpu_total_us=719 gpu_prepass_us=0 gpu_main_us=719 gpu_composite_us=0 gpu_blit_us=0
frust_shell_common::perf: frust-perf raw n=1581 total_us=3649 rebuild_us=494 layout_us=0 paint_us=92 encode_us=15 acquire_us=107 submit_us=2939 skipped=0 gpu_q=1 gpu_total_us=705 gpu_prepass_us=0 gpu_main_us=705 gpu_composite_us=0 gpu_blit_us=0
frust_shell_common::perf: frust-perf raw n=1582 total_us=3302 rebuild_us=196 layout_us=0 paint_us=91 encode_us=17 acquire_us=102 submit_us=2894 skipped=0 gpu_q=1 gpu_total_us=700 gpu_prepass_us=0 gpu_main_us=700 gpu_composite_us=0 gpu_blit_us=0
frust_shell_common::perf: frust-perf raw n=1583 total_us=3348 rebuild_us=189 layout_us=0 paint_us=88 encode_us=15 acquire_us=109 submit_us=2945 skipped=0 gpu_q=1 gpu_total_us=723 gpu_prepass_us=0 gpu_main_us=723 gpu_composite_us=0 gpu_blit_us=0
frust_shell_common::perf: frust-perf raw n=1584 total_us=3401 rebuild_us=192 layout_us=0 paint_us=92 encode_us=15 acquire_us=108 submit_us=2991 skipped=0 gpu_q=1 gpu_total_us=678 gpu_prepass_us=0 gpu_main_us=678 gpu_composite_us=0 gpu_blit_us=0
frust_shell_common::perf: frust-perf raw n=1585 total_us=3373 rebuild_us=199 layout_us=0 paint_us=88 encode_us=14 acquire_us=103 submit_us=2965 skipped=0 gpu_q=1 gpu_total_us=713 gpu_prepass_us=0 gpu_main_us=713 gpu_composite_us=0 gpu_blit_us=0
frust_shell_common::perf: frust-perf raw n=1586 total_us=3326 rebuild_us=190 layout_us=0 paint_us=88 encode_us=16 acquire_us=103 submit_us=2927 skipped=0 gpu_q=1 gpu_total_us=705 gpu_prepass_us=0 gpu_main_us=705 gpu_composite_us=0 gpu_blit_us=0
frust_shell_common::perf: frust-perf raw n=1587 total_us=3330 rebuild_us=189 layout_us=0 paint_us=90 encode_us=13 acquire_us=105 submit_us=2930 skipped=0 gpu_q=1 gpu_total_us=701 gpu_prepass_us=0 gpu_main_us=701 gpu_composite_us=0 gpu_blit_us=0
frust_shell_common::perf: frust-perf raw n=1588 total_us=3379 rebuild_us=201 layout_us=0 paint_us=98 encode_us=14 acquire_us=102 submit_us=2962 skipped=0 gpu_q=1 gpu_total_us=718 gpu_prepass_us=0 gpu_main_us=718 gpu_composite_us=0 gpu_blit_us=0
frust_shell_common::perf: frust-perf raw n=1589 total_us=3362 rebuild_us=188 layout_us=0 paint_us=90 encode_us=15 acquire_us=103 submit_us=2964 skipped=0 gpu_q=1 gpu_total_us=695 gpu_prepass_us=0 gpu_main_us=695 gpu_composite_us=0 gpu_blit_us=0
frust_shell_common::perf: frust-perf raw n=1590 total_us=3340 rebuild_us=192 layout_us=0 paint_us=89 encode_us=15 acquire_us=103 submit_us=2939 skipped=0 gpu_q=1 gpu_total_us=706 gpu_prepass_us=0 gpu_main_us=706 gpu_composite_us=0 gpu_blit_us=0
frust_shell_common::perf: frust-perf raw n=1591 total_us=3406 rebuild_us=185 layout_us=0 paint_us=94 encode_us=16 acquire_us=109 submit_us=2999 skipped=0 gpu_q=1 gpu_total_us=698 gpu_prepass_us=0 gpu_main_us=698 gpu_composite_us=0 gpu_blit_us=0
frust_shell_common::perf: frust-perf raw n=1592 total_us=3483 rebuild_us=196 layout_us=0 paint_us=91 encode_us=15 acquire_us=112 submit_us=3066 skipped=0 gpu_q=1 gpu_total_us=681 gpu_prepass_us=0 gpu_main_us=681 gpu_composite_us=0 gpu_blit_us=0
frust_shell_common::perf: frust-perf raw n=1593 total_us=3280 rebuild_us=187 layout_us=0 paint_us=86 encode_us=14 acquire_us=97 submit_us=2894 skipped=0 gpu_q=1 gpu_total_us=704 gpu_prepass_us=0 gpu_main_us=704 gpu_composite_us=0 gpu_blit_us=0
frust_shell_common::perf: frust-perf raw n=1594 total_us=3219 rebuild_us=184 layout_us=0 paint_us=84 encode_us=13 acquire_us=100 submit_us=2836 skipped=0 gpu_q=1 gpu_total_us=680 gpu_prepass_us=0 gpu_main_us=680 gpu_composite_us=0 gpu_blit_us=0
frust_shell_common::perf: frust-perf raw n=1595 total_us=3399 rebuild_us=198 layout_us=0 paint_us=92 encode_us=17 acquire_us=112 submit_us=2978 skipped=0 gpu_q=1 gpu_total_us=683 gpu_prepass_us=0 gpu_main_us=683 gpu_composite_us=0 gpu_blit_us=0
frust_shell_common::perf: frust-perf raw n=1596 total_us=3403 rebuild_us=190 layout_us=0 paint_us=86 encode_us=51 acquire_us=106 submit_us=2967 skipped=0 gpu_q=1 gpu_total_us=693 gpu_prepass_us=0 gpu_main_us=693 gpu_composite_us=0 gpu_blit_us=0
frust_shell_common::perf: frust-perf raw n=1597 total_us=3432 rebuild_us=263 layout_us=0 paint_us=95 encode_us=16 acquire_us=118 submit_us=2939 skipped=0 gpu_q=1 gpu_total_us=707 gpu_prepass_us=0 gpu_main_us=707 gpu_composite_us=0 gpu_blit_us=0
frust_shell_common::perf: frust-perf raw n=1598 total_us=3297 rebuild_us=192 layout_us=0 paint_us=92 encode_us=15 acquire_us=100 submit_us=2896 skipped=0 gpu_q=1 gpu_total_us=696 gpu_prepass_us=0 gpu_main_us=696 gpu_composite_us=0 gpu_blit_us=0
frust_shell_common::perf: frust-perf raw n=1599 total_us=3293 rebuild_us=184 layout_us=0 paint_us=84 encode_us=15 acquire_us=103 submit_us=2904 skipped=0 gpu_q=1 gpu_total_us=707 gpu_prepass_us=0 gpu_main_us=707 gpu_composite_us=0 gpu_blit_us=0
frust_shell_common::perf: frust-perf raw n=1600 total_us=3307 rebuild_us=190 layout_us=0 paint_us=86 encode_us=19 acquire_us=117 submit_us=2893 skipped=0 gpu_q=1 gpu_total_us=703 gpu_prepass_us=0 gpu_main_us=703 gpu_composite_us=0 gpu_blit_us=0
frust_shell_common::perf: frust-perf raw n=1601 total_us=3413 rebuild_us=190 layout_us=0 paint_us=92 encode_us=15 acquire_us=110 submit_us=3004 skipped=0 gpu_q=1 gpu_total_us=710 gpu_prepass_us=0 gpu_main_us=710 gpu_composite_us=0 gpu_blit_us=0
frust_shell_common::perf: frust-perf raw n=1602 total_us=3491 rebuild_us=210 layout_us=0 paint_us=89 encode_us=14 acquire_us=102 submit_us=3073 skipped=0 gpu_q=1 gpu_total_us=680 gpu_prepass_us=0 gpu_main_us=680 gpu_composite_us=0 gpu_blit_us=0
frust_shell_common::perf: frust-perf raw n=1603 total_us=3407 rebuild_us=196 layout_us=0 paint_us=91 encode_us=13 acquire_us=108 submit_us=2996 skipped=0 gpu_q=1 gpu_total_us=701 gpu_prepass_us=0 gpu_main_us=701 gpu_composite_us=0 gpu_blit_us=0
frust_shell_common::perf: frust-perf raw n=1604 total_us=3286 rebuild_us=178 layout_us=0 paint_us=86 encode_us=15 acquire_us=98 submit_us=2907 skipped=0 gpu_q=1 gpu_total_us=702 gpu_prepass_us=0 gpu_main_us=702 gpu_composite_us=0 gpu_blit_us=0
frust_shell_common::perf: frust-perf raw n=1605 total_us=6724 rebuild_us=188 layout_us=0 paint_us=89 encode_us=36 acquire_us=186 submit_us=6223 skipped=0 gpu_q=1 gpu_total_us=716 gpu_prepass_us=0 gpu_main_us=716 gpu_composite_us=0 gpu_blit_us=0
frust_shell_common::perf: frust-perf raw n=1606 total_us=5665 rebuild_us=164 layout_us=0 paint_us=78 encode_us=37 acquire_us=190 submit_us=5194 skipped=0 gpu_q=1 gpu_total_us=705 gpu_prepass_us=0 gpu_main_us=705 gpu_composite_us=0 gpu_blit_us=0
frust_shell_common::perf: frust-perf raw n=1607 total_us=4313 rebuild_us=121 layout_us=0 paint_us=56 encode_us=29 acquire_us=120 submit_us=3985 skipped=0 gpu_q=1 gpu_total_us=706 gpu_prepass_us=0 gpu_main_us=706 gpu_composite_us=0 gpu_blit_us=0
frust_shell_common::perf: frust-perf raw n=1608 total_us=3796 rebuild_us=95 layout_us=0 paint_us=44 encode_us=20 acquire_us=99 submit_us=3536 skipped=0 gpu_q=1 gpu_total_us=712 gpu_prepass_us=0 gpu_main_us=712 gpu_composite_us=0 gpu_blit_us=0
frust_shell_common::perf: frust-perf raw n=1609 total_us=4001 rebuild_us=115 layout_us=0 paint_us=54 encode_us=26 acquire_us=121 submit_us=3682 skipped=0 gpu_q=1 gpu_total_us=668 gpu_prepass_us=0 gpu_main_us=668 gpu_composite_us=0 gpu_blit_us=0
frust_shell_common::perf: frust-perf raw n=1610 total_us=4007 rebuild_us=95 layout_us=0 paint_us=45 encode_us=19 acquire_us=93 submit_us=3753 skipped=0 gpu_q=1 gpu_total_us=668 gpu_prepass_us=0 gpu_main_us=668 gpu_composite_us=0 gpu_blit_us=0
frust_shell_common::perf: frust-perf raw n=1611 total_us=5452 rebuild_us=112 layout_us=0 paint_us=51 encode_us=25 acquire_us=116 submit_us=5147 skipped=0 gpu_q=1 gpu_total_us=664 gpu_prepass_us=0 gpu_main_us=664 gpu_composite_us=0 gpu_blit_us=0
frust_shell_common::perf: frust-perf raw n=1612 total_us=5662 rebuild_us=133 layout_us=0 paint_us=65 encode_us=28 acquire_us=148 submit_us=5286 skipped=0 gpu_q=1 gpu_total_us=677 gpu_prepass_us=0 gpu_main_us=677 gpu_composite_us=0 gpu_blit_us=0
frust_shell_common::perf: frust-perf raw n=1613 total_us=4439 rebuild_us=122 layout_us=0 paint_us=60 encode_us=27 acquire_us=125 submit_us=4101 skipped=0 gpu_q=1 gpu_total_us=713 gpu_prepass_us=0 gpu_main_us=713 gpu_composite_us=0 gpu_blit_us=0
frust_shell_common::perf: frust-perf raw n=1614 total_us=4527 rebuild_us=114 layout_us=0 paint_us=53 encode_us=28 acquire_us=132 submit_us=4198 skipped=0 gpu_q=1 gpu_total_us=717 gpu_prepass_us=0 gpu_main_us=717 gpu_composite_us=0 gpu_blit_us=0
frust_shell_common::perf: frust-perf raw n=1615 total_us=5581 rebuild_us=110 layout_us=0 paint_us=54 encode_us=25 acquire_us=308 submit_us=5082 skipped=0 gpu_q=1 gpu_total_us=664 gpu_prepass_us=0 gpu_main_us=664 gpu_composite_us=0 gpu_blit_us=0
frust_shell_common::perf: frust-perf raw n=1616 total_us=4060 rebuild_us=113 layout_us=0 paint_us=50 encode_us=25 acquire_us=112 submit_us=3758 skipped=0 gpu_q=1 gpu_total_us=666 gpu_prepass_us=0 gpu_main_us=666 gpu_composite_us=0 gpu_blit_us=0
frust_shell_common::perf: frust-perf raw n=1617 total_us=4546 rebuild_us=114 layout_us=0 paint_us=55 encode_us=29 acquire_us=116 submit_us=4230 skipped=0 gpu_q=1 gpu_total_us=668 gpu_prepass_us=0 gpu_main_us=668 gpu_composite_us=0 gpu_blit_us=0
frust_shell_common::perf: frust-perf raw n=1618 total_us=3209 rebuild_us=112 layout_us=0 paint_us=54 encode_us=21 acquire_us=158 submit_us=2861 skipped=0 gpu_q=1 gpu_total_us=665 gpu_prepass_us=0 gpu_main_us=665 gpu_composite_us=0 gpu_blit_us=0
frust_shell_common::perf: frust-perf raw n=1619 total_us=3357 rebuild_us=188 layout_us=0 paint_us=92 encode_us=14 acquire_us=103 submit_us=2956 skipped=0 gpu_q=1 gpu_total_us=666 gpu_prepass_us=0 gpu_main_us=666 gpu_composite_us=0 gpu_blit_us=0
frust_engine::renderer: frust-perf enc n=1620 w=60 validate_us=3.6 prepare_us=3.5 classify_us=12.5 admit_us=0.3 walk_us=503.0 glyphs_us=215.5 finish_us=2.7 compile_us=526.4 schedule_us=3.9 paints_us=13.7 instances_us=30.5 resize_us=2.9 upload_us=210.6 replay_us=0.3 pipelines_us=17.6 record_us=31.5 total_us=834.7 total_p95_us=1637.0 draws=46 strips=1073 alphas=28576 glyph_draws=36 atlas_glyphs=36
frust_shell_common::perf: frust-perf raw n=1620 total_us=3628 rebuild_us=192 layout_us=0 paint_us=86 encode_us=16 acquire_us=107 submit_us=3226 skipped=0 gpu_q=1 gpu_total_us=666 gpu_prepass_us=0 gpu_main_us=666 gpu_composite_us=0 gpu_blit_us=0
frust_shell_common::perf: frust-perf raw n=1621 total_us=3414 rebuild_us=192 layout_us=0 paint_us=88 encode_us=17 acquire_us=105 submit_us=3009 skipped=0 gpu_q=1 gpu_total_us=663 gpu_prepass_us=0 gpu_main_us=663 gpu_composite_us=0 gpu_blit_us=0
frust_shell_common::perf: frust-perf raw n=1622 total_us=3452 rebuild_us=193 layout_us=0 paint_us=91 encode_us=16 acquire_us=107 submit_us=3043 skipped=0 gpu_q=1 gpu_total_us=708 gpu_prepass_us=0 gpu_main_us=708 gpu_composite_us=0 gpu_blit_us=0
frust_shell_common::perf: frust-perf raw n=1623 total_us=3388 rebuild_us=188 layout_us=0 paint_us=91 encode_us=15 acquire_us=106 submit_us=2985 skipped=0 gpu_q=1 gpu_total_us=717 gpu_prepass_us=0 gpu_main_us=717 gpu_composite_us=0 gpu_blit_us=0
frust_shell_common::perf: frust-perf raw n=1624 total_us=3442 rebuild_us=199 layout_us=0 paint_us=96 encode_us=13 acquire_us=111 submit_us=3020 skipped=0 gpu_q=1 gpu_total_us=716 gpu_prepass_us=0 gpu_main_us=716 gpu_composite_us=0 gpu_blit_us=0
frust_shell_common::perf: frust-perf raw n=1625 total_us=3372 rebuild_us=188 layout_us=0 paint_us=94 encode_us=15 acquire_us=100 submit_us=2973 skipped=0 gpu_q=1 gpu_total_us=694 gpu_prepass_us=0 gpu_main_us=694 gpu_composite_us=0 gpu_blit_us=0
frust_shell_common::perf: frust-perf raw n=1626 total_us=3403 rebuild_us=187 layout_us=0 paint_us=92 encode_us=14 acquire_us=107 submit_us=2999 skipped=0 gpu_q=1 gpu_total_us=704 gpu_prepass_us=0 gpu_main_us=704 gpu_composite_us=0 gpu_blit_us=0
frust_shell_common::perf: frust-perf raw n=1627 total_us=3376 rebuild_us=185 layout_us=0 paint_us=93 encode_us=14 acquire_us=106 submit_us=2976 skipped=0 gpu_q=1 gpu_total_us=677 gpu_prepass_us=0 gpu_main_us=677 gpu_composite_us=0 gpu_blit_us=0
frust_shell_common::perf: frust-perf raw n=1628 total_us=3345 rebuild_us=193 layout_us=0 paint_us=87 encode_us=18 acquire_us=106 submit_us=2939 skipped=0 gpu_q=1 gpu_total_us=715 gpu_prepass_us=0 gpu_main_us=715 gpu_composite_us=0 gpu_blit_us=0
frust_shell_common::perf: frust-perf raw n=1629 total_us=3399 rebuild_us=191 layout_us=0 paint_us=90 encode_us=13 acquire_us=109 submit_us=2994 skipped=0 gpu_q=1 gpu_total_us=707 gpu_prepass_us=0 gpu_main_us=707 gpu_composite_us=0 gpu_blit_us=0
frust_shell_common::perf: frust-perf raw n=1630 total_us=3132 rebuild_us=176 layout_us=0 paint_us=87 encode_us=15 acquire_us=96 submit_us=2756 skipped=0 gpu_q=1 gpu_total_us=703 gpu_prepass_us=0 gpu_main_us=703 gpu_composite_us=0 gpu_blit_us=0
frust_shell_common::perf: frust-perf raw n=1631 total_us=3452 rebuild_us=266 layout_us=0 paint_us=105 encode_us=14 acquire_us=108 submit_us=2957 skipped=0 gpu_q=1 gpu_total_us=710 gpu_prepass_us=0 gpu_main_us=710 gpu_composite_us=0 gpu_blit_us=0
frust_shell_common::perf: frust-perf raw n=1632 total_us=3267 rebuild_us=185 layout_us=0 paint_us=87 encode_us=14 acquire_us=107 submit_us=2872 skipped=0 gpu_q=1 gpu_total_us=695 gpu_prepass_us=0 gpu_main_us=695 gpu_composite_us=0 gpu_blit_us=0
frust_shell_common::perf: frust-perf raw n=1633 total_us=3295 rebuild_us=184 layout_us=0 paint_us=87 encode_us=17 acquire_us=112 submit_us=2891 skipped=0 gpu_q=1 gpu_total_us=716 gpu_prepass_us=0 gpu_main_us=716 gpu_composite_us=0 gpu_blit_us=0
frust_shell_common::perf: frust-perf raw n=1634 total_us=3359 rebuild_us=193 layout_us=0 paint_us=85 encode_us=18 acquire_us=100 submit_us=2960 skipped=0 gpu_q=1 gpu_total_us=697 gpu_prepass_us=0 gpu_main_us=697 gpu_composite_us=0 gpu_blit_us=0
frust_shell_common::perf: frust-perf raw n=1635 total_us=3408 rebuild_us=175 layout_us=0 paint_us=85 encode_us=15 acquire_us=107 submit_us=3024 skipped=0 gpu_q=1 gpu_total_us=735 gpu_prepass_us=0 gpu_main_us=735 gpu_composite_us=0 gpu_blit_us=0
frust_shell_common::perf: frust-perf raw n=1636 total_us=3453 rebuild_us=187 layout_us=0 paint_us=88 encode_us=18 acquire_us=111 submit_us=3047 skipped=0 gpu_q=1 gpu_total_us=693 gpu_prepass_us=0 gpu_main_us=693 gpu_composite_us=0 gpu_blit_us=0
frust_shell_common::perf: frust-perf raw n=1637 total_us=3433 rebuild_us=192 layout_us=0 paint_us=90 encode_us=14 acquire_us=103 submit_us=3030 skipped=0 gpu_q=1 gpu_total_us=724 gpu_prepass_us=0 gpu_main_us=724 gpu_composite_us=0 gpu_blit_us=0
frust_shell_common::perf: frust-perf raw n=1638 total_us=3402 rebuild_us=181 layout_us=0 paint_us=86 encode_us=18 acquire_us=105 submit_us=3010 skipped=0 gpu_q=1 gpu_total_us=717 gpu_prepass_us=0 gpu_main_us=717 gpu_composite_us=0 gpu_blit_us=0
frust_shell_common::perf: frust-perf frame n=120 total_p50_ms=3 total_p95_ms=5 total_p99_ms=5 rebuild_p95_ms=0 layout_p95_ms=0 paint_p95_ms=0 encode_p95_ms=0 acquire_p95_ms=0 submit_p95_ms=5 over_60hz=1 over_120hz=4 skipped=0 total_frames=1638
frust_shell_common::perf: frust-perf raw n=1639 total_us=3507 rebuild_us=181 layout_us=0 paint_us=87 encode_us=14 acquire_us=106 submit_us=3117 skipped=0 gpu_q=1 gpu_total_us=702 gpu_prepass_us=0 gpu_main_us=702 gpu_composite_us=0 gpu_blit_us=0
frust_shell_common::perf: frust-perf raw n=1640 total_us=3437 rebuild_us=182 layout_us=0 paint_us=90 encode_us=14 acquire_us=104 submit_us=3043 skipped=0 gpu_q=1 gpu_total_us=719 gpu_prepass_us=0 gpu_main_us=719 gpu_composite_us=0 gpu_blit_us=0
frust_shell_common::perf: frust-perf raw n=1641 total_us=3544 rebuild_us=196 layout_us=0 paint_us=93 encode_us=13 acquire_us=103 submit_us=3137 skipped=0 gpu_q=1 gpu_total_us=730 gpu_prepass_us=0 gpu_main_us=730 gpu_composite_us=0 gpu_blit_us=0
frust_shell_common::perf: frust-perf raw n=1642 total_us=5632 rebuild_us=199 layout_us=0 paint_us=90 encode_us=37 acquire_us=180 submit_us=5125 skipped=0 gpu_q=1 gpu_total_us=716 gpu_prepass_us=0 gpu_main_us=716 gpu_composite_us=0 gpu_blit_us=0
frust_shell_common::perf: frust-perf raw n=1643 total_us=3488 rebuild_us=120 layout_us=0 paint_us=57 encode_us=22 acquire_us=168 submit_us=3119 skipped=0 gpu_q=1 gpu_total_us=714 gpu_prepass_us=0 gpu_main_us=714 gpu_composite_us=0 gpu_blit_us=0
frust_shell_common::perf: frust-perf raw n=1644 total_us=3492 rebuild_us=172 layout_us=0 paint_us=79 encode_us=16 acquire_us=97 submit_us=3126 skipped=0 gpu_q=1 gpu_total_us=711 gpu_prepass_us=0 gpu_main_us=711 gpu_composite_us=0 gpu_blit_us=0
frust_shell_common::perf: frust-perf raw n=1645 total_us=3385 rebuild_us=188 layout_us=0 paint_us=91 encode_us=14 acquire_us=105 submit_us=2984 skipped=0 gpu_q=1 gpu_total_us=725 gpu_prepass_us=0 gpu_main_us=725 gpu_composite_us=0 gpu_blit_us=0
frust_shell_common::perf: frust-perf raw n=1646 total_us=3544 rebuild_us=186 layout_us=0 paint_us=92 encode_us=16 acquire_us=101 submit_us=3147 skipped=0 gpu_q=1 gpu_total_us=685 gpu_prepass_us=0 gpu_main_us=685 gpu_composite_us=0 gpu_blit_us=0
frust_shell_common::perf: frust-perf raw n=1647 total_us=3306 rebuild_us=195 layout_us=0 paint_us=89 encode_us=17 acquire_us=100 submit_us=2904 skipped=0 gpu_q=1 gpu_total_us=709 gpu_prepass_us=0 gpu_main_us=709 gpu_composite_us=0 gpu_blit_us=0
frust_shell_common::perf: frust-perf raw n=1648 total_us=3261 rebuild_us=263 layout_us=0 paint_us=94 encode_us=15 acquire_us=110 submit_us=2776 skipped=0 gpu_q=1 gpu_total_us=740 gpu_prepass_us=0 gpu_main_us=740 gpu_composite_us=0 gpu_blit_us=0
frust_shell_common::perf: frust-perf raw n=1649 total_us=3383 rebuild_us=205 layout_us=0 paint_us=94 encode_us=15 acquire_us=108 submit_us=2959 skipped=0 gpu_q=1 gpu_total_us=710 gpu_prepass_us=0 gpu_main_us=710 gpu_composite_us=0 gpu_blit_us=0
frust_shell_common::perf: frust-perf raw n=1650 total_us=3307 rebuild_us=199 layout_us=0 paint_us=91 encode_us=18 acquire_us=114 submit_us=2883 skipped=0 gpu_q=1 gpu_total_us=720 gpu_prepass_us=0 gpu_main_us=720 gpu_composite_us=0 gpu_blit_us=0
frust_shell_common::perf: frust-perf raw n=1651 total_us=3382 rebuild_us=192 layout_us=0 paint_us=89 encode_us=21 acquire_us=115 submit_us=2962 skipped=0 gpu_q=1 gpu_total_us=716 gpu_prepass_us=0 gpu_main_us=716 gpu_composite_us=0 gpu_blit_us=0
frust_shell_common::perf: frust-perf raw n=1652 total_us=3377 rebuild_us=196 layout_us=0 paint_us=88 encode_us=16 acquire_us=103 submit_us=2971 skipped=0 gpu_q=1 gpu_total_us=716 gpu_prepass_us=0 gpu_main_us=716 gpu_composite_us=0 gpu_blit_us=0
frust_shell_common::perf: frust-perf raw n=1653 total_us=3282 rebuild_us=185 layout_us=0 paint_us=94 encode_us=15 acquire_us=95 submit_us=2890 skipped=0 gpu_q=1 gpu_total_us=731 gpu_prepass_us=0 gpu_main_us=731 gpu_composite_us=0 gpu_blit_us=0
frust_shell_common::perf: frust-perf raw n=1654 total_us=3344 rebuild_us=188 layout_us=0 paint_us=87 encode_us=13 acquire_us=100 submit_us=2953 skipped=0 gpu_q=1 gpu_total_us=709 gpu_prepass_us=0 gpu_main_us=709 gpu_composite_us=0 gpu_blit_us=0
frust_shell_common::perf: frust-perf raw n=1655 total_us=3198 rebuild_us=182 layout_us=0 paint_us=82 encode_us=13 acquire_us=98 submit_us=2821 skipped=0 gpu_q=1 gpu_total_us=733 gpu_prepass_us=0 gpu_main_us=733 gpu_composite_us=0 gpu_blit_us=0
frust_shell_common::perf: frust-perf raw n=1656 total_us=3659 rebuild_us=211 layout_us=0 paint_us=99 encode_us=18 acquire_us=113 submit_us=3216 skipped=0 gpu_q=1 gpu_total_us=735 gpu_prepass_us=0 gpu_main_us=735 gpu_composite_us=0 gpu_blit_us=0
frust_shell_common::perf: frust-perf raw n=1657 total_us=3324 rebuild_us=183 layout_us=0 paint_us=88 encode_us=17 acquire_us=108 submit_us=2926 skipped=0 gpu_q=1 gpu_total_us=699 gpu_prepass_us=0 gpu_main_us=699 gpu_composite_us=0 gpu_blit_us=0
frust_shell_common::perf: frust-perf raw n=1658 total_us=3377 rebuild_us=189 layout_us=0 paint_us=84 encode_us=15 acquire_us=106 submit_us=2980 skipped=0 gpu_q=1 gpu_total_us=715 gpu_prepass_us=0 gpu_main_us=715 gpu_composite_us=0 gpu_blit_us=0
frust_shell_common::perf: frust-perf raw n=1659 total_us=3399 rebuild_us=198 layout_us=0 paint_us=94 encode_us=14 acquire_us=100 submit_us=2990 skipped=0 gpu_q=1 gpu_total_us=698 gpu_prepass_us=0 gpu_main_us=698 gpu_composite_us=0 gpu_blit_us=0
frust_shell_common::perf: frust-perf raw n=1660 total_us=3337 rebuild_us=196 layout_us=0 paint_us=87 encode_us=16 acquire_us=107 submit_us=2928 skipped=0 gpu_q=1 gpu_total_us=668 gpu_prepass_us=0 gpu_main_us=668 gpu_composite_us=0 gpu_blit_us=0
frust_shell_common::perf: frust-perf raw n=1661 total_us=3380 rebuild_us=191 layout_us=0 paint_us=89 encode_us=14 acquire_us=104 submit_us=2980 skipped=0 gpu_q=1 gpu_total_us=695 gpu_prepass_us=0 gpu_main_us=695 gpu_composite_us=0 gpu_blit_us=0
frust_shell_common::perf: frust-perf raw n=1662 total_us=3244 rebuild_us=184 layout_us=0 paint_us=85 encode_us=14 acquire_us=96 submit_us=2863 skipped=0 gpu_q=1 gpu_total_us=709 gpu_prepass_us=0 gpu_main_us=709 gpu_composite_us=0 gpu_blit_us=0
frust_shell_common::perf: frust-perf raw n=1663 total_us=3312 rebuild_us=179 layout_us=0 paint_us=90 encode_us=13 acquire_us=105 submit_us=2923 skipped=0 gpu_q=1 gpu_total_us=707 gpu_prepass_us=0 gpu_main_us=707 gpu_composite_us=0 gpu_blit_us=0
frust_shell_common::perf: frust-perf raw n=1664 total_us=3174 rebuild_us=175 layout_us=0 paint_us=86 encode_us=18 acquire_us=98 submit_us=2795 skipped=0 gpu_q=1 gpu_total_us=685 gpu_prepass_us=0 gpu_main_us=685 gpu_composite_us=0 gpu_blit_us=0
frust_shell_common::perf: frust-perf raw n=1665 total_us=3355 rebuild_us=262 layout_us=0 paint_us=94 encode_us=17 acquire_us=107 submit_us=2872 skipped=0 gpu_q=1 gpu_total_us=695 gpu_prepass_us=0 gpu_main_us=695 gpu_composite_us=0 gpu_blit_us=0
frust_shell_common::perf: frust-perf raw n=1666 total_us=3257 rebuild_us=195 layout_us=0 paint_us=90 encode_us=15 acquire_us=108 submit_us=2846 skipped=0 gpu_q=1 gpu_total_us=707 gpu_prepass_us=0 gpu_main_us=707 gpu_composite_us=0 gpu_blit_us=0
frust_shell_common::perf: frust-perf raw n=1667 total_us=3261 rebuild_us=189 layout_us=0 paint_us=88 encode_us=15 acquire_us=106 submit_us=2861 skipped=0 gpu_q=1 gpu_total_us=700 gpu_prepass_us=0 gpu_main_us=700 gpu_composite_us=0 gpu_blit_us=0
frust_shell_common::perf: frust-perf raw n=1668 total_us=3435 rebuild_us=197 layout_us=0 paint_us=93 encode_us=15 acquire_us=112 submit_us=3016 skipped=0 gpu_q=1 gpu_total_us=708 gpu_prepass_us=0 gpu_main_us=708 gpu_composite_us=0 gpu_blit_us=0
frust_shell_common::perf: frust-perf raw n=1669 total_us=3262 rebuild_us=179 layout_us=0 paint_us=82 encode_us=19 acquire_us=99 submit_us=2882 skipped=0 gpu_q=1 gpu_total_us=685 gpu_prepass_us=0 gpu_main_us=685 gpu_composite_us=0 gpu_blit_us=0
frust_shell_android::app::frame: frust-perf platform-view tail depth=0 target=0 acquire_bound=false frame=1680 expected_present_us=0 acquire_us=103 period_us=8236
frust_shell_common::perf: frust-perf raw n=1670 total_us=3625 rebuild_us=197 layout_us=0 paint_us=98 encode_us=15 acquire_us=112 submit_us=3200 skipped=0 gpu_q=1 gpu_total_us=688 gpu_prepass_us=0 gpu_main_us=688 gpu_composite_us=0 gpu_blit_us=0
frust_shell_common::perf: frust-perf raw n=1671 total_us=3225 rebuild_us=134 layout_us=0 paint_us=64 encode_us=14 acquire_us=101 submit_us=2910 skipped=0 gpu_q=1 gpu_total_us=703 gpu_prepass_us=0 gpu_main_us=703 gpu_composite_us=0 gpu_blit_us=0
frust_shell_common::perf: frust-perf raw n=1672 total_us=3221 rebuild_us=170 layout_us=0 paint_us=76 encode_us=12 acquire_us=95 submit_us=2865 skipped=0 gpu_q=1 gpu_total_us=709 gpu_prepass_us=0 gpu_main_us=709 gpu_composite_us=0 gpu_blit_us=0
frust_shell_common::perf: frust-perf raw n=1673 total_us=3401 rebuild_us=185 layout_us=0 paint_us=91 encode_us=15 acquire_us=100 submit_us=3008 skipped=0 gpu_q=1 gpu_total_us=709 gpu_prepass_us=0 gpu_main_us=709 gpu_composite_us=0 gpu_blit_us=0
frust_shell_common::perf: frust-perf raw n=1674 total_us=3391 rebuild_us=189 layout_us=0 paint_us=93 encode_us=14 acquire_us=109 submit_us=2984 skipped=0 gpu_q=1 gpu_total_us=684 gpu_prepass_us=0 gpu_main_us=684 gpu_composite_us=0 gpu_blit_us=0
frust_shell_common::perf: frust-perf raw n=1675 total_us=6257 rebuild_us=190 layout_us=0 paint_us=86 encode_us=43 acquire_us=182 submit_us=5754 skipped=0 gpu_q=1 gpu_total_us=696 gpu_prepass_us=0 gpu_main_us=696 gpu_composite_us=0 gpu_blit_us=0
frust_shell_common::perf: frust-perf raw n=1676 total_us=4165 rebuild_us=144 layout_us=0 paint_us=65 encode_us=30 acquire_us=140 submit_us=3784 skipped=0 gpu_q=1 gpu_total_us=698 gpu_prepass_us=0 gpu_main_us=698 gpu_composite_us=0 gpu_blit_us=0
frust_shell_common::perf: frust-perf raw n=1677 total_us=3753 rebuild_us=99 layout_us=0 paint_us=46 encode_us=20 acquire_us=109 submit_us=3476 skipped=0 gpu_q=1 gpu_total_us=709 gpu_prepass_us=0 gpu_main_us=709 gpu_composite_us=0 gpu_blit_us=0
frust_shell_common::perf: frust-perf raw n=1678 total_us=5676 rebuild_us=112 layout_us=0 paint_us=58 encode_us=22 acquire_us=114 submit_us=5368 skipped=0 gpu_q=1 gpu_total_us=706 gpu_prepass_us=0 gpu_main_us=706 gpu_composite_us=0 gpu_blit_us=0
frust_shell_common::perf: frust-perf raw n=1679 total_us=5620 rebuild_us=128 layout_us=0 paint_us=64 encode_us=27 acquire_us=151 submit_us=5249 skipped=0 gpu_q=1 gpu_total_us=667 gpu_prepass_us=0 gpu_main_us=667 gpu_composite_us=0 gpu_blit_us=0
frust_engine::renderer: frust-perf enc n=1680 w=60 validate_us=3.4 prepare_us=3.2 classify_us=12.4 admit_us=0.3 walk_us=502.4 glyphs_us=214.7 finish_us=2.4 compile_us=526.3 schedule_us=3.7 paints_us=13.5 instances_us=30.2 resize_us=2.9 upload_us=205.5 replay_us=0.3 pipelines_us=16.8 record_us=30.8 total_us=830.4 total_p95_us=1497.7 draws=46 strips=1073 alphas=28576 glyph_draws=36 atlas_glyphs=36
frust_shell_common::perf: frust-perf raw n=1680 total_us=5750 rebuild_us=129 layout_us=0 paint_us=58 encode_us=26 acquire_us=136 submit_us=5400 skipped=0 gpu_q=1 gpu_total_us=670 gpu_prepass_us=0 gpu_main_us=670 gpu_composite_us=0 gpu_blit_us=0
frust_shell_common::perf: frust-perf raw n=1681 total_us=4686 rebuild_us=130 layout_us=0 paint_us=57 encode_us=27 acquire_us=135 submit_us=4334 skipped=0 gpu_q=1 gpu_total_us=673 gpu_prepass_us=0 gpu_main_us=673 gpu_composite_us=0 gpu_blit_us=0
frust_shell_common::perf: frust-perf raw n=1682 total_us=5535 rebuild_us=123 layout_us=0 paint_us=59 encode_us=30 acquire_us=293 submit_us=5028 skipped=0 gpu_q=1 gpu_total_us=669 gpu_prepass_us=0 gpu_main_us=669 gpu_composite_us=0 gpu_blit_us=0
frust_shell_common::perf: frust-perf raw n=1683 total_us=5264 rebuild_us=110 layout_us=0 paint_us=54 encode_us=26 acquire_us=133 submit_us=4939 skipped=0 gpu_q=1 gpu_total_us=671 gpu_prepass_us=0 gpu_main_us=671 gpu_composite_us=0 gpu_blit_us=0
frust_shell_common::perf: frust-perf raw n=1684 total_us=4807 rebuild_us=133 layout_us=0 paint_us=62 encode_us=25 acquire_us=120 submit_us=4465 skipped=0 gpu_q=1 gpu_total_us=670 gpu_prepass_us=0 gpu_main_us=670 gpu_composite_us=0 gpu_blit_us=0
frust_shell_common::perf: frust-perf raw n=1685 total_us=4585 rebuild_us=121 layout_us=0 paint_us=60 encode_us=24 acquire_us=130 submit_us=4248 skipped=0 gpu_q=1 gpu_total_us=667 gpu_prepass_us=0 gpu_main_us=667 gpu_composite_us=0 gpu_blit_us=0
frust_shell_common::perf: frust-perf raw n=1686 total_us=3331 rebuild_us=130 layout_us=0 paint_us=61 encode_us=22 acquire_us=175 submit_us=2941 skipped=0 gpu_q=1 gpu_total_us=673 gpu_prepass_us=0 gpu_main_us=673 gpu_composite_us=0 gpu_blit_us=0
frust_shell_common::perf: frust-perf raw n=1687 total_us=3452 rebuild_us=184 layout_us=0 paint_us=85 encode_us=17 acquire_us=110 submit_us=3055 skipped=0 gpu_q=1 gpu_total_us=667 gpu_prepass_us=0 gpu_main_us=667 gpu_composite_us=0 gpu_blit_us=0
frust_shell_common::perf: frust-perf raw n=1688 total_us=3244 rebuild_us=180 layout_us=0 paint_us=87 encode_us=15 acquire_us=96 submit_us=2863 skipped=0 gpu_q=1 gpu_total_us=666 gpu_prepass_us=0 gpu_main_us=666 gpu_composite_us=0 gpu_blit_us=0
frust_shell_common::perf: frust-perf raw n=1689 total_us=3692 rebuild_us=204 layout_us=0 paint_us=92 encode_us=17 acquire_us=128 submit_us=3249 skipped=0 gpu_q=1 gpu_total_us=667 gpu_prepass_us=0 gpu_main_us=667 gpu_composite_us=0 gpu_blit_us=0
frust_shell_common::perf: frust-perf raw n=1690 total_us=3430 rebuild_us=186 layout_us=0 paint_us=85 encode_us=16 acquire_us=107 submit_us=3034 skipped=0 gpu_q=1 gpu_total_us=708 gpu_prepass_us=0 gpu_main_us=708 gpu_composite_us=0 gpu_blit_us=0
frust_shell_common::perf: frust-perf raw n=1691 total_us=3428 rebuild_us=189 layout_us=0 paint_us=86 encode_us=14 acquire_us=105 submit_us=3031 skipped=0 gpu_q=1 gpu_total_us=693 gpu_prepass_us=0 gpu_main_us=693 gpu_composite_us=0 gpu_blit_us=0
frust_shell_common::perf: frust-perf raw n=1692 total_us=3380 rebuild_us=192 layout_us=0 paint_us=92 encode_us=14 acquire_us=106 submit_us=2974 skipped=0 gpu_q=1 gpu_total_us=683 gpu_prepass_us=0 gpu_main_us=683 gpu_composite_us=0 gpu_blit_us=0
frust_shell_common::perf: frust-perf raw n=1693 total_us=3372 rebuild_us=192 layout_us=0 paint_us=86 encode_us=14 acquire_us=101 submit_us=2977 skipped=0 gpu_q=1 gpu_total_us=715 gpu_prepass_us=0 gpu_main_us=715 gpu_composite_us=0 gpu_blit_us=0
frust_shell_common::perf: frust-perf raw n=1694 total_us=3411 rebuild_us=189 layout_us=0 paint_us=87 encode_us=14 acquire_us=99 submit_us=3020 skipped=0 gpu_q=1 gpu_total_us=704 gpu_prepass_us=0 gpu_main_us=704 gpu_composite_us=0 gpu_blit_us=0
frust_shell_common::perf: frust-perf raw n=1695 total_us=3381 rebuild_us=194 layout_us=0 paint_us=91 encode_us=15 acquire_us=101 submit_us=2977 skipped=0 gpu_q=1 gpu_total_us=696 gpu_prepass_us=0 gpu_main_us=696 gpu_composite_us=0 gpu_blit_us=0
frust_shell_common::perf: frust-perf raw n=1696 total_us=3260 rebuild_us=187 layout_us=0 paint_us=87 encode_us=13 acquire_us=101 submit_us=2869 skipped=0 gpu_q=1 gpu_total_us=702 gpu_prepass_us=0 gpu_main_us=702 gpu_composite_us=0 gpu_blit_us=0
frust_shell_common::perf: frust-perf raw n=1697 total_us=3346 rebuild_us=192 layout_us=0 paint_us=91 encode_us=15 acquire_us=113 submit_us=2932 skipped=0 gpu_q=1 gpu_total_us=696 gpu_prepass_us=0 gpu_main_us=696 gpu_composite_us=0 gpu_blit_us=0
frust_shell_common::perf: frust-perf raw n=1698 total_us=3416 rebuild_us=198 layout_us=0 paint_us=168 encode_us=18 acquire_us=124 submit_us=2907 skipped=0 gpu_q=1 gpu_total_us=690 gpu_prepass_us=0 gpu_main_us=690 gpu_composite_us=0 gpu_blit_us=0
frust_shell_common::perf: frust-perf raw n=1699 total_us=3326 rebuild_us=195 layout_us=0 paint_us=86 encode_us=15 acquire_us=105 submit_us=2922 skipped=0 gpu_q=1 gpu_total_us=724 gpu_prepass_us=0 gpu_main_us=724 gpu_composite_us=0 gpu_blit_us=0
frust_shell_common::perf: frust-perf raw n=1700 total_us=3300 rebuild_us=190 layout_us=0 paint_us=86 encode_us=14 acquire_us=106 submit_us=2902 skipped=0 gpu_q=1 gpu_total_us=706 gpu_prepass_us=0 gpu_main_us=706 gpu_composite_us=0 gpu_blit_us=0
frust_shell_common::perf: frust-perf raw n=1701 total_us=3296 rebuild_us=185 layout_us=0 paint_us=91 encode_us=16 acquire_us=118 submit_us=2884 skipped=0 gpu_q=1 gpu_total_us=734 gpu_prepass_us=0 gpu_main_us=734 gpu_composite_us=0 gpu_blit_us=0
frust_shell_common::perf: frust-perf raw n=1702 total_us=3474 rebuild_us=186 layout_us=0 paint_us=83 encode_us=14 acquire_us=102 submit_us=3087 skipped=0 gpu_q=1 gpu_total_us=765 gpu_prepass_us=0 gpu_main_us=765 gpu_composite_us=0 gpu_blit_us=0
frust_shell_common::perf: frust-perf raw n=1703 total_us=3534 rebuild_us=192 layout_us=0 paint_us=95 encode_us=15 acquire_us=106 submit_us=3124 skipped=0 gpu_q=1 gpu_total_us=737 gpu_prepass_us=0 gpu_main_us=737 gpu_composite_us=0 gpu_blit_us=0
frust_shell_common::perf: frust-perf raw n=1704 total_us=5898 rebuild_us=188 layout_us=0 paint_us=95 encode_us=37 acquire_us=176 submit_us=5399 skipped=0 gpu_q=1 gpu_total_us=724 gpu_prepass_us=0 gpu_main_us=724 gpu_composite_us=0 gpu_blit_us=0
frust_shell_common::perf: frust-perf raw n=1705 total_us=5766 rebuild_us=156 layout_us=0 paint_us=73 encode_us=33 acquire_us=167 submit_us=5335 skipped=0 gpu_q=1 gpu_total_us=724 gpu_prepass_us=0 gpu_main_us=724 gpu_composite_us=0 gpu_blit_us=0
frust_shell_common::perf: frust-perf raw n=1706 total_us=3775 rebuild_us=103 layout_us=0 paint_us=48 encode_us=23 acquire_us=102 submit_us=3497 skipped=0 gpu_q=1 gpu_total_us=748 gpu_prepass_us=0 gpu_main_us=748 gpu_composite_us=0 gpu_blit_us=0
frust_shell_common::perf: frust-perf raw n=1707 total_us=3692 rebuild_us=94 layout_us=0 paint_us=42 encode_us=20 acquire_us=95 submit_us=3439 skipped=0 gpu_q=1 gpu_total_us=721 gpu_prepass_us=0 gpu_main_us=721 gpu_composite_us=0 gpu_blit_us=0
frust_shell_common::perf: frust-perf raw n=1708 total_us=5766 rebuild_us=111 layout_us=0 paint_us=53 encode_us=24 acquire_us=120 submit_us=5456 skipped=0 gpu_q=1 gpu_total_us=703 gpu_prepass_us=0 gpu_main_us=703 gpu_composite_us=0 gpu_blit_us=0
frust_shell_common::perf: frust-perf raw n=1709 total_us=6699 rebuild_us=152 layout_us=0 paint_us=70 encode_us=33 acquire_us=166 submit_us=6275 skipped=0 gpu_q=1 gpu_total_us=699 gpu_prepass_us=0 gpu_main_us=699 gpu_composite_us=0 gpu_blit_us=0
frust_shell_common::perf: frust-perf raw n=1710 total_us=5657 rebuild_us=154 layout_us=0 paint_us=71 encode_us=37 acquire_us=160 submit_us=5233 skipped=0 gpu_q=1 gpu_total_us=728 gpu_prepass_us=0 gpu_main_us=728 gpu_composite_us=0 gpu_blit_us=0
frust_shell_common::perf: frust-perf raw n=1711 total_us=4342 rebuild_us=110 layout_us=0 paint_us=52 encode_us=26 acquire_us=159 submit_us=3992 skipped=0 gpu_q=1 gpu_total_us=740 gpu_prepass_us=0 gpu_main_us=740 gpu_composite_us=0 gpu_blit_us=0
frust_shell_common::perf: frust-perf raw n=1712 total_us=4485 rebuild_us=105 layout_us=0 paint_us=45 encode_us=20 acquire_us=119 submit_us=4194 skipped=0 gpu_q=1 gpu_total_us=702 gpu_prepass_us=0 gpu_main_us=702 gpu_composite_us=0 gpu_blit_us=0
frust_shell_common::perf: frust-perf raw n=1713 total_us=6107 rebuild_us=130 layout_us=0 paint_us=60 encode_us=25 acquire_us=134 submit_us=5757 skipped=0 gpu_q=1 gpu_total_us=700 gpu_prepass_us=0 gpu_main_us=700 gpu_composite_us=0 gpu_blit_us=0
frust_shell_common::perf: frust-perf raw n=1714 total_us=4403 rebuild_us=132 layout_us=0 paint_us=62 encode_us=25 acquire_us=139 submit_us=4042 skipped=0 gpu_q=1 gpu_total_us=704 gpu_prepass_us=0 gpu_main_us=704 gpu_composite_us=0 gpu_blit_us=0
frust_shell_common::perf: frust-perf raw n=1715 total_us=4089 rebuild_us=118 layout_us=0 paint_us=53 encode_us=23 acquire_us=127 submit_us=3766 skipped=0 gpu_q=1 gpu_total_us=700 gpu_prepass_us=0 gpu_main_us=700 gpu_composite_us=0 gpu_blit_us=0
frust_shell_common::perf: frust-perf raw n=1716 total_us=3302 rebuild_us=118 layout_us=0 paint_us=50 encode_us=21 acquire_us=151 submit_us=2959 skipped=0 gpu_q=1 gpu_total_us=709 gpu_prepass_us=0 gpu_main_us=709 gpu_composite_us=0 gpu_blit_us=0
frust_shell_common::perf: frust-perf raw n=1717 total_us=3564 rebuild_us=343 layout_us=0 paint_us=100 encode_us=15 acquire_us=111 submit_us=2992 skipped=0 gpu_q=1 gpu_total_us=708 gpu_prepass_us=0 gpu_main_us=708 gpu_composite_us=0 gpu_blit_us=0
frust_shell_common::perf: frust-perf raw n=1718 total_us=3327 rebuild_us=183 layout_us=0 paint_us=85 encode_us=15 acquire_us=112 submit_us=2930 skipped=0 gpu_q=1 gpu_total_us=704 gpu_prepass_us=0 gpu_main_us=704 gpu_composite_us=0 gpu_blit_us=0
frust_shell_common::perf: frust-perf raw n=1719 total_us=3360 rebuild_us=194 layout_us=0 paint_us=84 encode_us=14 acquire_us=107 submit_us=2958 skipped=0 gpu_q=1 gpu_total_us=723 gpu_prepass_us=0 gpu_main_us=723 gpu_composite_us=0 gpu_blit_us=0
frust_shell_common::perf: frust-perf raw n=1720 total_us=3433 rebuild_us=187 layout_us=0 paint_us=83 encode_us=17 acquire_us=105 submit_us=3038 skipped=0 gpu_q=1 gpu_total_us=732 gpu_prepass_us=0 gpu_main_us=732 gpu_composite_us=0 gpu_blit_us=0
frust_shell_common::perf: frust-perf raw n=1721 total_us=3458 rebuild_us=188 layout_us=0 paint_us=91 encode_us=17 acquire_us=110 submit_us=3049 skipped=0 gpu_q=1 gpu_total_us=759 gpu_prepass_us=0 gpu_main_us=759 gpu_composite_us=0 gpu_blit_us=0
frust_shell_common::perf: frust-perf raw n=1722 total_us=3235 rebuild_us=152 layout_us=0 paint_us=70 encode_us=15 acquire_us=97 submit_us=2899 skipped=0 gpu_q=1 gpu_total_us=728 gpu_prepass_us=0 gpu_main_us=728 gpu_composite_us=0 gpu_blit_us=0
frust_shell_common::perf: frust-perf raw n=1723 total_us=3210 rebuild_us=181 layout_us=0 paint_us=89 encode_us=14 acquire_us=97 submit_us=2827 skipped=0 gpu_q=1 gpu_total_us=743 gpu_prepass_us=0 gpu_main_us=743 gpu_composite_us=0 gpu_blit_us=0
frust_shell_common::perf: frust-perf raw n=1724 total_us=3332 rebuild_us=186 layout_us=0 paint_us=83 encode_us=13 acquire_us=106 submit_us=2941 skipped=0 gpu_q=1 gpu_total_us=727 gpu_prepass_us=0 gpu_main_us=727 gpu_composite_us=0 gpu_blit_us=0
frust_shell_common::perf: frust-perf raw n=1725 total_us=3392 rebuild_us=195 layout_us=0 paint_us=88 encode_us=16 acquire_us=113 submit_us=2978 skipped=0 gpu_q=1 gpu_total_us=779 gpu_prepass_us=0 gpu_main_us=779 gpu_composite_us=0 gpu_blit_us=0
frust_shell_common::perf: frust-perf raw n=1726 total_us=3402 rebuild_us=189 layout_us=0 paint_us=86 encode_us=18 acquire_us=113 submit_us=2993 skipped=0 gpu_q=1 gpu_total_us=740 gpu_prepass_us=0 gpu_main_us=740 gpu_composite_us=0 gpu_blit_us=0
frust_shell_common::perf: frust-perf raw n=1727 total_us=3445 rebuild_us=194 layout_us=0 paint_us=91 encode_us=14 acquire_us=103 submit_us=3041 skipped=0 gpu_q=1 gpu_total_us=744 gpu_prepass_us=0 gpu_main_us=744 gpu_composite_us=0 gpu_blit_us=0
frust_shell_common::perf: frust-perf raw n=1728 total_us=3329 rebuild_us=190 layout_us=0 paint_us=85 encode_us=13 acquire_us=105 submit_us=2933 skipped=0 gpu_q=1 gpu_total_us=744 gpu_prepass_us=0 gpu_main_us=744 gpu_composite_us=0 gpu_blit_us=0
frust_shell_common::perf: frust-perf raw n=1729 total_us=3189 rebuild_us=181 layout_us=0 paint_us=83 encode_us=15 acquire_us=100 submit_us=2809 skipped=0 gpu_q=1 gpu_total_us=744 gpu_prepass_us=0 gpu_main_us=744 gpu_composite_us=0 gpu_blit_us=0
frust_shell_common::perf: frust-perf raw n=1730 total_us=3337 rebuild_us=186 layout_us=0 paint_us=87 encode_us=14 acquire_us=103 submit_us=2945 skipped=0 gpu_q=1 gpu_total_us=739 gpu_prepass_us=0 gpu_main_us=739 gpu_composite_us=0 gpu_blit_us=0
frust_shell_common::perf: frust-perf raw n=1731 total_us=3450 rebuild_us=192 layout_us=0 paint_us=87 encode_us=14 acquire_us=106 submit_us=3049 skipped=0 gpu_q=1 gpu_total_us=767 gpu_prepass_us=0 gpu_main_us=767 gpu_composite_us=0 gpu_blit_us=0
frust_shell_common::perf: frust-perf raw n=1732 total_us=3381 rebuild_us=193 layout_us=0 paint_us=84 encode_us=15 acquire_us=102 submit_us=2985 skipped=0 gpu_q=1 gpu_total_us=737 gpu_prepass_us=0 gpu_main_us=737 gpu_composite_us=0 gpu_blit_us=0
frust_shell_common::perf: frust-perf raw n=1733 total_us=3377 rebuild_us=273 layout_us=0 paint_us=97 encode_us=18 acquire_us=109 submit_us=2877 skipped=0 gpu_q=1 gpu_total_us=768 gpu_prepass_us=0 gpu_main_us=768 gpu_composite_us=0 gpu_blit_us=0
frust_shell_common::perf: frust-perf raw n=1734 total_us=3258 rebuild_us=193 layout_us=0 paint_us=87 encode_us=14 acquire_us=110 submit_us=2851 skipped=0 gpu_q=1 gpu_total_us=761 gpu_prepass_us=0 gpu_main_us=761 gpu_composite_us=0 gpu_blit_us=0
frust_shell_common::perf: frust-perf raw n=1735 total_us=3288 rebuild_us=185 layout_us=0 paint_us=84 encode_us=14 acquire_us=108 submit_us=2895 skipped=0 gpu_q=1 gpu_total_us=769 gpu_prepass_us=0 gpu_main_us=769 gpu_composite_us=0 gpu_blit_us=0
frust_shell_common::perf: frust-perf raw n=1736 total_us=3465 rebuild_us=189 layout_us=0 paint_us=91 encode_us=14 acquire_us=111 submit_us=3057 skipped=0 gpu_q=1 gpu_total_us=779 gpu_prepass_us=0 gpu_main_us=779 gpu_composite_us=0 gpu_blit_us=0
frust_shell_common::perf: frust-perf raw n=1737 total_us=3426 rebuild_us=191 layout_us=0 paint_us=82 encode_us=12 acquire_us=102 submit_us=3037 skipped=0 gpu_q=1 gpu_total_us=769 gpu_prepass_us=0 gpu_main_us=769 gpu_composite_us=0 gpu_blit_us=0
frust_shell_common::perf: frust-perf raw n=1738 total_us=3452 rebuild_us=198 layout_us=0 paint_us=85 encode_us=17 acquire_us=105 submit_us=3045 skipped=0 gpu_q=1 gpu_total_us=773 gpu_prepass_us=0 gpu_main_us=773 gpu_composite_us=0 gpu_blit_us=0
frust_shell_common::perf: frust-perf raw n=1739 total_us=3326 rebuild_us=182 layout_us=0 paint_us=84 encode_us=13 acquire_us=108 submit_us=2936 skipped=0 gpu_q=1 gpu_total_us=766 gpu_prepass_us=0 gpu_main_us=766 gpu_composite_us=0 gpu_blit_us=0
frust_engine::renderer: frust-perf enc n=1740 w=60 validate_us=3.6 prepare_us=3.3 classify_us=12.5 admit_us=0.3 walk_us=507.4 glyphs_us=215.9 finish_us=2.6 compile_us=531.2 schedule_us=3.9 paints_us=13.8 instances_us=30.4 resize_us=2.9 upload_us=208.6 replay_us=0.3 pipelines_us=17.5 record_us=30.9 total_us=839.3 total_p95_us=1631.3 draws=46 strips=1073 alphas=28576 glyph_draws=36 atlas_glyphs=36
frust_shell_common::perf: frust-perf raw n=1740 total_us=3608 rebuild_us=185 layout_us=0 paint_us=90 encode_us=13 acquire_us=102 submit_us=3215 skipped=0 gpu_q=1 gpu_total_us=776 gpu_prepass_us=0 gpu_main_us=776 gpu_composite_us=0 gpu_blit_us=0
frust_shell_common::perf: frust-perf raw n=1741 total_us=3487 rebuild_us=192 layout_us=0 paint_us=91 encode_us=14 acquire_us=96 submit_us=3092 skipped=0 gpu_q=1 gpu_total_us=763 gpu_prepass_us=0 gpu_main_us=763 gpu_composite_us=0 gpu_blit_us=0
frust_shell_common::perf: frust-perf raw n=1742 total_us=3401 rebuild_us=180 layout_us=0 paint_us=85 encode_us=15 acquire_us=98 submit_us=3021 skipped=0 gpu_q=1 gpu_total_us=773 gpu_prepass_us=0 gpu_main_us=773 gpu_composite_us=0 gpu_blit_us=0
frust_shell_common::perf: frust-perf raw n=1743 total_us=3431 rebuild_us=186 layout_us=0 paint_us=96 encode_us=13 acquire_us=98 submit_us=3036 skipped=0 gpu_q=1 gpu_total_us=775 gpu_prepass_us=0 gpu_main_us=775 gpu_composite_us=0 gpu_blit_us=0
frust_shell_common::perf: frust-perf raw n=1744 total_us=5804 rebuild_us=195 layout_us=0 paint_us=88 encode_us=36 acquire_us=183 submit_us=5299 skipped=0 gpu_q=1 gpu_total_us=750 gpu_prepass_us=0 gpu_main_us=750 gpu_composite_us=0 gpu_blit_us=0
frust_shell_common::perf: frust-perf raw n=1745 total_us=4242 rebuild_us=185 layout_us=0 paint_us=85 encode_us=39 acquire_us=153 submit_us=3777 skipped=0 gpu_q=1 gpu_total_us=760 gpu_prepass_us=0 gpu_main_us=760 gpu_composite_us=0 gpu_blit_us=0
frust_shell_common::perf: frust-perf raw n=1746 total_us=3688 rebuild_us=107 layout_us=0 paint_us=53 encode_us=18 acquire_us=105 submit_us=3403 skipped=0 gpu_q=1 gpu_total_us=749 gpu_prepass_us=0 gpu_main_us=749 gpu_composite_us=0 gpu_blit_us=0
frust_shell_common::perf: frust-perf raw n=1747 total_us=4169 rebuild_us=109 layout_us=0 paint_us=53 encode_us=22 acquire_us=107 submit_us=3876 skipped=0 gpu_q=1 gpu_total_us=772 gpu_prepass_us=0 gpu_main_us=772 gpu_composite_us=0 gpu_blit_us=0
frust_shell_common::perf: frust-perf raw n=1748 total_us=3347 rebuild_us=112 layout_us=0 paint_us=49 encode_us=18 acquire_us=137 submit_us=3029 skipped=0 gpu_q=1 gpu_total_us=731 gpu_prepass_us=0 gpu_main_us=731 gpu_composite_us=0 gpu_blit_us=0
frust_shell_common::perf: frust-perf raw n=1749 total_us=3345 rebuild_us=165 layout_us=0 paint_us=75 encode_us=13 acquire_us=99 submit_us=2991 skipped=0 gpu_q=1 gpu_total_us=730 gpu_prepass_us=0 gpu_main_us=730 gpu_composite_us=0 gpu_blit_us=0
frust_shell_common::perf: frust-perf raw n=1750 total_us=3375 rebuild_us=203 layout_us=0 paint_us=93 encode_us=14 acquire_us=121 submit_us=2943 skipped=0 gpu_q=1 gpu_total_us=772 gpu_prepass_us=0 gpu_main_us=772 gpu_composite_us=0 gpu_blit_us=0
frust_shell_common::perf: frust-perf raw n=1751 total_us=3177 rebuild_us=184 layout_us=0 paint_us=83 encode_us=15 acquire_us=102 submit_us=2790 skipped=0 gpu_q=1 gpu_total_us=733 gpu_prepass_us=0 gpu_main_us=733 gpu_composite_us=0 gpu_blit_us=0
frust_shell_common::perf: frust-perf raw n=1752 total_us=3448 rebuild_us=189 layout_us=0 paint_us=89 encode_us=17 acquire_us=107 submit_us=3043 skipped=0 gpu_q=1 gpu_total_us=775 gpu_prepass_us=0 gpu_main_us=775 gpu_composite_us=0 gpu_blit_us=0
frust_shell_common::perf: frust-perf raw n=1753 total_us=3216 rebuild_us=176 layout_us=0 paint_us=93 encode_us=12 acquire_us=98 submit_us=2835 skipped=0 gpu_q=1 gpu_total_us=765 gpu_prepass_us=0 gpu_main_us=765 gpu_composite_us=0 gpu_blit_us=0
frust_shell_common::perf: frust-perf raw n=1754 total_us=3337 rebuild_us=188 layout_us=0 paint_us=90 encode_us=15 acquire_us=107 submit_us=2935 skipped=0 gpu_q=1 gpu_total_us=771 gpu_prepass_us=0 gpu_main_us=771 gpu_composite_us=0 gpu_blit_us=0
frust_shell_common::perf: frust-perf raw n=1755 total_us=3332 rebuild_us=190 layout_us=0 paint_us=94 encode_us=14 acquire_us=110 submit_us=2921 skipped=0 gpu_q=1 gpu_total_us=767 gpu_prepass_us=0 gpu_main_us=767 gpu_composite_us=0 gpu_blit_us=0
frust_shell_common::perf: frust-perf raw n=1756 total_us=3332 rebuild_us=188 layout_us=0 paint_us=92 encode_us=15 acquire_us=110 submit_us=2925 skipped=0 gpu_q=1 gpu_total_us=759 gpu_prepass_us=0 gpu_main_us=759 gpu_composite_us=0 gpu_blit_us=0
frust_shell_common::perf: frust-perf raw n=1757 total_us=3202 rebuild_us=159 layout_us=0 paint_us=75 encode_us=13 acquire_us=94 submit_us=2858 skipped=0 gpu_q=1 gpu_total_us=760 gpu_prepass_us=0 gpu_main_us=760 gpu_composite_us=0 gpu_blit_us=0
frust_shell_common::perf: frust-perf raw n=1758 total_us=3180 rebuild_us=167 layout_us=0 paint_us=74 encode_us=13 acquire_us=93 submit_us=2830 skipped=0 gpu_q=1 gpu_total_us=776 gpu_prepass_us=0 gpu_main_us=776 gpu_composite_us=0 gpu_blit_us=0
frust_shell_common::perf: frust-perf raw n=1759 total_us=3311 rebuild_us=169 layout_us=0 paint_us=76 encode_us=14 acquire_us=109 submit_us=2941 skipped=0 gpu_q=1 gpu_total_us=774 gpu_prepass_us=0 gpu_main_us=774 gpu_composite_us=0 gpu_blit_us=0
frust_shell_common::perf: frust-perf raw n=1760 total_us=3313 rebuild_us=181 layout_us=0 paint_us=83 encode_us=15 acquire_us=107 submit_us=2925 skipped=0 gpu_q=1 gpu_total_us=759 gpu_prepass_us=0 gpu_main_us=759 gpu_composite_us=0 gpu_blit_us=0
frust_shell_common::perf: frust-perf raw n=1761 total_us=3213 rebuild_us=135 layout_us=0 paint_us=61 encode_us=13 acquire_us=97 submit_us=2905 skipped=0 gpu_q=1 gpu_total_us=762 gpu_prepass_us=0 gpu_main_us=762 gpu_composite_us=0 gpu_blit_us=0
frust_shell_common::perf: frust-perf raw n=1762 total_us=3189 rebuild_us=156 layout_us=0 paint_us=71 encode_us=13 acquire_us=98 submit_us=2849 skipped=0 gpu_q=1 gpu_total_us=740 gpu_prepass_us=0 gpu_main_us=740 gpu_composite_us=0 gpu_blit_us=0
frust_shell_common::perf: frust-perf raw n=1763 total_us=6860 rebuild_us=167 layout_us=0 paint_us=79 encode_us=39 acquire_us=199 submit_us=6374 skipped=0 gpu_q=1 gpu_total_us=748 gpu_prepass_us=0 gpu_main_us=748 gpu_composite_us=0 gpu_blit_us=0
frust_shell_common::perf: frust-perf raw n=1764 total_us=6189 rebuild_us=159 layout_us=0 paint_us=74 encode_us=39 acquire_us=166 submit_us=5750 skipped=0 gpu_q=1 gpu_total_us=687 gpu_prepass_us=0 gpu_main_us=687 gpu_composite_us=0 gpu_blit_us=0
frust_shell_common::perf: frust-perf raw n=1765 total_us=4441 rebuild_us=111 layout_us=0 paint_us=50 encode_us=26 acquire_us=116 submit_us=4135 skipped=0 gpu_q=1 gpu_total_us=732 gpu_prepass_us=0 gpu_main_us=732 gpu_composite_us=0 gpu_blit_us=0
frust_shell_common::perf: frust-perf raw n=1766 total_us=3966 rebuild_us=103 layout_us=0 paint_us=49 encode_us=22 acquire_us=105 submit_us=3685 skipped=0 gpu_q=1 gpu_total_us=744 gpu_prepass_us=0 gpu_main_us=744 gpu_composite_us=0 gpu_blit_us=0
frust_shell_common::perf: frust-perf raw n=1767 total_us=5558 rebuild_us=114 layout_us=0 paint_us=55 encode_us=67 acquire_us=121 submit_us=5199 skipped=0 gpu_q=1 gpu_total_us=687 gpu_prepass_us=0 gpu_main_us=687 gpu_composite_us=0 gpu_blit_us=0
frust_shell_common::perf: frust-perf raw n=1768 total_us=5802 rebuild_us=123 layout_us=0 paint_us=53 encode_us=27 acquire_us=135 submit_us=5462 skipped=0 gpu_q=1 gpu_total_us=690 gpu_prepass_us=0 gpu_main_us=690 gpu_composite_us=0 gpu_blit_us=0
frust_shell_common::perf: frust-perf raw n=1769 total_us=5403 rebuild_us=127 layout_us=0 paint_us=62 encode_us=32 acquire_us=135 submit_us=5045 skipped=0 gpu_q=1 gpu_total_us=690 gpu_prepass_us=0 gpu_main_us=690 gpu_composite_us=0 gpu_blit_us=0
frust_shell_common::perf: frust-perf raw n=1770 total_us=4298 rebuild_us=109 layout_us=0 paint_us=51 encode_us=22 acquire_us=118 submit_us=3995 skipped=0 gpu_q=1 gpu_total_us=743 gpu_prepass_us=0 gpu_main_us=743 gpu_composite_us=0 gpu_blit_us=0
frust_shell_common::perf: frust-perf raw n=1771 total_us=4386 rebuild_us=109 layout_us=0 paint_us=51 encode_us=22 acquire_us=113 submit_us=4089 skipped=0 gpu_q=1 gpu_total_us=691 gpu_prepass_us=0 gpu_main_us=691 gpu_composite_us=0 gpu_blit_us=0
frust_shell_common::perf: frust-perf raw n=1772 total_us=4596 rebuild_us=120 layout_us=0 paint_us=52 encode_us=24 acquire_us=141 submit_us=4258 skipped=0 gpu_q=1 gpu_total_us=686 gpu_prepass_us=0 gpu_main_us=686 gpu_composite_us=0 gpu_blit_us=0
frust_shell_common::perf: frust-perf raw n=1773 total_us=5159 rebuild_us=119 layout_us=0 paint_us=56 encode_us=24 acquire_us=114 submit_us=4845 skipped=0 gpu_q=1 gpu_total_us=692 gpu_prepass_us=0 gpu_main_us=692 gpu_composite_us=0 gpu_blit_us=0
frust_shell_common::perf: frust-perf raw n=1774 total_us=3332 rebuild_us=133 layout_us=0 paint_us=59 encode_us=20 acquire_us=153 submit_us=2964 skipped=0 gpu_q=1 gpu_total_us=740 gpu_prepass_us=0 gpu_main_us=740 gpu_composite_us=0 gpu_blit_us=0
frust_shell_common::perf: frust-perf raw n=1775 total_us=3394 rebuild_us=179 layout_us=0 paint_us=94 encode_us=18 acquire_us=104 submit_us=2997 skipped=0 gpu_q=1 gpu_total_us=736 gpu_prepass_us=0 gpu_main_us=736 gpu_composite_us=0 gpu_blit_us=0
frust_shell_common::perf: frust-perf raw n=1776 total_us=6114 rebuild_us=184 layout_us=0 paint_us=83 encode_us=37 acquire_us=167 submit_us=5640 skipped=0 gpu_q=1 gpu_total_us=703 gpu_prepass_us=0 gpu_main_us=703 gpu_composite_us=0 gpu_blit_us=0
frust_shell_common::perf: frust-perf raw n=1777 total_us=4059 rebuild_us=132 layout_us=0 paint_us=60 encode_us=35 acquire_us=143 submit_us=3688 skipped=0 gpu_q=1 gpu_total_us=717 gpu_prepass_us=0 gpu_main_us=717 gpu_composite_us=0 gpu_blit_us=0
frust_shell_common::perf: frust-perf raw n=1778 total_us=4032 rebuild_us=94 layout_us=0 paint_us=45 encode_us=19 acquire_us=129 submit_us=3743 skipped=0 gpu_q=1 gpu_total_us=755 gpu_prepass_us=0 gpu_main_us=755 gpu_composite_us=0 gpu_blit_us=0
frust_shell_common::perf: frust-perf raw n=1779 total_us=3567 rebuild_us=107 layout_us=0 paint_us=48 encode_us=20 acquire_us=118 submit_us=3271 skipped=0 gpu_q=1 gpu_total_us=750 gpu_prepass_us=0 gpu_main_us=750 gpu_composite_us=0 gpu_blit_us=0
frust_shell_common::perf: frust-perf raw n=1780 total_us=4068 rebuild_us=107 layout_us=0 paint_us=48 encode_us=17 acquire_us=104 submit_us=3790 skipped=0 gpu_q=1 gpu_total_us=707 gpu_prepass_us=0 gpu_main_us=707 gpu_composite_us=0 gpu_blit_us=0
frust_shell_common::perf: frust-perf raw n=1781 total_us=4357 rebuild_us=117 layout_us=0 paint_us=57 encode_us=26 acquire_us=114 submit_us=4041 skipped=0 gpu_q=1 gpu_total_us=709 gpu_prepass_us=0 gpu_main_us=709 gpu_composite_us=0 gpu_blit_us=0
frust_shell_common::perf: frust-perf raw n=1782 total_us=4352 rebuild_us=116 layout_us=0 paint_us=54 encode_us=23 acquire_us=118 submit_us=4039 skipped=0 gpu_q=1 gpu_total_us=762 gpu_prepass_us=0 gpu_main_us=762 gpu_composite_us=0 gpu_blit_us=0
frust_shell_common::perf: frust-perf raw n=1783 total_us=4687 rebuild_us=117 layout_us=0 paint_us=56 encode_us=28 acquire_us=221 submit_us=4262 skipped=0 gpu_q=1 gpu_total_us=711 gpu_prepass_us=0 gpu_main_us=711 gpu_composite_us=0 gpu_blit_us=0
frust_shell_common::perf: frust-perf raw n=1784 total_us=4594 rebuild_us=119 layout_us=0 paint_us=54 encode_us=27 acquire_us=126 submit_us=4266 skipped=0 gpu_q=1 gpu_total_us=768 gpu_prepass_us=0 gpu_main_us=768 gpu_composite_us=0 gpu_blit_us=0
frust_shell_common::perf: frust-perf raw n=1785 total_us=4580 rebuild_us=120 layout_us=0 paint_us=55 encode_us=26 acquire_us=132 submit_us=4245 skipped=0 gpu_q=1 gpu_total_us=713 gpu_prepass_us=0 gpu_main_us=713 gpu_composite_us=0 gpu_blit_us=0
frust_shell_common::perf: frust-perf raw n=1786 total_us=5481 rebuild_us=121 layout_us=0 paint_us=59 encode_us=32 acquire_us=132 submit_us=5135 skipped=0 gpu_q=1 gpu_total_us=705 gpu_prepass_us=0 gpu_main_us=705 gpu_composite_us=0 gpu_blit_us=0
frust_shell_common::perf: frust-perf raw n=1787 total_us=3250 rebuild_us=166 layout_us=0 paint_us=80 encode_us=17 acquire_us=122 submit_us=2863 skipped=0 gpu_q=1 gpu_total_us=708 gpu_prepass_us=0 gpu_main_us=708 gpu_composite_us=0 gpu_blit_us=0
frust_shell_common::perf: frust-perf raw n=1788 total_us=3435 rebuild_us=186 layout_us=0 paint_us=88 encode_us=14 acquire_us=109 submit_us=3035 skipped=0 gpu_q=1 gpu_total_us=702 gpu_prepass_us=0 gpu_main_us=702 gpu_composite_us=0 gpu_blit_us=0
frust_shell_common::perf: frust-perf raw n=1789 total_us=3367 rebuild_us=190 layout_us=0 paint_us=86 encode_us=14 acquire_us=104 submit_us=2970 skipped=0 gpu_q=1 gpu_total_us=711 gpu_prepass_us=0 gpu_main_us=711 gpu_composite_us=0 gpu_blit_us=0
frust_shell_android::app::frame: frust-perf platform-view tail depth=0 target=0 acquire_bound=false frame=1800 expected_present_us=0 acquire_us=119 period_us=8237
frust_shell_common::perf: frust-perf raw n=1790 total_us=3454 rebuild_us=200 layout_us=0 paint_us=93 encode_us=17 acquire_us=110 submit_us=3032 skipped=0 gpu_q=1 gpu_total_us=711 gpu_prepass_us=0 gpu_main_us=711 gpu_composite_us=0 gpu_blit_us=0
frust_shell_common::perf: frust-perf raw n=1791 total_us=3314 rebuild_us=183 layout_us=0 paint_us=84 encode_us=15 acquire_us=97 submit_us=2933 skipped=0 gpu_q=1 gpu_total_us=757 gpu_prepass_us=0 gpu_main_us=757 gpu_composite_us=0 gpu_blit_us=0
frust_shell_common::perf: frust-perf raw n=1792 total_us=3401 rebuild_us=184 layout_us=0 paint_us=87 encode_us=15 acquire_us=104 submit_us=3009 skipped=0 gpu_q=1 gpu_total_us=743 gpu_prepass_us=0 gpu_main_us=743 gpu_composite_us=0 gpu_blit_us=0
frust_shell_common::perf: frust-perf raw n=1793 total_us=3412 rebuild_us=194 layout_us=0 paint_us=84 encode_us=14 acquire_us=110 submit_us=3007 skipped=0 gpu_q=1 gpu_total_us=741 gpu_prepass_us=0 gpu_main_us=741 gpu_composite_us=0 gpu_blit_us=0
frust_shell_common::perf: frust-perf raw n=1794 total_us=3371 rebuild_us=193 layout_us=0 paint_us=90 encode_us=17 acquire_us=107 submit_us=2962 skipped=0 gpu_q=1 gpu_total_us=753 gpu_prepass_us=0 gpu_main_us=753 gpu_composite_us=0 gpu_blit_us=0
frust_shell_common::perf: frust-perf raw n=1795 total_us=3395 rebuild_us=182 layout_us=0 paint_us=85 encode_us=15 acquire_us=103 submit_us=3008 skipped=0 gpu_q=1 gpu_total_us=747 gpu_prepass_us=0 gpu_main_us=747 gpu_composite_us=0 gpu_blit_us=0
frust_shell_common::perf: frust-perf raw n=1796 total_us=3347 rebuild_us=185 layout_us=0 paint_us=87 encode_us=15 acquire_us=108 submit_us=2949 skipped=0 gpu_q=1 gpu_total_us=733 gpu_prepass_us=0 gpu_main_us=733 gpu_composite_us=0 gpu_blit_us=0
frust_shell_common::perf: frust-perf raw n=1797 total_us=3334 rebuild_us=193 layout_us=0 paint_us=86 encode_us=15 acquire_us=104 submit_us=2933 skipped=0 gpu_q=1 gpu_total_us=731 gpu_prepass_us=0 gpu_main_us=731 gpu_composite_us=0 gpu_blit_us=0
frust_shell_common::perf: frust-perf raw n=1798 total_us=3542 rebuild_us=194 layout_us=0 paint_us=85 encode_us=14 acquire_us=108 submit_us=3138 skipped=0 gpu_q=1 gpu_total_us=726 gpu_prepass_us=0 gpu_main_us=726 gpu_composite_us=0 gpu_blit_us=0
frust_shell_common::perf: frust-perf raw n=1799 total_us=3555 rebuild_us=277 layout_us=0 paint_us=99 encode_us=20 acquire_us=129 submit_us=3028 skipped=0 gpu_q=1 gpu_total_us=743 gpu_prepass_us=0 gpu_main_us=743 gpu_composite_us=0 gpu_blit_us=0
frust_engine::renderer: frust-perf enc n=1800 w=60 validate_us=3.8 prepare_us=3.2 classify_us=12.8 admit_us=0.3 walk_us=515.8 glyphs_us=219.7 finish_us=2.7 compile_us=539.2 schedule_us=3.9 paints_us=13.8 instances_us=30.7 resize_us=2.8 upload_us=211.8 replay_us=0.3 pipelines_us=19.1 record_us=32.3 total_us=881.7 total_p95_us=1530.4 draws=46 strips=1073 alphas=28576 glyph_draws=36 atlas_glyphs=36
frust_shell_common::perf: frust-perf raw n=1800 total_us=3519 rebuild_us=281 layout_us=0 paint_us=83 encode_us=14 acquire_us=98 submit_us=3041 skipped=0 gpu_q=1 gpu_total_us=728 gpu_prepass_us=0 gpu_main_us=728 gpu_composite_us=0 gpu_blit_us=0
frust_shell_common::perf: frust-perf raw n=1801 total_us=3201 rebuild_us=183 layout_us=0 paint_us=94 encode_us=13 acquire_us=98 submit_us=2809 skipped=0 gpu_q=1 gpu_total_us=723 gpu_prepass_us=0 gpu_main_us=723 gpu_composite_us=0 gpu_blit_us=0
frust_shell_common::perf: frust-perf raw n=1802 total_us=3335 rebuild_us=196 layout_us=0 paint_us=88 encode_us=18 acquire_us=117 submit_us=2913 skipped=0 gpu_q=1 gpu_total_us=767 gpu_prepass_us=0 gpu_main_us=767 gpu_composite_us=0 gpu_blit_us=0
frust_shell_common::perf: frust-perf raw n=1803 total_us=3436 rebuild_us=205 layout_us=0 paint_us=95 encode_us=16 acquire_us=109 submit_us=3009 skipped=0 gpu_q=1 gpu_total_us=712 gpu_prepass_us=0 gpu_main_us=712 gpu_composite_us=0 gpu_blit_us=0
frust_shell_common::perf: frust-perf raw n=1804 total_us=3557 rebuild_us=185 layout_us=0 paint_us=86 encode_us=15 acquire_us=103 submit_us=3166 skipped=0 gpu_q=1 gpu_total_us=738 gpu_prepass_us=0 gpu_main_us=738 gpu_composite_us=0 gpu_blit_us=0
frust_shell_common::perf: frust-perf raw n=1805 total_us=3637 rebuild_us=190 layout_us=0 paint_us=89 encode_us=22 acquire_us=156 submit_us=3178 skipped=0 gpu_q=1 gpu_total_us=759 gpu_prepass_us=0 gpu_main_us=759 gpu_composite_us=0 gpu_blit_us=0
frust_shell_common::perf: frust-perf raw n=1806 total_us=3768 rebuild_us=224 layout_us=0 paint_us=96 encode_us=19 acquire_us=122 submit_us=3305 skipped=0 gpu_q=1 gpu_total_us=751 gpu_prepass_us=0 gpu_main_us=751 gpu_composite_us=0 gpu_blit_us=0
frust_shell_common::perf: frust-perf raw n=1807 total_us=3500 rebuild_us=195 layout_us=0 paint_us=90 encode_us=16 acquire_us=100 submit_us=3097 skipped=0 gpu_q=1 gpu_total_us=778 gpu_prepass_us=0 gpu_main_us=778 gpu_composite_us=0 gpu_blit_us=0
frust_shell_common::perf: frust-perf raw n=1808 total_us=3495 rebuild_us=195 layout_us=0 paint_us=89 encode_us=14 acquire_us=111 submit_us=3084 skipped=0 gpu_q=1 gpu_total_us=753 gpu_prepass_us=0 gpu_main_us=753 gpu_composite_us=0 gpu_blit_us=0
frust_shell_common::perf: frust-perf raw n=1809 total_us=3440 rebuild_us=188 layout_us=0 paint_us=92 encode_us=15 acquire_us=103 submit_us=3039 skipped=0 gpu_q=1 gpu_total_us=774 gpu_prepass_us=0 gpu_main_us=774 gpu_composite_us=0 gpu_blit_us=0
frust_shell_common::perf: frust-perf raw n=1810 total_us=5215 rebuild_us=192 layout_us=0 paint_us=88 encode_us=33 acquire_us=182 submit_us=4718 skipped=0 gpu_q=1 gpu_total_us=705 gpu_prepass_us=0 gpu_main_us=705 gpu_composite_us=0 gpu_blit_us=0
frust_shell_common::perf: frust-perf raw n=1811 total_us=3510 rebuild_us=129 layout_us=0 paint_us=62 encode_us=22 acquire_us=176 submit_us=3118 skipped=0 gpu_q=1 gpu_total_us=706 gpu_prepass_us=0 gpu_main_us=706 gpu_composite_us=0 gpu_blit_us=0
frust_shell_common::perf: frust-perf raw n=1812 total_us=3442 rebuild_us=161 layout_us=0 paint_us=73 encode_us=17 acquire_us=96 submit_us=3093 skipped=0 gpu_q=1 gpu_total_us=711 gpu_prepass_us=0 gpu_main_us=711 gpu_composite_us=0 gpu_blit_us=0
frust_shell_common::perf: frust-perf raw n=1813 total_us=5406 rebuild_us=188 layout_us=0 paint_us=89 encode_us=39 acquire_us=225 submit_us=4862 skipped=0 gpu_q=1 gpu_total_us=730 gpu_prepass_us=0 gpu_main_us=730 gpu_composite_us=0 gpu_blit_us=0
frust_shell_common::perf: frust-perf raw n=1814 total_us=3880 rebuild_us=124 layout_us=0 paint_us=58 encode_us=24 acquire_us=140 submit_us=3532 skipped=0 gpu_q=1 gpu_total_us=665 gpu_prepass_us=0 gpu_main_us=665 gpu_composite_us=0 gpu_blit_us=0
frust_shell_common::perf: frust-perf raw n=1815 total_us=3361 rebuild_us=104 layout_us=0 paint_us=51 encode_us=18 acquire_us=96 submit_us=3091 skipped=0 gpu_q=1 gpu_total_us=692 gpu_prepass_us=0 gpu_main_us=692 gpu_composite_us=0 gpu_blit_us=0
frust_shell_common::perf: frust-perf raw n=1816 total_us=3842 rebuild_us=109 layout_us=0 paint_us=45 encode_us=18 acquire_us=97 submit_us=3571 skipped=0 gpu_q=1 gpu_total_us=698 gpu_prepass_us=0 gpu_main_us=698 gpu_composite_us=0 gpu_blit_us=0
frust_shell_common::perf: frust-perf raw n=1817 total_us=5429 rebuild_us=116 layout_us=0 paint_us=51 encode_us=19 acquire_us=114 submit_us=5125 skipped=0 gpu_q=1 gpu_total_us=664 gpu_prepass_us=0 gpu_main_us=664 gpu_composite_us=0 gpu_blit_us=0
frust_shell_common::perf: frust-perf raw n=1818 total_us=3243 rebuild_us=186 layout_us=0 paint_us=61 encode_us=19 acquire_us=143 submit_us=2833 skipped=0 gpu_q=1 gpu_total_us=716 gpu_prepass_us=0 gpu_main_us=716 gpu_composite_us=0 gpu_blit_us=0
frust_shell_common::perf: frust-perf raw n=1819 total_us=3256 rebuild_us=223 layout_us=0 paint_us=83 encode_us=13 acquire_us=102 submit_us=2833 skipped=0 gpu_q=1 gpu_total_us=675 gpu_prepass_us=0 gpu_main_us=675 gpu_composite_us=0 gpu_blit_us=0
frust_shell_common::perf: frust-perf raw n=1820 total_us=3454 rebuild_us=196 layout_us=0 paint_us=91 encode_us=16 acquire_us=105 submit_us=3044 skipped=0 gpu_q=1 gpu_total_us=688 gpu_prepass_us=0 gpu_main_us=688 gpu_composite_us=0 gpu_blit_us=0
frust_shell_common::perf: frust-perf raw n=1821 total_us=3411 rebuild_us=188 layout_us=0 paint_us=86 encode_us=13 acquire_us=102 submit_us=3019 skipped=0 gpu_q=1 gpu_total_us=668 gpu_prepass_us=0 gpu_main_us=668 gpu_composite_us=0 gpu_blit_us=0
frust_shell_common::perf: frust-perf raw n=1822 total_us=2965 rebuild_us=144 layout_us=0 paint_us=66 encode_us=14 acquire_us=97 submit_us=2641 skipped=0 gpu_q=1 gpu_total_us=698 gpu_prepass_us=0 gpu_main_us=698 gpu_composite_us=0 gpu_blit_us=0
frust_shell_common::perf: frust-perf raw n=1823 total_us=2365 rebuild_us=131 layout_us=0 paint_us=60 encode_us=12 acquire_us=81 submit_us=2078 skipped=0 gpu_q=1 gpu_total_us=699 gpu_prepass_us=0 gpu_main_us=699 gpu_composite_us=0 gpu_blit_us=0
frust_shell_common::perf: frust-perf raw n=1824 total_us=2350 rebuild_us=126 layout_us=0 paint_us=56 encode_us=11 acquire_us=84 submit_us=2071 skipped=0 gpu_q=1 gpu_total_us=714 gpu_prepass_us=0 gpu_main_us=714 gpu_composite_us=0 gpu_blit_us=0
frust_shell_common::perf: frust-perf raw n=1825 total_us=2555 rebuild_us=143 layout_us=0 paint_us=68 encode_us=13 acquire_us=91 submit_us=2238 skipped=0 gpu_q=1 gpu_total_us=689 gpu_prepass_us=0 gpu_main_us=689 gpu_composite_us=0 gpu_blit_us=0
frust_shell_common::perf: frust-perf raw n=1826 total_us=2606 rebuild_us=145 layout_us=0 paint_us=67 encode_us=11 acquire_us=85 submit_us=2296 skipped=0 gpu_q=1 gpu_total_us=690 gpu_prepass_us=0 gpu_main_us=690 gpu_composite_us=0 gpu_blit_us=0
frust_shell_common::perf: frust-perf raw n=1827 total_us=3014 rebuild_us=142 layout_us=0 paint_us=62 encode_us=12 acquire_us=89 submit_us=2707 skipped=0 gpu_q=1 gpu_total_us=805 gpu_prepass_us=0 gpu_main_us=805 gpu_composite_us=0 gpu_blit_us=0
frust_shell_common::perf: frust-perf raw n=1828 total_us=3235 rebuild_us=191 layout_us=0 paint_us=85 encode_us=13 acquire_us=96 submit_us=2846 skipped=0 gpu_q=1 gpu_total_us=752 gpu_prepass_us=0 gpu_main_us=752 gpu_composite_us=0 gpu_blit_us=0
frust_shell_common::perf: frust-perf raw n=1829 total_us=5694 rebuild_us=192 layout_us=0 paint_us=90 encode_us=42 acquire_us=211 submit_us=5157 skipped=0 gpu_q=1 gpu_total_us=738 gpu_prepass_us=0 gpu_main_us=738 gpu_composite_us=0 gpu_blit_us=0
frust_shell_common::perf: frust-perf raw n=1830 total_us=4296 rebuild_us=105 layout_us=0 paint_us=52 encode_us=23 acquire_us=126 submit_us=3988 skipped=0 gpu_q=1 gpu_total_us=706 gpu_prepass_us=0 gpu_main_us=706 gpu_composite_us=0 gpu_blit_us=0
frust_shell_common::perf: frust-perf raw n=1831 total_us=3497 rebuild_us=91 layout_us=0 paint_us=45 encode_us=17 acquire_us=100 submit_us=3241 skipped=0 gpu_q=1 gpu_total_us=693 gpu_prepass_us=0 gpu_main_us=693 gpu_composite_us=0 gpu_blit_us=0
frust_shell_common::perf: frust-perf raw n=1832 total_us=3835 rebuild_us=109 layout_us=0 paint_us=51 encode_us=21 acquire_us=105 submit_us=3548 skipped=0 gpu_q=1 gpu_total_us=701 gpu_prepass_us=0 gpu_main_us=701 gpu_composite_us=0 gpu_blit_us=0
frust_shell_common::perf: frust-perf raw n=1833 total_us=4718 rebuild_us=121 layout_us=0 paint_us=63 encode_us=28 acquire_us=119 submit_us=4385 skipped=0 gpu_q=1 gpu_total_us=670 gpu_prepass_us=0 gpu_main_us=670 gpu_composite_us=0 gpu_blit_us=0
frust_shell_common::perf: frust-perf raw n=1834 total_us=3279 rebuild_us=120 layout_us=0 paint_us=55 encode_us=20 acquire_us=211 submit_us=2871 skipped=0 gpu_q=1 gpu_total_us=668 gpu_prepass_us=0 gpu_main_us=668 gpu_composite_us=0 gpu_blit_us=0
frust_shell_common::perf: frust-perf raw n=1835 total_us=3232 rebuild_us=168 layout_us=0 paint_us=78 encode_us=15 acquire_us=96 submit_us=2874 skipped=0 gpu_q=1 gpu_total_us=700 gpu_prepass_us=0 gpu_main_us=700 gpu_composite_us=0 gpu_blit_us=0
frust_shell_common::perf: frust-perf raw n=1836 total_us=3183 rebuild_us=185 layout_us=0 paint_us=85 encode_us=15 acquire_us=102 submit_us=2792 skipped=0 gpu_q=1 gpu_total_us=698 gpu_prepass_us=0 gpu_main_us=698 gpu_composite_us=0 gpu_blit_us=0
frust_shell_common::perf: frust-perf raw n=1837 total_us=3476 rebuild_us=198 layout_us=0 paint_us=92 encode_us=18 acquire_us=114 submit_us=3052 skipped=0 gpu_q=1 gpu_total_us=667 gpu_prepass_us=0 gpu_main_us=667 gpu_composite_us=0 gpu_blit_us=0
frust_shell_common::perf: frust-perf raw n=1838 total_us=3515 rebuild_us=185 layout_us=0 paint_us=85 encode_us=17 acquire_us=102 submit_us=3123 skipped=0 gpu_q=1 gpu_total_us=689 gpu_prepass_us=0 gpu_main_us=689 gpu_composite_us=0 gpu_blit_us=0
frust_shell_common::perf: frust-perf raw n=1839 total_us=3412 rebuild_us=189 layout_us=0 paint_us=88 encode_us=14 acquire_us=105 submit_us=3014 skipped=0 gpu_q=1 gpu_total_us=696 gpu_prepass_us=0 gpu_main_us=696 gpu_composite_us=0 gpu_blit_us=0
frust_shell_common::perf: frust-perf raw n=1840 total_us=3390 rebuild_us=186 layout_us=0 paint_us=87 encode_us=15 acquire_us=110 submit_us=2990 skipped=0 gpu_q=1 gpu_total_us=677 gpu_prepass_us=0 gpu_main_us=677 gpu_composite_us=0 gpu_blit_us=0
frust_shell_common::perf: frust-perf raw n=1841 total_us=3502 rebuild_us=193 layout_us=0 paint_us=94 encode_us=15 acquire_us=103 submit_us=3096 skipped=0 gpu_q=1 gpu_total_us=721 gpu_prepass_us=0 gpu_main_us=721 gpu_composite_us=0 gpu_blit_us=0
frust_shell_common::perf: frust-perf raw n=1842 total_us=3390 rebuild_us=186 layout_us=0 paint_us=86 encode_us=16 acquire_us=101 submit_us=3000 skipped=0 gpu_q=1 gpu_total_us=716 gpu_prepass_us=0 gpu_main_us=716 gpu_composite_us=0 gpu_blit_us=0
frust_shell_common::perf: frust-perf raw n=1843 total_us=3401 rebuild_us=188 layout_us=0 paint_us=98 encode_us=14 acquire_us=113 submit_us=2985 skipped=0 gpu_q=1 gpu_total_us=700 gpu_prepass_us=0 gpu_main_us=700 gpu_composite_us=0 gpu_blit_us=0
frust_shell_common::perf: frust-perf raw n=1844 total_us=3434 rebuild_us=186 layout_us=0 paint_us=86 encode_us=16 acquire_us=105 submit_us=3039 skipped=0 gpu_q=1 gpu_total_us=704 gpu_prepass_us=0 gpu_main_us=704 gpu_composite_us=0 gpu_blit_us=0
frust_shell_common::perf: frust-perf raw n=1845 total_us=3335 rebuild_us=187 layout_us=0 paint_us=94 encode_us=14 acquire_us=102 submit_us=2936 skipped=0 gpu_q=1 gpu_total_us=719 gpu_prepass_us=0 gpu_main_us=719 gpu_composite_us=0 gpu_blit_us=0
frust_shell_common::perf: frust-perf raw n=1846 total_us=3506 rebuild_us=178 layout_us=0 paint_us=86 encode_us=15 acquire_us=97 submit_us=3128 skipped=0 gpu_q=1 gpu_total_us=685 gpu_prepass_us=0 gpu_main_us=685 gpu_composite_us=0 gpu_blit_us=0
frust_shell_common::perf: frust-perf raw n=1847 total_us=3342 rebuild_us=179 layout_us=0 paint_us=98 encode_us=13 acquire_us=107 submit_us=2943 skipped=0 gpu_q=1 gpu_total_us=691 gpu_prepass_us=0 gpu_main_us=691 gpu_composite_us=0 gpu_blit_us=0
frust_shell_common::perf: frust-perf raw n=1848 total_us=3395 rebuild_us=159 layout_us=0 paint_us=75 encode_us=14 acquire_us=95 submit_us=3050 skipped=0 gpu_q=1 gpu_total_us=700 gpu_prepass_us=0 gpu_main_us=700 gpu_composite_us=0 gpu_blit_us=0
frust_shell_common::perf: frust-perf raw n=1849 total_us=3387 rebuild_us=189 layout_us=0 paint_us=89 encode_us=15 acquire_us=294 submit_us=2797 skipped=0 gpu_q=1 gpu_total_us=707 gpu_prepass_us=0 gpu_main_us=707 gpu_composite_us=0 gpu_blit_us=0
frust_shell_common::perf: frust-perf raw n=1850 total_us=3428 rebuild_us=192 layout_us=0 paint_us=186 encode_us=18 acquire_us=121 submit_us=2907 skipped=0 gpu_q=1 gpu_total_us=687 gpu_prepass_us=0 gpu_main_us=687 gpu_composite_us=0 gpu_blit_us=0
frust_shell_common::perf: frust-perf raw n=1851 total_us=3315 rebuild_us=195 layout_us=0 paint_us=99 encode_us=16 acquire_us=113 submit_us=2890 skipped=0 gpu_q=1 gpu_total_us=685 gpu_prepass_us=0 gpu_main_us=685 gpu_composite_us=0 gpu_blit_us=0
frust_shell_common::perf: frust-perf raw n=1852 total_us=3216 rebuild_us=191 layout_us=0 paint_us=91 encode_us=17 acquire_us=102 submit_us=2812 skipped=0 gpu_q=1 gpu_total_us=708 gpu_prepass_us=0 gpu_main_us=708 gpu_composite_us=0 gpu_blit_us=0
frust_shell_common::perf: frust-perf raw n=1853 total_us=3119 rebuild_us=179 layout_us=0 paint_us=88 encode_us=15 acquire_us=100 submit_us=2734 skipped=0 gpu_q=1 gpu_total_us=686 gpu_prepass_us=0 gpu_main_us=686 gpu_composite_us=0 gpu_blit_us=0
frust_shell_common::perf: frust-perf raw n=1854 total_us=3389 rebuild_us=193 layout_us=0 paint_us=86 encode_us=15 acquire_us=112 submit_us=2980 skipped=0 gpu_q=1 gpu_total_us=704 gpu_prepass_us=0 gpu_main_us=704 gpu_composite_us=0 gpu_blit_us=0
frust_shell_common::perf: frust-perf raw n=1855 total_us=3171 rebuild_us=183 layout_us=0 paint_us=83 encode_us=15 acquire_us=93 submit_us=2794 skipped=0 gpu_q=1 gpu_total_us=673 gpu_prepass_us=0 gpu_main_us=673 gpu_composite_us=0 gpu_blit_us=0
frust_shell_common::perf: frust-perf raw n=1856 total_us=3373 rebuild_us=192 layout_us=0 paint_us=90 encode_us=16 acquire_us=105 submit_us=2968 skipped=0 gpu_q=1 gpu_total_us=723 gpu_prepass_us=0 gpu_main_us=723 gpu_composite_us=0 gpu_blit_us=0
frust_shell_common::perf: frust-perf raw n=1857 total_us=3331 rebuild_us=191 layout_us=0 paint_us=90 encode_us=15 acquire_us=110 submit_us=2924 skipped=0 gpu_q=1 gpu_total_us=704 gpu_prepass_us=0 gpu_main_us=704 gpu_composite_us=0 gpu_blit_us=0
frust_shell_common::perf: frust-perf raw n=1858 total_us=3304 rebuild_us=194 layout_us=0 paint_us=87 encode_us=14 acquire_us=104 submit_us=2902 skipped=0 gpu_q=1 gpu_total_us=727 gpu_prepass_us=0 gpu_main_us=727 gpu_composite_us=0 gpu_blit_us=0
frust_shell_common::perf: frust-perf raw n=1859 total_us=3386 rebuild_us=181 layout_us=0 paint_us=88 encode_us=15 acquire_us=100 submit_us=2999 skipped=0 gpu_q=1 gpu_total_us=699 gpu_prepass_us=0 gpu_main_us=699 gpu_composite_us=0 gpu_blit_us=0
frust_engine::renderer: frust-perf enc n=1860 w=60 validate_us=3.4 prepare_us=3.3 classify_us=12.1 admit_us=0.4 walk_us=503.4 glyphs_us=215.7 finish_us=2.4 compile_us=526.7 schedule_us=3.5 paints_us=13.6 instances_us=30.5 resize_us=3.0 upload_us=206.1 replay_us=0.3 pipelines_us=17.3 record_us=30.7 total_us=831.0 total_p95_us=1346.2 draws=46 strips=1073 alphas=28576 glyph_draws=36 atlas_glyphs=36
frust_shell_common::perf: frust-perf raw n=1860 total_us=3521 rebuild_us=182 layout_us=0 paint_us=86 encode_us=15 acquire_us=111 submit_us=3124 skipped=0 gpu_q=1 gpu_total_us=706 gpu_prepass_us=0 gpu_main_us=706 gpu_composite_us=0 gpu_blit_us=0
frust_shell_common::perf: frust-perf raw n=1861 total_us=3270 rebuild_us=184 layout_us=0 paint_us=86 encode_us=14 acquire_us=97 submit_us=2887 skipped=0 gpu_q=1 gpu_total_us=690 gpu_prepass_us=0 gpu_main_us=690 gpu_composite_us=0 gpu_blit_us=0
frust_shell_common::perf: frust-perf raw n=1862 total_us=3345 rebuild_us=175 layout_us=0 paint_us=81 encode_us=14 acquire_us=102 submit_us=2971 skipped=0 gpu_q=1 gpu_total_us=678 gpu_prepass_us=0 gpu_main_us=678 gpu_composite_us=0 gpu_blit_us=0
frust_shell_common::perf: frust-perf raw n=1863 total_us=3190 rebuild_us=181 layout_us=0 paint_us=88 encode_us=14 acquire_us=98 submit_us=2806 skipped=0 gpu_q=1 gpu_total_us=710 gpu_prepass_us=0 gpu_main_us=710 gpu_composite_us=0 gpu_blit_us=0
frust_shell_common::perf: frust-perf raw n=1864 total_us=3346 rebuild_us=190 layout_us=0 paint_us=87 encode_us=16 acquire_us=103 submit_us=2947 skipped=0 gpu_q=1 gpu_total_us=717 gpu_prepass_us=0 gpu_main_us=717 gpu_composite_us=0 gpu_blit_us=0
frust_shell_common::perf: frust-perf raw n=1865 total_us=3341 rebuild_us=190 layout_us=0 paint_us=85 encode_us=15 acquire_us=107 submit_us=2942 skipped=0 gpu_q=1 gpu_total_us=704 gpu_prepass_us=0 gpu_main_us=704 gpu_composite_us=0 gpu_blit_us=0
frust_shell_common::perf: frust-perf raw n=1866 total_us=3260 rebuild_us=186 layout_us=0 paint_us=84 encode_us=15 acquire_us=135 submit_us=2838 skipped=0 gpu_q=1 gpu_total_us=690 gpu_prepass_us=0 gpu_main_us=690 gpu_composite_us=0 gpu_blit_us=0
frust_shell_common::perf: frust-perf raw n=1867 total_us=3256 rebuild_us=185 layout_us=0 paint_us=159 encode_us=14 acquire_us=93 submit_us=2803 skipped=0 gpu_q=1 gpu_total_us=685 gpu_prepass_us=0 gpu_main_us=685 gpu_composite_us=0 gpu_blit_us=0
frust_shell_common::perf: frust-perf raw n=1868 total_us=3120 rebuild_us=184 layout_us=0 paint_us=84 encode_us=14 acquire_us=100 submit_us=2736 skipped=0 gpu_q=1 gpu_total_us=690 gpu_prepass_us=0 gpu_main_us=690 gpu_composite_us=0 gpu_blit_us=0
frust_shell_common::perf: frust-perf raw n=1869 total_us=3252 rebuild_us=184 layout_us=0 paint_us=86 encode_us=14 acquire_us=108 submit_us=2857 skipped=0 gpu_q=1 gpu_total_us=680 gpu_prepass_us=0 gpu_main_us=680 gpu_composite_us=0 gpu_blit_us=0
frust_shell_common::perf: frust-perf raw n=1870 total_us=3166 rebuild_us=176 layout_us=0 paint_us=78 encode_us=14 acquire_us=106 submit_us=2790 skipped=0 gpu_q=1 gpu_total_us=693 gpu_prepass_us=0 gpu_main_us=693 gpu_composite_us=0 gpu_blit_us=0
frust_shell_common::perf: frust-perf raw n=1871 total_us=3429 rebuild_us=194 layout_us=0 paint_us=92 encode_us=13 acquire_us=98 submit_us=3030 skipped=0 gpu_q=1 gpu_total_us=701 gpu_prepass_us=0 gpu_main_us=701 gpu_composite_us=0 gpu_blit_us=0
frust_shell_common::perf: frust-perf raw n=1872 total_us=5724 rebuild_us=188 layout_us=0 paint_us=85 encode_us=41 acquire_us=170 submit_us=5237 skipped=0 gpu_q=1 gpu_total_us=693 gpu_prepass_us=0 gpu_main_us=693 gpu_composite_us=0 gpu_blit_us=0
frust_shell_common::perf: frust-perf raw n=1873 total_us=6179 rebuild_us=151 layout_us=0 paint_us=72 encode_us=30 acquire_us=153 submit_us=5770 skipped=0 gpu_q=1 gpu_total_us=717 gpu_prepass_us=0 gpu_main_us=717 gpu_composite_us=0 gpu_blit_us=0
frust_shell_common::perf: frust-perf raw n=1874 total_us=4323 rebuild_us=128 layout_us=0 paint_us=59 encode_us=26 acquire_us=118 submit_us=3990 skipped=0 gpu_q=1 gpu_total_us=721 gpu_prepass_us=0 gpu_main_us=721 gpu_composite_us=0 gpu_blit_us=0
frust_shell_common::perf: frust-perf raw n=1875 total_us=3982 rebuild_us=111 layout_us=0 paint_us=48 encode_us=24 acquire_us=112 submit_us=3685 skipped=0 gpu_q=1 gpu_total_us=698 gpu_prepass_us=0 gpu_main_us=698 gpu_composite_us=0 gpu_blit_us=0
frust_shell_common::perf: frust-perf raw n=1876 total_us=3808 rebuild_us=106 layout_us=0 paint_us=48 encode_us=20 acquire_us=104 submit_us=3528 skipped=0 gpu_q=1 gpu_total_us=683 gpu_prepass_us=0 gpu_main_us=683 gpu_composite_us=0 gpu_blit_us=0
frust_shell_common::perf: frust-perf raw n=1877 total_us=3830 rebuild_us=118 layout_us=0 paint_us=50 encode_us=24 acquire_us=117 submit_us=3518 skipped=0 gpu_q=1 gpu_total_us=687 gpu_prepass_us=0 gpu_main_us=687 gpu_composite_us=0 gpu_blit_us=0
frust_shell_common::perf: frust-perf raw n=1878 total_us=3807 rebuild_us=113 layout_us=0 paint_us=48 encode_us=17 acquire_us=92 submit_us=3535 skipped=0 gpu_q=1 gpu_total_us=683 gpu_prepass_us=0 gpu_main_us=683 gpu_composite_us=0 gpu_blit_us=0
frust_shell_common::perf: frust-perf raw n=1879 total_us=5830 rebuild_us=130 layout_us=0 paint_us=59 encode_us=26 acquire_us=129 submit_us=5483 skipped=0 gpu_q=1 gpu_total_us=729 gpu_prepass_us=0 gpu_main_us=729 gpu_composite_us=0 gpu_blit_us=0
frust_shell_common::perf: frust-perf raw n=1880 total_us=6246 rebuild_us=140 layout_us=0 paint_us=65 encode_us=26 acquire_us=151 submit_us=5862 skipped=0 gpu_q=1 gpu_total_us=695 gpu_prepass_us=0 gpu_main_us=695 gpu_composite_us=0 gpu_blit_us=0
frust_shell_common::perf: frust-perf raw n=1881 total_us=4555 rebuild_us=128 layout_us=0 paint_us=61 encode_us=30 acquire_us=126 submit_us=4208 skipped=0 gpu_q=1 gpu_total_us=696 gpu_prepass_us=0 gpu_main_us=696 gpu_composite_us=0 gpu_blit_us=0
frust_shell_common::perf: frust-perf raw n=1882 total_us=4480 rebuild_us=111 layout_us=0 paint_us=52 encode_us=25 acquire_us=117 submit_us=4171 skipped=0 gpu_q=1 gpu_total_us=731 gpu_prepass_us=0 gpu_main_us=731 gpu_composite_us=0 gpu_blit_us=0
frust_shell_common::perf: frust-perf raw n=1883 total_us=6300 rebuild_us=121 layout_us=0 paint_us=56 encode_us=23 acquire_us=128 submit_us=5970 skipped=0 gpu_q=1 gpu_total_us=686 gpu_prepass_us=0 gpu_main_us=686 gpu_composite_us=0 gpu_blit_us=0
frust_shell_common::perf: frust-perf raw n=1884 total_us=4129 rebuild_us=141 layout_us=0 paint_us=69 encode_us=30 acquire_us=358 submit_us=3528 skipped=0 gpu_q=1 gpu_total_us=690 gpu_prepass_us=0 gpu_main_us=690 gpu_composite_us=0 gpu_blit_us=0
frust_shell_common::perf: frust-perf raw n=1885 total_us=4699 rebuild_us=105 layout_us=0 paint_us=51 encode_us=27 acquire_us=287 submit_us=4226 skipped=0 gpu_q=1 gpu_total_us=684 gpu_prepass_us=0 gpu_main_us=684 gpu_composite_us=0 gpu_blit_us=0
frust_shell_common::perf: frust-perf raw n=1886 total_us=4485 rebuild_us=90 layout_us=0 paint_us=45 encode_us=22 acquire_us=130 submit_us=4197 skipped=0 gpu_q=1 gpu_total_us=680 gpu_prepass_us=0 gpu_main_us=680 gpu_composite_us=0 gpu_blit_us=0
frust_shell_common::perf: frust-perf raw n=1887 total_us=4030 rebuild_us=101 layout_us=0 paint_us=50 encode_us=25 acquire_us=133 submit_us=3720 skipped=0 gpu_q=1 gpu_total_us=687 gpu_prepass_us=0 gpu_main_us=687 gpu_composite_us=0 gpu_blit_us=0
frust_shell_common::perf: frust-perf raw n=1888 total_us=4492 rebuild_us=113 layout_us=0 paint_us=52 encode_us=24 acquire_us=131 submit_us=4169 skipped=0 gpu_q=1 gpu_total_us=685 gpu_prepass_us=0 gpu_main_us=685 gpu_composite_us=0 gpu_blit_us=0
frust_shell_common::perf: frust-perf raw n=1889 total_us=4275 rebuild_us=107 layout_us=0 paint_us=50 encode_us=22 acquire_us=119 submit_us=3976 skipped=0 gpu_q=1 gpu_total_us=680 gpu_prepass_us=0 gpu_main_us=680 gpu_composite_us=0 gpu_blit_us=0
frust_shell_common::perf: frust-perf raw n=1890 total_us=3333 rebuild_us=106 layout_us=0 paint_us=55 encode_us=24 acquire_us=160 submit_us=2985 skipped=0 gpu_q=1 gpu_total_us=690 gpu_prepass_us=0 gpu_main_us=690 gpu_composite_us=0 gpu_blit_us=0
frust_shell_common::perf: frust-perf raw n=1891 total_us=3479 rebuild_us=183 layout_us=0 paint_us=83 encode_us=19 acquire_us=112 submit_us=3079 skipped=0 gpu_q=1 gpu_total_us=733 gpu_prepass_us=0 gpu_main_us=733 gpu_composite_us=0 gpu_blit_us=0
frust_shell_common::perf: frust-perf raw n=1892 total_us=3467 rebuild_us=192 layout_us=0 paint_us=86 encode_us=15 acquire_us=107 submit_us=3065 skipped=0 gpu_q=1 gpu_total_us=681 gpu_prepass_us=0 gpu_main_us=681 gpu_composite_us=0 gpu_blit_us=0
frust_shell_common::perf: frust-perf raw n=1893 total_us=3444 rebuild_us=198 layout_us=0 paint_us=86 encode_us=14 acquire_us=110 submit_us=3033 skipped=0 gpu_q=1 gpu_total_us=698 gpu_prepass_us=0 gpu_main_us=698 gpu_composite_us=0 gpu_blit_us=0
frust_shell_common::perf: frust-perf raw n=1894 total_us=3480 rebuild_us=296 layout_us=0 paint_us=95 encode_us=16 acquire_us=103 submit_us=2967 skipped=0 gpu_q=1 gpu_total_us=715 gpu_prepass_us=0 gpu_main_us=715 gpu_composite_us=0 gpu_blit_us=0
frust_shell_common::perf: frust-perf raw n=1895 total_us=3423 rebuild_us=186 layout_us=0 paint_us=90 encode_us=14 acquire_us=108 submit_us=3023 skipped=0 gpu_q=1 gpu_total_us=729 gpu_prepass_us=0 gpu_main_us=729 gpu_composite_us=0 gpu_blit_us=0
frust_shell_common::perf: frust-perf raw n=1896 total_us=3429 rebuild_us=191 layout_us=0 paint_us=91 encode_us=14 acquire_us=101 submit_us=3029 skipped=0 gpu_q=1 gpu_total_us=725 gpu_prepass_us=0 gpu_main_us=725 gpu_composite_us=0 gpu_blit_us=0
frust_shell_common::perf: frust-perf raw n=1897 total_us=3354 rebuild_us=191 layout_us=0 paint_us=88 encode_us=15 acquire_us=103 submit_us=2955 skipped=0 gpu_q=1 gpu_total_us=738 gpu_prepass_us=0 gpu_main_us=738 gpu_composite_us=0 gpu_blit_us=0
frust_shell_common::perf: frust-perf raw n=1898 total_us=3390 rebuild_us=184 layout_us=0 paint_us=88 encode_us=15 acquire_us=100 submit_us=3002 skipped=0 gpu_q=1 gpu_total_us=733 gpu_prepass_us=0 gpu_main_us=733 gpu_composite_us=0 gpu_blit_us=0
frust_shell_common::perf: frust-perf raw n=1899 total_us=3391 rebuild_us=186 layout_us=0 paint_us=92 encode_us=14 acquire_us=109 submit_us=2987 skipped=0 gpu_q=1 gpu_total_us=712 gpu_prepass_us=0 gpu_main_us=712 gpu_composite_us=0 gpu_blit_us=0
frust_shell_common::perf: frust-perf raw n=1900 total_us=3391 rebuild_us=184 layout_us=0 paint_us=83 encode_us=14 acquire_us=203 submit_us=2905 skipped=0 gpu_q=1 gpu_total_us=698 gpu_prepass_us=0 gpu_main_us=698 gpu_composite_us=0 gpu_blit_us=0
frust_shell_common::perf: frust-perf raw n=1901 total_us=3275 rebuild_us=189 layout_us=0 paint_us=184 encode_us=15 acquire_us=102 submit_us=2783 skipped=0 gpu_q=1 gpu_total_us=695 gpu_prepass_us=0 gpu_main_us=695 gpu_composite_us=0 gpu_blit_us=0
frust_shell_common::perf: frust-perf raw n=1902 total_us=3334 rebuild_us=197 layout_us=0 paint_us=89 encode_us=13 acquire_us=102 submit_us=2932 skipped=0 gpu_q=1 gpu_total_us=715 gpu_prepass_us=0 gpu_main_us=715 gpu_composite_us=0 gpu_blit_us=0
frust_shell_common::perf: frust-perf raw n=1903 total_us=3592 rebuild_us=202 layout_us=0 paint_us=97 encode_us=15 acquire_us=110 submit_us=3166 skipped=0 gpu_q=1 gpu_total_us=706 gpu_prepass_us=0 gpu_main_us=706 gpu_composite_us=0 gpu_blit_us=0
frust_shell_common::perf: frust-perf raw n=1904 total_us=3236 rebuild_us=185 layout_us=0 paint_us=87 encode_us=12 acquire_us=106 submit_us=2844 skipped=0 gpu_q=1 gpu_total_us=677 gpu_prepass_us=0 gpu_main_us=677 gpu_composite_us=0 gpu_blit_us=0
frust_shell_common::perf: frust-perf raw n=1905 total_us=3482 rebuild_us=197 layout_us=0 paint_us=90 encode_us=16 acquire_us=116 submit_us=3061 skipped=0 gpu_q=1 gpu_total_us=693 gpu_prepass_us=0 gpu_main_us=693 gpu_composite_us=0 gpu_blit_us=0
frust_shell_common::perf: frust-perf raw n=1906 total_us=5704 rebuild_us=202 layout_us=0 paint_us=90 encode_us=38 acquire_us=201 submit_us=5171 skipped=0 gpu_q=1 gpu_total_us=694 gpu_prepass_us=0 gpu_main_us=694 gpu_composite_us=0 gpu_blit_us=0
frust_shell_common::perf: frust-perf raw n=1907 total_us=4142 rebuild_us=124 layout_us=0 paint_us=60 encode_us=26 acquire_us=126 submit_us=3804 skipped=0 gpu_q=1 gpu_total_us=677 gpu_prepass_us=0 gpu_main_us=677 gpu_composite_us=0 gpu_blit_us=0
frust_shell_common::perf: frust-perf raw n=1908 total_us=3442 rebuild_us=93 layout_us=0 paint_us=44 encode_us=17 acquire_us=96 submit_us=3190 skipped=0 gpu_q=1 gpu_total_us=723 gpu_prepass_us=0 gpu_main_us=723 gpu_composite_us=0 gpu_blit_us=0
frust_shell_common::perf: frust-perf raw n=1909 total_us=4801 rebuild_us=107 layout_us=0 paint_us=48 encode_us=21 acquire_us=96 submit_us=4526 skipped=0 gpu_q=1 gpu_total_us=711 gpu_prepass_us=0 gpu_main_us=711 gpu_composite_us=0 gpu_blit_us=0
frust_shell_android::app::frame: frust-perf platform-view tail depth=0 target=0 acquire_bound=false frame=1920 expected_present_us=0 acquire_us=116 period_us=8234
frust_shell_common::perf: frust-perf raw n=1910 total_us=6337 rebuild_us=130 layout_us=0 paint_us=61 encode_us=31 acquire_us=140 submit_us=5973 skipped=0 gpu_q=1 gpu_total_us=676 gpu_prepass_us=0 gpu_main_us=676 gpu_composite_us=0 gpu_blit_us=0
frust_shell_common::perf: frust-perf raw n=1911 total_us=5220 rebuild_us=135 layout_us=0 paint_us=64 encode_us=28 acquire_us=145 submit_us=4845 skipped=0 gpu_q=1 gpu_total_us=669 gpu_prepass_us=0 gpu_main_us=669 gpu_composite_us=0 gpu_blit_us=0
frust_shell_common::perf: frust-perf raw n=1912 total_us=5554 rebuild_us=121 layout_us=0 paint_us=56 encode_us=27 acquire_us=129 submit_us=5218 skipped=0 gpu_q=1 gpu_total_us=677 gpu_prepass_us=0 gpu_main_us=677 gpu_composite_us=0 gpu_blit_us=0
frust_shell_common::perf: frust-perf raw n=1913 total_us=4631 rebuild_us=121 layout_us=0 paint_us=56 encode_us=27 acquire_us=126 submit_us=4299 skipped=0 gpu_q=1 gpu_total_us=712 gpu_prepass_us=0 gpu_main_us=712 gpu_composite_us=0 gpu_blit_us=0
frust_shell_common::perf: frust-perf raw n=1914 total_us=4865 rebuild_us=125 layout_us=0 paint_us=55 encode_us=27 acquire_us=118 submit_us=4538 skipped=0 gpu_q=1 gpu_total_us=669 gpu_prepass_us=0 gpu_main_us=669 gpu_composite_us=0 gpu_blit_us=0
frust_shell_common::perf: frust-perf raw n=1915 total_us=5336 rebuild_us=141 layout_us=0 paint_us=64 encode_us=32 acquire_us=136 submit_us=4962 skipped=0 gpu_q=1 gpu_total_us=671 gpu_prepass_us=0 gpu_main_us=671 gpu_composite_us=0 gpu_blit_us=0
frust_shell_common::perf: frust-perf raw n=1916 total_us=4048 rebuild_us=111 layout_us=0 paint_us=52 encode_us=26 acquire_us=115 submit_us=3741 skipped=0 gpu_q=1 gpu_total_us=671 gpu_prepass_us=0 gpu_main_us=671 gpu_composite_us=0 gpu_blit_us=0
frust_shell_common::perf: frust-perf raw n=1917 total_us=4283 rebuild_us=116 layout_us=0 paint_us=54 encode_us=27 acquire_us=124 submit_us=3960 skipped=0 gpu_q=1 gpu_total_us=663 gpu_prepass_us=0 gpu_main_us=663 gpu_composite_us=0 gpu_blit_us=0
frust_shell_common::perf: frust-perf raw n=1918 total_us=5284 rebuild_us=112 layout_us=0 paint_us=51 encode_us=25 acquire_us=114 submit_us=4981 skipped=0 gpu_q=1 gpu_total_us=669 gpu_prepass_us=0 gpu_main_us=669 gpu_composite_us=0 gpu_blit_us=0
frust_shell_common::perf: frust-perf raw n=1919 total_us=3300 rebuild_us=111 layout_us=0 paint_us=51 encode_us=21 acquire_us=306 submit_us=2809 skipped=0 gpu_q=1 gpu_total_us=676 gpu_prepass_us=0 gpu_main_us=676 gpu_composite_us=0 gpu_blit_us=0
frust_engine::renderer: frust-perf enc n=1920 w=60 validate_us=5.2 prepare_us=3.2 classify_us=14.1 admit_us=0.4 walk_us=565.7 glyphs_us=257.5 finish_us=2.7 compile_us=588.4 schedule_us=4.0 paints_us=14.6 instances_us=43.5 resize_us=3.0 upload_us=233.2 replay_us=0.4 pipelines_us=19.6 record_us=35.4 total_us=922.9 total_p95_us=1738.4 draws=46 strips=1073 alphas=28576 glyph_draws=36 atlas_glyphs=36
frust_shell_common::perf: frust-perf raw n=1920 total_us=3700 rebuild_us=214 layout_us=0 paint_us=91 encode_us=19 acquire_us=110 submit_us=3264 skipped=0 gpu_q=1 gpu_total_us=709 gpu_prepass_us=0 gpu_main_us=709 gpu_composite_us=0 gpu_blit_us=0
frust_shell_common::perf: frust-perf raw n=1921 total_us=3257 rebuild_us=183 layout_us=0 paint_us=90 encode_us=18 acquire_us=110 submit_us=2854 skipped=0 gpu_q=1 gpu_total_us=662 gpu_prepass_us=0 gpu_main_us=662 gpu_composite_us=0 gpu_blit_us=0
frust_shell_common::perf: frust-perf raw n=1922 total_us=3448 rebuild_us=185 layout_us=0 paint_us=88 encode_us=15 acquire_us=113 submit_us=3043 skipped=0 gpu_q=1 gpu_total_us=664 gpu_prepass_us=0 gpu_main_us=664 gpu_composite_us=0 gpu_blit_us=0
frust_shell_common::perf: frust-perf raw n=1923 total_us=3380 rebuild_us=193 layout_us=0 paint_us=84 encode_us=15 acquire_us=108 submit_us=2977 skipped=0 gpu_q=1 gpu_total_us=684 gpu_prepass_us=0 gpu_main_us=684 gpu_composite_us=0 gpu_blit_us=0
frust_shell_common::perf: frust-perf raw n=1924 total_us=3301 rebuild_us=185 layout_us=0 paint_us=88 encode_us=15 acquire_us=99 submit_us=2912 skipped=0 gpu_q=1 gpu_total_us=665 gpu_prepass_us=0 gpu_main_us=665 gpu_composite_us=0 gpu_blit_us=0
frust_shell_common::perf: frust-perf raw n=1925 total_us=3374 rebuild_us=186 layout_us=0 paint_us=90 encode_us=15 acquire_us=109 submit_us=2970 skipped=0 gpu_q=1 gpu_total_us=697 gpu_prepass_us=0 gpu_main_us=697 gpu_composite_us=0 gpu_blit_us=0
frust_shell_common::perf: frust-perf raw n=1926 total_us=3385 rebuild_us=197 layout_us=0 paint_us=92 encode_us=16 acquire_us=105 submit_us=2972 skipped=0 gpu_q=1 gpu_total_us=729 gpu_prepass_us=0 gpu_main_us=729 gpu_composite_us=0 gpu_blit_us=0
frust_shell_common::perf: frust-perf raw n=1927 total_us=3391 rebuild_us=190 layout_us=0 paint_us=92 encode_us=13 acquire_us=102 submit_us=2991 skipped=0 gpu_q=1 gpu_total_us=694 gpu_prepass_us=0 gpu_main_us=694 gpu_composite_us=0 gpu_blit_us=0
frust_shell_common::perf: frust-perf raw n=1928 total_us=3379 rebuild_us=192 layout_us=0 paint_us=88 encode_us=15 acquire_us=113 submit_us=2968 skipped=0 gpu_q=1 gpu_total_us=691 gpu_prepass_us=0 gpu_main_us=691 gpu_composite_us=0 gpu_blit_us=0
frust_shell_common::perf: frust-perf raw n=1929 total_us=3449 rebuild_us=177 layout_us=0 paint_us=78 encode_us=16 acquire_us=101 submit_us=3075 skipped=0 gpu_q=1 gpu_total_us=683 gpu_prepass_us=0 gpu_main_us=683 gpu_composite_us=0 gpu_blit_us=0
frust_shell_common::perf: frust-perf raw n=1930 total_us=3308 rebuild_us=170 layout_us=0 paint_us=82 encode_us=14 acquire_us=97 submit_us=2941 skipped=0 gpu_q=1 gpu_total_us=685 gpu_prepass_us=0 gpu_main_us=685 gpu_composite_us=0 gpu_blit_us=0
frust_shell_common::perf: frust-perf raw n=1931 total_us=3202 rebuild_us=175 layout_us=0 paint_us=83 encode_us=13 acquire_us=100 submit_us=2830 skipped=0 gpu_q=1 gpu_total_us=708 gpu_prepass_us=0 gpu_main_us=708 gpu_composite_us=0 gpu_blit_us=0
frust_shell_common::perf: frust-perf raw n=1932 total_us=6562 rebuild_us=200 layout_us=0 paint_us=88 encode_us=36 acquire_us=177 submit_us=6057 skipped=0 gpu_q=1 gpu_total_us=700 gpu_prepass_us=0 gpu_main_us=700 gpu_composite_us=0 gpu_blit_us=0
frust_shell_common::perf: frust-perf raw n=1933 total_us=6319 rebuild_us=164 layout_us=0 paint_us=83 encode_us=38 acquire_us=152 submit_us=5880 skipped=0 gpu_q=1 gpu_total_us=726 gpu_prepass_us=0 gpu_main_us=726 gpu_composite_us=0 gpu_blit_us=0
frust_shell_common::perf: frust-perf raw n=1934 total_us=4415 rebuild_us=108 layout_us=0 paint_us=51 encode_us=27 acquire_us=112 submit_us=4115 skipped=0 gpu_q=1 gpu_total_us=714 gpu_prepass_us=0 gpu_main_us=714 gpu_composite_us=0 gpu_blit_us=0
frust_shell_common::perf: frust-perf raw n=1935 total_us=3422 rebuild_us=87 layout_us=0 paint_us=43 encode_us=21 acquire_us=91 submit_us=3178 skipped=0 gpu_q=1 gpu_total_us=688 gpu_prepass_us=0 gpu_main_us=688 gpu_composite_us=0 gpu_blit_us=0
frust_shell_common::perf: frust-perf raw n=1936 total_us=3886 rebuild_us=102 layout_us=0 paint_us=47 encode_us=22 acquire_us=103 submit_us=3609 skipped=0 gpu_q=1 gpu_total_us=668 gpu_prepass_us=0 gpu_main_us=668 gpu_composite_us=0 gpu_blit_us=0
frust_shell_common::perf: frust-perf raw n=1937 total_us=5416 rebuild_us=167 layout_us=0 paint_us=61 encode_us=32 acquire_us=134 submit_us=5021 skipped=0 gpu_q=1 gpu_total_us=668 gpu_prepass_us=0 gpu_main_us=668 gpu_composite_us=0 gpu_blit_us=0
frust_shell_common::perf: frust-perf raw n=1938 total_us=5272 rebuild_us=121 layout_us=0 paint_us=59 encode_us=28 acquire_us=137 submit_us=4926 skipped=0 gpu_q=1 gpu_total_us=669 gpu_prepass_us=0 gpu_main_us=669 gpu_composite_us=0 gpu_blit_us=0
frust_shell_common::perf: frust-perf raw n=1939 total_us=3155 rebuild_us=115 layout_us=0 paint_us=56 encode_us=17 acquire_us=169 submit_us=2795 skipped=0 gpu_q=1 gpu_total_us=692 gpu_prepass_us=0 gpu_main_us=692 gpu_composite_us=0 gpu_blit_us=0
frust_shell_common::perf: frust-perf raw n=1940 total_us=3248 rebuild_us=180 layout_us=0 paint_us=79 encode_us=14 acquire_us=98 submit_us=2875 skipped=0 gpu_q=1 gpu_total_us=682 gpu_prepass_us=0 gpu_main_us=682 gpu_composite_us=0 gpu_blit_us=0
frust_shell_common::perf: frust-perf raw n=1941 total_us=7163 rebuild_us=188 layout_us=0 paint_us=88 encode_us=39 acquire_us=226 submit_us=6619 skipped=0 gpu_q=1 gpu_total_us=667 gpu_prepass_us=0 gpu_main_us=667 gpu_composite_us=0 gpu_blit_us=0
frust_shell_common::perf: frust-perf raw n=1942 total_us=5550 rebuild_us=174 layout_us=0 paint_us=101 encode_us=83 acquire_us=180 submit_us=5009 skipped=0 gpu_q=1 gpu_total_us=668 gpu_prepass_us=0 gpu_main_us=668 gpu_composite_us=0 gpu_blit_us=0
frust_shell_common::perf: frust-perf raw n=1943 total_us=4134 rebuild_us=111 layout_us=0 paint_us=53 encode_us=28 acquire_us=128 submit_us=3811 skipped=0 gpu_q=1 gpu_total_us=719 gpu_prepass_us=0 gpu_main_us=719 gpu_composite_us=0 gpu_blit_us=0
frust_shell_common::perf: frust-perf raw n=1944 total_us=3140 rebuild_us=95 layout_us=0 paint_us=44 encode_us=17 acquire_us=133 submit_us=2848 skipped=0 gpu_q=1 gpu_total_us=736 gpu_prepass_us=0 gpu_main_us=736 gpu_composite_us=0 gpu_blit_us=0
frust_shell_common::perf: frust-perf raw n=1945 total_us=3423 rebuild_us=164 layout_us=0 paint_us=75 encode_us=14 acquire_us=98 submit_us=3069 skipped=0 gpu_q=1 gpu_total_us=705 gpu_prepass_us=0 gpu_main_us=705 gpu_composite_us=0 gpu_blit_us=0
frust_shell_common::perf: frust-perf raw n=1946 total_us=6269 rebuild_us=184 layout_us=0 paint_us=85 encode_us=40 acquire_us=190 submit_us=5768 skipped=0 gpu_q=1 gpu_total_us=701 gpu_prepass_us=0 gpu_main_us=701 gpu_composite_us=0 gpu_blit_us=0
frust_shell_common::perf: frust-perf raw n=1947 total_us=3426 rebuild_us=129 layout_us=0 paint_us=63 encode_us=20 acquire_us=171 submit_us=3042 skipped=0 gpu_q=1 gpu_total_us=706 gpu_prepass_us=0 gpu_main_us=706 gpu_composite_us=0 gpu_blit_us=0
frust_shell_common::perf: frust-perf raw n=1948 total_us=3290 rebuild_us=147 layout_us=0 paint_us=67 encode_us=13 acquire_us=97 submit_us=2963 skipped=0 gpu_q=1 gpu_total_us=739 gpu_prepass_us=0 gpu_main_us=739 gpu_composite_us=0 gpu_blit_us=0
frust_shell_common::perf: frust-perf raw n=1949 total_us=5547 rebuild_us=195 layout_us=0 paint_us=193 encode_us=32 acquire_us=161 submit_us=4963 skipped=0 gpu_q=1 gpu_total_us=762 gpu_prepass_us=0 gpu_main_us=762 gpu_composite_us=0 gpu_blit_us=0
frust_shell_common::perf: frust-perf raw n=1950 total_us=3301 rebuild_us=183 layout_us=0 paint_us=85 encode_us=14 acquire_us=124 submit_us=2893 skipped=0 gpu_q=1 gpu_total_us=702 gpu_prepass_us=0 gpu_main_us=702 gpu_composite_us=0 gpu_blit_us=0
frust_shell_common::perf: frust-perf raw n=1951 total_us=3166 rebuild_us=170 layout_us=0 paint_us=80 encode_us=12 acquire_us=87 submit_us=2814 skipped=0 gpu_q=1 gpu_total_us=748 gpu_prepass_us=0 gpu_main_us=748 gpu_composite_us=0 gpu_blit_us=0
frust_shell_common::perf: frust-perf raw n=1952 total_us=3314 rebuild_us=179 layout_us=0 paint_us=88 encode_us=16 acquire_us=119 submit_us=2909 skipped=0 gpu_q=1 gpu_total_us=750 gpu_prepass_us=0 gpu_main_us=750 gpu_composite_us=0 gpu_blit_us=0
frust_shell_common::perf: frust-perf raw n=1953 total_us=3182 rebuild_us=198 layout_us=0 paint_us=85 encode_us=14 acquire_us=100 submit_us=2784 skipped=0 gpu_q=1 gpu_total_us=710 gpu_prepass_us=0 gpu_main_us=710 gpu_composite_us=0 gpu_blit_us=0
frust_shell_common::perf: frust-perf raw n=1954 total_us=3305 rebuild_us=195 layout_us=0 paint_us=85 encode_us=14 acquire_us=105 submit_us=2903 skipped=0 gpu_q=1 gpu_total_us=744 gpu_prepass_us=0 gpu_main_us=744 gpu_composite_us=0 gpu_blit_us=0
frust_shell_common::perf: frust-perf raw n=1955 total_us=3544 rebuild_us=202 layout_us=0 paint_us=93 encode_us=17 acquire_us=117 submit_us=3113 skipped=0 gpu_q=1 gpu_total_us=746 gpu_prepass_us=0 gpu_main_us=746 gpu_composite_us=0 gpu_blit_us=0
frust_shell_common::perf: frust-perf raw n=1956 total_us=3267 rebuild_us=187 layout_us=0 paint_us=86 encode_us=15 acquire_us=97 submit_us=2881 skipped=0 gpu_q=1 gpu_total_us=747 gpu_prepass_us=0 gpu_main_us=747 gpu_composite_us=0 gpu_blit_us=0
frust_shell_common::perf: frust-perf raw n=1957 total_us=3425 rebuild_us=190 layout_us=0 paint_us=88 encode_us=15 acquire_us=111 submit_us=3019 skipped=0 gpu_q=1 gpu_total_us=745 gpu_prepass_us=0 gpu_main_us=745 gpu_composite_us=0 gpu_blit_us=0
frust_shell_common::perf: frust-perf raw n=1958 total_us=3363 rebuild_us=194 layout_us=0 paint_us=86 encode_us=13 acquire_us=101 submit_us=2966 skipped=0 gpu_q=1 gpu_total_us=766 gpu_prepass_us=0 gpu_main_us=766 gpu_composite_us=0 gpu_blit_us=0
frust_shell_common::perf: frust-perf raw n=1959 total_us=3359 rebuild_us=203 layout_us=0 paint_us=89 encode_us=15 acquire_us=110 submit_us=2940 skipped=0 gpu_q=1 gpu_total_us=714 gpu_prepass_us=0 gpu_main_us=714 gpu_composite_us=0 gpu_blit_us=0
frust_shell_common::perf: frust-perf raw n=1960 total_us=3341 rebuild_us=185 layout_us=0 paint_us=83 encode_us=15 acquire_us=100 submit_us=2956 skipped=0 gpu_q=1 gpu_total_us=731 gpu_prepass_us=0 gpu_main_us=731 gpu_composite_us=0 gpu_blit_us=0
frust_shell_common::perf: frust-perf raw n=1961 total_us=3351 rebuild_us=188 layout_us=0 paint_us=93 encode_us=15 acquire_us=100 submit_us=2953 skipped=0 gpu_q=1 gpu_total_us=759 gpu_prepass_us=0 gpu_main_us=759 gpu_composite_us=0 gpu_blit_us=0
frust_shell_common::perf: frust-perf raw n=1962 total_us=3327 rebuild_us=192 layout_us=0 paint_us=88 encode_us=14 acquire_us=102 submit_us=2928 skipped=0 gpu_q=1 gpu_total_us=760 gpu_prepass_us=0 gpu_main_us=760 gpu_composite_us=0 gpu_blit_us=0
frust_shell_common::perf: frust-perf raw n=1963 total_us=3405 rebuild_us=189 layout_us=0 paint_us=85 encode_us=17 acquire_us=106 submit_us=3006 skipped=0 gpu_q=1 gpu_total_us=734 gpu_prepass_us=0 gpu_main_us=734 gpu_composite_us=0 gpu_blit_us=0
frust_shell_common::perf: frust-perf raw n=1964 total_us=3388 rebuild_us=193 layout_us=0 paint_us=86 encode_us=16 acquire_us=100 submit_us=2992 skipped=0 gpu_q=1 gpu_total_us=742 gpu_prepass_us=0 gpu_main_us=742 gpu_composite_us=0 gpu_blit_us=0
frust_shell_common::perf: frust-perf raw n=1965 total_us=3379 rebuild_us=187 layout_us=0 paint_us=87 encode_us=15 acquire_us=114 submit_us=2973 skipped=0 gpu_q=1 gpu_total_us=736 gpu_prepass_us=0 gpu_main_us=736 gpu_composite_us=0 gpu_blit_us=0
frust_shell_common::perf: frust-perf raw n=1966 total_us=3402 rebuild_us=202 layout_us=0 paint_us=89 encode_us=14 acquire_us=102 submit_us=2992 skipped=0 gpu_q=1 gpu_total_us=736 gpu_prepass_us=0 gpu_main_us=736 gpu_composite_us=0 gpu_blit_us=0
frust_shell_common::perf: frust-perf raw n=1967 total_us=3361 rebuild_us=195 layout_us=0 paint_us=88 encode_us=14 acquire_us=102 submit_us=2960 skipped=0 gpu_q=1 gpu_total_us=740 gpu_prepass_us=0 gpu_main_us=740 gpu_composite_us=0 gpu_blit_us=0
frust_shell_common::perf: frust-perf raw n=1968 total_us=3322 rebuild_us=193 layout_us=0 paint_us=86 encode_us=15 acquire_us=143 submit_us=2882 skipped=0 gpu_q=1 gpu_total_us=752 gpu_prepass_us=0 gpu_main_us=752 gpu_composite_us=0 gpu_blit_us=0
frust_shell_common::perf: frust-perf raw n=1969 total_us=3451 rebuild_us=266 layout_us=0 paint_us=98 encode_us=14 acquire_us=108 submit_us=2961 skipped=0 gpu_q=1 gpu_total_us=730 gpu_prepass_us=0 gpu_main_us=730 gpu_composite_us=0 gpu_blit_us=0
frust_shell_common::perf: frust-perf raw n=1970 total_us=3129 rebuild_us=180 layout_us=0 paint_us=81 encode_us=13 acquire_us=92 submit_us=2761 skipped=0 gpu_q=1 gpu_total_us=743 gpu_prepass_us=0 gpu_main_us=743 gpu_composite_us=0 gpu_blit_us=0
frust_shell_common::perf: frust-perf raw n=1971 total_us=3308 rebuild_us=194 layout_us=0 paint_us=86 encode_us=13 acquire_us=116 submit_us=2896 skipped=0 gpu_q=1 gpu_total_us=721 gpu_prepass_us=0 gpu_main_us=721 gpu_composite_us=0 gpu_blit_us=0
frust_shell_common::perf: frust-perf raw n=1972 total_us=3510 rebuild_us=192 layout_us=0 paint_us=84 encode_us=17 acquire_us=100 submit_us=3115 skipped=0 gpu_q=1 gpu_total_us=746 gpu_prepass_us=0 gpu_main_us=746 gpu_composite_us=0 gpu_blit_us=0
frust_shell_common::perf: frust-perf raw n=1973 total_us=3358 rebuild_us=175 layout_us=0 paint_us=83 encode_us=18 acquire_us=97 submit_us=2983 skipped=0 gpu_q=1 gpu_total_us=755 gpu_prepass_us=0 gpu_main_us=755 gpu_composite_us=0 gpu_blit_us=0
frust_shell_common::perf: frust-perf raw n=1974 total_us=3464 rebuild_us=189 layout_us=0 paint_us=83 encode_us=15 acquire_us=114 submit_us=3060 skipped=0 gpu_q=1 gpu_total_us=745 gpu_prepass_us=0 gpu_main_us=745 gpu_composite_us=0 gpu_blit_us=0
frust_shell_common::perf: frust-perf raw n=1975 total_us=3507 rebuild_us=195 layout_us=0 paint_us=87 encode_us=15 acquire_us=110 submit_us=3098 skipped=0 gpu_q=1 gpu_total_us=761 gpu_prepass_us=0 gpu_main_us=761 gpu_composite_us=0 gpu_blit_us=0
frust_shell_common::perf: frust-perf raw n=1976 total_us=3439 rebuild_us=185 layout_us=0 paint_us=88 encode_us=16 acquire_us=110 submit_us=3037 skipped=0 gpu_q=1 gpu_total_us=782 gpu_prepass_us=0 gpu_main_us=782 gpu_composite_us=0 gpu_blit_us=0
frust_shell_common::perf: frust-perf raw n=1977 total_us=3314 rebuild_us=175 layout_us=0 paint_us=85 encode_us=14 acquire_us=101 submit_us=2937 skipped=0 gpu_q=1 gpu_total_us=777 gpu_prepass_us=0 gpu_main_us=777 gpu_composite_us=0 gpu_blit_us=0
frust_shell_common::perf: frust-perf raw n=1978 total_us=3424 rebuild_us=182 layout_us=0 paint_us=88 encode_us=14 acquire_us=108 submit_us=3030 skipped=0 gpu_q=1 gpu_total_us=762 gpu_prepass_us=0 gpu_main_us=762 gpu_composite_us=0 gpu_blit_us=0
frust_shell_common::perf: frust-perf raw n=1979 total_us=3404 rebuild_us=181 layout_us=0 paint_us=85 encode_us=14 acquire_us=100 submit_us=3022 skipped=0 gpu_q=1 gpu_total_us=771 gpu_prepass_us=0 gpu_main_us=771 gpu_composite_us=0 gpu_blit_us=0
frust_engine::renderer: frust-perf enc n=1980 w=60 validate_us=3.5 prepare_us=3.3 classify_us=12.4 admit_us=0.4 walk_us=501.7 glyphs_us=215.1 finish_us=2.4 compile_us=524.5 schedule_us=3.5 paints_us=13.7 instances_us=30.3 resize_us=2.9 upload_us=207.5 replay_us=0.3 pipelines_us=16.0 record_us=30.6 total_us=830.5 total_p95_us=1846.2 draws=46 strips=1073 alphas=28576 glyph_draws=36 atlas_glyphs=36
frust_shell_common::perf: frust-perf raw n=1980 total_us=3555 rebuild_us=194 layout_us=0 paint_us=86 encode_us=14 acquire_us=107 submit_us=3151 skipped=0 gpu_q=1 gpu_total_us=762 gpu_prepass_us=0 gpu_main_us=762 gpu_composite_us=0 gpu_blit_us=0
frust_shell_common::perf: frust-perf raw n=1981 total_us=3692 rebuild_us=234 layout_us=0 paint_us=221 encode_us=15 acquire_us=106 submit_us=3113 skipped=0 gpu_q=1 gpu_total_us=768 gpu_prepass_us=0 gpu_main_us=768 gpu_composite_us=0 gpu_blit_us=0
frust_shell_common::perf: frust-perf raw n=1982 total_us=3560 rebuild_us=183 layout_us=0 paint_us=81 encode_us=14 acquire_us=99 submit_us=3180 skipped=0 gpu_q=1 gpu_total_us=748 gpu_prepass_us=0 gpu_main_us=748 gpu_composite_us=0 gpu_blit_us=0
frust_shell_common::perf: frust-perf raw n=1983 total_us=3456 rebuild_us=186 layout_us=0 paint_us=86 encode_us=15 acquire_us=111 submit_us=3056 skipped=0 gpu_q=1 gpu_total_us=754 gpu_prepass_us=0 gpu_main_us=754 gpu_composite_us=0 gpu_blit_us=0
frust_shell_common::perf: frust-perf raw n=1984 total_us=3438 rebuild_us=193 layout_us=0 paint_us=88 encode_us=15 acquire_us=104 submit_us=3036 skipped=0 gpu_q=1 gpu_total_us=778 gpu_prepass_us=0 gpu_main_us=778 gpu_composite_us=0 gpu_blit_us=0
frust_shell_common::perf: frust-perf raw n=1985 total_us=3213 rebuild_us=189 layout_us=0 paint_us=84 encode_us=16 acquire_us=103 submit_us=2819 skipped=0 gpu_q=1 gpu_total_us=740 gpu_prepass_us=0 gpu_main_us=740 gpu_composite_us=0 gpu_blit_us=0
frust_shell_common::perf: frust-perf raw n=1986 total_us=3292 rebuild_us=174 layout_us=0 paint_us=81 encode_us=14 acquire_us=101 submit_us=2919 skipped=0 gpu_q=1 gpu_total_us=801 gpu_prepass_us=0 gpu_main_us=801 gpu_composite_us=0 gpu_blit_us=0
frust_shell_common::perf: frust-perf raw n=1987 total_us=3273 rebuild_us=182 layout_us=0 paint_us=90 encode_us=15 acquire_us=112 submit_us=2872 skipped=0 gpu_q=1 gpu_total_us=770 gpu_prepass_us=0 gpu_main_us=770 gpu_composite_us=0 gpu_blit_us=0
frust_shell_common::perf: frust-perf raw n=1988 total_us=3242 rebuild_us=186 layout_us=0 paint_us=83 encode_us=14 acquire_us=105 submit_us=2852 skipped=0 gpu_q=1 gpu_total_us=771 gpu_prepass_us=0 gpu_main_us=771 gpu_composite_us=0 gpu_blit_us=0
frust_shell_common::perf: frust-perf raw n=1989 total_us=3386 rebuild_us=177 layout_us=0 paint_us=83 encode_us=16 acquire_us=112 submit_us=2996 skipped=0 gpu_q=1 gpu_total_us=751 gpu_prepass_us=0 gpu_main_us=751 gpu_composite_us=0 gpu_blit_us=0
frust_shell_common::perf: frust-perf raw n=1990 total_us=3230 rebuild_us=181 layout_us=0 paint_us=81 encode_us=17 acquire_us=108 submit_us=2842 skipped=0 gpu_q=1 gpu_total_us=780 gpu_prepass_us=0 gpu_main_us=780 gpu_composite_us=0 gpu_blit_us=0
frust_shell_common::perf: frust-perf raw n=1991 total_us=3362 rebuild_us=182 layout_us=0 paint_us=89 encode_us=15 acquire_us=99 submit_us=2975 skipped=0 gpu_q=1 gpu_total_us=753 gpu_prepass_us=0 gpu_main_us=753 gpu_composite_us=0 gpu_blit_us=0
frust_shell_common::perf: frust-perf raw n=1992 total_us=3285 rebuild_us=187 layout_us=0 paint_us=91 encode_us=13 acquire_us=105 submit_us=2887 skipped=0 gpu_q=1 gpu_total_us=748 gpu_prepass_us=0 gpu_main_us=748 gpu_composite_us=0 gpu_blit_us=0
frust_shell_common::perf: frust-perf raw n=1993 total_us=3309 rebuild_us=192 layout_us=0 paint_us=93 encode_us=14 acquire_us=110 submit_us=2899 skipped=0 gpu_q=1 gpu_total_us=765 gpu_prepass_us=0 gpu_main_us=765 gpu_composite_us=0 gpu_blit_us=0
frust_shell_common::perf: frust-perf raw n=1994 total_us=3329 rebuild_us=183 layout_us=0 paint_us=81 encode_us=16 acquire_us=105 submit_us=2941 skipped=0 gpu_q=1 gpu_total_us=754 gpu_prepass_us=0 gpu_main_us=754 gpu_composite_us=0 gpu_blit_us=0
frust_shell_common::perf: frust-perf raw n=1995 total_us=3405 rebuild_us=185 layout_us=0 paint_us=82 encode_us=15 acquire_us=108 submit_us=3011 skipped=0 gpu_q=1 gpu_total_us=746 gpu_prepass_us=0 gpu_main_us=746 gpu_composite_us=0 gpu_blit_us=0
frust_shell_common::perf: frust-perf raw n=1996 total_us=3369 rebuild_us=193 layout_us=0 paint_us=92 encode_us=14 acquire_us=107 submit_us=2961 skipped=0 gpu_q=1 gpu_total_us=767 gpu_prepass_us=0 gpu_main_us=767 gpu_composite_us=0 gpu_blit_us=0
frust_shell_common::perf: frust-perf raw n=1997 total_us=3379 rebuild_us=193 layout_us=0 paint_us=91 encode_us=15 acquire_us=105 submit_us=2972 skipped=0 gpu_q=1 gpu_total_us=768 gpu_prepass_us=0 gpu_main_us=768 gpu_composite_us=0 gpu_blit_us=0
frust_shell_common::perf: frust-perf raw n=1998 total_us=3394 rebuild_us=200 layout_us=0 paint_us=87 encode_us=17 acquire_us=109 submit_us=2978 skipped=0 gpu_q=1 gpu_total_us=756 gpu_prepass_us=0 gpu_main_us=756 gpu_composite_us=0 gpu_blit_us=0
frust_shell_common::perf: frust-perf raw n=1999 total_us=3360 rebuild_us=197 layout_us=0 paint_us=93 encode_us=14 acquire_us=105 submit_us=2948 skipped=0 gpu_q=1 gpu_total_us=778 gpu_prepass_us=0 gpu_main_us=778 gpu_composite_us=0 gpu_blit_us=0
frust_shell_common::perf: frust-perf raw n=2000 total_us=3253 rebuild_us=189 layout_us=0 paint_us=84 encode_us=13 acquire_us=96 submit_us=2869 skipped=0 gpu_q=1 gpu_total_us=775 gpu_prepass_us=0 gpu_main_us=775 gpu_composite_us=0 gpu_blit_us=0
frust_shell_common::perf: frust-perf raw n=2001 total_us=3409 rebuild_us=199 layout_us=0 paint_us=92 encode_us=15 acquire_us=112 submit_us=2987 skipped=0 gpu_q=1 gpu_total_us=741 gpu_prepass_us=0 gpu_main_us=741 gpu_composite_us=0 gpu_blit_us=0
frust_shell_common::perf: frust-perf raw n=2002 total_us=3301 rebuild_us=184 layout_us=0 paint_us=88 encode_us=14 acquire_us=144 submit_us=2868 skipped=0 gpu_q=1 gpu_total_us=768 gpu_prepass_us=0 gpu_main_us=768 gpu_composite_us=0 gpu_blit_us=0
frust_shell_common::perf: frust-perf raw n=2003 total_us=3258 rebuild_us=180 layout_us=0 paint_us=84 encode_us=17 acquire_us=111 submit_us=2863 skipped=0 gpu_q=1 gpu_total_us=745 gpu_prepass_us=0 gpu_main_us=745 gpu_composite_us=0 gpu_blit_us=0
frust_shell_common::perf: frust-perf raw n=2004 total_us=3534 rebuild_us=372 layout_us=0 paint_us=88 encode_us=14 acquire_us=106 submit_us=2951 skipped=0 gpu_q=1 gpu_total_us=753 gpu_prepass_us=0 gpu_main_us=753 gpu_composite_us=0 gpu_blit_us=0
frust_shell_common::perf: frust-perf raw n=2005 total_us=3459 rebuild_us=200 layout_us=0 paint_us=91 encode_us=14 acquire_us=106 submit_us=3045 skipped=0 gpu_q=1 gpu_total_us=727 gpu_prepass_us=0 gpu_main_us=727 gpu_composite_us=0 gpu_blit_us=0
frust_shell_common::perf: frust-perf raw n=2006 total_us=3449 rebuild_us=197 layout_us=0 paint_us=88 encode_us=16 acquire_us=109 submit_us=3036 skipped=0 gpu_q=1 gpu_total_us=713 gpu_prepass_us=0 gpu_main_us=713 gpu_composite_us=0 gpu_blit_us=0
frust_shell_common::perf: frust-perf raw n=2007 total_us=3516 rebuild_us=272 layout_us=0 paint_us=97 encode_us=15 acquire_us=115 submit_us=3014 skipped=0 gpu_q=1 gpu_total_us=726 gpu_prepass_us=0 gpu_main_us=726 gpu_composite_us=0 gpu_blit_us=0
frust_shell_common::perf: frust-perf raw n=2008 total_us=3471 rebuild_us=181 layout_us=0 paint_us=86 encode_us=14 acquire_us=102 submit_us=3087 skipped=0 gpu_q=1 gpu_total_us=733 gpu_prepass_us=0 gpu_main_us=733 gpu_composite_us=0 gpu_blit_us=0
frust_shell_common::perf: frust-perf raw n=2009 total_us=3479 rebuild_us=187 layout_us=0 paint_us=86 encode_us=17 acquire_us=113 submit_us=3074 skipped=0 gpu_q=1 gpu_total_us=736 gpu_prepass_us=0 gpu_main_us=736 gpu_composite_us=0 gpu_blit_us=0
frust_shell_common::perf: frust-perf raw n=2010 total_us=3288 rebuild_us=187 layout_us=0 paint_us=88 encode_us=13 acquire_us=94 submit_us=2903 skipped=0 gpu_q=1 gpu_total_us=718 gpu_prepass_us=0 gpu_main_us=718 gpu_composite_us=0 gpu_blit_us=0
frust_shell_common::perf: frust-perf raw n=2011 total_us=3250 rebuild_us=182 layout_us=0 paint_us=82 encode_us=14 acquire_us=94 submit_us=2876 skipped=0 gpu_q=1 gpu_total_us=694 gpu_prepass_us=0 gpu_main_us=694 gpu_composite_us=0 gpu_blit_us=0
frust_shell_common::perf: frust-perf raw n=2012 total_us=6307 rebuild_us=181 layout_us=0 paint_us=83 encode_us=38 acquire_us=176 submit_us=5828 skipped=0 gpu_q=1 gpu_total_us=744 gpu_prepass_us=0 gpu_main_us=744 gpu_composite_us=0 gpu_blit_us=0
frust_shell_common::perf: frust-perf raw n=2013 total_us=4257 rebuild_us=120 layout_us=0 paint_us=57 encode_us=24 acquire_us=129 submit_us=3925 skipped=0 gpu_q=1 gpu_total_us=743 gpu_prepass_us=0 gpu_main_us=743 gpu_composite_us=0 gpu_blit_us=0
frust_shell_common::perf: frust-perf raw n=2014 total_us=4268 rebuild_us=108 layout_us=0 paint_us=49 encode_us=22 acquire_us=108 submit_us=3980 skipped=0 gpu_q=1 gpu_total_us=732 gpu_prepass_us=0 gpu_main_us=732 gpu_composite_us=0 gpu_blit_us=0
frust_shell_common::perf: frust-perf raw n=2015 total_us=4287 rebuild_us=112 layout_us=0 paint_us=51 encode_us=21 acquire_us=120 submit_us=3981 skipped=0 gpu_q=1 gpu_total_us=740 gpu_prepass_us=0 gpu_main_us=740 gpu_composite_us=0 gpu_blit_us=0
frust_shell_common::perf: frust-perf raw n=2016 total_us=4544 rebuild_us=110 layout_us=0 paint_us=50 encode_us=21 acquire_us=123 submit_us=4237 skipped=0 gpu_q=1 gpu_total_us=692 gpu_prepass_us=0 gpu_main_us=692 gpu_composite_us=0 gpu_blit_us=0
frust_shell_common::perf: frust-perf raw n=2017 total_us=3997 rebuild_us=106 layout_us=0 paint_us=52 encode_us=19 acquire_us=147 submit_us=3672 skipped=0 gpu_q=1 gpu_total_us=696 gpu_prepass_us=0 gpu_main_us=696 gpu_composite_us=0 gpu_blit_us=0
frust_shell_common::perf: frust-perf raw n=2018 total_us=4372 rebuild_us=102 layout_us=0 paint_us=46 encode_us=21 acquire_us=101 submit_us=4100 skipped=0 gpu_q=1 gpu_total_us=738 gpu_prepass_us=0 gpu_main_us=738 gpu_composite_us=0 gpu_blit_us=0
frust_shell_common::perf: frust-perf raw n=2019 total_us=5823 rebuild_us=114 layout_us=0 paint_us=54 encode_us=27 acquire_us=128 submit_us=5496 skipped=0 gpu_q=1 gpu_total_us=708 gpu_prepass_us=0 gpu_main_us=708 gpu_composite_us=0 gpu_blit_us=0
frust_shell_common::perf: frust-perf raw n=2020 total_us=3267 rebuild_us=169 layout_us=0 paint_us=74 encode_us=14 acquire_us=131 submit_us=2878 skipped=0 gpu_q=1 gpu_total_us=703 gpu_prepass_us=0 gpu_main_us=703 gpu_composite_us=0 gpu_blit_us=0
frust_shell_common::perf: frust-perf raw n=2021 total_us=3485 rebuild_us=255 layout_us=0 paint_us=86 encode_us=15 acquire_us=129 submit_us=2999 skipped=0 gpu_q=1 gpu_total_us=761 gpu_prepass_us=0 gpu_main_us=761 gpu_composite_us=0 gpu_blit_us=0
frust_shell_common::perf: frust-perf raw n=2022 total_us=3289 rebuild_us=164 layout_us=0 paint_us=76 encode_us=16 acquire_us=112 submit_us=2920 skipped=0 gpu_q=1 gpu_total_us=702 gpu_prepass_us=0 gpu_main_us=702 gpu_composite_us=0 gpu_blit_us=0
frust_shell_common::perf: frust-perf raw n=2023 total_us=3357 rebuild_us=188 layout_us=0 paint_us=88 encode_us=19 acquire_us=119 submit_us=2941 skipped=0 gpu_q=1 gpu_total_us=705 gpu_prepass_us=0 gpu_main_us=705 gpu_composite_us=0 gpu_blit_us=0
frust_shell_common::perf: frust-perf raw n=2024 total_us=3416 rebuild_us=186 layout_us=0 paint_us=86 encode_us=15 acquire_us=111 submit_us=3015 skipped=0 gpu_q=1 gpu_total_us=750 gpu_prepass_us=0 gpu_main_us=750 gpu_composite_us=0 gpu_blit_us=0
frust_shell_common::perf: frust-perf raw n=2025 total_us=3353 rebuild_us=188 layout_us=0 paint_us=91 encode_us=13 acquire_us=105 submit_us=2954 skipped=0 gpu_q=1 gpu_total_us=753 gpu_prepass_us=0 gpu_main_us=753 gpu_composite_us=0 gpu_blit_us=0
frust_shell_common::perf: frust-perf raw n=2026 total_us=3360 rebuild_us=191 layout_us=0 paint_us=89 encode_us=15 acquire_us=114 submit_us=2948 skipped=0 gpu_q=1 gpu_total_us=741 gpu_prepass_us=0 gpu_main_us=741 gpu_composite_us=0 gpu_blit_us=0
frust_shell_common::perf: frust-perf raw n=2027 total_us=3362 rebuild_us=191 layout_us=0 paint_us=89 encode_us=15 acquire_us=112 submit_us=2951 skipped=0 gpu_q=1 gpu_total_us=744 gpu_prepass_us=0 gpu_main_us=744 gpu_composite_us=0 gpu_blit_us=0
frust_shell_common::perf: frust-perf raw n=2028 total_us=3377 rebuild_us=191 layout_us=0 paint_us=93 encode_us=14 acquire_us=106 submit_us=2970 skipped=0 gpu_q=1 gpu_total_us=765 gpu_prepass_us=0 gpu_main_us=765 gpu_composite_us=0 gpu_blit_us=0
frust_shell_common::perf: frust-perf raw n=2029 total_us=3362 rebuild_us=186 layout_us=0 paint_us=93 encode_us=15 acquire_us=110 submit_us=2956 skipped=0 gpu_q=1 gpu_total_us=751 gpu_prepass_us=0 gpu_main_us=751 gpu_composite_us=0 gpu_blit_us=0
frust_shell_android::app::frame: frust-perf platform-view tail depth=0 target=0 acquire_bound=false frame=2040 expected_present_us=0 acquire_us=110 period_us=8233
frust_shell_common::perf: frust-perf raw n=2030 total_us=3405 rebuild_us=188 layout_us=0 paint_us=93 encode_us=12 acquire_us=107 submit_us=3003 skipped=0 gpu_q=1 gpu_total_us=755 gpu_prepass_us=0 gpu_main_us=755 gpu_composite_us=0 gpu_blit_us=0
frust_shell_common::perf: frust-perf raw n=2031 total_us=3395 rebuild_us=188 layout_us=0 paint_us=94 encode_us=13 acquire_us=96 submit_us=3001 skipped=0 gpu_q=1 gpu_total_us=747 gpu_prepass_us=0 gpu_main_us=747 gpu_composite_us=0 gpu_blit_us=0
frust_shell_common::perf: frust-perf raw n=2032 total_us=3388 rebuild_us=189 layout_us=0 paint_us=92 encode_us=14 acquire_us=107 submit_us=2984 skipped=0 gpu_q=1 gpu_total_us=737 gpu_prepass_us=0 gpu_main_us=737 gpu_composite_us=0 gpu_blit_us=0
frust_shell_common::perf: frust-perf raw n=2033 total_us=3469 rebuild_us=195 layout_us=0 paint_us=94 encode_us=13 acquire_us=103 submit_us=3061 skipped=0 gpu_q=1 gpu_total_us=738 gpu_prepass_us=0 gpu_main_us=738 gpu_composite_us=0 gpu_blit_us=0
frust_shell_common::perf: frust-perf raw n=2034 total_us=3308 rebuild_us=193 layout_us=0 paint_us=96 encode_us=12 acquire_us=96 submit_us=2908 skipped=0 gpu_q=1 gpu_total_us=759 gpu_prepass_us=0 gpu_main_us=759 gpu_composite_us=0 gpu_blit_us=0
frust_shell_common::perf: frust-perf raw n=2035 total_us=3358 rebuild_us=194 layout_us=0 paint_us=89 encode_us=14 acquire_us=104 submit_us=2956 skipped=0 gpu_q=1 gpu_total_us=729 gpu_prepass_us=0 gpu_main_us=729 gpu_composite_us=0 gpu_blit_us=0
frust_shell_common::perf: frust-perf raw n=2036 total_us=3297 rebuild_us=193 layout_us=0 paint_us=88 encode_us=14 acquire_us=136 submit_us=2863 skipped=0 gpu_q=1 gpu_total_us=739 gpu_prepass_us=0 gpu_main_us=739 gpu_composite_us=0 gpu_blit_us=0
frust_shell_common::perf: frust-perf raw n=2037 total_us=3388 rebuild_us=191 layout_us=0 paint_us=169 encode_us=15 acquire_us=108 submit_us=2904 skipped=0 gpu_q=1 gpu_total_us=720 gpu_prepass_us=0 gpu_main_us=720 gpu_composite_us=0 gpu_blit_us=0
frust_shell_common::perf: frust-perf raw n=2038 total_us=3307 rebuild_us=203 layout_us=0 paint_us=91 encode_us=13 acquire_us=104 submit_us=2893 skipped=0 gpu_q=1 gpu_total_us=747 gpu_prepass_us=0 gpu_main_us=747 gpu_composite_us=0 gpu_blit_us=0
frust_shell_common::perf: frust-perf raw n=2039 total_us=3235 rebuild_us=188 layout_us=0 paint_us=90 encode_us=13 acquire_us=99 submit_us=2842 skipped=0 gpu_q=1 gpu_total_us=737 gpu_prepass_us=0 gpu_main_us=737 gpu_composite_us=0 gpu_blit_us=0
frust_engine::renderer: frust-perf enc n=2040 w=60 validate_us=3.6 prepare_us=3.3 classify_us=12.1 admit_us=0.4 walk_us=500.2 glyphs_us=214.5 finish_us=2.3 compile_us=523.0 schedule_us=3.5 paints_us=13.4 instances_us=30.3 resize_us=2.9 upload_us=208.0 replay_us=0.3 pipelines_us=16.6 record_us=30.2 total_us=828.3 total_p95_us=1317.4 draws=46 strips=1073 alphas=28576 glyph_draws=36 atlas_glyphs=36
frust_shell_common::perf: frust-perf raw n=2040 total_us=3439 rebuild_us=166 layout_us=0 paint_us=80 encode_us=14 acquire_us=108 submit_us=3069 skipped=0 gpu_q=1 gpu_total_us=755 gpu_prepass_us=0 gpu_main_us=755 gpu_composite_us=0 gpu_blit_us=0
frust_shell_common::perf: frust-perf raw n=2041 total_us=3151 rebuild_us=182 layout_us=0 paint_us=90 encode_us=14 acquire_us=97 submit_us=2765 skipped=0 gpu_q=1 gpu_total_us=761 gpu_prepass_us=0 gpu_main_us=761 gpu_composite_us=0 gpu_blit_us=0
frust_shell_common::perf: frust-perf raw n=2042 total_us=3502 rebuild_us=187 layout_us=0 paint_us=90 encode_us=18 acquire_us=108 submit_us=3096 skipped=0 gpu_q=1 gpu_total_us=735 gpu_prepass_us=0 gpu_main_us=735 gpu_composite_us=0 gpu_blit_us=0
frust_shell_common::perf: frust-perf raw n=2043 total_us=3255 rebuild_us=182 layout_us=0 paint_us=87 encode_us=13 acquire_us=99 submit_us=2871 skipped=0 gpu_q=1 gpu_total_us=740 gpu_prepass_us=0 gpu_main_us=740 gpu_composite_us=0 gpu_blit_us=0
frust_shell_common::perf: frust-perf raw n=2044 total_us=3423 rebuild_us=195 layout_us=0 paint_us=92 encode_us=14 acquire_us=112 submit_us=3008 skipped=0 gpu_q=1 gpu_total_us=744 gpu_prepass_us=0 gpu_main_us=744 gpu_composite_us=0 gpu_blit_us=0
frust_shell_common::perf: frust-perf raw n=2045 total_us=3401 rebuild_us=190 layout_us=0 paint_us=94 encode_us=13 acquire_us=96 submit_us=3006 skipped=0 gpu_q=1 gpu_total_us=720 gpu_prepass_us=0 gpu_main_us=720 gpu_composite_us=0 gpu_blit_us=0
frust_shell_common::perf: frust-perf raw n=2046 total_us=3405 rebuild_us=185 layout_us=0 paint_us=87 encode_us=13 acquire_us=100 submit_us=3018 skipped=0 gpu_q=1 gpu_total_us=761 gpu_prepass_us=0 gpu_main_us=761 gpu_composite_us=0 gpu_blit_us=0
frust_shell_common::perf: frust-perf raw n=2047 total_us=5510 rebuild_us=183 layout_us=0 paint_us=88 encode_us=34 acquire_us=179 submit_us=5024 skipped=0 gpu_q=1 gpu_total_us=739 gpu_prepass_us=0 gpu_main_us=739 gpu_composite_us=0 gpu_blit_us=0
frust_shell_common::perf: frust-perf raw n=2048 total_us=5023 rebuild_us=120 layout_us=0 paint_us=58 encode_us=28 acquire_us=133 submit_us=4682 skipped=0 gpu_q=1 gpu_total_us=758 gpu_prepass_us=0 gpu_main_us=758 gpu_composite_us=0 gpu_blit_us=0
frust_shell_common::perf: frust-perf raw n=2049 total_us=3978 rebuild_us=112 layout_us=0 paint_us=52 encode_us=21 acquire_us=119 submit_us=3670 skipped=0 gpu_q=1 gpu_total_us=746 gpu_prepass_us=0 gpu_main_us=746 gpu_composite_us=0 gpu_blit_us=0
frust_shell_common::perf: frust-perf raw n=2050 total_us=4155 rebuild_us=109 layout_us=0 paint_us=51 encode_us=20 acquire_us=119 submit_us=3854 skipped=0 gpu_q=1 gpu_total_us=749 gpu_prepass_us=0 gpu_main_us=749 gpu_composite_us=0 gpu_blit_us=0
frust_shell_common::perf: frust-perf raw n=2051 total_us=5504 rebuild_us=123 layout_us=0 paint_us=56 encode_us=22 acquire_us=123 submit_us=5177 skipped=0 gpu_q=1 gpu_total_us=700 gpu_prepass_us=0 gpu_main_us=700 gpu_composite_us=0 gpu_blit_us=0
frust_shell_common::perf: frust-perf raw n=2052 total_us=4574 rebuild_us=124 layout_us=0 paint_us=56 encode_us=26 acquire_us=125 submit_us=4241 skipped=0 gpu_q=1 gpu_total_us=706 gpu_prepass_us=0 gpu_main_us=706 gpu_composite_us=0 gpu_blit_us=0
frust_shell_common::perf: frust-perf raw n=2053 total_us=6186 rebuild_us=126 layout_us=0 paint_us=57 encode_us=27 acquire_us=121 submit_us=5853 skipped=0 gpu_q=1 gpu_total_us=746 gpu_prepass_us=0 gpu_main_us=746 gpu_composite_us=0 gpu_blit_us=0
frust_shell_common::perf: frust-perf raw n=2054 total_us=5560 rebuild_us=113 layout_us=0 paint_us=54 encode_us=23 acquire_us=117 submit_us=5252 skipped=0 gpu_q=1 gpu_total_us=718 gpu_prepass_us=0 gpu_main_us=718 gpu_composite_us=0 gpu_blit_us=0
frust_shell_common::perf: frust-perf raw n=2055 total_us=5924 rebuild_us=116 layout_us=0 paint_us=55 encode_us=30 acquire_us=362 submit_us=5359 skipped=0 gpu_q=1 gpu_total_us=666 gpu_prepass_us=0 gpu_main_us=666 gpu_composite_us=0 gpu_blit_us=0
frust_shell_common::perf: frust-perf raw n=2056 total_us=4403 rebuild_us=103 layout_us=0 paint_us=98 encode_us=26 acquire_us=118 submit_us=4055 skipped=0 gpu_q=1 gpu_total_us=667 gpu_prepass_us=0 gpu_main_us=667 gpu_composite_us=0 gpu_blit_us=0
frust_shell_common::perf: frust-perf raw n=2057 total_us=5251 rebuild_us=123 layout_us=0 paint_us=52 encode_us=29 acquire_us=119 submit_us=4926 skipped=0 gpu_q=1 gpu_total_us=672 gpu_prepass_us=0 gpu_main_us=672 gpu_composite_us=0 gpu_blit_us=0
frust_shell_common::perf: frust-perf raw n=2058 total_us=4163 rebuild_us=109 layout_us=0 paint_us=48 encode_us=22 acquire_us=121 submit_us=3861 skipped=0 gpu_q=1 gpu_total_us=669 gpu_prepass_us=0 gpu_main_us=669 gpu_composite_us=0 gpu_blit_us=0
frust_shell_common::perf: frust-perf raw n=2059 total_us=4427 rebuild_us=116 layout_us=0 paint_us=52 encode_us=26 acquire_us=115 submit_us=4115 skipped=0 gpu_q=1 gpu_total_us=671 gpu_prepass_us=0 gpu_main_us=671 gpu_composite_us=0 gpu_blit_us=0
frust_shell_common::perf: frust-perf raw n=2060 total_us=4548 rebuild_us=126 layout_us=0 paint_us=56 encode_us=21 acquire_us=133 submit_us=4209 skipped=0 gpu_q=1 gpu_total_us=666 gpu_prepass_us=0 gpu_main_us=666 gpu_composite_us=0 gpu_blit_us=0
frust_shell_common::perf: frust-perf raw n=2061 total_us=4657 rebuild_us=137 layout_us=0 paint_us=62 encode_us=25 acquire_us=136 submit_us=4296 skipped=0 gpu_q=1 gpu_total_us=665 gpu_prepass_us=0 gpu_main_us=665 gpu_composite_us=0 gpu_blit_us=0
frust_shell_common::perf: frust-perf raw n=2062 total_us=4499 rebuild_us=127 layout_us=0 paint_us=57 encode_us=28 acquire_us=125 submit_us=4160 skipped=0 gpu_q=1 gpu_total_us=668 gpu_prepass_us=0 gpu_main_us=668 gpu_composite_us=0 gpu_blit_us=0
frust_shell_common::perf: frust-perf raw n=2063 total_us=5367 rebuild_us=125 layout_us=0 paint_us=58 encode_us=27 acquire_us=135 submit_us=5019 skipped=0 gpu_q=1 gpu_total_us=670 gpu_prepass_us=0 gpu_main_us=670 gpu_composite_us=0 gpu_blit_us=0
frust_shell_common::perf: frust-perf raw n=2064 total_us=5388 rebuild_us=123 layout_us=0 paint_us=53 encode_us=25 acquire_us=138 submit_us=5046 skipped=0 gpu_q=1 gpu_total_us=669 gpu_prepass_us=0 gpu_main_us=669 gpu_composite_us=0 gpu_blit_us=0
frust_shell_common::perf: frust-perf raw n=2065 total_us=5428 rebuild_us=127 layout_us=0 paint_us=59 encode_us=26 acquire_us=141 submit_us=5074 skipped=0 gpu_q=1 gpu_total_us=673 gpu_prepass_us=0 gpu_main_us=673 gpu_composite_us=0 gpu_blit_us=0
frust_shell_common::perf: frust-perf raw n=2066 total_us=4304 rebuild_us=110 layout_us=0 paint_us=50 encode_us=25 acquire_us=115 submit_us=4002 skipped=0 gpu_q=1 gpu_total_us=673 gpu_prepass_us=0 gpu_main_us=673 gpu_composite_us=0 gpu_blit_us=0
frust_shell_common::perf: frust-perf raw n=2067 total_us=4504 rebuild_us=111 layout_us=0 paint_us=52 encode_us=27 acquire_us=123 submit_us=4190 skipped=0 gpu_q=1 gpu_total_us=675 gpu_prepass_us=0 gpu_main_us=675 gpu_composite_us=0 gpu_blit_us=0
frust_shell_common::perf: frust-perf raw n=2068 total_us=5788 rebuild_us=123 layout_us=0 paint_us=59 encode_us=29 acquire_us=122 submit_us=5452 skipped=0 gpu_q=1 gpu_total_us=666 gpu_prepass_us=0 gpu_main_us=666 gpu_composite_us=0 gpu_blit_us=0
frust_shell_common::perf: frust-perf raw n=2069 total_us=4345 rebuild_us=110 layout_us=0 paint_us=54 encode_us=22 acquire_us=133 submit_us=4025 skipped=0 gpu_q=1 gpu_total_us=675 gpu_prepass_us=0 gpu_main_us=675 gpu_composite_us=0 gpu_blit_us=0
frust_shell_common::perf: frust-perf raw n=2070 total_us=3862 rebuild_us=100 layout_us=0 paint_us=47 encode_us=21 acquire_us=105 submit_us=3587 skipped=0 gpu_q=1 gpu_total_us=670 gpu_prepass_us=0 gpu_main_us=670 gpu_composite_us=0 gpu_blit_us=0
frust_shell_common::perf: frust-perf raw n=2071 total_us=5771 rebuild_us=124 layout_us=0 paint_us=59 encode_us=26 acquire_us=133 submit_us=5427 skipped=0 gpu_q=1 gpu_total_us=665 gpu_prepass_us=0 gpu_main_us=665 gpu_composite_us=0 gpu_blit_us=0
frust_shell_common::perf: frust-perf raw n=2072 total_us=6114 rebuild_us=146 layout_us=0 paint_us=66 encode_us=33 acquire_us=190 submit_us=5676 skipped=0 gpu_q=1 gpu_total_us=665 gpu_prepass_us=0 gpu_main_us=665 gpu_composite_us=0 gpu_blit_us=0
frust_shell_common::perf: frust-perf raw n=2073 total_us=5386 rebuild_us=203 layout_us=0 paint_us=66 encode_us=33 acquire_us=150 submit_us=4932 skipped=0 gpu_q=1 gpu_total_us=668 gpu_prepass_us=0 gpu_main_us=668 gpu_composite_us=0 gpu_blit_us=0
frust_shell_common::perf: frust-perf raw n=2074 total_us=4108 rebuild_us=106 layout_us=0 paint_us=52 encode_us=26 acquire_us=113 submit_us=3809 skipped=0 gpu_q=1 gpu_total_us=705 gpu_prepass_us=0 gpu_main_us=705 gpu_composite_us=0 gpu_blit_us=0
frust_shell_common::perf: frust-perf raw n=2075 total_us=3597 rebuild_us=92 layout_us=0 paint_us=43 encode_us=19 acquire_us=101 submit_us=3339 skipped=0 gpu_q=1 gpu_total_us=665 gpu_prepass_us=0 gpu_main_us=665 gpu_composite_us=0 gpu_blit_us=0
frust_shell_common::perf: frust-perf raw n=2076 total_us=3319 rebuild_us=123 layout_us=0 paint_us=61 encode_us=20 acquire_us=163 submit_us=2949 skipped=0 gpu_q=1 gpu_total_us=669 gpu_prepass_us=0 gpu_main_us=669 gpu_composite_us=0 gpu_blit_us=0
frust_shell_common::perf: frust-perf raw n=2077 total_us=3521 rebuild_us=186 layout_us=0 paint_us=86 encode_us=17 acquire_us=110 submit_us=3119 skipped=0 gpu_q=1 gpu_total_us=675 gpu_prepass_us=0 gpu_main_us=675 gpu_composite_us=0 gpu_blit_us=0
frust_shell_common::perf: frust-perf raw n=2078 total_us=6287 rebuild_us=194 layout_us=0 paint_us=85 encode_us=39 acquire_us=215 submit_us=5751 skipped=0 gpu_q=1 gpu_total_us=716 gpu_prepass_us=0 gpu_main_us=716 gpu_composite_us=0 gpu_blit_us=0
frust_shell_common::perf: frust-perf raw n=2079 total_us=5487 rebuild_us=148 layout_us=0 paint_us=69 encode_us=34 acquire_us=204 submit_us=5030 skipped=0 gpu_q=1 gpu_total_us=717 gpu_prepass_us=0 gpu_main_us=717 gpu_composite_us=0 gpu_blit_us=0
frust_shell_common::perf: frust-perf raw n=2080 total_us=5392 rebuild_us=172 layout_us=0 paint_us=82 encode_us=32 acquire_us=157 submit_us=4946 skipped=0 gpu_q=1 gpu_total_us=693 gpu_prepass_us=0 gpu_main_us=693 gpu_composite_us=0 gpu_blit_us=0
frust_shell_common::perf: frust-perf raw n=2081 total_us=3828 rebuild_us=107 layout_us=0 paint_us=51 encode_us=23 acquire_us=110 submit_us=3535 skipped=0 gpu_q=1 gpu_total_us=719 gpu_prepass_us=0 gpu_main_us=719 gpu_composite_us=0 gpu_blit_us=0
frust_shell_common::perf: frust-perf raw n=2082 total_us=4093 rebuild_us=101 layout_us=0 paint_us=49 encode_us=24 acquire_us=110 submit_us=3807 skipped=0 gpu_q=1 gpu_total_us=663 gpu_prepass_us=0 gpu_main_us=663 gpu_composite_us=0 gpu_blit_us=0
frust_shell_common::perf: frust-perf raw n=2083 total_us=4747 rebuild_us=112 layout_us=0 paint_us=55 encode_us=25 acquire_us=117 submit_us=4436 skipped=0 gpu_q=1 gpu_total_us=663 gpu_prepass_us=0 gpu_main_us=663 gpu_composite_us=0 gpu_blit_us=0
frust_shell_common::perf: frust-perf raw n=2084 total_us=5955 rebuild_us=112 layout_us=0 paint_us=53 encode_us=26 acquire_us=152 submit_us=5609 skipped=0 gpu_q=1 gpu_total_us=677 gpu_prepass_us=0 gpu_main_us=677 gpu_composite_us=0 gpu_blit_us=0
frust_shell_common::perf: frust-perf raw n=2085 total_us=4814 rebuild_us=183 layout_us=0 paint_us=90 encode_us=39 acquire_us=162 submit_us=4339 skipped=0 gpu_q=1 gpu_total_us=676 gpu_prepass_us=0 gpu_main_us=676 gpu_composite_us=0 gpu_blit_us=0
frust_shell_common::perf: frust-perf raw n=2086 total_us=4178 rebuild_us=105 layout_us=0 paint_us=49 encode_us=20 acquire_us=138 submit_us=3864 skipped=0 gpu_q=1 gpu_total_us=713 gpu_prepass_us=0 gpu_main_us=713 gpu_composite_us=0 gpu_blit_us=0
frust_shell_common::perf: frust-perf raw n=2087 total_us=4151 rebuild_us=122 layout_us=0 paint_us=58 encode_us=23 acquire_us=128 submit_us=3817 skipped=0 gpu_q=1 gpu_total_us=665 gpu_prepass_us=0 gpu_main_us=665 gpu_composite_us=0 gpu_blit_us=0
frust_shell_common::perf: frust-perf raw n=2088 total_us=5360 rebuild_us=120 layout_us=0 paint_us=56 encode_us=26 acquire_us=257 submit_us=4898 skipped=0 gpu_q=1 gpu_total_us=665 gpu_prepass_us=0 gpu_main_us=665 gpu_composite_us=0 gpu_blit_us=0
frust_shell_common::perf: frust-perf raw n=2089 total_us=4473 rebuild_us=112 layout_us=0 paint_us=53 encode_us=25 acquire_us=119 submit_us=4162 skipped=0 gpu_q=1 gpu_total_us=676 gpu_prepass_us=0 gpu_main_us=676 gpu_composite_us=0 gpu_blit_us=0
frust_shell_common::perf: frust-perf raw n=2090 total_us=5302 rebuild_us=110 layout_us=0 paint_us=49 encode_us=25 acquire_us=139 submit_us=4977 skipped=0 gpu_q=1 gpu_total_us=715 gpu_prepass_us=0 gpu_main_us=715 gpu_composite_us=0 gpu_blit_us=0
frust_shell_common::perf: frust-perf raw n=2091 total_us=4770 rebuild_us=287 layout_us=0 paint_us=59 encode_us=29 acquire_us=138 submit_us=4255 skipped=0 gpu_q=1 gpu_total_us=666 gpu_prepass_us=0 gpu_main_us=666 gpu_composite_us=0 gpu_blit_us=0
frust_shell_common::perf: frust-perf raw n=2092 total_us=5452 rebuild_us=122 layout_us=0 paint_us=62 encode_us=31 acquire_us=139 submit_us=5096 skipped=0 gpu_q=1 gpu_total_us=672 gpu_prepass_us=0 gpu_main_us=672 gpu_composite_us=0 gpu_blit_us=0
frust_shell_common::perf: frust-perf raw n=2093 total_us=5602 rebuild_us=121 layout_us=0 paint_us=59 encode_us=25 acquire_us=140 submit_us=5255 skipped=0 gpu_q=1 gpu_total_us=668 gpu_prepass_us=0 gpu_main_us=668 gpu_composite_us=0 gpu_blit_us=0
frust_shell_common::perf: frust-perf raw n=2094 total_us=4037 rebuild_us=104 layout_us=0 paint_us=50 encode_us=23 acquire_us=115 submit_us=3744 skipped=0 gpu_q=1 gpu_total_us=664 gpu_prepass_us=0 gpu_main_us=664 gpu_composite_us=0 gpu_blit_us=0
frust_shell_common::perf: frust-perf raw n=2095 total_us=4410 rebuild_us=110 layout_us=0 paint_us=55 encode_us=29 acquire_us=118 submit_us=4096 skipped=0 gpu_q=1 gpu_total_us=661 gpu_prepass_us=0 gpu_main_us=661 gpu_composite_us=0 gpu_blit_us=0
frust_shell_common::perf: frust-perf raw n=2096 total_us=5558 rebuild_us=114 layout_us=0 paint_us=55 encode_us=30 acquire_us=131 submit_us=5226 skipped=0 gpu_q=1 gpu_total_us=684 gpu_prepass_us=0 gpu_main_us=684 gpu_composite_us=0 gpu_blit_us=0
frust_shell_common::perf: frust-perf raw n=2097 total_us=2972 rebuild_us=110 layout_us=0 paint_us=52 encode_us=20 acquire_us=165 submit_us=2622 skipped=0 gpu_q=1 gpu_total_us=669 gpu_prepass_us=0 gpu_main_us=669 gpu_composite_us=0 gpu_blit_us=0
frust_shell_common::perf: frust-perf raw n=2098 total_us=3731 rebuild_us=206 layout_us=0 paint_us=87 encode_us=20 acquire_us=116 submit_us=3301 skipped=0 gpu_q=1 gpu_total_us=726 gpu_prepass_us=0 gpu_main_us=726 gpu_composite_us=0 gpu_blit_us=0
frust_shell_common::perf: frust-perf raw n=2099 total_us=3433 rebuild_us=193 layout_us=0 paint_us=93 encode_us=14 acquire_us=109 submit_us=3021 skipped=0 gpu_q=1 gpu_total_us=666 gpu_prepass_us=0 gpu_main_us=666 gpu_composite_us=0 gpu_blit_us=0
frust_engine::renderer: frust-perf enc n=2100 w=60 validate_us=6.5 prepare_us=3.3 classify_us=17.4 admit_us=0.4 walk_us=752.8 glyphs_us=326.3 finish_us=3.5 compile_us=802.4 schedule_us=5.2 paints_us=20.4 instances_us=64.8 resize_us=2.8 upload_us=285.4 replay_us=0.5 pipelines_us=23.1 record_us=45.5 total_us=1271.1 total_p95_us=1735.7 draws=46 strips=1073 alphas=28576 glyph_draws=36 atlas_glyphs=36
frust_shell_common::perf: frust-perf raw n=2100 total_us=3657 rebuild_us=186 layout_us=0 paint_us=85 encode_us=16 acquire_us=108 submit_us=3260 skipped=0 gpu_q=1 gpu_total_us=666 gpu_prepass_us=0 gpu_main_us=666 gpu_composite_us=0 gpu_blit_us=0
frust_shell_common::perf: frust-perf raw n=2101 total_us=3296 rebuild_us=186 layout_us=0 paint_us=90 encode_us=15 acquire_us=102 submit_us=2901 skipped=0 gpu_q=1 gpu_total_us=727 gpu_prepass_us=0 gpu_main_us=727 gpu_composite_us=0 gpu_blit_us=0
frust_shell_common::perf: frust-perf raw n=2102 total_us=3477 rebuild_us=191 layout_us=0 paint_us=89 encode_us=15 acquire_us=97 submit_us=3082 skipped=0 gpu_q=1 gpu_total_us=664 gpu_prepass_us=0 gpu_main_us=664 gpu_composite_us=0 gpu_blit_us=0
frust_shell_common::perf: frust-perf raw n=2103 total_us=3403 rebuild_us=197 layout_us=0 paint_us=93 encode_us=13 acquire_us=107 submit_us=2991 skipped=0 gpu_q=1 gpu_total_us=705 gpu_prepass_us=0 gpu_main_us=705 gpu_composite_us=0 gpu_blit_us=0
frust_shell_common::perf: frust-perf raw n=2104 total_us=3416 rebuild_us=189 layout_us=0 paint_us=90 encode_us=15 acquire_us=217 submit_us=2903 skipped=0 gpu_q=1 gpu_total_us=707 gpu_prepass_us=0 gpu_main_us=707 gpu_composite_us=0 gpu_blit_us=0
frust_shell_common::perf: frust-perf raw n=2105 total_us=3437 rebuild_us=188 layout_us=0 paint_us=171 encode_us=15 acquire_us=115 submit_us=2945 skipped=0 gpu_q=1 gpu_total_us=691 gpu_prepass_us=0 gpu_main_us=691 gpu_composite_us=0 gpu_blit_us=0
frust_shell_common::perf: frust-perf raw n=2106 total_us=3360 rebuild_us=260 layout_us=0 paint_us=88 encode_us=14 acquire_us=101 submit_us=2895 skipped=0 gpu_q=1 gpu_total_us=730 gpu_prepass_us=0 gpu_main_us=730 gpu_composite_us=0 gpu_blit_us=0
frust_shell_common::perf: frust-perf raw n=2107 total_us=3309 rebuild_us=192 layout_us=0 paint_us=84 encode_us=14 acquire_us=104 submit_us=2913 skipped=0 gpu_q=1 gpu_total_us=696 gpu_prepass_us=0 gpu_main_us=696 gpu_composite_us=0 gpu_blit_us=0
frust_shell_common::perf: frust-perf raw n=2108 total_us=3309 rebuild_us=180 layout_us=0 paint_us=86 encode_us=18 acquire_us=117 submit_us=2907 skipped=0 gpu_q=1 gpu_total_us=704 gpu_prepass_us=0 gpu_main_us=704 gpu_composite_us=0 gpu_blit_us=0
frust_shell_common::perf: frust-perf raw n=2109 total_us=3472 rebuild_us=189 layout_us=0 paint_us=90 encode_us=14 acquire_us=108 submit_us=3069 skipped=0 gpu_q=1 gpu_total_us=720 gpu_prepass_us=0 gpu_main_us=720 gpu_composite_us=0 gpu_blit_us=0
frust_shell_common::perf: frust-perf raw n=2110 total_us=3426 rebuild_us=187 layout_us=0 paint_us=86 encode_us=15 acquire_us=98 submit_us=3038 skipped=0 gpu_q=1 gpu_total_us=680 gpu_prepass_us=0 gpu_main_us=680 gpu_composite_us=0 gpu_blit_us=0
frust_shell_common::perf: frust-perf raw n=2111 total_us=3454 rebuild_us=204 layout_us=0 paint_us=92 encode_us=17 acquire_us=111 submit_us=3027 skipped=0 gpu_q=1 gpu_total_us=687 gpu_prepass_us=0 gpu_main_us=687 gpu_composite_us=0 gpu_blit_us=0
frust_shell_common::perf: frust-perf raw n=2112 total_us=6738 rebuild_us=190 layout_us=0 paint_us=91 encode_us=33 acquire_us=233 submit_us=6189 skipped=0 gpu_q=1 gpu_total_us=690 gpu_prepass_us=0 gpu_main_us=690 gpu_composite_us=0 gpu_blit_us=0
frust_shell_common::perf: frust-perf raw n=2113 total_us=5667 rebuild_us=168 layout_us=0 paint_us=78 encode_us=41 acquire_us=163 submit_us=5215 skipped=0 gpu_q=1 gpu_total_us=714 gpu_prepass_us=0 gpu_main_us=714 gpu_composite_us=0 gpu_blit_us=0
frust_shell_common::perf: frust-perf raw n=2114 total_us=4239 rebuild_us=121 layout_us=0 paint_us=60 encode_us=27 acquire_us=126 submit_us=3903 skipped=0 gpu_q=1 gpu_total_us=712 gpu_prepass_us=0 gpu_main_us=712 gpu_composite_us=0 gpu_blit_us=0
frust_shell_common::perf: frust-perf raw n=2115 total_us=3904 rebuild_us=101 layout_us=0 paint_us=46 encode_us=22 acquire_us=102 submit_us=3631 skipped=0 gpu_q=1 gpu_total_us=690 gpu_prepass_us=0 gpu_main_us=690 gpu_composite_us=0 gpu_blit_us=0
frust_shell_common::perf: frust-perf raw n=2116 total_us=4396 rebuild_us=111 layout_us=0 paint_us=51 encode_us=25 acquire_us=108 submit_us=4100 skipped=0 gpu_q=1 gpu_total_us=683 gpu_prepass_us=0 gpu_main_us=683 gpu_composite_us=0 gpu_blit_us=0
frust_shell_common::perf: frust-perf raw n=2117 total_us=6112 rebuild_us=129 layout_us=0 paint_us=64 encode_us=30 acquire_us=136 submit_us=5751 skipped=0 gpu_q=1 gpu_total_us=689 gpu_prepass_us=0 gpu_main_us=689 gpu_composite_us=0 gpu_blit_us=0
frust_shell_common::perf: frust-perf raw n=2118 total_us=4734 rebuild_us=130 layout_us=0 paint_us=58 encode_us=29 acquire_us=134 submit_us=4380 skipped=0 gpu_q=1 gpu_total_us=685 gpu_prepass_us=0 gpu_main_us=685 gpu_composite_us=0 gpu_blit_us=0
frust_shell_common::perf: frust-perf raw n=2119 total_us=5788 rebuild_us=122 layout_us=0 paint_us=58 encode_us=24 acquire_us=134 submit_us=5446 skipped=0 gpu_q=1 gpu_total_us=711 gpu_prepass_us=0 gpu_main_us=711 gpu_composite_us=0 gpu_blit_us=0
frust_shell_common::perf: frust-perf raw n=2120 total_us=4702 rebuild_us=111 layout_us=0 paint_us=55 encode_us=26 acquire_us=128 submit_us=4380 skipped=0 gpu_q=1 gpu_total_us=679 gpu_prepass_us=0 gpu_main_us=679 gpu_composite_us=0 gpu_blit_us=0
frust_shell_common::perf: frust-perf raw n=2121 total_us=5252 rebuild_us=117 layout_us=0 paint_us=56 encode_us=28 acquire_us=138 submit_us=4912 skipped=0 gpu_q=1 gpu_total_us=689 gpu_prepass_us=0 gpu_main_us=689 gpu_composite_us=0 gpu_blit_us=0
frust_shell_common::perf: frust-perf raw n=2122 total_us=3277 rebuild_us=98 layout_us=0 paint_us=49 encode_us=21 acquire_us=156 submit_us=2951 skipped=0 gpu_q=1 gpu_total_us=683 gpu_prepass_us=0 gpu_main_us=683 gpu_composite_us=0 gpu_blit_us=0
frust_shell_common::perf: frust-perf raw n=2123 total_us=3148 rebuild_us=147 layout_us=0 paint_us=69 encode_us=13 acquire_us=93 submit_us=2823 skipped=0 gpu_q=1 gpu_total_us=691 gpu_prepass_us=0 gpu_main_us=691 gpu_composite_us=0 gpu_blit_us=0
frust_shell_common::perf: frust-perf raw n=2124 total_us=6231 rebuild_us=188 layout_us=0 paint_us=97 encode_us=39 acquire_us=209 submit_us=5697 skipped=0 gpu_q=1 gpu_total_us=682 gpu_prepass_us=0 gpu_main_us=682 gpu_composite_us=0 gpu_blit_us=0
frust_shell_common::perf: frust-perf raw n=2125 total_us=4191 rebuild_us=112 layout_us=0 paint_us=54 encode_us=26 acquire_us=113 submit_us=3883 skipped=0 gpu_q=1 gpu_total_us=685 gpu_prepass_us=0 gpu_main_us=685 gpu_composite_us=0 gpu_blit_us=0
frust_shell_common::perf: frust-perf raw n=2126 total_us=4331 rebuild_us=116 layout_us=0 paint_us=53 encode_us=24 acquire_us=116 submit_us=4020 skipped=0 gpu_q=1 gpu_total_us=701 gpu_prepass_us=0 gpu_main_us=701 gpu_composite_us=0 gpu_blit_us=0
frust_shell_common::perf: frust-perf raw n=2127 total_us=3446 rebuild_us=124 layout_us=0 paint_us=63 encode_us=21 acquire_us=144 submit_us=3092 skipped=0 gpu_q=1 gpu_total_us=712 gpu_prepass_us=0 gpu_main_us=712 gpu_composite_us=0 gpu_blit_us=0
frust_shell_common::perf: frust-perf raw n=2128 total_us=3420 rebuild_us=192 layout_us=0 paint_us=83 encode_us=17 acquire_us=112 submit_us=3015 skipped=0 gpu_q=1 gpu_total_us=680 gpu_prepass_us=0 gpu_main_us=680 gpu_composite_us=0 gpu_blit_us=0
frust_shell_common::perf: frust-perf raw n=2129 total_us=3394 rebuild_us=188 layout_us=0 paint_us=91 encode_us=15 acquire_us=105 submit_us=2993 skipped=0 gpu_q=1 gpu_total_us=684 gpu_prepass_us=0 gpu_main_us=684 gpu_composite_us=0 gpu_blit_us=0
frust_shell_common::perf: frust-perf raw n=2130 total_us=3366 rebuild_us=192 layout_us=0 paint_us=92 encode_us=14 acquire_us=108 submit_us=2958 skipped=0 gpu_q=1 gpu_total_us=686 gpu_prepass_us=0 gpu_main_us=686 gpu_composite_us=0 gpu_blit_us=0
frust_shell_common::perf: frust-perf raw n=2131 total_us=3393 rebuild_us=192 layout_us=0 paint_us=94 encode_us=14 acquire_us=107 submit_us=2984 skipped=0 gpu_q=1 gpu_total_us=707 gpu_prepass_us=0 gpu_main_us=707 gpu_composite_us=0 gpu_blit_us=0
frust_shell_common::perf: frust-perf raw n=2132 total_us=3363 rebuild_us=193 layout_us=0 paint_us=85 encode_us=14 acquire_us=103 submit_us=2966 skipped=0 gpu_q=1 gpu_total_us=722 gpu_prepass_us=0 gpu_main_us=722 gpu_composite_us=0 gpu_blit_us=0
frust_shell_common::perf: frust-perf raw n=2133 total_us=3409 rebuild_us=187 layout_us=0 paint_us=87 encode_us=16 acquire_us=113 submit_us=3003 skipped=0 gpu_q=1 gpu_total_us=713 gpu_prepass_us=0 gpu_main_us=713 gpu_composite_us=0 gpu_blit_us=0
frust_shell_common::perf: frust-perf raw n=2134 total_us=3351 rebuild_us=184 layout_us=0 paint_us=89 encode_us=14 acquire_us=105 submit_us=2956 skipped=0 gpu_q=1 gpu_total_us=694 gpu_prepass_us=0 gpu_main_us=694 gpu_composite_us=0 gpu_blit_us=0
frust_shell_common::perf: frust-perf raw n=2135 total_us=3224 rebuild_us=178 layout_us=0 paint_us=83 encode_us=12 acquire_us=93 submit_us=2854 skipped=0 gpu_q=1 gpu_total_us=696 gpu_prepass_us=0 gpu_main_us=696 gpu_composite_us=0 gpu_blit_us=0
frust_shell_common::perf: frust-perf raw n=2136 total_us=3355 rebuild_us=176 layout_us=0 paint_us=85 encode_us=14 acquire_us=104 submit_us=2973 skipped=0 gpu_q=1 gpu_total_us=701 gpu_prepass_us=0 gpu_main_us=701 gpu_composite_us=0 gpu_blit_us=0
frust_shell_common::perf: frust-perf raw n=2137 total_us=3344 rebuild_us=179 layout_us=0 paint_us=82 encode_us=14 acquire_us=99 submit_us=2968 skipped=0 gpu_q=1 gpu_total_us=712 gpu_prepass_us=0 gpu_main_us=712 gpu_composite_us=0 gpu_blit_us=0
frust_shell_common::perf: frust-perf raw n=2138 total_us=3240 rebuild_us=171 layout_us=0 paint_us=78 encode_us=14 acquire_us=96 submit_us=2878 skipped=0 gpu_q=1 gpu_total_us=702 gpu_prepass_us=0 gpu_main_us=702 gpu_composite_us=0 gpu_blit_us=0
frust_shell_common::perf: frust-perf raw n=2139 total_us=3151 rebuild_us=166 layout_us=0 paint_us=75 encode_us=15 acquire_us=142 submit_us=2751 skipped=0 gpu_q=1 gpu_total_us=704 gpu_prepass_us=0 gpu_main_us=704 gpu_composite_us=0 gpu_blit_us=0
frust_shell_common::perf: frust-perf raw n=2140 total_us=5531 rebuild_us=232 layout_us=0 paint_us=90 encode_us=33 acquire_us=166 submit_us=5007 skipped=0 gpu_q=1 gpu_total_us=724 gpu_prepass_us=0 gpu_main_us=724 gpu_composite_us=0 gpu_blit_us=0
frust_shell_common::perf: frust-perf raw n=2141 total_us=5664 rebuild_us=185 layout_us=0 paint_us=70 encode_us=29 acquire_us=150 submit_us=5228 skipped=0 gpu_q=1 gpu_total_us=739 gpu_prepass_us=0 gpu_main_us=739 gpu_composite_us=0 gpu_blit_us=0
frust_shell_common::perf: frust-perf raw n=2142 total_us=4964 rebuild_us=112 layout_us=0 paint_us=55 encode_us=23 acquire_us=126 submit_us=4646 skipped=0 gpu_q=1 gpu_total_us=719 gpu_prepass_us=0 gpu_main_us=719 gpu_composite_us=0 gpu_blit_us=0
frust_shell_common::perf: frust-perf raw n=2143 total_us=3749 rebuild_us=99 layout_us=0 paint_us=50 encode_us=22 acquire_us=109 submit_us=3466 skipped=0 gpu_q=1 gpu_total_us=701 gpu_prepass_us=0 gpu_main_us=701 gpu_composite_us=0 gpu_blit_us=0
frust_shell_common::perf: frust-perf raw n=2144 total_us=4119 rebuild_us=103 layout_us=0 paint_us=49 encode_us=22 acquire_us=110 submit_us=3834 skipped=0 gpu_q=1 gpu_total_us=674 gpu_prepass_us=0 gpu_main_us=674 gpu_composite_us=0 gpu_blit_us=0
frust_shell_common::perf: frust-perf raw n=2145 total_us=4596 rebuild_us=120 layout_us=0 paint_us=53 encode_us=24 acquire_us=133 submit_us=4265 skipped=0 gpu_q=1 gpu_total_us=671 gpu_prepass_us=0 gpu_main_us=671 gpu_composite_us=0 gpu_blit_us=0
frust_shell_common::perf: frust-perf raw n=2146 total_us=4799 rebuild_us=121 layout_us=0 paint_us=57 encode_us=25 acquire_us=132 submit_us=4462 skipped=0 gpu_q=1 gpu_total_us=667 gpu_prepass_us=0 gpu_main_us=667 gpu_composite_us=0 gpu_blit_us=0
frust_shell_common::perf: frust-perf raw n=2147 total_us=5577 rebuild_us=122 layout_us=0 paint_us=62 encode_us=29 acquire_us=132 submit_us=5230 skipped=0 gpu_q=1 gpu_total_us=704 gpu_prepass_us=0 gpu_main_us=704 gpu_composite_us=0 gpu_blit_us=0
frust_shell_common::perf: frust-perf raw n=2148 total_us=5412 rebuild_us=120 layout_us=0 paint_us=57 encode_us=28 acquire_us=141 submit_us=5063 skipped=0 gpu_q=1 gpu_total_us=725 gpu_prepass_us=0 gpu_main_us=725 gpu_composite_us=0 gpu_blit_us=0
frust_shell_common::perf: frust-perf raw n=2149 total_us=5723 rebuild_us=119 layout_us=0 paint_us=58 encode_us=31 acquire_us=141 submit_us=5372 skipped=0 gpu_q=1 gpu_total_us=667 gpu_prepass_us=0 gpu_main_us=667 gpu_composite_us=0 gpu_blit_us=0
frust_shell_common::perf: frust-perf frame n=120 total_p50_ms=4 total_p95_ms=5 total_p99_ms=6 rebuild_p95_ms=0 layout_p95_ms=0 paint_p95_ms=0 encode_p95_ms=0 acquire_p95_ms=0 submit_p95_ms=5 over_60hz=1 over_120hz=4 skipped=0 total_frames=2149
frust_shell_android::app::frame: frust-perf platform-view tail depth=0 target=0 acquire_bound=false frame=2160 expected_present_us=0 acquire_us=132 period_us=8235
frust_shell_common::perf: frust-perf raw n=2150 total_us=4702 rebuild_us=110 layout_us=0 paint_us=51 encode_us=25 acquire_us=115 submit_us=4399 skipped=0 gpu_q=1 gpu_total_us=666 gpu_prepass_us=0 gpu_main_us=666 gpu_composite_us=0 gpu_blit_us=0
frust_shell_common::perf: frust-perf raw n=2151 total_us=3878 rebuild_us=92 layout_us=0 paint_us=48 encode_us=23 acquire_us=113 submit_us=3599 skipped=0 gpu_q=1 gpu_total_us=675 gpu_prepass_us=0 gpu_main_us=675 gpu_composite_us=0 gpu_blit_us=0
frust_shell_common::perf: frust-perf raw n=2152 total_us=4438 rebuild_us=105 layout_us=0 paint_us=51 encode_us=21 acquire_us=118 submit_us=4141 skipped=0 gpu_q=1 gpu_total_us=665 gpu_prepass_us=0 gpu_main_us=665 gpu_composite_us=0 gpu_blit_us=0
frust_shell_common::perf: frust-perf raw n=2153 total_us=5588 rebuild_us=121 layout_us=0 paint_us=61 encode_us=24 acquire_us=136 submit_us=5245 skipped=0 gpu_q=1 gpu_total_us=664 gpu_prepass_us=0 gpu_main_us=664 gpu_composite_us=0 gpu_blit_us=0
frust_shell_common::perf: frust-perf raw n=2154 total_us=3472 rebuild_us=124 layout_us=0 paint_us=57 encode_us=20 acquire_us=173 submit_us=3097 skipped=0 gpu_q=1 gpu_total_us=663 gpu_prepass_us=0 gpu_main_us=663 gpu_composite_us=0 gpu_blit_us=0
frust_shell_common::perf: frust-perf raw n=2155 total_us=3426 rebuild_us=168 layout_us=0 paint_us=83 encode_us=18 acquire_us=99 submit_us=3055 skipped=0 gpu_q=1 gpu_total_us=698 gpu_prepass_us=0 gpu_main_us=698 gpu_composite_us=0 gpu_blit_us=0
frust_shell_common::perf: frust-perf raw n=2156 total_us=3349 rebuild_us=184 layout_us=0 paint_us=94 encode_us=14 acquire_us=116 submit_us=2939 skipped=0 gpu_q=1 gpu_total_us=664 gpu_prepass_us=0 gpu_main_us=664 gpu_composite_us=0 gpu_blit_us=0
frust_shell_common::perf: frust-perf raw n=2157 total_us=3536 rebuild_us=361 layout_us=0 paint_us=94 encode_us=16 acquire_us=105 submit_us=2957 skipped=0 gpu_q=1 gpu_total_us=669 gpu_prepass_us=0 gpu_main_us=669 gpu_composite_us=0 gpu_blit_us=0
frust_shell_common::perf: frust-perf raw n=2158 total_us=3297 rebuild_us=198 layout_us=0 paint_us=87 encode_us=14 acquire_us=104 submit_us=2891 skipped=0 gpu_q=1 gpu_total_us=709 gpu_prepass_us=0 gpu_main_us=709 gpu_composite_us=0 gpu_blit_us=0
frust_shell_common::perf: frust-perf raw n=2159 total_us=3316 rebuild_us=189 layout_us=0 paint_us=93 encode_us=15 acquire_us=106 submit_us=2910 skipped=0 gpu_q=1 gpu_total_us=698 gpu_prepass_us=0 gpu_main_us=698 gpu_composite_us=0 gpu_blit_us=0
frust_engine::renderer: frust-perf enc n=2160 w=60 validate_us=3.9 prepare_us=3.2 classify_us=12.6 admit_us=0.4 walk_us=567.0 glyphs_us=221.8 finish_us=2.5 compile_us=590.4 schedule_us=4.0 paints_us=14.5 instances_us=30.5 resize_us=3.0 upload_us=218.9 replay_us=0.3 pipelines_us=18.4 record_us=32.8 total_us=914.1 total_p95_us=1706.8 draws=46 strips=1073 alphas=28576 glyph_draws=36 atlas_glyphs=36
frust_shell_common::perf: frust-perf raw n=2160 total_us=3567 rebuild_us=181 layout_us=0 paint_us=84 encode_us=14 acquire_us=109 submit_us=3176 skipped=0 gpu_q=1 gpu_total_us=682 gpu_prepass_us=0 gpu_main_us=682 gpu_composite_us=0 gpu_blit_us=0
frust_shell_common::perf: frust-perf raw n=2161 total_us=3270 rebuild_us=180 layout_us=0 paint_us=95 encode_us=13 acquire_us=95 submit_us=2885 skipped=0 gpu_q=1 gpu_total_us=723 gpu_prepass_us=0 gpu_main_us=723 gpu_composite_us=0 gpu_blit_us=0
frust_shell_common::perf: frust-perf raw n=2162 total_us=3294 rebuild_us=182 layout_us=0 paint_us=86 encode_us=13 acquire_us=101 submit_us=2910 skipped=0 gpu_q=1 gpu_total_us=696 gpu_prepass_us=0 gpu_main_us=696 gpu_composite_us=0 gpu_blit_us=0
frust_shell_common::perf: frust-perf raw n=2163 total_us=3507 rebuild_us=206 layout_us=0 paint_us=101 encode_us=14 acquire_us=113 submit_us=3070 skipped=0 gpu_q=1 gpu_total_us=693 gpu_prepass_us=0 gpu_main_us=693 gpu_composite_us=0 gpu_blit_us=0
frust_shell_common::perf: frust-perf raw n=2164 total_us=3225 rebuild_us=188 layout_us=0 paint_us=94 encode_us=15 acquire_us=95 submit_us=2832 skipped=0 gpu_q=1 gpu_total_us=717 gpu_prepass_us=0 gpu_main_us=717 gpu_composite_us=0 gpu_blit_us=0
frust_shell_common::perf: frust-perf raw n=2165 total_us=3507 rebuild_us=185 layout_us=0 paint_us=88 encode_us=14 acquire_us=112 submit_us=3105 skipped=0 gpu_q=1 gpu_total_us=689 gpu_prepass_us=0 gpu_main_us=689 gpu_composite_us=0 gpu_blit_us=0
frust_shell_common::perf: frust-perf raw n=2166 total_us=3345 rebuild_us=191 layout_us=0 paint_us=90 encode_us=15 acquire_us=100 submit_us=2947 skipped=0 gpu_q=1 gpu_total_us=693 gpu_prepass_us=0 gpu_main_us=693 gpu_composite_us=0 gpu_blit_us=0
frust_shell_common::perf: frust-perf raw n=2167 total_us=3442 rebuild_us=197 layout_us=0 paint_us=98 encode_us=13 acquire_us=102 submit_us=3029 skipped=0 gpu_q=1 gpu_total_us=676 gpu_prepass_us=0 gpu_main_us=676 gpu_composite_us=0 gpu_blit_us=0
frust_shell_common::perf: frust-perf raw n=2168 total_us=3382 rebuild_us=188 layout_us=0 paint_us=88 encode_us=15 acquire_us=103 submit_us=2985 skipped=0 gpu_q=1 gpu_total_us=697 gpu_prepass_us=0 gpu_main_us=697 gpu_composite_us=0 gpu_blit_us=0
frust_shell_common::perf: frust-perf raw n=2169 total_us=3411 rebuild_us=196 layout_us=0 paint_us=96 encode_us=13 acquire_us=107 submit_us=2997 skipped=0 gpu_q=1 gpu_total_us=732 gpu_prepass_us=0 gpu_main_us=732 gpu_composite_us=0 gpu_blit_us=0
frust_shell_common::perf: frust-perf raw n=2170 total_us=3261 rebuild_us=180 layout_us=0 paint_us=88 encode_us=13 acquire_us=98 submit_us=2879 skipped=0 gpu_q=1 gpu_total_us=692 gpu_prepass_us=0 gpu_main_us=692 gpu_composite_us=0 gpu_blit_us=0
frust_shell_common::perf: frust-perf raw n=2171 total_us=3513 rebuild_us=197 layout_us=0 paint_us=92 encode_us=15 acquire_us=109 submit_us=3098 skipped=0 gpu_q=1 gpu_total_us=701 gpu_prepass_us=0 gpu_main_us=701 gpu_composite_us=0 gpu_blit_us=0
frust_shell_common::perf: frust-perf raw n=2172 total_us=3337 rebuild_us=194 layout_us=0 paint_us=89 encode_us=14 acquire_us=139 submit_us=2899 skipped=0 gpu_q=1 gpu_total_us=688 gpu_prepass_us=0 gpu_main_us=688 gpu_composite_us=0 gpu_blit_us=0
frust_shell_common::perf: frust-perf raw n=2173 total_us=3364 rebuild_us=190 layout_us=0 paint_us=165 encode_us=20 acquire_us=115 submit_us=2870 skipped=0 gpu_q=1 gpu_total_us=695 gpu_prepass_us=0 gpu_main_us=695 gpu_composite_us=0 gpu_blit_us=0
frust_shell_common::perf: frust-perf raw n=2174 total_us=3347 rebuild_us=190 layout_us=0 paint_us=89 encode_us=13 acquire_us=103 submit_us=2950 skipped=0 gpu_q=1 gpu_total_us=696 gpu_prepass_us=0 gpu_main_us=696 gpu_composite_us=0 gpu_blit_us=0
frust_shell_common::perf: frust-perf raw n=2175 total_us=3202 rebuild_us=157 layout_us=0 paint_us=79 encode_us=15 acquire_us=108 submit_us=2840 skipped=0 gpu_q=1 gpu_total_us=724 gpu_prepass_us=0 gpu_main_us=724 gpu_composite_us=0 gpu_blit_us=0
frust_shell_common::perf: frust-perf raw n=2176 total_us=3181 rebuild_us=189 layout_us=0 paint_us=88 encode_us=14 acquire_us=105 submit_us=2783 skipped=0 gpu_q=1 gpu_total_us=680 gpu_prepass_us=0 gpu_main_us=680 gpu_composite_us=0 gpu_blit_us=0
frust_shell_common::perf: frust-perf raw n=2177 total_us=5373 rebuild_us=183 layout_us=0 paint_us=93 encode_us=41 acquire_us=177 submit_us=4876 skipped=0 gpu_q=1 gpu_total_us=685 gpu_prepass_us=0 gpu_main_us=685 gpu_composite_us=0 gpu_blit_us=0
frust_shell_common::perf: frust-perf raw n=2178 total_us=5246 rebuild_us=135 layout_us=0 paint_us=65 encode_us=29 acquire_us=168 submit_us=4847 skipped=0 gpu_q=1 gpu_total_us=700 gpu_prepass_us=0 gpu_main_us=700 gpu_composite_us=0 gpu_blit_us=0
frust_shell_common::perf: frust-perf raw n=2179 total_us=4337 rebuild_us=109 layout_us=0 paint_us=52 encode_us=22 acquire_us=137 submit_us=4015 skipped=0 gpu_q=1 gpu_total_us=697 gpu_prepass_us=0 gpu_main_us=697 gpu_composite_us=0 gpu_blit_us=0
frust_shell_common::perf: frust-perf raw n=2180 total_us=4287 rebuild_us=106 layout_us=0 paint_us=51 encode_us=23 acquire_us=114 submit_us=3991 skipped=0 gpu_q=1 gpu_total_us=704 gpu_prepass_us=0 gpu_main_us=704 gpu_composite_us=0 gpu_blit_us=0
frust_shell_common::perf: frust-perf raw n=2181 total_us=4893 rebuild_us=102 layout_us=0 paint_us=50 encode_us=22 acquire_us=118 submit_us=4598 skipped=0 gpu_q=1 gpu_total_us=671 gpu_prepass_us=0 gpu_main_us=671 gpu_composite_us=0 gpu_blit_us=0
frust_shell_common::perf: frust-perf raw n=2182 total_us=5688 rebuild_us=110 layout_us=0 paint_us=51 encode_us=29 acquire_us=126 submit_us=5370 skipped=0 gpu_q=1 gpu_total_us=670 gpu_prepass_us=0 gpu_main_us=670 gpu_composite_us=0 gpu_blit_us=0
frust_shell_common::perf: frust-perf raw n=2183 total_us=4069 rebuild_us=96 layout_us=0 paint_us=45 encode_us=20 acquire_us=126 submit_us=3779 skipped=0 gpu_q=1 gpu_total_us=662 gpu_prepass_us=0 gpu_main_us=662 gpu_composite_us=0 gpu_blit_us=0
frust_shell_common::perf: frust-perf raw n=2184 total_us=4563 rebuild_us=107 layout_us=0 paint_us=46 encode_us=25 acquire_us=116 submit_us=4268 skipped=0 gpu_q=1 gpu_total_us=667 gpu_prepass_us=0 gpu_main_us=667 gpu_composite_us=0 gpu_blit_us=0
frust_shell_common::perf: frust-perf raw n=2185 total_us=5708 rebuild_us=133 layout_us=0 paint_us=60 encode_us=30 acquire_us=171 submit_us=5313 skipped=0 gpu_q=1 gpu_total_us=668 gpu_prepass_us=0 gpu_main_us=668 gpu_composite_us=0 gpu_blit_us=0
frust_shell_common::perf: frust-perf raw n=2186 total_us=5202 rebuild_us=175 layout_us=0 paint_us=79 encode_us=35 acquire_us=145 submit_us=4766 skipped=0 gpu_q=1 gpu_total_us=693 gpu_prepass_us=0 gpu_main_us=693 gpu_composite_us=0 gpu_blit_us=0
frust_shell_common::perf: frust-perf raw n=2187 total_us=3484 rebuild_us=100 layout_us=0 paint_us=46 encode_us=21 acquire_us=176 submit_us=3139 skipped=0 gpu_q=1 gpu_total_us=751 gpu_prepass_us=0 gpu_main_us=751 gpu_composite_us=0 gpu_blit_us=0
frust_shell_common::perf: frust-perf raw n=2188 total_us=3289 rebuild_us=149 layout_us=0 paint_us=69 encode_us=14 acquire_us=96 submit_us=2959 skipped=0 gpu_q=1 gpu_total_us=702 gpu_prepass_us=0 gpu_main_us=702 gpu_composite_us=0 gpu_blit_us=0
frust_shell_common::perf: frust-perf raw n=2189 total_us=3614 rebuild_us=198 layout_us=0 paint_us=93 encode_us=16 acquire_us=270 submit_us=3035 skipped=0 gpu_q=1 gpu_total_us=699 gpu_prepass_us=0 gpu_main_us=699 gpu_composite_us=0 gpu_blit_us=0
frust_shell_common::perf: frust-perf raw n=2190 total_us=3573 rebuild_us=185 layout_us=0 paint_us=183 encode_us=17 acquire_us=110 submit_us=3075 skipped=0 gpu_q=1 gpu_total_us=710 gpu_prepass_us=0 gpu_main_us=710 gpu_composite_us=0 gpu_blit_us=0
frust_shell_common::perf: frust-perf raw n=2191 total_us=3616 rebuild_us=432 layout_us=0 paint_us=91 encode_us=14 acquire_us=114 submit_us=2962 skipped=0 gpu_q=1 gpu_total_us=756 gpu_prepass_us=0 gpu_main_us=756 gpu_composite_us=0 gpu_blit_us=0
frust_shell_common::perf: frust-perf raw n=2192 total_us=3316 rebuild_us=184 layout_us=0 paint_us=88 encode_us=16 acquire_us=105 submit_us=2921 skipped=0 gpu_q=1 gpu_total_us=737 gpu_prepass_us=0 gpu_main_us=737 gpu_composite_us=0 gpu_blit_us=0
frust_shell_common::perf: frust-perf raw n=2193 total_us=3339 rebuild_us=191 layout_us=0 paint_us=86 encode_us=15 acquire_us=106 submit_us=2939 skipped=0 gpu_q=1 gpu_total_us=708 gpu_prepass_us=0 gpu_main_us=708 gpu_composite_us=0 gpu_blit_us=0
frust_shell_common::perf: frust-perf raw n=2194 total_us=3184 rebuild_us=183 layout_us=0 paint_us=89 encode_us=16 acquire_us=96 submit_us=2799 skipped=0 gpu_q=1 gpu_total_us=767 gpu_prepass_us=0 gpu_main_us=767 gpu_composite_us=0 gpu_blit_us=0
frust_shell_common::perf: frust-perf raw n=2195 total_us=3283 rebuild_us=182 layout_us=0 paint_us=91 encode_us=13 acquire_us=99 submit_us=2895 skipped=0 gpu_q=1 gpu_total_us=750 gpu_prepass_us=0 gpu_main_us=750 gpu_composite_us=0 gpu_blit_us=0
frust_shell_common::perf: frust-perf raw n=2196 total_us=3284 rebuild_us=179 layout_us=0 paint_us=84 encode_us=15 acquire_us=100 submit_us=2904 skipped=0 gpu_q=1 gpu_total_us=730 gpu_prepass_us=0 gpu_main_us=730 gpu_composite_us=0 gpu_blit_us=0
frust_shell_common::perf: frust-perf raw n=2197 total_us=3249 rebuild_us=196 layout_us=0 paint_us=89 encode_us=14 acquire_us=98 submit_us=2851 skipped=0 gpu_q=1 gpu_total_us=742 gpu_prepass_us=0 gpu_main_us=742 gpu_composite_us=0 gpu_blit_us=0
frust_shell_common::perf: frust-perf raw n=2198 total_us=3313 rebuild_us=192 layout_us=0 paint_us=85 encode_us=14 acquire_us=109 submit_us=2911 skipped=0 gpu_q=1 gpu_total_us=726 gpu_prepass_us=0 gpu_main_us=726 gpu_composite_us=0 gpu_blit_us=0
frust_shell_common::perf: frust-perf raw n=2199 total_us=3349 rebuild_us=183 layout_us=0 paint_us=83 encode_us=16 acquire_us=115 submit_us=2950 skipped=0 gpu_q=1 gpu_total_us=740 gpu_prepass_us=0 gpu_main_us=740 gpu_composite_us=0 gpu_blit_us=0
frust_shell_common::perf: frust-perf raw n=2200 total_us=3381 rebuild_us=186 layout_us=0 paint_us=85 encode_us=16 acquire_us=104 submit_us=2988 skipped=0 gpu_q=1 gpu_total_us=720 gpu_prepass_us=0 gpu_main_us=720 gpu_composite_us=0 gpu_blit_us=0
frust_shell_common::perf: frust-perf raw n=2201 total_us=3327 rebuild_us=184 layout_us=0 paint_us=90 encode_us=15 acquire_us=102 submit_us=2934 skipped=0 gpu_q=1 gpu_total_us=763 gpu_prepass_us=0 gpu_main_us=763 gpu_composite_us=0 gpu_blit_us=0
frust_shell_common::perf: frust-perf raw n=2202 total_us=3367 rebuild_us=189 layout_us=0 paint_us=87 encode_us=16 acquire_us=114 submit_us=2960 skipped=0 gpu_q=1 gpu_total_us=729 gpu_prepass_us=0 gpu_main_us=729 gpu_composite_us=0 gpu_blit_us=0
frust_shell_common::perf: frust-perf raw n=2203 total_us=3339 rebuild_us=182 layout_us=0 paint_us=83 encode_us=16 acquire_us=108 submit_us=2947 skipped=0 gpu_q=1 gpu_total_us=733 gpu_prepass_us=0 gpu_main_us=733 gpu_composite_us=0 gpu_blit_us=0
frust_shell_common::perf: frust-perf raw n=2204 total_us=3366 rebuild_us=185 layout_us=0 paint_us=85 encode_us=14 acquire_us=103 submit_us=2977 skipped=0 gpu_q=1 gpu_total_us=740 gpu_prepass_us=0 gpu_main_us=740 gpu_composite_us=0 gpu_blit_us=0
frust_shell_common::perf: frust-perf raw n=2205 total_us=3347 rebuild_us=184 layout_us=0 paint_us=97 encode_us=16 acquire_us=109 submit_us=2940 skipped=0 gpu_q=1 gpu_total_us=723 gpu_prepass_us=0 gpu_main_us=723 gpu_composite_us=0 gpu_blit_us=0
frust_shell_common::perf: frust-perf raw n=2206 total_us=3349 rebuild_us=189 layout_us=0 paint_us=87 encode_us=13 acquire_us=100 submit_us=2958 skipped=0 gpu_q=1 gpu_total_us=721 gpu_prepass_us=0 gpu_main_us=721 gpu_composite_us=0 gpu_blit_us=0
frust_shell_common::perf: frust-perf raw n=2207 total_us=3393 rebuild_us=186 layout_us=0 paint_us=172 encode_us=18 acquire_us=111 submit_us=2904 skipped=0 gpu_q=1 gpu_total_us=726 gpu_prepass_us=0 gpu_main_us=726 gpu_composite_us=0 gpu_blit_us=0
frust_shell_common::perf: frust-perf raw n=2208 total_us=3353 rebuild_us=266 layout_us=0 paint_us=87 encode_us=14 acquire_us=105 submit_us=2878 skipped=0 gpu_q=1 gpu_total_us=729 gpu_prepass_us=0 gpu_main_us=729 gpu_composite_us=0 gpu_blit_us=0
frust_shell_common::perf: frust-perf raw n=2209 total_us=3288 rebuild_us=197 layout_us=0 paint_us=86 encode_us=14 acquire_us=104 submit_us=2884 skipped=0 gpu_q=1 gpu_total_us=728 gpu_prepass_us=0 gpu_main_us=728 gpu_composite_us=0 gpu_blit_us=0
frust_shell_common::perf: frust-perf raw n=2210 total_us=3249 rebuild_us=165 layout_us=0 paint_us=72 encode_us=15 acquire_us=115 submit_us=2879 skipped=0 gpu_q=1 gpu_total_us=742 gpu_prepass_us=0 gpu_main_us=742 gpu_composite_us=0 gpu_blit_us=0
frust_shell_common::perf: frust-perf raw n=2211 total_us=3123 rebuild_us=156 layout_us=0 paint_us=70 encode_us=15 acquire_us=100 submit_us=2779 skipped=0 gpu_q=1 gpu_total_us=724 gpu_prepass_us=0 gpu_main_us=724 gpu_composite_us=0 gpu_blit_us=0
frust_shell_common::perf: frust-perf raw n=2212 total_us=3091 rebuild_us=165 layout_us=0 paint_us=78 encode_us=13 acquire_us=95 submit_us=2737 skipped=0 gpu_q=1 gpu_total_us=741 gpu_prepass_us=0 gpu_main_us=741 gpu_composite_us=0 gpu_blit_us=0
frust_shell_common::perf: frust-perf raw n=2213 total_us=5475 rebuild_us=168 layout_us=0 paint_us=76 encode_us=35 acquire_us=158 submit_us=5035 skipped=0 gpu_q=1 gpu_total_us=754 gpu_prepass_us=0 gpu_main_us=754 gpu_composite_us=0 gpu_blit_us=0
frust_shell_common::perf: frust-perf raw n=2214 total_us=4074 rebuild_us=115 layout_us=0 paint_us=52 encode_us=24 acquire_us=112 submit_us=3767 skipped=0 gpu_q=1 gpu_total_us=725 gpu_prepass_us=0 gpu_main_us=725 gpu_composite_us=0 gpu_blit_us=0
frust_shell_common::perf: frust-perf raw n=2215 total_us=4244 rebuild_us=122 layout_us=0 paint_us=53 encode_us=27 acquire_us=138 submit_us=3901 skipped=0 gpu_q=1 gpu_total_us=741 gpu_prepass_us=0 gpu_main_us=741 gpu_composite_us=0 gpu_blit_us=0
frust_shell_common::perf: frust-perf raw n=2216 total_us=5280 rebuild_us=127 layout_us=0 paint_us=59 encode_us=24 acquire_us=128 submit_us=4939 skipped=0 gpu_q=1 gpu_total_us=741 gpu_prepass_us=0 gpu_main_us=741 gpu_composite_us=0 gpu_blit_us=0
frust_shell_common::perf: frust-perf raw n=2217 total_us=5644 rebuild_us=112 layout_us=0 paint_us=57 encode_us=23 acquire_us=121 submit_us=5328 skipped=0 gpu_q=1 gpu_total_us=714 gpu_prepass_us=0 gpu_main_us=714 gpu_composite_us=0 gpu_blit_us=0
frust_shell_common::perf: frust-perf raw n=2218 total_us=5465 rebuild_us=128 layout_us=0 paint_us=61 encode_us=30 acquire_us=152 submit_us=5092 skipped=0 gpu_q=1 gpu_total_us=725 gpu_prepass_us=0 gpu_main_us=725 gpu_composite_us=0 gpu_blit_us=0
frust_shell_common::perf: frust-perf raw n=2219 total_us=4345 rebuild_us=115 layout_us=0 paint_us=54 encode_us=24 acquire_us=126 submit_us=4024 skipped=0 gpu_q=1 gpu_total_us=739 gpu_prepass_us=0 gpu_main_us=739 gpu_composite_us=0 gpu_blit_us=0
frust_engine::renderer: frust-perf enc n=2220 w=60 validate_us=3.5 prepare_us=3.2 classify_us=12.6 admit_us=0.3 walk_us=504.2 glyphs_us=216.3 finish_us=2.3 compile_us=527.2 schedule_us=3.6 paints_us=13.7 instances_us=30.3 resize_us=2.9 upload_us=209.8 replay_us=0.3 pipelines_us=17.5 record_us=31.2 total_us=834.2 total_p95_us=1613.9 draws=46 strips=1073 alphas=28576 glyph_draws=36 atlas_glyphs=36
frust_shell_common::perf: frust-perf raw n=2220 total_us=4507 rebuild_us=105 layout_us=0 paint_us=49 encode_us=25 acquire_us=114 submit_us=4211 skipped=0 gpu_q=1 gpu_total_us=748 gpu_prepass_us=0 gpu_main_us=748 gpu_composite_us=0 gpu_blit_us=0
frust_shell_common::perf: frust-perf raw n=2221 total_us=4174 rebuild_us=113 layout_us=0 paint_us=53 encode_us=24 acquire_us=124 submit_us=3858 skipped=0 gpu_q=1 gpu_total_us=726 gpu_prepass_us=0 gpu_main_us=726 gpu_composite_us=0 gpu_blit_us=0
frust_shell_common::perf: frust-perf raw n=2222 total_us=4033 rebuild_us=111 layout_us=0 paint_us=51 encode_us=25 acquire_us=150 submit_us=3694 skipped=0 gpu_q=1 gpu_total_us=739 gpu_prepass_us=0 gpu_main_us=739 gpu_composite_us=0 gpu_blit_us=0
frust_shell_common::perf: frust-perf raw n=2223 total_us=4266 rebuild_us=117 layout_us=0 paint_us=54 encode_us=22 acquire_us=127 submit_us=3944 skipped=0 gpu_q=1 gpu_total_us=732 gpu_prepass_us=0 gpu_main_us=732 gpu_composite_us=0 gpu_blit_us=0
frust_shell_common::perf: frust-perf raw n=2224 total_us=4483 rebuild_us=110 layout_us=0 paint_us=54 encode_us=21 acquire_us=122 submit_us=4175 skipped=0 gpu_q=1 gpu_total_us=729 gpu_prepass_us=0 gpu_main_us=729 gpu_composite_us=0 gpu_blit_us=0
frust_shell_common::perf: frust-perf raw n=2225 total_us=5489 rebuild_us=115 layout_us=0 paint_us=59 encode_us=25 acquire_us=271 submit_us=5016 skipped=0 gpu_q=1 gpu_total_us=719 gpu_prepass_us=0 gpu_main_us=719 gpu_composite_us=0 gpu_blit_us=0
frust_shell_common::perf: frust-perf raw n=2226 total_us=5472 rebuild_us=174 layout_us=0 paint_us=74 encode_us=28 acquire_us=136 submit_us=5058 skipped=0 gpu_q=1 gpu_total_us=769 gpu_prepass_us=0 gpu_main_us=769 gpu_composite_us=0 gpu_blit_us=0
frust_shell_common::perf: frust-perf raw n=2227 total_us=3298 rebuild_us=111 layout_us=0 paint_us=55 encode_us=22 acquire_us=165 submit_us=2943 skipped=0 gpu_q=1 gpu_total_us=729 gpu_prepass_us=0 gpu_main_us=729 gpu_composite_us=0 gpu_blit_us=0
frust_shell_common::perf: frust-perf raw n=2228 total_us=3468 rebuild_us=194 layout_us=0 paint_us=89 encode_us=15 acquire_us=108 submit_us=3059 skipped=0 gpu_q=1 gpu_total_us=728 gpu_prepass_us=0 gpu_main_us=728 gpu_composite_us=0 gpu_blit_us=0
frust_shell_common::perf: frust-perf raw n=2229 total_us=3464 rebuild_us=179 layout_us=0 paint_us=86 encode_us=17 acquire_us=108 submit_us=3073 skipped=0 gpu_q=1 gpu_total_us=724 gpu_prepass_us=0 gpu_main_us=724 gpu_composite_us=0 gpu_blit_us=0
frust_shell_common::perf: frust-perf raw n=2230 total_us=3412 rebuild_us=179 layout_us=0 paint_us=84 encode_us=17 acquire_us=105 submit_us=3023 skipped=0 gpu_q=1 gpu_total_us=732 gpu_prepass_us=0 gpu_main_us=732 gpu_composite_us=0 gpu_blit_us=0
frust_shell_common::perf: frust-perf raw n=2231 total_us=3234 rebuild_us=177 layout_us=0 paint_us=87 encode_us=15 acquire_us=96 submit_us=2857 skipped=0 gpu_q=1 gpu_total_us=774 gpu_prepass_us=0 gpu_main_us=774 gpu_composite_us=0 gpu_blit_us=0
frust_shell_common::perf: frust-perf raw n=2232 total_us=3451 rebuild_us=193 layout_us=0 paint_us=88 encode_us=15 acquire_us=112 submit_us=3040 skipped=0 gpu_q=1 gpu_total_us=780 gpu_prepass_us=0 gpu_main_us=780 gpu_composite_us=0 gpu_blit_us=0
frust_shell_common::perf: frust-perf raw n=2233 total_us=3471 rebuild_us=186 layout_us=0 paint_us=94 encode_us=14 acquire_us=104 submit_us=3071 skipped=0 gpu_q=1 gpu_total_us=759 gpu_prepass_us=0 gpu_main_us=759 gpu_composite_us=0 gpu_blit_us=0
frust_shell_common::perf: frust-perf raw n=2234 total_us=3369 rebuild_us=181 layout_us=0 paint_us=83 encode_us=14 acquire_us=103 submit_us=2985 skipped=0 gpu_q=1 gpu_total_us=786 gpu_prepass_us=0 gpu_main_us=786 gpu_composite_us=0 gpu_blit_us=0
frust_shell_common::perf: frust-perf raw n=2235 total_us=3416 rebuild_us=185 layout_us=0 paint_us=88 encode_us=14 acquire_us=107 submit_us=3020 skipped=0 gpu_q=1 gpu_total_us=759 gpu_prepass_us=0 gpu_main_us=759 gpu_composite_us=0 gpu_blit_us=0
frust_shell_common::perf: frust-perf raw n=2236 total_us=3372 rebuild_us=194 layout_us=0 paint_us=85 encode_us=14 acquire_us=106 submit_us=2970 skipped=0 gpu_q=1 gpu_total_us=776 gpu_prepass_us=0 gpu_main_us=776 gpu_composite_us=0 gpu_blit_us=0
frust_shell_common::perf: frust-perf raw n=2237 total_us=3398 rebuild_us=200 layout_us=0 paint_us=89 encode_us=14 acquire_us=104 submit_us=2988 skipped=0 gpu_q=1 gpu_total_us=780 gpu_prepass_us=0 gpu_main_us=780 gpu_composite_us=0 gpu_blit_us=0
frust_shell_common::perf: frust-perf raw n=2238 total_us=3452 rebuild_us=188 layout_us=0 paint_us=88 encode_us=15 acquire_us=107 submit_us=3051 skipped=0 gpu_q=1 gpu_total_us=742 gpu_prepass_us=0 gpu_main_us=742 gpu_composite_us=0 gpu_blit_us=0
frust_shell_common::perf: frust-perf raw n=2239 total_us=3341 rebuild_us=180 layout_us=0 paint_us=87 encode_us=14 acquire_us=100 submit_us=2958 skipped=0 gpu_q=1 gpu_total_us=762 gpu_prepass_us=0 gpu_main_us=762 gpu_composite_us=0 gpu_blit_us=0
frust_shell_common::perf: frust-perf raw n=2240 total_us=3227 rebuild_us=182 layout_us=0 paint_us=90 encode_us=12 acquire_us=96 submit_us=2844 skipped=0 gpu_q=1 gpu_total_us=741 gpu_prepass_us=0 gpu_main_us=741 gpu_composite_us=0 gpu_blit_us=0
frust_shell_common::perf: frust-perf raw n=2241 total_us=3558 rebuild_us=289 layout_us=0 paint_us=94 encode_us=15 acquire_us=113 submit_us=3045 skipped=0 gpu_q=1 gpu_total_us=762 gpu_prepass_us=0 gpu_main_us=762 gpu_composite_us=0 gpu_blit_us=0
frust_shell_common::perf: frust-perf raw n=2242 total_us=3221 rebuild_us=186 layout_us=0 paint_us=87 encode_us=15 acquire_us=104 submit_us=2827 skipped=0 gpu_q=1 gpu_total_us=768 gpu_prepass_us=0 gpu_main_us=768 gpu_composite_us=0 gpu_blit_us=0
frust_shell_common::perf: frust-perf raw n=2243 total_us=3388 rebuild_us=181 layout_us=0 paint_us=90 encode_us=15 acquire_us=116 submit_us=2984 skipped=0 gpu_q=1 gpu_total_us=760 gpu_prepass_us=0 gpu_main_us=760 gpu_composite_us=0 gpu_blit_us=0
frust_shell_common::perf: frust-perf raw n=2244 total_us=3441 rebuild_us=184 layout_us=0 paint_us=90 encode_us=14 acquire_us=110 submit_us=3041 skipped=0 gpu_q=1 gpu_total_us=775 gpu_prepass_us=0 gpu_main_us=775 gpu_composite_us=0 gpu_blit_us=0
frust_shell_common::perf: frust-perf raw n=2245 total_us=3470 rebuild_us=193 layout_us=0 paint_us=92 encode_us=17 acquire_us=112 submit_us=3053 skipped=0 gpu_q=1 gpu_total_us=734 gpu_prepass_us=0 gpu_main_us=734 gpu_composite_us=0 gpu_blit_us=0
frust_shell_common::perf: frust-perf raw n=2246 total_us=3493 rebuild_us=184 layout_us=0 paint_us=89 encode_us=15 acquire_us=104 submit_us=3100 skipped=0 gpu_q=1 gpu_total_us=767 gpu_prepass_us=0 gpu_main_us=767 gpu_composite_us=0 gpu_blit_us=0
frust_shell_common::perf: frust-perf raw n=2247 total_us=3434 rebuild_us=183 layout_us=0 paint_us=94 encode_us=15 acquire_us=113 submit_us=3026 skipped=0 gpu_q=1 gpu_total_us=763 gpu_prepass_us=0 gpu_main_us=763 gpu_composite_us=0 gpu_blit_us=0
frust_shell_common::perf: frust-perf raw n=2248 total_us=3303 rebuild_us=176 layout_us=0 paint_us=83 encode_us=12 acquire_us=97 submit_us=2933 skipped=0 gpu_q=1 gpu_total_us=740 gpu_prepass_us=0 gpu_main_us=740 gpu_composite_us=0 gpu_blit_us=0
frust_shell_common::perf: frust-perf raw n=2249 total_us=3506 rebuild_us=201 layout_us=0 paint_us=97 encode_us=17 acquire_us=109 submit_us=3080 skipped=0 gpu_q=1 gpu_total_us=726 gpu_prepass_us=0 gpu_main_us=726 gpu_composite_us=0 gpu_blit_us=0
frust_shell_common::perf: frust-perf raw n=2250 total_us=3275 rebuild_us=181 layout_us=0 paint_us=80 encode_us=13 acquire_us=98 submit_us=2901 skipped=0 gpu_q=1 gpu_total_us=724 gpu_prepass_us=0 gpu_main_us=724 gpu_composite_us=0 gpu_blit_us=0
frust_shell_common::perf: frust-perf raw n=2251 total_us=3393 rebuild_us=173 layout_us=0 paint_us=86 encode_us=14 acquire_us=103 submit_us=3015 skipped=0 gpu_q=1 gpu_total_us=729 gpu_prepass_us=0 gpu_main_us=729 gpu_composite_us=0 gpu_blit_us=0
frust_shell_common::perf: frust-perf raw n=2252 total_us=5923 rebuild_us=189 layout_us=0 paint_us=91 encode_us=36 acquire_us=171 submit_us=5434 skipped=0 gpu_q=1 gpu_total_us=737 gpu_prepass_us=0 gpu_main_us=737 gpu_composite_us=0 gpu_blit_us=0
frust_shell_common::perf: frust-perf raw n=2253 total_us=4120 rebuild_us=128 layout_us=0 paint_us=61 encode_us=31 acquire_us=141 submit_us=3758 skipped=0 gpu_q=1 gpu_total_us=733 gpu_prepass_us=0 gpu_main_us=733 gpu_composite_us=0 gpu_blit_us=0
frust_shell_common::perf: frust-perf raw n=2254 total_us=4042 rebuild_us=98 layout_us=0 paint_us=43 encode_us=19 acquire_us=98 submit_us=3782 skipped=0 gpu_q=1 gpu_total_us=733 gpu_prepass_us=0 gpu_main_us=733 gpu_composite_us=0 gpu_blit_us=0
frust_shell_common::perf: frust-perf raw n=2255 total_us=4071 rebuild_us=106 layout_us=0 paint_us=50 encode_us=27 acquire_us=120 submit_us=3765 skipped=0 gpu_q=1 gpu_total_us=734 gpu_prepass_us=0 gpu_main_us=734 gpu_composite_us=0 gpu_blit_us=0
frust_shell_common::perf: frust-perf raw n=2256 total_us=3231 rebuild_us=96 layout_us=0 paint_us=46 encode_us=12 acquire_us=123 submit_us=2951 skipped=0 gpu_q=1 gpu_total_us=687 gpu_prepass_us=0 gpu_main_us=687 gpu_composite_us=0 gpu_blit_us=0
frust_shell_common::perf: frust-perf raw n=2257 total_us=3364 rebuild_us=170 layout_us=0 paint_us=80 encode_us=13 acquire_us=93 submit_us=3006 skipped=0 gpu_q=1 gpu_total_us=686 gpu_prepass_us=0 gpu_main_us=686 gpu_composite_us=0 gpu_blit_us=0
frust_shell_common::perf: frust-perf raw n=2258 total_us=3315 rebuild_us=190 layout_us=0 paint_us=189 encode_us=15 acquire_us=103 submit_us=2816 skipped=0 gpu_q=1 gpu_total_us=752 gpu_prepass_us=0 gpu_main_us=752 gpu_composite_us=0 gpu_blit_us=0
frust_shell_common::perf: frust-perf raw n=2259 total_us=3456 rebuild_us=327 layout_us=0 paint_us=98 encode_us=17 acquire_us=102 submit_us=2910 skipped=0 gpu_q=1 gpu_total_us=738 gpu_prepass_us=0 gpu_main_us=738 gpu_composite_us=0 gpu_blit_us=0
frust_shell_common::perf: frust-perf raw n=2260 total_us=3314 rebuild_us=188 layout_us=0 paint_us=88 encode_us=15 acquire_us=102 submit_us=2919 skipped=0 gpu_q=1 gpu_total_us=723 gpu_prepass_us=0 gpu_main_us=723 gpu_composite_us=0 gpu_blit_us=0
frust_shell_common::perf: frust-perf raw n=2261 total_us=3269 rebuild_us=175 layout_us=0 paint_us=83 encode_us=13 acquire_us=104 submit_us=2892 skipped=0 gpu_q=1 gpu_total_us=722 gpu_prepass_us=0 gpu_main_us=722 gpu_composite_us=0 gpu_blit_us=0
frust_shell_common::perf: frust-perf raw n=2262 total_us=3404 rebuild_us=191 layout_us=0 paint_us=89 encode_us=14 acquire_us=105 submit_us=3002 skipped=0 gpu_q=1 gpu_total_us=728 gpu_prepass_us=0 gpu_main_us=728 gpu_composite_us=0 gpu_blit_us=0
frust_shell_common::perf: frust-perf raw n=2263 total_us=3384 rebuild_us=195 layout_us=0 paint_us=87 encode_us=14 acquire_us=109 submit_us=2977 skipped=0 gpu_q=1 gpu_total_us=742 gpu_prepass_us=0 gpu_main_us=742 gpu_composite_us=0 gpu_blit_us=0
frust_shell_common::perf: frust-perf raw n=2264 total_us=3191 rebuild_us=179 layout_us=0 paint_us=86 encode_us=13 acquire_us=99 submit_us=2812 skipped=0 gpu_q=1 gpu_total_us=740 gpu_prepass_us=0 gpu_main_us=740 gpu_composite_us=0 gpu_blit_us=0
frust_shell_common::perf: frust-perf raw n=2265 total_us=3321 rebuild_us=183 layout_us=0 paint_us=90 encode_us=14 acquire_us=109 submit_us=2923 skipped=0 gpu_q=1 gpu_total_us=742 gpu_prepass_us=0 gpu_main_us=742 gpu_composite_us=0 gpu_blit_us=0
frust_shell_common::perf: frust-perf raw n=2266 total_us=3353 rebuild_us=190 layout_us=0 paint_us=91 encode_us=15 acquire_us=102 submit_us=2952 skipped=0 gpu_q=1 gpu_total_us=765 gpu_prepass_us=0 gpu_main_us=765 gpu_composite_us=0 gpu_blit_us=0
frust_shell_common::perf: frust-perf raw n=2267 total_us=4002 rebuild_us=648 layout_us=0 paint_us=99 encode_us=14 acquire_us=115 submit_us=3123 skipped=0 gpu_q=1 gpu_total_us=727 gpu_prepass_us=0 gpu_main_us=727 gpu_composite_us=0 gpu_blit_us=0
frust_shell_common::perf: frust-perf raw n=2268 total_us=3314 rebuild_us=179 layout_us=0 paint_us=87 encode_us=14 acquire_us=99 submit_us=2931 skipped=0 gpu_q=1 gpu_total_us=756 gpu_prepass_us=0 gpu_main_us=756 gpu_composite_us=0 gpu_blit_us=0
frust_shell_common::perf: frust-perf raw n=2269 total_us=3223 rebuild_us=177 layout_us=0 paint_us=88 encode_us=12 acquire_us=95 submit_us=2848 skipped=0 gpu_q=1 gpu_total_us=753 gpu_prepass_us=0 gpu_main_us=753 gpu_composite_us=0 gpu_blit_us=0
frust_shell_android::app::frame: frust-perf platform-view tail depth=0 target=0 acquire_bound=false frame=2280 expected_present_us=0 acquire_us=101 period_us=8234
frust_shell_common::perf: frust-perf raw n=2270 total_us=3486 rebuild_us=193 layout_us=0 paint_us=93 encode_us=14 acquire_us=104 submit_us=3078 skipped=0 gpu_q=1 gpu_total_us=734 gpu_prepass_us=0 gpu_main_us=734 gpu_composite_us=0 gpu_blit_us=0
frust_shell_common::perf: frust-perf raw n=2271 total_us=3211 rebuild_us=181 layout_us=0 paint_us=83 encode_us=13 acquire_us=97 submit_us=2834 skipped=0 gpu_q=1 gpu_total_us=724 gpu_prepass_us=0 gpu_main_us=724 gpu_composite_us=0 gpu_blit_us=0
frust_shell_common::perf: frust-perf raw n=2272 total_us=3407 rebuild_us=178 layout_us=0 paint_us=86 encode_us=16 acquire_us=104 submit_us=3020 skipped=0 gpu_q=1 gpu_total_us=774 gpu_prepass_us=0 gpu_main_us=774 gpu_composite_us=0 gpu_blit_us=0
frust_shell_common::perf: frust-perf raw n=2273 total_us=3382 rebuild_us=186 layout_us=0 paint_us=88 encode_us=15 acquire_us=109 submit_us=2981 skipped=0 gpu_q=1 gpu_total_us=736 gpu_prepass_us=0 gpu_main_us=736 gpu_composite_us=0 gpu_blit_us=0
frust_shell_common::perf: frust-perf raw n=2274 total_us=3286 rebuild_us=172 layout_us=0 paint_us=83 encode_us=16 acquire_us=96 submit_us=2917 skipped=0 gpu_q=1 gpu_total_us=770 gpu_prepass_us=0 gpu_main_us=770 gpu_composite_us=0 gpu_blit_us=0
frust_shell_common::perf: frust-perf raw n=2275 total_us=3457 rebuild_us=199 layout_us=0 paint_us=158 encode_us=14 acquire_us=114 submit_us=2970 skipped=0 gpu_q=1 gpu_total_us=723 gpu_prepass_us=0 gpu_main_us=723 gpu_composite_us=0 gpu_blit_us=0
frust_shell_common::perf: frust-perf raw n=2276 total_us=3390 rebuild_us=311 layout_us=0 paint_us=87 encode_us=16 acquire_us=99 submit_us=2874 skipped=0 gpu_q=1 gpu_total_us=752 gpu_prepass_us=0 gpu_main_us=752 gpu_composite_us=0 gpu_blit_us=0
frust_shell_common::perf: frust-perf raw n=2277 total_us=3322 rebuild_us=189 layout_us=0 paint_us=92 encode_us=15 acquire_us=106 submit_us=2918 skipped=0 gpu_q=1 gpu_total_us=747 gpu_prepass_us=0 gpu_main_us=747 gpu_composite_us=0 gpu_blit_us=0
frust_shell_common::perf: frust-perf raw n=2278 total_us=3493 rebuild_us=191 layout_us=0 paint_us=91 encode_us=15 acquire_us=117 submit_us=3075 skipped=0 gpu_q=1 gpu_total_us=727 gpu_prepass_us=0 gpu_main_us=727 gpu_composite_us=0 gpu_blit_us=0
frust_shell_common::perf: frust-perf raw n=2279 total_us=3427 rebuild_us=191 layout_us=0 paint_us=88 encode_us=17 acquire_us=112 submit_us=3016 skipped=0 gpu_q=1 gpu_total_us=740 gpu_prepass_us=0 gpu_main_us=740 gpu_composite_us=0 gpu_blit_us=0
frust_engine::renderer: frust-perf enc n=2280 w=60 validate_us=3.6 prepare_us=3.2 classify_us=12.3 admit_us=0.4 walk_us=502.9 glyphs_us=216.0 finish_us=2.3 compile_us=525.1 schedule_us=3.5 paints_us=13.7 instances_us=30.4 resize_us=3.0 upload_us=207.0 replay_us=0.3 pipelines_us=17.7 record_us=30.3 total_us=830.3 total_p95_us=1379.6 draws=46 strips=1073 alphas=28576 glyph_draws=36 atlas_glyphs=36
frust_shell_common::perf: frust-perf raw n=2280 total_us=3726 rebuild_us=190 layout_us=0 paint_us=89 encode_us=14 acquire_us=107 submit_us=3324 skipped=0 gpu_q=1 gpu_total_us=734 gpu_prepass_us=0 gpu_main_us=734 gpu_composite_us=0 gpu_blit_us=0
frust_shell_common::perf: frust-perf raw n=2281 total_us=3414 rebuild_us=190 layout_us=0 paint_us=89 encode_us=15 acquire_us=107 submit_us=3012 skipped=0 gpu_q=1 gpu_total_us=764 gpu_prepass_us=0 gpu_main_us=764 gpu_composite_us=0 gpu_blit_us=0
frust_shell_common::perf: frust-perf raw n=2282 total_us=3228 rebuild_us=176 layout_us=0 paint_us=83 encode_us=17 acquire_us=102 submit_us=2848 skipped=0 gpu_q=1 gpu_total_us=741 gpu_prepass_us=0 gpu_main_us=741 gpu_composite_us=0 gpu_blit_us=0
frust_shell_common::perf: frust-perf raw n=2283 total_us=3399 rebuild_us=181 layout_us=0 paint_us=95 encode_us=15 acquire_us=106 submit_us=3000 skipped=0 gpu_q=1 gpu_total_us=748 gpu_prepass_us=0 gpu_main_us=748 gpu_composite_us=0 gpu_blit_us=0
frust_shell_common::perf: frust-perf raw n=2284 total_us=6924 rebuild_us=160 layout_us=0 paint_us=73 encode_us=37 acquire_us=199 submit_us=6453 skipped=0 gpu_q=1 gpu_total_us=756 gpu_prepass_us=0 gpu_main_us=756 gpu_composite_us=0 gpu_blit_us=0
frust_shell_common::perf: frust-perf raw n=2285 total_us=5789 rebuild_us=154 layout_us=0 paint_us=80 encode_us=33 acquire_us=164 submit_us=5357 skipped=0 gpu_q=1 gpu_total_us=755 gpu_prepass_us=0 gpu_main_us=755 gpu_composite_us=0 gpu_blit_us=0
frust_shell_common::perf: frust-perf raw n=2286 total_us=4196 rebuild_us=114 layout_us=0 paint_us=57 encode_us=25 acquire_us=118 submit_us=3880 skipped=0 gpu_q=1 gpu_total_us=741 gpu_prepass_us=0 gpu_main_us=741 gpu_composite_us=0 gpu_blit_us=0
frust_shell_common::perf: frust-perf raw n=2287 total_us=4580 rebuild_us=107 layout_us=0 paint_us=55 encode_us=26 acquire_us=112 submit_us=4278 skipped=0 gpu_q=1 gpu_total_us=722 gpu_prepass_us=0 gpu_main_us=722 gpu_composite_us=0 gpu_blit_us=0
frust_shell_common::perf: frust-perf raw n=2288 total_us=5633 rebuild_us=129 layout_us=0 paint_us=60 encode_us=26 acquire_us=126 submit_us=5290 skipped=0 gpu_q=1 gpu_total_us=702 gpu_prepass_us=0 gpu_main_us=702 gpu_composite_us=0 gpu_blit_us=0
frust_shell_common::perf: frust-perf raw n=2289 total_us=5626 rebuild_us=130 layout_us=0 paint_us=61 encode_us=28 acquire_us=133 submit_us=5271 skipped=0 gpu_q=1 gpu_total_us=707 gpu_prepass_us=0 gpu_main_us=707 gpu_composite_us=0 gpu_blit_us=0
frust_shell_common::perf: frust-perf raw n=2290 total_us=5503 rebuild_us=116 layout_us=0 paint_us=54 encode_us=27 acquire_us=172 submit_us=5131 skipped=0 gpu_q=1 gpu_total_us=713 gpu_prepass_us=0 gpu_main_us=713 gpu_composite_us=0 gpu_blit_us=0
frust_shell_common::perf: frust-perf raw n=2291 total_us=4251 rebuild_us=111 layout_us=0 paint_us=56 encode_us=26 acquire_us=125 submit_us=3931 skipped=0 gpu_q=1 gpu_total_us=708 gpu_prepass_us=0 gpu_main_us=708 gpu_composite_us=0 gpu_blit_us=0
frust_shell_common::perf: frust-perf raw n=2292 total_us=4863 rebuild_us=108 layout_us=0 paint_us=53 encode_us=24 acquire_us=108 submit_us=4568 skipped=0 gpu_q=1 gpu_total_us=706 gpu_prepass_us=0 gpu_main_us=706 gpu_composite_us=0 gpu_blit_us=0
frust_shell_common::perf: frust-perf raw n=2293 total_us=5352 rebuild_us=142 layout_us=0 paint_us=264 encode_us=26 acquire_us=144 submit_us=4774 skipped=0 gpu_q=1 gpu_total_us=716 gpu_prepass_us=0 gpu_main_us=716 gpu_composite_us=0 gpu_blit_us=0
frust_shell_common::perf: frust-perf raw n=2294 total_us=5291 rebuild_us=109 layout_us=0 paint_us=104 encode_us=25 acquire_us=125 submit_us=4926 skipped=0 gpu_q=1 gpu_total_us=708 gpu_prepass_us=0 gpu_main_us=708 gpu_composite_us=0 gpu_blit_us=0
frust_shell_common::perf: frust-perf raw n=2295 total_us=3895 rebuild_us=109 layout_us=0 paint_us=47 encode_us=20 acquire_us=112 submit_us=3605 skipped=0 gpu_q=1 gpu_total_us=701 gpu_prepass_us=0 gpu_main_us=701 gpu_composite_us=0 gpu_blit_us=0
frust_shell_common::perf: frust-perf raw n=2296 total_us=5413 rebuild_us=121 layout_us=0 paint_us=57 encode_us=30 acquire_us=134 submit_us=5069 skipped=0 gpu_q=1 gpu_total_us=693 gpu_prepass_us=0 gpu_main_us=693 gpu_composite_us=0 gpu_blit_us=0
frust_shell_common::perf: frust-perf raw n=2297 total_us=4061 rebuild_us=102 layout_us=0 paint_us=46 encode_us=20 acquire_us=120 submit_us=3771 skipped=0 gpu_q=1 gpu_total_us=673 gpu_prepass_us=0 gpu_main_us=673 gpu_composite_us=0 gpu_blit_us=0
frust_shell_common::perf: frust-perf raw n=2298 total_us=4489 rebuild_us=114 layout_us=0 paint_us=53 encode_us=27 acquire_us=126 submit_us=4167 skipped=0 gpu_q=1 gpu_total_us=670 gpu_prepass_us=0 gpu_main_us=670 gpu_composite_us=0 gpu_blit_us=0
frust_shell_common::perf: frust-perf raw n=2299 total_us=5438 rebuild_us=113 layout_us=0 paint_us=54 encode_us=23 acquire_us=165 submit_us=5081 skipped=0 gpu_q=1 gpu_total_us=718 gpu_prepass_us=0 gpu_main_us=718 gpu_composite_us=0 gpu_blit_us=0
frust_shell_common::perf: frust-perf raw n=2300 total_us=3205 rebuild_us=97 layout_us=0 paint_us=45 encode_us=20 acquire_us=155 submit_us=2885 skipped=0 gpu_q=1 gpu_total_us=670 gpu_prepass_us=0 gpu_main_us=670 gpu_composite_us=0 gpu_blit_us=0
frust_shell_common::perf: frust-perf raw n=2301 total_us=3540 rebuild_us=193 layout_us=0 paint_us=89 encode_us=16 acquire_us=109 submit_us=3130 skipped=0 gpu_q=1 gpu_total_us=716 gpu_prepass_us=0 gpu_main_us=716 gpu_composite_us=0 gpu_blit_us=0
frust_shell_common::perf: frust-perf raw n=2302 total_us=3457 rebuild_us=191 layout_us=0 paint_us=86 encode_us=17 acquire_us=109 submit_us=3051 skipped=0 gpu_q=1 gpu_total_us=668 gpu_prepass_us=0 gpu_main_us=668 gpu_composite_us=0 gpu_blit_us=0
frust_shell_common::perf: frust-perf raw n=2303 total_us=3433 rebuild_us=187 layout_us=0 paint_us=99 encode_us=17 acquire_us=111 submit_us=3016 skipped=0 gpu_q=1 gpu_total_us=668 gpu_prepass_us=0 gpu_main_us=668 gpu_composite_us=0 gpu_blit_us=0
frust_shell_common::perf: frust-perf raw n=2304 total_us=3407 rebuild_us=183 layout_us=0 paint_us=86 encode_us=14 acquire_us=106 submit_us=3015 skipped=0 gpu_q=1 gpu_total_us=690 gpu_prepass_us=0 gpu_main_us=690 gpu_composite_us=0 gpu_blit_us=0
frust_shell_common::perf: frust-perf raw n=2305 total_us=3395 rebuild_us=186 layout_us=0 paint_us=94 encode_us=15 acquire_us=106 submit_us=2993 skipped=0 gpu_q=1 gpu_total_us=724 gpu_prepass_us=0 gpu_main_us=724 gpu_composite_us=0 gpu_blit_us=0
frust_shell_common::perf: frust-perf raw n=2306 total_us=3415 rebuild_us=198 layout_us=0 paint_us=95 encode_us=14 acquire_us=105 submit_us=3000 skipped=0 gpu_q=1 gpu_total_us=709 gpu_prepass_us=0 gpu_main_us=709 gpu_composite_us=0 gpu_blit_us=0
frust_shell_common::perf: frust-perf raw n=2307 total_us=3264 rebuild_us=180 layout_us=0 paint_us=87 encode_us=15 acquire_us=97 submit_us=2883 skipped=0 gpu_q=1 gpu_total_us=691 gpu_prepass_us=0 gpu_main_us=691 gpu_composite_us=0 gpu_blit_us=0
frust_shell_common::perf: frust-perf raw n=2308 total_us=3351 rebuild_us=188 layout_us=0 paint_us=88 encode_us=14 acquire_us=162 submit_us=2897 skipped=0 gpu_q=1 gpu_total_us=693 gpu_prepass_us=0 gpu_main_us=693 gpu_composite_us=0 gpu_blit_us=0
frust_shell_common::perf: frust-perf raw n=2309 total_us=3377 rebuild_us=194 layout_us=0 paint_us=164 encode_us=14 acquire_us=104 submit_us=2898 skipped=0 gpu_q=1 gpu_total_us=709 gpu_prepass_us=0 gpu_main_us=709 gpu_composite_us=0 gpu_blit_us=0
frust_shell_common::perf: frust-perf raw n=2310 total_us=3313 rebuild_us=246 layout_us=0 paint_us=92 encode_us=14 acquire_us=105 submit_us=2853 skipped=0 gpu_q=1 gpu_total_us=708 gpu_prepass_us=0 gpu_main_us=708 gpu_composite_us=0 gpu_blit_us=0
frust_shell_common::perf: frust-perf raw n=2311 total_us=3321 rebuild_us=186 layout_us=0 paint_us=95 encode_us=17 acquire_us=110 submit_us=2911 skipped=0 gpu_q=1 gpu_total_us=718 gpu_prepass_us=0 gpu_main_us=718 gpu_composite_us=0 gpu_blit_us=0
frust_shell_common::perf: frust-perf raw n=2312 total_us=3293 rebuild_us=179 layout_us=0 paint_us=88 encode_us=16 acquire_us=115 submit_us=2893 skipped=0 gpu_q=1 gpu_total_us=689 gpu_prepass_us=0 gpu_main_us=689 gpu_composite_us=0 gpu_blit_us=0
frust_shell_common::perf: frust-perf raw n=2313 total_us=3431 rebuild_us=190 layout_us=0 paint_us=88 encode_us=16 acquire_us=104 submit_us=3030 skipped=0 gpu_q=1 gpu_total_us=689 gpu_prepass_us=0 gpu_main_us=689 gpu_composite_us=0 gpu_blit_us=0
frust_shell_common::perf: frust-perf raw n=2314 total_us=3434 rebuild_us=197 layout_us=0 paint_us=90 encode_us=12 acquire_us=103 submit_us=3029 skipped=0 gpu_q=1 gpu_total_us=689 gpu_prepass_us=0 gpu_main_us=689 gpu_composite_us=0 gpu_blit_us=0
frust_shell_common::perf: frust-perf raw n=2315 total_us=3439 rebuild_us=187 layout_us=0 paint_us=98 encode_us=15 acquire_us=112 submit_us=3025 skipped=0 gpu_q=1 gpu_total_us=698 gpu_prepass_us=0 gpu_main_us=698 gpu_composite_us=0 gpu_blit_us=0
frust_shell_common::perf: frust-perf raw n=2316 total_us=3378 rebuild_us=188 layout_us=0 paint_us=91 encode_us=14 acquire_us=101 submit_us=2982 skipped=0 gpu_q=1 gpu_total_us=704 gpu_prepass_us=0 gpu_main_us=704 gpu_composite_us=0 gpu_blit_us=0
frust_shell_common::perf: frust-perf raw n=2317 total_us=7210 rebuild_us=182 layout_us=0 paint_us=86 encode_us=40 acquire_us=182 submit_us=6718 skipped=0 gpu_q=1 gpu_total_us=704 gpu_prepass_us=0 gpu_main_us=704 gpu_composite_us=0 gpu_blit_us=0
frust_shell_common::perf: frust-perf raw n=2318 total_us=6141 rebuild_us=154 layout_us=0 paint_us=76 encode_us=34 acquire_us=239 submit_us=5636 skipped=0 gpu_q=1 gpu_total_us=699 gpu_prepass_us=0 gpu_main_us=699 gpu_composite_us=0 gpu_blit_us=0
frust_shell_common::perf: frust-perf raw n=2319 total_us=3689 rebuild_us=134 layout_us=0 paint_us=71 encode_us=23 acquire_us=178 submit_us=3283 skipped=0 gpu_q=1 gpu_total_us=698 gpu_prepass_us=0 gpu_main_us=698 gpu_composite_us=0 gpu_blit_us=0
frust_shell_common::perf: frust-perf raw n=2320 total_us=3289 rebuild_us=140 layout_us=0 paint_us=64 encode_us=16 acquire_us=95 submit_us=2972 skipped=0 gpu_q=1 gpu_total_us=699 gpu_prepass_us=0 gpu_main_us=699 gpu_composite_us=0 gpu_blit_us=0
frust_shell_common::perf: frust-perf raw n=2321 total_us=3335 rebuild_us=158 layout_us=0 paint_us=74 encode_us=15 acquire_us=98 submit_us=2988 skipped=0 gpu_q=1 gpu_total_us=665 gpu_prepass_us=0 gpu_main_us=665 gpu_composite_us=0 gpu_blit_us=0
frust_shell_common::perf: frust-perf raw n=2322 total_us=5628 rebuild_us=176 layout_us=0 paint_us=85 encode_us=37 acquire_us=168 submit_us=5160 skipped=0 gpu_q=1 gpu_total_us=665 gpu_prepass_us=0 gpu_main_us=665 gpu_composite_us=0 gpu_blit_us=0
frust_shell_common::perf: frust-perf raw n=2323 total_us=3290 rebuild_us=128 layout_us=0 paint_us=60 encode_us=18 acquire_us=159 submit_us=2923 skipped=0 gpu_q=1 gpu_total_us=684 gpu_prepass_us=0 gpu_main_us=684 gpu_composite_us=0 gpu_blit_us=0
frust_shell_common::perf: frust-perf raw n=2324 total_us=3263 rebuild_us=155 layout_us=0 paint_us=71 encode_us=12 acquire_us=92 submit_us=2930 skipped=0 gpu_q=1 gpu_total_us=707 gpu_prepass_us=0 gpu_main_us=707 gpu_composite_us=0 gpu_blit_us=0
frust_shell_common::perf: frust-perf raw n=2325 total_us=3467 rebuild_us=176 layout_us=0 paint_us=86 encode_us=17 acquire_us=103 submit_us=3083 skipped=0 gpu_q=1 gpu_total_us=687 gpu_prepass_us=0 gpu_main_us=687 gpu_composite_us=0 gpu_blit_us=0
frust_shell_common::perf: frust-perf raw n=2326 total_us=3423 rebuild_us=193 layout_us=0 paint_us=197 encode_us=14 acquire_us=109 submit_us=2908 skipped=0 gpu_q=1 gpu_total_us=665 gpu_prepass_us=0 gpu_main_us=665 gpu_composite_us=0 gpu_blit_us=0
frust_shell_common::perf: frust-perf raw n=2327 total_us=3455 rebuild_us=368 layout_us=0 paint_us=95 encode_us=14 acquire_us=107 submit_us=2870 skipped=0 gpu_q=1 gpu_total_us=712 gpu_prepass_us=0 gpu_main_us=712 gpu_composite_us=0 gpu_blit_us=0
frust_shell_common::perf: frust-perf raw n=2328 total_us=3313 rebuild_us=187 layout_us=0 paint_us=88 encode_us=13 acquire_us=101 submit_us=2922 skipped=0 gpu_q=1 gpu_total_us=696 gpu_prepass_us=0 gpu_main_us=696 gpu_composite_us=0 gpu_blit_us=0
frust_shell_common::perf: frust-perf raw n=2329 total_us=3419 rebuild_us=183 layout_us=0 paint_us=87 encode_us=19 acquire_us=127 submit_us=3000 skipped=0 gpu_q=1 gpu_total_us=689 gpu_prepass_us=0 gpu_main_us=689 gpu_composite_us=0 gpu_blit_us=0
frust_shell_common::perf: frust-perf raw n=2330 total_us=3343 rebuild_us=185 layout_us=0 paint_us=93 encode_us=14 acquire_us=106 submit_us=2942 skipped=0 gpu_q=1 gpu_total_us=705 gpu_prepass_us=0 gpu_main_us=705 gpu_composite_us=0 gpu_blit_us=0
frust_shell_common::perf: frust-perf raw n=2331 total_us=3442 rebuild_us=179 layout_us=0 paint_us=95 encode_us=13 acquire_us=109 submit_us=3044 skipped=0 gpu_q=1 gpu_total_us=706 gpu_prepass_us=0 gpu_main_us=706 gpu_composite_us=0 gpu_blit_us=0
frust_shell_common::perf: frust-perf raw n=2332 total_us=3179 rebuild_us=182 layout_us=0 paint_us=86 encode_us=12 acquire_us=101 submit_us=2795 skipped=0 gpu_q=1 gpu_total_us=703 gpu_prepass_us=0 gpu_main_us=703 gpu_composite_us=0 gpu_blit_us=0
frust_shell_common::perf: frust-perf raw n=2333 total_us=3331 rebuild_us=191 layout_us=0 paint_us=90 encode_us=15 acquire_us=100 submit_us=2933 skipped=0 gpu_q=1 gpu_total_us=707 gpu_prepass_us=0 gpu_main_us=707 gpu_composite_us=0 gpu_blit_us=0
frust_shell_common::perf: frust-perf raw n=2334 total_us=3358 rebuild_us=182 layout_us=0 paint_us=87 encode_us=14 acquire_us=109 submit_us=2963 skipped=0 gpu_q=1 gpu_total_us=681 gpu_prepass_us=0 gpu_main_us=681 gpu_composite_us=0 gpu_blit_us=0
frust_shell_common::perf: frust-perf raw n=2335 total_us=3394 rebuild_us=186 layout_us=0 paint_us=93 encode_us=13 acquire_us=109 submit_us=2990 skipped=0 gpu_q=1 gpu_total_us=713 gpu_prepass_us=0 gpu_main_us=713 gpu_composite_us=0 gpu_blit_us=0
frust_shell_common::perf: frust-perf raw n=2336 total_us=3378 rebuild_us=195 layout_us=0 paint_us=91 encode_us=14 acquire_us=103 submit_us=2972 skipped=0 gpu_q=1 gpu_total_us=688 gpu_prepass_us=0 gpu_main_us=688 gpu_composite_us=0 gpu_blit_us=0
frust_shell_common::perf: frust-perf raw n=2337 total_us=3406 rebuild_us=191 layout_us=0 paint_us=96 encode_us=14 acquire_us=102 submit_us=3001 skipped=0 gpu_q=1 gpu_total_us=710 gpu_prepass_us=0 gpu_main_us=710 gpu_composite_us=0 gpu_blit_us=0
frust_shell_common::perf: frust-perf raw n=2338 total_us=3231 rebuild_us=171 layout_us=0 paint_us=82 encode_us=13 acquire_us=100 submit_us=2863 skipped=0 gpu_q=1 gpu_total_us=690 gpu_prepass_us=0 gpu_main_us=690 gpu_composite_us=0 gpu_blit_us=0
frust_shell_common::perf: frust-perf raw n=2339 total_us=3335 rebuild_us=184 layout_us=0 paint_us=86 encode_us=14 acquire_us=102 submit_us=2946 skipped=0 gpu_q=1 gpu_total_us=700 gpu_prepass_us=0 gpu_main_us=700 gpu_composite_us=0 gpu_blit_us=0
frust_engine::renderer: frust-perf enc n=2340 w=60 validate_us=3.5 prepare_us=3.3 classify_us=12.4 admit_us=0.4 walk_us=509.0 glyphs_us=217.2 finish_us=2.4 compile_us=532.0 schedule_us=3.5 paints_us=14.0 instances_us=30.5 resize_us=3.0 upload_us=209.5 replay_us=0.3 pipelines_us=18.2 record_us=30.9 total_us=839.6 total_p95_us=1770.1 draws=46 strips=1073 alphas=28576 glyph_draws=36 atlas_glyphs=36
frust_shell_common::perf: frust-perf raw n=2340 total_us=3652 rebuild_us=195 layout_us=0 paint_us=92 encode_us=14 acquire_us=107 submit_us=3242 skipped=0 gpu_q=1 gpu_total_us=690 gpu_prepass_us=0 gpu_main_us=690 gpu_composite_us=0 gpu_blit_us=0
frust_shell_common::perf: frust-perf raw n=2341 total_us=3475 rebuild_us=193 layout_us=0 paint_us=88 encode_us=15 acquire_us=110 submit_us=3066 skipped=0 gpu_q=1 gpu_total_us=701 gpu_prepass_us=0 gpu_main_us=701 gpu_composite_us=0 gpu_blit_us=0
frust_shell_common::perf: frust-perf raw n=2342 total_us=3336 rebuild_us=187 layout_us=0 paint_us=85 encode_us=16 acquire_us=108 submit_us=2938 skipped=0 gpu_q=1 gpu_total_us=689 gpu_prepass_us=0 gpu_main_us=689 gpu_composite_us=0 gpu_blit_us=0
frust_shell_common::perf: frust-perf raw n=2343 total_us=3314 rebuild_us=181 layout_us=0 paint_us=85 encode_us=16 acquire_us=115 submit_us=2914 skipped=0 gpu_q=1 gpu_total_us=687 gpu_prepass_us=0 gpu_main_us=687 gpu_composite_us=0 gpu_blit_us=0
frust_shell_common::perf: frust-perf raw n=2344 total_us=3346 rebuild_us=258 layout_us=0 paint_us=85 encode_us=14 acquire_us=101 submit_us=2885 skipped=0 gpu_q=1 gpu_total_us=710 gpu_prepass_us=0 gpu_main_us=710 gpu_composite_us=0 gpu_blit_us=0
frust_shell_common::perf: frust-perf raw n=2345 total_us=3429 rebuild_us=205 layout_us=0 paint_us=93 encode_us=14 acquire_us=107 submit_us=3008 skipped=0 gpu_q=1 gpu_total_us=712 gpu_prepass_us=0 gpu_main_us=712 gpu_composite_us=0 gpu_blit_us=0
frust_shell_common::perf: frust-perf raw n=2346 total_us=3279 rebuild_us=180 layout_us=0 paint_us=93 encode_us=19 acquire_us=112 submit_us=2872 skipped=0 gpu_q=1 gpu_total_us=707 gpu_prepass_us=0 gpu_main_us=707 gpu_composite_us=0 gpu_blit_us=0
frust_shell_common::perf: frust-perf raw n=2347 total_us=3143 rebuild_us=179 layout_us=0 paint_us=87 encode_us=13 acquire_us=97 submit_us=2764 skipped=0 gpu_q=1 gpu_total_us=700 gpu_prepass_us=0 gpu_main_us=700 gpu_composite_us=0 gpu_blit_us=0
frust_shell_common::perf: frust-perf raw n=2348 total_us=3189 rebuild_us=170 layout_us=0 paint_us=80 encode_us=13 acquire_us=101 submit_us=2822 skipped=0 gpu_q=1 gpu_total_us=679 gpu_prepass_us=0 gpu_main_us=679 gpu_composite_us=0 gpu_blit_us=0
frust_shell_common::perf: frust-perf raw n=2349 total_us=3467 rebuild_us=191 layout_us=0 paint_us=91 encode_us=16 acquire_us=114 submit_us=3053 skipped=0 gpu_q=1 gpu_total_us=673 gpu_prepass_us=0 gpu_main_us=673 gpu_composite_us=0 gpu_blit_us=0
frust_shell_common::perf: frust-perf raw n=2350 total_us=6236 rebuild_us=192 layout_us=0 paint_us=86 encode_us=38 acquire_us=217 submit_us=5700 skipped=0 gpu_q=1 gpu_total_us=709 gpu_prepass_us=0 gpu_main_us=709 gpu_composite_us=0 gpu_blit_us=0
frust_shell_common::perf: frust-perf raw n=2351 total_us=5319 rebuild_us=147 layout_us=0 paint_us=72 encode_us=37 acquire_us=152 submit_us=4908 skipped=0 gpu_q=1 gpu_total_us=706 gpu_prepass_us=0 gpu_main_us=706 gpu_composite_us=0 gpu_blit_us=0
frust_shell_common::perf: frust-perf raw n=2352 total_us=3960 rebuild_us=105 layout_us=0 paint_us=51 encode_us=25 acquire_us=111 submit_us=3666 skipped=0 gpu_q=1 gpu_total_us=701 gpu_prepass_us=0 gpu_main_us=701 gpu_composite_us=0 gpu_blit_us=0
frust_shell_common::perf: frust-perf raw n=2353 total_us=3913 rebuild_us=111 layout_us=0 paint_us=47 encode_us=22 acquire_us=109 submit_us=3622 skipped=0 gpu_q=1 gpu_total_us=710 gpu_prepass_us=0 gpu_main_us=710 gpu_composite_us=0 gpu_blit_us=0
frust_shell_common::perf: frust-perf raw n=2354 total_us=3406 rebuild_us=118 layout_us=0 paint_us=52 encode_us=19 acquire_us=144 submit_us=3071 skipped=0 gpu_q=1 gpu_total_us=667 gpu_prepass_us=0 gpu_main_us=667 gpu_composite_us=0 gpu_blit_us=0
frust_shell_common::perf: frust-perf raw n=2355 total_us=3317 rebuild_us=166 layout_us=0 paint_us=80 encode_us=16 acquire_us=99 submit_us=2954 skipped=0 gpu_q=1 gpu_total_us=663 gpu_prepass_us=0 gpu_main_us=663 gpu_composite_us=0 gpu_blit_us=0
frust_shell_common::perf: frust-perf raw n=2356 total_us=6670 rebuild_us=159 layout_us=0 paint_us=78 encode_us=37 acquire_us=183 submit_us=6211 skipped=0 gpu_q=1 gpu_total_us=716 gpu_prepass_us=0 gpu_main_us=716 gpu_composite_us=0 gpu_blit_us=0
frust_shell_common::perf: frust-perf raw n=2357 total_us=5448 rebuild_us=165 layout_us=0 paint_us=77 encode_us=40 acquire_us=224 submit_us=4938 skipped=0 gpu_q=1 gpu_total_us=719 gpu_prepass_us=0 gpu_main_us=719 gpu_composite_us=0 gpu_blit_us=0
frust_shell_common::perf: frust-perf raw n=2358 total_us=4337 rebuild_us=112 layout_us=0 paint_us=54 encode_us=27 acquire_us=118 submit_us=4024 skipped=0 gpu_q=1 gpu_total_us=727 gpu_prepass_us=0 gpu_main_us=727 gpu_composite_us=0 gpu_blit_us=0
frust_shell_common::perf: frust-perf raw n=2359 total_us=3080 rebuild_us=94 layout_us=0 paint_us=46 encode_us=20 acquire_us=138 submit_us=2780 skipped=0 gpu_q=1 gpu_total_us=715 gpu_prepass_us=0 gpu_main_us=715 gpu_composite_us=0 gpu_blit_us=0
frust_shell_common::perf: frust-perf raw n=2360 total_us=3334 rebuild_us=148 layout_us=0 paint_us=71 encode_us=14 acquire_us=87 submit_us=3011 skipped=0 gpu_q=1 gpu_total_us=683 gpu_prepass_us=0 gpu_main_us=683 gpu_composite_us=0 gpu_blit_us=0
frust_shell_common::perf: frust-perf raw n=2361 total_us=3294 rebuild_us=269 layout_us=0 paint_us=89 encode_us=16 acquire_us=107 submit_us=2811 skipped=0 gpu_q=1 gpu_total_us=678 gpu_prepass_us=0 gpu_main_us=678 gpu_composite_us=0 gpu_blit_us=0
frust_shell_common::perf: frust-perf raw n=2362 total_us=3323 rebuild_us=189 layout_us=0 paint_us=90 encode_us=14 acquire_us=112 submit_us=2915 skipped=0 gpu_q=1 gpu_total_us=682 gpu_prepass_us=0 gpu_main_us=682 gpu_composite_us=0 gpu_blit_us=0
frust_shell_common::perf: frust-perf raw n=2363 total_us=3336 rebuild_us=185 layout_us=0 paint_us=85 encode_us=14 acquire_us=108 submit_us=2942 skipped=0 gpu_q=1 gpu_total_us=717 gpu_prepass_us=0 gpu_main_us=717 gpu_composite_us=0 gpu_blit_us=0
frust_shell_common::perf: frust-perf raw n=2364 total_us=3265 rebuild_us=180 layout_us=0 paint_us=85 encode_us=15 acquire_us=99 submit_us=2884 skipped=0 gpu_q=1 gpu_total_us=716 gpu_prepass_us=0 gpu_main_us=716 gpu_composite_us=0 gpu_blit_us=0
frust_shell_common::perf: frust-perf raw n=2365 total_us=3359 rebuild_us=180 layout_us=0 paint_us=87 encode_us=14 acquire_us=108 submit_us=2967 skipped=0 gpu_q=1 gpu_total_us=706 gpu_prepass_us=0 gpu_main_us=706 gpu_composite_us=0 gpu_blit_us=0
frust_shell_common::perf: frust-perf raw n=2366 total_us=3210 rebuild_us=186 layout_us=0 paint_us=84 encode_us=14 acquire_us=95 submit_us=2829 skipped=0 gpu_q=1 gpu_total_us=699 gpu_prepass_us=0 gpu_main_us=699 gpu_composite_us=0 gpu_blit_us=0
frust_shell_common::perf: frust-perf raw n=2367 total_us=3326 rebuild_us=190 layout_us=0 paint_us=87 encode_us=14 acquire_us=113 submit_us=2920 skipped=0 gpu_q=1 gpu_total_us=715 gpu_prepass_us=0 gpu_main_us=715 gpu_composite_us=0 gpu_blit_us=0
frust_shell_common::perf: frust-perf raw n=2368 total_us=3348 rebuild_us=185 layout_us=0 paint_us=95 encode_us=14 acquire_us=106 submit_us=2946 skipped=0 gpu_q=1 gpu_total_us=721 gpu_prepass_us=0 gpu_main_us=721 gpu_composite_us=0 gpu_blit_us=0
frust_shell_common::perf: frust-perf raw n=2369 total_us=3428 rebuild_us=184 layout_us=0 paint_us=89 encode_us=13 acquire_us=106 submit_us=3033 skipped=0 gpu_q=1 gpu_total_us=713 gpu_prepass_us=0 gpu_main_us=713 gpu_composite_us=0 gpu_blit_us=0
frust_shell_common::perf: frust-perf raw n=2370 total_us=3389 rebuild_us=171 layout_us=0 paint_us=84 encode_us=13 acquire_us=96 submit_us=3023 skipped=0 gpu_q=1 gpu_total_us=720 gpu_prepass_us=0 gpu_main_us=720 gpu_composite_us=0 gpu_blit_us=0
frust_shell_common::perf: frust-perf raw n=2371 total_us=3547 rebuild_us=277 layout_us=0 paint_us=100 encode_us=14 acquire_us=112 submit_us=3041 skipped=0 gpu_q=1 gpu_total_us=721 gpu_prepass_us=0 gpu_main_us=721 gpu_composite_us=0 gpu_blit_us=0
frust_shell_common::perf: frust-perf raw n=2372 total_us=3344 rebuild_us=178 layout_us=0 paint_us=87 encode_us=14 acquire_us=98 submit_us=2964 skipped=0 gpu_q=1 gpu_total_us=701 gpu_prepass_us=0 gpu_main_us=701 gpu_composite_us=0 gpu_blit_us=0
frust_shell_common::perf: frust-perf raw n=2373 total_us=3223 rebuild_us=181 layout_us=0 paint_us=86 encode_us=14 acquire_us=99 submit_us=2842 skipped=0 gpu_q=1 gpu_total_us=726 gpu_prepass_us=0 gpu_main_us=726 gpu_composite_us=0 gpu_blit_us=0
frust_shell_common::perf: frust-perf raw n=2374 total_us=3311 rebuild_us=182 layout_us=0 paint_us=88 encode_us=14 acquire_us=109 submit_us=2917 skipped=0 gpu_q=1 gpu_total_us=715 gpu_prepass_us=0 gpu_main_us=715 gpu_composite_us=0 gpu_blit_us=0
frust_shell_common::perf: frust-perf raw n=2375 total_us=3426 rebuild_us=190 layout_us=0 paint_us=88 encode_us=14 acquire_us=108 submit_us=3024 skipped=0 gpu_q=1 gpu_total_us=688 gpu_prepass_us=0 gpu_main_us=688 gpu_composite_us=0 gpu_blit_us=0
frust_shell_common::perf: frust-perf raw n=2376 total_us=3308 rebuild_us=191 layout_us=0 paint_us=92 encode_us=13 acquire_us=105 submit_us=2906 skipped=0 gpu_q=1 gpu_total_us=727 gpu_prepass_us=0 gpu_main_us=727 gpu_composite_us=0 gpu_blit_us=0
frust_shell_common::perf: frust-perf raw n=2377 total_us=3389 rebuild_us=186 layout_us=0 paint_us=185 encode_us=16 acquire_us=109 submit_us=2891 skipped=0 gpu_q=1 gpu_total_us=725 gpu_prepass_us=0 gpu_main_us=725 gpu_composite_us=0 gpu_blit_us=0
frust_shell_common::perf: frust-perf raw n=2378 total_us=3359 rebuild_us=276 layout_us=0 paint_us=88 encode_us=14 acquire_us=110 submit_us=2870 skipped=0 gpu_q=1 gpu_total_us=709 gpu_prepass_us=0 gpu_main_us=709 gpu_composite_us=0 gpu_blit_us=0
frust_shell_common::perf: frust-perf raw n=2379 total_us=3266 rebuild_us=189 layout_us=0 paint_us=86 encode_us=14 acquire_us=107 submit_us=2867 skipped=0 gpu_q=1 gpu_total_us=722 gpu_prepass_us=0 gpu_main_us=722 gpu_composite_us=0 gpu_blit_us=0
frust_shell_common::perf: frust-perf raw n=2380 total_us=3297 rebuild_us=194 layout_us=0 paint_us=88 encode_us=15 acquire_us=108 submit_us=2889 skipped=0 gpu_q=1 gpu_total_us=718 gpu_prepass_us=0 gpu_main_us=718 gpu_composite_us=0 gpu_blit_us=0
frust_shell_common::perf: frust-perf raw n=2381 total_us=3414 rebuild_us=183 layout_us=0 paint_us=88 encode_us=16 acquire_us=110 submit_us=3014 skipped=0 gpu_q=1 gpu_total_us=777 gpu_prepass_us=0 gpu_main_us=777 gpu_composite_us=0 gpu_blit_us=0
frust_shell_common::perf: frust-perf raw n=2382 total_us=3235 rebuild_us=180 layout_us=0 paint_us=86 encode_us=13 acquire_us=102 submit_us=2852 skipped=0 gpu_q=1 gpu_total_us=712 gpu_prepass_us=0 gpu_main_us=712 gpu_composite_us=0 gpu_blit_us=0
frust_shell_common::perf: frust-perf raw n=2383 total_us=3380 rebuild_us=179 layout_us=0 paint_us=86 encode_us=15 acquire_us=103 submit_us=2996 skipped=0 gpu_q=1 gpu_total_us=711 gpu_prepass_us=0 gpu_main_us=711 gpu_composite_us=0 gpu_blit_us=0
frust_shell_common::perf: frust-perf raw n=2384 total_us=3358 rebuild_us=189 layout_us=0 paint_us=88 encode_us=14 acquire_us=107 submit_us=2957 skipped=0 gpu_q=1 gpu_total_us=713 gpu_prepass_us=0 gpu_main_us=713 gpu_composite_us=0 gpu_blit_us=0
frust_shell_common::perf: frust-perf raw n=2385 total_us=3444 rebuild_us=182 layout_us=0 paint_us=89 encode_us=14 acquire_us=110 submit_us=3046 skipped=0 gpu_q=1 gpu_total_us=689 gpu_prepass_us=0 gpu_main_us=689 gpu_composite_us=0 gpu_blit_us=0
frust_shell_common::perf: frust-perf raw n=2386 total_us=6044 rebuild_us=190 layout_us=0 paint_us=85 encode_us=42 acquire_us=187 submit_us=5539 skipped=0 gpu_q=1 gpu_total_us=669 gpu_prepass_us=0 gpu_main_us=669 gpu_composite_us=0 gpu_blit_us=0
frust_shell_common::perf: frust-perf raw n=2387 total_us=5029 rebuild_us=155 layout_us=0 paint_us=78 encode_us=36 acquire_us=169 submit_us=4588 skipped=0 gpu_q=1 gpu_total_us=714 gpu_prepass_us=0 gpu_main_us=714 gpu_composite_us=0 gpu_blit_us=0
frust_shell_common::perf: frust-perf raw n=2388 total_us=3837 rebuild_us=105 layout_us=0 paint_us=50 encode_us=150 acquire_us=150 submit_us=3381 skipped=0 gpu_q=1 gpu_total_us=703 gpu_prepass_us=0 gpu_main_us=703 gpu_composite_us=0 gpu_blit_us=0
frust_shell_common::perf: frust-perf raw n=2389 total_us=3692 rebuild_us=98 layout_us=0 paint_us=43 encode_us=16 acquire_us=107 submit_us=3427 skipped=0 gpu_q=1 gpu_total_us=694 gpu_prepass_us=0 gpu_main_us=694 gpu_composite_us=0 gpu_blit_us=0
frust_shell_android::app::frame: frust-perf platform-view tail depth=0 target=0 acquire_bound=false frame=2400 expected_present_us=0 acquire_us=131 period_us=8235
frust_shell_common::perf: frust-perf raw n=2390 total_us=4375 rebuild_us=116 layout_us=0 paint_us=53 encode_us=20 acquire_us=117 submit_us=4066 skipped=0 gpu_q=1 gpu_total_us=668 gpu_prepass_us=0 gpu_main_us=668 gpu_composite_us=0 gpu_blit_us=0
frust_shell_common::perf: frust-perf raw n=2391 total_us=5133 rebuild_us=115 layout_us=0 paint_us=57 encode_us=19 acquire_us=117 submit_us=4823 skipped=0 gpu_q=1 gpu_total_us=682 gpu_prepass_us=0 gpu_main_us=682 gpu_composite_us=0 gpu_blit_us=0
frust_shell_common::perf: frust-perf raw n=2392 total_us=4467 rebuild_us=113 layout_us=0 paint_us=51 encode_us=22 acquire_us=139 submit_us=4140 skipped=0 gpu_q=1 gpu_total_us=708 gpu_prepass_us=0 gpu_main_us=708 gpu_composite_us=0 gpu_blit_us=0
frust_shell_common::perf: frust-perf raw n=2393 total_us=4203 rebuild_us=115 layout_us=0 paint_us=57 encode_us=26 acquire_us=123 submit_us=3880 skipped=0 gpu_q=1 gpu_total_us=682 gpu_prepass_us=0 gpu_main_us=682 gpu_composite_us=0 gpu_blit_us=0
frust_shell_common::perf: frust-perf raw n=2394 total_us=4407 rebuild_us=101 layout_us=0 paint_us=48 encode_us=22 acquire_us=105 submit_us=4129 skipped=0 gpu_q=1 gpu_total_us=665 gpu_prepass_us=0 gpu_main_us=665 gpu_composite_us=0 gpu_blit_us=0
frust_shell_common::perf: frust-perf raw n=2395 total_us=6098 rebuild_us=116 layout_us=0 paint_us=57 encode_us=26 acquire_us=225 submit_us=5672 skipped=0 gpu_q=1 gpu_total_us=661 gpu_prepass_us=0 gpu_main_us=661 gpu_composite_us=0 gpu_blit_us=0
frust_shell_common::perf: frust-perf raw n=2396 total_us=3353 rebuild_us=292 layout_us=0 paint_us=61 encode_us=17 acquire_us=143 submit_us=2838 skipped=0 gpu_q=1 gpu_total_us=670 gpu_prepass_us=0 gpu_main_us=670 gpu_composite_us=0 gpu_blit_us=0
frust_shell_common::perf: frust-perf raw n=2397 total_us=3383 rebuild_us=194 layout_us=0 paint_us=89 encode_us=13 acquire_us=116 submit_us=2969 skipped=0 gpu_q=1 gpu_total_us=668 gpu_prepass_us=0 gpu_main_us=668 gpu_composite_us=0 gpu_blit_us=0
frust_shell_common::perf: frust-perf raw n=2398 total_us=3322 rebuild_us=135 layout_us=0 paint_us=64 encode_us=16 acquire_us=106 submit_us=3000 skipped=0 gpu_q=1 gpu_total_us=668 gpu_prepass_us=0 gpu_main_us=668 gpu_composite_us=0 gpu_blit_us=0
frust_shell_common::perf: frust-perf raw n=2399 total_us=3273 rebuild_us=188 layout_us=0 paint_us=87 encode_us=13 acquire_us=110 submit_us=2872 skipped=0 gpu_q=1 gpu_total_us=662 gpu_prepass_us=0 gpu_main_us=662 gpu_composite_us=0 gpu_blit_us=0
frust_engine::renderer: frust-perf enc n=2400 w=60 validate_us=3.4 prepare_us=3.2 classify_us=12.2 admit_us=0.4 walk_us=501.9 glyphs_us=215.8 finish_us=2.5 compile_us=524.5 schedule_us=3.4 paints_us=14.1 instances_us=30.3 resize_us=3.2 upload_us=207.4 replay_us=0.3 pipelines_us=17.2 record_us=30.8 total_us=830.4 total_p95_us=1787.1 draws=46 strips=1073 alphas=28576 glyph_draws=36 atlas_glyphs=36
frust_shell_common::perf: frust-perf raw n=2400 total_us=3501 rebuild_us=183 layout_us=0 paint_us=85 encode_us=12 acquire_us=102 submit_us=3117 skipped=0 gpu_q=1 gpu_total_us=715 gpu_prepass_us=0 gpu_main_us=715 gpu_composite_us=0 gpu_blit_us=0
frust_shell_common::perf: frust-perf raw n=2401 total_us=3363 rebuild_us=191 layout_us=0 paint_us=95 encode_us=14 acquire_us=109 submit_us=2951 skipped=0 gpu_q=1 gpu_total_us=710 gpu_prepass_us=0 gpu_main_us=710 gpu_composite_us=0 gpu_blit_us=0
frust_shell_common::perf: frust-perf raw n=2402 total_us=3358 rebuild_us=192 layout_us=0 paint_us=87 encode_us=13 acquire_us=108 submit_us=2954 skipped=0 gpu_q=1 gpu_total_us=697 gpu_prepass_us=0 gpu_main_us=697 gpu_composite_us=0 gpu_blit_us=0
frust_shell_common::perf: frust-perf raw n=2403 total_us=3392 rebuild_us=189 layout_us=0 paint_us=89 encode_us=15 acquire_us=111 submit_us=2985 skipped=0 gpu_q=1 gpu_total_us=705 gpu_prepass_us=0 gpu_main_us=705 gpu_composite_us=0 gpu_blit_us=0
frust_shell_common::perf: frust-perf raw n=2404 total_us=3377 rebuild_us=180 layout_us=0 paint_us=88 encode_us=13 acquire_us=100 submit_us=2993 skipped=0 gpu_q=1 gpu_total_us=729 gpu_prepass_us=0 gpu_main_us=729 gpu_composite_us=0 gpu_blit_us=0
frust_shell_common::perf: frust-perf raw n=2405 total_us=5767 rebuild_us=181 layout_us=0 paint_us=83 encode_us=36 acquire_us=167 submit_us=5298 skipped=0 gpu_q=1 gpu_total_us=707 gpu_prepass_us=0 gpu_main_us=707 gpu_composite_us=0 gpu_blit_us=0
frust_shell_common::perf: frust-perf raw n=2406 total_us=3777 rebuild_us=104 layout_us=0 paint_us=50 encode_us=20 acquire_us=96 submit_us=3505 skipped=0 gpu_q=1 gpu_total_us=684 gpu_prepass_us=0 gpu_main_us=684 gpu_composite_us=0 gpu_blit_us=0
frust_shell_common::perf: frust-perf raw n=2407 total_us=4096 rebuild_us=109 layout_us=0 paint_us=53 encode_us=26 acquire_us=109 submit_us=3796 skipped=0 gpu_q=1 gpu_total_us=694 gpu_prepass_us=0 gpu_main_us=694 gpu_composite_us=0 gpu_blit_us=0
frust_shell_common::perf: frust-perf raw n=2408 total_us=5684 rebuild_us=123 layout_us=0 paint_us=58 encode_us=28 acquire_us=136 submit_us=5336 skipped=0 gpu_q=1 gpu_total_us=692 gpu_prepass_us=0 gpu_main_us=692 gpu_composite_us=0 gpu_blit_us=0
frust_shell_common::perf: frust-perf raw n=2409 total_us=5949 rebuild_us=134 layout_us=0 paint_us=66 encode_us=33 acquire_us=155 submit_us=5559 skipped=0 gpu_q=1 gpu_total_us=664 gpu_prepass_us=0 gpu_main_us=664 gpu_composite_us=0 gpu_blit_us=0
frust_shell_common::perf: frust-perf raw n=2410 total_us=3938 rebuild_us=96 layout_us=0 paint_us=49 encode_us=24 acquire_us=104 submit_us=3663 skipped=0 gpu_q=1 gpu_total_us=694 gpu_prepass_us=0 gpu_main_us=694 gpu_composite_us=0 gpu_blit_us=0
frust_shell_common::perf: frust-perf raw n=2411 total_us=4489 rebuild_us=116 layout_us=0 paint_us=53 encode_us=25 acquire_us=115 submit_us=4178 skipped=0 gpu_q=1 gpu_total_us=684 gpu_prepass_us=0 gpu_main_us=684 gpu_composite_us=0 gpu_blit_us=0
frust_shell_common::perf: frust-perf raw n=2412 total_us=5947 rebuild_us=122 layout_us=0 paint_us=62 encode_us=32 acquire_us=228 submit_us=5501 skipped=0 gpu_q=1 gpu_total_us=673 gpu_prepass_us=0 gpu_main_us=673 gpu_composite_us=0 gpu_blit_us=0
frust_shell_common::perf: frust-perf raw n=2413 total_us=6014 rebuild_us=124 layout_us=0 paint_us=64 encode_us=31 acquire_us=142 submit_us=5650 skipped=0 gpu_q=1 gpu_total_us=667 gpu_prepass_us=0 gpu_main_us=667 gpu_composite_us=0 gpu_blit_us=0
frust_shell_common::perf: frust-perf raw n=2414 total_us=4299 rebuild_us=107 layout_us=0 paint_us=51 encode_us=33 acquire_us=132 submit_us=3973 skipped=0 gpu_q=1 gpu_total_us=675 gpu_prepass_us=0 gpu_main_us=675 gpu_composite_us=0 gpu_blit_us=0
frust_shell_common::perf: frust-perf raw n=2415 total_us=3982 rebuild_us=90 layout_us=0 paint_us=48 encode_us=19 acquire_us=409 submit_us=3414 skipped=0 gpu_q=1 gpu_total_us=670 gpu_prepass_us=0 gpu_main_us=670 gpu_composite_us=0 gpu_blit_us=0
frust_shell_common::perf: frust-perf raw n=2416 total_us=2515 rebuild_us=110 layout_us=0 paint_us=51 encode_us=19 acquire_us=129 submit_us=2204 skipped=0 gpu_q=1 gpu_total_us=667 gpu_prepass_us=0 gpu_main_us=667 gpu_composite_us=0 gpu_blit_us=0
frust_shell_common::perf: frust-perf raw n=2417 total_us=2452 rebuild_us=132 layout_us=0 paint_us=62 encode_us=13 acquire_us=87 submit_us=2156 skipped=0 gpu_q=1 gpu_total_us=669 gpu_prepass_us=0 gpu_main_us=669 gpu_composite_us=0 gpu_blit_us=0
frust_shell_common::perf: frust-perf raw n=2418 total_us=2424 rebuild_us=130 layout_us=0 paint_us=59 encode_us=12 acquire_us=84 submit_us=2136 skipped=0 gpu_q=1 gpu_total_us=664 gpu_prepass_us=0 gpu_main_us=664 gpu_composite_us=0 gpu_blit_us=0
frust_shell_common::perf: frust-perf raw n=2419 total_us=2380 rebuild_us=125 layout_us=0 paint_us=60 encode_us=13 acquire_us=92 submit_us=2088 skipped=0 gpu_q=1 gpu_total_us=699 gpu_prepass_us=0 gpu_main_us=699 gpu_composite_us=0 gpu_blit_us=0
frust_shell_common::perf: frust-perf raw n=2420 total_us=2619 rebuild_us=129 layout_us=0 paint_us=58 encode_us=12 acquire_us=86 submit_us=2332 skipped=0 gpu_q=1 gpu_total_us=756 gpu_prepass_us=0 gpu_main_us=756 gpu_composite_us=0 gpu_blit_us=0
frust_shell_common::perf: frust-perf raw n=2421 total_us=5660 rebuild_us=137 layout_us=0 paint_us=60 encode_us=43 acquire_us=184 submit_us=5234 skipped=0 gpu_q=1 gpu_total_us=737 gpu_prepass_us=0 gpu_main_us=737 gpu_composite_us=0 gpu_blit_us=0
frust_shell_common::perf: frust-perf raw n=2422 total_us=3611 rebuild_us=146 layout_us=0 paint_us=67 encode_us=20 acquire_us=153 submit_us=3222 skipped=0 gpu_q=1 gpu_total_us=691 gpu_prepass_us=0 gpu_main_us=691 gpu_composite_us=0 gpu_blit_us=0
frust_shell_common::perf: frust-perf raw n=2423 total_us=3334 rebuild_us=159 layout_us=0 paint_us=76 encode_us=15 acquire_us=94 submit_us=2988 skipped=0 gpu_q=1 gpu_total_us=719 gpu_prepass_us=0 gpu_main_us=719 gpu_composite_us=0 gpu_blit_us=0
frust_shell_common::perf: frust-perf raw n=2424 total_us=3519 rebuild_us=177 layout_us=0 paint_us=85 encode_us=17 acquire_us=103 submit_us=3135 skipped=0 gpu_q=1 gpu_total_us=714 gpu_prepass_us=0 gpu_main_us=714 gpu_composite_us=0 gpu_blit_us=0
frust_shell_common::perf: frust-perf raw n=2425 total_us=3425 rebuild_us=186 layout_us=0 paint_us=90 encode_us=13 acquire_us=105 submit_us=3029 skipped=0 gpu_q=1 gpu_total_us=667 gpu_prepass_us=0 gpu_main_us=667 gpu_composite_us=0 gpu_blit_us=0
frust_shell_common::perf: frust-perf raw n=2426 total_us=3481 rebuild_us=191 layout_us=0 paint_us=86 encode_us=14 acquire_us=105 submit_us=3082 skipped=0 gpu_q=1 gpu_total_us=727 gpu_prepass_us=0 gpu_main_us=727 gpu_composite_us=0 gpu_blit_us=0
frust_shell_common::perf: frust-perf raw n=2427 total_us=3434 rebuild_us=192 layout_us=0 paint_us=94 encode_us=16 acquire_us=106 submit_us=3024 skipped=0 gpu_q=1 gpu_total_us=704 gpu_prepass_us=0 gpu_main_us=704 gpu_composite_us=0 gpu_blit_us=0
frust_shell_common::perf: frust-perf raw n=2428 total_us=3366 rebuild_us=188 layout_us=0 paint_us=88 encode_us=58 acquire_us=106 submit_us=2924 skipped=0 gpu_q=1 gpu_total_us=692 gpu_prepass_us=0 gpu_main_us=692 gpu_composite_us=0 gpu_blit_us=0
frust_shell_common::perf: frust-perf raw n=2429 total_us=3459 rebuild_us=303 layout_us=0 paint_us=95 encode_us=15 acquire_us=109 submit_us=2935 skipped=0 gpu_q=1 gpu_total_us=734 gpu_prepass_us=0 gpu_main_us=734 gpu_composite_us=0 gpu_blit_us=0
frust_shell_common::perf: frust-perf raw n=2430 total_us=3174 rebuild_us=205 layout_us=0 paint_us=90 encode_us=15 acquire_us=99 submit_us=2762 skipped=0 gpu_q=1 gpu_total_us=746 gpu_prepass_us=0 gpu_main_us=746 gpu_composite_us=0 gpu_blit_us=0
frust_shell_common::perf: frust-perf raw n=2431 total_us=3305 rebuild_us=195 layout_us=0 paint_us=91 encode_us=15 acquire_us=109 submit_us=2892 skipped=0 gpu_q=1 gpu_total_us=738 gpu_prepass_us=0 gpu_main_us=738 gpu_composite_us=0 gpu_blit_us=0
frust_shell_common::perf: frust-perf raw n=2432 total_us=3459 rebuild_us=183 layout_us=0 paint_us=87 encode_us=20 acquire_us=108 submit_us=3059 skipped=0 gpu_q=1 gpu_total_us=735 gpu_prepass_us=0 gpu_main_us=735 gpu_composite_us=0 gpu_blit_us=0
frust_shell_common::perf: frust-perf raw n=2433 total_us=3407 rebuild_us=186 layout_us=0 paint_us=99 encode_us=13 acquire_us=105 submit_us=3002 skipped=0 gpu_q=1 gpu_total_us=744 gpu_prepass_us=0 gpu_main_us=744 gpu_composite_us=0 gpu_blit_us=0
frust_shell_common::perf: frust-perf raw n=2434 total_us=3332 rebuild_us=177 layout_us=0 paint_us=85 encode_us=16 acquire_us=110 submit_us=2940 skipped=0 gpu_q=1 gpu_total_us=744 gpu_prepass_us=0 gpu_main_us=744 gpu_composite_us=0 gpu_blit_us=0
frust_shell_common::perf: frust-perf raw n=2435 total_us=3301 rebuild_us=187 layout_us=0 paint_us=86 encode_us=15 acquire_us=109 submit_us=2902 skipped=0 gpu_q=1 gpu_total_us=741 gpu_prepass_us=0 gpu_main_us=741 gpu_composite_us=0 gpu_blit_us=0
frust_shell_common::perf: frust-perf raw n=2436 total_us=3399 rebuild_us=185 layout_us=0 paint_us=89 encode_us=17 acquire_us=115 submit_us=2991 skipped=0 gpu_q=1 gpu_total_us=746 gpu_prepass_us=0 gpu_main_us=746 gpu_composite_us=0 gpu_blit_us=0
frust_shell_common::perf: frust-perf raw n=2437 total_us=3416 rebuild_us=184 layout_us=0 paint_us=94 encode_us=15 acquire_us=109 submit_us=3012 skipped=0 gpu_q=1 gpu_total_us=717 gpu_prepass_us=0 gpu_main_us=717 gpu_composite_us=0 gpu_blit_us=0
frust_shell_common::perf: frust-perf raw n=2438 total_us=3315 rebuild_us=187 layout_us=0 paint_us=88 encode_us=15 acquire_us=104 submit_us=2920 skipped=0 gpu_q=1 gpu_total_us=747 gpu_prepass_us=0 gpu_main_us=747 gpu_composite_us=0 gpu_blit_us=0
frust_shell_common::perf: frust-perf raw n=2439 total_us=3447 rebuild_us=201 layout_us=0 paint_us=94 encode_us=16 acquire_us=116 submit_us=3018 skipped=0 gpu_q=1 gpu_total_us=749 gpu_prepass_us=0 gpu_main_us=749 gpu_composite_us=0 gpu_blit_us=0
frust_shell_common::perf: frust-perf raw n=2440 total_us=3448 rebuild_us=202 layout_us=0 paint_us=93 encode_us=14 acquire_us=112 submit_us=3024 skipped=0 gpu_q=1 gpu_total_us=728 gpu_prepass_us=0 gpu_main_us=728 gpu_composite_us=0 gpu_blit_us=0
frust_shell_common::perf: frust-perf raw n=2441 total_us=3424 rebuild_us=195 layout_us=0 paint_us=91 encode_us=15 acquire_us=108 submit_us=3013 skipped=0 gpu_q=1 gpu_total_us=739 gpu_prepass_us=0 gpu_main_us=739 gpu_composite_us=0 gpu_blit_us=0
frust_shell_common::perf: frust-perf raw n=2442 total_us=3403 rebuild_us=187 layout_us=0 paint_us=90 encode_us=12 acquire_us=104 submit_us=3008 skipped=0 gpu_q=1 gpu_total_us=724 gpu_prepass_us=0 gpu_main_us=724 gpu_composite_us=0 gpu_blit_us=0
frust_shell_common::perf: frust-perf raw n=2443 total_us=3401 rebuild_us=196 layout_us=0 paint_us=89 encode_us=16 acquire_us=112 submit_us=2986 skipped=0 gpu_q=1 gpu_total_us=741 gpu_prepass_us=0 gpu_main_us=741 gpu_composite_us=0 gpu_blit_us=0
frust_shell_common::perf: frust-perf raw n=2444 total_us=3357 rebuild_us=193 layout_us=0 paint_us=92 encode_us=13 acquire_us=100 submit_us=2958 skipped=0 gpu_q=1 gpu_total_us=738 gpu_prepass_us=0 gpu_main_us=738 gpu_composite_us=0 gpu_blit_us=0
frust_shell_common::perf: frust-perf raw n=2445 total_us=3314 rebuild_us=183 layout_us=0 paint_us=85 encode_us=16 acquire_us=113 submit_us=2914 skipped=0 gpu_q=1 gpu_total_us=760 gpu_prepass_us=0 gpu_main_us=760 gpu_composite_us=0 gpu_blit_us=0
frust_shell_common::perf: frust-perf raw n=2446 total_us=3410 rebuild_us=249 layout_us=0 paint_us=89 encode_us=14 acquire_us=103 submit_us=2951 skipped=0 gpu_q=1 gpu_total_us=730 gpu_prepass_us=0 gpu_main_us=730 gpu_composite_us=0 gpu_blit_us=0
frust_shell_common::perf: frust-perf raw n=2447 total_us=3289 rebuild_us=186 layout_us=0 paint_us=90 encode_us=14 acquire_us=109 submit_us=2888 skipped=0 gpu_q=1 gpu_total_us=739 gpu_prepass_us=0 gpu_main_us=739 gpu_composite_us=0 gpu_blit_us=0
frust_shell_common::perf: frust-perf raw n=2448 total_us=3260 rebuild_us=186 layout_us=0 paint_us=85 encode_us=13 acquire_us=105 submit_us=2868 skipped=0 gpu_q=1 gpu_total_us=739 gpu_prepass_us=0 gpu_main_us=739 gpu_composite_us=0 gpu_blit_us=0
frust_shell_common::perf: frust-perf raw n=2449 total_us=3512 rebuild_us=187 layout_us=0 paint_us=89 encode_us=17 acquire_us=115 submit_us=3101 skipped=0 gpu_q=1 gpu_total_us=724 gpu_prepass_us=0 gpu_main_us=724 gpu_composite_us=0 gpu_blit_us=0
frust_shell_common::perf: frust-perf raw n=2450 total_us=3327 rebuild_us=168 layout_us=0 paint_us=77 encode_us=13 acquire_us=101 submit_us=2965 skipped=0 gpu_q=1 gpu_total_us=744 gpu_prepass_us=0 gpu_main_us=744 gpu_composite_us=0 gpu_blit_us=0
frust_shell_common::perf: frust-perf raw n=2451 total_us=3383 rebuild_us=185 layout_us=0 paint_us=87 encode_us=16 acquire_us=104 submit_us=2989 skipped=0 gpu_q=1 gpu_total_us=736 gpu_prepass_us=0 gpu_main_us=736 gpu_composite_us=0 gpu_blit_us=0
frust_shell_common::perf: frust-perf raw n=2452 total_us=7184 rebuild_us=196 layout_us=0 paint_us=90 encode_us=40 acquire_us=183 submit_us=6673 skipped=0 gpu_q=1 gpu_total_us=736 gpu_prepass_us=0 gpu_main_us=736 gpu_composite_us=0 gpu_blit_us=0
frust_shell_common::perf: frust-perf raw n=2453 total_us=5662 rebuild_us=181 layout_us=0 paint_us=76 encode_us=33 acquire_us=172 submit_us=5197 skipped=0 gpu_q=1 gpu_total_us=734 gpu_prepass_us=0 gpu_main_us=734 gpu_composite_us=0 gpu_blit_us=0
frust_shell_common::perf: frust-perf raw n=2454 total_us=4681 rebuild_us=121 layout_us=0 paint_us=57 encode_us=27 acquire_us=131 submit_us=4344 skipped=0 gpu_q=1 gpu_total_us=762 gpu_prepass_us=0 gpu_main_us=762 gpu_composite_us=0 gpu_blit_us=0
frust_shell_common::perf: frust-perf raw n=2455 total_us=4106 rebuild_us=118 layout_us=0 paint_us=54 encode_us=26 acquire_us=119 submit_us=3785 skipped=0 gpu_q=1 gpu_total_us=727 gpu_prepass_us=0 gpu_main_us=727 gpu_composite_us=0 gpu_blit_us=0
frust_shell_common::perf: frust-perf raw n=2456 total_us=3976 rebuild_us=99 layout_us=0 paint_us=47 encode_us=20 acquire_us=113 submit_us=3694 skipped=0 gpu_q=1 gpu_total_us=703 gpu_prepass_us=0 gpu_main_us=703 gpu_composite_us=0 gpu_blit_us=0
frust_shell_common::perf: frust-perf raw n=2457 total_us=4406 rebuild_us=116 layout_us=0 paint_us=58 encode_us=22 acquire_us=122 submit_us=4086 skipped=0 gpu_q=1 gpu_total_us=710 gpu_prepass_us=0 gpu_main_us=710 gpu_composite_us=0 gpu_blit_us=0
frust_shell_common::perf: frust-perf raw n=2458 total_us=5215 rebuild_us=119 layout_us=0 paint_us=55 encode_us=26 acquire_us=129 submit_us=4884 skipped=0 gpu_q=1 gpu_total_us=709 gpu_prepass_us=0 gpu_main_us=709 gpu_composite_us=0 gpu_blit_us=0
frust_shell_common::perf: frust-perf raw n=2459 total_us=3652 rebuild_us=111 layout_us=0 paint_us=59 encode_us=21 acquire_us=166 submit_us=3293 skipped=0 gpu_q=1 gpu_total_us=718 gpu_prepass_us=0 gpu_main_us=718 gpu_composite_us=0 gpu_blit_us=0
frust_engine::renderer: frust-perf enc n=2460 w=60 validate_us=3.5 prepare_us=3.4 classify_us=12.4 admit_us=0.4 walk_us=505.5 glyphs_us=216.7 finish_us=2.4 compile_us=528.2 schedule_us=3.6 paints_us=14.0 instances_us=30.5 resize_us=3.0 upload_us=207.5 replay_us=0.3 pipelines_us=18.2 record_us=30.9 total_us=833.3 total_p95_us=1675.9 draws=46 strips=1073 alphas=28576 glyph_draws=36 atlas_glyphs=36
frust_shell_common::perf: frust-perf raw n=2460 total_us=5834 rebuild_us=180 layout_us=0 paint_us=86 encode_us=35 acquire_us=161 submit_us=5369 skipped=0 gpu_q=1 gpu_total_us=767 gpu_prepass_us=0 gpu_main_us=767 gpu_composite_us=0 gpu_blit_us=0
frust_shell_common::perf: frust-perf raw n=2461 total_us=3326 rebuild_us=144 layout_us=0 paint_us=70 encode_us=20 acquire_us=161 submit_us=2928 skipped=0 gpu_q=1 gpu_total_us=721 gpu_prepass_us=0 gpu_main_us=721 gpu_composite_us=0 gpu_blit_us=0
frust_shell_common::perf: frust-perf raw n=2462 total_us=3598 rebuild_us=177 layout_us=0 paint_us=80 encode_us=14 acquire_us=167 submit_us=3158 skipped=0 gpu_q=1 gpu_total_us=744 gpu_prepass_us=0 gpu_main_us=744 gpu_composite_us=0 gpu_blit_us=0
frust_shell_common::perf: frust-perf raw n=2463 total_us=3330 rebuild_us=209 layout_us=0 paint_us=94 encode_us=21 acquire_us=118 submit_us=2885 skipped=0 gpu_q=1 gpu_total_us=771 gpu_prepass_us=0 gpu_main_us=771 gpu_composite_us=0 gpu_blit_us=0
frust_shell_common::perf: frust-perf raw n=2464 total_us=3308 rebuild_us=188 layout_us=0 paint_us=91 encode_us=16 acquire_us=104 submit_us=2906 skipped=0 gpu_q=1 gpu_total_us=723 gpu_prepass_us=0 gpu_main_us=723 gpu_composite_us=0 gpu_blit_us=0
frust_shell_common::perf: frust-perf raw n=2465 total_us=3317 rebuild_us=190 layout_us=0 paint_us=87 encode_us=16 acquire_us=109 submit_us=2912 skipped=0 gpu_q=1 gpu_total_us=741 gpu_prepass_us=0 gpu_main_us=741 gpu_composite_us=0 gpu_blit_us=0
frust_shell_common::perf: frust-perf raw n=2466 total_us=3376 rebuild_us=197 layout_us=0 paint_us=90 encode_us=17 acquire_us=106 submit_us=2964 skipped=0 gpu_q=1 gpu_total_us=783 gpu_prepass_us=0 gpu_main_us=783 gpu_composite_us=0 gpu_blit_us=0
frust_shell_common::perf: frust-perf raw n=2467 total_us=3198 rebuild_us=184 layout_us=0 paint_us=87 encode_us=17 acquire_us=99 submit_us=2810 skipped=0 gpu_q=1 gpu_total_us=779 gpu_prepass_us=0 gpu_main_us=779 gpu_composite_us=0 gpu_blit_us=0
frust_shell_common::perf: frust-perf raw n=2468 total_us=3383 rebuild_us=196 layout_us=0 paint_us=91 encode_us=16 acquire_us=107 submit_us=2970 skipped=0 gpu_q=1 gpu_total_us=757 gpu_prepass_us=0 gpu_main_us=757 gpu_composite_us=0 gpu_blit_us=0
frust_shell_common::perf: frust-perf raw n=2469 total_us=3318 rebuild_us=188 layout_us=0 paint_us=91 encode_us=16 acquire_us=113 submit_us=2907 skipped=0 gpu_q=1 gpu_total_us=754 gpu_prepass_us=0 gpu_main_us=754 gpu_composite_us=0 gpu_blit_us=0
frust_shell_common::perf: frust-perf raw n=2470 total_us=3333 rebuild_us=196 layout_us=0 paint_us=88 encode_us=14 acquire_us=102 submit_us=2931 skipped=0 gpu_q=1 gpu_total_us=774 gpu_prepass_us=0 gpu_main_us=774 gpu_composite_us=0 gpu_blit_us=0
frust_shell_common::perf: frust-perf raw n=2471 total_us=3408 rebuild_us=182 layout_us=0 paint_us=88 encode_us=13 acquire_us=107 submit_us=3016 skipped=0 gpu_q=1 gpu_total_us=760 gpu_prepass_us=0 gpu_main_us=760 gpu_composite_us=0 gpu_blit_us=0
frust_shell_common::perf: frust-perf raw n=2472 total_us=3387 rebuild_us=192 layout_us=0 paint_us=88 encode_us=15 acquire_us=103 submit_us=2986 skipped=0 gpu_q=1 gpu_total_us=787 gpu_prepass_us=0 gpu_main_us=787 gpu_composite_us=0 gpu_blit_us=0
frust_shell_common::perf: frust-perf raw n=2473 total_us=3343 rebuild_us=187 layout_us=0 paint_us=86 encode_us=14 acquire_us=105 submit_us=2948 skipped=0 gpu_q=1 gpu_total_us=762 gpu_prepass_us=0 gpu_main_us=762 gpu_composite_us=0 gpu_blit_us=0
frust_shell_common::perf: frust-perf raw n=2474 total_us=3429 rebuild_us=194 layout_us=0 paint_us=95 encode_us=16 acquire_us=103 submit_us=3019 skipped=0 gpu_q=1 gpu_total_us=740 gpu_prepass_us=0 gpu_main_us=740 gpu_composite_us=0 gpu_blit_us=0
frust_shell_common::perf: frust-perf raw n=2475 total_us=3512 rebuild_us=216 layout_us=0 paint_us=101 encode_us=14 acquire_us=118 submit_us=3060 skipped=0 gpu_q=1 gpu_total_us=772 gpu_prepass_us=0 gpu_main_us=772 gpu_composite_us=0 gpu_blit_us=0
frust_shell_common::perf: frust-perf raw n=2476 total_us=3246 rebuild_us=191 layout_us=0 paint_us=94 encode_us=14 acquire_us=96 submit_us=2848 skipped=0 gpu_q=1 gpu_total_us=764 gpu_prepass_us=0 gpu_main_us=764 gpu_composite_us=0 gpu_blit_us=0
frust_shell_common::perf: frust-perf raw n=2477 total_us=3233 rebuild_us=178 layout_us=0 paint_us=91 encode_us=12 acquire_us=95 submit_us=2855 skipped=0 gpu_q=1 gpu_total_us=742 gpu_prepass_us=0 gpu_main_us=742 gpu_composite_us=0 gpu_blit_us=0
frust_shell_common::perf: frust-perf raw n=2478 total_us=5915 rebuild_us=183 layout_us=0 paint_us=86 encode_us=36 acquire_us=214 submit_us=5393 skipped=0 gpu_q=1 gpu_total_us=775 gpu_prepass_us=0 gpu_main_us=775 gpu_composite_us=0 gpu_blit_us=0
frust_shell_common::perf: frust-perf raw n=2479 total_us=4257 rebuild_us=116 layout_us=0 paint_us=58 encode_us=24 acquire_us=108 submit_us=3948 skipped=0 gpu_q=1 gpu_total_us=734 gpu_prepass_us=0 gpu_main_us=734 gpu_composite_us=0 gpu_blit_us=0
frust_shell_common::perf: frust-perf raw n=2480 total_us=3610 rebuild_us=94 layout_us=0 paint_us=47 encode_us=19 acquire_us=107 submit_us=3341 skipped=0 gpu_q=1 gpu_total_us=771 gpu_prepass_us=0 gpu_main_us=771 gpu_composite_us=0 gpu_blit_us=0
frust_shell_common::perf: frust-perf raw n=2481 total_us=3977 rebuild_us=110 layout_us=0 paint_us=91 encode_us=21 acquire_us=105 submit_us=3648 skipped=0 gpu_q=1 gpu_total_us=775 gpu_prepass_us=0 gpu_main_us=775 gpu_composite_us=0 gpu_blit_us=0
frust_shell_common::perf: frust-perf raw n=2482 total_us=5902 rebuild_us=126 layout_us=0 paint_us=58 encode_us=27 acquire_us=124 submit_us=5564 skipped=0 gpu_q=1 gpu_total_us=734 gpu_prepass_us=0 gpu_main_us=734 gpu_composite_us=0 gpu_blit_us=0
frust_shell_common::perf: frust-perf raw n=2483 total_us=6072 rebuild_us=158 layout_us=0 paint_us=73 encode_us=38 acquire_us=161 submit_us=5640 skipped=0 gpu_q=1 gpu_total_us=730 gpu_prepass_us=0 gpu_main_us=730 gpu_composite_us=0 gpu_blit_us=0
frust_shell_common::perf: frust-perf raw n=2484 total_us=4520 rebuild_us=116 layout_us=0 paint_us=54 encode_us=28 acquire_us=124 submit_us=4195 skipped=0 gpu_q=1 gpu_total_us=753 gpu_prepass_us=0 gpu_main_us=753 gpu_composite_us=0 gpu_blit_us=0
frust_shell_common::perf: frust-perf raw n=2485 total_us=4059 rebuild_us=104 layout_us=0 paint_us=48 encode_us=23 acquire_us=113 submit_us=3769 skipped=0 gpu_q=1 gpu_total_us=771 gpu_prepass_us=0 gpu_main_us=771 gpu_composite_us=0 gpu_blit_us=0
frust_shell_common::perf: frust-perf raw n=2486 total_us=4455 rebuild_us=117 layout_us=0 paint_us=53 encode_us=24 acquire_us=124 submit_us=4134 skipped=0 gpu_q=1 gpu_total_us=730 gpu_prepass_us=0 gpu_main_us=730 gpu_composite_us=0 gpu_blit_us=0
frust_shell_common::perf: frust-perf raw n=2487 total_us=4511 rebuild_us=110 layout_us=0 paint_us=55 encode_us=22 acquire_us=115 submit_us=4206 skipped=0 gpu_q=1 gpu_total_us=719 gpu_prepass_us=0 gpu_main_us=719 gpu_composite_us=0 gpu_blit_us=0
frust_shell_common::perf: frust-perf raw n=2488 total_us=4573 rebuild_us=111 layout_us=0 paint_us=50 encode_us=27 acquire_us=120 submit_us=4264 skipped=0 gpu_q=1 gpu_total_us=725 gpu_prepass_us=0 gpu_main_us=725 gpu_composite_us=0 gpu_blit_us=0
frust_shell_common::perf: frust-perf raw n=2489 total_us=5510 rebuild_us=120 layout_us=0 paint_us=52 encode_us=26 acquire_us=137 submit_us=5172 skipped=0 gpu_q=1 gpu_total_us=783 gpu_prepass_us=0 gpu_main_us=783 gpu_composite_us=0 gpu_blit_us=0
frust_shell_common::perf: frust-perf raw n=2490 total_us=4171 rebuild_us=103 layout_us=0 paint_us=48 encode_us=24 acquire_us=111 submit_us=3883 skipped=0 gpu_q=1 gpu_total_us=718 gpu_prepass_us=0 gpu_main_us=718 gpu_composite_us=0 gpu_blit_us=0
frust_shell_common::perf: frust-perf raw n=2491 total_us=5152 rebuild_us=113 layout_us=0 paint_us=51 encode_us=25 acquire_us=114 submit_us=4847 skipped=0 gpu_q=1 gpu_total_us=691 gpu_prepass_us=0 gpu_main_us=691 gpu_composite_us=0 gpu_blit_us=0
frust_shell_common::perf: frust-perf raw n=2492 total_us=6178 rebuild_us=122 layout_us=0 paint_us=58 encode_us=24 acquire_us=164 submit_us=5808 skipped=0 gpu_q=1 gpu_total_us=687 gpu_prepass_us=0 gpu_main_us=687 gpu_composite_us=0 gpu_blit_us=0
frust_shell_common::perf: frust-perf raw n=2493 total_us=4601 rebuild_us=123 layout_us=0 paint_us=61 encode_us=31 acquire_us=137 submit_us=4247 skipped=0 gpu_q=1 gpu_total_us=692 gpu_prepass_us=0 gpu_main_us=692 gpu_composite_us=0 gpu_blit_us=0
frust_shell_common::perf: frust-perf raw n=2494 total_us=5522 rebuild_us=131 layout_us=0 paint_us=61 encode_us=29 acquire_us=129 submit_us=5170 skipped=0 gpu_q=1 gpu_total_us=714 gpu_prepass_us=0 gpu_main_us=714 gpu_composite_us=0 gpu_blit_us=0
frust_shell_common::perf: frust-perf raw n=2495 total_us=5399 rebuild_us=108 layout_us=0 paint_us=54 encode_us=21 acquire_us=124 submit_us=5091 skipped=0 gpu_q=1 gpu_total_us=689 gpu_prepass_us=0 gpu_main_us=689 gpu_composite_us=0 gpu_blit_us=0
frust_shell_common::perf: frust-perf raw n=2496 total_us=5574 rebuild_us=121 layout_us=0 paint_us=55 encode_us=26 acquire_us=130 submit_us=5240 skipped=0 gpu_q=1 gpu_total_us=693 gpu_prepass_us=0 gpu_main_us=693 gpu_composite_us=0 gpu_blit_us=0
frust_shell_common::perf: frust-perf raw n=2497 total_us=4603 rebuild_us=109 layout_us=0 paint_us=55 encode_us=21 acquire_us=170 submit_us=4244 skipped=0 gpu_q=1 gpu_total_us=689 gpu_prepass_us=0 gpu_main_us=689 gpu_composite_us=0 gpu_blit_us=0
frust_shell_common::perf: frust-perf raw n=2498 total_us=5647 rebuild_us=177 layout_us=0 paint_us=122 encode_us=30 acquire_us=139 submit_us=5177 skipped=0 gpu_q=1 gpu_total_us=699 gpu_prepass_us=0 gpu_main_us=699 gpu_composite_us=0 gpu_blit_us=0
frust_shell_common::perf: frust-perf raw n=2499 total_us=4468 rebuild_us=115 layout_us=0 paint_us=58 encode_us=25 acquire_us=122 submit_us=4146 skipped=0 gpu_q=1 gpu_total_us=685 gpu_prepass_us=0 gpu_main_us=685 gpu_composite_us=0 gpu_blit_us=0
frust_shell_common::perf: frust-perf raw n=2500 total_us=3275 rebuild_us=114 layout_us=0 paint_us=57 encode_us=21 acquire_us=164 submit_us=2917 skipped=0 gpu_q=1 gpu_total_us=687 gpu_prepass_us=0 gpu_main_us=687 gpu_composite_us=0 gpu_blit_us=0
frust_shell_common::perf: frust-perf raw n=2501 total_us=6570 rebuild_us=204 layout_us=0 paint_us=96 encode_us=44 acquire_us=227 submit_us=5995 skipped=0 gpu_q=1 gpu_total_us=691 gpu_prepass_us=0 gpu_main_us=691 gpu_composite_us=0 gpu_blit_us=0
frust_shell_common::perf: frust-perf raw n=2502 total_us=4227 rebuild_us=122 layout_us=0 paint_us=58 encode_us=23 acquire_us=120 submit_us=3902 skipped=0 gpu_q=1 gpu_total_us=699 gpu_prepass_us=0 gpu_main_us=699 gpu_composite_us=0 gpu_blit_us=0
frust_shell_common::perf: frust-perf raw n=2503 total_us=4316 rebuild_us=113 layout_us=0 paint_us=55 encode_us=21 acquire_us=122 submit_us=4001 skipped=0 gpu_q=1 gpu_total_us=692 gpu_prepass_us=0 gpu_main_us=692 gpu_composite_us=0 gpu_blit_us=0
frust_shell_common::perf: frust-perf raw n=2504 total_us=2882 rebuild_us=101 layout_us=0 paint_us=48 encode_us=20 acquire_us=124 submit_us=2587 skipped=0 gpu_q=1 gpu_total_us=731 gpu_prepass_us=0 gpu_main_us=731 gpu_composite_us=0 gpu_blit_us=0
frust_shell_common::perf: frust-perf raw n=2505 total_us=3542 rebuild_us=200 layout_us=0 paint_us=87 encode_us=16 acquire_us=106 submit_us=3130 skipped=0 gpu_q=1 gpu_total_us=713 gpu_prepass_us=0 gpu_main_us=713 gpu_composite_us=0 gpu_blit_us=0
frust_shell_common::perf: frust-perf raw n=2506 total_us=3472 rebuild_us=186 layout_us=0 paint_us=85 encode_us=17 acquire_us=111 submit_us=3071 skipped=0 gpu_q=1 gpu_total_us=708 gpu_prepass_us=0 gpu_main_us=708 gpu_composite_us=0 gpu_blit_us=0
frust_shell_common::perf: frust-perf raw n=2507 total_us=3412 rebuild_us=199 layout_us=0 paint_us=87 encode_us=15 acquire_us=109 submit_us=2999 skipped=0 gpu_q=1 gpu_total_us=705 gpu_prepass_us=0 gpu_main_us=705 gpu_composite_us=0 gpu_blit_us=0
frust_shell_common::perf: frust-perf raw n=2508 total_us=3421 rebuild_us=187 layout_us=0 paint_us=89 encode_us=16 acquire_us=109 submit_us=3018 skipped=0 gpu_q=1 gpu_total_us=804 gpu_prepass_us=0 gpu_main_us=804 gpu_composite_us=0 gpu_blit_us=0
frust_shell_common::perf: frust-perf raw n=2509 total_us=3390 rebuild_us=186 layout_us=0 paint_us=85 encode_us=15 acquire_us=104 submit_us=2998 skipped=0 gpu_q=1 gpu_total_us=774 gpu_prepass_us=0 gpu_main_us=774 gpu_composite_us=0 gpu_blit_us=0
frust_shell_android::app::frame: frust-perf platform-view tail depth=0 target=0 acquire_bound=false frame=2520 expected_present_us=0 acquire_us=114 period_us=8235
frust_shell_common::perf: frust-perf raw n=2510 total_us=3443 rebuild_us=192 layout_us=0 paint_us=91 encode_us=19 acquire_us=117 submit_us=3023 skipped=0 gpu_q=1 gpu_total_us=752 gpu_prepass_us=0 gpu_main_us=752 gpu_composite_us=0 gpu_blit_us=0
frust_shell_common::perf: frust-perf raw n=2511 total_us=3211 rebuild_us=178 layout_us=0 paint_us=84 encode_us=14 acquire_us=93 submit_us=2840 skipped=0 gpu_q=1 gpu_total_us=732 gpu_prepass_us=0 gpu_main_us=732 gpu_composite_us=0 gpu_blit_us=0
frust_shell_common::perf: frust-perf raw n=2512 total_us=3389 rebuild_us=196 layout_us=0 paint_us=89 encode_us=17 acquire_us=158 submit_us=2926 skipped=0 gpu_q=1 gpu_total_us=766 gpu_prepass_us=0 gpu_main_us=766 gpu_composite_us=0 gpu_blit_us=0
frust_shell_common::perf: frust-perf raw n=2513 total_us=3425 rebuild_us=184 layout_us=0 paint_us=171 encode_us=19 acquire_us=115 submit_us=2935 skipped=0 gpu_q=1 gpu_total_us=733 gpu_prepass_us=0 gpu_main_us=733 gpu_composite_us=0 gpu_blit_us=0
frust_shell_common::perf: frust-perf raw n=2514 total_us=3341 rebuild_us=180 layout_us=0 paint_us=86 encode_us=15 acquire_us=117 submit_us=2941 skipped=0 gpu_q=1 gpu_total_us=751 gpu_prepass_us=0 gpu_main_us=751 gpu_composite_us=0 gpu_blit_us=0
frust_shell_common::perf: frust-perf raw n=2515 total_us=3185 rebuild_us=183 layout_us=0 paint_us=87 encode_us=14 acquire_us=110 submit_us=2789 skipped=0 gpu_q=1 gpu_total_us=742 gpu_prepass_us=0 gpu_main_us=742 gpu_composite_us=0 gpu_blit_us=0
frust_shell_common::perf: frust-perf raw n=2516 total_us=3422 rebuild_us=188 layout_us=0 paint_us=91 encode_us=19 acquire_us=122 submit_us=3000 skipped=0 gpu_q=1 gpu_total_us=737 gpu_prepass_us=0 gpu_main_us=737 gpu_composite_us=0 gpu_blit_us=0
frust_shell_common::perf: frust-perf raw n=2517 total_us=3499 rebuild_us=185 layout_us=0 paint_us=88 encode_us=15 acquire_us=106 submit_us=3103 skipped=0 gpu_q=1 gpu_total_us=732 gpu_prepass_us=0 gpu_main_us=732 gpu_composite_us=0 gpu_blit_us=0
frust_shell_common::perf: frust-perf raw n=2518 total_us=3434 rebuild_us=191 layout_us=0 paint_us=93 encode_us=15 acquire_us=104 submit_us=3030 skipped=0 gpu_q=1 gpu_total_us=743 gpu_prepass_us=0 gpu_main_us=743 gpu_composite_us=0 gpu_blit_us=0
frust_shell_common::perf: frust-perf raw n=2519 total_us=3398 rebuild_us=183 layout_us=0 paint_us=100 encode_us=15 acquire_us=112 submit_us=2985 skipped=0 gpu_q=1 gpu_total_us=751 gpu_prepass_us=0 gpu_main_us=751 gpu_composite_us=0 gpu_blit_us=0
frust_engine::renderer: frust-perf enc n=2520 w=60 validate_us=3.6 prepare_us=3.1 classify_us=12.7 admit_us=0.4 walk_us=517.5 glyphs_us=219.5 finish_us=2.7 compile_us=546.5 schedule_us=3.9 paints_us=13.9 instances_us=30.5 resize_us=3.0 upload_us=216.4 replay_us=0.3 pipelines_us=19.4 record_us=32.4 total_us=883.7 total_p95_us=1691.4 draws=46 strips=1073 alphas=28576 glyph_draws=36 atlas_glyphs=36
frust_shell_common::perf: frust-perf raw n=2520 total_us=3637 rebuild_us=196 layout_us=0 paint_us=90 encode_us=17 acquire_us=113 submit_us=3218 skipped=0 gpu_q=1 gpu_total_us=730 gpu_prepass_us=0 gpu_main_us=730 gpu_composite_us=0 gpu_blit_us=0
frust_shell_common::perf: frust-perf raw n=2521 total_us=5613 rebuild_us=184 layout_us=0 paint_us=89 encode_us=35 acquire_us=170 submit_us=5132 skipped=0 gpu_q=1 gpu_total_us=737 gpu_prepass_us=0 gpu_main_us=737 gpu_composite_us=0 gpu_blit_us=0
frust_shell_common::perf: frust-perf raw n=2522 total_us=4197 rebuild_us=122 layout_us=0 paint_us=61 encode_us=27 acquire_us=126 submit_us=3859 skipped=0 gpu_q=1 gpu_total_us=730 gpu_prepass_us=0 gpu_main_us=730 gpu_composite_us=0 gpu_blit_us=0
frust_shell_common::perf: frust-perf raw n=2523 total_us=4344 rebuild_us=110 layout_us=0 paint_us=52 encode_us=24 acquire_us=115 submit_us=4040 skipped=0 gpu_q=1 gpu_total_us=754 gpu_prepass_us=0 gpu_main_us=754 gpu_composite_us=0 gpu_blit_us=0
frust_shell_common::perf: frust-perf raw n=2524 total_us=5574 rebuild_us=118 layout_us=0 paint_us=52 encode_us=19 acquire_us=107 submit_us=5276 skipped=0 gpu_q=1 gpu_total_us=721 gpu_prepass_us=0 gpu_main_us=721 gpu_composite_us=0 gpu_blit_us=0
frust_shell_common::perf: frust-perf raw n=2525 total_us=4752 rebuild_us=131 layout_us=0 paint_us=59 encode_us=28 acquire_us=130 submit_us=4403 skipped=0 gpu_q=1 gpu_total_us=702 gpu_prepass_us=0 gpu_main_us=702 gpu_composite_us=0 gpu_blit_us=0
frust_shell_common::perf: frust-perf raw n=2526 total_us=5240 rebuild_us=131 layout_us=0 paint_us=62 encode_us=25 acquire_us=146 submit_us=4873 skipped=0 gpu_q=1 gpu_total_us=708 gpu_prepass_us=0 gpu_main_us=708 gpu_composite_us=0 gpu_blit_us=0
frust_shell_common::perf: frust-perf raw n=2527 total_us=5031 rebuild_us=136 layout_us=0 paint_us=64 encode_us=29 acquire_us=134 submit_us=4666 skipped=0 gpu_q=1 gpu_total_us=707 gpu_prepass_us=0 gpu_main_us=707 gpu_composite_us=0 gpu_blit_us=0
frust_shell_common::perf: frust-perf raw n=2528 total_us=4038 rebuild_us=98 layout_us=0 paint_us=45 encode_us=18 acquire_us=110 submit_us=3763 skipped=0 gpu_q=1 gpu_total_us=706 gpu_prepass_us=0 gpu_main_us=706 gpu_composite_us=0 gpu_blit_us=0
frust_shell_common::perf: frust-perf raw n=2529 total_us=4640 rebuild_us=112 layout_us=0 paint_us=52 encode_us=22 acquire_us=122 submit_us=4330 skipped=0 gpu_q=1 gpu_total_us=707 gpu_prepass_us=0 gpu_main_us=707 gpu_composite_us=0 gpu_blit_us=0
frust_shell_common::perf: frust-perf raw n=2530 total_us=4677 rebuild_us=119 layout_us=0 paint_us=54 encode_us=23 acquire_us=122 submit_us=4357 skipped=0 gpu_q=1 gpu_total_us=710 gpu_prepass_us=0 gpu_main_us=710 gpu_composite_us=0 gpu_blit_us=0
frust_shell_common::perf: frust-perf raw n=2531 total_us=4128 rebuild_us=108 layout_us=0 paint_us=50 encode_us=23 acquire_us=206 submit_us=3739 skipped=0 gpu_q=1 gpu_total_us=718 gpu_prepass_us=0 gpu_main_us=718 gpu_composite_us=0 gpu_blit_us=0
frust_shell_common::perf: frust-perf raw n=2532 total_us=4439 rebuild_us=108 layout_us=0 paint_us=105 encode_us=26 acquire_us=113 submit_us=4085 skipped=0 gpu_q=1 gpu_total_us=761 gpu_prepass_us=0 gpu_main_us=761 gpu_composite_us=0 gpu_blit_us=0
frust_shell_common::perf: frust-perf raw n=2533 total_us=5460 rebuild_us=131 layout_us=0 paint_us=57 encode_us=29 acquire_us=134 submit_us=5107 skipped=0 gpu_q=1 gpu_total_us=709 gpu_prepass_us=0 gpu_main_us=709 gpu_composite_us=0 gpu_blit_us=0
frust_shell_common::perf: frust-perf raw n=2534 total_us=4362 rebuild_us=112 layout_us=0 paint_us=51 encode_us=21 acquire_us=125 submit_us=4050 skipped=0 gpu_q=1 gpu_total_us=712 gpu_prepass_us=0 gpu_main_us=712 gpu_composite_us=0 gpu_blit_us=0
frust_shell_common::perf: frust-perf raw n=2535 total_us=4418 rebuild_us=116 layout_us=0 paint_us=57 encode_us=23 acquire_us=110 submit_us=4110 skipped=0 gpu_q=1 gpu_total_us=750 gpu_prepass_us=0 gpu_main_us=750 gpu_composite_us=0 gpu_blit_us=0
frust_shell_common::perf: frust-perf raw n=2536 total_us=4736 rebuild_us=115 layout_us=0 paint_us=54 encode_us=29 acquire_us=122 submit_us=4414 skipped=0 gpu_q=1 gpu_total_us=712 gpu_prepass_us=0 gpu_main_us=712 gpu_composite_us=0 gpu_blit_us=0
frust_shell_common::perf: frust-perf raw n=2537 total_us=3149 rebuild_us=107 layout_us=0 paint_us=53 encode_us=18 acquire_us=146 submit_us=2823 skipped=0 gpu_q=1 gpu_total_us=704 gpu_prepass_us=0 gpu_main_us=704 gpu_composite_us=0 gpu_blit_us=0
frust_shell_common::perf: frust-perf raw n=2538 total_us=3375 rebuild_us=187 layout_us=0 paint_us=84 encode_us=16 acquire_us=103 submit_us=2983 skipped=0 gpu_q=1 gpu_total_us=709 gpu_prepass_us=0 gpu_main_us=709 gpu_composite_us=0 gpu_blit_us=0
frust_shell_common::perf: frust-perf raw n=2539 total_us=3391 rebuild_us=191 layout_us=0 paint_us=88 encode_us=13 acquire_us=103 submit_us=2993 skipped=0 gpu_q=1 gpu_total_us=690 gpu_prepass_us=0 gpu_main_us=690 gpu_composite_us=0 gpu_blit_us=0
frust_shell_common::perf: frust-perf raw n=2540 total_us=3254 rebuild_us=180 layout_us=0 paint_us=81 encode_us=14 acquire_us=101 submit_us=2875 skipped=0 gpu_q=1 gpu_total_us=668 gpu_prepass_us=0 gpu_main_us=668 gpu_composite_us=0 gpu_blit_us=0
frust_shell_common::perf: frust-perf raw n=2541 total_us=3336 rebuild_us=178 layout_us=0 paint_us=77 encode_us=15 acquire_us=105 submit_us=2959 skipped=0 gpu_q=1 gpu_total_us=699 gpu_prepass_us=0 gpu_main_us=699 gpu_composite_us=0 gpu_blit_us=0
frust_shell_common::perf: frust-perf raw n=2542 total_us=3231 rebuild_us=182 layout_us=0 paint_us=85 encode_us=13 acquire_us=100 submit_us=2847 skipped=0 gpu_q=1 gpu_total_us=688 gpu_prepass_us=0 gpu_main_us=688 gpu_composite_us=0 gpu_blit_us=0
frust_shell_common::perf: frust-perf raw n=2543 total_us=3457 rebuild_us=176 layout_us=0 paint_us=91 encode_us=14 acquire_us=109 submit_us=3065 skipped=0 gpu_q=1 gpu_total_us=685 gpu_prepass_us=0 gpu_main_us=685 gpu_composite_us=0 gpu_blit_us=0
frust_shell_common::perf: frust-perf raw n=2544 total_us=3447 rebuild_us=188 layout_us=0 paint_us=88 encode_us=13 acquire_us=104 submit_us=3051 skipped=0 gpu_q=1 gpu_total_us=692 gpu_prepass_us=0 gpu_main_us=692 gpu_composite_us=0 gpu_blit_us=0
frust_shell_common::perf: frust-perf raw n=2545 total_us=3382 rebuild_us=191 layout_us=0 paint_us=91 encode_us=14 acquire_us=104 submit_us=2978 skipped=0 gpu_q=1 gpu_total_us=692 gpu_prepass_us=0 gpu_main_us=692 gpu_composite_us=0 gpu_blit_us=0
frust_shell_common::perf: frust-perf raw n=2546 total_us=3423 rebuild_us=193 layout_us=0 paint_us=98 encode_us=15 acquire_us=115 submit_us=2999 skipped=0 gpu_q=1 gpu_total_us=685 gpu_prepass_us=0 gpu_main_us=685 gpu_composite_us=0 gpu_blit_us=0
frust_shell_common::perf: frust-perf raw n=2547 total_us=3332 rebuild_us=183 layout_us=0 paint_us=164 encode_us=14 acquire_us=107 submit_us=2861 skipped=0 gpu_q=1 gpu_total_us=702 gpu_prepass_us=0 gpu_main_us=702 gpu_composite_us=0 gpu_blit_us=0
frust_shell_common::perf: frust-perf raw n=2548 total_us=3185 rebuild_us=239 layout_us=0 paint_us=85 encode_us=13 acquire_us=100 submit_us=2745 skipped=0 gpu_q=1 gpu_total_us=691 gpu_prepass_us=0 gpu_main_us=691 gpu_composite_us=0 gpu_blit_us=0
frust_shell_common::perf: frust-perf raw n=2549 total_us=7712 rebuild_us=186 layout_us=0 paint_us=90 encode_us=38 acquire_us=208 submit_us=7186 skipped=0 gpu_q=1 gpu_total_us=688 gpu_prepass_us=0 gpu_main_us=688 gpu_composite_us=0 gpu_blit_us=0
frust_shell_common::perf: frust-perf raw n=2550 total_us=6032 rebuild_us=151 layout_us=0 paint_us=74 encode_us=34 acquire_us=194 submit_us=5576 skipped=0 gpu_q=1 gpu_total_us=691 gpu_prepass_us=0 gpu_main_us=691 gpu_composite_us=0 gpu_blit_us=0
frust_shell_common::perf: frust-perf raw n=2551 total_us=3317 rebuild_us=114 layout_us=0 paint_us=53 encode_us=21 acquire_us=165 submit_us=2962 skipped=0 gpu_q=1 gpu_total_us=699 gpu_prepass_us=0 gpu_main_us=699 gpu_composite_us=0 gpu_blit_us=0
frust_shell_common::perf: frust-perf raw n=2552 total_us=3327 rebuild_us=168 layout_us=0 paint_us=79 encode_us=15 acquire_us=106 submit_us=2956 skipped=0 gpu_q=1 gpu_total_us=681 gpu_prepass_us=0 gpu_main_us=681 gpu_composite_us=0 gpu_blit_us=0
frust_shell_common::perf: frust-perf raw n=2553 total_us=3552 rebuild_us=186 layout_us=0 paint_us=92 encode_us=18 acquire_us=107 submit_us=3147 skipped=0 gpu_q=1 gpu_total_us=664 gpu_prepass_us=0 gpu_main_us=664 gpu_composite_us=0 gpu_blit_us=0
frust_shell_common::perf: frust-perf raw n=2554 total_us=3360 rebuild_us=189 layout_us=0 paint_us=90 encode_us=14 acquire_us=101 submit_us=2964 skipped=0 gpu_q=1 gpu_total_us=669 gpu_prepass_us=0 gpu_main_us=669 gpu_composite_us=0 gpu_blit_us=0
frust_shell_common::perf: frust-perf raw n=2555 total_us=3449 rebuild_us=192 layout_us=0 paint_us=93 encode_us=14 acquire_us=111 submit_us=3037 skipped=0 gpu_q=1 gpu_total_us=699 gpu_prepass_us=0 gpu_main_us=699 gpu_composite_us=0 gpu_blit_us=0
frust_shell_common::perf: frust-perf raw n=2556 total_us=3494 rebuild_us=199 layout_us=0 paint_us=87 encode_us=15 acquire_us=110 submit_us=3081 skipped=0 gpu_q=1 gpu_total_us=703 gpu_prepass_us=0 gpu_main_us=703 gpu_composite_us=0 gpu_blit_us=0
frust_shell_common::perf: frust-perf raw n=2557 total_us=3505 rebuild_us=195 layout_us=0 paint_us=91 encode_us=16 acquire_us=97 submit_us=3103 skipped=0 gpu_q=1 gpu_total_us=721 gpu_prepass_us=0 gpu_main_us=721 gpu_composite_us=0 gpu_blit_us=0
frust_shell_common::perf: frust-perf raw n=2558 total_us=3445 rebuild_us=181 layout_us=0 paint_us=84 encode_us=13 acquire_us=95 submit_us=3070 skipped=0 gpu_q=1 gpu_total_us=702 gpu_prepass_us=0 gpu_main_us=702 gpu_composite_us=0 gpu_blit_us=0
frust_shell_common::perf: frust-perf raw n=2559 total_us=3551 rebuild_us=193 layout_us=0 paint_us=92 encode_us=14 acquire_us=110 submit_us=3140 skipped=0 gpu_q=1 gpu_total_us=706 gpu_prepass_us=0 gpu_main_us=706 gpu_composite_us=0 gpu_blit_us=0
frust_shell_common::perf: frust-perf raw n=2560 total_us=3369 rebuild_us=194 layout_us=0 paint_us=87 encode_us=14 acquire_us=106 submit_us=2966 skipped=0 gpu_q=1 gpu_total_us=714 gpu_prepass_us=0 gpu_main_us=714 gpu_composite_us=0 gpu_blit_us=0
frust_shell_common::perf: frust-perf raw n=2561 total_us=3327 rebuild_us=185 layout_us=0 paint_us=90 encode_us=15 acquire_us=102 submit_us=2934 skipped=0 gpu_q=1 gpu_total_us=725 gpu_prepass_us=0 gpu_main_us=725 gpu_composite_us=0 gpu_blit_us=0
frust_shell_common::perf: frust-perf raw n=2562 total_us=3349 rebuild_us=193 layout_us=0 paint_us=85 encode_us=15 acquire_us=97 submit_us=2956 skipped=0 gpu_q=1 gpu_total_us=680 gpu_prepass_us=0 gpu_main_us=680 gpu_composite_us=0 gpu_blit_us=0
frust_shell_common::perf: frust-perf raw n=2563 total_us=3450 rebuild_us=183 layout_us=0 paint_us=85 encode_us=16 acquire_us=105 submit_us=3058 skipped=0 gpu_q=1 gpu_total_us=727 gpu_prepass_us=0 gpu_main_us=727 gpu_composite_us=0 gpu_blit_us=0
frust_shell_common::perf: frust-perf raw n=2564 total_us=3473 rebuild_us=198 layout_us=0 paint_us=197 encode_us=17 acquire_us=117 submit_us=2940 skipped=0 gpu_q=1 gpu_total_us=707 gpu_prepass_us=0 gpu_main_us=707 gpu_composite_us=0 gpu_blit_us=0
frust_shell_common::perf: frust-perf raw n=2565 total_us=3298 rebuild_us=202 layout_us=0 paint_us=90 encode_us=14 acquire_us=114 submit_us=2875 skipped=0 gpu_q=1 gpu_total_us=702 gpu_prepass_us=0 gpu_main_us=702 gpu_composite_us=0 gpu_blit_us=0
frust_shell_common::perf: frust-perf raw n=2566 total_us=3282 rebuild_us=196 layout_us=0 paint_us=95 encode_us=16 acquire_us=105 submit_us=2867 skipped=0 gpu_q=1 gpu_total_us=706 gpu_prepass_us=0 gpu_main_us=706 gpu_composite_us=0 gpu_blit_us=0
frust_shell_common::perf: frust-perf raw n=2567 total_us=3440 rebuild_us=188 layout_us=0 paint_us=92 encode_us=16 acquire_us=114 submit_us=3028 skipped=0 gpu_q=1 gpu_total_us=690 gpu_prepass_us=0 gpu_main_us=690 gpu_composite_us=0 gpu_blit_us=0
frust_shell_common::perf: frust-perf raw n=2568 total_us=3326 rebuild_us=191 layout_us=0 paint_us=94 encode_us=15 acquire_us=97 submit_us=2928 skipped=0 gpu_q=1 gpu_total_us=694 gpu_prepass_us=0 gpu_main_us=694 gpu_composite_us=0 gpu_blit_us=0
frust_shell_common::perf: frust-perf raw n=2569 total_us=3376 rebuild_us=192 layout_us=0 paint_us=89 encode_us=14 acquire_us=104 submit_us=2976 skipped=0 gpu_q=1 gpu_total_us=718 gpu_prepass_us=0 gpu_main_us=718 gpu_composite_us=0 gpu_blit_us=0
frust_shell_common::perf: frust-perf raw n=2570 total_us=3320 rebuild_us=197 layout_us=0 paint_us=89 encode_us=17 acquire_us=104 submit_us=2910 skipped=0 gpu_q=1 gpu_total_us=688 gpu_prepass_us=0 gpu_main_us=688 gpu_composite_us=0 gpu_blit_us=0
frust_shell_common::perf: frust-perf raw n=2571 total_us=3320 rebuild_us=187 layout_us=0 paint_us=95 encode_us=13 acquire_us=113 submit_us=2909 skipped=0 gpu_q=1 gpu_total_us=718 gpu_prepass_us=0 gpu_main_us=718 gpu_composite_us=0 gpu_blit_us=0
frust_shell_common::perf: frust-perf raw n=2572 total_us=3359 rebuild_us=189 layout_us=0 paint_us=87 encode_us=13 acquire_us=103 submit_us=2966 skipped=0 gpu_q=1 gpu_total_us=713 gpu_prepass_us=0 gpu_main_us=713 gpu_composite_us=0 gpu_blit_us=0
frust_shell_common::perf: frust-perf raw n=2573 total_us=3393 rebuild_us=206 layout_us=0 paint_us=94 encode_us=15 acquire_us=96 submit_us=2979 skipped=0 gpu_q=1 gpu_total_us=708 gpu_prepass_us=0 gpu_main_us=708 gpu_composite_us=0 gpu_blit_us=0
frust_shell_common::perf: frust-perf raw n=2574 total_us=3312 rebuild_us=186 layout_us=0 paint_us=89 encode_us=13 acquire_us=101 submit_us=2922 skipped=0 gpu_q=1 gpu_total_us=706 gpu_prepass_us=0 gpu_main_us=706 gpu_composite_us=0 gpu_blit_us=0
frust_shell_common::perf: frust-perf raw n=2575 total_us=3330 rebuild_us=195 layout_us=0 paint_us=89 encode_us=15 acquire_us=105 submit_us=2924 skipped=0 gpu_q=1 gpu_total_us=688 gpu_prepass_us=0 gpu_main_us=688 gpu_composite_us=0 gpu_blit_us=0
frust_shell_common::perf: frust-perf raw n=2576 total_us=3331 rebuild_us=189 layout_us=0 paint_us=90 encode_us=15 acquire_us=103 submit_us=2932 skipped=0 gpu_q=1 gpu_total_us=708 gpu_prepass_us=0 gpu_main_us=708 gpu_composite_us=0 gpu_blit_us=0
frust_shell_common::perf: frust-perf raw n=2577 total_us=3376 rebuild_us=196 layout_us=0 paint_us=89 encode_us=14 acquire_us=107 submit_us=2967 skipped=0 gpu_q=1 gpu_total_us=700 gpu_prepass_us=0 gpu_main_us=700 gpu_composite_us=0 gpu_blit_us=0
frust_shell_common::perf: frust-perf raw n=2578 total_us=3359 rebuild_us=198 layout_us=0 paint_us=89 encode_us=13 acquire_us=106 submit_us=2951 skipped=0 gpu_q=1 gpu_total_us=695 gpu_prepass_us=0 gpu_main_us=695 gpu_composite_us=0 gpu_blit_us=0
frust_shell_common::perf: frust-perf raw n=2579 total_us=3398 rebuild_us=211 layout_us=0 paint_us=97 encode_us=15 acquire_us=115 submit_us=2958 skipped=0 gpu_q=1 gpu_total_us=719 gpu_prepass_us=0 gpu_main_us=719 gpu_composite_us=0 gpu_blit_us=0
frust_engine::renderer: frust-perf enc n=2580 w=60 validate_us=3.3 prepare_us=3.3 classify_us=12.6 admit_us=0.4 walk_us=503.9 glyphs_us=215.6 finish_us=2.3 compile_us=526.0 schedule_us=3.6 paints_us=13.6 instances_us=30.5 resize_us=2.9 upload_us=209.0 replay_us=0.3 pipelines_us=18.3 record_us=29.9 total_us=845.7 total_p95_us=1560.9 draws=46 strips=1073 alphas=28576 glyph_draws=36 atlas_glyphs=36
frust_shell_common::perf: frust-perf raw n=2580 total_us=3448 rebuild_us=191 layout_us=0 paint_us=89 encode_us=13 acquire_us=138 submit_us=3014 skipped=0 gpu_q=1 gpu_total_us=697 gpu_prepass_us=0 gpu_main_us=697 gpu_composite_us=0 gpu_blit_us=0
frust_shell_common::perf: frust-perf raw n=2581 total_us=3156 rebuild_us=187 layout_us=0 paint_us=87 encode_us=13 acquire_us=100 submit_us=2766 skipped=0 gpu_q=1 gpu_total_us=687 gpu_prepass_us=0 gpu_main_us=687 gpu_composite_us=0 gpu_blit_us=0
frust_shell_common::perf: frust-perf raw n=2582 total_us=3546 rebuild_us=432 layout_us=0 paint_us=100 encode_us=13 acquire_us=114 submit_us=2885 skipped=0 gpu_q=1 gpu_total_us=683 gpu_prepass_us=0 gpu_main_us=683 gpu_composite_us=0 gpu_blit_us=0
frust_shell_common::perf: frust-perf raw n=2583 total_us=3250 rebuild_us=189 layout_us=0 paint_us=85 encode_us=20 acquire_us=114 submit_us=2840 skipped=0 gpu_q=1 gpu_total_us=674 gpu_prepass_us=0 gpu_main_us=674 gpu_composite_us=0 gpu_blit_us=0
frust_shell_common::perf: frust-perf raw n=2584 total_us=3244 rebuild_us=184 layout_us=0 paint_us=86 encode_us=14 acquire_us=105 submit_us=2852 skipped=0 gpu_q=1 gpu_total_us=713 gpu_prepass_us=0 gpu_main_us=713 gpu_composite_us=0 gpu_blit_us=0
frust_shell_common::perf: frust-perf raw n=2585 total_us=3417 rebuild_us=193 layout_us=0 paint_us=87 encode_us=20 acquire_us=116 submit_us=2998 skipped=0 gpu_q=1 gpu_total_us=704 gpu_prepass_us=0 gpu_main_us=704 gpu_composite_us=0 gpu_blit_us=0
frust_shell_common::perf: frust-perf raw n=2586 total_us=3422 rebuild_us=202 layout_us=0 paint_us=90 encode_us=15 acquire_us=99 submit_us=3014 skipped=0 gpu_q=1 gpu_total_us=688 gpu_prepass_us=0 gpu_main_us=688 gpu_composite_us=0 gpu_blit_us=0
frust_shell_common::perf: frust-perf raw n=2587 total_us=3460 rebuild_us=191 layout_us=0 paint_us=90 encode_us=15 acquire_us=104 submit_us=3058 skipped=0 gpu_q=1 gpu_total_us=701 gpu_prepass_us=0 gpu_main_us=701 gpu_composite_us=0 gpu_blit_us=0
frust_shell_common::perf: frust-perf raw n=2588 total_us=3306 rebuild_us=196 layout_us=0 paint_us=90 encode_us=16 acquire_us=103 submit_us=2899 skipped=0 gpu_q=1 gpu_total_us=722 gpu_prepass_us=0 gpu_main_us=722 gpu_composite_us=0 gpu_blit_us=0
frust_shell_common::perf: frust-perf raw n=2589 total_us=3438 rebuild_us=195 layout_us=0 paint_us=90 encode_us=14 acquire_us=105 submit_us=3032 skipped=0 gpu_q=1 gpu_total_us=686 gpu_prepass_us=0 gpu_main_us=686 gpu_composite_us=0 gpu_blit_us=0
frust_shell_common::perf: frust-perf raw n=2590 total_us=3357 rebuild_us=185 layout_us=0 paint_us=82 encode_us=14 acquire_us=91 submit_us=2983 skipped=0 gpu_q=1 gpu_total_us=708 gpu_prepass_us=0 gpu_main_us=708 gpu_composite_us=0 gpu_blit_us=0
frust_shell_common::perf: frust-perf raw n=2591 total_us=3417 rebuild_us=199 layout_us=0 paint_us=86 encode_us=13 acquire_us=108 submit_us=3009 skipped=0 gpu_q=1 gpu_total_us=713 gpu_prepass_us=0 gpu_main_us=713 gpu_composite_us=0 gpu_blit_us=0
frust_shell_common::perf: frust-perf raw n=2592 total_us=3437 rebuild_us=183 layout_us=0 paint_us=83 encode_us=15 acquire_us=98 submit_us=3056 skipped=0 gpu_q=1 gpu_total_us=718 gpu_prepass_us=0 gpu_main_us=718 gpu_composite_us=0 gpu_blit_us=0
frust_shell_common::perf: frust-perf raw n=2593 total_us=3337 rebuild_us=184 layout_us=0 paint_us=93 encode_us=13 acquire_us=98 submit_us=2946 skipped=0 gpu_q=1 gpu_total_us=698 gpu_prepass_us=0 gpu_main_us=698 gpu_composite_us=0 gpu_blit_us=0
frust_shell_common::perf: frust-perf raw n=2594 total_us=3325 rebuild_us=186 layout_us=0 paint_us=85 encode_us=13 acquire_us=92 submit_us=2946 skipped=0 gpu_q=1 gpu_total_us=693 gpu_prepass_us=0 gpu_main_us=693 gpu_composite_us=0 gpu_blit_us=0
frust_shell_common::perf: frust-perf raw n=2595 total_us=3451 rebuild_us=198 layout_us=0 paint_us=89 encode_us=16 acquire_us=105 submit_us=3040 skipped=0 gpu_q=1 gpu_total_us=699 gpu_prepass_us=0 gpu_main_us=699 gpu_composite_us=0 gpu_blit_us=0
frust_shell_common::perf: frust-perf raw n=2596 total_us=3420 rebuild_us=200 layout_us=0 paint_us=93 encode_us=16 acquire_us=105 submit_us=3004 skipped=0 gpu_q=1 gpu_total_us=687 gpu_prepass_us=0 gpu_main_us=687 gpu_composite_us=0 gpu_blit_us=0
frust_shell_common::perf: frust-perf raw n=2597 total_us=3504 rebuild_us=183 layout_us=0 paint_us=88 encode_us=16 acquire_us=108 submit_us=3106 skipped=0 gpu_q=1 gpu_total_us=705 gpu_prepass_us=0 gpu_main_us=705 gpu_composite_us=0 gpu_blit_us=0
frust_shell_common::perf: frust-perf raw n=2598 total_us=3303 rebuild_us=195 layout_us=0 paint_us=90 encode_us=15 acquire_us=108 submit_us=2892 skipped=0 gpu_q=1 gpu_total_us=687 gpu_prepass_us=0 gpu_main_us=687 gpu_composite_us=0 gpu_blit_us=0
frust_shell_common::perf: frust-perf raw n=2599 total_us=3549 rebuild_us=459 layout_us=0 paint_us=89 encode_us=14 acquire_us=112 submit_us=2873 skipped=0 gpu_q=1 gpu_total_us=712 gpu_prepass_us=0 gpu_main_us=712 gpu_composite_us=0 gpu_blit_us=0
frust_shell_common::perf: frust-perf raw n=2600 total_us=3255 rebuild_us=193 layout_us=0 paint_us=85 encode_us=17 acquire_us=105 submit_us=2852 skipped=0 gpu_q=1 gpu_total_us=733 gpu_prepass_us=0 gpu_main_us=733 gpu_composite_us=0 gpu_blit_us=0
frust_shell_common::perf: frust-perf raw n=2601 total_us=3347 rebuild_us=195 layout_us=0 paint_us=94 encode_us=16 acquire_us=101 submit_us=2938 skipped=0 gpu_q=1 gpu_total_us=705 gpu_prepass_us=0 gpu_main_us=705 gpu_composite_us=0 gpu_blit_us=0
frust_shell_common::perf: frust-perf raw n=2602 total_us=3332 rebuild_us=188 layout_us=0 paint_us=85 encode_us=15 acquire_us=110 submit_us=2932 skipped=0 gpu_q=1 gpu_total_us=726 gpu_prepass_us=0 gpu_main_us=726 gpu_composite_us=0 gpu_blit_us=0
frust_shell_common::perf: frust-perf raw n=2603 total_us=3426 rebuild_us=203 layout_us=0 paint_us=91 encode_us=14 acquire_us=99 submit_us=3017 skipped=0 gpu_q=1 gpu_total_us=701 gpu_prepass_us=0 gpu_main_us=701 gpu_composite_us=0 gpu_blit_us=0
frust_shell_common::perf: frust-perf raw n=2604 total_us=3209 rebuild_us=190 layout_us=0 paint_us=88 encode_us=14 acquire_us=94 submit_us=2821 skipped=0 gpu_q=1 gpu_total_us=698 gpu_prepass_us=0 gpu_main_us=698 gpu_composite_us=0 gpu_blit_us=0
frust_shell_common::perf: frust-perf raw n=2605 total_us=3287 rebuild_us=178 layout_us=0 paint_us=82 encode_us=15 acquire_us=109 submit_us=2900 skipped=0 gpu_q=1 gpu_total_us=714 gpu_prepass_us=0 gpu_main_us=714 gpu_composite_us=0 gpu_blit_us=0
frust_shell_common::perf: frust-perf raw n=2606 total_us=3221 rebuild_us=189 layout_us=0 paint_us=89 encode_us=14 acquire_us=100 submit_us=2827 skipped=0 gpu_q=1 gpu_total_us=728 gpu_prepass_us=0 gpu_main_us=728 gpu_composite_us=0 gpu_blit_us=0
frust_shell_common::perf: frust-perf raw n=2607 total_us=3386 rebuild_us=192 layout_us=0 paint_us=93 encode_us=13 acquire_us=102 submit_us=2983 skipped=0 gpu_q=1 gpu_total_us=717 gpu_prepass_us=0 gpu_main_us=717 gpu_composite_us=0 gpu_blit_us=0
frust_shell_common::perf: frust-perf raw n=2608 total_us=3347 rebuild_us=202 layout_us=0 paint_us=92 encode_us=15 acquire_us=110 submit_us=2926 skipped=0 gpu_q=1 gpu_total_us=735 gpu_prepass_us=0 gpu_main_us=735 gpu_composite_us=0 gpu_blit_us=0
frust_shell_common::perf: frust-perf raw n=2609 total_us=3322 rebuild_us=191 layout_us=0 paint_us=93 encode_us=16 acquire_us=105 submit_us=2914 skipped=0 gpu_q=1 gpu_total_us=727 gpu_prepass_us=0 gpu_main_us=727 gpu_composite_us=0 gpu_blit_us=0
frust_shell_common::perf: frust-perf raw n=2610 total_us=3410 rebuild_us=190 layout_us=0 paint_us=90 encode_us=15 acquire_us=103 submit_us=3009 skipped=0 gpu_q=1 gpu_total_us=727 gpu_prepass_us=0 gpu_main_us=727 gpu_composite_us=0 gpu_blit_us=0
frust_shell_common::perf: frust-perf raw n=2611 total_us=3319 rebuild_us=190 layout_us=0 paint_us=93 encode_us=13 acquire_us=99 submit_us=2922 skipped=0 gpu_q=1 gpu_total_us=735 gpu_prepass_us=0 gpu_main_us=735 gpu_composite_us=0 gpu_blit_us=0
frust_shell_common::perf: frust-perf raw n=2612 total_us=3216 rebuild_us=191 layout_us=0 paint_us=89 encode_us=13 acquire_us=91 submit_us=2829 skipped=0 gpu_q=1 gpu_total_us=725 gpu_prepass_us=0 gpu_main_us=725 gpu_composite_us=0 gpu_blit_us=0
frust_shell_common::perf: frust-perf raw n=2613 total_us=3327 rebuild_us=193 layout_us=0 paint_us=89 encode_us=15 acquire_us=104 submit_us=2924 skipped=0 gpu_q=1 gpu_total_us=722 gpu_prepass_us=0 gpu_main_us=722 gpu_composite_us=0 gpu_blit_us=0
frust_shell_common::perf: frust-perf raw n=2614 total_us=3297 rebuild_us=193 layout_us=0 paint_us=86 encode_us=16 acquire_us=108 submit_us=2892 skipped=0 gpu_q=1 gpu_total_us=728 gpu_prepass_us=0 gpu_main_us=728 gpu_composite_us=0 gpu_blit_us=0
frust_shell_common::perf: frust-perf raw n=2615 total_us=3284 rebuild_us=187 layout_us=0 paint_us=94 encode_us=15 acquire_us=109 submit_us=2876 skipped=0 gpu_q=1 gpu_total_us=710 gpu_prepass_us=0 gpu_main_us=710 gpu_composite_us=0 gpu_blit_us=0
frust_shell_common::perf: frust-perf raw n=2616 total_us=3227 rebuild_us=181 layout_us=0 paint_us=188 encode_us=15 acquire_us=100 submit_us=2740 skipped=0 gpu_q=1 gpu_total_us=723 gpu_prepass_us=0 gpu_main_us=723 gpu_composite_us=0 gpu_blit_us=0
frust_shell_common::perf: frust-perf raw n=2617 total_us=7587 rebuild_us=190 layout_us=0 paint_us=87 encode_us=40 acquire_us=231 submit_us=7037 skipped=0 gpu_q=1 gpu_total_us=717 gpu_prepass_us=0 gpu_main_us=717 gpu_composite_us=0 gpu_blit_us=0
frust_shell_common::perf: frust-perf raw n=2618 total_us=5656 rebuild_us=143 layout_us=0 paint_us=66 encode_us=30 acquire_us=156 submit_us=5258 skipped=0 gpu_q=1 gpu_total_us=719 gpu_prepass_us=0 gpu_main_us=719 gpu_composite_us=0 gpu_blit_us=0
frust_shell_common::perf: frust-perf raw n=2619 total_us=3967 rebuild_us=103 layout_us=0 paint_us=48 encode_us=24 acquire_us=110 submit_us=3679 skipped=0 gpu_q=1 gpu_total_us=722 gpu_prepass_us=0 gpu_main_us=722 gpu_composite_us=0 gpu_blit_us=0
frust_shell_common::perf: frust-perf raw n=2620 total_us=2856 rebuild_us=95 layout_us=0 paint_us=43 encode_us=21 acquire_us=153 submit_us=2542 skipped=0 gpu_q=1 gpu_total_us=719 gpu_prepass_us=0 gpu_main_us=719 gpu_composite_us=0 gpu_blit_us=0
frust_shell_common::perf: frust-perf raw n=2621 total_us=3243 rebuild_us=145 layout_us=0 paint_us=67 encode_us=15 acquire_us=97 submit_us=2917 skipped=0 gpu_q=1 gpu_total_us=682 gpu_prepass_us=0 gpu_main_us=682 gpu_composite_us=0 gpu_blit_us=0
frust_shell_common::perf: frust-perf raw n=2622 total_us=3386 rebuild_us=181 layout_us=0 paint_us=85 encode_us=15 acquire_us=100 submit_us=3003 skipped=0 gpu_q=1 gpu_total_us=684 gpu_prepass_us=0 gpu_main_us=684 gpu_composite_us=0 gpu_blit_us=0
frust_shell_common::perf: frust-perf raw n=2623 total_us=3362 rebuild_us=174 layout_us=0 paint_us=88 encode_us=14 acquire_us=107 submit_us=2977 skipped=0 gpu_q=1 gpu_total_us=724 gpu_prepass_us=0 gpu_main_us=724 gpu_composite_us=0 gpu_blit_us=0
frust_shell_common::perf: frust-perf raw n=2624 total_us=3448 rebuild_us=188 layout_us=0 paint_us=88 encode_us=14 acquire_us=103 submit_us=3052 skipped=0 gpu_q=1 gpu_total_us=711 gpu_prepass_us=0 gpu_main_us=711 gpu_composite_us=0 gpu_blit_us=0
frust_shell_common::perf: frust-perf raw n=2625 total_us=3482 rebuild_us=188 layout_us=0 paint_us=89 encode_us=14 acquire_us=92 submit_us=3096 skipped=0 gpu_q=1 gpu_total_us=704 gpu_prepass_us=0 gpu_main_us=704 gpu_composite_us=0 gpu_blit_us=0
frust_shell_common::perf: frust-perf raw n=2626 total_us=3394 rebuild_us=190 layout_us=0 paint_us=88 encode_us=14 acquire_us=108 submit_us=2991 skipped=0 gpu_q=1 gpu_total_us=715 gpu_prepass_us=0 gpu_main_us=715 gpu_composite_us=0 gpu_blit_us=0
frust_shell_common::perf: frust-perf raw n=2627 total_us=3315 rebuild_us=174 layout_us=0 paint_us=81 encode_us=14 acquire_us=94 submit_us=2949 skipped=0 gpu_q=1 gpu_total_us=726 gpu_prepass_us=0 gpu_main_us=726 gpu_composite_us=0 gpu_blit_us=0
frust_shell_common::perf: frust-perf raw n=2628 total_us=3511 rebuild_us=185 layout_us=0 paint_us=86 encode_us=15 acquire_us=106 submit_us=3117 skipped=0 gpu_q=1 gpu_total_us=711 gpu_prepass_us=0 gpu_main_us=711 gpu_composite_us=0 gpu_blit_us=0
frust_shell_common::perf: frust-perf raw n=2629 total_us=3453 rebuild_us=198 layout_us=0 paint_us=90 encode_us=14 acquire_us=110 submit_us=3037 skipped=0 gpu_q=1 gpu_total_us=716 gpu_prepass_us=0 gpu_main_us=716 gpu_composite_us=0 gpu_blit_us=0
frust_shell_android::app::frame: frust-perf platform-view tail depth=0 target=0 acquire_bound=false frame=2640 expected_present_us=0 acquire_us=104 period_us=8235
frust_shell_common::perf: frust-perf raw n=2630 total_us=3417 rebuild_us=198 layout_us=0 paint_us=94 encode_us=14 acquire_us=267 submit_us=2843 skipped=0 gpu_q=1 gpu_total_us=687 gpu_prepass_us=0 gpu_main_us=687 gpu_composite_us=0 gpu_blit_us=0
frust_shell_common::perf: frust-perf raw n=2631 total_us=3513 rebuild_us=385 layout_us=0 paint_us=97 encode_us=16 acquire_us=108 submit_us=2903 skipped=0 gpu_q=1 gpu_total_us=686 gpu_prepass_us=0 gpu_main_us=686 gpu_composite_us=0 gpu_blit_us=0
frust_shell_common::perf: frust-perf raw n=2632 total_us=3308 rebuild_us=180 layout_us=0 paint_us=93 encode_us=18 acquire_us=130 submit_us=2884 skipped=0 gpu_q=1 gpu_total_us=725 gpu_prepass_us=0 gpu_main_us=725 gpu_composite_us=0 gpu_blit_us=0
frust_shell_common::perf: frust-perf raw n=2633 total_us=3300 rebuild_us=268 layout_us=0 paint_us=89 encode_us=14 acquire_us=106 submit_us=2821 skipped=0 gpu_q=1 gpu_total_us=707 gpu_prepass_us=0 gpu_main_us=707 gpu_composite_us=0 gpu_blit_us=0
frust_shell_common::perf: frust-perf raw n=2634 total_us=3287 rebuild_us=194 layout_us=0 paint_us=86 encode_us=19 acquire_us=110 submit_us=2875 skipped=0 gpu_q=1 gpu_total_us=685 gpu_prepass_us=0 gpu_main_us=685 gpu_composite_us=0 gpu_blit_us=0
frust_shell_common::perf: frust-perf raw n=2635 total_us=3476 rebuild_us=182 layout_us=0 paint_us=87 encode_us=21 acquire_us=125 submit_us=3058 skipped=0 gpu_q=1 gpu_total_us=674 gpu_prepass_us=0 gpu_main_us=674 gpu_composite_us=0 gpu_blit_us=0
frust_shell_common::perf: frust-perf raw n=2636 total_us=3368 rebuild_us=191 layout_us=0 paint_us=90 encode_us=15 acquire_us=105 submit_us=2965 skipped=0 gpu_q=1 gpu_total_us=715 gpu_prepass_us=0 gpu_main_us=715 gpu_composite_us=0 gpu_blit_us=0
frust_shell_common::perf: frust-perf raw n=2637 total_us=3204 rebuild_us=177 layout_us=0 paint_us=83 encode_us=14 acquire_us=98 submit_us=2830 skipped=0 gpu_q=1 gpu_total_us=692 gpu_prepass_us=0 gpu_main_us=692 gpu_composite_us=0 gpu_blit_us=0
frust_shell_common::perf: frust-perf raw n=2638 total_us=3238 rebuild_us=187 layout_us=0 paint_us=86 encode_us=14 acquire_us=93 submit_us=2855 skipped=0 gpu_q=1 gpu_total_us=728 gpu_prepass_us=0 gpu_main_us=728 gpu_composite_us=0 gpu_blit_us=0
frust_shell_common::perf: frust-perf raw n=2639 total_us=3281 rebuild_us=186 layout_us=0 paint_us=88 encode_us=13 acquire_us=104 submit_us=2887 skipped=0 gpu_q=1 gpu_total_us=730 gpu_prepass_us=0 gpu_main_us=730 gpu_composite_us=0 gpu_blit_us=0
frust_engine::renderer: frust-perf enc n=2640 w=60 validate_us=3.2 prepare_us=3.5 classify_us=12.1 admit_us=0.3 walk_us=499.8 glyphs_us=214.8 finish_us=2.4 compile_us=522.5 schedule_us=3.5 paints_us=13.3 instances_us=30.1 resize_us=2.8 upload_us=205.2 replay_us=0.3 pipelines_us=16.4 record_us=30.1 total_us=824.6 total_p95_us=1004.0 draws=46 strips=1073 alphas=28576 glyph_draws=36 atlas_glyphs=36
frust_shell_common::perf: frust-perf raw n=2640 total_us=3556 rebuild_us=207 layout_us=0 paint_us=92 encode_us=16 acquire_us=102 submit_us=3137 skipped=0 gpu_q=1 gpu_total_us=711 gpu_prepass_us=0 gpu_main_us=711 gpu_composite_us=0 gpu_blit_us=0
frust_shell_common::perf: frust-perf raw n=2641 total_us=5996 rebuild_us=190 layout_us=0 paint_us=90 encode_us=34 acquire_us=173 submit_us=5506 skipped=0 gpu_q=1 gpu_total_us=688 gpu_prepass_us=0 gpu_main_us=688 gpu_composite_us=0 gpu_blit_us=0
frust_shell_common::perf: frust-perf raw n=2642 total_us=4082 rebuild_us=111 layout_us=0 paint_us=52 encode_us=21 acquire_us=102 submit_us=3794 skipped=0 gpu_q=1 gpu_total_us=708 gpu_prepass_us=0 gpu_main_us=708 gpu_composite_us=0 gpu_blit_us=0
frust_shell_common::perf: frust-perf raw n=2643 total_us=3961 rebuild_us=107 layout_us=0 paint_us=48 encode_us=19 acquire_us=108 submit_us=3677 skipped=0 gpu_q=1 gpu_total_us=702 gpu_prepass_us=0 gpu_main_us=702 gpu_composite_us=0 gpu_blit_us=0
frust_shell_common::perf: frust-perf raw n=2644 total_us=4112 rebuild_us=110 layout_us=0 paint_us=55 encode_us=24 acquire_us=114 submit_us=3807 skipped=0 gpu_q=1 gpu_total_us=714 gpu_prepass_us=0 gpu_main_us=714 gpu_composite_us=0 gpu_blit_us=0
frust_shell_common::perf: frust-perf raw n=2645 total_us=4057 rebuild_us=103 layout_us=0 paint_us=53 encode_us=21 acquire_us=105 submit_us=3773 skipped=0 gpu_q=1 gpu_total_us=670 gpu_prepass_us=0 gpu_main_us=670 gpu_composite_us=0 gpu_blit_us=0
frust_shell_common::perf: frust-perf raw n=2646 total_us=4754 rebuild_us=115 layout_us=0 paint_us=52 encode_us=27 acquire_us=122 submit_us=4435 skipped=0 gpu_q=1 gpu_total_us=710 gpu_prepass_us=0 gpu_main_us=710 gpu_composite_us=0 gpu_blit_us=0
frust_shell_common::perf: frust-perf raw n=2647 total_us=4716 rebuild_us=122 layout_us=0 paint_us=57 encode_us=28 acquire_us=134 submit_us=4373 skipped=0 gpu_q=1 gpu_total_us=703 gpu_prepass_us=0 gpu_main_us=703 gpu_composite_us=0 gpu_blit_us=0
frust_shell_common::perf: frust-perf raw n=2648 total_us=5864 rebuild_us=120 layout_us=0 paint_us=60 encode_us=31 acquire_us=131 submit_us=5520 skipped=0 gpu_q=1 gpu_total_us=710 gpu_prepass_us=0 gpu_main_us=710 gpu_composite_us=0 gpu_blit_us=0
frust_shell_common::perf: frust-perf raw n=2649 total_us=5714 rebuild_us=122 layout_us=0 paint_us=56 encode_us=30 acquire_us=144 submit_us=5359 skipped=0 gpu_q=1 gpu_total_us=727 gpu_prepass_us=0 gpu_main_us=727 gpu_composite_us=0 gpu_blit_us=0
frust_shell_common::perf: frust-perf raw n=2650 total_us=5574 rebuild_us=121 layout_us=0 paint_us=59 encode_us=29 acquire_us=209 submit_us=5155 skipped=0 gpu_q=1 gpu_total_us=665 gpu_prepass_us=0 gpu_main_us=665 gpu_composite_us=0 gpu_blit_us=0
frust_shell_common::perf: frust-perf raw n=2651 total_us=2896 rebuild_us=116 layout_us=0 paint_us=56 encode_us=22 acquire_us=161 submit_us=2540 skipped=0 gpu_q=1 gpu_total_us=665 gpu_prepass_us=0 gpu_main_us=665 gpu_composite_us=0 gpu_blit_us=0
frust_shell_common::perf: frust-perf raw n=2652 total_us=3180 rebuild_us=177 layout_us=0 paint_us=84 encode_us=14 acquire_us=97 submit_us=2806 skipped=0 gpu_q=1 gpu_total_us=664 gpu_prepass_us=0 gpu_main_us=664 gpu_composite_us=0 gpu_blit_us=0
frust_shell_common::perf: frust-perf raw n=2653 total_us=5305 rebuild_us=196 layout_us=0 paint_us=91 encode_us=38 acquire_us=178 submit_us=4800 skipped=0 gpu_q=1 gpu_total_us=670 gpu_prepass_us=0 gpu_main_us=670 gpu_composite_us=0 gpu_blit_us=0
frust_shell_common::perf: frust-perf raw n=2654 total_us=4206 rebuild_us=113 layout_us=0 paint_us=53 encode_us=26 acquire_us=118 submit_us=3893 skipped=0 gpu_q=1 gpu_total_us=666 gpu_prepass_us=0 gpu_main_us=666 gpu_composite_us=0 gpu_blit_us=0
frust_shell_common::perf: frust-perf raw n=2655 total_us=3482 rebuild_us=97 layout_us=0 paint_us=47 encode_us=22 acquire_us=101 submit_us=3213 skipped=0 gpu_q=1 gpu_total_us=762 gpu_prepass_us=0 gpu_main_us=762 gpu_composite_us=0 gpu_blit_us=0
frust_shell_common::perf: frust-perf raw n=2656 total_us=3923 rebuild_us=111 layout_us=0 paint_us=52 encode_us=23 acquire_us=119 submit_us=3616 skipped=0 gpu_q=1 gpu_total_us=704 gpu_prepass_us=0 gpu_main_us=704 gpu_composite_us=0 gpu_blit_us=0
frust_shell_common::perf: frust-perf raw n=2657 total_us=3815 rebuild_us=108 layout_us=0 paint_us=52 encode_us=22 acquire_us=109 submit_us=3522 skipped=0 gpu_q=1 gpu_total_us=669 gpu_prepass_us=0 gpu_main_us=669 gpu_composite_us=0 gpu_blit_us=0
frust_shell_common::perf: frust-perf raw n=2658 total_us=3952 rebuild_us=110 layout_us=0 paint_us=51 encode_us=25 acquire_us=110 submit_us=3654 skipped=0 gpu_q=1 gpu_total_us=706 gpu_prepass_us=0 gpu_main_us=706 gpu_composite_us=0 gpu_blit_us=0
frust_shell_common::perf: frust-perf raw n=2659 total_us=4724 rebuild_us=113 layout_us=0 paint_us=54 encode_us=26 acquire_us=120 submit_us=4409 skipped=0 gpu_q=1 gpu_total_us=694 gpu_prepass_us=0 gpu_main_us=694 gpu_composite_us=0 gpu_blit_us=0
frust_shell_common::perf: frust-perf raw n=2660 total_us=3429 rebuild_us=118 layout_us=0 paint_us=58 encode_us=19 acquire_us=151 submit_us=3080 skipped=0 gpu_q=1 gpu_total_us=702 gpu_prepass_us=0 gpu_main_us=702 gpu_composite_us=0 gpu_blit_us=0
frust_shell_common::perf: frust-perf raw n=2661 total_us=5405 rebuild_us=181 layout_us=0 paint_us=85 encode_us=36 acquire_us=165 submit_us=4935 skipped=0 gpu_q=1 gpu_total_us=672 gpu_prepass_us=0 gpu_main_us=672 gpu_composite_us=0 gpu_blit_us=0
frust_shell_common::perf: frust-perf raw n=2662 total_us=4305 rebuild_us=120 layout_us=0 paint_us=57 encode_us=29 acquire_us=129 submit_us=3969 skipped=0 gpu_q=1 gpu_total_us=681 gpu_prepass_us=0 gpu_main_us=681 gpu_composite_us=0 gpu_blit_us=0
frust_shell_common::perf: frust-perf raw n=2663 total_us=5728 rebuild_us=112 layout_us=0 paint_us=49 encode_us=24 acquire_us=118 submit_us=5423 skipped=0 gpu_q=1 gpu_total_us=670 gpu_prepass_us=0 gpu_main_us=670 gpu_composite_us=0 gpu_blit_us=0
frust_shell_common::perf: frust-perf raw n=2664 total_us=4513 rebuild_us=115 layout_us=0 paint_us=53 encode_us=23 acquire_us=131 submit_us=4189 skipped=0 gpu_q=1 gpu_total_us=715 gpu_prepass_us=0 gpu_main_us=715 gpu_composite_us=0 gpu_blit_us=0
frust_shell_common::perf: frust-perf raw n=2665 total_us=4510 rebuild_us=120 layout_us=0 paint_us=56 encode_us=24 acquire_us=133 submit_us=4175 skipped=0 gpu_q=1 gpu_total_us=680 gpu_prepass_us=0 gpu_main_us=680 gpu_composite_us=0 gpu_blit_us=0
frust_shell_common::perf: frust-perf raw n=2666 total_us=4730 rebuild_us=111 layout_us=0 paint_us=50 encode_us=23 acquire_us=119 submit_us=4425 skipped=0 gpu_q=1 gpu_total_us=670 gpu_prepass_us=0 gpu_main_us=670 gpu_composite_us=0 gpu_blit_us=0
frust_shell_common::perf: frust-perf raw n=2667 total_us=5421 rebuild_us=115 layout_us=0 paint_us=53 encode_us=25 acquire_us=256 submit_us=4970 skipped=0 gpu_q=1 gpu_total_us=675 gpu_prepass_us=0 gpu_main_us=675 gpu_composite_us=0 gpu_blit_us=0
frust_shell_common::perf: frust-perf raw n=2668 total_us=5595 rebuild_us=174 layout_us=0 paint_us=121 encode_us=28 acquire_us=140 submit_us=5131 skipped=0 gpu_q=1 gpu_total_us=670 gpu_prepass_us=0 gpu_main_us=670 gpu_composite_us=0 gpu_blit_us=0
frust_shell_common::perf: frust-perf raw n=2669 total_us=4492 rebuild_us=124 layout_us=0 paint_us=57 encode_us=24 acquire_us=130 submit_us=4155 skipped=0 gpu_q=1 gpu_total_us=672 gpu_prepass_us=0 gpu_main_us=672 gpu_composite_us=0 gpu_blit_us=0
frust_shell_common::perf: frust-perf raw n=2670 total_us=5372 rebuild_us=120 layout_us=0 paint_us=55 encode_us=30 acquire_us=130 submit_us=5034 skipped=0 gpu_q=1 gpu_total_us=667 gpu_prepass_us=0 gpu_main_us=667 gpu_composite_us=0 gpu_blit_us=0
frust_shell_common::perf: frust-perf frame n=120 total_p50_ms=3 total_p95_ms=5 total_p99_ms=5 rebuild_p95_ms=0 layout_p95_ms=0 paint_p95_ms=0 encode_p95_ms=0 acquire_p95_ms=0 submit_p95_ms=5 over_60hz=1 over_120hz=4 skipped=0 total_frames=2670
frust_shell_common::perf: frust-perf raw n=2671 total_us=4493 rebuild_us=114 layout_us=0 paint_us=54 encode_us=26 acquire_us=121 submit_us=4176 skipped=0 gpu_q=1 gpu_total_us=665 gpu_prepass_us=0 gpu_main_us=665 gpu_composite_us=0 gpu_blit_us=0
frust_shell_common::perf: frust-perf raw n=2672 total_us=4482 rebuild_us=119 layout_us=0 paint_us=54 encode_us=27 acquire_us=119 submit_us=4161 skipped=0 gpu_q=1 gpu_total_us=692 gpu_prepass_us=0 gpu_main_us=692 gpu_composite_us=0 gpu_blit_us=0
frust_shell_common::perf: frust-perf raw n=2673 total_us=5516 rebuild_us=132 layout_us=0 paint_us=57 encode_us=28 acquire_us=129 submit_us=5167 skipped=0 gpu_q=1 gpu_total_us=707 gpu_prepass_us=0 gpu_main_us=707 gpu_composite_us=0 gpu_blit_us=0
frust_shell_common::perf: frust-perf raw n=2674 total_us=6444 rebuild_us=136 layout_us=0 paint_us=59 encode_us=26 acquire_us=147 submit_us=6075 skipped=0 gpu_q=1 gpu_total_us=710 gpu_prepass_us=0 gpu_main_us=710 gpu_composite_us=0 gpu_blit_us=0
frust_shell_common::perf: frust-perf raw n=2675 total_us=4538 rebuild_us=117 layout_us=0 paint_us=52 encode_us=23 acquire_us=125 submit_us=4218 skipped=0 gpu_q=1 gpu_total_us=703 gpu_prepass_us=0 gpu_main_us=703 gpu_composite_us=0 gpu_blit_us=0
frust_shell_common::perf: frust-perf raw n=2676 total_us=3948 rebuild_us=100 layout_us=0 paint_us=44 encode_us=24 acquire_us=130 submit_us=3647 skipped=0 gpu_q=1 gpu_total_us=706 gpu_prepass_us=0 gpu_main_us=706 gpu_composite_us=0 gpu_blit_us=0
frust_shell_common::perf: frust-perf raw n=2677 total_us=4431 rebuild_us=105 layout_us=0 paint_us=47 encode_us=24 acquire_us=118 submit_us=4134 skipped=0 gpu_q=1 gpu_total_us=701 gpu_prepass_us=0 gpu_main_us=701 gpu_composite_us=0 gpu_blit_us=0
frust_shell_common::perf: frust-perf raw n=2678 total_us=4398 rebuild_us=110 layout_us=0 paint_us=52 encode_us=27 acquire_us=118 submit_us=4088 skipped=0 gpu_q=1 gpu_total_us=704 gpu_prepass_us=0 gpu_main_us=704 gpu_composite_us=0 gpu_blit_us=0
frust_shell_common::perf: frust-perf raw n=2679 total_us=5396 rebuild_us=124 layout_us=0 paint_us=64 encode_us=30 acquire_us=138 submit_us=5038 skipped=0 gpu_q=1 gpu_total_us=696 gpu_prepass_us=0 gpu_main_us=696 gpu_composite_us=0 gpu_blit_us=0
frust_shell_common::perf: frust-perf raw n=2680 total_us=4103 rebuild_us=105 layout_us=0 paint_us=48 encode_us=28 acquire_us=115 submit_us=3805 skipped=0 gpu_q=1 gpu_total_us=738 gpu_prepass_us=0 gpu_main_us=738 gpu_composite_us=0 gpu_blit_us=0
frust_shell_common::perf: frust-perf raw n=2681 total_us=4067 rebuild_us=105 layout_us=0 paint_us=50 encode_us=23 acquire_us=127 submit_us=3759 skipped=0 gpu_q=1 gpu_total_us=702 gpu_prepass_us=0 gpu_main_us=702 gpu_composite_us=0 gpu_blit_us=0
frust_shell_common::perf: frust-perf raw n=2682 total_us=4523 rebuild_us=118 layout_us=0 paint_us=53 encode_us=25 acquire_us=132 submit_us=4193 skipped=0 gpu_q=1 gpu_total_us=702 gpu_prepass_us=0 gpu_main_us=702 gpu_composite_us=0 gpu_blit_us=0
frust_shell_common::perf: frust-perf raw n=2683 total_us=5678 rebuild_us=145 layout_us=0 paint_us=62 encode_us=27 acquire_us=215 submit_us=5226 skipped=0 gpu_q=1 gpu_total_us=705 gpu_prepass_us=0 gpu_main_us=705 gpu_composite_us=0 gpu_blit_us=0
frust_shell_common::perf: frust-perf raw n=2684 total_us=3341 rebuild_us=129 layout_us=0 paint_us=61 encode_us=21 acquire_us=230 submit_us=2898 skipped=0 gpu_q=1 gpu_total_us=745 gpu_prepass_us=0 gpu_main_us=745 gpu_composite_us=0 gpu_blit_us=0
frust_shell_common::perf: frust-perf raw n=2685 total_us=3258 rebuild_us=188 layout_us=0 paint_us=96 encode_us=14 acquire_us=107 submit_us=2851 skipped=0 gpu_q=1 gpu_total_us=753 gpu_prepass_us=0 gpu_main_us=753 gpu_composite_us=0 gpu_blit_us=0
frust_shell_common::perf: frust-perf raw n=2686 total_us=5968 rebuild_us=193 layout_us=0 paint_us=89 encode_us=38 acquire_us=187 submit_us=5458 skipped=0 gpu_q=1 gpu_total_us=702 gpu_prepass_us=0 gpu_main_us=702 gpu_composite_us=0 gpu_blit_us=0
frust_shell_common::perf: frust-perf raw n=2687 total_us=5550 rebuild_us=149 layout_us=0 paint_us=66 encode_us=35 acquire_us=156 submit_us=5141 skipped=0 gpu_q=1 gpu_total_us=713 gpu_prepass_us=0 gpu_main_us=713 gpu_composite_us=0 gpu_blit_us=0
frust_shell_common::perf: frust-perf raw n=2688 total_us=4099 rebuild_us=108 layout_us=0 paint_us=53 encode_us=20 acquire_us=119 submit_us=3797 skipped=0 gpu_q=1 gpu_total_us=762 gpu_prepass_us=0 gpu_main_us=762 gpu_composite_us=0 gpu_blit_us=0
frust_shell_common::perf: frust-perf raw n=2689 total_us=3701 rebuild_us=98 layout_us=0 paint_us=48 encode_us=20 acquire_us=106 submit_us=3428 skipped=0 gpu_q=1 gpu_total_us=750 gpu_prepass_us=0 gpu_main_us=750 gpu_composite_us=0 gpu_blit_us=0
frust_shell_common::perf: frust-perf raw n=2690 total_us=4112 rebuild_us=107 layout_us=0 paint_us=52 encode_us=23 acquire_us=94 submit_us=3834 skipped=0 gpu_q=1 gpu_total_us=707 gpu_prepass_us=0 gpu_main_us=707 gpu_composite_us=0 gpu_blit_us=0
frust_shell_common::perf: frust-perf raw n=2691 total_us=5727 rebuild_us=141 layout_us=0 paint_us=64 encode_us=28 acquire_us=194 submit_us=5298 skipped=0 gpu_q=1 gpu_total_us=707 gpu_prepass_us=0 gpu_main_us=707 gpu_composite_us=0 gpu_blit_us=0
frust_shell_common::perf: frust-perf raw n=2692 total_us=4572 rebuild_us=127 layout_us=0 paint_us=59 encode_us=25 acquire_us=128 submit_us=4232 skipped=0 gpu_q=1 gpu_total_us=758 gpu_prepass_us=0 gpu_main_us=758 gpu_composite_us=0 gpu_blit_us=0
frust_shell_common::perf: frust-perf raw n=2693 total_us=4385 rebuild_us=112 layout_us=0 paint_us=51 encode_us=23 acquire_us=121 submit_us=4077 skipped=0 gpu_q=1 gpu_total_us=723 gpu_prepass_us=0 gpu_main_us=723 gpu_composite_us=0 gpu_blit_us=0
frust_shell_common::perf: frust-perf raw n=2694 total_us=4411 rebuild_us=110 layout_us=0 paint_us=53 encode_us=26 acquire_us=145 submit_us=4075 skipped=0 gpu_q=1 gpu_total_us=736 gpu_prepass_us=0 gpu_main_us=736 gpu_composite_us=0 gpu_blit_us=0
frust_shell_common::perf: frust-perf raw n=2695 total_us=5323 rebuild_us=115 layout_us=0 paint_us=54 encode_us=27 acquire_us=123 submit_us=5001 skipped=0 gpu_q=1 gpu_total_us=701 gpu_prepass_us=0 gpu_main_us=701 gpu_composite_us=0 gpu_blit_us=0
frust_shell_common::perf: frust-perf raw n=2696 total_us=4446 rebuild_us=104 layout_us=0 paint_us=51 encode_us=24 acquire_us=113 submit_us=4152 skipped=0 gpu_q=1 gpu_total_us=706 gpu_prepass_us=0 gpu_main_us=706 gpu_composite_us=0 gpu_blit_us=0
frust_shell_common::perf: frust-perf raw n=2697 total_us=5369 rebuild_us=126 layout_us=0 paint_us=62 encode_us=29 acquire_us=135 submit_us=5015 skipped=0 gpu_q=1 gpu_total_us=709 gpu_prepass_us=0 gpu_main_us=709 gpu_composite_us=0 gpu_blit_us=0
frust_shell_common::perf: frust-perf raw n=2698 total_us=3283 rebuild_us=111 layout_us=0 paint_us=54 encode_us=18 acquire_us=159 submit_us=2938 skipped=0 gpu_q=1 gpu_total_us=706 gpu_prepass_us=0 gpu_main_us=706 gpu_composite_us=0 gpu_blit_us=0
frust_shell_common::perf: frust-perf raw n=2699 total_us=3453 rebuild_us=177 layout_us=0 paint_us=87 encode_us=14 acquire_us=97 submit_us=3077 skipped=0 gpu_q=1 gpu_total_us=703 gpu_prepass_us=0 gpu_main_us=703 gpu_composite_us=0 gpu_blit_us=0
frust_engine::renderer: frust-perf enc n=2700 w=60 validate_us=6.1 prepare_us=3.4 classify_us=17.0 admit_us=0.5 walk_us=759.4 glyphs_us=325.0 finish_us=3.3 compile_us=791.2 schedule_us=5.2 paints_us=19.8 instances_us=64.6 resize_us=2.8 upload_us=273.0 replay_us=0.5 pipelines_us=23.3 record_us=44.4 total_us=1288.3 total_p95_us=1706.6 draws=46 strips=1073 alphas=28576 glyph_draws=36 atlas_glyphs=36
frust_shell_common::perf: frust-perf raw n=2700 total_us=3557 rebuild_us=190 layout_us=0 paint_us=182 encode_us=19 acquire_us=107 submit_us=3056 skipped=0 gpu_q=1 gpu_total_us=699 gpu_prepass_us=0 gpu_main_us=699 gpu_composite_us=0 gpu_blit_us=0
frust_shell_common::perf: frust-perf raw n=2701 total_us=3348 rebuild_us=283 layout_us=0 paint_us=89 encode_us=13 acquire_us=98 submit_us=2862 skipped=0 gpu_q=1 gpu_total_us=714 gpu_prepass_us=0 gpu_main_us=714 gpu_composite_us=0 gpu_blit_us=0
frust_shell_common::perf: frust-perf raw n=2702 total_us=3376 rebuild_us=198 layout_us=0 paint_us=88 encode_us=15 acquire_us=106 submit_us=2967 skipped=0 gpu_q=1 gpu_total_us=752 gpu_prepass_us=0 gpu_main_us=752 gpu_composite_us=0 gpu_blit_us=0
frust_shell_common::perf: frust-perf raw n=2703 total_us=3353 rebuild_us=189 layout_us=0 paint_us=96 encode_us=15 acquire_us=112 submit_us=2938 skipped=0 gpu_q=1 gpu_total_us=768 gpu_prepass_us=0 gpu_main_us=768 gpu_composite_us=0 gpu_blit_us=0
frust_shell_common::perf: frust-perf raw n=2704 total_us=3373 rebuild_us=192 layout_us=0 paint_us=89 encode_us=15 acquire_us=106 submit_us=2969 skipped=0 gpu_q=1 gpu_total_us=772 gpu_prepass_us=0 gpu_main_us=772 gpu_composite_us=0 gpu_blit_us=0
frust_shell_common::perf: frust-perf raw n=2705 total_us=3424 rebuild_us=183 layout_us=0 paint_us=88 encode_us=16 acquire_us=109 submit_us=3025 skipped=0 gpu_q=1 gpu_total_us=767 gpu_prepass_us=0 gpu_main_us=767 gpu_composite_us=0 gpu_blit_us=0
frust_shell_common::perf: frust-perf raw n=2706 total_us=3338 rebuild_us=187 layout_us=0 paint_us=84 encode_us=14 acquire_us=108 submit_us=2942 skipped=0 gpu_q=1 gpu_total_us=759 gpu_prepass_us=0 gpu_main_us=759 gpu_composite_us=0 gpu_blit_us=0
frust_shell_common::perf: frust-perf raw n=2707 total_us=3352 rebuild_us=194 layout_us=0 paint_us=88 encode_us=14 acquire_us=106 submit_us=2947 skipped=0 gpu_q=1 gpu_total_us=746 gpu_prepass_us=0 gpu_main_us=746 gpu_composite_us=0 gpu_blit_us=0
frust_shell_common::perf: frust-perf raw n=2708 total_us=3384 rebuild_us=188 layout_us=0 paint_us=91 encode_us=17 acquire_us=114 submit_us=2973 skipped=0 gpu_q=1 gpu_total_us=766 gpu_prepass_us=0 gpu_main_us=766 gpu_composite_us=0 gpu_blit_us=0
frust_shell_common::perf: frust-perf raw n=2709 total_us=3532 rebuild_us=199 layout_us=0 paint_us=96 encode_us=15 acquire_us=114 submit_us=3105 skipped=0 gpu_q=1 gpu_total_us=758 gpu_prepass_us=0 gpu_main_us=758 gpu_composite_us=0 gpu_blit_us=0
frust_shell_common::perf: frust-perf raw n=2710 total_us=3315 rebuild_us=194 layout_us=0 paint_us=95 encode_us=15 acquire_us=99 submit_us=2910 skipped=0 gpu_q=1 gpu_total_us=770 gpu_prepass_us=0 gpu_main_us=770 gpu_composite_us=0 gpu_blit_us=0
frust_shell_common::perf: frust-perf raw n=2711 total_us=3359 rebuild_us=190 layout_us=0 paint_us=99 encode_us=15 acquire_us=104 submit_us=2950 skipped=0 gpu_q=1 gpu_total_us=768 gpu_prepass_us=0 gpu_main_us=768 gpu_composite_us=0 gpu_blit_us=0
frust_shell_common::perf: frust-perf raw n=2712 total_us=3456 rebuild_us=189 layout_us=0 paint_us=93 encode_us=15 acquire_us=121 submit_us=3036 skipped=0 gpu_q=1 gpu_total_us=748 gpu_prepass_us=0 gpu_main_us=748 gpu_composite_us=0 gpu_blit_us=0
frust_shell_common::perf: frust-perf raw n=2713 total_us=3419 rebuild_us=199 layout_us=0 paint_us=93 encode_us=15 acquire_us=107 submit_us=3003 skipped=0 gpu_q=1 gpu_total_us=740 gpu_prepass_us=0 gpu_main_us=740 gpu_composite_us=0 gpu_blit_us=0
frust_shell_common::perf: frust-perf raw n=2714 total_us=3300 rebuild_us=171 layout_us=0 paint_us=79 encode_us=13 acquire_us=103 submit_us=2932 skipped=0 gpu_q=1 gpu_total_us=777 gpu_prepass_us=0 gpu_main_us=777 gpu_composite_us=0 gpu_blit_us=0
frust_shell_common::perf: frust-perf raw n=2715 total_us=3303 rebuild_us=166 layout_us=0 paint_us=80 encode_us=13 acquire_us=107 submit_us=2936 skipped=0 gpu_q=1 gpu_total_us=752 gpu_prepass_us=0 gpu_main_us=752 gpu_composite_us=0 gpu_blit_us=0
frust_shell_common::perf: frust-perf raw n=2716 total_us=3185 rebuild_us=172 layout_us=0 paint_us=83 encode_us=13 acquire_us=98 submit_us=2817 skipped=0 gpu_q=1 gpu_total_us=776 gpu_prepass_us=0 gpu_main_us=776 gpu_composite_us=0 gpu_blit_us=0
frust_shell_common::perf: frust-perf raw n=2717 total_us=3444 rebuild_us=284 layout_us=0 paint_us=94 encode_us=15 acquire_us=110 submit_us=2939 skipped=0 gpu_q=1 gpu_total_us=765 gpu_prepass_us=0 gpu_main_us=765 gpu_composite_us=0 gpu_blit_us=0
frust_shell_common::perf: frust-perf raw n=2718 total_us=3338 rebuild_us=241 layout_us=0 paint_us=90 encode_us=14 acquire_us=101 submit_us=2890 skipped=0 gpu_q=1 gpu_total_us=760 gpu_prepass_us=0 gpu_main_us=760 gpu_composite_us=0 gpu_blit_us=0
frust_shell_common::perf: frust-perf raw n=2719 total_us=3360 rebuild_us=190 layout_us=0 paint_us=98 encode_us=13 acquire_us=103 submit_us=2954 skipped=0 gpu_q=1 gpu_total_us=742 gpu_prepass_us=0 gpu_main_us=742 gpu_composite_us=0 gpu_blit_us=0
frust_shell_common::perf: frust-perf raw n=2720 total_us=3295 rebuild_us=177 layout_us=0 paint_us=89 encode_us=18 acquire_us=118 submit_us=2891 skipped=0 gpu_q=1 gpu_total_us=761 gpu_prepass_us=0 gpu_main_us=761 gpu_composite_us=0 gpu_blit_us=0
frust_shell_common::perf: frust-perf raw n=2721 total_us=3472 rebuild_us=183 layout_us=0 paint_us=92 encode_us=14 acquire_us=111 submit_us=3070 skipped=0 gpu_q=1 gpu_total_us=784 gpu_prepass_us=0 gpu_main_us=784 gpu_composite_us=0 gpu_blit_us=0
frust_shell_common::perf: frust-perf raw n=2722 total_us=3412 rebuild_us=182 layout_us=0 paint_us=86 encode_us=14 acquire_us=108 submit_us=3019 skipped=0 gpu_q=1 gpu_total_us=746 gpu_prepass_us=0 gpu_main_us=746 gpu_composite_us=0 gpu_blit_us=0
frust_shell_common::perf: frust-perf raw n=2723 total_us=5439 rebuild_us=182 layout_us=0 paint_us=85 encode_us=34 acquire_us=168 submit_us=4967 skipped=0 gpu_q=1 gpu_total_us=760 gpu_prepass_us=0 gpu_main_us=760 gpu_composite_us=0 gpu_blit_us=0
frust_shell_common::perf: frust-perf raw n=2724 total_us=3362 rebuild_us=116 layout_us=0 paint_us=54 encode_us=23 acquire_us=163 submit_us=3003 skipped=0 gpu_q=1 gpu_total_us=745 gpu_prepass_us=0 gpu_main_us=745 gpu_composite_us=0 gpu_blit_us=0
frust_shell_common::perf: frust-perf raw n=2725 total_us=3342 rebuild_us=183 layout_us=0 paint_us=86 encode_us=14 acquire_us=96 submit_us=2961 skipped=0 gpu_q=1 gpu_total_us=767 gpu_prepass_us=0 gpu_main_us=767 gpu_composite_us=0 gpu_blit_us=0
frust_shell_common::perf: frust-perf raw n=2726 total_us=7009 rebuild_us=185 layout_us=0 paint_us=85 encode_us=37 acquire_us=188 submit_us=6512 skipped=0 gpu_q=1 gpu_total_us=757 gpu_prepass_us=0 gpu_main_us=757 gpu_composite_us=0 gpu_blit_us=0
frust_shell_common::perf: frust-perf raw n=2727 total_us=5298 rebuild_us=156 layout_us=0 paint_us=77 encode_us=36 acquire_us=199 submit_us=4827 skipped=0 gpu_q=1 gpu_total_us=722 gpu_prepass_us=0 gpu_main_us=722 gpu_composite_us=0 gpu_blit_us=0
frust_shell_common::perf: frust-perf raw n=2728 total_us=4016 rebuild_us=113 layout_us=0 paint_us=51 encode_us=22 acquire_us=125 submit_us=3702 skipped=0 gpu_q=1 gpu_total_us=751 gpu_prepass_us=0 gpu_main_us=751 gpu_composite_us=0 gpu_blit_us=0
frust_shell_common::perf: frust-perf raw n=2729 total_us=4348 rebuild_us=417 layout_us=0 paint_us=50 encode_us=20 acquire_us=105 submit_us=3754 skipped=0 gpu_q=1 gpu_total_us=767 gpu_prepass_us=0 gpu_main_us=767 gpu_composite_us=0 gpu_blit_us=0
frust_shell_common::perf: frust-perf raw n=2730 total_us=4469 rebuild_us=104 layout_us=0 paint_us=48 encode_us=24 acquire_us=142 submit_us=4148 skipped=0 gpu_q=1 gpu_total_us=724 gpu_prepass_us=0 gpu_main_us=724 gpu_composite_us=0 gpu_blit_us=0
frust_shell_common::perf: frust-perf raw n=2731 total_us=4353 rebuild_us=109 layout_us=0 paint_us=50 encode_us=21 acquire_us=124 submit_us=4046 skipped=0 gpu_q=1 gpu_total_us=723 gpu_prepass_us=0 gpu_main_us=723 gpu_composite_us=0 gpu_blit_us=0
frust_shell_common::perf: frust-perf raw n=2732 total_us=5661 rebuild_us=117 layout_us=0 paint_us=54 encode_us=24 acquire_us=131 submit_us=5332 skipped=0 gpu_q=1 gpu_total_us=723 gpu_prepass_us=0 gpu_main_us=723 gpu_composite_us=0 gpu_blit_us=0
frust_shell_common::perf: frust-perf raw n=2733 total_us=5686 rebuild_us=131 layout_us=0 paint_us=61 encode_us=25 acquire_us=138 submit_us=5327 skipped=0 gpu_q=1 gpu_total_us=715 gpu_prepass_us=0 gpu_main_us=715 gpu_composite_us=0 gpu_blit_us=0
frust_shell_common::perf: frust-perf raw n=2734 total_us=4316 rebuild_us=110 layout_us=0 paint_us=51 encode_us=22 acquire_us=124 submit_us=4007 skipped=0 gpu_q=1 gpu_total_us=690 gpu_prepass_us=0 gpu_main_us=690 gpu_composite_us=0 gpu_blit_us=0
frust_shell_common::perf: frust-perf raw n=2735 total_us=4028 rebuild_us=129 layout_us=0 paint_us=62 encode_us=27 acquire_us=173 submit_us=3634 skipped=0 gpu_q=1 gpu_total_us=684 gpu_prepass_us=0 gpu_main_us=684 gpu_composite_us=0 gpu_blit_us=0
frust_shell_common::perf: frust-perf raw n=2736 total_us=3218 rebuild_us=123 layout_us=0 paint_us=112 encode_us=19 acquire_us=186 submit_us=2775 skipped=0 gpu_q=1 gpu_total_us=699 gpu_prepass_us=0 gpu_main_us=699 gpu_composite_us=0 gpu_blit_us=0
frust_shell_common::perf: frust-perf raw n=2737 total_us=3539 rebuild_us=218 layout_us=0 paint_us=88 encode_us=15 acquire_us=109 submit_us=3106 skipped=0 gpu_q=1 gpu_total_us=699 gpu_prepass_us=0 gpu_main_us=699 gpu_composite_us=0 gpu_blit_us=0
frust_shell_common::perf: frust-perf raw n=2738 total_us=3397 rebuild_us=200 layout_us=0 paint_us=87 encode_us=17 acquire_us=110 submit_us=2981 skipped=0 gpu_q=1 gpu_total_us=687 gpu_prepass_us=0 gpu_main_us=687 gpu_composite_us=0 gpu_blit_us=0
frust_shell_common::perf: frust-perf raw n=2739 total_us=3380 rebuild_us=191 layout_us=0 paint_us=85 encode_us=17 acquire_us=112 submit_us=2973 skipped=0 gpu_q=1 gpu_total_us=697 gpu_prepass_us=0 gpu_main_us=697 gpu_composite_us=0 gpu_blit_us=0
frust_shell_common::perf: frust-perf raw n=2740 total_us=3424 rebuild_us=197 layout_us=0 paint_us=89 encode_us=14 acquire_us=108 submit_us=3014 skipped=0 gpu_q=1 gpu_total_us=715 gpu_prepass_us=0 gpu_main_us=715 gpu_composite_us=0 gpu_blit_us=0
frust_shell_common::perf: frust-perf raw n=2741 total_us=3333 rebuild_us=195 layout_us=0 paint_us=86 encode_us=13 acquire_us=99 submit_us=2937 skipped=0 gpu_q=1 gpu_total_us=738 gpu_prepass_us=0 gpu_main_us=738 gpu_composite_us=0 gpu_blit_us=0
frust_shell_common::perf: frust-perf raw n=2742 total_us=3340 rebuild_us=193 layout_us=0 paint_us=90 encode_us=19 acquire_us=107 submit_us=2929 skipped=0 gpu_q=1 gpu_total_us=747 gpu_prepass_us=0 gpu_main_us=747 gpu_composite_us=0 gpu_blit_us=0
frust_shell_common::perf: frust-perf raw n=2743 total_us=3450 rebuild_us=189 layout_us=0 paint_us=86 encode_us=15 acquire_us=108 submit_us=3049 skipped=0 gpu_q=1 gpu_total_us=725 gpu_prepass_us=0 gpu_main_us=725 gpu_composite_us=0 gpu_blit_us=0
frust_shell_common::perf: frust-perf raw n=2744 total_us=3405 rebuild_us=190 layout_us=0 paint_us=86 encode_us=14 acquire_us=101 submit_us=3011 skipped=0 gpu_q=1 gpu_total_us=740 gpu_prepass_us=0 gpu_main_us=740 gpu_composite_us=0 gpu_blit_us=0
frust_shell_common::perf: frust-perf raw n=2745 total_us=3399 rebuild_us=195 layout_us=0 paint_us=96 encode_us=14 acquire_us=105 submit_us=2987 skipped=0 gpu_q=1 gpu_total_us=703 gpu_prepass_us=0 gpu_main_us=703 gpu_composite_us=0 gpu_blit_us=0
frust_shell_common::perf: frust-perf raw n=2746 total_us=3421 rebuild_us=199 layout_us=0 paint_us=89 encode_us=16 acquire_us=106 submit_us=3008 skipped=0 gpu_q=1 gpu_total_us=713 gpu_prepass_us=0 gpu_main_us=713 gpu_composite_us=0 gpu_blit_us=0
frust_shell_common::perf: frust-perf raw n=2747 total_us=3383 rebuild_us=187 layout_us=0 paint_us=91 encode_us=13 acquire_us=106 submit_us=2983 skipped=0 gpu_q=1 gpu_total_us=726 gpu_prepass_us=0 gpu_main_us=726 gpu_composite_us=0 gpu_blit_us=0
frust_shell_common::perf: frust-perf raw n=2748 total_us=3383 rebuild_us=188 layout_us=0 paint_us=86 encode_us=15 acquire_us=105 submit_us=2986 skipped=0 gpu_q=1 gpu_total_us=734 gpu_prepass_us=0 gpu_main_us=734 gpu_composite_us=0 gpu_blit_us=0
frust_shell_common::perf: frust-perf raw n=2749 total_us=3324 rebuild_us=183 layout_us=0 paint_us=85 encode_us=13 acquire_us=104 submit_us=2936 skipped=0 gpu_q=1 gpu_total_us=737 gpu_prepass_us=0 gpu_main_us=737 gpu_composite_us=0 gpu_blit_us=0
frust_shell_android::app::frame: frust-perf platform-view tail depth=0 target=0 acquire_bound=false frame=2760 expected_present_us=0 acquire_us=104 period_us=8236
frust_shell_common::perf: frust-perf raw n=2750 total_us=3300 rebuild_us=190 layout_us=0 paint_us=84 encode_us=16 acquire_us=107 submit_us=2900 skipped=0 gpu_q=1 gpu_total_us=716 gpu_prepass_us=0 gpu_main_us=716 gpu_composite_us=0 gpu_blit_us=0
frust_shell_common::perf: frust-perf raw n=2751 total_us=3453 rebuild_us=192 layout_us=0 paint_us=165 encode_us=14 acquire_us=103 submit_us=2977 skipped=0 gpu_q=1 gpu_total_us=725 gpu_prepass_us=0 gpu_main_us=725 gpu_composite_us=0 gpu_blit_us=0
frust_shell_common::perf: frust-perf raw n=2752 total_us=3427 rebuild_us=318 layout_us=0 paint_us=88 encode_us=16 acquire_us=104 submit_us=2898 skipped=0 gpu_q=1 gpu_total_us=740 gpu_prepass_us=0 gpu_main_us=740 gpu_composite_us=0 gpu_blit_us=0
frust_shell_common::perf: frust-perf raw n=2753 total_us=5962 rebuild_us=180 layout_us=0 paint_us=94 encode_us=42 acquire_us=181 submit_us=5462 skipped=0 gpu_q=1 gpu_total_us=731 gpu_prepass_us=0 gpu_main_us=731 gpu_composite_us=0 gpu_blit_us=0
frust_shell_common::perf: frust-perf raw n=2754 total_us=6059 rebuild_us=146 layout_us=0 paint_us=68 encode_us=27 acquire_us=152 submit_us=5663 skipped=0 gpu_q=1 gpu_total_us=760 gpu_prepass_us=0 gpu_main_us=760 gpu_composite_us=0 gpu_blit_us=0
frust_shell_common::perf: frust-perf raw n=2755 total_us=4001 rebuild_us=117 layout_us=0 paint_us=52 encode_us=22 acquire_us=116 submit_us=3692 skipped=0 gpu_q=1 gpu_total_us=744 gpu_prepass_us=0 gpu_main_us=744 gpu_composite_us=0 gpu_blit_us=0
frust_shell_common::perf: frust-perf raw n=2756 total_us=3966 rebuild_us=103 layout_us=0 paint_us=49 encode_us=28 acquire_us=109 submit_us=3675 skipped=0 gpu_q=1 gpu_total_us=722 gpu_prepass_us=0 gpu_main_us=722 gpu_composite_us=0 gpu_blit_us=0
frust_shell_common::perf: frust-perf raw n=2757 total_us=4699 rebuild_us=113 layout_us=0 paint_us=54 encode_us=26 acquire_us=121 submit_us=4382 skipped=0 gpu_q=1 gpu_total_us=707 gpu_prepass_us=0 gpu_main_us=707 gpu_composite_us=0 gpu_blit_us=0
frust_shell_common::perf: frust-perf raw n=2758 total_us=5777 rebuild_us=138 layout_us=0 paint_us=64 encode_us=30 acquire_us=164 submit_us=5380 skipped=0 gpu_q=1 gpu_total_us=712 gpu_prepass_us=0 gpu_main_us=712 gpu_composite_us=0 gpu_blit_us=0
frust_shell_common::perf: frust-perf raw n=2759 total_us=3361 rebuild_us=138 layout_us=0 paint_us=61 encode_us=19 acquire_us=151 submit_us=2989 skipped=0 gpu_q=1 gpu_total_us=752 gpu_prepass_us=0 gpu_main_us=752 gpu_composite_us=0 gpu_blit_us=0
frust_engine::renderer: frust-perf enc n=2760 w=60 validate_us=3.3 prepare_us=3.3 classify_us=12.8 admit_us=0.4 walk_us=504.1 glyphs_us=216.0 finish_us=2.4 compile_us=526.6 schedule_us=3.9 paints_us=13.7 instances_us=30.6 resize_us=3.1 upload_us=208.9 replay_us=0.3 pipelines_us=17.5 record_us=30.7 total_us=833.1 total_p95_us=1670.1 draws=46 strips=1073 alphas=28576 glyph_draws=36 atlas_glyphs=36
frust_shell_common::perf: frust-perf raw n=2760 total_us=3573 rebuild_us=184 layout_us=0 paint_us=82 encode_us=14 acquire_us=98 submit_us=3193 skipped=0 gpu_q=1 gpu_total_us=727 gpu_prepass_us=0 gpu_main_us=727 gpu_composite_us=0 gpu_blit_us=0
frust_shell_common::perf: frust-perf raw n=2761 total_us=3621 rebuild_us=198 layout_us=0 paint_us=100 encode_us=18 acquire_us=114 submit_us=3188 skipped=0 gpu_q=1 gpu_total_us=710 gpu_prepass_us=0 gpu_main_us=710 gpu_composite_us=0 gpu_blit_us=0
frust_shell_common::perf: frust-perf raw n=2762 total_us=3536 rebuild_us=194 layout_us=0 paint_us=90 encode_us=13 acquire_us=102 submit_us=3134 skipped=0 gpu_q=1 gpu_total_us=708 gpu_prepass_us=0 gpu_main_us=708 gpu_composite_us=0 gpu_blit_us=0
frust_shell_common::perf: frust-perf raw n=2763 total_us=3457 rebuild_us=197 layout_us=0 paint_us=90 encode_us=15 acquire_us=111 submit_us=3041 skipped=0 gpu_q=1 gpu_total_us=744 gpu_prepass_us=0 gpu_main_us=744 gpu_composite_us=0 gpu_blit_us=0
frust_shell_common::perf: frust-perf raw n=2764 total_us=3458 rebuild_us=195 layout_us=0 paint_us=86 encode_us=18 acquire_us=112 submit_us=3044 skipped=0 gpu_q=1 gpu_total_us=762 gpu_prepass_us=0 gpu_main_us=762 gpu_composite_us=0 gpu_blit_us=0
frust_shell_common::perf: frust-perf raw n=2765 total_us=3460 rebuild_us=186 layout_us=0 paint_us=93 encode_us=16 acquire_us=112 submit_us=3051 skipped=0 gpu_q=1 gpu_total_us=714 gpu_prepass_us=0 gpu_main_us=714 gpu_composite_us=0 gpu_blit_us=0
frust_shell_common::perf: frust-perf raw n=2766 total_us=3446 rebuild_us=199 layout_us=0 paint_us=88 encode_us=14 acquire_us=103 submit_us=3041 skipped=0 gpu_q=1 gpu_total_us=777 gpu_prepass_us=0 gpu_main_us=777 gpu_composite_us=0 gpu_blit_us=0
frust_shell_common::perf: frust-perf raw n=2767 total_us=3457 rebuild_us=202 layout_us=0 paint_us=88 encode_us=15 acquire_us=250 submit_us=2900 skipped=0 gpu_q=1 gpu_total_us=766 gpu_prepass_us=0 gpu_main_us=766 gpu_composite_us=0 gpu_blit_us=0
frust_shell_common::perf: frust-perf raw n=2768 total_us=3485 rebuild_us=192 layout_us=0 paint_us=200 encode_us=14 acquire_us=105 submit_us=2972 skipped=0 gpu_q=1 gpu_total_us=749 gpu_prepass_us=0 gpu_main_us=749 gpu_composite_us=0 gpu_blit_us=0
frust_shell_common::perf: frust-perf raw n=2769 total_us=3273 rebuild_us=193 layout_us=0 paint_us=96 encode_us=15 acquire_us=114 submit_us=2852 skipped=0 gpu_q=1 gpu_total_us=747 gpu_prepass_us=0 gpu_main_us=747 gpu_composite_us=0 gpu_blit_us=0
frust_shell_common::perf: frust-perf raw n=2770 total_us=3346 rebuild_us=183 layout_us=0 paint_us=87 encode_us=19 acquire_us=120 submit_us=2934 skipped=0 gpu_q=1 gpu_total_us=735 gpu_prepass_us=0 gpu_main_us=735 gpu_composite_us=0 gpu_blit_us=0
frust_shell_common::perf: frust-perf raw n=2771 total_us=3412 rebuild_us=188 layout_us=0 paint_us=89 encode_us=16 acquire_us=113 submit_us=3004 skipped=0 gpu_q=1 gpu_total_us=751 gpu_prepass_us=0 gpu_main_us=751 gpu_composite_us=0 gpu_blit_us=0
frust_shell_common::perf: frust-perf raw n=2772 total_us=3225 rebuild_us=185 layout_us=0 paint_us=82 encode_us=14 acquire_us=98 submit_us=2842 skipped=0 gpu_q=1 gpu_total_us=764 gpu_prepass_us=0 gpu_main_us=764 gpu_composite_us=0 gpu_blit_us=0
frust_shell_common::perf: frust-perf raw n=2773 total_us=3416 rebuild_us=183 layout_us=0 paint_us=85 encode_us=14 acquire_us=108 submit_us=3024 skipped=0 gpu_q=1 gpu_total_us=760 gpu_prepass_us=0 gpu_main_us=760 gpu_composite_us=0 gpu_blit_us=0
frust_shell_common::perf: frust-perf raw n=2774 total_us=3312 rebuild_us=181 layout_us=0 paint_us=87 encode_us=15 acquire_us=108 submit_us=2919 skipped=0 gpu_q=1 gpu_total_us=723 gpu_prepass_us=0 gpu_main_us=723 gpu_composite_us=0 gpu_blit_us=0
frust_shell_common::perf: frust-perf raw n=2775 total_us=3342 rebuild_us=187 layout_us=0 paint_us=88 encode_us=18 acquire_us=110 submit_us=2936 skipped=0 gpu_q=1 gpu_total_us=733 gpu_prepass_us=0 gpu_main_us=733 gpu_composite_us=0 gpu_blit_us=0
frust_shell_common::perf: frust-perf raw n=2776 total_us=3362 rebuild_us=195 layout_us=0 paint_us=84 encode_us=15 acquire_us=108 submit_us=2958 skipped=0 gpu_q=1 gpu_total_us=723 gpu_prepass_us=0 gpu_main_us=723 gpu_composite_us=0 gpu_blit_us=0
frust_shell_common::perf: frust-perf raw n=2777 total_us=3340 rebuild_us=190 layout_us=0 paint_us=90 encode_us=13 acquire_us=106 submit_us=2939 skipped=0 gpu_q=1 gpu_total_us=749 gpu_prepass_us=0 gpu_main_us=749 gpu_composite_us=0 gpu_blit_us=0
frust_shell_common::perf: frust-perf raw n=2778 total_us=6146 rebuild_us=181 layout_us=0 paint_us=84 encode_us=40 acquire_us=208 submit_us=5631 skipped=0 gpu_q=1 gpu_total_us=720 gpu_prepass_us=0 gpu_main_us=720 gpu_composite_us=0 gpu_blit_us=0
frust_shell_common::perf: frust-perf raw n=2779 total_us=4398 rebuild_us=115 layout_us=0 paint_us=53 encode_us=24 acquire_us=117 submit_us=4086 skipped=0 gpu_q=1 gpu_total_us=758 gpu_prepass_us=0 gpu_main_us=758 gpu_composite_us=0 gpu_blit_us=0
frust_shell_common::perf: frust-perf raw n=2780 total_us=3768 rebuild_us=97 layout_us=0 paint_us=44 encode_us=19 acquire_us=120 submit_us=3485 skipped=0 gpu_q=1 gpu_total_us=726 gpu_prepass_us=0 gpu_main_us=726 gpu_composite_us=0 gpu_blit_us=0
frust_shell_common::perf: frust-perf raw n=2781 total_us=4142 rebuild_us=113 layout_us=0 paint_us=53 encode_us=21 acquire_us=118 submit_us=3834 skipped=0 gpu_q=1 gpu_total_us=719 gpu_prepass_us=0 gpu_main_us=719 gpu_composite_us=0 gpu_blit_us=0
frust_shell_common::perf: frust-perf raw n=2782 total_us=4337 rebuild_us=108 layout_us=0 paint_us=51 encode_us=27 acquire_us=114 submit_us=4035 skipped=0 gpu_q=1 gpu_total_us=693 gpu_prepass_us=0 gpu_main_us=693 gpu_composite_us=0 gpu_blit_us=0
frust_shell_common::perf: frust-perf raw n=2783 total_us=4576 rebuild_us=108 layout_us=0 paint_us=54 encode_us=29 acquire_us=118 submit_us=4265 skipped=0 gpu_q=1 gpu_total_us=665 gpu_prepass_us=0 gpu_main_us=665 gpu_composite_us=0 gpu_blit_us=0
frust_shell_common::perf: frust-perf raw n=2784 total_us=5640 rebuild_us=118 layout_us=0 paint_us=56 encode_us=30 acquire_us=162 submit_us=5270 skipped=0 gpu_q=1 gpu_total_us=716 gpu_prepass_us=0 gpu_main_us=716 gpu_composite_us=0 gpu_blit_us=0
frust_shell_common::perf: frust-perf raw n=2785 total_us=5819 rebuild_us=130 layout_us=0 paint_us=60 encode_us=26 acquire_us=147 submit_us=5454 skipped=0 gpu_q=1 gpu_total_us=665 gpu_prepass_us=0 gpu_main_us=665 gpu_composite_us=0 gpu_blit_us=0
frust_shell_common::perf: frust-perf raw n=2786 total_us=5012 rebuild_us=119 layout_us=0 paint_us=56 encode_us=28 acquire_us=170 submit_us=4637 skipped=0 gpu_q=1 gpu_total_us=664 gpu_prepass_us=0 gpu_main_us=664 gpu_composite_us=0 gpu_blit_us=0
frust_shell_common::perf: frust-perf raw n=2787 total_us=3417 rebuild_us=118 layout_us=0 paint_us=137 encode_us=24 acquire_us=167 submit_us=2968 skipped=0 gpu_q=1 gpu_total_us=665 gpu_prepass_us=0 gpu_main_us=665 gpu_composite_us=0 gpu_blit_us=0
frust_shell_common::perf: frust-perf raw n=2788 total_us=3150 rebuild_us=146 layout_us=0 paint_us=65 encode_us=15 acquire_us=100 submit_us=2821 skipped=0 gpu_q=1 gpu_total_us=671 gpu_prepass_us=0 gpu_main_us=671 gpu_composite_us=0 gpu_blit_us=0
frust_shell_common::perf: frust-perf raw n=2789 total_us=3179 rebuild_us=167 layout_us=0 paint_us=73 encode_us=16 acquire_us=104 submit_us=2815 skipped=0 gpu_q=1 gpu_total_us=676 gpu_prepass_us=0 gpu_main_us=676 gpu_composite_us=0 gpu_blit_us=0
frust_shell_common::perf: frust-perf raw n=2790 total_us=3448 rebuild_us=188 layout_us=0 paint_us=83 encode_us=15 acquire_us=108 submit_us=3052 skipped=0 gpu_q=1 gpu_total_us=664 gpu_prepass_us=0 gpu_main_us=664 gpu_composite_us=0 gpu_blit_us=0
frust_shell_common::perf: frust-perf raw n=2791 total_us=3452 rebuild_us=184 layout_us=0 paint_us=87 encode_us=20 acquire_us=112 submit_us=3047 skipped=0 gpu_q=1 gpu_total_us=735 gpu_prepass_us=0 gpu_main_us=735 gpu_composite_us=0 gpu_blit_us=0
frust_shell_common::perf: frust-perf raw n=2792 total_us=3347 rebuild_us=194 layout_us=0 paint_us=91 encode_us=14 acquire_us=106 submit_us=2939 skipped=0 gpu_q=1 gpu_total_us=722 gpu_prepass_us=0 gpu_main_us=722 gpu_composite_us=0 gpu_blit_us=0
frust_shell_common::perf: frust-perf raw n=2793 total_us=3313 rebuild_us=189 layout_us=0 paint_us=83 encode_us=14 acquire_us=103 submit_us=2921 skipped=0 gpu_q=1 gpu_total_us=714 gpu_prepass_us=0 gpu_main_us=714 gpu_composite_us=0 gpu_blit_us=0
frust_shell_common::perf: frust-perf raw n=2794 total_us=3383 rebuild_us=183 layout_us=0 paint_us=83 encode_us=15 acquire_us=102 submit_us=2998 skipped=0 gpu_q=1 gpu_total_us=714 gpu_prepass_us=0 gpu_main_us=714 gpu_composite_us=0 gpu_blit_us=0
frust_shell_common::perf: frust-perf raw n=2795 total_us=3445 rebuild_us=186 layout_us=0 paint_us=83 encode_us=18 acquire_us=99 submit_us=3058 skipped=0 gpu_q=1 gpu_total_us=699 gpu_prepass_us=0 gpu_main_us=699 gpu_composite_us=0 gpu_blit_us=0
frust_shell_common::perf: frust-perf raw n=2796 total_us=3484 rebuild_us=180 layout_us=0 paint_us=85 encode_us=14 acquire_us=102 submit_us=3101 skipped=0 gpu_q=1 gpu_total_us=713 gpu_prepass_us=0 gpu_main_us=713 gpu_composite_us=0 gpu_blit_us=0
frust_shell_common::perf: frust-perf raw n=2797 total_us=3381 rebuild_us=187 layout_us=0 paint_us=86 encode_us=15 acquire_us=108 submit_us=2982 skipped=0 gpu_q=1 gpu_total_us=703 gpu_prepass_us=0 gpu_main_us=703 gpu_composite_us=0 gpu_blit_us=0
frust_shell_common::perf: frust-perf raw n=2798 total_us=3279 rebuild_us=182 layout_us=0 paint_us=84 encode_us=14 acquire_us=94 submit_us=2902 skipped=0 gpu_q=1 gpu_total_us=694 gpu_prepass_us=0 gpu_main_us=694 gpu_composite_us=0 gpu_blit_us=0
frust_shell_common::perf: frust-perf raw n=2799 total_us=3281 rebuild_us=166 layout_us=0 paint_us=75 encode_us=13 acquire_us=101 submit_us=2924 skipped=0 gpu_q=1 gpu_total_us=715 gpu_prepass_us=0 gpu_main_us=715 gpu_composite_us=0 gpu_blit_us=0
frust_shell_common::perf: frust-perf raw n=2800 total_us=5274 rebuild_us=185 layout_us=0 paint_us=84 encode_us=45 acquire_us=206 submit_us=4752 skipped=0 gpu_q=1 gpu_total_us=701 gpu_prepass_us=0 gpu_main_us=701 gpu_composite_us=0 gpu_blit_us=0
frust_shell_common::perf: frust-perf raw n=2801 total_us=4175 rebuild_us=119 layout_us=0 paint_us=55 encode_us=27 acquire_us=163 submit_us=3808 skipped=0 gpu_q=1 gpu_total_us=688 gpu_prepass_us=0 gpu_main_us=688 gpu_composite_us=0 gpu_blit_us=0
frust_shell_common::perf: frust-perf raw n=2802 total_us=3370 rebuild_us=113 layout_us=0 paint_us=52 encode_us=21 acquire_us=156 submit_us=3027 skipped=0 gpu_q=1 gpu_total_us=704 gpu_prepass_us=0 gpu_main_us=704 gpu_composite_us=0 gpu_blit_us=0
frust_shell_common::perf: frust-perf raw n=2803 total_us=3544 rebuild_us=175 layout_us=0 paint_us=304 encode_us=15 acquire_us=109 submit_us=2939 skipped=0 gpu_q=1 gpu_total_us=706 gpu_prepass_us=0 gpu_main_us=706 gpu_composite_us=0 gpu_blit_us=0
frust_shell_common::perf: frust-perf raw n=2804 total_us=3362 rebuild_us=188 layout_us=0 paint_us=85 encode_us=19 acquire_us=114 submit_us=2955 skipped=0 gpu_q=1 gpu_total_us=666 gpu_prepass_us=0 gpu_main_us=666 gpu_composite_us=0 gpu_blit_us=0
frust_shell_common::perf: frust-perf raw n=2805 total_us=3366 rebuild_us=192 layout_us=0 paint_us=87 encode_us=16 acquire_us=111 submit_us=2958 skipped=0 gpu_q=1 gpu_total_us=659 gpu_prepass_us=0 gpu_main_us=659 gpu_composite_us=0 gpu_blit_us=0
frust_shell_common::perf: frust-perf raw n=2806 total_us=3309 rebuild_us=195 layout_us=0 paint_us=84 encode_us=15 acquire_us=105 submit_us=2907 skipped=0 gpu_q=1 gpu_total_us=707 gpu_prepass_us=0 gpu_main_us=707 gpu_composite_us=0 gpu_blit_us=0
frust_shell_common::perf: frust-perf raw n=2807 total_us=3424 rebuild_us=205 layout_us=0 paint_us=92 encode_us=16 acquire_us=113 submit_us=2995 skipped=0 gpu_q=1 gpu_total_us=690 gpu_prepass_us=0 gpu_main_us=690 gpu_composite_us=0 gpu_blit_us=0
frust_shell_common::perf: frust-perf raw n=2808 total_us=3388 rebuild_us=189 layout_us=0 paint_us=92 encode_us=15 acquire_us=103 submit_us=2986 skipped=0 gpu_q=1 gpu_total_us=702 gpu_prepass_us=0 gpu_main_us=702 gpu_composite_us=0 gpu_blit_us=0
frust_shell_common::perf: frust-perf raw n=2809 total_us=3349 rebuild_us=188 layout_us=0 paint_us=87 encode_us=15 acquire_us=107 submit_us=2950 skipped=0 gpu_q=1 gpu_total_us=700 gpu_prepass_us=0 gpu_main_us=700 gpu_composite_us=0 gpu_blit_us=0
frust_shell_common::perf: frust-perf raw n=2810 total_us=3373 rebuild_us=192 layout_us=0 paint_us=91 encode_us=15 acquire_us=111 submit_us=2962 skipped=0 gpu_q=1 gpu_total_us=713 gpu_prepass_us=0 gpu_main_us=713 gpu_composite_us=0 gpu_blit_us=0
frust_shell_common::perf: frust-perf raw n=2811 total_us=3466 rebuild_us=199 layout_us=0 paint_us=90 encode_us=14 acquire_us=105 submit_us=3056 skipped=0 gpu_q=1 gpu_total_us=703 gpu_prepass_us=0 gpu_main_us=703 gpu_composite_us=0 gpu_blit_us=0
frust_shell_common::perf: frust-perf raw n=2812 total_us=3378 rebuild_us=192 layout_us=0 paint_us=91 encode_us=14 acquire_us=101 submit_us=2977 skipped=0 gpu_q=1 gpu_total_us=704 gpu_prepass_us=0 gpu_main_us=704 gpu_composite_us=0 gpu_blit_us=0
frust_shell_common::perf: frust-perf raw n=2813 total_us=3478 rebuild_us=203 layout_us=0 paint_us=99 encode_us=17 acquire_us=116 submit_us=3040 skipped=0 gpu_q=1 gpu_total_us=701 gpu_prepass_us=0 gpu_main_us=701 gpu_composite_us=0 gpu_blit_us=0
frust_shell_common::perf: frust-perf raw n=2814 total_us=3275 rebuild_us=189 layout_us=0 paint_us=90 encode_us=14 acquire_us=98 submit_us=2881 skipped=0 gpu_q=1 gpu_total_us=691 gpu_prepass_us=0 gpu_main_us=691 gpu_composite_us=0 gpu_blit_us=0
frust_shell_common::perf: frust-perf raw n=2815 total_us=3296 rebuild_us=192 layout_us=0 paint_us=95 encode_us=13 acquire_us=104 submit_us=2890 skipped=0 gpu_q=1 gpu_total_us=725 gpu_prepass_us=0 gpu_main_us=725 gpu_composite_us=0 gpu_blit_us=0
frust_shell_common::perf: frust-perf raw n=2816 total_us=3342 rebuild_us=196 layout_us=0 paint_us=94 encode_us=14 acquire_us=106 submit_us=2929 skipped=0 gpu_q=1 gpu_total_us=690 gpu_prepass_us=0 gpu_main_us=690 gpu_composite_us=0 gpu_blit_us=0
frust_shell_common::perf: frust-perf raw n=2817 total_us=3336 rebuild_us=188 layout_us=0 paint_us=89 encode_us=16 acquire_us=106 submit_us=2934 skipped=0 gpu_q=1 gpu_total_us=676 gpu_prepass_us=0 gpu_main_us=676 gpu_composite_us=0 gpu_blit_us=0
frust_shell_common::perf: frust-perf raw n=2818 total_us=3236 rebuild_us=184 layout_us=0 paint_us=84 encode_us=14 acquire_us=94 submit_us=2858 skipped=0 gpu_q=1 gpu_total_us=725 gpu_prepass_us=0 gpu_main_us=725 gpu_composite_us=0 gpu_blit_us=0
frust_shell_common::perf: frust-perf raw n=2819 total_us=3340 rebuild_us=191 layout_us=0 paint_us=168 encode_us=14 acquire_us=108 submit_us=2858 skipped=0 gpu_q=1 gpu_total_us=712 gpu_prepass_us=0 gpu_main_us=712 gpu_composite_us=0 gpu_blit_us=0
frust_engine::renderer: frust-perf enc n=2820 w=60 validate_us=3.4 prepare_us=3.3 classify_us=12.4 admit_us=0.3 walk_us=503.2 glyphs_us=215.0 finish_us=2.3 compile_us=526.2 schedule_us=3.8 paints_us=13.8 instances_us=30.6 resize_us=3.0 upload_us=206.9 replay_us=0.3 pipelines_us=18.3 record_us=30.4 total_us=833.7 total_p95_us=1435.5 draws=46 strips=1073 alphas=28576 glyph_draws=36 atlas_glyphs=36
frust_shell_common::perf: frust-perf raw n=2820 total_us=3597 rebuild_us=257 layout_us=0 paint_us=93 encode_us=13 acquire_us=101 submit_us=3131 skipped=0 gpu_q=1 gpu_total_us=695 gpu_prepass_us=0 gpu_main_us=695 gpu_composite_us=0 gpu_blit_us=0
frust_shell_common::perf: frust-perf raw n=2821 total_us=3297 rebuild_us=189 layout_us=0 paint_us=87 encode_us=16 acquire_us=105 submit_us=2897 skipped=0 gpu_q=1 gpu_total_us=714 gpu_prepass_us=0 gpu_main_us=714 gpu_composite_us=0 gpu_blit_us=0
frust_shell_common::perf: frust-perf raw n=2822 total_us=3327 rebuild_us=183 layout_us=0 paint_us=89 encode_us=20 acquire_us=117 submit_us=2916 skipped=0 gpu_q=1 gpu_total_us=710 gpu_prepass_us=0 gpu_main_us=710 gpu_composite_us=0 gpu_blit_us=0
frust_shell_common::perf: frust-perf raw n=2823 total_us=3130 rebuild_us=175 layout_us=0 paint_us=85 encode_us=18 acquire_us=110 submit_us=2740 skipped=0 gpu_q=1 gpu_total_us=684 gpu_prepass_us=0 gpu_main_us=684 gpu_composite_us=0 gpu_blit_us=0
frust_shell_common::perf: frust-perf raw n=2824 total_us=3525 rebuild_us=190 layout_us=0 paint_us=88 encode_us=19 acquire_us=115 submit_us=3111 skipped=0 gpu_q=1 gpu_total_us=719 gpu_prepass_us=0 gpu_main_us=719 gpu_composite_us=0 gpu_blit_us=0
frust_shell_common::perf: frust-perf raw n=2825 total_us=7135 rebuild_us=192 layout_us=0 paint_us=91 encode_us=53 acquire_us=204 submit_us=6592 skipped=0 gpu_q=1 gpu_total_us=693 gpu_prepass_us=0 gpu_main_us=693 gpu_composite_us=0 gpu_blit_us=0
frust_shell_common::perf: frust-perf raw n=2826 total_us=3406 rebuild_us=130 layout_us=0 paint_us=94 encode_us=22 acquire_us=161 submit_us=2996 skipped=0 gpu_q=1 gpu_total_us=699 gpu_prepass_us=0 gpu_main_us=699 gpu_composite_us=0 gpu_blit_us=0
frust_shell_common::perf: frust-perf raw n=2827 total_us=3261 rebuild_us=165 layout_us=0 paint_us=76 encode_us=15 acquire_us=96 submit_us=2907 skipped=0 gpu_q=1 gpu_total_us=689 gpu_prepass_us=0 gpu_main_us=689 gpu_composite_us=0 gpu_blit_us=0
frust_shell_common::perf: frust-perf raw n=2828 total_us=3482 rebuild_us=193 layout_us=0 paint_us=90 encode_us=15 acquire_us=103 submit_us=3079 skipped=0 gpu_q=1 gpu_total_us=706 gpu_prepass_us=0 gpu_main_us=706 gpu_composite_us=0 gpu_blit_us=0
frust_shell_common::perf: frust-perf raw n=2829 total_us=3430 rebuild_us=189 layout_us=0 paint_us=84 encode_us=14 acquire_us=109 submit_us=3033 skipped=0 gpu_q=1 gpu_total_us=662 gpu_prepass_us=0 gpu_main_us=662 gpu_composite_us=0 gpu_blit_us=0
frust_shell_common::perf: frust-perf raw n=2830 total_us=3449 rebuild_us=184 layout_us=0 paint_us=97 encode_us=18 acquire_us=108 submit_us=3040 skipped=0 gpu_q=1 gpu_total_us=691 gpu_prepass_us=0 gpu_main_us=691 gpu_composite_us=0 gpu_blit_us=0
frust_shell_common::perf: frust-perf raw n=2831 total_us=3473 rebuild_us=176 layout_us=0 paint_us=82 encode_us=16 acquire_us=100 submit_us=3096 skipped=0 gpu_q=1 gpu_total_us=722 gpu_prepass_us=0 gpu_main_us=722 gpu_composite_us=0 gpu_blit_us=0
frust_shell_common::perf: frust-perf raw n=2832 total_us=3410 rebuild_us=185 layout_us=0 paint_us=84 encode_us=15 acquire_us=111 submit_us=3012 skipped=0 gpu_q=1 gpu_total_us=712 gpu_prepass_us=0 gpu_main_us=712 gpu_composite_us=0 gpu_blit_us=0
frust_shell_common::perf: frust-perf raw n=2833 total_us=3602 rebuild_us=204 layout_us=0 paint_us=87 encode_us=14 acquire_us=101 submit_us=3194 skipped=0 gpu_q=1 gpu_total_us=681 gpu_prepass_us=0 gpu_main_us=681 gpu_composite_us=0 gpu_blit_us=0
frust_shell_common::perf: frust-perf raw n=2834 total_us=3456 rebuild_us=192 layout_us=0 paint_us=91 encode_us=14 acquire_us=100 submit_us=3056 skipped=0 gpu_q=1 gpu_total_us=691 gpu_prepass_us=0 gpu_main_us=691 gpu_composite_us=0 gpu_blit_us=0
frust_shell_common::perf: frust-perf raw n=2835 total_us=3276 rebuild_us=193 layout_us=0 paint_us=91 encode_us=15 acquire_us=111 submit_us=2862 skipped=0 gpu_q=1 gpu_total_us=681 gpu_prepass_us=0 gpu_main_us=681 gpu_composite_us=0 gpu_blit_us=0
frust_shell_common::perf: frust-perf raw n=2836 total_us=3335 rebuild_us=184 layout_us=0 paint_us=84 encode_us=13 acquire_us=97 submit_us=2954 skipped=0 gpu_q=1 gpu_total_us=688 gpu_prepass_us=0 gpu_main_us=688 gpu_composite_us=0 gpu_blit_us=0
frust_shell_common::perf: frust-perf raw n=2837 total_us=3379 rebuild_us=281 layout_us=0 paint_us=88 encode_us=14 acquire_us=107 submit_us=2887 skipped=0 gpu_q=1 gpu_total_us=722 gpu_prepass_us=0 gpu_main_us=722 gpu_composite_us=0 gpu_blit_us=0
frust_shell_common::perf: frust-perf raw n=2838 total_us=3298 rebuild_us=187 layout_us=0 paint_us=88 encode_us=14 acquire_us=110 submit_us=2896 skipped=0 gpu_q=1 gpu_total_us=720 gpu_prepass_us=0 gpu_main_us=720 gpu_composite_us=0 gpu_blit_us=0
frust_shell_common::perf: frust-perf raw n=2839 total_us=3540 rebuild_us=200 layout_us=0 paint_us=92 encode_us=16 acquire_us=110 submit_us=3120 skipped=0 gpu_q=1 gpu_total_us=715 gpu_prepass_us=0 gpu_main_us=715 gpu_composite_us=0 gpu_blit_us=0
frust_shell_common::perf: frust-perf raw n=2840 total_us=3313 rebuild_us=192 layout_us=0 paint_us=87 encode_us=15 acquire_us=99 submit_us=2918 skipped=0 gpu_q=1 gpu_total_us=700 gpu_prepass_us=0 gpu_main_us=700 gpu_composite_us=0 gpu_blit_us=0
frust_shell_common::perf: frust-perf raw n=2841 total_us=3384 rebuild_us=189 layout_us=0 paint_us=87 encode_us=16 acquire_us=108 submit_us=2980 skipped=0 gpu_q=1 gpu_total_us=700 gpu_prepass_us=0 gpu_main_us=700 gpu_composite_us=0 gpu_blit_us=0
frust_shell_common::perf: frust-perf raw n=2842 total_us=3404 rebuild_us=205 layout_us=0 paint_us=90 encode_us=13 acquire_us=104 submit_us=2990 skipped=0 gpu_q=1 gpu_total_us=717 gpu_prepass_us=0 gpu_main_us=717 gpu_composite_us=0 gpu_blit_us=0
frust_shell_common::perf: frust-perf raw n=2843 total_us=3352 rebuild_us=190 layout_us=0 paint_us=92 encode_us=15 acquire_us=109 submit_us=2944 skipped=0 gpu_q=1 gpu_total_us=689 gpu_prepass_us=0 gpu_main_us=689 gpu_composite_us=0 gpu_blit_us=0
frust_shell_common::perf: frust-perf raw n=2844 total_us=3290 rebuild_us=184 layout_us=0 paint_us=87 encode_us=14 acquire_us=102 submit_us=2900 skipped=0 gpu_q=1 gpu_total_us=720 gpu_prepass_us=0 gpu_main_us=720 gpu_composite_us=0 gpu_blit_us=0
frust_shell_common::perf: frust-perf raw n=2845 total_us=3418 rebuild_us=188 layout_us=0 paint_us=92 encode_us=13 acquire_us=109 submit_us=3013 skipped=0 gpu_q=1 gpu_total_us=721 gpu_prepass_us=0 gpu_main_us=721 gpu_composite_us=0 gpu_blit_us=0
frust_shell_common::perf: frust-perf raw n=2846 total_us=3408 rebuild_us=202 layout_us=0 paint_us=93 encode_us=14 acquire_us=100 submit_us=2996 skipped=0 gpu_q=1 gpu_total_us=737 gpu_prepass_us=0 gpu_main_us=737 gpu_composite_us=0 gpu_blit_us=0
frust_shell_common::perf: frust-perf raw n=2847 total_us=3458 rebuild_us=188 layout_us=0 paint_us=89 encode_us=14 acquire_us=106 submit_us=3059 skipped=0 gpu_q=1 gpu_total_us=721 gpu_prepass_us=0 gpu_main_us=721 gpu_composite_us=0 gpu_blit_us=0
frust_shell_common::perf: frust-perf raw n=2848 total_us=3386 rebuild_us=189 layout_us=0 paint_us=90 encode_us=15 acquire_us=105 submit_us=2985 skipped=0 gpu_q=1 gpu_total_us=715 gpu_prepass_us=0 gpu_main_us=715 gpu_composite_us=0 gpu_blit_us=0
frust_shell_common::perf: frust-perf raw n=2849 total_us=3398 rebuild_us=186 layout_us=0 paint_us=87 encode_us=14 acquire_us=110 submit_us=2999 skipped=0 gpu_q=1 gpu_total_us=709 gpu_prepass_us=0 gpu_main_us=709 gpu_composite_us=0 gpu_blit_us=0
frust_shell_common::perf: frust-perf raw n=2850 total_us=3445 rebuild_us=200 layout_us=0 paint_us=90 encode_us=14 acquire_us=106 submit_us=3033 skipped=0 gpu_q=1 gpu_total_us=709 gpu_prepass_us=0 gpu_main_us=709 gpu_composite_us=0 gpu_blit_us=0
frust_shell_common::perf: frust-perf raw n=2851 total_us=3330 rebuild_us=200 layout_us=0 paint_us=90 encode_us=13 acquire_us=111 submit_us=2914 skipped=0 gpu_q=1 gpu_total_us=714 gpu_prepass_us=0 gpu_main_us=714 gpu_composite_us=0 gpu_blit_us=0
frust_shell_common::perf: frust-perf raw n=2852 total_us=3376 rebuild_us=190 layout_us=0 paint_us=88 encode_us=16 acquire_us=164 submit_us=2915 skipped=0 gpu_q=1 gpu_total_us=696 gpu_prepass_us=0 gpu_main_us=696 gpu_composite_us=0 gpu_blit_us=0
frust_shell_common::perf: frust-perf raw n=2853 total_us=3169 rebuild_us=177 layout_us=0 paint_us=88 encode_us=13 acquire_us=99 submit_us=2789 skipped=0 gpu_q=1 gpu_total_us=706 gpu_prepass_us=0 gpu_main_us=706 gpu_composite_us=0 gpu_blit_us=0
frust_shell_common::perf: frust-perf raw n=2854 total_us=6591 rebuild_us=244 layout_us=0 paint_us=94 encode_us=35 acquire_us=165 submit_us=6051 skipped=0 gpu_q=1 gpu_total_us=731 gpu_prepass_us=0 gpu_main_us=731 gpu_composite_us=0 gpu_blit_us=0
frust_shell_common::perf: frust-perf raw n=2855 total_us=3282 rebuild_us=208 layout_us=0 paint_us=78 encode_us=20 acquire_us=206 submit_us=2769 skipped=0 gpu_q=1 gpu_total_us=708 gpu_prepass_us=0 gpu_main_us=708 gpu_composite_us=0 gpu_blit_us=0
frust_shell_common::perf: frust-perf raw n=2856 total_us=3154 rebuild_us=161 layout_us=0 paint_us=76 encode_us=15 acquire_us=100 submit_us=2800 skipped=0 gpu_q=1 gpu_total_us=710 gpu_prepass_us=0 gpu_main_us=710 gpu_composite_us=0 gpu_blit_us=0
frust_shell_common::perf: frust-perf raw n=2857 total_us=3517 rebuild_us=189 layout_us=0 paint_us=92 encode_us=15 acquire_us=106 submit_us=3114 skipped=0 gpu_q=1 gpu_total_us=716 gpu_prepass_us=0 gpu_main_us=716 gpu_composite_us=0 gpu_blit_us=0
frust_shell_common::perf: frust-perf raw n=2858 total_us=3454 rebuild_us=192 layout_us=0 paint_us=85 encode_us=15 acquire_us=110 submit_us=3049 skipped=0 gpu_q=1 gpu_total_us=688 gpu_prepass_us=0 gpu_main_us=688 gpu_composite_us=0 gpu_blit_us=0
frust_shell_common::perf: frust-perf raw n=2859 total_us=3482 rebuild_us=209 layout_us=0 paint_us=94 encode_us=15 acquire_us=106 submit_us=3056 skipped=0 gpu_q=1 gpu_total_us=702 gpu_prepass_us=0 gpu_main_us=702 gpu_composite_us=0 gpu_blit_us=0
frust_shell_common::perf: frust-perf raw n=2860 total_us=3382 rebuild_us=196 layout_us=0 paint_us=89 encode_us=14 acquire_us=110 submit_us=2970 skipped=0 gpu_q=1 gpu_total_us=717 gpu_prepass_us=0 gpu_main_us=717 gpu_composite_us=0 gpu_blit_us=0
frust_shell_common::perf: frust-perf raw n=2861 total_us=3429 rebuild_us=194 layout_us=0 paint_us=89 encode_us=16 acquire_us=111 submit_us=3017 skipped=0 gpu_q=1 gpu_total_us=706 gpu_prepass_us=0 gpu_main_us=706 gpu_composite_us=0 gpu_blit_us=0
frust_shell_common::perf: frust-perf raw n=2862 total_us=5222 rebuild_us=180 layout_us=0 paint_us=84 encode_us=33 acquire_us=134 submit_us=4789 skipped=0 gpu_q=1 gpu_total_us=718 gpu_prepass_us=0 gpu_main_us=718 gpu_composite_us=0 gpu_blit_us=0
frust_shell_common::perf: frust-perf raw n=2863 total_us=4549 rebuild_us=128 layout_us=0 paint_us=61 encode_us=28 acquire_us=130 submit_us=4199 skipped=0 gpu_q=1 gpu_total_us=703 gpu_prepass_us=0 gpu_main_us=703 gpu_composite_us=0 gpu_blit_us=0
frust_shell_common::perf: frust-perf raw n=2864 total_us=3199 rebuild_us=105 layout_us=0 paint_us=47 encode_us=19 acquire_us=157 submit_us=2868 skipped=0 gpu_q=1 gpu_total_us=724 gpu_prepass_us=0 gpu_main_us=724 gpu_composite_us=0 gpu_blit_us=0
frust_shell_common::perf: frust-perf raw n=2865 total_us=3492 rebuild_us=157 layout_us=0 paint_us=246 encode_us=14 acquire_us=95 submit_us=2978 skipped=0 gpu_q=1 gpu_total_us=728 gpu_prepass_us=0 gpu_main_us=728 gpu_composite_us=0 gpu_blit_us=0
frust_shell_common::perf: frust-perf raw n=2866 total_us=6050 rebuild_us=168 layout_us=0 paint_us=75 encode_us=35 acquire_us=152 submit_us=5617 skipped=0 gpu_q=1 gpu_total_us=695 gpu_prepass_us=0 gpu_main_us=695 gpu_composite_us=0 gpu_blit_us=0
frust_shell_common::perf: frust-perf raw n=2867 total_us=4454 rebuild_us=121 layout_us=0 paint_us=58 encode_us=26 acquire_us=125 submit_us=4121 skipped=0 gpu_q=1 gpu_total_us=679 gpu_prepass_us=0 gpu_main_us=679 gpu_composite_us=0 gpu_blit_us=0
frust_shell_common::perf: frust-perf raw n=2868 total_us=5092 rebuild_us=122 layout_us=0 paint_us=55 encode_us=25 acquire_us=117 submit_us=4771 skipped=0 gpu_q=1 gpu_total_us=708 gpu_prepass_us=0 gpu_main_us=708 gpu_composite_us=0 gpu_blit_us=0
frust_shell_common::perf: frust-perf raw n=2869 total_us=5668 rebuild_us=122 layout_us=0 paint_us=60 encode_us=25 acquire_us=125 submit_us=5332 skipped=0 gpu_q=1 gpu_total_us=745 gpu_prepass_us=0 gpu_main_us=745 gpu_composite_us=0 gpu_blit_us=0
frust_shell_android::app::frame: frust-perf platform-view tail depth=0 target=0 acquire_bound=false frame=2880 expected_present_us=0 acquire_us=124 period_us=8237
frust_shell_common::perf: frust-perf raw n=2870 total_us=3477 rebuild_us=166 layout_us=0 paint_us=291 encode_us=16 acquire_us=132 submit_us=2871 skipped=0 gpu_q=1 gpu_total_us=683 gpu_prepass_us=0 gpu_main_us=683 gpu_composite_us=0 gpu_blit_us=0
frust_shell_common::perf: frust-perf raw n=2871 total_us=3383 rebuild_us=342 layout_us=1 paint_us=108 encode_us=14 acquire_us=100 submit_us=2817 skipped=0 gpu_q=1 gpu_total_us=687 gpu_prepass_us=0 gpu_main_us=687 gpu_composite_us=0 gpu_blit_us=0
frust_shell_common::perf: frust-perf raw n=2872 total_us=3317 rebuild_us=198 layout_us=0 paint_us=86 encode_us=13 acquire_us=105 submit_us=2913 skipped=0 gpu_q=1 gpu_total_us=672 gpu_prepass_us=0 gpu_main_us=672 gpu_composite_us=0 gpu_blit_us=0
frust_shell_common::perf: frust-perf raw n=2873 total_us=3356 rebuild_us=184 layout_us=0 paint_us=89 encode_us=19 acquire_us=127 submit_us=2933 skipped=0 gpu_q=1 gpu_total_us=675 gpu_prepass_us=0 gpu_main_us=675 gpu_composite_us=0 gpu_blit_us=0
frust_shell_common::perf: frust-perf raw n=2874 total_us=3368 rebuild_us=183 layout_us=0 paint_us=91 encode_us=15 acquire_us=106 submit_us=2970 skipped=0 gpu_q=1 gpu_total_us=731 gpu_prepass_us=0 gpu_main_us=731 gpu_composite_us=0 gpu_blit_us=0
frust_shell_common::perf: frust-perf raw n=2875 total_us=3353 rebuild_us=180 layout_us=0 paint_us=84 encode_us=13 acquire_us=100 submit_us=2973 skipped=0 gpu_q=1 gpu_total_us=686 gpu_prepass_us=0 gpu_main_us=686 gpu_composite_us=0 gpu_blit_us=0
frust_shell_common::perf: frust-perf raw n=2876 total_us=3376 rebuild_us=203 layout_us=0 paint_us=92 encode_us=14 acquire_us=111 submit_us=2954 skipped=0 gpu_q=1 gpu_total_us=699 gpu_prepass_us=0 gpu_main_us=699 gpu_composite_us=0 gpu_blit_us=0
frust_shell_common::perf: frust-perf raw n=2877 total_us=3310 rebuild_us=191 layout_us=0 paint_us=86 encode_us=14 acquire_us=103 submit_us=2914 skipped=0 gpu_q=1 gpu_total_us=689 gpu_prepass_us=0 gpu_main_us=689 gpu_composite_us=0 gpu_blit_us=0
frust_shell_common::perf: frust-perf raw n=2878 total_us=3388 rebuild_us=187 layout_us=0 paint_us=95 encode_us=20 acquire_us=105 submit_us=2978 skipped=0 gpu_q=1 gpu_total_us=722 gpu_prepass_us=0 gpu_main_us=722 gpu_composite_us=0 gpu_blit_us=0
frust_shell_common::perf: frust-perf raw n=2879 total_us=3257 rebuild_us=178 layout_us=0 paint_us=83 encode_us=13 acquire_us=105 submit_us=2876 skipped=0 gpu_q=1 gpu_total_us=696 gpu_prepass_us=0 gpu_main_us=696 gpu_composite_us=0 gpu_blit_us=0
frust_engine::renderer: frust-perf enc n=2880 w=60 validate_us=3.3 prepare_us=3.3 classify_us=12.2 admit_us=0.3 walk_us=502.4 glyphs_us=214.9 finish_us=2.3 compile_us=524.5 schedule_us=3.6 paints_us=13.6 instances_us=30.3 resize_us=3.0 upload_us=207.4 replay_us=0.3 pipelines_us=17.5 record_us=30.2 total_us=830.5 total_p95_us=1465.9 draws=46 strips=1073 alphas=28576 glyph_draws=36 atlas_glyphs=36
frust_shell_common::perf: frust-perf raw n=2880 total_us=3551 rebuild_us=185 layout_us=0 paint_us=85 encode_us=13 acquire_us=101 submit_us=3165 skipped=0 gpu_q=1 gpu_total_us=718 gpu_prepass_us=0 gpu_main_us=718 gpu_composite_us=0 gpu_blit_us=0
frust_shell_common::perf: frust-perf raw n=2881 total_us=3309 rebuild_us=189 layout_us=0 paint_us=89 encode_us=13 acquire_us=98 submit_us=2917 skipped=0 gpu_q=1 gpu_total_us=707 gpu_prepass_us=0 gpu_main_us=707 gpu_composite_us=0 gpu_blit_us=0
frust_shell_common::perf: frust-perf raw n=2882 total_us=3319 rebuild_us=170 layout_us=0 paint_us=81 encode_us=16 acquire_us=111 submit_us=2938 skipped=0 gpu_q=1 gpu_total_us=702 gpu_prepass_us=0 gpu_main_us=702 gpu_composite_us=0 gpu_blit_us=0
frust_shell_common::perf: frust-perf raw n=2883 total_us=3198 rebuild_us=177 layout_us=0 paint_us=84 encode_us=13 acquire_us=95 submit_us=2827 skipped=0 gpu_q=1 gpu_total_us=681 gpu_prepass_us=0 gpu_main_us=681 gpu_composite_us=0 gpu_blit_us=0
frust_shell_common::perf: frust-perf raw n=2884 total_us=3333 rebuild_us=169 layout_us=0 paint_us=75 encode_us=12 acquire_us=108 submit_us=2967 skipped=0 gpu_q=1 gpu_total_us=715 gpu_prepass_us=0 gpu_main_us=715 gpu_composite_us=0 gpu_blit_us=0
frust_shell_common::perf: frust-perf raw n=2885 total_us=3266 rebuild_us=186 layout_us=0 paint_us=80 encode_us=15 acquire_us=108 submit_us=2875 skipped=0 gpu_q=1 gpu_total_us=705 gpu_prepass_us=0 gpu_main_us=705 gpu_composite_us=0 gpu_blit_us=0
frust_shell_common::perf: frust-perf raw n=2886 total_us=3210 rebuild_us=177 layout_us=0 paint_us=81 encode_us=15 acquire_us=97 submit_us=2837 skipped=0 gpu_q=1 gpu_total_us=700 gpu_prepass_us=0 gpu_main_us=700 gpu_composite_us=0 gpu_blit_us=0
frust_shell_common::perf: frust-perf raw n=2887 total_us=3453 rebuild_us=191 layout_us=0 paint_us=239 encode_us=16 acquire_us=114 submit_us=2891 skipped=0 gpu_q=1 gpu_total_us=704 gpu_prepass_us=0 gpu_main_us=704 gpu_composite_us=0 gpu_blit_us=0
frust_shell_common::perf: frust-perf raw n=2888 total_us=3306 rebuild_us=240 layout_us=0 paint_us=91 encode_us=18 acquire_us=114 submit_us=2841 skipped=0 gpu_q=1 gpu_total_us=700 gpu_prepass_us=0 gpu_main_us=700 gpu_composite_us=0 gpu_blit_us=0
frust_shell_common::perf: frust-perf raw n=2889 total_us=3335 rebuild_us=190 layout_us=0 paint_us=84 encode_us=17 acquire_us=113 submit_us=2927 skipped=0 gpu_q=1 gpu_total_us=690 gpu_prepass_us=0 gpu_main_us=690 gpu_composite_us=0 gpu_blit_us=0
frust_shell_common::perf: frust-perf raw n=2890 total_us=3343 rebuild_us=194 layout_us=0 paint_us=89 encode_us=19 acquire_us=122 submit_us=2917 skipped=0 gpu_q=1 gpu_total_us=705 gpu_prepass_us=0 gpu_main_us=705 gpu_composite_us=0 gpu_blit_us=0
frust_shell_common::perf: frust-perf raw n=2891 total_us=3662 rebuild_us=191 layout_us=0 paint_us=217 encode_us=20 acquire_us=118 submit_us=3113 skipped=0 gpu_q=1 gpu_total_us=687 gpu_prepass_us=0 gpu_main_us=687 gpu_composite_us=0 gpu_blit_us=0
frust_shell_common::perf: frust-perf raw n=2892 total_us=3379 rebuild_us=181 layout_us=0 paint_us=82 encode_us=17 acquire_us=105 submit_us=2991 skipped=0 gpu_q=1 gpu_total_us=696 gpu_prepass_us=0 gpu_main_us=696 gpu_composite_us=0 gpu_blit_us=0
frust_shell_common::perf: frust-perf raw n=2893 total_us=3495 rebuild_us=184 layout_us=0 paint_us=94 encode_us=14 acquire_us=119 submit_us=3081 skipped=0 gpu_q=1 gpu_total_us=692 gpu_prepass_us=0 gpu_main_us=692 gpu_composite_us=0 gpu_blit_us=0
frust_shell_common::perf: frust-perf raw n=2894 total_us=3354 rebuild_us=189 layout_us=0 paint_us=86 encode_us=14 acquire_us=110 submit_us=2952 skipped=0 gpu_q=1 gpu_total_us=688 gpu_prepass_us=0 gpu_main_us=688 gpu_composite_us=0 gpu_blit_us=0
frust_shell_common::perf: frust-perf raw n=2895 total_us=3351 rebuild_us=180 layout_us=0 paint_us=85 encode_us=14 acquire_us=94 submit_us=2975 skipped=0 gpu_q=1 gpu_total_us=672 gpu_prepass_us=0 gpu_main_us=672 gpu_composite_us=0 gpu_blit_us=0
frust_shell_common::perf: frust-perf raw n=2896 total_us=3359 rebuild_us=194 layout_us=0 paint_us=89 encode_us=14 acquire_us=112 submit_us=2947 skipped=0 gpu_q=1 gpu_total_us=699 gpu_prepass_us=0 gpu_main_us=699 gpu_composite_us=0 gpu_blit_us=0
frust_shell_common::perf: frust-perf raw n=2897 total_us=3349 rebuild_us=181 layout_us=0 paint_us=85 encode_us=12 acquire_us=92 submit_us=2977 skipped=0 gpu_q=1 gpu_total_us=709 gpu_prepass_us=0 gpu_main_us=709 gpu_composite_us=0 gpu_blit_us=0
frust_shell_common::perf: frust-perf raw n=2898 total_us=3392 rebuild_us=189 layout_us=0 paint_us=83 encode_us=12 acquire_us=102 submit_us=3004 skipped=0 gpu_q=1 gpu_total_us=704 gpu_prepass_us=0 gpu_main_us=704 gpu_composite_us=0 gpu_blit_us=0
frust_shell_common::perf: frust-perf raw n=2899 total_us=3417 rebuild_us=185 layout_us=0 paint_us=87 encode_us=13 acquire_us=110 submit_us=3019 skipped=0 gpu_q=1 gpu_total_us=719 gpu_prepass_us=0 gpu_main_us=719 gpu_composite_us=0 gpu_blit_us=0
frust_shell_common::perf: frust-perf raw n=2900 total_us=3434 rebuild_us=185 layout_us=0 paint_us=95 encode_us=17 acquire_us=102 submit_us=3034 skipped=0 gpu_q=1 gpu_total_us=692 gpu_prepass_us=0 gpu_main_us=692 gpu_composite_us=0 gpu_blit_us=0
frust_shell_common::perf: frust-perf raw n=2901 total_us=3336 rebuild_us=181 layout_us=0 paint_us=87 encode_us=13 acquire_us=105 submit_us=2948 skipped=0 gpu_q=1 gpu_total_us=716 gpu_prepass_us=0 gpu_main_us=716 gpu_composite_us=0 gpu_blit_us=0
frust_shell_common::perf: frust-perf raw n=2902 total_us=3294 rebuild_us=163 layout_us=0 paint_us=75 encode_us=16 acquire_us=108 submit_us=2930 skipped=0 gpu_q=1 gpu_total_us=704 gpu_prepass_us=0 gpu_main_us=704 gpu_composite_us=0 gpu_blit_us=0
frust_shell_common::perf: frust-perf raw n=2903 total_us=3263 rebuild_us=180 layout_us=0 paint_us=80 encode_us=16 acquire_us=107 submit_us=2878 skipped=0 gpu_q=1 gpu_total_us=717 gpu_prepass_us=0 gpu_main_us=717 gpu_composite_us=0 gpu_blit_us=0
frust_shell_common::perf: frust-perf raw n=2904 total_us=5639 rebuild_us=175 layout_us=0 paint_us=82 encode_us=27 acquire_us=154 submit_us=5198 skipped=0 gpu_q=1 gpu_total_us=697 gpu_prepass_us=0 gpu_main_us=697 gpu_composite_us=0 gpu_blit_us=0
frust_shell_common::perf: frust-perf raw n=2905 total_us=3993 rebuild_us=127 layout_us=0 paint_us=59 encode_us=30 acquire_us=160 submit_us=3615 skipped=0 gpu_q=1 gpu_total_us=698 gpu_prepass_us=0 gpu_main_us=698 gpu_composite_us=0 gpu_blit_us=0
frust_shell_common::perf: frust-perf raw n=2906 total_us=4442 rebuild_us=105 layout_us=0 paint_us=105 encode_us=26 acquire_us=127 submit_us=4076 skipped=0 gpu_q=1 gpu_total_us=718 gpu_prepass_us=0 gpu_main_us=718 gpu_composite_us=0 gpu_blit_us=0
frust_shell_common::perf: frust-perf raw n=2907 total_us=5477 rebuild_us=134 layout_us=0 paint_us=57 encode_us=28 acquire_us=137 submit_us=5119 skipped=0 gpu_q=1 gpu_total_us=698 gpu_prepass_us=0 gpu_main_us=698 gpu_composite_us=0 gpu_blit_us=0
frust_shell_common::perf: frust-perf raw n=2908 total_us=4520 rebuild_us=115 layout_us=0 paint_us=53 encode_us=28 acquire_us=128 submit_us=4195 skipped=0 gpu_q=1 gpu_total_us=668 gpu_prepass_us=0 gpu_main_us=668 gpu_composite_us=0 gpu_blit_us=0
frust_shell_common::perf: frust-perf raw n=2909 total_us=3925 rebuild_us=99 layout_us=0 paint_us=47 encode_us=21 acquire_us=120 submit_us=3635 skipped=0 gpu_q=1 gpu_total_us=685 gpu_prepass_us=0 gpu_main_us=685 gpu_composite_us=0 gpu_blit_us=0
frust_shell_common::perf: frust-perf raw n=2910 total_us=3510 rebuild_us=95 layout_us=0 paint_us=47 encode_us=20 acquire_us=98 submit_us=3248 skipped=0 gpu_q=1 gpu_total_us=672 gpu_prepass_us=0 gpu_main_us=672 gpu_composite_us=0 gpu_blit_us=0
frust_shell_common::perf: frust-perf raw n=2911 total_us=4447 rebuild_us=124 layout_us=0 paint_us=52 encode_us=21 acquire_us=130 submit_us=4117 skipped=0 gpu_q=1 gpu_total_us=670 gpu_prepass_us=0 gpu_main_us=670 gpu_composite_us=0 gpu_blit_us=0
frust_shell_common::perf: frust-perf raw n=2912 total_us=3784 rebuild_us=106 layout_us=0 paint_us=51 encode_us=20 acquire_us=134 submit_us=3471 skipped=0 gpu_q=1 gpu_total_us=668 gpu_prepass_us=0 gpu_main_us=668 gpu_composite_us=0 gpu_blit_us=0
frust_shell_common::perf: frust-perf raw n=2913 total_us=3958 rebuild_us=104 layout_us=0 paint_us=50 encode_us=21 acquire_us=112 submit_us=3669 skipped=0 gpu_q=1 gpu_total_us=706 gpu_prepass_us=0 gpu_main_us=706 gpu_composite_us=0 gpu_blit_us=0
frust_shell_common::perf: frust-perf raw n=2914 total_us=3886 rebuild_us=103 layout_us=0 paint_us=48 encode_us=23 acquire_us=104 submit_us=3606 skipped=0 gpu_q=1 gpu_total_us=705 gpu_prepass_us=0 gpu_main_us=705 gpu_composite_us=0 gpu_blit_us=0
frust_shell_common::perf: frust-perf raw n=2915 total_us=4431 rebuild_us=113 layout_us=0 paint_us=54 encode_us=26 acquire_us=109 submit_us=4127 skipped=0 gpu_q=1 gpu_total_us=691 gpu_prepass_us=0 gpu_main_us=691 gpu_composite_us=0 gpu_blit_us=0
frust_shell_common::perf: frust-perf raw n=2916 total_us=5705 rebuild_us=125 layout_us=0 paint_us=57 encode_us=29 acquire_us=167 submit_us=5324 skipped=0 gpu_q=1 gpu_total_us=726 gpu_prepass_us=0 gpu_main_us=726 gpu_composite_us=0 gpu_blit_us=0
frust_shell_common::perf: frust-perf raw n=2917 total_us=3623 rebuild_us=181 layout_us=0 paint_us=89 encode_us=19 acquire_us=139 submit_us=3193 skipped=0 gpu_q=1 gpu_total_us=751 gpu_prepass_us=0 gpu_main_us=751 gpu_composite_us=0 gpu_blit_us=0
frust_shell_common::perf: frust-perf raw n=2918 total_us=3552 rebuild_us=182 layout_us=0 paint_us=88 encode_us=14 acquire_us=109 submit_us=3156 skipped=0 gpu_q=1 gpu_total_us=749 gpu_prepass_us=0 gpu_main_us=749 gpu_composite_us=0 gpu_blit_us=0
frust_shell_common::perf: frust-perf raw n=2919 total_us=3439 rebuild_us=180 layout_us=0 paint_us=83 encode_us=14 acquire_us=107 submit_us=3052 skipped=0 gpu_q=1 gpu_total_us=704 gpu_prepass_us=0 gpu_main_us=704 gpu_composite_us=0 gpu_blit_us=0
frust_shell_common::perf: frust-perf raw n=2920 total_us=3389 rebuild_us=191 layout_us=0 paint_us=86 encode_us=15 acquire_us=145 submit_us=2949 skipped=0 gpu_q=1 gpu_total_us=708 gpu_prepass_us=0 gpu_main_us=708 gpu_composite_us=0 gpu_blit_us=0
frust_shell_common::perf: frust-perf raw n=2921 total_us=3375 rebuild_us=178 layout_us=0 paint_us=88 encode_us=17 acquire_us=108 submit_us=2981 skipped=0 gpu_q=1 gpu_total_us=711 gpu_prepass_us=0 gpu_main_us=711 gpu_composite_us=0 gpu_blit_us=0
frust_shell_common::perf: frust-perf raw n=2922 total_us=3309 rebuild_us=188 layout_us=0 paint_us=84 encode_us=15 acquire_us=105 submit_us=2914 skipped=0 gpu_q=1 gpu_total_us=766 gpu_prepass_us=0 gpu_main_us=766 gpu_composite_us=0 gpu_blit_us=0
frust_shell_common::perf: frust-perf raw n=2923 total_us=3321 rebuild_us=187 layout_us=0 paint_us=88 encode_us=15 acquire_us=112 submit_us=2916 skipped=0 gpu_q=1 gpu_total_us=735 gpu_prepass_us=0 gpu_main_us=735 gpu_composite_us=0 gpu_blit_us=0
frust_shell_common::perf: frust-perf raw n=2924 total_us=3189 rebuild_us=189 layout_us=0 paint_us=80 encode_us=12 acquire_us=98 submit_us=2808 skipped=0 gpu_q=1 gpu_total_us=729 gpu_prepass_us=0 gpu_main_us=729 gpu_composite_us=0 gpu_blit_us=0
frust_shell_common::perf: frust-perf raw n=2925 total_us=5316 rebuild_us=186 layout_us=0 paint_us=87 encode_us=38 acquire_us=177 submit_us=4825 skipped=0 gpu_q=1 gpu_total_us=754 gpu_prepass_us=0 gpu_main_us=754 gpu_composite_us=0 gpu_blit_us=0
frust_shell_common::perf: frust-perf raw n=2926 total_us=4033 rebuild_us=118 layout_us=0 paint_us=54 encode_us=28 acquire_us=116 submit_us=3715 skipped=0 gpu_q=1 gpu_total_us=763 gpu_prepass_us=0 gpu_main_us=763 gpu_composite_us=0 gpu_blit_us=0
frust_shell_common::perf: frust-perf raw n=2927 total_us=4048 rebuild_us=109 layout_us=0 paint_us=49 encode_us=23 acquire_us=99 submit_us=3766 skipped=0 gpu_q=1 gpu_total_us=727 gpu_prepass_us=0 gpu_main_us=727 gpu_composite_us=0 gpu_blit_us=0
frust_shell_common::perf: frust-perf raw n=2928 total_us=5619 rebuild_us=130 layout_us=0 paint_us=55 encode_us=28 acquire_us=131 submit_us=5272 skipped=0 gpu_q=1 gpu_total_us=757 gpu_prepass_us=0 gpu_main_us=757 gpu_composite_us=0 gpu_blit_us=0
frust_shell_common::perf: frust-perf raw n=2929 total_us=5621 rebuild_us=159 layout_us=0 paint_us=72 encode_us=37 acquire_us=174 submit_us=5176 skipped=0 gpu_q=1 gpu_total_us=698 gpu_prepass_us=0 gpu_main_us=698 gpu_composite_us=0 gpu_blit_us=0
frust_shell_common::perf: frust-perf raw n=2930 total_us=4404 rebuild_us=109 layout_us=0 paint_us=52 encode_us=26 acquire_us=121 submit_us=4093 skipped=0 gpu_q=1 gpu_total_us=730 gpu_prepass_us=0 gpu_main_us=730 gpu_composite_us=0 gpu_blit_us=0
frust_shell_common::perf: frust-perf raw n=2931 total_us=3882 rebuild_us=99 layout_us=0 paint_us=45 encode_us=20 acquire_us=118 submit_us=3597 skipped=0 gpu_q=1 gpu_total_us=756 gpu_prepass_us=0 gpu_main_us=756 gpu_composite_us=0 gpu_blit_us=0
frust_shell_common::perf: frust-perf raw n=2932 total_us=3607 rebuild_us=95 layout_us=0 paint_us=41 encode_us=17 acquire_us=104 submit_us=3348 skipped=0 gpu_q=1 gpu_total_us=712 gpu_prepass_us=0 gpu_main_us=712 gpu_composite_us=0 gpu_blit_us=0
frust_shell_common::perf: frust-perf raw n=2933 total_us=4589 rebuild_us=113 layout_us=0 paint_us=50 encode_us=19 acquire_us=115 submit_us=4291 skipped=0 gpu_q=1 gpu_total_us=706 gpu_prepass_us=0 gpu_main_us=706 gpu_composite_us=0 gpu_blit_us=0
frust_shell_common::perf: frust-perf raw n=2934 total_us=5358 rebuild_us=123 layout_us=0 paint_us=57 encode_us=27 acquire_us=145 submit_us=5004 skipped=0 gpu_q=1 gpu_total_us=706 gpu_prepass_us=0 gpu_main_us=706 gpu_composite_us=0 gpu_blit_us=0
frust_shell_common::perf: frust-perf raw n=2935 total_us=5043 rebuild_us=131 layout_us=0 paint_us=62 encode_us=30 acquire_us=144 submit_us=4674 skipped=0 gpu_q=1 gpu_total_us=771 gpu_prepass_us=0 gpu_main_us=771 gpu_composite_us=0 gpu_blit_us=0
frust_shell_common::perf: frust-perf raw n=2936 total_us=4417 rebuild_us=105 layout_us=0 paint_us=50 encode_us=25 acquire_us=119 submit_us=4116 skipped=0 gpu_q=1 gpu_total_us=754 gpu_prepass_us=0 gpu_main_us=754 gpu_composite_us=0 gpu_blit_us=0
frust_shell_common::perf: frust-perf raw n=2937 total_us=5147 rebuild_us=115 layout_us=0 paint_us=51 encode_us=26 acquire_us=117 submit_us=4836 skipped=0 gpu_q=1 gpu_total_us=707 gpu_prepass_us=0 gpu_main_us=707 gpu_composite_us=0 gpu_blit_us=0
frust_shell_common::perf: frust-perf raw n=2938 total_us=4137 rebuild_us=98 layout_us=0 paint_us=45 encode_us=22 acquire_us=131 submit_us=3840 skipped=0 gpu_q=1 gpu_total_us=708 gpu_prepass_us=0 gpu_main_us=708 gpu_composite_us=0 gpu_blit_us=0
frust_shell_common::perf: frust-perf raw n=2939 total_us=4805 rebuild_us=103 layout_us=0 paint_us=48 encode_us=23 acquire_us=102 submit_us=4526 skipped=0 gpu_q=1 gpu_total_us=705 gpu_prepass_us=0 gpu_main_us=705 gpu_composite_us=0 gpu_blit_us=0
frust_engine::renderer: frust-perf enc n=2940 w=60 validate_us=3.7 prepare_us=3.2 classify_us=13.6 admit_us=0.3 walk_us=592.3 glyphs_us=255.2 finish_us=2.7 compile_us=617.0 schedule_us=4.1 paints_us=14.8 instances_us=31.4 resize_us=2.9 upload_us=229.7 replay_us=0.4 pipelines_us=18.5 record_us=32.8 total_us=959.0 total_p95_us=1553.3 draws=46 strips=1073 alphas=28576 glyph_draws=36 atlas_glyphs=36
frust_shell_common::perf: frust-perf raw n=2940 total_us=4796 rebuild_us=176 layout_us=0 paint_us=60 encode_us=26 acquire_us=154 submit_us=4377 skipped=0 gpu_q=1 gpu_total_us=702 gpu_prepass_us=0 gpu_main_us=702 gpu_composite_us=0 gpu_blit_us=0
frust_shell_common::perf: frust-perf raw n=2941 total_us=4519 rebuild_us=125 layout_us=0 paint_us=60 encode_us=28 acquire_us=122 submit_us=4182 skipped=0 gpu_q=1 gpu_total_us=700 gpu_prepass_us=0 gpu_main_us=700 gpu_composite_us=0 gpu_blit_us=0
frust_shell_common::perf: frust-perf raw n=2942 total_us=3849 rebuild_us=101 layout_us=0 paint_us=48 encode_us=23 acquire_us=109 submit_us=3564 skipped=0 gpu_q=1 gpu_total_us=737 gpu_prepass_us=0 gpu_main_us=737 gpu_composite_us=0 gpu_blit_us=0
frust_shell_common::perf: frust-perf raw n=2943 total_us=4220 rebuild_us=107 layout_us=0 paint_us=53 encode_us=25 acquire_us=117 submit_us=3916 skipped=0 gpu_q=1 gpu_total_us=703 gpu_prepass_us=0 gpu_main_us=703 gpu_composite_us=0 gpu_blit_us=0
frust_shell_common::perf: frust-perf raw n=2944 total_us=4147 rebuild_us=101 layout_us=0 paint_us=48 encode_us=24 acquire_us=117 submit_us=3855 skipped=0 gpu_q=1 gpu_total_us=794 gpu_prepass_us=0 gpu_main_us=794 gpu_composite_us=0 gpu_blit_us=0
frust_shell_common::perf: frust-perf raw n=2945 total_us=4388 rebuild_us=109 layout_us=0 paint_us=50 encode_us=27 acquire_us=123 submit_us=4076 skipped=0 gpu_q=1 gpu_total_us=724 gpu_prepass_us=0 gpu_main_us=724 gpu_composite_us=0 gpu_blit_us=0
frust_shell_common::perf: frust-perf raw n=2946 total_us=5300 rebuild_us=123 layout_us=0 paint_us=54 encode_us=29 acquire_us=134 submit_us=4957 skipped=0 gpu_q=1 gpu_total_us=747 gpu_prepass_us=0 gpu_main_us=747 gpu_composite_us=0 gpu_blit_us=0
frust_shell_common::perf: frust-perf raw n=2947 total_us=2945 rebuild_us=111 layout_us=0 paint_us=50 encode_us=21 acquire_us=159 submit_us=2601 skipped=0 gpu_q=1 gpu_total_us=750 gpu_prepass_us=0 gpu_main_us=750 gpu_composite_us=0 gpu_blit_us=0
frust_shell_common::perf: frust-perf raw n=2948 total_us=6499 rebuild_us=172 layout_us=0 paint_us=77 encode_us=38 acquire_us=169 submit_us=6039 skipped=0 gpu_q=1 gpu_total_us=770 gpu_prepass_us=0 gpu_main_us=770 gpu_composite_us=0 gpu_blit_us=0
frust_shell_common::perf: frust-perf raw n=2949 total_us=3319 rebuild_us=111 layout_us=0 paint_us=53 encode_us=20 acquire_us=159 submit_us=2973 skipped=0 gpu_q=1 gpu_total_us=737 gpu_prepass_us=0 gpu_main_us=737 gpu_composite_us=0 gpu_blit_us=0
frust_shell_common::perf: frust-perf raw n=2950 total_us=3390 rebuild_us=188 layout_us=0 paint_us=89 encode_us=14 acquire_us=96 submit_us=3001 skipped=0 gpu_q=1 gpu_total_us=723 gpu_prepass_us=0 gpu_main_us=723 gpu_composite_us=0 gpu_blit_us=0
frust_shell_common::perf: frust-perf raw n=2951 total_us=3487 rebuild_us=190 layout_us=0 paint_us=89 encode_us=16 acquire_us=105 submit_us=3084 skipped=0 gpu_q=1 gpu_total_us=774 gpu_prepass_us=0 gpu_main_us=774 gpu_composite_us=0 gpu_blit_us=0
frust_shell_common::perf: frust-perf raw n=2952 total_us=3405 rebuild_us=187 layout_us=0 paint_us=84 encode_us=19 acquire_us=110 submit_us=3003 skipped=0 gpu_q=1 gpu_total_us=723 gpu_prepass_us=0 gpu_main_us=723 gpu_composite_us=0 gpu_blit_us=0
frust_shell_common::perf: frust-perf raw n=2953 total_us=3451 rebuild_us=188 layout_us=0 paint_us=94 encode_us=17 acquire_us=111 submit_us=3038 skipped=0 gpu_q=1 gpu_total_us=758 gpu_prepass_us=0 gpu_main_us=758 gpu_composite_us=0 gpu_blit_us=0
frust_shell_common::perf: frust-perf raw n=2954 total_us=3417 rebuild_us=196 layout_us=0 paint_us=88 encode_us=17 acquire_us=178 submit_us=2936 skipped=0 gpu_q=1 gpu_total_us=782 gpu_prepass_us=0 gpu_main_us=782 gpu_composite_us=0 gpu_blit_us=0
frust_shell_common::perf: frust-perf raw n=2955 total_us=3408 rebuild_us=192 layout_us=0 paint_us=167 encode_us=18 acquire_us=119 submit_us=2910 skipped=0 gpu_q=1 gpu_total_us=776 gpu_prepass_us=0 gpu_main_us=776 gpu_composite_us=0 gpu_blit_us=0
frust_shell_common::perf: frust-perf raw n=2956 total_us=3368 rebuild_us=184 layout_us=0 paint_us=89 encode_us=17 acquire_us=100 submit_us=2975 skipped=0 gpu_q=1 gpu_total_us=765 gpu_prepass_us=0 gpu_main_us=765 gpu_composite_us=0 gpu_blit_us=0
frust_shell_common::perf: frust-perf raw n=2957 total_us=3271 rebuild_us=184 layout_us=0 paint_us=86 encode_us=13 acquire_us=101 submit_us=2884 skipped=0 gpu_q=1 gpu_total_us=767 gpu_prepass_us=0 gpu_main_us=767 gpu_composite_us=0 gpu_blit_us=0
frust_shell_common::perf: frust-perf raw n=2958 total_us=3173 rebuild_us=173 layout_us=0 paint_us=84 encode_us=15 acquire_us=103 submit_us=2795 skipped=0 gpu_q=1 gpu_total_us=753 gpu_prepass_us=0 gpu_main_us=753 gpu_composite_us=0 gpu_blit_us=0
frust_shell_common::perf: frust-perf raw n=2959 total_us=3428 rebuild_us=195 layout_us=0 paint_us=85 encode_us=13 acquire_us=103 submit_us=3030 skipped=0 gpu_q=1 gpu_total_us=759 gpu_prepass_us=0 gpu_main_us=759 gpu_composite_us=0 gpu_blit_us=0
frust_shell_common::perf: frust-perf raw n=2960 total_us=3431 rebuild_us=192 layout_us=0 paint_us=90 encode_us=19 acquire_us=109 submit_us=3019 skipped=0 gpu_q=1 gpu_total_us=764 gpu_prepass_us=0 gpu_main_us=764 gpu_composite_us=0 gpu_blit_us=0
frust_shell_common::perf: frust-perf raw n=2961 total_us=3481 rebuild_us=190 layout_us=0 paint_us=90 encode_us=15 acquire_us=114 submit_us=3071 skipped=0 gpu_q=1 gpu_total_us=755 gpu_prepass_us=0 gpu_main_us=755 gpu_composite_us=0 gpu_blit_us=0
frust_shell_common::perf: frust-perf raw n=2962 total_us=3371 rebuild_us=179 layout_us=0 paint_us=85 encode_us=14 acquire_us=98 submit_us=2992 skipped=0 gpu_q=1 gpu_total_us=759 gpu_prepass_us=0 gpu_main_us=759 gpu_composite_us=0 gpu_blit_us=0
frust_shell_common::perf: frust-perf raw n=2963 total_us=3502 rebuild_us=204 layout_us=0 paint_us=89 encode_us=13 acquire_us=106 submit_us=3087 skipped=0 gpu_q=1 gpu_total_us=760 gpu_prepass_us=0 gpu_main_us=760 gpu_composite_us=0 gpu_blit_us=0
frust_shell_common::perf: frust-perf raw n=2964 total_us=3316 rebuild_us=186 layout_us=0 paint_us=90 encode_us=13 acquire_us=102 submit_us=2922 skipped=0 gpu_q=1 gpu_total_us=767 gpu_prepass_us=0 gpu_main_us=767 gpu_composite_us=0 gpu_blit_us=0
frust_shell_common::perf: frust-perf raw n=2965 total_us=3603 rebuild_us=185 layout_us=0 paint_us=94 encode_us=15 acquire_us=110 submit_us=3196 skipped=0 gpu_q=1 gpu_total_us=771 gpu_prepass_us=0 gpu_main_us=771 gpu_composite_us=0 gpu_blit_us=0
frust_shell_common::perf: frust-perf raw n=2966 total_us=3401 rebuild_us=191 layout_us=0 paint_us=88 encode_us=15 acquire_us=102 submit_us=3003 skipped=0 gpu_q=1 gpu_total_us=771 gpu_prepass_us=0 gpu_main_us=771 gpu_composite_us=0 gpu_blit_us=0
frust_shell_common::perf: frust-perf raw n=2967 total_us=3343 rebuild_us=191 layout_us=0 paint_us=87 encode_us=14 acquire_us=105 submit_us=2944 skipped=0 gpu_q=1 gpu_total_us=776 gpu_prepass_us=0 gpu_main_us=776 gpu_composite_us=0 gpu_blit_us=0
frust_shell_common::perf: frust-perf raw n=2968 total_us=3502 rebuild_us=195 layout_us=0 paint_us=94 encode_us=13 acquire_us=102 submit_us=3095 skipped=0 gpu_q=1 gpu_total_us=759 gpu_prepass_us=0 gpu_main_us=759 gpu_composite_us=0 gpu_blit_us=0
frust_shell_common::perf: frust-perf raw n=2969 total_us=3441 rebuild_us=196 layout_us=0 paint_us=94 encode_us=19 acquire_us=119 submit_us=3010 skipped=0 gpu_q=1 gpu_total_us=781 gpu_prepass_us=0 gpu_main_us=781 gpu_composite_us=0 gpu_blit_us=0
frust_shell_common::perf: frust-perf raw n=2970 total_us=3291 rebuild_us=183 layout_us=0 paint_us=93 encode_us=14 acquire_us=99 submit_us=2899 skipped=0 gpu_q=1 gpu_total_us=775 gpu_prepass_us=0 gpu_main_us=775 gpu_composite_us=0 gpu_blit_us=0
frust_shell_common::perf: frust-perf raw n=2971 total_us=3417 rebuild_us=178 layout_us=0 paint_us=85 encode_us=12 acquire_us=97 submit_us=3042 skipped=0 gpu_q=1 gpu_total_us=747 gpu_prepass_us=0 gpu_main_us=747 gpu_composite_us=0 gpu_blit_us=0
frust_shell_common::perf: frust-perf raw n=2972 total_us=3331 rebuild_us=189 layout_us=0 paint_us=88 encode_us=22 acquire_us=155 submit_us=2874 skipped=0 gpu_q=1 gpu_total_us=768 gpu_prepass_us=0 gpu_main_us=768 gpu_composite_us=0 gpu_blit_us=0
frust_shell_common::perf: frust-perf raw n=2973 total_us=3604 rebuild_us=435 layout_us=0 paint_us=97 encode_us=16 acquire_us=114 submit_us=2939 skipped=0 gpu_q=1 gpu_total_us=734 gpu_prepass_us=0 gpu_main_us=734 gpu_composite_us=0 gpu_blit_us=0
frust_shell_common::perf: frust-perf raw n=2974 total_us=3504 rebuild_us=179 layout_us=0 paint_us=88 encode_us=18 acquire_us=115 submit_us=3102 skipped=0 gpu_q=1 gpu_total_us=773 gpu_prepass_us=0 gpu_main_us=773 gpu_composite_us=0 gpu_blit_us=0
frust_shell_common::perf: frust-perf raw n=2975 total_us=3320 rebuild_us=184 layout_us=0 paint_us=93 encode_us=15 acquire_us=108 submit_us=2918 skipped=0 gpu_q=1 gpu_total_us=778 gpu_prepass_us=0 gpu_main_us=778 gpu_composite_us=0 gpu_blit_us=0
frust_shell_common::perf: frust-perf raw n=2976 total_us=3385 rebuild_us=189 layout_us=0 paint_us=85 encode_us=18 acquire_us=119 submit_us=2970 skipped=0 gpu_q=1 gpu_total_us=757 gpu_prepass_us=0 gpu_main_us=757 gpu_composite_us=0 gpu_blit_us=0
frust_shell_common::perf: frust-perf raw n=2977 total_us=3384 rebuild_us=177 layout_us=0 paint_us=85 encode_us=13 acquire_us=108 submit_us=2998 skipped=0 gpu_q=1 gpu_total_us=739 gpu_prepass_us=0 gpu_main_us=739 gpu_composite_us=0 gpu_blit_us=0
frust_shell_common::perf: frust-perf raw n=2978 total_us=3401 rebuild_us=188 layout_us=0 paint_us=83 encode_us=17 acquire_us=110 submit_us=3000 skipped=0 gpu_q=1 gpu_total_us=748 gpu_prepass_us=0 gpu_main_us=748 gpu_composite_us=0 gpu_blit_us=0
frust_shell_common::perf: frust-perf raw n=2979 total_us=3373 rebuild_us=180 layout_us=0 paint_us=86 encode_us=15 acquire_us=103 submit_us=2987 skipped=0 gpu_q=1 gpu_total_us=703 gpu_prepass_us=0 gpu_main_us=703 gpu_composite_us=0 gpu_blit_us=0
frust_shell_common::perf: frust-perf raw n=2980 total_us=3640 rebuild_us=210 layout_us=0 paint_us=94 encode_us=15 acquire_us=121 submit_us=3198 skipped=0 gpu_q=1 gpu_total_us=749 gpu_prepass_us=0 gpu_main_us=749 gpu_composite_us=0 gpu_blit_us=0
frust_shell_common::perf: frust-perf raw n=2981 total_us=6154 rebuild_us=201 layout_us=0 paint_us=85 encode_us=39 acquire_us=175 submit_us=5651 skipped=0 gpu_q=1 gpu_total_us=731 gpu_prepass_us=0 gpu_main_us=731 gpu_composite_us=0 gpu_blit_us=0
frust_shell_common::perf: frust-perf raw n=2982 total_us=4029 rebuild_us=112 layout_us=0 paint_us=51 encode_us=28 acquire_us=107 submit_us=3729 skipped=0 gpu_q=1 gpu_total_us=745 gpu_prepass_us=0 gpu_main_us=745 gpu_composite_us=0 gpu_blit_us=0
frust_shell_common::perf: frust-perf raw n=2983 total_us=3806 rebuild_us=106 layout_us=0 paint_us=47 encode_us=17 acquire_us=105 submit_us=3530 skipped=0 gpu_q=1 gpu_total_us=723 gpu_prepass_us=0 gpu_main_us=723 gpu_composite_us=0 gpu_blit_us=0
frust_shell_common::perf: frust-perf raw n=2984 total_us=4095 rebuild_us=118 layout_us=0 paint_us=53 encode_us=22 acquire_us=116 submit_us=3783 skipped=0 gpu_q=1 gpu_total_us=690 gpu_prepass_us=0 gpu_main_us=690 gpu_composite_us=0 gpu_blit_us=0
frust_shell_common::perf: frust-perf raw n=2985 total_us=4365 rebuild_us=117 layout_us=0 paint_us=52 encode_us=23 acquire_us=118 submit_us=4053 skipped=0 gpu_q=1 gpu_total_us=690 gpu_prepass_us=0 gpu_main_us=690 gpu_composite_us=0 gpu_blit_us=0
frust_shell_common::perf: frust-perf raw n=2986 total_us=4424 rebuild_us=111 layout_us=0 paint_us=50 encode_us=22 acquire_us=151 submit_us=4087 skipped=0 gpu_q=1 gpu_total_us=728 gpu_prepass_us=0 gpu_main_us=728 gpu_composite_us=0 gpu_blit_us=0
frust_shell_common::perf: frust-perf raw n=2987 total_us=5594 rebuild_us=126 layout_us=0 paint_us=62 encode_us=31 acquire_us=135 submit_us=5238 skipped=0 gpu_q=1 gpu_total_us=711 gpu_prepass_us=0 gpu_main_us=711 gpu_composite_us=0 gpu_blit_us=0
frust_shell_common::perf: frust-perf raw n=2988 total_us=5389 rebuild_us=113 layout_us=0 paint_us=59 encode_us=28 acquire_us=126 submit_us=5062 skipped=0 gpu_q=1 gpu_total_us=726 gpu_prepass_us=0 gpu_main_us=726 gpu_composite_us=0 gpu_blit_us=0
frust_shell_common::perf: frust-perf raw n=2989 total_us=5609 rebuild_us=119 layout_us=0 paint_us=54 encode_us=24 acquire_us=133 submit_us=5276 skipped=0 gpu_q=1 gpu_total_us=690 gpu_prepass_us=0 gpu_main_us=690 gpu_composite_us=0 gpu_blit_us=0
frust_shell_android::app::frame: frust-perf platform-view tail depth=0 target=0 acquire_bound=false frame=3000 expected_present_us=0 acquire_us=127 period_us=8236
frust_shell_common::perf: frust-perf raw n=2990 total_us=5603 rebuild_us=113 layout_us=0 paint_us=53 encode_us=26 acquire_us=137 submit_us=5271 skipped=0 gpu_q=1 gpu_total_us=690 gpu_prepass_us=0 gpu_main_us=690 gpu_composite_us=0 gpu_blit_us=0
frust_shell_common::perf: frust-perf raw n=2991 total_us=5078 rebuild_us=153 layout_us=0 paint_us=57 encode_us=30 acquire_us=124 submit_us=4711 skipped=0 gpu_q=1 gpu_total_us=722 gpu_prepass_us=0 gpu_main_us=722 gpu_composite_us=0 gpu_blit_us=0
frust_shell_common::perf: frust-perf raw n=2992 total_us=4064 rebuild_us=101 layout_us=0 paint_us=46 encode_us=21 acquire_us=123 submit_us=3771 skipped=0 gpu_q=1 gpu_total_us=711 gpu_prepass_us=0 gpu_main_us=711 gpu_composite_us=0 gpu_blit_us=0
frust_shell_common::perf: frust-perf raw n=2993 total_us=4209 rebuild_us=106 layout_us=0 paint_us=50 encode_us=22 acquire_us=140 submit_us=3888 skipped=0 gpu_q=1 gpu_total_us=711 gpu_prepass_us=0 gpu_main_us=711 gpu_composite_us=0 gpu_blit_us=0
frust_shell_common::perf: frust-perf raw n=2994 total_us=4878 rebuild_us=119 layout_us=0 paint_us=56 encode_us=29 acquire_us=154 submit_us=4518 skipped=0 gpu_q=1 gpu_total_us=708 gpu_prepass_us=0 gpu_main_us=708 gpu_composite_us=0 gpu_blit_us=0
frust_shell_common::perf: frust-perf raw n=2995 total_us=5534 rebuild_us=134 layout_us=0 paint_us=67 encode_us=33 acquire_us=153 submit_us=5146 skipped=0 gpu_q=1 gpu_total_us=707 gpu_prepass_us=0 gpu_main_us=707 gpu_composite_us=0 gpu_blit_us=0
frust_shell_common::perf: frust-perf raw n=2996 total_us=4380 rebuild_us=104 layout_us=0 paint_us=52 encode_us=26 acquire_us=116 submit_us=4080 skipped=0 gpu_q=1 gpu_total_us=755 gpu_prepass_us=0 gpu_main_us=755 gpu_composite_us=0 gpu_blit_us=0
frust_shell_common::perf: frust-perf raw n=2997 total_us=3362 rebuild_us=85 layout_us=0 paint_us=44 encode_us=20 acquire_us=102 submit_us=3110 skipped=0 gpu_q=1 gpu_total_us=758 gpu_prepass_us=0 gpu_main_us=758 gpu_composite_us=0 gpu_blit_us=0
frust_shell_common::perf: frust-perf raw n=2998 total_us=3570 rebuild_us=90 layout_us=0 paint_us=43 encode_us=18 acquire_us=99 submit_us=3317 skipped=0 gpu_q=1 gpu_total_us=706 gpu_prepass_us=0 gpu_main_us=706 gpu_composite_us=0 gpu_blit_us=0
frust_shell_common::perf: frust-perf raw n=2999 total_us=5681 rebuild_us=107 layout_us=0 paint_us=51 encode_us=26 acquire_us=113 submit_us=5381 skipped=0 gpu_q=1 gpu_total_us=723 gpu_prepass_us=0 gpu_main_us=723 gpu_composite_us=0 gpu_blit_us=0
frust_engine::renderer: frust-perf enc n=3000 w=60 validate_us=3.9 prepare_us=3.2 classify_us=13.0 admit_us=0.4 walk_us=529.6 glyphs_us=222.9 finish_us=2.4 compile_us=579.5 schedule_us=3.9 paints_us=14.2 instances_us=30.7 resize_us=3.0 upload_us=211.9 replay_us=0.4 pipelines_us=19.5 record_us=32.1 total_us=910.9 total_p95_us=1562.7 draws=46 strips=1073 alphas=28576 glyph_draws=36 atlas_glyphs=36
frust_shell_common::perf: frust-perf raw n=3000 total_us=5899 rebuild_us=127 layout_us=0 paint_us=61 encode_us=32 acquire_us=150 submit_us=5527 skipped=0 gpu_q=1 gpu_total_us=769 gpu_prepass_us=0 gpu_main_us=769 gpu_composite_us=0 gpu_blit_us=0
frust_shell_common::perf: frust-perf raw n=3001 total_us=5421 rebuild_us=130 layout_us=0 paint_us=64 encode_us=31 acquire_us=154 submit_us=5040 skipped=0 gpu_q=1 gpu_total_us=728 gpu_prepass_us=0 gpu_main_us=728 gpu_composite_us=0 gpu_blit_us=0
frust_shell_common::perf: frust-perf raw n=3002 total_us=3305 rebuild_us=154 layout_us=0 paint_us=68 encode_us=14 acquire_us=128 submit_us=2938 skipped=0 gpu_q=1 gpu_total_us=756 gpu_prepass_us=0 gpu_main_us=756 gpu_composite_us=0 gpu_blit_us=0
frust_shell_common::perf: frust-perf raw n=3003 total_us=3324 rebuild_us=175 layout_us=0 paint_us=79 encode_us=14 acquire_us=95 submit_us=2958 skipped=0 gpu_q=1 gpu_total_us=712 gpu_prepass_us=0 gpu_main_us=712 gpu_composite_us=0 gpu_blit_us=0
frust_shell_common::perf: frust-perf raw n=3004 total_us=3413 rebuild_us=177 layout_us=0 paint_us=85 encode_us=14 acquire_us=100 submit_us=3034 skipped=0 gpu_q=1 gpu_total_us=781 gpu_prepass_us=0 gpu_main_us=781 gpu_composite_us=0 gpu_blit_us=0
frust_shell_common::perf: frust-perf raw n=3005 total_us=3287 rebuild_us=182 layout_us=0 paint_us=90 encode_us=15 acquire_us=155 submit_us=2842 skipped=0 gpu_q=1 gpu_total_us=733 gpu_prepass_us=0 gpu_main_us=733 gpu_composite_us=0 gpu_blit_us=0
frust_shell_common::perf: frust-perf raw n=3006 total_us=3467 rebuild_us=184 layout_us=0 paint_us=258 encode_us=15 acquire_us=106 submit_us=2901 skipped=0 gpu_q=1 gpu_total_us=739 gpu_prepass_us=0 gpu_main_us=739 gpu_composite_us=0 gpu_blit_us=0
frust_shell_common::perf: frust-perf raw n=3007 total_us=3204 rebuild_us=186 layout_us=0 paint_us=87 encode_us=17 acquire_us=115 submit_us=2795 skipped=0 gpu_q=1 gpu_total_us=758 gpu_prepass_us=0 gpu_main_us=758 gpu_composite_us=0 gpu_blit_us=0
frust_shell_common::perf: frust-perf raw n=3008 total_us=3321 rebuild_us=191 layout_us=0 paint_us=88 encode_us=16 acquire_us=108 submit_us=2916 skipped=0 gpu_q=1 gpu_total_us=742 gpu_prepass_us=0 gpu_main_us=742 gpu_composite_us=0 gpu_blit_us=0
frust_shell_common::perf: frust-perf raw n=3009 total_us=3199 rebuild_us=175 layout_us=0 paint_us=80 encode_us=13 acquire_us=96 submit_us=2831 skipped=0 gpu_q=1 gpu_total_us=748 gpu_prepass_us=0 gpu_main_us=748 gpu_composite_us=0 gpu_blit_us=0
frust_shell_common::perf: frust-perf raw n=3010 total_us=3574 rebuild_us=199 layout_us=0 paint_us=91 encode_us=19 acquire_us=136 submit_us=3127 skipped=0 gpu_q=1 gpu_total_us=736 gpu_prepass_us=0 gpu_main_us=736 gpu_composite_us=0 gpu_blit_us=0
frust_shell_common::perf: frust-perf raw n=3011 total_us=3353 rebuild_us=192 layout_us=0 paint_us=87 encode_us=14 acquire_us=101 submit_us=2957 skipped=0 gpu_q=1 gpu_total_us=745 gpu_prepass_us=0 gpu_main_us=745 gpu_composite_us=0 gpu_blit_us=0
frust_shell_common::perf: frust-perf raw n=3012 total_us=3378 rebuild_us=183 layout_us=0 paint_us=81 encode_us=17 acquire_us=110 submit_us=2986 skipped=0 gpu_q=1 gpu_total_us=731 gpu_prepass_us=0 gpu_main_us=731 gpu_composite_us=0 gpu_blit_us=0
frust_shell_common::perf: frust-perf raw n=3013 total_us=3192 rebuild_us=179 layout_us=0 paint_us=88 encode_us=13 acquire_us=101 submit_us=2808 skipped=0 gpu_q=1 gpu_total_us=750 gpu_prepass_us=0 gpu_main_us=750 gpu_composite_us=0 gpu_blit_us=0
frust_shell_common::perf: frust-perf raw n=3014 total_us=3356 rebuild_us=185 layout_us=0 paint_us=89 encode_us=14 acquire_us=104 submit_us=2962 skipped=0 gpu_q=1 gpu_total_us=706 gpu_prepass_us=0 gpu_main_us=706 gpu_composite_us=0 gpu_blit_us=0
frust_shell_common::perf: frust-perf raw n=3015 total_us=3325 rebuild_us=176 layout_us=0 paint_us=78 encode_us=14 acquire_us=99 submit_us=2955 skipped=0 gpu_q=1 gpu_total_us=731 gpu_prepass_us=0 gpu_main_us=731 gpu_composite_us=0 gpu_blit_us=0
frust_shell_common::perf: frust-perf raw n=3016 total_us=3152 rebuild_us=161 layout_us=0 paint_us=78 encode_us=13 acquire_us=103 submit_us=2795 skipped=0 gpu_q=1 gpu_total_us=757 gpu_prepass_us=0 gpu_main_us=757 gpu_composite_us=0 gpu_blit_us=0
frust_shell_common::perf: frust-perf raw n=3017 total_us=3419 rebuild_us=184 layout_us=0 paint_us=87 encode_us=16 acquire_us=104 submit_us=3025 skipped=0 gpu_q=1 gpu_total_us=730 gpu_prepass_us=0 gpu_main_us=730 gpu_composite_us=0 gpu_blit_us=0
frust_shell_common::perf: frust-perf raw n=3018 total_us=3368 rebuild_us=184 layout_us=0 paint_us=85 encode_us=14 acquire_us=98 submit_us=2983 skipped=0 gpu_q=1 gpu_total_us=746 gpu_prepass_us=0 gpu_main_us=746 gpu_composite_us=0 gpu_blit_us=0
frust_shell_common::perf: frust-perf raw n=3019 total_us=3373 rebuild_us=188 layout_us=0 paint_us=90 encode_us=14 acquire_us=102 submit_us=2977 skipped=0 gpu_q=1 gpu_total_us=732 gpu_prepass_us=0 gpu_main_us=732 gpu_composite_us=0 gpu_blit_us=0
frust_shell_common::perf: frust-perf raw n=3020 total_us=3407 rebuild_us=198 layout_us=0 paint_us=91 encode_us=14 acquire_us=107 submit_us=2994 skipped=0 gpu_q=1 gpu_total_us=739 gpu_prepass_us=0 gpu_main_us=739 gpu_composite_us=0 gpu_blit_us=0
frust_shell_common::perf: frust-perf raw n=3021 total_us=3493 rebuild_us=206 layout_us=0 paint_us=96 encode_us=15 acquire_us=164 submit_us=3010 skipped=0 gpu_q=1 gpu_total_us=740 gpu_prepass_us=0 gpu_main_us=740 gpu_composite_us=0 gpu_blit_us=0
frust_shell_common::perf: frust-perf raw n=3022 total_us=3246 rebuild_us=186 layout_us=0 paint_us=88 encode_us=17 acquire_us=116 submit_us=2836 skipped=0 gpu_q=1 gpu_total_us=726 gpu_prepass_us=0 gpu_main_us=726 gpu_composite_us=0 gpu_blit_us=0
frust_shell_common::perf: frust-perf raw n=3023 total_us=3444 rebuild_us=270 layout_us=0 paint_us=94 encode_us=13 acquire_us=105 submit_us=2959 skipped=0 gpu_q=1 gpu_total_us=714 gpu_prepass_us=0 gpu_main_us=714 gpu_composite_us=0 gpu_blit_us=0
frust_shell_common::perf: frust-perf raw n=3024 total_us=3278 rebuild_us=197 layout_us=0 paint_us=85 encode_us=14 acquire_us=105 submit_us=2875 skipped=0 gpu_q=1 gpu_total_us=729 gpu_prepass_us=0 gpu_main_us=729 gpu_composite_us=0 gpu_blit_us=0
frust_shell_common::perf: frust-perf raw n=3025 total_us=3353 rebuild_us=188 layout_us=0 paint_us=93 encode_us=15 acquire_us=116 submit_us=2940 skipped=0 gpu_q=1 gpu_total_us=700 gpu_prepass_us=0 gpu_main_us=700 gpu_composite_us=0 gpu_blit_us=0
frust_shell_common::perf: frust-perf raw n=3026 total_us=3799 rebuild_us=159 layout_us=0 paint_us=76 encode_us=24 acquire_us=144 submit_us=3393 skipped=0 gpu_q=1 gpu_total_us=710 gpu_prepass_us=0 gpu_main_us=710 gpu_composite_us=0 gpu_blit_us=0
frust_shell_common::perf: frust-perf raw n=3027 total_us=3176 rebuild_us=150 layout_us=0 paint_us=67 encode_us=17 acquire_us=98 submit_us=2841 skipped=0 gpu_q=1 gpu_total_us=698 gpu_prepass_us=0 gpu_main_us=698 gpu_composite_us=0 gpu_blit_us=0
frust_shell_common::perf: frust-perf raw n=3028 total_us=3216 rebuild_us=161 layout_us=0 paint_us=67 encode_us=13 acquire_us=105 submit_us=2866 skipped=0 gpu_q=1 gpu_total_us=704 gpu_prepass_us=0 gpu_main_us=704 gpu_composite_us=0 gpu_blit_us=0
frust_shell_common::perf: frust-perf raw n=3029 total_us=3369 rebuild_us=167 layout_us=0 paint_us=79 encode_us=17 acquire_us=110 submit_us=2994 skipped=0 gpu_q=1 gpu_total_us=722 gpu_prepass_us=0 gpu_main_us=722 gpu_composite_us=0 gpu_blit_us=0
frust_shell_common::perf: frust-perf raw n=3030 total_us=3324 rebuild_us=178 layout_us=0 paint_us=82 encode_us=15 acquire_us=102 submit_us=2945 skipped=0 gpu_q=1 gpu_total_us=715 gpu_prepass_us=0 gpu_main_us=715 gpu_composite_us=0 gpu_blit_us=0
frust_shell_common::perf: frust-perf raw n=3031 total_us=3447 rebuild_us=186 layout_us=0 paint_us=89 encode_us=14 acquire_us=111 submit_us=3045 skipped=0 gpu_q=1 gpu_total_us=685 gpu_prepass_us=0 gpu_main_us=685 gpu_composite_us=0 gpu_blit_us=0
frust_shell_common::perf: frust-perf raw n=3032 total_us=5679 rebuild_us=195 layout_us=0 paint_us=84 encode_us=37 acquire_us=235 submit_us=5125 skipped=0 gpu_q=1 gpu_total_us=696 gpu_prepass_us=0 gpu_main_us=696 gpu_composite_us=0 gpu_blit_us=0
frust_shell_common::perf: frust-perf raw n=3033 total_us=5231 rebuild_us=143 layout_us=0 paint_us=61 encode_us=29 acquire_us=139 submit_us=4856 skipped=0 gpu_q=1 gpu_total_us=699 gpu_prepass_us=0 gpu_main_us=699 gpu_composite_us=0 gpu_blit_us=0
frust_shell_common::perf: frust-perf raw n=3034 total_us=3910 rebuild_us=110 layout_us=0 paint_us=49 encode_us=27 acquire_us=119 submit_us=3603 skipped=0 gpu_q=1 gpu_total_us=706 gpu_prepass_us=0 gpu_main_us=706 gpu_composite_us=0 gpu_blit_us=0
frust_shell_common::perf: frust-perf raw n=3035 total_us=4086 rebuild_us=98 layout_us=0 paint_us=46 encode_us=24 acquire_us=110 submit_us=3805 skipped=0 gpu_q=1 gpu_total_us=689 gpu_prepass_us=0 gpu_main_us=689 gpu_composite_us=0 gpu_blit_us=0
frust_shell_common::perf: frust-perf raw n=3036 total_us=5832 rebuild_us=107 layout_us=0 paint_us=52 encode_us=28 acquire_us=114 submit_us=5529 skipped=0 gpu_q=1 gpu_total_us=664 gpu_prepass_us=0 gpu_main_us=664 gpu_composite_us=0 gpu_blit_us=0
frust_shell_common::perf: frust-perf raw n=3037 total_us=5204 rebuild_us=124 layout_us=0 paint_us=59 encode_us=30 acquire_us=167 submit_us=4822 skipped=0 gpu_q=1 gpu_total_us=664 gpu_prepass_us=0 gpu_main_us=664 gpu_composite_us=0 gpu_blit_us=0
frust_shell_common::perf: frust-perf raw n=3038 total_us=3447 rebuild_us=104 layout_us=0 paint_us=49 encode_us=22 acquire_us=151 submit_us=3119 skipped=0 gpu_q=1 gpu_total_us=704 gpu_prepass_us=0 gpu_main_us=704 gpu_composite_us=0 gpu_blit_us=0
frust_shell_common::perf: frust-perf raw n=3039 total_us=5790 rebuild_us=152 layout_us=0 paint_us=69 encode_us=34 acquire_us=138 submit_us=5394 skipped=0 gpu_q=1 gpu_total_us=723 gpu_prepass_us=0 gpu_main_us=723 gpu_composite_us=0 gpu_blit_us=0
frust_shell_common::perf: frust-perf raw n=3040 total_us=3894 rebuild_us=119 layout_us=0 paint_us=54 encode_us=31 acquire_us=158 submit_us=3530 skipped=0 gpu_q=1 gpu_total_us=669 gpu_prepass_us=0 gpu_main_us=669 gpu_composite_us=0 gpu_blit_us=0
frust_shell_common::perf: frust-perf raw n=3041 total_us=5203 rebuild_us=98 layout_us=0 paint_us=43 encode_us=20 acquire_us=229 submit_us=4812 skipped=0 gpu_q=1 gpu_total_us=660 gpu_prepass_us=0 gpu_main_us=660 gpu_composite_us=0 gpu_blit_us=0
frust_shell_common::perf: frust-perf raw n=3042 total_us=5206 rebuild_us=122 layout_us=0 paint_us=59 encode_us=24 acquire_us=283 submit_us=4716 skipped=0 gpu_q=1 gpu_total_us=697 gpu_prepass_us=0 gpu_main_us=697 gpu_composite_us=0 gpu_blit_us=0
frust_shell_common::perf: frust-perf raw n=3043 total_us=4041 rebuild_us=109 layout_us=0 paint_us=51 encode_us=26 acquire_us=116 submit_us=3737 skipped=0 gpu_q=1 gpu_total_us=668 gpu_prepass_us=0 gpu_main_us=668 gpu_composite_us=0 gpu_blit_us=0
frust_shell_common::perf: frust-perf raw n=3044 total_us=3240 rebuild_us=105 layout_us=0 paint_us=45 encode_us=21 acquire_us=166 submit_us=2901 skipped=0 gpu_q=1 gpu_total_us=707 gpu_prepass_us=0 gpu_main_us=707 gpu_composite_us=0 gpu_blit_us=0
frust_shell_common::perf: frust-perf raw n=3045 total_us=3447 rebuild_us=193 layout_us=0 paint_us=84 encode_us=16 acquire_us=108 submit_us=3044 skipped=0 gpu_q=1 gpu_total_us=665 gpu_prepass_us=0 gpu_main_us=665 gpu_composite_us=0 gpu_blit_us=0
frust_shell_common::perf: frust-perf raw n=3046 total_us=3485 rebuild_us=204 layout_us=0 paint_us=91 encode_us=15 acquire_us=111 submit_us=3061 skipped=0 gpu_q=1 gpu_total_us=663 gpu_prepass_us=0 gpu_main_us=663 gpu_composite_us=0 gpu_blit_us=0
frust_shell_common::perf: frust-perf raw n=3047 total_us=3575 rebuild_us=200 layout_us=0 paint_us=100 encode_us=17 acquire_us=117 submit_us=3139 skipped=0 gpu_q=1 gpu_total_us=683 gpu_prepass_us=0 gpu_main_us=683 gpu_composite_us=0 gpu_blit_us=0
frust_shell_common::perf: frust-perf raw n=3048 total_us=3373 rebuild_us=193 layout_us=0 paint_us=90 encode_us=13 acquire_us=103 submit_us=2971 skipped=0 gpu_q=1 gpu_total_us=689 gpu_prepass_us=0 gpu_main_us=689 gpu_composite_us=0 gpu_blit_us=0
frust_shell_common::perf: frust-perf raw n=3049 total_us=3424 rebuild_us=194 layout_us=0 paint_us=89 encode_us=13 acquire_us=112 submit_us=3013 skipped=0 gpu_q=1 gpu_total_us=729 gpu_prepass_us=0 gpu_main_us=729 gpu_composite_us=0 gpu_blit_us=0
frust_shell_common::perf: frust-perf raw n=3050 total_us=3372 rebuild_us=197 layout_us=0 paint_us=93 encode_us=13 acquire_us=112 submit_us=2956 skipped=0 gpu_q=1 gpu_total_us=712 gpu_prepass_us=0 gpu_main_us=712 gpu_composite_us=0 gpu_blit_us=0
frust_shell_common::perf: frust-perf raw n=3051 total_us=3446 rebuild_us=189 layout_us=0 paint_us=91 encode_us=16 acquire_us=105 submit_us=3043 skipped=0 gpu_q=1 gpu_total_us=671 gpu_prepass_us=0 gpu_main_us=671 gpu_composite_us=0 gpu_blit_us=0
frust_shell_common::perf: frust-perf raw n=3052 total_us=3366 rebuild_us=169 layout_us=0 paint_us=81 encode_us=14 acquire_us=107 submit_us=2993 skipped=0 gpu_q=1 gpu_total_us=708 gpu_prepass_us=0 gpu_main_us=708 gpu_composite_us=0 gpu_blit_us=0
frust_shell_common::perf: frust-perf raw n=3053 total_us=3268 rebuild_us=182 layout_us=0 paint_us=91 encode_us=13 acquire_us=107 submit_us=2873 skipped=0 gpu_q=1 gpu_total_us=721 gpu_prepass_us=0 gpu_main_us=721 gpu_composite_us=0 gpu_blit_us=0
frust_shell_common::perf: frust-perf raw n=3054 total_us=3339 rebuild_us=197 layout_us=0 paint_us=86 encode_us=13 acquire_us=108 submit_us=2933 skipped=0 gpu_q=1 gpu_total_us=687 gpu_prepass_us=0 gpu_main_us=687 gpu_composite_us=0 gpu_blit_us=0
frust_shell_common::perf: frust-perf raw n=3055 total_us=3307 rebuild_us=180 layout_us=0 paint_us=86 encode_us=12 acquire_us=103 submit_us=2924 skipped=0 gpu_q=1 gpu_total_us=704 gpu_prepass_us=0 gpu_main_us=704 gpu_composite_us=0 gpu_blit_us=0
frust_shell_common::perf: frust-perf raw n=3056 total_us=3167 rebuild_us=172 layout_us=0 paint_us=82 encode_us=14 acquire_us=132 submit_us=2765 skipped=0 gpu_q=1 gpu_total_us=706 gpu_prepass_us=0 gpu_main_us=706 gpu_composite_us=0 gpu_blit_us=0
frust_shell_common::perf: frust-perf raw n=3057 total_us=3365 rebuild_us=273 layout_us=0 paint_us=92 encode_us=14 acquire_us=107 submit_us=2877 skipped=0 gpu_q=1 gpu_total_us=718 gpu_prepass_us=0 gpu_main_us=718 gpu_composite_us=0 gpu_blit_us=0
frust_shell_common::perf: frust-perf raw n=3058 total_us=3275 rebuild_us=196 layout_us=0 paint_us=90 encode_us=15 acquire_us=113 submit_us=2859 skipped=0 gpu_q=1 gpu_total_us=698 gpu_prepass_us=0 gpu_main_us=698 gpu_composite_us=0 gpu_blit_us=0
frust_shell_common::perf: frust-perf raw n=3059 total_us=3112 rebuild_us=130 layout_us=0 paint_us=60 encode_us=14 acquire_us=99 submit_us=2807 skipped=0 gpu_q=1 gpu_total_us=690 gpu_prepass_us=0 gpu_main_us=690 gpu_composite_us=0 gpu_blit_us=0
frust_engine::renderer: frust-perf enc n=3060 w=60 validate_us=3.3 prepare_us=3.4 classify_us=12.3 admit_us=0.3 walk_us=503.9 glyphs_us=216.2 finish_us=2.4 compile_us=527.5 schedule_us=3.9 paints_us=13.9 instances_us=30.4 resize_us=3.0 upload_us=207.0 replay_us=0.3 pipelines_us=18.1 record_us=30.7 total_us=836.0 total_p95_us=1599.3 draws=46 strips=1073 alphas=28576 glyph_draws=36 atlas_glyphs=36
frust_shell_common::perf: frust-perf raw n=3060 total_us=3611 rebuild_us=179 layout_us=0 paint_us=87 encode_us=14 acquire_us=97 submit_us=3232 skipped=0 gpu_q=1 gpu_total_us=720 gpu_prepass_us=0 gpu_main_us=720 gpu_composite_us=0 gpu_blit_us=0
frust_shell_common::perf: frust-perf raw n=3061 total_us=3273 rebuild_us=180 layout_us=0 paint_us=87 encode_us=14 acquire_us=99 submit_us=2890 skipped=0 gpu_q=1 gpu_total_us=682 gpu_prepass_us=0 gpu_main_us=682 gpu_composite_us=0 gpu_blit_us=0
frust_shell_common::perf: frust-perf raw n=3062 total_us=3479 rebuild_us=189 layout_us=0 paint_us=87 encode_us=15 acquire_us=107 submit_us=3079 skipped=0 gpu_q=1 gpu_total_us=703 gpu_prepass_us=0 gpu_main_us=703 gpu_composite_us=0 gpu_blit_us=0
frust_shell_common::perf: frust-perf raw n=3063 total_us=6240 rebuild_us=185 layout_us=0 paint_us=84 encode_us=36 acquire_us=197 submit_us=5735 skipped=0 gpu_q=1 gpu_total_us=725 gpu_prepass_us=0 gpu_main_us=725 gpu_composite_us=0 gpu_blit_us=0
frust_shell_common::perf: frust-perf raw n=3064 total_us=3420 rebuild_us=143 layout_us=0 paint_us=68 encode_us=24 acquire_us=170 submit_us=3012 skipped=0 gpu_q=1 gpu_total_us=714 gpu_prepass_us=0 gpu_main_us=714 gpu_composite_us=0 gpu_blit_us=0
frust_shell_common::perf: frust-perf raw n=3065 total_us=3367 rebuild_us=178 layout_us=0 paint_us=96 encode_us=15 acquire_us=104 submit_us=2972 skipped=0 gpu_q=1 gpu_total_us=690 gpu_prepass_us=0 gpu_main_us=690 gpu_composite_us=0 gpu_blit_us=0
frust_shell_common::perf: frust-perf raw n=3066 total_us=5525 rebuild_us=174 layout_us=0 paint_us=84 encode_us=36 acquire_us=198 submit_us=5030 skipped=0 gpu_q=1 gpu_total_us=718 gpu_prepass_us=0 gpu_main_us=718 gpu_composite_us=0 gpu_blit_us=0
frust_shell_common::perf: frust-perf raw n=3067 total_us=4189 rebuild_us=128 layout_us=0 paint_us=58 encode_us=25 acquire_us=123 submit_us=3852 skipped=0 gpu_q=1 gpu_total_us=664 gpu_prepass_us=0 gpu_main_us=664 gpu_composite_us=0 gpu_blit_us=0
frust_shell_common::perf: frust-perf raw n=3068 total_us=4160 rebuild_us=104 layout_us=0 paint_us=48 encode_us=23 acquire_us=135 submit_us=3848 skipped=0 gpu_q=1 gpu_total_us=691 gpu_prepass_us=0 gpu_main_us=691 gpu_composite_us=0 gpu_blit_us=0
frust_shell_common::perf: frust-perf raw n=3069 total_us=4753 rebuild_us=114 layout_us=0 paint_us=54 encode_us=26 acquire_us=122 submit_us=4435 skipped=0 gpu_q=1 gpu_total_us=708 gpu_prepass_us=0 gpu_main_us=708 gpu_composite_us=0 gpu_blit_us=0
frust_shell_common::perf: frust-perf raw n=3070 total_us=3147 rebuild_us=102 layout_us=0 paint_us=47 encode_us=17 acquire_us=140 submit_us=2839 skipped=0 gpu_q=1 gpu_total_us=668 gpu_prepass_us=0 gpu_main_us=668 gpu_composite_us=0 gpu_blit_us=0
frust_shell_common::perf: frust-perf raw n=3071 total_us=6102 rebuild_us=149 layout_us=0 paint_us=65 encode_us=37 acquire_us=136 submit_us=5713 skipped=0 gpu_q=1 gpu_total_us=663 gpu_prepass_us=0 gpu_main_us=663 gpu_composite_us=0 gpu_blit_us=0
frust_shell_common::perf: frust-perf raw n=3072 total_us=6071 rebuild_us=161 layout_us=0 paint_us=79 encode_us=32 acquire_us=164 submit_us=5634 skipped=0 gpu_q=1 gpu_total_us=716 gpu_prepass_us=0 gpu_main_us=716 gpu_composite_us=0 gpu_blit_us=0
frust_shell_common::perf: frust-perf raw n=3073 total_us=5537 rebuild_us=492 layout_us=0 paint_us=89 encode_us=37 acquire_us=147 submit_us=4769 skipped=0 gpu_q=1 gpu_total_us=665 gpu_prepass_us=0 gpu_main_us=665 gpu_composite_us=0 gpu_blit_us=0
frust_shell_common::perf: frust-perf raw n=3074 total_us=3168 rebuild_us=114 layout_us=0 paint_us=54 encode_us=18 acquire_us=122 submit_us=2857 skipped=0 gpu_q=1 gpu_total_us=689 gpu_prepass_us=0 gpu_main_us=689 gpu_composite_us=0 gpu_blit_us=0
frust_shell_common::perf: frust-perf raw n=3075 total_us=5950 rebuild_us=326 layout_us=0 paint_us=127 encode_us=38 acquire_us=166 submit_us=5292 skipped=0 gpu_q=1 gpu_total_us=668 gpu_prepass_us=0 gpu_main_us=668 gpu_composite_us=0 gpu_blit_us=0
frust_shell_common::perf: frust-perf raw n=3076 total_us=5623 rebuild_us=139 layout_us=0 paint_us=56 encode_us=30 acquire_us=127 submit_us=5268 skipped=0 gpu_q=1 gpu_total_us=668 gpu_prepass_us=0 gpu_main_us=668 gpu_composite_us=0 gpu_blit_us=0
frust_shell_common::perf: frust-perf raw n=3077 total_us=3148 rebuild_us=104 layout_us=0 paint_us=51 encode_us=22 acquire_us=139 submit_us=2829 skipped=0 gpu_q=1 gpu_total_us=668 gpu_prepass_us=0 gpu_main_us=668 gpu_composite_us=0 gpu_blit_us=0
frust_shell_common::perf: frust-perf raw n=3078 total_us=3458 rebuild_us=180 layout_us=0 paint_us=82 encode_us=20 acquire_us=111 submit_us=3063 skipped=0 gpu_q=1 gpu_total_us=701 gpu_prepass_us=0 gpu_main_us=701 gpu_composite_us=0 gpu_blit_us=0
frust_shell_common::perf: frust-perf raw n=3079 total_us=3414 rebuild_us=186 layout_us=0 paint_us=84 encode_us=14 acquire_us=107 submit_us=3020 skipped=0 gpu_q=1 gpu_total_us=669 gpu_prepass_us=0 gpu_main_us=669 gpu_composite_us=0 gpu_blit_us=0
frust_shell_common::perf: frust-perf raw n=3080 total_us=3375 rebuild_us=193 layout_us=0 paint_us=90 encode_us=14 acquire_us=107 submit_us=2969 skipped=0 gpu_q=1 gpu_total_us=668 gpu_prepass_us=0 gpu_main_us=668 gpu_composite_us=0 gpu_blit_us=0
frust_shell_common::perf: frust-perf raw n=3081 total_us=3355 rebuild_us=189 layout_us=0 paint_us=90 encode_us=13 acquire_us=106 submit_us=2954 skipped=0 gpu_q=1 gpu_total_us=701 gpu_prepass_us=0 gpu_main_us=701 gpu_composite_us=0 gpu_blit_us=0
frust_shell_common::perf: frust-perf raw n=3082 total_us=3399 rebuild_us=184 layout_us=0 paint_us=89 encode_us=16 acquire_us=110 submit_us=2997 skipped=0 gpu_q=1 gpu_total_us=709 gpu_prepass_us=0 gpu_main_us=709 gpu_composite_us=0 gpu_blit_us=0
frust_shell_common::perf: frust-perf raw n=3083 total_us=3639 rebuild_us=202 layout_us=0 paint_us=99 encode_us=16 acquire_us=128 submit_us=3193 skipped=0 gpu_q=1 gpu_total_us=686 gpu_prepass_us=0 gpu_main_us=686 gpu_composite_us=0 gpu_blit_us=0
frust_shell_common::perf: frust-perf raw n=3084 total_us=3388 rebuild_us=201 layout_us=0 paint_us=94 encode_us=14 acquire_us=103 submit_us=2973 skipped=0 gpu_q=1 gpu_total_us=715 gpu_prepass_us=0 gpu_main_us=715 gpu_composite_us=0 gpu_blit_us=0
frust_shell_common::perf: frust-perf raw n=3085 total_us=3450 rebuild_us=194 layout_us=0 paint_us=88 encode_us=14 acquire_us=109 submit_us=3043 skipped=0 gpu_q=1 gpu_total_us=686 gpu_prepass_us=0 gpu_main_us=686 gpu_composite_us=0 gpu_blit_us=0
frust_shell_common::perf: frust-perf raw n=3086 total_us=3368 rebuild_us=181 layout_us=0 paint_us=85 encode_us=15 acquire_us=107 submit_us=2977 skipped=0 gpu_q=1 gpu_total_us=703 gpu_prepass_us=0 gpu_main_us=703 gpu_composite_us=0 gpu_blit_us=0
frust_shell_common::perf: frust-perf raw n=3087 total_us=3394 rebuild_us=192 layout_us=0 paint_us=96 encode_us=13 acquire_us=104 submit_us=2987 skipped=0 gpu_q=1 gpu_total_us=683 gpu_prepass_us=0 gpu_main_us=683 gpu_composite_us=0 gpu_blit_us=0
frust_shell_common::perf: frust-perf raw n=3088 total_us=3462 rebuild_us=190 layout_us=0 paint_us=92 encode_us=14 acquire_us=109 submit_us=3055 skipped=0 gpu_q=1 gpu_total_us=723 gpu_prepass_us=0 gpu_main_us=723 gpu_composite_us=0 gpu_blit_us=0
frust_shell_common::perf: frust-perf raw n=3089 total_us=3378 rebuild_us=191 layout_us=0 paint_us=98 encode_us=14 acquire_us=111 submit_us=2962 skipped=0 gpu_q=1 gpu_total_us=746 gpu_prepass_us=0 gpu_main_us=746 gpu_composite_us=0 gpu_blit_us=0
frust_shell_common::perf: frust-perf raw n=3090 total_us=3394 rebuild_us=191 layout_us=0 paint_us=85 encode_us=16 acquire_us=109 submit_us=2990 skipped=0 gpu_q=1 gpu_total_us=695 gpu_prepass_us=0 gpu_main_us=695 gpu_composite_us=0 gpu_blit_us=0
frust_shell_common::perf: frust-perf raw n=3091 total_us=3405 rebuild_us=254 layout_us=0 paint_us=88 encode_us=14 acquire_us=111 submit_us=2935 skipped=0 gpu_q=1 gpu_total_us=701 gpu_prepass_us=0 gpu_main_us=701 gpu_composite_us=0 gpu_blit_us=0
frust_shell_common::perf: frust-perf raw n=3092 total_us=3301 rebuild_us=191 layout_us=0 paint_us=89 encode_us=15 acquire_us=106 submit_us=2898 skipped=0 gpu_q=1 gpu_total_us=734 gpu_prepass_us=0 gpu_main_us=734 gpu_composite_us=0 gpu_blit_us=0
frust_shell_common::perf: frust-perf raw n=3093 total_us=3537 rebuild_us=206 layout_us=0 paint_us=89 encode_us=15 acquire_us=116 submit_us=3109 skipped=0 gpu_q=1 gpu_total_us=703 gpu_prepass_us=0 gpu_main_us=703 gpu_composite_us=0 gpu_blit_us=0
frust_shell_common::perf: frust-perf raw n=3094 total_us=3443 rebuild_us=185 layout_us=0 paint_us=90 encode_us=17 acquire_us=116 submit_us=3032 skipped=0 gpu_q=1 gpu_total_us=717 gpu_prepass_us=0 gpu_main_us=717 gpu_composite_us=0 gpu_blit_us=0
frust_shell_common::perf: frust-perf raw n=3095 total_us=3395 rebuild_us=193 layout_us=0 paint_us=87 encode_us=17 acquire_us=108 submit_us=2988 skipped=0 gpu_q=1 gpu_total_us=695 gpu_prepass_us=0 gpu_main_us=695 gpu_composite_us=0 gpu_blit_us=0
frust_shell_common::perf: frust-perf raw n=3096 total_us=3478 rebuild_us=190 layout_us=0 paint_us=86 encode_us=15 acquire_us=100 submit_us=3084 skipped=0 gpu_q=1 gpu_total_us=705 gpu_prepass_us=0 gpu_main_us=705 gpu_composite_us=0 gpu_blit_us=0
frust_shell_common::perf: frust-perf raw n=3097 total_us=3383 rebuild_us=203 layout_us=0 paint_us=92 encode_us=14 acquire_us=104 submit_us=2968 skipped=0 gpu_q=1 gpu_total_us=740 gpu_prepass_us=0 gpu_main_us=740 gpu_composite_us=0 gpu_blit_us=0
frust_shell_common::perf: frust-perf raw n=3098 total_us=3268 rebuild_us=192 layout_us=0 paint_us=82 encode_us=12 acquire_us=101 submit_us=2877 skipped=0 gpu_q=1 gpu_total_us=703 gpu_prepass_us=0 gpu_main_us=703 gpu_composite_us=0 gpu_blit_us=0
frust_shell_common::perf: frust-perf raw n=3099 total_us=3508 rebuild_us=197 layout_us=0 paint_us=97 encode_us=15 acquire_us=100 submit_us=3097 skipped=0 gpu_q=1 gpu_total_us=720 gpu_prepass_us=0 gpu_main_us=720 gpu_composite_us=0 gpu_blit_us=0
frust_shell_common::perf: frust-perf raw n=3100 total_us=3370 rebuild_us=189 layout_us=0 paint_us=88 encode_us=12 acquire_us=101 submit_us=2978 skipped=0 gpu_q=1 gpu_total_us=733 gpu_prepass_us=0 gpu_main_us=733 gpu_composite_us=0 gpu_blit_us=0
frust_shell_common::perf: frust-perf raw n=3101 total_us=5993 rebuild_us=198 layout_us=0 paint_us=92 encode_us=39 acquire_us=207 submit_us=5454 skipped=0 gpu_q=1 gpu_total_us=691 gpu_prepass_us=0 gpu_main_us=691 gpu_composite_us=0 gpu_blit_us=0
frust_shell_common::perf: frust-perf raw n=3102 total_us=4196 rebuild_us=137 layout_us=0 paint_us=63 encode_us=28 acquire_us=134 submit_us=3833 skipped=0 gpu_q=1 gpu_total_us=713 gpu_prepass_us=0 gpu_main_us=713 gpu_composite_us=0 gpu_blit_us=0
frust_shell_common::perf: frust-perf raw n=3103 total_us=4348 rebuild_us=114 layout_us=0 paint_us=55 encode_us=26 acquire_us=114 submit_us=4036 skipped=0 gpu_q=1 gpu_total_us=685 gpu_prepass_us=0 gpu_main_us=685 gpu_composite_us=0 gpu_blit_us=0
frust_shell_common::perf: frust-perf raw n=3104 total_us=3291 rebuild_us=118 layout_us=0 paint_us=57 encode_us=18 acquire_us=142 submit_us=2954 skipped=0 gpu_q=1 gpu_total_us=733 gpu_prepass_us=0 gpu_main_us=733 gpu_composite_us=0 gpu_blit_us=0
frust_shell_common::perf: frust-perf raw n=3105 total_us=3423 rebuild_us=176 layout_us=0 paint_us=83 encode_us=13 acquire_us=96 submit_us=3053 skipped=0 gpu_q=1 gpu_total_us=689 gpu_prepass_us=0 gpu_main_us=689 gpu_composite_us=0 gpu_blit_us=0
frust_shell_common::perf: frust-perf raw n=3106 total_us=3405 rebuild_us=202 layout_us=0 paint_us=87 encode_us=14 acquire_us=104 submit_us=2995 skipped=0 gpu_q=1 gpu_total_us=685 gpu_prepass_us=0 gpu_main_us=685 gpu_composite_us=0 gpu_blit_us=0
frust_shell_common::perf: frust-perf raw n=3107 total_us=3422 rebuild_us=192 layout_us=0 paint_us=194 encode_us=14 acquire_us=103 submit_us=2916 skipped=0 gpu_q=1 gpu_total_us=687 gpu_prepass_us=0 gpu_main_us=687 gpu_composite_us=0 gpu_blit_us=0
frust_shell_common::perf: frust-perf raw n=3108 total_us=3554 rebuild_us=420 layout_us=0 paint_us=83 encode_us=16 acquire_us=109 submit_us=2923 skipped=0 gpu_q=1 gpu_total_us=710 gpu_prepass_us=0 gpu_main_us=710 gpu_composite_us=0 gpu_blit_us=0
frust_shell_common::perf: frust-perf raw n=3109 total_us=3272 rebuild_us=186 layout_us=0 paint_us=87 encode_us=15 acquire_us=101 submit_us=2881 skipped=0 gpu_q=1 gpu_total_us=733 gpu_prepass_us=0 gpu_main_us=733 gpu_composite_us=0 gpu_blit_us=0
frust_shell_android::app::frame: frust-perf platform-view tail depth=0 target=0 acquire_bound=false frame=3120 expected_present_us=0 acquire_us=108 period_us=8234
frust_shell_common::perf: frust-perf raw n=3110 total_us=3456 rebuild_us=196 layout_us=0 paint_us=94 encode_us=14 acquire_us=117 submit_us=3032 skipped=0 gpu_q=1 gpu_total_us=709 gpu_prepass_us=0 gpu_main_us=709 gpu_composite_us=0 gpu_blit_us=0
frust_shell_common::perf: frust-perf raw n=3111 total_us=3255 rebuild_us=190 layout_us=0 paint_us=86 encode_us=14 acquire_us=91 submit_us=2871 skipped=0 gpu_q=1 gpu_total_us=734 gpu_prepass_us=0 gpu_main_us=734 gpu_composite_us=0 gpu_blit_us=0
frust_shell_common::perf: frust-perf raw n=3112 total_us=3389 rebuild_us=190 layout_us=0 paint_us=89 encode_us=17 acquire_us=100 submit_us=2991 skipped=0 gpu_q=1 gpu_total_us=740 gpu_prepass_us=0 gpu_main_us=740 gpu_composite_us=0 gpu_blit_us=0
frust_shell_common::perf: frust-perf raw n=3113 total_us=3447 rebuild_us=188 layout_us=0 paint_us=90 encode_us=20 acquire_us=126 submit_us=3020 skipped=0 gpu_q=1 gpu_total_us=706 gpu_prepass_us=0 gpu_main_us=706 gpu_composite_us=0 gpu_blit_us=0
frust_shell_common::perf: frust-perf raw n=3114 total_us=3195 rebuild_us=178 layout_us=0 paint_us=81 encode_us=13 acquire_us=93 submit_us=2827 skipped=0 gpu_q=1 gpu_total_us=699 gpu_prepass_us=0 gpu_main_us=699 gpu_composite_us=0 gpu_blit_us=0
frust_shell_common::perf: frust-perf raw n=3115 total_us=3402 rebuild_us=186 layout_us=0 paint_us=89 encode_us=14 acquire_us=112 submit_us=2999 skipped=0 gpu_q=1 gpu_total_us=694 gpu_prepass_us=0 gpu_main_us=694 gpu_composite_us=0 gpu_blit_us=0
frust_shell_common::perf: frust-perf raw n=3116 total_us=3349 rebuild_us=184 layout_us=0 paint_us=87 encode_us=18 acquire_us=113 submit_us=2946 skipped=0 gpu_q=1 gpu_total_us=689 gpu_prepass_us=0 gpu_main_us=689 gpu_composite_us=0 gpu_blit_us=0
frust_shell_common::perf: frust-perf raw n=3117 total_us=3373 rebuild_us=191 layout_us=0 paint_us=87 encode_us=14 acquire_us=107 submit_us=2972 skipped=0 gpu_q=1 gpu_total_us=685 gpu_prepass_us=0 gpu_main_us=685 gpu_composite_us=0 gpu_blit_us=0
frust_shell_common::perf: frust-perf raw n=3118 total_us=3422 rebuild_us=186 layout_us=0 paint_us=92 encode_us=15 acquire_us=105 submit_us=3021 skipped=0 gpu_q=1 gpu_total_us=702 gpu_prepass_us=0 gpu_main_us=702 gpu_composite_us=0 gpu_blit_us=0
frust_shell_common::perf: frust-perf raw n=3119 total_us=3317 rebuild_us=195 layout_us=0 paint_us=86 encode_us=14 acquire_us=100 submit_us=2920 skipped=0 gpu_q=1 gpu_total_us=710 gpu_prepass_us=0 gpu_main_us=710 gpu_composite_us=0 gpu_blit_us=0
frust_engine::renderer: frust-perf enc n=3120 w=60 validate_us=3.5 prepare_us=3.3 classify_us=12.7 admit_us=0.4 walk_us=502.8 glyphs_us=215.4 finish_us=2.3 compile_us=526.1 schedule_us=3.7 paints_us=13.6 instances_us=30.5 resize_us=3.0 upload_us=208.1 replay_us=0.3 pipelines_us=17.5 record_us=30.7 total_us=835.5 total_p95_us=1630.2 draws=46 strips=1073 alphas=28576 glyph_draws=36 atlas_glyphs=36
frust_shell_common::perf: frust-perf raw n=3120 total_us=3644 rebuild_us=189 layout_us=0 paint_us=86 encode_us=17 acquire_us=111 submit_us=3239 skipped=0 gpu_q=1 gpu_total_us=689 gpu_prepass_us=0 gpu_main_us=689 gpu_composite_us=0 gpu_blit_us=0
frust_shell_common::perf: frust-perf raw n=3121 total_us=3323 rebuild_us=182 layout_us=0 paint_us=83 encode_us=14 acquire_us=96 submit_us=2945 skipped=0 gpu_q=1 gpu_total_us=700 gpu_prepass_us=0 gpu_main_us=700 gpu_composite_us=0 gpu_blit_us=0
frust_shell_common::perf: frust-perf raw n=3122 total_us=3382 rebuild_us=188 layout_us=0 paint_us=88 encode_us=15 acquire_us=113 submit_us=2976 skipped=0 gpu_q=1 gpu_total_us=702 gpu_prepass_us=0 gpu_main_us=702 gpu_composite_us=0 gpu_blit_us=0
frust_shell_common::perf: frust-perf raw n=3123 total_us=5470 rebuild_us=200 layout_us=0 paint_us=90 encode_us=37 acquire_us=217 submit_us=4925 skipped=0 gpu_q=1 gpu_total_us=684 gpu_prepass_us=0 gpu_main_us=684 gpu_composite_us=0 gpu_blit_us=0
frust_shell_common::perf: frust-perf raw n=3124 total_us=4025 rebuild_us=118 layout_us=0 paint_us=52 encode_us=24 acquire_us=107 submit_us=3721 skipped=0 gpu_q=1 gpu_total_us=709 gpu_prepass_us=0 gpu_main_us=709 gpu_composite_us=0 gpu_blit_us=0
frust_shell_common::perf: frust-perf raw n=3125 total_us=4483 rebuild_us=125 layout_us=0 paint_us=57 encode_us=27 acquire_us=149 submit_us=4121 skipped=0 gpu_q=1 gpu_total_us=699 gpu_prepass_us=0 gpu_main_us=699 gpu_composite_us=0 gpu_blit_us=0
frust_shell_common::perf: frust-perf raw n=3126 total_us=4352 rebuild_us=117 layout_us=0 paint_us=57 encode_us=26 acquire_us=121 submit_us=4029 skipped=0 gpu_q=1 gpu_total_us=697 gpu_prepass_us=0 gpu_main_us=697 gpu_composite_us=0 gpu_blit_us=0
frust_shell_common::perf: frust-perf raw n=3127 total_us=5666 rebuild_us=135 layout_us=0 paint_us=65 encode_us=29 acquire_us=126 submit_us=5308 skipped=0 gpu_q=1 gpu_total_us=671 gpu_prepass_us=0 gpu_main_us=671 gpu_composite_us=0 gpu_blit_us=0
frust_shell_common::perf: frust-perf raw n=3128 total_us=6561 rebuild_us=160 layout_us=0 paint_us=72 encode_us=38 acquire_us=158 submit_us=6131 skipped=0 gpu_q=1 gpu_total_us=716 gpu_prepass_us=0 gpu_main_us=716 gpu_composite_us=0 gpu_blit_us=0
frust_shell_common::perf: frust-perf raw n=3129 total_us=5346 rebuild_us=144 layout_us=0 paint_us=66 encode_us=37 acquire_us=151 submit_us=4945 skipped=0 gpu_q=1 gpu_total_us=671 gpu_prepass_us=0 gpu_main_us=671 gpu_composite_us=0 gpu_blit_us=0
frust_shell_common::perf: frust-perf raw n=3130 total_us=4126 rebuild_us=119 layout_us=0 paint_us=54 encode_us=29 acquire_us=126 submit_us=3797 skipped=0 gpu_q=1 gpu_total_us=669 gpu_prepass_us=0 gpu_main_us=669 gpu_composite_us=0 gpu_blit_us=0
frust_shell_common::perf: frust-perf raw n=3131 total_us=3996 rebuild_us=99 layout_us=0 paint_us=49 encode_us=22 acquire_us=114 submit_us=3709 skipped=0 gpu_q=1 gpu_total_us=663 gpu_prepass_us=0 gpu_main_us=663 gpu_composite_us=0 gpu_blit_us=0
frust_shell_common::perf: frust-perf raw n=3132 total_us=5084 rebuild_us=126 layout_us=0 paint_us=57 encode_us=26 acquire_us=138 submit_us=4735 skipped=0 gpu_q=1 gpu_total_us=668 gpu_prepass_us=0 gpu_main_us=668 gpu_composite_us=0 gpu_blit_us=0
frust_shell_common::perf: frust-perf raw n=3133 total_us=4008 rebuild_us=102 layout_us=0 paint_us=51 encode_us=22 acquire_us=105 submit_us=3726 skipped=0 gpu_q=1 gpu_total_us=666 gpu_prepass_us=0 gpu_main_us=666 gpu_composite_us=0 gpu_blit_us=0
frust_shell_common::perf: frust-perf raw n=3134 total_us=4390 rebuild_us=114 layout_us=0 paint_us=55 encode_us=31 acquire_us=126 submit_us=4062 skipped=0 gpu_q=1 gpu_total_us=664 gpu_prepass_us=0 gpu_main_us=664 gpu_composite_us=0 gpu_blit_us=0
frust_shell_common::perf: frust-perf raw n=3135 total_us=4284 rebuild_us=107 layout_us=0 paint_us=54 encode_us=21 acquire_us=112 submit_us=3987 skipped=0 gpu_q=1 gpu_total_us=699 gpu_prepass_us=0 gpu_main_us=699 gpu_composite_us=0 gpu_blit_us=0
frust_shell_common::perf: frust-perf raw n=3136 total_us=5313 rebuild_us=114 layout_us=0 paint_us=55 encode_us=23 acquire_us=125 submit_us=4994 skipped=0 gpu_q=1 gpu_total_us=670 gpu_prepass_us=0 gpu_main_us=670 gpu_composite_us=0 gpu_blit_us=0
frust_shell_common::perf: frust-perf raw n=3137 total_us=4554 rebuild_us=107 layout_us=0 paint_us=54 encode_us=24 acquire_us=120 submit_us=4247 skipped=0 gpu_q=1 gpu_total_us=686 gpu_prepass_us=0 gpu_main_us=686 gpu_composite_us=0 gpu_blit_us=0
frust_shell_common::perf: frust-perf raw n=3138 total_us=4666 rebuild_us=112 layout_us=0 paint_us=53 encode_us=30 acquire_us=126 submit_us=4343 skipped=0 gpu_q=1 gpu_total_us=666 gpu_prepass_us=0 gpu_main_us=666 gpu_composite_us=0 gpu_blit_us=0
frust_shell_common::perf: frust-perf raw n=3139 total_us=4140 rebuild_us=93 layout_us=0 paint_us=44 encode_us=21 acquire_us=117 submit_us=3862 skipped=0 gpu_q=1 gpu_total_us=667 gpu_prepass_us=0 gpu_main_us=667 gpu_composite_us=0 gpu_blit_us=0
frust_shell_common::perf: frust-perf raw n=3140 total_us=4532 rebuild_us=106 layout_us=0 paint_us=51 encode_us=24 acquire_us=130 submit_us=4218 skipped=0 gpu_q=1 gpu_total_us=666 gpu_prepass_us=0 gpu_main_us=666 gpu_composite_us=0 gpu_blit_us=0
frust_shell_common::perf: frust-perf raw n=3141 total_us=4336 rebuild_us=122 layout_us=0 paint_us=55 encode_us=28 acquire_us=129 submit_us=3999 skipped=0 gpu_q=1 gpu_total_us=667 gpu_prepass_us=0 gpu_main_us=667 gpu_composite_us=0 gpu_blit_us=0
frust_shell_common::perf: frust-perf raw n=3142 total_us=5386 rebuild_us=107 layout_us=0 paint_us=50 encode_us=27 acquire_us=114 submit_us=5087 skipped=0 gpu_q=1 gpu_total_us=667 gpu_prepass_us=0 gpu_main_us=667 gpu_composite_us=0 gpu_blit_us=0
frust_shell_common::perf: frust-perf raw n=3143 total_us=4598 rebuild_us=218 layout_us=0 paint_us=55 encode_us=27 acquire_us=128 submit_us=4167 skipped=0 gpu_q=1 gpu_total_us=714 gpu_prepass_us=0 gpu_main_us=714 gpu_composite_us=0 gpu_blit_us=0
frust_shell_common::perf: frust-perf raw n=3144 total_us=4841 rebuild_us=267 layout_us=0 paint_us=55 encode_us=26 acquire_us=127 submit_us=4365 skipped=0 gpu_q=1 gpu_total_us=672 gpu_prepass_us=0 gpu_main_us=672 gpu_composite_us=0 gpu_blit_us=0
frust_shell_common::perf: frust-perf raw n=3145 total_us=4552 rebuild_us=116 layout_us=0 paint_us=51 encode_us=29 acquire_us=132 submit_us=4222 skipped=0 gpu_q=1 gpu_total_us=667 gpu_prepass_us=0 gpu_main_us=667 gpu_composite_us=0 gpu_blit_us=0
frust_shell_common::perf: frust-perf raw n=3146 total_us=4342 rebuild_us=104 layout_us=0 paint_us=48 encode_us=28 acquire_us=127 submit_us=4034 skipped=0 gpu_q=1 gpu_total_us=672 gpu_prepass_us=0 gpu_main_us=672 gpu_composite_us=0 gpu_blit_us=0
frust_shell_common::perf: frust-perf raw n=3147 total_us=3283 rebuild_us=106 layout_us=0 paint_us=51 encode_us=24 acquire_us=165 submit_us=2935 skipped=0 gpu_q=1 gpu_total_us=667 gpu_prepass_us=0 gpu_main_us=667 gpu_composite_us=0 gpu_blit_us=0
frust_shell_common::perf: frust-perf raw n=3148 total_us=3343 rebuild_us=175 layout_us=0 paint_us=83 encode_us=18 acquire_us=106 submit_us=2959 skipped=0 gpu_q=1 gpu_total_us=664 gpu_prepass_us=0 gpu_main_us=664 gpu_composite_us=0 gpu_blit_us=0
frust_shell_common::perf: frust-perf raw n=3149 total_us=3462 rebuild_us=191 layout_us=0 paint_us=82 encode_us=15 acquire_us=116 submit_us=3055 skipped=0 gpu_q=1 gpu_total_us=666 gpu_prepass_us=0 gpu_main_us=666 gpu_composite_us=0 gpu_blit_us=0
frust_shell_common::perf: frust-perf raw n=3150 total_us=3434 rebuild_us=182 layout_us=0 paint_us=84 encode_us=16 acquire_us=115 submit_us=3034 skipped=0 gpu_q=1 gpu_total_us=665 gpu_prepass_us=0 gpu_main_us=665 gpu_composite_us=0 gpu_blit_us=0
frust_shell_common::perf: frust-perf raw n=3151 total_us=3529 rebuild_us=192 layout_us=0 paint_us=94 encode_us=17 acquire_us=114 submit_us=3110 skipped=0 gpu_q=1 gpu_total_us=702 gpu_prepass_us=0 gpu_main_us=702 gpu_composite_us=0 gpu_blit_us=0
frust_shell_common::perf: frust-perf raw n=3152 total_us=3372 rebuild_us=182 layout_us=0 paint_us=88 encode_us=14 acquire_us=103 submit_us=2983 skipped=0 gpu_q=1 gpu_total_us=701 gpu_prepass_us=0 gpu_main_us=701 gpu_composite_us=0 gpu_blit_us=0
frust_shell_common::perf: frust-perf raw n=3153 total_us=3457 rebuild_us=190 layout_us=0 paint_us=92 encode_us=15 acquire_us=112 submit_us=3046 skipped=0 gpu_q=1 gpu_total_us=679 gpu_prepass_us=0 gpu_main_us=679 gpu_composite_us=0 gpu_blit_us=0
frust_shell_common::perf: frust-perf raw n=3154 total_us=3379 rebuild_us=191 layout_us=0 paint_us=86 encode_us=15 acquire_us=106 submit_us=2978 skipped=0 gpu_q=1 gpu_total_us=690 gpu_prepass_us=0 gpu_main_us=690 gpu_composite_us=0 gpu_blit_us=0
frust_shell_common::perf: frust-perf raw n=3155 total_us=3422 rebuild_us=181 layout_us=0 paint_us=91 encode_us=15 acquire_us=110 submit_us=3022 skipped=0 gpu_q=1 gpu_total_us=674 gpu_prepass_us=0 gpu_main_us=674 gpu_composite_us=0 gpu_blit_us=0
frust_shell_common::perf: frust-perf raw n=3156 total_us=3376 rebuild_us=191 layout_us=0 paint_us=88 encode_us=14 acquire_us=107 submit_us=2973 skipped=0 gpu_q=1 gpu_total_us=721 gpu_prepass_us=0 gpu_main_us=721 gpu_composite_us=0 gpu_blit_us=0
frust_shell_common::perf: frust-perf raw n=3157 total_us=3364 rebuild_us=189 layout_us=0 paint_us=89 encode_us=15 acquire_us=104 submit_us=2965 skipped=0 gpu_q=1 gpu_total_us=705 gpu_prepass_us=0 gpu_main_us=705 gpu_composite_us=0 gpu_blit_us=0
frust_shell_common::perf: frust-perf raw n=3158 total_us=3380 rebuild_us=189 layout_us=0 paint_us=85 encode_us=14 acquire_us=114 submit_us=2975 skipped=0 gpu_q=1 gpu_total_us=717 gpu_prepass_us=0 gpu_main_us=717 gpu_composite_us=0 gpu_blit_us=0
frust_shell_common::perf: frust-perf raw n=3159 total_us=3351 rebuild_us=249 layout_us=0 paint_us=93 encode_us=14 acquire_us=110 submit_us=2883 skipped=0 gpu_q=1 gpu_total_us=740 gpu_prepass_us=0 gpu_main_us=740 gpu_composite_us=0 gpu_blit_us=0
frust_shell_common::perf: frust-perf raw n=3160 total_us=3336 rebuild_us=183 layout_us=0 paint_us=89 encode_us=15 acquire_us=104 submit_us=2943 skipped=0 gpu_q=1 gpu_total_us=725 gpu_prepass_us=0 gpu_main_us=725 gpu_composite_us=0 gpu_blit_us=0
frust_shell_common::perf: frust-perf raw n=3161 total_us=3253 rebuild_us=184 layout_us=0 paint_us=88 encode_us=14 acquire_us=112 submit_us=2853 skipped=0 gpu_q=1 gpu_total_us=730 gpu_prepass_us=0 gpu_main_us=730 gpu_composite_us=0 gpu_blit_us=0
frust_shell_common::perf: frust-perf raw n=3162 total_us=3541 rebuild_us=189 layout_us=0 paint_us=91 encode_us=16 acquire_us=115 submit_us=3128 skipped=0 gpu_q=1 gpu_total_us=753 gpu_prepass_us=0 gpu_main_us=753 gpu_composite_us=0 gpu_blit_us=0
frust_shell_common::perf: frust-perf raw n=3163 total_us=5675 rebuild_us=183 layout_us=0 paint_us=84 encode_us=36 acquire_us=153 submit_us=5217 skipped=0 gpu_q=1 gpu_total_us=723 gpu_prepass_us=0 gpu_main_us=723 gpu_composite_us=0 gpu_blit_us=0
frust_shell_common::perf: frust-perf raw n=3164 total_us=5722 rebuild_us=128 layout_us=0 paint_us=60 encode_us=32 acquire_us=139 submit_us=5361 skipped=0 gpu_q=1 gpu_total_us=755 gpu_prepass_us=0 gpu_main_us=755 gpu_composite_us=0 gpu_blit_us=0
frust_shell_common::perf: frust-perf raw n=3165 total_us=4607 rebuild_us=116 layout_us=0 paint_us=56 encode_us=24 acquire_us=127 submit_us=4281 skipped=0 gpu_q=1 gpu_total_us=738 gpu_prepass_us=0 gpu_main_us=738 gpu_composite_us=0 gpu_blit_us=0
frust_shell_common::perf: frust-perf raw n=3166 total_us=4454 rebuild_us=113 layout_us=0 paint_us=56 encode_us=24 acquire_us=126 submit_us=4134 skipped=0 gpu_q=1 gpu_total_us=736 gpu_prepass_us=0 gpu_main_us=736 gpu_composite_us=0 gpu_blit_us=0
frust_shell_common::perf: frust-perf raw n=3167 total_us=4398 rebuild_us=109 layout_us=0 paint_us=53 encode_us=21 acquire_us=122 submit_us=4091 skipped=0 gpu_q=1 gpu_total_us=702 gpu_prepass_us=0 gpu_main_us=702 gpu_composite_us=0 gpu_blit_us=0
frust_shell_common::perf: frust-perf raw n=3168 total_us=5507 rebuild_us=114 layout_us=0 paint_us=56 encode_us=25 acquire_us=123 submit_us=5188 skipped=0 gpu_q=1 gpu_total_us=706 gpu_prepass_us=0 gpu_main_us=706 gpu_composite_us=0 gpu_blit_us=0
frust_shell_common::perf: frust-perf raw n=3169 total_us=3239 rebuild_us=105 layout_us=0 paint_us=49 encode_us=15 acquire_us=148 submit_us=2919 skipped=0 gpu_q=1 gpu_total_us=704 gpu_prepass_us=0 gpu_main_us=704 gpu_composite_us=0 gpu_blit_us=0
frust_shell_common::perf: frust-perf raw n=3170 total_us=3312 rebuild_us=157 layout_us=0 paint_us=72 encode_us=14 acquire_us=101 submit_us=2965 skipped=0 gpu_q=1 gpu_total_us=706 gpu_prepass_us=0 gpu_main_us=706 gpu_composite_us=0 gpu_blit_us=0
frust_shell_common::perf: frust-perf raw n=3171 total_us=3506 rebuild_us=187 layout_us=0 paint_us=82 encode_us=13 acquire_us=102 submit_us=3119 skipped=0 gpu_q=1 gpu_total_us=704 gpu_prepass_us=0 gpu_main_us=704 gpu_composite_us=0 gpu_blit_us=0
frust_shell_common::perf: frust-perf raw n=3172 total_us=3397 rebuild_us=182 layout_us=0 paint_us=89 encode_us=13 acquire_us=107 submit_us=3004 skipped=0 gpu_q=1 gpu_total_us=701 gpu_prepass_us=0 gpu_main_us=701 gpu_composite_us=0 gpu_blit_us=0
frust_shell_common::perf: frust-perf raw n=3173 total_us=3530 rebuild_us=185 layout_us=0 paint_us=87 encode_us=16 acquire_us=110 submit_us=3129 skipped=0 gpu_q=1 gpu_total_us=724 gpu_prepass_us=0 gpu_main_us=724 gpu_composite_us=0 gpu_blit_us=0
frust_shell_common::perf: frust-perf raw n=3174 total_us=3352 rebuild_us=188 layout_us=0 paint_us=86 encode_us=13 acquire_us=177 submit_us=2886 skipped=0 gpu_q=1 gpu_total_us=762 gpu_prepass_us=0 gpu_main_us=762 gpu_composite_us=0 gpu_blit_us=0
frust_shell_common::perf: frust-perf raw n=3175 total_us=3435 rebuild_us=199 layout_us=0 paint_us=191 encode_us=13 acquire_us=111 submit_us=2919 skipped=0 gpu_q=1 gpu_total_us=725 gpu_prepass_us=0 gpu_main_us=725 gpu_composite_us=0 gpu_blit_us=0
frust_shell_common::perf: frust-perf raw n=3176 total_us=3402 rebuild_us=364 layout_us=1 paint_us=83 encode_us=13 acquire_us=98 submit_us=2840 skipped=0 gpu_q=1 gpu_total_us=731 gpu_prepass_us=0 gpu_main_us=731 gpu_composite_us=0 gpu_blit_us=0
frust_shell_common::perf: frust-perf raw n=3177 total_us=3482 rebuild_us=206 layout_us=0 paint_us=98 encode_us=17 acquire_us=115 submit_us=3044 skipped=0 gpu_q=1 gpu_total_us=762 gpu_prepass_us=0 gpu_main_us=762 gpu_composite_us=0 gpu_blit_us=0
frust_shell_common::perf: frust-perf raw n=3178 total_us=3266 rebuild_us=188 layout_us=0 paint_us=94 encode_us=17 acquire_us=110 submit_us=2855 skipped=0 gpu_q=1 gpu_total_us=735 gpu_prepass_us=0 gpu_main_us=735 gpu_composite_us=0 gpu_blit_us=0
frust_shell_common::perf: frust-perf raw n=3179 total_us=3363 rebuild_us=184 layout_us=0 paint_us=88 encode_us=14 acquire_us=105 submit_us=2969 skipped=0 gpu_q=1 gpu_total_us=743 gpu_prepass_us=0 gpu_main_us=743 gpu_composite_us=0 gpu_blit_us=0
frust_engine::renderer: frust-perf enc n=3180 w=60 validate_us=4.0 prepare_us=3.2 classify_us=14.8 admit_us=0.4 walk_us=629.3 glyphs_us=286.9 finish_us=2.6 compile_us=651.0 schedule_us=4.3 paints_us=17.7 instances_us=44.1 resize_us=2.8 upload_us=232.1 replay_us=0.4 pipelines_us=18.8 record_us=34.7 total_us=1027.8 total_p95_us=1497.4 draws=46 strips=1073 alphas=28576 glyph_draws=36 atlas_glyphs=36
frust_shell_common::perf: frust-perf raw n=3180 total_us=3635 rebuild_us=192 layout_us=0 paint_us=87 encode_us=15 acquire_us=104 submit_us=3235 skipped=0 gpu_q=1 gpu_total_us=734 gpu_prepass_us=0 gpu_main_us=734 gpu_composite_us=0 gpu_blit_us=0
frust_shell_common::perf: frust-perf raw n=3181 total_us=3234 rebuild_us=179 layout_us=0 paint_us=83 encode_us=14 acquire_us=99 submit_us=2856 skipped=0 gpu_q=1 gpu_total_us=710 gpu_prepass_us=0 gpu_main_us=710 gpu_composite_us=0 gpu_blit_us=0
frust_shell_common::perf: frust-perf raw n=3182 total_us=3412 rebuild_us=186 layout_us=0 paint_us=84 encode_us=15 acquire_us=105 submit_us=3021 skipped=0 gpu_q=1 gpu_total_us=738 gpu_prepass_us=0 gpu_main_us=738 gpu_composite_us=0 gpu_blit_us=0
frust_shell_common::perf: frust-perf raw n=3183 total_us=3216 rebuild_us=177 layout_us=0 paint_us=82 encode_us=12 acquire_us=99 submit_us=2844 skipped=0 gpu_q=1 gpu_total_us=750 gpu_prepass_us=0 gpu_main_us=750 gpu_composite_us=0 gpu_blit_us=0
frust_shell_common::perf: frust-perf raw n=3184 total_us=3359 rebuild_us=191 layout_us=0 paint_us=89 encode_us=14 acquire_us=107 submit_us=2956 skipped=0 gpu_q=1 gpu_total_us=763 gpu_prepass_us=0 gpu_main_us=763 gpu_composite_us=0 gpu_blit_us=0
frust_shell_common::perf: frust-perf raw n=3185 total_us=3444 rebuild_us=186 layout_us=0 paint_us=85 encode_us=14 acquire_us=114 submit_us=3042 skipped=0 gpu_q=1 gpu_total_us=737 gpu_prepass_us=0 gpu_main_us=737 gpu_composite_us=0 gpu_blit_us=0
frust_shell_common::perf: frust-perf raw n=3186 total_us=3416 rebuild_us=186 layout_us=0 paint_us=91 encode_us=15 acquire_us=102 submit_us=3020 skipped=0 gpu_q=1 gpu_total_us=757 gpu_prepass_us=0 gpu_main_us=757 gpu_composite_us=0 gpu_blit_us=0
frust_shell_common::perf: frust-perf raw n=3187 total_us=3321 rebuild_us=190 layout_us=0 paint_us=93 encode_us=14 acquire_us=103 submit_us=2919 skipped=0 gpu_q=1 gpu_total_us=744 gpu_prepass_us=0 gpu_main_us=744 gpu_composite_us=0 gpu_blit_us=0
frust_shell_common::perf: frust-perf frame n=120 total_p50_ms=3 total_p95_ms=5 total_p99_ms=6 rebuild_p95_ms=0 layout_p95_ms=0 paint_p95_ms=0 encode_p95_ms=0 acquire_p95_ms=0 submit_p95_ms=5 over_60hz=1 over_120hz=4 skipped=0 total_frames=3187
frust_shell_common::perf: frust-perf raw n=3188 total_us=3667 rebuild_us=193 layout_us=0 paint_us=85 encode_us=13 acquire_us=111 submit_us=3263 skipped=0 gpu_q=1 gpu_total_us=753 gpu_prepass_us=0 gpu_main_us=753 gpu_composite_us=0 gpu_blit_us=0
frust_shell_common::perf: frust-perf raw n=3189 total_us=3426 rebuild_us=193 layout_us=0 paint_us=86 encode_us=14 acquire_us=106 submit_us=3025 skipped=0 gpu_q=1 gpu_total_us=759 gpu_prepass_us=0 gpu_main_us=759 gpu_composite_us=0 gpu_blit_us=0
frust_shell_common::perf: frust-perf raw n=3190 total_us=3388 rebuild_us=187 layout_us=0 paint_us=85 encode_us=16 acquire_us=104 submit_us=2994 skipped=0 gpu_q=1 gpu_total_us=757 gpu_prepass_us=0 gpu_main_us=757 gpu_composite_us=0 gpu_blit_us=0
frust_shell_common::perf: frust-perf raw n=3191 total_us=3327 rebuild_us=190 layout_us=0 paint_us=89 encode_us=14 acquire_us=142 submit_us=2889 skipped=0 gpu_q=1 gpu_total_us=757 gpu_prepass_us=0 gpu_main_us=757 gpu_composite_us=0 gpu_blit_us=0
frust_shell_common::perf: frust-perf raw n=3192 total_us=3384 rebuild_us=183 layout_us=0 paint_us=192 encode_us=14 acquire_us=109 submit_us=2884 skipped=0 gpu_q=1 gpu_total_us=780 gpu_prepass_us=0 gpu_main_us=780 gpu_composite_us=0 gpu_blit_us=0
frust_shell_common::perf: frust-perf raw n=3193 total_us=3436 rebuild_us=312 layout_us=0 paint_us=86 encode_us=13 acquire_us=102 submit_us=2921 skipped=0 gpu_q=1 gpu_total_us=788 gpu_prepass_us=0 gpu_main_us=788 gpu_composite_us=0 gpu_blit_us=0
frust_shell_common::perf: frust-perf raw n=3194 total_us=3275 rebuild_us=185 layout_us=0 paint_us=85 encode_us=18 acquire_us=101 submit_us=2883 skipped=0 gpu_q=1 gpu_total_us=768 gpu_prepass_us=0 gpu_main_us=768 gpu_composite_us=0 gpu_blit_us=0
frust_shell_common::perf: frust-perf raw n=3195 total_us=3297 rebuild_us=180 layout_us=0 paint_us=90 encode_us=15 acquire_us=118 submit_us=2891 skipped=0 gpu_q=1 gpu_total_us=749 gpu_prepass_us=0 gpu_main_us=749 gpu_composite_us=0 gpu_blit_us=0
frust_shell_common::perf: frust-perf raw n=3196 total_us=3484 rebuild_us=181 layout_us=0 paint_us=88 encode_us=16 acquire_us=107 submit_us=3090 skipped=0 gpu_q=1 gpu_total_us=753 gpu_prepass_us=0 gpu_main_us=753 gpu_composite_us=0 gpu_blit_us=0
frust_shell_common::perf: frust-perf raw n=3197 total_us=6252 rebuild_us=196 layout_us=0 paint_us=85 encode_us=36 acquire_us=206 submit_us=5727 skipped=0 gpu_q=1 gpu_total_us=758 gpu_prepass_us=0 gpu_main_us=758 gpu_composite_us=0 gpu_blit_us=0
frust_shell_common::perf: frust-perf raw n=3198 total_us=5654 rebuild_us=158 layout_us=0 paint_us=74 encode_us=37 acquire_us=205 submit_us=5178 skipped=0 gpu_q=1 gpu_total_us=753 gpu_prepass_us=0 gpu_main_us=753 gpu_composite_us=0 gpu_blit_us=0
frust_shell_common::perf: frust-perf raw n=3199 total_us=4744 rebuild_us=127 layout_us=0 paint_us=58 encode_us=30 acquire_us=148 submit_us=4378 skipped=0 gpu_q=1 gpu_total_us=759 gpu_prepass_us=0 gpu_main_us=759 gpu_composite_us=0 gpu_blit_us=0
frust_shell_common::perf: frust-perf raw n=3200 total_us=4231 rebuild_us=112 layout_us=0 paint_us=52 encode_us=22 acquire_us=126 submit_us=3916 skipped=0 gpu_q=1 gpu_total_us=756 gpu_prepass_us=0 gpu_main_us=756 gpu_composite_us=0 gpu_blit_us=0
frust_shell_common::perf: frust-perf raw n=3201 total_us=4329 rebuild_us=107 layout_us=0 paint_us=49 encode_us=25 acquire_us=111 submit_us=4036 skipped=0 gpu_q=1 gpu_total_us=726 gpu_prepass_us=0 gpu_main_us=726 gpu_composite_us=0 gpu_blit_us=0
frust_shell_common::perf: frust-perf raw n=3202 total_us=4751 rebuild_us=120 layout_us=0 paint_us=57 encode_us=30 acquire_us=125 submit_us=4418 skipped=0 gpu_q=1 gpu_total_us=726 gpu_prepass_us=0 gpu_main_us=726 gpu_composite_us=0 gpu_blit_us=0
frust_shell_common::perf: frust-perf raw n=3203 total_us=5004 rebuild_us=128 layout_us=0 paint_us=62 encode_us=30 acquire_us=141 submit_us=4642 skipped=0 gpu_q=1 gpu_total_us=729 gpu_prepass_us=0 gpu_main_us=729 gpu_composite_us=0 gpu_blit_us=0
frust_shell_common::perf: frust-perf raw n=3204 total_us=4357 rebuild_us=109 layout_us=0 paint_us=52 encode_us=23 acquire_us=117 submit_us=4053 skipped=0 gpu_q=1 gpu_total_us=728 gpu_prepass_us=0 gpu_main_us=728 gpu_composite_us=0 gpu_blit_us=0
frust_shell_common::perf: frust-perf raw n=3205 total_us=5342 rebuild_us=121 layout_us=0 paint_us=56 encode_us=28 acquire_us=132 submit_us=5002 skipped=0 gpu_q=1 gpu_total_us=728 gpu_prepass_us=0 gpu_main_us=728 gpu_composite_us=0 gpu_blit_us=0
frust_shell_common::perf: frust-perf raw n=3206 total_us=3277 rebuild_us=129 layout_us=0 paint_us=57 encode_us=20 acquire_us=156 submit_us=2912 skipped=0 gpu_q=1 gpu_total_us=731 gpu_prepass_us=0 gpu_main_us=731 gpu_composite_us=0 gpu_blit_us=0
frust_shell_common::perf: frust-perf raw n=3207 total_us=4573 rebuild_us=169 layout_us=0 paint_us=81 encode_us=33 acquire_us=135 submit_us=4153 skipped=0 gpu_q=1 gpu_total_us=758 gpu_prepass_us=0 gpu_main_us=758 gpu_composite_us=0 gpu_blit_us=0
frust_shell_common::perf: frust-perf raw n=3208 total_us=4102 rebuild_us=128 layout_us=0 paint_us=57 encode_us=30 acquire_us=137 submit_us=3747 skipped=0 gpu_q=1 gpu_total_us=732 gpu_prepass_us=0 gpu_main_us=732 gpu_composite_us=0 gpu_blit_us=0
frust_shell_common::perf: frust-perf raw n=3209 total_us=4284 rebuild_us=104 layout_us=0 paint_us=47 encode_us=20 acquire_us=112 submit_us=3999 skipped=0 gpu_q=1 gpu_total_us=730 gpu_prepass_us=0 gpu_main_us=730 gpu_composite_us=0 gpu_blit_us=0
frust_shell_common::perf: frust-perf raw n=3210 total_us=5597 rebuild_us=122 layout_us=0 paint_us=53 encode_us=26 acquire_us=195 submit_us=5199 skipped=0 gpu_q=1 gpu_total_us=771 gpu_prepass_us=0 gpu_main_us=771 gpu_composite_us=0 gpu_blit_us=0
frust_shell_common::perf: frust-perf raw n=3211 total_us=5436 rebuild_us=191 layout_us=0 paint_us=66 encode_us=32 acquire_us=136 submit_us=5009 skipped=0 gpu_q=1 gpu_total_us=727 gpu_prepass_us=0 gpu_main_us=727 gpu_composite_us=0 gpu_blit_us=0
frust_shell_common::perf: frust-perf raw n=3212 total_us=5392 rebuild_us=125 layout_us=0 paint_us=58 encode_us=31 acquire_us=132 submit_us=5043 skipped=0 gpu_q=1 gpu_total_us=725 gpu_prepass_us=0 gpu_main_us=725 gpu_composite_us=0 gpu_blit_us=0
frust_shell_common::perf: frust-perf raw n=3213 total_us=3121 rebuild_us=106 layout_us=0 paint_us=50 encode_us=20 acquire_us=157 submit_us=2786 skipped=0 gpu_q=1 gpu_total_us=719 gpu_prepass_us=0 gpu_main_us=719 gpu_composite_us=0 gpu_blit_us=0
frust_shell_common::perf: frust-perf raw n=3214 total_us=3476 rebuild_us=189 layout_us=0 paint_us=83 encode_us=16 acquire_us=107 submit_us=3079 skipped=0 gpu_q=1 gpu_total_us=725 gpu_prepass_us=0 gpu_main_us=725 gpu_composite_us=0 gpu_blit_us=0
frust_shell_common::perf: frust-perf raw n=3215 total_us=3373 rebuild_us=193 layout_us=0 paint_us=91 encode_us=15 acquire_us=103 submit_us=2968 skipped=0 gpu_q=1 gpu_total_us=729 gpu_prepass_us=0 gpu_main_us=729 gpu_composite_us=0 gpu_blit_us=0
frust_shell_common::perf: frust-perf raw n=3216 total_us=3376 rebuild_us=193 layout_us=0 paint_us=86 encode_us=16 acquire_us=105 submit_us=2975 skipped=0 gpu_q=1 gpu_total_us=724 gpu_prepass_us=0 gpu_main_us=724 gpu_composite_us=0 gpu_blit_us=0
frust_shell_common::perf: frust-perf raw n=3217 total_us=3490 rebuild_us=195 layout_us=0 paint_us=92 encode_us=15 acquire_us=106 submit_us=3080 skipped=0 gpu_q=1 gpu_total_us=767 gpu_prepass_us=0 gpu_main_us=767 gpu_composite_us=0 gpu_blit_us=0
frust_shell_common::perf: frust-perf raw n=3218 total_us=3430 rebuild_us=184 layout_us=0 paint_us=86 encode_us=14 acquire_us=104 submit_us=3039 skipped=0 gpu_q=1 gpu_total_us=769 gpu_prepass_us=0 gpu_main_us=769 gpu_composite_us=0 gpu_blit_us=0
frust_shell_common::perf: frust-perf raw n=3219 total_us=3410 rebuild_us=199 layout_us=0 paint_us=90 encode_us=14 acquire_us=112 submit_us=2993 skipped=0 gpu_q=1 gpu_total_us=747 gpu_prepass_us=0 gpu_main_us=747 gpu_composite_us=0 gpu_blit_us=0
frust_shell_common::perf: frust-perf raw n=3220 total_us=3424 rebuild_us=189 layout_us=0 paint_us=86 encode_us=14 acquire_us=106 submit_us=3027 skipped=0 gpu_q=1 gpu_total_us=732 gpu_prepass_us=0 gpu_main_us=732 gpu_composite_us=0 gpu_blit_us=0
frust_shell_common::perf: frust-perf raw n=3221 total_us=3586 rebuild_us=201 layout_us=0 paint_us=93 encode_us=16 acquire_us=119 submit_us=3155 skipped=0 gpu_q=1 gpu_total_us=747 gpu_prepass_us=0 gpu_main_us=747 gpu_composite_us=0 gpu_blit_us=0
frust_shell_common::perf: frust-perf raw n=3222 total_us=3370 rebuild_us=190 layout_us=0 paint_us=94 encode_us=13 acquire_us=110 submit_us=2961 skipped=0 gpu_q=1 gpu_total_us=707 gpu_prepass_us=0 gpu_main_us=707 gpu_composite_us=0 gpu_blit_us=0
frust_shell_common::perf: frust-perf raw n=3223 total_us=3427 rebuild_us=201 layout_us=0 paint_us=85 encode_us=13 acquire_us=103 submit_us=3023 skipped=0 gpu_q=1 gpu_total_us=737 gpu_prepass_us=0 gpu_main_us=737 gpu_composite_us=0 gpu_blit_us=0
frust_shell_common::perf: frust-perf raw n=3224 total_us=3172 rebuild_us=176 layout_us=0 paint_us=84 encode_us=13 acquire_us=94 submit_us=2803 skipped=0 gpu_q=1 gpu_total_us=728 gpu_prepass_us=0 gpu_main_us=728 gpu_composite_us=0 gpu_blit_us=0
frust_shell_common::perf: frust-perf raw n=3225 total_us=3136 rebuild_us=142 layout_us=0 paint_us=65 encode_us=15 acquire_us=98 submit_us=2813 skipped=0 gpu_q=1 gpu_total_us=707 gpu_prepass_us=0 gpu_main_us=707 gpu_composite_us=0 gpu_blit_us=0
frust_shell_common::perf: frust-perf raw n=3226 total_us=3085 rebuild_us=171 layout_us=0 paint_us=83 encode_us=14 acquire_us=102 submit_us=2711 skipped=0 gpu_q=1 gpu_total_us=713 gpu_prepass_us=0 gpu_main_us=713 gpu_composite_us=0 gpu_blit_us=0
frust_shell_common::perf: frust-perf raw n=3227 total_us=3263 rebuild_us=189 layout_us=0 paint_us=92 encode_us=15 acquire_us=104 submit_us=2861 skipped=0 gpu_q=1 gpu_total_us=726 gpu_prepass_us=0 gpu_main_us=726 gpu_composite_us=0 gpu_blit_us=0
frust_shell_common::perf: frust-perf raw n=3228 total_us=3377 rebuild_us=191 layout_us=0 paint_us=84 encode_us=18 acquire_us=170 submit_us=2912 skipped=0 gpu_q=1 gpu_total_us=710 gpu_prepass_us=0 gpu_main_us=710 gpu_composite_us=0 gpu_blit_us=0
frust_shell_common::perf: frust-perf raw n=3229 total_us=3619 rebuild_us=199 layout_us=0 paint_us=91 encode_us=15 acquire_us=111 submit_us=3200 skipped=0 gpu_q=1 gpu_total_us=749 gpu_prepass_us=0 gpu_main_us=749 gpu_composite_us=0 gpu_blit_us=0
frust_shell_android::app::frame: frust-perf platform-view tail depth=0 target=0 acquire_bound=false frame=3240 expected_present_us=0 acquire_us=117 period_us=8235
frust_shell_common::perf: frust-perf raw n=3230 total_us=3366 rebuild_us=184 layout_us=0 paint_us=89 encode_us=14 acquire_us=98 submit_us=2979 skipped=0 gpu_q=1 gpu_total_us=734 gpu_prepass_us=0 gpu_main_us=734 gpu_composite_us=0 gpu_blit_us=0
frust_shell_common::perf: frust-perf raw n=3231 total_us=3316 rebuild_us=172 layout_us=0 paint_us=82 encode_us=13 acquire_us=103 submit_us=2944 skipped=0 gpu_q=1 gpu_total_us=708 gpu_prepass_us=0 gpu_main_us=708 gpu_composite_us=0 gpu_blit_us=0
frust_shell_common::perf: frust-perf raw n=3232 total_us=3406 rebuild_us=193 layout_us=0 paint_us=88 encode_us=15 acquire_us=105 submit_us=3003 skipped=0 gpu_q=1 gpu_total_us=727 gpu_prepass_us=0 gpu_main_us=727 gpu_composite_us=0 gpu_blit_us=0
frust_shell_common::perf: frust-perf raw n=3233 total_us=5420 rebuild_us=176 layout_us=0 paint_us=93 encode_us=36 acquire_us=164 submit_us=4948 skipped=0 gpu_q=1 gpu_total_us=700 gpu_prepass_us=0 gpu_main_us=700 gpu_composite_us=0 gpu_blit_us=0
frust_shell_common::perf: frust-perf raw n=3234 total_us=5764 rebuild_us=172 layout_us=0 paint_us=82 encode_us=39 acquire_us=182 submit_us=5285 skipped=0 gpu_q=1 gpu_total_us=757 gpu_prepass_us=0 gpu_main_us=757 gpu_composite_us=0 gpu_blit_us=0
frust_shell_common::perf: frust-perf raw n=3235 total_us=4330 rebuild_us=115 layout_us=0 paint_us=57 encode_us=23 acquire_us=129 submit_us=4003 skipped=0 gpu_q=1 gpu_total_us=753 gpu_prepass_us=0 gpu_main_us=753 gpu_composite_us=0 gpu_blit_us=0
frust_shell_common::perf: frust-perf raw n=3236 total_us=3983 rebuild_us=108 layout_us=0 paint_us=50 encode_us=23 acquire_us=119 submit_us=3681 skipped=0 gpu_q=1 gpu_total_us=750 gpu_prepass_us=0 gpu_main_us=750 gpu_composite_us=0 gpu_blit_us=0
frust_shell_common::perf: frust-perf raw n=3237 total_us=4193 rebuild_us=101 layout_us=0 paint_us=54 encode_us=20 acquire_us=109 submit_us=3907 skipped=0 gpu_q=1 gpu_total_us=714 gpu_prepass_us=0 gpu_main_us=714 gpu_composite_us=0 gpu_blit_us=0
frust_shell_common::perf: frust-perf raw n=3238 total_us=4716 rebuild_us=116 layout_us=0 paint_us=55 encode_us=25 acquire_us=129 submit_us=4388 skipped=0 gpu_q=1 gpu_total_us=711 gpu_prepass_us=0 gpu_main_us=711 gpu_composite_us=0 gpu_blit_us=0
frust_shell_common::perf: frust-perf raw n=3239 total_us=5677 rebuild_us=125 layout_us=0 paint_us=63 encode_us=30 acquire_us=128 submit_us=5329 skipped=0 gpu_q=1 gpu_total_us=708 gpu_prepass_us=0 gpu_main_us=708 gpu_composite_us=0 gpu_blit_us=0
frust_engine::renderer: frust-perf enc n=3240 w=60 validate_us=3.7 prepare_us=3.2 classify_us=13.1 admit_us=0.4 walk_us=506.2 glyphs_us=216.6 finish_us=2.4 compile_us=529.5 schedule_us=4.0 paints_us=14.0 instances_us=30.7 resize_us=2.9 upload_us=209.7 replay_us=0.3 pipelines_us=18.0 record_us=31.4 total_us=841.4 total_p95_us=1657.8 draws=46 strips=1073 alphas=28576 glyph_draws=36 atlas_glyphs=36
frust_shell_common::perf: frust-perf raw n=3240 total_us=5903 rebuild_us=120 layout_us=0 paint_us=58 encode_us=29 acquire_us=131 submit_us=5562 skipped=0 gpu_q=1 gpu_total_us=759 gpu_prepass_us=0 gpu_main_us=759 gpu_composite_us=0 gpu_blit_us=0
frust_shell_common::perf: frust-perf raw n=3241 total_us=3908 rebuild_us=108 layout_us=0 paint_us=55 encode_us=25 acquire_us=118 submit_us=3599 skipped=0 gpu_q=1 gpu_total_us=762 gpu_prepass_us=0 gpu_main_us=762 gpu_composite_us=0 gpu_blit_us=0
frust_shell_common::perf: frust-perf raw n=3242 total_us=2718 rebuild_us=94 layout_us=0 paint_us=49 encode_us=21 acquire_us=140 submit_us=2412 skipped=0 gpu_q=1 gpu_total_us=711 gpu_prepass_us=0 gpu_main_us=711 gpu_composite_us=0 gpu_blit_us=0
frust_shell_common::perf: frust-perf raw n=3243 total_us=3328 rebuild_us=142 layout_us=0 paint_us=66 encode_us=13 acquire_us=89 submit_us=3016 skipped=0 gpu_q=1 gpu_total_us=713 gpu_prepass_us=0 gpu_main_us=713 gpu_composite_us=0 gpu_blit_us=0
frust_shell_common::perf: frust-perf raw n=3244 total_us=3362 rebuild_us=193 layout_us=0 paint_us=91 encode_us=16 acquire_us=123 submit_us=2938 skipped=0 gpu_q=1 gpu_total_us=708 gpu_prepass_us=0 gpu_main_us=708 gpu_composite_us=0 gpu_blit_us=0
frust_shell_common::perf: frust-perf raw n=3245 total_us=3448 rebuild_us=198 layout_us=0 paint_us=88 encode_us=14 acquire_us=112 submit_us=3034 skipped=0 gpu_q=1 gpu_total_us=760 gpu_prepass_us=0 gpu_main_us=760 gpu_composite_us=0 gpu_blit_us=0
frust_shell_common::perf: frust-perf raw n=3246 total_us=3434 rebuild_us=194 layout_us=0 paint_us=93 encode_us=19 acquire_us=108 submit_us=3017 skipped=0 gpu_q=1 gpu_total_us=718 gpu_prepass_us=0 gpu_main_us=718 gpu_composite_us=0 gpu_blit_us=0
frust_shell_common::perf: frust-perf raw n=3247 total_us=3382 rebuild_us=186 layout_us=0 paint_us=92 encode_us=13 acquire_us=108 submit_us=2982 skipped=0 gpu_q=1 gpu_total_us=730 gpu_prepass_us=0 gpu_main_us=730 gpu_composite_us=0 gpu_blit_us=0
frust_shell_common::perf: frust-perf raw n=3248 total_us=3235 rebuild_us=185 layout_us=0 paint_us=88 encode_us=13 acquire_us=95 submit_us=2851 skipped=0 gpu_q=1 gpu_total_us=746 gpu_prepass_us=0 gpu_main_us=746 gpu_composite_us=0 gpu_blit_us=0
frust_shell_common::perf: frust-perf raw n=3249 total_us=3381 rebuild_us=198 layout_us=0 paint_us=85 encode_us=13 acquire_us=104 submit_us=2977 skipped=0 gpu_q=1 gpu_total_us=723 gpu_prepass_us=0 gpu_main_us=723 gpu_composite_us=0 gpu_blit_us=0
frust_shell_common::perf: frust-perf raw n=3250 total_us=3323 rebuild_us=191 layout_us=0 paint_us=89 encode_us=14 acquire_us=111 submit_us=2914 skipped=0 gpu_q=1 gpu_total_us=761 gpu_prepass_us=0 gpu_main_us=761 gpu_composite_us=0 gpu_blit_us=0
frust_shell_common::perf: frust-perf raw n=3251 total_us=3261 rebuild_us=182 layout_us=0 paint_us=90 encode_us=15 acquire_us=99 submit_us=2873 skipped=0 gpu_q=1 gpu_total_us=761 gpu_prepass_us=0 gpu_main_us=761 gpu_composite_us=0 gpu_blit_us=0
frust_shell_common::perf: frust-perf raw n=3252 total_us=3391 rebuild_us=171 layout_us=0 paint_us=82 encode_us=13 acquire_us=99 submit_us=3024 skipped=0 gpu_q=1 gpu_total_us=741 gpu_prepass_us=0 gpu_main_us=741 gpu_composite_us=0 gpu_blit_us=0
frust_shell_common::perf: frust-perf raw n=3253 total_us=3200 rebuild_us=168 layout_us=0 paint_us=80 encode_us=15 acquire_us=103 submit_us=2831 skipped=0 gpu_q=1 gpu_total_us=756 gpu_prepass_us=0 gpu_main_us=756 gpu_composite_us=0 gpu_blit_us=0
frust_shell_common::perf: frust-perf raw n=3254 total_us=3369 rebuild_us=189 layout_us=0 paint_us=88 encode_us=13 acquire_us=110 submit_us=2967 skipped=0 gpu_q=1 gpu_total_us=741 gpu_prepass_us=0 gpu_main_us=741 gpu_composite_us=0 gpu_blit_us=0
frust_shell_common::perf: frust-perf raw n=3255 total_us=3566 rebuild_us=198 layout_us=0 paint_us=138 encode_us=16 acquire_us=104 submit_us=3107 skipped=0 gpu_q=1 gpu_total_us=735 gpu_prepass_us=0 gpu_main_us=735 gpu_composite_us=0 gpu_blit_us=0
frust_shell_common::perf: frust-perf raw n=3256 total_us=3224 rebuild_us=180 layout_us=0 paint_us=88 encode_us=15 acquire_us=101 submit_us=2838 skipped=0 gpu_q=1 gpu_total_us=737 gpu_prepass_us=0 gpu_main_us=737 gpu_composite_us=0 gpu_blit_us=0
frust_shell_common::perf: frust-perf raw n=3257 total_us=3398 rebuild_us=187 layout_us=0 paint_us=84 encode_us=14 acquire_us=104 submit_us=3007 skipped=0 gpu_q=1 gpu_total_us=728 gpu_prepass_us=0 gpu_main_us=728 gpu_composite_us=0 gpu_blit_us=0
frust_shell_common::perf: frust-perf raw n=3258 total_us=3341 rebuild_us=184 layout_us=0 paint_us=86 encode_us=14 acquire_us=102 submit_us=2953 skipped=0 gpu_q=1 gpu_total_us=748 gpu_prepass_us=0 gpu_main_us=748 gpu_composite_us=0 gpu_blit_us=0
frust_shell_common::perf: frust-perf raw n=3259 total_us=3385 rebuild_us=187 layout_us=0 paint_us=84 encode_us=15 acquire_us=215 submit_us=2881 skipped=0 gpu_q=1 gpu_total_us=711 gpu_prepass_us=0 gpu_main_us=711 gpu_composite_us=0 gpu_blit_us=0
frust_shell_common::perf: frust-perf raw n=3260 total_us=3158 rebuild_us=180 layout_us=0 paint_us=83 encode_us=17 acquire_us=94 submit_us=2783 skipped=0 gpu_q=1 gpu_total_us=744 gpu_prepass_us=0 gpu_main_us=744 gpu_composite_us=0 gpu_blit_us=0
frust_shell_common::perf: frust-perf raw n=3261 total_us=3253 rebuild_us=187 layout_us=0 paint_us=90 encode_us=13 acquire_us=105 submit_us=2855 skipped=0 gpu_q=1 gpu_total_us=740 gpu_prepass_us=0 gpu_main_us=740 gpu_composite_us=0 gpu_blit_us=0
frust_shell_common::perf: frust-perf raw n=3262 total_us=3311 rebuild_us=193 layout_us=0 paint_us=83 encode_us=18 acquire_us=123 submit_us=2892 skipped=0 gpu_q=1 gpu_total_us=732 gpu_prepass_us=0 gpu_main_us=732 gpu_composite_us=0 gpu_blit_us=0
frust_shell_common::perf: frust-perf raw n=3263 total_us=3315 rebuild_us=182 layout_us=0 paint_us=90 encode_us=14 acquire_us=104 submit_us=2924 skipped=0 gpu_q=1 gpu_total_us=733 gpu_prepass_us=0 gpu_main_us=733 gpu_composite_us=0 gpu_blit_us=0
frust_shell_common::perf: frust-perf raw n=3264 total_us=3430 rebuild_us=185 layout_us=0 paint_us=86 encode_us=19 acquire_us=112 submit_us=3026 skipped=0 gpu_q=1 gpu_total_us=748 gpu_prepass_us=0 gpu_main_us=748 gpu_composite_us=0 gpu_blit_us=0
frust_shell_common::perf: frust-perf raw n=3265 total_us=3465 rebuild_us=194 layout_us=0 paint_us=97 encode_us=14 acquire_us=110 submit_us=3047 skipped=0 gpu_q=1 gpu_total_us=725 gpu_prepass_us=0 gpu_main_us=725 gpu_composite_us=0 gpu_blit_us=0
frust_shell_common::perf: frust-perf raw n=3266 total_us=3445 rebuild_us=191 layout_us=0 paint_us=87 encode_us=15 acquire_us=106 submit_us=3044 skipped=0 gpu_q=1 gpu_total_us=728 gpu_prepass_us=0 gpu_main_us=728 gpu_composite_us=0 gpu_blit_us=0
frust_shell_common::perf: frust-perf raw n=3267 total_us=3311 rebuild_us=190 layout_us=0 paint_us=86 encode_us=13 acquire_us=99 submit_us=2921 skipped=0 gpu_q=1 gpu_total_us=749 gpu_prepass_us=0 gpu_main_us=749 gpu_composite_us=0 gpu_blit_us=0
frust_shell_common::perf: frust-perf raw n=3268 total_us=5859 rebuild_us=184 layout_us=0 paint_us=85 encode_us=40 acquire_us=177 submit_us=5371 skipped=0 gpu_q=1 gpu_total_us=730 gpu_prepass_us=0 gpu_main_us=730 gpu_composite_us=0 gpu_blit_us=0
frust_shell_common::perf: frust-perf raw n=3269 total_us=4262 rebuild_us=120 layout_us=0 paint_us=55 encode_us=27 acquire_us=123 submit_us=3936 skipped=0 gpu_q=1 gpu_total_us=706 gpu_prepass_us=0 gpu_main_us=706 gpu_composite_us=0 gpu_blit_us=0
frust_shell_common::perf: frust-perf raw n=3270 total_us=4324 rebuild_us=112 layout_us=0 paint_us=51 encode_us=27 acquire_us=113 submit_us=4019 skipped=0 gpu_q=1 gpu_total_us=686 gpu_prepass_us=0 gpu_main_us=686 gpu_composite_us=0 gpu_blit_us=0
frust_shell_common::perf: frust-perf raw n=3271 total_us=4468 rebuild_us=116 layout_us=0 paint_us=56 encode_us=28 acquire_us=154 submit_us=4112 skipped=0 gpu_q=1 gpu_total_us=682 gpu_prepass_us=0 gpu_main_us=682 gpu_composite_us=0 gpu_blit_us=0
frust_shell_common::perf: frust-perf raw n=3272 total_us=5335 rebuild_us=120 layout_us=0 paint_us=58 encode_us=27 acquire_us=141 submit_us=4988 skipped=0 gpu_q=1 gpu_total_us=669 gpu_prepass_us=0 gpu_main_us=669 gpu_composite_us=0 gpu_blit_us=0
frust_shell_common::perf: frust-perf raw n=3273 total_us=5493 rebuild_us=120 layout_us=0 paint_us=59 encode_us=26 acquire_us=145 submit_us=5141 skipped=0 gpu_q=1 gpu_total_us=663 gpu_prepass_us=0 gpu_main_us=663 gpu_composite_us=0 gpu_blit_us=0
frust_shell_common::perf: frust-perf raw n=3274 total_us=4578 rebuild_us=116 layout_us=0 paint_us=52 encode_us=24 acquire_us=128 submit_us=4256 skipped=0 gpu_q=1 gpu_total_us=663 gpu_prepass_us=0 gpu_main_us=663 gpu_composite_us=0 gpu_blit_us=0
frust_shell_common::perf: frust-perf raw n=3275 total_us=4467 rebuild_us=107 layout_us=0 paint_us=45 encode_us=20 acquire_us=112 submit_us=4180 skipped=0 gpu_q=1 gpu_total_us=664 gpu_prepass_us=0 gpu_main_us=664 gpu_composite_us=0 gpu_blit_us=0
frust_shell_common::perf: frust-perf raw n=3276 total_us=5564 rebuild_us=117 layout_us=0 paint_us=53 encode_us=25 acquire_us=135 submit_us=5231 skipped=0 gpu_q=1 gpu_total_us=661 gpu_prepass_us=0 gpu_main_us=661 gpu_composite_us=0 gpu_blit_us=0
frust_shell_common::perf: frust-perf raw n=3277 total_us=5634 rebuild_us=122 layout_us=0 paint_us=62 encode_us=29 acquire_us=134 submit_us=5285 skipped=0 gpu_q=1 gpu_total_us=665 gpu_prepass_us=0 gpu_main_us=665 gpu_composite_us=0 gpu_blit_us=0
frust_shell_common::perf: frust-perf raw n=3278 total_us=5380 rebuild_us=106 layout_us=0 paint_us=52 encode_us=26 acquire_us=318 submit_us=4876 skipped=0 gpu_q=1 gpu_total_us=666 gpu_prepass_us=0 gpu_main_us=666 gpu_composite_us=0 gpu_blit_us=0
frust_shell_common::perf: frust-perf raw n=3279 total_us=5357 rebuild_us=237 layout_us=0 paint_us=58 encode_us=25 acquire_us=131 submit_us=4903 skipped=0 gpu_q=1 gpu_total_us=662 gpu_prepass_us=0 gpu_main_us=662 gpu_composite_us=0 gpu_blit_us=0
frust_shell_common::perf: frust-perf raw n=3280 total_us=5737 rebuild_us=124 layout_us=0 paint_us=56 encode_us=27 acquire_us=139 submit_us=5388 skipped=0 gpu_q=1 gpu_total_us=672 gpu_prepass_us=0 gpu_main_us=672 gpu_composite_us=0 gpu_blit_us=0
frust_shell_common::perf: frust-perf raw n=3281 total_us=5405 rebuild_us=124 layout_us=0 paint_us=59 encode_us=31 acquire_us=132 submit_us=5056 skipped=0 gpu_q=1 gpu_total_us=668 gpu_prepass_us=0 gpu_main_us=668 gpu_composite_us=0 gpu_blit_us=0
frust_shell_common::perf: frust-perf raw n=3282 total_us=3917 rebuild_us=106 layout_us=0 paint_us=52 encode_us=22 acquire_us=113 submit_us=3622 skipped=0 gpu_q=1 gpu_total_us=665 gpu_prepass_us=0 gpu_main_us=665 gpu_composite_us=0 gpu_blit_us=0
frust_shell_common::perf: frust-perf raw n=3283 total_us=3698 rebuild_us=101 layout_us=0 paint_us=49 encode_us=20 acquire_us=101 submit_us=3425 skipped=0 gpu_q=1 gpu_total_us=673 gpu_prepass_us=0 gpu_main_us=673 gpu_composite_us=0 gpu_blit_us=0
frust_shell_common::perf: frust-perf raw n=3284 total_us=4616 rebuild_us=126 layout_us=0 paint_us=54 encode_us=23 acquire_us=117 submit_us=4294 skipped=0 gpu_q=1 gpu_total_us=670 gpu_prepass_us=0 gpu_main_us=670 gpu_composite_us=0 gpu_blit_us=0
frust_shell_common::perf: frust-perf raw n=3285 total_us=3352 rebuild_us=134 layout_us=0 paint_us=63 encode_us=21 acquire_us=159 submit_us=2972 skipped=0 gpu_q=1 gpu_total_us=673 gpu_prepass_us=0 gpu_main_us=673 gpu_composite_us=0 gpu_blit_us=0
frust_shell_common::perf: frust-perf raw n=3286 total_us=3495 rebuild_us=185 layout_us=0 paint_us=83 encode_us=16 acquire_us=109 submit_us=3100 skipped=0 gpu_q=1 gpu_total_us=718 gpu_prepass_us=0 gpu_main_us=718 gpu_composite_us=0 gpu_blit_us=0
frust_shell_common::perf: frust-perf raw n=3287 total_us=3446 rebuild_us=185 layout_us=0 paint_us=90 encode_us=15 acquire_us=107 submit_us=3047 skipped=0 gpu_q=1 gpu_total_us=686 gpu_prepass_us=0 gpu_main_us=686 gpu_composite_us=0 gpu_blit_us=0
frust_shell_common::perf: frust-perf raw n=3288 total_us=3437 rebuild_us=193 layout_us=0 paint_us=84 encode_us=15 acquire_us=106 submit_us=3036 skipped=0 gpu_q=1 gpu_total_us=668 gpu_prepass_us=0 gpu_main_us=668 gpu_composite_us=0 gpu_blit_us=0
frust_shell_common::perf: frust-perf raw n=3289 total_us=3405 rebuild_us=182 layout_us=0 paint_us=89 encode_us=13 acquire_us=104 submit_us=3015 skipped=0 gpu_q=1 gpu_total_us=705 gpu_prepass_us=0 gpu_main_us=705 gpu_composite_us=0 gpu_blit_us=0
frust_shell_common::perf: frust-perf raw n=3290 total_us=3518 rebuild_us=188 layout_us=0 paint_us=87 encode_us=17 acquire_us=106 submit_us=3117 skipped=0 gpu_q=1 gpu_total_us=713 gpu_prepass_us=0 gpu_main_us=713 gpu_composite_us=0 gpu_blit_us=0
frust_shell_common::perf: frust-perf raw n=3291 total_us=3409 rebuild_us=188 layout_us=0 paint_us=86 encode_us=14 acquire_us=106 submit_us=3012 skipped=0 gpu_q=1 gpu_total_us=704 gpu_prepass_us=0 gpu_main_us=704 gpu_composite_us=0 gpu_blit_us=0
frust_shell_common::perf: frust-perf raw n=3292 total_us=3390 rebuild_us=191 layout_us=0 paint_us=91 encode_us=16 acquire_us=102 submit_us=2988 skipped=0 gpu_q=1 gpu_total_us=685 gpu_prepass_us=0 gpu_main_us=685 gpu_composite_us=0 gpu_blit_us=0
frust_shell_common::perf: frust-perf raw n=3293 total_us=3358 rebuild_us=187 layout_us=0 paint_us=84 encode_us=14 acquire_us=163 submit_us=2907 skipped=0 gpu_q=1 gpu_total_us=687 gpu_prepass_us=0 gpu_main_us=687 gpu_composite_us=0 gpu_blit_us=0
frust_shell_common::perf: frust-perf raw n=3294 total_us=3397 rebuild_us=282 layout_us=0 paint_us=94 encode_us=17 acquire_us=110 submit_us=2891 skipped=0 gpu_q=1 gpu_total_us=719 gpu_prepass_us=0 gpu_main_us=719 gpu_composite_us=0 gpu_blit_us=0
frust_shell_common::perf: frust-perf raw n=3295 total_us=3334 rebuild_us=253 layout_us=0 paint_us=87 encode_us=13 acquire_us=108 submit_us=2870 skipped=0 gpu_q=1 gpu_total_us=692 gpu_prepass_us=0 gpu_main_us=692 gpu_composite_us=0 gpu_blit_us=0
frust_shell_common::perf: frust-perf raw n=3296 total_us=3246 rebuild_us=171 layout_us=0 paint_us=89 encode_us=13 acquire_us=104 submit_us=2866 skipped=0 gpu_q=1 gpu_total_us=701 gpu_prepass_us=0 gpu_main_us=701 gpu_composite_us=0 gpu_blit_us=0
frust_shell_common::perf: frust-perf raw n=3297 total_us=3129 rebuild_us=160 layout_us=0 paint_us=79 encode_us=13 acquire_us=105 submit_us=2769 skipped=0 gpu_q=1 gpu_total_us=707 gpu_prepass_us=0 gpu_main_us=707 gpu_composite_us=0 gpu_blit_us=0
frust_shell_common::perf: frust-perf raw n=3298 total_us=3251 rebuild_us=194 layout_us=0 paint_us=82 encode_us=15 acquire_us=96 submit_us=2860 skipped=0 gpu_q=1 gpu_total_us=709 gpu_prepass_us=0 gpu_main_us=709 gpu_composite_us=0 gpu_blit_us=0
frust_shell_common::perf: frust-perf raw n=3299 total_us=6777 rebuild_us=185 layout_us=0 paint_us=82 encode_us=37 acquire_us=190 submit_us=6280 skipped=0 gpu_q=1 gpu_total_us=702 gpu_prepass_us=0 gpu_main_us=702 gpu_composite_us=0 gpu_blit_us=0
frust_engine::renderer: frust-perf enc n=3300 w=60 validate_us=3.6 prepare_us=3.4 classify_us=12.7 admit_us=0.3 walk_us=505.1 glyphs_us=217.2 finish_us=2.6 compile_us=528.8 schedule_us=3.8 paints_us=13.9 instances_us=30.4 resize_us=3.0 upload_us=209.6 replay_us=0.3 pipelines_us=17.8 record_us=31.6 total_us=845.9 total_p95_us=1573.1 draws=46 strips=1073 alphas=28576 glyph_draws=36 atlas_glyphs=36
frust_shell_common::perf: frust-perf raw n=3300 total_us=5971 rebuild_us=156 layout_us=0 paint_us=77 encode_us=33 acquire_us=166 submit_us=5537 skipped=0 gpu_q=1 gpu_total_us=710 gpu_prepass_us=0 gpu_main_us=710 gpu_composite_us=0 gpu_blit_us=0
frust_shell_common::perf: frust-perf raw n=3301 total_us=4367 rebuild_us=128 layout_us=0 paint_us=57 encode_us=27 acquire_us=125 submit_us=4029 skipped=0 gpu_q=1 gpu_total_us=706 gpu_prepass_us=0 gpu_main_us=706 gpu_composite_us=0 gpu_blit_us=0
frust_shell_common::perf: frust-perf raw n=3302 total_us=3798 rebuild_us=96 layout_us=0 paint_us=44 encode_us=20 acquire_us=100 submit_us=3535 skipped=0 gpu_q=1 gpu_total_us=686 gpu_prepass_us=0 gpu_main_us=686 gpu_composite_us=0 gpu_blit_us=0
frust_shell_common::perf: frust-perf raw n=3303 total_us=4725 rebuild_us=100 layout_us=0 paint_us=47 encode_us=23 acquire_us=104 submit_us=4450 skipped=0 gpu_q=1 gpu_total_us=663 gpu_prepass_us=0 gpu_main_us=663 gpu_composite_us=0 gpu_blit_us=0
frust_shell_common::perf: frust-perf raw n=3304 total_us=4886 rebuild_us=110 layout_us=0 paint_us=59 encode_us=26 acquire_us=149 submit_us=4540 skipped=0 gpu_q=1 gpu_total_us=667 gpu_prepass_us=0 gpu_main_us=667 gpu_composite_us=0 gpu_blit_us=0
frust_shell_common::perf: frust-perf raw n=3305 total_us=3283 rebuild_us=126 layout_us=0 paint_us=60 encode_us=20 acquire_us=149 submit_us=2926 skipped=0 gpu_q=1 gpu_total_us=663 gpu_prepass_us=0 gpu_main_us=663 gpu_composite_us=0 gpu_blit_us=0
frust_shell_common::perf: frust-perf raw n=3306 total_us=3234 rebuild_us=158 layout_us=0 paint_us=73 encode_us=13 acquire_us=92 submit_us=2896 skipped=0 gpu_q=1 gpu_total_us=694 gpu_prepass_us=0 gpu_main_us=694 gpu_composite_us=0 gpu_blit_us=0
frust_shell_common::perf: frust-perf raw n=3307 total_us=3457 rebuild_us=186 layout_us=0 paint_us=86 encode_us=14 acquire_us=105 submit_us=3064 skipped=0 gpu_q=1 gpu_total_us=665 gpu_prepass_us=0 gpu_main_us=665 gpu_composite_us=0 gpu_blit_us=0
frust_shell_common::perf: frust-perf raw n=3308 total_us=3474 rebuild_us=180 layout_us=0 paint_us=87 encode_us=13 acquire_us=103 submit_us=3089 skipped=0 gpu_q=1 gpu_total_us=665 gpu_prepass_us=0 gpu_main_us=665 gpu_composite_us=0 gpu_blit_us=0
frust_shell_common::perf: frust-perf raw n=3309 total_us=3309 rebuild_us=185 layout_us=0 paint_us=92 encode_us=14 acquire_us=102 submit_us=2913 skipped=0 gpu_q=1 gpu_total_us=711 gpu_prepass_us=0 gpu_main_us=711 gpu_composite_us=0 gpu_blit_us=0
frust_shell_common::perf: frust-perf raw n=3310 total_us=3357 rebuild_us=189 layout_us=0 paint_us=81 encode_us=13 acquire_us=168 submit_us=2904 skipped=0 gpu_q=1 gpu_total_us=710 gpu_prepass_us=0 gpu_main_us=710 gpu_composite_us=0 gpu_blit_us=0
frust_shell_common::perf: frust-perf raw n=3311 total_us=3424 rebuild_us=188 layout_us=0 paint_us=197 encode_us=20 acquire_us=119 submit_us=2897 skipped=0 gpu_q=1 gpu_total_us=684 gpu_prepass_us=0 gpu_main_us=684 gpu_composite_us=0 gpu_blit_us=0
frust_shell_common::perf: frust-perf raw n=3312 total_us=3476 rebuild_us=281 layout_us=0 paint_us=88 encode_us=14 acquire_us=106 submit_us=2984 skipped=0 gpu_q=1 gpu_total_us=694 gpu_prepass_us=0 gpu_main_us=694 gpu_composite_us=0 gpu_blit_us=0
frust_shell_common::perf: frust-perf raw n=3313 total_us=3285 rebuild_us=185 layout_us=0 paint_us=87 encode_us=16 acquire_us=113 submit_us=2881 skipped=0 gpu_q=1 gpu_total_us=719 gpu_prepass_us=0 gpu_main_us=719 gpu_composite_us=0 gpu_blit_us=0
frust_shell_common::perf: frust-perf raw n=3314 total_us=3419 rebuild_us=197 layout_us=0 paint_us=83 encode_us=18 acquire_us=125 submit_us=2994 skipped=0 gpu_q=1 gpu_total_us=704 gpu_prepass_us=0 gpu_main_us=704 gpu_composite_us=0 gpu_blit_us=0
frust_shell_common::perf: frust-perf raw n=3315 total_us=3439 rebuild_us=187 layout_us=0 paint_us=96 encode_us=13 acquire_us=101 submit_us=3039 skipped=0 gpu_q=1 gpu_total_us=681 gpu_prepass_us=0 gpu_main_us=681 gpu_composite_us=0 gpu_blit_us=0
frust_shell_common::perf: frust-perf raw n=3316 total_us=3370 rebuild_us=186 layout_us=0 paint_us=93 encode_us=16 acquire_us=98 submit_us=2975 skipped=0 gpu_q=1 gpu_total_us=700 gpu_prepass_us=0 gpu_main_us=700 gpu_composite_us=0 gpu_blit_us=0
frust_shell_common::perf: frust-perf raw n=3317 total_us=3363 rebuild_us=185 layout_us=0 paint_us=86 encode_us=14 acquire_us=109 submit_us=2966 skipped=0 gpu_q=1 gpu_total_us=706 gpu_prepass_us=0 gpu_main_us=706 gpu_composite_us=0 gpu_blit_us=0
frust_shell_common::perf: frust-perf raw n=3318 total_us=3305 rebuild_us=198 layout_us=0 paint_us=85 encode_us=15 acquire_us=101 submit_us=2904 skipped=0 gpu_q=1 gpu_total_us=713 gpu_prepass_us=0 gpu_main_us=713 gpu_composite_us=0 gpu_blit_us=0
frust_shell_common::perf: frust-perf raw n=3319 total_us=3405 rebuild_us=197 layout_us=0 paint_us=90 encode_us=13 acquire_us=108 submit_us=2995 skipped=0 gpu_q=1 gpu_total_us=727 gpu_prepass_us=0 gpu_main_us=727 gpu_composite_us=0 gpu_blit_us=0
frust_shell_common::perf: frust-perf raw n=3320 total_us=3384 rebuild_us=193 layout_us=0 paint_us=93 encode_us=14 acquire_us=110 submit_us=2971 skipped=0 gpu_q=1 gpu_total_us=708 gpu_prepass_us=0 gpu_main_us=708 gpu_composite_us=0 gpu_blit_us=0
frust_shell_common::perf: frust-perf raw n=3321 total_us=3364 rebuild_us=186 layout_us=0 paint_us=86 encode_us=13 acquire_us=106 submit_us=2970 skipped=0 gpu_q=1 gpu_total_us=713 gpu_prepass_us=0 gpu_main_us=713 gpu_composite_us=0 gpu_blit_us=0
frust_shell_common::perf: frust-perf raw n=3322 total_us=3268 rebuild_us=178 layout_us=0 paint_us=83 encode_us=13 acquire_us=93 submit_us=2899 skipped=0 gpu_q=1 gpu_total_us=699 gpu_prepass_us=0 gpu_main_us=699 gpu_composite_us=0 gpu_blit_us=0
frust_shell_common::perf: frust-perf raw n=3323 total_us=3341 rebuild_us=189 layout_us=0 paint_us=84 encode_us=15 acquire_us=106 submit_us=2944 skipped=0 gpu_q=1 gpu_total_us=700 gpu_prepass_us=0 gpu_main_us=700 gpu_composite_us=0 gpu_blit_us=0
frust_shell_common::perf: frust-perf raw n=3324 total_us=3322 rebuild_us=178 layout_us=0 paint_us=85 encode_us=20 acquire_us=105 submit_us=2932 skipped=0 gpu_q=1 gpu_total_us=688 gpu_prepass_us=0 gpu_main_us=688 gpu_composite_us=0 gpu_blit_us=0
frust_shell_common::perf: frust-perf raw n=3325 total_us=3483 rebuild_us=191 layout_us=0 paint_us=88 encode_us=13 acquire_us=107 submit_us=3081 skipped=0 gpu_q=1 gpu_total_us=681 gpu_prepass_us=0 gpu_main_us=681 gpu_composite_us=0 gpu_blit_us=0
frust_shell_common::perf: frust-perf raw n=3326 total_us=3305 rebuild_us=179 layout_us=0 paint_us=84 encode_us=14 acquire_us=107 submit_us=2918 skipped=0 gpu_q=1 gpu_total_us=708 gpu_prepass_us=0 gpu_main_us=708 gpu_composite_us=0 gpu_blit_us=0
frust_shell_common::perf: frust-perf raw n=3327 total_us=3350 rebuild_us=198 layout_us=0 paint_us=90 encode_us=18 acquire_us=158 submit_us=2883 skipped=0 gpu_q=1 gpu_total_us=678 gpu_prepass_us=0 gpu_main_us=678 gpu_composite_us=0 gpu_blit_us=0
frust_shell_common::perf: frust-perf raw n=3328 total_us=3265 rebuild_us=178 layout_us=0 paint_us=156 encode_us=13 acquire_us=105 submit_us=2810 skipped=0 gpu_q=1 gpu_total_us=697 gpu_prepass_us=0 gpu_main_us=697 gpu_composite_us=0 gpu_blit_us=0
frust_shell_common::perf: frust-perf raw n=3329 total_us=3257 rebuild_us=190 layout_us=0 paint_us=89 encode_us=16 acquire_us=109 submit_us=2849 skipped=0 gpu_q=1 gpu_total_us=709 gpu_prepass_us=0 gpu_main_us=709 gpu_composite_us=0 gpu_blit_us=0
frust_shell_common::perf: frust-perf raw n=3330 total_us=3285 rebuild_us=188 layout_us=0 paint_us=85 encode_us=15 acquire_us=101 submit_us=2894 skipped=0 gpu_q=1 gpu_total_us=719 gpu_prepass_us=0 gpu_main_us=719 gpu_composite_us=0 gpu_blit_us=0
frust_shell_common::perf: frust-perf raw n=3331 total_us=3617 rebuild_us=196 layout_us=0 paint_us=90 encode_us=21 acquire_us=124 submit_us=3183 skipped=0 gpu_q=1 gpu_total_us=715 gpu_prepass_us=0 gpu_main_us=715 gpu_composite_us=0 gpu_blit_us=0
frust_shell_common::perf: frust-perf raw n=3332 total_us=3334 rebuild_us=186 layout_us=0 paint_us=83 encode_us=15 acquire_us=105 submit_us=2942 skipped=0 gpu_q=1 gpu_total_us=737 gpu_prepass_us=0 gpu_main_us=737 gpu_composite_us=0 gpu_blit_us=0
frust_shell_common::perf: frust-perf raw n=3333 total_us=3620 rebuild_us=197 layout_us=0 paint_us=94 encode_us=21 acquire_us=116 submit_us=3189 skipped=0 gpu_q=1 gpu_total_us=699 gpu_prepass_us=0 gpu_main_us=699 gpu_composite_us=0 gpu_blit_us=0
frust_shell_common::perf: frust-perf raw n=3334 total_us=3391 rebuild_us=193 layout_us=0 paint_us=84 encode_us=14 acquire_us=100 submit_us=2998 skipped=0 gpu_q=1 gpu_total_us=727 gpu_prepass_us=0 gpu_main_us=727 gpu_composite_us=0 gpu_blit_us=0
frust_shell_common::perf: frust-perf raw n=3335 total_us=3424 rebuild_us=191 layout_us=0 paint_us=93 encode_us=14 acquire_us=106 submit_us=3017 skipped=0 gpu_q=1 gpu_total_us=735 gpu_prepass_us=0 gpu_main_us=735 gpu_composite_us=0 gpu_blit_us=0
frust_shell_common::perf: frust-perf raw n=3336 total_us=3431 rebuild_us=194 layout_us=0 paint_us=86 encode_us=15 acquire_us=107 submit_us=3026 skipped=0 gpu_q=1 gpu_total_us=739 gpu_prepass_us=0 gpu_main_us=739 gpu_composite_us=0 gpu_blit_us=0
frust_shell_common::perf: frust-perf raw n=3337 total_us=3471 rebuild_us=187 layout_us=0 paint_us=90 encode_us=16 acquire_us=109 submit_us=3066 skipped=0 gpu_q=1 gpu_total_us=690 gpu_prepass_us=0 gpu_main_us=690 gpu_composite_us=0 gpu_blit_us=0
frust_shell_common::perf: frust-perf raw n=3338 total_us=3361 rebuild_us=178 layout_us=0 paint_us=80 encode_us=13 acquire_us=99 submit_us=2988 skipped=0 gpu_q=1 gpu_total_us=738 gpu_prepass_us=0 gpu_main_us=738 gpu_composite_us=0 gpu_blit_us=0
frust_shell_common::perf: frust-perf raw n=3339 total_us=3373 rebuild_us=194 layout_us=0 paint_us=95 encode_us=14 acquire_us=106 submit_us=2961 skipped=0 gpu_q=1 gpu_total_us=709 gpu_prepass_us=0 gpu_main_us=709 gpu_composite_us=0 gpu_blit_us=0
frust_shell_common::perf: frust-perf raw n=3340 total_us=3417 rebuild_us=194 layout_us=0 paint_us=97 encode_us=14 acquire_us=109 submit_us=3000 skipped=0 gpu_q=1 gpu_total_us=702 gpu_prepass_us=0 gpu_main_us=702 gpu_composite_us=0 gpu_blit_us=0
frust_shell_common::perf: frust-perf raw n=3341 total_us=3381 rebuild_us=187 layout_us=0 paint_us=94 encode_us=14 acquire_us=105 submit_us=2978 skipped=0 gpu_q=1 gpu_total_us=744 gpu_prepass_us=0 gpu_main_us=744 gpu_composite_us=0 gpu_blit_us=0
frust_shell_common::perf: frust-perf raw n=3342 total_us=3382 rebuild_us=154 layout_us=0 paint_us=71 encode_us=18 acquire_us=98 submit_us=3038 skipped=0 gpu_q=1 gpu_total_us=720 gpu_prepass_us=0 gpu_main_us=720 gpu_composite_us=0 gpu_blit_us=0
frust_shell_common::perf: frust-perf raw n=3343 total_us=3326 rebuild_us=184 layout_us=0 paint_us=89 encode_us=18 acquire_us=111 submit_us=2922 skipped=0 gpu_q=1 gpu_total_us=728 gpu_prepass_us=0 gpu_main_us=728 gpu_composite_us=0 gpu_blit_us=0
frust_shell_common::perf: frust-perf raw n=3344 total_us=4967 rebuild_us=187 layout_us=0 paint_us=88 encode_us=26 acquire_us=141 submit_us=4522 skipped=0 gpu_q=1 gpu_total_us=716 gpu_prepass_us=0 gpu_main_us=716 gpu_composite_us=0 gpu_blit_us=0
frust_shell_common::perf: frust-perf raw n=3345 total_us=3327 rebuild_us=122 layout_us=0 paint_us=61 encode_us=21 acquire_us=252 submit_us=2869 skipped=0 gpu_q=1 gpu_total_us=728 gpu_prepass_us=0 gpu_main_us=728 gpu_composite_us=0 gpu_blit_us=0
frust_shell_common::perf: frust-perf raw n=3346 total_us=3686 rebuild_us=345 layout_us=0 paint_us=136 encode_us=16 acquire_us=112 submit_us=3076 skipped=0 gpu_q=1 gpu_total_us=721 gpu_prepass_us=0 gpu_main_us=721 gpu_composite_us=0 gpu_blit_us=0
frust_shell_common::perf: frust-perf raw n=3347 total_us=3384 rebuild_us=188 layout_us=0 paint_us=92 encode_us=18 acquire_us=123 submit_us=2959 skipped=0 gpu_q=1 gpu_total_us=738 gpu_prepass_us=0 gpu_main_us=738 gpu_composite_us=0 gpu_blit_us=0
frust_shell_common::perf: frust-perf raw n=3348 total_us=3369 rebuild_us=180 layout_us=0 paint_us=87 encode_us=15 acquire_us=111 submit_us=2974 skipped=0 gpu_q=1 gpu_total_us=691 gpu_prepass_us=0 gpu_main_us=691 gpu_composite_us=0 gpu_blit_us=0
frust_shell_common::perf: frust-perf raw n=3349 total_us=3447 rebuild_us=197 layout_us=0 paint_us=92 encode_us=14 acquire_us=103 submit_us=3037 skipped=0 gpu_q=1 gpu_total_us=721 gpu_prepass_us=0 gpu_main_us=721 gpu_composite_us=0 gpu_blit_us=0
frust_shell_android::app::frame: frust-perf platform-view tail depth=0 target=0 acquire_bound=false frame=3360 expected_present_us=0 acquire_us=122 period_us=8237
frust_shell_common::perf: frust-perf raw n=3350 total_us=3404 rebuild_us=182 layout_us=0 paint_us=85 encode_us=16 acquire_us=109 submit_us=3009 skipped=0 gpu_q=1 gpu_total_us=714 gpu_prepass_us=0 gpu_main_us=714 gpu_composite_us=0 gpu_blit_us=0
frust_shell_common::perf: frust-perf raw n=3351 total_us=3329 rebuild_us=190 layout_us=0 paint_us=89 encode_us=14 acquire_us=100 submit_us=2933 skipped=0 gpu_q=1 gpu_total_us=722 gpu_prepass_us=0 gpu_main_us=722 gpu_composite_us=0 gpu_blit_us=0
frust_shell_common::perf: frust-perf raw n=3352 total_us=3381 rebuild_us=188 layout_us=0 paint_us=85 encode_us=14 acquire_us=109 submit_us=2982 skipped=0 gpu_q=1 gpu_total_us=735 gpu_prepass_us=0 gpu_main_us=735 gpu_composite_us=0 gpu_blit_us=0
frust_shell_common::perf: frust-perf raw n=3353 total_us=3367 rebuild_us=198 layout_us=0 paint_us=88 encode_us=15 acquire_us=113 submit_us=2951 skipped=0 gpu_q=1 gpu_total_us=740 gpu_prepass_us=0 gpu_main_us=740 gpu_composite_us=0 gpu_blit_us=0
frust_shell_common::perf: frust-perf raw n=3354 total_us=3382 rebuild_us=191 layout_us=0 paint_us=85 encode_us=13 acquire_us=109 submit_us=2982 skipped=0 gpu_q=1 gpu_total_us=733 gpu_prepass_us=0 gpu_main_us=733 gpu_composite_us=0 gpu_blit_us=0
frust_shell_common::perf: frust-perf raw n=3355 total_us=3482 rebuild_us=189 layout_us=0 paint_us=88 encode_us=15 acquire_us=108 submit_us=3079 skipped=0 gpu_q=1 gpu_total_us=721 gpu_prepass_us=0 gpu_main_us=721 gpu_composite_us=0 gpu_blit_us=0
frust_shell_common::perf: frust-perf raw n=3356 total_us=3373 rebuild_us=188 layout_us=0 paint_us=88 encode_us=14 acquire_us=107 submit_us=2973 skipped=0 gpu_q=1 gpu_total_us=716 gpu_prepass_us=0 gpu_main_us=716 gpu_composite_us=0 gpu_blit_us=0
frust_shell_common::perf: frust-perf raw n=3357 total_us=3387 rebuild_us=194 layout_us=0 paint_us=91 encode_us=16 acquire_us=106 submit_us=2978 skipped=0 gpu_q=1 gpu_total_us=675 gpu_prepass_us=0 gpu_main_us=675 gpu_composite_us=0 gpu_blit_us=0
frust_shell_common::perf: frust-perf raw n=3358 total_us=3384 rebuild_us=200 layout_us=0 paint_us=95 encode_us=14 acquire_us=108 submit_us=2964 skipped=0 gpu_q=1 gpu_total_us=685 gpu_prepass_us=0 gpu_main_us=685 gpu_composite_us=0 gpu_blit_us=0
frust_shell_common::perf: frust-perf raw n=3359 total_us=3486 rebuild_us=202 layout_us=0 paint_us=98 encode_us=17 acquire_us=117 submit_us=3051 skipped=0 gpu_q=1 gpu_total_us=726 gpu_prepass_us=0 gpu_main_us=726 gpu_composite_us=0 gpu_blit_us=0
frust_engine::renderer: frust-perf enc n=3360 w=60 validate_us=3.5 prepare_us=3.4 classify_us=12.1 admit_us=0.4 walk_us=502.7 glyphs_us=215.3 finish_us=2.3 compile_us=525.2 schedule_us=3.6 paints_us=13.3 instances_us=30.4 resize_us=3.0 upload_us=204.8 replay_us=0.3 pipelines_us=16.8 record_us=30.2 total_us=829.1 total_p95_us=1099.3 draws=46 strips=1073 alphas=28576 glyph_draws=36 atlas_glyphs=36
frust_shell_common::perf: frust-perf raw n=3360 total_us=3508 rebuild_us=194 layout_us=0 paint_us=88 encode_us=15 acquire_us=97 submit_us=3112 skipped=0 gpu_q=1 gpu_total_us=684 gpu_prepass_us=0 gpu_main_us=684 gpu_composite_us=0 gpu_blit_us=0
frust_shell_common::perf: frust-perf raw n=3361 total_us=3187 rebuild_us=181 layout_us=0 paint_us=85 encode_us=14 acquire_us=134 submit_us=2771 skipped=0 gpu_q=1 gpu_total_us=701 gpu_prepass_us=0 gpu_main_us=701 gpu_composite_us=0 gpu_blit_us=0
frust_shell_common::perf: frust-perf raw n=3362 total_us=3302 rebuild_us=255 layout_us=0 paint_us=92 encode_us=18 acquire_us=115 submit_us=2819 skipped=0 gpu_q=1 gpu_total_us=704 gpu_prepass_us=0 gpu_main_us=704 gpu_composite_us=0 gpu_blit_us=0
frust_shell_common::perf: frust-perf raw n=3363 total_us=3268 rebuild_us=187 layout_us=0 paint_us=90 encode_us=16 acquire_us=106 submit_us=2867 skipped=0 gpu_q=1 gpu_total_us=673 gpu_prepass_us=0 gpu_main_us=673 gpu_composite_us=0 gpu_blit_us=0
frust_shell_common::perf: frust-perf raw n=3364 total_us=3254 rebuild_us=180 layout_us=0 paint_us=87 encode_us=13 acquire_us=101 submit_us=2870 skipped=0 gpu_q=1 gpu_total_us=732 gpu_prepass_us=0 gpu_main_us=732 gpu_composite_us=0 gpu_blit_us=0
frust_shell_common::perf: frust-perf raw n=3365 total_us=3253 rebuild_us=177 layout_us=0 paint_us=83 encode_us=18 acquire_us=108 submit_us=2863 skipped=0 gpu_q=1 gpu_total_us=688 gpu_prepass_us=0 gpu_main_us=688 gpu_composite_us=0 gpu_blit_us=0
frust_shell_common::perf: frust-perf raw n=3366 total_us=3453 rebuild_us=201 layout_us=0 paint_us=85 encode_us=16 acquire_us=111 submit_us=3037 skipped=0 gpu_q=1 gpu_total_us=720 gpu_prepass_us=0 gpu_main_us=720 gpu_composite_us=0 gpu_blit_us=0
frust_shell_common::perf: frust-perf raw n=3367 total_us=3490 rebuild_us=188 layout_us=0 paint_us=88 encode_us=14 acquire_us=104 submit_us=3094 skipped=0 gpu_q=1 gpu_total_us=688 gpu_prepass_us=0 gpu_main_us=688 gpu_composite_us=0 gpu_blit_us=0
frust_shell_common::perf: frust-perf raw n=3368 total_us=3485 rebuild_us=193 layout_us=0 paint_us=90 encode_us=15 acquire_us=106 submit_us=3078 skipped=0 gpu_q=1 gpu_total_us=705 gpu_prepass_us=0 gpu_main_us=705 gpu_composite_us=0 gpu_blit_us=0
frust_shell_common::perf: frust-perf raw n=3369 total_us=3298 rebuild_us=197 layout_us=0 paint_us=87 encode_us=14 acquire_us=107 submit_us=2891 skipped=0 gpu_q=1 gpu_total_us=703 gpu_prepass_us=0 gpu_main_us=703 gpu_composite_us=0 gpu_blit_us=0
frust_shell_common::perf: frust-perf raw n=3370 total_us=3469 rebuild_us=200 layout_us=0 paint_us=89 encode_us=14 acquire_us=105 submit_us=3059 skipped=0 gpu_q=1 gpu_total_us=695 gpu_prepass_us=0 gpu_main_us=695 gpu_composite_us=0 gpu_blit_us=0
frust_shell_common::perf: frust-perf raw n=3371 total_us=3237 rebuild_us=184 layout_us=0 paint_us=84 encode_us=14 acquire_us=97 submit_us=2857 skipped=0 gpu_q=1 gpu_total_us=715 gpu_prepass_us=0 gpu_main_us=715 gpu_composite_us=0 gpu_blit_us=0
frust_shell_common::perf: frust-perf raw n=3372 total_us=3375 rebuild_us=189 layout_us=0 paint_us=85 encode_us=16 acquire_us=108 submit_us=2974 skipped=0 gpu_q=1 gpu_total_us=717 gpu_prepass_us=0 gpu_main_us=717 gpu_composite_us=0 gpu_blit_us=0
frust_shell_common::perf: frust-perf raw n=3373 total_us=5171 rebuild_us=182 layout_us=0 paint_us=81 encode_us=38 acquire_us=162 submit_us=4706 skipped=0 gpu_q=1 gpu_total_us=682 gpu_prepass_us=0 gpu_main_us=682 gpu_composite_us=0 gpu_blit_us=0
frust_shell_common::perf: frust-perf raw n=3374 total_us=3335 rebuild_us=122 layout_us=0 paint_us=56 encode_us=18 acquire_us=158 submit_us=2978 skipped=0 gpu_q=1 gpu_total_us=729 gpu_prepass_us=0 gpu_main_us=729 gpu_composite_us=0 gpu_blit_us=0
frust_shell_common::perf: frust-perf raw n=3375 total_us=3227 rebuild_us=160 layout_us=0 paint_us=75 encode_us=16 acquire_us=100 submit_us=2874 skipped=0 gpu_q=1 gpu_total_us=687 gpu_prepass_us=0 gpu_main_us=687 gpu_composite_us=0 gpu_blit_us=0
frust_shell_common::perf: frust-perf raw n=3376 total_us=5320 rebuild_us=183 layout_us=0 paint_us=85 encode_us=37 acquire_us=168 submit_us=4844 skipped=0 gpu_q=1 gpu_total_us=701 gpu_prepass_us=0 gpu_main_us=701 gpu_composite_us=0 gpu_blit_us=0
frust_shell_common::perf: frust-perf raw n=3377 total_us=4546 rebuild_us=125 layout_us=0 paint_us=62 encode_us=28 acquire_us=123 submit_us=4205 skipped=0 gpu_q=1 gpu_total_us=668 gpu_prepass_us=0 gpu_main_us=668 gpu_composite_us=0 gpu_blit_us=0
frust_shell_common::perf: frust-perf raw n=3378 total_us=5433 rebuild_us=106 layout_us=0 paint_us=50 encode_us=23 acquire_us=104 submit_us=5147 skipped=0 gpu_q=1 gpu_total_us=707 gpu_prepass_us=0 gpu_main_us=707 gpu_composite_us=0 gpu_blit_us=0
frust_shell_common::perf: frust-perf raw n=3379 total_us=4406 rebuild_us=109 layout_us=0 paint_us=48 encode_us=25 acquire_us=154 submit_us=4068 skipped=0 gpu_q=1 gpu_total_us=710 gpu_prepass_us=0 gpu_main_us=710 gpu_composite_us=0 gpu_blit_us=0
frust_shell_common::perf: frust-perf raw n=3380 total_us=5643 rebuild_us=106 layout_us=0 paint_us=51 encode_us=24 acquire_us=212 submit_us=5248 skipped=0 gpu_q=1 gpu_total_us=668 gpu_prepass_us=0 gpu_main_us=668 gpu_composite_us=0 gpu_blit_us=0
frust_shell_common::perf: frust-perf raw n=3381 total_us=3173 rebuild_us=109 layout_us=0 paint_us=56 encode_us=20 acquire_us=156 submit_us=2830 skipped=0 gpu_q=1 gpu_total_us=665 gpu_prepass_us=0 gpu_main_us=665 gpu_composite_us=0 gpu_blit_us=0
frust_shell_common::perf: frust-perf raw n=3382 total_us=3468 rebuild_us=189 layout_us=0 paint_us=87 encode_us=16 acquire_us=110 submit_us=3063 skipped=0 gpu_q=1 gpu_total_us=670 gpu_prepass_us=0 gpu_main_us=670 gpu_composite_us=0 gpu_blit_us=0
frust_shell_common::perf: frust-perf raw n=3383 total_us=3428 rebuild_us=191 layout_us=0 paint_us=84 encode_us=15 acquire_us=111 submit_us=3025 skipped=0 gpu_q=1 gpu_total_us=666 gpu_prepass_us=0 gpu_main_us=666 gpu_composite_us=0 gpu_blit_us=0
frust_shell_common::perf: frust-perf raw n=3384 total_us=3383 rebuild_us=192 layout_us=0 paint_us=86 encode_us=13 acquire_us=108 submit_us=2982 skipped=0 gpu_q=1 gpu_total_us=666 gpu_prepass_us=0 gpu_main_us=666 gpu_composite_us=0 gpu_blit_us=0
frust_shell_common::perf: frust-perf raw n=3385 total_us=3511 rebuild_us=194 layout_us=0 paint_us=90 encode_us=15 acquire_us=109 submit_us=3101 skipped=0 gpu_q=1 gpu_total_us=686 gpu_prepass_us=0 gpu_main_us=686 gpu_composite_us=0 gpu_blit_us=0
frust_shell_common::perf: frust-perf raw n=3386 total_us=3263 rebuild_us=188 layout_us=0 paint_us=88 encode_us=13 acquire_us=100 submit_us=2872 skipped=0 gpu_q=1 gpu_total_us=730 gpu_prepass_us=0 gpu_main_us=730 gpu_composite_us=0 gpu_blit_us=0
frust_shell_common::perf: frust-perf raw n=3387 total_us=3373 rebuild_us=185 layout_us=0 paint_us=92 encode_us=13 acquire_us=107 submit_us=2973 skipped=0 gpu_q=1 gpu_total_us=714 gpu_prepass_us=0 gpu_main_us=714 gpu_composite_us=0 gpu_blit_us=0
frust_shell_common::perf: frust-perf raw n=3388 total_us=3332 rebuild_us=172 layout_us=0 paint_us=80 encode_us=14 acquire_us=107 submit_us=2956 skipped=0 gpu_q=1 gpu_total_us=692 gpu_prepass_us=0 gpu_main_us=692 gpu_composite_us=0 gpu_blit_us=0
frust_shell_common::perf: frust-perf raw n=3389 total_us=3199 rebuild_us=160 layout_us=0 paint_us=75 encode_us=14 acquire_us=100 submit_us=2848 skipped=0 gpu_q=1 gpu_total_us=675 gpu_prepass_us=0 gpu_main_us=675 gpu_composite_us=0 gpu_blit_us=0
frust_shell_common::perf: frust-perf raw n=3390 total_us=3450 rebuild_us=191 layout_us=0 paint_us=90 encode_us=14 acquire_us=108 submit_us=3044 skipped=0 gpu_q=1 gpu_total_us=695 gpu_prepass_us=0 gpu_main_us=695 gpu_composite_us=0 gpu_blit_us=0
frust_shell_common::perf: frust-perf raw n=3391 total_us=3374 rebuild_us=190 layout_us=0 paint_us=90 encode_us=15 acquire_us=104 submit_us=2973 skipped=0 gpu_q=1 gpu_total_us=681 gpu_prepass_us=0 gpu_main_us=681 gpu_composite_us=0 gpu_blit_us=0
frust_shell_common::perf: frust-perf raw n=3392 total_us=3414 rebuild_us=199 layout_us=0 paint_us=88 encode_us=12 acquire_us=109 submit_us=3003 skipped=0 gpu_q=1 gpu_total_us=681 gpu_prepass_us=0 gpu_main_us=681 gpu_composite_us=0 gpu_blit_us=0
frust_shell_common::perf: frust-perf raw n=3393 total_us=3347 rebuild_us=187 layout_us=0 paint_us=98 encode_us=13 acquire_us=106 submit_us=2940 skipped=0 gpu_q=1 gpu_total_us=724 gpu_prepass_us=0 gpu_main_us=724 gpu_composite_us=0 gpu_blit_us=0
frust_shell_common::perf: frust-perf raw n=3394 total_us=3364 rebuild_us=186 layout_us=0 paint_us=87 encode_us=15 acquire_us=101 submit_us=2971 skipped=0 gpu_q=1 gpu_total_us=721 gpu_prepass_us=0 gpu_main_us=721 gpu_composite_us=0 gpu_blit_us=0
frust_shell_common::perf: frust-perf raw n=3395 total_us=3251 rebuild_us=190 layout_us=0 paint_us=94 encode_us=16 acquire_us=109 submit_us=2841 skipped=0 gpu_q=1 gpu_total_us=680 gpu_prepass_us=0 gpu_main_us=680 gpu_composite_us=0 gpu_blit_us=0
frust_shell_common::perf: frust-perf raw n=3396 total_us=3302 rebuild_us=247 layout_us=0 paint_us=91 encode_us=14 acquire_us=110 submit_us=2837 skipped=0 gpu_q=1 gpu_total_us=699 gpu_prepass_us=0 gpu_main_us=699 gpu_composite_us=0 gpu_blit_us=0
frust_shell_common::perf: frust-perf raw n=3397 total_us=3292 rebuild_us=193 layout_us=0 paint_us=84 encode_us=13 acquire_us=103 submit_us=2896 skipped=0 gpu_q=1 gpu_total_us=694 gpu_prepass_us=0 gpu_main_us=694 gpu_composite_us=0 gpu_blit_us=0
frust_shell_common::perf: frust-perf raw n=3398 total_us=3284 rebuild_us=190 layout_us=0 paint_us=90 encode_us=15 acquire_us=101 submit_us=2885 skipped=0 gpu_q=1 gpu_total_us=695 gpu_prepass_us=0 gpu_main_us=695 gpu_composite_us=0 gpu_blit_us=0
frust_shell_common::perf: frust-perf raw n=3399 total_us=3140 rebuild_us=184 layout_us=0 paint_us=85 encode_us=12 acquire_us=104 submit_us=2752 skipped=0 gpu_q=1 gpu_total_us=694 gpu_prepass_us=0 gpu_main_us=694 gpu_composite_us=0 gpu_blit_us=0
frust_shell_common::perf: frust-perf raw n=3400 total_us=3510 rebuild_us=185 layout_us=0 paint_us=88 encode_us=14 acquire_us=109 submit_us=3111 skipped=0 gpu_q=1 gpu_total_us=698 gpu_prepass_us=0 gpu_main_us=698 gpu_composite_us=0 gpu_blit_us=0
frust_shell_common::perf: frust-perf raw n=3401 total_us=5995 rebuild_us=201 layout_us=0 paint_us=101 encode_us=40 acquire_us=188 submit_us=5462 skipped=0 gpu_q=1 gpu_total_us=745 gpu_prepass_us=0 gpu_main_us=745 gpu_composite_us=0 gpu_blit_us=0
frust_shell_common::perf: frust-perf raw n=3402 total_us=3486 rebuild_us=140 layout_us=0 paint_us=66 encode_us=22 acquire_us=151 submit_us=3104 skipped=0 gpu_q=1 gpu_total_us=741 gpu_prepass_us=0 gpu_main_us=741 gpu_composite_us=0 gpu_blit_us=0
frust_shell_common::perf: frust-perf raw n=3403 total_us=3321 rebuild_us=179 layout_us=0 paint_us=84 encode_us=14 acquire_us=97 submit_us=2945 skipped=0 gpu_q=1 gpu_total_us=742 gpu_prepass_us=0 gpu_main_us=742 gpu_composite_us=0 gpu_blit_us=0
frust_shell_common::perf: frust-perf raw n=3404 total_us=3494 rebuild_us=190 layout_us=0 paint_us=88 encode_us=15 acquire_us=114 submit_us=3085 skipped=0 gpu_q=1 gpu_total_us=752 gpu_prepass_us=0 gpu_main_us=752 gpu_composite_us=0 gpu_blit_us=0
frust_shell_common::perf: frust-perf raw n=3405 total_us=5538 rebuild_us=189 layout_us=0 paint_us=89 encode_us=37 acquire_us=168 submit_us=5053 skipped=0 gpu_q=1 gpu_total_us=709 gpu_prepass_us=0 gpu_main_us=709 gpu_composite_us=0 gpu_blit_us=0
frust_shell_common::perf: frust-perf raw n=3406 total_us=4902 rebuild_us=141 layout_us=0 paint_us=69 encode_us=32 acquire_us=145 submit_us=4512 skipped=0 gpu_q=1 gpu_total_us=743 gpu_prepass_us=0 gpu_main_us=743 gpu_composite_us=0 gpu_blit_us=0
frust_shell_common::perf: frust-perf raw n=3407 total_us=4001 rebuild_us=92 layout_us=0 paint_us=44 encode_us=22 acquire_us=99 submit_us=3741 skipped=0 gpu_q=1 gpu_total_us=741 gpu_prepass_us=0 gpu_main_us=741 gpu_composite_us=0 gpu_blit_us=0
frust_shell_common::perf: frust-perf raw n=3408 total_us=4715 rebuild_us=103 layout_us=0 paint_us=48 encode_us=24 acquire_us=116 submit_us=4422 skipped=0 gpu_q=1 gpu_total_us=755 gpu_prepass_us=0 gpu_main_us=755 gpu_composite_us=0 gpu_blit_us=0
frust_shell_common::perf: frust-perf raw n=3409 total_us=5426 rebuild_us=117 layout_us=0 paint_us=51 encode_us=28 acquire_us=131 submit_us=5097 skipped=0 gpu_q=1 gpu_total_us=704 gpu_prepass_us=0 gpu_main_us=704 gpu_composite_us=0 gpu_blit_us=0
frust_shell_common::perf: frust-perf raw n=3410 total_us=4443 rebuild_us=115 layout_us=0 paint_us=52 encode_us=28 acquire_us=129 submit_us=4116 skipped=0 gpu_q=1 gpu_total_us=713 gpu_prepass_us=0 gpu_main_us=713 gpu_composite_us=0 gpu_blit_us=0
frust_shell_common::perf: frust-perf raw n=3411 total_us=4616 rebuild_us=122 layout_us=0 paint_us=60 encode_us=31 acquire_us=123 submit_us=4277 skipped=0 gpu_q=1 gpu_total_us=745 gpu_prepass_us=0 gpu_main_us=745 gpu_composite_us=0 gpu_blit_us=0
frust_shell_common::perf: frust-perf raw n=3412 total_us=3435 rebuild_us=111 layout_us=0 paint_us=53 encode_us=20 acquire_us=152 submit_us=3097 skipped=0 gpu_q=1 gpu_total_us=710 gpu_prepass_us=0 gpu_main_us=710 gpu_composite_us=0 gpu_blit_us=0
frust_shell_common::perf: frust-perf raw n=3413 total_us=3227 rebuild_us=129 layout_us=0 paint_us=59 encode_us=13 acquire_us=91 submit_us=2933 skipped=0 gpu_q=1 gpu_total_us=706 gpu_prepass_us=0 gpu_main_us=706 gpu_composite_us=0 gpu_blit_us=0
frust_shell_common::perf: frust-perf raw n=3414 total_us=6169 rebuild_us=326 layout_us=0 paint_us=80 encode_us=34 acquire_us=162 submit_us=5565 skipped=0 gpu_q=1 gpu_total_us=704 gpu_prepass_us=0 gpu_main_us=704 gpu_composite_us=0 gpu_blit_us=0
frust_shell_common::perf: frust-perf raw n=3415 total_us=5231 rebuild_us=126 layout_us=0 paint_us=66 encode_us=31 acquire_us=123 submit_us=4883 skipped=0 gpu_q=1 gpu_total_us=720 gpu_prepass_us=0 gpu_main_us=720 gpu_composite_us=0 gpu_blit_us=0
frust_shell_common::perf: frust-perf raw n=3416 total_us=5874 rebuild_us=122 layout_us=0 paint_us=58 encode_us=28 acquire_us=139 submit_us=5524 skipped=0 gpu_q=1 gpu_total_us=760 gpu_prepass_us=0 gpu_main_us=760 gpu_composite_us=0 gpu_blit_us=0
frust_shell_common::perf: frust-perf raw n=3417 total_us=5372 rebuild_us=169 layout_us=0 paint_us=86 encode_us=34 acquire_us=144 submit_us=4936 skipped=0 gpu_q=1 gpu_total_us=741 gpu_prepass_us=0 gpu_main_us=741 gpu_composite_us=0 gpu_blit_us=0
frust_shell_common::perf: frust-perf raw n=3418 total_us=5276 rebuild_us=170 layout_us=0 paint_us=77 encode_us=36 acquire_us=129 submit_us=4861 skipped=0 gpu_q=1 gpu_total_us=711 gpu_prepass_us=0 gpu_main_us=711 gpu_composite_us=0 gpu_blit_us=0
frust_shell_common::perf: frust-perf raw n=3419 total_us=2724 rebuild_us=99 layout_us=0 paint_us=50 encode_us=12 acquire_us=130 submit_us=2431 skipped=0 gpu_q=1 gpu_total_us=716 gpu_prepass_us=0 gpu_main_us=716 gpu_composite_us=0 gpu_blit_us=0
frust_engine::renderer: frust-perf enc n=3420 w=60 validate_us=3.4 prepare_us=3.2 classify_us=12.5 admit_us=0.4 walk_us=503.5 glyphs_us=216.0 finish_us=2.5 compile_us=527.5 schedule_us=3.7 paints_us=13.7 instances_us=30.5 resize_us=2.8 upload_us=209.1 replay_us=0.3 pipelines_us=17.4 record_us=30.6 total_us=833.6 total_p95_us=1578.4 draws=46 strips=1073 alphas=28576 glyph_draws=36 atlas_glyphs=36
frust_shell_common::perf: frust-perf raw n=3420 total_us=3632 rebuild_us=175 layout_us=0 paint_us=83 encode_us=14 acquire_us=107 submit_us=3249 skipped=0 gpu_q=1 gpu_total_us=721 gpu_prepass_us=0 gpu_main_us=721 gpu_composite_us=0 gpu_blit_us=0
frust_shell_common::perf: frust-perf raw n=3421 total_us=3403 rebuild_us=177 layout_us=0 paint_us=84 encode_us=13 acquire_us=101 submit_us=3025 skipped=0 gpu_q=1 gpu_total_us=706 gpu_prepass_us=0 gpu_main_us=706 gpu_composite_us=0 gpu_blit_us=0
frust_shell_common::perf: frust-perf raw n=3422 total_us=3396 rebuild_us=189 layout_us=0 paint_us=88 encode_us=14 acquire_us=112 submit_us=2990 skipped=0 gpu_q=1 gpu_total_us=708 gpu_prepass_us=0 gpu_main_us=708 gpu_composite_us=0 gpu_blit_us=0
frust_shell_common::perf: frust-perf raw n=3423 total_us=3361 rebuild_us=196 layout_us=0 paint_us=90 encode_us=13 acquire_us=103 submit_us=2957 skipped=0 gpu_q=1 gpu_total_us=774 gpu_prepass_us=0 gpu_main_us=774 gpu_composite_us=0 gpu_blit_us=0
frust_shell_common::perf: frust-perf raw n=3424 total_us=3234 rebuild_us=177 layout_us=0 paint_us=87 encode_us=15 acquire_us=94 submit_us=2858 skipped=0 gpu_q=1 gpu_total_us=759 gpu_prepass_us=0 gpu_main_us=759 gpu_composite_us=0 gpu_blit_us=0
frust_shell_common::perf: frust-perf raw n=3425 total_us=3424 rebuild_us=186 layout_us=0 paint_us=87 encode_us=13 acquire_us=107 submit_us=3029 skipped=0 gpu_q=1 gpu_total_us=739 gpu_prepass_us=0 gpu_main_us=739 gpu_composite_us=0 gpu_blit_us=0
frust_shell_common::perf: frust-perf raw n=3426 total_us=3364 rebuild_us=184 layout_us=0 paint_us=87 encode_us=15 acquire_us=98 submit_us=2978 skipped=0 gpu_q=1 gpu_total_us=750 gpu_prepass_us=0 gpu_main_us=750 gpu_composite_us=0 gpu_blit_us=0
frust_shell_common::perf: frust-perf raw n=3427 total_us=3388 rebuild_us=196 layout_us=0 paint_us=100 encode_us=14 acquire_us=112 submit_us=2964 skipped=0 gpu_q=1 gpu_total_us=724 gpu_prepass_us=0 gpu_main_us=724 gpu_composite_us=0 gpu_blit_us=0
frust_shell_common::perf: frust-perf raw n=3428 total_us=3407 rebuild_us=187 layout_us=0 paint_us=95 encode_us=16 acquire_us=101 submit_us=3007 skipped=0 gpu_q=1 gpu_total_us=717 gpu_prepass_us=0 gpu_main_us=717 gpu_composite_us=0 gpu_blit_us=0
frust_shell_common::perf: frust-perf raw n=3429 total_us=3304 rebuild_us=185 layout_us=0 paint_us=93 encode_us=14 acquire_us=101 submit_us=2909 skipped=0 gpu_q=1 gpu_total_us=742 gpu_prepass_us=0 gpu_main_us=742 gpu_composite_us=0 gpu_blit_us=0
frust_shell_common::perf: frust-perf raw n=3430 total_us=3379 rebuild_us=255 layout_us=0 paint_us=92 encode_us=14 acquire_us=107 submit_us=2908 skipped=0 gpu_q=1 gpu_total_us=714 gpu_prepass_us=0 gpu_main_us=714 gpu_composite_us=0 gpu_blit_us=0
frust_shell_common::perf: frust-perf raw n=3431 total_us=3512 rebuild_us=196 layout_us=0 paint_us=85 encode_us=14 acquire_us=100 submit_us=3115 skipped=0 gpu_q=1 gpu_total_us=772 gpu_prepass_us=0 gpu_main_us=772 gpu_composite_us=0 gpu_blit_us=0
frust_shell_common::perf: frust-perf raw n=3432 total_us=3277 rebuild_us=186 layout_us=0 paint_us=86 encode_us=15 acquire_us=102 submit_us=2884 skipped=0 gpu_q=1 gpu_total_us=756 gpu_prepass_us=0 gpu_main_us=756 gpu_composite_us=0 gpu_blit_us=0
frust_shell_common::perf: frust-perf raw n=3433 total_us=3442 rebuild_us=187 layout_us=0 paint_us=88 encode_us=20 acquire_us=116 submit_us=3029 skipped=0 gpu_q=1 gpu_total_us=769 gpu_prepass_us=0 gpu_main_us=769 gpu_composite_us=0 gpu_blit_us=0
frust_shell_common::perf: frust-perf raw n=3434 total_us=3496 rebuild_us=189 layout_us=0 paint_us=87 encode_us=18 acquire_us=104 submit_us=3096 skipped=0 gpu_q=1 gpu_total_us=756 gpu_prepass_us=0 gpu_main_us=756 gpu_composite_us=0 gpu_blit_us=0
frust_shell_common::perf: frust-perf raw n=3435 total_us=3506 rebuild_us=197 layout_us=0 paint_us=85 encode_us=15 acquire_us=103 submit_us=3103 skipped=0 gpu_q=1 gpu_total_us=792 gpu_prepass_us=0 gpu_main_us=792 gpu_composite_us=0 gpu_blit_us=0
frust_shell_common::perf: frust-perf raw n=3436 total_us=3423 rebuild_us=196 layout_us=0 paint_us=88 encode_us=13 acquire_us=110 submit_us=3014 skipped=0 gpu_q=1 gpu_total_us=753 gpu_prepass_us=0 gpu_main_us=753 gpu_composite_us=0 gpu_blit_us=0
frust_shell_common::perf: frust-perf raw n=3437 total_us=3457 rebuild_us=196 layout_us=0 paint_us=93 encode_us=16 acquire_us=111 submit_us=3038 skipped=0 gpu_q=1 gpu_total_us=757 gpu_prepass_us=0 gpu_main_us=757 gpu_composite_us=0 gpu_blit_us=0
frust_shell_common::perf: frust-perf raw n=3438 total_us=3455 rebuild_us=198 layout_us=0 paint_us=94 encode_us=13 acquire_us=99 submit_us=3049 skipped=0 gpu_q=1 gpu_total_us=754 gpu_prepass_us=0 gpu_main_us=754 gpu_composite_us=0 gpu_blit_us=0
frust_shell_common::perf: frust-perf raw n=3439 total_us=3400 rebuild_us=195 layout_us=0 paint_us=90 encode_us=14 acquire_us=102 submit_us=2998 skipped=0 gpu_q=1 gpu_total_us=762 gpu_prepass_us=0 gpu_main_us=762 gpu_composite_us=0 gpu_blit_us=0
frust_shell_common::perf: frust-perf raw n=3440 total_us=3444 rebuild_us=198 layout_us=0 paint_us=87 encode_us=13 acquire_us=100 submit_us=3043 skipped=0 gpu_q=1 gpu_total_us=764 gpu_prepass_us=0 gpu_main_us=764 gpu_composite_us=0 gpu_blit_us=0
frust_shell_common::perf: frust-perf raw n=3441 total_us=3473 rebuild_us=189 layout_us=0 paint_us=89 encode_us=15 acquire_us=103 submit_us=3075 skipped=0 gpu_q=1 gpu_total_us=742 gpu_prepass_us=0 gpu_main_us=742 gpu_composite_us=0 gpu_blit_us=0
frust_shell_common::perf: frust-perf raw n=3442 total_us=3518 rebuild_us=192 layout_us=0 paint_us=87 encode_us=15 acquire_us=102 submit_us=3119 skipped=0 gpu_q=1 gpu_total_us=791 gpu_prepass_us=0 gpu_main_us=791 gpu_composite_us=0 gpu_blit_us=0
frust_shell_common::perf: frust-perf raw n=3443 total_us=3433 rebuild_us=189 layout_us=0 paint_us=94 encode_us=14 acquire_us=103 submit_us=3031 skipped=0 gpu_q=1 gpu_total_us=783 gpu_prepass_us=0 gpu_main_us=783 gpu_composite_us=0 gpu_blit_us=0
frust_shell_common::perf: frust-perf raw n=3444 total_us=3506 rebuild_us=197 layout_us=0 paint_us=87 encode_us=13 acquire_us=99 submit_us=3107 skipped=0 gpu_q=1 gpu_total_us=788 gpu_prepass_us=0 gpu_main_us=788 gpu_composite_us=0 gpu_blit_us=0
frust_shell_common::perf: frust-perf raw n=3445 total_us=3383 rebuild_us=189 layout_us=0 paint_us=87 encode_us=14 acquire_us=101 submit_us=2990 skipped=0 gpu_q=1 gpu_total_us=795 gpu_prepass_us=0 gpu_main_us=795 gpu_composite_us=0 gpu_blit_us=0
frust_shell_common::perf: frust-perf raw n=3446 total_us=3279 rebuild_us=191 layout_us=0 paint_us=90 encode_us=17 acquire_us=105 submit_us=2873 skipped=0 gpu_q=1 gpu_total_us=782 gpu_prepass_us=0 gpu_main_us=782 gpu_composite_us=0 gpu_blit_us=0
frust_shell_common::perf: frust-perf raw n=3447 total_us=3310 rebuild_us=279 layout_us=0 paint_us=93 encode_us=16 acquire_us=106 submit_us=2814 skipped=0 gpu_q=1 gpu_total_us=780 gpu_prepass_us=0 gpu_main_us=780 gpu_composite_us=0 gpu_blit_us=0
frust_shell_common::perf: frust-perf raw n=3448 total_us=3303 rebuild_us=261 layout_us=0 paint_us=94 encode_us=14 acquire_us=104 submit_us=2828 skipped=0 gpu_q=1 gpu_total_us=765 gpu_prepass_us=0 gpu_main_us=765 gpu_composite_us=0 gpu_blit_us=0
frust_shell_common::perf: frust-perf raw n=3449 total_us=3277 rebuild_us=194 layout_us=0 paint_us=90 encode_us=15 acquire_us=116 submit_us=2859 skipped=0 gpu_q=1 gpu_total_us=749 gpu_prepass_us=0 gpu_main_us=749 gpu_composite_us=0 gpu_blit_us=0
frust_shell_common::perf: frust-perf raw n=3450 total_us=3471 rebuild_us=178 layout_us=0 paint_us=84 encode_us=23 acquire_us=116 submit_us=3067 skipped=0 gpu_q=1 gpu_total_us=772 gpu_prepass_us=0 gpu_main_us=772 gpu_composite_us=0 gpu_blit_us=0
frust_shell_common::perf: frust-perf raw n=3451 total_us=3326 rebuild_us=182 layout_us=0 paint_us=91 encode_us=14 acquire_us=103 submit_us=2935 skipped=0 gpu_q=1 gpu_total_us=754 gpu_prepass_us=0 gpu_main_us=754 gpu_composite_us=0 gpu_blit_us=0
frust_shell_common::perf: frust-perf raw n=3452 total_us=3253 rebuild_us=177 layout_us=0 paint_us=84 encode_us=12 acquire_us=101 submit_us=2875 skipped=0 gpu_q=1 gpu_total_us=749 gpu_prepass_us=0 gpu_main_us=749 gpu_composite_us=0 gpu_blit_us=0
frust_shell_common::perf: frust-perf raw n=3453 total_us=3372 rebuild_us=192 layout_us=0 paint_us=87 encode_us=14 acquire_us=112 submit_us=2964 skipped=0 gpu_q=1 gpu_total_us=748 gpu_prepass_us=0 gpu_main_us=748 gpu_composite_us=0 gpu_blit_us=0
frust_shell_common::perf: frust-perf raw n=3454 total_us=3315 rebuild_us=182 layout_us=0 paint_us=84 encode_us=16 acquire_us=107 submit_us=2925 skipped=0 gpu_q=1 gpu_total_us=791 gpu_prepass_us=0 gpu_main_us=791 gpu_composite_us=0 gpu_blit_us=0
frust_shell_common::perf: frust-perf raw n=3455 total_us=3616 rebuild_us=195 layout_us=0 paint_us=96 encode_us=15 acquire_us=118 submit_us=3190 skipped=0 gpu_q=1 gpu_total_us=745 gpu_prepass_us=0 gpu_main_us=745 gpu_composite_us=0 gpu_blit_us=0
frust_shell_common::perf: frust-perf raw n=3456 total_us=3176 rebuild_us=171 layout_us=0 paint_us=80 encode_us=14 acquire_us=103 submit_us=2805 skipped=0 gpu_q=1 gpu_total_us=767 gpu_prepass_us=0 gpu_main_us=767 gpu_composite_us=0 gpu_blit_us=0
frust_shell_common::perf: frust-perf raw n=3457 total_us=3383 rebuild_us=195 layout_us=0 paint_us=86 encode_us=15 acquire_us=101 submit_us=2983 skipped=0 gpu_q=1 gpu_total_us=754 gpu_prepass_us=0 gpu_main_us=754 gpu_composite_us=0 gpu_blit_us=0
frust_shell_common::perf: frust-perf raw n=3458 total_us=3361 rebuild_us=185 layout_us=0 paint_us=85 encode_us=12 acquire_us=106 submit_us=2971 skipped=0 gpu_q=1 gpu_total_us=753 gpu_prepass_us=0 gpu_main_us=753 gpu_composite_us=0 gpu_blit_us=0
frust_shell_common::perf: frust-perf raw n=3459 total_us=3329 rebuild_us=186 layout_us=0 paint_us=87 encode_us=15 acquire_us=113 submit_us=2926 skipped=0 gpu_q=1 gpu_total_us=777 gpu_prepass_us=0 gpu_main_us=777 gpu_composite_us=0 gpu_blit_us=0
frust_shell_common::perf: frust-perf raw n=3460 total_us=3430 rebuild_us=182 layout_us=0 paint_us=83 encode_us=13 acquire_us=100 submit_us=3049 skipped=0 gpu_q=1 gpu_total_us=756 gpu_prepass_us=0 gpu_main_us=756 gpu_composite_us=0 gpu_blit_us=0
frust_shell_common::perf: frust-perf raw n=3461 total_us=3366 rebuild_us=199 layout_us=0 paint_us=91 encode_us=14 acquire_us=104 submit_us=2956 skipped=0 gpu_q=1 gpu_total_us=770 gpu_prepass_us=0 gpu_main_us=770 gpu_composite_us=0 gpu_blit_us=0
frust_shell_common::perf: frust-perf raw n=3462 total_us=3314 rebuild_us=199 layout_us=0 paint_us=93 encode_us=13 acquire_us=106 submit_us=2901 skipped=0 gpu_q=1 gpu_total_us=737 gpu_prepass_us=0 gpu_main_us=737 gpu_composite_us=0 gpu_blit_us=0
frust_shell_common::perf: frust-perf raw n=3463 total_us=3400 rebuild_us=198 layout_us=0 paint_us=94 encode_us=16 acquire_us=114 submit_us=2975 skipped=0 gpu_q=1 gpu_total_us=729 gpu_prepass_us=0 gpu_main_us=729 gpu_composite_us=0 gpu_blit_us=0
frust_shell_common::perf: frust-perf raw n=3464 total_us=3317 rebuild_us=184 layout_us=0 paint_us=161 encode_us=14 acquire_us=105 submit_us=2851 skipped=0 gpu_q=1 gpu_total_us=729 gpu_prepass_us=0 gpu_main_us=729 gpu_composite_us=0 gpu_blit_us=0
frust_shell_common::perf: frust-perf raw n=3465 total_us=3314 rebuild_us=192 layout_us=0 paint_us=90 encode_us=15 acquire_us=108 submit_us=2906 skipped=0 gpu_q=1 gpu_total_us=733 gpu_prepass_us=0 gpu_main_us=733 gpu_composite_us=0 gpu_blit_us=0
frust_shell_common::perf: frust-perf raw n=3466 total_us=3222 rebuild_us=191 layout_us=0 paint_us=86 encode_us=15 acquire_us=102 submit_us=2826 skipped=0 gpu_q=1 gpu_total_us=726 gpu_prepass_us=0 gpu_main_us=726 gpu_composite_us=0 gpu_blit_us=0
frust_shell_common::perf: frust-perf raw n=3467 total_us=3454 rebuild_us=188 layout_us=0 paint_us=85 encode_us=18 acquire_us=115 submit_us=3046 skipped=0 gpu_q=1 gpu_total_us=697 gpu_prepass_us=0 gpu_main_us=697 gpu_composite_us=0 gpu_blit_us=0
frust_shell_common::perf: frust-perf raw n=3468 total_us=6359 rebuild_us=184 layout_us=0 paint_us=87 encode_us=38 acquire_us=163 submit_us=5885 skipped=0 gpu_q=1 gpu_total_us=757 gpu_prepass_us=0 gpu_main_us=757 gpu_composite_us=0 gpu_blit_us=0
frust_shell_common::perf: frust-perf raw n=3469 total_us=5652 rebuild_us=148 layout_us=0 paint_us=74 encode_us=32 acquire_us=172 submit_us=5224 skipped=0 gpu_q=1 gpu_total_us=737 gpu_prepass_us=0 gpu_main_us=737 gpu_composite_us=0 gpu_blit_us=0
frust_shell_android::app::frame: frust-perf platform-view tail depth=0 target=0 acquire_bound=false frame=3480 expected_present_us=0 acquire_us=133 period_us=8236
frust_shell_common::perf: frust-perf raw n=3470 total_us=3303 rebuild_us=120 layout_us=0 paint_us=54 encode_us=20 acquire_us=155 submit_us=2952 skipped=0 gpu_q=1 gpu_total_us=724 gpu_prepass_us=0 gpu_main_us=724 gpu_composite_us=0 gpu_blit_us=0
frust_shell_common::perf: frust-perf raw n=3471 total_us=3291 rebuild_us=169 layout_us=0 paint_us=81 encode_us=14 acquire_us=98 submit_us=2926 skipped=0 gpu_q=1 gpu_total_us=719 gpu_prepass_us=0 gpu_main_us=719 gpu_composite_us=0 gpu_blit_us=0
frust_shell_common::perf: frust-perf raw n=3472 total_us=5224 rebuild_us=186 layout_us=0 paint_us=88 encode_us=39 acquire_us=176 submit_us=4732 skipped=0 gpu_q=1 gpu_total_us=691 gpu_prepass_us=0 gpu_main_us=691 gpu_composite_us=0 gpu_blit_us=0
frust_shell_common::perf: frust-perf raw n=3473 total_us=4144 rebuild_us=116 layout_us=0 paint_us=59 encode_us=27 acquire_us=119 submit_us=3821 skipped=0 gpu_q=1 gpu_total_us=687 gpu_prepass_us=0 gpu_main_us=687 gpu_composite_us=0 gpu_blit_us=0
frust_shell_common::perf: frust-perf raw n=3474 total_us=3076 rebuild_us=106 layout_us=0 paint_us=49 encode_us=16 acquire_us=130 submit_us=2773 skipped=0 gpu_q=1 gpu_total_us=732 gpu_prepass_us=0 gpu_main_us=732 gpu_composite_us=0 gpu_blit_us=0
frust_shell_common::perf: frust-perf raw n=3475 total_us=3358 rebuild_us=184 layout_us=0 paint_us=84 encode_us=14 acquire_us=97 submit_us=2977 skipped=0 gpu_q=1 gpu_total_us=751 gpu_prepass_us=0 gpu_main_us=751 gpu_composite_us=0 gpu_blit_us=0
frust_shell_common::perf: frust-perf raw n=3476 total_us=6096 rebuild_us=177 layout_us=0 paint_us=83 encode_us=41 acquire_us=207 submit_us=5586 skipped=0 gpu_q=1 gpu_total_us=706 gpu_prepass_us=0 gpu_main_us=706 gpu_composite_us=0 gpu_blit_us=0
frust_shell_common::perf: frust-perf raw n=3477 total_us=3231 rebuild_us=127 layout_us=0 paint_us=69 encode_us=15 acquire_us=160 submit_us=2858 skipped=0 gpu_q=1 gpu_total_us=708 gpu_prepass_us=0 gpu_main_us=708 gpu_composite_us=0 gpu_blit_us=0
frust_shell_common::perf: frust-perf raw n=3478 total_us=3396 rebuild_us=159 layout_us=0 paint_us=80 encode_us=13 acquire_us=94 submit_us=3048 skipped=0 gpu_q=1 gpu_total_us=729 gpu_prepass_us=0 gpu_main_us=729 gpu_composite_us=0 gpu_blit_us=0
frust_shell_common::perf: frust-perf raw n=3479 total_us=5525 rebuild_us=202 layout_us=0 paint_us=88 encode_us=36 acquire_us=286 submit_us=4910 skipped=0 gpu_q=1 gpu_total_us=762 gpu_prepass_us=0 gpu_main_us=762 gpu_composite_us=0 gpu_blit_us=0
frust_engine::renderer: frust-perf enc n=3480 w=60 validate_us=3.4 prepare_us=3.4 classify_us=12.2 admit_us=0.4 walk_us=501.7 glyphs_us=214.9 finish_us=2.2 compile_us=524.4 schedule_us=3.5 paints_us=13.6 instances_us=30.4 resize_us=3.0 upload_us=207.2 replay_us=0.3 pipelines_us=16.7 record_us=30.7 total_us=829.6 total_p95_us=1533.6 draws=46 strips=1073 alphas=28576 glyph_draws=36 atlas_glyphs=36
frust_shell_common::perf: frust-perf raw n=3480 total_us=3417 rebuild_us=119 layout_us=0 paint_us=58 encode_us=17 acquire_us=139 submit_us=3083 skipped=0 gpu_q=1 gpu_total_us=709 gpu_prepass_us=0 gpu_main_us=709 gpu_composite_us=0 gpu_blit_us=0
frust_shell_common::perf: frust-perf raw n=3481 total_us=3173 rebuild_us=152 layout_us=0 paint_us=76 encode_us=13 acquire_us=90 submit_us=2838 skipped=0 gpu_q=1 gpu_total_us=752 gpu_prepass_us=0 gpu_main_us=752 gpu_composite_us=0 gpu_blit_us=0
frust_shell_common::perf: frust-perf raw n=3482 total_us=3317 rebuild_us=192 layout_us=0 paint_us=92 encode_us=17 acquire_us=110 submit_us=2904 skipped=0 gpu_q=1 gpu_total_us=738 gpu_prepass_us=0 gpu_main_us=738 gpu_composite_us=0 gpu_blit_us=0
frust_shell_common::perf: frust-perf raw n=3483 total_us=3303 rebuild_us=207 layout_us=0 paint_us=90 encode_us=13 acquire_us=106 submit_us=2883 skipped=0 gpu_q=1 gpu_total_us=709 gpu_prepass_us=0 gpu_main_us=709 gpu_composite_us=0 gpu_blit_us=0
frust_shell_common::perf: frust-perf raw n=3484 total_us=3416 rebuild_us=180 layout_us=0 paint_us=85 encode_us=17 acquire_us=109 submit_us=3023 skipped=0 gpu_q=1 gpu_total_us=741 gpu_prepass_us=0 gpu_main_us=741 gpu_composite_us=0 gpu_blit_us=0
frust_shell_common::perf: frust-perf raw n=3485 total_us=3359 rebuild_us=194 layout_us=0 paint_us=91 encode_us=19 acquire_us=110 submit_us=2942 skipped=0 gpu_q=1 gpu_total_us=762 gpu_prepass_us=0 gpu_main_us=762 gpu_composite_us=0 gpu_blit_us=0
frust_shell_common::perf: frust-perf raw n=3486 total_us=3371 rebuild_us=190 layout_us=0 paint_us=89 encode_us=15 acquire_us=108 submit_us=2967 skipped=0 gpu_q=1 gpu_total_us=722 gpu_prepass_us=0 gpu_main_us=722 gpu_composite_us=0 gpu_blit_us=0
frust_shell_common::perf: frust-perf raw n=3487 total_us=3337 rebuild_us=194 layout_us=0 paint_us=84 encode_us=13 acquire_us=97 submit_us=2945 skipped=0 gpu_q=1 gpu_total_us=730 gpu_prepass_us=0 gpu_main_us=730 gpu_composite_us=0 gpu_blit_us=0
frust_shell_common::perf: frust-perf raw n=3488 total_us=3115 rebuild_us=186 layout_us=0 paint_us=82 encode_us=13 acquire_us=93 submit_us=2737 skipped=0 gpu_q=1 gpu_total_us=741 gpu_prepass_us=0 gpu_main_us=741 gpu_composite_us=0 gpu_blit_us=0
frust_shell_common::perf: frust-perf raw n=3489 total_us=3504 rebuild_us=198 layout_us=0 paint_us=96 encode_us=15 acquire_us=114 submit_us=3078 skipped=0 gpu_q=1 gpu_total_us=748 gpu_prepass_us=0 gpu_main_us=748 gpu_composite_us=0 gpu_blit_us=0
frust_shell_common::perf: frust-perf raw n=3490 total_us=3275 rebuild_us=184 layout_us=0 paint_us=89 encode_us=13 acquire_us=94 submit_us=2892 skipped=0 gpu_q=1 gpu_total_us=754 gpu_prepass_us=0 gpu_main_us=754 gpu_composite_us=0 gpu_blit_us=0
frust_shell_common::perf: frust-perf raw n=3491 total_us=3378 rebuild_us=186 layout_us=0 paint_us=97 encode_us=12 acquire_us=112 submit_us=2969 skipped=0 gpu_q=1 gpu_total_us=776 gpu_prepass_us=0 gpu_main_us=776 gpu_composite_us=0 gpu_blit_us=0
frust_shell_common::perf: frust-perf raw n=3492 total_us=3325 rebuild_us=185 layout_us=0 paint_us=84 encode_us=13 acquire_us=99 submit_us=2942 skipped=0 gpu_q=1 gpu_total_us=748 gpu_prepass_us=0 gpu_main_us=748 gpu_composite_us=0 gpu_blit_us=0
frust_shell_common::perf: frust-perf raw n=3493 total_us=3396 rebuild_us=182 layout_us=0 paint_us=92 encode_us=14 acquire_us=104 submit_us=3001 skipped=0 gpu_q=1 gpu_total_us=713 gpu_prepass_us=0 gpu_main_us=713 gpu_composite_us=0 gpu_blit_us=0
frust_shell_common::perf: frust-perf raw n=3494 total_us=3267 rebuild_us=164 layout_us=0 paint_us=80 encode_us=14 acquire_us=108 submit_us=2898 skipped=0 gpu_q=1 gpu_total_us=751 gpu_prepass_us=0 gpu_main_us=751 gpu_composite_us=0 gpu_blit_us=0
frust_shell_common::perf: frust-perf raw n=3495 total_us=3177 rebuild_us=166 layout_us=0 paint_us=83 encode_us=14 acquire_us=96 submit_us=2816 skipped=0 gpu_q=1 gpu_total_us=745 gpu_prepass_us=0 gpu_main_us=745 gpu_composite_us=0 gpu_blit_us=0
frust_shell_common::perf: frust-perf raw n=3496 total_us=3219 rebuild_us=189 layout_us=0 paint_us=83 encode_us=13 acquire_us=97 submit_us=2834 skipped=0 gpu_q=1 gpu_total_us=758 gpu_prepass_us=0 gpu_main_us=758 gpu_composite_us=0 gpu_blit_us=0
frust_shell_common::perf: frust-perf raw n=3497 total_us=3327 rebuild_us=185 layout_us=0 paint_us=89 encode_us=49 acquire_us=110 submit_us=2892 skipped=0 gpu_q=1 gpu_total_us=757 gpu_prepass_us=0 gpu_main_us=757 gpu_composite_us=0 gpu_blit_us=0
frust_shell_common::perf: frust-perf raw n=3498 total_us=3340 rebuild_us=272 layout_us=0 paint_us=90 encode_us=17 acquire_us=103 submit_us=2855 skipped=0 gpu_q=1 gpu_total_us=735 gpu_prepass_us=0 gpu_main_us=735 gpu_composite_us=0 gpu_blit_us=0
frust_shell_common::perf: frust-perf raw n=3499 total_us=3261 rebuild_us=184 layout_us=0 paint_us=85 encode_us=14 acquire_us=104 submit_us=2872 skipped=0 gpu_q=1 gpu_total_us=751 gpu_prepass_us=0 gpu_main_us=751 gpu_composite_us=0 gpu_blit_us=0
frust_shell_common::perf: frust-perf raw n=3500 total_us=3245 rebuild_us=189 layout_us=0 paint_us=86 encode_us=14 acquire_us=112 submit_us=2841 skipped=0 gpu_q=1 gpu_total_us=718 gpu_prepass_us=0 gpu_main_us=718 gpu_composite_us=0 gpu_blit_us=0
frust_shell_common::perf: frust-perf raw n=3501 total_us=3384 rebuild_us=198 layout_us=0 paint_us=92 encode_us=13 acquire_us=101 submit_us=2978 skipped=0 gpu_q=1 gpu_total_us=755 gpu_prepass_us=0 gpu_main_us=755 gpu_composite_us=0 gpu_blit_us=0
frust_shell_common::perf: frust-perf raw n=3502 total_us=3454 rebuild_us=184 layout_us=0 paint_us=85 encode_us=16 acquire_us=95 submit_us=3071 skipped=0 gpu_q=1 gpu_total_us=736 gpu_prepass_us=0 gpu_main_us=736 gpu_composite_us=0 gpu_blit_us=0
frust_shell_common::perf: frust-perf raw n=3503 total_us=5198 rebuild_us=162 layout_us=0 paint_us=78 encode_us=34 acquire_us=171 submit_us=4750 skipped=0 gpu_q=1 gpu_total_us=739 gpu_prepass_us=0 gpu_main_us=739 gpu_composite_us=0 gpu_blit_us=0
frust_shell_common::perf: frust-perf raw n=3504 total_us=4090 rebuild_us=115 layout_us=0 paint_us=52 encode_us=25 acquire_us=114 submit_us=3783 skipped=0 gpu_q=1 gpu_total_us=723 gpu_prepass_us=0 gpu_main_us=723 gpu_composite_us=0 gpu_blit_us=0
frust_shell_common::perf: frust-perf raw n=3505 total_us=4114 rebuild_us=106 layout_us=0 paint_us=47 encode_us=23 acquire_us=109 submit_us=3827 skipped=0 gpu_q=1 gpu_total_us=721 gpu_prepass_us=0 gpu_main_us=721 gpu_composite_us=0 gpu_blit_us=0
frust_shell_common::perf: frust-perf raw n=3506 total_us=4038 rebuild_us=117 layout_us=0 paint_us=53 encode_us=28 acquire_us=121 submit_us=3716 skipped=0 gpu_q=1 gpu_total_us=758 gpu_prepass_us=0 gpu_main_us=758 gpu_composite_us=0 gpu_blit_us=0
frust_shell_common::perf: frust-perf raw n=3507 total_us=5700 rebuild_us=115 layout_us=0 paint_us=53 encode_us=23 acquire_us=112 submit_us=5394 skipped=0 gpu_q=1 gpu_total_us=710 gpu_prepass_us=0 gpu_main_us=710 gpu_composite_us=0 gpu_blit_us=0
frust_shell_common::perf: frust-perf raw n=3508 total_us=5538 rebuild_us=125 layout_us=0 paint_us=59 encode_us=32 acquire_us=139 submit_us=5181 skipped=0 gpu_q=1 gpu_total_us=701 gpu_prepass_us=0 gpu_main_us=701 gpu_composite_us=0 gpu_blit_us=0
frust_shell_common::perf: frust-perf raw n=3509 total_us=5890 rebuild_us=120 layout_us=0 paint_us=53 encode_us=26 acquire_us=125 submit_us=5564 skipped=0 gpu_q=1 gpu_total_us=764 gpu_prepass_us=0 gpu_main_us=764 gpu_composite_us=0 gpu_blit_us=0
frust_shell_common::perf: frust-perf raw n=3510 total_us=4512 rebuild_us=110 layout_us=0 paint_us=52 encode_us=28 acquire_us=129 submit_us=4191 skipped=0 gpu_q=1 gpu_total_us=709 gpu_prepass_us=0 gpu_main_us=709 gpu_composite_us=0 gpu_blit_us=0
frust_shell_common::perf: frust-perf raw n=3511 total_us=4844 rebuild_us=103 layout_us=0 paint_us=50 encode_us=27 acquire_us=125 submit_us=4537 skipped=0 gpu_q=1 gpu_total_us=666 gpu_prepass_us=0 gpu_main_us=666 gpu_composite_us=0 gpu_blit_us=0
frust_shell_common::perf: frust-perf raw n=3512 total_us=4253 rebuild_us=100 layout_us=0 paint_us=49 encode_us=23 acquire_us=109 submit_us=3970 skipped=0 gpu_q=1 gpu_total_us=669 gpu_prepass_us=0 gpu_main_us=669 gpu_composite_us=0 gpu_blit_us=0
frust_shell_common::perf: frust-perf raw n=3513 total_us=5510 rebuild_us=116 layout_us=0 paint_us=53 encode_us=24 acquire_us=136 submit_us=5178 skipped=0 gpu_q=1 gpu_total_us=665 gpu_prepass_us=0 gpu_main_us=665 gpu_composite_us=0 gpu_blit_us=0
frust_shell_common::perf: frust-perf raw n=3514 total_us=4295 rebuild_us=131 layout_us=0 paint_us=58 encode_us=29 acquire_us=131 submit_us=3943 skipped=0 gpu_q=1 gpu_total_us=668 gpu_prepass_us=0 gpu_main_us=668 gpu_composite_us=0 gpu_blit_us=0
frust_shell_common::perf: frust-perf raw n=3515 total_us=3385 rebuild_us=120 layout_us=0 paint_us=55 encode_us=21 acquire_us=162 submit_us=3024 skipped=0 gpu_q=1 gpu_total_us=664 gpu_prepass_us=0 gpu_main_us=664 gpu_composite_us=0 gpu_blit_us=0
frust_shell_common::perf: frust-perf raw n=3516 total_us=3449 rebuild_us=157 layout_us=0 paint_us=219 encode_us=19 acquire_us=109 submit_us=2942 skipped=0 gpu_q=1 gpu_total_us=712 gpu_prepass_us=0 gpu_main_us=712 gpu_composite_us=0 gpu_blit_us=0
frust_shell_common::perf: frust-perf raw n=3517 total_us=3250 rebuild_us=177 layout_us=0 paint_us=83 encode_us=15 acquire_us=109 submit_us=2863 skipped=0 gpu_q=1 gpu_total_us=661 gpu_prepass_us=0 gpu_main_us=661 gpu_composite_us=0 gpu_blit_us=0
frust_shell_common::perf: frust-perf raw n=3518 total_us=3410 rebuild_us=194 layout_us=0 paint_us=95 encode_us=16 acquire_us=109 submit_us=2993 skipped=0 gpu_q=1 gpu_total_us=670 gpu_prepass_us=0 gpu_main_us=670 gpu_composite_us=0 gpu_blit_us=0
frust_shell_common::perf: frust-perf raw n=3519 total_us=3435 rebuild_us=186 layout_us=0 paint_us=87 encode_us=18 acquire_us=113 submit_us=3028 skipped=0 gpu_q=1 gpu_total_us=722 gpu_prepass_us=0 gpu_main_us=722 gpu_composite_us=0 gpu_blit_us=0
frust_shell_common::perf: frust-perf raw n=3520 total_us=3399 rebuild_us=181 layout_us=0 paint_us=83 encode_us=15 acquire_us=109 submit_us=3008 skipped=0 gpu_q=1 gpu_total_us=699 gpu_prepass_us=0 gpu_main_us=699 gpu_composite_us=0 gpu_blit_us=0
frust_shell_common::perf: frust-perf raw n=3521 total_us=3316 rebuild_us=184 layout_us=0 paint_us=89 encode_us=14 acquire_us=107 submit_us=2920 skipped=0 gpu_q=1 gpu_total_us=703 gpu_prepass_us=0 gpu_main_us=703 gpu_composite_us=0 gpu_blit_us=0
frust_shell_common::perf: frust-perf raw n=3522 total_us=3452 rebuild_us=204 layout_us=0 paint_us=90 encode_us=15 acquire_us=105 submit_us=3037 skipped=0 gpu_q=1 gpu_total_us=722 gpu_prepass_us=0 gpu_main_us=722 gpu_composite_us=0 gpu_blit_us=0
frust_shell_common::perf: frust-perf raw n=3523 total_us=3181 rebuild_us=178 layout_us=0 paint_us=89 encode_us=14 acquire_us=100 submit_us=2798 skipped=0 gpu_q=1 gpu_total_us=727 gpu_prepass_us=0 gpu_main_us=727 gpu_composite_us=0 gpu_blit_us=0
frust_shell_common::perf: frust-perf raw n=3524 total_us=3353 rebuild_us=188 layout_us=0 paint_us=91 encode_us=15 acquire_us=106 submit_us=2949 skipped=0 gpu_q=1 gpu_total_us=705 gpu_prepass_us=0 gpu_main_us=705 gpu_composite_us=0 gpu_blit_us=0
frust_shell_common::perf: frust-perf raw n=3525 total_us=3402 rebuild_us=193 layout_us=0 paint_us=85 encode_us=14 acquire_us=100 submit_us=3008 skipped=0 gpu_q=1 gpu_total_us=710 gpu_prepass_us=0 gpu_main_us=710 gpu_composite_us=0 gpu_blit_us=0
frust_shell_common::perf: frust-perf raw n=3526 total_us=3410 rebuild_us=198 layout_us=0 paint_us=91 encode_us=13 acquire_us=109 submit_us=2996 skipped=0 gpu_q=1 gpu_total_us=700 gpu_prepass_us=0 gpu_main_us=700 gpu_composite_us=0 gpu_blit_us=0
frust_shell_common::perf: frust-perf raw n=3527 total_us=3375 rebuild_us=196 layout_us=0 paint_us=91 encode_us=13 acquire_us=109 submit_us=2964 skipped=0 gpu_q=1 gpu_total_us=687 gpu_prepass_us=0 gpu_main_us=687 gpu_composite_us=0 gpu_blit_us=0
frust_shell_common::perf: frust-perf raw n=3528 total_us=3395 rebuild_us=189 layout_us=0 paint_us=85 encode_us=16 acquire_us=110 submit_us=2993 skipped=0 gpu_q=1 gpu_total_us=711 gpu_prepass_us=0 gpu_main_us=711 gpu_composite_us=0 gpu_blit_us=0
frust_shell_common::perf: frust-perf raw n=3529 total_us=3398 rebuild_us=194 layout_us=0 paint_us=97 encode_us=18 acquire_us=115 submit_us=2973 skipped=0 gpu_q=1 gpu_total_us=693 gpu_prepass_us=0 gpu_main_us=693 gpu_composite_us=0 gpu_blit_us=0
frust_shell_common::perf: frust-perf raw n=3530 total_us=3367 rebuild_us=191 layout_us=0 paint_us=88 encode_us=15 acquire_us=109 submit_us=2962 skipped=0 gpu_q=1 gpu_total_us=700 gpu_prepass_us=0 gpu_main_us=700 gpu_composite_us=0 gpu_blit_us=0
frust_shell_common::perf: frust-perf raw n=3531 total_us=3295 rebuild_us=192 layout_us=0 paint_us=85 encode_us=13 acquire_us=107 submit_us=2896 skipped=0 gpu_q=1 gpu_total_us=697 gpu_prepass_us=0 gpu_main_us=697 gpu_composite_us=0 gpu_blit_us=0
frust_shell_common::perf: frust-perf raw n=3532 total_us=3182 rebuild_us=178 layout_us=0 paint_us=150 encode_us=13 acquire_us=99 submit_us=2739 skipped=0 gpu_q=1 gpu_total_us=689 gpu_prepass_us=0 gpu_main_us=689 gpu_composite_us=0 gpu_blit_us=0
frust_shell_common::perf: frust-perf raw n=3533 total_us=3309 rebuild_us=182 layout_us=0 paint_us=92 encode_us=12 acquire_us=109 submit_us=2911 skipped=0 gpu_q=1 gpu_total_us=684 gpu_prepass_us=0 gpu_main_us=684 gpu_composite_us=0 gpu_blit_us=0
frust_shell_common::perf: frust-perf raw n=3534 total_us=3282 rebuild_us=181 layout_us=0 paint_us=84 encode_us=18 acquire_us=119 submit_us=2877 skipped=0 gpu_q=1 gpu_total_us=705 gpu_prepass_us=0 gpu_main_us=705 gpu_composite_us=0 gpu_blit_us=0
frust_shell_common::perf: frust-perf raw n=3535 total_us=6341 rebuild_us=198 layout_us=0 paint_us=88 encode_us=36 acquire_us=171 submit_us=5846 skipped=0 gpu_q=1 gpu_total_us=708 gpu_prepass_us=0 gpu_main_us=708 gpu_composite_us=0 gpu_blit_us=0
frust_shell_common::perf: frust-perf raw n=3536 total_us=5816 rebuild_us=152 layout_us=0 paint_us=76 encode_us=37 acquire_us=163 submit_us=5386 skipped=0 gpu_q=1 gpu_total_us=681 gpu_prepass_us=0 gpu_main_us=681 gpu_composite_us=0 gpu_blit_us=0
frust_shell_common::perf: frust-perf raw n=3537 total_us=4444 rebuild_us=119 layout_us=0 paint_us=56 encode_us=28 acquire_us=122 submit_us=4116 skipped=0 gpu_q=1 gpu_total_us=715 gpu_prepass_us=0 gpu_main_us=715 gpu_composite_us=0 gpu_blit_us=0
frust_shell_common::perf: frust-perf raw n=3538 total_us=3834 rebuild_us=100 layout_us=0 paint_us=48 encode_us=23 acquire_us=113 submit_us=3548 skipped=0 gpu_q=1 gpu_total_us=688 gpu_prepass_us=0 gpu_main_us=688 gpu_composite_us=0 gpu_blit_us=0
frust_shell_common::perf: frust-perf raw n=3539 total_us=3888 rebuild_us=104 layout_us=0 paint_us=45 encode_us=20 acquire_us=107 submit_us=3610 skipped=0 gpu_q=1 gpu_total_us=668 gpu_prepass_us=0 gpu_main_us=668 gpu_composite_us=0 gpu_blit_us=0
frust_engine::renderer: frust-perf enc n=3540 w=60 validate_us=3.5 prepare_us=3.2 classify_us=12.3 admit_us=0.4 walk_us=502.2 glyphs_us=216.0 finish_us=2.4 compile_us=524.4 schedule_us=3.8 paints_us=14.0 instances_us=30.5 resize_us=2.9 upload_us=208.1 replay_us=0.3 pipelines_us=16.7 record_us=30.8 total_us=829.6 total_p95_us=1495.8 draws=46 strips=1073 alphas=28576 glyph_draws=36 atlas_glyphs=36
frust_shell_common::perf: frust-perf raw n=3540 total_us=4759 rebuild_us=118 layout_us=0 paint_us=53 encode_us=27 acquire_us=124 submit_us=4434 skipped=0 gpu_q=1 gpu_total_us=663 gpu_prepass_us=0 gpu_main_us=663 gpu_composite_us=0 gpu_blit_us=0
frust_shell_common::perf: frust-perf raw n=3541 total_us=4360 rebuild_us=126 layout_us=0 paint_us=53 encode_us=25 acquire_us=135 submit_us=4018 skipped=0 gpu_q=1 gpu_total_us=669 gpu_prepass_us=0 gpu_main_us=669 gpu_composite_us=0 gpu_blit_us=0
frust_shell_common::perf: frust-perf raw n=3542 total_us=3813 rebuild_us=116 layout_us=0 paint_us=52 encode_us=21 acquire_us=114 submit_us=3508 skipped=0 gpu_q=1 gpu_total_us=699 gpu_prepass_us=0 gpu_main_us=699 gpu_composite_us=0 gpu_blit_us=0
frust_shell_common::perf: frust-perf raw n=3543 total_us=4142 rebuild_us=112 layout_us=0 paint_us=51 encode_us=19 acquire_us=112 submit_us=3845 skipped=0 gpu_q=1 gpu_total_us=713 gpu_prepass_us=0 gpu_main_us=713 gpu_composite_us=0 gpu_blit_us=0
frust_shell_common::perf: frust-perf raw n=3544 total_us=5478 rebuild_us=118 layout_us=0 paint_us=54 encode_us=25 acquire_us=120 submit_us=5158 skipped=0 gpu_q=1 gpu_total_us=665 gpu_prepass_us=0 gpu_main_us=665 gpu_composite_us=0 gpu_blit_us=0
frust_shell_common::perf: frust-perf raw n=3545 total_us=3349 rebuild_us=109 layout_us=0 paint_us=55 encode_us=22 acquire_us=163 submit_us=2999 skipped=0 gpu_q=1 gpu_total_us=674 gpu_prepass_us=0 gpu_main_us=674 gpu_composite_us=0 gpu_blit_us=0
frust_shell_common::perf: frust-perf raw n=3546 total_us=3384 rebuild_us=157 layout_us=0 paint_us=72 encode_us=14 acquire_us=93 submit_us=3046 skipped=0 gpu_q=1 gpu_total_us=676 gpu_prepass_us=0 gpu_main_us=676 gpu_composite_us=0 gpu_blit_us=0
frust_shell_common::perf: frust-perf raw n=3547 total_us=5594 rebuild_us=189 layout_us=0 paint_us=91 encode_us=41 acquire_us=273 submit_us=4998 skipped=0 gpu_q=1 gpu_total_us=720 gpu_prepass_us=0 gpu_main_us=720 gpu_composite_us=0 gpu_blit_us=0
frust_shell_common::perf: frust-perf raw n=3548 total_us=4160 rebuild_us=132 layout_us=0 paint_us=59 encode_us=33 acquire_us=144 submit_us=3790 skipped=0 gpu_q=1 gpu_total_us=671 gpu_prepass_us=0 gpu_main_us=671 gpu_composite_us=0 gpu_blit_us=0
frust_shell_common::perf: frust-perf raw n=3549 total_us=4927 rebuild_us=102 layout_us=0 paint_us=47 encode_us=21 acquire_us=105 submit_us=4649 skipped=0 gpu_q=1 gpu_total_us=712 gpu_prepass_us=0 gpu_main_us=712 gpu_composite_us=0 gpu_blit_us=0
frust_shell_common::perf: frust-perf raw n=3550 total_us=3216 rebuild_us=113 layout_us=0 paint_us=52 encode_us=20 acquire_us=236 submit_us=2793 skipped=0 gpu_q=1 gpu_total_us=711 gpu_prepass_us=0 gpu_main_us=711 gpu_composite_us=0 gpu_blit_us=0
frust_shell_common::perf: frust-perf raw n=3551 total_us=3259 rebuild_us=179 layout_us=0 paint_us=81 encode_us=15 acquire_us=103 submit_us=2879 skipped=0 gpu_q=1 gpu_total_us=664 gpu_prepass_us=0 gpu_main_us=664 gpu_composite_us=0 gpu_blit_us=0
frust_shell_common::perf: frust-perf raw n=3552 total_us=3458 rebuild_us=187 layout_us=0 paint_us=84 encode_us=14 acquire_us=110 submit_us=3061 skipped=0 gpu_q=1 gpu_total_us=669 gpu_prepass_us=0 gpu_main_us=669 gpu_composite_us=0 gpu_blit_us=0
frust_shell_common::perf: frust-perf raw n=3553 total_us=3371 rebuild_us=190 layout_us=0 paint_us=85 encode_us=18 acquire_us=104 submit_us=2972 skipped=0 gpu_q=1 gpu_total_us=665 gpu_prepass_us=0 gpu_main_us=665 gpu_composite_us=0 gpu_blit_us=0
frust_shell_common::perf: frust-perf raw n=3554 total_us=3400 rebuild_us=188 layout_us=0 paint_us=88 encode_us=16 acquire_us=110 submit_us=2995 skipped=0 gpu_q=1 gpu_total_us=688 gpu_prepass_us=0 gpu_main_us=688 gpu_composite_us=0 gpu_blit_us=0
frust_shell_common::perf: frust-perf raw n=3555 total_us=3604 rebuild_us=196 layout_us=0 paint_us=94 encode_us=14 acquire_us=122 submit_us=3175 skipped=0 gpu_q=1 gpu_total_us=726 gpu_prepass_us=0 gpu_main_us=726 gpu_composite_us=0 gpu_blit_us=0
frust_shell_common::perf: frust-perf raw n=3556 total_us=3317 rebuild_us=180 layout_us=0 paint_us=83 encode_us=14 acquire_us=114 submit_us=2924 skipped=0 gpu_q=1 gpu_total_us=717 gpu_prepass_us=0 gpu_main_us=717 gpu_composite_us=0 gpu_blit_us=0
frust_shell_common::perf: frust-perf raw n=3557 total_us=3404 rebuild_us=200 layout_us=0 paint_us=89 encode_us=15 acquire_us=105 submit_us=2993 skipped=0 gpu_q=1 gpu_total_us=704 gpu_prepass_us=0 gpu_main_us=704 gpu_composite_us=0 gpu_blit_us=0
frust_shell_common::perf: frust-perf raw n=3558 total_us=3415 rebuild_us=190 layout_us=0 paint_us=87 encode_us=17 acquire_us=103 submit_us=3015 skipped=0 gpu_q=1 gpu_total_us=699 gpu_prepass_us=0 gpu_main_us=699 gpu_composite_us=0 gpu_blit_us=0
frust_shell_common::perf: frust-perf raw n=3559 total_us=3375 rebuild_us=189 layout_us=0 paint_us=85 encode_us=14 acquire_us=105 submit_us=2979 skipped=0 gpu_q=1 gpu_total_us=688 gpu_prepass_us=0 gpu_main_us=688 gpu_composite_us=0 gpu_blit_us=0
frust_shell_common::perf: frust-perf raw n=3560 total_us=3478 rebuild_us=193 layout_us=0 paint_us=90 encode_us=14 acquire_us=101 submit_us=3078 skipped=0 gpu_q=1 gpu_total_us=686 gpu_prepass_us=0 gpu_main_us=686 gpu_composite_us=0 gpu_blit_us=0
frust_shell_common::perf: frust-perf raw n=3561 total_us=3378 rebuild_us=198 layout_us=0 paint_us=88 encode_us=14 acquire_us=111 submit_us=2965 skipped=0 gpu_q=1 gpu_total_us=713 gpu_prepass_us=0 gpu_main_us=713 gpu_composite_us=0 gpu_blit_us=0
frust_shell_common::perf: frust-perf raw n=3562 total_us=3389 rebuild_us=185 layout_us=0 paint_us=85 encode_us=14 acquire_us=112 submit_us=2990 skipped=0 gpu_q=1 gpu_total_us=698 gpu_prepass_us=0 gpu_main_us=698 gpu_composite_us=0 gpu_blit_us=0
frust_shell_common::perf: frust-perf raw n=3563 total_us=3198 rebuild_us=175 layout_us=0 paint_us=90 encode_us=15 acquire_us=95 submit_us=2819 skipped=0 gpu_q=1 gpu_total_us=681 gpu_prepass_us=0 gpu_main_us=681 gpu_composite_us=0 gpu_blit_us=0
frust_shell_common::perf: frust-perf raw n=3564 total_us=3368 rebuild_us=185 layout_us=0 paint_us=84 encode_us=16 acquire_us=111 submit_us=2970 skipped=0 gpu_q=1 gpu_total_us=720 gpu_prepass_us=0 gpu_main_us=720 gpu_composite_us=0 gpu_blit_us=0
frust_shell_common::perf: frust-perf raw n=3565 total_us=3305 rebuild_us=194 layout_us=0 paint_us=86 encode_us=47 acquire_us=111 submit_us=2864 skipped=0 gpu_q=1 gpu_total_us=685 gpu_prepass_us=0 gpu_main_us=685 gpu_composite_us=0 gpu_blit_us=0
frust_shell_common::perf: frust-perf raw n=3566 total_us=3416 rebuild_us=271 layout_us=0 paint_us=89 encode_us=17 acquire_us=119 submit_us=2918 skipped=0 gpu_q=1 gpu_total_us=695 gpu_prepass_us=0 gpu_main_us=695 gpu_composite_us=0 gpu_blit_us=0
frust_shell_common::perf: frust-perf raw n=3567 total_us=3484 rebuild_us=251 layout_us=0 paint_us=94 encode_us=18 acquire_us=108 submit_us=3011 skipped=0 gpu_q=1 gpu_total_us=685 gpu_prepass_us=0 gpu_main_us=685 gpu_composite_us=0 gpu_blit_us=0
frust_shell_common::perf: frust-perf raw n=3568 total_us=3244 rebuild_us=190 layout_us=0 paint_us=92 encode_us=16 acquire_us=109 submit_us=2835 skipped=0 gpu_q=1 gpu_total_us=706 gpu_prepass_us=0 gpu_main_us=706 gpu_composite_us=0 gpu_blit_us=0
frust_shell_common::perf: frust-perf raw n=3569 total_us=3123 rebuild_us=179 layout_us=0 paint_us=80 encode_us=14 acquire_us=100 submit_us=2747 skipped=0 gpu_q=1 gpu_total_us=702 gpu_prepass_us=0 gpu_main_us=702 gpu_composite_us=0 gpu_blit_us=0
frust_shell_common::perf: frust-perf raw n=3570 total_us=5292 rebuild_us=189 layout_us=0 paint_us=84 encode_us=39 acquire_us=181 submit_us=4796 skipped=0 gpu_q=1 gpu_total_us=687 gpu_prepass_us=0 gpu_main_us=687 gpu_composite_us=0 gpu_blit_us=0
frust_shell_common::perf: frust-perf raw n=3571 total_us=4121 rebuild_us=112 layout_us=0 paint_us=55 encode_us=25 acquire_us=112 submit_us=3815 skipped=0 gpu_q=1 gpu_total_us=674 gpu_prepass_us=0 gpu_main_us=674 gpu_composite_us=0 gpu_blit_us=0
frust_shell_common::perf: frust-perf raw n=3572 total_us=3832 rebuild_us=99 layout_us=0 paint_us=45 encode_us=23 acquire_us=125 submit_us=3538 skipped=0 gpu_q=1 gpu_total_us=732 gpu_prepass_us=0 gpu_main_us=732 gpu_composite_us=0 gpu_blit_us=0
frust_shell_common::perf: frust-perf raw n=3573 total_us=4916 rebuild_us=111 layout_us=0 paint_us=53 encode_us=26 acquire_us=114 submit_us=4609 skipped=0 gpu_q=1 gpu_total_us=708 gpu_prepass_us=0 gpu_main_us=708 gpu_composite_us=0 gpu_blit_us=0
frust_shell_common::perf: frust-perf raw n=3574 total_us=6111 rebuild_us=154 layout_us=0 paint_us=65 encode_us=32 acquire_us=155 submit_us=5703 skipped=0 gpu_q=1 gpu_total_us=688 gpu_prepass_us=0 gpu_main_us=688 gpu_composite_us=0 gpu_blit_us=0
frust_shell_common::perf: frust-perf raw n=3575 total_us=3360 rebuild_us=136 layout_us=0 paint_us=66 encode_us=19 acquire_us=151 submit_us=2986 skipped=0 gpu_q=1 gpu_total_us=737 gpu_prepass_us=0 gpu_main_us=737 gpu_composite_us=0 gpu_blit_us=0
frust_shell_common::perf: frust-perf raw n=3576 total_us=3469 rebuild_us=175 layout_us=0 paint_us=80 encode_us=17 acquire_us=103 submit_us=3091 skipped=0 gpu_q=1 gpu_total_us=708 gpu_prepass_us=0 gpu_main_us=708 gpu_composite_us=0 gpu_blit_us=0
frust_shell_common::perf: frust-perf raw n=3577 total_us=5784 rebuild_us=187 layout_us=0 paint_us=82 encode_us=39 acquire_us=185 submit_us=5290 skipped=0 gpu_q=1 gpu_total_us=682 gpu_prepass_us=0 gpu_main_us=682 gpu_composite_us=0 gpu_blit_us=0
frust_shell_common::perf: frust-perf raw n=3578 total_us=3579 rebuild_us=123 layout_us=0 paint_us=58 encode_us=24 acquire_us=169 submit_us=3203 skipped=0 gpu_q=1 gpu_total_us=687 gpu_prepass_us=0 gpu_main_us=687 gpu_composite_us=0 gpu_blit_us=0
frust_shell_common::perf: frust-perf raw n=3579 total_us=3493 rebuild_us=178 layout_us=0 paint_us=82 encode_us=15 acquire_us=100 submit_us=3115 skipped=0 gpu_q=1 gpu_total_us=712 gpu_prepass_us=0 gpu_main_us=712 gpu_composite_us=0 gpu_blit_us=0
frust_shell_common::perf: frust-perf raw n=3580 total_us=3612 rebuild_us=193 layout_us=0 paint_us=89 encode_us=18 acquire_us=110 submit_us=3199 skipped=0 gpu_q=1 gpu_total_us=718 gpu_prepass_us=0 gpu_main_us=718 gpu_composite_us=0 gpu_blit_us=0
frust_shell_common::perf: frust-perf raw n=3581 total_us=3442 rebuild_us=190 layout_us=0 paint_us=87 encode_us=17 acquire_us=111 submit_us=3035 skipped=0 gpu_q=1 gpu_total_us=679 gpu_prepass_us=0 gpu_main_us=679 gpu_composite_us=0 gpu_blit_us=0
frust_shell_common::perf: frust-perf raw n=3582 total_us=3330 rebuild_us=192 layout_us=0 paint_us=91 encode_us=17 acquire_us=162 submit_us=2867 skipped=0 gpu_q=1 gpu_total_us=704 gpu_prepass_us=0 gpu_main_us=704 gpu_composite_us=0 gpu_blit_us=0
frust_shell_common::perf: frust-perf raw n=3583 total_us=3371 rebuild_us=185 layout_us=0 paint_us=92 encode_us=77 acquire_us=104 submit_us=2910 skipped=0 gpu_q=1 gpu_total_us=724 gpu_prepass_us=0 gpu_main_us=724 gpu_composite_us=0 gpu_blit_us=0
frust_shell_common::perf: frust-perf raw n=3584 total_us=3456 rebuild_us=419 layout_us=0 paint_us=89 encode_us=15 acquire_us=97 submit_us=2833 skipped=0 gpu_q=1 gpu_total_us=736 gpu_prepass_us=0 gpu_main_us=736 gpu_composite_us=0 gpu_blit_us=0
frust_shell_common::perf: frust-perf raw n=3585 total_us=3148 rebuild_us=191 layout_us=0 paint_us=88 encode_us=13 acquire_us=100 submit_us=2754 skipped=0 gpu_q=1 gpu_total_us=722 gpu_prepass_us=0 gpu_main_us=722 gpu_composite_us=0 gpu_blit_us=0
frust_shell_common::perf: frust-perf raw n=3586 total_us=3248 rebuild_us=162 layout_us=0 paint_us=77 encode_us=15 acquire_us=108 submit_us=2884 skipped=0 gpu_q=1 gpu_total_us=725 gpu_prepass_us=0 gpu_main_us=725 gpu_composite_us=0 gpu_blit_us=0
frust_shell_common::perf: frust-perf raw n=3587 total_us=3401 rebuild_us=198 layout_us=0 paint_us=86 encode_us=14 acquire_us=109 submit_us=2990 skipped=0 gpu_q=1 gpu_total_us=699 gpu_prepass_us=0 gpu_main_us=699 gpu_composite_us=0 gpu_blit_us=0
frust_shell_common::perf: frust-perf raw n=3588 total_us=3352 rebuild_us=193 layout_us=0 paint_us=88 encode_us=15 acquire_us=101 submit_us=2953 skipped=0 gpu_q=1 gpu_total_us=718 gpu_prepass_us=0 gpu_main_us=718 gpu_composite_us=0 gpu_blit_us=0
frust_shell_common::perf: frust-perf raw n=3589 total_us=3396 rebuild_us=191 layout_us=0 paint_us=87 encode_us=16 acquire_us=104 submit_us=2995 skipped=0 gpu_q=1 gpu_total_us=707 gpu_prepass_us=0 gpu_main_us=707 gpu_composite_us=0 gpu_blit_us=0
frust_shell_android::app::frame: frust-perf platform-view tail depth=0 target=0 acquire_bound=false frame=3600 expected_present_us=0 acquire_us=106 period_us=8234
frust_shell_common::perf: frust-perf raw n=3590 total_us=3339 rebuild_us=183 layout_us=0 paint_us=85 encode_us=13 acquire_us=106 submit_us=2949 skipped=0 gpu_q=1 gpu_total_us=721 gpu_prepass_us=0 gpu_main_us=721 gpu_composite_us=0 gpu_blit_us=0
frust_shell_common::perf: frust-perf raw n=3591 total_us=3284 rebuild_us=192 layout_us=0 paint_us=88 encode_us=13 acquire_us=97 submit_us=2891 skipped=0 gpu_q=1 gpu_total_us=709 gpu_prepass_us=0 gpu_main_us=709 gpu_composite_us=0 gpu_blit_us=0
frust_shell_common::perf: frust-perf raw n=3592 total_us=3341 rebuild_us=194 layout_us=0 paint_us=85 encode_us=12 acquire_us=103 submit_us=2943 skipped=0 gpu_q=1 gpu_total_us=706 gpu_prepass_us=0 gpu_main_us=706 gpu_composite_us=0 gpu_blit_us=0
frust_shell_common::perf: frust-perf raw n=3593 total_us=3506 rebuild_us=198 layout_us=0 paint_us=90 encode_us=16 acquire_us=117 submit_us=3083 skipped=0 gpu_q=1 gpu_total_us=699 gpu_prepass_us=0 gpu_main_us=699 gpu_composite_us=0 gpu_blit_us=0
frust_shell_common::perf: frust-perf raw n=3594 total_us=3285 rebuild_us=188 layout_us=0 paint_us=95 encode_us=13 acquire_us=91 submit_us=2895 skipped=0 gpu_q=1 gpu_total_us=716 gpu_prepass_us=0 gpu_main_us=716 gpu_composite_us=0 gpu_blit_us=0
frust_shell_common::perf: frust-perf raw n=3595 total_us=3207 rebuild_us=183 layout_us=0 paint_us=84 encode_us=13 acquire_us=97 submit_us=2828 skipped=0 gpu_q=1 gpu_total_us=725 gpu_prepass_us=0 gpu_main_us=725 gpu_composite_us=0 gpu_blit_us=0
frust_shell_common::perf: frust-perf raw n=3596 total_us=6229 rebuild_us=194 layout_us=0 paint_us=86 encode_us=38 acquire_us=164 submit_us=5744 skipped=0 gpu_q=1 gpu_total_us=701 gpu_prepass_us=0 gpu_main_us=701 gpu_composite_us=0 gpu_blit_us=0
frust_shell_common::perf: frust-perf raw n=3597 total_us=3193 rebuild_us=112 layout_us=0 paint_us=53 encode_us=18 acquire_us=138 submit_us=2870 skipped=0 gpu_q=1 gpu_total_us=731 gpu_prepass_us=0 gpu_main_us=731 gpu_composite_us=0 gpu_blit_us=0
frust_shell_common::perf: frust-perf raw n=3598 total_us=3304 rebuild_us=183 layout_us=0 paint_us=88 encode_us=14 acquire_us=100 submit_us=2916 skipped=0 gpu_q=1 gpu_total_us=731 gpu_prepass_us=0 gpu_main_us=731 gpu_composite_us=0 gpu_blit_us=0
frust_shell_common::perf: frust-perf raw n=3599 total_us=3444 rebuild_us=201 layout_us=0 paint_us=92 encode_us=16 acquire_us=167 submit_us=2966 skipped=0 gpu_q=1 gpu_total_us=720 gpu_prepass_us=0 gpu_main_us=720 gpu_composite_us=0 gpu_blit_us=0
frust_engine::renderer: frust-perf enc n=3600 w=60 validate_us=3.3 prepare_us=3.2 classify_us=12.5 admit_us=0.4 walk_us=503.0 glyphs_us=214.9 finish_us=2.4 compile_us=525.4 schedule_us=3.7 paints_us=14.0 instances_us=30.4 resize_us=3.1 upload_us=207.4 replay_us=0.3 pipelines_us=17.8 record_us=31.1 total_us=838.6 total_p95_us=1599.4 draws=46 strips=1073 alphas=28576 glyph_draws=36 atlas_glyphs=36
frust_shell_common::perf: frust-perf raw n=3600 total_us=3676 rebuild_us=202 layout_us=0 paint_us=178 encode_us=14 acquire_us=115 submit_us=3164 skipped=0 gpu_q=1 gpu_total_us=671 gpu_prepass_us=0 gpu_main_us=671 gpu_composite_us=0 gpu_blit_us=0
frust_shell_common::perf: frust-perf raw n=3601 total_us=3499 rebuild_us=311 layout_us=0 paint_us=97 encode_us=14 acquire_us=105 submit_us=2969 skipped=0 gpu_q=1 gpu_total_us=687 gpu_prepass_us=0 gpu_main_us=687 gpu_composite_us=0 gpu_blit_us=0
frust_shell_common::perf: frust-perf raw n=3602 total_us=3220 rebuild_us=141 layout_us=0 paint_us=64 encode_us=17 acquire_us=114 submit_us=2882 skipped=0 gpu_q=1 gpu_total_us=714 gpu_prepass_us=0 gpu_main_us=714 gpu_composite_us=0 gpu_blit_us=0
frust_shell_common::perf: frust-perf raw n=3603 total_us=3148 rebuild_us=160 layout_us=0 paint_us=72 encode_us=15 acquire_us=104 submit_us=2795 skipped=0 gpu_q=1 gpu_total_us=690 gpu_prepass_us=0 gpu_main_us=690 gpu_composite_us=0 gpu_blit_us=0
frust_shell_common::perf: frust-perf raw n=3604 total_us=3150 rebuild_us=190 layout_us=0 paint_us=90 encode_us=18 acquire_us=103 submit_us=2746 skipped=0 gpu_q=1 gpu_total_us=714 gpu_prepass_us=0 gpu_main_us=714 gpu_composite_us=0 gpu_blit_us=0
frust_shell_common::perf: frust-perf raw n=3605 total_us=3498 rebuild_us=192 layout_us=0 paint_us=87 encode_us=15 acquire_us=109 submit_us=3092 skipped=0 gpu_q=1 gpu_total_us=702 gpu_prepass_us=0 gpu_main_us=702 gpu_composite_us=0 gpu_blit_us=0
frust_shell_common::perf: frust-perf raw n=3606 total_us=3527 rebuild_us=183 layout_us=0 paint_us=85 encode_us=17 acquire_us=108 submit_us=3132 skipped=0 gpu_q=1 gpu_total_us=687 gpu_prepass_us=0 gpu_main_us=687 gpu_composite_us=0 gpu_blit_us=0
frust_shell_common::perf: frust-perf raw n=3607 total_us=3302 rebuild_us=180 layout_us=0 paint_us=93 encode_us=12 acquire_us=98 submit_us=2916 skipped=0 gpu_q=1 gpu_total_us=703 gpu_prepass_us=0 gpu_main_us=703 gpu_composite_us=0 gpu_blit_us=0
frust_shell_common::perf: frust-perf raw n=3608 total_us=3485 rebuild_us=186 layout_us=0 paint_us=85 encode_us=15 acquire_us=109 submit_us=3089 skipped=0 gpu_q=1 gpu_total_us=704 gpu_prepass_us=0 gpu_main_us=704 gpu_composite_us=0 gpu_blit_us=0
frust_shell_common::perf: frust-perf raw n=3609 total_us=5508 rebuild_us=197 layout_us=0 paint_us=90 encode_us=39 acquire_us=181 submit_us=5000 skipped=0 gpu_q=1 gpu_total_us=692 gpu_prepass_us=0 gpu_main_us=692 gpu_composite_us=0 gpu_blit_us=0
frust_shell_common::perf: frust-perf raw n=3610 total_us=4102 rebuild_us=115 layout_us=0 paint_us=52 encode_us=28 acquire_us=118 submit_us=3786 skipped=0 gpu_q=1 gpu_total_us=703 gpu_prepass_us=0 gpu_main_us=703 gpu_composite_us=0 gpu_blit_us=0
frust_shell_common::perf: frust-perf raw n=3611 total_us=4409 rebuild_us=109 layout_us=0 paint_us=49 encode_us=22 acquire_us=110 submit_us=4117 skipped=0 gpu_q=1 gpu_total_us=698 gpu_prepass_us=0 gpu_main_us=698 gpu_composite_us=0 gpu_blit_us=0
frust_shell_common::perf: frust-perf raw n=3612 total_us=4614 rebuild_us=130 layout_us=0 paint_us=62 encode_us=30 acquire_us=141 submit_us=4249 skipped=0 gpu_q=1 gpu_total_us=694 gpu_prepass_us=0 gpu_main_us=694 gpu_composite_us=0 gpu_blit_us=0
frust_shell_common::perf: frust-perf raw n=3613 total_us=4223 rebuild_us=115 layout_us=0 paint_us=53 encode_us=23 acquire_us=112 submit_us=3917 skipped=0 gpu_q=1 gpu_total_us=670 gpu_prepass_us=0 gpu_main_us=670 gpu_composite_us=0 gpu_blit_us=0
frust_shell_common::perf: frust-perf raw n=3614 total_us=5377 rebuild_us=107 layout_us=0 paint_us=52 encode_us=24 acquire_us=130 submit_us=5061 skipped=0 gpu_q=1 gpu_total_us=665 gpu_prepass_us=0 gpu_main_us=665 gpu_composite_us=0 gpu_blit_us=0
frust_shell_common::perf: frust-perf raw n=3615 total_us=4342 rebuild_us=116 layout_us=0 paint_us=57 encode_us=28 acquire_us=164 submit_us=3975 skipped=0 gpu_q=1 gpu_total_us=661 gpu_prepass_us=0 gpu_main_us=661 gpu_composite_us=0 gpu_blit_us=0
frust_shell_common::perf: frust-perf raw n=3616 total_us=4837 rebuild_us=116 layout_us=0 paint_us=53 encode_us=24 acquire_us=115 submit_us=4527 skipped=0 gpu_q=1 gpu_total_us=667 gpu_prepass_us=0 gpu_main_us=667 gpu_composite_us=0 gpu_blit_us=0
frust_shell_common::perf: frust-perf raw n=3617 total_us=4112 rebuild_us=110 layout_us=0 paint_us=49 encode_us=22 acquire_us=128 submit_us=3800 skipped=0 gpu_q=1 gpu_total_us=671 gpu_prepass_us=0 gpu_main_us=671 gpu_composite_us=0 gpu_blit_us=0
frust_shell_common::perf: frust-perf raw n=3618 total_us=4440 rebuild_us=117 layout_us=0 paint_us=52 encode_us=30 acquire_us=197 submit_us=4042 skipped=0 gpu_q=1 gpu_total_us=668 gpu_prepass_us=0 gpu_main_us=668 gpu_composite_us=0 gpu_blit_us=0
frust_shell_common::perf: frust-perf raw n=3619 total_us=4586 rebuild_us=133 layout_us=0 paint_us=58 encode_us=29 acquire_us=134 submit_us=4229 skipped=0 gpu_q=1 gpu_total_us=665 gpu_prepass_us=0 gpu_main_us=665 gpu_composite_us=0 gpu_blit_us=0
frust_shell_common::perf: frust-perf raw n=3620 total_us=4213 rebuild_us=117 layout_us=0 paint_us=55 encode_us=23 acquire_us=121 submit_us=3895 skipped=0 gpu_q=1 gpu_total_us=667 gpu_prepass_us=0 gpu_main_us=667 gpu_composite_us=0 gpu_blit_us=0
frust_shell_common::perf: frust-perf raw n=3621 total_us=5441 rebuild_us=124 layout_us=0 paint_us=60 encode_us=25 acquire_us=140 submit_us=5090 skipped=0 gpu_q=1 gpu_total_us=695 gpu_prepass_us=0 gpu_main_us=695 gpu_composite_us=0 gpu_blit_us=0
frust_shell_common::perf: frust-perf raw n=3622 total_us=4304 rebuild_us=112 layout_us=0 paint_us=50 encode_us=23 acquire_us=124 submit_us=3994 skipped=0 gpu_q=1 gpu_total_us=667 gpu_prepass_us=0 gpu_main_us=667 gpu_composite_us=0 gpu_blit_us=0
