bench-scenario-start s8
flutter-perf raw n=2 build_us=5 raster_us=5872 total_us=5957
bench-scenario-start s8-write
flutter-perf plugin op=write type=boolT n=0 us=3149 err=0
flutter-perf plugin op=write type=boolT n=1 us=712 err=0
flutter-perf plugin op=write type=boolT n=2 us=419 err=0
flutter-perf plugin op=write type=boolT n=3 us=853 err=0
flutter-perf plugin op=write type=boolT n=4 us=422 err=0
flutter-perf plugin op=write type=boolT n=5 us=412 err=0
flutter-perf plugin op=write type=boolT n=6 us=411 err=0
flutter-perf plugin op=write type=boolT n=7 us=424 err=0
flutter-perf plugin op=write type=boolT n=8 us=360 err=0
flutter-perf plugin op=write type=boolT n=9 us=312 err=0
flutter-perf plugin op=write type=boolT n=10 us=281 err=0
flutter-perf plugin op=write type=boolT n=11 us=382 err=0
flutter-perf plugin op=write type=boolT n=12 us=401 err=0
flutter-perf plugin op=write type=boolT n=13 us=398 err=0
flutter-perf plugin op=write type=boolT n=14 us=383 err=0
flutter-perf plugin op=write type=boolT n=15 us=374 err=0
flutter-perf plugin op=write type=boolT n=16 us=2172 err=0
flutter-perf plugin op=write type=boolT n=17 us=523 err=0
flutter-perf plugin op=write type=boolT n=18 us=422 err=0
flutter-perf plugin op=write type=boolT n=19 us=385 err=0
flutter-perf plugin op=write type=boolT n=20 us=320 err=0
flutter-perf plugin op=write type=boolT n=21 us=296 err=0
flutter-perf plugin op=write type=boolT n=22 us=316 err=0
flutter-perf plugin op=write type=boolT n=23 us=285 err=0
flutter-perf plugin op=write type=boolT n=24 us=277 err=0
flutter-perf plugin op=write type=boolT n=25 us=278 err=0
flutter-perf plugin op=write type=boolT n=26 us=276 err=0
flutter-perf plugin op=write type=boolT n=27 us=284 err=0
flutter-perf plugin op=write type=boolT n=28 us=351 err=0
flutter-perf plugin op=write type=boolT n=29 us=332 err=0
flutter-perf plugin op=write type=boolT n=30 us=318 err=0
flutter-perf plugin op=write type=boolT n=31 us=312 err=0
flutter-perf plugin op=write type=boolT n=32 us=283 err=0
flutter-perf plugin op=write type=boolT n=33 us=308 err=0
flutter-perf plugin op=write type=boolT n=34 us=291 err=0
flutter-perf plugin op=write type=boolT n=35 us=275 err=0
flutter-perf plugin op=write type=boolT n=36 us=308 err=0
flutter-perf plugin op=write type=boolT n=37 us=340 err=0
flutter-perf plugin op=write type=boolT n=38 us=292 err=0
flutter-perf plugin op=write type=boolT n=39 us=272 err=0
flutter-perf plugin op=write type=boolT n=40 us=280 err=0
flutter-perf plugin op=write type=boolT n=41 us=274 err=0
flutter-perf plugin op=write type=boolT n=42 us=302 err=0
flutter-perf plugin op=write type=boolT n=43 us=317 err=0
flutter-perf plugin op=write type=boolT n=44 us=298 err=0
flutter-perf plugin op=write type=boolT n=45 us=278 err=0
flutter-perf plugin op=write type=boolT n=46 us=273 err=0
flutter-perf plugin op=write type=boolT n=47 us=294 err=0
flutter-perf plugin op=write type=boolT n=48 us=281 err=0
flutter-perf plugin op=write type=boolT n=49 us=285 err=0
flutter-perf plugin op=write type=boolT n=50 us=292 err=0
flutter-perf plugin op=write type=boolT n=51 us=295 err=0
flutter-perf plugin op=write type=boolT n=52 us=361 err=0
flutter-perf plugin op=write type=boolT n=53 us=300 err=0
flutter-perf plugin op=write type=boolT n=54 us=300 err=0
flutter-perf plugin op=write type=boolT n=55 us=323 err=0
flutter-perf plugin op=write type=boolT n=56 us=296 err=0
flutter-perf plugin op=write type=boolT n=57 us=269 err=0
flutter-perf plugin op=write type=boolT n=58 us=357 err=0
flutter-perf plugin op=write type=boolT n=59 us=371 err=0
flutter-perf plugin op=write type=boolT n=60 us=792 err=0
flutter-perf plugin op=write type=boolT n=61 us=430 err=0
flutter-perf plugin op=write type=boolT n=62 us=332 err=0
flutter-perf plugin op=write type=boolT n=63 us=302 err=0
flutter-perf plugin op=write type=boolT n=64 us=308 err=0
flutter-perf plugin op=write type=boolT n=65 us=292 err=0
flutter-perf plugin op=write type=boolT n=66 us=291 err=0
flutter-perf plugin op=write type=boolT n=67 us=285 err=0
flutter-perf plugin op=write type=boolT n=68 us=270 err=0
flutter-perf plugin op=write type=boolT n=69 us=299 err=0
flutter-perf plugin op=write type=boolT n=70 us=278 err=0
flutter-perf plugin op=write type=boolT n=71 us=298 err=0
flutter-perf plugin op=write type=boolT n=72 us=276 err=0
flutter-perf plugin op=write type=boolT n=73 us=259 err=0
flutter-perf plugin op=write type=boolT n=74 us=274 err=0
flutter-perf plugin op=write type=boolT n=75 us=278 err=0
flutter-perf plugin op=write type=boolT n=76 us=287 err=0
flutter-perf plugin op=write type=boolT n=77 us=303 err=0
flutter-perf plugin op=write type=boolT n=78 us=287 err=0
flutter-perf plugin op=write type=boolT n=79 us=296 err=0
flutter-perf plugin op=write type=boolT n=80 us=295 err=0
flutter-perf plugin op=write type=boolT n=81 us=288 err=0
flutter-perf plugin op=write type=boolT n=82 us=294 err=0
flutter-perf plugin op=write type=boolT n=83 us=315 err=0
flutter-perf plugin op=write type=boolT n=84 us=346 err=0
flutter-perf plugin op=write type=boolT n=85 us=346 err=0
flutter-perf plugin op=write type=boolT n=86 us=282 err=0
flutter-perf plugin op=write type=boolT n=87 us=296 err=0
flutter-perf plugin op=write type=boolT n=88 us=296 err=0
flutter-perf plugin op=write type=boolT n=89 us=317 err=0
flutter-perf plugin op=write type=boolT n=90 us=297 err=0
flutter-perf plugin op=write type=boolT n=91 us=294 err=0
flutter-perf plugin op=write type=boolT n=92 us=273 err=0
flutter-perf plugin op=write type=boolT n=93 us=271 err=0
flutter-perf plugin op=write type=boolT n=94 us=327 err=0
flutter-perf plugin op=write type=boolT n=95 us=294 err=0
flutter-perf plugin op=write type=boolT n=96 us=295 err=0
flutter-perf plugin op=write type=boolT n=97 us=289 err=0
flutter-perf plugin op=write type=boolT n=98 us=300 err=0
flutter-perf plugin op=write type=boolT n=99 us=280 err=0
flutter-perf plugin op=write type=boolT n=100 us=284 err=0
flutter-perf plugin op=write type=boolT n=101 us=314 err=0
flutter-perf plugin op=write type=boolT n=102 us=295 err=0
flutter-perf plugin op=write type=boolT n=103 us=289 err=0
flutter-perf plugin op=write type=boolT n=104 us=282 err=0
flutter-perf plugin op=write type=boolT n=105 us=286 err=0
flutter-perf plugin op=write type=boolT n=106 us=297 err=0
flutter-perf plugin op=write type=boolT n=107 us=289 err=0
flutter-perf plugin op=write type=boolT n=108 us=280 err=0
flutter-perf plugin op=write type=boolT n=109 us=279 err=0
flutter-perf plugin op=write type=boolT n=110 us=542 err=0
flutter-perf plugin op=write type=boolT n=111 us=305 err=0
flutter-perf plugin op=write type=boolT n=112 us=294 err=0
flutter-perf plugin op=write type=boolT n=113 us=353 err=0
flutter-perf plugin op=write type=boolT n=114 us=302 err=0
flutter-perf plugin op=write type=boolT n=115 us=300 err=0
flutter-perf plugin op=write type=boolT n=116 us=288 err=0
flutter-perf plugin op=write type=boolT n=117 us=313 err=0
flutter-perf plugin op=write type=boolT n=118 us=300 err=0
flutter-perf plugin op=write type=boolT n=119 us=302 err=0
flutter-perf plugin op=write type=boolT n=120 us=307 err=0
flutter-perf plugin op=write type=boolT n=121 us=268 err=0
flutter-perf plugin op=write type=boolT n=122 us=293 err=0
flutter-perf plugin op=write type=boolT n=123 us=296 err=0
flutter-perf plugin op=write type=boolT n=124 us=288 err=0
flutter-perf plugin op=write type=boolT n=125 us=298 err=0
flutter-perf plugin op=write type=boolT n=126 us=292 err=0
flutter-perf plugin op=write type=boolT n=127 us=286 err=0
flutter-perf plugin op=write type=boolT n=128 us=293 err=0
flutter-perf plugin op=write type=boolT n=129 us=303 err=0
flutter-perf plugin op=write type=boolT n=130 us=282 err=0
flutter-perf plugin op=write type=boolT n=131 us=296 err=0
flutter-perf plugin op=write type=boolT n=132 us=284 err=0
flutter-perf plugin op=write type=boolT n=133 us=368 err=0
flutter-perf plugin op=write type=boolT n=134 us=481 err=0
flutter-perf plugin op=write type=boolT n=135 us=342 err=0
flutter-perf plugin op=write type=boolT n=136 us=359 err=0
flutter-perf plugin op=write type=boolT n=137 us=307 err=0
flutter-perf plugin op=write type=boolT n=138 us=278 err=0
flutter-perf plugin op=write type=boolT n=139 us=289 err=0
flutter-perf plugin op=write type=boolT n=140 us=288 err=0
flutter-perf plugin op=write type=boolT n=141 us=286 err=0
flutter-perf plugin op=write type=boolT n=142 us=285 err=0
flutter-perf plugin op=write type=boolT n=143 us=271 err=0
flutter-perf plugin op=write type=boolT n=144 us=287 err=0
flutter-perf plugin op=write type=boolT n=145 us=294 err=0
flutter-perf plugin op=write type=boolT n=146 us=293 err=0
flutter-perf plugin op=write type=boolT n=147 us=281 err=0
flutter-perf plugin op=write type=boolT n=148 us=314 err=0
flutter-perf plugin op=write type=boolT n=149 us=293 err=0
flutter-perf plugin op=write type=boolT n=150 us=273 err=0
flutter-perf plugin op=write type=boolT n=151 us=286 err=0
flutter-perf plugin op=write type=boolT n=152 us=293 err=0
flutter-perf plugin op=write type=boolT n=153 us=297 err=0
flutter-perf plugin op=write type=boolT n=154 us=279 err=0
flutter-perf plugin op=write type=boolT n=155 us=289 err=0
flutter-perf plugin op=write type=boolT n=156 us=294 err=0
flutter-perf plugin op=write type=boolT n=157 us=280 err=0
flutter-perf plugin op=write type=boolT n=158 us=394 err=0
flutter-perf plugin op=write type=boolT n=159 us=314 err=0
flutter-perf plugin op=write type=boolT n=160 us=335 err=0
flutter-perf plugin op=write type=boolT n=161 us=304 err=0
flutter-perf plugin op=write type=boolT n=162 us=267 err=0
flutter-perf plugin op=write type=boolT n=163 us=285 err=0
flutter-perf plugin op=write type=boolT n=164 us=261 err=0
flutter-perf plugin op=write type=boolT n=165 us=300 err=0
flutter-perf plugin op=write type=boolT n=166 us=297 err=0
flutter-perf plugin op=write type=boolT n=167 us=274 err=0
flutter-perf plugin op=write type=boolT n=168 us=288 err=0
flutter-perf plugin op=write type=boolT n=169 us=281 err=0
flutter-perf plugin op=write type=boolT n=170 us=282 err=0
flutter-perf plugin op=write type=boolT n=171 us=283 err=0
flutter-perf plugin op=write type=boolT n=172 us=261 err=0
flutter-perf plugin op=write type=boolT n=173 us=291 err=0
flutter-perf plugin op=write type=boolT n=174 us=290 err=0
flutter-perf plugin op=write type=boolT n=175 us=268 err=0
flutter-perf plugin op=write type=boolT n=176 us=280 err=0
flutter-perf plugin op=write type=boolT n=177 us=276 err=0
flutter-perf plugin op=write type=boolT n=178 us=314 err=0
flutter-perf plugin op=write type=boolT n=179 us=293 err=0
flutter-perf plugin op=write type=boolT n=180 us=267 err=0
flutter-perf plugin op=write type=boolT n=181 us=269 err=0
flutter-perf plugin op=write type=boolT n=182 us=289 err=0
flutter-perf plugin op=write type=boolT n=183 us=280 err=0
flutter-perf plugin op=write type=boolT n=184 us=412 err=0
flutter-perf plugin op=write type=boolT n=185 us=333 err=0
flutter-perf plugin op=write type=boolT n=186 us=288 err=0
flutter-perf plugin op=write type=boolT n=187 us=317 err=0
flutter-perf plugin op=write type=boolT n=188 us=324 err=0
flutter-perf plugin op=write type=boolT n=189 us=268 err=0
flutter-perf plugin op=write type=boolT n=190 us=308 err=0
flutter-perf plugin op=write type=boolT n=191 us=286 err=0
flutter-perf plugin op=write type=boolT n=192 us=266 err=0
flutter-perf plugin op=write type=boolT n=193 us=285 err=0
flutter-perf plugin op=write type=boolT n=194 us=291 err=0
flutter-perf plugin op=write type=boolT n=195 us=287 err=0
flutter-perf plugin op=write type=boolT n=196 us=266 err=0
flutter-perf plugin op=write type=boolT n=197 us=288 err=0
flutter-perf plugin op=write type=boolT n=198 us=297 err=0
flutter-perf plugin op=write type=boolT n=199 us=280 err=0
flutter-perf plugin op=write type=intT n=0 us=383 err=0
flutter-perf plugin op=write type=intT n=1 us=295 err=0
flutter-perf plugin op=write type=intT n=2 us=266 err=0
flutter-perf plugin op=write type=intT n=3 us=300 err=0
flutter-perf plugin op=write type=intT n=4 us=295 err=0
flutter-perf plugin op=write type=intT n=5 us=285 err=0
flutter-perf plugin op=write type=intT n=6 us=290 err=0
flutter-perf plugin op=write type=intT n=7 us=276 err=0
flutter-perf plugin op=write type=intT n=8 us=278 err=0
flutter-perf plugin op=write type=intT n=9 us=461 err=0
flutter-perf plugin op=write type=intT n=10 us=287 err=0
flutter-perf plugin op=write type=intT n=11 us=259 err=0
flutter-perf plugin op=write type=intT n=12 us=271 err=0
flutter-perf plugin op=write type=intT n=13 us=286 err=0
flutter-perf plugin op=write type=intT n=14 us=267 err=0
flutter-perf raw n=3 build_us=219 raster_us=1276 total_us=9831
flutter-perf raw n=4 build_us=139 raster_us=1197 total_us=1727
flutter-perf plugin op=write type=intT n=15 us=301 err=0
flutter-perf plugin op=write type=intT n=16 us=271 err=0
flutter-perf plugin op=write type=intT n=17 us=263 err=0
flutter-perf plugin op=write type=intT n=18 us=269 err=0
flutter-perf plugin op=write type=intT n=19 us=275 err=0
flutter-perf plugin op=write type=intT n=20 us=276 err=0
flutter-perf plugin op=write type=intT n=21 us=267 err=0
flutter-perf plugin op=write type=intT n=22 us=285 err=0
flutter-perf plugin op=write type=intT n=23 us=288 err=0
flutter-perf plugin op=write type=intT n=24 us=288 err=0
flutter-perf plugin op=write type=intT n=25 us=342 err=0
flutter-perf plugin op=write type=intT n=26 us=279 err=0
flutter-perf plugin op=write type=intT n=27 us=282 err=0
flutter-perf plugin op=write type=intT n=28 us=286 err=0
flutter-perf plugin op=write type=intT n=29 us=279 err=0
flutter-perf plugin op=write type=intT n=30 us=274 err=0
flutter-perf plugin op=write type=intT n=31 us=271 err=0
flutter-perf plugin op=write type=intT n=32 us=293 err=0
flutter-perf plugin op=write type=intT n=33 us=274 err=0
flutter-perf plugin op=write type=intT n=34 us=272 err=0
flutter-perf plugin op=write type=intT n=35 us=377 err=0
flutter-perf plugin op=write type=intT n=36 us=307 err=0
flutter-perf plugin op=write type=intT n=37 us=291 err=0
flutter-perf plugin op=write type=intT n=38 us=284 err=0
flutter-perf plugin op=write type=intT n=39 us=283 err=0
flutter-perf plugin op=write type=intT n=40 us=279 err=0
flutter-perf plugin op=write type=intT n=41 us=281 err=0
flutter-perf plugin op=write type=intT n=42 us=274 err=0
flutter-perf plugin op=write type=intT n=43 us=265 err=0
flutter-perf plugin op=write type=intT n=44 us=256 err=0
flutter-perf plugin op=write type=intT n=45 us=287 err=0
flutter-perf plugin op=write type=intT n=46 us=282 err=0
flutter-perf plugin op=write type=intT n=47 us=280 err=0
flutter-perf plugin op=write type=intT n=48 us=283 err=0
flutter-perf plugin op=write type=intT n=49 us=270 err=0
flutter-perf plugin op=write type=intT n=50 us=272 err=0
flutter-perf plugin op=write type=intT n=51 us=351 err=0
flutter-perf plugin op=write type=intT n=52 us=291 err=0
flutter-perf plugin op=write type=intT n=53 us=283 err=0
flutter-perf plugin op=write type=intT n=54 us=272 err=0
flutter-perf plugin op=write type=intT n=55 us=294 err=0
flutter-perf plugin op=write type=intT n=56 us=282 err=0
flutter-perf plugin op=write type=intT n=57 us=276 err=0
flutter-perf plugin op=write type=intT n=58 us=287 err=0
flutter-perf plugin op=write type=intT n=59 us=1250 err=0
flutter-perf plugin op=write type=intT n=60 us=312 err=0
flutter-perf plugin op=write type=intT n=61 us=300 err=0
flutter-perf plugin op=write type=intT n=62 us=291 err=0
flutter-perf plugin op=write type=intT n=63 us=301 err=0
flutter-perf plugin op=write type=intT n=64 us=308 err=0
flutter-perf plugin op=write type=intT n=65 us=276 err=0
flutter-perf plugin op=write type=intT n=66 us=272 err=0
flutter-perf plugin op=write type=intT n=67 us=288 err=0
flutter-perf plugin op=write type=intT n=68 us=291 err=0
flutter-perf plugin op=write type=intT n=69 us=289 err=0
flutter-perf plugin op=write type=intT n=70 us=282 err=0
flutter-perf plugin op=write type=intT n=71 us=277 err=0
flutter-perf plugin op=write type=intT n=72 us=283 err=0
flutter-perf plugin op=write type=intT n=73 us=284 err=0
flutter-perf plugin op=write type=intT n=74 us=288 err=0
flutter-perf plugin op=write type=intT n=75 us=270 err=0
flutter-perf plugin op=write type=intT n=76 us=302 err=0
flutter-perf plugin op=write type=intT n=77 us=316 err=0
flutter-perf plugin op=write type=intT n=78 us=290 err=0
flutter-perf plugin op=write type=intT n=79 us=277 err=0
flutter-perf plugin op=write type=intT n=80 us=295 err=0
flutter-perf plugin op=write type=intT n=81 us=292 err=0
flutter-perf plugin op=write type=intT n=82 us=342 err=0
flutter-perf plugin op=write type=intT n=83 us=401 err=0
flutter-perf plugin op=write type=intT n=84 us=334 err=0
flutter-perf plugin op=write type=intT n=85 us=280 err=0
flutter-perf plugin op=write type=intT n=86 us=302 err=0
flutter-perf plugin op=write type=intT n=87 us=305 err=0
flutter-perf plugin op=write type=intT n=88 us=294 err=0
flutter-perf plugin op=write type=intT n=89 us=294 err=0
flutter-perf plugin op=write type=intT n=90 us=299 err=0
flutter-perf plugin op=write type=intT n=91 us=289 err=0
flutter-perf plugin op=write type=intT n=92 us=302 err=0
flutter-perf plugin op=write type=intT n=93 us=294 err=0
flutter-perf plugin op=write type=intT n=94 us=291 err=0
flutter-perf plugin op=write type=intT n=95 us=288 err=0
flutter-perf plugin op=write type=intT n=96 us=300 err=0
flutter-perf plugin op=write type=intT n=97 us=287 err=0
flutter-perf plugin op=write type=intT n=98 us=351 err=0
flutter-perf plugin op=write type=intT n=99 us=310 err=0
flutter-perf plugin op=write type=intT n=100 us=373 err=0
flutter-perf plugin op=write type=intT n=101 us=289 err=0
flutter-perf plugin op=write type=intT n=102 us=303 err=0
flutter-perf plugin op=write type=intT n=103 us=297 err=0
flutter-perf plugin op=write type=intT n=104 us=296 err=0
flutter-perf plugin op=write type=intT n=105 us=332 err=0
flutter-perf plugin op=write type=intT n=106 us=314 err=0
flutter-perf plugin op=write type=intT n=107 us=312 err=0
flutter-perf plugin op=write type=intT n=108 us=361 err=0
flutter-perf plugin op=write type=intT n=109 us=303 err=0
flutter-perf plugin op=write type=intT n=110 us=296 err=0
flutter-perf plugin op=write type=intT n=111 us=296 err=0
flutter-perf plugin op=write type=intT n=112 us=297 err=0
flutter-perf plugin op=write type=intT n=113 us=290 err=0
flutter-perf plugin op=write type=intT n=114 us=293 err=0
flutter-perf plugin op=write type=intT n=115 us=279 err=0
flutter-perf plugin op=write type=intT n=116 us=315 err=0
flutter-perf plugin op=write type=intT n=117 us=297 err=0
flutter-perf plugin op=write type=intT n=118 us=312 err=0
flutter-perf plugin op=write type=intT n=119 us=318 err=0
flutter-perf plugin op=write type=intT n=120 us=266 err=0
flutter-perf plugin op=write type=intT n=121 us=274 err=0
flutter-perf plugin op=write type=intT n=122 us=274 err=0
flutter-perf plugin op=write type=intT n=123 us=277 err=0
flutter-perf plugin op=write type=intT n=124 us=273 err=0
flutter-perf plugin op=write type=intT n=125 us=283 err=0
flutter-perf plugin op=write type=intT n=126 us=276 err=0
flutter-perf plugin op=write type=intT n=127 us=276 err=0
flutter-perf plugin op=write type=intT n=128 us=305 err=0
flutter-perf plugin op=write type=intT n=129 us=295 err=0
flutter-perf plugin op=write type=intT n=130 us=304 err=0
flutter-perf plugin op=write type=intT n=131 us=290 err=0
flutter-perf plugin op=write type=intT n=132 us=305 err=0
flutter-perf plugin op=write type=intT n=133 us=349 err=0
flutter-perf plugin op=write type=intT n=134 us=286 err=0
flutter-perf plugin op=write type=intT n=135 us=304 err=0
flutter-perf plugin op=write type=intT n=136 us=288 err=0
flutter-perf plugin op=write type=intT n=137 us=276 err=0
flutter-perf plugin op=write type=intT n=138 us=274 err=0
flutter-perf plugin op=write type=intT n=139 us=281 err=0
flutter-perf plugin op=write type=intT n=140 us=286 err=0
flutter-perf plugin op=write type=intT n=141 us=296 err=0
flutter-perf plugin op=write type=intT n=142 us=304 err=0
flutter-perf plugin op=write type=intT n=143 us=297 err=0
flutter-perf plugin op=write type=intT n=144 us=284 err=0
flutter-perf plugin op=write type=intT n=145 us=290 err=0
flutter-perf plugin op=write type=intT n=146 us=291 err=0
flutter-perf plugin op=write type=intT n=147 us=281 err=0
flutter-perf plugin op=write type=intT n=148 us=296 err=0
flutter-perf plugin op=write type=intT n=149 us=286 err=0
flutter-perf plugin op=write type=intT n=150 us=290 err=0
flutter-perf plugin op=write type=intT n=151 us=290 err=0
flutter-perf plugin op=write type=intT n=152 us=287 err=0
flutter-perf plugin op=write type=intT n=153 us=290 err=0
flutter-perf plugin op=write type=intT n=154 us=342 err=0
flutter-perf plugin op=write type=intT n=155 us=270 err=0
flutter-perf plugin op=write type=intT n=156 us=294 err=0
flutter-perf plugin op=write type=intT n=157 us=295 err=0
flutter-perf plugin op=write type=intT n=158 us=355 err=0
flutter-perf plugin op=write type=intT n=159 us=293 err=0
flutter-perf plugin op=write type=intT n=160 us=294 err=0
flutter-perf plugin op=write type=intT n=161 us=295 err=0
flutter-perf plugin op=write type=intT n=162 us=296 err=0
flutter-perf plugin op=write type=intT n=163 us=280 err=0
flutter-perf plugin op=write type=intT n=164 us=297 err=0
flutter-perf plugin op=write type=intT n=165 us=285 err=0
flutter-perf plugin op=write type=intT n=166 us=297 err=0
flutter-perf plugin op=write type=intT n=167 us=319 err=0
flutter-perf plugin op=write type=intT n=168 us=275 err=0
flutter-perf plugin op=write type=intT n=169 us=289 err=0
flutter-perf plugin op=write type=intT n=170 us=306 err=0
flutter-perf plugin op=write type=intT n=171 us=283 err=0
flutter-perf plugin op=write type=intT n=172 us=291 err=0
flutter-perf plugin op=write type=intT n=173 us=305 err=0
flutter-perf plugin op=write type=intT n=174 us=277 err=0
flutter-perf plugin op=write type=intT n=175 us=290 err=0
flutter-perf plugin op=write type=intT n=176 us=264 err=0
flutter-perf plugin op=write type=intT n=177 us=285 err=0
flutter-perf plugin op=write type=intT n=178 us=292 err=0
flutter-perf plugin op=write type=intT n=179 us=345 err=0
flutter-perf plugin op=write type=intT n=180 us=314 err=0
flutter-perf plugin op=write type=intT n=181 us=281 err=0
flutter-perf plugin op=write type=intT n=182 us=349 err=0
flutter-perf plugin op=write type=intT n=183 us=423 err=0
flutter-perf plugin op=write type=intT n=184 us=332 err=0
flutter-perf plugin op=write type=intT n=185 us=286 err=0
flutter-perf plugin op=write type=intT n=186 us=306 err=0
flutter-perf plugin op=write type=intT n=187 us=293 err=0
flutter-perf plugin op=write type=intT n=188 us=289 err=0
flutter-perf plugin op=write type=intT n=189 us=305 err=0
flutter-perf plugin op=write type=intT n=190 us=311 err=0
flutter-perf plugin op=write type=intT n=191 us=297 err=0
flutter-perf plugin op=write type=intT n=192 us=289 err=0
flutter-perf plugin op=write type=intT n=193 us=289 err=0
flutter-perf plugin op=write type=intT n=194 us=282 err=0
flutter-perf plugin op=write type=intT n=195 us=314 err=0
flutter-perf plugin op=write type=intT n=196 us=288 err=0
flutter-perf plugin op=write type=intT n=197 us=284 err=0
flutter-perf plugin op=write type=intT n=198 us=279 err=0
flutter-perf plugin op=write type=intT n=199 us=287 err=0
flutter-perf plugin op=write type=doubleT n=0 us=393 err=0
flutter-perf plugin op=write type=doubleT n=1 us=331 err=0
flutter-perf plugin op=write type=doubleT n=2 us=364 err=0
flutter-perf plugin op=write type=doubleT n=3 us=311 err=0
flutter-perf plugin op=write type=doubleT n=4 us=298 err=0
flutter-perf plugin op=write type=doubleT n=5 us=297 err=0
flutter-perf plugin op=write type=doubleT n=6 us=291 err=0
flutter-perf plugin op=write type=doubleT n=7 us=389 err=0
flutter-perf plugin op=write type=doubleT n=8 us=361 err=0
flutter-perf plugin op=write type=doubleT n=9 us=321 err=0
flutter-perf plugin op=write type=doubleT n=10 us=325 err=0
flutter-perf plugin op=write type=doubleT n=11 us=311 err=0
flutter-perf plugin op=write type=doubleT n=12 us=314 err=0
flutter-perf plugin op=write type=doubleT n=13 us=331 err=0
flutter-perf plugin op=write type=doubleT n=14 us=318 err=0
flutter-perf plugin op=write type=doubleT n=15 us=317 err=0
flutter-perf plugin op=write type=doubleT n=16 us=301 err=0
flutter-perf plugin op=write type=doubleT n=17 us=301 err=0
flutter-perf plugin op=write type=doubleT n=18 us=303 err=0
flutter-perf plugin op=write type=doubleT n=19 us=302 err=0
flutter-perf plugin op=write type=doubleT n=20 us=325 err=0
flutter-perf plugin op=write type=doubleT n=21 us=311 err=0
flutter-perf plugin op=write type=doubleT n=22 us=299 err=0
flutter-perf plugin op=write type=doubleT n=23 us=291 err=0
flutter-perf plugin op=write type=doubleT n=24 us=300 err=0
flutter-perf plugin op=write type=doubleT n=25 us=370 err=0
flutter-perf plugin op=write type=doubleT n=26 us=302 err=0
flutter-perf plugin op=write type=doubleT n=27 us=301 err=0
flutter-perf plugin op=write type=doubleT n=28 us=298 err=0
flutter-perf plugin op=write type=doubleT n=29 us=290 err=0
flutter-perf plugin op=write type=doubleT n=30 us=426 err=0
flutter-perf plugin op=write type=doubleT n=31 us=480 err=0
flutter-perf plugin op=write type=doubleT n=32 us=337 err=0
flutter-perf plugin op=write type=doubleT n=33 us=304 err=0
flutter-perf plugin op=write type=doubleT n=34 us=310 err=0
flutter-perf plugin op=write type=doubleT n=35 us=288 err=0
flutter-perf plugin op=write type=doubleT n=36 us=327 err=0
flutter-perf plugin op=write type=doubleT n=37 us=316 err=0
flutter-perf plugin op=write type=doubleT n=38 us=289 err=0
flutter-perf plugin op=write type=doubleT n=39 us=305 err=0
flutter-perf plugin op=write type=doubleT n=40 us=296 err=0
flutter-perf plugin op=write type=doubleT n=41 us=292 err=0
flutter-perf plugin op=write type=doubleT n=42 us=281 err=0
flutter-perf plugin op=write type=doubleT n=43 us=316 err=0
flutter-perf plugin op=write type=doubleT n=44 us=317 err=0
flutter-perf plugin op=write type=doubleT n=45 us=315 err=0
flutter-perf plugin op=write type=doubleT n=46 us=288 err=0
flutter-perf plugin op=write type=doubleT n=47 us=326 err=0
flutter-perf plugin op=write type=doubleT n=48 us=385 err=0
flutter-perf plugin op=write type=doubleT n=49 us=305 err=0
flutter-perf plugin op=write type=doubleT n=50 us=313 err=0
flutter-perf plugin op=write type=doubleT n=51 us=300 err=0
flutter-perf plugin op=write type=doubleT n=52 us=294 err=0
flutter-perf plugin op=write type=doubleT n=53 us=409 err=0
flutter-perf plugin op=write type=doubleT n=54 us=410 err=0
flutter-perf plugin op=write type=doubleT n=55 us=321 err=0
flutter-perf plugin op=write type=doubleT n=56 us=329 err=0
flutter-perf plugin op=write type=doubleT n=57 us=313 err=0
flutter-perf plugin op=write type=doubleT n=58 us=310 err=0
flutter-perf plugin op=write type=doubleT n=59 us=344 err=0
flutter-perf plugin op=write type=doubleT n=60 us=296 err=0
flutter-perf plugin op=write type=doubleT n=61 us=293 err=0
flutter-perf plugin op=write type=doubleT n=62 us=302 err=0
flutter-perf plugin op=write type=doubleT n=63 us=310 err=0
flutter-perf plugin op=write type=doubleT n=64 us=289 err=0
flutter-perf plugin op=write type=doubleT n=65 us=304 err=0
flutter-perf plugin op=write type=doubleT n=66 us=301 err=0
flutter-perf plugin op=write type=doubleT n=67 us=308 err=0
flutter-perf plugin op=write type=doubleT n=68 us=291 err=0
flutter-perf plugin op=write type=doubleT n=69 us=313 err=0
flutter-perf plugin op=write type=doubleT n=70 us=303 err=0
flutter-perf plugin op=write type=doubleT n=71 us=349 err=0
flutter-perf plugin op=write type=doubleT n=72 us=308 err=0
flutter-perf plugin op=write type=doubleT n=73 us=293 err=0
flutter-perf plugin op=write type=doubleT n=74 us=318 err=0
flutter-perf plugin op=write type=doubleT n=75 us=311 err=0
flutter-perf plugin op=write type=doubleT n=76 us=691 err=0
flutter-perf plugin op=write type=doubleT n=77 us=388 err=0
flutter-perf plugin op=write type=doubleT n=78 us=333 err=0
flutter-perf plugin op=write type=doubleT n=79 us=305 err=0
flutter-perf plugin op=write type=doubleT n=80 us=306 err=0
flutter-perf plugin op=write type=doubleT n=81 us=317 err=0
flutter-perf plugin op=write type=doubleT n=82 us=297 err=0
flutter-perf plugin op=write type=doubleT n=83 us=300 err=0
flutter-perf plugin op=write type=doubleT n=84 us=276 err=0
flutter-perf plugin op=write type=doubleT n=85 us=304 err=0
flutter-perf plugin op=write type=doubleT n=86 us=303 err=0
flutter-perf plugin op=write type=doubleT n=87 us=298 err=0
flutter-perf plugin op=write type=doubleT n=88 us=290 err=0
flutter-perf plugin op=write type=doubleT n=89 us=303 err=0
flutter-perf plugin op=write type=doubleT n=90 us=289 err=0
flutter-perf plugin op=write type=doubleT n=91 us=326 err=0
flutter-perf plugin op=write type=doubleT n=92 us=296 err=0
flutter-perf plugin op=write type=doubleT n=93 us=364 err=0
flutter-perf plugin op=write type=doubleT n=94 us=318 err=0
flutter-perf plugin op=write type=doubleT n=95 us=283 err=0
flutter-perf plugin op=write type=doubleT n=96 us=297 err=0
flutter-perf plugin op=write type=doubleT n=97 us=306 err=0
flutter-perf plugin op=write type=doubleT n=98 us=308 err=0
flutter-perf plugin op=write type=doubleT n=99 us=298 err=0
flutter-perf plugin op=write type=doubleT n=100 us=311 err=0
flutter-perf plugin op=write type=doubleT n=101 us=466 err=0
flutter-perf plugin op=write type=doubleT n=102 us=341 err=0
flutter-perf plugin op=write type=doubleT n=103 us=314 err=0
flutter-perf plugin op=write type=doubleT n=104 us=332 err=0
flutter-perf plugin op=write type=doubleT n=105 us=298 err=0
flutter-perf plugin op=write type=doubleT n=106 us=301 err=0
flutter-perf plugin op=write type=doubleT n=107 us=315 err=0
flutter-perf plugin op=write type=doubleT n=108 us=289 err=0
flutter-perf plugin op=write type=doubleT n=109 us=308 err=0
flutter-perf plugin op=write type=doubleT n=110 us=313 err=0
flutter-perf plugin op=write type=doubleT n=111 us=336 err=0
flutter-perf plugin op=write type=doubleT n=112 us=321 err=0
flutter-perf plugin op=write type=doubleT n=113 us=324 err=0
flutter-perf plugin op=write type=doubleT n=114 us=325 err=0
flutter-perf plugin op=write type=doubleT n=115 us=315 err=0
flutter-perf plugin op=write type=doubleT n=116 us=329 err=0
flutter-perf plugin op=write type=doubleT n=117 us=315 err=0
flutter-perf plugin op=write type=doubleT n=118 us=306 err=0
flutter-perf plugin op=write type=doubleT n=119 us=306 err=0
flutter-perf plugin op=write type=doubleT n=120 us=321 err=0
flutter-perf plugin op=write type=doubleT n=121 us=296 err=0
flutter-perf plugin op=write type=doubleT n=122 us=315 err=0
flutter-perf plugin op=write type=doubleT n=123 us=384 err=0
flutter-perf plugin op=write type=doubleT n=124 us=408 err=0
flutter-perf plugin op=write type=doubleT n=125 us=343 err=0
flutter-perf plugin op=write type=doubleT n=126 us=337 err=0
flutter-perf plugin op=write type=doubleT n=127 us=318 err=0
flutter-perf plugin op=write type=doubleT n=128 us=321 err=0
flutter-perf plugin op=write type=doubleT n=129 us=304 err=0
flutter-perf plugin op=write type=doubleT n=130 us=298 err=0
flutter-perf plugin op=write type=doubleT n=131 us=300 err=0
flutter-perf plugin op=write type=doubleT n=132 us=306 err=0
flutter-perf plugin op=write type=doubleT n=133 us=312 err=0
flutter-perf plugin op=write type=doubleT n=134 us=296 err=0
flutter-perf plugin op=write type=doubleT n=135 us=317 err=0
flutter-perf plugin op=write type=doubleT n=136 us=305 err=0
flutter-perf plugin op=write type=doubleT n=137 us=319 err=0
flutter-perf plugin op=write type=doubleT n=138 us=302 err=0
flutter-perf plugin op=write type=doubleT n=139 us=342 err=0
flutter-perf plugin op=write type=doubleT n=140 us=293 err=0
flutter-perf plugin op=write type=doubleT n=141 us=306 err=0
flutter-perf plugin op=write type=doubleT n=142 us=324 err=0
flutter-perf plugin op=write type=doubleT n=143 us=310 err=0
flutter-perf plugin op=write type=doubleT n=144 us=313 err=0
flutter-perf plugin op=write type=doubleT n=145 us=303 err=0
flutter-perf plugin op=write type=doubleT n=146 us=311 err=0
flutter-perf plugin op=write type=doubleT n=147 us=293 err=0
flutter-perf plugin op=write type=doubleT n=148 us=487 err=0
flutter-perf plugin op=write type=doubleT n=149 us=304 err=0
flutter-perf plugin op=write type=doubleT n=150 us=350 err=0
flutter-perf plugin op=write type=doubleT n=151 us=316 err=0
flutter-perf plugin op=write type=doubleT n=152 us=306 err=0
flutter-perf plugin op=write type=doubleT n=153 us=303 err=0
flutter-perf plugin op=write type=doubleT n=154 us=300 err=0
flutter-perf plugin op=write type=doubleT n=155 us=302 err=0
flutter-perf plugin op=write type=doubleT n=156 us=298 err=0
flutter-perf plugin op=write type=doubleT n=157 us=312 err=0
flutter-perf plugin op=write type=doubleT n=158 us=329 err=0
flutter-perf plugin op=write type=doubleT n=159 us=304 err=0
flutter-perf plugin op=write type=doubleT n=160 us=312 err=0
flutter-perf plugin op=write type=doubleT n=161 us=372 err=0
flutter-perf plugin op=write type=doubleT n=162 us=312 err=0
flutter-perf plugin op=write type=doubleT n=163 us=299 err=0
flutter-perf plugin op=write type=doubleT n=164 us=303 err=0
flutter-perf plugin op=write type=doubleT n=165 us=288 err=0
flutter-perf plugin op=write type=doubleT n=166 us=293 err=0
flutter-perf plugin op=write type=doubleT n=167 us=315 err=0
flutter-perf plugin op=write type=doubleT n=168 us=287 err=0
flutter-perf plugin op=write type=doubleT n=169 us=288 err=0
flutter-perf plugin op=write type=doubleT n=170 us=307 err=0
flutter-perf plugin op=write type=doubleT n=171 us=329 err=0
flutter-perf plugin op=write type=doubleT n=172 us=400 err=0
flutter-perf plugin op=write type=doubleT n=173 us=334 err=0
flutter-perf plugin op=write type=doubleT n=174 us=309 err=0
flutter-perf plugin op=write type=doubleT n=175 us=326 err=0
flutter-perf plugin op=write type=doubleT n=176 us=288 err=0
flutter-perf plugin op=write type=doubleT n=177 us=302 err=0
flutter-perf plugin op=write type=doubleT n=178 us=292 err=0
flutter-perf plugin op=write type=doubleT n=179 us=298 err=0
flutter-perf plugin op=write type=doubleT n=180 us=299 err=0
flutter-perf plugin op=write type=doubleT n=181 us=309 err=0
flutter-perf plugin op=write type=doubleT n=182 us=303 err=0
flutter-perf plugin op=write type=doubleT n=183 us=292 err=0
flutter-perf plugin op=write type=doubleT n=184 us=287 err=0
flutter-perf plugin op=write type=doubleT n=185 us=317 err=0
flutter-perf plugin op=write type=doubleT n=186 us=302 err=0
flutter-perf plugin op=write type=doubleT n=187 us=281 err=0
flutter-perf plugin op=write type=doubleT n=188 us=293 err=0
flutter-perf plugin op=write type=doubleT n=189 us=300 err=0
flutter-perf plugin op=write type=doubleT n=190 us=289 err=0
flutter-perf plugin op=write type=doubleT n=191 us=292 err=0
flutter-perf plugin op=write type=doubleT n=192 us=302 err=0
flutter-perf plugin op=write type=doubleT n=193 us=298 err=0
flutter-perf plugin op=write type=doubleT n=194 us=282 err=0
flutter-perf plugin op=write type=doubleT n=195 us=360 err=0
flutter-perf plugin op=write type=doubleT n=196 us=413 err=0
flutter-perf plugin op=write type=doubleT n=197 us=364 err=0
flutter-perf plugin op=write type=doubleT n=198 us=295 err=0
flutter-perf plugin op=write type=doubleT n=199 us=301 err=0
flutter-perf plugin op=write type=stringT n=0 us=298 err=0
flutter-perf plugin op=write type=stringT n=1 us=278 err=0
flutter-perf plugin op=write type=stringT n=2 us=278 err=0
flutter-perf plugin op=write type=stringT n=3 us=259 err=0
flutter-perf plugin op=write type=stringT n=4 us=269 err=0
flutter-perf plugin op=write type=stringT n=5 us=262 err=0
flutter-perf plugin op=write type=stringT n=6 us=290 err=0
flutter-perf plugin op=write type=stringT n=7 us=264 err=0
flutter-perf plugin op=write type=stringT n=8 us=273 err=0
flutter-perf plugin op=write type=stringT n=9 us=316 err=0
flutter-perf plugin op=write type=stringT n=10 us=283 err=0
flutter-perf plugin op=write type=stringT n=11 us=265 err=0
flutter-perf plugin op=write type=stringT n=12 us=284 err=0
flutter-perf plugin op=write type=stringT n=13 us=276 err=0
flutter-perf plugin op=write type=stringT n=14 us=270 err=0
flutter-perf plugin op=write type=stringT n=15 us=288 err=0
flutter-perf plugin op=write type=stringT n=16 us=771 err=0
flutter-perf plugin op=write type=stringT n=17 us=309 err=0
flutter-perf plugin op=write type=stringT n=18 us=278 err=0
flutter-perf plugin op=write type=stringT n=19 us=280 err=0
flutter-perf plugin op=write type=stringT n=20 us=383 err=0
flutter-perf plugin op=write type=stringT n=21 us=322 err=0
flutter-perf plugin op=write type=stringT n=22 us=284 err=0
flutter-perf plugin op=write type=stringT n=23 us=290 err=0
flutter-perf plugin op=write type=stringT n=24 us=282 err=0
flutter-perf plugin op=write type=stringT n=25 us=282 err=0
flutter-perf plugin op=write type=stringT n=26 us=285 err=0
flutter-perf plugin op=write type=stringT n=27 us=286 err=0
flutter-perf plugin op=write type=stringT n=28 us=286 err=0
flutter-perf plugin op=write type=stringT n=29 us=287 err=0
flutter-perf plugin op=write type=stringT n=30 us=282 err=0
flutter-perf plugin op=write type=stringT n=31 us=280 err=0
flutter-perf plugin op=write type=stringT n=32 us=282 err=0
flutter-perf plugin op=write type=stringT n=33 us=325 err=0
flutter-perf plugin op=write type=stringT n=34 us=292 err=0
flutter-perf plugin op=write type=stringT n=35 us=285 err=0
flutter-perf plugin op=write type=stringT n=36 us=292 err=0
flutter-perf plugin op=write type=stringT n=37 us=294 err=0
flutter-perf plugin op=write type=stringT n=38 us=277 err=0
flutter-perf plugin op=write type=stringT n=39 us=291 err=0
flutter-perf plugin op=write type=stringT n=40 us=295 err=0
flutter-perf plugin op=write type=stringT n=41 us=285 err=0
flutter-perf plugin op=write type=stringT n=42 us=282 err=0
flutter-perf plugin op=write type=stringT n=43 us=310 err=0
flutter-perf plugin op=write type=stringT n=44 us=293 err=0
flutter-perf plugin op=write type=stringT n=45 us=318 err=0
flutter-perf plugin op=write type=stringT n=46 us=337 err=0
flutter-perf plugin op=write type=stringT n=47 us=287 err=0
flutter-perf plugin op=write type=stringT n=48 us=283 err=0
flutter-perf plugin op=write type=stringT n=49 us=268 err=0
flutter-perf plugin op=write type=stringT n=50 us=298 err=0
flutter-perf plugin op=write type=stringT n=51 us=255 err=0
flutter-perf plugin op=write type=stringT n=52 us=248 err=0
flutter-perf plugin op=write type=stringT n=53 us=262 err=0
flutter-perf plugin op=write type=stringT n=54 us=240 err=0
flutter-perf plugin op=write type=stringT n=55 us=256 err=0
flutter-perf plugin op=write type=stringT n=56 us=252 err=0
flutter-perf plugin op=write type=stringT n=57 us=239 err=0
flutter-perf plugin op=write type=stringT n=58 us=244 err=0
flutter-perf plugin op=write type=stringT n=59 us=280 err=0
flutter-perf plugin op=write type=stringT n=60 us=242 err=0
flutter-perf plugin op=write type=stringT n=61 us=258 err=0
flutter-perf plugin op=write type=stringT n=62 us=262 err=0
flutter-perf plugin op=write type=stringT n=63 us=268 err=0
flutter-perf plugin op=write type=stringT n=64 us=264 err=0
flutter-perf plugin op=write type=stringT n=65 us=246 err=0
flutter-perf plugin op=write type=stringT n=66 us=264 err=0
flutter-perf plugin op=write type=stringT n=67 us=263 err=0
flutter-perf plugin op=write type=stringT n=68 us=268 err=0
flutter-perf plugin op=write type=stringT n=69 us=262 err=0
flutter-perf plugin op=write type=stringT n=70 us=253 err=0
flutter-perf plugin op=write type=stringT n=71 us=254 err=0
flutter-perf plugin op=write type=stringT n=72 us=264 err=0
flutter-perf plugin op=write type=stringT n=73 us=299 err=0
flutter-perf plugin op=write type=stringT n=74 us=337 err=0
flutter-perf plugin op=write type=stringT n=75 us=290 err=0
flutter-perf plugin op=write type=stringT n=76 us=271 err=0
flutter-perf plugin op=write type=stringT n=77 us=274 err=0
flutter-perf plugin op=write type=stringT n=78 us=266 err=0
flutter-perf plugin op=write type=stringT n=79 us=259 err=0
flutter-perf plugin op=write type=stringT n=80 us=248 err=0
flutter-perf plugin op=write type=stringT n=81 us=261 err=0
flutter-perf plugin op=write type=stringT n=82 us=270 err=0
flutter-perf plugin op=write type=stringT n=83 us=277 err=0
flutter-perf plugin op=write type=stringT n=84 us=256 err=0
flutter-perf plugin op=write type=stringT n=85 us=262 err=0
flutter-perf plugin op=write type=stringT n=86 us=263 err=0
flutter-perf plugin op=write type=stringT n=87 us=246 err=0
flutter-perf plugin op=write type=stringT n=88 us=269 err=0
flutter-perf plugin op=write type=stringT n=89 us=248 err=0
flutter-perf plugin op=write type=stringT n=90 us=243 err=0
flutter-perf plugin op=write type=stringT n=91 us=261 err=0
flutter-perf plugin op=write type=stringT n=92 us=267 err=0
flutter-perf plugin op=write type=stringT n=93 us=262 err=0
flutter-perf plugin op=write type=stringT n=94 us=266 err=0
flutter-perf plugin op=write type=stringT n=95 us=252 err=0
flutter-perf plugin op=write type=stringT n=96 us=247 err=0
flutter-perf plugin op=write type=stringT n=97 us=266 err=0
flutter-perf plugin op=write type=stringT n=98 us=257 err=0
flutter-perf plugin op=write type=stringT n=99 us=256 err=0
flutter-perf plugin op=write type=stringT n=100 us=373 err=0
flutter-perf plugin op=write type=stringT n=101 us=375 err=0
flutter-perf plugin op=write type=stringT n=102 us=300 err=0
flutter-perf plugin op=write type=stringT n=103 us=274 err=0
flutter-perf plugin op=write type=stringT n=104 us=269 err=0
flutter-perf plugin op=write type=stringT n=105 us=283 err=0
flutter-perf plugin op=write type=stringT n=106 us=255 err=0
flutter-perf plugin op=write type=stringT n=107 us=285 err=0
flutter-perf plugin op=write type=stringT n=108 us=308 err=0
flutter-perf plugin op=write type=stringT n=109 us=224 err=0
flutter-perf plugin op=write type=stringT n=110 us=241 err=0
flutter-perf plugin op=write type=stringT n=111 us=210 err=0
flutter-perf plugin op=write type=stringT n=112 us=258 err=0
flutter-perf plugin op=write type=stringT n=113 us=248 err=0
flutter-perf plugin op=write type=stringT n=114 us=217 err=0
flutter-perf plugin op=write type=stringT n=115 us=216 err=0
flutter-perf plugin op=write type=stringT n=116 us=219 err=0
flutter-perf plugin op=write type=stringT n=117 us=223 err=0
flutter-perf plugin op=write type=stringT n=118 us=202 err=0
flutter-perf plugin op=write type=stringT n=119 us=208 err=0
flutter-perf plugin op=write type=stringT n=120 us=223 err=0
flutter-perf plugin op=write type=stringT n=121 us=210 err=0
flutter-perf plugin op=write type=stringT n=122 us=202 err=0
flutter-perf plugin op=write type=stringT n=123 us=234 err=0
flutter-perf plugin op=write type=stringT n=124 us=203 err=0
flutter-perf plugin op=write type=stringT n=125 us=208 err=0
flutter-perf plugin op=write type=stringT n=126 us=205 err=0
flutter-perf plugin op=write type=stringT n=127 us=197 err=0
flutter-perf plugin op=write type=stringT n=128 us=196 err=0
flutter-perf plugin op=write type=stringT n=129 us=236 err=0
flutter-perf plugin op=write type=stringT n=130 us=204 err=0
flutter-perf plugin op=write type=stringT n=131 us=198 err=0
flutter-perf plugin op=write type=stringT n=132 us=281 err=0
flutter-perf plugin op=write type=stringT n=133 us=244 err=0
flutter-perf plugin op=write type=stringT n=134 us=209 err=0
flutter-perf plugin op=write type=stringT n=135 us=275 err=0
flutter-perf plugin op=write type=stringT n=136 us=221 err=0
flutter-perf plugin op=write type=stringT n=137 us=218 err=0
flutter-perf plugin op=write type=stringT n=138 us=220 err=0
flutter-perf plugin op=write type=stringT n=139 us=226 err=0
flutter-perf plugin op=write type=stringT n=140 us=213 err=0
flutter-perf plugin op=write type=stringT n=141 us=219 err=0
flutter-perf plugin op=write type=stringT n=142 us=229 err=0
flutter-perf plugin op=write type=stringT n=143 us=214 err=0
flutter-perf plugin op=write type=stringT n=144 us=392 err=0
flutter-perf plugin op=write type=stringT n=145 us=227 err=0
flutter-perf plugin op=write type=stringT n=146 us=226 err=0
flutter-perf plugin op=write type=stringT n=147 us=211 err=0
flutter-perf plugin op=write type=stringT n=148 us=228 err=0
flutter-perf plugin op=write type=stringT n=149 us=210 err=0
flutter-perf plugin op=write type=stringT n=150 us=215 err=0
flutter-perf plugin op=write type=stringT n=151 us=230 err=0
flutter-perf plugin op=write type=stringT n=152 us=221 err=0
flutter-perf plugin op=write type=stringT n=153 us=218 err=0
flutter-perf plugin op=write type=stringT n=154 us=215 err=0
flutter-perf plugin op=write type=stringT n=155 us=223 err=0
flutter-perf plugin op=write type=stringT n=156 us=226 err=0
flutter-perf plugin op=write type=stringT n=157 us=233 err=0
flutter-perf plugin op=write type=stringT n=158 us=227 err=0
flutter-perf plugin op=write type=stringT n=159 us=222 err=0
flutter-perf plugin op=write type=stringT n=160 us=246 err=0
flutter-perf plugin op=write type=stringT n=161 us=284 err=0
flutter-perf plugin op=write type=stringT n=162 us=298 err=0
flutter-perf plugin op=write type=stringT n=163 us=899 err=0
flutter-perf plugin op=write type=stringT n=164 us=384 err=0
flutter-perf plugin op=write type=stringT n=165 us=245 err=0
flutter-perf plugin op=write type=stringT n=166 us=237 err=0
flutter-perf plugin op=write type=stringT n=167 us=249 err=0
flutter-perf plugin op=write type=stringT n=168 us=228 err=0
flutter-perf plugin op=write type=stringT n=169 us=245 err=0
flutter-perf plugin op=write type=stringT n=170 us=235 err=0
flutter-perf plugin op=write type=stringT n=171 us=228 err=0
flutter-perf plugin op=write type=stringT n=172 us=256 err=0
flutter-perf plugin op=write type=stringT n=173 us=216 err=0
flutter-perf plugin op=write type=stringT n=174 us=223 err=0
flutter-perf plugin op=write type=stringT n=175 us=199 err=0
flutter-perf plugin op=write type=stringT n=176 us=221 err=0
flutter-perf plugin op=write type=stringT n=177 us=223 err=0
flutter-perf plugin op=write type=stringT n=178 us=207 err=0
flutter-perf plugin op=write type=stringT n=179 us=225 err=0
flutter-perf plugin op=write type=stringT n=180 us=220 err=0
flutter-perf plugin op=write type=stringT n=181 us=208 err=0
flutter-perf plugin op=write type=stringT n=182 us=218 err=0
flutter-perf plugin op=write type=stringT n=183 us=219 err=0
flutter-perf plugin op=write type=stringT n=184 us=218 err=0
flutter-perf plugin op=write type=stringT n=185 us=213 err=0
flutter-perf plugin op=write type=stringT n=186 us=240 err=0
flutter-perf plugin op=write type=stringT n=187 us=256 err=0
flutter-perf plugin op=write type=stringT n=188 us=210 err=0
flutter-perf plugin op=write type=stringT n=189 us=232 err=0
flutter-perf plugin op=write type=stringT n=190 us=217 err=0
flutter-perf plugin op=write type=stringT n=191 us=291 err=0
flutter-perf plugin op=write type=stringT n=192 us=323 err=0
flutter-perf plugin op=write type=stringT n=193 us=251 err=0
flutter-perf plugin op=write type=stringT n=194 us=240 err=0
flutter-perf plugin op=write type=stringT n=195 us=232 err=0
flutter-perf plugin op=write type=stringT n=196 us=250 err=0
flutter-perf plugin op=write type=stringT n=197 us=230 err=0
flutter-perf plugin op=write type=stringT n=198 us=230 err=0
flutter-perf plugin op=write type=stringT n=199 us=248 err=0
flutter-perf plugin op=write type=stringListT n=0 us=383 err=0
flutter-perf plugin op=write type=stringListT n=1 us=368 err=0
flutter-perf plugin op=write type=stringListT n=2 us=273 err=0
flutter-perf plugin op=write type=stringListT n=3 us=244 err=0
flutter-perf plugin op=write type=stringListT n=4 us=244 err=0
flutter-perf plugin op=write type=stringListT n=5 us=313 err=0
flutter-perf plugin op=write type=stringListT n=6 us=255 err=0
flutter-perf plugin op=write type=stringListT n=7 us=249 err=0
flutter-perf plugin op=write type=stringListT n=8 us=255 err=0
flutter-perf plugin op=write type=stringListT n=9 us=246 err=0
flutter-perf plugin op=write type=stringListT n=10 us=276 err=0
flutter-perf plugin op=write type=stringListT n=11 us=264 err=0
flutter-perf plugin op=write type=stringListT n=12 us=255 err=0
flutter-perf plugin op=write type=stringListT n=13 us=260 err=0
flutter-perf plugin op=write type=stringListT n=14 us=274 err=0
flutter-perf plugin op=write type=stringListT n=15 us=252 err=0
flutter-perf plugin op=write type=stringListT n=16 us=246 err=0
flutter-perf plugin op=write type=stringListT n=17 us=325 err=0
flutter-perf plugin op=write type=stringListT n=18 us=225 err=0
flutter-perf plugin op=write type=stringListT n=19 us=740 err=0
flutter-perf plugin op=write type=stringListT n=20 us=332 err=0
flutter-perf plugin op=write type=stringListT n=21 us=294 err=0
flutter-perf plugin op=write type=stringListT n=22 us=265 err=0
flutter-perf plugin op=write type=stringListT n=23 us=249 err=0
flutter-perf plugin op=write type=stringListT n=24 us=268 err=0
flutter-perf plugin op=write type=stringListT n=25 us=338 err=0
flutter-perf plugin op=write type=stringListT n=26 us=308 err=0
flutter-perf plugin op=write type=stringListT n=27 us=305 err=0
flutter-perf plugin op=write type=stringListT n=28 us=347 err=0
flutter-perf plugin op=write type=stringListT n=29 us=337 err=0
flutter-perf plugin op=write type=stringListT n=30 us=292 err=0
flutter-perf plugin op=write type=stringListT n=31 us=317 err=0
flutter-perf plugin op=write type=stringListT n=32 us=451 err=0
flutter-perf plugin op=write type=stringListT n=33 us=320 err=0
flutter-perf plugin op=write type=stringListT n=34 us=298 err=0
flutter-perf plugin op=write type=stringListT n=35 us=334 err=0
flutter-perf plugin op=write type=stringListT n=36 us=309 err=0
flutter-perf plugin op=write type=stringListT n=37 us=259 err=0
flutter-perf plugin op=write type=stringListT n=38 us=275 err=0
flutter-perf plugin op=write type=stringListT n=39 us=266 err=0
flutter-perf plugin op=write type=stringListT n=40 us=893 err=0
flutter-perf plugin op=write type=stringListT n=41 us=235 err=0
flutter-perf plugin op=write type=stringListT n=42 us=426 err=0
flutter-perf plugin op=write type=stringListT n=43 us=328 err=0
flutter-perf plugin op=write type=stringListT n=44 us=273 err=0
flutter-perf plugin op=write type=stringListT n=45 us=218 err=0
flutter-perf plugin op=write type=stringListT n=46 us=290 err=0
flutter-perf plugin op=write type=stringListT n=47 us=260 err=0
flutter-perf plugin op=write type=stringListT n=48 us=230 err=0
flutter-perf plugin op=write type=stringListT n=49 us=236 err=0
flutter-perf plugin op=write type=stringListT n=50 us=235 err=0
flutter-perf plugin op=write type=stringListT n=51 us=229 err=0
flutter-perf plugin op=write type=stringListT n=52 us=231 err=0
flutter-perf plugin op=write type=stringListT n=53 us=239 err=0
flutter-perf plugin op=write type=stringListT n=54 us=247 err=0
flutter-perf plugin op=write type=stringListT n=55 us=250 err=0
flutter-perf plugin op=write type=stringListT n=56 us=308 err=0
flutter-perf plugin op=write type=stringListT n=57 us=251 err=0
flutter-perf plugin op=write type=stringListT n=58 us=232 err=0
flutter-perf plugin op=write type=stringListT n=59 us=254 err=0
flutter-perf plugin op=write type=stringListT n=60 us=287 err=0
flutter-perf plugin op=write type=stringListT n=61 us=250 err=0
flutter-perf plugin op=write type=stringListT n=62 us=250 err=0
flutter-perf plugin op=write type=stringListT n=63 us=227 err=0
flutter-perf plugin op=write type=stringListT n=64 us=284 err=0
flutter-perf plugin op=write type=stringListT n=65 us=259 err=0
flutter-perf plugin op=write type=stringListT n=66 us=355 err=0
flutter-perf plugin op=write type=stringListT n=67 us=224 err=0
flutter-perf plugin op=write type=stringListT n=68 us=261 err=0
flutter-perf plugin op=write type=stringListT n=69 us=212 err=0
flutter-perf plugin op=write type=stringListT n=70 us=208 err=0
flutter-perf plugin op=write type=stringListT n=71 us=228 err=0
flutter-perf plugin op=write type=stringListT n=72 us=276 err=0
flutter-perf plugin op=write type=stringListT n=73 us=317 err=0
flutter-perf plugin op=write type=stringListT n=74 us=296 err=0
flutter-perf plugin op=write type=stringListT n=75 us=258 err=0
flutter-perf plugin op=write type=stringListT n=76 us=255 err=0
flutter-perf plugin op=write type=stringListT n=77 us=259 err=0
flutter-perf plugin op=write type=stringListT n=78 us=257 err=0
flutter-perf plugin op=write type=stringListT n=79 us=245 err=0
flutter-perf plugin op=write type=stringListT n=80 us=257 err=0
flutter-perf plugin op=write type=stringListT n=81 us=253 err=0
flutter-perf plugin op=write type=stringListT n=82 us=252 err=0
flutter-perf plugin op=write type=stringListT n=83 us=366 err=0
flutter-perf plugin op=write type=stringListT n=84 us=295 err=0
flutter-perf plugin op=write type=stringListT n=85 us=297 err=0
flutter-perf plugin op=write type=stringListT n=86 us=309 err=0
flutter-perf plugin op=write type=stringListT n=87 us=266 err=0
flutter-perf plugin op=write type=stringListT n=88 us=254 err=0
flutter-perf plugin op=write type=stringListT n=89 us=264 err=0
flutter-perf plugin op=write type=stringListT n=90 us=259 err=0
flutter-perf plugin op=write type=stringListT n=91 us=274 err=0
flutter-perf plugin op=write type=stringListT n=92 us=801 err=0
flutter-perf plugin op=write type=stringListT n=93 us=211 err=0
flutter-perf plugin op=write type=stringListT n=94 us=408 err=0
flutter-perf plugin op=write type=stringListT n=95 us=359 err=0
flutter-perf plugin op=write type=stringListT n=96 us=234 err=0
flutter-perf plugin op=write type=stringListT n=97 us=238 err=0
flutter-perf plugin op=write type=stringListT n=98 us=213 err=0
flutter-perf plugin op=write type=stringListT n=99 us=201 err=0
flutter-perf plugin op=write type=stringListT n=100 us=198 err=0
flutter-perf plugin op=write type=stringListT n=101 us=206 err=0
flutter-perf plugin op=write type=stringListT n=102 us=196 err=0
flutter-perf plugin op=write type=stringListT n=103 us=194 err=0
flutter-perf plugin op=write type=stringListT n=104 us=205 err=0
flutter-perf plugin op=write type=stringListT n=105 us=196 err=0
flutter-perf plugin op=write type=stringListT n=106 us=213 err=0
flutter-perf plugin op=write type=stringListT n=107 us=201 err=0
flutter-perf plugin op=write type=stringListT n=108 us=193 err=0
flutter-perf plugin op=write type=stringListT n=109 us=194 err=0
flutter-perf plugin op=write type=stringListT n=110 us=199 err=0
flutter-perf plugin op=write type=stringListT n=111 us=250 err=0
flutter-perf plugin op=write type=stringListT n=112 us=219 err=0
flutter-perf plugin op=write type=stringListT n=113 us=187 err=0
flutter-perf plugin op=write type=stringListT n=114 us=223 err=0
flutter-perf plugin op=write type=stringListT n=115 us=213 err=0
flutter-perf plugin op=write type=stringListT n=116 us=199 err=0
flutter-perf plugin op=write type=stringListT n=117 us=198 err=0
flutter-perf plugin op=write type=stringListT n=118 us=205 err=0
flutter-perf plugin op=write type=stringListT n=119 us=207 err=0
flutter-perf plugin op=write type=stringListT n=120 us=204 err=0
flutter-perf plugin op=write type=stringListT n=121 us=212 err=0
flutter-perf plugin op=write type=stringListT n=122 us=199 err=0
flutter-perf plugin op=write type=stringListT n=123 us=734 err=0
flutter-perf plugin op=write type=stringListT n=124 us=494 err=0
flutter-perf plugin op=write type=stringListT n=125 us=380 err=0
flutter-perf plugin op=write type=stringListT n=126 us=259 err=0
flutter-perf plugin op=write type=stringListT n=127 us=205 err=0
flutter-perf plugin op=write type=stringListT n=128 us=213 err=0
flutter-perf plugin op=write type=stringListT n=129 us=203 err=0
flutter-perf plugin op=write type=stringListT n=130 us=209 err=0
flutter-perf plugin op=write type=stringListT n=131 us=208 err=0
flutter-perf plugin op=write type=stringListT n=132 us=203 err=0
flutter-perf plugin op=write type=stringListT n=133 us=200 err=0
flutter-perf plugin op=write type=stringListT n=134 us=209 err=0
flutter-perf plugin op=write type=stringListT n=135 us=197 err=0
flutter-perf plugin op=write type=stringListT n=136 us=213 err=0
flutter-perf plugin op=write type=stringListT n=137 us=204 err=0
flutter-perf plugin op=write type=stringListT n=138 us=199 err=0
flutter-perf plugin op=write type=stringListT n=139 us=211 err=0
flutter-perf plugin op=write type=stringListT n=140 us=299 err=0
flutter-perf plugin op=write type=stringListT n=141 us=248 err=0
flutter-perf plugin op=write type=stringListT n=142 us=244 err=0
flutter-perf plugin op=write type=stringListT n=143 us=206 err=0
flutter-perf plugin op=write type=stringListT n=144 us=204 err=0
flutter-perf plugin op=write type=stringListT n=145 us=210 err=0
flutter-perf plugin op=write type=stringListT n=146 us=202 err=0
flutter-perf plugin op=write type=stringListT n=147 us=206 err=0
flutter-perf plugin op=write type=stringListT n=148 us=209 err=0
flutter-perf plugin op=write type=stringListT n=149 us=227 err=0
flutter-perf plugin op=write type=stringListT n=150 us=211 err=0
flutter-perf plugin op=write type=stringListT n=151 us=272 err=0
flutter-perf plugin op=write type=stringListT n=152 us=659 err=0
flutter-perf plugin op=write type=stringListT n=153 us=388 err=0
flutter-perf plugin op=write type=stringListT n=154 us=263 err=0
flutter-perf plugin op=write type=stringListT n=155 us=328 err=0
flutter-perf plugin op=write type=stringListT n=156 us=230 err=0
flutter-perf plugin op=write type=stringListT n=157 us=209 err=0
flutter-perf plugin op=write type=stringListT n=158 us=205 err=0
flutter-perf plugin op=write type=stringListT n=159 us=196 err=0
flutter-perf plugin op=write type=stringListT n=160 us=206 err=0
flutter-perf plugin op=write type=stringListT n=161 us=201 err=0
flutter-perf plugin op=write type=stringListT n=162 us=201 err=0
flutter-perf plugin op=write type=stringListT n=163 us=229 err=0
flutter-perf plugin op=write type=stringListT n=164 us=199 err=0
flutter-perf plugin op=write type=stringListT n=165 us=203 err=0
flutter-perf plugin op=write type=stringListT n=166 us=209 err=0
flutter-perf plugin op=write type=stringListT n=167 us=202 err=0
flutter-perf plugin op=write type=stringListT n=168 us=208 err=0
flutter-perf plugin op=write type=stringListT n=169 us=219 err=0
flutter-perf plugin op=write type=stringListT n=170 us=271 err=0
flutter-perf plugin op=write type=stringListT n=171 us=252 err=0
flutter-perf plugin op=write type=stringListT n=172 us=217 err=0
flutter-perf plugin op=write type=stringListT n=173 us=221 err=0
flutter-perf plugin op=write type=stringListT n=174 us=216 err=0
flutter-perf plugin op=write type=stringListT n=175 us=212 err=0
flutter-perf plugin op=write type=stringListT n=176 us=212 err=0
flutter-perf plugin op=write type=stringListT n=177 us=248 err=0
flutter-perf plugin op=write type=stringListT n=178 us=228 err=0
flutter-perf plugin op=write type=stringListT n=179 us=208 err=0
flutter-perf plugin op=write type=stringListT n=180 us=208 err=0
flutter-perf plugin op=write type=stringListT n=181 us=785 err=0
flutter-perf plugin op=write type=stringListT n=182 us=250 err=0
flutter-perf plugin op=write type=stringListT n=183 us=320 err=0
flutter-perf plugin op=write type=stringListT n=184 us=402 err=0
flutter-perf plugin op=write type=stringListT n=185 us=218 err=0
flutter-perf plugin op=write type=stringListT n=186 us=214 err=0
flutter-perf plugin op=write type=stringListT n=187 us=206 err=0
flutter-perf plugin op=write type=stringListT n=188 us=197 err=0
flutter-perf plugin op=write type=stringListT n=189 us=204 err=0
flutter-perf plugin op=write type=stringListT n=190 us=213 err=0
flutter-perf plugin op=write type=stringListT n=191 us=203 err=0
flutter-perf plugin op=write type=stringListT n=192 us=209 err=0
flutter-perf plugin op=write type=stringListT n=193 us=226 err=0
flutter-perf plugin op=write type=stringListT n=194 us=206 err=0
flutter-perf plugin op=write type=stringListT n=195 us=194 err=0
flutter-perf plugin op=write type=stringListT n=196 us=208 err=0
flutter-perf plugin op=write type=stringListT n=197 us=206 err=0
flutter-perf plugin op=write type=stringListT n=198 us=199 err=0
flutter-perf plugin op=write type=stringListT n=199 us=226 err=0
bench-scenario-end s8-write
bench-scenario-start s8-read-cached
flutter-perf plugin op=read_cached type=boolT n=0 us=2 err=0
flutter-perf plugin op=read_cached type=boolT n=1 us=0 err=0
flutter-perf plugin op=read_cached type=boolT n=2 us=24 err=0
flutter-perf plugin op=read_cached type=boolT n=3 us=0 err=0
flutter-perf plugin op=read_cached type=boolT n=4 us=0 err=0
flutter-perf plugin op=read_cached type=boolT n=5 us=0 err=0
flutter-perf plugin op=read_cached type=boolT n=6 us=0 err=0
flutter-perf plugin op=read_cached type=boolT n=7 us=0 err=0
flutter-perf plugin op=read_cached type=boolT n=8 us=0 err=0
flutter-perf plugin op=read_cached type=boolT n=9 us=0 err=0
flutter-perf plugin op=read_cached type=boolT n=10 us=0 err=0
flutter-perf plugin op=read_cached type=boolT n=11 us=0 err=0
flutter-perf plugin op=read_cached type=boolT n=12 us=0 err=0
flutter-perf plugin op=read_cached type=boolT n=13 us=0 err=0
flutter-perf plugin op=read_cached type=boolT n=14 us=0 err=0
flutter-perf plugin op=read_cached type=boolT n=15 us=0 err=0
flutter-perf plugin op=read_cached type=boolT n=16 us=0 err=0
flutter-perf plugin op=read_cached type=boolT n=17 us=0 err=0
flutter-perf plugin op=read_cached type=boolT n=18 us=0 err=0
flutter-perf plugin op=read_cached type=boolT n=19 us=0 err=0
flutter-perf plugin op=read_cached type=boolT n=20 us=0 err=0
flutter-perf plugin op=read_cached type=boolT n=21 us=0 err=0
flutter-perf plugin op=read_cached type=boolT n=22 us=0 err=0
flutter-perf plugin op=read_cached type=boolT n=23 us=0 err=0
flutter-perf plugin op=read_cached type=boolT n=24 us=0 err=0
flutter-perf plugin op=read_cached type=boolT n=25 us=0 err=0
flutter-perf plugin op=read_cached type=boolT n=26 us=0 err=0
flutter-perf plugin op=read_cached type=boolT n=27 us=0 err=0
flutter-perf plugin op=read_cached type=boolT n=28 us=0 err=0
flutter-perf plugin op=read_cached type=boolT n=29 us=0 err=0
flutter-perf plugin op=read_cached type=boolT n=30 us=0 err=0
flutter-perf plugin op=read_cached type=boolT n=31 us=0 err=0
flutter-perf plugin op=read_cached type=boolT n=32 us=0 err=0
flutter-perf plugin op=read_cached type=boolT n=33 us=0 err=0
flutter-perf plugin op=read_cached type=boolT n=34 us=0 err=0
flutter-perf plugin op=read_cached type=boolT n=35 us=0 err=0
flutter-perf plugin op=read_cached type=boolT n=36 us=0 err=0
flutter-perf plugin op=read_cached type=boolT n=37 us=0 err=0
flutter-perf plugin op=read_cached type=boolT n=38 us=0 err=0
flutter-perf plugin op=read_cached type=boolT n=39 us=0 err=0
flutter-perf plugin op=read_cached type=boolT n=40 us=0 err=0
flutter-perf plugin op=read_cached type=boolT n=41 us=0 err=0
flutter-perf plugin op=read_cached type=boolT n=42 us=0 err=0
flutter-perf plugin op=read_cached type=boolT n=43 us=0 err=0
flutter-perf plugin op=read_cached type=boolT n=44 us=0 err=0
flutter-perf plugin op=read_cached type=boolT n=45 us=0 err=0
flutter-perf plugin op=read_cached type=boolT n=46 us=0 err=0
flutter-perf plugin op=read_cached type=boolT n=47 us=0 err=0
flutter-perf plugin op=read_cached type=boolT n=48 us=0 err=0
flutter-perf plugin op=read_cached type=boolT n=49 us=0 err=0
flutter-perf plugin op=read_cached type=boolT n=50 us=0 err=0
flutter-perf plugin op=read_cached type=boolT n=51 us=0 err=0
flutter-perf plugin op=read_cached type=boolT n=52 us=0 err=0
flutter-perf plugin op=read_cached type=boolT n=53 us=0 err=0
flutter-perf plugin op=read_cached type=boolT n=54 us=0 err=0
flutter-perf plugin op=read_cached type=boolT n=55 us=0 err=0
flutter-perf plugin op=read_cached type=boolT n=56 us=0 err=0
flutter-perf plugin op=read_cached type=boolT n=57 us=0 err=0
flutter-perf plugin op=read_cached type=boolT n=58 us=0 err=0
flutter-perf plugin op=read_cached type=boolT n=59 us=0 err=0
flutter-perf plugin op=read_cached type=boolT n=60 us=0 err=0
flutter-perf plugin op=read_cached type=boolT n=61 us=0 err=0
flutter-perf plugin op=read_cached type=boolT n=62 us=0 err=0
flutter-perf plugin op=read_cached type=boolT n=63 us=0 err=0
flutter-perf plugin op=read_cached type=boolT n=64 us=0 err=0
flutter-perf plugin op=read_cached type=boolT n=65 us=0 err=0
flutter-perf plugin op=read_cached type=boolT n=66 us=0 err=0
flutter-perf plugin op=read_cached type=boolT n=67 us=0 err=0
flutter-perf plugin op=read_cached type=boolT n=68 us=0 err=0
flutter-perf plugin op=read_cached type=boolT n=69 us=0 err=0
flutter-perf plugin op=read_cached type=boolT n=70 us=0 err=0
flutter-perf plugin op=read_cached type=boolT n=71 us=0 err=0
flutter-perf plugin op=read_cached type=boolT n=72 us=0 err=0
flutter-perf plugin op=read_cached type=boolT n=73 us=0 err=0
flutter-perf plugin op=read_cached type=boolT n=74 us=0 err=0
flutter-perf plugin op=read_cached type=boolT n=75 us=0 err=0
flutter-perf plugin op=read_cached type=boolT n=76 us=0 err=0
flutter-perf plugin op=read_cached type=boolT n=77 us=0 err=0
flutter-perf plugin op=read_cached type=boolT n=78 us=0 err=0
flutter-perf plugin op=read_cached type=boolT n=79 us=0 err=0
flutter-perf plugin op=read_cached type=boolT n=80 us=0 err=0
flutter-perf plugin op=read_cached type=boolT n=81 us=0 err=0
flutter-perf plugin op=read_cached type=boolT n=82 us=0 err=0
flutter-perf plugin op=read_cached type=boolT n=83 us=0 err=0
flutter-perf plugin op=read_cached type=boolT n=84 us=0 err=0
flutter-perf plugin op=read_cached type=boolT n=85 us=0 err=0
flutter-perf plugin op=read_cached type=boolT n=86 us=0 err=0
flutter-perf plugin op=read_cached type=boolT n=87 us=0 err=0
flutter-perf plugin op=read_cached type=boolT n=88 us=0 err=0
flutter-perf plugin op=read_cached type=boolT n=89 us=0 err=0
flutter-perf plugin op=read_cached type=boolT n=90 us=0 err=0
flutter-perf plugin op=read_cached type=boolT n=91 us=0 err=0
flutter-perf plugin op=read_cached type=boolT n=92 us=0 err=0
flutter-perf plugin op=read_cached type=boolT n=93 us=0 err=0
flutter-perf plugin op=read_cached type=boolT n=94 us=0 err=0
flutter-perf plugin op=read_cached type=boolT n=95 us=0 err=0
flutter-perf plugin op=read_cached type=boolT n=96 us=0 err=0
flutter-perf plugin op=read_cached type=boolT n=97 us=0 err=0
flutter-perf plugin op=read_cached type=boolT n=98 us=0 err=0
flutter-perf plugin op=read_cached type=boolT n=99 us=0 err=0
flutter-perf plugin op=read_cached type=boolT n=100 us=0 err=0
flutter-perf plugin op=read_cached type=boolT n=101 us=0 err=0
flutter-perf plugin op=read_cached type=boolT n=102 us=0 err=0
flutter-perf plugin op=read_cached type=boolT n=103 us=0 err=0
flutter-perf plugin op=read_cached type=boolT n=104 us=0 err=0
flutter-perf plugin op=read_cached type=boolT n=105 us=0 err=0
flutter-perf plugin op=read_cached type=boolT n=106 us=0 err=0
flutter-perf plugin op=read_cached type=boolT n=107 us=0 err=0
flutter-perf plugin op=read_cached type=boolT n=108 us=0 err=0
flutter-perf plugin op=read_cached type=boolT n=109 us=0 err=0
flutter-perf plugin op=read_cached type=boolT n=110 us=0 err=0
flutter-perf plugin op=read_cached type=boolT n=111 us=0 err=0
flutter-perf plugin op=read_cached type=boolT n=112 us=0 err=0
flutter-perf plugin op=read_cached type=boolT n=113 us=0 err=0
flutter-perf plugin op=read_cached type=boolT n=114 us=0 err=0
flutter-perf plugin op=read_cached type=boolT n=115 us=0 err=0
flutter-perf plugin op=read_cached type=boolT n=116 us=0 err=0
flutter-perf plugin op=read_cached type=boolT n=117 us=0 err=0
flutter-perf plugin op=read_cached type=boolT n=118 us=0 err=0
flutter-perf plugin op=read_cached type=boolT n=119 us=0 err=0
flutter-perf plugin op=read_cached type=boolT n=120 us=0 err=0
flutter-perf plugin op=read_cached type=boolT n=121 us=0 err=0
flutter-perf plugin op=read_cached type=boolT n=122 us=0 err=0
flutter-perf plugin op=read_cached type=boolT n=123 us=0 err=0
flutter-perf plugin op=read_cached type=boolT n=124 us=0 err=0
flutter-perf plugin op=read_cached type=boolT n=125 us=0 err=0
flutter-perf plugin op=read_cached type=boolT n=126 us=0 err=0
flutter-perf plugin op=read_cached type=boolT n=127 us=0 err=0
flutter-perf plugin op=read_cached type=boolT n=128 us=0 err=0
flutter-perf plugin op=read_cached type=boolT n=129 us=0 err=0
flutter-perf plugin op=read_cached type=boolT n=130 us=0 err=0
flutter-perf plugin op=read_cached type=boolT n=131 us=0 err=0
flutter-perf plugin op=read_cached type=boolT n=132 us=0 err=0
flutter-perf plugin op=read_cached type=boolT n=133 us=0 err=0
flutter-perf plugin op=read_cached type=boolT n=134 us=0 err=0
flutter-perf plugin op=read_cached type=boolT n=135 us=0 err=0
flutter-perf plugin op=read_cached type=boolT n=136 us=0 err=0
flutter-perf plugin op=read_cached type=boolT n=137 us=0 err=0
flutter-perf plugin op=read_cached type=boolT n=138 us=0 err=0
flutter-perf plugin op=read_cached type=boolT n=139 us=0 err=0
flutter-perf plugin op=read_cached type=boolT n=140 us=0 err=0
flutter-perf plugin op=read_cached type=boolT n=141 us=0 err=0
flutter-perf plugin op=read_cached type=boolT n=142 us=0 err=0
flutter-perf plugin op=read_cached type=boolT n=143 us=0 err=0
flutter-perf plugin op=read_cached type=boolT n=144 us=0 err=0
flutter-perf plugin op=read_cached type=boolT n=145 us=0 err=0
flutter-perf plugin op=read_cached type=boolT n=146 us=0 err=0
flutter-perf plugin op=read_cached type=boolT n=147 us=0 err=0
flutter-perf plugin op=read_cached type=boolT n=148 us=0 err=0
flutter-perf plugin op=read_cached type=boolT n=149 us=0 err=0
flutter-perf plugin op=read_cached type=boolT n=150 us=0 err=0
flutter-perf plugin op=read_cached type=boolT n=151 us=0 err=0
flutter-perf plugin op=read_cached type=boolT n=152 us=0 err=0
flutter-perf plugin op=read_cached type=boolT n=153 us=0 err=0
flutter-perf plugin op=read_cached type=boolT n=154 us=0 err=0
flutter-perf plugin op=read_cached type=boolT n=155 us=0 err=0
flutter-perf plugin op=read_cached type=boolT n=156 us=0 err=0
flutter-perf plugin op=read_cached type=boolT n=157 us=0 err=0
flutter-perf plugin op=read_cached type=boolT n=158 us=0 err=0
flutter-perf plugin op=read_cached type=boolT n=159 us=0 err=0
flutter-perf plugin op=read_cached type=boolT n=160 us=0 err=0
flutter-perf plugin op=read_cached type=boolT n=161 us=0 err=0
flutter-perf plugin op=read_cached type=boolT n=162 us=0 err=0
flutter-perf plugin op=read_cached type=boolT n=163 us=0 err=0
flutter-perf plugin op=read_cached type=boolT n=164 us=0 err=0
flutter-perf plugin op=read_cached type=boolT n=165 us=0 err=0
flutter-perf plugin op=read_cached type=boolT n=166 us=0 err=0
flutter-perf plugin op=read_cached type=boolT n=167 us=0 err=0
flutter-perf plugin op=read_cached type=boolT n=168 us=0 err=0
flutter-perf plugin op=read_cached type=boolT n=169 us=0 err=0
flutter-perf plugin op=read_cached type=boolT n=170 us=0 err=0
flutter-perf plugin op=read_cached type=boolT n=171 us=0 err=0
flutter-perf plugin op=read_cached type=boolT n=172 us=0 err=0
flutter-perf plugin op=read_cached type=boolT n=173 us=0 err=0
flutter-perf plugin op=read_cached type=boolT n=174 us=0 err=0
flutter-perf plugin op=read_cached type=boolT n=175 us=0 err=0
flutter-perf plugin op=read_cached type=boolT n=176 us=0 err=0
flutter-perf plugin op=read_cached type=boolT n=177 us=0 err=0
flutter-perf plugin op=read_cached type=boolT n=178 us=0 err=0
flutter-perf plugin op=read_cached type=boolT n=179 us=0 err=0
flutter-perf plugin op=read_cached type=boolT n=180 us=0 err=0
flutter-perf plugin op=read_cached type=boolT n=181 us=0 err=0
flutter-perf plugin op=read_cached type=boolT n=182 us=0 err=0
flutter-perf plugin op=read_cached type=boolT n=183 us=0 err=0
flutter-perf plugin op=read_cached type=boolT n=184 us=0 err=0
flutter-perf plugin op=read_cached type=boolT n=185 us=0 err=0
flutter-perf plugin op=read_cached type=boolT n=186 us=0 err=0
flutter-perf plugin op=read_cached type=boolT n=187 us=0 err=0
flutter-perf plugin op=read_cached type=boolT n=188 us=0 err=0
flutter-perf plugin op=read_cached type=boolT n=189 us=0 err=0
flutter-perf plugin op=read_cached type=boolT n=190 us=0 err=0
flutter-perf plugin op=read_cached type=boolT n=191 us=0 err=0
flutter-perf plugin op=read_cached type=boolT n=192 us=0 err=0
flutter-perf plugin op=read_cached type=boolT n=193 us=0 err=0
flutter-perf plugin op=read_cached type=boolT n=194 us=0 err=0
flutter-perf plugin op=read_cached type=boolT n=195 us=0 err=0
flutter-perf plugin op=read_cached type=boolT n=196 us=0 err=0
flutter-perf plugin op=read_cached type=boolT n=197 us=0 err=0
flutter-perf plugin op=read_cached type=boolT n=198 us=0 err=0
flutter-perf plugin op=read_cached type=boolT n=199 us=0 err=0
flutter-perf plugin op=read_cached type=intT n=0 us=0 err=0
flutter-perf plugin op=read_cached type=intT n=1 us=0 err=0
flutter-perf plugin op=read_cached type=intT n=2 us=0 err=0
flutter-perf plugin op=read_cached type=intT n=3 us=0 err=0
flutter-perf plugin op=read_cached type=intT n=4 us=0 err=0
flutter-perf plugin op=read_cached type=intT n=5 us=0 err=0
flutter-perf plugin op=read_cached type=intT n=6 us=0 err=0
flutter-perf plugin op=read_cached type=intT n=7 us=0 err=0
flutter-perf plugin op=read_cached type=intT n=8 us=0 err=0
flutter-perf plugin op=read_cached type=intT n=9 us=0 err=0
flutter-perf plugin op=read_cached type=intT n=10 us=0 err=0
flutter-perf plugin op=read_cached type=intT n=11 us=0 err=0
flutter-perf plugin op=read_cached type=intT n=12 us=0 err=0
flutter-perf plugin op=read_cached type=intT n=13 us=0 err=0
flutter-perf plugin op=read_cached type=intT n=14 us=0 err=0
flutter-perf plugin op=read_cached type=intT n=15 us=0 err=0
flutter-perf plugin op=read_cached type=intT n=16 us=0 err=0
flutter-perf plugin op=read_cached type=intT n=17 us=0 err=0
flutter-perf plugin op=read_cached type=intT n=18 us=0 err=0
flutter-perf plugin op=read_cached type=intT n=19 us=0 err=0
flutter-perf plugin op=read_cached type=intT n=20 us=0 err=0
flutter-perf plugin op=read_cached type=intT n=21 us=0 err=0
flutter-perf plugin op=read_cached type=intT n=22 us=0 err=0
flutter-perf plugin op=read_cached type=intT n=23 us=0 err=0
flutter-perf plugin op=read_cached type=intT n=24 us=0 err=0
flutter-perf plugin op=read_cached type=intT n=25 us=0 err=0
flutter-perf plugin op=read_cached type=intT n=26 us=0 err=0
flutter-perf plugin op=read_cached type=intT n=27 us=0 err=0
flutter-perf plugin op=read_cached type=intT n=28 us=0 err=0
flutter-perf plugin op=read_cached type=intT n=29 us=0 err=0
flutter-perf plugin op=read_cached type=intT n=30 us=0 err=0
flutter-perf plugin op=read_cached type=intT n=31 us=0 err=0
flutter-perf plugin op=read_cached type=intT n=32 us=0 err=0
flutter-perf plugin op=read_cached type=intT n=33 us=0 err=0
flutter-perf plugin op=read_cached type=intT n=34 us=0 err=0
flutter-perf plugin op=read_cached type=intT n=35 us=0 err=0
flutter-perf plugin op=read_cached type=intT n=36 us=0 err=0
flutter-perf plugin op=read_cached type=intT n=37 us=0 err=0
flutter-perf plugin op=read_cached type=intT n=38 us=0 err=0
flutter-perf plugin op=read_cached type=intT n=39 us=0 err=0
flutter-perf plugin op=read_cached type=intT n=40 us=0 err=0
flutter-perf plugin op=read_cached type=intT n=41 us=0 err=0
flutter-perf plugin op=read_cached type=intT n=42 us=0 err=0
flutter-perf plugin op=read_cached type=intT n=43 us=0 err=0
flutter-perf plugin op=read_cached type=intT n=44 us=0 err=0
flutter-perf plugin op=read_cached type=intT n=45 us=0 err=0
flutter-perf plugin op=read_cached type=intT n=46 us=0 err=0
flutter-perf plugin op=read_cached type=intT n=47 us=0 err=0
flutter-perf plugin op=read_cached type=intT n=48 us=0 err=0
flutter-perf plugin op=read_cached type=intT n=49 us=0 err=0
flutter-perf plugin op=read_cached type=intT n=50 us=0 err=0
flutter-perf plugin op=read_cached type=intT n=51 us=0 err=0
flutter-perf plugin op=read_cached type=intT n=52 us=0 err=0
flutter-perf plugin op=read_cached type=intT n=53 us=0 err=0
flutter-perf plugin op=read_cached type=intT n=54 us=0 err=0
flutter-perf plugin op=read_cached type=intT n=55 us=0 err=0
flutter-perf plugin op=read_cached type=intT n=56 us=0 err=0
flutter-perf plugin op=read_cached type=intT n=57 us=0 err=0
flutter-perf plugin op=read_cached type=intT n=58 us=0 err=0
flutter-perf plugin op=read_cached type=intT n=59 us=0 err=0
flutter-perf plugin op=read_cached type=intT n=60 us=0 err=0
flutter-perf plugin op=read_cached type=intT n=61 us=0 err=0
flutter-perf plugin op=read_cached type=intT n=62 us=0 err=0
flutter-perf plugin op=read_cached type=intT n=63 us=0 err=0
flutter-perf plugin op=read_cached type=intT n=64 us=0 err=0
flutter-perf plugin op=read_cached type=intT n=65 us=0 err=0
flutter-perf plugin op=read_cached type=intT n=66 us=0 err=0
flutter-perf plugin op=read_cached type=intT n=67 us=0 err=0
flutter-perf plugin op=read_cached type=intT n=68 us=0 err=0
flutter-perf plugin op=read_cached type=intT n=69 us=0 err=0
flutter-perf plugin op=read_cached type=intT n=70 us=0 err=0
flutter-perf plugin op=read_cached type=intT n=71 us=0 err=0
flutter-perf plugin op=read_cached type=intT n=72 us=0 err=0
flutter-perf plugin op=read_cached type=intT n=73 us=0 err=0
flutter-perf plugin op=read_cached type=intT n=74 us=0 err=0
flutter-perf plugin op=read_cached type=intT n=75 us=0 err=0
flutter-perf plugin op=read_cached type=intT n=76 us=0 err=0
flutter-perf plugin op=read_cached type=intT n=77 us=0 err=0
flutter-perf plugin op=read_cached type=intT n=78 us=0 err=0
flutter-perf plugin op=read_cached type=intT n=79 us=0 err=0
flutter-perf plugin op=read_cached type=intT n=80 us=0 err=0
flutter-perf plugin op=read_cached type=intT n=81 us=0 err=0
flutter-perf plugin op=read_cached type=intT n=82 us=0 err=0
flutter-perf plugin op=read_cached type=intT n=83 us=0 err=0
flutter-perf plugin op=read_cached type=intT n=84 us=0 err=0
flutter-perf plugin op=read_cached type=intT n=85 us=0 err=0
flutter-perf plugin op=read_cached type=intT n=86 us=0 err=0
flutter-perf plugin op=read_cached type=intT n=87 us=0 err=0
flutter-perf plugin op=read_cached type=intT n=88 us=0 err=0
flutter-perf plugin op=read_cached type=intT n=89 us=0 err=0
flutter-perf plugin op=read_cached type=intT n=90 us=0 err=0
flutter-perf plugin op=read_cached type=intT n=91 us=0 err=0
flutter-perf plugin op=read_cached type=intT n=92 us=0 err=0
flutter-perf plugin op=read_cached type=intT n=93 us=0 err=0
flutter-perf plugin op=read_cached type=intT n=94 us=0 err=0
flutter-perf plugin op=read_cached type=intT n=95 us=0 err=0
flutter-perf plugin op=read_cached type=intT n=96 us=0 err=0
flutter-perf plugin op=read_cached type=intT n=97 us=0 err=0
flutter-perf plugin op=read_cached type=intT n=98 us=0 err=0
flutter-perf plugin op=read_cached type=intT n=99 us=0 err=0
flutter-perf plugin op=read_cached type=intT n=100 us=0 err=0
flutter-perf plugin op=read_cached type=intT n=101 us=0 err=0
flutter-perf plugin op=read_cached type=intT n=102 us=0 err=0
flutter-perf plugin op=read_cached type=intT n=103 us=0 err=0
flutter-perf plugin op=read_cached type=intT n=104 us=0 err=0
flutter-perf plugin op=read_cached type=intT n=105 us=0 err=0
flutter-perf plugin op=read_cached type=intT n=106 us=0 err=0
flutter-perf plugin op=read_cached type=intT n=107 us=0 err=0
flutter-perf plugin op=read_cached type=intT n=108 us=0 err=0
flutter-perf plugin op=read_cached type=intT n=109 us=0 err=0
flutter-perf plugin op=read_cached type=intT n=110 us=0 err=0
flutter-perf plugin op=read_cached type=intT n=111 us=0 err=0
flutter-perf plugin op=read_cached type=intT n=112 us=0 err=0
flutter-perf plugin op=read_cached type=intT n=113 us=0 err=0
flutter-perf plugin op=read_cached type=intT n=114 us=0 err=0
flutter-perf plugin op=read_cached type=intT n=115 us=0 err=0
flutter-perf plugin op=read_cached type=intT n=116 us=0 err=0
flutter-perf plugin op=read_cached type=intT n=117 us=0 err=0
flutter-perf plugin op=read_cached type=intT n=118 us=0 err=0
flutter-perf plugin op=read_cached type=intT n=119 us=0 err=0
flutter-perf plugin op=read_cached type=intT n=120 us=0 err=0
flutter-perf plugin op=read_cached type=intT n=121 us=0 err=0
flutter-perf plugin op=read_cached type=intT n=122 us=0 err=0
flutter-perf plugin op=read_cached type=intT n=123 us=0 err=0
flutter-perf plugin op=read_cached type=intT n=124 us=0 err=0
flutter-perf plugin op=read_cached type=intT n=125 us=0 err=0
flutter-perf plugin op=read_cached type=intT n=126 us=0 err=0
flutter-perf plugin op=read_cached type=intT n=127 us=0 err=0
flutter-perf plugin op=read_cached type=intT n=128 us=0 err=0
flutter-perf plugin op=read_cached type=intT n=129 us=0 err=0
flutter-perf plugin op=read_cached type=intT n=130 us=0 err=0
flutter-perf plugin op=read_cached type=intT n=131 us=0 err=0
flutter-perf plugin op=read_cached type=intT n=132 us=0 err=0
flutter-perf plugin op=read_cached type=intT n=133 us=0 err=0
flutter-perf plugin op=read_cached type=intT n=134 us=0 err=0
flutter-perf plugin op=read_cached type=intT n=135 us=0 err=0
flutter-perf plugin op=read_cached type=intT n=136 us=0 err=0
flutter-perf plugin op=read_cached type=intT n=137 us=0 err=0
flutter-perf plugin op=read_cached type=intT n=138 us=0 err=0
flutter-perf plugin op=read_cached type=intT n=139 us=0 err=0
flutter-perf plugin op=read_cached type=intT n=140 us=0 err=0
flutter-perf plugin op=read_cached type=intT n=141 us=0 err=0
flutter-perf plugin op=read_cached type=intT n=142 us=0 err=0
flutter-perf plugin op=read_cached type=intT n=143 us=0 err=0
flutter-perf plugin op=read_cached type=intT n=144 us=0 err=0
flutter-perf plugin op=read_cached type=intT n=145 us=0 err=0
flutter-perf plugin op=read_cached type=intT n=146 us=0 err=0
flutter-perf plugin op=read_cached type=intT n=147 us=0 err=0
flutter-perf plugin op=read_cached type=intT n=148 us=0 err=0
flutter-perf plugin op=read_cached type=intT n=149 us=0 err=0
flutter-perf plugin op=read_cached type=intT n=150 us=0 err=0
flutter-perf plugin op=read_cached type=intT n=151 us=0 err=0
flutter-perf plugin op=read_cached type=intT n=152 us=0 err=0
flutter-perf plugin op=read_cached type=intT n=153 us=0 err=0
flutter-perf plugin op=read_cached type=intT n=154 us=0 err=0
flutter-perf plugin op=read_cached type=intT n=155 us=0 err=0
flutter-perf plugin op=read_cached type=intT n=156 us=0 err=0
flutter-perf plugin op=read_cached type=intT n=157 us=0 err=0
flutter-perf plugin op=read_cached type=intT n=158 us=0 err=0
flutter-perf plugin op=read_cached type=intT n=159 us=0 err=0
flutter-perf plugin op=read_cached type=intT n=160 us=0 err=0
flutter-perf plugin op=read_cached type=intT n=161 us=0 err=0
flutter-perf plugin op=read_cached type=intT n=162 us=0 err=0
flutter-perf plugin op=read_cached type=intT n=163 us=0 err=0
flutter-perf plugin op=read_cached type=intT n=164 us=0 err=0
flutter-perf plugin op=read_cached type=intT n=165 us=0 err=0
flutter-perf plugin op=read_cached type=intT n=166 us=0 err=0
flutter-perf plugin op=read_cached type=intT n=167 us=0 err=0
flutter-perf plugin op=read_cached type=intT n=168 us=0 err=0
flutter-perf plugin op=read_cached type=intT n=169 us=0 err=0
flutter-perf plugin op=read_cached type=intT n=170 us=0 err=0
flutter-perf plugin op=read_cached type=intT n=171 us=0 err=0
flutter-perf plugin op=read_cached type=intT n=172 us=0 err=0
flutter-perf plugin op=read_cached type=intT n=173 us=0 err=0
flutter-perf plugin op=read_cached type=intT n=174 us=0 err=0
flutter-perf plugin op=read_cached type=intT n=175 us=0 err=0
flutter-perf plugin op=read_cached type=intT n=176 us=0 err=0
flutter-perf plugin op=read_cached type=intT n=177 us=0 err=0
flutter-perf plugin op=read_cached type=intT n=178 us=0 err=0
flutter-perf plugin op=read_cached type=intT n=179 us=0 err=0
flutter-perf plugin op=read_cached type=intT n=180 us=0 err=0
flutter-perf plugin op=read_cached type=intT n=181 us=0 err=0
flutter-perf plugin op=read_cached type=intT n=182 us=0 err=0
flutter-perf plugin op=read_cached type=intT n=183 us=0 err=0
flutter-perf plugin op=read_cached type=intT n=184 us=0 err=0
flutter-perf plugin op=read_cached type=intT n=185 us=0 err=0
flutter-perf plugin op=read_cached type=intT n=186 us=0 err=0
flutter-perf plugin op=read_cached type=intT n=187 us=0 err=0
flutter-perf plugin op=read_cached type=intT n=188 us=0 err=0
flutter-perf plugin op=read_cached type=intT n=189 us=0 err=0
flutter-perf plugin op=read_cached type=intT n=190 us=0 err=0
flutter-perf plugin op=read_cached type=intT n=191 us=0 err=0
flutter-perf plugin op=read_cached type=intT n=192 us=0 err=0
flutter-perf plugin op=read_cached type=intT n=193 us=0 err=0
flutter-perf plugin op=read_cached type=intT n=194 us=0 err=0
flutter-perf plugin op=read_cached type=intT n=195 us=0 err=0
flutter-perf plugin op=read_cached type=intT n=196 us=0 err=0
flutter-perf plugin op=read_cached type=intT n=197 us=0 err=0
flutter-perf plugin op=read_cached type=intT n=198 us=0 err=0
flutter-perf plugin op=read_cached type=intT n=199 us=0 err=0
flutter-perf plugin op=read_cached type=doubleT n=0 us=0 err=0
flutter-perf plugin op=read_cached type=doubleT n=1 us=0 err=0
flutter-perf plugin op=read_cached type=doubleT n=2 us=0 err=0
flutter-perf plugin op=read_cached type=doubleT n=3 us=0 err=0
flutter-perf plugin op=read_cached type=doubleT n=4 us=0 err=0
flutter-perf plugin op=read_cached type=doubleT n=5 us=0 err=0
flutter-perf plugin op=read_cached type=doubleT n=6 us=0 err=0
flutter-perf plugin op=read_cached type=doubleT n=7 us=0 err=0
flutter-perf plugin op=read_cached type=doubleT n=8 us=0 err=0
flutter-perf plugin op=read_cached type=doubleT n=9 us=0 err=0
flutter-perf plugin op=read_cached type=doubleT n=10 us=0 err=0
flutter-perf plugin op=read_cached type=doubleT n=11 us=0 err=0
flutter-perf plugin op=read_cached type=doubleT n=12 us=0 err=0
flutter-perf plugin op=read_cached type=doubleT n=13 us=0 err=0
flutter-perf plugin op=read_cached type=doubleT n=14 us=0 err=0
flutter-perf plugin op=read_cached type=doubleT n=15 us=0 err=0
flutter-perf plugin op=read_cached type=doubleT n=16 us=0 err=0
flutter-perf plugin op=read_cached type=doubleT n=17 us=0 err=0
flutter-perf plugin op=read_cached type=doubleT n=18 us=0 err=0
flutter-perf plugin op=read_cached type=doubleT n=19 us=0 err=0
flutter-perf plugin op=read_cached type=doubleT n=20 us=0 err=0
flutter-perf plugin op=read_cached type=doubleT n=21 us=0 err=0
flutter-perf plugin op=read_cached type=doubleT n=22 us=0 err=0
flutter-perf plugin op=read_cached type=doubleT n=23 us=0 err=0
flutter-perf plugin op=read_cached type=doubleT n=24 us=0 err=0
flutter-perf plugin op=read_cached type=doubleT n=25 us=0 err=0
flutter-perf plugin op=read_cached type=doubleT n=26 us=0 err=0
flutter-perf plugin op=read_cached type=doubleT n=27 us=0 err=0
flutter-perf plugin op=read_cached type=doubleT n=28 us=0 err=0
flutter-perf plugin op=read_cached type=doubleT n=29 us=0 err=0
flutter-perf plugin op=read_cached type=doubleT n=30 us=0 err=0
flutter-perf plugin op=read_cached type=doubleT n=31 us=0 err=0
flutter-perf plugin op=read_cached type=doubleT n=32 us=0 err=0
flutter-perf plugin op=read_cached type=doubleT n=33 us=0 err=0
flutter-perf plugin op=read_cached type=doubleT n=34 us=0 err=0
flutter-perf plugin op=read_cached type=doubleT n=35 us=0 err=0
flutter-perf plugin op=read_cached type=doubleT n=36 us=1 err=0
flutter-perf plugin op=read_cached type=doubleT n=37 us=0 err=0
flutter-perf plugin op=read_cached type=doubleT n=38 us=0 err=0
flutter-perf plugin op=read_cached type=doubleT n=39 us=0 err=0
flutter-perf plugin op=read_cached type=doubleT n=40 us=0 err=0
flutter-perf plugin op=read_cached type=doubleT n=41 us=0 err=0
flutter-perf plugin op=read_cached type=doubleT n=42 us=0 err=0
flutter-perf plugin op=read_cached type=doubleT n=43 us=0 err=0
flutter-perf plugin op=read_cached type=doubleT n=44 us=0 err=0
flutter-perf plugin op=read_cached type=doubleT n=45 us=0 err=0
flutter-perf plugin op=read_cached type=doubleT n=46 us=0 err=0
flutter-perf plugin op=read_cached type=doubleT n=47 us=0 err=0
flutter-perf plugin op=read_cached type=doubleT n=48 us=0 err=0
flutter-perf plugin op=read_cached type=doubleT n=49 us=0 err=0
flutter-perf plugin op=read_cached type=doubleT n=50 us=0 err=0
flutter-perf plugin op=read_cached type=doubleT n=51 us=0 err=0
flutter-perf plugin op=read_cached type=doubleT n=52 us=0 err=0
flutter-perf plugin op=read_cached type=doubleT n=53 us=0 err=0
flutter-perf plugin op=read_cached type=doubleT n=54 us=0 err=0
flutter-perf plugin op=read_cached type=doubleT n=55 us=0 err=0
flutter-perf plugin op=read_cached type=doubleT n=56 us=0 err=0
flutter-perf plugin op=read_cached type=doubleT n=57 us=0 err=0
flutter-perf plugin op=read_cached type=doubleT n=58 us=0 err=0
flutter-perf plugin op=read_cached type=doubleT n=59 us=0 err=0
flutter-perf plugin op=read_cached type=doubleT n=60 us=0 err=0
flutter-perf plugin op=read_cached type=doubleT n=61 us=0 err=0
flutter-perf plugin op=read_cached type=doubleT n=62 us=0 err=0
flutter-perf plugin op=read_cached type=doubleT n=63 us=0 err=0
flutter-perf plugin op=read_cached type=doubleT n=64 us=0 err=0
flutter-perf plugin op=read_cached type=doubleT n=65 us=0 err=0
flutter-perf plugin op=read_cached type=doubleT n=66 us=0 err=0
flutter-perf plugin op=read_cached type=doubleT n=67 us=0 err=0
flutter-perf plugin op=read_cached type=doubleT n=68 us=0 err=0
flutter-perf plugin op=read_cached type=doubleT n=69 us=0 err=0
flutter-perf plugin op=read_cached type=doubleT n=70 us=0 err=0
flutter-perf plugin op=read_cached type=doubleT n=71 us=0 err=0
flutter-perf plugin op=read_cached type=doubleT n=72 us=0 err=0
flutter-perf plugin op=read_cached type=doubleT n=73 us=0 err=0
flutter-perf plugin op=read_cached type=doubleT n=74 us=0 err=0
flutter-perf plugin op=read_cached type=doubleT n=75 us=0 err=0
flutter-perf plugin op=read_cached type=doubleT n=76 us=0 err=0
flutter-perf plugin op=read_cached type=doubleT n=77 us=0 err=0
flutter-perf plugin op=read_cached type=doubleT n=78 us=0 err=0
flutter-perf plugin op=read_cached type=doubleT n=79 us=0 err=0
flutter-perf plugin op=read_cached type=doubleT n=80 us=0 err=0
flutter-perf plugin op=read_cached type=doubleT n=81 us=0 err=0
flutter-perf plugin op=read_cached type=doubleT n=82 us=0 err=0
flutter-perf plugin op=read_cached type=doubleT n=83 us=0 err=0
flutter-perf plugin op=read_cached type=doubleT n=84 us=0 err=0
flutter-perf plugin op=read_cached type=doubleT n=85 us=0 err=0
flutter-perf plugin op=read_cached type=doubleT n=86 us=0 err=0
flutter-perf plugin op=read_cached type=doubleT n=87 us=0 err=0
flutter-perf plugin op=read_cached type=doubleT n=88 us=0 err=0
flutter-perf plugin op=read_cached type=doubleT n=89 us=0 err=0
flutter-perf plugin op=read_cached type=doubleT n=90 us=0 err=0
flutter-perf plugin op=read_cached type=doubleT n=91 us=0 err=0
flutter-perf plugin op=read_cached type=doubleT n=92 us=0 err=0
flutter-perf plugin op=read_cached type=doubleT n=93 us=0 err=0
flutter-perf plugin op=read_cached type=doubleT n=94 us=0 err=0
flutter-perf plugin op=read_cached type=doubleT n=95 us=0 err=0
flutter-perf plugin op=read_cached type=doubleT n=96 us=0 err=0
flutter-perf plugin op=read_cached type=doubleT n=97 us=0 err=0
flutter-perf plugin op=read_cached type=doubleT n=98 us=0 err=0
flutter-perf plugin op=read_cached type=doubleT n=99 us=0 err=0
flutter-perf plugin op=read_cached type=doubleT n=100 us=0 err=0
flutter-perf plugin op=read_cached type=doubleT n=101 us=0 err=0
flutter-perf plugin op=read_cached type=doubleT n=102 us=0 err=0
flutter-perf plugin op=read_cached type=doubleT n=103 us=0 err=0
flutter-perf plugin op=read_cached type=doubleT n=104 us=0 err=0
flutter-perf plugin op=read_cached type=doubleT n=105 us=0 err=0
flutter-perf plugin op=read_cached type=doubleT n=106 us=0 err=0
flutter-perf plugin op=read_cached type=doubleT n=107 us=0 err=0
flutter-perf plugin op=read_cached type=doubleT n=108 us=0 err=0
flutter-perf plugin op=read_cached type=doubleT n=109 us=0 err=0
flutter-perf plugin op=read_cached type=doubleT n=110 us=0 err=0
flutter-perf plugin op=read_cached type=doubleT n=111 us=0 err=0
flutter-perf plugin op=read_cached type=doubleT n=112 us=0 err=0
flutter-perf plugin op=read_cached type=doubleT n=113 us=0 err=0
flutter-perf plugin op=read_cached type=doubleT n=114 us=0 err=0
flutter-perf plugin op=read_cached type=doubleT n=115 us=0 err=0
flutter-perf plugin op=read_cached type=doubleT n=116 us=0 err=0
flutter-perf plugin op=read_cached type=doubleT n=117 us=0 err=0
flutter-perf plugin op=read_cached type=doubleT n=118 us=0 err=0
flutter-perf plugin op=read_cached type=doubleT n=119 us=0 err=0
flutter-perf plugin op=read_cached type=doubleT n=120 us=0 err=0
flutter-perf plugin op=read_cached type=doubleT n=121 us=0 err=0
flutter-perf plugin op=read_cached type=doubleT n=122 us=0 err=0
flutter-perf plugin op=read_cached type=doubleT n=123 us=0 err=0
flutter-perf plugin op=read_cached type=doubleT n=124 us=0 err=0
flutter-perf plugin op=read_cached type=doubleT n=125 us=0 err=0
flutter-perf plugin op=read_cached type=doubleT n=126 us=0 err=0
flutter-perf plugin op=read_cached type=doubleT n=127 us=0 err=0
flutter-perf plugin op=read_cached type=doubleT n=128 us=0 err=0
flutter-perf plugin op=read_cached type=doubleT n=129 us=0 err=0
flutter-perf plugin op=read_cached type=doubleT n=130 us=0 err=0
flutter-perf plugin op=read_cached type=doubleT n=131 us=1 err=0
flutter-perf plugin op=read_cached type=doubleT n=132 us=0 err=0
flutter-perf plugin op=read_cached type=doubleT n=133 us=0 err=0
flutter-perf plugin op=read_cached type=doubleT n=134 us=0 err=0
flutter-perf plugin op=read_cached type=doubleT n=135 us=0 err=0
flutter-perf plugin op=read_cached type=doubleT n=136 us=0 err=0
flutter-perf plugin op=read_cached type=doubleT n=137 us=0 err=0
flutter-perf plugin op=read_cached type=doubleT n=138 us=0 err=0
flutter-perf plugin op=read_cached type=doubleT n=139 us=0 err=0
flutter-perf plugin op=read_cached type=doubleT n=140 us=1 err=0
flutter-perf plugin op=read_cached type=doubleT n=141 us=0 err=0
flutter-perf plugin op=read_cached type=doubleT n=142 us=0 err=0
flutter-perf plugin op=read_cached type=doubleT n=143 us=0 err=0
flutter-perf plugin op=read_cached type=doubleT n=144 us=0 err=0
flutter-perf plugin op=read_cached type=doubleT n=145 us=0 err=0
flutter-perf plugin op=read_cached type=doubleT n=146 us=0 err=0
flutter-perf plugin op=read_cached type=doubleT n=147 us=0 err=0
flutter-perf plugin op=read_cached type=doubleT n=148 us=0 err=0
flutter-perf plugin op=read_cached type=doubleT n=149 us=0 err=0
flutter-perf plugin op=read_cached type=doubleT n=150 us=0 err=0
flutter-perf plugin op=read_cached type=doubleT n=151 us=0 err=0
flutter-perf plugin op=read_cached type=doubleT n=152 us=0 err=0
flutter-perf plugin op=read_cached type=doubleT n=153 us=0 err=0
flutter-perf plugin op=read_cached type=doubleT n=154 us=0 err=0
flutter-perf plugin op=read_cached type=doubleT n=155 us=0 err=0
flutter-perf plugin op=read_cached type=doubleT n=156 us=0 err=0
flutter-perf plugin op=read_cached type=doubleT n=157 us=0 err=0
flutter-perf plugin op=read_cached type=doubleT n=158 us=0 err=0
flutter-perf plugin op=read_cached type=doubleT n=159 us=0 err=0
flutter-perf plugin op=read_cached type=doubleT n=160 us=0 err=0
flutter-perf plugin op=read_cached type=doubleT n=161 us=0 err=0
flutter-perf plugin op=read_cached type=doubleT n=162 us=0 err=0
flutter-perf plugin op=read_cached type=doubleT n=163 us=0 err=0
flutter-perf plugin op=read_cached type=doubleT n=164 us=0 err=0
flutter-perf plugin op=read_cached type=doubleT n=165 us=0 err=0
flutter-perf plugin op=read_cached type=doubleT n=166 us=0 err=0
flutter-perf plugin op=read_cached type=doubleT n=167 us=0 err=0
flutter-perf plugin op=read_cached type=doubleT n=168 us=0 err=0
flutter-perf plugin op=read_cached type=doubleT n=169 us=0 err=0
flutter-perf plugin op=read_cached type=doubleT n=170 us=0 err=0
flutter-perf plugin op=read_cached type=doubleT n=171 us=0 err=0
flutter-perf plugin op=read_cached type=doubleT n=172 us=0 err=0
flutter-perf plugin op=read_cached type=doubleT n=173 us=0 err=0
flutter-perf plugin op=read_cached type=doubleT n=174 us=0 err=0
flutter-perf plugin op=read_cached type=doubleT n=175 us=0 err=0
flutter-perf plugin op=read_cached type=doubleT n=176 us=0 err=0
flutter-perf plugin op=read_cached type=doubleT n=177 us=0 err=0
flutter-perf plugin op=read_cached type=doubleT n=178 us=0 err=0
flutter-perf plugin op=read_cached type=doubleT n=179 us=0 err=0
flutter-perf plugin op=read_cached type=doubleT n=180 us=0 err=0
flutter-perf plugin op=read_cached type=doubleT n=181 us=0 err=0
flutter-perf plugin op=read_cached type=doubleT n=182 us=0 err=0
flutter-perf plugin op=read_cached type=doubleT n=183 us=0 err=0
flutter-perf plugin op=read_cached type=doubleT n=184 us=0 err=0
flutter-perf plugin op=read_cached type=doubleT n=185 us=0 err=0
flutter-perf plugin op=read_cached type=doubleT n=186 us=0 err=0
flutter-perf plugin op=read_cached type=doubleT n=187 us=0 err=0
flutter-perf plugin op=read_cached type=doubleT n=188 us=0 err=0
flutter-perf plugin op=read_cached type=doubleT n=189 us=0 err=0
flutter-perf plugin op=read_cached type=doubleT n=190 us=0 err=0
flutter-perf plugin op=read_cached type=doubleT n=191 us=0 err=0
flutter-perf plugin op=read_cached type=doubleT n=192 us=0 err=0
flutter-perf plugin op=read_cached type=doubleT n=193 us=0 err=0
flutter-perf plugin op=read_cached type=doubleT n=194 us=0 err=0
flutter-perf plugin op=read_cached type=doubleT n=195 us=0 err=0
flutter-perf plugin op=read_cached type=doubleT n=196 us=0 err=0
flutter-perf plugin op=read_cached type=doubleT n=197 us=0 err=0
flutter-perf plugin op=read_cached type=doubleT n=198 us=0 err=0
flutter-perf plugin op=read_cached type=doubleT n=199 us=0 err=0
flutter-perf plugin op=read_cached type=stringT n=0 us=0 err=0
flutter-perf plugin op=read_cached type=stringT n=1 us=0 err=0
flutter-perf plugin op=read_cached type=stringT n=2 us=0 err=0
flutter-perf plugin op=read_cached type=stringT n=3 us=0 err=0
flutter-perf plugin op=read_cached type=stringT n=4 us=0 err=0
flutter-perf plugin op=read_cached type=stringT n=5 us=0 err=0
flutter-perf plugin op=read_cached type=stringT n=6 us=0 err=0
flutter-perf plugin op=read_cached type=stringT n=7 us=0 err=0
flutter-perf plugin op=read_cached type=stringT n=8 us=0 err=0
flutter-perf plugin op=read_cached type=stringT n=9 us=0 err=0
flutter-perf plugin op=read_cached type=stringT n=10 us=0 err=0
flutter-perf plugin op=read_cached type=stringT n=11 us=0 err=0
flutter-perf plugin op=read_cached type=stringT n=12 us=0 err=0
flutter-perf plugin op=read_cached type=stringT n=13 us=0 err=0
flutter-perf plugin op=read_cached type=stringT n=14 us=0 err=0
flutter-perf plugin op=read_cached type=stringT n=15 us=0 err=0
flutter-perf plugin op=read_cached type=stringT n=16 us=0 err=0
flutter-perf plugin op=read_cached type=stringT n=17 us=1 err=0
flutter-perf plugin op=read_cached type=stringT n=18 us=1 err=0
flutter-perf plugin op=read_cached type=stringT n=19 us=0 err=0
flutter-perf plugin op=read_cached type=stringT n=20 us=0 err=0
flutter-perf plugin op=read_cached type=stringT n=21 us=0 err=0
flutter-perf plugin op=read_cached type=stringT n=22 us=0 err=0
flutter-perf plugin op=read_cached type=stringT n=23 us=0 err=0
flutter-perf plugin op=read_cached type=stringT n=24 us=0 err=0
flutter-perf plugin op=read_cached type=stringT n=25 us=0 err=0
flutter-perf plugin op=read_cached type=stringT n=26 us=0 err=0
flutter-perf plugin op=read_cached type=stringT n=27 us=0 err=0
flutter-perf plugin op=read_cached type=stringT n=28 us=1 err=0
flutter-perf plugin op=read_cached type=stringT n=29 us=0 err=0
flutter-perf plugin op=read_cached type=stringT n=30 us=0 err=0
flutter-perf plugin op=read_cached type=stringT n=31 us=1 err=0
flutter-perf plugin op=read_cached type=stringT n=32 us=0 err=0
flutter-perf plugin op=read_cached type=stringT n=33 us=0 err=0
flutter-perf plugin op=read_cached type=stringT n=34 us=0 err=0
flutter-perf plugin op=read_cached type=stringT n=35 us=1 err=0
flutter-perf plugin op=read_cached type=stringT n=36 us=0 err=0
flutter-perf plugin op=read_cached type=stringT n=37 us=0 err=0
flutter-perf plugin op=read_cached type=stringT n=38 us=0 err=0
flutter-perf plugin op=read_cached type=stringT n=39 us=0 err=0
flutter-perf plugin op=read_cached type=stringT n=40 us=0 err=0
flutter-perf plugin op=read_cached type=stringT n=41 us=1 err=0
flutter-perf plugin op=read_cached type=stringT n=42 us=1 err=0
flutter-perf plugin op=read_cached type=stringT n=43 us=0 err=0
flutter-perf plugin op=read_cached type=stringT n=44 us=0 err=0
flutter-perf plugin op=read_cached type=stringT n=45 us=1 err=0
flutter-perf plugin op=read_cached type=stringT n=46 us=1 err=0
flutter-perf plugin op=read_cached type=stringT n=47 us=1 err=0
flutter-perf plugin op=read_cached type=stringT n=48 us=1 err=0
flutter-perf plugin op=read_cached type=stringT n=49 us=0 err=0
flutter-perf plugin op=read_cached type=stringT n=50 us=0 err=0
flutter-perf plugin op=read_cached type=stringT n=51 us=1 err=0
flutter-perf plugin op=read_cached type=stringT n=52 us=0 err=0
flutter-perf plugin op=read_cached type=stringT n=53 us=0 err=0
flutter-perf plugin op=read_cached type=stringT n=54 us=0 err=0
flutter-perf plugin op=read_cached type=stringT n=55 us=0 err=0
flutter-perf plugin op=read_cached type=stringT n=56 us=0 err=0
flutter-perf plugin op=read_cached type=stringT n=57 us=0 err=0
flutter-perf plugin op=read_cached type=stringT n=58 us=0 err=0
flutter-perf plugin op=read_cached type=stringT n=59 us=0 err=0
flutter-perf plugin op=read_cached type=stringT n=60 us=0 err=0
flutter-perf plugin op=read_cached type=stringT n=61 us=0 err=0
flutter-perf plugin op=read_cached type=stringT n=62 us=0 err=0
flutter-perf plugin op=read_cached type=stringT n=63 us=0 err=0
flutter-perf plugin op=read_cached type=stringT n=64 us=0 err=0
flutter-perf plugin op=read_cached type=stringT n=65 us=0 err=0
flutter-perf plugin op=read_cached type=stringT n=66 us=0 err=0
flutter-perf plugin op=read_cached type=stringT n=67 us=0 err=0
flutter-perf plugin op=read_cached type=stringT n=68 us=0 err=0
flutter-perf plugin op=read_cached type=stringT n=69 us=0 err=0
flutter-perf plugin op=read_cached type=stringT n=70 us=0 err=0
flutter-perf plugin op=read_cached type=stringT n=71 us=0 err=0
flutter-perf plugin op=read_cached type=stringT n=72 us=0 err=0
flutter-perf plugin op=read_cached type=stringT n=73 us=0 err=0
flutter-perf plugin op=read_cached type=stringT n=74 us=0 err=0
flutter-perf plugin op=read_cached type=stringT n=75 us=0 err=0
flutter-perf plugin op=read_cached type=stringT n=76 us=0 err=0
flutter-perf plugin op=read_cached type=stringT n=77 us=0 err=0
flutter-perf plugin op=read_cached type=stringT n=78 us=0 err=0
flutter-perf plugin op=read_cached type=stringT n=79 us=0 err=0
flutter-perf plugin op=read_cached type=stringT n=80 us=0 err=0
flutter-perf plugin op=read_cached type=stringT n=81 us=0 err=0
flutter-perf plugin op=read_cached type=stringT n=82 us=1 err=0
flutter-perf plugin op=read_cached type=stringT n=83 us=0 err=0
flutter-perf plugin op=read_cached type=stringT n=84 us=0 err=0
flutter-perf plugin op=read_cached type=stringT n=85 us=0 err=0
flutter-perf plugin op=read_cached type=stringT n=86 us=0 err=0
flutter-perf plugin op=read_cached type=stringT n=87 us=0 err=0
flutter-perf plugin op=read_cached type=stringT n=88 us=0 err=0
flutter-perf plugin op=read_cached type=stringT n=89 us=0 err=0
flutter-perf plugin op=read_cached type=stringT n=90 us=0 err=0
flutter-perf plugin op=read_cached type=stringT n=91 us=0 err=0
flutter-perf plugin op=read_cached type=stringT n=92 us=0 err=0
flutter-perf plugin op=read_cached type=stringT n=93 us=1 err=0
flutter-perf plugin op=read_cached type=stringT n=94 us=0 err=0
flutter-perf plugin op=read_cached type=stringT n=95 us=0 err=0
flutter-perf plugin op=read_cached type=stringT n=96 us=0 err=0
flutter-perf plugin op=read_cached type=stringT n=97 us=0 err=0
flutter-perf plugin op=read_cached type=stringT n=98 us=0 err=0
flutter-perf plugin op=read_cached type=stringT n=99 us=0 err=0
flutter-perf plugin op=read_cached type=stringT n=100 us=0 err=0
flutter-perf plugin op=read_cached type=stringT n=101 us=0 err=0
flutter-perf plugin op=read_cached type=stringT n=102 us=0 err=0
flutter-perf plugin op=read_cached type=stringT n=103 us=0 err=0
flutter-perf plugin op=read_cached type=stringT n=104 us=0 err=0
flutter-perf plugin op=read_cached type=stringT n=105 us=0 err=0
flutter-perf plugin op=read_cached type=stringT n=106 us=0 err=0
flutter-perf plugin op=read_cached type=stringT n=107 us=0 err=0
flutter-perf plugin op=read_cached type=stringT n=108 us=0 err=0
flutter-perf plugin op=read_cached type=stringT n=109 us=0 err=0
flutter-perf plugin op=read_cached type=stringT n=110 us=0 err=0
flutter-perf plugin op=read_cached type=stringT n=111 us=0 err=0
flutter-perf plugin op=read_cached type=stringT n=112 us=0 err=0
flutter-perf plugin op=read_cached type=stringT n=113 us=0 err=0
flutter-perf plugin op=read_cached type=stringT n=114 us=0 err=0
flutter-perf plugin op=read_cached type=stringT n=115 us=0 err=0
flutter-perf plugin op=read_cached type=stringT n=116 us=0 err=0
flutter-perf plugin op=read_cached type=stringT n=117 us=0 err=0
flutter-perf plugin op=read_cached type=stringT n=118 us=0 err=0
flutter-perf plugin op=read_cached type=stringT n=119 us=0 err=0
flutter-perf plugin op=read_cached type=stringT n=120 us=0 err=0
flutter-perf plugin op=read_cached type=stringT n=121 us=0 err=0
flutter-perf plugin op=read_cached type=stringT n=122 us=0 err=0
flutter-perf plugin op=read_cached type=stringT n=123 us=0 err=0
flutter-perf plugin op=read_cached type=stringT n=124 us=0 err=0
flutter-perf plugin op=read_cached type=stringT n=125 us=0 err=0
flutter-perf plugin op=read_cached type=stringT n=126 us=0 err=0
flutter-perf plugin op=read_cached type=stringT n=127 us=0 err=0
flutter-perf plugin op=read_cached type=stringT n=128 us=0 err=0
flutter-perf plugin op=read_cached type=stringT n=129 us=0 err=0
flutter-perf plugin op=read_cached type=stringT n=130 us=0 err=0
flutter-perf plugin op=read_cached type=stringT n=131 us=0 err=0
flutter-perf plugin op=read_cached type=stringT n=132 us=0 err=0
flutter-perf plugin op=read_cached type=stringT n=133 us=0 err=0
flutter-perf plugin op=read_cached type=stringT n=134 us=0 err=0
flutter-perf plugin op=read_cached type=stringT n=135 us=0 err=0
flutter-perf plugin op=read_cached type=stringT n=136 us=0 err=0
flutter-perf plugin op=read_cached type=stringT n=137 us=0 err=0
flutter-perf plugin op=read_cached type=stringT n=138 us=0 err=0
flutter-perf plugin op=read_cached type=stringT n=139 us=0 err=0
flutter-perf plugin op=read_cached type=stringT n=140 us=0 err=0
flutter-perf plugin op=read_cached type=stringT n=141 us=0 err=0
flutter-perf plugin op=read_cached type=stringT n=142 us=0 err=0
flutter-perf plugin op=read_cached type=stringT n=143 us=0 err=0
flutter-perf plugin op=read_cached type=stringT n=144 us=0 err=0
flutter-perf plugin op=read_cached type=stringT n=145 us=0 err=0
flutter-perf plugin op=read_cached type=stringT n=146 us=0 err=0
flutter-perf plugin op=read_cached type=stringT n=147 us=0 err=0
flutter-perf plugin op=read_cached type=stringT n=148 us=0 err=0
flutter-perf plugin op=read_cached type=stringT n=149 us=0 err=0
flutter-perf plugin op=read_cached type=stringT n=150 us=0 err=0
flutter-perf plugin op=read_cached type=stringT n=151 us=0 err=0
flutter-perf plugin op=read_cached type=stringT n=152 us=0 err=0
flutter-perf plugin op=read_cached type=stringT n=153 us=0 err=0
flutter-perf plugin op=read_cached type=stringT n=154 us=0 err=0
flutter-perf plugin op=read_cached type=stringT n=155 us=0 err=0
flutter-perf plugin op=read_cached type=stringT n=156 us=0 err=0
flutter-perf plugin op=read_cached type=stringT n=157 us=0 err=0
flutter-perf plugin op=read_cached type=stringT n=158 us=0 err=0
flutter-perf plugin op=read_cached type=stringT n=159 us=0 err=0
flutter-perf plugin op=read_cached type=stringT n=160 us=0 err=0
flutter-perf plugin op=read_cached type=stringT n=161 us=0 err=0
flutter-perf plugin op=read_cached type=stringT n=162 us=0 err=0
flutter-perf plugin op=read_cached type=stringT n=163 us=0 err=0
flutter-perf plugin op=read_cached type=stringT n=164 us=0 err=0
flutter-perf plugin op=read_cached type=stringT n=165 us=0 err=0
flutter-perf plugin op=read_cached type=stringT n=166 us=0 err=0
flutter-perf plugin op=read_cached type=stringT n=167 us=0 err=0
flutter-perf plugin op=read_cached type=stringT n=168 us=0 err=0
flutter-perf plugin op=read_cached type=stringT n=169 us=0 err=0
flutter-perf plugin op=read_cached type=stringT n=170 us=0 err=0
flutter-perf plugin op=read_cached type=stringT n=171 us=0 err=0
flutter-perf plugin op=read_cached type=stringT n=172 us=0 err=0
flutter-perf plugin op=read_cached type=stringT n=173 us=0 err=0
flutter-perf plugin op=read_cached type=stringT n=174 us=0 err=0
flutter-perf plugin op=read_cached type=stringT n=175 us=0 err=0
flutter-perf plugin op=read_cached type=stringT n=176 us=0 err=0
flutter-perf plugin op=read_cached type=stringT n=177 us=0 err=0
flutter-perf plugin op=read_cached type=stringT n=178 us=0 err=0
flutter-perf plugin op=read_cached type=stringT n=179 us=0 err=0
flutter-perf plugin op=read_cached type=stringT n=180 us=0 err=0
flutter-perf plugin op=read_cached type=stringT n=181 us=0 err=0
flutter-perf plugin op=read_cached type=stringT n=182 us=0 err=0
flutter-perf plugin op=read_cached type=stringT n=183 us=0 err=0
flutter-perf plugin op=read_cached type=stringT n=184 us=0 err=0
flutter-perf plugin op=read_cached type=stringT n=185 us=0 err=0
flutter-perf plugin op=read_cached type=stringT n=186 us=0 err=0
flutter-perf plugin op=read_cached type=stringT n=187 us=0 err=0
flutter-perf plugin op=read_cached type=stringT n=188 us=0 err=0
flutter-perf plugin op=read_cached type=stringT n=189 us=0 err=0
flutter-perf plugin op=read_cached type=stringT n=190 us=0 err=0
flutter-perf plugin op=read_cached type=stringT n=191 us=0 err=0
flutter-perf plugin op=read_cached type=stringT n=192 us=0 err=0
flutter-perf plugin op=read_cached type=stringT n=193 us=0 err=0
flutter-perf plugin op=read_cached type=stringT n=194 us=0 err=0
flutter-perf plugin op=read_cached type=stringT n=195 us=0 err=0
flutter-perf plugin op=read_cached type=stringT n=196 us=0 err=0
flutter-perf plugin op=read_cached type=stringT n=197 us=1 err=0
flutter-perf plugin op=read_cached type=stringT n=198 us=0 err=0
flutter-perf plugin op=read_cached type=stringT n=199 us=0 err=0
flutter-perf plugin op=read_cached type=stringListT n=0 us=21 err=0
flutter-perf plugin op=read_cached type=stringListT n=1 us=1 err=0
flutter-perf plugin op=read_cached type=stringListT n=2 us=1 err=0
flutter-perf plugin op=read_cached type=stringListT n=3 us=0 err=0
flutter-perf plugin op=read_cached type=stringListT n=4 us=0 err=0
flutter-perf plugin op=read_cached type=stringListT n=5 us=0 err=0
flutter-perf plugin op=read_cached type=stringListT n=6 us=1 err=0
flutter-perf plugin op=read_cached type=stringListT n=7 us=0 err=0
flutter-perf plugin op=read_cached type=stringListT n=8 us=0 err=0
flutter-perf plugin op=read_cached type=stringListT n=9 us=0 err=0
flutter-perf plugin op=read_cached type=stringListT n=10 us=0 err=0
flutter-perf plugin op=read_cached type=stringListT n=11 us=0 err=0
flutter-perf plugin op=read_cached type=stringListT n=12 us=1 err=0
flutter-perf plugin op=read_cached type=stringListT n=13 us=0 err=0
flutter-perf plugin op=read_cached type=stringListT n=14 us=0 err=0
flutter-perf plugin op=read_cached type=stringListT n=15 us=0 err=0
flutter-perf plugin op=read_cached type=stringListT n=16 us=1 err=0
flutter-perf plugin op=read_cached type=stringListT n=17 us=0 err=0
flutter-perf plugin op=read_cached type=stringListT n=18 us=0 err=0
flutter-perf plugin op=read_cached type=stringListT n=19 us=0 err=0
flutter-perf plugin op=read_cached type=stringListT n=20 us=1 err=0
flutter-perf plugin op=read_cached type=stringListT n=21 us=0 err=0
flutter-perf plugin op=read_cached type=stringListT n=22 us=0 err=0
flutter-perf plugin op=read_cached type=stringListT n=23 us=0 err=0
flutter-perf plugin op=read_cached type=stringListT n=24 us=1 err=0
flutter-perf plugin op=read_cached type=stringListT n=25 us=0 err=0
flutter-perf plugin op=read_cached type=stringListT n=26 us=0 err=0
flutter-perf plugin op=read_cached type=stringListT n=27 us=1 err=0
flutter-perf plugin op=read_cached type=stringListT n=28 us=1 err=0
flutter-perf plugin op=read_cached type=stringListT n=29 us=0 err=0
flutter-perf plugin op=read_cached type=stringListT n=30 us=0 err=0
flutter-perf plugin op=read_cached type=stringListT n=31 us=0 err=0
flutter-perf plugin op=read_cached type=stringListT n=32 us=1 err=0
flutter-perf plugin op=read_cached type=stringListT n=33 us=1 err=0
flutter-perf plugin op=read_cached type=stringListT n=34 us=0 err=0
flutter-perf plugin op=read_cached type=stringListT n=35 us=0 err=0
flutter-perf plugin op=read_cached type=stringListT n=36 us=1 err=0
flutter-perf plugin op=read_cached type=stringListT n=37 us=0 err=0
flutter-perf plugin op=read_cached type=stringListT n=38 us=1 err=0
flutter-perf plugin op=read_cached type=stringListT n=39 us=0 err=0
flutter-perf plugin op=read_cached type=stringListT n=40 us=1 err=0
flutter-perf plugin op=read_cached type=stringListT n=41 us=1 err=0
flutter-perf plugin op=read_cached type=stringListT n=42 us=0 err=0
flutter-perf plugin op=read_cached type=stringListT n=43 us=1 err=0
flutter-perf plugin op=read_cached type=stringListT n=44 us=0 err=0
flutter-perf plugin op=read_cached type=stringListT n=45 us=0 err=0
flutter-perf plugin op=read_cached type=stringListT n=46 us=0 err=0
flutter-perf plugin op=read_cached type=stringListT n=47 us=0 err=0
flutter-perf plugin op=read_cached type=stringListT n=48 us=1 err=0
flutter-perf plugin op=read_cached type=stringListT n=49 us=0 err=0
flutter-perf plugin op=read_cached type=stringListT n=50 us=0 err=0
flutter-perf plugin op=read_cached type=stringListT n=51 us=0 err=0
flutter-perf plugin op=read_cached type=stringListT n=52 us=1 err=0
flutter-perf plugin op=read_cached type=stringListT n=53 us=0 err=0
flutter-perf plugin op=read_cached type=stringListT n=54 us=0 err=0
flutter-perf plugin op=read_cached type=stringListT n=55 us=0 err=0
flutter-perf plugin op=read_cached type=stringListT n=56 us=1 err=0
flutter-perf plugin op=read_cached type=stringListT n=57 us=0 err=0
flutter-perf plugin op=read_cached type=stringListT n=58 us=0 err=0
flutter-perf plugin op=read_cached type=stringListT n=59 us=0 err=0
flutter-perf plugin op=read_cached type=stringListT n=60 us=0 err=0
flutter-perf plugin op=read_cached type=stringListT n=61 us=0 err=0
flutter-perf plugin op=read_cached type=stringListT n=62 us=0 err=0
flutter-perf plugin op=read_cached type=stringListT n=63 us=0 err=0
flutter-perf plugin op=read_cached type=stringListT n=64 us=1 err=0
flutter-perf plugin op=read_cached type=stringListT n=65 us=0 err=0
flutter-perf plugin op=read_cached type=stringListT n=66 us=0 err=0
flutter-perf plugin op=read_cached type=stringListT n=67 us=0 err=0
flutter-perf plugin op=read_cached type=stringListT n=68 us=1 err=0
flutter-perf plugin op=read_cached type=stringListT n=69 us=0 err=0
flutter-perf plugin op=read_cached type=stringListT n=70 us=0 err=0
flutter-perf plugin op=read_cached type=stringListT n=71 us=0 err=0
flutter-perf plugin op=read_cached type=stringListT n=72 us=1 err=0
flutter-perf plugin op=read_cached type=stringListT n=73 us=0 err=0
flutter-perf plugin op=read_cached type=stringListT n=74 us=0 err=0
flutter-perf plugin op=read_cached type=stringListT n=75 us=1 err=0
flutter-perf plugin op=read_cached type=stringListT n=76 us=0 err=0
flutter-perf plugin op=read_cached type=stringListT n=77 us=1 err=0
flutter-perf plugin op=read_cached type=stringListT n=78 us=0 err=0
flutter-perf plugin op=read_cached type=stringListT n=79 us=0 err=0
flutter-perf plugin op=read_cached type=stringListT n=80 us=0 err=0
flutter-perf plugin op=read_cached type=stringListT n=81 us=0 err=0
flutter-perf plugin op=read_cached type=stringListT n=82 us=0 err=0
flutter-perf plugin op=read_cached type=stringListT n=83 us=0 err=0
flutter-perf plugin op=read_cached type=stringListT n=84 us=0 err=0
flutter-perf plugin op=read_cached type=stringListT n=85 us=1 err=0
flutter-perf plugin op=read_cached type=stringListT n=86 us=0 err=0
flutter-perf plugin op=read_cached type=stringListT n=87 us=0 err=0
flutter-perf plugin op=read_cached type=stringListT n=88 us=1 err=0
flutter-perf plugin op=read_cached type=stringListT n=89 us=0 err=0
flutter-perf plugin op=read_cached type=stringListT n=90 us=1 err=0
flutter-perf plugin op=read_cached type=stringListT n=91 us=0 err=0
flutter-perf plugin op=read_cached type=stringListT n=92 us=1 err=0
flutter-perf plugin op=read_cached type=stringListT n=93 us=0 err=0
flutter-perf plugin op=read_cached type=stringListT n=94 us=1 err=0
flutter-perf plugin op=read_cached type=stringListT n=95 us=0 err=0
flutter-perf plugin op=read_cached type=stringListT n=96 us=1 err=0
flutter-perf plugin op=read_cached type=stringListT n=97 us=0 err=0
flutter-perf plugin op=read_cached type=stringListT n=98 us=1 err=0
flutter-perf plugin op=read_cached type=stringListT n=99 us=0 err=0
flutter-perf plugin op=read_cached type=stringListT n=100 us=1 err=0
flutter-perf plugin op=read_cached type=stringListT n=101 us=1 err=0
flutter-perf plugin op=read_cached type=stringListT n=102 us=1 err=0
flutter-perf plugin op=read_cached type=stringListT n=103 us=0 err=0
flutter-perf plugin op=read_cached type=stringListT n=104 us=1 err=0
flutter-perf plugin op=read_cached type=stringListT n=105 us=0 err=0
flutter-perf plugin op=read_cached type=stringListT n=106 us=1 err=0
flutter-perf plugin op=read_cached type=stringListT n=107 us=1 err=0
flutter-perf plugin op=read_cached type=stringListT n=108 us=1 err=0
flutter-perf plugin op=read_cached type=stringListT n=109 us=1 err=0
flutter-perf plugin op=read_cached type=stringListT n=110 us=0 err=0
flutter-perf plugin op=read_cached type=stringListT n=111 us=0 err=0
flutter-perf plugin op=read_cached type=stringListT n=112 us=1 err=0
flutter-perf plugin op=read_cached type=stringListT n=113 us=1 err=0
flutter-perf plugin op=read_cached type=stringListT n=114 us=0 err=0
flutter-perf plugin op=read_cached type=stringListT n=115 us=1 err=0
flutter-perf plugin op=read_cached type=stringListT n=116 us=1 err=0
flutter-perf plugin op=read_cached type=stringListT n=117 us=1 err=0
flutter-perf plugin op=read_cached type=stringListT n=118 us=0 err=0
flutter-perf plugin op=read_cached type=stringListT n=119 us=1 err=0
flutter-perf plugin op=read_cached type=stringListT n=120 us=1 err=0
flutter-perf plugin op=read_cached type=stringListT n=121 us=1 err=0
flutter-perf plugin op=read_cached type=stringListT n=122 us=1 err=0
flutter-perf plugin op=read_cached type=stringListT n=123 us=0 err=0
flutter-perf plugin op=read_cached type=stringListT n=124 us=1 err=0
flutter-perf plugin op=read_cached type=stringListT n=125 us=1 err=0
flutter-perf plugin op=read_cached type=stringListT n=126 us=0 err=0
flutter-perf plugin op=read_cached type=stringListT n=127 us=1 err=0
flutter-perf plugin op=read_cached type=stringListT n=128 us=1 err=0
flutter-perf plugin op=read_cached type=stringListT n=129 us=1 err=0
flutter-perf plugin op=read_cached type=stringListT n=130 us=1 err=0
flutter-perf plugin op=read_cached type=stringListT n=131 us=1 err=0
flutter-perf plugin op=read_cached type=stringListT n=132 us=1 err=0
flutter-perf plugin op=read_cached type=stringListT n=133 us=0 err=0
flutter-perf plugin op=read_cached type=stringListT n=134 us=1 err=0
flutter-perf plugin op=read_cached type=stringListT n=135 us=1 err=0
flutter-perf plugin op=read_cached type=stringListT n=136 us=1 err=0
flutter-perf plugin op=read_cached type=stringListT n=137 us=1 err=0
flutter-perf plugin op=read_cached type=stringListT n=138 us=1 err=0
flutter-perf plugin op=read_cached type=stringListT n=139 us=0 err=0
flutter-perf plugin op=read_cached type=stringListT n=140 us=2 err=0
flutter-perf plugin op=read_cached type=stringListT n=141 us=0 err=0
flutter-perf plugin op=read_cached type=stringListT n=142 us=0 err=0
flutter-perf plugin op=read_cached type=stringListT n=143 us=0 err=0
flutter-perf plugin op=read_cached type=stringListT n=144 us=1 err=0
flutter-perf plugin op=read_cached type=stringListT n=145 us=0 err=0
flutter-perf plugin op=read_cached type=stringListT n=146 us=0 err=0
flutter-perf plugin op=read_cached type=stringListT n=147 us=1 err=0
flutter-perf plugin op=read_cached type=stringListT n=148 us=1 err=0
flutter-perf plugin op=read_cached type=stringListT n=149 us=1 err=0
flutter-perf plugin op=read_cached type=stringListT n=150 us=1 err=0
flutter-perf plugin op=read_cached type=stringListT n=151 us=1 err=0
flutter-perf plugin op=read_cached type=stringListT n=152 us=1 err=0
flutter-perf plugin op=read_cached type=stringListT n=153 us=1 err=0
flutter-perf plugin op=read_cached type=stringListT n=154 us=1 err=0
flutter-perf plugin op=read_cached type=stringListT n=155 us=1 err=0
flutter-perf plugin op=read_cached type=stringListT n=156 us=1 err=0
flutter-perf plugin op=read_cached type=stringListT n=157 us=0 err=0
flutter-perf plugin op=read_cached type=stringListT n=158 us=1 err=0
flutter-perf plugin op=read_cached type=stringListT n=159 us=1 err=0
flutter-perf plugin op=read_cached type=stringListT n=160 us=1 err=0
flutter-perf plugin op=read_cached type=stringListT n=161 us=1 err=0
flutter-perf plugin op=read_cached type=stringListT n=162 us=0 err=0
flutter-perf plugin op=read_cached type=stringListT n=163 us=0 err=0
flutter-perf plugin op=read_cached type=stringListT n=164 us=1 err=0
flutter-perf plugin op=read_cached type=stringListT n=165 us=1 err=0
flutter-perf plugin op=read_cached type=stringListT n=166 us=0 err=0
flutter-perf plugin op=read_cached type=stringListT n=167 us=1 err=0
flutter-perf plugin op=read_cached type=stringListT n=168 us=1 err=0
flutter-perf plugin op=read_cached type=stringListT n=169 us=0 err=0
flutter-perf plugin op=read_cached type=stringListT n=170 us=1 err=0
flutter-perf plugin op=read_cached type=stringListT n=171 us=0 err=0
flutter-perf plugin op=read_cached type=stringListT n=172 us=1 err=0
flutter-perf plugin op=read_cached type=stringListT n=173 us=1 err=0
flutter-perf plugin op=read_cached type=stringListT n=174 us=1 err=0
flutter-perf plugin op=read_cached type=stringListT n=175 us=0 err=0
flutter-perf plugin op=read_cached type=stringListT n=176 us=1 err=0
flutter-perf plugin op=read_cached type=stringListT n=177 us=0 err=0
flutter-perf plugin op=read_cached type=stringListT n=178 us=0 err=0
flutter-perf plugin op=read_cached type=stringListT n=179 us=0 err=0
flutter-perf plugin op=read_cached type=stringListT n=180 us=1 err=0
flutter-perf plugin op=read_cached type=stringListT n=181 us=1 err=0
flutter-perf plugin op=read_cached type=stringListT n=182 us=1 err=0
flutter-perf plugin op=read_cached type=stringListT n=183 us=1 err=0
flutter-perf plugin op=read_cached type=stringListT n=184 us=1 err=0
flutter-perf plugin op=read_cached type=stringListT n=185 us=1 err=0
flutter-perf plugin op=read_cached type=stringListT n=186 us=0 err=0
flutter-perf plugin op=read_cached type=stringListT n=187 us=0 err=0
flutter-perf plugin op=read_cached type=stringListT n=188 us=0 err=0
flutter-perf plugin op=read_cached type=stringListT n=189 us=1 err=0
flutter-perf plugin op=read_cached type=stringListT n=190 us=0 err=0
flutter-perf plugin op=read_cached type=stringListT n=191 us=1 err=0
flutter-perf plugin op=read_cached type=stringListT n=192 us=0 err=0
flutter-perf plugin op=read_cached type=stringListT n=193 us=1 err=0
flutter-perf plugin op=read_cached type=stringListT n=194 us=0 err=0
flutter-perf plugin op=read_cached type=stringListT n=195 us=0 err=0
flutter-perf plugin op=read_cached type=stringListT n=196 us=1 err=0
flutter-perf plugin op=read_cached type=stringListT n=197 us=1 err=0
flutter-perf plugin op=read_cached type=stringListT n=198 us=0 err=0
flutter-perf plugin op=read_cached type=stringListT n=199 us=0 err=0
bench-scenario-end s8-read-cached
bench-scenario-start s8-read-crossing
flutter-perf plugin op=read_crossing type=reload n=0 us=17192 err=0
flutter-perf plugin op=read_crossing type=reload n=1 us=9801 err=0
flutter-perf plugin op=read_crossing type=reload n=2 us=9501 err=0
flutter-perf plugin op=read_crossing type=reload n=3 us=10431 err=0
flutter-perf plugin op=read_crossing type=reload n=4 us=8817 err=0
flutter-perf plugin op=read_crossing type=reload n=5 us=8378 err=0
flutter-perf plugin op=read_crossing type=reload n=6 us=8134 err=0
flutter-perf plugin op=read_crossing type=reload n=7 us=8087 err=0
flutter-perf plugin op=read_crossing type=reload n=8 us=8091 err=0
flutter-perf plugin op=read_crossing type=reload n=9 us=8013 err=0
flutter-perf plugin op=read_crossing type=reload n=10 us=8635 err=0
flutter-perf plugin op=read_crossing type=reload n=11 us=7712 err=0
flutter-perf plugin op=read_crossing type=reload n=12 us=7669 err=0
flutter-perf plugin op=read_crossing type=reload n=13 us=7533 err=0
flutter-perf plugin op=read_crossing type=reload n=14 us=7187 err=0
flutter-perf plugin op=read_crossing type=reload n=15 us=7111 err=0
flutter-perf plugin op=read_crossing type=reload n=16 us=6573 err=0
flutter-perf plugin op=read_crossing type=reload n=17 us=6060 err=0
flutter-perf plugin op=read_crossing type=reload n=18 us=6048 err=0
flutter-perf plugin op=read_crossing type=reload n=19 us=6769 err=0
flutter-perf plugin op=read_crossing type=reload n=20 us=6000 err=0
flutter-perf plugin op=read_crossing type=reload n=21 us=5942 err=0
flutter-perf plugin op=read_crossing type=reload n=22 us=5874 err=0
flutter-perf plugin op=read_crossing type=reload n=23 us=5636 err=0
flutter-perf plugin op=read_crossing type=reload n=24 us=5529 err=0
flutter-perf plugin op=read_crossing type=reload n=25 us=5278 err=0
flutter-perf plugin op=read_crossing type=reload n=26 us=5038 err=0
flutter-perf plugin op=read_crossing type=reload n=27 us=4976 err=0
flutter-perf plugin op=read_crossing type=reload n=28 us=4501 err=0
flutter-perf plugin op=read_crossing type=reload n=29 us=4059 err=0
flutter-perf plugin op=read_crossing type=reload n=30 us=3919 err=0
flutter-perf plugin op=read_crossing type=reload n=31 us=3916 err=0
flutter-perf plugin op=read_crossing type=reload n=32 us=3864 err=0
flutter-perf plugin op=read_crossing type=reload n=33 us=3687 err=0
flutter-perf plugin op=read_crossing type=reload n=34 us=3783 err=0
flutter-perf plugin op=read_crossing type=reload n=35 us=4377 err=0
flutter-perf plugin op=read_crossing type=reload n=36 us=4034 err=0
flutter-perf plugin op=read_crossing type=reload n=37 us=4067 err=0
flutter-perf plugin op=read_crossing type=reload n=38 us=3923 err=0
flutter-perf plugin op=read_crossing type=reload n=39 us=3416 err=0
flutter-perf plugin op=read_crossing type=reload n=40 us=3441 err=0
flutter-perf plugin op=read_crossing type=reload n=41 us=3463 err=0
flutter-perf plugin op=read_crossing type=reload n=42 us=3443 err=0
flutter-perf plugin op=read_crossing type=reload n=43 us=3767 err=0
flutter-perf plugin op=read_crossing type=reload n=44 us=3472 err=0
flutter-perf plugin op=read_crossing type=reload n=45 us=3507 err=0
flutter-perf plugin op=read_crossing type=reload n=46 us=3271 err=0
flutter-perf plugin op=read_crossing type=reload n=47 us=3257 err=0
flutter-perf plugin op=read_crossing type=reload n=48 us=3439 err=0
flutter-perf plugin op=read_crossing type=reload n=49 us=3531 err=0
flutter-perf plugin op=read_crossing type=reload n=50 us=3897 err=0
flutter-perf plugin op=read_crossing type=reload n=51 us=4215 err=0
flutter-perf plugin op=read_crossing type=reload n=52 us=3765 err=0
flutter-perf plugin op=read_crossing type=reload n=53 us=3818 err=0
flutter-perf plugin op=read_crossing type=reload n=54 us=4167 err=0
flutter-perf plugin op=read_crossing type=reload n=55 us=4239 err=0
flutter-perf plugin op=read_crossing type=reload n=56 us=4813 err=0
flutter-perf plugin op=read_crossing type=reload n=57 us=4696 err=0
flutter-perf plugin op=read_crossing type=reload n=58 us=4469 err=0
flutter-perf plugin op=read_crossing type=reload n=59 us=4899 err=0
flutter-perf plugin op=read_crossing type=reload n=60 us=4472 err=0
flutter-perf plugin op=read_crossing type=reload n=61 us=5429 err=0
flutter-perf plugin op=read_crossing type=reload n=62 us=5352 err=0
flutter-perf plugin op=read_crossing type=reload n=63 us=5360 err=0
flutter-perf plugin op=read_crossing type=reload n=64 us=5408 err=0
flutter-perf plugin op=read_crossing type=reload n=65 us=5284 err=0
flutter-perf plugin op=read_crossing type=reload n=66 us=5114 err=0
flutter-perf plugin op=read_crossing type=reload n=67 us=5820 err=0
flutter-perf plugin op=read_crossing type=reload n=68 us=5373 err=0
flutter-perf plugin op=read_crossing type=reload n=69 us=5474 err=0
flutter-perf plugin op=read_crossing type=reload n=70 us=5323 err=0
flutter-perf plugin op=read_crossing type=reload n=71 us=5336 err=0
flutter-perf plugin op=read_crossing type=reload n=72 us=5374 err=0
flutter-perf plugin op=read_crossing type=reload n=73 us=5350 err=0
flutter-perf plugin op=read_crossing type=reload n=74 us=5328 err=0
flutter-perf plugin op=read_crossing type=reload n=75 us=5861 err=0
flutter-perf plugin op=read_crossing type=reload n=76 us=5337 err=0
flutter-perf plugin op=read_crossing type=reload n=77 us=5450 err=0
flutter-perf plugin op=read_crossing type=reload n=78 us=5275 err=0
flutter-perf plugin op=read_crossing type=reload n=79 us=5266 err=0
flutter-perf plugin op=read_crossing type=reload n=80 us=5371 err=0
flutter-perf plugin op=read_crossing type=reload n=81 us=5036 err=0
flutter-perf plugin op=read_crossing type=reload n=82 us=4405 err=0
flutter-perf plugin op=read_crossing type=reload n=83 us=5261 err=0
flutter-perf plugin op=read_crossing type=reload n=84 us=5158 err=0
flutter-perf plugin op=read_crossing type=reload n=85 us=5360 err=0
flutter-perf plugin op=read_crossing type=reload n=86 us=5266 err=0
flutter-perf plugin op=read_crossing type=reload n=87 us=5311 err=0
flutter-perf plugin op=read_crossing type=reload n=88 us=5285 err=0
flutter-perf plugin op=read_crossing type=reload n=89 us=5266 err=0
flutter-perf plugin op=read_crossing type=reload n=90 us=5335 err=0
flutter-perf plugin op=read_crossing type=reload n=91 us=5742 err=0
flutter-perf plugin op=read_crossing type=reload n=92 us=5302 err=0
flutter-perf plugin op=read_crossing type=reload n=93 us=5218 err=0
flutter-perf plugin op=read_crossing type=reload n=94 us=4385 err=0
flutter-perf plugin op=read_crossing type=reload n=95 us=4742 err=0
flutter-perf plugin op=read_crossing type=reload n=96 us=5047 err=0
flutter-perf plugin op=read_crossing type=reload n=97 us=5323 err=0
flutter-perf plugin op=read_crossing type=reload n=98 us=4971 err=0
flutter-perf plugin op=read_crossing type=reload n=99 us=4824 err=0
flutter-perf plugin op=read_crossing type=reload n=100 us=5142 err=0
flutter-perf plugin op=read_crossing type=reload n=101 us=5387 err=0
flutter-perf plugin op=read_crossing type=reload n=102 us=5338 err=0
flutter-perf plugin op=read_crossing type=reload n=103 us=5361 err=0
flutter-perf plugin op=read_crossing type=reload n=104 us=5303 err=0
flutter-perf plugin op=read_crossing type=reload n=105 us=5094 err=0
flutter-perf plugin op=read_crossing type=reload n=106 us=5342 err=0
flutter-perf plugin op=read_crossing type=reload n=107 us=5546 err=0
flutter-perf plugin op=read_crossing type=reload n=108 us=4424 err=0
flutter-perf plugin op=read_crossing type=reload n=109 us=5080 err=0
flutter-perf plugin op=read_crossing type=reload n=110 us=5374 err=0
flutter-perf plugin op=read_crossing type=reload n=111 us=5269 err=0
flutter-perf plugin op=read_crossing type=reload n=112 us=5277 err=0
flutter-perf plugin op=read_crossing type=reload n=113 us=5362 err=0
flutter-perf plugin op=read_crossing type=reload n=114 us=5266 err=0
flutter-perf plugin op=read_crossing type=reload n=115 us=5751 err=0
flutter-perf plugin op=read_crossing type=reload n=116 us=5306 err=0
flutter-perf plugin op=read_crossing type=reload n=117 us=5385 err=0
flutter-perf plugin op=read_crossing type=reload n=118 us=5340 err=0
flutter-perf plugin op=read_crossing type=reload n=119 us=5245 err=0
flutter-perf plugin op=read_crossing type=reload n=120 us=5064 err=0
flutter-perf plugin op=read_crossing type=reload n=121 us=5335 err=0
flutter-perf plugin op=read_crossing type=reload n=122 us=5086 err=0
flutter-perf plugin op=read_crossing type=reload n=123 us=4834 err=0
flutter-perf plugin op=read_crossing type=reload n=124 us=4993 err=0
flutter-perf plugin op=read_crossing type=reload n=125 us=5439 err=0
flutter-perf plugin op=read_crossing type=reload n=126 us=5296 err=0
flutter-perf plugin op=read_crossing type=reload n=127 us=5345 err=0
flutter-perf plugin op=read_crossing type=reload n=128 us=5411 err=0
flutter-perf plugin op=read_crossing type=reload n=129 us=5305 err=0
flutter-perf plugin op=read_crossing type=reload n=130 us=5326 err=0
flutter-perf plugin op=read_crossing type=reload n=131 us=5615 err=0
flutter-perf plugin op=read_crossing type=reload n=132 us=4447 err=0
flutter-perf plugin op=read_crossing type=reload n=133 us=4990 err=0
flutter-perf plugin op=read_crossing type=reload n=134 us=5410 err=0
flutter-perf plugin op=read_crossing type=reload n=135 us=5355 err=0
flutter-perf plugin op=read_crossing type=reload n=136 us=5315 err=0
flutter-perf plugin op=read_crossing type=reload n=137 us=5413 err=0
flutter-perf plugin op=read_crossing type=reload n=138 us=5332 err=0
flutter-perf plugin op=read_crossing type=reload n=139 us=5759 err=0
flutter-perf plugin op=read_crossing type=reload n=140 us=5399 err=0
flutter-perf plugin op=read_crossing type=reload n=141 us=5489 err=0
flutter-perf plugin op=read_crossing type=reload n=142 us=5394 err=0
flutter-perf plugin op=read_crossing type=reload n=143 us=5302 err=0
flutter-perf plugin op=read_crossing type=reload n=144 us=5124 err=0
flutter-perf plugin op=read_crossing type=reload n=145 us=5369 err=0
flutter-perf plugin op=read_crossing type=reload n=146 us=5088 err=0
flutter-perf plugin op=read_crossing type=reload n=147 us=4939 err=0
flutter-perf plugin op=read_crossing type=reload n=148 us=5104 err=0
flutter-perf plugin op=read_crossing type=reload n=149 us=5437 err=0
flutter-perf plugin op=read_crossing type=reload n=150 us=5292 err=0
flutter-perf plugin op=read_crossing type=reload n=151 us=5279 err=0
flutter-perf plugin op=read_crossing type=reload n=152 us=5136 err=0
flutter-perf plugin op=read_crossing type=reload n=153 us=4373 err=0
flutter-perf plugin op=read_crossing type=reload n=154 us=4710 err=0
flutter-perf plugin op=read_crossing type=reload n=155 us=5506 err=0
flutter-perf plugin op=read_crossing type=reload n=156 us=5129 err=0
flutter-perf plugin op=read_crossing type=reload n=157 us=5081 err=0
flutter-perf plugin op=read_crossing type=reload n=158 us=5058 err=0
flutter-perf plugin op=read_crossing type=reload n=159 us=5345 err=0
flutter-perf plugin op=read_crossing type=reload n=160 us=4985 err=0
flutter-perf plugin op=read_crossing type=reload n=161 us=4354 err=0
flutter-perf plugin op=read_crossing type=reload n=162 us=4750 err=0
flutter-perf plugin op=read_crossing type=reload n=163 us=5546 err=0
flutter-perf plugin op=read_crossing type=reload n=164 us=5287 err=0
flutter-perf plugin op=read_crossing type=reload n=165 us=5306 err=0
flutter-perf plugin op=read_crossing type=reload n=166 us=5303 err=0
flutter-perf plugin op=read_crossing type=reload n=167 us=5206 err=0
flutter-perf plugin op=read_crossing type=reload n=168 us=5214 err=0
flutter-perf plugin op=read_crossing type=reload n=169 us=5318 err=0
flutter-perf plugin op=read_crossing type=reload n=170 us=5229 err=0
flutter-perf plugin op=read_crossing type=reload n=171 us=5655 err=0
flutter-perf plugin op=read_crossing type=reload n=172 us=5328 err=0
flutter-perf plugin op=read_crossing type=reload n=173 us=5319 err=0
flutter-perf plugin op=read_crossing type=reload n=174 us=5234 err=0
flutter-perf plugin op=read_crossing type=reload n=175 us=5147 err=0
flutter-perf plugin op=read_crossing type=reload n=176 us=4303 err=0
flutter-perf plugin op=read_crossing type=reload n=177 us=3768 err=0
flutter-perf plugin op=read_crossing type=reload n=178 us=2681 err=0
flutter-perf plugin op=read_crossing type=reload n=179 us=3032 err=0
flutter-perf plugin op=read_crossing type=reload n=180 us=2688 err=0
flutter-perf plugin op=read_crossing type=reload n=181 us=2743 err=0
flutter-perf plugin op=read_crossing type=reload n=182 us=2608 err=0
flutter-perf plugin op=read_crossing type=reload n=183 us=2930 err=0
flutter-perf plugin op=read_crossing type=reload n=184 us=3019 err=0
flutter-perf plugin op=read_crossing type=reload n=185 us=2957 err=0
flutter-perf plugin op=read_crossing type=reload n=186 us=3504 err=0
flutter-perf plugin op=read_crossing type=reload n=187 us=3826 err=0
flutter-perf plugin op=read_crossing type=reload n=188 us=4145 err=0
flutter-perf plugin op=read_crossing type=reload n=189 us=4280 err=0
flutter-perf plugin op=read_crossing type=reload n=190 us=4725 err=0
flutter-perf plugin op=read_crossing type=reload n=191 us=4679 err=0
flutter-perf plugin op=read_crossing type=reload n=192 us=4692 err=0
flutter-perf plugin op=read_crossing type=reload n=193 us=5209 err=0
flutter-perf plugin op=read_crossing type=reload n=194 us=5673 err=0
flutter-perf plugin op=read_crossing type=reload n=195 us=5707 err=0
flutter-perf plugin op=read_crossing type=reload n=196 us=5638 err=0
flutter-perf plugin op=read_crossing type=reload n=197 us=5452 err=0
flutter-perf plugin op=read_crossing type=reload n=198 us=5230 err=0
flutter-perf plugin op=read_crossing type=reload n=199 us=5672 err=0
bench-scenario-end s8-read-crossing
flutter-perf raw n=5 build_us=1792 raster_us=4648 total_us=7144
