frust-perf activity-create
frust_shell_common::perf: bench-scenario-start s1
frust_render::context: frust-perf render-path engine-direct (frust-engine into the acquired swapchain view (RENDER_ATTACHMENT, surface-reported format, surface-owned depth))
frust_shell_common::perf: bench-scenario-end s1
frust_shell_common::perf: bench-scenario-start s3
frust_shell_common::perf: bench-scenario-start s3-create1k
frust_shell_common::perf: bench-scenario-end s3-create1k
frust_shell_common::perf: frust-perf startup init_entry=0ms font_preinit_started=0ms font_preinit_joined=0ms preinit_started=0ms preinit_joined=2ms cache_loaded=2ms pipeline_cache_restored=2ms adapter_ready=38ms device_ready=38ms renderer_ready=38ms first_rebuild_done=48ms first_encode_done=48ms first_frame_presented=159ms
frust_shell_common::perf: frust-perf raw n=1 total_us=112569 rebuild_us=205 layout_us=771 paint_us=154 encode_us=46 acquire_us=35 submit_us=111355 skipped=0 gpu_q=0
frust_shell_common::perf: frust-perf raw n=2 total_us=6333 rebuild_us=151 layout_us=0 paint_us=68 encode_us=34 acquire_us=24 submit_us=6054 skipped=0 gpu_q=0
frust_shell_common::perf: frust-perf raw n=3 total_us=6310 rebuild_us=407 layout_us=0 paint_us=75 encode_us=137 acquire_us=85 submit_us=5605 skipped=0 gpu_q=0
frust_shell_common::perf: frust-perf raw n=4 total_us=6202 rebuild_us=357 layout_us=0 paint_us=91 encode_us=83 acquire_us=67 submit_us=5601 skipped=0 gpu_q=0
frust_shell_common::perf: frust-perf raw n=5 total_us=9717 rebuild_us=376 layout_us=0 paint_us=164 encode_us=85 acquire_us=3914 submit_us=5175 skipped=0 gpu_q=1 gpu_total_us=6148 gpu_prepass_us=429 gpu_main_us=5718 gpu_composite_us=0 gpu_blit_us=0
frust_shell_common::perf: frust-perf raw n=6 total_us=13064 rebuild_us=367 layout_us=0 paint_us=77 encode_us=102 acquire_us=3642 submit_us=8874 skipped=0 gpu_q=1 gpu_total_us=2681 gpu_prepass_us=0 gpu_main_us=2681 gpu_composite_us=0 gpu_blit_us=0
frust_shell_common::perf: frust-perf raw n=7 total_us=8103 rebuild_us=382 layout_us=0 paint_us=179 encode_us=40 acquire_us=1084 submit_us=6415 skipped=0 gpu_q=1 gpu_total_us=2671 gpu_prepass_us=0 gpu_main_us=2671 gpu_composite_us=0 gpu_blit_us=0
frust_shell_common::perf: frust-perf raw n=8 total_us=8792 rebuild_us=152 layout_us=0 paint_us=66 encode_us=39 acquire_us=1624 submit_us=6909 skipped=0 gpu_q=1 gpu_total_us=2645 gpu_prepass_us=0 gpu_main_us=2645 gpu_composite_us=0 gpu_blit_us=0
frust_shell_common::perf: frust-perf raw n=9 total_us=9403 rebuild_us=245 layout_us=0 paint_us=149 encode_us=40 acquire_us=3997 submit_us=4970 skipped=0 gpu_q=1 gpu_total_us=2653 gpu_prepass_us=0 gpu_main_us=2653 gpu_composite_us=0 gpu_blit_us=0
frust_shell_common::perf: bench-scenario-start s3-create10k
frust_shell_common::perf: bench-scenario-end s3-create10k
frust_shell_common::perf: frust-perf raw n=10 total_us=13897 rebuild_us=5871 layout_us=38 paint_us=75 encode_us=44 acquire_us=83 submit_us=7784 skipped=0 gpu_q=1 gpu_total_us=2633 gpu_prepass_us=0 gpu_main_us=2633 gpu_composite_us=0 gpu_blit_us=0
frust_shell_common::perf: frust-perf raw n=11 total_us=11357 rebuild_us=202 layout_us=0 paint_us=67 encode_us=53 acquire_us=8322 submit_us=2711 skipped=0 gpu_q=1 gpu_total_us=6382 gpu_prepass_us=0 gpu_main_us=6382 gpu_composite_us=0 gpu_blit_us=0
frust_shell_common::perf: frust-perf raw n=12 total_us=11991 rebuild_us=185 layout_us=0 paint_us=88 encode_us=79 acquire_us=8593 submit_us=3044 skipped=0 gpu_q=1 gpu_total_us=2680 gpu_prepass_us=0 gpu_main_us=2680 gpu_composite_us=0 gpu_blit_us=0
frust_shell_common::perf: frust-perf raw n=13 total_us=17456 rebuild_us=143 layout_us=0 paint_us=59 encode_us=35 acquire_us=12757 submit_us=4460 skipped=0 gpu_q=1 gpu_total_us=2704 gpu_prepass_us=0 gpu_main_us=2704 gpu_composite_us=0 gpu_blit_us=0
frust_shell_common::perf: frust-perf raw n=14 total_us=8496 rebuild_us=394 layout_us=0 paint_us=199 encode_us=51 acquire_us=5018 submit_us=2831 skipped=0 gpu_q=1 gpu_total_us=4556 gpu_prepass_us=273 gpu_main_us=4283 gpu_composite_us=0 gpu_blit_us=0
frust_shell_common::perf: frust-perf raw n=15 total_us=11378 rebuild_us=157 layout_us=0 paint_us=76 encode_us=39 acquire_us=8287 submit_us=2818 skipped=0 gpu_q=1 gpu_total_us=4161 gpu_prepass_us=0 gpu_main_us=4161 gpu_composite_us=0 gpu_blit_us=0
frust_shell_common::perf: frust-perf raw n=16 total_us=13074 rebuild_us=752 layout_us=0 paint_us=73 encode_us=38 acquire_us=8760 submit_us=3449 skipped=0 gpu_q=1 gpu_total_us=4194 gpu_prepass_us=0 gpu_main_us=4194 gpu_composite_us=0 gpu_blit_us=0
frust_shell_android::app::frame: frust-perf platform-view tail depth=0 target=0 acquire_bound=true frame=29 expected_present_us=0 acquire_us=7260 period_us=12295
frust_shell_common::perf: frust-perf raw n=17 total_us=10504 rebuild_us=173 layout_us=0 paint_us=88 encode_us=56 acquire_us=5777 submit_us=4408 skipped=0 gpu_q=1 gpu_total_us=4220 gpu_prepass_us=0 gpu_main_us=4220 gpu_composite_us=0 gpu_blit_us=0
frust_shell_common::perf: frust-perf raw n=18 total_us=12556 rebuild_us=173 layout_us=0 paint_us=71 encode_us=42 acquire_us=8289 submit_us=3979 skipped=0 gpu_q=1 gpu_total_us=4202 gpu_prepass_us=0 gpu_main_us=4202 gpu_composite_us=0 gpu_blit_us=0
frust_shell_common::perf: frust-perf raw n=19 total_us=10010 rebuild_us=196 layout_us=0 paint_us=122 encode_us=48 acquire_us=6008 submit_us=3634 skipped=0 gpu_q=1 gpu_total_us=4188 gpu_prepass_us=0 gpu_main_us=4188 gpu_composite_us=0 gpu_blit_us=0
frust_shell_common::perf: frust-perf raw n=20 total_us=10912 rebuild_us=247 layout_us=0 paint_us=79 encode_us=45 acquire_us=7655 submit_us=2884 skipped=0 gpu_q=1 gpu_total_us=4185 gpu_prepass_us=0 gpu_main_us=4185 gpu_composite_us=0 gpu_blit_us=0
frust_shell_common::perf: frust-perf raw n=21 total_us=10837 rebuild_us=184 layout_us=0 paint_us=75 encode_us=38 acquire_us=8212 submit_us=2326 skipped=0 gpu_q=1 gpu_total_us=4185 gpu_prepass_us=0 gpu_main_us=4185 gpu_composite_us=0 gpu_blit_us=0
frust_shell_common::perf: frust-perf raw n=22 total_us=12683 rebuild_us=151 layout_us=0 paint_us=65 encode_us=36 acquire_us=9924 submit_us=2504 skipped=0 gpu_q=1 gpu_total_us=4220 gpu_prepass_us=0 gpu_main_us=4220 gpu_composite_us=0 gpu_blit_us=0
frust_shell_common::perf: frust-perf raw n=23 total_us=10653 rebuild_us=226 layout_us=0 paint_us=73 encode_us=36 acquire_us=7968 submit_us=2347 skipped=0 gpu_q=1 gpu_total_us=4198 gpu_prepass_us=0 gpu_main_us=4198 gpu_composite_us=0 gpu_blit_us=0
frust_shell_common::perf: frust-perf raw n=24 total_us=13152 rebuild_us=132 layout_us=0 paint_us=58 encode_us=35 acquire_us=10229 submit_us=2696 skipped=0 gpu_q=1 gpu_total_us=4210 gpu_prepass_us=0 gpu_main_us=4210 gpu_composite_us=0 gpu_blit_us=0
frust_shell_common::perf: frust-perf raw n=25 total_us=10574 rebuild_us=184 layout_us=0 paint_us=75 encode_us=41 acquire_us=7439 submit_us=2832 skipped=0 gpu_q=1 gpu_total_us=4192 gpu_prepass_us=0 gpu_main_us=4192 gpu_composite_us=0 gpu_blit_us=0
frust_shell_common::perf: frust-perf raw n=26 total_us=15311 rebuild_us=200 layout_us=0 paint_us=90 encode_us=39 acquire_us=11601 submit_us=3379 skipped=0 gpu_q=1 gpu_total_us=4206 gpu_prepass_us=0 gpu_main_us=4206 gpu_composite_us=0 gpu_blit_us=0
frust_shell_common::perf: frust-perf raw n=27 total_us=10878 rebuild_us=201 layout_us=0 paint_us=109 encode_us=59 acquire_us=7161 submit_us=3344 skipped=0 gpu_q=1 gpu_total_us=4194 gpu_prepass_us=0 gpu_main_us=4194 gpu_composite_us=0 gpu_blit_us=0
frust_shell_common::perf: frust-perf raw n=28 total_us=10029 rebuild_us=249 layout_us=0 paint_us=100 encode_us=56 acquire_us=6137 submit_us=3484 skipped=0 gpu_q=1 gpu_total_us=4230 gpu_prepass_us=0 gpu_main_us=4230 gpu_composite_us=0 gpu_blit_us=0
frust_shell_common::perf: bench-scenario-start s3-update
frust_shell_common::perf: bench-scenario-end s3-update
frust_shell_common::perf: frust-perf raw n=29 total_us=15492 rebuild_us=212 layout_us=0 paint_us=98 encode_us=52 acquire_us=6672 submit_us=8456 skipped=0 gpu_q=1 gpu_total_us=4335 gpu_prepass_us=0 gpu_main_us=4335 gpu_composite_us=0 gpu_blit_us=0
frust_shell_common::perf: frust-perf raw n=30 total_us=6736 rebuild_us=257 layout_us=0 paint_us=91 encode_us=80 acquire_us=2716 submit_us=3589 skipped=0 gpu_q=1 gpu_total_us=4390 gpu_prepass_us=0 gpu_main_us=4390 gpu_composite_us=0 gpu_blit_us=0
frust_shell_common::perf: frust-perf raw n=31 total_us=4097 rebuild_us=143 layout_us=0 paint_us=70 encode_us=37 acquire_us=1208 submit_us=2637 skipped=0 gpu_q=1 gpu_total_us=4383 gpu_prepass_us=0 gpu_main_us=4383 gpu_composite_us=0 gpu_blit_us=0
frust_shell_common::perf: frust-perf raw n=32 total_us=6525 rebuild_us=167 layout_us=0 paint_us=76 encode_us=42 acquire_us=3136 submit_us=3102 skipped=0 gpu_q=1 gpu_total_us=4432 gpu_prepass_us=0 gpu_main_us=4432 gpu_composite_us=0 gpu_blit_us=0
frust_shell_common::perf: frust-perf raw n=33 total_us=4797 rebuild_us=158 layout_us=0 paint_us=79 encode_us=43 acquire_us=1333 submit_us=3181 skipped=0 gpu_q=1 gpu_total_us=4181 gpu_prepass_us=0 gpu_main_us=4181 gpu_composite_us=0 gpu_blit_us=0
frust_shell_common::perf: frust-perf raw n=34 total_us=6787 rebuild_us=487 layout_us=1 paint_us=338 encode_us=124 acquire_us=2279 submit_us=3556 skipped=0 gpu_q=1 gpu_total_us=4482 gpu_prepass_us=270 gpu_main_us=4211 gpu_composite_us=0 gpu_blit_us=0
frust_shell_common::perf: frust-perf raw n=35 total_us=10458 rebuild_us=177 layout_us=0 paint_us=78 encode_us=238 acquire_us=6623 submit_us=3340 skipped=0 gpu_q=1 gpu_total_us=4235 gpu_prepass_us=0 gpu_main_us=4235 gpu_composite_us=0 gpu_blit_us=0
frust_shell_common::perf: frust-perf raw n=36 total_us=5449 rebuild_us=200 layout_us=0 paint_us=117 encode_us=43 acquire_us=2519 submit_us=2568 skipped=0 gpu_q=1 gpu_total_us=4212 gpu_prepass_us=0 gpu_main_us=4212 gpu_composite_us=0 gpu_blit_us=0
frust_shell_common::perf: frust-perf raw n=37 total_us=3409 rebuild_us=199 layout_us=0 paint_us=82 encode_us=39 acquire_us=61 submit_us=3025 skipped=0 gpu_q=1 gpu_total_us=4449 gpu_prepass_us=0 gpu_main_us=4449 gpu_composite_us=0 gpu_blit_us=0
frust_shell_common::perf: frust-perf raw n=38 total_us=4279 rebuild_us=215 layout_us=0 paint_us=91 encode_us=114 acquire_us=673 submit_us=3185 skipped=0 gpu_q=1 gpu_total_us=5305 gpu_prepass_us=0 gpu_main_us=5305 gpu_composite_us=0 gpu_blit_us=0
frust_shell_common::perf: frust-perf raw n=39 total_us=8040 rebuild_us=179 layout_us=0 paint_us=85 encode_us=102 acquire_us=99 submit_us=7572 skipped=0 gpu_q=1 gpu_total_us=5151 gpu_prepass_us=0 gpu_main_us=5151 gpu_composite_us=0 gpu_blit_us=0
frust_shell_common::perf: frust-perf raw n=40 total_us=3187 rebuild_us=170 layout_us=0 paint_us=73 encode_us=38 acquire_us=53 submit_us=2850 skipped=0 gpu_q=1 gpu_total_us=5156 gpu_prepass_us=0 gpu_main_us=5156 gpu_composite_us=0 gpu_blit_us=0
frust_shell_common::perf: frust-perf raw n=41 total_us=5486 rebuild_us=530 layout_us=1 paint_us=199 encode_us=192 acquire_us=860 submit_us=3702 skipped=0 gpu_q=1 gpu_total_us=5311 gpu_prepass_us=0 gpu_main_us=5311 gpu_composite_us=0 gpu_blit_us=0
frust_shell_common::perf: frust-perf raw n=42 total_us=3381 rebuild_us=169 layout_us=0 paint_us=76 encode_us=43 acquire_us=60 submit_us=3031 skipped=0 gpu_q=1 gpu_total_us=5328 gpu_prepass_us=0 gpu_main_us=5328 gpu_composite_us=0 gpu_blit_us=0
frust_shell_common::perf: frust-perf raw n=43 total_us=4020 rebuild_us=181 layout_us=0 paint_us=81 encode_us=113 acquire_us=584 submit_us=3059 skipped=0 gpu_q=1 gpu_total_us=6932 gpu_prepass_us=0 gpu_main_us=6932 gpu_composite_us=0 gpu_blit_us=0
frust_shell_common::perf: frust-perf raw n=44 total_us=3442 rebuild_us=204 layout_us=0 paint_us=90 encode_us=42 acquire_us=67 submit_us=3036 skipped=0 gpu_q=1 gpu_total_us=7318 gpu_prepass_us=0 gpu_main_us=7318 gpu_composite_us=0 gpu_blit_us=0
frust_shell_common::perf: frust-perf raw n=45 total_us=4568 rebuild_us=179 layout_us=0 paint_us=80 encode_us=451 acquire_us=508 submit_us=3347 skipped=0 gpu_q=1 gpu_total_us=7312 gpu_prepass_us=0 gpu_main_us=7312 gpu_composite_us=0 gpu_blit_us=0
frust_shell_android::app::frame: frust-perf platform-view tail depth=0 target=0 acquire_bound=false frame=58 expected_present_us=0 acquire_us=611 period_us=11128
frust_shell_common::perf: frust-perf raw n=46 total_us=3434 rebuild_us=182 layout_us=0 paint_us=78 encode_us=46 acquire_us=66 submit_us=3060 skipped=0 gpu_q=1 gpu_total_us=7341 gpu_prepass_us=0 gpu_main_us=7341 gpu_composite_us=0 gpu_blit_us=0
frust_shell_common::perf: frust-perf raw n=47 total_us=3462 rebuild_us=200 layout_us=0 paint_us=80 encode_us=48 acquire_us=66 submit_us=3065 skipped=0 gpu_q=1 gpu_total_us=7356 gpu_prepass_us=0 gpu_main_us=7356 gpu_composite_us=0 gpu_blit_us=0
frust_shell_common::perf: frust-perf raw n=48 total_us=5299 rebuild_us=576 layout_us=1 paint_us=196 encode_us=120 acquire_us=950 submit_us=3452 skipped=0 gpu_q=1 gpu_total_us=7332 gpu_prepass_us=0 gpu_main_us=7332 gpu_composite_us=0 gpu_blit_us=0
frust_shell_common::perf: bench-scenario-start s3-swap
frust_shell_common::perf: frust-perf raw n=49 total_us=7592 rebuild_us=2405 layout_us=195 paint_us=106 encode_us=47 acquire_us=79 submit_us=4757 skipped=0 gpu_q=1 gpu_total_us=7333 gpu_prepass_us=0 gpu_main_us=7333 gpu_composite_us=0 gpu_blit_us=0
frust_shell_common::perf: bench-scenario-end s3-swap
frust_shell_common::perf: frust-perf raw n=50 total_us=4401 rebuild_us=205 layout_us=0 paint_us=70 encode_us=101 acquire_us=449 submit_us=3574 skipped=0 gpu_q=1 gpu_total_us=7351 gpu_prepass_us=0 gpu_main_us=7351 gpu_composite_us=0 gpu_blit_us=0
frust_shell_common::perf: frust-perf raw n=51 total_us=3733 rebuild_us=175 layout_us=0 paint_us=84 encode_us=44 acquire_us=70 submit_us=3358 skipped=0 gpu_q=1 gpu_total_us=7348 gpu_prepass_us=0 gpu_main_us=7348 gpu_composite_us=0 gpu_blit_us=0
frust_shell_common::perf: frust-perf raw n=52 total_us=3752 rebuild_us=176 layout_us=0 paint_us=81 encode_us=60 acquire_us=76 submit_us=3357 skipped=0 gpu_q=1 gpu_total_us=7312 gpu_prepass_us=0 gpu_main_us=7312 gpu_composite_us=0 gpu_blit_us=0
frust_shell_common::perf: frust-perf raw n=53 total_us=4258 rebuild_us=209 layout_us=0 paint_us=90 encode_us=131 acquire_us=689 submit_us=3138 skipped=0 gpu_q=1 gpu_total_us=7824 gpu_prepass_us=469 gpu_main_us=7355 gpu_composite_us=0 gpu_blit_us=0
frust_shell_common::perf: frust-perf raw n=54 total_us=3475 rebuild_us=183 layout_us=0 paint_us=78 encode_us=42 acquire_us=71 submit_us=3100 skipped=0 gpu_q=1 gpu_total_us=7498 gpu_prepass_us=0 gpu_main_us=7498 gpu_composite_us=0 gpu_blit_us=0
frust_shell_common::perf: frust-perf raw n=55 total_us=4434 rebuild_us=176 layout_us=0 paint_us=78 encode_us=112 acquire_us=693 submit_us=3373 skipped=0 gpu_q=1 gpu_total_us=7504 gpu_prepass_us=0 gpu_main_us=7504 gpu_composite_us=0 gpu_blit_us=0
frust_shell_common::perf: frust-perf raw n=56 total_us=8444 rebuild_us=196 layout_us=0 paint_us=88 encode_us=99 acquire_us=141 submit_us=7918 skipped=0 gpu_q=1 gpu_total_us=7519 gpu_prepass_us=0 gpu_main_us=7519 gpu_composite_us=0 gpu_blit_us=0
frust_shell_common::perf: frust-perf raw n=57 total_us=7900 rebuild_us=169 layout_us=0 paint_us=75 encode_us=144 acquire_us=92 submit_us=7418 skipped=0 gpu_q=1 gpu_total_us=7511 gpu_prepass_us=0 gpu_main_us=7511 gpu_composite_us=0 gpu_blit_us=0
frust_shell_common::perf: frust-perf raw n=58 total_us=9160 rebuild_us=481 layout_us=0 paint_us=84 encode_us=88 acquire_us=91 submit_us=8413 skipped=0 gpu_q=1 gpu_total_us=7502 gpu_prepass_us=0 gpu_main_us=7502 gpu_composite_us=0 gpu_blit_us=0
frust_shell_common::perf: frust-perf raw n=59 total_us=5765 rebuild_us=210 layout_us=0 paint_us=86 encode_us=39 acquire_us=57 submit_us=5371 skipped=0 gpu_q=1 gpu_total_us=7523 gpu_prepass_us=0 gpu_main_us=7523 gpu_composite_us=0 gpu_blit_us=0
frust_shell_common::perf: frust-perf raw n=60 total_us=4546 rebuild_us=212 layout_us=0 paint_us=93 encode_us=115 acquire_us=721 submit_us=3402 skipped=0 gpu_q=1 gpu_total_us=7533 gpu_prepass_us=0 gpu_main_us=7533 gpu_composite_us=0 gpu_blit_us=0
frust_shell_common::perf: frust-perf raw n=61 total_us=4030 rebuild_us=174 layout_us=0 paint_us=83 encode_us=100 acquire_us=505 submit_us=3166 skipped=0 gpu_q=1 gpu_total_us=7557 gpu_prepass_us=0 gpu_main_us=7557 gpu_composite_us=0 gpu_blit_us=0
frust_shell_common::perf: frust-perf raw n=62 total_us=4534 rebuild_us=216 layout_us=0 paint_us=90 encode_us=110 acquire_us=984 submit_us=3131 skipped=0 gpu_q=1 gpu_total_us=7519 gpu_prepass_us=0 gpu_main_us=7519 gpu_composite_us=0 gpu_blit_us=0
frust_shell_common::perf: frust-perf raw n=63 total_us=3487 rebuild_us=176 layout_us=0 paint_us=125 encode_us=42 acquire_us=63 submit_us=3080 skipped=0 gpu_q=1 gpu_total_us=7578 gpu_prepass_us=0 gpu_main_us=7578 gpu_composite_us=0 gpu_blit_us=0
frust_shell_common::perf: frust-perf raw n=64 total_us=3203 rebuild_us=161 layout_us=0 paint_us=71 encode_us=37 acquire_us=57 submit_us=2875 skipped=0 gpu_q=1 gpu_total_us=7499 gpu_prepass_us=0 gpu_main_us=7499 gpu_composite_us=0 gpu_blit_us=0
frust_shell_common::perf: frust-perf raw n=65 total_us=4891 rebuild_us=496 layout_us=1 paint_us=191 encode_us=112 acquire_us=942 submit_us=3147 skipped=0 gpu_q=1 gpu_total_us=7557 gpu_prepass_us=0 gpu_main_us=7557 gpu_composite_us=0 gpu_blit_us=0
frust_shell_common::perf: frust-perf raw n=66 total_us=3253 rebuild_us=180 layout_us=0 paint_us=71 encode_us=39 acquire_us=58 submit_us=2903 skipped=0 gpu_q=1 gpu_total_us=7541 gpu_prepass_us=0 gpu_main_us=7541 gpu_composite_us=0 gpu_blit_us=0
frust_shell_common::perf: frust-perf raw n=67 total_us=3183 rebuild_us=164 layout_us=0 paint_us=71 encode_us=39 acquire_us=58 submit_us=2848 skipped=0 gpu_q=1 gpu_total_us=7378 gpu_prepass_us=0 gpu_main_us=7378 gpu_composite_us=0 gpu_blit_us=0
frust_shell_common::perf: frust-perf raw n=68 total_us=5089 rebuild_us=499 layout_us=1 paint_us=256 encode_us=112 acquire_us=913 submit_us=3306 skipped=0 gpu_q=1 gpu_total_us=7324 gpu_prepass_us=0 gpu_main_us=7324 gpu_composite_us=0 gpu_blit_us=0
frust_shell_common::perf: bench-scenario-start s3-clear
frust_shell_common::perf: frust-perf raw n=69 total_us=5887 rebuild_us=3361 layout_us=18 paint_us=25 encode_us=30 acquire_us=79 submit_us=2372 skipped=0 gpu_q=1 gpu_total_us=7335 gpu_prepass_us=0 gpu_main_us=7335 gpu_composite_us=0 gpu_blit_us=0
frust_shell_common::perf: bench-scenario-end s3-clear
frust_shell_common::perf: frust-perf raw n=70 total_us=2369 rebuild_us=127 layout_us=0 paint_us=26 encode_us=22 acquire_us=65 submit_us=2128 skipped=0 gpu_q=1 gpu_total_us=7339 gpu_prepass_us=0 gpu_main_us=7339 gpu_composite_us=0 gpu_blit_us=0
frust_shell_common::perf: frust-perf raw n=71 total_us=2196 rebuild_us=83 layout_us=0 paint_us=26 encode_us=16 acquire_us=66 submit_us=2002 skipped=0 gpu_q=1 gpu_total_us=7321 gpu_prepass_us=0 gpu_main_us=7321 gpu_composite_us=0 gpu_blit_us=0
frust_shell_common::perf: frust-perf raw n=72 total_us=3083 rebuild_us=137 layout_us=0 paint_us=35 encode_us=42 acquire_us=708 submit_us=2159 skipped=0 gpu_q=1 gpu_total_us=7497 gpu_prepass_us=0 gpu_main_us=7497 gpu_composite_us=0 gpu_blit_us=0
frust_shell_common::perf: frust-perf raw n=73 total_us=3032 rebuild_us=88 layout_us=0 paint_us=27 encode_us=39 acquire_us=693 submit_us=2183 skipped=0 gpu_q=1 gpu_total_us=3286 gpu_prepass_us=0 gpu_main_us=3286 gpu_composite_us=0 gpu_blit_us=0
frust_shell_common::perf: frust-perf raw n=74 total_us=3103 rebuild_us=86 layout_us=0 paint_us=27 encode_us=33 acquire_us=650 submit_us=2306 skipped=0 gpu_q=1 gpu_total_us=3275 gpu_prepass_us=0 gpu_main_us=3275 gpu_composite_us=0 gpu_blit_us=0
frust_shell_common::perf: frust-perf raw n=75 total_us=2490 rebuild_us=87 layout_us=0 paint_us=27 encode_us=41 acquire_us=252 submit_us=2081 skipped=0 gpu_q=1 gpu_total_us=3290 gpu_prepass_us=0 gpu_main_us=3290 gpu_composite_us=0 gpu_blit_us=0
frust_shell_common::perf: frust-perf raw n=76 total_us=5423 rebuild_us=84 layout_us=0 paint_us=26 encode_us=35 acquire_us=152 submit_us=5124 skipped=0 gpu_q=1 gpu_total_us=3270 gpu_prepass_us=0 gpu_main_us=3270 gpu_composite_us=0 gpu_blit_us=0
frust_shell_common::perf: frust-perf raw n=77 total_us=2253 rebuild_us=83 layout_us=0 paint_us=26 encode_us=15 acquire_us=65 submit_us=2061 skipped=0 gpu_q=1 gpu_total_us=3265 gpu_prepass_us=0 gpu_main_us=3265 gpu_composite_us=0 gpu_blit_us=0
frust_shell_common::perf: frust-perf raw n=78 total_us=3281 rebuild_us=185 layout_us=1 paint_us=100 encode_us=43 acquire_us=811 submit_us=2138 skipped=0 gpu_q=1 gpu_total_us=3261 gpu_prepass_us=0 gpu_main_us=3261 gpu_composite_us=0 gpu_blit_us=0
frust_shell_common::perf: frust-perf raw n=79 total_us=2898 rebuild_us=85 layout_us=0 paint_us=27 encode_us=110 acquire_us=561 submit_us=2114 skipped=0 gpu_q=1 gpu_total_us=3274 gpu_prepass_us=0 gpu_main_us=3274 gpu_composite_us=0 gpu_blit_us=0
frust_shell_common::perf: frust-perf raw n=80 total_us=2951 rebuild_us=84 layout_us=0 paint_us=27 encode_us=40 acquire_us=689 submit_us=2109 skipped=0 gpu_q=1 gpu_total_us=3256 gpu_prepass_us=0 gpu_main_us=3256 gpu_composite_us=0 gpu_blit_us=0
frust_shell_common::perf: frust-perf raw n=81 total_us=5759 rebuild_us=84 layout_us=0 paint_us=27 encode_us=63 acquire_us=142 submit_us=5442 skipped=0 gpu_q=1 gpu_total_us=3271 gpu_prepass_us=0 gpu_main_us=3271 gpu_composite_us=0 gpu_blit_us=0
frust_shell_common::perf: frust-perf raw n=82 total_us=2949 rebuild_us=81 layout_us=0 paint_us=25 encode_us=39 acquire_us=738 submit_us=2063 skipped=0 gpu_q=1 gpu_total_us=3270 gpu_prepass_us=0 gpu_main_us=3270 gpu_composite_us=0 gpu_blit_us=0
frust_shell_common::perf: frust-perf raw n=83 total_us=2963 rebuild_us=84 layout_us=0 paint_us=27 encode_us=42 acquire_us=697 submit_us=2111 skipped=0 gpu_q=1 gpu_total_us=3261 gpu_prepass_us=0 gpu_main_us=3261 gpu_composite_us=0 gpu_blit_us=0
frust_shell_common::perf: frust-perf raw n=84 total_us=2891 rebuild_us=88 layout_us=0 paint_us=26 encode_us=33 acquire_us=668 submit_us=2073 skipped=0 gpu_q=1 gpu_total_us=3256 gpu_prepass_us=0 gpu_main_us=3256 gpu_composite_us=0 gpu_blit_us=0
frust_shell_common::perf: frust-perf raw n=85 total_us=2932 rebuild_us=89 layout_us=0 paint_us=29 encode_us=40 acquire_us=681 submit_us=2091 skipped=0 gpu_q=1 gpu_total_us=3249 gpu_prepass_us=0 gpu_main_us=3249 gpu_composite_us=0 gpu_blit_us=0
frust_shell_common::perf: frust-perf raw n=86 total_us=6160 rebuild_us=88 layout_us=0 paint_us=27 encode_us=36 acquire_us=139 submit_us=5869 skipped=0 gpu_q=1 gpu_total_us=3264 gpu_prepass_us=0 gpu_main_us=3264 gpu_composite_us=0 gpu_blit_us=0
frust_shell_common::perf: frust-perf raw n=87 total_us=3228 rebuild_us=174 layout_us=1 paint_us=63 encode_us=47 acquire_us=842 submit_us=2099 skipped=0 gpu_q=1 gpu_total_us=3263 gpu_prepass_us=0 gpu_main_us=3263 gpu_composite_us=0 gpu_blit_us=0
frust_shell_common::perf: frust-perf raw n=88 total_us=3115 rebuild_us=82 layout_us=0 paint_us=27 encode_us=35 acquire_us=804 submit_us=2165 skipped=0 gpu_q=1 gpu_total_us=3286 gpu_prepass_us=0 gpu_main_us=3286 gpu_composite_us=0 gpu_blit_us=0
frust_shell_common::perf: bench-scenario-start s3-create1k
frust_shell_common::perf: frust-perf raw n=89 total_us=8185 rebuild_us=749 layout_us=984 paint_us=163 encode_us=49 acquire_us=75 submit_us=6162 skipped=0 gpu_q=1 gpu_total_us=3258 gpu_prepass_us=0 gpu_main_us=3258 gpu_composite_us=0 gpu_blit_us=0
frust_shell_common::perf: bench-scenario-end s3-create1k
frust_shell_common::perf: frust-perf raw n=90 total_us=7022 rebuild_us=534 layout_us=0 paint_us=106 encode_us=53 acquire_us=72 submit_us=6255 skipped=0 gpu_q=1 gpu_total_us=3264 gpu_prepass_us=0 gpu_main_us=3264 gpu_composite_us=0 gpu_blit_us=0
frust_shell_common::perf: frust-perf raw n=91 total_us=5473 rebuild_us=226 layout_us=0 paint_us=102 encode_us=40 acquire_us=61 submit_us=5042 skipped=0 gpu_q=1 gpu_total_us=3288 gpu_prepass_us=0 gpu_main_us=3288 gpu_composite_us=0 gpu_blit_us=0
frust_shell_common::perf: frust-perf raw n=92 total_us=12110 rebuild_us=226 layout_us=0 paint_us=94 encode_us=145 acquire_us=109 submit_us=11534 skipped=0 gpu_q=1 gpu_total_us=3272 gpu_prepass_us=0 gpu_main_us=3272 gpu_composite_us=0 gpu_blit_us=0
frust_shell_common::perf: frust-perf raw n=93 total_us=6719 rebuild_us=242 layout_us=0 paint_us=117 encode_us=106 acquire_us=785 submit_us=5467 skipped=0 gpu_q=1 gpu_total_us=4939 gpu_prepass_us=0 gpu_main_us=4939 gpu_composite_us=0 gpu_blit_us=0
frust_shell_common::perf: frust-perf raw n=94 total_us=5580 rebuild_us=185 layout_us=0 paint_us=90 encode_us=42 acquire_us=59 submit_us=5202 skipped=0 gpu_q=1 gpu_total_us=4951 gpu_prepass_us=0 gpu_main_us=4951 gpu_composite_us=0 gpu_blit_us=0
frust_shell_common::perf: frust-perf raw n=95 total_us=5650 rebuild_us=181 layout_us=0 paint_us=76 encode_us=42 acquire_us=63 submit_us=5286 skipped=0 gpu_q=1 gpu_total_us=4965 gpu_prepass_us=0 gpu_main_us=4965 gpu_composite_us=0 gpu_blit_us=0
frust_shell_common::perf: frust-perf raw n=96 total_us=6293 rebuild_us=305 layout_us=0 paint_us=132 encode_us=104 acquire_us=612 submit_us=5137 skipped=0 gpu_q=1 gpu_total_us=5050 gpu_prepass_us=0 gpu_main_us=5050 gpu_composite_us=0 gpu_blit_us=0
frust_shell_common::perf: frust-perf raw n=97 total_us=5172 rebuild_us=179 layout_us=0 paint_us=77 encode_us=40 acquire_us=54 submit_us=4819 skipped=0 gpu_q=1 gpu_total_us=4969 gpu_prepass_us=0 gpu_main_us=4969 gpu_composite_us=0 gpu_blit_us=0
frust_shell_common::perf: frust-perf raw n=98 total_us=5118 rebuild_us=175 layout_us=0 paint_us=127 encode_us=114 acquire_us=140 submit_us=4560 skipped=0 gpu_q=1 gpu_total_us=5471 gpu_prepass_us=0 gpu_main_us=5471 gpu_composite_us=0 gpu_blit_us=0
frust_shell_common::perf: frust-perf raw n=99 total_us=3417 rebuild_us=178 layout_us=0 paint_us=77 encode_us=36 acquire_us=63 submit_us=3061 skipped=0 gpu_q=1 gpu_total_us=4950 gpu_prepass_us=0 gpu_main_us=4950 gpu_composite_us=0 gpu_blit_us=0
frust_shell_common::perf: frust-perf raw n=100 total_us=9370 rebuild_us=186 layout_us=0 paint_us=85 encode_us=112 acquire_us=129 submit_us=8855 skipped=0 gpu_q=1 gpu_total_us=4988 gpu_prepass_us=0 gpu_main_us=4988 gpu_composite_us=0 gpu_blit_us=0
frust_shell_common::perf: frust-perf raw n=101 total_us=6062 rebuild_us=168 layout_us=0 paint_us=73 encode_us=33 acquire_us=59 submit_us=5728 skipped=0 gpu_q=1 gpu_total_us=4958 gpu_prepass_us=0 gpu_main_us=4958 gpu_composite_us=0 gpu_blit_us=0
frust_shell_common::perf: frust-perf raw n=102 total_us=8787 rebuild_us=184 layout_us=0 paint_us=81 encode_us=113 acquire_us=115 submit_us=8291 skipped=0 gpu_q=1 gpu_total_us=8880 gpu_prepass_us=448 gpu_main_us=8431 gpu_composite_us=0 gpu_blit_us=0
frust_shell_common::perf: frust-perf raw n=103 total_us=5902 rebuild_us=173 layout_us=0 paint_us=79 encode_us=35 acquire_us=57 submit_us=5555 skipped=0 gpu_q=1 gpu_total_us=8429 gpu_prepass_us=0 gpu_main_us=8429 gpu_composite_us=0 gpu_blit_us=0
frust_shell_common::perf: frust-perf raw n=104 total_us=8556 rebuild_us=186 layout_us=0 paint_us=87 encode_us=115 acquire_us=131 submit_us=8034 skipped=0 gpu_q=1 gpu_total_us=8434 gpu_prepass_us=0 gpu_main_us=8434 gpu_composite_us=0 gpu_blit_us=0
frust_shell_common::perf: frust-perf raw n=105 total_us=5668 rebuild_us=183 layout_us=0 paint_us=83 encode_us=36 acquire_us=62 submit_us=5302 skipped=0 gpu_q=1 gpu_total_us=8430 gpu_prepass_us=0 gpu_main_us=8430 gpu_composite_us=0 gpu_blit_us=0
frust_shell_common::perf: frust-perf raw n=106 total_us=3875 rebuild_us=180 layout_us=0 paint_us=76 encode_us=38 acquire_us=67 submit_us=3513 skipped=0 gpu_q=1 gpu_total_us=8419 gpu_prepass_us=0 gpu_main_us=8419 gpu_composite_us=0 gpu_blit_us=0
frust_shell_common::perf: frust-perf raw n=107 total_us=11389 rebuild_us=340 layout_us=0 paint_us=122 encode_us=118 acquire_us=143 submit_us=10664 skipped=0 gpu_q=1 gpu_total_us=8454 gpu_prepass_us=0 gpu_main_us=8454 gpu_composite_us=0 gpu_blit_us=0
frust_shell_common::perf: frust-perf raw n=108 total_us=8511 rebuild_us=220 layout_us=0 paint_us=92 encode_us=81 acquire_us=77 submit_us=8039 skipped=0 gpu_q=1 gpu_total_us=8428 gpu_prepass_us=0 gpu_main_us=8428 gpu_composite_us=0 gpu_blit_us=0
frust_shell_common::perf: bench-scenario-start s3-create10k
frust_shell_common::perf: frust-perf raw n=109 total_us=10147 rebuild_us=6362 layout_us=264 paint_us=166 encode_us=61 acquire_us=83 submit_us=3209 skipped=0 gpu_q=1 gpu_total_us=8427 gpu_prepass_us=0 gpu_main_us=8427 gpu_composite_us=0 gpu_blit_us=0
frust_shell_common::perf: bench-scenario-end s3-create10k
frust_shell_common::perf: frust-perf raw n=110 total_us=10729 rebuild_us=272 layout_us=0 paint_us=105 encode_us=110 acquire_us=461 submit_us=9780 skipped=0 gpu_q=1 gpu_total_us=8443 gpu_prepass_us=0 gpu_main_us=8443 gpu_composite_us=0 gpu_blit_us=0
frust_shell_common::perf: frust-perf raw n=111 total_us=6613 rebuild_us=215 layout_us=0 paint_us=86 encode_us=96 acquire_us=771 submit_us=5442 skipped=0 gpu_q=1 gpu_total_us=8463 gpu_prepass_us=0 gpu_main_us=8463 gpu_composite_us=0 gpu_blit_us=0
frust_shell_common::perf: frust-perf raw n=112 total_us=8664 rebuild_us=173 layout_us=0 paint_us=84 encode_us=120 acquire_us=103 submit_us=8182 skipped=0 gpu_q=1 gpu_total_us=8424 gpu_prepass_us=0 gpu_main_us=8424 gpu_composite_us=0 gpu_blit_us=0
frust_shell_common::perf: frust-perf raw n=113 total_us=3879 rebuild_us=175 layout_us=0 paint_us=83 encode_us=44 acquire_us=62 submit_us=3512 skipped=0 gpu_q=1 gpu_total_us=7319 gpu_prepass_us=0 gpu_main_us=7319 gpu_composite_us=0 gpu_blit_us=0
frust_shell_common::perf: frust-perf raw n=114 total_us=4084 rebuild_us=170 layout_us=0 paint_us=73 encode_us=40 acquire_us=619 submit_us=3179 skipped=0 gpu_q=1 gpu_total_us=7316 gpu_prepass_us=0 gpu_main_us=7316 gpu_composite_us=0 gpu_blit_us=0
frust_shell_common::perf: frust-perf raw n=115 total_us=3491 rebuild_us=188 layout_us=0 paint_us=88 encode_us=42 acquire_us=69 submit_us=3102 skipped=0 gpu_q=1 gpu_total_us=7355 gpu_prepass_us=0 gpu_main_us=7355 gpu_composite_us=0 gpu_blit_us=0
frust_shell_common::perf: frust-perf raw n=116 total_us=3528 rebuild_us=230 layout_us=0 paint_us=83 encode_us=49 acquire_us=67 submit_us=3096 skipped=0 gpu_q=1 gpu_total_us=7288 gpu_prepass_us=0 gpu_main_us=7288 gpu_composite_us=0 gpu_blit_us=0
frust_shell_common::perf: frust-perf raw n=117 total_us=5271 rebuild_us=525 layout_us=1 paint_us=200 encode_us=126 acquire_us=995 submit_us=3421 skipped=0 gpu_q=1 gpu_total_us=7332 gpu_prepass_us=0 gpu_main_us=7332 gpu_composite_us=0 gpu_blit_us=0
frust_shell_common::perf: frust-perf raw n=118 total_us=3412 rebuild_us=178 layout_us=0 paint_us=85 encode_us=42 acquire_us=62 submit_us=3042 skipped=0 gpu_q=1 gpu_total_us=7309 gpu_prepass_us=0 gpu_main_us=7309 gpu_composite_us=0 gpu_blit_us=0
frust_shell_common::perf: frust-perf raw n=119 total_us=8861 rebuild_us=214 layout_us=0 paint_us=78 encode_us=120 acquire_us=123 submit_us=8324 skipped=0 gpu_q=1 gpu_total_us=7312 gpu_prepass_us=0 gpu_main_us=7312 gpu_composite_us=0 gpu_blit_us=0
frust_shell_common::perf: frust-perf raw n=120 total_us=8193 rebuild_us=501 layout_us=0 paint_us=86 encode_us=92 acquire_us=87 submit_us=7424 skipped=0 gpu_q=1 gpu_total_us=7315 gpu_prepass_us=0 gpu_main_us=7315 gpu_composite_us=0 gpu_blit_us=0
frust_shell_common::perf: frust-perf raw n=121 total_us=4069 rebuild_us=213 layout_us=0 paint_us=87 encode_us=37 acquire_us=68 submit_us=3662 skipped=0 gpu_q=1 gpu_total_us=7315 gpu_prepass_us=0 gpu_main_us=7315 gpu_composite_us=0 gpu_blit_us=0
frust_shell_common::perf: frust-perf raw n=122 total_us=4491 rebuild_us=233 layout_us=0 paint_us=97 encode_us=117 acquire_us=703 submit_us=3339 skipped=0 gpu_q=1 gpu_total_us=7307 gpu_prepass_us=0 gpu_main_us=7307 gpu_composite_us=0 gpu_blit_us=0
frust_shell_common::perf: frust-perf raw n=123 total_us=3390 rebuild_us=184 layout_us=0 paint_us=86 encode_us=43 acquire_us=60 submit_us=3015 skipped=0 gpu_q=1 gpu_total_us=7288 gpu_prepass_us=0 gpu_main_us=7288 gpu_composite_us=0 gpu_blit_us=0
frust_shell_common::perf: frust-perf raw n=124 total_us=5193 rebuild_us=604 layout_us=1 paint_us=206 encode_us=116 acquire_us=892 submit_us=3372 skipped=0 gpu_q=1 gpu_total_us=7274 gpu_prepass_us=0 gpu_main_us=7274 gpu_composite_us=0 gpu_blit_us=0
frust_shell_common::perf: frust-perf raw n=125 total_us=3401 rebuild_us=184 layout_us=0 paint_us=79 encode_us=43 acquire_us=65 submit_us=3028 skipped=0 gpu_q=1 gpu_total_us=7816 gpu_prepass_us=0 gpu_main_us=7816 gpu_composite_us=0 gpu_blit_us=0
frust_shell_common::perf: frust-perf raw n=126 total_us=4162 rebuild_us=203 layout_us=0 paint_us=80 encode_us=42 acquire_us=794 submit_us=3041 skipped=0 gpu_q=1 gpu_total_us=7321 gpu_prepass_us=0 gpu_main_us=7321 gpu_composite_us=0 gpu_blit_us=0
frust_shell_common::perf: frust-perf raw n=127 total_us=3836 rebuild_us=221 layout_us=0 paint_us=91 encode_us=114 acquire_us=402 submit_us=3005 skipped=0 gpu_q=1 gpu_total_us=7309 gpu_prepass_us=0 gpu_main_us=7309 gpu_composite_us=0 gpu_blit_us=0
frust_shell_common::perf: frust-perf raw n=128 total_us=3430 rebuild_us=181 layout_us=0 paint_us=79 encode_us=43 acquire_us=66 submit_us=3058 skipped=0 gpu_q=1 gpu_total_us=7290 gpu_prepass_us=0 gpu_main_us=7290 gpu_composite_us=0 gpu_blit_us=0
frust_shell_common::perf: bench-scenario-start s3-update
frust_shell_common::perf: frust-perf raw n=129 total_us=6618 rebuild_us=2797 layout_us=64 paint_us=81 encode_us=46 acquire_us=83 submit_us=3544 skipped=0 gpu_q=1 gpu_total_us=7278 gpu_prepass_us=0 gpu_main_us=7278 gpu_composite_us=0 gpu_blit_us=0
frust_shell_common::perf: bench-scenario-end s3-update
frust_shell_common::perf: frust-perf raw n=130 total_us=5098 rebuild_us=650 layout_us=1 paint_us=203 encode_us=111 acquire_us=779 submit_us=3351 skipped=0 gpu_q=1 gpu_total_us=7286 gpu_prepass_us=0 gpu_main_us=7286 gpu_composite_us=0 gpu_blit_us=0
frust_shell_common::perf: frust-perf raw n=131 total_us=3453 rebuild_us=188 layout_us=0 paint_us=83 encode_us=44 acquire_us=67 submit_us=3070 skipped=0 gpu_q=1 gpu_total_us=7304 gpu_prepass_us=0 gpu_main_us=7304 gpu_composite_us=0 gpu_blit_us=0
frust_shell_common::perf: frust-perf raw n=132 total_us=9110 rebuild_us=186 layout_us=0 paint_us=78 encode_us=241 acquire_us=124 submit_us=8478 skipped=0 gpu_q=1 gpu_total_us=7321 gpu_prepass_us=0 gpu_main_us=7321 gpu_composite_us=0 gpu_blit_us=0
frust_shell_common::perf: frust-perf raw n=133 total_us=4851 rebuild_us=523 layout_us=1 paint_us=198 encode_us=103 acquire_us=966 submit_us=3058 skipped=0 gpu_q=1 gpu_total_us=7329 gpu_prepass_us=0 gpu_main_us=7329 gpu_composite_us=0 gpu_blit_us=0
frust_shell_common::perf: frust-perf raw n=134 total_us=3437 rebuild_us=183 layout_us=0 paint_us=84 encode_us=49 acquire_us=64 submit_us=3054 skipped=0 gpu_q=1 gpu_total_us=7324 gpu_prepass_us=0 gpu_main_us=7324 gpu_composite_us=0 gpu_blit_us=0
frust_shell_common::perf: frust-perf raw n=135 total_us=3402 rebuild_us=176 layout_us=0 paint_us=82 encode_us=43 acquire_us=60 submit_us=3039 skipped=0 gpu_q=1 gpu_total_us=7326 gpu_prepass_us=0 gpu_main_us=7326 gpu_composite_us=0 gpu_blit_us=0
frust_shell_common::perf: frust-perf raw n=136 total_us=5424 rebuild_us=603 layout_us=1 paint_us=207 encode_us=135 acquire_us=943 submit_us=3533 skipped=0 gpu_q=1 gpu_total_us=7323 gpu_prepass_us=0 gpu_main_us=7323 gpu_composite_us=0 gpu_blit_us=0
frust_shell_common::perf: frust-perf raw n=137 total_us=8789 rebuild_us=208 layout_us=0 paint_us=81 encode_us=113 acquire_us=115 submit_us=8270 skipped=0 gpu_q=1 gpu_total_us=7306 gpu_prepass_us=0 gpu_main_us=7306 gpu_composite_us=0 gpu_blit_us=0
frust_shell_common::perf: frust-perf raw n=138 total_us=4081 rebuild_us=165 layout_us=0 paint_us=69 encode_us=36 acquire_us=56 submit_us=3753 skipped=0 gpu_q=1 gpu_total_us=7355 gpu_prepass_us=0 gpu_main_us=7355 gpu_composite_us=0 gpu_blit_us=0
frust_shell_common::perf: frust-perf raw n=139 total_us=9303 rebuild_us=195 layout_us=0 paint_us=79 encode_us=114 acquire_us=111 submit_us=8803 skipped=0 gpu_q=1 gpu_total_us=7339 gpu_prepass_us=0 gpu_main_us=7339 gpu_composite_us=0 gpu_blit_us=0
frust_shell_common::perf: frust-perf raw n=140 total_us=5333 rebuild_us=181 layout_us=0 paint_us=80 encode_us=40 acquire_us=62 submit_us=4968 skipped=0 gpu_q=1 gpu_total_us=7310 gpu_prepass_us=0 gpu_main_us=7310 gpu_composite_us=0 gpu_blit_us=0
frust_shell_common::perf: frust-perf raw n=141 total_us=4524 rebuild_us=191 layout_us=0 paint_us=77 encode_us=107 acquire_us=839 submit_us=3309 skipped=0 gpu_q=1 gpu_total_us=7308 gpu_prepass_us=0 gpu_main_us=7308 gpu_composite_us=0 gpu_blit_us=0
frust_shell_common::perf: frust-perf raw n=142 total_us=3399 rebuild_us=179 layout_us=0 paint_us=78 encode_us=42 acquire_us=60 submit_us=3038 skipped=0 gpu_q=1 gpu_total_us=7354 gpu_prepass_us=0 gpu_main_us=7354 gpu_composite_us=0 gpu_blit_us=0
frust_shell_common::perf: frust-perf raw n=143 total_us=5514 rebuild_us=536 layout_us=1 paint_us=203 encode_us=131 acquire_us=950 submit_us=3691 skipped=0 gpu_q=1 gpu_total_us=7313 gpu_prepass_us=0 gpu_main_us=7313 gpu_composite_us=0 gpu_blit_us=0
frust_shell_common::perf: frust-perf raw n=144 total_us=3415 rebuild_us=180 layout_us=0 paint_us=81 encode_us=40 acquire_us=61 submit_us=3052 skipped=0 gpu_q=1 gpu_total_us=7374 gpu_prepass_us=0 gpu_main_us=7374 gpu_composite_us=0 gpu_blit_us=0
frust_shell_common::perf: frust-perf raw n=145 total_us=8414 rebuild_us=175 layout_us=0 paint_us=78 encode_us=164 acquire_us=106 submit_us=7888 skipped=0 gpu_q=1 gpu_total_us=7335 gpu_prepass_us=0 gpu_main_us=7335 gpu_composite_us=0 gpu_blit_us=0
frust_shell_common::perf: frust-perf raw n=146 total_us=3982 rebuild_us=214 layout_us=0 paint_us=88 encode_us=42 acquire_us=55 submit_us=3580 skipped=0 gpu_q=1 gpu_total_us=7320 gpu_prepass_us=0 gpu_main_us=7320 gpu_composite_us=0 gpu_blit_us=0
frust_shell_common::perf: frust-perf raw n=147 total_us=4534 rebuild_us=179 layout_us=0 paint_us=86 encode_us=46 acquire_us=813 submit_us=3407 skipped=0 gpu_q=1 gpu_total_us=7319 gpu_prepass_us=0 gpu_main_us=7319 gpu_composite_us=0 gpu_blit_us=0
frust_shell_common::perf: frust-perf raw n=148 total_us=8067 rebuild_us=185 layout_us=0 paint_us=80 encode_us=196 acquire_us=117 submit_us=7486 skipped=0 gpu_q=1 gpu_total_us=7359 gpu_prepass_us=0 gpu_main_us=7359 gpu_composite_us=0 gpu_blit_us=0
frust_shell_common::perf: bench-scenario-start s3-swap
frust_shell_common::perf: frust-perf raw n=149 total_us=6638 rebuild_us=2858 layout_us=62 paint_us=81 encode_us=41 acquire_us=75 submit_us=3519 skipped=0 gpu_q=1 gpu_total_us=7323 gpu_prepass_us=0 gpu_main_us=7323 gpu_composite_us=0 gpu_blit_us=0
frust_shell_common::perf: bench-scenario-end s3-swap
frust_shell_common::perf: frust-perf raw n=150 total_us=5710 rebuild_us=290 layout_us=0 paint_us=98 encode_us=47 acquire_us=2125 submit_us=3148 skipped=0 gpu_q=1 gpu_total_us=7386 gpu_prepass_us=0 gpu_main_us=7386 gpu_composite_us=0 gpu_blit_us=0
frust_shell_common::perf: frust-perf raw n=151 total_us=4473 rebuild_us=222 layout_us=0 paint_us=94 encode_us=141 acquire_us=641 submit_us=3372 skipped=0 gpu_q=1 gpu_total_us=7330 gpu_prepass_us=0 gpu_main_us=7330 gpu_composite_us=0 gpu_blit_us=0
frust_shell_common::perf: frust-perf raw n=152 total_us=3476 rebuild_us=189 layout_us=0 paint_us=80 encode_us=47 acquire_us=66 submit_us=3093 skipped=0 gpu_q=1 gpu_total_us=7340 gpu_prepass_us=0 gpu_main_us=7340 gpu_composite_us=0 gpu_blit_us=0
frust_shell_common::perf: frust-perf raw n=153 total_us=3475 rebuild_us=188 layout_us=0 paint_us=91 encode_us=46 acquire_us=66 submit_us=3082 skipped=0 gpu_q=1 gpu_total_us=7555 gpu_prepass_us=0 gpu_main_us=7555 gpu_composite_us=0 gpu_blit_us=0
frust_shell_common::perf: frust-perf raw n=154 total_us=9267 rebuild_us=187 layout_us=0 paint_us=77 encode_us=117 acquire_us=115 submit_us=8768 skipped=0 gpu_q=1 gpu_total_us=7512 gpu_prepass_us=0 gpu_main_us=7512 gpu_composite_us=0 gpu_blit_us=0
frust_shell_common::perf: frust-perf raw n=155 total_us=6922 rebuild_us=562 layout_us=1 paint_us=197 encode_us=108 acquire_us=2212 submit_us=3841 skipped=0 gpu_q=1 gpu_total_us=7537 gpu_prepass_us=0 gpu_main_us=7537 gpu_composite_us=0 gpu_blit_us=0
frust_shell_common::perf: frust-perf raw n=156 total_us=6327 rebuild_us=188 layout_us=0 paint_us=84 encode_us=45 acquire_us=2003 submit_us=4005 skipped=0 gpu_q=1 gpu_total_us=7527 gpu_prepass_us=0 gpu_main_us=7527 gpu_composite_us=0 gpu_blit_us=0
frust_shell_common::perf: frust-perf raw n=157 total_us=4383 rebuild_us=197 layout_us=0 paint_us=89 encode_us=52 acquire_us=583 submit_us=3460 skipped=0 gpu_q=1 gpu_total_us=7536 gpu_prepass_us=0 gpu_main_us=7536 gpu_composite_us=0 gpu_blit_us=0
frust_shell_common::perf: frust-perf raw n=158 total_us=4696 rebuild_us=205 layout_us=0 paint_us=107 encode_us=50 acquire_us=913 submit_us=3419 skipped=0 gpu_q=1 gpu_total_us=7563 gpu_prepass_us=0 gpu_main_us=7563 gpu_composite_us=0 gpu_blit_us=0
frust_shell_common::perf: frust-perf raw n=159 total_us=3900 rebuild_us=204 layout_us=0 paint_us=89 encode_us=48 acquire_us=67 submit_us=3490 skipped=0 gpu_q=1 gpu_total_us=7519 gpu_prepass_us=0 gpu_main_us=7519 gpu_composite_us=0 gpu_blit_us=0
frust_shell_common::perf: frust-perf raw n=160 total_us=6646 rebuild_us=226 layout_us=0 paint_us=90 encode_us=47 acquire_us=1733 submit_us=4546 skipped=0 gpu_q=1 gpu_total_us=7512 gpu_prepass_us=0 gpu_main_us=7512 gpu_composite_us=0 gpu_blit_us=0
frust_shell_common::perf: frust-perf raw n=161 total_us=4735 rebuild_us=192 layout_us=0 paint_us=88 encode_us=48 acquire_us=1068 submit_us=3338 skipped=0 gpu_q=1 gpu_total_us=7985 gpu_prepass_us=0 gpu_main_us=7985 gpu_composite_us=0 gpu_blit_us=0
frust_shell_common::perf: frust-perf raw n=162 total_us=4633 rebuild_us=206 layout_us=0 paint_us=85 encode_us=48 acquire_us=835 submit_us=3458 skipped=0 gpu_q=1 gpu_total_us=7519 gpu_prepass_us=0 gpu_main_us=7519 gpu_composite_us=0 gpu_blit_us=0
frust_shell_common::perf: frust-perf raw n=163 total_us=4803 rebuild_us=260 layout_us=0 paint_us=100 encode_us=54 acquire_us=567 submit_us=3820 skipped=0 gpu_q=1 gpu_total_us=7540 gpu_prepass_us=0 gpu_main_us=7540 gpu_composite_us=0 gpu_blit_us=0
frust_shell_common::perf: frust-perf raw n=164 total_us=5257 rebuild_us=189 layout_us=0 paint_us=84 encode_us=50 acquire_us=1481 submit_us=3450 skipped=0 gpu_q=1 gpu_total_us=7529 gpu_prepass_us=0 gpu_main_us=7529 gpu_composite_us=0 gpu_blit_us=0
frust_shell_common::perf: frust-perf raw n=165 total_us=7603 rebuild_us=193 layout_us=0 paint_us=88 encode_us=47 acquire_us=2366 submit_us=4906 skipped=0 gpu_q=1 gpu_total_us=7515 gpu_prepass_us=0 gpu_main_us=7515 gpu_composite_us=0 gpu_blit_us=0
frust_shell_android::app::frame: frust-perf platform-view tail depth=0 target=0 acquire_bound=false frame=178 expected_present_us=0 acquire_us=1355 period_us=11145
frust_shell_common::perf: frust-perf raw n=166 total_us=5730 rebuild_us=193 layout_us=0 paint_us=134 encode_us=54 acquire_us=1815 submit_us=3532 skipped=0 gpu_q=1 gpu_total_us=7509 gpu_prepass_us=0 gpu_main_us=7509 gpu_composite_us=0 gpu_blit_us=0
frust_shell_common::perf: frust-perf raw n=167 total_us=4437 rebuild_us=191 layout_us=0 paint_us=84 encode_us=53 acquire_us=74 submit_us=4032 skipped=0 gpu_q=1 gpu_total_us=7517 gpu_prepass_us=0 gpu_main_us=7517 gpu_composite_us=0 gpu_blit_us=0
frust_shell_common::perf: frust-perf raw n=168 total_us=5935 rebuild_us=605 layout_us=0 paint_us=121 encode_us=59 acquire_us=84 submit_us=5064 skipped=0 gpu_q=1 gpu_total_us=7497 gpu_prepass_us=0 gpu_main_us=7497 gpu_composite_us=0 gpu_blit_us=0
frust_shell_common::perf: bench-scenario-start s3-clear
frust_shell_common::perf: frust-perf raw n=169 total_us=8964 rebuild_us=6162 layout_us=28 paint_us=37 encode_us=50 acquire_us=92 submit_us=2592 skipped=0 gpu_q=1 gpu_total_us=7504 gpu_prepass_us=0 gpu_main_us=7504 gpu_composite_us=0 gpu_blit_us=0
frust_shell_common::perf: bench-scenario-end s3-clear
frust_shell_common::perf: frust-perf raw n=170 total_us=4358 rebuild_us=181 layout_us=0 paint_us=38 encode_us=19 acquire_us=1457 submit_us=2660 skipped=0 gpu_q=1 gpu_total_us=7999 gpu_prepass_us=0 gpu_main_us=7999 gpu_composite_us=0 gpu_blit_us=0
frust_shell_common::perf: frust-perf raw n=171 total_us=5100 rebuild_us=96 layout_us=0 paint_us=32 encode_us=19 acquire_us=2202 submit_us=2748 skipped=0 gpu_q=1 gpu_total_us=7505 gpu_prepass_us=0 gpu_main_us=7505 gpu_composite_us=0 gpu_blit_us=0
frust_shell_common::perf: frust-perf raw n=172 total_us=4282 rebuild_us=93 layout_us=0 paint_us=31 encode_us=20 acquire_us=1466 submit_us=2669 skipped=0 gpu_q=1 gpu_total_us=7522 gpu_prepass_us=0 gpu_main_us=7522 gpu_composite_us=0 gpu_blit_us=0
frust_shell_common::perf: frust-perf raw n=173 total_us=4545 rebuild_us=94 layout_us=0 paint_us=32 encode_us=18 acquire_us=1788 submit_us=2611 skipped=0 gpu_q=1 gpu_total_us=3255 gpu_prepass_us=0 gpu_main_us=3255 gpu_composite_us=0 gpu_blit_us=0
frust_shell_common::perf: frust-perf raw n=174 total_us=5173 rebuild_us=96 layout_us=0 paint_us=32 encode_us=18 acquire_us=2264 submit_us=2761 skipped=0 gpu_q=1 gpu_total_us=3259 gpu_prepass_us=0 gpu_main_us=3259 gpu_composite_us=0 gpu_blit_us=0
frust_shell_common::perf: frust-perf raw n=175 total_us=5770 rebuild_us=113 layout_us=0 paint_us=38 encode_us=21 acquire_us=2294 submit_us=3302 skipped=0 gpu_q=1 gpu_total_us=3262 gpu_prepass_us=0 gpu_main_us=3262 gpu_composite_us=0 gpu_blit_us=0
frust_shell_common::perf: frust-perf raw n=176 total_us=6042 rebuild_us=132 layout_us=0 paint_us=44 encode_us=22 acquire_us=2592 submit_us=3249 skipped=0 gpu_q=1 gpu_total_us=3261 gpu_prepass_us=0 gpu_main_us=3261 gpu_composite_us=0 gpu_blit_us=0
frust_shell_common::perf: frust-perf raw n=177 total_us=4575 rebuild_us=119 layout_us=0 paint_us=38 encode_us=26 acquire_us=1481 submit_us=2909 skipped=0 gpu_q=1 gpu_total_us=3265 gpu_prepass_us=0 gpu_main_us=3265 gpu_composite_us=0 gpu_blit_us=0
frust_shell_common::perf: frust-perf raw n=178 total_us=4733 rebuild_us=97 layout_us=0 paint_us=33 encode_us=38 acquire_us=1910 submit_us=2653 skipped=0 gpu_q=1 gpu_total_us=3360 gpu_prepass_us=0 gpu_main_us=3360 gpu_composite_us=0 gpu_blit_us=0
frust_shell_common::perf: frust-perf raw n=179 total_us=4403 rebuild_us=96 layout_us=0 paint_us=31 encode_us=22 acquire_us=1632 submit_us=2620 skipped=0 gpu_q=1 gpu_total_us=3982 gpu_prepass_us=0 gpu_main_us=3982 gpu_composite_us=0 gpu_blit_us=0
frust_shell_common::perf: frust-perf raw n=180 total_us=5067 rebuild_us=100 layout_us=0 paint_us=31 encode_us=22 acquire_us=2233 submit_us=2678 skipped=0 gpu_q=1 gpu_total_us=3562 gpu_prepass_us=0 gpu_main_us=3562 gpu_composite_us=0 gpu_blit_us=0
frust_shell_common::perf: frust-perf raw n=181 total_us=4979 rebuild_us=95 layout_us=0 paint_us=32 encode_us=23 acquire_us=2177 submit_us=2650 skipped=0 gpu_q=1 gpu_total_us=3270 gpu_prepass_us=0 gpu_main_us=3270 gpu_composite_us=0 gpu_blit_us=0
frust_shell_common::perf: frust-perf raw n=182 total_us=3794 rebuild_us=97 layout_us=0 paint_us=33 encode_us=21 acquire_us=989 submit_us=2651 skipped=0 gpu_q=1 gpu_total_us=3274 gpu_prepass_us=0 gpu_main_us=3274 gpu_composite_us=0 gpu_blit_us=0
frust_shell_common::perf: frust-perf raw n=183 total_us=4829 rebuild_us=100 layout_us=0 paint_us=31 encode_us=22 acquire_us=1925 submit_us=2749 skipped=0 gpu_q=1 gpu_total_us=3274 gpu_prepass_us=0 gpu_main_us=3274 gpu_composite_us=0 gpu_blit_us=0
frust_shell_common::perf: frust-perf raw n=184 total_us=5256 rebuild_us=109 layout_us=0 paint_us=35 encode_us=23 acquire_us=2265 submit_us=2821 skipped=0 gpu_q=1 gpu_total_us=3265 gpu_prepass_us=0 gpu_main_us=3265 gpu_composite_us=0 gpu_blit_us=0
frust_shell_common::perf: frust-perf raw n=185 total_us=4463 rebuild_us=103 layout_us=0 paint_us=32 encode_us=21 acquire_us=1663 submit_us=2642 skipped=0 gpu_q=1 gpu_total_us=3268 gpu_prepass_us=0 gpu_main_us=3268 gpu_composite_us=0 gpu_blit_us=0
frust_shell_common::perf: frust-perf raw n=186 total_us=5577 rebuild_us=110 layout_us=0 paint_us=31 encode_us=21 acquire_us=2671 submit_us=2741 skipped=0 gpu_q=1 gpu_total_us=3273 gpu_prepass_us=0 gpu_main_us=3273 gpu_composite_us=0 gpu_blit_us=0
frust_shell_common::perf: frust-perf raw n=187 total_us=4944 rebuild_us=102 layout_us=0 paint_us=32 encode_us=22 acquire_us=2123 submit_us=2663 skipped=0 gpu_q=1 gpu_total_us=3353 gpu_prepass_us=0 gpu_main_us=3353 gpu_composite_us=0 gpu_blit_us=0
frust_shell_common::perf: frust-perf raw n=188 total_us=4286 rebuild_us=99 layout_us=0 paint_us=31 encode_us=21 acquire_us=1500 submit_us=2632 skipped=0 gpu_q=1 gpu_total_us=3560 gpu_prepass_us=0 gpu_main_us=3560 gpu_composite_us=0 gpu_blit_us=0
frust_shell_common::perf: bench-scenario-start s3-create1k
frust_shell_common::perf: frust-perf raw n=189 total_us=11030 rebuild_us=897 layout_us=261 paint_us=209 encode_us=43 acquire_us=86 submit_us=9532 skipped=0 gpu_q=1 gpu_total_us=3274 gpu_prepass_us=0 gpu_main_us=3274 gpu_composite_us=0 gpu_blit_us=0
frust_shell_common::perf: bench-scenario-end s3-create1k
frust_shell_common::perf: frust-perf raw n=190 total_us=10519 rebuild_us=332 layout_us=0 paint_us=124 encode_us=63 acquire_us=1583 submit_us=8415 skipped=0 gpu_q=1 gpu_total_us=3258 gpu_prepass_us=0 gpu_main_us=3258 gpu_composite_us=0 gpu_blit_us=0
frust_shell_common::perf: frust-perf raw n=191 total_us=10879 rebuild_us=263 layout_us=0 paint_us=113 encode_us=54 acquire_us=2116 submit_us=8331 skipped=0 gpu_q=1 gpu_total_us=3262 gpu_prepass_us=0 gpu_main_us=3262 gpu_composite_us=0 gpu_blit_us=0
frust_shell_common::perf: frust-perf raw n=192 total_us=9960 rebuild_us=266 layout_us=0 paint_us=112 encode_us=57 acquire_us=1265 submit_us=8257 skipped=0 gpu_q=1 gpu_total_us=3277 gpu_prepass_us=0 gpu_main_us=3277 gpu_composite_us=0 gpu_blit_us=0
frust_shell_common::perf: frust-perf raw n=193 total_us=10259 rebuild_us=252 layout_us=0 paint_us=117 encode_us=56 acquire_us=2167 submit_us=7664 skipped=0 gpu_q=1 gpu_total_us=4957 gpu_prepass_us=0 gpu_main_us=4957 gpu_composite_us=0 gpu_blit_us=0
frust_shell_common::perf: frust-perf raw n=194 total_us=10054 rebuild_us=245 layout_us=0 paint_us=117 encode_us=46 acquire_us=2195 submit_us=7449 skipped=0 gpu_q=1 gpu_total_us=4962 gpu_prepass_us=0 gpu_main_us=4962 gpu_composite_us=0 gpu_blit_us=0
frust_shell_common::perf: frust-perf raw n=195 total_us=7574 rebuild_us=215 layout_us=0 paint_us=100 encode_us=48 acquire_us=1131 submit_us=6077 skipped=0 gpu_q=1 gpu_total_us=4973 gpu_prepass_us=0 gpu_main_us=4973 gpu_composite_us=0 gpu_blit_us=0
frust_shell_common::perf: frust-perf raw n=196 total_us=8690 rebuild_us=218 layout_us=0 paint_us=82 encode_us=42 acquire_us=2301 submit_us=6044 skipped=0 gpu_q=1 gpu_total_us=4958 gpu_prepass_us=0 gpu_main_us=4958 gpu_composite_us=0 gpu_blit_us=0
frust_shell_common::perf: frust-perf raw n=197 total_us=8798 rebuild_us=195 layout_us=0 paint_us=91 encode_us=46 acquire_us=2392 submit_us=6071 skipped=0 gpu_q=1 gpu_total_us=4957 gpu_prepass_us=0 gpu_main_us=4957 gpu_composite_us=0 gpu_blit_us=0
frust_shell_common::perf: frust-perf raw n=198 total_us=6483 rebuild_us=199 layout_us=0 paint_us=101 encode_us=52 acquire_us=1207 submit_us=4922 skipped=0 gpu_q=1 gpu_total_us=4952 gpu_prepass_us=0 gpu_main_us=4952 gpu_composite_us=0 gpu_blit_us=0
frust_shell_common::perf: frust-perf raw n=199 total_us=5614 rebuild_us=177 layout_us=0 paint_us=83 encode_us=41 acquire_us=1673 submit_us=3638 skipped=0 gpu_q=1 gpu_total_us=4947 gpu_prepass_us=0 gpu_main_us=4947 gpu_composite_us=0 gpu_blit_us=0
frust_shell_common::perf: frust-perf raw n=200 total_us=7311 rebuild_us=179 layout_us=0 paint_us=86 encode_us=42 acquire_us=2575 submit_us=4426 skipped=0 gpu_q=1 gpu_total_us=4937 gpu_prepass_us=0 gpu_main_us=4937 gpu_composite_us=0 gpu_blit_us=0
frust_shell_common::perf: frust-perf raw n=201 total_us=4592 rebuild_us=184 layout_us=0 paint_us=87 encode_us=44 acquire_us=666 submit_us=3609 skipped=0 gpu_q=1 gpu_total_us=4946 gpu_prepass_us=0 gpu_main_us=4946 gpu_composite_us=0 gpu_blit_us=0
frust_shell_common::perf: frust-perf raw n=202 total_us=4408 rebuild_us=177 layout_us=0 paint_us=82 encode_us=41 acquire_us=563 submit_us=3542 skipped=0 gpu_q=1 gpu_total_us=8869 gpu_prepass_us=462 gpu_main_us=8406 gpu_composite_us=0 gpu_blit_us=0
frust_shell_common::perf: frust-perf raw n=203 total_us=5118 rebuild_us=182 layout_us=0 paint_us=90 encode_us=43 acquire_us=1226 submit_us=3575 skipped=0 gpu_q=1 gpu_total_us=8418 gpu_prepass_us=0 gpu_main_us=8418 gpu_composite_us=0 gpu_blit_us=0
frust_shell_common::perf: frust-perf raw n=204 total_us=5327 rebuild_us=179 layout_us=0 paint_us=87 encode_us=47 acquire_us=1450 submit_us=3562 skipped=0 gpu_q=1 gpu_total_us=8390 gpu_prepass_us=0 gpu_main_us=8390 gpu_composite_us=0 gpu_blit_us=0
frust_shell_common::perf: frust-perf raw n=205 total_us=6106 rebuild_us=176 layout_us=0 paint_us=86 encode_us=42 acquire_us=2014 submit_us=3784 skipped=0 gpu_q=1 gpu_total_us=8394 gpu_prepass_us=0 gpu_main_us=8394 gpu_composite_us=0 gpu_blit_us=0
frust_shell_common::perf: frust-perf raw n=206 total_us=6299 rebuild_us=188 layout_us=0 paint_us=81 encode_us=41 acquire_us=1619 submit_us=4366 skipped=0 gpu_q=1 gpu_total_us=8901 gpu_prepass_us=0 gpu_main_us=8901 gpu_composite_us=0 gpu_blit_us=0
frust_shell_common::perf: frust-perf raw n=207 total_us=4885 rebuild_us=203 layout_us=0 paint_us=87 encode_us=43 acquire_us=942 submit_us=3607 skipped=0 gpu_q=1 gpu_total_us=8448 gpu_prepass_us=0 gpu_main_us=8448 gpu_composite_us=0 gpu_blit_us=0
frust_shell_common::perf: frust-perf raw n=208 total_us=6223 rebuild_us=175 layout_us=0 paint_us=81 encode_us=45 acquire_us=1621 submit_us=4297 skipped=0 gpu_q=1 gpu_total_us=8436 gpu_prepass_us=0 gpu_main_us=8436 gpu_composite_us=0 gpu_blit_us=0
frust_shell_common::perf: bench-scenario-start s3-create10k
frust_shell_common::perf: frust-perf raw n=209 total_us=9003 rebuild_us=4843 layout_us=181 paint_us=134 encode_us=51 acquire_us=89 submit_us=3703 skipped=0 gpu_q=1 gpu_total_us=8463 gpu_prepass_us=0 gpu_main_us=8463 gpu_composite_us=0 gpu_blit_us=0
frust_shell_common::perf: bench-scenario-end s3-create10k
frust_shell_common::perf: frust-perf raw n=210 total_us=5960 rebuild_us=220 layout_us=0 paint_us=88 encode_us=45 acquire_us=1412 submit_us=4193 skipped=0 gpu_q=1 gpu_total_us=8423 gpu_prepass_us=0 gpu_main_us=8423 gpu_composite_us=0 gpu_blit_us=0
frust_shell_common::perf: frust-perf raw n=211 total_us=7044 rebuild_us=180 layout_us=0 paint_us=89 encode_us=42 acquire_us=2056 submit_us=4675 skipped=0 gpu_q=1 gpu_total_us=8456 gpu_prepass_us=0 gpu_main_us=8456 gpu_composite_us=0 gpu_blit_us=0
frust_shell_common::perf: frust-perf raw n=212 total_us=6606 rebuild_us=195 layout_us=0 paint_us=94 encode_us=54 acquire_us=791 submit_us=5470 skipped=0 gpu_q=1 gpu_total_us=8448 gpu_prepass_us=0 gpu_main_us=8448 gpu_composite_us=0 gpu_blit_us=0
frust_shell_common::perf: frust-perf raw n=213 total_us=4537 rebuild_us=185 layout_us=0 paint_us=83 encode_us=46 acquire_us=864 submit_us=3358 skipped=0 gpu_q=1 gpu_total_us=7299 gpu_prepass_us=0 gpu_main_us=7299 gpu_composite_us=0 gpu_blit_us=0
frust_shell_common::perf: frust-perf raw n=214 total_us=4995 rebuild_us=179 layout_us=0 paint_us=82 encode_us=47 acquire_us=1251 submit_us=3433 skipped=0 gpu_q=1 gpu_total_us=7314 gpu_prepass_us=0 gpu_main_us=7314 gpu_composite_us=0 gpu_blit_us=0
frust_shell_common::perf: frust-perf raw n=215 total_us=4965 rebuild_us=180 layout_us=0 paint_us=88 encode_us=48 acquire_us=1280 submit_us=3367 skipped=0 gpu_q=1 gpu_total_us=7635 gpu_prepass_us=0 gpu_main_us=7635 gpu_composite_us=0 gpu_blit_us=0
frust_shell_common::perf: frust-perf raw n=216 total_us=5277 rebuild_us=180 layout_us=0 paint_us=83 encode_us=48 acquire_us=1526 submit_us=3436 skipped=0 gpu_q=1 gpu_total_us=7295 gpu_prepass_us=0 gpu_main_us=7295 gpu_composite_us=0 gpu_blit_us=0
frust_shell_common::perf: frust-perf raw n=217 total_us=6153 rebuild_us=188 layout_us=0 paint_us=85 encode_us=50 acquire_us=1236 submit_us=4593 skipped=0 gpu_q=1 gpu_total_us=7284 gpu_prepass_us=0 gpu_main_us=7284 gpu_composite_us=0 gpu_blit_us=0
frust_shell_common::perf: frust-perf raw n=218 total_us=4400 rebuild_us=180 layout_us=0 paint_us=83 encode_us=55 acquire_us=729 submit_us=3351 skipped=0 gpu_q=1 gpu_total_us=7285 gpu_prepass_us=0 gpu_main_us=7285 gpu_composite_us=0 gpu_blit_us=0
frust_shell_common::perf: frust-perf raw n=219 total_us=4841 rebuild_us=193 layout_us=0 paint_us=85 encode_us=145 acquire_us=570 submit_us=3845 skipped=0 gpu_q=1 gpu_total_us=7295 gpu_prepass_us=0 gpu_main_us=7295 gpu_composite_us=0 gpu_blit_us=0
frust_shell_common::perf: frust-perf raw n=220 total_us=4697 rebuild_us=511 layout_us=0 paint_us=92 encode_us=50 acquire_us=75 submit_us=3968 skipped=0 gpu_q=1 gpu_total_us=7291 gpu_prepass_us=0 gpu_main_us=7291 gpu_composite_us=0 gpu_blit_us=0
frust_shell_common::perf: frust-perf raw n=221 total_us=5846 rebuild_us=220 layout_us=0 paint_us=98 encode_us=60 acquire_us=1205 submit_us=4261 skipped=0 gpu_q=1 gpu_total_us=7312 gpu_prepass_us=0 gpu_main_us=7312 gpu_composite_us=0 gpu_blit_us=0
frust_shell_common::perf: frust-perf raw n=222 total_us=4745 rebuild_us=214 layout_us=0 paint_us=91 encode_us=46 acquire_us=505 submit_us=3886 skipped=0 gpu_q=1 gpu_total_us=7285 gpu_prepass_us=0 gpu_main_us=7285 gpu_composite_us=0 gpu_blit_us=0
frust_shell_common::perf: frust-perf raw n=223 total_us=4860 rebuild_us=221 layout_us=0 paint_us=104 encode_us=53 acquire_us=476 submit_us=4004 skipped=0 gpu_q=1 gpu_total_us=7238 gpu_prepass_us=0 gpu_main_us=7238 gpu_composite_us=0 gpu_blit_us=0
frust_shell_common::perf: frust-perf raw n=224 total_us=6114 rebuild_us=206 layout_us=0 paint_us=90 encode_us=48 acquire_us=1425 submit_us=4342 skipped=0 gpu_q=1 gpu_total_us=7230 gpu_prepass_us=0 gpu_main_us=7230 gpu_composite_us=0 gpu_blit_us=0
frust_shell_common::perf: frust-perf raw n=225 total_us=5814 rebuild_us=212 layout_us=0 paint_us=91 encode_us=49 acquire_us=1060 submit_us=4398 skipped=0 gpu_q=1 gpu_total_us=7219 gpu_prepass_us=0 gpu_main_us=7219 gpu_composite_us=0 gpu_blit_us=0
frust_shell_common::perf: frust-perf raw n=226 total_us=6052 rebuild_us=215 layout_us=0 paint_us=100 encode_us=49 acquire_us=1629 submit_us=4057 skipped=0 gpu_q=1 gpu_total_us=7220 gpu_prepass_us=0 gpu_main_us=7220 gpu_composite_us=0 gpu_blit_us=0
frust_shell_common::perf: frust-perf raw n=227 total_us=5537 rebuild_us=218 layout_us=0 paint_us=94 encode_us=50 acquire_us=971 submit_us=4202 skipped=0 gpu_q=1 gpu_total_us=7228 gpu_prepass_us=0 gpu_main_us=7228 gpu_composite_us=0 gpu_blit_us=0
frust_shell_common::perf: frust-perf raw n=228 total_us=4340 rebuild_us=200 layout_us=0 paint_us=85 encode_us=41 acquire_us=65 submit_us=3946 skipped=0 gpu_q=1 gpu_total_us=7202 gpu_prepass_us=0 gpu_main_us=7202 gpu_composite_us=0 gpu_blit_us=0
frust_shell_common::perf: bench-scenario-start s3-update
frust_shell_common::perf: frust-perf raw n=229 total_us=7787 rebuild_us=3418 layout_us=66 paint_us=89 encode_us=46 acquire_us=81 submit_us=4085 skipped=0 gpu_q=1 gpu_total_us=7253 gpu_prepass_us=0 gpu_main_us=7253 gpu_composite_us=0 gpu_blit_us=0
frust_shell_common::perf: bench-scenario-end s3-update
frust_shell_common::perf: frust-perf raw n=230 total_us=6359 rebuild_us=332 layout_us=0 paint_us=112 encode_us=49 acquire_us=1625 submit_us=4238 skipped=0 gpu_q=1 gpu_total_us=7205 gpu_prepass_us=0 gpu_main_us=7205 gpu_composite_us=0 gpu_blit_us=0
frust_shell_common::perf: frust-perf raw n=231 total_us=4141 rebuild_us=197 layout_us=0 paint_us=87 encode_us=44 acquire_us=68 submit_us=3744 skipped=0 gpu_q=1 gpu_total_us=7109 gpu_prepass_us=0 gpu_main_us=7109 gpu_composite_us=0 gpu_blit_us=0
frust_shell_common::perf: frust-perf raw n=232 total_us=6010 rebuild_us=218 layout_us=0 paint_us=91 encode_us=48 acquire_us=1159 submit_us=4492 skipped=0 gpu_q=1 gpu_total_us=7116 gpu_prepass_us=0 gpu_main_us=7116 gpu_composite_us=0 gpu_blit_us=0
frust_shell_common::perf: frust-perf raw n=233 total_us=6916 rebuild_us=284 layout_us=0 paint_us=107 encode_us=63 acquire_us=1741 submit_us=4719 skipped=0 gpu_q=1 gpu_total_us=7124 gpu_prepass_us=0 gpu_main_us=7124 gpu_composite_us=0 gpu_blit_us=0
frust_shell_common::perf: frust-perf raw n=234 total_us=5830 rebuild_us=250 layout_us=0 paint_us=104 encode_us=145 acquire_us=1329 submit_us=3999 skipped=0 gpu_q=1 gpu_total_us=7150 gpu_prepass_us=0 gpu_main_us=7150 gpu_composite_us=0 gpu_blit_us=0
frust_shell_common::perf: frust-perf raw n=235 total_us=4462 rebuild_us=206 layout_us=0 paint_us=120 encode_us=51 acquire_us=66 submit_us=4017 skipped=0 gpu_q=1 gpu_total_us=7210 gpu_prepass_us=0 gpu_main_us=7210 gpu_composite_us=0 gpu_blit_us=0
frust_shell_common::perf: frust-perf raw n=236 total_us=7380 rebuild_us=222 layout_us=0 paint_us=112 encode_us=60 acquire_us=1964 submit_us=5020 skipped=0 gpu_q=1 gpu_total_us=7259 gpu_prepass_us=0 gpu_main_us=7259 gpu_composite_us=0 gpu_blit_us=0
frust_shell_common::perf: frust-perf raw n=237 total_us=14313 rebuild_us=216 layout_us=0 paint_us=103 encode_us=54 acquire_us=10710 submit_us=3228 skipped=0 gpu_q=1 gpu_total_us=7245 gpu_prepass_us=0 gpu_main_us=7245 gpu_composite_us=0 gpu_blit_us=0
frust_shell_common::perf: frust-perf raw n=238 total_us=8305 rebuild_us=217 layout_us=0 paint_us=101 encode_us=48 acquire_us=43 submit_us=7894 skipped=0 gpu_q=1 gpu_total_us=7257 gpu_prepass_us=0 gpu_main_us=7257 gpu_composite_us=0 gpu_blit_us=0
frust_shell_common::perf: frust-perf raw n=239 total_us=8692 rebuild_us=296 layout_us=0 paint_us=102 encode_us=100 acquire_us=122 submit_us=8069 skipped=0 gpu_q=1 gpu_total_us=7255 gpu_prepass_us=0 gpu_main_us=7255 gpu_composite_us=0 gpu_blit_us=0
frust_shell_common::perf: frust-perf raw n=240 total_us=5144 rebuild_us=227 layout_us=0 paint_us=96 encode_us=49 acquire_us=75 submit_us=4693 skipped=0 gpu_q=1 gpu_total_us=7233 gpu_prepass_us=0 gpu_main_us=7233 gpu_composite_us=0 gpu_blit_us=0
frust_shell_common::perf: frust-perf raw n=241 total_us=6233 rebuild_us=224 layout_us=0 paint_us=95 encode_us=58 acquire_us=1128 submit_us=4726 skipped=0 gpu_q=1 gpu_total_us=7311 gpu_prepass_us=0 gpu_main_us=7311 gpu_composite_us=0 gpu_blit_us=0
frust_shell_common::perf: frust-perf raw n=242 total_us=6651 rebuild_us=215 layout_us=0 paint_us=92 encode_us=58 acquire_us=1929 submit_us=4355 skipped=0 gpu_q=1 gpu_total_us=7640 gpu_prepass_us=0 gpu_main_us=7640 gpu_composite_us=0 gpu_blit_us=0
frust_shell_common::perf: frust-perf raw n=243 total_us=6006 rebuild_us=208 layout_us=0 paint_us=91 encode_us=53 acquire_us=1247 submit_us=4404 skipped=0 gpu_q=1 gpu_total_us=7253 gpu_prepass_us=0 gpu_main_us=7253 gpu_composite_us=0 gpu_blit_us=0
frust_shell_common::perf: frust-perf raw n=244 total_us=6693 rebuild_us=211 layout_us=0 paint_us=92 encode_us=51 acquire_us=997 submit_us=5339 skipped=0 gpu_q=1 gpu_total_us=7262 gpu_prepass_us=0 gpu_main_us=7262 gpu_composite_us=0 gpu_blit_us=0
frust_shell_common::perf: frust-perf raw n=245 total_us=6104 rebuild_us=205 layout_us=0 paint_us=92 encode_us=52 acquire_us=1555 submit_us=4198 skipped=0 gpu_q=1 gpu_total_us=7252 gpu_prepass_us=0 gpu_main_us=7252 gpu_composite_us=0 gpu_blit_us=0
frust_shell_common::perf: frust-perf raw n=246 total_us=5983 rebuild_us=213 layout_us=0 paint_us=93 encode_us=52 acquire_us=1343 submit_us=4280 skipped=0 gpu_q=1 gpu_total_us=7257 gpu_prepass_us=0 gpu_main_us=7257 gpu_composite_us=0 gpu_blit_us=0
frust_shell_common::perf: frust-perf raw n=247 total_us=4931 rebuild_us=226 layout_us=0 paint_us=97 encode_us=56 acquire_us=495 submit_us=4054 skipped=0 gpu_q=1 gpu_total_us=7255 gpu_prepass_us=0 gpu_main_us=7255 gpu_composite_us=0 gpu_blit_us=0
frust_shell_common::perf: frust-perf raw n=248 total_us=5992 rebuild_us=208 layout_us=0 paint_us=158 encode_us=49 acquire_us=1418 submit_us=4156 skipped=0 gpu_q=1 gpu_total_us=7246 gpu_prepass_us=0 gpu_main_us=7246 gpu_composite_us=0 gpu_blit_us=0
frust_shell_common::perf: bench-scenario-start s3-swap
frust_shell_common::perf: frust-perf raw n=249 total_us=7615 rebuild_us=3104 layout_us=69 paint_us=87 encode_us=52 acquire_us=85 submit_us=4215 skipped=0 gpu_q=1 gpu_total_us=7258 gpu_prepass_us=0 gpu_main_us=7258 gpu_composite_us=0 gpu_blit_us=0
frust_shell_common::perf: bench-scenario-end s3-swap
frust_shell_common::perf: frust-perf raw n=250 total_us=6692 rebuild_us=351 layout_us=0 paint_us=117 encode_us=83 acquire_us=1470 submit_us=4668 skipped=0 gpu_q=1 gpu_total_us=7247 gpu_prepass_us=0 gpu_main_us=7247 gpu_composite_us=0 gpu_blit_us=0
frust_shell_common::perf: frust-perf raw n=251 total_us=5227 rebuild_us=212 layout_us=0 paint_us=92 encode_us=48 acquire_us=796 submit_us=4076 skipped=0 gpu_q=1 gpu_total_us=7273 gpu_prepass_us=0 gpu_main_us=7273 gpu_composite_us=0 gpu_blit_us=0
frust_shell_common::perf: frust-perf raw n=252 total_us=4425 rebuild_us=228 layout_us=0 paint_us=95 encode_us=57 acquire_us=71 submit_us=3972 skipped=0 gpu_q=1 gpu_total_us=7265 gpu_prepass_us=0 gpu_main_us=7265 gpu_composite_us=0 gpu_blit_us=0
frust_shell_common::perf: frust-perf raw n=253 total_us=5161 rebuild_us=290 layout_us=0 paint_us=116 encode_us=50 acquire_us=491 submit_us=4211 skipped=0 gpu_q=1 gpu_total_us=7425 gpu_prepass_us=0 gpu_main_us=7425 gpu_composite_us=0 gpu_blit_us=0
frust_shell_common::perf: frust-perf raw n=254 total_us=5280 rebuild_us=204 layout_us=0 paint_us=91 encode_us=50 acquire_us=702 submit_us=4230 skipped=0 gpu_q=1 gpu_total_us=7427 gpu_prepass_us=0 gpu_main_us=7427 gpu_composite_us=0 gpu_blit_us=0
frust_shell_common::perf: frust-perf raw n=255 total_us=6032 rebuild_us=210 layout_us=0 paint_us=90 encode_us=50 acquire_us=872 submit_us=4807 skipped=0 gpu_q=1 gpu_total_us=7426 gpu_prepass_us=0 gpu_main_us=7426 gpu_composite_us=0 gpu_blit_us=0
frust_shell_common::perf: frust-perf raw n=256 total_us=5595 rebuild_us=212 layout_us=0 paint_us=97 encode_us=94 acquire_us=949 submit_us=4240 skipped=0 gpu_q=1 gpu_total_us=7443 gpu_prepass_us=0 gpu_main_us=7443 gpu_composite_us=0 gpu_blit_us=0
frust_shell_common::perf: frust-perf raw n=257 total_us=5629 rebuild_us=206 layout_us=0 paint_us=92 encode_us=48 acquire_us=1076 submit_us=4206 skipped=0 gpu_q=1 gpu_total_us=7438 gpu_prepass_us=0 gpu_main_us=7438 gpu_composite_us=0 gpu_blit_us=0
frust_shell_common::perf: frust-perf raw n=258 total_us=5702 rebuild_us=230 layout_us=0 paint_us=97 encode_us=53 acquire_us=526 submit_us=4794 skipped=0 gpu_q=1 gpu_total_us=7441 gpu_prepass_us=0 gpu_main_us=7441 gpu_composite_us=0 gpu_blit_us=0
frust_shell_common::perf: frust-perf raw n=259 total_us=5745 rebuild_us=210 layout_us=0 paint_us=92 encode_us=54 acquire_us=985 submit_us=4400 skipped=0 gpu_q=1 gpu_total_us=7444 gpu_prepass_us=0 gpu_main_us=7444 gpu_composite_us=0 gpu_blit_us=0
frust_shell_common::perf: frust-perf raw n=260 total_us=4917 rebuild_us=208 layout_us=0 paint_us=89 encode_us=51 acquire_us=575 submit_us=3991 skipped=0 gpu_q=1 gpu_total_us=7425 gpu_prepass_us=0 gpu_main_us=7425 gpu_composite_us=0 gpu_blit_us=0
frust_shell_common::perf: frust-perf raw n=261 total_us=5662 rebuild_us=232 layout_us=0 paint_us=99 encode_us=52 acquire_us=563 submit_us=4715 skipped=0 gpu_q=1 gpu_total_us=7430 gpu_prepass_us=0 gpu_main_us=7430 gpu_composite_us=0 gpu_blit_us=0
frust_shell_common::perf: frust-perf raw n=262 total_us=5515 rebuild_us=218 layout_us=0 paint_us=96 encode_us=49 acquire_us=1046 submit_us=4103 skipped=0 gpu_q=1 gpu_total_us=7457 gpu_prepass_us=0 gpu_main_us=7457 gpu_composite_us=0 gpu_blit_us=0
frust_shell_common::perf: frust-perf raw n=263 total_us=6439 rebuild_us=214 layout_us=0 paint_us=91 encode_us=54 acquire_us=1611 submit_us=4466 skipped=0 gpu_q=1 gpu_total_us=7435 gpu_prepass_us=0 gpu_main_us=7435 gpu_composite_us=0 gpu_blit_us=0
frust_shell_common::perf: frust-perf raw n=264 total_us=6282 rebuild_us=223 layout_us=0 paint_us=97 encode_us=52 acquire_us=1564 submit_us=4344 skipped=0 gpu_q=1 gpu_total_us=7438 gpu_prepass_us=0 gpu_main_us=7438 gpu_composite_us=0 gpu_blit_us=0
frust_shell_common::perf: frust-perf raw n=265 total_us=5092 rebuild_us=206 layout_us=0 paint_us=91 encode_us=50 acquire_us=752 submit_us=3991 skipped=0 gpu_q=1 gpu_total_us=7426 gpu_prepass_us=0 gpu_main_us=7426 gpu_composite_us=0 gpu_blit_us=0
frust_shell_common::perf: frust-perf raw n=266 total_us=6319 rebuild_us=210 layout_us=0 paint_us=90 encode_us=54 acquire_us=1444 submit_us=4519 skipped=0 gpu_q=1 gpu_total_us=7442 gpu_prepass_us=0 gpu_main_us=7442 gpu_composite_us=0 gpu_blit_us=0
frust_shell_common::perf: frust-perf raw n=267 total_us=6036 rebuild_us=212 layout_us=0 paint_us=96 encode_us=50 acquire_us=1430 submit_us=4245 skipped=0 gpu_q=1 gpu_total_us=7424 gpu_prepass_us=0 gpu_main_us=7424 gpu_composite_us=0 gpu_blit_us=0
frust_shell_common::perf: frust-perf raw n=268 total_us=5575 rebuild_us=217 layout_us=0 paint_us=93 encode_us=50 acquire_us=691 submit_us=4521 skipped=0 gpu_q=1 gpu_total_us=7452 gpu_prepass_us=0 gpu_main_us=7452 gpu_composite_us=0 gpu_blit_us=0
frust_shell_common::perf: bench-scenario-start s3-clear
frust_shell_common::perf: frust-perf raw n=269 total_us=7218 rebuild_us=4205 layout_us=20 paint_us=27 encode_us=74 acquire_us=86 submit_us=2803 skipped=0 gpu_q=1 gpu_total_us=7443 gpu_prepass_us=0 gpu_main_us=7443 gpu_composite_us=0 gpu_blit_us=0
frust_shell_common::perf: bench-scenario-end s3-clear
frust_shell_common::perf: frust-perf raw n=270 total_us=4605 rebuild_us=136 layout_us=0 paint_us=28 encode_us=18 acquire_us=2044 submit_us=2378 skipped=0 gpu_q=1 gpu_total_us=7449 gpu_prepass_us=0 gpu_main_us=7449 gpu_composite_us=0 gpu_blit_us=0
frust_shell_common::perf: frust-perf raw n=271 total_us=5339 rebuild_us=93 layout_us=0 paint_us=31 encode_us=16 acquire_us=2625 submit_us=2571 skipped=0 gpu_q=1 gpu_total_us=7439 gpu_prepass_us=0 gpu_main_us=7439 gpu_composite_us=0 gpu_blit_us=0
frust_shell_common::perf: frust-perf raw n=272 total_us=4609 rebuild_us=94 layout_us=0 paint_us=31 encode_us=18 acquire_us=1861 submit_us=2602 skipped=0 gpu_q=1 gpu_total_us=7432 gpu_prepass_us=0 gpu_main_us=7432 gpu_composite_us=0 gpu_blit_us=0
frust_shell_common::perf: frust-perf raw n=273 total_us=5008 rebuild_us=95 layout_us=0 paint_us=30 encode_us=18 acquire_us=2304 submit_us=2558 skipped=0 gpu_q=1 gpu_total_us=3192 gpu_prepass_us=0 gpu_main_us=3192 gpu_composite_us=0 gpu_blit_us=0
frust_shell_common::perf: frust-perf raw n=274 total_us=4270 rebuild_us=98 layout_us=0 paint_us=30 encode_us=18 acquire_us=1467 submit_us=2655 skipped=0 gpu_q=1 gpu_total_us=3208 gpu_prepass_us=0 gpu_main_us=3208 gpu_composite_us=0 gpu_blit_us=0
frust_shell_common::perf: frust-perf raw n=275 total_us=4539 rebuild_us=93 layout_us=0 paint_us=30 encode_us=19 acquire_us=1765 submit_us=2630 skipped=0 gpu_q=1 gpu_total_us=3238 gpu_prepass_us=0 gpu_main_us=3238 gpu_composite_us=0 gpu_blit_us=0
frust_shell_common::perf: frust-perf raw n=276 total_us=4886 rebuild_us=95 layout_us=0 paint_us=31 encode_us=20 acquire_us=1983 submit_us=2754 skipped=0 gpu_q=1 gpu_total_us=3208 gpu_prepass_us=0 gpu_main_us=3208 gpu_composite_us=0 gpu_blit_us=0
frust_shell_common::perf: frust-perf raw n=277 total_us=4628 rebuild_us=94 layout_us=0 paint_us=31 encode_us=21 acquire_us=1796 submit_us=2684 skipped=0 gpu_q=1 gpu_total_us=3208 gpu_prepass_us=0 gpu_main_us=3208 gpu_composite_us=0 gpu_blit_us=0
frust_shell_common::perf: frust-perf raw n=278 total_us=4176 rebuild_us=94 layout_us=0 paint_us=30 encode_us=20 acquire_us=1355 submit_us=2674 skipped=0 gpu_q=1 gpu_total_us=3212 gpu_prepass_us=0 gpu_main_us=3212 gpu_composite_us=0 gpu_blit_us=0
frust_shell_common::perf: frust-perf raw n=279 total_us=5186 rebuild_us=109 layout_us=0 paint_us=33 encode_us=23 acquire_us=2226 submit_us=2792 skipped=0 gpu_q=1 gpu_total_us=3199 gpu_prepass_us=0 gpu_main_us=3199 gpu_composite_us=0 gpu_blit_us=0
frust_shell_common::perf: frust-perf raw n=280 total_us=5402 rebuild_us=108 layout_us=0 paint_us=34 encode_us=23 acquire_us=2598 submit_us=2636 skipped=0 gpu_q=1 gpu_total_us=3211 gpu_prepass_us=0 gpu_main_us=3211 gpu_composite_us=0 gpu_blit_us=0
frust_shell_common::perf: frust-perf raw n=281 total_us=4759 rebuild_us=92 layout_us=0 paint_us=31 encode_us=23 acquire_us=1971 submit_us=2639 skipped=0 gpu_q=1 gpu_total_us=3191 gpu_prepass_us=0 gpu_main_us=3191 gpu_composite_us=0 gpu_blit_us=0
frust_shell_common::perf: frust-perf raw n=282 total_us=5436 rebuild_us=94 layout_us=0 paint_us=31 encode_us=21 acquire_us=1909 submit_us=3378 skipped=0 gpu_q=1 gpu_total_us=3283 gpu_prepass_us=0 gpu_main_us=3283 gpu_composite_us=0 gpu_blit_us=0
frust_shell_common::perf: frust-perf raw n=283 total_us=4409 rebuild_us=96 layout_us=0 paint_us=31 encode_us=23 acquire_us=1565 submit_us=2691 skipped=0 gpu_q=1 gpu_total_us=3294 gpu_prepass_us=0 gpu_main_us=3294 gpu_composite_us=0 gpu_blit_us=0
frust_shell_common::perf: frust-perf raw n=284 total_us=4559 rebuild_us=95 layout_us=0 paint_us=30 encode_us=22 acquire_us=1671 submit_us=2739 skipped=0 gpu_q=1 gpu_total_us=3206 gpu_prepass_us=0 gpu_main_us=3206 gpu_composite_us=0 gpu_blit_us=0
frust_shell_common::perf: frust-perf raw n=285 total_us=4516 rebuild_us=97 layout_us=0 paint_us=31 encode_us=23 acquire_us=1567 submit_us=2795 skipped=0 gpu_q=1 gpu_total_us=3219 gpu_prepass_us=0 gpu_main_us=3219 gpu_composite_us=0 gpu_blit_us=0
frust_shell_android::app::frame: frust-perf platform-view tail depth=0 target=0 acquire_bound=false frame=298 expected_present_us=0 acquire_us=1758 period_us=11121
frust_shell_common::perf: frust-perf raw n=286 total_us=4507 rebuild_us=96 layout_us=0 paint_us=32 encode_us=22 acquire_us=1612 submit_us=2743 skipped=0 gpu_q=1 gpu_total_us=3209 gpu_prepass_us=0 gpu_main_us=3209 gpu_composite_us=0 gpu_blit_us=0
frust_shell_common::perf: frust-perf raw n=287 total_us=4732 rebuild_us=97 layout_us=0 paint_us=31 encode_us=22 acquire_us=1805 submit_us=2774 skipped=0 gpu_q=1 gpu_total_us=3209 gpu_prepass_us=0 gpu_main_us=3209 gpu_composite_us=0 gpu_blit_us=0
frust_shell_common::perf: frust-perf raw n=288 total_us=4560 rebuild_us=99 layout_us=0 paint_us=32 encode_us=22 acquire_us=1740 submit_us=2664 skipped=0 gpu_q=1 gpu_total_us=3202 gpu_prepass_us=0 gpu_main_us=3202 gpu_composite_us=0 gpu_blit_us=0
frust_shell_common::perf: bench-scenario-start s3-create1k
frust_shell_common::perf: bench-scenario-end s3-create1k
frust_shell_common::perf: frust-perf raw n=289 total_us=11039 rebuild_us=951 layout_us=229 paint_us=218 encode_us=48 acquire_us=82 submit_us=9508 skipped=0 gpu_q=1 gpu_total_us=3211 gpu_prepass_us=0 gpu_main_us=3211 gpu_composite_us=0 gpu_blit_us=0
frust_shell_common::perf: frust-perf raw n=290 total_us=9814 rebuild_us=397 layout_us=0 paint_us=126 encode_us=61 acquire_us=771 submit_us=8456 skipped=0 gpu_q=1 gpu_total_us=3217 gpu_prepass_us=0 gpu_main_us=3217 gpu_composite_us=0 gpu_blit_us=0
frust_shell_common::perf: frust-perf raw n=291 total_us=10210 rebuild_us=271 layout_us=0 paint_us=118 encode_us=50 acquire_us=1434 submit_us=8335 skipped=0 gpu_q=1 gpu_total_us=3202 gpu_prepass_us=0 gpu_main_us=3202 gpu_composite_us=0 gpu_blit_us=0
frust_shell_common::perf: frust-perf raw n=292 total_us=9926 rebuild_us=252 layout_us=0 paint_us=103 encode_us=52 acquire_us=1270 submit_us=8246 skipped=0 gpu_q=1 gpu_total_us=3200 gpu_prepass_us=0 gpu_main_us=3200 gpu_composite_us=0 gpu_blit_us=0
frust_shell_common::perf: frust-perf raw n=293 total_us=10645 rebuild_us=205 layout_us=0 paint_us=100 encode_us=64 acquire_us=2962 submit_us=7310 skipped=0 gpu_q=1 gpu_total_us=4897 gpu_prepass_us=0 gpu_main_us=4897 gpu_composite_us=0 gpu_blit_us=0
frust_shell_common::perf: frust-perf raw n=294 total_us=7583 rebuild_us=210 layout_us=0 paint_us=91 encode_us=47 acquire_us=1458 submit_us=5774 skipped=0 gpu_q=1 gpu_total_us=4907 gpu_prepass_us=0 gpu_main_us=4907 gpu_composite_us=0 gpu_blit_us=0
frust_shell_common::perf: frust-perf raw n=295 total_us=7457 rebuild_us=177 layout_us=0 paint_us=78 encode_us=67 acquire_us=1181 submit_us=5952 skipped=0 gpu_q=1 gpu_total_us=4912 gpu_prepass_us=0 gpu_main_us=4912 gpu_composite_us=0 gpu_blit_us=0
frust_shell_common::perf: frust-perf raw n=296 total_us=8446 rebuild_us=188 layout_us=0 paint_us=89 encode_us=45 acquire_us=2313 submit_us=5808 skipped=0 gpu_q=1 gpu_total_us=4908 gpu_prepass_us=0 gpu_main_us=4908 gpu_composite_us=0 gpu_blit_us=0
frust_shell_common::perf: frust-perf raw n=297 total_us=7688 rebuild_us=186 layout_us=0 paint_us=86 encode_us=49 acquire_us=1628 submit_us=5737 skipped=0 gpu_q=1 gpu_total_us=4892 gpu_prepass_us=0 gpu_main_us=4892 gpu_composite_us=0 gpu_blit_us=0
frust_shell_common::perf: frust-perf raw n=298 total_us=4424 rebuild_us=179 layout_us=0 paint_us=87 encode_us=45 acquire_us=761 submit_us=3350 skipped=0 gpu_q=1 gpu_total_us=4893 gpu_prepass_us=0 gpu_main_us=4893 gpu_composite_us=0 gpu_blit_us=0
frust_shell_common::perf: frust-perf raw n=299 total_us=7074 rebuild_us=195 layout_us=0 paint_us=86 encode_us=42 acquire_us=2543 submit_us=4206 skipped=0 gpu_q=1 gpu_total_us=4891 gpu_prepass_us=0 gpu_main_us=4891 gpu_composite_us=0 gpu_blit_us=0
frust_shell_common::perf: frust-perf raw n=300 total_us=5051 rebuild_us=186 layout_us=0 paint_us=94 encode_us=50 acquire_us=931 submit_us=3787 skipped=0 gpu_q=1 gpu_total_us=4895 gpu_prepass_us=0 gpu_main_us=4895 gpu_composite_us=0 gpu_blit_us=0
frust_shell_common::perf: frust-perf raw n=301 total_us=6891 rebuild_us=177 layout_us=0 paint_us=84 encode_us=45 acquire_us=2502 submit_us=4080 skipped=0 gpu_q=1 gpu_total_us=4902 gpu_prepass_us=0 gpu_main_us=4902 gpu_composite_us=0 gpu_blit_us=0
frust_shell_common::perf: frust-perf raw n=302 total_us=4434 rebuild_us=483 layout_us=0 paint_us=86 encode_us=51 acquire_us=156 submit_us=3656 skipped=0 gpu_q=1 gpu_total_us=8323 gpu_prepass_us=0 gpu_main_us=8323 gpu_composite_us=0 gpu_blit_us=0
frust_shell_common::perf: frust-perf raw n=303 total_us=5920 rebuild_us=190 layout_us=0 paint_us=89 encode_us=52 acquire_us=1028 submit_us=4558 skipped=0 gpu_q=1 gpu_total_us=8379 gpu_prepass_us=0 gpu_main_us=8379 gpu_composite_us=0 gpu_blit_us=0
frust_shell_common::perf: frust-perf raw n=304 total_us=4615 rebuild_us=575 layout_us=0 paint_us=125 encode_us=52 acquire_us=66 submit_us=3794 skipped=0 gpu_q=1 gpu_total_us=8341 gpu_prepass_us=0 gpu_main_us=8341 gpu_composite_us=0 gpu_blit_us=0
frust_shell_common::perf: frust-perf raw n=305 total_us=6632 rebuild_us=287 layout_us=0 paint_us=120 encode_us=48 acquire_us=1411 submit_us=4763 skipped=0 gpu_q=1 gpu_total_us=8335 gpu_prepass_us=0 gpu_main_us=8335 gpu_composite_us=0 gpu_blit_us=0
frust_shell_common::perf: frust-perf raw n=306 total_us=6727 rebuild_us=217 layout_us=0 paint_us=98 encode_us=50 acquire_us=1451 submit_us=4908 skipped=0 gpu_q=1 gpu_total_us=8360 gpu_prepass_us=0 gpu_main_us=8360 gpu_composite_us=0 gpu_blit_us=0
frust_shell_common::perf: frust-perf raw n=307 total_us=6207 rebuild_us=214 layout_us=0 paint_us=101 encode_us=50 acquire_us=1012 submit_us=4828 skipped=0 gpu_q=1 gpu_total_us=8339 gpu_prepass_us=0 gpu_main_us=8339 gpu_composite_us=0 gpu_blit_us=0
frust_shell_common::perf: frust-perf frame n=120 total_p50_ms=5 total_p95_ms=10 total_p99_ms=11 rebuild_p95_ms=0 layout_p95_ms=0 paint_p95_ms=0 encode_p95_ms=0 acquire_p95_ms=2 submit_p95_ms=8 over_60hz=2 over_120hz=61 skipped=0 total_frames=307
frust_shell_common::perf: frust-perf raw n=308 total_us=5391 rebuild_us=195 layout_us=0 paint_us=95 encode_us=52 acquire_us=1334 submit_us=3713 skipped=0 gpu_q=1 gpu_total_us=8341 gpu_prepass_us=0 gpu_main_us=8341 gpu_composite_us=0 gpu_blit_us=0
frust_shell_common::perf: bench-scenario-start s3-create10k
frust_shell_common::perf: frust-perf raw n=309 total_us=9698 rebuild_us=4845 layout_us=190 paint_us=142 encode_us=62 acquire_us=100 submit_us=4356 skipped=0 gpu_q=1 gpu_total_us=8331 gpu_prepass_us=0 gpu_main_us=8331 gpu_composite_us=0 gpu_blit_us=0
frust_shell_common::perf: bench-scenario-end s3-create10k
frust_shell_common::perf: frust-perf raw n=310 total_us=5943 rebuild_us=614 layout_us=0 paint_us=121 encode_us=50 acquire_us=863 submit_us=4291 skipped=0 gpu_q=1 gpu_total_us=8316 gpu_prepass_us=0 gpu_main_us=8316 gpu_composite_us=0 gpu_blit_us=0
frust_shell_common::perf: frust-perf raw n=311 total_us=5399 rebuild_us=184 layout_us=0 paint_us=88 encode_us=47 acquire_us=833 submit_us=4245 skipped=0 gpu_q=1 gpu_total_us=8344 gpu_prepass_us=0 gpu_main_us=8344 gpu_composite_us=0 gpu_blit_us=0
frust_shell_common::perf: frust-perf raw n=312 total_us=6480 rebuild_us=191 layout_us=0 paint_us=89 encode_us=60 acquire_us=1826 submit_us=4312 skipped=0 gpu_q=1 gpu_total_us=8310 gpu_prepass_us=0 gpu_main_us=8310 gpu_composite_us=0 gpu_blit_us=0
frust_shell_common::perf: frust-perf raw n=313 total_us=6447 rebuild_us=224 layout_us=0 paint_us=86 encode_us=57 acquire_us=2148 submit_us=3929 skipped=0 gpu_q=1 gpu_total_us=7212 gpu_prepass_us=0 gpu_main_us=7212 gpu_composite_us=0 gpu_blit_us=0
frust_shell_common::perf: frust-perf raw n=314 total_us=6331 rebuild_us=187 layout_us=0 paint_us=86 encode_us=52 acquire_us=2196 submit_us=3808 skipped=0 gpu_q=1 gpu_total_us=7200 gpu_prepass_us=0 gpu_main_us=7200 gpu_composite_us=0 gpu_blit_us=0
frust_shell_common::perf: frust-perf raw n=315 total_us=5025 rebuild_us=189 layout_us=0 paint_us=83 encode_us=51 acquire_us=1293 submit_us=3406 skipped=0 gpu_q=1 gpu_total_us=5204 gpu_prepass_us=0 gpu_main_us=5204 gpu_composite_us=0 gpu_blit_us=0
frust_shell_common::perf: frust-perf raw n=316 total_us=6096 rebuild_us=197 layout_us=0 paint_us=103 encode_us=53 acquire_us=2038 submit_us=3703 skipped=0 gpu_q=1 gpu_total_us=5184 gpu_prepass_us=0 gpu_main_us=5184 gpu_composite_us=0 gpu_blit_us=0
frust_shell_common::perf: frust-perf raw n=317 total_us=5953 rebuild_us=203 layout_us=0 paint_us=88 encode_us=53 acquire_us=753 submit_us=4856 skipped=0 gpu_q=1 gpu_total_us=5196 gpu_prepass_us=0 gpu_main_us=5196 gpu_composite_us=0 gpu_blit_us=0
frust_shell_common::perf: frust-perf raw n=318 total_us=5084 rebuild_us=200 layout_us=0 paint_us=86 encode_us=50 acquire_us=1231 submit_us=3515 skipped=0 gpu_q=1 gpu_total_us=5209 gpu_prepass_us=0 gpu_main_us=5209 gpu_composite_us=0 gpu_blit_us=0
frust_shell_common::perf: frust-perf raw n=319 total_us=5310 rebuild_us=190 layout_us=0 paint_us=87 encode_us=50 acquire_us=1424 submit_us=3557 skipped=0 gpu_q=1 gpu_total_us=5215 gpu_prepass_us=0 gpu_main_us=5215 gpu_composite_us=0 gpu_blit_us=0
frust_shell_common::perf: frust-perf raw n=320 total_us=5233 rebuild_us=222 layout_us=0 paint_us=98 encode_us=55 acquire_us=1435 submit_us=3422 skipped=0 gpu_q=1 gpu_total_us=5211 gpu_prepass_us=0 gpu_main_us=5211 gpu_composite_us=0 gpu_blit_us=0
frust_shell_common::perf: frust-perf raw n=321 total_us=5292 rebuild_us=196 layout_us=0 paint_us=85 encode_us=52 acquire_us=1496 submit_us=3461 skipped=0 gpu_q=1 gpu_total_us=5212 gpu_prepass_us=0 gpu_main_us=5212 gpu_composite_us=0 gpu_blit_us=0
frust_shell_common::perf: frust-perf raw n=322 total_us=5677 rebuild_us=191 layout_us=0 paint_us=84 encode_us=49 acquire_us=1263 submit_us=4087 skipped=0 gpu_q=1 gpu_total_us=5230 gpu_prepass_us=0 gpu_main_us=5230 gpu_composite_us=0 gpu_blit_us=0
frust_shell_common::perf: frust-perf raw n=323 total_us=6034 rebuild_us=190 layout_us=0 paint_us=81 encode_us=46 acquire_us=2153 submit_us=3562 skipped=0 gpu_q=1 gpu_total_us=5223 gpu_prepass_us=0 gpu_main_us=5223 gpu_composite_us=0 gpu_blit_us=0
frust_shell_common::perf: frust-perf raw n=324 total_us=6614 rebuild_us=185 layout_us=0 paint_us=85 encode_us=53 acquire_us=2048 submit_us=4240 skipped=0 gpu_q=1 gpu_total_us=5208 gpu_prepass_us=0 gpu_main_us=5208 gpu_composite_us=0 gpu_blit_us=0
frust_shell_common::perf: frust-perf raw n=325 total_us=4630 rebuild_us=187 layout_us=0 paint_us=94 encode_us=52 acquire_us=895 submit_us=3399 skipped=0 gpu_q=1 gpu_total_us=5194 gpu_prepass_us=0 gpu_main_us=5194 gpu_composite_us=0 gpu_blit_us=0
frust_shell_common::perf: frust-perf raw n=326 total_us=7688 rebuild_us=188 layout_us=0 paint_us=93 encode_us=54 acquire_us=2675 submit_us=4675 skipped=0 gpu_q=1 gpu_total_us=5208 gpu_prepass_us=0 gpu_main_us=5208 gpu_composite_us=0 gpu_blit_us=0
frust_shell_common::perf: frust-perf raw n=327 total_us=6079 rebuild_us=216 layout_us=0 paint_us=102 encode_us=51 acquire_us=1692 submit_us=4016 skipped=0 gpu_q=1 gpu_total_us=5257 gpu_prepass_us=0 gpu_main_us=5257 gpu_composite_us=0 gpu_blit_us=0
frust_shell_common::perf: frust-perf raw n=328 total_us=5309 rebuild_us=187 layout_us=0 paint_us=90 encode_us=55 acquire_us=1521 submit_us=3454 skipped=0 gpu_q=1 gpu_total_us=5189 gpu_prepass_us=0 gpu_main_us=5189 gpu_composite_us=0 gpu_blit_us=0
frust_shell_common::perf: bench-scenario-start s3-update
frust_shell_common::perf: frust-perf raw n=329 total_us=7770 rebuild_us=3088 layout_us=67 paint_us=87 encode_us=53 acquire_us=86 submit_us=4387 skipped=0 gpu_q=1 gpu_total_us=5233 gpu_prepass_us=0 gpu_main_us=5233 gpu_composite_us=0 gpu_blit_us=0
frust_shell_common::perf: bench-scenario-end s3-update
frust_shell_common::perf: frust-perf raw n=330 total_us=5153 rebuild_us=619 layout_us=0 paint_us=124 encode_us=61 acquire_us=73 submit_us=4273 skipped=0 gpu_q=1 gpu_total_us=5171 gpu_prepass_us=0 gpu_main_us=5171 gpu_composite_us=0 gpu_blit_us=0
frust_shell_common::perf: frust-perf raw n=331 total_us=6252 rebuild_us=288 layout_us=0 paint_us=118 encode_us=51 acquire_us=1355 submit_us=4438 skipped=0 gpu_q=1 gpu_total_us=5194 gpu_prepass_us=0 gpu_main_us=5194 gpu_composite_us=0 gpu_blit_us=0
frust_shell_common::perf: frust-perf raw n=332 total_us=5335 rebuild_us=186 layout_us=0 paint_us=101 encode_us=52 acquire_us=1407 submit_us=3587 skipped=0 gpu_q=1 gpu_total_us=5206 gpu_prepass_us=0 gpu_main_us=5206 gpu_composite_us=0 gpu_blit_us=0
frust_shell_common::perf: frust-perf raw n=333 total_us=4896 rebuild_us=298 layout_us=0 paint_us=85 encode_us=51 acquire_us=1019 submit_us=3440 skipped=0 gpu_q=1 gpu_total_us=5195 gpu_prepass_us=0 gpu_main_us=5195 gpu_composite_us=0 gpu_blit_us=0
frust_shell_common::perf: frust-perf raw n=334 total_us=6623 rebuild_us=223 layout_us=0 paint_us=96 encode_us=54 acquire_us=1879 submit_us=4369 skipped=0 gpu_q=1 gpu_total_us=5205 gpu_prepass_us=0 gpu_main_us=5205 gpu_composite_us=0 gpu_blit_us=0
frust_shell_common::perf: frust-perf raw n=335 total_us=5723 rebuild_us=192 layout_us=0 paint_us=91 encode_us=56 acquire_us=1622 submit_us=3760 skipped=0 gpu_q=1 gpu_total_us=5218 gpu_prepass_us=0 gpu_main_us=5218 gpu_composite_us=0 gpu_blit_us=0
frust_shell_common::perf: frust-perf raw n=336 total_us=4815 rebuild_us=255 layout_us=0 paint_us=87 encode_us=53 acquire_us=972 submit_us=3447 skipped=0 gpu_q=1 gpu_total_us=5233 gpu_prepass_us=0 gpu_main_us=5233 gpu_composite_us=0 gpu_blit_us=0
frust_shell_common::perf: frust-perf raw n=337 total_us=5511 rebuild_us=217 layout_us=0 paint_us=98 encode_us=52 acquire_us=582 submit_us=4560 skipped=0 gpu_q=1 gpu_total_us=5231 gpu_prepass_us=0 gpu_main_us=5231 gpu_composite_us=0 gpu_blit_us=0
frust_shell_common::perf: frust-perf raw n=338 total_us=5874 rebuild_us=186 layout_us=0 paint_us=85 encode_us=51 acquire_us=1700 submit_us=3850 skipped=0 gpu_q=1 gpu_total_us=5215 gpu_prepass_us=0 gpu_main_us=5215 gpu_composite_us=0 gpu_blit_us=0
frust_shell_common::perf: frust-perf raw n=339 total_us=6392 rebuild_us=185 layout_us=0 paint_us=89 encode_us=57 acquire_us=2262 submit_us=3796 skipped=0 gpu_q=1 gpu_total_us=5278 gpu_prepass_us=0 gpu_main_us=5278 gpu_composite_us=0 gpu_blit_us=0
frust_shell_common::perf: frust-perf raw n=340 total_us=5741 rebuild_us=213 layout_us=0 paint_us=98 encode_us=53 acquire_us=1077 submit_us=4298 skipped=0 gpu_q=1 gpu_total_us=7115 gpu_prepass_us=0 gpu_main_us=7115 gpu_composite_us=0 gpu_blit_us=0
frust_shell_common::perf: frust-perf raw n=341 total_us=6138 rebuild_us=183 layout_us=0 paint_us=86 encode_us=49 acquire_us=1850 submit_us=3967 skipped=0 gpu_q=1 gpu_total_us=7256 gpu_prepass_us=0 gpu_main_us=7256 gpu_composite_us=0 gpu_blit_us=0
frust_shell_common::perf: frust-perf raw n=342 total_us=5448 rebuild_us=181 layout_us=0 paint_us=89 encode_us=56 acquire_us=1531 submit_us=3589 skipped=0 gpu_q=1 gpu_total_us=7716 gpu_prepass_us=0 gpu_main_us=7716 gpu_composite_us=0 gpu_blit_us=0
frust_shell_common::perf: frust-perf raw n=343 total_us=6771 rebuild_us=212 layout_us=0 paint_us=103 encode_us=52 acquire_us=2003 submit_us=4398 skipped=0 gpu_q=1 gpu_total_us=7252 gpu_prepass_us=0 gpu_main_us=7252 gpu_composite_us=0 gpu_blit_us=0
frust_shell_common::perf: frust-perf raw n=344 total_us=4694 rebuild_us=186 layout_us=0 paint_us=85 encode_us=51 acquire_us=893 submit_us=3477 skipped=0 gpu_q=1 gpu_total_us=7254 gpu_prepass_us=0 gpu_main_us=7254 gpu_composite_us=0 gpu_blit_us=0
frust_shell_common::perf: frust-perf raw n=345 total_us=4934 rebuild_us=180 layout_us=0 paint_us=89 encode_us=51 acquire_us=1181 submit_us=3430 skipped=0 gpu_q=1 gpu_total_us=7255 gpu_prepass_us=0 gpu_main_us=7255 gpu_composite_us=0 gpu_blit_us=0
frust_shell_common::perf: frust-perf raw n=346 total_us=6287 rebuild_us=213 layout_us=0 paint_us=95 encode_us=55 acquire_us=1469 submit_us=4453 skipped=0 gpu_q=1 gpu_total_us=7287 gpu_prepass_us=0 gpu_main_us=7287 gpu_composite_us=0 gpu_blit_us=0
frust_shell_common::perf: frust-perf raw n=347 total_us=6765 rebuild_us=215 layout_us=0 paint_us=96 encode_us=50 acquire_us=1880 submit_us=4522 skipped=0 gpu_q=1 gpu_total_us=7251 gpu_prepass_us=0 gpu_main_us=7251 gpu_composite_us=0 gpu_blit_us=0
frust_shell_common::perf: frust-perf raw n=348 total_us=6195 rebuild_us=213 layout_us=0 paint_us=141 encode_us=52 acquire_us=1243 submit_us=4544 skipped=0 gpu_q=1 gpu_total_us=7252 gpu_prepass_us=0 gpu_main_us=7252 gpu_composite_us=0 gpu_blit_us=0
frust_shell_common::perf: bench-scenario-start s3-swap
frust_shell_common::perf: frust-perf raw n=349 total_us=7826 rebuild_us=3173 layout_us=72 paint_us=89 encode_us=52 acquire_us=86 submit_us=4351 skipped=0 gpu_q=1 gpu_total_us=7281 gpu_prepass_us=0 gpu_main_us=7281 gpu_composite_us=0 gpu_blit_us=0
frust_shell_common::perf: bench-scenario-end s3-swap
frust_shell_common::perf: frust-perf raw n=350 total_us=7024 rebuild_us=270 layout_us=0 paint_us=95 encode_us=55 acquire_us=2062 submit_us=4540 skipped=0 gpu_q=1 gpu_total_us=7266 gpu_prepass_us=0 gpu_main_us=7266 gpu_composite_us=0 gpu_blit_us=0
frust_shell_common::perf: frust-perf raw n=351 total_us=5278 rebuild_us=233 layout_us=0 paint_us=90 encode_us=50 acquire_us=1342 submit_us=3560 skipped=0 gpu_q=1 gpu_total_us=7735 gpu_prepass_us=0 gpu_main_us=7735 gpu_composite_us=0 gpu_blit_us=0
frust_shell_common::perf: frust-perf raw n=352 total_us=5116 rebuild_us=195 layout_us=0 paint_us=89 encode_us=60 acquire_us=1236 submit_us=3535 skipped=0 gpu_q=1 gpu_total_us=7238 gpu_prepass_us=0 gpu_main_us=7238 gpu_composite_us=0 gpu_blit_us=0
frust_shell_common::perf: frust-perf raw n=353 total_us=5436 rebuild_us=498 layout_us=0 paint_us=156 encode_us=53 acquire_us=568 submit_us=4160 skipped=0 gpu_q=1 gpu_total_us=7433 gpu_prepass_us=0 gpu_main_us=7433 gpu_composite_us=0 gpu_blit_us=0
frust_shell_common::perf: frust-perf raw n=354 total_us=4610 rebuild_us=188 layout_us=0 paint_us=88 encode_us=53 acquire_us=797 submit_us=3483 skipped=0 gpu_q=1 gpu_total_us=7416 gpu_prepass_us=0 gpu_main_us=7416 gpu_composite_us=0 gpu_blit_us=0
frust_shell_common::perf: frust-perf raw n=355 total_us=7793 rebuild_us=181 layout_us=0 paint_us=83 encode_us=51 acquire_us=2258 submit_us=5218 skipped=0 gpu_q=1 gpu_total_us=7424 gpu_prepass_us=0 gpu_main_us=7424 gpu_composite_us=0 gpu_blit_us=0
frust_shell_common::perf: frust-perf raw n=356 total_us=7840 rebuild_us=215 layout_us=0 paint_us=99 encode_us=49 acquire_us=3104 submit_us=4370 skipped=0 gpu_q=1 gpu_total_us=7416 gpu_prepass_us=0 gpu_main_us=7416 gpu_composite_us=0 gpu_blit_us=0
frust_shell_common::perf: frust-perf raw n=357 total_us=4894 rebuild_us=193 layout_us=0 paint_us=86 encode_us=54 acquire_us=987 submit_us=3572 skipped=0 gpu_q=1 gpu_total_us=7445 gpu_prepass_us=0 gpu_main_us=7445 gpu_composite_us=0 gpu_blit_us=0
frust_shell_common::perf: frust-perf raw n=358 total_us=5962 rebuild_us=186 layout_us=0 paint_us=87 encode_us=52 acquire_us=1892 submit_us=3744 skipped=0 gpu_q=1 gpu_total_us=7449 gpu_prepass_us=0 gpu_main_us=7449 gpu_composite_us=0 gpu_blit_us=0
frust_shell_common::perf: frust-perf raw n=359 total_us=6648 rebuild_us=472 layout_us=0 paint_us=100 encode_us=54 acquire_us=1795 submit_us=4225 skipped=0 gpu_q=1 gpu_total_us=7583 gpu_prepass_us=0 gpu_main_us=7583 gpu_composite_us=0 gpu_blit_us=0
frust_shell_common::perf: frust-perf raw n=360 total_us=5819 rebuild_us=208 layout_us=0 paint_us=86 encode_us=57 acquire_us=1408 submit_us=4057 skipped=0 gpu_q=1 gpu_total_us=7414 gpu_prepass_us=0 gpu_main_us=7414 gpu_composite_us=0 gpu_blit_us=0
frust_shell_common::perf: frust-perf raw n=361 total_us=5251 rebuild_us=210 layout_us=0 paint_us=89 encode_us=57 acquire_us=1374 submit_us=3519 skipped=0 gpu_q=1 gpu_total_us=7437 gpu_prepass_us=0 gpu_main_us=7437 gpu_composite_us=0 gpu_blit_us=0
frust_shell_common::perf: frust-perf raw n=362 total_us=7081 rebuild_us=196 layout_us=0 paint_us=92 encode_us=54 acquire_us=2373 submit_us=4363 skipped=0 gpu_q=1 gpu_total_us=7434 gpu_prepass_us=0 gpu_main_us=7434 gpu_composite_us=0 gpu_blit_us=0
frust_shell_common::perf: frust-perf raw n=363 total_us=5109 rebuild_us=188 layout_us=0 paint_us=89 encode_us=55 acquire_us=1181 submit_us=3593 skipped=0 gpu_q=1 gpu_total_us=7423 gpu_prepass_us=0 gpu_main_us=7423 gpu_composite_us=0 gpu_blit_us=0
frust_shell_common::perf: frust-perf raw n=364 total_us=4809 rebuild_us=197 layout_us=0 paint_us=90 encode_us=120 acquire_us=936 submit_us=3464 skipped=0 gpu_q=1 gpu_total_us=7516 gpu_prepass_us=0 gpu_main_us=7516 gpu_composite_us=0 gpu_blit_us=0
frust_shell_common::perf: frust-perf raw n=365 total_us=4534 rebuild_us=207 layout_us=0 paint_us=84 encode_us=48 acquire_us=71 submit_us=4121 skipped=0 gpu_q=1 gpu_total_us=7496 gpu_prepass_us=0 gpu_main_us=7496 gpu_composite_us=0 gpu_blit_us=0
frust_shell_common::perf: frust-perf raw n=366 total_us=5072 rebuild_us=207 layout_us=0 paint_us=94 encode_us=55 acquire_us=79 submit_us=4635 skipped=0 gpu_q=1 gpu_total_us=7490 gpu_prepass_us=0 gpu_main_us=7490 gpu_composite_us=0 gpu_blit_us=0
frust_shell_common::perf: frust-perf raw n=367 total_us=5339 rebuild_us=560 layout_us=0 paint_us=127 encode_us=57 acquire_us=90 submit_us=4501 skipped=0 gpu_q=1 gpu_total_us=7501 gpu_prepass_us=0 gpu_main_us=7501 gpu_composite_us=0 gpu_blit_us=0
frust_shell_common::perf: frust-perf raw n=368 total_us=6452 rebuild_us=294 layout_us=0 paint_us=146 encode_us=55 acquire_us=1377 submit_us=4578 skipped=0 gpu_q=1 gpu_total_us=7492 gpu_prepass_us=0 gpu_main_us=7492 gpu_composite_us=0 gpu_blit_us=0
frust_shell_common::perf: bench-scenario-start s3-clear
frust_shell_common::perf: frust-perf raw n=369 total_us=7338 rebuild_us=4358 layout_us=21 paint_us=25 encode_us=40 acquire_us=89 submit_us=2803 skipped=0 gpu_q=1 gpu_total_us=7500 gpu_prepass_us=0 gpu_main_us=7500 gpu_composite_us=0 gpu_blit_us=0
frust_shell_common::perf: bench-scenario-end s3-clear
frust_shell_common::perf: frust-perf raw n=370 total_us=4777 rebuild_us=150 layout_us=0 paint_us=31 encode_us=18 acquire_us=1937 submit_us=2639 skipped=0 gpu_q=1 gpu_total_us=7532 gpu_prepass_us=0 gpu_main_us=7532 gpu_composite_us=0 gpu_blit_us=0
frust_shell_common::perf: frust-perf raw n=371 total_us=4999 rebuild_us=94 layout_us=0 paint_us=34 encode_us=18 acquire_us=2240 submit_us=2610 skipped=0 gpu_q=1 gpu_total_us=7521 gpu_prepass_us=0 gpu_main_us=7521 gpu_composite_us=0 gpu_blit_us=0
frust_shell_common::perf: frust-perf raw n=372 total_us=5248 rebuild_us=93 layout_us=0 paint_us=30 encode_us=19 acquire_us=2324 submit_us=2779 skipped=0 gpu_q=1 gpu_total_us=7493 gpu_prepass_us=0 gpu_main_us=7493 gpu_composite_us=0 gpu_blit_us=0
frust_shell_common::perf: frust-perf raw n=373 total_us=5542 rebuild_us=103 layout_us=0 paint_us=34 encode_us=18 acquire_us=2305 submit_us=3078 skipped=0 gpu_q=1 gpu_total_us=3239 gpu_prepass_us=0 gpu_main_us=3239 gpu_composite_us=0 gpu_blit_us=0
frust_shell_common::perf: frust-perf raw n=374 total_us=5048 rebuild_us=101 layout_us=0 paint_us=33 encode_us=19 acquire_us=2074 submit_us=2819 skipped=0 gpu_q=1 gpu_total_us=3253 gpu_prepass_us=0 gpu_main_us=3253 gpu_composite_us=0 gpu_blit_us=0
frust_shell_common::perf: frust-perf raw n=375 total_us=4665 rebuild_us=105 layout_us=0 paint_us=33 encode_us=19 acquire_us=1734 submit_us=2773 skipped=0 gpu_q=1 gpu_total_us=3277 gpu_prepass_us=0 gpu_main_us=3277 gpu_composite_us=0 gpu_blit_us=0
frust_shell_common::perf: frust-perf raw n=376 total_us=4569 rebuild_us=100 layout_us=0 paint_us=33 encode_us=22 acquire_us=1738 submit_us=2674 skipped=0 gpu_q=1 gpu_total_us=3273 gpu_prepass_us=0 gpu_main_us=3273 gpu_composite_us=0 gpu_blit_us=0
frust_shell_common::perf: frust-perf raw n=377 total_us=5540 rebuild_us=115 layout_us=0 paint_us=35 encode_us=22 acquire_us=2466 submit_us=2900 skipped=0 gpu_q=1 gpu_total_us=3256 gpu_prepass_us=0 gpu_main_us=3256 gpu_composite_us=0 gpu_blit_us=0
frust_shell_common::perf: frust-perf raw n=378 total_us=5529 rebuild_us=110 layout_us=0 paint_us=36 encode_us=24 acquire_us=2522 submit_us=2834 skipped=0 gpu_q=1 gpu_total_us=3559 gpu_prepass_us=0 gpu_main_us=3559 gpu_composite_us=0 gpu_blit_us=0
frust_shell_common::perf: frust-perf raw n=379 total_us=5061 rebuild_us=124 layout_us=0 paint_us=40 encode_us=26 acquire_us=1812 submit_us=3056 skipped=0 gpu_q=1 gpu_total_us=3272 gpu_prepass_us=0 gpu_main_us=3272 gpu_composite_us=0 gpu_blit_us=0
frust_shell_common::perf: frust-perf raw n=380 total_us=4755 rebuild_us=101 layout_us=0 paint_us=33 encode_us=22 acquire_us=1760 submit_us=2837 skipped=0 gpu_q=1 gpu_total_us=3311 gpu_prepass_us=0 gpu_main_us=3311 gpu_composite_us=0 gpu_blit_us=0
frust_shell_common::perf: frust-perf raw n=381 total_us=4722 rebuild_us=101 layout_us=0 paint_us=32 encode_us=22 acquire_us=1792 submit_us=2771 skipped=0 gpu_q=1 gpu_total_us=3345 gpu_prepass_us=0 gpu_main_us=3345 gpu_composite_us=0 gpu_blit_us=0
frust_shell_common::perf: frust-perf raw n=382 total_us=5728 rebuild_us=109 layout_us=0 paint_us=36 encode_us=23 acquire_us=2458 submit_us=3100 skipped=0 gpu_q=1 gpu_total_us=3333 gpu_prepass_us=0 gpu_main_us=3333 gpu_composite_us=0 gpu_blit_us=0
frust_shell_common::perf: frust-perf raw n=383 total_us=4342 rebuild_us=110 layout_us=0 paint_us=34 encode_us=21 acquire_us=1008 submit_us=3166 skipped=0 gpu_q=1 gpu_total_us=3259 gpu_prepass_us=0 gpu_main_us=3259 gpu_composite_us=0 gpu_blit_us=0
frust_shell_common::perf: frust-perf raw n=384 total_us=3176 rebuild_us=100 layout_us=0 paint_us=34 encode_us=21 acquire_us=86 submit_us=2934 skipped=0 gpu_q=1 gpu_total_us=3264 gpu_prepass_us=0 gpu_main_us=3264 gpu_composite_us=0 gpu_blit_us=0
frust_shell_common::perf: frust-perf raw n=385 total_us=4942 rebuild_us=112 layout_us=0 paint_us=38 encode_us=22 acquire_us=1638 submit_us=3130 skipped=0 gpu_q=1 gpu_total_us=3353 gpu_prepass_us=0 gpu_main_us=3353 gpu_composite_us=0 gpu_blit_us=0
frust_shell_common::perf: frust-perf raw n=386 total_us=4265 rebuild_us=99 layout_us=0 paint_us=33 encode_us=23 acquire_us=1334 submit_us=2775 skipped=0 gpu_q=1 gpu_total_us=3348 gpu_prepass_us=0 gpu_main_us=3348 gpu_composite_us=0 gpu_blit_us=0
frust_shell_common::perf: frust-perf raw n=387 total_us=6466 rebuild_us=99 layout_us=0 paint_us=32 encode_us=22 acquire_us=3115 submit_us=3195 skipped=0 gpu_q=1 gpu_total_us=3726 gpu_prepass_us=0 gpu_main_us=3726 gpu_composite_us=0 gpu_blit_us=0
frust_shell_common::perf: frust-perf raw n=388 total_us=5888 rebuild_us=108 layout_us=0 paint_us=31 encode_us=22 acquire_us=2925 submit_us=2800 skipped=0 gpu_q=1 gpu_total_us=3262 gpu_prepass_us=0 gpu_main_us=3262 gpu_composite_us=0 gpu_blit_us=0
frust_shell_common::perf: bench-scenario-start s3-create1k
frust_shell_common::perf: bench-scenario-end s3-create1k
frust_shell_common::perf: frust-perf raw n=389 total_us=12482 rebuild_us=908 layout_us=240 paint_us=213 encode_us=47 acquire_us=87 submit_us=10984 skipped=0 gpu_q=1 gpu_total_us=3260 gpu_prepass_us=0 gpu_main_us=3260 gpu_composite_us=0 gpu_blit_us=0
frust_shell_common::perf: frust-perf raw n=390 total_us=10828 rebuild_us=366 layout_us=0 paint_us=137 encode_us=69 acquire_us=1842 submit_us=8412 skipped=0 gpu_q=1 gpu_total_us=3261 gpu_prepass_us=0 gpu_main_us=3261 gpu_composite_us=0 gpu_blit_us=0
frust_shell_common::perf: frust-perf raw n=391 total_us=9912 rebuild_us=276 layout_us=0 paint_us=160 encode_us=54 acquire_us=1730 submit_us=7691 skipped=0 gpu_q=1 gpu_total_us=3268 gpu_prepass_us=0 gpu_main_us=3268 gpu_composite_us=0 gpu_blit_us=0
frust_shell_common::perf: frust-perf raw n=392 total_us=11014 rebuild_us=342 layout_us=0 paint_us=119 encode_us=64 acquire_us=2693 submit_us=7793 skipped=0 gpu_q=1 gpu_total_us=3282 gpu_prepass_us=0 gpu_main_us=3282 gpu_composite_us=0 gpu_blit_us=0
frust_shell_common::perf: frust-perf raw n=393 total_us=10360 rebuild_us=277 layout_us=0 paint_us=127 encode_us=60 acquire_us=1803 submit_us=8091 skipped=0 gpu_q=1 gpu_total_us=5191 gpu_prepass_us=0 gpu_main_us=5191 gpu_composite_us=0 gpu_blit_us=0
frust_shell_common::perf: frust-perf raw n=394 total_us=7720 rebuild_us=973 layout_us=2 paint_us=438 encode_us=51 acquire_us=73 submit_us=6181 skipped=0 gpu_q=1 gpu_total_us=4964 gpu_prepass_us=0 gpu_main_us=4964 gpu_composite_us=0 gpu_blit_us=0
frust_shell_common::perf: frust-perf raw n=395 total_us=8034 rebuild_us=203 layout_us=0 paint_us=90 encode_us=53 acquire_us=1874 submit_us=5812 skipped=0 gpu_q=1 gpu_total_us=4956 gpu_prepass_us=0 gpu_main_us=4956 gpu_composite_us=0 gpu_blit_us=0
frust_shell_common::perf: frust-perf raw n=396 total_us=7748 rebuild_us=197 layout_us=0 paint_us=101 encode_us=50 acquire_us=1420 submit_us=5979 skipped=0 gpu_q=1 gpu_total_us=4967 gpu_prepass_us=0 gpu_main_us=4967 gpu_composite_us=0 gpu_blit_us=0
frust_shell_common::perf: frust-perf raw n=397 total_us=8655 rebuild_us=187 layout_us=0 paint_us=85 encode_us=41 acquire_us=2451 submit_us=5888 skipped=0 gpu_q=1 gpu_total_us=4956 gpu_prepass_us=0 gpu_main_us=4956 gpu_composite_us=0 gpu_blit_us=0
frust_shell_common::perf: frust-perf raw n=398 total_us=8362 rebuild_us=210 layout_us=0 paint_us=115 encode_us=60 acquire_us=2338 submit_us=5637 skipped=0 gpu_q=1 gpu_total_us=4944 gpu_prepass_us=0 gpu_main_us=4944 gpu_composite_us=0 gpu_blit_us=0
frust_shell_common::perf: frust-perf raw n=399 total_us=6038 rebuild_us=200 layout_us=0 paint_us=102 encode_us=62 acquire_us=1528 submit_us=4142 skipped=0 gpu_q=1 gpu_total_us=4972 gpu_prepass_us=0 gpu_main_us=4972 gpu_composite_us=0 gpu_blit_us=0
frust_shell_common::perf: frust-perf raw n=400 total_us=7312 rebuild_us=204 layout_us=0 paint_us=92 encode_us=52 acquire_us=2522 submit_us=4440 skipped=0 gpu_q=1 gpu_total_us=4940 gpu_prepass_us=0 gpu_main_us=4940 gpu_composite_us=0 gpu_blit_us=0
frust_shell_common::perf: frust-perf raw n=401 total_us=6399 rebuild_us=239 layout_us=0 paint_us=100 encode_us=54 acquire_us=1613 submit_us=4391 skipped=0 gpu_q=1 gpu_total_us=4959 gpu_prepass_us=0 gpu_main_us=4959 gpu_composite_us=0 gpu_blit_us=0
frust_shell_common::perf: frust-perf raw n=402 total_us=5671 rebuild_us=200 layout_us=0 paint_us=95 encode_us=59 acquire_us=1157 submit_us=4157 skipped=0 gpu_q=1 gpu_total_us=8844 gpu_prepass_us=448 gpu_main_us=8396 gpu_composite_us=0 gpu_blit_us=0
frust_shell_common::perf: frust-perf raw n=403 total_us=6601 rebuild_us=201 layout_us=0 paint_us=98 encode_us=63 acquire_us=1941 submit_us=4296 skipped=0 gpu_q=1 gpu_total_us=8428 gpu_prepass_us=0 gpu_main_us=8428 gpu_composite_us=0 gpu_blit_us=0
frust_shell_common::perf: frust-perf raw n=404 total_us=6906 rebuild_us=237 layout_us=0 paint_us=108 encode_us=53 acquire_us=2109 submit_us=4397 skipped=0 gpu_q=1 gpu_total_us=8412 gpu_prepass_us=0 gpu_main_us=8412 gpu_composite_us=0 gpu_blit_us=0
frust_shell_common::perf: frust-perf raw n=405 total_us=6095 rebuild_us=200 layout_us=0 paint_us=98 encode_us=52 acquire_us=1551 submit_us=4192 skipped=0 gpu_q=1 gpu_total_us=8762 gpu_prepass_us=0 gpu_main_us=8762 gpu_composite_us=0 gpu_blit_us=0
frust_shell_android::app::frame: frust-perf platform-view tail depth=0 target=0 acquire_bound=false frame=418 expected_present_us=0 acquire_us=1775 period_us=11149
frust_shell_common::perf: frust-perf raw n=406 total_us=6576 rebuild_us=202 layout_us=0 paint_us=95 encode_us=56 acquire_us=1749 submit_us=4471 skipped=0 gpu_q=1 gpu_total_us=8408 gpu_prepass_us=0 gpu_main_us=8408 gpu_composite_us=0 gpu_blit_us=0
frust_shell_common::perf: frust-perf raw n=407 total_us=7099 rebuild_us=203 layout_us=0 paint_us=98 encode_us=56 acquire_us=2328 submit_us=4411 skipped=0 gpu_q=1 gpu_total_us=8425 gpu_prepass_us=0 gpu_main_us=8425 gpu_composite_us=0 gpu_blit_us=0
frust_shell_common::perf: frust-perf raw n=408 total_us=5528 rebuild_us=201 layout_us=0 paint_us=94 encode_us=50 acquire_us=1069 submit_us=4113 skipped=0 gpu_q=1 gpu_total_us=8417 gpu_prepass_us=0 gpu_main_us=8417 gpu_composite_us=0 gpu_blit_us=0
frust_shell_common::perf: bench-scenario-start s3-create10k
frust_shell_common::perf: frust-perf raw n=409 total_us=9608 rebuild_us=4980 layout_us=200 paint_us=160 encode_us=64 acquire_us=99 submit_us=4102 skipped=0 gpu_q=1 gpu_total_us=8426 gpu_prepass_us=0 gpu_main_us=8426 gpu_composite_us=0 gpu_blit_us=0
frust_shell_common::perf: bench-scenario-end s3-create10k
frust_shell_common::perf: frust-perf raw n=410 total_us=6293 rebuild_us=485 layout_us=0 paint_us=137 encode_us=59 acquire_us=1242 submit_us=4367 skipped=0 gpu_q=1 gpu_total_us=8409 gpu_prepass_us=0 gpu_main_us=8409 gpu_composite_us=0 gpu_blit_us=0
frust_shell_common::perf: frust-perf raw n=411 total_us=5654 rebuild_us=226 layout_us=0 paint_us=99 encode_us=51 acquire_us=952 submit_us=4324 skipped=0 gpu_q=1 gpu_total_us=8410 gpu_prepass_us=0 gpu_main_us=8410 gpu_composite_us=0 gpu_blit_us=0
frust_shell_common::perf: frust-perf raw n=412 total_us=4958 rebuild_us=202 layout_us=0 paint_us=92 encode_us=56 acquire_us=870 submit_us=3736 skipped=0 gpu_q=1 gpu_total_us=8422 gpu_prepass_us=0 gpu_main_us=8422 gpu_composite_us=0 gpu_blit_us=0
frust_shell_common::perf: frust-perf raw n=413 total_us=5439 rebuild_us=205 layout_us=0 paint_us=99 encode_us=50 acquire_us=1431 submit_us=3651 skipped=0 gpu_q=1 gpu_total_us=7328 gpu_prepass_us=0 gpu_main_us=7328 gpu_composite_us=0 gpu_blit_us=0
frust_shell_common::perf: frust-perf raw n=414 total_us=7282 rebuild_us=190 layout_us=0 paint_us=90 encode_us=51 acquire_us=1659 submit_us=5289 skipped=0 gpu_q=1 gpu_total_us=7678 gpu_prepass_us=0 gpu_main_us=7678 gpu_composite_us=0 gpu_blit_us=0
frust_shell_common::perf: frust-perf raw n=415 total_us=6176 rebuild_us=200 layout_us=0 paint_us=99 encode_us=59 acquire_us=1593 submit_us=4223 skipped=0 gpu_q=1 gpu_total_us=7306 gpu_prepass_us=0 gpu_main_us=7306 gpu_composite_us=0 gpu_blit_us=0
frust_shell_common::perf: frust-perf raw n=416 total_us=4211 rebuild_us=183 layout_us=0 paint_us=77 encode_us=43 acquire_us=797 submit_us=3110 skipped=0 gpu_q=1 gpu_total_us=7293 gpu_prepass_us=0 gpu_main_us=7293 gpu_composite_us=0 gpu_blit_us=0
frust_shell_common::perf: frust-perf raw n=417 total_us=5768 rebuild_us=194 layout_us=0 paint_us=93 encode_us=49 acquire_us=1657 submit_us=3773 skipped=0 gpu_q=1 gpu_total_us=7311 gpu_prepass_us=0 gpu_main_us=7311 gpu_composite_us=0 gpu_blit_us=0
frust_shell_common::perf: frust-perf raw n=418 total_us=5010 rebuild_us=186 layout_us=0 paint_us=89 encode_us=50 acquire_us=1112 submit_us=3572 skipped=0 gpu_q=1 gpu_total_us=7257 gpu_prepass_us=0 gpu_main_us=7257 gpu_composite_us=0 gpu_blit_us=0
frust_shell_common::perf: frust-perf raw n=419 total_us=6507 rebuild_us=192 layout_us=0 paint_us=84 encode_us=54 acquire_us=1640 submit_us=4535 skipped=0 gpu_q=1 gpu_total_us=7296 gpu_prepass_us=0 gpu_main_us=7296 gpu_composite_us=0 gpu_blit_us=0
frust_shell_common::perf: frust-perf raw n=420 total_us=4945 rebuild_us=199 layout_us=0 paint_us=87 encode_us=52 acquire_us=1085 submit_us=3520 skipped=0 gpu_q=1 gpu_total_us=7302 gpu_prepass_us=0 gpu_main_us=7302 gpu_composite_us=0 gpu_blit_us=0
frust_shell_common::perf: frust-perf raw n=421 total_us=6253 rebuild_us=192 layout_us=0 paint_us=95 encode_us=51 acquire_us=1645 submit_us=4267 skipped=0 gpu_q=1 gpu_total_us=7299 gpu_prepass_us=0 gpu_main_us=7299 gpu_composite_us=0 gpu_blit_us=0
frust_shell_common::perf: frust-perf raw n=422 total_us=5424 rebuild_us=186 layout_us=0 paint_us=87 encode_us=47 acquire_us=1564 submit_us=3538 skipped=0 gpu_q=1 gpu_total_us=7284 gpu_prepass_us=0 gpu_main_us=7284 gpu_composite_us=0 gpu_blit_us=0
frust_shell_common::perf: frust-perf raw n=423 total_us=4955 rebuild_us=186 layout_us=0 paint_us=86 encode_us=53 acquire_us=1122 submit_us=3506 skipped=0 gpu_q=1 gpu_total_us=7640 gpu_prepass_us=0 gpu_main_us=7640 gpu_composite_us=0 gpu_blit_us=0
frust_shell_common::perf: frust-perf raw n=424 total_us=5960 rebuild_us=541 layout_us=0 paint_us=99 encode_us=54 acquire_us=956 submit_us=4307 skipped=0 gpu_q=1 gpu_total_us=7330 gpu_prepass_us=0 gpu_main_us=7330 gpu_composite_us=0 gpu_blit_us=0
frust_shell_common::perf: frust-perf raw n=425 total_us=7272 rebuild_us=224 layout_us=0 paint_us=96 encode_us=54 acquire_us=2654 submit_us=4242 skipped=0 gpu_q=1 gpu_total_us=7275 gpu_prepass_us=0 gpu_main_us=7275 gpu_composite_us=0 gpu_blit_us=0
frust_shell_common::perf: frust-perf raw n=426 total_us=4587 rebuild_us=186 layout_us=0 paint_us=87 encode_us=51 acquire_us=871 submit_us=3389 skipped=0 gpu_q=1 gpu_total_us=7301 gpu_prepass_us=0 gpu_main_us=7301 gpu_composite_us=0 gpu_blit_us=0
frust_shell_common::perf: frust-perf raw n=427 total_us=4497 rebuild_us=187 layout_us=0 paint_us=86 encode_us=49 acquire_us=71 submit_us=4102 skipped=0 gpu_q=1 gpu_total_us=7311 gpu_prepass_us=0 gpu_main_us=7311 gpu_composite_us=0 gpu_blit_us=0
frust_shell_common::perf: frust-perf raw n=428 total_us=5420 rebuild_us=590 layout_us=0 paint_us=129 encode_us=54 acquire_us=84 submit_us=4560 skipped=0 gpu_q=1 gpu_total_us=7309 gpu_prepass_us=0 gpu_main_us=7309 gpu_composite_us=0 gpu_blit_us=0
frust_shell_common::perf: bench-scenario-start s3-update
frust_shell_common::perf: frust-perf raw n=429 total_us=10277 rebuild_us=5416 layout_us=96 paint_us=150 encode_us=64 acquire_us=106 submit_us=4443 skipped=0 gpu_q=1 gpu_total_us=7275 gpu_prepass_us=0 gpu_main_us=7275 gpu_composite_us=0 gpu_blit_us=0
frust_shell_common::perf: bench-scenario-end s3-update
frust_shell_common::perf: frust-perf raw n=430 total_us=7807 rebuild_us=335 layout_us=0 paint_us=141 encode_us=134 acquire_us=1458 submit_us=5737 skipped=0 gpu_q=1 gpu_total_us=7265 gpu_prepass_us=0 gpu_main_us=7265 gpu_composite_us=0 gpu_blit_us=0
frust_shell_common::perf: frust-perf raw n=431 total_us=4930 rebuild_us=228 layout_us=0 paint_us=96 encode_us=51 acquire_us=71 submit_us=4482 skipped=0 gpu_q=1 gpu_total_us=7292 gpu_prepass_us=0 gpu_main_us=7292 gpu_composite_us=0 gpu_blit_us=0
frust_shell_common::perf: frust-perf raw n=432 total_us=5930 rebuild_us=238 layout_us=0 paint_us=101 encode_us=63 acquire_us=812 submit_us=4714 skipped=0 gpu_q=1 gpu_total_us=7681 gpu_prepass_us=0 gpu_main_us=7681 gpu_composite_us=0 gpu_blit_us=0
frust_shell_common::perf: frust-perf raw n=433 total_us=6038 rebuild_us=227 layout_us=0 paint_us=93 encode_us=53 acquire_us=1354 submit_us=4307 skipped=0 gpu_q=1 gpu_total_us=7400 gpu_prepass_us=0 gpu_main_us=7400 gpu_composite_us=0 gpu_blit_us=0
frust_shell_common::perf: frust-perf raw n=434 total_us=6431 rebuild_us=232 layout_us=0 paint_us=98 encode_us=56 acquire_us=971 submit_us=5072 skipped=0 gpu_q=1 gpu_total_us=7343 gpu_prepass_us=0 gpu_main_us=7343 gpu_composite_us=0 gpu_blit_us=0
frust_shell_common::perf: frust-perf raw n=435 total_us=6847 rebuild_us=218 layout_us=0 paint_us=90 encode_us=56 acquire_us=2102 submit_us=4379 skipped=0 gpu_q=1 gpu_total_us=5341 gpu_prepass_us=0 gpu_main_us=5341 gpu_composite_us=0 gpu_blit_us=0
frust_shell_common::perf: frust-perf raw n=436 total_us=6294 rebuild_us=265 layout_us=0 paint_us=99 encode_us=58 acquire_us=1298 submit_us=4571 skipped=0 gpu_q=1 gpu_total_us=5308 gpu_prepass_us=0 gpu_main_us=5308 gpu_composite_us=0 gpu_blit_us=0
frust_shell_common::perf: frust-perf raw n=437 total_us=5297 rebuild_us=199 layout_us=0 paint_us=86 encode_us=54 acquire_us=1496 submit_us=3459 skipped=0 gpu_q=1 gpu_total_us=5293 gpu_prepass_us=0 gpu_main_us=5293 gpu_composite_us=0 gpu_blit_us=0
frust_shell_common::perf: frust-perf raw n=438 total_us=8231 rebuild_us=199 layout_us=0 paint_us=92 encode_us=54 acquire_us=2099 submit_us=5785 skipped=0 gpu_q=1 gpu_total_us=5303 gpu_prepass_us=0 gpu_main_us=5303 gpu_composite_us=0 gpu_blit_us=0
frust_shell_common::perf: frust-perf raw n=439 total_us=5520 rebuild_us=214 layout_us=0 paint_us=95 encode_us=62 acquire_us=718 submit_us=4429 skipped=0 gpu_q=1 gpu_total_us=5298 gpu_prepass_us=0 gpu_main_us=5298 gpu_composite_us=0 gpu_blit_us=0
frust_shell_common::perf: frust-perf raw n=440 total_us=6697 rebuild_us=222 layout_us=0 paint_us=93 encode_us=52 acquire_us=1879 submit_us=4448 skipped=0 gpu_q=1 gpu_total_us=5296 gpu_prepass_us=0 gpu_main_us=5296 gpu_composite_us=0 gpu_blit_us=0
frust_shell_common::perf: frust-perf raw n=441 total_us=6146 rebuild_us=230 layout_us=0 paint_us=97 encode_us=51 acquire_us=1438 submit_us=4327 skipped=0 gpu_q=1 gpu_total_us=5308 gpu_prepass_us=0 gpu_main_us=5308 gpu_composite_us=0 gpu_blit_us=0
frust_shell_common::perf: frust-perf raw n=442 total_us=5651 rebuild_us=211 layout_us=0 paint_us=93 encode_us=57 acquire_us=1209 submit_us=4078 skipped=0 gpu_q=1 gpu_total_us=5275 gpu_prepass_us=0 gpu_main_us=5275 gpu_composite_us=0 gpu_blit_us=0
frust_shell_common::perf: frust-perf raw n=443 total_us=6867 rebuild_us=218 layout_us=0 paint_us=104 encode_us=55 acquire_us=2061 submit_us=4426 skipped=0 gpu_q=1 gpu_total_us=5337 gpu_prepass_us=0 gpu_main_us=5337 gpu_composite_us=0 gpu_blit_us=0
frust_shell_common::perf: frust-perf raw n=444 total_us=5709 rebuild_us=228 layout_us=0 paint_us=96 encode_us=55 acquire_us=1017 submit_us=4310 skipped=0 gpu_q=1 gpu_total_us=5299 gpu_prepass_us=0 gpu_main_us=5299 gpu_composite_us=0 gpu_blit_us=0
frust_shell_common::perf: frust-perf raw n=445 total_us=5995 rebuild_us=224 layout_us=0 paint_us=93 encode_us=59 acquire_us=1030 submit_us=4587 skipped=0 gpu_q=1 gpu_total_us=5301 gpu_prepass_us=0 gpu_main_us=5301 gpu_composite_us=0 gpu_blit_us=0
frust_shell_common::perf: frust-perf raw n=446 total_us=6400 rebuild_us=219 layout_us=0 paint_us=101 encode_us=52 acquire_us=1681 submit_us=4343 skipped=0 gpu_q=1 gpu_total_us=5313 gpu_prepass_us=0 gpu_main_us=5313 gpu_composite_us=0 gpu_blit_us=0
frust_shell_common::perf: frust-perf raw n=447 total_us=6152 rebuild_us=220 layout_us=0 paint_us=93 encode_us=101 acquire_us=1367 submit_us=4369 skipped=0 gpu_q=1 gpu_total_us=5301 gpu_prepass_us=0 gpu_main_us=5301 gpu_composite_us=0 gpu_blit_us=0
frust_shell_common::perf: frust-perf raw n=448 total_us=6078 rebuild_us=258 layout_us=0 paint_us=92 encode_us=53 acquire_us=1355 submit_us=4318 skipped=0 gpu_q=1 gpu_total_us=5308 gpu_prepass_us=0 gpu_main_us=5308 gpu_composite_us=0 gpu_blit_us=0
frust_shell_common::perf: bench-scenario-start s3-swap
frust_shell_common::perf: frust-perf raw n=449 total_us=8752 rebuild_us=3078 layout_us=68 paint_us=86 encode_us=57 acquire_us=88 submit_us=5372 skipped=0 gpu_q=1 gpu_total_us=5308 gpu_prepass_us=0 gpu_main_us=5308 gpu_composite_us=0 gpu_blit_us=0
frust_shell_common::perf: bench-scenario-end s3-swap
frust_shell_common::perf: frust-perf raw n=450 total_us=6643 rebuild_us=356 layout_us=0 paint_us=180 encode_us=52 acquire_us=1448 submit_us=4602 skipped=0 gpu_q=1 gpu_total_us=5309 gpu_prepass_us=0 gpu_main_us=5309 gpu_composite_us=0 gpu_blit_us=0
frust_shell_common::perf: frust-perf raw n=451 total_us=5213 rebuild_us=189 layout_us=0 paint_us=87 encode_us=51 acquire_us=1465 submit_us=3419 skipped=0 gpu_q=1 gpu_total_us=5311 gpu_prepass_us=0 gpu_main_us=5311 gpu_composite_us=0 gpu_blit_us=0
frust_shell_common::perf: frust-perf raw n=452 total_us=5306 rebuild_us=186 layout_us=0 paint_us=88 encode_us=53 acquire_us=1468 submit_us=3509 skipped=0 gpu_q=1 gpu_total_us=5299 gpu_prepass_us=0 gpu_main_us=5299 gpu_composite_us=0 gpu_blit_us=0
frust_shell_common::perf: frust-perf raw n=453 total_us=6118 rebuild_us=475 layout_us=0 paint_us=95 encode_us=53 acquire_us=1058 submit_us=4434 skipped=0 gpu_q=1 gpu_total_us=5736 gpu_prepass_us=314 gpu_main_us=5421 gpu_composite_us=0 gpu_blit_us=0
frust_shell_common::perf: frust-perf raw n=454 total_us=5006 rebuild_us=226 layout_us=0 paint_us=97 encode_us=53 acquire_us=412 submit_us=4216 skipped=0 gpu_q=1 gpu_total_us=5461 gpu_prepass_us=0 gpu_main_us=5461 gpu_composite_us=0 gpu_blit_us=0
frust_shell_common::perf: frust-perf raw n=455 total_us=5949 rebuild_us=219 layout_us=0 paint_us=101 encode_us=52 acquire_us=1040 submit_us=4534 skipped=0 gpu_q=1 gpu_total_us=5491 gpu_prepass_us=0 gpu_main_us=5491 gpu_composite_us=0 gpu_blit_us=0
frust_shell_common::perf: frust-perf raw n=456 total_us=6841 rebuild_us=219 layout_us=0 paint_us=98 encode_us=52 acquire_us=2002 submit_us=4469 skipped=0 gpu_q=1 gpu_total_us=5438 gpu_prepass_us=0 gpu_main_us=5438 gpu_composite_us=0 gpu_blit_us=0
frust_shell_common::perf: frust-perf raw n=457 total_us=5080 rebuild_us=219 layout_us=0 paint_us=97 encode_us=54 acquire_us=502 submit_us=4205 skipped=0 gpu_q=1 gpu_total_us=5435 gpu_prepass_us=0 gpu_main_us=5435 gpu_composite_us=0 gpu_blit_us=0
frust_shell_common::perf: frust-perf raw n=458 total_us=5993 rebuild_us=235 layout_us=0 paint_us=101 encode_us=51 acquire_us=1272 submit_us=4332 skipped=0 gpu_q=1 gpu_total_us=5439 gpu_prepass_us=0 gpu_main_us=5439 gpu_composite_us=0 gpu_blit_us=0
frust_shell_common::perf: frust-perf raw n=459 total_us=5924 rebuild_us=216 layout_us=0 paint_us=93 encode_us=55 acquire_us=1252 submit_us=4305 skipped=0 gpu_q=1 gpu_total_us=5455 gpu_prepass_us=0 gpu_main_us=5455 gpu_composite_us=0 gpu_blit_us=0
frust_shell_common::perf: frust-perf raw n=460 total_us=6439 rebuild_us=261 layout_us=0 paint_us=100 encode_us=60 acquire_us=1571 submit_us=4445 skipped=0 gpu_q=1 gpu_total_us=7504 gpu_prepass_us=0 gpu_main_us=7504 gpu_composite_us=0 gpu_blit_us=0
frust_shell_common::perf: frust-perf raw n=461 total_us=7059 rebuild_us=217 layout_us=0 paint_us=96 encode_us=55 acquire_us=2187 submit_us=4502 skipped=0 gpu_q=1 gpu_total_us=7500 gpu_prepass_us=0 gpu_main_us=7500 gpu_composite_us=0 gpu_blit_us=0
frust_shell_common::perf: frust-perf raw n=462 total_us=5106 rebuild_us=218 layout_us=0 paint_us=93 encode_us=51 acquire_us=690 submit_us=4051 skipped=0 gpu_q=1 gpu_total_us=7536 gpu_prepass_us=0 gpu_main_us=7536 gpu_composite_us=0 gpu_blit_us=0
frust_shell_common::perf: frust-perf raw n=463 total_us=5889 rebuild_us=219 layout_us=0 paint_us=92 encode_us=57 acquire_us=745 submit_us=4772 skipped=0 gpu_q=1 gpu_total_us=7528 gpu_prepass_us=0 gpu_main_us=7528 gpu_composite_us=0 gpu_blit_us=0
frust_shell_common::perf: frust-perf raw n=464 total_us=6085 rebuild_us=218 layout_us=0 paint_us=98 encode_us=52 acquire_us=1569 submit_us=4144 skipped=0 gpu_q=1 gpu_total_us=7516 gpu_prepass_us=0 gpu_main_us=7516 gpu_composite_us=0 gpu_blit_us=0
frust_shell_common::perf: frust-perf raw n=465 total_us=5766 rebuild_us=217 layout_us=0 paint_us=107 encode_us=52 acquire_us=755 submit_us=4632 skipped=0 gpu_q=1 gpu_total_us=7537 gpu_prepass_us=0 gpu_main_us=7537 gpu_composite_us=0 gpu_blit_us=0
frust_shell_common::perf: frust-perf raw n=466 total_us=5057 rebuild_us=215 layout_us=0 paint_us=93 encode_us=53 acquire_us=614 submit_us=4080 skipped=0 gpu_q=1 gpu_total_us=7507 gpu_prepass_us=0 gpu_main_us=7507 gpu_composite_us=0 gpu_blit_us=0
frust_shell_common::perf: frust-perf raw n=467 total_us=5147 rebuild_us=214 layout_us=0 paint_us=93 encode_us=52 acquire_us=795 submit_us=3990 skipped=0 gpu_q=1 gpu_total_us=7523 gpu_prepass_us=0 gpu_main_us=7523 gpu_composite_us=0 gpu_blit_us=0
frust_shell_common::perf: frust-perf raw n=468 total_us=7027 rebuild_us=240 layout_us=0 paint_us=103 encode_us=52 acquire_us=1866 submit_us=4763 skipped=0 gpu_q=1 gpu_total_us=7508 gpu_prepass_us=0 gpu_main_us=7508 gpu_composite_us=0 gpu_blit_us=0
frust_shell_common::perf: bench-scenario-start s3-clear
frust_shell_common::perf: frust-perf raw n=469 total_us=7840 rebuild_us=4856 layout_us=20 paint_us=26 encode_us=38 acquire_us=90 submit_us=2808 skipped=0 gpu_q=1 gpu_total_us=7514 gpu_prepass_us=0 gpu_main_us=7514 gpu_composite_us=0 gpu_blit_us=0
frust_shell_common::perf: bench-scenario-end s3-clear
frust_shell_common::perf: frust-perf raw n=470 total_us=4235 rebuild_us=141 layout_us=0 paint_us=29 encode_us=17 acquire_us=1664 submit_us=2382 skipped=0 gpu_q=1 gpu_total_us=7504 gpu_prepass_us=0 gpu_main_us=7504 gpu_composite_us=0 gpu_blit_us=0
frust_shell_common::perf: frust-perf raw n=471 total_us=4673 rebuild_us=99 layout_us=0 paint_us=31 encode_us=19 acquire_us=1907 submit_us=2614 skipped=0 gpu_q=1 gpu_total_us=7515 gpu_prepass_us=0 gpu_main_us=7515 gpu_composite_us=0 gpu_blit_us=0
frust_shell_common::perf: frust-perf raw n=472 total_us=4425 rebuild_us=92 layout_us=0 paint_us=30 encode_us=17 acquire_us=1831 submit_us=2453 skipped=0 gpu_q=1 gpu_total_us=7485 gpu_prepass_us=0 gpu_main_us=7485 gpu_composite_us=0 gpu_blit_us=0
frust_shell_common::perf: frust-perf raw n=473 total_us=2679 rebuild_us=94 layout_us=0 paint_us=28 encode_us=18 acquire_us=74 submit_us=2461 skipped=0 gpu_q=1 gpu_total_us=3250 gpu_prepass_us=0 gpu_main_us=3250 gpu_composite_us=0 gpu_blit_us=0
frust_shell_common::perf: frust-perf raw n=474 total_us=2728 rebuild_us=191 layout_us=0 paint_us=37 encode_us=18 acquire_us=76 submit_us=2403 skipped=0 gpu_q=1 gpu_total_us=3268 gpu_prepass_us=0 gpu_main_us=3268 gpu_composite_us=0 gpu_blit_us=0
frust_shell_common::perf: frust-perf raw n=475 total_us=4576 rebuild_us=115 layout_us=0 paint_us=39 encode_us=21 acquire_us=1767 submit_us=2632 skipped=0 gpu_q=1 gpu_total_us=3262 gpu_prepass_us=0 gpu_main_us=3262 gpu_composite_us=0 gpu_blit_us=0
frust_shell_common::perf: frust-perf raw n=476 total_us=4849 rebuild_us=97 layout_us=0 paint_us=31 encode_us=20 acquire_us=2044 submit_us=2654 skipped=0 gpu_q=1 gpu_total_us=3258 gpu_prepass_us=0 gpu_main_us=3258 gpu_composite_us=0 gpu_blit_us=0
frust_shell_common::perf: frust-perf raw n=477 total_us=4572 rebuild_us=144 layout_us=0 paint_us=32 encode_us=21 acquire_us=1731 submit_us=2641 skipped=0 gpu_q=1 gpu_total_us=3277 gpu_prepass_us=0 gpu_main_us=3277 gpu_composite_us=0 gpu_blit_us=0
frust_shell_common::perf: frust-perf raw n=478 total_us=5504 rebuild_us=98 layout_us=0 paint_us=31 encode_us=20 acquire_us=2668 submit_us=2684 skipped=0 gpu_q=1 gpu_total_us=3279 gpu_prepass_us=0 gpu_main_us=3279 gpu_composite_us=0 gpu_blit_us=0
frust_shell_common::perf: frust-perf raw n=479 total_us=5626 rebuild_us=96 layout_us=0 paint_us=31 encode_us=23 acquire_us=2759 submit_us=2714 skipped=0 gpu_q=1 gpu_total_us=3289 gpu_prepass_us=0 gpu_main_us=3289 gpu_composite_us=0 gpu_blit_us=0
frust_shell_common::perf: frust-perf raw n=480 total_us=4613 rebuild_us=155 layout_us=0 paint_us=32 encode_us=20 acquire_us=1752 submit_us=2652 skipped=0 gpu_q=1 gpu_total_us=3278 gpu_prepass_us=0 gpu_main_us=3278 gpu_composite_us=0 gpu_blit_us=0
frust_shell_common::perf: frust-perf raw n=481 total_us=4562 rebuild_us=99 layout_us=0 paint_us=31 encode_us=22 acquire_us=1744 submit_us=2664 skipped=0 gpu_q=1 gpu_total_us=3258 gpu_prepass_us=0 gpu_main_us=3258 gpu_composite_us=0 gpu_blit_us=0
frust_shell_common::perf: frust-perf raw n=482 total_us=4897 rebuild_us=96 layout_us=0 paint_us=31 encode_us=20 acquire_us=2022 submit_us=2725 skipped=0 gpu_q=1 gpu_total_us=3266 gpu_prepass_us=0 gpu_main_us=3266 gpu_composite_us=0 gpu_blit_us=0
frust_shell_common::perf: frust-perf raw n=483 total_us=5145 rebuild_us=110 layout_us=0 paint_us=35 encode_us=25 acquire_us=2100 submit_us=2874 skipped=0 gpu_q=1 gpu_total_us=3251 gpu_prepass_us=0 gpu_main_us=3251 gpu_composite_us=0 gpu_blit_us=0
frust_shell_common::perf: frust-perf raw n=484 total_us=4279 rebuild_us=99 layout_us=0 paint_us=31 encode_us=22 acquire_us=1402 submit_us=2722 skipped=0 gpu_q=1 gpu_total_us=3267 gpu_prepass_us=0 gpu_main_us=3267 gpu_composite_us=0 gpu_blit_us=0
frust_shell_common::perf: frust-perf raw n=485 total_us=5448 rebuild_us=98 layout_us=0 paint_us=32 encode_us=23 acquire_us=2638 submit_us=2655 skipped=0 gpu_q=1 gpu_total_us=3262 gpu_prepass_us=0 gpu_main_us=3262 gpu_composite_us=0 gpu_blit_us=0
frust_shell_common::perf: frust-perf raw n=486 total_us=5492 rebuild_us=96 layout_us=0 paint_us=32 encode_us=20 acquire_us=2697 submit_us=2645 skipped=0 gpu_q=1 gpu_total_us=3352 gpu_prepass_us=0 gpu_main_us=3352 gpu_composite_us=0 gpu_blit_us=0
frust_shell_common::perf: frust-perf raw n=487 total_us=4950 rebuild_us=105 layout_us=0 paint_us=31 encode_us=22 acquire_us=1396 submit_us=3393 skipped=0 gpu_q=1 gpu_total_us=3252 gpu_prepass_us=0 gpu_main_us=3252 gpu_composite_us=0 gpu_blit_us=0
frust_shell_common::perf: frust-perf raw n=488 total_us=4451 rebuild_us=96 layout_us=0 paint_us=32 encode_us=21 acquire_us=1729 submit_us=2571 skipped=0 gpu_q=1 gpu_total_us=3248 gpu_prepass_us=0 gpu_main_us=3248 gpu_composite_us=0 gpu_blit_us=0
frust_shell_common::perf: bench-scenario-start s3-create1k
frust_shell_common::perf: bench-scenario-end s3-create1k
frust_shell_common::perf: frust-perf raw n=489 total_us=11115 rebuild_us=882 layout_us=236 paint_us=206 encode_us=44 acquire_us=84 submit_us=9661 skipped=0 gpu_q=1 gpu_total_us=3261 gpu_prepass_us=0 gpu_main_us=3261 gpu_composite_us=0 gpu_blit_us=0
frust_shell_common::perf: frust-perf raw n=490 total_us=10577 rebuild_us=392 layout_us=0 paint_us=123 encode_us=57 acquire_us=1664 submit_us=8339 skipped=0 gpu_q=1 gpu_total_us=3262 gpu_prepass_us=0 gpu_main_us=3262 gpu_composite_us=0 gpu_blit_us=0
frust_shell_common::perf: frust-perf raw n=491 total_us=10347 rebuild_us=253 layout_us=0 paint_us=119 encode_us=54 acquire_us=1599 submit_us=8320 skipped=0 gpu_q=1 gpu_total_us=3263 gpu_prepass_us=0 gpu_main_us=3263 gpu_composite_us=0 gpu_blit_us=0
frust_shell_common::perf: frust-perf raw n=492 total_us=9365 rebuild_us=256 layout_us=0 paint_us=113 encode_us=53 acquire_us=1380 submit_us=7560 skipped=0 gpu_q=1 gpu_total_us=3270 gpu_prepass_us=0 gpu_main_us=3270 gpu_composite_us=0 gpu_blit_us=0
frust_shell_common::perf: frust-perf raw n=493 total_us=8747 rebuild_us=211 layout_us=0 paint_us=95 encode_us=50 acquire_us=1401 submit_us=6986 skipped=0 gpu_q=1 gpu_total_us=4954 gpu_prepass_us=0 gpu_main_us=4954 gpu_composite_us=0 gpu_blit_us=0
frust_shell_common::perf: frust-perf raw n=494 total_us=7045 rebuild_us=178 layout_us=0 paint_us=88 encode_us=41 acquire_us=894 submit_us=5841 skipped=0 gpu_q=1 gpu_total_us=4958 gpu_prepass_us=0 gpu_main_us=4958 gpu_composite_us=0 gpu_blit_us=0
frust_shell_common::perf: frust-perf raw n=495 total_us=7960 rebuild_us=181 layout_us=0 paint_us=84 encode_us=44 acquire_us=1588 submit_us=6059 skipped=0 gpu_q=1 gpu_total_us=4951 gpu_prepass_us=0 gpu_main_us=4951 gpu_composite_us=0 gpu_blit_us=0
frust_shell_common::perf: frust-perf raw n=496 total_us=9451 rebuild_us=226 layout_us=0 paint_us=120 encode_us=52 acquire_us=2853 submit_us=6197 skipped=0 gpu_q=1 gpu_total_us=4949 gpu_prepass_us=0 gpu_main_us=4949 gpu_composite_us=0 gpu_blit_us=0
frust_shell_common::perf: frust-perf raw n=497 total_us=7942 rebuild_us=204 layout_us=0 paint_us=94 encode_us=47 acquire_us=1757 submit_us=5837 skipped=0 gpu_q=1 gpu_total_us=4945 gpu_prepass_us=0 gpu_main_us=4945 gpu_composite_us=0 gpu_blit_us=0
frust_shell_common::perf: frust-perf raw n=498 total_us=4984 rebuild_us=178 layout_us=0 paint_us=83 encode_us=40 acquire_us=1367 submit_us=3314 skipped=0 gpu_q=1 gpu_total_us=4941 gpu_prepass_us=0 gpu_main_us=4941 gpu_composite_us=0 gpu_blit_us=0
frust_shell_common::perf: frust-perf raw n=499 total_us=4894 rebuild_us=180 layout_us=0 paint_us=83 encode_us=38 acquire_us=560 submit_us=4030 skipped=0 gpu_q=1 gpu_total_us=4962 gpu_prepass_us=0 gpu_main_us=4962 gpu_composite_us=0 gpu_blit_us=0
frust_shell_common::perf: frust-perf raw n=500 total_us=7812 rebuild_us=191 layout_us=0 paint_us=93 encode_us=51 acquire_us=3316 submit_us=4159 skipped=0 gpu_q=1 gpu_total_us=4939 gpu_prepass_us=0 gpu_main_us=4939 gpu_composite_us=0 gpu_blit_us=0
frust_shell_common::perf: frust-perf raw n=501 total_us=8265 rebuild_us=208 layout_us=0 paint_us=93 encode_us=50 acquire_us=2409 submit_us=5502 skipped=0 gpu_q=1 gpu_total_us=4950 gpu_prepass_us=0 gpu_main_us=4950 gpu_composite_us=0 gpu_blit_us=0
frust_shell_common::perf: frust-perf raw n=502 total_us=4754 rebuild_us=193 layout_us=0 paint_us=85 encode_us=55 acquire_us=862 submit_us=3556 skipped=0 gpu_q=1 gpu_total_us=8418 gpu_prepass_us=0 gpu_main_us=8418 gpu_composite_us=0 gpu_blit_us=0
frust_shell_common::perf: frust-perf raw n=503 total_us=4120 rebuild_us=183 layout_us=0 paint_us=86 encode_us=43 acquire_us=65 submit_us=3740 skipped=0 gpu_q=1 gpu_total_us=6102 gpu_prepass_us=0 gpu_main_us=6102 gpu_composite_us=0 gpu_blit_us=0
frust_shell_common::perf: frust-perf raw n=504 total_us=4504 rebuild_us=651 layout_us=0 paint_us=122 encode_us=45 acquire_us=68 submit_us=3615 skipped=0 gpu_q=1 gpu_total_us=6068 gpu_prepass_us=0 gpu_main_us=6068 gpu_composite_us=0 gpu_blit_us=0
frust_shell_common::perf: frust-perf raw n=505 total_us=5583 rebuild_us=290 layout_us=0 paint_us=121 encode_us=47 acquire_us=1303 submit_us=3819 skipped=0 gpu_q=1 gpu_total_us=6031 gpu_prepass_us=0 gpu_main_us=6031 gpu_composite_us=0 gpu_blit_us=0
frust_shell_common::perf: frust-perf raw n=506 total_us=6712 rebuild_us=182 layout_us=0 paint_us=96 encode_us=45 acquire_us=2370 submit_us=4016 skipped=0 gpu_q=1 gpu_total_us=6004 gpu_prepass_us=0 gpu_main_us=6004 gpu_composite_us=0 gpu_blit_us=0
frust_shell_common::perf: frust-perf raw n=507 total_us=6520 rebuild_us=216 layout_us=0 paint_us=85 encode_us=46 acquire_us=1804 submit_us=4367 skipped=0 gpu_q=1 gpu_total_us=6014 gpu_prepass_us=0 gpu_main_us=6014 gpu_composite_us=0 gpu_blit_us=0
frust_shell_common::perf: frust-perf raw n=508 total_us=5200 rebuild_us=184 layout_us=0 paint_us=84 encode_us=56 acquire_us=1349 submit_us=3526 skipped=0 gpu_q=1 gpu_total_us=5997 gpu_prepass_us=0 gpu_main_us=5997 gpu_composite_us=0 gpu_blit_us=0
frust_shell_common::perf: bench-scenario-start s3-create10k
frust_shell_common::perf: frust-perf raw n=509 total_us=9541 rebuild_us=4886 layout_us=190 paint_us=132 encode_us=62 acquire_us=99 submit_us=4171 skipped=0 gpu_q=1 gpu_total_us=6002 gpu_prepass_us=0 gpu_main_us=6002 gpu_composite_us=0 gpu_blit_us=0
frust_shell_common::perf: bench-scenario-end s3-create10k
frust_shell_common::perf: frust-perf raw n=510 total_us=5147 rebuild_us=645 layout_us=0 paint_us=123 encode_us=52 acquire_us=69 submit_us=4255 skipped=0 gpu_q=1 gpu_total_us=5988 gpu_prepass_us=0 gpu_main_us=5988 gpu_composite_us=0 gpu_blit_us=0
frust_shell_common::perf: frust-perf raw n=511 total_us=5044 rebuild_us=286 layout_us=0 paint_us=118 encode_us=48 acquire_us=592 submit_us=3997 skipped=0 gpu_q=1 gpu_total_us=6006 gpu_prepass_us=0 gpu_main_us=6006 gpu_composite_us=0 gpu_blit_us=0
frust_shell_common::perf: frust-perf raw n=512 total_us=6157 rebuild_us=188 layout_us=0 paint_us=86 encode_us=50 acquire_us=2368 submit_us=3463 skipped=0 gpu_q=1 gpu_total_us=6006 gpu_prepass_us=0 gpu_main_us=6006 gpu_composite_us=0 gpu_blit_us=0
frust_shell_common::perf: frust-perf raw n=513 total_us=5684 rebuild_us=183 layout_us=0 paint_us=87 encode_us=48 acquire_us=2005 submit_us=3357 skipped=0 gpu_q=1 gpu_total_us=5173 gpu_prepass_us=0 gpu_main_us=5173 gpu_composite_us=0 gpu_blit_us=0
frust_shell_common::perf: frust-perf raw n=514 total_us=5436 rebuild_us=213 layout_us=0 paint_us=96 encode_us=49 acquire_us=1147 submit_us=3928 skipped=0 gpu_q=1 gpu_total_us=5574 gpu_prepass_us=0 gpu_main_us=5574 gpu_composite_us=0 gpu_blit_us=0
frust_shell_common::perf: frust-perf raw n=515 total_us=4970 rebuild_us=185 layout_us=0 paint_us=91 encode_us=48 acquire_us=1251 submit_us=3392 skipped=0 gpu_q=1 gpu_total_us=5206 gpu_prepass_us=0 gpu_main_us=5206 gpu_composite_us=0 gpu_blit_us=0
frust_shell_common::perf: frust-perf raw n=516 total_us=4036 rebuild_us=186 layout_us=0 paint_us=84 encode_us=48 acquire_us=319 submit_us=3396 skipped=0 gpu_q=1 gpu_total_us=5202 gpu_prepass_us=0 gpu_main_us=5202 gpu_composite_us=0 gpu_blit_us=0
frust_shell_common::perf: frust-perf raw n=517 total_us=10799 rebuild_us=488 layout_us=0 paint_us=93 encode_us=139 acquire_us=127 submit_us=9950 skipped=0 gpu_q=1 gpu_total_us=5219 gpu_prepass_us=0 gpu_main_us=5219 gpu_composite_us=0 gpu_blit_us=0
frust_shell_common::perf: frust-perf raw n=518 total_us=5252 rebuild_us=211 layout_us=0 paint_us=92 encode_us=48 acquire_us=64 submit_us=4835 skipped=0 gpu_q=1 gpu_total_us=5212 gpu_prepass_us=0 gpu_main_us=5212 gpu_composite_us=0 gpu_blit_us=0
frust_shell_common::perf: frust-perf raw n=519 total_us=4936 rebuild_us=178 layout_us=0 paint_us=77 encode_us=57 acquire_us=79 submit_us=4543 skipped=0 gpu_q=1 gpu_total_us=5203 gpu_prepass_us=0 gpu_main_us=5203 gpu_composite_us=0 gpu_blit_us=0
frust_shell_common::perf: frust-perf raw n=520 total_us=5374 rebuild_us=190 layout_us=0 paint_us=84 encode_us=48 acquire_us=1700 submit_us=3350 skipped=0 gpu_q=1 gpu_total_us=5218 gpu_prepass_us=0 gpu_main_us=5218 gpu_composite_us=0 gpu_blit_us=0
frust_shell_common::perf: frust-perf raw n=521 total_us=6879 rebuild_us=224 layout_us=0 paint_us=95 encode_us=142 acquire_us=2068 submit_us=4348 skipped=0 gpu_q=1 gpu_total_us=5189 gpu_prepass_us=0 gpu_main_us=5189 gpu_composite_us=0 gpu_blit_us=0
frust_shell_common::perf: frust-perf raw n=522 total_us=5249 rebuild_us=221 layout_us=0 paint_us=97 encode_us=49 acquire_us=911 submit_us=3968 skipped=0 gpu_q=1 gpu_total_us=5190 gpu_prepass_us=0 gpu_main_us=5190 gpu_composite_us=0 gpu_blit_us=0
frust_shell_common::perf: frust-perf raw n=523 total_us=4578 rebuild_us=189 layout_us=0 paint_us=82 encode_us=49 acquire_us=969 submit_us=3287 skipped=0 gpu_q=1 gpu_total_us=5564 gpu_prepass_us=0 gpu_main_us=5564 gpu_composite_us=0 gpu_blit_us=0
frust_shell_common::perf: frust-perf raw n=524 total_us=3984 rebuild_us=174 layout_us=0 paint_us=76 encode_us=46 acquire_us=507 submit_us=3180 skipped=0 gpu_q=1 gpu_total_us=5216 gpu_prepass_us=0 gpu_main_us=5216 gpu_composite_us=0 gpu_blit_us=0
frust_shell_common::perf: frust-perf raw n=525 total_us=4552 rebuild_us=490 layout_us=0 paint_us=85 encode_us=47 acquire_us=67 submit_us=3859 skipped=0 gpu_q=1 gpu_total_us=5224 gpu_prepass_us=0 gpu_main_us=5224 gpu_composite_us=0 gpu_blit_us=0
frust_shell_android::app::frame: frust-perf platform-view tail depth=0 target=0 acquire_bound=false frame=538 expected_present_us=0 acquire_us=696 period_us=11133
frust_shell_common::perf: frust-perf raw n=526 total_us=6012 rebuild_us=191 layout_us=0 paint_us=86 encode_us=46 acquire_us=1652 submit_us=4034 skipped=0 gpu_q=1 gpu_total_us=5206 gpu_prepass_us=0 gpu_main_us=5206 gpu_composite_us=0 gpu_blit_us=0
frust_shell_common::perf: frust-perf raw n=527 total_us=5897 rebuild_us=308 layout_us=0 paint_us=98 encode_us=46 acquire_us=1234 submit_us=4208 skipped=0 gpu_q=1 gpu_total_us=5087 gpu_prepass_us=0 gpu_main_us=5087 gpu_composite_us=0 gpu_blit_us=0
frust_shell_common::perf: frust-perf raw n=528 total_us=5417 rebuild_us=197 layout_us=0 paint_us=87 encode_us=43 acquire_us=1118 submit_us=3970 skipped=0 gpu_q=1 gpu_total_us=5106 gpu_prepass_us=0 gpu_main_us=5106 gpu_composite_us=0 gpu_blit_us=0
frust_shell_common::perf: bench-scenario-start s3-update
frust_shell_common::perf: frust-perf raw n=529 total_us=8276 rebuild_us=3627 layout_us=72 paint_us=96 encode_us=53 acquire_us=85 submit_us=4341 skipped=0 gpu_q=1 gpu_total_us=5095 gpu_prepass_us=0 gpu_main_us=5095 gpu_composite_us=0 gpu_blit_us=0
frust_shell_common::perf: bench-scenario-end s3-update
frust_shell_common::perf: frust-perf raw n=530 total_us=6134 rebuild_us=347 layout_us=0 paint_us=116 encode_us=51 acquire_us=1066 submit_us=4550 skipped=0 gpu_q=1 gpu_total_us=7115 gpu_prepass_us=0 gpu_main_us=7115 gpu_composite_us=0 gpu_blit_us=0
frust_shell_common::perf: frust-perf raw n=531 total_us=5211 rebuild_us=214 layout_us=0 paint_us=93 encode_us=51 acquire_us=743 submit_us=4108 skipped=0 gpu_q=1 gpu_total_us=7117 gpu_prepass_us=0 gpu_main_us=7117 gpu_composite_us=0 gpu_blit_us=0
frust_shell_common::perf: frust-perf raw n=532 total_us=6037 rebuild_us=208 layout_us=0 paint_us=90 encode_us=52 acquire_us=1108 submit_us=4577 skipped=0 gpu_q=1 gpu_total_us=7684 gpu_prepass_us=0 gpu_main_us=7684 gpu_composite_us=0 gpu_blit_us=0
frust_shell_common::perf: frust-perf raw n=533 total_us=6756 rebuild_us=213 layout_us=0 paint_us=90 encode_us=52 acquire_us=1972 submit_us=4427 skipped=0 gpu_q=1 gpu_total_us=7230 gpu_prepass_us=0 gpu_main_us=7230 gpu_composite_us=0 gpu_blit_us=0
frust_shell_common::perf: frust-perf raw n=534 total_us=6359 rebuild_us=215 layout_us=0 paint_us=97 encode_us=49 acquire_us=1612 submit_us=4383 skipped=0 gpu_q=1 gpu_total_us=7259 gpu_prepass_us=0 gpu_main_us=7259 gpu_composite_us=0 gpu_blit_us=0
frust_shell_common::perf: frust-perf raw n=535 total_us=6780 rebuild_us=209 layout_us=0 paint_us=90 encode_us=51 acquire_us=1807 submit_us=4620 skipped=0 gpu_q=1 gpu_total_us=7280 gpu_prepass_us=0 gpu_main_us=7280 gpu_composite_us=0 gpu_blit_us=0
frust_shell_common::perf: frust-perf raw n=536 total_us=5731 rebuild_us=212 layout_us=0 paint_us=97 encode_us=51 acquire_us=1178 submit_us=4192 skipped=0 gpu_q=1 gpu_total_us=7247 gpu_prepass_us=0 gpu_main_us=7247 gpu_composite_us=0 gpu_blit_us=0
frust_shell_common::perf: frust-perf raw n=537 total_us=4471 rebuild_us=211 layout_us=0 paint_us=95 encode_us=55 acquire_us=76 submit_us=4031 skipped=0 gpu_q=1 gpu_total_us=7256 gpu_prepass_us=0 gpu_main_us=7256 gpu_composite_us=0 gpu_blit_us=0
frust_shell_common::perf: frust-perf raw n=538 total_us=5472 rebuild_us=285 layout_us=0 paint_us=117 encode_us=55 acquire_us=661 submit_us=4351 skipped=0 gpu_q=1 gpu_total_us=7254 gpu_prepass_us=0 gpu_main_us=7254 gpu_composite_us=0 gpu_blit_us=0
frust_shell_common::perf: frust-perf raw n=539 total_us=6280 rebuild_us=208 layout_us=0 paint_us=150 encode_us=51 acquire_us=1636 submit_us=4232 skipped=0 gpu_q=1 gpu_total_us=7265 gpu_prepass_us=0 gpu_main_us=7265 gpu_composite_us=0 gpu_blit_us=0
frust_shell_common::perf: frust-perf raw n=540 total_us=5113 rebuild_us=212 layout_us=0 paint_us=90 encode_us=47 acquire_us=741 submit_us=4021 skipped=0 gpu_q=1 gpu_total_us=7275 gpu_prepass_us=0 gpu_main_us=7275 gpu_composite_us=0 gpu_blit_us=0
frust_shell_common::perf: frust-perf raw n=541 total_us=5679 rebuild_us=232 layout_us=0 paint_us=102 encode_us=97 acquire_us=731 submit_us=4515 skipped=0 gpu_q=1 gpu_total_us=7563 gpu_prepass_us=0 gpu_main_us=7563 gpu_composite_us=0 gpu_blit_us=0
frust_shell_common::perf: frust-perf raw n=542 total_us=5736 rebuild_us=212 layout_us=0 paint_us=134 encode_us=50 acquire_us=1305 submit_us=4033 skipped=0 gpu_q=1 gpu_total_us=7253 gpu_prepass_us=0 gpu_main_us=7253 gpu_composite_us=0 gpu_blit_us=0
frust_shell_common::perf: frust-perf raw n=543 total_us=5303 rebuild_us=213 layout_us=0 paint_us=89 encode_us=49 acquire_us=890 submit_us=4059 skipped=0 gpu_q=1 gpu_total_us=7271 gpu_prepass_us=0 gpu_main_us=7271 gpu_composite_us=0 gpu_blit_us=0
frust_shell_common::perf: frust-perf raw n=544 total_us=6210 rebuild_us=229 layout_us=0 paint_us=96 encode_us=53 acquire_us=1331 submit_us=4498 skipped=0 gpu_q=1 gpu_total_us=7257 gpu_prepass_us=0 gpu_main_us=7257 gpu_composite_us=0 gpu_blit_us=0
frust_shell_common::perf: frust-perf raw n=545 total_us=6013 rebuild_us=214 layout_us=0 paint_us=92 encode_us=49 acquire_us=1286 submit_us=4369 skipped=0 gpu_q=1 gpu_total_us=7252 gpu_prepass_us=0 gpu_main_us=7252 gpu_composite_us=0 gpu_blit_us=0
frust_shell_common::perf: frust-perf raw n=546 total_us=6795 rebuild_us=212 layout_us=0 paint_us=91 encode_us=55 acquire_us=2047 submit_us=4388 skipped=0 gpu_q=1 gpu_total_us=7262 gpu_prepass_us=0 gpu_main_us=7262 gpu_composite_us=0 gpu_blit_us=0
frust_shell_common::perf: frust-perf raw n=547 total_us=5574 rebuild_us=234 layout_us=0 paint_us=96 encode_us=55 acquire_us=1205 submit_us=3981 skipped=0 gpu_q=1 gpu_total_us=7270 gpu_prepass_us=0 gpu_main_us=7270 gpu_composite_us=0 gpu_blit_us=0
frust_shell_common::perf: frust-perf raw n=548 total_us=6133 rebuild_us=208 layout_us=0 paint_us=91 encode_us=48 acquire_us=1376 submit_us=4407 skipped=0 gpu_q=1 gpu_total_us=7248 gpu_prepass_us=0 gpu_main_us=7248 gpu_composite_us=0 gpu_blit_us=0
frust_shell_common::perf: bench-scenario-start s3-swap
frust_shell_common::perf: frust-perf raw n=549 total_us=7904 rebuild_us=3199 layout_us=70 paint_us=85 encode_us=51 acquire_us=82 submit_us=4415 skipped=0 gpu_q=1 gpu_total_us=7255 gpu_prepass_us=0 gpu_main_us=7255 gpu_composite_us=0 gpu_blit_us=0
frust_shell_common::perf: bench-scenario-end s3-swap
frust_shell_common::perf: frust-perf raw n=550 total_us=6784 rebuild_us=375 layout_us=0 paint_us=120 encode_us=57 acquire_us=1715 submit_us=4513 skipped=0 gpu_q=1 gpu_total_us=7728 gpu_prepass_us=0 gpu_main_us=7728 gpu_composite_us=0 gpu_blit_us=0
frust_shell_common::perf: frust-perf raw n=551 total_us=6450 rebuild_us=271 layout_us=0 paint_us=92 encode_us=50 acquire_us=1752 submit_us=4283 skipped=0 gpu_q=1 gpu_total_us=7260 gpu_prepass_us=0 gpu_main_us=7260 gpu_composite_us=0 gpu_blit_us=0
frust_shell_common::perf: frust-perf raw n=552 total_us=4619 rebuild_us=185 layout_us=0 paint_us=82 encode_us=50 acquire_us=954 submit_us=3347 skipped=0 gpu_q=1 gpu_total_us=7250 gpu_prepass_us=0 gpu_main_us=7250 gpu_composite_us=0 gpu_blit_us=0
frust_shell_common::perf: frust-perf raw n=553 total_us=5805 rebuild_us=205 layout_us=0 paint_us=87 encode_us=51 acquire_us=2073 submit_us=3387 skipped=0 gpu_q=1 gpu_total_us=7430 gpu_prepass_us=0 gpu_main_us=7430 gpu_composite_us=0 gpu_blit_us=0
frust_shell_common::perf: frust-perf raw n=554 total_us=6882 rebuild_us=218 layout_us=0 paint_us=94 encode_us=52 acquire_us=2002 submit_us=4512 skipped=0 gpu_q=1 gpu_total_us=7428 gpu_prepass_us=0 gpu_main_us=7428 gpu_composite_us=0 gpu_blit_us=0
frust_shell_common::perf: frust-perf raw n=555 total_us=4697 rebuild_us=178 layout_us=0 paint_us=81 encode_us=49 acquire_us=1053 submit_us=3333 skipped=0 gpu_q=1 gpu_total_us=7442 gpu_prepass_us=0 gpu_main_us=7442 gpu_composite_us=0 gpu_blit_us=0
frust_shell_common::perf: frust-perf raw n=556 total_us=4441 rebuild_us=187 layout_us=0 paint_us=85 encode_us=127 acquire_us=693 submit_us=3347 skipped=0 gpu_q=1 gpu_total_us=7439 gpu_prepass_us=0 gpu_main_us=7439 gpu_composite_us=0 gpu_blit_us=0
frust_shell_common::perf: frust-perf raw n=557 total_us=4732 rebuild_us=490 layout_us=0 paint_us=90 encode_us=53 acquire_us=73 submit_us=4024 skipped=0 gpu_q=1 gpu_total_us=7445 gpu_prepass_us=0 gpu_main_us=7445 gpu_composite_us=0 gpu_blit_us=0
frust_shell_common::perf: frust-perf raw n=558 total_us=5859 rebuild_us=205 layout_us=0 paint_us=94 encode_us=139 acquire_us=1095 submit_us=4323 skipped=0 gpu_q=1 gpu_total_us=7448 gpu_prepass_us=0 gpu_main_us=7448 gpu_composite_us=0 gpu_blit_us=0
frust_shell_common::perf: frust-perf raw n=559 total_us=4462 rebuild_us=213 layout_us=0 paint_us=98 encode_us=53 acquire_us=75 submit_us=4022 skipped=0 gpu_q=1 gpu_total_us=7745 gpu_prepass_us=0 gpu_main_us=7745 gpu_composite_us=0 gpu_blit_us=0
frust_shell_common::perf: frust-perf raw n=560 total_us=5839 rebuild_us=218 layout_us=0 paint_us=92 encode_us=51 acquire_us=1182 submit_us=4295 skipped=0 gpu_q=1 gpu_total_us=7436 gpu_prepass_us=0 gpu_main_us=7436 gpu_composite_us=0 gpu_blit_us=0
frust_shell_common::perf: frust-perf raw n=561 total_us=7045 rebuild_us=233 layout_us=0 paint_us=96 encode_us=57 acquire_us=1983 submit_us=4673 skipped=0 gpu_q=1 gpu_total_us=7449 gpu_prepass_us=0 gpu_main_us=7449 gpu_composite_us=0 gpu_blit_us=0
frust_shell_common::perf: frust-perf raw n=562 total_us=4670 rebuild_us=209 layout_us=0 paint_us=96 encode_us=48 acquire_us=303 submit_us=4012 skipped=0 gpu_q=1 gpu_total_us=7437 gpu_prepass_us=0 gpu_main_us=7437 gpu_composite_us=0 gpu_blit_us=0
frust_shell_common::perf: frust-perf raw n=563 total_us=6401 rebuild_us=209 layout_us=0 paint_us=89 encode_us=66 acquire_us=1710 submit_us=4325 skipped=0 gpu_q=1 gpu_total_us=7444 gpu_prepass_us=0 gpu_main_us=7444 gpu_composite_us=0 gpu_blit_us=0
frust_shell_common::perf: frust-perf raw n=564 total_us=6372 rebuild_us=228 layout_us=0 paint_us=102 encode_us=48 acquire_us=1373 submit_us=4618 skipped=0 gpu_q=1 gpu_total_us=7432 gpu_prepass_us=0 gpu_main_us=7432 gpu_composite_us=0 gpu_blit_us=0
frust_shell_common::perf: frust-perf raw n=565 total_us=4968 rebuild_us=214 layout_us=0 paint_us=94 encode_us=51 acquire_us=638 submit_us=3967 skipped=0 gpu_q=1 gpu_total_us=7435 gpu_prepass_us=0 gpu_main_us=7435 gpu_composite_us=0 gpu_blit_us=0
frust_shell_common::perf: frust-perf raw n=566 total_us=5690 rebuild_us=210 layout_us=0 paint_us=89 encode_us=50 acquire_us=1323 submit_us=4014 skipped=0 gpu_q=1 gpu_total_us=7432 gpu_prepass_us=0 gpu_main_us=7432 gpu_composite_us=0 gpu_blit_us=0
frust_shell_common::perf: frust-perf raw n=567 total_us=6501 rebuild_us=231 layout_us=0 paint_us=100 encode_us=49 acquire_us=1349 submit_us=4769 skipped=0 gpu_q=1 gpu_total_us=7448 gpu_prepass_us=0 gpu_main_us=7448 gpu_composite_us=0 gpu_blit_us=0
frust_shell_common::perf: frust-perf raw n=568 total_us=6463 rebuild_us=210 layout_us=0 paint_us=96 encode_us=50 acquire_us=1804 submit_us=4300 skipped=0 gpu_q=1 gpu_total_us=7729 gpu_prepass_us=0 gpu_main_us=7729 gpu_composite_us=0 gpu_blit_us=0
frust_shell_common::perf: bench-scenario-start s3-clear
frust_shell_common::perf: frust-perf raw n=569 total_us=7145 rebuild_us=4239 layout_us=20 paint_us=25 encode_us=37 acquire_us=85 submit_us=2736 skipped=0 gpu_q=1 gpu_total_us=7432 gpu_prepass_us=0 gpu_main_us=7432 gpu_composite_us=0 gpu_blit_us=0
frust_shell_common::perf: bench-scenario-end s3-clear
frust_shell_common::perf: frust-perf raw n=570 total_us=5560 rebuild_us=174 layout_us=0 paint_us=37 encode_us=18 acquire_us=2876 submit_us=2453 skipped=0 gpu_q=1 gpu_total_us=7436 gpu_prepass_us=0 gpu_main_us=7436 gpu_composite_us=0 gpu_blit_us=0
frust_shell_common::perf: frust-perf raw n=571 total_us=4154 rebuild_us=147 layout_us=0 paint_us=30 encode_us=18 acquire_us=1479 submit_us=2478 skipped=0 gpu_q=1 gpu_total_us=7445 gpu_prepass_us=0 gpu_main_us=7445 gpu_composite_us=0 gpu_blit_us=0
frust_shell_common::perf: frust-perf raw n=572 total_us=4353 rebuild_us=87 layout_us=0 paint_us=28 encode_us=17 acquire_us=1596 submit_us=2622 skipped=0 gpu_q=1 gpu_total_us=7444 gpu_prepass_us=0 gpu_main_us=7444 gpu_composite_us=0 gpu_blit_us=0
frust_shell_common::perf: frust-perf raw n=573 total_us=4415 rebuild_us=95 layout_us=0 paint_us=31 encode_us=18 acquire_us=1605 submit_us=2664 skipped=0 gpu_q=1 gpu_total_us=3195 gpu_prepass_us=0 gpu_main_us=3195 gpu_composite_us=0 gpu_blit_us=0
frust_shell_common::perf: frust-perf raw n=574 total_us=4132 rebuild_us=153 layout_us=0 paint_us=31 encode_us=19 acquire_us=1257 submit_us=2669 skipped=0 gpu_q=1 gpu_total_us=3210 gpu_prepass_us=0 gpu_main_us=3210 gpu_composite_us=0 gpu_blit_us=0
frust_shell_common::perf: frust-perf raw n=575 total_us=4493 rebuild_us=94 layout_us=0 paint_us=31 encode_us=20 acquire_us=1754 submit_us=2591 skipped=0 gpu_q=1 gpu_total_us=3226 gpu_prepass_us=0 gpu_main_us=3226 gpu_composite_us=0 gpu_blit_us=0
frust_shell_common::perf: frust-perf raw n=576 total_us=4672 rebuild_us=93 layout_us=0 paint_us=31 encode_us=21 acquire_us=1728 submit_us=2797 skipped=0 gpu_q=1 gpu_total_us=3209 gpu_prepass_us=0 gpu_main_us=3209 gpu_composite_us=0 gpu_blit_us=0
frust_shell_common::perf: frust-perf raw n=577 total_us=4960 rebuild_us=95 layout_us=0 paint_us=68 encode_us=20 acquire_us=1876 submit_us=2899 skipped=0 gpu_q=1 gpu_total_us=3491 gpu_prepass_us=0 gpu_main_us=3491 gpu_composite_us=0 gpu_blit_us=0
frust_shell_common::perf: frust-perf raw n=578 total_us=4730 rebuild_us=95 layout_us=0 paint_us=30 encode_us=19 acquire_us=1923 submit_us=2660 skipped=0 gpu_q=1 gpu_total_us=3214 gpu_prepass_us=0 gpu_main_us=3214 gpu_composite_us=0 gpu_blit_us=0
frust_shell_common::perf: frust-perf raw n=579 total_us=4324 rebuild_us=98 layout_us=0 paint_us=30 encode_us=21 acquire_us=1490 submit_us=2682 skipped=0 gpu_q=1 gpu_total_us=3220 gpu_prepass_us=0 gpu_main_us=3220 gpu_composite_us=0 gpu_blit_us=0
frust_shell_common::perf: frust-perf raw n=580 total_us=4533 rebuild_us=146 layout_us=0 paint_us=31 encode_us=19 acquire_us=1722 submit_us=2612 skipped=0 gpu_q=1 gpu_total_us=3201 gpu_prepass_us=0 gpu_main_us=3201 gpu_composite_us=0 gpu_blit_us=0
frust_shell_common::perf: frust-perf raw n=581 total_us=4412 rebuild_us=93 layout_us=0 paint_us=30 encode_us=20 acquire_us=1665 submit_us=2601 skipped=0 gpu_q=1 gpu_total_us=3204 gpu_prepass_us=0 gpu_main_us=3204 gpu_composite_us=0 gpu_blit_us=0
frust_shell_common::perf: frust-perf raw n=582 total_us=4775 rebuild_us=94 layout_us=0 paint_us=30 encode_us=22 acquire_us=1973 submit_us=2653 skipped=0 gpu_q=1 gpu_total_us=3206 gpu_prepass_us=0 gpu_main_us=3206 gpu_composite_us=0 gpu_blit_us=0
frust_shell_common::perf: frust-perf raw n=583 total_us=4755 rebuild_us=98 layout_us=0 paint_us=31 encode_us=21 acquire_us=1972 submit_us=2631 skipped=0 gpu_q=1 gpu_total_us=3213 gpu_prepass_us=0 gpu_main_us=3213 gpu_composite_us=0 gpu_blit_us=0
frust_shell_common::perf: frust-perf raw n=584 total_us=4305 rebuild_us=93 layout_us=0 paint_us=30 encode_us=22 acquire_us=1584 submit_us=2574 skipped=0 gpu_q=1 gpu_total_us=3208 gpu_prepass_us=0 gpu_main_us=3208 gpu_composite_us=0 gpu_blit_us=0
frust_shell_common::perf: frust-perf raw n=585 total_us=4747 rebuild_us=93 layout_us=0 paint_us=30 encode_us=21 acquire_us=1930 submit_us=2671 skipped=0 gpu_q=1 gpu_total_us=3207 gpu_prepass_us=0 gpu_main_us=3207 gpu_composite_us=0 gpu_blit_us=0
frust_shell_common::perf: frust-perf raw n=586 total_us=4781 rebuild_us=93 layout_us=0 paint_us=30 encode_us=21 acquire_us=1844 submit_us=2790 skipped=0 gpu_q=1 gpu_total_us=3487 gpu_prepass_us=0 gpu_main_us=3487 gpu_composite_us=0 gpu_blit_us=0
frust_shell_common::perf: frust-perf raw n=587 total_us=4373 rebuild_us=101 layout_us=0 paint_us=30 encode_us=21 acquire_us=1610 submit_us=2608 skipped=0 gpu_q=1 gpu_total_us=3204 gpu_prepass_us=0 gpu_main_us=3204 gpu_composite_us=0 gpu_blit_us=0
frust_shell_common::perf: frust-perf raw n=588 total_us=5073 rebuild_us=95 layout_us=0 paint_us=30 encode_us=20 acquire_us=1879 submit_us=3046 skipped=0 gpu_q=1 gpu_total_us=3214 gpu_prepass_us=0 gpu_main_us=3214 gpu_composite_us=0 gpu_blit_us=0
frust_shell_common::perf: bench-scenario-start s3-create1k
frust_shell_common::perf: bench-scenario-end s3-create1k
frust_shell_common::perf: frust-perf raw n=589 total_us=15762 rebuild_us=4292 layout_us=876 paint_us=816 encode_us=45 acquire_us=87 submit_us=9643 skipped=0 gpu_q=1 gpu_total_us=3206 gpu_prepass_us=0 gpu_main_us=3206 gpu_composite_us=0 gpu_blit_us=0
frust_shell_common::perf: frust-perf raw n=590 total_us=8801 rebuild_us=303 layout_us=0 paint_us=110 encode_us=81 acquire_us=59 submit_us=8246 skipped=0 gpu_q=1 gpu_total_us=3210 gpu_prepass_us=0 gpu_main_us=3210 gpu_composite_us=0 gpu_blit_us=0
frust_shell_common::perf: frust-perf raw n=591 total_us=8744 rebuild_us=246 layout_us=0 paint_us=116 encode_us=56 acquire_us=48 submit_us=8275 skipped=0 gpu_q=1 gpu_total_us=3209 gpu_prepass_us=0 gpu_main_us=3209 gpu_composite_us=0 gpu_blit_us=0
frust_shell_common::perf: frust-perf raw n=592 total_us=8781 rebuild_us=762 layout_us=1 paint_us=531 encode_us=50 acquire_us=67 submit_us=7367 skipped=0 gpu_q=1 gpu_total_us=3298 gpu_prepass_us=0 gpu_main_us=3298 gpu_composite_us=0 gpu_blit_us=0
frust_shell_common::perf: frust-perf raw n=593 total_us=9965 rebuild_us=246 layout_us=0 paint_us=118 encode_us=47 acquire_us=1978 submit_us=7573 skipped=0 gpu_q=1 gpu_total_us=4903 gpu_prepass_us=0 gpu_main_us=4903 gpu_composite_us=0 gpu_blit_us=0
frust_shell_common::perf: frust-perf raw n=594 total_us=11245 rebuild_us=238 layout_us=0 paint_us=110 encode_us=53 acquire_us=3111 submit_us=7730 skipped=0 gpu_q=1 gpu_total_us=4997 gpu_prepass_us=0 gpu_main_us=4997 gpu_composite_us=0 gpu_blit_us=0
frust_shell_common::perf: frust-perf raw n=595 total_us=10166 rebuild_us=238 layout_us=0 paint_us=108 encode_us=58 acquire_us=2194 submit_us=7567 skipped=0 gpu_q=1 gpu_total_us=4921 gpu_prepass_us=0 gpu_main_us=4921 gpu_composite_us=0 gpu_blit_us=0
frust_shell_common::perf: frust-perf raw n=596 total_us=8369 rebuild_us=220 layout_us=0 paint_us=122 encode_us=53 acquire_us=1722 submit_us=6251 skipped=0 gpu_q=1 gpu_total_us=4924 gpu_prepass_us=0 gpu_main_us=4924 gpu_composite_us=0 gpu_blit_us=0
frust_shell_common::perf: frust-perf raw n=597 total_us=7393 rebuild_us=199 layout_us=0 paint_us=163 encode_us=43 acquire_us=1272 submit_us=5714 skipped=0 gpu_q=1 gpu_total_us=4910 gpu_prepass_us=0 gpu_main_us=4910 gpu_composite_us=0 gpu_blit_us=0
frust_shell_common::perf: frust-perf raw n=598 total_us=6634 rebuild_us=180 layout_us=0 paint_us=78 encode_us=44 acquire_us=1589 submit_us=4741 skipped=0 gpu_q=1 gpu_total_us=4911 gpu_prepass_us=0 gpu_main_us=4911 gpu_composite_us=0 gpu_blit_us=0
frust_shell_common::perf: frust-perf raw n=599 total_us=6501 rebuild_us=478 layout_us=0 paint_us=95 encode_us=86 acquire_us=1531 submit_us=4308 skipped=0 gpu_q=1 gpu_total_us=4893 gpu_prepass_us=0 gpu_main_us=4893 gpu_composite_us=0 gpu_blit_us=0
frust_shell_common::perf: frust-perf raw n=600 total_us=8385 rebuild_us=216 layout_us=0 paint_us=170 encode_us=58 acquire_us=3349 submit_us=4590 skipped=0 gpu_q=1 gpu_total_us=4889 gpu_prepass_us=0 gpu_main_us=4889 gpu_composite_us=0 gpu_blit_us=0
frust_shell_common::perf: frust-perf raw n=601 total_us=7938 rebuild_us=201 layout_us=0 paint_us=98 encode_us=56 acquire_us=2987 submit_us=4593 skipped=0 gpu_q=1 gpu_total_us=4895 gpu_prepass_us=0 gpu_main_us=4895 gpu_composite_us=0 gpu_blit_us=0
frust_shell_common::perf: frust-perf raw n=602 total_us=8290 rebuild_us=209 layout_us=0 paint_us=103 encode_us=58 acquire_us=3478 submit_us=4440 skipped=0 gpu_q=1 gpu_total_us=8779 gpu_prepass_us=458 gpu_main_us=8321 gpu_composite_us=0 gpu_blit_us=0
frust_shell_common::perf: frust-perf raw n=603 total_us=7623 rebuild_us=195 layout_us=0 paint_us=136 encode_us=51 acquire_us=2944 submit_us=4295 skipped=0 gpu_q=1 gpu_total_us=8324 gpu_prepass_us=0 gpu_main_us=8324 gpu_composite_us=0 gpu_blit_us=0
frust_shell_common::perf: frust-perf raw n=604 total_us=9008 rebuild_us=205 layout_us=0 paint_us=99 encode_us=54 acquire_us=4273 submit_us=4375 skipped=0 gpu_q=1 gpu_total_us=8697 gpu_prepass_us=0 gpu_main_us=8697 gpu_composite_us=0 gpu_blit_us=0
frust_shell_common::perf: frust-perf raw n=605 total_us=9290 rebuild_us=200 layout_us=0 paint_us=111 encode_us=58 acquire_us=4650 submit_us=4268 skipped=0 gpu_q=1 gpu_total_us=8310 gpu_prepass_us=0 gpu_main_us=8310 gpu_composite_us=0 gpu_blit_us=0
frust_shell_common::perf: frust-perf raw n=606 total_us=8693 rebuild_us=199 layout_us=0 paint_us=102 encode_us=60 acquire_us=3980 submit_us=4350 skipped=0 gpu_q=1 gpu_total_us=8306 gpu_prepass_us=0 gpu_main_us=8306 gpu_composite_us=0 gpu_blit_us=0
frust_shell_common::perf: frust-perf raw n=607 total_us=8926 rebuild_us=195 layout_us=0 paint_us=97 encode_us=57 acquire_us=4245 submit_us=4329 skipped=0 gpu_q=1 gpu_total_us=8338 gpu_prepass_us=0 gpu_main_us=8338 gpu_composite_us=0 gpu_blit_us=0
frust_shell_common::perf: frust-perf raw n=608 total_us=8583 rebuild_us=196 layout_us=0 paint_us=99 encode_us=60 acquire_us=3931 submit_us=4294 skipped=0 gpu_q=1 gpu_total_us=8388 gpu_prepass_us=0 gpu_main_us=8388 gpu_composite_us=0 gpu_blit_us=0
frust_shell_common::perf: bench-scenario-start s3-create10k
frust_shell_common::perf: frust-perf raw n=609 total_us=9238 rebuild_us=4983 layout_us=205 paint_us=154 encode_us=72 acquire_us=96 submit_us=3726 skipped=0 gpu_q=1 gpu_total_us=8316 gpu_prepass_us=0 gpu_main_us=8316 gpu_composite_us=0 gpu_blit_us=0
frust_shell_common::perf: bench-scenario-end s3-create10k
frust_shell_common::perf: frust-perf raw n=610 total_us=6603 rebuild_us=344 layout_us=0 paint_us=120 encode_us=41 acquire_us=1284 submit_us=4811 skipped=0 gpu_q=1 gpu_total_us=8408 gpu_prepass_us=0 gpu_main_us=8408 gpu_composite_us=0 gpu_blit_us=0
frust_shell_common::perf: frust-perf raw n=611 total_us=6887 rebuild_us=207 layout_us=0 paint_us=90 encode_us=47 acquire_us=2161 submit_us=4379 skipped=0 gpu_q=1 gpu_total_us=8359 gpu_prepass_us=0 gpu_main_us=8359 gpu_composite_us=0 gpu_blit_us=0
frust_shell_common::perf: frust-perf raw n=612 total_us=7555 rebuild_us=191 layout_us=0 paint_us=92 encode_us=47 acquire_us=3235 submit_us=3990 skipped=0 gpu_q=1 gpu_total_us=8317 gpu_prepass_us=0 gpu_main_us=8317 gpu_composite_us=0 gpu_blit_us=0
frust_shell_common::perf: frust-perf raw n=613 total_us=6620 rebuild_us=187 layout_us=0 paint_us=95 encode_us=52 acquire_us=2304 submit_us=3980 skipped=0 gpu_q=1 gpu_total_us=7689 gpu_prepass_us=0 gpu_main_us=7689 gpu_composite_us=0 gpu_blit_us=0
frust_shell_common::perf: frust-perf raw n=614 total_us=7367 rebuild_us=193 layout_us=0 paint_us=111 encode_us=49 acquire_us=2909 submit_us=4103 skipped=0 gpu_q=1 gpu_total_us=7198 gpu_prepass_us=0 gpu_main_us=7198 gpu_composite_us=0 gpu_blit_us=0
frust_shell_common::perf: frust-perf raw n=615 total_us=7287 rebuild_us=193 layout_us=0 paint_us=94 encode_us=53 acquire_us=2884 submit_us=4061 skipped=0 gpu_q=1 gpu_total_us=7183 gpu_prepass_us=0 gpu_main_us=7183 gpu_composite_us=0 gpu_blit_us=0
frust_shell_common::perf: frust-perf raw n=616 total_us=7006 rebuild_us=198 layout_us=0 paint_us=103 encode_us=51 acquire_us=2644 submit_us=4009 skipped=0 gpu_q=1 gpu_total_us=7200 gpu_prepass_us=0 gpu_main_us=7200 gpu_composite_us=0 gpu_blit_us=0
frust_shell_common::perf: frust-perf raw n=617 total_us=6694 rebuild_us=195 layout_us=0 paint_us=94 encode_us=53 acquire_us=2248 submit_us=4101 skipped=0 gpu_q=1 gpu_total_us=7220 gpu_prepass_us=0 gpu_main_us=7220 gpu_composite_us=0 gpu_blit_us=0
frust_shell_common::perf: frust-perf raw n=618 total_us=6794 rebuild_us=219 layout_us=0 paint_us=101 encode_us=57 acquire_us=2300 submit_us=4115 skipped=0 gpu_q=1 gpu_total_us=7211 gpu_prepass_us=0 gpu_main_us=7211 gpu_composite_us=0 gpu_blit_us=0
frust_shell_common::perf: frust-perf raw n=619 total_us=6834 rebuild_us=425 layout_us=0 paint_us=107 encode_us=53 acquire_us=2225 submit_us=4020 skipped=0 gpu_q=1 gpu_total_us=7208 gpu_prepass_us=0 gpu_main_us=7208 gpu_composite_us=0 gpu_blit_us=0
frust_shell_common::perf: frust-perf raw n=620 total_us=6345 rebuild_us=196 layout_us=0 paint_us=91 encode_us=47 acquire_us=1991 submit_us=4017 skipped=0 gpu_q=1 gpu_total_us=7196 gpu_prepass_us=0 gpu_main_us=7196 gpu_composite_us=0 gpu_blit_us=0
frust_shell_common::perf: frust-perf raw n=621 total_us=6766 rebuild_us=193 layout_us=0 paint_us=94 encode_us=55 acquire_us=2517 submit_us=3906 skipped=0 gpu_q=1 gpu_total_us=7232 gpu_prepass_us=0 gpu_main_us=7232 gpu_composite_us=0 gpu_blit_us=0
frust_shell_common::perf: frust-perf raw n=622 total_us=7653 rebuild_us=277 layout_us=0 paint_us=97 encode_us=53 acquire_us=3246 submit_us=3978 skipped=0 gpu_q=1 gpu_total_us=7205 gpu_prepass_us=0 gpu_main_us=7205 gpu_composite_us=0 gpu_blit_us=0
frust_shell_common::perf: frust-perf raw n=623 total_us=7057 rebuild_us=194 layout_us=0 paint_us=94 encode_us=48 acquire_us=2563 submit_us=4157 skipped=0 gpu_q=1 gpu_total_us=7682 gpu_prepass_us=0 gpu_main_us=7682 gpu_composite_us=0 gpu_blit_us=0
frust_shell_common::perf: frust-perf raw n=624 total_us=6415 rebuild_us=191 layout_us=0 paint_us=93 encode_us=49 acquire_us=2077 submit_us=4003 skipped=0 gpu_q=1 gpu_total_us=7226 gpu_prepass_us=0 gpu_main_us=7226 gpu_composite_us=0 gpu_blit_us=0
frust_shell_common::perf: frust-perf raw n=625 total_us=7750 rebuild_us=192 layout_us=0 paint_us=101 encode_us=49 acquire_us=3516 submit_us=3889 skipped=0 gpu_q=1 gpu_total_us=7203 gpu_prepass_us=0 gpu_main_us=7203 gpu_composite_us=0 gpu_blit_us=0
frust_shell_common::perf: frust-perf raw n=626 total_us=8113 rebuild_us=197 layout_us=0 paint_us=103 encode_us=51 acquire_us=3842 submit_us=3918 skipped=0 gpu_q=1 gpu_total_us=7194 gpu_prepass_us=0 gpu_main_us=7194 gpu_composite_us=0 gpu_blit_us=0
frust_shell_common::perf: frust-perf raw n=627 total_us=8211 rebuild_us=192 layout_us=0 paint_us=96 encode_us=50 acquire_us=3093 submit_us=4778 skipped=0 gpu_q=1 gpu_total_us=7194 gpu_prepass_us=0 gpu_main_us=7194 gpu_composite_us=0 gpu_blit_us=0
frust_shell_common::perf: frust-perf raw n=628 total_us=7281 rebuild_us=193 layout_us=0 paint_us=101 encode_us=54 acquire_us=2780 submit_us=4151 skipped=0 gpu_q=1 gpu_total_us=7218 gpu_prepass_us=0 gpu_main_us=7218 gpu_composite_us=0 gpu_blit_us=0
frust_shell_common::perf: frust-perf frame n=120 total_p50_ms=6 total_p95_ms=9 total_p99_ms=11 rebuild_p95_ms=0 layout_p95_ms=0 paint_p95_ms=0 encode_p95_ms=0 acquire_p95_ms=3 submit_p95_ms=7 over_60hz=2 over_120hz=95 skipped=0 total_frames=628
frust_shell_common::perf: bench-scenario-start s3-update
frust_shell_common::perf: frust-perf raw n=629 total_us=7923 rebuild_us=3455 layout_us=81 paint_us=116 encode_us=54 acquire_us=86 submit_us=4128 skipped=0 gpu_q=1 gpu_total_us=7193 gpu_prepass_us=0 gpu_main_us=7193 gpu_composite_us=0 gpu_blit_us=0
frust_shell_common::perf: bench-scenario-end s3-update
frust_shell_common::perf: frust-perf raw n=630 total_us=6771 rebuild_us=637 layout_us=0 paint_us=131 encode_us=60 acquire_us=1720 submit_us=4222 skipped=0 gpu_q=1 gpu_total_us=7209 gpu_prepass_us=0 gpu_main_us=7209 gpu_composite_us=0 gpu_blit_us=0
frust_shell_common::perf: frust-perf raw n=631 total_us=6417 rebuild_us=189 layout_us=0 paint_us=92 encode_us=49 acquire_us=2266 submit_us=3819 skipped=0 gpu_q=1 gpu_total_us=7203 gpu_prepass_us=0 gpu_main_us=7203 gpu_composite_us=0 gpu_blit_us=0
frust_shell_common::perf: frust-perf raw n=632 total_us=7256 rebuild_us=190 layout_us=0 paint_us=86 encode_us=46 acquire_us=1938 submit_us=4994 skipped=0 gpu_q=1 gpu_total_us=7675 gpu_prepass_us=0 gpu_main_us=7675 gpu_composite_us=0 gpu_blit_us=0
frust_shell_common::perf: frust-perf raw n=633 total_us=6903 rebuild_us=186 layout_us=0 paint_us=94 encode_us=48 acquire_us=2658 submit_us=3916 skipped=0 gpu_q=1 gpu_total_us=7222 gpu_prepass_us=0 gpu_main_us=7222 gpu_composite_us=0 gpu_blit_us=0
frust_shell_common::perf: frust-perf raw n=634 total_us=6185 rebuild_us=187 layout_us=0 paint_us=92 encode_us=46 acquire_us=1965 submit_us=3892 skipped=0 gpu_q=1 gpu_total_us=7227 gpu_prepass_us=0 gpu_main_us=7227 gpu_composite_us=0 gpu_blit_us=0
frust_shell_common::perf: frust-perf raw n=635 total_us=6728 rebuild_us=180 layout_us=0 paint_us=85 encode_us=46 acquire_us=2138 submit_us=4277 skipped=0 gpu_q=1 gpu_total_us=7257 gpu_prepass_us=0 gpu_main_us=7257 gpu_composite_us=0 gpu_blit_us=0
frust_shell_common::perf: frust-perf raw n=636 total_us=5646 rebuild_us=192 layout_us=0 paint_us=89 encode_us=47 acquire_us=1369 submit_us=3948 skipped=0 gpu_q=1 gpu_total_us=7243 gpu_prepass_us=0 gpu_main_us=7243 gpu_composite_us=0 gpu_blit_us=0
frust_shell_common::perf: frust-perf raw n=637 total_us=5234 rebuild_us=192 layout_us=0 paint_us=87 encode_us=49 acquire_us=1370 submit_us=3533 skipped=0 gpu_q=1 gpu_total_us=7241 gpu_prepass_us=0 gpu_main_us=7241 gpu_composite_us=0 gpu_blit_us=0
frust_shell_common::perf: frust-perf raw n=638 total_us=5902 rebuild_us=204 layout_us=0 paint_us=92 encode_us=48 acquire_us=1990 submit_us=3566 skipped=0 gpu_q=1 gpu_total_us=7265 gpu_prepass_us=0 gpu_main_us=7265 gpu_composite_us=0 gpu_blit_us=0
frust_shell_common::perf: frust-perf raw n=639 total_us=4941 rebuild_us=187 layout_us=0 paint_us=93 encode_us=55 acquire_us=1038 submit_us=3565 skipped=0 gpu_q=1 gpu_total_us=7243 gpu_prepass_us=0 gpu_main_us=7243 gpu_composite_us=0 gpu_blit_us=0
frust_shell_common::perf: frust-perf raw n=640 total_us=6653 rebuild_us=192 layout_us=0 paint_us=86 encode_us=49 acquire_us=1533 submit_us=4791 skipped=0 gpu_q=1 gpu_total_us=7277 gpu_prepass_us=0 gpu_main_us=7277 gpu_composite_us=0 gpu_blit_us=0
frust_shell_common::perf: frust-perf raw n=641 total_us=5580 rebuild_us=203 layout_us=0 paint_us=86 encode_us=46 acquire_us=1686 submit_us=3556 skipped=0 gpu_q=1 gpu_total_us=7710 gpu_prepass_us=0 gpu_main_us=7710 gpu_composite_us=0 gpu_blit_us=0
frust_shell_common::perf: frust-perf raw n=642 total_us=5472 rebuild_us=189 layout_us=0 paint_us=87 encode_us=52 acquire_us=1605 submit_us=3537 skipped=0 gpu_q=1 gpu_total_us=7253 gpu_prepass_us=0 gpu_main_us=7253 gpu_composite_us=0 gpu_blit_us=0
frust_shell_common::perf: frust-perf raw n=643 total_us=5547 rebuild_us=182 layout_us=0 paint_us=87 encode_us=52 acquire_us=1318 submit_us=3906 skipped=0 gpu_q=1 gpu_total_us=7254 gpu_prepass_us=0 gpu_main_us=7254 gpu_composite_us=0 gpu_blit_us=0
frust_shell_common::perf: frust-perf raw n=644 total_us=5383 rebuild_us=190 layout_us=0 paint_us=88 encode_us=55 acquire_us=1591 submit_us=3457 skipped=0 gpu_q=1 gpu_total_us=7239 gpu_prepass_us=0 gpu_main_us=7239 gpu_composite_us=0 gpu_blit_us=0
frust_shell_common::perf: frust-perf raw n=645 total_us=6880 rebuild_us=199 layout_us=0 paint_us=90 encode_us=55 acquire_us=2233 submit_us=4302 skipped=0 gpu_q=1 gpu_total_us=7247 gpu_prepass_us=0 gpu_main_us=7247 gpu_composite_us=0 gpu_blit_us=0
frust_shell_android::app::frame: frust-perf platform-view tail depth=0 target=0 acquire_bound=false frame=658 expected_present_us=0 acquire_us=1729 period_us=11127
frust_shell_common::perf: frust-perf raw n=646 total_us=5386 rebuild_us=191 layout_us=0 paint_us=90 encode_us=50 acquire_us=1610 submit_us=3442 skipped=0 gpu_q=1 gpu_total_us=7228 gpu_prepass_us=0 gpu_main_us=7228 gpu_composite_us=0 gpu_blit_us=0
frust_shell_common::perf: frust-perf raw n=647 total_us=6163 rebuild_us=187 layout_us=0 paint_us=93 encode_us=51 acquire_us=2053 submit_us=3776 skipped=0 gpu_q=1 gpu_total_us=7250 gpu_prepass_us=0 gpu_main_us=7250 gpu_composite_us=0 gpu_blit_us=0
frust_shell_common::perf: frust-perf raw n=648 total_us=5528 rebuild_us=461 layout_us=0 paint_us=107 encode_us=52 acquire_us=533 submit_us=4373 skipped=0 gpu_q=1 gpu_total_us=7248 gpu_prepass_us=0 gpu_main_us=7248 gpu_composite_us=0 gpu_blit_us=0
frust_shell_common::perf: bench-scenario-start s3-swap
frust_shell_common::perf: frust-perf raw n=649 total_us=8897 rebuild_us=2962 layout_us=68 paint_us=83 encode_us=52 acquire_us=85 submit_us=5644 skipped=0 gpu_q=1 gpu_total_us=7233 gpu_prepass_us=0 gpu_main_us=7233 gpu_composite_us=0 gpu_blit_us=0
frust_shell_common::perf: bench-scenario-end s3-swap
frust_shell_common::perf: frust-perf raw n=650 total_us=5024 rebuild_us=239 layout_us=0 paint_us=144 encode_us=51 acquire_us=1040 submit_us=3547 skipped=0 gpu_q=1 gpu_total_us=7714 gpu_prepass_us=0 gpu_main_us=7714 gpu_composite_us=0 gpu_blit_us=0
frust_shell_common::perf: frust-perf raw n=651 total_us=5753 rebuild_us=195 layout_us=0 paint_us=89 encode_us=51 acquire_us=1597 submit_us=3820 skipped=0 gpu_q=1 gpu_total_us=7247 gpu_prepass_us=0 gpu_main_us=7247 gpu_composite_us=0 gpu_blit_us=0
frust_shell_common::perf: frust-perf raw n=652 total_us=6073 rebuild_us=189 layout_us=0 paint_us=88 encode_us=51 acquire_us=1909 submit_us=3834 skipped=0 gpu_q=1 gpu_total_us=7255 gpu_prepass_us=0 gpu_main_us=7255 gpu_composite_us=0 gpu_blit_us=0
frust_shell_common::perf: frust-perf raw n=653 total_us=5612 rebuild_us=185 layout_us=0 paint_us=86 encode_us=57 acquire_us=1474 submit_us=3807 skipped=0 gpu_q=1 gpu_total_us=7784 gpu_prepass_us=375 gpu_main_us=7409 gpu_composite_us=0 gpu_blit_us=0
frust_shell_common::perf: frust-perf raw n=654 total_us=5769 rebuild_us=190 layout_us=0 paint_us=89 encode_us=54 acquire_us=1547 submit_us=3886 skipped=0 gpu_q=1 gpu_total_us=7448 gpu_prepass_us=0 gpu_main_us=7448 gpu_composite_us=0 gpu_blit_us=0
frust_shell_common::perf: frust-perf raw n=655 total_us=6664 rebuild_us=197 layout_us=0 paint_us=89 encode_us=58 acquire_us=2346 submit_us=3972 skipped=0 gpu_q=1 gpu_total_us=7421 gpu_prepass_us=0 gpu_main_us=7421 gpu_composite_us=0 gpu_blit_us=0
frust_shell_common::perf: frust-perf raw n=656 total_us=5845 rebuild_us=193 layout_us=0 paint_us=139 encode_us=51 acquire_us=1673 submit_us=3786 skipped=0 gpu_q=1 gpu_total_us=7426 gpu_prepass_us=0 gpu_main_us=7426 gpu_composite_us=0 gpu_blit_us=0
frust_shell_common::perf: frust-perf raw n=657 total_us=7524 rebuild_us=191 layout_us=0 paint_us=89 encode_us=51 acquire_us=2475 submit_us=4715 skipped=0 gpu_q=1 gpu_total_us=7430 gpu_prepass_us=0 gpu_main_us=7430 gpu_composite_us=0 gpu_blit_us=0
frust_shell_common::perf: frust-perf raw n=658 total_us=6168 rebuild_us=192 layout_us=0 paint_us=88 encode_us=48 acquire_us=1981 submit_us=3857 skipped=0 gpu_q=1 gpu_total_us=7430 gpu_prepass_us=0 gpu_main_us=7430 gpu_composite_us=0 gpu_blit_us=0
frust_shell_common::perf: frust-perf raw n=659 total_us=4989 rebuild_us=193 layout_us=0 paint_us=95 encode_us=59 acquire_us=1079 submit_us=3561 skipped=0 gpu_q=1 gpu_total_us=7915 gpu_prepass_us=0 gpu_main_us=7915 gpu_composite_us=0 gpu_blit_us=0
frust_shell_common::perf: frust-perf raw n=660 total_us=5293 rebuild_us=188 layout_us=0 paint_us=94 encode_us=52 acquire_us=1408 submit_us=3550 skipped=0 gpu_q=1 gpu_total_us=7443 gpu_prepass_us=0 gpu_main_us=7443 gpu_composite_us=0 gpu_blit_us=0
frust_shell_common::perf: frust-perf raw n=661 total_us=5054 rebuild_us=191 layout_us=0 paint_us=87 encode_us=57 acquire_us=1236 submit_us=3480 skipped=0 gpu_q=1 gpu_total_us=7414 gpu_prepass_us=0 gpu_main_us=7414 gpu_composite_us=0 gpu_blit_us=0
frust_shell_common::perf: frust-perf raw n=662 total_us=5602 rebuild_us=222 layout_us=0 paint_us=168 encode_us=54 acquire_us=1174 submit_us=3981 skipped=0 gpu_q=1 gpu_total_us=7429 gpu_prepass_us=0 gpu_main_us=7429 gpu_composite_us=0 gpu_blit_us=0
frust_shell_common::perf: frust-perf raw n=663 total_us=6301 rebuild_us=194 layout_us=0 paint_us=90 encode_us=53 acquire_us=2262 submit_us=3700 skipped=0 gpu_q=1 gpu_total_us=7449 gpu_prepass_us=0 gpu_main_us=7449 gpu_composite_us=0 gpu_blit_us=0
frust_shell_common::perf: frust-perf raw n=664 total_us=6589 rebuild_us=183 layout_us=0 paint_us=86 encode_us=56 acquire_us=1853 submit_us=4408 skipped=0 gpu_q=1 gpu_total_us=7447 gpu_prepass_us=0 gpu_main_us=7447 gpu_composite_us=0 gpu_blit_us=0
frust_shell_common::perf: frust-perf raw n=665 total_us=5844 rebuild_us=190 layout_us=0 paint_us=92 encode_us=51 acquire_us=1847 submit_us=3662 skipped=0 gpu_q=1 gpu_total_us=7428 gpu_prepass_us=0 gpu_main_us=7428 gpu_composite_us=0 gpu_blit_us=0
frust_shell_common::perf: frust-perf raw n=666 total_us=5879 rebuild_us=193 layout_us=0 paint_us=92 encode_us=54 acquire_us=1632 submit_us=3906 skipped=0 gpu_q=1 gpu_total_us=7455 gpu_prepass_us=0 gpu_main_us=7455 gpu_composite_us=0 gpu_blit_us=0
frust_shell_common::perf: frust-perf raw n=667 total_us=4797 rebuild_us=488 layout_us=0 paint_us=100 encode_us=57 acquire_us=590 submit_us=3560 skipped=0 gpu_q=1 gpu_total_us=7472 gpu_prepass_us=0 gpu_main_us=7472 gpu_composite_us=0 gpu_blit_us=0
frust_shell_common::perf: frust-perf raw n=668 total_us=5699 rebuild_us=193 layout_us=0 paint_us=93 encode_us=51 acquire_us=1789 submit_us=3570 skipped=0 gpu_q=1 gpu_total_us=7897 gpu_prepass_us=0 gpu_main_us=7897 gpu_composite_us=0 gpu_blit_us=0
frust_shell_common::perf: bench-scenario-start s3-clear
frust_shell_common::perf: frust-perf raw n=669 total_us=6774 rebuild_us=3776 layout_us=19 paint_us=23 encode_us=37 acquire_us=90 submit_us=2826 skipped=0 gpu_q=1 gpu_total_us=7433 gpu_prepass_us=0 gpu_main_us=7433 gpu_composite_us=0 gpu_blit_us=0
frust_shell_common::perf: bench-scenario-end s3-clear
frust_shell_common::perf: frust-perf raw n=670 total_us=3745 rebuild_us=298 layout_us=1 paint_us=109 encode_us=19 acquire_us=790 submit_us=2525 skipped=0 gpu_q=1 gpu_total_us=7436 gpu_prepass_us=0 gpu_main_us=7436 gpu_composite_us=0 gpu_blit_us=0
frust_shell_common::perf: frust-perf raw n=671 total_us=4552 rebuild_us=88 layout_us=0 paint_us=28 encode_us=18 acquire_us=2155 submit_us=2261 skipped=0 gpu_q=1 gpu_total_us=7445 gpu_prepass_us=0 gpu_main_us=7445 gpu_composite_us=0 gpu_blit_us=0
frust_shell_common::perf: frust-perf raw n=672 total_us=3765 rebuild_us=86 layout_us=0 paint_us=27 encode_us=18 acquire_us=1285 submit_us=2347 skipped=0 gpu_q=1 gpu_total_us=7430 gpu_prepass_us=0 gpu_main_us=7430 gpu_composite_us=0 gpu_blit_us=0
frust_shell_common::perf: frust-perf raw n=673 total_us=3966 rebuild_us=177 layout_us=1 paint_us=63 encode_us=19 acquire_us=1061 submit_us=2644 skipped=0 gpu_q=1 gpu_total_us=3192 gpu_prepass_us=0 gpu_main_us=3192 gpu_composite_us=0 gpu_blit_us=0
frust_shell_common::perf: frust-perf raw n=674 total_us=4461 rebuild_us=94 layout_us=0 paint_us=30 encode_us=20 acquire_us=1788 submit_us=2527 skipped=0 gpu_q=1 gpu_total_us=3207 gpu_prepass_us=0 gpu_main_us=3207 gpu_composite_us=0 gpu_blit_us=0
frust_shell_common::perf: frust-perf raw n=675 total_us=4208 rebuild_us=93 layout_us=0 paint_us=30 encode_us=17 acquire_us=1423 submit_us=2641 skipped=0 gpu_q=1 gpu_total_us=3220 gpu_prepass_us=0 gpu_main_us=3220 gpu_composite_us=0 gpu_blit_us=0
frust_shell_common::perf: frust-perf raw n=676 total_us=6067 rebuild_us=117 layout_us=0 paint_us=38 encode_us=21 acquire_us=2452 submit_us=3436 skipped=0 gpu_q=1 gpu_total_us=3217 gpu_prepass_us=0 gpu_main_us=3217 gpu_composite_us=0 gpu_blit_us=0
frust_shell_common::perf: frust-perf raw n=677 total_us=4490 rebuild_us=105 layout_us=0 paint_us=31 encode_us=16 acquire_us=1653 submit_us=2682 skipped=0 gpu_q=1 gpu_total_us=3488 gpu_prepass_us=0 gpu_main_us=3488 gpu_composite_us=0 gpu_blit_us=0
frust_shell_common::perf: frust-perf raw n=678 total_us=4693 rebuild_us=110 layout_us=0 paint_us=38 encode_us=22 acquire_us=1881 submit_us=2641 skipped=0 gpu_q=1 gpu_total_us=3203 gpu_prepass_us=0 gpu_main_us=3203 gpu_composite_us=0 gpu_blit_us=0
frust_shell_common::perf: frust-perf raw n=679 total_us=5684 rebuild_us=96 layout_us=0 paint_us=31 encode_us=19 acquire_us=2868 submit_us=2667 skipped=0 gpu_q=1 gpu_total_us=3457 gpu_prepass_us=0 gpu_main_us=3457 gpu_composite_us=0 gpu_blit_us=0
frust_shell_common::perf: frust-perf raw n=680 total_us=3993 rebuild_us=95 layout_us=0 paint_us=31 encode_us=22 acquire_us=1182 submit_us=2661 skipped=0 gpu_q=1 gpu_total_us=3338 gpu_prepass_us=0 gpu_main_us=3338 gpu_composite_us=0 gpu_blit_us=0
frust_shell_common::perf: frust-perf raw n=681 total_us=5296 rebuild_us=96 layout_us=0 paint_us=32 encode_us=21 acquire_us=2518 submit_us=2627 skipped=0 gpu_q=1 gpu_total_us=3221 gpu_prepass_us=0 gpu_main_us=3221 gpu_composite_us=0 gpu_blit_us=0
frust_shell_common::perf: frust-perf raw n=682 total_us=4998 rebuild_us=95 layout_us=0 paint_us=32 encode_us=21 acquire_us=2104 submit_us=2744 skipped=0 gpu_q=1 gpu_total_us=3225 gpu_prepass_us=0 gpu_main_us=3225 gpu_composite_us=0 gpu_blit_us=0
frust_shell_common::perf: frust-perf raw n=683 total_us=4358 rebuild_us=97 layout_us=0 paint_us=31 encode_us=20 acquire_us=1480 submit_us=2728 skipped=0 gpu_q=1 gpu_total_us=3208 gpu_prepass_us=0 gpu_main_us=3208 gpu_composite_us=0 gpu_blit_us=0
frust_shell_common::perf: frust-perf raw n=684 total_us=4839 rebuild_us=104 layout_us=0 paint_us=35 encode_us=23 acquire_us=1870 submit_us=2805 skipped=0 gpu_q=1 gpu_total_us=3214 gpu_prepass_us=0 gpu_main_us=3214 gpu_composite_us=0 gpu_blit_us=0
frust_shell_common::perf: frust-perf raw n=685 total_us=6107 rebuild_us=109 layout_us=0 paint_us=37 encode_us=21 acquire_us=2860 submit_us=3078 skipped=0 gpu_q=1 gpu_total_us=3195 gpu_prepass_us=0 gpu_main_us=3195 gpu_composite_us=0 gpu_blit_us=0
frust_shell_common::perf: frust-perf raw n=686 total_us=5350 rebuild_us=96 layout_us=0 paint_us=38 encode_us=21 acquire_us=2517 submit_us=2677 skipped=0 gpu_q=1 gpu_total_us=3487 gpu_prepass_us=0 gpu_main_us=3487 gpu_composite_us=0 gpu_blit_us=0
frust_shell_common::perf: frust-perf raw n=687 total_us=6359 rebuild_us=111 layout_us=0 paint_us=36 encode_us=23 acquire_us=2871 submit_us=3315 skipped=0 gpu_q=1 gpu_total_us=3308 gpu_prepass_us=0 gpu_main_us=3308 gpu_composite_us=0 gpu_blit_us=0
frust_shell_common::perf: frust-perf raw n=688 total_us=5576 rebuild_us=117 layout_us=0 paint_us=38 encode_us=23 acquire_us=1915 submit_us=3480 skipped=0 gpu_q=1 gpu_total_us=3282 gpu_prepass_us=0 gpu_main_us=3282 gpu_composite_us=0 gpu_blit_us=0
frust_shell_common::perf: bench-scenario-start s3-create1k
frust_shell_common::perf: bench-scenario-end s3-create1k
frust_shell_common::perf: frust-perf raw n=689 total_us=10850 rebuild_us=912 layout_us=235 paint_us=215 encode_us=50 acquire_us=570 submit_us=8866 skipped=0 gpu_q=1 gpu_total_us=3215 gpu_prepass_us=0 gpu_main_us=3215 gpu_composite_us=0 gpu_blit_us=0
frust_shell_common::perf: frust-perf raw n=690 total_us=11256 rebuild_us=420 layout_us=0 paint_us=162 encode_us=76 acquire_us=1850 submit_us=8746 skipped=0 gpu_q=1 gpu_total_us=3360 gpu_prepass_us=0 gpu_main_us=3360 gpu_composite_us=0 gpu_blit_us=0
frust_shell_common::perf: frust-perf raw n=691 total_us=11221 rebuild_us=289 layout_us=0 paint_us=131 encode_us=59 acquire_us=2107 submit_us=8633 skipped=0 gpu_q=1 gpu_total_us=3547 gpu_prepass_us=0 gpu_main_us=3547 gpu_composite_us=0 gpu_blit_us=0
frust_shell_common::perf: frust-perf raw n=692 total_us=9778 rebuild_us=321 layout_us=0 paint_us=136 encode_us=54 acquire_us=1630 submit_us=7634 skipped=0 gpu_q=1 gpu_total_us=3302 gpu_prepass_us=0 gpu_main_us=3302 gpu_composite_us=0 gpu_blit_us=0
frust_shell_common::perf: frust-perf raw n=693 total_us=10792 rebuild_us=224 layout_us=0 paint_us=113 encode_us=63 acquire_us=2881 submit_us=7509 skipped=0 gpu_q=1 gpu_total_us=5010 gpu_prepass_us=0 gpu_main_us=5010 gpu_composite_us=0 gpu_blit_us=0
frust_shell_common::perf: frust-perf raw n=694 total_us=8555 rebuild_us=230 layout_us=0 paint_us=102 encode_us=53 acquire_us=1931 submit_us=6237 skipped=0 gpu_q=1 gpu_total_us=4963 gpu_prepass_us=0 gpu_main_us=4963 gpu_composite_us=0 gpu_blit_us=0
frust_shell_common::perf: frust-perf raw n=695 total_us=7141 rebuild_us=192 layout_us=0 paint_us=84 encode_us=41 acquire_us=912 submit_us=5910 skipped=0 gpu_q=1 gpu_total_us=4975 gpu_prepass_us=0 gpu_main_us=4975 gpu_composite_us=0 gpu_blit_us=0
frust_shell_common::perf: frust-perf raw n=696 total_us=6920 rebuild_us=196 layout_us=0 paint_us=88 encode_us=40 acquire_us=831 submit_us=5763 skipped=0 gpu_q=1 gpu_total_us=4964 gpu_prepass_us=0 gpu_main_us=4964 gpu_composite_us=0 gpu_blit_us=0
frust_shell_common::perf: frust-perf raw n=697 total_us=8215 rebuild_us=199 layout_us=0 paint_us=91 encode_us=45 acquire_us=2016 submit_us=5862 skipped=0 gpu_q=1 gpu_total_us=4957 gpu_prepass_us=0 gpu_main_us=4957 gpu_composite_us=0 gpu_blit_us=0
frust_shell_common::perf: frust-perf raw n=698 total_us=7473 rebuild_us=217 layout_us=0 paint_us=112 encode_us=55 acquire_us=2370 submit_us=4716 skipped=0 gpu_q=1 gpu_total_us=4953 gpu_prepass_us=0 gpu_main_us=4953 gpu_composite_us=0 gpu_blit_us=0
frust_shell_common::perf: frust-perf raw n=699 total_us=7240 rebuild_us=226 layout_us=0 paint_us=108 encode_us=59 acquire_us=2147 submit_us=4698 skipped=0 gpu_q=1 gpu_total_us=4965 gpu_prepass_us=0 gpu_main_us=4965 gpu_composite_us=0 gpu_blit_us=0
frust_shell_common::perf: frust-perf raw n=700 total_us=8046 rebuild_us=227 layout_us=0 paint_us=110 encode_us=65 acquire_us=2808 submit_us=4834 skipped=0 gpu_q=1 gpu_total_us=4954 gpu_prepass_us=0 gpu_main_us=4954 gpu_composite_us=0 gpu_blit_us=0
frust_shell_common::perf: frust-perf raw n=701 total_us=7899 rebuild_us=215 layout_us=0 paint_us=111 encode_us=53 acquire_us=2935 submit_us=4583 skipped=0 gpu_q=1 gpu_total_us=4944 gpu_prepass_us=0 gpu_main_us=4944 gpu_composite_us=0 gpu_blit_us=0
frust_shell_common::perf: frust-perf raw n=702 total_us=7737 rebuild_us=216 layout_us=0 paint_us=110 encode_us=59 acquire_us=2738 submit_us=4612 skipped=0 gpu_q=1 gpu_total_us=8416 gpu_prepass_us=0 gpu_main_us=8416 gpu_composite_us=0 gpu_blit_us=0
frust_shell_common::perf: frust-perf raw n=703 total_us=8685 rebuild_us=222 layout_us=0 paint_us=226 encode_us=69 acquire_us=3665 submit_us=4500 skipped=0 gpu_q=1 gpu_total_us=8407 gpu_prepass_us=0 gpu_main_us=8407 gpu_composite_us=0 gpu_blit_us=0
frust_shell_common::perf: frust-perf raw n=704 total_us=8285 rebuild_us=215 layout_us=0 paint_us=134 encode_us=71 acquire_us=3143 submit_us=4720 skipped=0 gpu_q=1 gpu_total_us=8900 gpu_prepass_us=0 gpu_main_us=8900 gpu_composite_us=0 gpu_blit_us=0
frust_shell_common::perf: frust-perf raw n=705 total_us=8347 rebuild_us=210 layout_us=0 paint_us=99 encode_us=51 acquire_us=3382 submit_us=4603 skipped=0 gpu_q=1 gpu_total_us=8391 gpu_prepass_us=0 gpu_main_us=8391 gpu_composite_us=0 gpu_blit_us=0
frust_shell_common::perf: frust-perf raw n=706 total_us=7550 rebuild_us=227 layout_us=0 paint_us=115 encode_us=56 acquire_us=2532 submit_us=4616 skipped=0 gpu_q=1 gpu_total_us=8409 gpu_prepass_us=0 gpu_main_us=8409 gpu_composite_us=0 gpu_blit_us=0
frust_shell_common::perf: frust-perf raw n=707 total_us=7606 rebuild_us=228 layout_us=0 paint_us=107 encode_us=62 acquire_us=2512 submit_us=4695 skipped=0 gpu_q=1 gpu_total_us=8402 gpu_prepass_us=0 gpu_main_us=8402 gpu_composite_us=0 gpu_blit_us=0
frust_shell_common::perf: frust-perf raw n=708 total_us=8724 rebuild_us=223 layout_us=0 paint_us=108 encode_us=73 acquire_us=3786 submit_us=4532 skipped=0 gpu_q=1 gpu_total_us=8403 gpu_prepass_us=0 gpu_main_us=8403 gpu_composite_us=0 gpu_blit_us=0
frust_shell_common::perf: bench-scenario-start s3-create10k
frust_shell_common::perf: frust-perf raw n=709 total_us=9017 rebuild_us=5095 layout_us=180 paint_us=128 encode_us=48 acquire_us=76 submit_us=3487 skipped=0 gpu_q=1 gpu_total_us=8423 gpu_prepass_us=0 gpu_main_us=8423 gpu_composite_us=0 gpu_blit_us=0
frust_shell_common::perf: bench-scenario-end s3-create10k
frust_shell_common::perf: frust-perf raw n=710 total_us=4690 rebuild_us=616 layout_us=0 paint_us=120 encode_us=45 acquire_us=511 submit_us=3394 skipped=0 gpu_q=1 gpu_total_us=8389 gpu_prepass_us=0 gpu_main_us=8389 gpu_composite_us=0 gpu_blit_us=0
frust_shell_common::perf: frust-perf raw n=711 total_us=4910 rebuild_us=197 layout_us=0 paint_us=86 encode_us=42 acquire_us=812 submit_us=3771 skipped=0 gpu_q=1 gpu_total_us=8407 gpu_prepass_us=0 gpu_main_us=8407 gpu_composite_us=0 gpu_blit_us=0
frust_shell_common::perf: frust-perf raw n=712 total_us=5013 rebuild_us=194 layout_us=0 paint_us=85 encode_us=51 acquire_us=1199 submit_us=3480 skipped=0 gpu_q=1 gpu_total_us=8415 gpu_prepass_us=0 gpu_main_us=8415 gpu_composite_us=0 gpu_blit_us=0
frust_shell_common::perf: frust-perf raw n=713 total_us=4582 rebuild_us=200 layout_us=0 paint_us=91 encode_us=44 acquire_us=861 submit_us=3382 skipped=0 gpu_q=1 gpu_total_us=7276 gpu_prepass_us=0 gpu_main_us=7276 gpu_composite_us=0 gpu_blit_us=0
frust_shell_common::perf: frust-perf raw n=714 total_us=5995 rebuild_us=196 layout_us=0 paint_us=85 encode_us=45 acquire_us=2013 submit_us=3653 skipped=0 gpu_q=1 gpu_total_us=7282 gpu_prepass_us=0 gpu_main_us=7282 gpu_composite_us=0 gpu_blit_us=0
frust_shell_common::perf: frust-perf raw n=715 total_us=4815 rebuild_us=238 layout_us=0 paint_us=86 encode_us=47 acquire_us=1025 submit_us=3418 skipped=0 gpu_q=1 gpu_total_us=7294 gpu_prepass_us=0 gpu_main_us=7294 gpu_composite_us=0 gpu_blit_us=0
frust_shell_common::perf: frust-perf raw n=716 total_us=6624 rebuild_us=212 layout_us=0 paint_us=96 encode_us=46 acquire_us=2238 submit_us=4030 skipped=0 gpu_q=1 gpu_total_us=7280 gpu_prepass_us=0 gpu_main_us=7280 gpu_composite_us=0 gpu_blit_us=0
frust_shell_common::perf: frust-perf raw n=717 total_us=5384 rebuild_us=201 layout_us=0 paint_us=85 encode_us=44 acquire_us=1631 submit_us=3419 skipped=0 gpu_q=1 gpu_total_us=7309 gpu_prepass_us=0 gpu_main_us=7309 gpu_composite_us=0 gpu_blit_us=0
frust_shell_common::perf: frust-perf raw n=718 total_us=6239 rebuild_us=226 layout_us=0 paint_us=87 encode_us=52 acquire_us=1723 submit_us=4148 skipped=0 gpu_q=1 gpu_total_us=7285 gpu_prepass_us=0 gpu_main_us=7285 gpu_composite_us=0 gpu_blit_us=0
frust_shell_common::perf: frust-perf raw n=719 total_us=5604 rebuild_us=197 layout_us=0 paint_us=87 encode_us=50 acquire_us=1891 submit_us=3376 skipped=0 gpu_q=1 gpu_total_us=7309 gpu_prepass_us=0 gpu_main_us=7309 gpu_composite_us=0 gpu_blit_us=0
frust_shell_common::perf: frust-perf raw n=720 total_us=6609 rebuild_us=198 layout_us=0 paint_us=86 encode_us=50 acquire_us=828 submit_us=5444 skipped=0 gpu_q=1 gpu_total_us=7299 gpu_prepass_us=0 gpu_main_us=7299 gpu_composite_us=0 gpu_blit_us=0
frust_shell_common::perf: frust-perf raw n=721 total_us=4471 rebuild_us=219 layout_us=0 paint_us=94 encode_us=49 acquire_us=749 submit_us=3358 skipped=0 gpu_q=1 gpu_total_us=7289 gpu_prepass_us=0 gpu_main_us=7289 gpu_composite_us=0 gpu_blit_us=0
frust_shell_common::perf: frust-perf raw n=722 total_us=5338 rebuild_us=202 layout_us=0 paint_us=87 encode_us=54 acquire_us=1585 submit_us=3408 skipped=0 gpu_q=1 gpu_total_us=7804 gpu_prepass_us=0 gpu_main_us=7804 gpu_composite_us=0 gpu_blit_us=0
frust_shell_common::perf: frust-perf raw n=723 total_us=6803 rebuild_us=468 layout_us=0 paint_us=117 encode_us=54 acquire_us=1745 submit_us=4417 skipped=0 gpu_q=1 gpu_total_us=7291 gpu_prepass_us=0 gpu_main_us=7291 gpu_composite_us=0 gpu_blit_us=0
frust_shell_common::perf: frust-perf raw n=724 total_us=5960 rebuild_us=225 layout_us=0 paint_us=137 encode_us=53 acquire_us=1502 submit_us=4040 skipped=0 gpu_q=1 gpu_total_us=7305 gpu_prepass_us=0 gpu_main_us=7305 gpu_composite_us=0 gpu_blit_us=0
frust_shell_common::perf: frust-perf raw n=725 total_us=6526 rebuild_us=226 layout_us=0 paint_us=99 encode_us=50 acquire_us=1687 submit_us=4462 skipped=0 gpu_q=1 gpu_total_us=7305 gpu_prepass_us=0 gpu_main_us=7305 gpu_composite_us=0 gpu_blit_us=0
frust_shell_common::perf: frust-perf raw n=726 total_us=7141 rebuild_us=222 layout_us=0 paint_us=96 encode_us=53 acquire_us=2372 submit_us=4395 skipped=0 gpu_q=1 gpu_total_us=7284 gpu_prepass_us=0 gpu_main_us=7284 gpu_composite_us=0 gpu_blit_us=0
frust_shell_common::perf: frust-perf raw n=727 total_us=5828 rebuild_us=275 layout_us=0 paint_us=96 encode_us=50 acquire_us=1194 submit_us=4212 skipped=0 gpu_q=1 gpu_total_us=7294 gpu_prepass_us=0 gpu_main_us=7294 gpu_composite_us=0 gpu_blit_us=0
frust_shell_common::perf: frust-perf raw n=728 total_us=5079 rebuild_us=231 layout_us=0 paint_us=101 encode_us=52 acquire_us=602 submit_us=4091 skipped=0 gpu_q=1 gpu_total_us=7289 gpu_prepass_us=0 gpu_main_us=7289 gpu_composite_us=0 gpu_blit_us=0
frust_shell_common::perf: bench-scenario-start s3-update
frust_shell_common::perf: frust-perf raw n=729 total_us=8333 rebuild_us=3734 layout_us=77 paint_us=105 encode_us=51 acquire_us=89 submit_us=4274 skipped=0 gpu_q=1 gpu_total_us=7279 gpu_prepass_us=0 gpu_main_us=7279 gpu_composite_us=0 gpu_blit_us=0
frust_shell_common::perf: bench-scenario-end s3-update
frust_shell_common::perf: frust-perf raw n=730 total_us=5387 rebuild_us=292 layout_us=0 paint_us=107 encode_us=247 acquire_us=531 submit_us=4207 skipped=0 gpu_q=1 gpu_total_us=7277 gpu_prepass_us=0 gpu_main_us=7277 gpu_composite_us=0 gpu_blit_us=0
frust_shell_common::perf: frust-perf raw n=731 total_us=4580 rebuild_us=248 layout_us=0 paint_us=109 encode_us=48 acquire_us=73 submit_us=4100 skipped=0 gpu_q=1 gpu_total_us=7664 gpu_prepass_us=0 gpu_main_us=7664 gpu_composite_us=0 gpu_blit_us=0
frust_shell_common::perf: frust-perf raw n=732 total_us=4283 rebuild_us=241 layout_us=0 paint_us=96 encode_us=47 acquire_us=75 submit_us=3821 skipped=0 gpu_q=1 gpu_total_us=7294 gpu_prepass_us=0 gpu_main_us=7294 gpu_composite_us=0 gpu_blit_us=0
frust_shell_common::perf: frust-perf raw n=733 total_us=7043 rebuild_us=249 layout_us=0 paint_us=106 encode_us=63 acquire_us=1608 submit_us=5015 skipped=0 gpu_q=1 gpu_total_us=7325 gpu_prepass_us=0 gpu_main_us=7325 gpu_composite_us=0 gpu_blit_us=0
frust_shell_common::perf: frust-perf raw n=734 total_us=6869 rebuild_us=228 layout_us=0 paint_us=102 encode_us=58 acquire_us=1938 submit_us=4541 skipped=0 gpu_q=1 gpu_total_us=7321 gpu_prepass_us=0 gpu_main_us=7321 gpu_composite_us=0 gpu_blit_us=0
frust_shell_common::perf: frust-perf raw n=735 total_us=5769 rebuild_us=231 layout_us=0 paint_us=109 encode_us=52 acquire_us=882 submit_us=4493 skipped=0 gpu_q=1 gpu_total_us=7332 gpu_prepass_us=0 gpu_main_us=7332 gpu_composite_us=0 gpu_blit_us=0
frust_shell_common::perf: frust-perf raw n=736 total_us=6381 rebuild_us=236 layout_us=0 paint_us=103 encode_us=57 acquire_us=1466 submit_us=4516 skipped=0 gpu_q=1 gpu_total_us=7331 gpu_prepass_us=0 gpu_main_us=7331 gpu_composite_us=0 gpu_blit_us=0
frust_shell_common::perf: frust-perf raw n=737 total_us=6498 rebuild_us=232 layout_us=0 paint_us=110 encode_us=59 acquire_us=1559 submit_us=4535 skipped=0 gpu_q=1 gpu_total_us=7311 gpu_prepass_us=0 gpu_main_us=7311 gpu_composite_us=0 gpu_blit_us=0
frust_shell_common::perf: frust-perf raw n=738 total_us=5510 rebuild_us=239 layout_us=0 paint_us=110 encode_us=59 acquire_us=738 submit_us=4362 skipped=0 gpu_q=1 gpu_total_us=7333 gpu_prepass_us=0 gpu_main_us=7333 gpu_composite_us=0 gpu_blit_us=0
frust_shell_common::perf: frust-perf raw n=739 total_us=5116 rebuild_us=218 layout_us=0 paint_us=93 encode_us=54 acquire_us=724 submit_us=4024 skipped=0 gpu_q=1 gpu_total_us=7345 gpu_prepass_us=0 gpu_main_us=7345 gpu_composite_us=0 gpu_blit_us=0
frust_shell_common::perf: frust-perf raw n=740 total_us=4244 rebuild_us=205 layout_us=0 paint_us=96 encode_us=46 acquire_us=70 submit_us=3824 skipped=0 gpu_q=1 gpu_total_us=7305 gpu_prepass_us=0 gpu_main_us=7305 gpu_composite_us=0 gpu_blit_us=0
frust_shell_common::perf: frust-perf raw n=741 total_us=4652 rebuild_us=300 layout_us=0 paint_us=122 encode_us=48 acquire_us=78 submit_us=4101 skipped=0 gpu_q=1 gpu_total_us=7318 gpu_prepass_us=0 gpu_main_us=7318 gpu_composite_us=0 gpu_blit_us=0
frust_shell_common::perf: frust-perf raw n=742 total_us=6992 rebuild_us=298 layout_us=0 paint_us=123 encode_us=58 acquire_us=1663 submit_us=4848 skipped=0 gpu_q=1 gpu_total_us=7133 gpu_prepass_us=0 gpu_main_us=7133 gpu_composite_us=0 gpu_blit_us=0
frust_shell_common::perf: frust-perf raw n=743 total_us=7411 rebuild_us=235 layout_us=0 paint_us=99 encode_us=48 acquire_us=2126 submit_us=4900 skipped=0 gpu_q=1 gpu_total_us=7165 gpu_prepass_us=0 gpu_main_us=7165 gpu_composite_us=0 gpu_blit_us=0
frust_shell_common::perf: frust-perf raw n=744 total_us=7266 rebuild_us=247 layout_us=0 paint_us=118 encode_us=58 acquire_us=1608 submit_us=5233 skipped=0 gpu_q=1 gpu_total_us=7144 gpu_prepass_us=0 gpu_main_us=7144 gpu_composite_us=0 gpu_blit_us=0
frust_shell_common::perf: frust-perf raw n=745 total_us=7999 rebuild_us=236 layout_us=0 paint_us=109 encode_us=51 acquire_us=2898 submit_us=4702 skipped=0 gpu_q=1 gpu_total_us=7140 gpu_prepass_us=0 gpu_main_us=7140 gpu_composite_us=0 gpu_blit_us=0
frust_shell_common::perf: frust-perf raw n=746 total_us=7580 rebuild_us=243 layout_us=0 paint_us=110 encode_us=56 acquire_us=2507 submit_us=4663 skipped=0 gpu_q=1 gpu_total_us=7129 gpu_prepass_us=0 gpu_main_us=7129 gpu_composite_us=0 gpu_blit_us=0
frust_shell_common::perf: frust-perf raw n=747 total_us=7710 rebuild_us=244 layout_us=0 paint_us=106 encode_us=59 acquire_us=2617 submit_us=4681 skipped=0 gpu_q=1 gpu_total_us=7231 gpu_prepass_us=0 gpu_main_us=7231 gpu_composite_us=0 gpu_blit_us=0
frust_shell_common::perf: frust-perf raw n=748 total_us=8418 rebuild_us=236 layout_us=0 paint_us=117 encode_us=59 acquire_us=3390 submit_us=4614 skipped=0 gpu_q=1 gpu_total_us=7297 gpu_prepass_us=0 gpu_main_us=7297 gpu_composite_us=0 gpu_blit_us=0
frust_shell_common::perf: bench-scenario-start s3-swap
frust_shell_common::perf: frust-perf raw n=749 total_us=8557 rebuild_us=3634 layout_us=84 paint_us=106 encode_us=118 acquire_us=93 submit_us=4521 skipped=0 gpu_q=1 gpu_total_us=7304 gpu_prepass_us=0 gpu_main_us=7304 gpu_composite_us=0 gpu_blit_us=0
frust_shell_common::perf: bench-scenario-end s3-swap
frust_shell_common::perf: frust-perf raw n=750 total_us=7248 rebuild_us=384 layout_us=0 paint_us=136 encode_us=63 acquire_us=2176 submit_us=4486 skipped=0 gpu_q=1 gpu_total_us=7822 gpu_prepass_us=0 gpu_main_us=7822 gpu_composite_us=0 gpu_blit_us=0
frust_shell_common::perf: frust-perf raw n=751 total_us=7313 rebuild_us=199 layout_us=0 paint_us=91 encode_us=53 acquire_us=2838 submit_us=4130 skipped=0 gpu_q=1 gpu_total_us=7342 gpu_prepass_us=0 gpu_main_us=7342 gpu_composite_us=0 gpu_blit_us=0
frust_shell_common::perf: frust-perf raw n=752 total_us=7178 rebuild_us=217 layout_us=0 paint_us=97 encode_us=53 acquire_us=2799 submit_us=4010 skipped=0 gpu_q=1 gpu_total_us=7300 gpu_prepass_us=0 gpu_main_us=7300 gpu_composite_us=0 gpu_blit_us=0
frust_shell_common::perf: frust-perf raw n=753 total_us=7023 rebuild_us=202 layout_us=0 paint_us=102 encode_us=57 acquire_us=2527 submit_us=4133 skipped=0 gpu_q=1 gpu_total_us=7504 gpu_prepass_us=0 gpu_main_us=7504 gpu_composite_us=0 gpu_blit_us=0
frust_shell_common::perf: frust-perf raw n=754 total_us=7748 rebuild_us=208 layout_us=0 paint_us=118 encode_us=56 acquire_us=3313 submit_us=4050 skipped=0 gpu_q=1 gpu_total_us=7494 gpu_prepass_us=0 gpu_main_us=7494 gpu_composite_us=0 gpu_blit_us=0
frust_shell_common::perf: frust-perf raw n=755 total_us=7334 rebuild_us=211 layout_us=0 paint_us=94 encode_us=57 acquire_us=2911 submit_us=4058 skipped=0 gpu_q=1 gpu_total_us=7504 gpu_prepass_us=0 gpu_main_us=7504 gpu_composite_us=0 gpu_blit_us=0
frust_shell_common::perf: frust-perf raw n=756 total_us=7233 rebuild_us=278 layout_us=0 paint_us=99 encode_us=61 acquire_us=2813 submit_us=3981 skipped=0 gpu_q=1 gpu_total_us=7495 gpu_prepass_us=0 gpu_main_us=7495 gpu_composite_us=0 gpu_blit_us=0
frust_shell_common::perf: frust-perf raw n=757 total_us=6683 rebuild_us=454 layout_us=0 paint_us=106 encode_us=59 acquire_us=2009 submit_us=4052 skipped=0 gpu_q=1 gpu_total_us=7534 gpu_prepass_us=0 gpu_main_us=7534 gpu_composite_us=0 gpu_blit_us=0
frust_shell_common::perf: frust-perf raw n=758 total_us=7137 rebuild_us=205 layout_us=0 paint_us=91 encode_us=53 acquire_us=2866 submit_us=3920 skipped=0 gpu_q=1 gpu_total_us=7494 gpu_prepass_us=0 gpu_main_us=7494 gpu_composite_us=0 gpu_blit_us=0
frust_shell_common::perf: frust-perf raw n=759 total_us=7856 rebuild_us=242 layout_us=0 paint_us=104 encode_us=54 acquire_us=2559 submit_us=4895 skipped=0 gpu_q=1 gpu_total_us=8003 gpu_prepass_us=0 gpu_main_us=8003 gpu_composite_us=0 gpu_blit_us=0
frust_shell_common::perf: frust-perf raw n=760 total_us=7432 rebuild_us=209 layout_us=0 paint_us=103 encode_us=49 acquire_us=2734 submit_us=4335 skipped=0 gpu_q=1 gpu_total_us=7493 gpu_prepass_us=0 gpu_main_us=7493 gpu_composite_us=0 gpu_blit_us=0
frust_shell_common::perf: frust-perf raw n=761 total_us=7146 rebuild_us=204 layout_us=0 paint_us=95 encode_us=52 acquire_us=2774 submit_us=4019 skipped=0 gpu_q=1 gpu_total_us=7510 gpu_prepass_us=0 gpu_main_us=7510 gpu_composite_us=0 gpu_blit_us=0
frust_shell_common::perf: frust-perf raw n=762 total_us=7036 rebuild_us=212 layout_us=0 paint_us=102 encode_us=57 acquire_us=2607 submit_us=4055 skipped=0 gpu_q=1 gpu_total_us=7489 gpu_prepass_us=0 gpu_main_us=7489 gpu_composite_us=0 gpu_blit_us=0
frust_shell_common::perf: frust-perf raw n=763 total_us=7162 rebuild_us=212 layout_us=0 paint_us=111 encode_us=56 acquire_us=2712 submit_us=4069 skipped=0 gpu_q=1 gpu_total_us=7490 gpu_prepass_us=0 gpu_main_us=7490 gpu_composite_us=0 gpu_blit_us=0
frust_shell_common::perf: frust-perf raw n=764 total_us=6904 rebuild_us=213 layout_us=0 paint_us=99 encode_us=53 acquire_us=2522 submit_us=4015 skipped=0 gpu_q=1 gpu_total_us=7495 gpu_prepass_us=0 gpu_main_us=7495 gpu_composite_us=0 gpu_blit_us=0
frust_shell_common::perf: frust-perf raw n=765 total_us=6600 rebuild_us=218 layout_us=0 paint_us=104 encode_us=51 acquire_us=2011 submit_us=4212 skipped=0 gpu_q=1 gpu_total_us=7501 gpu_prepass_us=0 gpu_main_us=7501 gpu_composite_us=0 gpu_blit_us=0
frust_shell_android::app::frame: frust-perf platform-view tail depth=0 target=0 acquire_bound=false frame=778 expected_present_us=0 acquire_us=2475 period_us=11128
frust_shell_common::perf: frust-perf raw n=766 total_us=6311 rebuild_us=237 layout_us=0 paint_us=106 encode_us=53 acquire_us=1860 submit_us=4052 skipped=0 gpu_q=1 gpu_total_us=7493 gpu_prepass_us=0 gpu_main_us=7493 gpu_composite_us=0 gpu_blit_us=0
frust_shell_common::perf: frust-perf raw n=767 total_us=7300 rebuild_us=205 layout_us=0 paint_us=94 encode_us=57 acquire_us=2911 submit_us=4030 skipped=0 gpu_q=1 gpu_total_us=7491 gpu_prepass_us=0 gpu_main_us=7491 gpu_composite_us=0 gpu_blit_us=0
frust_shell_common::perf: frust-perf raw n=768 total_us=6815 rebuild_us=207 layout_us=0 paint_us=101 encode_us=53 acquire_us=2351 submit_us=4101 skipped=0 gpu_q=1 gpu_total_us=7482 gpu_prepass_us=0 gpu_main_us=7482 gpu_composite_us=0 gpu_blit_us=0
frust_shell_common::perf: bench-scenario-start s3-clear
frust_shell_common::perf: frust-perf raw n=769 total_us=7339 rebuild_us=4348 layout_us=21 paint_us=26 encode_us=37 acquire_us=90 submit_us=2814 skipped=0 gpu_q=1 gpu_total_us=7528 gpu_prepass_us=0 gpu_main_us=7528 gpu_composite_us=0 gpu_blit_us=0
frust_shell_common::perf: bench-scenario-end s3-clear
frust_shell_common::perf: frust-perf raw n=770 total_us=5122 rebuild_us=139 layout_us=0 paint_us=29 encode_us=18 acquire_us=2230 submit_us=2703 skipped=0 gpu_q=1 gpu_total_us=7498 gpu_prepass_us=0 gpu_main_us=7498 gpu_composite_us=0 gpu_blit_us=0
frust_shell_common::perf: frust-perf raw n=771 total_us=6070 rebuild_us=93 layout_us=0 paint_us=29 encode_us=19 acquire_us=2855 submit_us=3072 skipped=0 gpu_q=1 gpu_total_us=7501 gpu_prepass_us=0 gpu_main_us=7501 gpu_composite_us=0 gpu_blit_us=0
frust_shell_common::perf: frust-perf raw n=772 total_us=4975 rebuild_us=88 layout_us=0 paint_us=28 encode_us=18 acquire_us=2487 submit_us=2352 skipped=0 gpu_q=1 gpu_total_us=7484 gpu_prepass_us=0 gpu_main_us=7484 gpu_composite_us=0 gpu_blit_us=0
frust_shell_common::perf: frust-perf raw n=773 total_us=6142 rebuild_us=92 layout_us=0 paint_us=30 encode_us=20 acquire_us=3385 submit_us=2613 skipped=0 gpu_q=1 gpu_total_us=3237 gpu_prepass_us=0 gpu_main_us=3237 gpu_composite_us=0 gpu_blit_us=0
frust_shell_common::perf: frust-perf raw n=774 total_us=4663 rebuild_us=186 layout_us=1 paint_us=64 encode_us=19 acquire_us=1631 submit_us=2760 skipped=0 gpu_q=1 gpu_total_us=3293 gpu_prepass_us=0 gpu_main_us=3293 gpu_composite_us=0 gpu_blit_us=0
frust_shell_common::perf: frust-perf raw n=775 total_us=5506 rebuild_us=98 layout_us=0 paint_us=30 encode_us=21 acquire_us=2648 submit_us=2706 skipped=0 gpu_q=1 gpu_total_us=3260 gpu_prepass_us=0 gpu_main_us=3260 gpu_composite_us=0 gpu_blit_us=0
frust_shell_common::perf: frust-perf raw n=776 total_us=5815 rebuild_us=99 layout_us=0 paint_us=32 encode_us=23 acquire_us=2700 submit_us=2959 skipped=0 gpu_q=1 gpu_total_us=3257 gpu_prepass_us=0 gpu_main_us=3257 gpu_composite_us=0 gpu_blit_us=0
frust_shell_common::perf: frust-perf raw n=777 total_us=5219 rebuild_us=97 layout_us=0 paint_us=31 encode_us=20 acquire_us=2339 submit_us=2730 skipped=0 gpu_q=1 gpu_total_us=3581 gpu_prepass_us=0 gpu_main_us=3581 gpu_composite_us=0 gpu_blit_us=0
frust_shell_common::perf: frust-perf raw n=778 total_us=6000 rebuild_us=104 layout_us=0 paint_us=33 encode_us=19 acquire_us=2675 submit_us=3167 skipped=0 gpu_q=1 gpu_total_us=3264 gpu_prepass_us=0 gpu_main_us=3264 gpu_composite_us=0 gpu_blit_us=0
frust_shell_common::perf: frust-perf raw n=779 total_us=6371 rebuild_us=115 layout_us=0 paint_us=35 encode_us=21 acquire_us=2982 submit_us=3215 skipped=0 gpu_q=1 gpu_total_us=3279 gpu_prepass_us=0 gpu_main_us=3279 gpu_composite_us=0 gpu_blit_us=0
frust_shell_common::perf: frust-perf raw n=780 total_us=5801 rebuild_us=104 layout_us=0 paint_us=33 encode_us=18 acquire_us=2525 submit_us=3119 skipped=0 gpu_q=1 gpu_total_us=3265 gpu_prepass_us=0 gpu_main_us=3265 gpu_composite_us=0 gpu_blit_us=0
frust_shell_common::perf: frust-perf raw n=781 total_us=5623 rebuild_us=117 layout_us=0 paint_us=39 encode_us=20 acquire_us=2536 submit_us=2909 skipped=0 gpu_q=1 gpu_total_us=3255 gpu_prepass_us=0 gpu_main_us=3255 gpu_composite_us=0 gpu_blit_us=0
frust_shell_common::perf: frust-perf raw n=782 total_us=5944 rebuild_us=107 layout_us=0 paint_us=33 encode_us=22 acquire_us=2689 submit_us=3090 skipped=0 gpu_q=1 gpu_total_us=3347 gpu_prepass_us=0 gpu_main_us=3347 gpu_composite_us=0 gpu_blit_us=0
frust_shell_common::perf: frust-perf raw n=783 total_us=5112 rebuild_us=112 layout_us=0 paint_us=34 encode_us=23 acquire_us=2107 submit_us=2833 skipped=0 gpu_q=1 gpu_total_us=3266 gpu_prepass_us=0 gpu_main_us=3266 gpu_composite_us=0 gpu_blit_us=0
frust_shell_common::perf: frust-perf raw n=784 total_us=7107 rebuild_us=121 layout_us=0 paint_us=40 encode_us=24 acquire_us=3738 submit_us=3181 skipped=0 gpu_q=1 gpu_total_us=3265 gpu_prepass_us=0 gpu_main_us=3265 gpu_composite_us=0 gpu_blit_us=0
frust_shell_common::perf: frust-perf raw n=785 total_us=6024 rebuild_us=107 layout_us=0 paint_us=33 encode_us=24 acquire_us=2695 submit_us=3162 skipped=0 gpu_q=1 gpu_total_us=3267 gpu_prepass_us=0 gpu_main_us=3267 gpu_composite_us=0 gpu_blit_us=0
frust_shell_common::perf: frust-perf raw n=786 total_us=5142 rebuild_us=102 layout_us=0 paint_us=32 encode_us=22 acquire_us=2047 submit_us=2938 skipped=0 gpu_q=1 gpu_total_us=3567 gpu_prepass_us=0 gpu_main_us=3567 gpu_composite_us=0 gpu_blit_us=0
frust_shell_common::perf: frust-perf raw n=787 total_us=6259 rebuild_us=123 layout_us=0 paint_us=33 encode_us=24 acquire_us=2806 submit_us=3272 skipped=0 gpu_q=1 gpu_total_us=3258 gpu_prepass_us=0 gpu_main_us=3258 gpu_composite_us=0 gpu_blit_us=0
frust_shell_common::perf: frust-perf raw n=788 total_us=6329 rebuild_us=114 layout_us=0 paint_us=36 encode_us=27 acquire_us=2958 submit_us=3192 skipped=0 gpu_q=1 gpu_total_us=3240 gpu_prepass_us=0 gpu_main_us=3240 gpu_composite_us=0 gpu_blit_us=0
frust_shell_common::perf: bench-scenario-start s3-create1k
frust_shell_common::perf: bench-scenario-end s3-create1k
frust_shell_common::perf: frust-perf raw n=789 total_us=13878 rebuild_us=1016 layout_us=271 paint_us=243 encode_us=101 acquire_us=1745 submit_us=10499 skipped=0 gpu_q=1 gpu_total_us=3252 gpu_prepass_us=0 gpu_main_us=3252 gpu_composite_us=0 gpu_blit_us=0
frust_shell_common::perf: frust-perf raw n=790 total_us=8913 rebuild_us=351 layout_us=0 paint_us=121 encode_us=60 acquire_us=61 submit_us=8316 skipped=0 gpu_q=1 gpu_total_us=3271 gpu_prepass_us=0 gpu_main_us=3271 gpu_composite_us=0 gpu_blit_us=0
frust_shell_common::perf: frust-perf raw n=791 total_us=9878 rebuild_us=294 layout_us=0 paint_us=158 encode_us=53 acquire_us=2039 submit_us=7332 skipped=0 gpu_q=1 gpu_total_us=3341 gpu_prepass_us=0 gpu_main_us=3341 gpu_composite_us=0 gpu_blit_us=0
frust_shell_common::perf: frust-perf raw n=792 total_us=8890 rebuild_us=285 layout_us=0 paint_us=107 encode_us=59 acquire_us=955 submit_us=7482 skipped=0 gpu_q=1 gpu_total_us=3341 gpu_prepass_us=0 gpu_main_us=3341 gpu_composite_us=0 gpu_blit_us=0
frust_shell_common::perf: frust-perf raw n=793 total_us=10314 rebuild_us=245 layout_us=0 paint_us=109 encode_us=56 acquire_us=2601 submit_us=7301 skipped=0 gpu_q=1 gpu_total_us=5136 gpu_prepass_us=0 gpu_main_us=5136 gpu_composite_us=0 gpu_blit_us=0
frust_shell_common::perf: frust-perf raw n=794 total_us=8926 rebuild_us=201 layout_us=0 paint_us=94 encode_us=53 acquire_us=2597 submit_us=5979 skipped=0 gpu_q=1 gpu_total_us=4974 gpu_prepass_us=0 gpu_main_us=4974 gpu_composite_us=0 gpu_blit_us=0
frust_shell_common::perf: frust-perf raw n=795 total_us=7587 rebuild_us=198 layout_us=0 paint_us=80 encode_us=45 acquire_us=1356 submit_us=5907 skipped=0 gpu_q=1 gpu_total_us=4952 gpu_prepass_us=0 gpu_main_us=4952 gpu_composite_us=0 gpu_blit_us=0
frust_shell_common::perf: frust-perf raw n=796 total_us=8310 rebuild_us=191 layout_us=0 paint_us=79 encode_us=47 acquire_us=1883 submit_us=6107 skipped=0 gpu_q=1 gpu_total_us=4948 gpu_prepass_us=0 gpu_main_us=4948 gpu_composite_us=0 gpu_blit_us=0
frust_shell_common::perf: frust-perf raw n=797 total_us=10774 rebuild_us=205 layout_us=0 paint_us=101 encode_us=122 acquire_us=4086 submit_us=6257 skipped=0 gpu_q=1 gpu_total_us=4941 gpu_prepass_us=0 gpu_main_us=4941 gpu_composite_us=0 gpu_blit_us=0
frust_shell_common::perf: frust-perf raw n=798 total_us=7104 rebuild_us=209 layout_us=0 paint_us=101 encode_us=62 acquire_us=3015 submit_us=3713 skipped=0 gpu_q=1 gpu_total_us=4956 gpu_prepass_us=0 gpu_main_us=4956 gpu_composite_us=0 gpu_blit_us=0
frust_shell_common::perf: frust-perf raw n=799 total_us=6743 rebuild_us=185 layout_us=0 paint_us=82 encode_us=41 acquire_us=2474 submit_us=3958 skipped=0 gpu_q=1 gpu_total_us=4957 gpu_prepass_us=0 gpu_main_us=4957 gpu_composite_us=0 gpu_blit_us=0
frust_shell_common::perf: frust-perf raw n=800 total_us=5500 rebuild_us=195 layout_us=0 paint_us=87 encode_us=55 acquire_us=1585 submit_us=3575 skipped=0 gpu_q=1 gpu_total_us=4935 gpu_prepass_us=0 gpu_main_us=4935 gpu_composite_us=0 gpu_blit_us=0
frust_shell_common::perf: frust-perf raw n=801 total_us=5119 rebuild_us=211 layout_us=0 paint_us=89 encode_us=52 acquire_us=1089 submit_us=3675 skipped=0 gpu_q=1 gpu_total_us=4956 gpu_prepass_us=0 gpu_main_us=4956 gpu_composite_us=0 gpu_blit_us=0
frust_shell_common::perf: frust-perf raw n=802 total_us=6225 rebuild_us=202 layout_us=0 paint_us=85 encode_us=47 acquire_us=2021 submit_us=3868 skipped=0 gpu_q=1 gpu_total_us=8405 gpu_prepass_us=0 gpu_main_us=8405 gpu_composite_us=0 gpu_blit_us=0
frust_shell_common::perf: frust-perf raw n=803 total_us=4650 rebuild_us=227 layout_us=0 paint_us=92 encode_us=47 acquire_us=719 submit_us=3562 skipped=0 gpu_q=1 gpu_total_us=6144 gpu_prepass_us=0 gpu_main_us=6144 gpu_composite_us=0 gpu_blit_us=0
frust_shell_common::perf: frust-perf raw n=804 total_us=4417 rebuild_us=492 layout_us=1 paint_us=86 encode_us=46 acquire_us=70 submit_us=3718 skipped=0 gpu_q=1 gpu_total_us=6366 gpu_prepass_us=0 gpu_main_us=6366 gpu_composite_us=0 gpu_blit_us=0
frust_shell_common::perf: frust-perf raw n=805 total_us=5705 rebuild_us=198 layout_us=0 paint_us=91 encode_us=51 acquire_us=1413 submit_us=3950 skipped=0 gpu_q=1 gpu_total_us=6084 gpu_prepass_us=0 gpu_main_us=6084 gpu_composite_us=0 gpu_blit_us=0
frust_shell_common::perf: frust-perf raw n=806 total_us=6450 rebuild_us=206 layout_us=0 paint_us=87 encode_us=47 acquire_us=1729 submit_us=4378 skipped=0 gpu_q=1 gpu_total_us=6063 gpu_prepass_us=0 gpu_main_us=6063 gpu_composite_us=0 gpu_blit_us=0
frust_shell_common::perf: frust-perf raw n=807 total_us=5358 rebuild_us=201 layout_us=0 paint_us=87 encode_us=48 acquire_us=1413 submit_us=3607 skipped=0 gpu_q=1 gpu_total_us=6073 gpu_prepass_us=0 gpu_main_us=6073 gpu_composite_us=0 gpu_blit_us=0
frust_shell_common::perf: frust-perf raw n=808 total_us=7106 rebuild_us=200 layout_us=0 paint_us=86 encode_us=47 acquire_us=2330 submit_us=4441 skipped=0 gpu_q=1 gpu_total_us=6076 gpu_prepass_us=0 gpu_main_us=6076 gpu_composite_us=0 gpu_blit_us=0
frust_shell_common::perf: bench-scenario-start s3-create10k
frust_shell_common::perf: frust-perf raw n=809 total_us=9313 rebuild_us=4969 layout_us=190 paint_us=136 encode_us=58 acquire_us=96 submit_us=3862 skipped=0 gpu_q=1 gpu_total_us=6085 gpu_prepass_us=0 gpu_main_us=6085 gpu_composite_us=0 gpu_blit_us=0
frust_shell_common::perf: bench-scenario-end s3-create10k
frust_shell_common::perf: frust-perf raw n=810 total_us=5945 rebuild_us=267 layout_us=0 paint_us=105 encode_us=47 acquire_us=1507 submit_us=4016 skipped=0 gpu_q=1 gpu_total_us=6072 gpu_prepass_us=0 gpu_main_us=6072 gpu_composite_us=0 gpu_blit_us=0
frust_shell_common::perf: frust-perf raw n=811 total_us=5292 rebuild_us=198 layout_us=0 paint_us=86 encode_us=45 acquire_us=1597 submit_us=3363 skipped=0 gpu_q=1 gpu_total_us=6082 gpu_prepass_us=0 gpu_main_us=6082 gpu_composite_us=0 gpu_blit_us=0
frust_shell_common::perf: frust-perf raw n=812 total_us=5839 rebuild_us=208 layout_us=0 paint_us=90 encode_us=49 acquire_us=1447 submit_us=4043 skipped=0 gpu_q=1 gpu_total_us=6064 gpu_prepass_us=0 gpu_main_us=6064 gpu_composite_us=0 gpu_blit_us=0
frust_shell_common::perf: frust-perf raw n=813 total_us=6069 rebuild_us=206 layout_us=0 paint_us=88 encode_us=47 acquire_us=2069 submit_us=3658 skipped=0 gpu_q=1 gpu_total_us=5251 gpu_prepass_us=0 gpu_main_us=5251 gpu_composite_us=0 gpu_blit_us=0
frust_shell_common::perf: frust-perf raw n=814 total_us=6003 rebuild_us=191 layout_us=0 paint_us=86 encode_us=48 acquire_us=1677 submit_us=3998 skipped=0 gpu_q=1 gpu_total_us=5294 gpu_prepass_us=0 gpu_main_us=5294 gpu_composite_us=0 gpu_blit_us=0
frust_shell_common::perf: frust-perf raw n=815 total_us=5486 rebuild_us=195 layout_us=0 paint_us=84 encode_us=48 acquire_us=1776 submit_us=3380 skipped=0 gpu_q=1 gpu_total_us=5278 gpu_prepass_us=0 gpu_main_us=5278 gpu_composite_us=0 gpu_blit_us=0
frust_shell_common::perf: frust-perf raw n=816 total_us=4826 rebuild_us=203 layout_us=0 paint_us=86 encode_us=49 acquire_us=1030 submit_us=3456 skipped=0 gpu_q=1 gpu_total_us=5279 gpu_prepass_us=0 gpu_main_us=5279 gpu_composite_us=0 gpu_blit_us=0
frust_shell_common::perf: frust-perf raw n=817 total_us=4741 rebuild_us=515 layout_us=0 paint_us=166 encode_us=46 acquire_us=690 submit_us=3321 skipped=0 gpu_q=1 gpu_total_us=5208 gpu_prepass_us=0 gpu_main_us=5208 gpu_composite_us=0 gpu_blit_us=0
frust_shell_common::perf: frust-perf raw n=818 total_us=5045 rebuild_us=190 layout_us=0 paint_us=106 encode_us=51 acquire_us=1335 submit_us=3360 skipped=0 gpu_q=1 gpu_total_us=5179 gpu_prepass_us=0 gpu_main_us=5179 gpu_composite_us=0 gpu_blit_us=0
frust_shell_common::perf: frust-perf raw n=819 total_us=6062 rebuild_us=194 layout_us=0 paint_us=93 encode_us=50 acquire_us=1196 submit_us=4527 skipped=0 gpu_q=1 gpu_total_us=5229 gpu_prepass_us=0 gpu_main_us=5229 gpu_composite_us=0 gpu_blit_us=0
frust_shell_common::perf: frust-perf raw n=820 total_us=6189 rebuild_us=216 layout_us=0 paint_us=87 encode_us=52 acquire_us=2117 submit_us=3715 skipped=0 gpu_q=1 gpu_total_us=5195 gpu_prepass_us=0 gpu_main_us=5195 gpu_composite_us=0 gpu_blit_us=0
frust_shell_common::perf: frust-perf raw n=821 total_us=5804 rebuild_us=196 layout_us=0 paint_us=92 encode_us=50 acquire_us=1986 submit_us=3477 skipped=0 gpu_q=1 gpu_total_us=5224 gpu_prepass_us=0 gpu_main_us=5224 gpu_composite_us=0 gpu_blit_us=0
frust_shell_common::perf: frust-perf raw n=822 total_us=6477 rebuild_us=229 layout_us=0 paint_us=94 encode_us=50 acquire_us=1928 submit_us=4173 skipped=0 gpu_q=1 gpu_total_us=5471 gpu_prepass_us=0 gpu_main_us=5471 gpu_composite_us=0 gpu_blit_us=0
frust_shell_common::perf: frust-perf raw n=823 total_us=5481 rebuild_us=195 layout_us=0 paint_us=84 encode_us=52 acquire_us=1818 submit_us=3330 skipped=0 gpu_q=1 gpu_total_us=5200 gpu_prepass_us=0 gpu_main_us=5200 gpu_composite_us=0 gpu_blit_us=0
frust_shell_common::perf: frust-perf raw n=824 total_us=5696 rebuild_us=196 layout_us=0 paint_us=85 encode_us=51 acquire_us=1626 submit_us=3735 skipped=0 gpu_q=1 gpu_total_us=5200 gpu_prepass_us=0 gpu_main_us=5200 gpu_composite_us=0 gpu_blit_us=0
frust_shell_common::perf: frust-perf raw n=825 total_us=6370 rebuild_us=466 layout_us=0 paint_us=105 encode_us=50 acquire_us=1527 submit_us=4219 skipped=0 gpu_q=1 gpu_total_us=5245 gpu_prepass_us=0 gpu_main_us=5245 gpu_composite_us=0 gpu_blit_us=0
frust_shell_common::perf: frust-perf raw n=826 total_us=5398 rebuild_us=201 layout_us=0 paint_us=84 encode_us=49 acquire_us=1744 submit_us=3318 skipped=0 gpu_q=1 gpu_total_us=5203 gpu_prepass_us=0 gpu_main_us=5203 gpu_composite_us=0 gpu_blit_us=0
frust_shell_common::perf: frust-perf raw n=827 total_us=5001 rebuild_us=197 layout_us=0 paint_us=84 encode_us=50 acquire_us=1284 submit_us=3383 skipped=0 gpu_q=1 gpu_total_us=5217 gpu_prepass_us=0 gpu_main_us=5217 gpu_composite_us=0 gpu_blit_us=0
frust_shell_common::perf: frust-perf raw n=828 total_us=5049 rebuild_us=498 layout_us=0 paint_us=99 encode_us=56 acquire_us=435 submit_us=3959 skipped=0 gpu_q=1 gpu_total_us=6835 gpu_prepass_us=0 gpu_main_us=6835 gpu_composite_us=0 gpu_blit_us=0
frust_shell_common::perf: bench-scenario-start s3-update
frust_shell_common::perf: frust-perf raw n=829 total_us=7796 rebuild_us=3073 layout_us=69 paint_us=86 encode_us=53 acquire_us=86 submit_us=4426 skipped=0 gpu_q=1 gpu_total_us=7212 gpu_prepass_us=0 gpu_main_us=7212 gpu_composite_us=0 gpu_blit_us=0
frust_shell_common::perf: bench-scenario-end s3-update
frust_shell_common::perf: frust-perf raw n=830 total_us=5357 rebuild_us=234 layout_us=0 paint_us=84 encode_us=58 acquire_us=1348 submit_us=3630 skipped=0 gpu_q=1 gpu_total_us=7215 gpu_prepass_us=0 gpu_main_us=7215 gpu_composite_us=0 gpu_blit_us=0
frust_shell_common::perf: frust-perf raw n=831 total_us=4565 rebuild_us=191 layout_us=0 paint_us=85 encode_us=53 acquire_us=897 submit_us=3338 skipped=0 gpu_q=1 gpu_total_us=7697 gpu_prepass_us=0 gpu_main_us=7697 gpu_composite_us=0 gpu_blit_us=0
frust_shell_common::perf: frust-perf raw n=832 total_us=5800 rebuild_us=190 layout_us=0 paint_us=89 encode_us=51 acquire_us=2037 submit_us=3431 skipped=0 gpu_q=1 gpu_total_us=7221 gpu_prepass_us=0 gpu_main_us=7221 gpu_composite_us=0 gpu_blit_us=0
frust_shell_common::perf: frust-perf raw n=833 total_us=7552 rebuild_us=193 layout_us=0 paint_us=87 encode_us=50 acquire_us=2604 submit_us=4616 skipped=0 gpu_q=1 gpu_total_us=7238 gpu_prepass_us=0 gpu_main_us=7238 gpu_composite_us=0 gpu_blit_us=0
frust_shell_common::perf: frust-perf raw n=834 total_us=4245 rebuild_us=191 layout_us=0 paint_us=89 encode_us=49 acquire_us=549 submit_us=3364 skipped=0 gpu_q=1 gpu_total_us=7251 gpu_prepass_us=0 gpu_main_us=7251 gpu_composite_us=0 gpu_blit_us=0
frust_shell_common::perf: frust-perf raw n=835 total_us=4517 rebuild_us=198 layout_us=0 paint_us=85 encode_us=52 acquire_us=811 submit_us=3369 skipped=0 gpu_q=1 gpu_total_us=7255 gpu_prepass_us=0 gpu_main_us=7255 gpu_composite_us=0 gpu_blit_us=0
frust_shell_common::perf: frust-perf raw n=836 total_us=4800 rebuild_us=499 layout_us=0 paint_us=99 encode_us=49 acquire_us=72 submit_us=4079 skipped=0 gpu_q=1 gpu_total_us=7242 gpu_prepass_us=0 gpu_main_us=7242 gpu_composite_us=0 gpu_blit_us=0
frust_shell_common::perf: frust-perf raw n=837 total_us=5630 rebuild_us=222 layout_us=0 paint_us=93 encode_us=49 acquire_us=1047 submit_us=4217 skipped=0 gpu_q=1 gpu_total_us=7237 gpu_prepass_us=0 gpu_main_us=7237 gpu_composite_us=0 gpu_blit_us=0
frust_shell_common::perf: frust-perf raw n=838 total_us=5964 rebuild_us=211 layout_us=0 paint_us=94 encode_us=48 acquire_us=1181 submit_us=4427 skipped=0 gpu_q=1 gpu_total_us=7254 gpu_prepass_us=0 gpu_main_us=7254 gpu_composite_us=0 gpu_blit_us=0
frust_shell_common::perf: frust-perf raw n=839 total_us=6122 rebuild_us=216 layout_us=0 paint_us=96 encode_us=48 acquire_us=1417 submit_us=4342 skipped=0 gpu_q=1 gpu_total_us=7270 gpu_prepass_us=0 gpu_main_us=7270 gpu_composite_us=0 gpu_blit_us=0
frust_shell_common::perf: frust-perf raw n=840 total_us=6199 rebuild_us=212 layout_us=0 paint_us=93 encode_us=49 acquire_us=1510 submit_us=4333 skipped=0 gpu_q=1 gpu_total_us=7544 gpu_prepass_us=0 gpu_main_us=7544 gpu_composite_us=0 gpu_blit_us=0
frust_shell_common::perf: frust-perf raw n=841 total_us=5058 rebuild_us=278 layout_us=0 paint_us=94 encode_us=49 acquire_us=614 submit_us=4020 skipped=0 gpu_q=1 gpu_total_us=7263 gpu_prepass_us=0 gpu_main_us=7263 gpu_composite_us=0 gpu_blit_us=0
frust_shell_common::perf: frust-perf raw n=842 total_us=6764 rebuild_us=215 layout_us=0 paint_us=91 encode_us=48 acquire_us=1944 submit_us=4463 skipped=0 gpu_q=1 gpu_total_us=7263 gpu_prepass_us=0 gpu_main_us=7263 gpu_composite_us=0 gpu_blit_us=0
frust_shell_common::perf: frust-perf raw n=843 total_us=6486 rebuild_us=226 layout_us=0 paint_us=94 encode_us=50 acquire_us=1715 submit_us=4399 skipped=0 gpu_q=1 gpu_total_us=7265 gpu_prepass_us=0 gpu_main_us=7265 gpu_composite_us=0 gpu_blit_us=0
frust_shell_common::perf: frust-perf raw n=844 total_us=6346 rebuild_us=218 layout_us=0 paint_us=92 encode_us=49 acquire_us=1543 submit_us=4441 skipped=0 gpu_q=1 gpu_total_us=7260 gpu_prepass_us=0 gpu_main_us=7260 gpu_composite_us=0 gpu_blit_us=0
frust_shell_common::perf: frust-perf raw n=845 total_us=6891 rebuild_us=223 layout_us=0 paint_us=95 encode_us=60 acquire_us=2118 submit_us=4393 skipped=0 gpu_q=1 gpu_total_us=7267 gpu_prepass_us=0 gpu_main_us=7267 gpu_composite_us=0 gpu_blit_us=0
frust_shell_common::perf: frust-perf raw n=846 total_us=6480 rebuild_us=228 layout_us=0 paint_us=94 encode_us=49 acquire_us=1671 submit_us=4435 skipped=0 gpu_q=1 gpu_total_us=7269 gpu_prepass_us=0 gpu_main_us=7269 gpu_composite_us=0 gpu_blit_us=0
frust_shell_common::perf: frust-perf raw n=847 total_us=6017 rebuild_us=214 layout_us=0 paint_us=92 encode_us=52 acquire_us=1356 submit_us=4301 skipped=0 gpu_q=1 gpu_total_us=7252 gpu_prepass_us=0 gpu_main_us=7252 gpu_composite_us=0 gpu_blit_us=0
frust_shell_common::perf: frust-perf raw n=848 total_us=7399 rebuild_us=219 layout_us=0 paint_us=97 encode_us=50 acquire_us=2335 submit_us=4696 skipped=0 gpu_q=1 gpu_total_us=7271 gpu_prepass_us=0 gpu_main_us=7271 gpu_composite_us=0 gpu_blit_us=0
frust_shell_common::perf: bench-scenario-start s3-swap
frust_shell_common::perf: frust-perf raw n=849 total_us=8838 rebuild_us=3214 layout_us=74 paint_us=91 encode_us=48 acquire_us=83 submit_us=5325 skipped=0 gpu_q=1 gpu_total_us=7540 gpu_prepass_us=0 gpu_main_us=7540 gpu_composite_us=0 gpu_blit_us=0
frust_shell_common::perf: bench-scenario-end s3-swap
frust_shell_common::perf: frust-perf raw n=850 total_us=6060 rebuild_us=315 layout_us=0 paint_us=90 encode_us=55 acquire_us=1245 submit_us=4351 skipped=0 gpu_q=1 gpu_total_us=7257 gpu_prepass_us=0 gpu_main_us=7257 gpu_composite_us=0 gpu_blit_us=0
frust_shell_common::perf: frust-perf raw n=851 total_us=5399 rebuild_us=219 layout_us=0 paint_us=94 encode_us=49 acquire_us=784 submit_us=4251 skipped=0 gpu_q=1 gpu_total_us=7270 gpu_prepass_us=0 gpu_main_us=7270 gpu_composite_us=0 gpu_blit_us=0
frust_shell_common::perf: frust-perf raw n=852 total_us=5259 rebuild_us=197 layout_us=0 paint_us=86 encode_us=48 acquire_us=1495 submit_us=3431 skipped=0 gpu_q=1 gpu_total_us=7226 gpu_prepass_us=0 gpu_main_us=7226 gpu_composite_us=0 gpu_blit_us=0
frust_shell_common::perf: frust-perf raw n=853 total_us=6540 rebuild_us=194 layout_us=0 paint_us=83 encode_us=55 acquire_us=2520 submit_us=3686 skipped=0 gpu_q=1 gpu_total_us=7804 gpu_prepass_us=379 gpu_main_us=7425 gpu_composite_us=0 gpu_blit_us=0
frust_shell_common::perf: frust-perf raw n=854 total_us=6521 rebuild_us=485 layout_us=0 paint_us=103 encode_us=56 acquire_us=1517 submit_us=4359 skipped=0 gpu_q=1 gpu_total_us=7436 gpu_prepass_us=0 gpu_main_us=7436 gpu_composite_us=0 gpu_blit_us=0
frust_shell_common::perf: frust-perf raw n=855 total_us=5532 rebuild_us=219 layout_us=0 paint_us=98 encode_us=49 acquire_us=889 submit_us=4275 skipped=0 gpu_q=1 gpu_total_us=7446 gpu_prepass_us=0 gpu_main_us=7446 gpu_composite_us=0 gpu_blit_us=0
frust_shell_common::perf: frust-perf raw n=856 total_us=7032 rebuild_us=218 layout_us=0 paint_us=93 encode_us=49 acquire_us=2074 submit_us=4595 skipped=0 gpu_q=1 gpu_total_us=7439 gpu_prepass_us=0 gpu_main_us=7439 gpu_composite_us=0 gpu_blit_us=0
frust_shell_common::perf: frust-perf raw n=857 total_us=5659 rebuild_us=199 layout_us=0 paint_us=96 encode_us=50 acquire_us=1788 submit_us=3523 skipped=0 gpu_q=1 gpu_total_us=7435 gpu_prepass_us=0 gpu_main_us=7435 gpu_composite_us=0 gpu_blit_us=0
frust_shell_common::perf: frust-perf raw n=858 total_us=5159 rebuild_us=197 layout_us=0 paint_us=84 encode_us=53 acquire_us=1392 submit_us=3432 skipped=0 gpu_q=1 gpu_total_us=7432 gpu_prepass_us=0 gpu_main_us=7432 gpu_composite_us=0 gpu_blit_us=0
frust_shell_common::perf: frust-perf raw n=859 total_us=5505 rebuild_us=495 layout_us=0 paint_us=99 encode_us=52 acquire_us=624 submit_us=4233 skipped=0 gpu_q=1 gpu_total_us=7432 gpu_prepass_us=0 gpu_main_us=7432 gpu_composite_us=0 gpu_blit_us=0
frust_shell_common::perf: frust-perf raw n=860 total_us=6039 rebuild_us=217 layout_us=0 paint_us=91 encode_us=49 acquire_us=1306 submit_us=4374 skipped=0 gpu_q=1 gpu_total_us=7444 gpu_prepass_us=0 gpu_main_us=7444 gpu_composite_us=0 gpu_blit_us=0
frust_shell_common::perf: frust-perf raw n=861 total_us=6961 rebuild_us=234 layout_us=0 paint_us=100 encode_us=46 acquire_us=2156 submit_us=4422 skipped=0 gpu_q=1 gpu_total_us=7426 gpu_prepass_us=0 gpu_main_us=7426 gpu_composite_us=0 gpu_blit_us=0
frust_shell_common::perf: frust-perf raw n=862 total_us=5929 rebuild_us=223 layout_us=0 paint_us=105 encode_us=50 acquire_us=1401 submit_us=4146 skipped=0 gpu_q=1 gpu_total_us=7434 gpu_prepass_us=0 gpu_main_us=7434 gpu_composite_us=0 gpu_blit_us=0
frust_shell_common::perf: frust-perf raw n=863 total_us=6183 rebuild_us=217 layout_us=0 paint_us=95 encode_us=49 acquire_us=1307 submit_us=4512 skipped=0 gpu_q=1 gpu_total_us=7456 gpu_prepass_us=0 gpu_main_us=7456 gpu_composite_us=0 gpu_blit_us=0
frust_shell_common::perf: frust-perf raw n=864 total_us=6442 rebuild_us=220 layout_us=0 paint_us=96 encode_us=50 acquire_us=1842 submit_us=4231 skipped=0 gpu_q=1 gpu_total_us=7444 gpu_prepass_us=0 gpu_main_us=7444 gpu_composite_us=0 gpu_blit_us=0
frust_shell_common::perf: frust-perf raw n=865 total_us=7275 rebuild_us=226 layout_us=0 paint_us=94 encode_us=49 acquire_us=2341 submit_us=4562 skipped=0 gpu_q=1 gpu_total_us=7441 gpu_prepass_us=0 gpu_main_us=7441 gpu_composite_us=0 gpu_blit_us=0
frust_shell_common::perf: frust-perf raw n=866 total_us=6481 rebuild_us=224 layout_us=0 paint_us=98 encode_us=55 acquire_us=1686 submit_us=4415 skipped=0 gpu_q=1 gpu_total_us=7435 gpu_prepass_us=0 gpu_main_us=7435 gpu_composite_us=0 gpu_blit_us=0
frust_shell_common::perf: frust-perf raw n=867 total_us=5843 rebuild_us=228 layout_us=0 paint_us=99 encode_us=52 acquire_us=867 submit_us=4595 skipped=0 gpu_q=1 gpu_total_us=7450 gpu_prepass_us=0 gpu_main_us=7450 gpu_composite_us=0 gpu_blit_us=0
frust_shell_common::perf: frust-perf raw n=868 total_us=6842 rebuild_us=260 layout_us=0 paint_us=92 encode_us=49 acquire_us=1939 submit_us=4500 skipped=0 gpu_q=1 gpu_total_us=7430 gpu_prepass_us=0 gpu_main_us=7430 gpu_composite_us=0 gpu_blit_us=0
frust_shell_common::perf: bench-scenario-start s3-clear
frust_shell_common::perf: frust-perf raw n=869 total_us=7356 rebuild_us=4350 layout_us=19 paint_us=25 encode_us=37 acquire_us=88 submit_us=2834 skipped=0 gpu_q=1 gpu_total_us=7419 gpu_prepass_us=0 gpu_main_us=7419 gpu_composite_us=0 gpu_blit_us=0
frust_shell_common::perf: bench-scenario-end s3-clear
frust_shell_common::perf: frust-perf raw n=870 total_us=5656 rebuild_us=178 layout_us=0 paint_us=36 encode_us=17 acquire_us=2960 submit_us=2463 skipped=0 gpu_q=1 gpu_total_us=7458 gpu_prepass_us=0 gpu_main_us=7458 gpu_composite_us=0 gpu_blit_us=0
frust_shell_common::perf: frust-perf raw n=871 total_us=4010 rebuild_us=91 layout_us=0 paint_us=28 encode_us=21 acquire_us=1287 submit_us=2580 skipped=0 gpu_q=1 gpu_total_us=7440 gpu_prepass_us=0 gpu_main_us=7440 gpu_composite_us=0 gpu_blit_us=0
frust_shell_common::perf: frust-perf raw n=872 total_us=5349 rebuild_us=88 layout_us=0 paint_us=29 encode_us=17 acquire_us=2481 submit_us=2731 skipped=0 gpu_q=1 gpu_total_us=7409 gpu_prepass_us=0 gpu_main_us=7409 gpu_composite_us=0 gpu_blit_us=0
frust_shell_common::perf: frust-perf raw n=873 total_us=4140 rebuild_us=91 layout_us=0 paint_us=27 encode_us=17 acquire_us=1463 submit_us=2539 skipped=0 gpu_q=1 gpu_total_us=3190 gpu_prepass_us=0 gpu_main_us=3190 gpu_composite_us=0 gpu_blit_us=0
frust_shell_common::perf: frust-perf raw n=874 total_us=4235 rebuild_us=92 layout_us=0 paint_us=28 encode_us=18 acquire_us=1615 submit_us=2478 skipped=0 gpu_q=1 gpu_total_us=3212 gpu_prepass_us=0 gpu_main_us=3212 gpu_composite_us=0 gpu_blit_us=0
frust_shell_common::perf: frust-perf raw n=875 total_us=4368 rebuild_us=99 layout_us=0 paint_us=29 encode_us=17 acquire_us=1641 submit_us=2579 skipped=0 gpu_q=1 gpu_total_us=3223 gpu_prepass_us=0 gpu_main_us=3223 gpu_composite_us=0 gpu_blit_us=0
frust_shell_common::perf: frust-perf raw n=876 total_us=3924 rebuild_us=98 layout_us=0 paint_us=31 encode_us=71 acquire_us=1068 submit_us=2653 skipped=0 gpu_q=1 gpu_total_us=3203 gpu_prepass_us=0 gpu_main_us=3203 gpu_composite_us=0 gpu_blit_us=0
frust_shell_common::perf: frust-perf raw n=877 total_us=4612 rebuild_us=96 layout_us=0 paint_us=30 encode_us=18 acquire_us=1674 submit_us=2792 skipped=0 gpu_q=1 gpu_total_us=3197 gpu_prepass_us=0 gpu_main_us=3197 gpu_composite_us=0 gpu_blit_us=0
frust_shell_common::perf: frust-perf raw n=878 total_us=5825 rebuild_us=98 layout_us=0 paint_us=31 encode_us=21 acquire_us=2726 submit_us=2947 skipped=0 gpu_q=1 gpu_total_us=3204 gpu_prepass_us=0 gpu_main_us=3204 gpu_composite_us=0 gpu_blit_us=0
frust_shell_common::perf: frust-perf raw n=879 total_us=4560 rebuild_us=96 layout_us=0 paint_us=30 encode_us=78 acquire_us=1560 submit_us=2793 skipped=0 gpu_q=1 gpu_total_us=3209 gpu_prepass_us=0 gpu_main_us=3209 gpu_composite_us=0 gpu_blit_us=0
frust_shell_common::perf: frust-perf raw n=880 total_us=5135 rebuild_us=103 layout_us=0 paint_us=33 encode_us=23 acquire_us=2173 submit_us=2801 skipped=0 gpu_q=1 gpu_total_us=3199 gpu_prepass_us=0 gpu_main_us=3199 gpu_composite_us=0 gpu_blit_us=0
frust_shell_common::perf: frust-perf raw n=881 total_us=5277 rebuild_us=94 layout_us=0 paint_us=30 encode_us=19 acquire_us=2387 submit_us=2745 skipped=0 gpu_q=1 gpu_total_us=3204 gpu_prepass_us=0 gpu_main_us=3204 gpu_composite_us=0 gpu_blit_us=0
frust_shell_common::perf: frust-perf raw n=882 total_us=4401 rebuild_us=101 layout_us=0 paint_us=32 encode_us=22 acquire_us=1301 submit_us=2942 skipped=0 gpu_q=1 gpu_total_us=3215 gpu_prepass_us=0 gpu_main_us=3215 gpu_composite_us=0 gpu_blit_us=0
frust_shell_common::perf: frust-perf raw n=883 total_us=4728 rebuild_us=105 layout_us=0 paint_us=33 encode_us=22 acquire_us=1772 submit_us=2794 skipped=0 gpu_q=1 gpu_total_us=3212 gpu_prepass_us=0 gpu_main_us=3212 gpu_composite_us=0 gpu_blit_us=0
frust_shell_common::perf: frust-perf raw n=884 total_us=5165 rebuild_us=99 layout_us=0 paint_us=32 encode_us=21 acquire_us=2289 submit_us=2722 skipped=0 gpu_q=1 gpu_total_us=3207 gpu_prepass_us=0 gpu_main_us=3207 gpu_composite_us=0 gpu_blit_us=0
frust_shell_common::perf: frust-perf raw n=885 total_us=4323 rebuild_us=98 layout_us=0 paint_us=31 encode_us=21 acquire_us=1352 submit_us=2819 skipped=0 gpu_q=1 gpu_total_us=3219 gpu_prepass_us=0 gpu_main_us=3219 gpu_composite_us=0 gpu_blit_us=0
frust_shell_android::app::frame: frust-perf platform-view tail depth=0 target=0 acquire_bound=false frame=898 expected_present_us=0 acquire_us=1787 period_us=11138
frust_shell_common::perf: frust-perf raw n=886 total_us=5262 rebuild_us=108 layout_us=0 paint_us=34 encode_us=24 acquire_us=2284 submit_us=2810 skipped=0 gpu_q=1 gpu_total_us=3208 gpu_prepass_us=0 gpu_main_us=3208 gpu_composite_us=0 gpu_blit_us=0
frust_shell_common::perf: frust-perf raw n=887 total_us=4754 rebuild_us=102 layout_us=0 paint_us=31 encode_us=22 acquire_us=1830 submit_us=2767 skipped=0 gpu_q=1 gpu_total_us=3218 gpu_prepass_us=0 gpu_main_us=3218 gpu_composite_us=0 gpu_blit_us=0
frust_shell_common::perf: frust-perf raw n=888 total_us=5229 rebuild_us=99 layout_us=0 paint_us=32 encode_us=20 acquire_us=2341 submit_us=2735 skipped=0 gpu_q=1 gpu_total_us=3197 gpu_prepass_us=0 gpu_main_us=3197 gpu_composite_us=0 gpu_blit_us=0
frust_shell_common::perf: bench-scenario-start s3-create1k
frust_shell_common::perf: bench-scenario-end s3-create1k
frust_shell_common::perf: frust-perf raw n=889 total_us=11258 rebuild_us=939 layout_us=243 paint_us=247 encode_us=45 acquire_us=86 submit_us=9695 skipped=0 gpu_q=1 gpu_total_us=3297 gpu_prepass_us=0 gpu_main_us=3297 gpu_composite_us=0 gpu_blit_us=0
frust_shell_common::perf: frust-perf raw n=890 total_us=11670 rebuild_us=353 layout_us=0 paint_us=114 encode_us=61 acquire_us=2461 submit_us=8677 skipped=0 gpu_q=1 gpu_total_us=3193 gpu_prepass_us=0 gpu_main_us=3193 gpu_composite_us=0 gpu_blit_us=0
frust_shell_common::perf: frust-perf raw n=891 total_us=10893 rebuild_us=277 layout_us=0 paint_us=191 encode_us=54 acquire_us=1832 submit_us=8537 skipped=0 gpu_q=1 gpu_total_us=3207 gpu_prepass_us=0 gpu_main_us=3207 gpu_composite_us=0 gpu_blit_us=0
frust_shell_common::perf: frust-perf raw n=892 total_us=10427 rebuild_us=264 layout_us=0 paint_us=114 encode_us=61 acquire_us=1590 submit_us=8396 skipped=0 gpu_q=1 gpu_total_us=3199 gpu_prepass_us=0 gpu_main_us=3199 gpu_composite_us=0 gpu_blit_us=0
frust_shell_common::perf: frust-perf raw n=893 total_us=9281 rebuild_us=272 layout_us=0 paint_us=111 encode_us=63 acquire_us=1318 submit_us=7514 skipped=0 gpu_q=1 gpu_total_us=4904 gpu_prepass_us=0 gpu_main_us=4904 gpu_composite_us=0 gpu_blit_us=0
frust_shell_common::perf: frust-perf raw n=894 total_us=8698 rebuild_us=236 layout_us=0 paint_us=110 encode_us=64 acquire_us=1164 submit_us=7123 skipped=0 gpu_q=1 gpu_total_us=4878 gpu_prepass_us=0 gpu_main_us=4878 gpu_composite_us=0 gpu_blit_us=0
frust_shell_common::perf: frust-perf raw n=895 total_us=9550 rebuild_us=199 layout_us=0 paint_us=94 encode_us=53 acquire_us=3041 submit_us=6161 skipped=0 gpu_q=1 gpu_total_us=4924 gpu_prepass_us=0 gpu_main_us=4924 gpu_composite_us=0 gpu_blit_us=0
frust_shell_common::perf: frust-perf raw n=896 total_us=7694 rebuild_us=199 layout_us=0 paint_us=92 encode_us=46 acquire_us=1532 submit_us=5822 skipped=0 gpu_q=1 gpu_total_us=4922 gpu_prepass_us=0 gpu_main_us=4922 gpu_composite_us=0 gpu_blit_us=0
frust_shell_common::perf: frust-perf raw n=897 total_us=6925 rebuild_us=231 layout_us=0 paint_us=95 encode_us=41 acquire_us=647 submit_us=5908 skipped=0 gpu_q=1 gpu_total_us=4927 gpu_prepass_us=0 gpu_main_us=4927 gpu_composite_us=0 gpu_blit_us=0
frust_shell_common::perf: frust-perf raw n=898 total_us=6629 rebuild_us=206 layout_us=0 paint_us=87 encode_us=42 acquire_us=1718 submit_us=4573 skipped=0 gpu_q=1 gpu_total_us=4902 gpu_prepass_us=0 gpu_main_us=4902 gpu_composite_us=0 gpu_blit_us=0
frust_shell_common::perf: frust-perf raw n=899 total_us=4780 rebuild_us=203 layout_us=0 paint_us=91 encode_us=46 acquire_us=883 submit_us=3555 skipped=0 gpu_q=1 gpu_total_us=4912 gpu_prepass_us=0 gpu_main_us=4912 gpu_composite_us=0 gpu_blit_us=0
frust_shell_common::perf: frust-perf raw n=900 total_us=4847 rebuild_us=191 layout_us=0 paint_us=86 encode_us=47 acquire_us=939 submit_us=3582 skipped=0 gpu_q=1 gpu_total_us=4926 gpu_prepass_us=0 gpu_main_us=4926 gpu_composite_us=0 gpu_blit_us=0
frust_shell_common::perf: frust-perf raw n=901 total_us=4384 rebuild_us=493 layout_us=0 paint_us=87 encode_us=46 acquire_us=68 submit_us=3688 skipped=0 gpu_q=1 gpu_total_us=4908 gpu_prepass_us=0 gpu_main_us=4908 gpu_composite_us=0 gpu_blit_us=0
frust_shell_common::perf: frust-perf raw n=902 total_us=5918 rebuild_us=195 layout_us=0 paint_us=103 encode_us=102 acquire_us=1547 submit_us=3969 skipped=0 gpu_q=1 gpu_total_us=8760 gpu_prepass_us=442 gpu_main_us=8318 gpu_composite_us=0 gpu_blit_us=0
frust_shell_common::perf: frust-perf raw n=903 total_us=4860 rebuild_us=196 layout_us=0 paint_us=86 encode_us=50 acquire_us=954 submit_us=3573 skipped=0 gpu_q=1 gpu_total_us=8328 gpu_prepass_us=0 gpu_main_us=8328 gpu_composite_us=0 gpu_blit_us=0
frust_shell_common::perf: frust-perf raw n=904 total_us=5701 rebuild_us=193 layout_us=0 paint_us=86 encode_us=44 acquire_us=1475 submit_us=3901 skipped=0 gpu_q=1 gpu_total_us=8332 gpu_prepass_us=0 gpu_main_us=8332 gpu_composite_us=0 gpu_blit_us=0
frust_shell_common::perf: frust-perf raw n=905 total_us=4507 rebuild_us=188 layout_us=0 paint_us=85 encode_us=43 acquire_us=640 submit_us=3550 skipped=0 gpu_q=1 gpu_total_us=8353 gpu_prepass_us=0 gpu_main_us=8353 gpu_composite_us=0 gpu_blit_us=0
frust_shell_common::perf: frust-perf raw n=906 total_us=6296 rebuild_us=194 layout_us=0 paint_us=86 encode_us=46 acquire_us=1515 submit_us=4454 skipped=0 gpu_q=1 gpu_total_us=8343 gpu_prepass_us=0 gpu_main_us=8343 gpu_composite_us=0 gpu_blit_us=0
frust_shell_common::perf: frust-perf raw n=907 total_us=5853 rebuild_us=209 layout_us=0 paint_us=96 encode_us=46 acquire_us=1558 submit_us=3942 skipped=0 gpu_q=1 gpu_total_us=8338 gpu_prepass_us=0 gpu_main_us=8338 gpu_composite_us=0 gpu_blit_us=0
frust_shell_common::perf: frust-perf raw n=908 total_us=6437 rebuild_us=190 layout_us=0 paint_us=97 encode_us=46 acquire_us=2004 submit_us=4098 skipped=0 gpu_q=1 gpu_total_us=8329 gpu_prepass_us=0 gpu_main_us=8329 gpu_composite_us=0 gpu_blit_us=0
frust_shell_common::perf: bench-scenario-start s3-create10k
frust_shell_common::perf: frust-perf raw n=909 total_us=13635 rebuild_us=9346 layout_us=268 paint_us=244 encode_us=46 acquire_us=77 submit_us=3651 skipped=0 gpu_q=1 gpu_total_us=8339 gpu_prepass_us=0 gpu_main_us=8339 gpu_composite_us=0 gpu_blit_us=0
frust_shell_common::perf: bench-scenario-end s3-create10k
frust_shell_common::perf: frust-perf raw n=910 total_us=5571 rebuild_us=375 layout_us=0 paint_us=127 encode_us=62 acquire_us=86 submit_us=4918 skipped=0 gpu_q=1 gpu_total_us=8353 gpu_prepass_us=0 gpu_main_us=8353 gpu_composite_us=0 gpu_blit_us=0
frust_shell_common::perf: frust-perf raw n=911 total_us=4729 rebuild_us=301 layout_us=0 paint_us=121 encode_us=49 acquire_us=80 submit_us=4175 skipped=0 gpu_q=1 gpu_total_us=8345 gpu_prepass_us=0 gpu_main_us=8345 gpu_composite_us=0 gpu_blit_us=0
frust_shell_common::perf: frust-perf raw n=912 total_us=5596 rebuild_us=301 layout_us=0 paint_us=124 encode_us=52 acquire_us=78 submit_us=5038 skipped=0 gpu_q=1 gpu_total_us=8334 gpu_prepass_us=0 gpu_main_us=8334 gpu_composite_us=0 gpu_blit_us=0
frust_shell_common::perf: frust-perf raw n=913 total_us=4497 rebuild_us=218 layout_us=0 paint_us=93 encode_us=63 acquire_us=82 submit_us=4038 skipped=0 gpu_q=1 gpu_total_us=7328 gpu_prepass_us=0 gpu_main_us=7328 gpu_composite_us=0 gpu_blit_us=0
frust_shell_common::perf: frust-perf raw n=914 total_us=4549 rebuild_us=225 layout_us=0 paint_us=92 encode_us=51 acquire_us=75 submit_us=4103 skipped=0 gpu_q=1 gpu_total_us=7215 gpu_prepass_us=0 gpu_main_us=7215 gpu_composite_us=0 gpu_blit_us=0
frust_shell_common::perf: frust-perf raw n=915 total_us=4705 rebuild_us=298 layout_us=0 paint_us=127 encode_us=52 acquire_us=72 submit_us=4153 skipped=0 gpu_q=1 gpu_total_us=7319 gpu_prepass_us=0 gpu_main_us=7319 gpu_composite_us=0 gpu_blit_us=0
frust_shell_common::perf: frust-perf raw n=916 total_us=4642 rebuild_us=287 layout_us=0 paint_us=167 encode_us=50 acquire_us=70 submit_us=4066 skipped=0 gpu_q=1 gpu_total_us=7217 gpu_prepass_us=0 gpu_main_us=7217 gpu_composite_us=0 gpu_blit_us=0
frust_shell_common::perf: frust-perf raw n=917 total_us=4709 rebuild_us=291 layout_us=0 paint_us=128 encode_us=49 acquire_us=72 submit_us=4167 skipped=0 gpu_q=1 gpu_total_us=7302 gpu_prepass_us=0 gpu_main_us=7302 gpu_composite_us=0 gpu_blit_us=0
frust_shell_common::perf: frust-perf raw n=918 total_us=4661 rebuild_us=292 layout_us=0 paint_us=126 encode_us=54 acquire_us=75 submit_us=4112 skipped=0 gpu_q=1 gpu_total_us=7278 gpu_prepass_us=0 gpu_main_us=7278 gpu_composite_us=0 gpu_blit_us=0
frust_shell_common::perf: frust-perf raw n=919 total_us=5356 rebuild_us=294 layout_us=0 paint_us=126 encode_us=56 acquire_us=83 submit_us=4794 skipped=0 gpu_q=1 gpu_total_us=7300 gpu_prepass_us=0 gpu_main_us=7300 gpu_composite_us=0 gpu_blit_us=0
frust_shell_common::perf: frust-perf raw n=920 total_us=4627 rebuild_us=292 layout_us=0 paint_us=116 encode_us=55 acquire_us=71 submit_us=4090 skipped=0 gpu_q=1 gpu_total_us=7326 gpu_prepass_us=0 gpu_main_us=7326 gpu_composite_us=0 gpu_blit_us=0
frust_shell_common::perf: frust-perf raw n=921 total_us=4636 rebuild_us=299 layout_us=0 paint_us=121 encode_us=47 acquire_us=71 submit_us=4094 skipped=0 gpu_q=1 gpu_total_us=7744 gpu_prepass_us=0 gpu_main_us=7744 gpu_composite_us=0 gpu_blit_us=0
frust_shell_common::perf: frust-perf raw n=922 total_us=4638 rebuild_us=286 layout_us=0 paint_us=122 encode_us=61 acquire_us=69 submit_us=4097 skipped=0 gpu_q=1 gpu_total_us=7291 gpu_prepass_us=0 gpu_main_us=7291 gpu_composite_us=0 gpu_blit_us=0
frust_shell_common::perf: frust-perf raw n=923 total_us=4581 rebuild_us=294 layout_us=0 paint_us=126 encode_us=49 acquire_us=72 submit_us=4037 skipped=0 gpu_q=1 gpu_total_us=7214 gpu_prepass_us=0 gpu_main_us=7214 gpu_composite_us=0 gpu_blit_us=0
frust_shell_common::perf: frust-perf raw n=924 total_us=5677 rebuild_us=295 layout_us=0 paint_us=119 encode_us=50 acquire_us=67 submit_us=5143 skipped=0 gpu_q=1 gpu_total_us=7279 gpu_prepass_us=0 gpu_main_us=7279 gpu_composite_us=0 gpu_blit_us=0
frust_shell_common::perf: frust-perf raw n=925 total_us=4519 rebuild_us=237 layout_us=0 paint_us=131 encode_us=47 acquire_us=73 submit_us=4028 skipped=0 gpu_q=1 gpu_total_us=7303 gpu_prepass_us=0 gpu_main_us=7303 gpu_composite_us=0 gpu_blit_us=0
frust_shell_common::perf: frust-perf raw n=926 total_us=4606 rebuild_us=245 layout_us=0 paint_us=100 encode_us=49 acquire_us=78 submit_us=4131 skipped=0 gpu_q=1 gpu_total_us=7249 gpu_prepass_us=0 gpu_main_us=7249 gpu_composite_us=0 gpu_blit_us=0
frust_shell_common::perf: frust-perf raw n=927 total_us=4680 rebuild_us=299 layout_us=0 paint_us=123 encode_us=52 acquire_us=82 submit_us=4122 skipped=0 gpu_q=1 gpu_total_us=7286 gpu_prepass_us=0 gpu_main_us=7286 gpu_composite_us=0 gpu_blit_us=0
frust_shell_common::perf: frust-perf raw n=928 total_us=4696 rebuild_us=305 layout_us=0 paint_us=123 encode_us=50 acquire_us=80 submit_us=4136 skipped=0 gpu_q=1 gpu_total_us=7207 gpu_prepass_us=0 gpu_main_us=7207 gpu_composite_us=0 gpu_blit_us=0
frust_shell_common::perf: bench-scenario-start s3-update
frust_shell_common::perf: bench-scenario-end s3-update
frust_shell_common::perf: frust-perf raw n=929 total_us=10068 rebuild_us=5348 layout_us=111 paint_us=186 encode_us=59 acquire_us=105 submit_us=4256 skipped=0 gpu_q=1 gpu_total_us=7319 gpu_prepass_us=0 gpu_main_us=7319 gpu_composite_us=0 gpu_blit_us=0
frust_shell_common::perf: frust-perf raw n=930 total_us=7696 rebuild_us=373 layout_us=0 paint_us=121 encode_us=51 acquire_us=69 submit_us=7080 skipped=0 gpu_q=1 gpu_total_us=7549 gpu_prepass_us=0 gpu_main_us=7549 gpu_composite_us=0 gpu_blit_us=0
frust_shell_common::perf: frust-perf raw n=931 total_us=5749 rebuild_us=241 layout_us=0 paint_us=101 encode_us=56 acquire_us=83 submit_us=5266 skipped=0 gpu_q=1 gpu_total_us=7309 gpu_prepass_us=0 gpu_main_us=7309 gpu_composite_us=0 gpu_blit_us=0
frust_shell_common::perf: frust-perf raw n=932 total_us=4554 rebuild_us=213 layout_us=0 paint_us=96 encode_us=49 acquire_us=73 submit_us=4121 skipped=0 gpu_q=1 gpu_total_us=7301 gpu_prepass_us=0 gpu_main_us=7301 gpu_composite_us=0 gpu_blit_us=0
frust_shell_common::perf: frust-perf raw n=933 total_us=4528 rebuild_us=212 layout_us=0 paint_us=94 encode_us=49 acquire_us=70 submit_us=4100 skipped=0 gpu_q=1 gpu_total_us=7337 gpu_prepass_us=0 gpu_main_us=7337 gpu_composite_us=0 gpu_blit_us=0
frust_shell_common::perf: frust-perf raw n=934 total_us=4665 rebuild_us=265 layout_us=0 paint_us=95 encode_us=58 acquire_us=76 submit_us=4168 skipped=0 gpu_q=1 gpu_total_us=7271 gpu_prepass_us=0 gpu_main_us=7271 gpu_composite_us=0 gpu_blit_us=0
frust_shell_common::perf: frust-perf raw n=935 total_us=4712 rebuild_us=296 layout_us=0 paint_us=120 encode_us=48 acquire_us=79 submit_us=4167 skipped=0 gpu_q=1 gpu_total_us=5360 gpu_prepass_us=0 gpu_main_us=5360 gpu_composite_us=0 gpu_blit_us=0
frust_shell_common::perf: frust-perf raw n=936 total_us=4810 rebuild_us=294 layout_us=0 paint_us=122 encode_us=53 acquire_us=79 submit_us=4259 skipped=0 gpu_q=1 gpu_total_us=5323 gpu_prepass_us=0 gpu_main_us=5323 gpu_composite_us=0 gpu_blit_us=0
frust_shell_common::perf: frust-perf raw n=937 total_us=4740 rebuild_us=295 layout_us=0 paint_us=195 encode_us=54 acquire_us=77 submit_us=4117 skipped=0 gpu_q=1 gpu_total_us=5341 gpu_prepass_us=0 gpu_main_us=5341 gpu_composite_us=0 gpu_blit_us=0
frust_shell_common::perf: frust-perf raw n=938 total_us=4763 rebuild_us=290 layout_us=0 paint_us=119 encode_us=51 acquire_us=74 submit_us=4227 skipped=0 gpu_q=1 gpu_total_us=5302 gpu_prepass_us=0 gpu_main_us=5302 gpu_composite_us=0 gpu_blit_us=0
frust_shell_common::perf: frust-perf raw n=939 total_us=4694 rebuild_us=296 layout_us=0 paint_us=121 encode_us=52 acquire_us=80 submit_us=4143 skipped=0 gpu_q=1 gpu_total_us=5602 gpu_prepass_us=0 gpu_main_us=5602 gpu_composite_us=0 gpu_blit_us=0
frust_shell_common::perf: frust-perf raw n=940 total_us=4694 rebuild_us=296 layout_us=0 paint_us=120 encode_us=53 acquire_us=76 submit_us=4145 skipped=0 gpu_q=1 gpu_total_us=5341 gpu_prepass_us=0 gpu_main_us=5341 gpu_composite_us=0 gpu_blit_us=0
frust_shell_common::perf: frust-perf raw n=941 total_us=4642 rebuild_us=292 layout_us=0 paint_us=119 encode_us=48 acquire_us=77 submit_us=4103 skipped=0 gpu_q=1 gpu_total_us=5343 gpu_prepass_us=0 gpu_main_us=5343 gpu_composite_us=0 gpu_blit_us=0
frust_shell_common::perf: frust-perf raw n=942 total_us=4660 rebuild_us=293 layout_us=0 paint_us=118 encode_us=49 acquire_us=106 submit_us=4091 skipped=0 gpu_q=1 gpu_total_us=5321 gpu_prepass_us=0 gpu_main_us=5321 gpu_composite_us=0 gpu_blit_us=0
frust_shell_common::perf: frust-perf raw n=943 total_us=4671 rebuild_us=337 layout_us=0 paint_us=120 encode_us=53 acquire_us=79 submit_us=4080 skipped=0 gpu_q=1 gpu_total_us=5335 gpu_prepass_us=0 gpu_main_us=5335 gpu_composite_us=0 gpu_blit_us=0
frust_shell_common::perf: frust-perf raw n=944 total_us=4668 rebuild_us=296 layout_us=0 paint_us=120 encode_us=51 acquire_us=74 submit_us=4125 skipped=0 gpu_q=1 gpu_total_us=5309 gpu_prepass_us=0 gpu_main_us=5309 gpu_composite_us=0 gpu_blit_us=0
frust_shell_common::perf: frust-perf raw n=945 total_us=4786 rebuild_us=299 layout_us=0 paint_us=122 encode_us=54 acquire_us=79 submit_us=4229 skipped=0 gpu_q=1 gpu_total_us=5337 gpu_prepass_us=0 gpu_main_us=5337 gpu_composite_us=0 gpu_blit_us=0
frust_shell_common::perf: frust-perf raw n=946 total_us=9667 rebuild_us=291 layout_us=0 paint_us=121 encode_us=129 acquire_us=137 submit_us=8986 skipped=0 gpu_q=1 gpu_total_us=5316 gpu_prepass_us=0 gpu_main_us=5316 gpu_composite_us=0 gpu_blit_us=0
frust_shell_common::perf: frust-perf raw n=947 total_us=4450 rebuild_us=299 layout_us=0 paint_us=115 encode_us=45 acquire_us=62 submit_us=3927 skipped=0 gpu_q=1 gpu_total_us=5320 gpu_prepass_us=0 gpu_main_us=5320 gpu_composite_us=0 gpu_blit_us=0
frust_shell_common::perf: frust-perf raw n=948 total_us=4934 rebuild_us=293 layout_us=0 paint_us=204 encode_us=56 acquire_us=76 submit_us=4303 skipped=0 gpu_q=1 gpu_total_us=5594 gpu_prepass_us=0 gpu_main_us=5594 gpu_composite_us=0 gpu_blit_us=0
frust_shell_common::perf: bench-scenario-start s3-swap
frust_shell_common::perf: frust-perf raw n=949 total_us=9424 rebuild_us=4615 layout_us=87 paint_us=123 encode_us=65 acquire_us=104 submit_us=4426 skipped=0 gpu_q=1 gpu_total_us=5312 gpu_prepass_us=0 gpu_main_us=5312 gpu_composite_us=0 gpu_blit_us=0
frust_shell_common::perf: frust-perf frame n=120 total_p50_ms=5 total_p95_ms=9 total_p99_ms=11 rebuild_p95_ms=0 layout_p95_ms=0 paint_p95_ms=0 encode_p95_ms=0 acquire_p95_ms=2 submit_p95_ms=7 over_60hz=2 over_120hz=129 skipped=0 total_frames=949
frust_shell_common::perf: bench-scenario-end s3-swap
frust_shell_common::perf: frust-perf raw n=950 total_us=4728 rebuild_us=369 layout_us=0 paint_us=122 encode_us=51 acquire_us=73 submit_us=4109 skipped=0 gpu_q=1 gpu_total_us=5235 gpu_prepass_us=0 gpu_main_us=5235 gpu_composite_us=0 gpu_blit_us=0
frust_shell_common::perf: frust-perf raw n=951 total_us=4814 rebuild_us=296 layout_us=0 paint_us=121 encode_us=51 acquire_us=79 submit_us=4263 skipped=0 gpu_q=1 gpu_total_us=5378 gpu_prepass_us=0 gpu_main_us=5378 gpu_composite_us=0 gpu_blit_us=0
frust_shell_common::perf: frust-perf raw n=952 total_us=4779 rebuild_us=293 layout_us=0 paint_us=122 encode_us=53 acquire_us=76 submit_us=4233 skipped=0 gpu_q=1 gpu_total_us=5292 gpu_prepass_us=0 gpu_main_us=5292 gpu_composite_us=0 gpu_blit_us=0
frust_shell_common::perf: frust-perf raw n=953 total_us=4845 rebuild_us=290 layout_us=0 paint_us=119 encode_us=54 acquire_us=84 submit_us=4294 skipped=0 gpu_q=1 gpu_total_us=5340 gpu_prepass_us=0 gpu_main_us=5340 gpu_composite_us=0 gpu_blit_us=0
frust_shell_common::perf: frust-perf raw n=954 total_us=4814 rebuild_us=299 layout_us=0 paint_us=124 encode_us=51 acquire_us=82 submit_us=4255 skipped=0 gpu_q=1 gpu_total_us=5538 gpu_prepass_us=0 gpu_main_us=5538 gpu_composite_us=0 gpu_blit_us=0
frust_shell_common::perf: frust-perf raw n=955 total_us=4902 rebuild_us=297 layout_us=0 paint_us=122 encode_us=52 acquire_us=76 submit_us=4352 skipped=0 gpu_q=1 gpu_total_us=5426 gpu_prepass_us=0 gpu_main_us=5426 gpu_composite_us=0 gpu_blit_us=0
frust_shell_common::perf: frust-perf raw n=956 total_us=4883 rebuild_us=290 layout_us=0 paint_us=120 encode_us=52 acquire_us=77 submit_us=4341 skipped=0 gpu_q=1 gpu_total_us=5434 gpu_prepass_us=0 gpu_main_us=5434 gpu_composite_us=0 gpu_blit_us=0
frust_shell_common::perf: frust-perf raw n=957 total_us=4780 rebuild_us=290 layout_us=0 paint_us=120 encode_us=52 acquire_us=78 submit_us=4238 skipped=0 gpu_q=1 gpu_total_us=5816 gpu_prepass_us=0 gpu_main_us=5816 gpu_composite_us=0 gpu_blit_us=0
frust_shell_common::perf: frust-perf raw n=958 total_us=4735 rebuild_us=301 layout_us=0 paint_us=120 encode_us=51 acquire_us=77 submit_us=4183 skipped=0 gpu_q=1 gpu_total_us=5447 gpu_prepass_us=0 gpu_main_us=5447 gpu_composite_us=0 gpu_blit_us=0
frust_shell_common::perf: frust-perf raw n=959 total_us=4788 rebuild_us=293 layout_us=0 paint_us=131 encode_us=59 acquire_us=77 submit_us=4226 skipped=0 gpu_q=1 gpu_total_us=5444 gpu_prepass_us=0 gpu_main_us=5444 gpu_composite_us=0 gpu_blit_us=0
frust_shell_common::perf: frust-perf raw n=960 total_us=5910 rebuild_us=291 layout_us=0 paint_us=128 encode_us=60 acquire_us=84 submit_us=5344 skipped=0 gpu_q=1 gpu_total_us=5459 gpu_prepass_us=0 gpu_main_us=5459 gpu_composite_us=0 gpu_blit_us=0
frust_shell_common::perf: frust-perf raw n=961 total_us=4701 rebuild_us=242 layout_us=0 paint_us=104 encode_us=51 acquire_us=72 submit_us=4230 skipped=0 gpu_q=1 gpu_total_us=5458 gpu_prepass_us=0 gpu_main_us=5458 gpu_composite_us=0 gpu_blit_us=0
frust_shell_common::perf: frust-perf raw n=962 total_us=4932 rebuild_us=240 layout_us=0 paint_us=107 encode_us=53 acquire_us=81 submit_us=4449 skipped=0 gpu_q=1 gpu_total_us=7509 gpu_prepass_us=0 gpu_main_us=7509 gpu_composite_us=0 gpu_blit_us=0
frust_shell_common::perf: frust-perf raw n=963 total_us=4811 rebuild_us=322 layout_us=0 paint_us=128 encode_us=53 acquire_us=83 submit_us=4222 skipped=0 gpu_q=1 gpu_total_us=7538 gpu_prepass_us=0 gpu_main_us=7538 gpu_composite_us=0 gpu_blit_us=0
frust_shell_common::perf: frust-perf raw n=964 total_us=4769 rebuild_us=288 layout_us=0 paint_us=117 encode_us=53 acquire_us=72 submit_us=4237 skipped=0 gpu_q=1 gpu_total_us=7419 gpu_prepass_us=0 gpu_main_us=7419 gpu_composite_us=0 gpu_blit_us=0
frust_shell_common::perf: frust-perf raw n=965 total_us=5239 rebuild_us=291 layout_us=0 paint_us=119 encode_us=53 acquire_us=80 submit_us=4693 skipped=0 gpu_q=1 gpu_total_us=7514 gpu_prepass_us=0 gpu_main_us=7514 gpu_composite_us=0 gpu_blit_us=0
frust_shell_common::perf: frust-perf raw n=966 total_us=4866 rebuild_us=302 layout_us=0 paint_us=128 encode_us=49 acquire_us=78 submit_us=4307 skipped=0 gpu_q=1 gpu_total_us=7973 gpu_prepass_us=0 gpu_main_us=7973 gpu_composite_us=0 gpu_blit_us=0
frust_shell_common::perf: frust-perf raw n=967 total_us=5102 rebuild_us=294 layout_us=0 paint_us=120 encode_us=60 acquire_us=88 submit_us=4537 skipped=0 gpu_q=1 gpu_total_us=7488 gpu_prepass_us=0 gpu_main_us=7488 gpu_composite_us=0 gpu_blit_us=0
frust_shell_common::perf: frust-perf raw n=968 total_us=4771 rebuild_us=294 layout_us=0 paint_us=119 encode_us=50 acquire_us=82 submit_us=4223 skipped=0 gpu_q=1 gpu_total_us=7507 gpu_prepass_us=0 gpu_main_us=7507 gpu_composite_us=0 gpu_blit_us=0
frust_shell_common::perf: bench-scenario-start s3-clear
frust_shell_common::perf: frust-perf raw n=969 total_us=9321 rebuild_us=6566 layout_us=29 paint_us=36 encode_us=39 acquire_us=97 submit_us=2553 skipped=0 gpu_q=1 gpu_total_us=7433 gpu_prepass_us=0 gpu_main_us=7433 gpu_composite_us=0 gpu_blit_us=0
frust_shell_common::perf: bench-scenario-end s3-clear
frust_shell_common::perf: frust-perf raw n=970 total_us=2924 rebuild_us=183 layout_us=0 paint_us=39 encode_us=16 acquire_us=69 submit_us=2614 skipped=0 gpu_q=1 gpu_total_us=7503 gpu_prepass_us=0 gpu_main_us=7503 gpu_composite_us=0 gpu_blit_us=0
frust_shell_common::perf: frust-perf raw n=971 total_us=3386 rebuild_us=109 layout_us=0 paint_us=37 encode_us=17 acquire_us=68 submit_us=3154 skipped=0 gpu_q=1 gpu_total_us=7446 gpu_prepass_us=0 gpu_main_us=7446 gpu_composite_us=0 gpu_blit_us=0
frust_shell_common::perf: frust-perf raw n=972 total_us=2761 rebuild_us=100 layout_us=0 paint_us=32 encode_us=19 acquire_us=81 submit_us=2527 skipped=0 gpu_q=1 gpu_total_us=7540 gpu_prepass_us=0 gpu_main_us=7540 gpu_composite_us=0 gpu_blit_us=0
frust_shell_common::perf: frust-perf raw n=973 total_us=3202 rebuild_us=96 layout_us=0 paint_us=31 encode_us=19 acquire_us=79 submit_us=2975 skipped=0 gpu_q=1 gpu_total_us=3178 gpu_prepass_us=0 gpu_main_us=3178 gpu_composite_us=0 gpu_blit_us=0
frust_shell_common::perf: frust-perf raw n=974 total_us=3297 rebuild_us=112 layout_us=0 paint_us=37 encode_us=20 acquire_us=80 submit_us=3045 skipped=0 gpu_q=1 gpu_total_us=3313 gpu_prepass_us=0 gpu_main_us=3313 gpu_composite_us=0 gpu_blit_us=0
frust_shell_common::perf: frust-perf raw n=975 total_us=3182 rebuild_us=107 layout_us=0 paint_us=38 encode_us=21 acquire_us=79 submit_us=2934 skipped=0 gpu_q=1 gpu_total_us=3606 gpu_prepass_us=0 gpu_main_us=3606 gpu_composite_us=0 gpu_blit_us=0
frust_shell_common::perf: frust-perf raw n=976 total_us=3334 rebuild_us=116 layout_us=0 paint_us=39 encode_us=22 acquire_us=93 submit_us=3062 skipped=0 gpu_q=1 gpu_total_us=3331 gpu_prepass_us=0 gpu_main_us=3331 gpu_composite_us=0 gpu_blit_us=0
frust_shell_common::perf: frust-perf raw n=977 total_us=3367 rebuild_us=119 layout_us=0 paint_us=40 encode_us=22 acquire_us=94 submit_us=3089 skipped=0 gpu_q=1 gpu_total_us=3348 gpu_prepass_us=0 gpu_main_us=3348 gpu_composite_us=0 gpu_blit_us=0
frust_shell_common::perf: frust-perf raw n=978 total_us=3337 rebuild_us=113 layout_us=0 paint_us=37 encode_us=21 acquire_us=90 submit_us=3073 skipped=0 gpu_q=1 gpu_total_us=3307 gpu_prepass_us=0 gpu_main_us=3307 gpu_composite_us=0 gpu_blit_us=0
frust_shell_common::perf: frust-perf raw n=979 total_us=3250 rebuild_us=116 layout_us=0 paint_us=37 encode_us=21 acquire_us=86 submit_us=2987 skipped=0 gpu_q=1 gpu_total_us=3329 gpu_prepass_us=0 gpu_main_us=3329 gpu_composite_us=0 gpu_blit_us=0
frust_shell_common::perf: frust-perf raw n=980 total_us=3154 rebuild_us=107 layout_us=0 paint_us=35 encode_us=20 acquire_us=78 submit_us=2911 skipped=0 gpu_q=1 gpu_total_us=3371 gpu_prepass_us=0 gpu_main_us=3371 gpu_composite_us=0 gpu_blit_us=0
frust_shell_common::perf: frust-perf raw n=981 total_us=3401 rebuild_us=119 layout_us=0 paint_us=39 encode_us=23 acquire_us=90 submit_us=3128 skipped=0 gpu_q=1 gpu_total_us=3268 gpu_prepass_us=0 gpu_main_us=3268 gpu_composite_us=0 gpu_blit_us=0
frust_shell_common::perf: frust-perf raw n=982 total_us=3242 rebuild_us=108 layout_us=0 paint_us=37 encode_us=23 acquire_us=78 submit_us=2995 skipped=0 gpu_q=1 gpu_total_us=3304 gpu_prepass_us=0 gpu_main_us=3304 gpu_composite_us=0 gpu_blit_us=0
frust_shell_common::perf: frust-perf raw n=983 total_us=3113 rebuild_us=105 layout_us=0 paint_us=35 encode_us=18 acquire_us=77 submit_us=2875 skipped=0 gpu_q=1 gpu_total_us=3324 gpu_prepass_us=0 gpu_main_us=3324 gpu_composite_us=0 gpu_blit_us=0
frust_shell_common::perf: frust-perf raw n=984 total_us=3099 rebuild_us=169 layout_us=0 paint_us=34 encode_us=20 acquire_us=75 submit_us=2799 skipped=0 gpu_q=1 gpu_total_us=3263 gpu_prepass_us=0 gpu_main_us=3263 gpu_composite_us=0 gpu_blit_us=0
frust_shell_common::perf: frust-perf raw n=985 total_us=3010 rebuild_us=99 layout_us=0 paint_us=34 encode_us=19 acquire_us=74 submit_us=2782 skipped=0 gpu_q=1 gpu_total_us=3334 gpu_prepass_us=0 gpu_main_us=3334 gpu_composite_us=0 gpu_blit_us=0
frust_shell_common::perf: frust-perf raw n=986 total_us=3574 rebuild_us=214 layout_us=2 paint_us=98 encode_us=24 acquire_us=82 submit_us=3151 skipped=0 gpu_q=1 gpu_total_us=3178 gpu_prepass_us=0 gpu_main_us=3178 gpu_composite_us=0 gpu_blit_us=0
frust_shell_common::perf: frust-perf raw n=987 total_us=3745 rebuild_us=213 layout_us=2 paint_us=99 encode_us=23 acquire_us=80 submit_us=3326 skipped=0 gpu_q=1 gpu_total_us=3254 gpu_prepass_us=0 gpu_main_us=3254 gpu_composite_us=0 gpu_blit_us=0
frust_shell_common::perf: frust-perf raw n=988 total_us=4171 rebuild_us=268 layout_us=2 paint_us=121 encode_us=27 acquire_us=94 submit_us=3657 skipped=0 gpu_q=1 gpu_total_us=3236 gpu_prepass_us=0 gpu_main_us=3236 gpu_composite_us=0 gpu_blit_us=0
frust_shell_common::perf: bench-scenario-start s3-create1k
frust_shell_common::perf: bench-scenario-end s3-create1k
frust_shell_common::perf: frust-perf raw n=989 total_us=19110 rebuild_us=3749 layout_us=1468 paint_us=1092 encode_us=101 acquire_us=202 submit_us=12496 skipped=0 gpu_q=1 gpu_total_us=3190 gpu_prepass_us=0 gpu_main_us=3190 gpu_composite_us=0 gpu_blit_us=0
frust_shell_common::perf: frust-perf raw n=990 total_us=11259 rebuild_us=471 layout_us=0 paint_us=211 encode_us=135 acquire_us=76 submit_us=10365 skipped=0 gpu_q=1 gpu_total_us=3257 gpu_prepass_us=0 gpu_main_us=3257 gpu_composite_us=0 gpu_blit_us=0
frust_shell_common::perf: frust-perf raw n=991 total_us=9404 rebuild_us=271 layout_us=0 paint_us=134 encode_us=95 acquire_us=74 submit_us=8827 skipped=0 gpu_q=1 gpu_total_us=3262 gpu_prepass_us=0 gpu_main_us=3262 gpu_composite_us=0 gpu_blit_us=0
frust_shell_common::perf: frust-perf raw n=992 total_us=8776 rebuild_us=941 layout_us=3 paint_us=464 encode_us=62 acquire_us=53 submit_us=7250 skipped=0 gpu_q=1 gpu_total_us=3719 gpu_prepass_us=0 gpu_main_us=3719 gpu_composite_us=0 gpu_blit_us=0
frust_shell_common::perf: frust-perf raw n=993 total_us=6026 rebuild_us=267 layout_us=0 paint_us=109 encode_us=45 acquire_us=36 submit_us=5566 skipped=0 gpu_q=1 gpu_total_us=5030 gpu_prepass_us=0 gpu_main_us=5030 gpu_composite_us=0 gpu_blit_us=0
frust_shell_common::perf: frust-perf raw n=994 total_us=7103 rebuild_us=193 layout_us=0 paint_us=77 encode_us=45 acquire_us=1274 submit_us=5512 skipped=0 gpu_q=1 gpu_total_us=5740 gpu_prepass_us=0 gpu_main_us=5740 gpu_composite_us=0 gpu_blit_us=0
frust_shell_common::perf: frust-perf raw n=995 total_us=9798 rebuild_us=205 layout_us=0 paint_us=89 encode_us=41 acquire_us=977 submit_us=8485 skipped=0 gpu_q=1 gpu_total_us=4907 gpu_prepass_us=0 gpu_main_us=4907 gpu_composite_us=0 gpu_blit_us=0
frust_shell_common::perf: frust-perf raw n=996 total_us=9347 rebuild_us=232 layout_us=0 paint_us=109 encode_us=54 acquire_us=1635 submit_us=7315 skipped=0 gpu_q=1 gpu_total_us=5003 gpu_prepass_us=0 gpu_main_us=5003 gpu_composite_us=0 gpu_blit_us=0
frust_shell_common::perf: frust-perf raw n=997 total_us=9835 rebuild_us=204 layout_us=0 paint_us=100 encode_us=54 acquire_us=3315 submit_us=6161 skipped=0 gpu_q=1 gpu_total_us=4889 gpu_prepass_us=0 gpu_main_us=4889 gpu_composite_us=0 gpu_blit_us=0
frust_shell_common::perf: frust-perf raw n=998 total_us=6322 rebuild_us=217 layout_us=0 paint_us=102 encode_us=57 acquire_us=2123 submit_us=3821 skipped=0 gpu_q=1 gpu_total_us=4906 gpu_prepass_us=0 gpu_main_us=4906 gpu_composite_us=0 gpu_blit_us=0
frust_shell_common::perf: frust-perf raw n=999 total_us=4436 rebuild_us=213 layout_us=0 paint_us=88 encode_us=41 acquire_us=443 submit_us=3648 skipped=0 gpu_q=1 gpu_total_us=4906 gpu_prepass_us=0 gpu_main_us=4906 gpu_composite_us=0 gpu_blit_us=0
frust_shell_common::perf: frust-perf raw n=1000 total_us=7207 rebuild_us=198 layout_us=0 paint_us=85 encode_us=51 acquire_us=2942 submit_us=3929 skipped=0 gpu_q=1 gpu_total_us=4890 gpu_prepass_us=0 gpu_main_us=4890 gpu_composite_us=0 gpu_blit_us=0
frust_shell_common::perf: frust-perf raw n=1001 total_us=4492 rebuild_us=530 layout_us=0 paint_us=89 encode_us=47 acquire_us=70 submit_us=3754 skipped=0 gpu_q=1 gpu_total_us=4901 gpu_prepass_us=0 gpu_main_us=4901 gpu_composite_us=0 gpu_blit_us=0
frust_shell_common::perf: frust-perf raw n=1002 total_us=5822 rebuild_us=198 layout_us=0 paint_us=93 encode_us=50 acquire_us=1493 submit_us=3986 skipped=0 gpu_q=1 gpu_total_us=8355 gpu_prepass_us=0 gpu_main_us=8355 gpu_composite_us=0 gpu_blit_us=0
frust_shell_common::perf: frust-perf raw n=1003 total_us=6072 rebuild_us=306 layout_us=0 paint_us=117 encode_us=49 acquire_us=1581 submit_us=4018 skipped=0 gpu_q=1 gpu_total_us=6054 gpu_prepass_us=0 gpu_main_us=6054 gpu_composite_us=0 gpu_blit_us=0
frust_shell_common::perf: frust-perf raw n=1004 total_us=6161 rebuild_us=202 layout_us=0 paint_us=86 encode_us=50 acquire_us=1813 submit_us=4006 skipped=0 gpu_q=1 gpu_total_us=5958 gpu_prepass_us=0 gpu_main_us=5958 gpu_composite_us=0 gpu_blit_us=0
frust_shell_common::perf: frust-perf raw n=1005 total_us=6670 rebuild_us=194 layout_us=0 paint_us=91 encode_us=54 acquire_us=1933 submit_us=4396 skipped=0 gpu_q=1 gpu_total_us=5987 gpu_prepass_us=0 gpu_main_us=5987 gpu_composite_us=0 gpu_blit_us=0
frust_shell_android::app::frame: frust-perf platform-view tail depth=0 target=0 acquire_bound=false frame=1018 expected_present_us=0 acquire_us=1615 period_us=11146
frust_shell_common::perf: frust-perf raw n=1006 total_us=6305 rebuild_us=206 layout_us=0 paint_us=87 encode_us=46 acquire_us=2010 submit_us=3952 skipped=0 gpu_q=1 gpu_total_us=6017 gpu_prepass_us=0 gpu_main_us=6017 gpu_composite_us=0 gpu_blit_us=0
frust_shell_common::perf: frust-perf raw n=1007 total_us=4806 rebuild_us=198 layout_us=0 paint_us=96 encode_us=48 acquire_us=854 submit_us=3607 skipped=0 gpu_q=1 gpu_total_us=5995 gpu_prepass_us=0 gpu_main_us=5995 gpu_composite_us=0 gpu_blit_us=0
frust_shell_common::perf: frust-perf raw n=1008 total_us=5167 rebuild_us=208 layout_us=0 paint_us=87 encode_us=53 acquire_us=1193 submit_us=3624 skipped=0 gpu_q=1 gpu_total_us=6001 gpu_prepass_us=0 gpu_main_us=6001 gpu_composite_us=0 gpu_blit_us=0
frust_shell_common::perf: bench-scenario-start s3-create10k
frust_shell_common::perf: frust-perf raw n=1009 total_us=9111 rebuild_us=4929 layout_us=187 paint_us=141 encode_us=50 acquire_us=82 submit_us=3720 skipped=0 gpu_q=1 gpu_total_us=5993 gpu_prepass_us=0 gpu_main_us=5993 gpu_composite_us=0 gpu_blit_us=0
frust_shell_common::perf: bench-scenario-end s3-create10k
frust_shell_common::perf: frust-perf raw n=1010 total_us=4355 rebuild_us=703 layout_us=0 paint_us=125 encode_us=44 acquire_us=66 submit_us=3415 skipped=0 gpu_q=1 gpu_total_us=6009 gpu_prepass_us=0 gpu_main_us=6009 gpu_composite_us=0 gpu_blit_us=0
frust_shell_common::perf: frust-perf raw n=1011 total_us=4585 rebuild_us=300 layout_us=0 paint_us=124 encode_us=44 acquire_us=542 submit_us=3574 skipped=0 gpu_q=1 gpu_total_us=6298 gpu_prepass_us=0 gpu_main_us=6298 gpu_composite_us=0 gpu_blit_us=0
frust_shell_common::perf: frust-perf raw n=1012 total_us=5792 rebuild_us=210 layout_us=0 paint_us=89 encode_us=52 acquire_us=1711 submit_us=3728 skipped=0 gpu_q=1 gpu_total_us=6003 gpu_prepass_us=0 gpu_main_us=6003 gpu_composite_us=0 gpu_blit_us=0
frust_shell_common::perf: frust-perf raw n=1013 total_us=6393 rebuild_us=203 layout_us=0 paint_us=90 encode_us=48 acquire_us=1738 submit_us=4313 skipped=0 gpu_q=1 gpu_total_us=5180 gpu_prepass_us=0 gpu_main_us=5180 gpu_composite_us=0 gpu_blit_us=0
frust_shell_common::perf: frust-perf raw n=1014 total_us=5747 rebuild_us=202 layout_us=0 paint_us=86 encode_us=50 acquire_us=1685 submit_us=3722 skipped=0 gpu_q=1 gpu_total_us=5206 gpu_prepass_us=0 gpu_main_us=5206 gpu_composite_us=0 gpu_blit_us=0
frust_shell_common::perf: frust-perf raw n=1015 total_us=4636 rebuild_us=193 layout_us=0 paint_us=86 encode_us=47 acquire_us=1003 submit_us=3305 skipped=0 gpu_q=1 gpu_total_us=5240 gpu_prepass_us=0 gpu_main_us=5240 gpu_composite_us=0 gpu_blit_us=0
frust_shell_common::perf: frust-perf raw n=1016 total_us=6470 rebuild_us=226 layout_us=0 paint_us=104 encode_us=51 acquire_us=2076 submit_us=4011 skipped=0 gpu_q=1 gpu_total_us=5211 gpu_prepass_us=0 gpu_main_us=5211 gpu_composite_us=0 gpu_blit_us=0
frust_shell_common::perf: frust-perf raw n=1017 total_us=4980 rebuild_us=204 layout_us=0 paint_us=89 encode_us=50 acquire_us=1196 submit_us=3438 skipped=0 gpu_q=1 gpu_total_us=5248 gpu_prepass_us=0 gpu_main_us=5248 gpu_composite_us=0 gpu_blit_us=0
frust_shell_common::perf: frust-perf raw n=1018 total_us=5188 rebuild_us=198 layout_us=0 paint_us=91 encode_us=49 acquire_us=1514 submit_us=3333 skipped=0 gpu_q=1 gpu_total_us=5216 gpu_prepass_us=0 gpu_main_us=5216 gpu_composite_us=0 gpu_blit_us=0
frust_shell_common::perf: frust-perf raw n=1019 total_us=4568 rebuild_us=452 layout_us=0 paint_us=97 encode_us=47 acquire_us=75 submit_us=3896 skipped=0 gpu_q=1 gpu_total_us=5208 gpu_prepass_us=0 gpu_main_us=5208 gpu_composite_us=0 gpu_blit_us=0
frust_shell_common::perf: frust-perf raw n=1020 total_us=5946 rebuild_us=226 layout_us=0 paint_us=105 encode_us=51 acquire_us=1135 submit_us=4427 skipped=0 gpu_q=1 gpu_total_us=5499 gpu_prepass_us=0 gpu_main_us=5499 gpu_composite_us=0 gpu_blit_us=0
frust_shell_common::perf: frust-perf raw n=1021 total_us=6547 rebuild_us=262 layout_us=0 paint_us=109 encode_us=50 acquire_us=1727 submit_us=4397 skipped=0 gpu_q=1 gpu_total_us=5198 gpu_prepass_us=0 gpu_main_us=5198 gpu_composite_us=0 gpu_blit_us=0
frust_shell_common::perf: frust-perf raw n=1022 total_us=6818 rebuild_us=241 layout_us=0 paint_us=101 encode_us=49 acquire_us=2044 submit_us=4381 skipped=0 gpu_q=1 gpu_total_us=5215 gpu_prepass_us=0 gpu_main_us=5215 gpu_composite_us=0 gpu_blit_us=0
frust_shell_common::perf: frust-perf raw n=1023 total_us=6690 rebuild_us=219 layout_us=0 paint_us=99 encode_us=52 acquire_us=1924 submit_us=4393 skipped=0 gpu_q=1 gpu_total_us=5201 gpu_prepass_us=0 gpu_main_us=5201 gpu_composite_us=0 gpu_blit_us=0
frust_shell_common::perf: frust-perf raw n=1024 total_us=5646 rebuild_us=221 layout_us=0 paint_us=94 encode_us=46 acquire_us=1224 submit_us=4058 skipped=0 gpu_q=1 gpu_total_us=5218 gpu_prepass_us=0 gpu_main_us=5218 gpu_composite_us=0 gpu_blit_us=0
frust_shell_common::perf: frust-perf raw n=1025 total_us=6056 rebuild_us=232 layout_us=0 paint_us=99 encode_us=51 acquire_us=1342 submit_us=4330 skipped=0 gpu_q=1 gpu_total_us=5211 gpu_prepass_us=0 gpu_main_us=5211 gpu_composite_us=0 gpu_blit_us=0
frust_shell_common::perf: frust-perf raw n=1026 total_us=6175 rebuild_us=226 layout_us=0 paint_us=100 encode_us=62 acquire_us=1487 submit_us=4299 skipped=0 gpu_q=1 gpu_total_us=5190 gpu_prepass_us=0 gpu_main_us=5190 gpu_composite_us=0 gpu_blit_us=0
frust_shell_common::perf: frust-perf raw n=1027 total_us=7075 rebuild_us=223 layout_us=0 paint_us=93 encode_us=47 acquire_us=2363 submit_us=4347 skipped=0 gpu_q=1 gpu_total_us=5199 gpu_prepass_us=0 gpu_main_us=5199 gpu_composite_us=0 gpu_blit_us=0
frust_shell_common::perf: frust-perf raw n=1028 total_us=5242 rebuild_us=287 layout_us=0 paint_us=109 encode_us=172 acquire_us=763 submit_us=3909 skipped=0 gpu_q=1 gpu_total_us=5222 gpu_prepass_us=0 gpu_main_us=5222 gpu_composite_us=0 gpu_blit_us=0
frust_shell_common::perf: bench-scenario-start s3-update
frust_shell_common::perf: frust-perf raw n=1029 total_us=8259 rebuild_us=3672 layout_us=73 paint_us=99 encode_us=49 acquire_us=87 submit_us=4277 skipped=0 gpu_q=1 gpu_total_us=7514 gpu_prepass_us=0 gpu_main_us=7514 gpu_composite_us=0 gpu_blit_us=0
frust_shell_common::perf: bench-scenario-end s3-update
frust_shell_common::perf: frust-perf raw n=1030 total_us=6804 rebuild_us=393 layout_us=0 paint_us=188 encode_us=57 acquire_us=1341 submit_us=4822 skipped=0 gpu_q=1 gpu_total_us=7214 gpu_prepass_us=0 gpu_main_us=7214 gpu_composite_us=0 gpu_blit_us=0
frust_shell_common::perf: frust-perf raw n=1031 total_us=6139 rebuild_us=199 layout_us=0 paint_us=101 encode_us=55 acquire_us=1691 submit_us=4090 skipped=0 gpu_q=1 gpu_total_us=7214 gpu_prepass_us=0 gpu_main_us=7214 gpu_composite_us=0 gpu_blit_us=0
frust_shell_common::perf: frust-perf raw n=1032 total_us=5890 rebuild_us=204 layout_us=0 paint_us=95 encode_us=59 acquire_us=1511 submit_us=4019 skipped=0 gpu_q=1 gpu_total_us=7213 gpu_prepass_us=0 gpu_main_us=7213 gpu_composite_us=0 gpu_blit_us=0
frust_shell_common::perf: frust-perf raw n=1033 total_us=7470 rebuild_us=304 layout_us=0 paint_us=115 encode_us=112 acquire_us=2292 submit_us=4644 skipped=0 gpu_q=1 gpu_total_us=7229 gpu_prepass_us=0 gpu_main_us=7229 gpu_composite_us=0 gpu_blit_us=0
frust_shell_common::perf: frust-perf raw n=1034 total_us=6557 rebuild_us=214 layout_us=0 paint_us=103 encode_us=53 acquire_us=2035 submit_us=4150 skipped=0 gpu_q=1 gpu_total_us=7241 gpu_prepass_us=0 gpu_main_us=7241 gpu_composite_us=0 gpu_blit_us=0
frust_shell_common::perf: frust-perf raw n=1035 total_us=6367 rebuild_us=211 layout_us=0 paint_us=96 encode_us=53 acquire_us=1952 submit_us=4052 skipped=0 gpu_q=1 gpu_total_us=7261 gpu_prepass_us=0 gpu_main_us=7261 gpu_composite_us=0 gpu_blit_us=0
frust_shell_common::perf: frust-perf raw n=1036 total_us=7459 rebuild_us=198 layout_us=0 paint_us=92 encode_us=57 acquire_us=3145 submit_us=3964 skipped=0 gpu_q=1 gpu_total_us=7247 gpu_prepass_us=0 gpu_main_us=7247 gpu_composite_us=0 gpu_blit_us=0
frust_shell_common::perf: frust-perf raw n=1037 total_us=6710 rebuild_us=219 layout_us=0 paint_us=100 encode_us=55 acquire_us=2321 submit_us=4012 skipped=0 gpu_q=1 gpu_total_us=7240 gpu_prepass_us=0 gpu_main_us=7240 gpu_composite_us=0 gpu_blit_us=0
frust_shell_common::perf: frust-perf raw n=1038 total_us=6446 rebuild_us=347 layout_us=0 paint_us=99 encode_us=59 acquire_us=1876 submit_us=4063 skipped=0 gpu_q=1 gpu_total_us=8480 gpu_prepass_us=0 gpu_main_us=8480 gpu_composite_us=0 gpu_blit_us=0
frust_shell_common::perf: frust-perf raw n=1039 total_us=6617 rebuild_us=198 layout_us=0 paint_us=92 encode_us=48 acquire_us=2368 submit_us=3909 skipped=0 gpu_q=1 gpu_total_us=7246 gpu_prepass_us=0 gpu_main_us=7246 gpu_composite_us=0 gpu_blit_us=0
frust_shell_common::perf: frust-perf raw n=1040 total_us=6906 rebuild_us=211 layout_us=0 paint_us=96 encode_us=53 acquire_us=2319 submit_us=4225 skipped=0 gpu_q=1 gpu_total_us=7238 gpu_prepass_us=0 gpu_main_us=7238 gpu_composite_us=0 gpu_blit_us=0
frust_shell_common::perf: frust-perf raw n=1041 total_us=6844 rebuild_us=203 layout_us=0 paint_us=103 encode_us=54 acquire_us=2504 submit_us=3977 skipped=0 gpu_q=1 gpu_total_us=7244 gpu_prepass_us=0 gpu_main_us=7244 gpu_composite_us=0 gpu_blit_us=0
frust_shell_common::perf: frust-perf raw n=1042 total_us=7512 rebuild_us=211 layout_us=0 paint_us=96 encode_us=57 acquire_us=2664 submit_us=4481 skipped=0 gpu_q=1 gpu_total_us=7249 gpu_prepass_us=0 gpu_main_us=7249 gpu_composite_us=0 gpu_blit_us=0
frust_shell_common::perf: frust-perf raw n=1043 total_us=6268 rebuild_us=249 layout_us=0 paint_us=103 encode_us=54 acquire_us=1819 submit_us=4042 skipped=0 gpu_q=1 gpu_total_us=7234 gpu_prepass_us=0 gpu_main_us=7234 gpu_composite_us=0 gpu_blit_us=0
frust_shell_common::perf: frust-perf raw n=1044 total_us=7168 rebuild_us=215 layout_us=0 paint_us=101 encode_us=53 acquire_us=2480 submit_us=4316 skipped=0 gpu_q=1 gpu_total_us=7235 gpu_prepass_us=0 gpu_main_us=7235 gpu_composite_us=0 gpu_blit_us=0
frust_shell_common::perf: frust-perf raw n=1045 total_us=6912 rebuild_us=194 layout_us=0 paint_us=92 encode_us=49 acquire_us=2282 submit_us=4293 skipped=0 gpu_q=1 gpu_total_us=7234 gpu_prepass_us=0 gpu_main_us=7234 gpu_composite_us=0 gpu_blit_us=0
frust_shell_common::perf: frust-perf raw n=1046 total_us=6685 rebuild_us=208 layout_us=0 paint_us=92 encode_us=52 acquire_us=2389 submit_us=3942 skipped=0 gpu_q=1 gpu_total_us=7238 gpu_prepass_us=0 gpu_main_us=7238 gpu_composite_us=0 gpu_blit_us=0
frust_shell_common::perf: frust-perf raw n=1047 total_us=6450 rebuild_us=284 layout_us=0 paint_us=111 encode_us=59 acquire_us=1817 submit_us=4176 skipped=0 gpu_q=1 gpu_total_us=7565 gpu_prepass_us=0 gpu_main_us=7565 gpu_composite_us=0 gpu_blit_us=0
frust_shell_common::perf: frust-perf raw n=1048 total_us=7580 rebuild_us=202 layout_us=0 paint_us=96 encode_us=53 acquire_us=3160 submit_us=4066 skipped=0 gpu_q=1 gpu_total_us=7225 gpu_prepass_us=0 gpu_main_us=7225 gpu_composite_us=0 gpu_blit_us=0
frust_shell_common::perf: bench-scenario-start s3-swap
frust_shell_common::perf: frust-perf raw n=1049 total_us=7614 rebuild_us=3295 layout_us=78 paint_us=92 encode_us=57 acquire_us=87 submit_us=4002 skipped=0 gpu_q=1 gpu_total_us=7245 gpu_prepass_us=0 gpu_main_us=7245 gpu_composite_us=0 gpu_blit_us=0
frust_shell_common::perf: bench-scenario-end s3-swap
frust_shell_common::perf: frust-perf raw n=1050 total_us=6342 rebuild_us=630 layout_us=0 paint_us=133 encode_us=57 acquire_us=817 submit_us=4703 skipped=0 gpu_q=1 gpu_total_us=7233 gpu_prepass_us=0 gpu_main_us=7233 gpu_composite_us=0 gpu_blit_us=0
frust_shell_common::perf: frust-perf raw n=1051 total_us=6727 rebuild_us=204 layout_us=0 paint_us=96 encode_us=58 acquire_us=2504 submit_us=3862 skipped=0 gpu_q=1 gpu_total_us=7247 gpu_prepass_us=0 gpu_main_us=7247 gpu_composite_us=0 gpu_blit_us=0
frust_shell_common::perf: frust-perf raw n=1052 total_us=3894 rebuild_us=221 layout_us=0 paint_us=92 encode_us=46 acquire_us=67 submit_us=3467 skipped=0 gpu_q=1 gpu_total_us=7223 gpu_prepass_us=0 gpu_main_us=7223 gpu_composite_us=0 gpu_blit_us=0
frust_shell_common::perf: frust-perf raw n=1053 total_us=4354 rebuild_us=600 layout_us=0 paint_us=129 encode_us=66 acquire_us=98 submit_us=3458 skipped=0 gpu_q=1 gpu_total_us=7424 gpu_prepass_us=0 gpu_main_us=7424 gpu_composite_us=0 gpu_blit_us=0
frust_shell_common::perf: frust-perf raw n=1054 total_us=6902 rebuild_us=301 layout_us=0 paint_us=129 encode_us=56 acquire_us=1866 submit_us=4546 skipped=0 gpu_q=1 gpu_total_us=7429 gpu_prepass_us=0 gpu_main_us=7429 gpu_composite_us=0 gpu_blit_us=0
frust_shell_common::perf: frust-perf raw n=1055 total_us=5672 rebuild_us=195 layout_us=0 paint_us=89 encode_us=50 acquire_us=1511 submit_us=3824 skipped=0 gpu_q=1 gpu_total_us=7440 gpu_prepass_us=0 gpu_main_us=7440 gpu_composite_us=0 gpu_blit_us=0
frust_shell_common::perf: frust-perf raw n=1056 total_us=6031 rebuild_us=198 layout_us=0 paint_us=92 encode_us=54 acquire_us=1754 submit_us=3932 skipped=0 gpu_q=1 gpu_total_us=7729 gpu_prepass_us=0 gpu_main_us=7729 gpu_composite_us=0 gpu_blit_us=0
frust_shell_common::perf: frust-perf raw n=1057 total_us=6118 rebuild_us=231 layout_us=0 paint_us=98 encode_us=53 acquire_us=1492 submit_us=4241 skipped=0 gpu_q=1 gpu_total_us=7429 gpu_prepass_us=0 gpu_main_us=7429 gpu_composite_us=0 gpu_blit_us=0
frust_shell_common::perf: frust-perf raw n=1058 total_us=6385 rebuild_us=205 layout_us=0 paint_us=87 encode_us=56 acquire_us=2010 submit_us=4024 skipped=0 gpu_q=1 gpu_total_us=7407 gpu_prepass_us=0 gpu_main_us=7407 gpu_composite_us=0 gpu_blit_us=0
frust_shell_common::perf: frust-perf raw n=1059 total_us=4535 rebuild_us=597 layout_us=1 paint_us=449 encode_us=44 acquire_us=64 submit_us=3379 skipped=0 gpu_q=1 gpu_total_us=7424 gpu_prepass_us=0 gpu_main_us=7424 gpu_composite_us=0 gpu_blit_us=0
frust_shell_common::perf: frust-perf raw n=1060 total_us=6093 rebuild_us=227 layout_us=0 paint_us=94 encode_us=51 acquire_us=1414 submit_us=4306 skipped=0 gpu_q=1 gpu_total_us=7429 gpu_prepass_us=0 gpu_main_us=7429 gpu_composite_us=0 gpu_blit_us=0
frust_shell_common::perf: frust-perf raw n=1061 total_us=5771 rebuild_us=221 layout_us=0 paint_us=93 encode_us=51 acquire_us=1002 submit_us=4402 skipped=0 gpu_q=1 gpu_total_us=7438 gpu_prepass_us=0 gpu_main_us=7438 gpu_composite_us=0 gpu_blit_us=0
frust_shell_common::perf: frust-perf raw n=1062 total_us=4476 rebuild_us=203 layout_us=0 paint_us=91 encode_us=50 acquire_us=803 submit_us=3327 skipped=0 gpu_q=1 gpu_total_us=7433 gpu_prepass_us=0 gpu_main_us=7433 gpu_composite_us=0 gpu_blit_us=0
frust_shell_common::perf: frust-perf raw n=1063 total_us=4509 rebuild_us=204 layout_us=0 paint_us=87 encode_us=49 acquire_us=67 submit_us=4101 skipped=0 gpu_q=1 gpu_total_us=7424 gpu_prepass_us=0 gpu_main_us=7424 gpu_composite_us=0 gpu_blit_us=0
frust_shell_common::perf: frust-perf raw n=1064 total_us=4429 rebuild_us=198 layout_us=0 paint_us=84 encode_us=48 acquire_us=72 submit_us=4025 skipped=0 gpu_q=1 gpu_total_us=7429 gpu_prepass_us=0 gpu_main_us=7429 gpu_composite_us=0 gpu_blit_us=0
frust_shell_common::perf: frust-perf raw n=1065 total_us=4816 rebuild_us=584 layout_us=1 paint_us=126 encode_us=82 acquire_us=70 submit_us=3950 skipped=0 gpu_q=1 gpu_total_us=7730 gpu_prepass_us=0 gpu_main_us=7730 gpu_composite_us=0 gpu_blit_us=0
frust_shell_common::perf: frust-perf raw n=1066 total_us=6539 rebuild_us=302 layout_us=0 paint_us=128 encode_us=59 acquire_us=1071 submit_us=4977 skipped=0 gpu_q=1 gpu_total_us=7443 gpu_prepass_us=0 gpu_main_us=7443 gpu_composite_us=0 gpu_blit_us=0
frust_shell_common::perf: frust-perf raw n=1067 total_us=6464 rebuild_us=222 layout_us=0 paint_us=99 encode_us=53 acquire_us=1441 submit_us=4646 skipped=0 gpu_q=1 gpu_total_us=7419 gpu_prepass_us=0 gpu_main_us=7419 gpu_composite_us=0 gpu_blit_us=0
frust_shell_common::perf: frust-perf raw n=1068 total_us=6808 rebuild_us=241 layout_us=0 paint_us=105 encode_us=54 acquire_us=1698 submit_us=4707 skipped=0 gpu_q=1 gpu_total_us=7433 gpu_prepass_us=0 gpu_main_us=7433 gpu_composite_us=0 gpu_blit_us=0
frust_shell_common::perf: bench-scenario-start s3-clear
frust_shell_common::perf: frust-perf raw n=1069 total_us=7856 rebuild_us=4737 layout_us=21 paint_us=26 encode_us=39 acquire_us=94 submit_us=2937 skipped=0 gpu_q=1 gpu_total_us=7431 gpu_prepass_us=0 gpu_main_us=7431 gpu_composite_us=0 gpu_blit_us=0
frust_shell_common::perf: bench-scenario-end s3-clear
frust_shell_common::perf: frust-perf raw n=1070 total_us=5253 rebuild_us=148 layout_us=0 paint_us=31 encode_us=20 acquire_us=2409 submit_us=2643 skipped=0 gpu_q=1 gpu_total_us=7439 gpu_prepass_us=0 gpu_main_us=7439 gpu_composite_us=0 gpu_blit_us=0
frust_shell_common::perf: frust-perf raw n=1071 total_us=4139 rebuild_us=82 layout_us=0 paint_us=25 encode_us=18 acquire_us=1618 submit_us=2394 skipped=0 gpu_q=1 gpu_total_us=7423 gpu_prepass_us=0 gpu_main_us=7423 gpu_composite_us=0 gpu_blit_us=0
frust_shell_common::perf: frust-perf raw n=1072 total_us=2483 rebuild_us=85 layout_us=0 paint_us=81 encode_us=17 acquire_us=70 submit_us=2228 skipped=0 gpu_q=1 gpu_total_us=7431 gpu_prepass_us=0 gpu_main_us=7431 gpu_composite_us=0 gpu_blit_us=0
frust_shell_common::perf: frust-perf raw n=1073 total_us=5750 rebuild_us=87 layout_us=0 paint_us=29 encode_us=18 acquire_us=2758 submit_us=2857 skipped=0 gpu_q=1 gpu_total_us=3190 gpu_prepass_us=0 gpu_main_us=3190 gpu_composite_us=0 gpu_blit_us=0
frust_shell_common::perf: frust-perf raw n=1074 total_us=4892 rebuild_us=96 layout_us=0 paint_us=31 encode_us=19 acquire_us=1953 submit_us=2791 skipped=0 gpu_q=1 gpu_total_us=3199 gpu_prepass_us=0 gpu_main_us=3199 gpu_composite_us=0 gpu_blit_us=0
frust_shell_common::perf: frust-perf raw n=1075 total_us=4985 rebuild_us=100 layout_us=35 paint_us=32 encode_us=22 acquire_us=1992 submit_us=2800 skipped=0 gpu_q=1 gpu_total_us=3161 gpu_prepass_us=0 gpu_main_us=3161 gpu_composite_us=0 gpu_blit_us=0
frust_shell_common::perf: frust-perf raw n=1076 total_us=6528 rebuild_us=100 layout_us=0 paint_us=32 encode_us=23 acquire_us=3173 submit_us=3198 skipped=0 gpu_q=1 gpu_total_us=3186 gpu_prepass_us=0 gpu_main_us=3186 gpu_composite_us=0 gpu_blit_us=0
frust_shell_common::perf: frust-perf raw n=1077 total_us=5011 rebuild_us=103 layout_us=0 paint_us=34 encode_us=218 acquire_us=2039 submit_us=2615 skipped=0 gpu_q=1 gpu_total_us=3184 gpu_prepass_us=0 gpu_main_us=3184 gpu_composite_us=0 gpu_blit_us=0
frust_shell_common::perf: frust-perf raw n=1078 total_us=2946 rebuild_us=96 layout_us=0 paint_us=31 encode_us=20 acquire_us=76 submit_us=2722 skipped=0 gpu_q=1 gpu_total_us=3182 gpu_prepass_us=0 gpu_main_us=3182 gpu_composite_us=0 gpu_blit_us=0
frust_shell_common::perf: frust-perf raw n=1079 total_us=4004 rebuild_us=92 layout_us=0 paint_us=31 encode_us=20 acquire_us=1263 submit_us=2597 skipped=0 gpu_q=1 gpu_total_us=3209 gpu_prepass_us=0 gpu_main_us=3209 gpu_composite_us=0 gpu_blit_us=0
frust_shell_common::perf: frust-perf raw n=1080 total_us=5024 rebuild_us=98 layout_us=0 paint_us=30 encode_us=21 acquire_us=1764 submit_us=3108 skipped=0 gpu_q=1 gpu_total_us=3208 gpu_prepass_us=0 gpu_main_us=3208 gpu_composite_us=0 gpu_blit_us=0
frust_shell_common::perf: frust-perf raw n=1081 total_us=4360 rebuild_us=108 layout_us=0 paint_us=31 encode_us=20 acquire_us=1597 submit_us=2602 skipped=0 gpu_q=1 gpu_total_us=3227 gpu_prepass_us=0 gpu_main_us=3227 gpu_composite_us=0 gpu_blit_us=0
frust_shell_common::perf: frust-perf raw n=1082 total_us=4738 rebuild_us=93 layout_us=0 paint_us=31 encode_us=20 acquire_us=2064 submit_us=2528 skipped=0 gpu_q=1 gpu_total_us=3222 gpu_prepass_us=0 gpu_main_us=3222 gpu_composite_us=0 gpu_blit_us=0
frust_shell_common::perf: frust-perf raw n=1083 total_us=5114 rebuild_us=120 layout_us=0 paint_us=37 encode_us=21 acquire_us=1750 submit_us=3183 skipped=0 gpu_q=1 gpu_total_us=3223 gpu_prepass_us=0 gpu_main_us=3223 gpu_composite_us=0 gpu_blit_us=0
frust_shell_common::perf: frust-perf raw n=1084 total_us=4779 rebuild_us=107 layout_us=0 paint_us=31 encode_us=21 acquire_us=1914 submit_us=2704 skipped=0 gpu_q=1 gpu_total_us=3205 gpu_prepass_us=0 gpu_main_us=3205 gpu_composite_us=0 gpu_blit_us=0
frust_shell_common::perf: frust-perf raw n=1085 total_us=4458 rebuild_us=93 layout_us=0 paint_us=31 encode_us=20 acquire_us=1645 submit_us=2667 skipped=0 gpu_q=1 gpu_total_us=3207 gpu_prepass_us=0 gpu_main_us=3207 gpu_composite_us=0 gpu_blit_us=0
frust_shell_common::perf: frust-perf raw n=1086 total_us=6576 rebuild_us=107 layout_us=0 paint_us=36 encode_us=21 acquire_us=2800 submit_us=3609 skipped=0 gpu_q=1 gpu_total_us=3201 gpu_prepass_us=0 gpu_main_us=3201 gpu_composite_us=0 gpu_blit_us=0
frust_shell_common::perf: frust-perf raw n=1087 total_us=5541 rebuild_us=116 layout_us=0 paint_us=38 encode_us=21 acquire_us=1951 submit_us=3412 skipped=0 gpu_q=1 gpu_total_us=3209 gpu_prepass_us=0 gpu_main_us=3209 gpu_composite_us=0 gpu_blit_us=0
frust_shell_common::perf: frust-perf raw n=1088 total_us=5133 rebuild_us=241 layout_us=2 paint_us=105 encode_us=24 acquire_us=1421 submit_us=3338 skipped=0 gpu_q=1 gpu_total_us=3215 gpu_prepass_us=0 gpu_main_us=3215 gpu_composite_us=0 gpu_blit_us=0
frust_shell_common::perf: bench-scenario-start s3-create1k
frust_shell_common::perf: bench-scenario-end s3-create1k
frust_shell_common::perf: frust-perf raw n=1089 total_us=18367 rebuild_us=3588 layout_us=823 paint_us=697 encode_us=55 acquire_us=105 submit_us=13096 skipped=0 gpu_q=1 gpu_total_us=3213 gpu_prepass_us=0 gpu_main_us=3213 gpu_composite_us=0 gpu_blit_us=0
frust_shell_common::perf: frust-perf raw n=1090 total_us=9879 rebuild_us=1000 layout_us=2 paint_us=416 encode_us=68 acquire_us=55 submit_us=8336 skipped=0 gpu_q=1 gpu_total_us=3204 gpu_prepass_us=0 gpu_main_us=3204 gpu_composite_us=0 gpu_blit_us=0
frust_shell_common::perf: frust-perf raw n=1091 total_us=8673 rebuild_us=266 layout_us=0 paint_us=124 encode_us=82 acquire_us=57 submit_us=8140 skipped=0 gpu_q=1 gpu_total_us=3213 gpu_prepass_us=0 gpu_main_us=3213 gpu_composite_us=0 gpu_blit_us=0
frust_shell_common::perf: frust-perf raw n=1092 total_us=7487 rebuild_us=260 layout_us=0 paint_us=111 encode_us=60 acquire_us=47 submit_us=7006 skipped=0 gpu_q=1 gpu_total_us=3206 gpu_prepass_us=0 gpu_main_us=3206 gpu_composite_us=0 gpu_blit_us=0
frust_shell_common::perf: frust-perf raw n=1093 total_us=9616 rebuild_us=265 layout_us=0 paint_us=88 encode_us=40 acquire_us=1747 submit_us=7473 skipped=0 gpu_q=1 gpu_total_us=4915 gpu_prepass_us=0 gpu_main_us=4915 gpu_composite_us=0 gpu_blit_us=0
frust_shell_common::perf: frust-perf raw n=1094 total_us=9283 rebuild_us=233 layout_us=0 paint_us=104 encode_us=46 acquire_us=1385 submit_us=7513 skipped=0 gpu_q=1 gpu_total_us=4988 gpu_prepass_us=0 gpu_main_us=4988 gpu_composite_us=0 gpu_blit_us=0
frust_shell_common::perf: frust-perf raw n=1095 total_us=7223 rebuild_us=208 layout_us=0 paint_us=90 encode_us=56 acquire_us=986 submit_us=5880 skipped=0 gpu_q=1 gpu_total_us=5066 gpu_prepass_us=0 gpu_main_us=5066 gpu_composite_us=0 gpu_blit_us=0
frust_shell_common::perf: frust-perf raw n=1096 total_us=7326 rebuild_us=191 layout_us=0 paint_us=79 encode_us=42 acquire_us=894 submit_us=6117 skipped=0 gpu_q=1 gpu_total_us=4901 gpu_prepass_us=0 gpu_main_us=4901 gpu_composite_us=0 gpu_blit_us=0
frust_shell_common::perf: frust-perf raw n=1097 total_us=8902 rebuild_us=206 layout_us=0 paint_us=95 encode_us=48 acquire_us=2428 submit_us=6123 skipped=0 gpu_q=1 gpu_total_us=4904 gpu_prepass_us=0 gpu_main_us=4904 gpu_composite_us=0 gpu_blit_us=0
frust_shell_common::perf: frust-perf raw n=1098 total_us=6694 rebuild_us=214 layout_us=0 paint_us=95 encode_us=49 acquire_us=1889 submit_us=4445 skipped=0 gpu_q=1 gpu_total_us=4899 gpu_prepass_us=0 gpu_main_us=4899 gpu_composite_us=0 gpu_blit_us=0
frust_shell_common::perf: frust-perf raw n=1099 total_us=6111 rebuild_us=221 layout_us=0 paint_us=97 encode_us=43 acquire_us=1542 submit_us=4206 skipped=0 gpu_q=1 gpu_total_us=4889 gpu_prepass_us=0 gpu_main_us=4889 gpu_composite_us=0 gpu_blit_us=0
frust_shell_common::perf: frust-perf raw n=1100 total_us=6378 rebuild_us=205 layout_us=0 paint_us=93 encode_us=51 acquire_us=1706 submit_us=4320 skipped=0 gpu_q=1 gpu_total_us=4892 gpu_prepass_us=0 gpu_main_us=4892 gpu_composite_us=0 gpu_blit_us=0
frust_shell_common::perf: frust-perf raw n=1101 total_us=7708 rebuild_us=202 layout_us=0 paint_us=99 encode_us=50 acquire_us=3003 submit_us=4352 skipped=0 gpu_q=1 gpu_total_us=4891 gpu_prepass_us=0 gpu_main_us=4891 gpu_composite_us=0 gpu_blit_us=0
frust_shell_common::perf: frust-perf raw n=1102 total_us=7645 rebuild_us=200 layout_us=0 paint_us=91 encode_us=51 acquire_us=3026 submit_us=4275 skipped=0 gpu_q=1 gpu_total_us=8752 gpu_prepass_us=439 gpu_main_us=8312 gpu_composite_us=0 gpu_blit_us=0
frust_shell_common::perf: frust-perf raw n=1103 total_us=7420 rebuild_us=196 layout_us=0 paint_us=95 encode_us=54 acquire_us=2721 submit_us=4352 skipped=0 gpu_q=1 gpu_total_us=8313 gpu_prepass_us=0 gpu_main_us=8313 gpu_composite_us=0 gpu_blit_us=0
frust_shell_common::perf: frust-perf raw n=1104 total_us=7040 rebuild_us=202 layout_us=0 paint_us=107 encode_us=50 acquire_us=2214 submit_us=4464 skipped=0 gpu_q=1 gpu_total_us=8325 gpu_prepass_us=0 gpu_main_us=8325 gpu_composite_us=0 gpu_blit_us=0
frust_shell_common::perf: frust-perf raw n=1105 total_us=6987 rebuild_us=197 layout_us=0 paint_us=115 encode_us=49 acquire_us=2351 submit_us=4273 skipped=0 gpu_q=1 gpu_total_us=8313 gpu_prepass_us=0 gpu_main_us=8313 gpu_composite_us=0 gpu_blit_us=0
frust_shell_common::perf: frust-perf raw n=1106 total_us=6879 rebuild_us=223 layout_us=0 paint_us=102 encode_us=49 acquire_us=2257 submit_us=4247 skipped=0 gpu_q=1 gpu_total_us=8299 gpu_prepass_us=0 gpu_main_us=8299 gpu_composite_us=0 gpu_blit_us=0
frust_shell_common::perf: frust-perf raw n=1107 total_us=6966 rebuild_us=221 layout_us=0 paint_us=102 encode_us=51 acquire_us=2236 submit_us=4352 skipped=0 gpu_q=1 gpu_total_us=8318 gpu_prepass_us=0 gpu_main_us=8318 gpu_composite_us=0 gpu_blit_us=0
frust_shell_common::perf: frust-perf raw n=1108 total_us=6791 rebuild_us=200 layout_us=0 paint_us=96 encode_us=55 acquire_us=2081 submit_us=4356 skipped=0 gpu_q=1 gpu_total_us=8331 gpu_prepass_us=0 gpu_main_us=8331 gpu_composite_us=0 gpu_blit_us=0
frust_shell_common::perf: bench-scenario-start s3-create10k
frust_shell_common::perf: frust-perf raw n=1109 total_us=9661 rebuild_us=5250 layout_us=231 paint_us=154 encode_us=57 acquire_us=96 submit_us=3869 skipped=0 gpu_q=1 gpu_total_us=8339 gpu_prepass_us=0 gpu_main_us=8339 gpu_composite_us=0 gpu_blit_us=0
frust_shell_common::perf: bench-scenario-end s3-create10k
frust_shell_common::perf: frust-perf raw n=1110 total_us=6874 rebuild_us=243 layout_us=0 paint_us=115 encode_us=56 acquire_us=2368 submit_us=4091 skipped=0 gpu_q=1 gpu_total_us=8325 gpu_prepass_us=0 gpu_main_us=8325 gpu_composite_us=0 gpu_blit_us=0
frust_shell_common::perf: frust-perf raw n=1111 total_us=6953 rebuild_us=193 layout_us=0 paint_us=92 encode_us=46 acquire_us=2485 submit_us=4135 skipped=0 gpu_q=1 gpu_total_us=8818 gpu_prepass_us=0 gpu_main_us=8818 gpu_composite_us=0 gpu_blit_us=0
frust_shell_common::perf: frust-perf raw n=1112 total_us=6701 rebuild_us=209 layout_us=0 paint_us=96 encode_us=52 acquire_us=2356 submit_us=3986 skipped=0 gpu_q=1 gpu_total_us=8326 gpu_prepass_us=0 gpu_main_us=8326 gpu_composite_us=0 gpu_blit_us=0
frust_shell_common::perf: frust-perf raw n=1113 total_us=6902 rebuild_us=212 layout_us=0 paint_us=93 encode_us=61 acquire_us=2555 submit_us=3979 skipped=0 gpu_q=1 gpu_total_us=7258 gpu_prepass_us=0 gpu_main_us=7258 gpu_composite_us=0 gpu_blit_us=0
frust_shell_common::perf: frust-perf raw n=1114 total_us=6638 rebuild_us=214 layout_us=0 paint_us=102 encode_us=54 acquire_us=2182 submit_us=4084 skipped=0 gpu_q=1 gpu_total_us=7195 gpu_prepass_us=0 gpu_main_us=7195 gpu_composite_us=0 gpu_blit_us=0
frust_shell_common::perf: frust-perf raw n=1115 total_us=6564 rebuild_us=225 layout_us=0 paint_us=107 encode_us=48 acquire_us=2241 submit_us=3940 skipped=0 gpu_q=1 gpu_total_us=5178 gpu_prepass_us=0 gpu_main_us=5178 gpu_composite_us=0 gpu_blit_us=0
frust_shell_common::perf: frust-perf raw n=1116 total_us=6834 rebuild_us=267 layout_us=0 paint_us=93 encode_us=51 acquire_us=2705 submit_us=3716 skipped=0 gpu_q=1 gpu_total_us=5174 gpu_prepass_us=0 gpu_main_us=5174 gpu_composite_us=0 gpu_blit_us=0
frust_shell_common::perf: frust-perf raw n=1117 total_us=3867 rebuild_us=212 layout_us=0 paint_us=83 encode_us=47 acquire_us=66 submit_us=3458 skipped=0 gpu_q=1 gpu_total_us=5204 gpu_prepass_us=0 gpu_main_us=5204 gpu_composite_us=0 gpu_blit_us=0
frust_shell_common::perf: frust-perf raw n=1118 total_us=3989 rebuild_us=303 layout_us=0 paint_us=119 encode_us=43 acquire_us=64 submit_us=3456 skipped=0 gpu_q=1 gpu_total_us=5206 gpu_prepass_us=0 gpu_main_us=5206 gpu_composite_us=0 gpu_blit_us=0
frust_shell_common::perf: frust-perf raw n=1119 total_us=6587 rebuild_us=322 layout_us=0 paint_us=126 encode_us=53 acquire_us=1377 submit_us=4706 skipped=0 gpu_q=1 gpu_total_us=5206 gpu_prepass_us=0 gpu_main_us=5206 gpu_composite_us=0 gpu_blit_us=0
frust_shell_common::perf: frust-perf raw n=1120 total_us=6879 rebuild_us=213 layout_us=0 paint_us=95 encode_us=54 acquire_us=2531 submit_us=3984 skipped=0 gpu_q=1 gpu_total_us=5182 gpu_prepass_us=0 gpu_main_us=5182 gpu_composite_us=0 gpu_blit_us=0
frust_shell_common::perf: frust-perf raw n=1121 total_us=6538 rebuild_us=215 layout_us=0 paint_us=93 encode_us=52 acquire_us=2125 submit_us=4050 skipped=0 gpu_q=1 gpu_total_us=5200 gpu_prepass_us=0 gpu_main_us=5200 gpu_composite_us=0 gpu_blit_us=0
frust_shell_common::perf: frust-perf raw n=1122 total_us=6646 rebuild_us=209 layout_us=0 paint_us=103 encode_us=59 acquire_us=2215 submit_us=4057 skipped=0 gpu_q=1 gpu_total_us=5206 gpu_prepass_us=0 gpu_main_us=5206 gpu_composite_us=0 gpu_blit_us=0
frust_shell_common::perf: frust-perf raw n=1123 total_us=7038 rebuild_us=212 layout_us=0 paint_us=125 encode_us=55 acquire_us=2534 submit_us=4110 skipped=0 gpu_q=1 gpu_total_us=5217 gpu_prepass_us=0 gpu_main_us=5217 gpu_composite_us=0 gpu_blit_us=0
frust_shell_common::perf: frust-perf raw n=1124 total_us=6933 rebuild_us=216 layout_us=0 paint_us=95 encode_us=56 acquire_us=2073 submit_us=4490 skipped=0 gpu_q=1 gpu_total_us=5195 gpu_prepass_us=0 gpu_main_us=5195 gpu_composite_us=0 gpu_blit_us=0
frust_shell_common::perf: frust-perf raw n=1125 total_us=6484 rebuild_us=201 layout_us=0 paint_us=98 encode_us=56 acquire_us=1967 submit_us=4159 skipped=0 gpu_q=1 gpu_total_us=5203 gpu_prepass_us=0 gpu_main_us=5203 gpu_composite_us=0 gpu_blit_us=0
frust_shell_android::app::frame: frust-perf platform-view tail depth=0 target=0 acquire_bound=false frame=1138 expected_present_us=0 acquire_us=2028 period_us=11134
frust_shell_common::perf: frust-perf raw n=1126 total_us=6116 rebuild_us=212 layout_us=0 paint_us=110 encode_us=46 acquire_us=2079 submit_us=3666 skipped=0 gpu_q=1 gpu_total_us=5203 gpu_prepass_us=0 gpu_main_us=5203 gpu_composite_us=0 gpu_blit_us=0
frust_shell_common::perf: frust-perf raw n=1127 total_us=5127 rebuild_us=198 layout_us=0 paint_us=84 encode_us=47 acquire_us=1289 submit_us=3507 skipped=0 gpu_q=1 gpu_total_us=5190 gpu_prepass_us=0 gpu_main_us=5190 gpu_composite_us=0 gpu_blit_us=0
frust_shell_common::perf: frust-perf raw n=1128 total_us=5687 rebuild_us=209 layout_us=0 paint_us=101 encode_us=54 acquire_us=1675 submit_us=3645 skipped=0 gpu_q=1 gpu_total_us=5178 gpu_prepass_us=0 gpu_main_us=5178 gpu_composite_us=0 gpu_blit_us=0
frust_shell_common::perf: bench-scenario-start s3-update
frust_shell_common::perf: frust-perf raw n=1129 total_us=7419 rebuild_us=3252 layout_us=68 paint_us=88 encode_us=50 acquire_us=80 submit_us=3879 skipped=0 gpu_q=1 gpu_total_us=5190 gpu_prepass_us=0 gpu_main_us=5190 gpu_composite_us=0 gpu_blit_us=0
frust_shell_common::perf: bench-scenario-end s3-update
frust_shell_common::perf: frust-perf raw n=1130 total_us=6150 rebuild_us=371 layout_us=0 paint_us=121 encode_us=62 acquire_us=1293 submit_us=4300 skipped=0 gpu_q=1 gpu_total_us=5186 gpu_prepass_us=0 gpu_main_us=5186 gpu_composite_us=0 gpu_blit_us=0
frust_shell_common::perf: frust-perf raw n=1131 total_us=6400 rebuild_us=197 layout_us=0 paint_us=95 encode_us=58 acquire_us=2238 submit_us=3809 skipped=0 gpu_q=1 gpu_total_us=5228 gpu_prepass_us=0 gpu_main_us=5228 gpu_composite_us=0 gpu_blit_us=0
frust_shell_common::perf: frust-perf raw n=1132 total_us=6758 rebuild_us=206 layout_us=0 paint_us=87 encode_us=53 acquire_us=2547 submit_us=3863 skipped=0 gpu_q=1 gpu_total_us=5211 gpu_prepass_us=0 gpu_main_us=5211 gpu_composite_us=0 gpu_blit_us=0
frust_shell_common::perf: frust-perf raw n=1133 total_us=5135 rebuild_us=218 layout_us=0 paint_us=97 encode_us=82 acquire_us=1264 submit_us=3471 skipped=0 gpu_q=1 gpu_total_us=5213 gpu_prepass_us=0 gpu_main_us=5213 gpu_composite_us=0 gpu_blit_us=0
frust_shell_common::perf: frust-perf raw n=1134 total_us=4564 rebuild_us=209 layout_us=0 paint_us=95 encode_us=115 acquire_us=786 submit_us=3356 skipped=0 gpu_q=1 gpu_total_us=5210 gpu_prepass_us=0 gpu_main_us=5210 gpu_composite_us=0 gpu_blit_us=0
frust_shell_common::perf: frust-perf raw n=1135 total_us=3780 rebuild_us=212 layout_us=0 paint_us=87 encode_us=45 acquire_us=64 submit_us=3370 skipped=0 gpu_q=1 gpu_total_us=5228 gpu_prepass_us=0 gpu_main_us=5228 gpu_composite_us=0 gpu_blit_us=0
frust_shell_common::perf: frust-perf raw n=1136 total_us=5159 rebuild_us=628 layout_us=0 paint_us=124 encode_us=46 acquire_us=73 submit_us=4285 skipped=0 gpu_q=1 gpu_total_us=5217 gpu_prepass_us=0 gpu_main_us=5217 gpu_composite_us=0 gpu_blit_us=0
frust_shell_common::perf: frust-perf raw n=1137 total_us=5868 rebuild_us=291 layout_us=0 paint_us=118 encode_us=50 acquire_us=1049 submit_us=4357 skipped=0 gpu_q=1 gpu_total_us=5236 gpu_prepass_us=0 gpu_main_us=5236 gpu_composite_us=0 gpu_blit_us=0
frust_shell_common::perf: frust-perf raw n=1138 total_us=5165 rebuild_us=188 layout_us=0 paint_us=84 encode_us=53 acquire_us=1508 submit_us=3330 skipped=0 gpu_q=1 gpu_total_us=5235 gpu_prepass_us=0 gpu_main_us=5235 gpu_composite_us=0 gpu_blit_us=0
frust_shell_common::perf: frust-perf raw n=1139 total_us=4966 rebuild_us=191 layout_us=0 paint_us=88 encode_us=48 acquire_us=1245 submit_us=3391 skipped=0 gpu_q=1 gpu_total_us=5282 gpu_prepass_us=0 gpu_main_us=5282 gpu_composite_us=0 gpu_blit_us=0
frust_shell_common::perf: frust-perf raw n=1140 total_us=5939 rebuild_us=486 layout_us=0 paint_us=98 encode_us=47 acquire_us=1028 submit_us=4278 skipped=0 gpu_q=1 gpu_total_us=6952 gpu_prepass_us=0 gpu_main_us=6952 gpu_composite_us=0 gpu_blit_us=0
frust_shell_common::perf: frust-perf raw n=1141 total_us=4286 rebuild_us=189 layout_us=0 paint_us=82 encode_us=47 acquire_us=620 submit_us=3346 skipped=0 gpu_q=1 gpu_total_us=7254 gpu_prepass_us=0 gpu_main_us=7254 gpu_composite_us=0 gpu_blit_us=0
frust_shell_common::perf: frust-perf raw n=1142 total_us=5306 rebuild_us=193 layout_us=0 paint_us=82 encode_us=49 acquire_us=1660 submit_us=3320 skipped=0 gpu_q=1 gpu_total_us=7259 gpu_prepass_us=0 gpu_main_us=7259 gpu_composite_us=0 gpu_blit_us=0
frust_shell_common::perf: frust-perf raw n=1143 total_us=5952 rebuild_us=485 layout_us=0 paint_us=93 encode_us=50 acquire_us=1037 submit_us=4285 skipped=0 gpu_q=1 gpu_total_us=7255 gpu_prepass_us=0 gpu_main_us=7255 gpu_composite_us=0 gpu_blit_us=0
frust_shell_common::perf: frust-perf raw n=1144 total_us=4939 rebuild_us=187 layout_us=0 paint_us=87 encode_us=47 acquire_us=1306 submit_us=3309 skipped=0 gpu_q=1 gpu_total_us=7262 gpu_prepass_us=0 gpu_main_us=7262 gpu_composite_us=0 gpu_blit_us=0
frust_shell_common::perf: frust-perf raw n=1145 total_us=5389 rebuild_us=189 layout_us=0 paint_us=81 encode_us=48 acquire_us=1687 submit_us=3382 skipped=0 gpu_q=1 gpu_total_us=7255 gpu_prepass_us=0 gpu_main_us=7255 gpu_composite_us=0 gpu_blit_us=0
frust_shell_common::perf: frust-perf raw n=1146 total_us=4678 rebuild_us=502 layout_us=0 paint_us=99 encode_us=54 acquire_us=70 submit_us=3951 skipped=0 gpu_q=1 gpu_total_us=7238 gpu_prepass_us=0 gpu_main_us=7238 gpu_composite_us=0 gpu_blit_us=0
frust_shell_common::perf: frust-perf raw n=1147 total_us=5699 rebuild_us=211 layout_us=0 paint_us=94 encode_us=55 acquire_us=1161 submit_us=4176 skipped=0 gpu_q=1 gpu_total_us=7251 gpu_prepass_us=0 gpu_main_us=7251 gpu_composite_us=0 gpu_blit_us=0
frust_shell_common::perf: frust-perf raw n=1148 total_us=6544 rebuild_us=214 layout_us=0 paint_us=94 encode_us=50 acquire_us=1647 submit_us=4537 skipped=0 gpu_q=1 gpu_total_us=7259 gpu_prepass_us=0 gpu_main_us=7259 gpu_composite_us=0 gpu_blit_us=0
frust_shell_common::perf: bench-scenario-start s3-swap
frust_shell_common::perf: frust-perf raw n=1149 total_us=7859 rebuild_us=3326 layout_us=67 paint_us=89 encode_us=54 acquire_us=82 submit_us=4239 skipped=0 gpu_q=1 gpu_total_us=7252 gpu_prepass_us=0 gpu_main_us=7252 gpu_composite_us=0 gpu_blit_us=0
frust_shell_common::perf: bench-scenario-end s3-swap
frust_shell_common::perf: frust-perf raw n=1150 total_us=7848 rebuild_us=264 layout_us=0 paint_us=90 encode_us=50 acquire_us=2724 submit_us=4718 skipped=0 gpu_q=1 gpu_total_us=7243 gpu_prepass_us=0 gpu_main_us=7243 gpu_composite_us=0 gpu_blit_us=0
frust_shell_common::perf: frust-perf raw n=1151 total_us=6003 rebuild_us=215 layout_us=0 paint_us=91 encode_us=49 acquire_us=1456 submit_us=4190 skipped=0 gpu_q=1 gpu_total_us=7250 gpu_prepass_us=0 gpu_main_us=7250 gpu_composite_us=0 gpu_blit_us=0
frust_shell_common::perf: frust-perf raw n=1152 total_us=6135 rebuild_us=211 layout_us=0 paint_us=97 encode_us=50 acquire_us=1465 submit_us=4310 skipped=0 gpu_q=1 gpu_total_us=7246 gpu_prepass_us=0 gpu_main_us=7246 gpu_composite_us=0 gpu_blit_us=0
frust_shell_common::perf: frust-perf raw n=1153 total_us=6095 rebuild_us=215 layout_us=0 paint_us=96 encode_us=53 acquire_us=1092 submit_us=4637 skipped=0 gpu_q=1 gpu_total_us=7416 gpu_prepass_us=0 gpu_main_us=7416 gpu_composite_us=0 gpu_blit_us=0
frust_shell_common::perf: frust-perf raw n=1154 total_us=6712 rebuild_us=220 layout_us=0 paint_us=92 encode_us=48 acquire_us=1942 submit_us=4408 skipped=0 gpu_q=1 gpu_total_us=7406 gpu_prepass_us=0 gpu_main_us=7406 gpu_composite_us=0 gpu_blit_us=0
frust_shell_common::perf: frust-perf raw n=1155 total_us=6541 rebuild_us=214 layout_us=0 paint_us=90 encode_us=50 acquire_us=1764 submit_us=4421 skipped=0 gpu_q=1 gpu_total_us=7434 gpu_prepass_us=0 gpu_main_us=7434 gpu_composite_us=0 gpu_blit_us=0
frust_shell_common::perf: frust-perf raw n=1156 total_us=6285 rebuild_us=214 layout_us=0 paint_us=92 encode_us=56 acquire_us=1595 submit_us=4326 skipped=0 gpu_q=1 gpu_total_us=7441 gpu_prepass_us=0 gpu_main_us=7441 gpu_composite_us=0 gpu_blit_us=0
frust_shell_common::perf: frust-perf raw n=1157 total_us=6081 rebuild_us=216 layout_us=0 paint_us=94 encode_us=49 acquire_us=1455 submit_us=4264 skipped=0 gpu_q=1 gpu_total_us=7441 gpu_prepass_us=0 gpu_main_us=7441 gpu_composite_us=0 gpu_blit_us=0
frust_shell_common::perf: frust-perf raw n=1158 total_us=6728 rebuild_us=227 layout_us=0 paint_us=100 encode_us=54 acquire_us=1928 submit_us=4416 skipped=0 gpu_q=1 gpu_total_us=7423 gpu_prepass_us=0 gpu_main_us=7423 gpu_composite_us=0 gpu_blit_us=0
frust_shell_common::perf: frust-perf raw n=1159 total_us=6157 rebuild_us=218 layout_us=0 paint_us=91 encode_us=55 acquire_us=1582 submit_us=4209 skipped=0 gpu_q=1 gpu_total_us=7439 gpu_prepass_us=0 gpu_main_us=7439 gpu_composite_us=0 gpu_blit_us=0
frust_shell_common::perf: frust-perf raw n=1160 total_us=6201 rebuild_us=232 layout_us=0 paint_us=98 encode_us=52 acquire_us=1431 submit_us=4386 skipped=0 gpu_q=1 gpu_total_us=7439 gpu_prepass_us=0 gpu_main_us=7439 gpu_composite_us=0 gpu_blit_us=0
frust_shell_common::perf: frust-perf raw n=1161 total_us=5689 rebuild_us=224 layout_us=0 paint_us=101 encode_us=51 acquire_us=1303 submit_us=4007 skipped=0 gpu_q=1 gpu_total_us=7434 gpu_prepass_us=0 gpu_main_us=7434 gpu_composite_us=0 gpu_blit_us=0
frust_shell_common::perf: frust-perf raw n=1162 total_us=6466 rebuild_us=231 layout_us=0 paint_us=99 encode_us=52 acquire_us=1747 submit_us=4334 skipped=0 gpu_q=1 gpu_total_us=7432 gpu_prepass_us=0 gpu_main_us=7432 gpu_composite_us=0 gpu_blit_us=0
frust_shell_common::perf: frust-perf raw n=1163 total_us=4846 rebuild_us=224 layout_us=0 paint_us=94 encode_us=53 acquire_us=476 submit_us=3995 skipped=0 gpu_q=1 gpu_total_us=7446 gpu_prepass_us=0 gpu_main_us=7446 gpu_composite_us=0 gpu_blit_us=0
frust_shell_common::perf: frust-perf raw n=1164 total_us=6188 rebuild_us=238 layout_us=0 paint_us=99 encode_us=48 acquire_us=1398 submit_us=4402 skipped=0 gpu_q=1 gpu_total_us=7440 gpu_prepass_us=0 gpu_main_us=7440 gpu_composite_us=0 gpu_blit_us=0
frust_shell_common::perf: frust-perf raw n=1165 total_us=6386 rebuild_us=221 layout_us=0 paint_us=94 encode_us=52 acquire_us=1756 submit_us=4261 skipped=0 gpu_q=1 gpu_total_us=7936 gpu_prepass_us=0 gpu_main_us=7936 gpu_composite_us=0 gpu_blit_us=0
frust_shell_common::perf: frust-perf raw n=1166 total_us=5650 rebuild_us=277 layout_us=0 paint_us=108 encode_us=50 acquire_us=785 submit_us=4427 skipped=0 gpu_q=1 gpu_total_us=7426 gpu_prepass_us=0 gpu_main_us=7426 gpu_composite_us=0 gpu_blit_us=0
frust_shell_common::perf: frust-perf raw n=1167 total_us=6999 rebuild_us=212 layout_us=0 paint_us=98 encode_us=49 acquire_us=2273 submit_us=4365 skipped=0 gpu_q=1 gpu_total_us=7440 gpu_prepass_us=0 gpu_main_us=7440 gpu_composite_us=0 gpu_blit_us=0
frust_shell_common::perf: frust-perf raw n=1168 total_us=5956 rebuild_us=217 layout_us=0 paint_us=95 encode_us=51 acquire_us=995 submit_us=4596 skipped=0 gpu_q=1 gpu_total_us=7429 gpu_prepass_us=0 gpu_main_us=7429 gpu_composite_us=0 gpu_blit_us=0
frust_shell_common::perf: bench-scenario-start s3-clear
frust_shell_common::perf: frust-perf raw n=1169 total_us=7502 rebuild_us=4578 layout_us=19 paint_us=24 encode_us=40 acquire_us=88 submit_us=2750 skipped=0 gpu_q=1 gpu_total_us=7452 gpu_prepass_us=0 gpu_main_us=7452 gpu_composite_us=0 gpu_blit_us=0
frust_shell_common::perf: bench-scenario-end s3-clear
frust_shell_common::perf: frust-perf raw n=1170 total_us=4147 rebuild_us=165 layout_us=0 paint_us=28 encode_us=20 acquire_us=1495 submit_us=2437 skipped=0 gpu_q=1 gpu_total_us=7443 gpu_prepass_us=0 gpu_main_us=7443 gpu_composite_us=0 gpu_blit_us=0
frust_shell_common::perf: frust-perf raw n=1171 total_us=4672 rebuild_us=95 layout_us=0 paint_us=29 encode_us=17 acquire_us=2114 submit_us=2415 skipped=0 gpu_q=1 gpu_total_us=7438 gpu_prepass_us=0 gpu_main_us=7438 gpu_composite_us=0 gpu_blit_us=0
frust_shell_common::perf: frust-perf raw n=1172 total_us=4297 rebuild_us=118 layout_us=0 paint_us=27 encode_us=17 acquire_us=1678 submit_us=2454 skipped=0 gpu_q=1 gpu_total_us=7449 gpu_prepass_us=0 gpu_main_us=7449 gpu_composite_us=0 gpu_blit_us=0
frust_shell_common::perf: frust-perf raw n=1173 total_us=4569 rebuild_us=91 layout_us=0 paint_us=28 encode_us=19 acquire_us=1858 submit_us=2570 skipped=0 gpu_q=1 gpu_total_us=3195 gpu_prepass_us=0 gpu_main_us=3195 gpu_composite_us=0 gpu_blit_us=0
frust_shell_common::perf: frust-perf raw n=1174 total_us=4438 rebuild_us=97 layout_us=0 paint_us=30 encode_us=18 acquire_us=1688 submit_us=2602 skipped=0 gpu_q=1 gpu_total_us=3677 gpu_prepass_us=0 gpu_main_us=3677 gpu_composite_us=0 gpu_blit_us=0
frust_shell_common::perf: frust-perf raw n=1175 total_us=4566 rebuild_us=100 layout_us=0 paint_us=31 encode_us=19 acquire_us=1792 submit_us=2620 skipped=0 gpu_q=1 gpu_total_us=3208 gpu_prepass_us=0 gpu_main_us=3208 gpu_composite_us=0 gpu_blit_us=0
frust_shell_common::perf: frust-perf raw n=1176 total_us=4236 rebuild_us=94 layout_us=0 paint_us=31 encode_us=17 acquire_us=1509 submit_us=2583 skipped=0 gpu_q=1 gpu_total_us=3208 gpu_prepass_us=0 gpu_main_us=3208 gpu_composite_us=0 gpu_blit_us=0
frust_shell_common::perf: frust-perf raw n=1177 total_us=5003 rebuild_us=107 layout_us=0 paint_us=35 encode_us=23 acquire_us=2003 submit_us=2833 skipped=0 gpu_q=1 gpu_total_us=3209 gpu_prepass_us=0 gpu_main_us=3209 gpu_composite_us=0 gpu_blit_us=0
frust_shell_common::perf: frust-perf raw n=1178 total_us=4727 rebuild_us=102 layout_us=0 paint_us=33 encode_us=22 acquire_us=1765 submit_us=2802 skipped=0 gpu_q=1 gpu_total_us=3218 gpu_prepass_us=0 gpu_main_us=3218 gpu_composite_us=0 gpu_blit_us=0
frust_shell_common::perf: frust-perf raw n=1179 total_us=5178 rebuild_us=95 layout_us=0 paint_us=31 encode_us=21 acquire_us=2517 submit_us=2511 skipped=0 gpu_q=1 gpu_total_us=3223 gpu_prepass_us=0 gpu_main_us=3223 gpu_composite_us=0 gpu_blit_us=0
frust_shell_common::perf: frust-perf raw n=1180 total_us=4622 rebuild_us=100 layout_us=0 paint_us=31 encode_us=21 acquire_us=1817 submit_us=2651 skipped=0 gpu_q=1 gpu_total_us=3289 gpu_prepass_us=0 gpu_main_us=3289 gpu_composite_us=0 gpu_blit_us=0
frust_shell_common::perf: frust-perf raw n=1181 total_us=4346 rebuild_us=96 layout_us=0 paint_us=32 encode_us=20 acquire_us=1489 submit_us=2706 skipped=0 gpu_q=1 gpu_total_us=3283 gpu_prepass_us=0 gpu_main_us=3283 gpu_composite_us=0 gpu_blit_us=0
frust_shell_common::perf: frust-perf raw n=1182 total_us=4175 rebuild_us=96 layout_us=0 paint_us=32 encode_us=22 acquire_us=1335 submit_us=2688 skipped=0 gpu_q=1 gpu_total_us=3235 gpu_prepass_us=0 gpu_main_us=3235 gpu_composite_us=0 gpu_blit_us=0
frust_shell_common::perf: frust-perf raw n=1183 total_us=4576 rebuild_us=94 layout_us=0 paint_us=30 encode_us=22 acquire_us=1713 submit_us=2715 skipped=0 gpu_q=1 gpu_total_us=3701 gpu_prepass_us=0 gpu_main_us=3701 gpu_composite_us=0 gpu_blit_us=0
frust_shell_common::perf: frust-perf raw n=1184 total_us=4652 rebuild_us=99 layout_us=0 paint_us=30 encode_us=22 acquire_us=1771 submit_us=2728 skipped=0 gpu_q=1 gpu_total_us=3207 gpu_prepass_us=0 gpu_main_us=3207 gpu_composite_us=0 gpu_blit_us=0
frust_shell_common::perf: frust-perf raw n=1185 total_us=4571 rebuild_us=97 layout_us=0 paint_us=30 encode_us=21 acquire_us=1787 submit_us=2633 skipped=0 gpu_q=1 gpu_total_us=3196 gpu_prepass_us=0 gpu_main_us=3196 gpu_composite_us=0 gpu_blit_us=0
frust_shell_common::perf: frust-perf raw n=1186 total_us=4214 rebuild_us=95 layout_us=0 paint_us=30 encode_us=21 acquire_us=1424 submit_us=2641 skipped=0 gpu_q=1 gpu_total_us=3202 gpu_prepass_us=0 gpu_main_us=3202 gpu_composite_us=0 gpu_blit_us=0
frust_shell_common::perf: frust-perf raw n=1187 total_us=4057 rebuild_us=94 layout_us=0 paint_us=31 encode_us=21 acquire_us=1270 submit_us=2638 skipped=0 gpu_q=1 gpu_total_us=3213 gpu_prepass_us=0 gpu_main_us=3213 gpu_composite_us=0 gpu_blit_us=0
frust_shell_common::perf: frust-perf raw n=1188 total_us=4305 rebuild_us=114 layout_us=0 paint_us=37 encode_us=20 acquire_us=1475 submit_us=2657 skipped=0 gpu_q=1 gpu_total_us=3206 gpu_prepass_us=0 gpu_main_us=3206 gpu_composite_us=0 gpu_blit_us=0
frust_shell_common::perf: bench-scenario-start s3-create1k
frust_shell_common::perf: bench-scenario-end s3-create1k
frust_shell_common::perf: frust-perf raw n=1189 total_us=14659 rebuild_us=4100 layout_us=967 paint_us=953 encode_us=64 acquire_us=92 submit_us=8480 skipped=0 gpu_q=1 gpu_total_us=3219 gpu_prepass_us=0 gpu_main_us=3219 gpu_composite_us=0 gpu_blit_us=0
frust_shell_common::perf: frust-perf raw n=1190 total_us=8796 rebuild_us=297 layout_us=0 paint_us=111 encode_us=56 acquire_us=50 submit_us=8280 skipped=0 gpu_q=1 gpu_total_us=3249 gpu_prepass_us=0 gpu_main_us=3249 gpu_composite_us=0 gpu_blit_us=0
frust_shell_common::perf: frust-perf raw n=1191 total_us=9439 rebuild_us=264 layout_us=0 paint_us=142 encode_us=50 acquire_us=724 submit_us=8257 skipped=0 gpu_q=1 gpu_total_us=3229 gpu_prepass_us=0 gpu_main_us=3229 gpu_composite_us=0 gpu_blit_us=0
frust_shell_common::perf: frust-perf raw n=1192 total_us=11130 rebuild_us=266 layout_us=0 paint_us=107 encode_us=47 acquire_us=2426 submit_us=8282 skipped=0 gpu_q=1 gpu_total_us=3679 gpu_prepass_us=0 gpu_main_us=3679 gpu_composite_us=0 gpu_blit_us=0
frust_shell_common::perf: frust-perf raw n=1193 total_us=9989 rebuild_us=265 layout_us=0 paint_us=108 encode_us=54 acquire_us=2176 submit_us=7384 skipped=0 gpu_q=1 gpu_total_us=5080 gpu_prepass_us=0 gpu_main_us=5080 gpu_composite_us=0 gpu_blit_us=0
frust_shell_common::perf: frust-perf raw n=1194 total_us=9941 rebuild_us=219 layout_us=0 paint_us=96 encode_us=52 acquire_us=2312 submit_us=7259 skipped=0 gpu_q=1 gpu_total_us=4920 gpu_prepass_us=0 gpu_main_us=4920 gpu_composite_us=0 gpu_blit_us=0
frust_shell_common::perf: frust-perf raw n=1195 total_us=8557 rebuild_us=209 layout_us=0 paint_us=91 encode_us=48 acquire_us=2317 submit_us=5890 skipped=0 gpu_q=1 gpu_total_us=4897 gpu_prepass_us=0 gpu_main_us=4897 gpu_composite_us=0 gpu_blit_us=0
frust_shell_common::perf: frust-perf raw n=1196 total_us=8493 rebuild_us=240 layout_us=0 paint_us=84 encode_us=49 acquire_us=2059 submit_us=6058 skipped=0 gpu_q=1 gpu_total_us=4906 gpu_prepass_us=0 gpu_main_us=4906 gpu_composite_us=0 gpu_blit_us=0
frust_shell_common::perf: frust-perf raw n=1197 total_us=8191 rebuild_us=364 layout_us=0 paint_us=112 encode_us=58 acquire_us=1371 submit_us=6284 skipped=0 gpu_q=1 gpu_total_us=4899 gpu_prepass_us=0 gpu_main_us=4899 gpu_composite_us=0 gpu_blit_us=0
frust_shell_common::perf: frust-perf raw n=1198 total_us=6422 rebuild_us=228 layout_us=0 paint_us=151 encode_us=57 acquire_us=1649 submit_us=4335 skipped=0 gpu_q=1 gpu_total_us=4889 gpu_prepass_us=0 gpu_main_us=4889 gpu_composite_us=0 gpu_blit_us=0
frust_shell_common::perf: frust-perf raw n=1199 total_us=5075 rebuild_us=218 layout_us=0 paint_us=104 encode_us=57 acquire_us=687 submit_us=4006 skipped=0 gpu_q=1 gpu_total_us=4915 gpu_prepass_us=0 gpu_main_us=4915 gpu_composite_us=0 gpu_blit_us=0
frust_shell_common::perf: frust-perf raw n=1200 total_us=7012 rebuild_us=209 layout_us=0 paint_us=100 encode_us=52 acquire_us=2437 submit_us=4212 skipped=0 gpu_q=1 gpu_total_us=4905 gpu_prepass_us=0 gpu_main_us=4905 gpu_composite_us=0 gpu_blit_us=0
frust_shell_common::perf: frust-perf raw n=1201 total_us=6074 rebuild_us=198 layout_us=0 paint_us=162 encode_us=61 acquire_us=1436 submit_us=4215 skipped=0 gpu_q=1 gpu_total_us=4925 gpu_prepass_us=0 gpu_main_us=4925 gpu_composite_us=0 gpu_blit_us=0
frust_shell_common::perf: frust-perf raw n=1202 total_us=6550 rebuild_us=198 layout_us=0 paint_us=100 encode_us=54 acquire_us=1963 submit_us=4233 skipped=0 gpu_q=1 gpu_total_us=8341 gpu_prepass_us=0 gpu_main_us=8341 gpu_composite_us=0 gpu_blit_us=0
frust_shell_common::perf: frust-perf raw n=1203 total_us=7094 rebuild_us=201 layout_us=0 paint_us=100 encode_us=54 acquire_us=2066 submit_us=4671 skipped=0 gpu_q=1 gpu_total_us=8322 gpu_prepass_us=0 gpu_main_us=8322 gpu_composite_us=0 gpu_blit_us=0
frust_shell_common::perf: frust-perf raw n=1204 total_us=5853 rebuild_us=284 layout_us=0 paint_us=101 encode_us=44 acquire_us=1237 submit_us=4185 skipped=0 gpu_q=1 gpu_total_us=8321 gpu_prepass_us=0 gpu_main_us=8321 gpu_composite_us=0 gpu_blit_us=0
frust_shell_common::perf: frust-perf raw n=1205 total_us=6764 rebuild_us=204 layout_us=0 paint_us=90 encode_us=48 acquire_us=2083 submit_us=4336 skipped=0 gpu_q=1 gpu_total_us=8355 gpu_prepass_us=0 gpu_main_us=8355 gpu_composite_us=0 gpu_blit_us=0
frust_shell_common::perf: frust-perf raw n=1206 total_us=6449 rebuild_us=495 layout_us=0 paint_us=108 encode_us=57 acquire_us=1519 submit_us=4268 skipped=0 gpu_q=1 gpu_total_us=8350 gpu_prepass_us=0 gpu_main_us=8350 gpu_composite_us=0 gpu_blit_us=0
frust_shell_common::perf: frust-perf raw n=1207 total_us=5100 rebuild_us=237 layout_us=0 paint_us=96 encode_us=48 acquire_us=668 submit_us=4050 skipped=0 gpu_q=1 gpu_total_us=8304 gpu_prepass_us=0 gpu_main_us=8304 gpu_composite_us=0 gpu_blit_us=0
frust_shell_common::perf: frust-perf raw n=1208 total_us=6017 rebuild_us=205 layout_us=0 paint_us=99 encode_us=51 acquire_us=1615 submit_us=4045 skipped=0 gpu_q=1 gpu_total_us=8329 gpu_prepass_us=0 gpu_main_us=8329 gpu_composite_us=0 gpu_blit_us=0
frust_shell_common::perf: bench-scenario-start s3-create10k
frust_shell_common::perf: frust-perf raw n=1209 total_us=9713 rebuild_us=5122 layout_us=204 paint_us=158 encode_us=61 acquire_us=100 submit_us=4065 skipped=0 gpu_q=1 gpu_total_us=8334 gpu_prepass_us=0 gpu_main_us=8334 gpu_composite_us=0 gpu_blit_us=0
frust_shell_common::perf: bench-scenario-end s3-create10k
frust_shell_common::perf: frust-perf raw n=1210 total_us=6535 rebuild_us=596 layout_us=0 paint_us=135 encode_us=80 acquire_us=1360 submit_us=4361 skipped=0 gpu_q=1 gpu_total_us=8643 gpu_prepass_us=0 gpu_main_us=8643 gpu_composite_us=0 gpu_blit_us=0
frust_shell_common::perf: frust-perf raw n=1211 total_us=6808 rebuild_us=222 layout_us=0 paint_us=103 encode_us=48 acquire_us=1924 submit_us=4509 skipped=0 gpu_q=1 gpu_total_us=8335 gpu_prepass_us=0 gpu_main_us=8335 gpu_composite_us=0 gpu_blit_us=0
frust_shell_common::perf: frust-perf raw n=1212 total_us=6896 rebuild_us=209 layout_us=0 paint_us=93 encode_us=46 acquire_us=2134 submit_us=4412 skipped=0 gpu_q=1 gpu_total_us=8338 gpu_prepass_us=0 gpu_main_us=8338 gpu_composite_us=0 gpu_blit_us=0
frust_shell_common::perf: frust-perf raw n=1213 total_us=5663 rebuild_us=208 layout_us=0 paint_us=170 encode_us=56 acquire_us=1526 submit_us=3701 skipped=0 gpu_q=1 gpu_total_us=7238 gpu_prepass_us=0 gpu_main_us=7238 gpu_composite_us=0 gpu_blit_us=0
frust_shell_common::perf: frust-perf raw n=1214 total_us=6851 rebuild_us=237 layout_us=0 paint_us=100 encode_us=48 acquire_us=2409 submit_us=4054 skipped=0 gpu_q=1 gpu_total_us=7196 gpu_prepass_us=0 gpu_main_us=7196 gpu_composite_us=0 gpu_blit_us=0
frust_shell_common::perf: frust-perf raw n=1215 total_us=6572 rebuild_us=214 layout_us=0 paint_us=97 encode_us=52 acquire_us=2174 submit_us=4033 skipped=0 gpu_q=1 gpu_total_us=5216 gpu_prepass_us=0 gpu_main_us=5216 gpu_composite_us=0 gpu_blit_us=0
frust_shell_common::perf: frust-perf raw n=1216 total_us=5604 rebuild_us=204 layout_us=0 paint_us=98 encode_us=44 acquire_us=1499 submit_us=3757 skipped=0 gpu_q=1 gpu_total_us=5162 gpu_prepass_us=0 gpu_main_us=5162 gpu_composite_us=0 gpu_blit_us=0
frust_shell_common::perf: frust-perf raw n=1217 total_us=6378 rebuild_us=205 layout_us=0 paint_us=90 encode_us=48 acquire_us=2033 submit_us=3999 skipped=0 gpu_q=1 gpu_total_us=5210 gpu_prepass_us=0 gpu_main_us=5210 gpu_composite_us=0 gpu_blit_us=0
frust_shell_common::perf: frust-perf raw n=1218 total_us=6789 rebuild_us=206 layout_us=0 paint_us=99 encode_us=50 acquire_us=1904 submit_us=4529 skipped=0 gpu_q=1 gpu_total_us=5180 gpu_prepass_us=0 gpu_main_us=5180 gpu_composite_us=0 gpu_blit_us=0
frust_shell_common::perf: frust-perf raw n=1219 total_us=5771 rebuild_us=208 layout_us=0 paint_us=146 encode_us=63 acquire_us=1701 submit_us=3651 skipped=0 gpu_q=1 gpu_total_us=5449 gpu_prepass_us=0 gpu_main_us=5449 gpu_composite_us=0 gpu_blit_us=0
frust_shell_common::perf: frust-perf raw n=1220 total_us=6265 rebuild_us=229 layout_us=0 paint_us=98 encode_us=52 acquire_us=1925 submit_us=3958 skipped=0 gpu_q=1 gpu_total_us=5198 gpu_prepass_us=0 gpu_main_us=5198 gpu_composite_us=0 gpu_blit_us=0
frust_shell_common::perf: frust-perf raw n=1221 total_us=5930 rebuild_us=206 layout_us=0 paint_us=93 encode_us=54 acquire_us=1555 submit_us=4019 skipped=0 gpu_q=1 gpu_total_us=5202 gpu_prepass_us=0 gpu_main_us=5202 gpu_composite_us=0 gpu_blit_us=0
frust_shell_common::perf: frust-perf raw n=1222 total_us=5946 rebuild_us=203 layout_us=0 paint_us=105 encode_us=49 acquire_us=1622 submit_us=3966 skipped=0 gpu_q=1 gpu_total_us=5167 gpu_prepass_us=0 gpu_main_us=5167 gpu_composite_us=0 gpu_blit_us=0
frust_shell_common::perf: frust-perf raw n=1223 total_us=6561 rebuild_us=201 layout_us=0 paint_us=91 encode_us=48 acquire_us=1914 submit_us=4304 skipped=0 gpu_q=1 gpu_total_us=5204 gpu_prepass_us=0 gpu_main_us=5204 gpu_composite_us=0 gpu_blit_us=0
frust_shell_common::perf: frust-perf raw n=1224 total_us=6225 rebuild_us=212 layout_us=0 paint_us=105 encode_us=54 acquire_us=1834 submit_us=4017 skipped=0 gpu_q=1 gpu_total_us=5207 gpu_prepass_us=0 gpu_main_us=5207 gpu_composite_us=0 gpu_blit_us=0
frust_shell_common::perf: frust-perf raw n=1225 total_us=7247 rebuild_us=224 layout_us=0 paint_us=101 encode_us=51 acquire_us=2546 submit_us=4323 skipped=0 gpu_q=1 gpu_total_us=5198 gpu_prepass_us=0 gpu_main_us=5198 gpu_composite_us=0 gpu_blit_us=0
frust_shell_common::perf: frust-perf raw n=1226 total_us=6100 rebuild_us=215 layout_us=0 paint_us=101 encode_us=50 acquire_us=1636 submit_us=4096 skipped=0 gpu_q=1 gpu_total_us=5200 gpu_prepass_us=0 gpu_main_us=5200 gpu_composite_us=0 gpu_blit_us=0
frust_shell_common::perf: frust-perf raw n=1227 total_us=5747 rebuild_us=217 layout_us=0 paint_us=100 encode_us=47 acquire_us=1436 submit_us=3944 skipped=0 gpu_q=1 gpu_total_us=5178 gpu_prepass_us=0 gpu_main_us=5178 gpu_composite_us=0 gpu_blit_us=0
frust_shell_common::perf: frust-perf raw n=1228 total_us=6260 rebuild_us=270 layout_us=0 paint_us=96 encode_us=46 acquire_us=1875 submit_us=3973 skipped=0 gpu_q=1 gpu_total_us=5468 gpu_prepass_us=0 gpu_main_us=5468 gpu_composite_us=0 gpu_blit_us=0
frust_shell_common::perf: bench-scenario-start s3-update
frust_shell_common::perf: frust-perf raw n=1229 total_us=7915 rebuild_us=3546 layout_us=76 paint_us=98 encode_us=53 acquire_us=88 submit_us=4050 skipped=0 gpu_q=1 gpu_total_us=5184 gpu_prepass_us=0 gpu_main_us=5184 gpu_composite_us=0 gpu_blit_us=0
frust_shell_common::perf: bench-scenario-end s3-update
frust_shell_common::perf: frust-perf raw n=1230 total_us=5979 rebuild_us=708 layout_us=0 paint_us=137 encode_us=61 acquire_us=959 submit_us=4111 skipped=0 gpu_q=1 gpu_total_us=5198 gpu_prepass_us=0 gpu_main_us=5198 gpu_composite_us=0 gpu_blit_us=0
frust_shell_common::perf: frust-perf raw n=1231 total_us=5860 rebuild_us=206 layout_us=0 paint_us=93 encode_us=54 acquire_us=1566 submit_us=3939 skipped=0 gpu_q=1 gpu_total_us=5204 gpu_prepass_us=0 gpu_main_us=5204 gpu_composite_us=0 gpu_blit_us=0
frust_shell_common::perf: frust-perf raw n=1232 total_us=6490 rebuild_us=204 layout_us=0 paint_us=96 encode_us=56 acquire_us=2057 submit_us=4075 skipped=0 gpu_q=1 gpu_total_us=5213 gpu_prepass_us=0 gpu_main_us=5213 gpu_composite_us=0 gpu_blit_us=0
frust_shell_common::perf: frust-perf raw n=1233 total_us=5816 rebuild_us=281 layout_us=0 paint_us=110 encode_us=116 acquire_us=1380 submit_us=3927 skipped=0 gpu_q=1 gpu_total_us=5189 gpu_prepass_us=0 gpu_main_us=5189 gpu_composite_us=0 gpu_blit_us=0
frust_shell_common::perf: frust-perf raw n=1234 total_us=6161 rebuild_us=212 layout_us=0 paint_us=103 encode_us=55 acquire_us=1698 submit_us=4090 skipped=0 gpu_q=1 gpu_total_us=5221 gpu_prepass_us=0 gpu_main_us=5221 gpu_composite_us=0 gpu_blit_us=0
frust_shell_common::perf: frust-perf raw n=1235 total_us=7569 rebuild_us=230 layout_us=0 paint_us=102 encode_us=59 acquire_us=1712 submit_us=5465 skipped=0 gpu_q=1 gpu_total_us=5220 gpu_prepass_us=0 gpu_main_us=5220 gpu_composite_us=0 gpu_blit_us=0
frust_shell_common::perf: frust-perf raw n=1236 total_us=7063 rebuild_us=203 layout_us=0 paint_us=91 encode_us=51 acquire_us=2613 submit_us=4103 skipped=0 gpu_q=1 gpu_total_us=5204 gpu_prepass_us=0 gpu_main_us=5204 gpu_composite_us=0 gpu_blit_us=0
frust_shell_common::perf: frust-perf raw n=1237 total_us=4613 rebuild_us=200 layout_us=0 paint_us=92 encode_us=51 acquire_us=920 submit_us=3348 skipped=0 gpu_q=1 gpu_total_us=5487 gpu_prepass_us=0 gpu_main_us=5487 gpu_composite_us=0 gpu_blit_us=0
frust_shell_common::perf: frust-perf raw n=1238 total_us=6383 rebuild_us=192 layout_us=0 paint_us=84 encode_us=46 acquire_us=2376 submit_us=3683 skipped=0 gpu_q=1 gpu_total_us=5231 gpu_prepass_us=0 gpu_main_us=5231 gpu_composite_us=0 gpu_blit_us=0
frust_shell_common::perf: frust-perf raw n=1239 total_us=5792 rebuild_us=197 layout_us=0 paint_us=81 encode_us=51 acquire_us=2073 submit_us=3388 skipped=0 gpu_q=1 gpu_total_us=5199 gpu_prepass_us=0 gpu_main_us=5199 gpu_composite_us=0 gpu_blit_us=0
frust_shell_common::perf: frust-perf raw n=1240 total_us=5636 rebuild_us=200 layout_us=0 paint_us=90 encode_us=47 acquire_us=1261 submit_us=4036 skipped=0 gpu_q=1 gpu_total_us=6786 gpu_prepass_us=0 gpu_main_us=6786 gpu_composite_us=0 gpu_blit_us=0
frust_shell_common::perf: frust-perf raw n=1241 total_us=4789 rebuild_us=203 layout_us=0 paint_us=85 encode_us=57 acquire_us=1147 submit_us=3295 skipped=0 gpu_q=1 gpu_total_us=7254 gpu_prepass_us=0 gpu_main_us=7254 gpu_composite_us=0 gpu_blit_us=0
frust_shell_common::perf: frust-perf raw n=1242 total_us=6965 rebuild_us=211 layout_us=0 paint_us=84 encode_us=48 acquire_us=2463 submit_us=4155 skipped=0 gpu_q=1 gpu_total_us=7262 gpu_prepass_us=0 gpu_main_us=7262 gpu_composite_us=0 gpu_blit_us=0
frust_shell_common::perf: frust-perf raw n=1243 total_us=4482 rebuild_us=193 layout_us=0 paint_us=88 encode_us=53 acquire_us=730 submit_us=3416 skipped=0 gpu_q=1 gpu_total_us=7235 gpu_prepass_us=0 gpu_main_us=7235 gpu_composite_us=0 gpu_blit_us=0
frust_shell_common::perf: frust-perf raw n=1244 total_us=5924 rebuild_us=214 layout_us=0 paint_us=81 encode_us=50 acquire_us=2074 submit_us=3502 skipped=0 gpu_q=1 gpu_total_us=7259 gpu_prepass_us=0 gpu_main_us=7259 gpu_composite_us=0 gpu_blit_us=0
frust_shell_common::perf: frust-perf raw n=1245 total_us=5839 rebuild_us=480 layout_us=0 paint_us=98 encode_us=51 acquire_us=1235 submit_us=3973 skipped=0 gpu_q=1 gpu_total_us=7242 gpu_prepass_us=0 gpu_main_us=7242 gpu_composite_us=0 gpu_blit_us=0
frust_shell_android::app::frame: frust-perf platform-view tail depth=0 target=0 acquire_bound=false frame=1258 expected_present_us=0 acquire_us=1556 period_us=11128
frust_shell_common::perf: frust-perf raw n=1246 total_us=4778 rebuild_us=195 layout_us=0 paint_us=84 encode_us=51 acquire_us=1076 submit_us=3370 skipped=0 gpu_q=1 gpu_total_us=7558 gpu_prepass_us=0 gpu_main_us=7558 gpu_composite_us=0 gpu_blit_us=0
frust_shell_common::perf: frust-perf raw n=1247 total_us=6442 rebuild_us=198 layout_us=0 paint_us=83 encode_us=52 acquire_us=1553 submit_us=4554 skipped=0 gpu_q=1 gpu_total_us=7260 gpu_prepass_us=0 gpu_main_us=7260 gpu_composite_us=0 gpu_blit_us=0
frust_shell_common::perf: frust-perf raw n=1248 total_us=4332 rebuild_us=196 layout_us=0 paint_us=140 encode_us=48 acquire_us=650 submit_us=3296 skipped=0 gpu_q=1 gpu_total_us=7258 gpu_prepass_us=0 gpu_main_us=7258 gpu_composite_us=0 gpu_blit_us=0
frust_shell_common::perf: bench-scenario-start s3-swap
frust_shell_common::perf: frust-perf raw n=1249 total_us=7350 rebuild_us=2807 layout_us=66 paint_us=81 encode_us=52 acquire_us=83 submit_us=4258 skipped=0 gpu_q=1 gpu_total_us=7243 gpu_prepass_us=0 gpu_main_us=7243 gpu_composite_us=0 gpu_blit_us=0
frust_shell_common::perf: bench-scenario-end s3-swap
frust_shell_common::perf: frust-perf raw n=1250 total_us=6769 rebuild_us=663 layout_us=0 paint_us=119 encode_us=60 acquire_us=1515 submit_us=4409 skipped=0 gpu_q=1 gpu_total_us=7247 gpu_prepass_us=0 gpu_main_us=7247 gpu_composite_us=0 gpu_blit_us=0
frust_shell_common::perf: frust-perf raw n=1251 total_us=5848 rebuild_us=220 layout_us=0 paint_us=97 encode_us=50 acquire_us=1592 submit_us=3887 skipped=0 gpu_q=1 gpu_total_us=7253 gpu_prepass_us=0 gpu_main_us=7253 gpu_composite_us=0 gpu_blit_us=0
frust_shell_common::perf: frust-perf raw n=1252 total_us=4609 rebuild_us=191 layout_us=0 paint_us=90 encode_us=49 acquire_us=871 submit_us=3406 skipped=0 gpu_q=1 gpu_total_us=7249 gpu_prepass_us=0 gpu_main_us=7249 gpu_composite_us=0 gpu_blit_us=0
frust_shell_common::perf: frust-perf raw n=1253 total_us=7101 rebuild_us=214 layout_us=0 paint_us=83 encode_us=53 acquire_us=1864 submit_us=4884 skipped=0 gpu_q=1 gpu_total_us=7432 gpu_prepass_us=0 gpu_main_us=7432 gpu_composite_us=0 gpu_blit_us=0
frust_shell_common::perf: frust-perf raw n=1254 total_us=5157 rebuild_us=198 layout_us=0 paint_us=147 encode_us=51 acquire_us=1346 submit_us=3412 skipped=0 gpu_q=1 gpu_total_us=7412 gpu_prepass_us=0 gpu_main_us=7412 gpu_composite_us=0 gpu_blit_us=0
frust_shell_common::perf: frust-perf raw n=1255 total_us=4697 rebuild_us=195 layout_us=0 paint_us=84 encode_us=54 acquire_us=971 submit_us=3391 skipped=0 gpu_q=1 gpu_total_us=7728 gpu_prepass_us=0 gpu_main_us=7728 gpu_composite_us=0 gpu_blit_us=0
frust_shell_common::perf: frust-perf raw n=1256 total_us=6421 rebuild_us=261 layout_us=0 paint_us=92 encode_us=50 acquire_us=1694 submit_us=4322 skipped=0 gpu_q=1 gpu_total_us=7445 gpu_prepass_us=0 gpu_main_us=7445 gpu_composite_us=0 gpu_blit_us=0
frust_shell_common::perf: frust-perf raw n=1257 total_us=5841 rebuild_us=274 layout_us=0 paint_us=97 encode_us=53 acquire_us=1198 submit_us=4216 skipped=0 gpu_q=1 gpu_total_us=7538 gpu_prepass_us=0 gpu_main_us=7538 gpu_composite_us=0 gpu_blit_us=0
frust_shell_common::perf: frust-perf raw n=1258 total_us=5549 rebuild_us=221 layout_us=0 paint_us=96 encode_us=54 acquire_us=956 submit_us=4220 skipped=0 gpu_q=1 gpu_total_us=7442 gpu_prepass_us=0 gpu_main_us=7442 gpu_composite_us=0 gpu_blit_us=0
frust_shell_common::perf: frust-perf raw n=1259 total_us=6791 rebuild_us=222 layout_us=0 paint_us=96 encode_us=50 acquire_us=1903 submit_us=4518 skipped=0 gpu_q=1 gpu_total_us=7458 gpu_prepass_us=0 gpu_main_us=7458 gpu_composite_us=0 gpu_blit_us=0
frust_shell_common::perf: frust-perf raw n=1260 total_us=6382 rebuild_us=250 layout_us=0 paint_us=97 encode_us=50 acquire_us=1493 submit_us=4490 skipped=0 gpu_q=1 gpu_total_us=7459 gpu_prepass_us=0 gpu_main_us=7459 gpu_composite_us=0 gpu_blit_us=0
frust_shell_common::perf: frust-perf raw n=1261 total_us=5559 rebuild_us=224 layout_us=0 paint_us=98 encode_us=51 acquire_us=1120 submit_us=4064 skipped=0 gpu_q=1 gpu_total_us=7438 gpu_prepass_us=0 gpu_main_us=7438 gpu_composite_us=0 gpu_blit_us=0
frust_shell_common::perf: frust-perf raw n=1262 total_us=7270 rebuild_us=227 layout_us=0 paint_us=92 encode_us=52 acquire_us=2469 submit_us=4427 skipped=0 gpu_q=1 gpu_total_us=7438 gpu_prepass_us=0 gpu_main_us=7438 gpu_composite_us=0 gpu_blit_us=0
frust_shell_common::perf: frust-perf raw n=1263 total_us=5753 rebuild_us=231 layout_us=0 paint_us=92 encode_us=51 acquire_us=1056 submit_us=4321 skipped=0 gpu_q=1 gpu_total_us=7431 gpu_prepass_us=0 gpu_main_us=7431 gpu_composite_us=0 gpu_blit_us=0
frust_shell_common::perf: frust-perf raw n=1264 total_us=5256 rebuild_us=226 layout_us=0 paint_us=95 encode_us=51 acquire_us=848 submit_us=4034 skipped=0 gpu_q=1 gpu_total_us=7734 gpu_prepass_us=0 gpu_main_us=7734 gpu_composite_us=0 gpu_blit_us=0
frust_shell_common::perf: frust-perf raw n=1265 total_us=6785 rebuild_us=225 layout_us=0 paint_us=97 encode_us=55 acquire_us=1952 submit_us=4455 skipped=0 gpu_q=1 gpu_total_us=7456 gpu_prepass_us=0 gpu_main_us=7456 gpu_composite_us=0 gpu_blit_us=0
frust_shell_common::perf: frust-perf raw n=1266 total_us=6312 rebuild_us=276 layout_us=0 paint_us=96 encode_us=51 acquire_us=1447 submit_us=4439 skipped=0 gpu_q=1 gpu_total_us=7417 gpu_prepass_us=0 gpu_main_us=7417 gpu_composite_us=0 gpu_blit_us=0
frust_shell_common::perf: frust-perf raw n=1267 total_us=5548 rebuild_us=221 layout_us=0 paint_us=94 encode_us=56 acquire_us=1114 submit_us=4061 skipped=0 gpu_q=1 gpu_total_us=7425 gpu_prepass_us=0 gpu_main_us=7425 gpu_composite_us=0 gpu_blit_us=0
frust_shell_common::perf: frust-perf raw n=1268 total_us=6845 rebuild_us=225 layout_us=0 paint_us=98 encode_us=57 acquire_us=2036 submit_us=4425 skipped=0 gpu_q=1 gpu_total_us=7445 gpu_prepass_us=0 gpu_main_us=7445 gpu_composite_us=0 gpu_blit_us=0
frust_shell_common::perf: bench-scenario-start s3-clear
frust_shell_common::perf: frust-perf raw n=1269 total_us=7440 rebuild_us=4541 layout_us=20 paint_us=25 encode_us=40 acquire_us=85 submit_us=2727 skipped=0 gpu_q=1 gpu_total_us=7430 gpu_prepass_us=0 gpu_main_us=7430 gpu_composite_us=0 gpu_blit_us=0
frust_shell_common::perf: bench-scenario-end s3-clear
frust_shell_common::perf: frust-perf raw n=1270 total_us=3901 rebuild_us=142 layout_us=0 paint_us=29 encode_us=16 acquire_us=1284 submit_us=2427 skipped=0 gpu_q=1 gpu_total_us=7434 gpu_prepass_us=0 gpu_main_us=7434 gpu_composite_us=0 gpu_blit_us=0
frust_shell_common::perf: frust-perf raw n=1271 total_us=4484 rebuild_us=113 layout_us=0 paint_us=37 encode_us=23 acquire_us=1599 submit_us=2709 skipped=0 gpu_q=1 gpu_total_us=7441 gpu_prepass_us=0 gpu_main_us=7441 gpu_composite_us=0 gpu_blit_us=0
frust_shell_common::perf: frust-perf raw n=1272 total_us=4568 rebuild_us=97 layout_us=0 paint_us=31 encode_us=17 acquire_us=1726 submit_us=2695 skipped=0 gpu_q=1 gpu_total_us=7436 gpu_prepass_us=0 gpu_main_us=7436 gpu_composite_us=0 gpu_blit_us=0
frust_shell_common::perf: frust-perf raw n=1273 total_us=4592 rebuild_us=95 layout_us=0 paint_us=32 encode_us=18 acquire_us=1813 submit_us=2632 skipped=0 gpu_q=1 gpu_total_us=3187 gpu_prepass_us=0 gpu_main_us=3187 gpu_composite_us=0 gpu_blit_us=0
frust_shell_common::perf: frust-perf raw n=1274 total_us=4500 rebuild_us=97 layout_us=0 paint_us=30 encode_us=17 acquire_us=1668 submit_us=2686 skipped=0 gpu_q=1 gpu_total_us=3232 gpu_prepass_us=0 gpu_main_us=3232 gpu_composite_us=0 gpu_blit_us=0
frust_shell_common::perf: frust-perf raw n=1275 total_us=4434 rebuild_us=92 layout_us=0 paint_us=32 encode_us=18 acquire_us=1647 submit_us=2643 skipped=0 gpu_q=1 gpu_total_us=3219 gpu_prepass_us=0 gpu_main_us=3219 gpu_composite_us=0 gpu_blit_us=0
frust_shell_common::perf: frust-perf raw n=1276 total_us=4737 rebuild_us=93 layout_us=1 paint_us=31 encode_us=21 acquire_us=2033 submit_us=2557 skipped=0 gpu_q=1 gpu_total_us=3215 gpu_prepass_us=0 gpu_main_us=3215 gpu_composite_us=0 gpu_blit_us=0
frust_shell_common::perf: frust-perf raw n=1277 total_us=4504 rebuild_us=100 layout_us=0 paint_us=32 encode_us=21 acquire_us=1661 submit_us=2687 skipped=0 gpu_q=1 gpu_total_us=3213 gpu_prepass_us=0 gpu_main_us=3213 gpu_composite_us=0 gpu_blit_us=0
frust_shell_common::perf: frust-perf raw n=1278 total_us=4291 rebuild_us=97 layout_us=0 paint_us=30 encode_us=22 acquire_us=1460 submit_us=2680 skipped=0 gpu_q=1 gpu_total_us=3205 gpu_prepass_us=0 gpu_main_us=3205 gpu_composite_us=0 gpu_blit_us=0
frust_shell_common::perf: frust-perf raw n=1279 total_us=4530 rebuild_us=94 layout_us=0 paint_us=31 encode_us=21 acquire_us=1805 submit_us=2577 skipped=0 gpu_q=1 gpu_total_us=3225 gpu_prepass_us=0 gpu_main_us=3225 gpu_composite_us=0 gpu_blit_us=0
frust_shell_common::perf: frust-perf raw n=1280 total_us=4695 rebuild_us=95 layout_us=0 paint_us=31 encode_us=22 acquire_us=1874 submit_us=2670 skipped=0 gpu_q=1 gpu_total_us=3216 gpu_prepass_us=0 gpu_main_us=3216 gpu_composite_us=0 gpu_blit_us=0
frust_shell_common::perf: frust-perf raw n=1281 total_us=4818 rebuild_us=99 layout_us=0 paint_us=31 encode_us=22 acquire_us=1723 submit_us=2941 skipped=0 gpu_q=1 gpu_total_us=3209 gpu_prepass_us=0 gpu_main_us=3209 gpu_composite_us=0 gpu_blit_us=0
frust_shell_common::perf: frust-perf frame n=120 total_p50_ms=5 total_p95_ms=8 total_p99_ms=11 rebuild_p95_ms=0 layout_p95_ms=0 paint_p95_ms=0 encode_p95_ms=0 acquire_p95_ms=2 submit_p95_ms=6 over_60hz=4 over_120hz=154 skipped=0 total_frames=1281
frust_shell_common::perf: frust-perf raw n=1282 total_us=4380 rebuild_us=97 layout_us=0 paint_us=31 encode_us=22 acquire_us=1591 submit_us=2637 skipped=0 gpu_q=1 gpu_total_us=3220 gpu_prepass_us=0 gpu_main_us=3220 gpu_composite_us=0 gpu_blit_us=0
frust_shell_common::perf: frust-perf raw n=1283 total_us=5102 rebuild_us=96 layout_us=0 paint_us=31 encode_us=23 acquire_us=2323 submit_us=2628 skipped=0 gpu_q=1 gpu_total_us=3212 gpu_prepass_us=0 gpu_main_us=3212 gpu_composite_us=0 gpu_blit_us=0
frust_shell_common::perf: frust-perf raw n=1284 total_us=5084 rebuild_us=92 layout_us=0 paint_us=31 encode_us=21 acquire_us=2333 submit_us=2604 skipped=0 gpu_q=1 gpu_total_us=3201 gpu_prepass_us=0 gpu_main_us=3201 gpu_composite_us=0 gpu_blit_us=0
frust_shell_common::perf: frust-perf raw n=1285 total_us=5045 rebuild_us=98 layout_us=0 paint_us=31 encode_us=22 acquire_us=1621 submit_us=3270 skipped=0 gpu_q=1 gpu_total_us=3212 gpu_prepass_us=0 gpu_main_us=3212 gpu_composite_us=0 gpu_blit_us=0
frust_shell_common::perf: frust-perf raw n=1286 total_us=4209 rebuild_us=94 layout_us=0 paint_us=30 encode_us=20 acquire_us=1363 submit_us=2698 skipped=0 gpu_q=1 gpu_total_us=3205 gpu_prepass_us=0 gpu_main_us=3205 gpu_composite_us=0 gpu_blit_us=0
frust_shell_common::perf: frust-perf raw n=1287 total_us=4504 rebuild_us=310 layout_us=2 paint_us=105 encode_us=21 acquire_us=1442 submit_us=2621 skipped=0 gpu_q=1 gpu_total_us=3221 gpu_prepass_us=0 gpu_main_us=3221 gpu_composite_us=0 gpu_blit_us=0
frust_shell_common::perf: frust-perf raw n=1288 total_us=5277 rebuild_us=235 layout_us=1 paint_us=104 encode_us=24 acquire_us=1595 submit_us=3315 skipped=0 gpu_q=1 gpu_total_us=3202 gpu_prepass_us=0 gpu_main_us=3202 gpu_composite_us=0 gpu_blit_us=0
frust_shell_common::perf: bench-scenario-start s3-create1k
frust_shell_common::perf: bench-scenario-end s3-create1k
frust_shell_common::perf: frust-perf raw n=1289 total_us=17875 rebuild_us=3606 layout_us=931 paint_us=689 encode_us=54 acquire_us=108 submit_us=12483 skipped=0 gpu_q=1 gpu_total_us=3213 gpu_prepass_us=0 gpu_main_us=3213 gpu_composite_us=0 gpu_blit_us=0
frust_shell_common::perf: frust-perf raw n=1290 total_us=8737 rebuild_us=316 layout_us=0 paint_us=106 encode_us=59 acquire_us=54 submit_us=8200 skipped=0 gpu_q=1 gpu_total_us=3219 gpu_prepass_us=0 gpu_main_us=3219 gpu_composite_us=0 gpu_blit_us=0
frust_shell_common::perf: frust-perf raw n=1291 total_us=9512 rebuild_us=787 layout_us=2 paint_us=413 encode_us=59 acquire_us=49 submit_us=8201 skipped=0 gpu_q=1 gpu_total_us=3208 gpu_prepass_us=0 gpu_main_us=3208 gpu_composite_us=0 gpu_blit_us=0
frust_shell_common::perf: frust-perf raw n=1292 total_us=7689 rebuild_us=289 layout_us=0 paint_us=118 encode_us=53 acquire_us=45 submit_us=7182 skipped=0 gpu_q=1 gpu_total_us=3202 gpu_prepass_us=0 gpu_main_us=3202 gpu_composite_us=0 gpu_blit_us=0
frust_shell_common::perf: frust-perf raw n=1293 total_us=8034 rebuild_us=247 layout_us=0 paint_us=88 encode_us=46 acquire_us=1886 submit_us=5765 skipped=0 gpu_q=1 gpu_total_us=4913 gpu_prepass_us=0 gpu_main_us=4913 gpu_composite_us=0 gpu_blit_us=0
frust_shell_common::perf: frust-perf raw n=1294 total_us=6629 rebuild_us=200 layout_us=0 paint_us=83 encode_us=37 acquire_us=495 submit_us=5811 skipped=0 gpu_q=1 gpu_total_us=5016 gpu_prepass_us=0 gpu_main_us=5016 gpu_composite_us=0 gpu_blit_us=0
frust_shell_common::perf: frust-perf raw n=1295 total_us=8098 rebuild_us=200 layout_us=0 paint_us=94 encode_us=47 acquire_us=1370 submit_us=6385 skipped=0 gpu_q=1 gpu_total_us=5016 gpu_prepass_us=0 gpu_main_us=5016 gpu_composite_us=0 gpu_blit_us=0
frust_shell_common::perf: frust-perf raw n=1296 total_us=8238 rebuild_us=195 layout_us=0 paint_us=83 encode_us=39 acquire_us=1926 submit_us=5992 skipped=0 gpu_q=1 gpu_total_us=4899 gpu_prepass_us=0 gpu_main_us=4899 gpu_composite_us=0 gpu_blit_us=0
frust_shell_common::perf: frust-perf raw n=1297 total_us=9503 rebuild_us=223 layout_us=0 paint_us=110 encode_us=50 acquire_us=2009 submit_us=7108 skipped=0 gpu_q=1 gpu_total_us=4890 gpu_prepass_us=0 gpu_main_us=4890 gpu_composite_us=0 gpu_blit_us=0
frust_shell_common::perf: frust-perf raw n=1298 total_us=8030 rebuild_us=222 layout_us=0 paint_us=101 encode_us=55 acquire_us=2595 submit_us=5054 skipped=0 gpu_q=1 gpu_total_us=4891 gpu_prepass_us=0 gpu_main_us=4891 gpu_composite_us=0 gpu_blit_us=0
frust_shell_common::perf: frust-perf raw n=1299 total_us=6604 rebuild_us=192 layout_us=0 paint_us=78 encode_us=41 acquire_us=1659 submit_us=4631 skipped=0 gpu_q=1 gpu_total_us=4903 gpu_prepass_us=0 gpu_main_us=4903 gpu_composite_us=0 gpu_blit_us=0
frust_shell_common::perf: frust-perf raw n=1300 total_us=7185 rebuild_us=206 layout_us=0 paint_us=90 encode_us=45 acquire_us=1464 submit_us=5378 skipped=0 gpu_q=1 gpu_total_us=4904 gpu_prepass_us=0 gpu_main_us=4904 gpu_composite_us=0 gpu_blit_us=0
frust_shell_common::perf: frust-perf raw n=1301 total_us=5813 rebuild_us=201 layout_us=0 paint_us=85 encode_us=96 acquire_us=1661 submit_us=3767 skipped=0 gpu_q=1 gpu_total_us=4897 gpu_prepass_us=0 gpu_main_us=4897 gpu_composite_us=0 gpu_blit_us=0
frust_shell_common::perf: frust-perf raw n=1302 total_us=6066 rebuild_us=203 layout_us=0 paint_us=86 encode_us=44 acquire_us=1712 submit_us=4018 skipped=0 gpu_q=1 gpu_total_us=8790 gpu_prepass_us=477 gpu_main_us=8313 gpu_composite_us=0 gpu_blit_us=0
frust_shell_common::perf: frust-perf raw n=1303 total_us=4868 rebuild_us=196 layout_us=0 paint_us=88 encode_us=44 acquire_us=898 submit_us=3640 skipped=0 gpu_q=1 gpu_total_us=8324 gpu_prepass_us=0 gpu_main_us=8324 gpu_composite_us=0 gpu_blit_us=0
frust_shell_common::perf: frust-perf raw n=1304 total_us=5229 rebuild_us=199 layout_us=0 paint_us=110 encode_us=47 acquire_us=1256 submit_us=3614 skipped=0 gpu_q=1 gpu_total_us=8316 gpu_prepass_us=0 gpu_main_us=8316 gpu_composite_us=0 gpu_blit_us=0
frust_shell_common::perf: frust-perf raw n=1305 total_us=5716 rebuild_us=204 layout_us=0 paint_us=95 encode_us=45 acquire_us=1649 submit_us=3721 skipped=0 gpu_q=1 gpu_total_us=8313 gpu_prepass_us=0 gpu_main_us=8313 gpu_composite_us=0 gpu_blit_us=0
frust_shell_common::perf: frust-perf raw n=1306 total_us=5267 rebuild_us=200 layout_us=0 paint_us=98 encode_us=52 acquire_us=1187 submit_us=3728 skipped=0 gpu_q=1 gpu_total_us=8347 gpu_prepass_us=0 gpu_main_us=8347 gpu_composite_us=0 gpu_blit_us=0
frust_shell_common::perf: frust-perf raw n=1307 total_us=5675 rebuild_us=243 layout_us=0 paint_us=89 encode_us=47 acquire_us=1418 submit_us=3876 skipped=0 gpu_q=1 gpu_total_us=8327 gpu_prepass_us=0 gpu_main_us=8327 gpu_composite_us=0 gpu_blit_us=0
frust_shell_common::perf: frust-perf raw n=1308 total_us=6244 rebuild_us=204 layout_us=0 paint_us=88 encode_us=46 acquire_us=1550 submit_us=4353 skipped=0 gpu_q=1 gpu_total_us=8330 gpu_prepass_us=0 gpu_main_us=8330 gpu_composite_us=0 gpu_blit_us=0
frust_shell_common::perf: bench-scenario-start s3-create10k
frust_shell_common::perf: frust-perf raw n=1309 total_us=9304 rebuild_us=5024 layout_us=211 paint_us=136 encode_us=47 acquire_us=80 submit_us=3804 skipped=0 gpu_q=1 gpu_total_us=8353 gpu_prepass_us=0 gpu_main_us=8353 gpu_composite_us=0 gpu_blit_us=0
frust_shell_common::perf: bench-scenario-end s3-create10k
frust_shell_common::perf: frust-perf raw n=1310 total_us=6594 rebuild_us=291 layout_us=0 paint_us=93 encode_us=51 acquire_us=1985 submit_us=4171 skipped=0 gpu_q=1 gpu_total_us=8320 gpu_prepass_us=0 gpu_main_us=8320 gpu_composite_us=0 gpu_blit_us=0
frust_shell_common::perf: frust-perf raw n=1311 total_us=5655 rebuild_us=197 layout_us=0 paint_us=89 encode_us=47 acquire_us=1687 submit_us=3634 skipped=0 gpu_q=1 gpu_total_us=8336 gpu_prepass_us=0 gpu_main_us=8336 gpu_composite_us=0 gpu_blit_us=0
frust_shell_common::perf: frust-perf raw n=1312 total_us=5990 rebuild_us=201 layout_us=0 paint_us=92 encode_us=51 acquire_us=1659 submit_us=3985 skipped=0 gpu_q=1 gpu_total_us=8332 gpu_prepass_us=0 gpu_main_us=8332 gpu_composite_us=0 gpu_blit_us=0
frust_shell_common::perf: frust-perf raw n=1313 total_us=5266 rebuild_us=244 layout_us=0 paint_us=89 encode_us=47 acquire_us=1427 submit_us=3457 skipped=0 gpu_q=1 gpu_total_us=7212 gpu_prepass_us=0 gpu_main_us=7212 gpu_composite_us=0 gpu_blit_us=0
frust_shell_common::perf: frust-perf raw n=1314 total_us=5733 rebuild_us=204 layout_us=0 paint_us=91 encode_us=53 acquire_us=1279 submit_us=4103 skipped=0 gpu_q=1 gpu_total_us=7233 gpu_prepass_us=0 gpu_main_us=7233 gpu_composite_us=0 gpu_blit_us=0
frust_shell_common::perf: frust-perf raw n=1315 total_us=6052 rebuild_us=204 layout_us=0 paint_us=88 encode_us=48 acquire_us=1911 submit_us=3799 skipped=0 gpu_q=1 gpu_total_us=7222 gpu_prepass_us=0 gpu_main_us=7222 gpu_composite_us=0 gpu_blit_us=0
frust_shell_common::perf: frust-perf raw n=1316 total_us=6265 rebuild_us=208 layout_us=0 paint_us=89 encode_us=62 acquire_us=1575 submit_us=4328 skipped=0 gpu_q=1 gpu_total_us=7223 gpu_prepass_us=0 gpu_main_us=7223 gpu_composite_us=0 gpu_blit_us=0
frust_shell_common::perf: frust-perf raw n=1317 total_us=5226 rebuild_us=197 layout_us=0 paint_us=91 encode_us=48 acquire_us=1459 submit_us=3429 skipped=0 gpu_q=1 gpu_total_us=7216 gpu_prepass_us=0 gpu_main_us=7216 gpu_composite_us=0 gpu_blit_us=0
frust_shell_common::perf: frust-perf raw n=1318 total_us=6860 rebuild_us=217 layout_us=0 paint_us=87 encode_us=53 acquire_us=2322 submit_us=4178 skipped=0 gpu_q=1 gpu_total_us=7226 gpu_prepass_us=0 gpu_main_us=7226 gpu_composite_us=0 gpu_blit_us=0
frust_shell_common::perf: frust-perf raw n=1319 total_us=4749 rebuild_us=205 layout_us=0 paint_us=92 encode_us=51 acquire_us=1012 submit_us=3387 skipped=0 gpu_q=1 gpu_total_us=7691 gpu_prepass_us=0 gpu_main_us=7691 gpu_composite_us=0 gpu_blit_us=0
frust_shell_common::perf: frust-perf raw n=1320 total_us=6777 rebuild_us=199 layout_us=0 paint_us=109 encode_us=52 acquire_us=1742 submit_us=4672 skipped=0 gpu_q=1 gpu_total_us=7222 gpu_prepass_us=0 gpu_main_us=7222 gpu_composite_us=0 gpu_blit_us=0
frust_shell_common::perf: frust-perf raw n=1321 total_us=5509 rebuild_us=199 layout_us=0 paint_us=86 encode_us=53 acquire_us=1787 submit_us=3382 skipped=0 gpu_q=1 gpu_total_us=7211 gpu_prepass_us=0 gpu_main_us=7211 gpu_composite_us=0 gpu_blit_us=0
frust_shell_common::perf: frust-perf raw n=1322 total_us=4920 rebuild_us=197 layout_us=0 paint_us=86 encode_us=52 acquire_us=1227 submit_us=3356 skipped=0 gpu_q=1 gpu_total_us=7217 gpu_prepass_us=0 gpu_main_us=7217 gpu_composite_us=0 gpu_blit_us=0
frust_shell_common::perf: frust-perf raw n=1323 total_us=6775 rebuild_us=231 layout_us=0 paint_us=114 encode_us=56 acquire_us=2051 submit_us=4321 skipped=0 gpu_q=1 gpu_total_us=7221 gpu_prepass_us=0 gpu_main_us=7221 gpu_composite_us=0 gpu_blit_us=0
frust_shell_common::perf: frust-perf raw n=1324 total_us=6318 rebuild_us=195 layout_us=0 paint_us=86 encode_us=49 acquire_us=2117 submit_us=3869 skipped=0 gpu_q=1 gpu_total_us=7222 gpu_prepass_us=0 gpu_main_us=7222 gpu_composite_us=0 gpu_blit_us=0
frust_shell_common::perf: frust-perf raw n=1325 total_us=4705 rebuild_us=209 layout_us=0 paint_us=89 encode_us=54 acquire_us=925 submit_us=3426 skipped=0 gpu_q=1 gpu_total_us=7222 gpu_prepass_us=0 gpu_main_us=7222 gpu_composite_us=0 gpu_blit_us=0
frust_shell_common::perf: frust-perf raw n=1326 total_us=6260 rebuild_us=237 layout_us=0 paint_us=102 encode_us=90 acquire_us=101 submit_us=5727 skipped=0 gpu_q=1 gpu_total_us=7222 gpu_prepass_us=0 gpu_main_us=7222 gpu_composite_us=0 gpu_blit_us=0
frust_shell_common::perf: frust-perf raw n=1327 total_us=4583 rebuild_us=211 layout_us=0 paint_us=88 encode_us=60 acquire_us=61 submit_us=4160 skipped=0 gpu_q=1 gpu_total_us=7225 gpu_prepass_us=0 gpu_main_us=7225 gpu_composite_us=0 gpu_blit_us=0
frust_shell_common::perf: frust-perf raw n=1328 total_us=6652 rebuild_us=306 layout_us=0 paint_us=131 encode_us=52 acquire_us=1607 submit_us=4555 skipped=0 gpu_q=1 gpu_total_us=7687 gpu_prepass_us=0 gpu_main_us=7687 gpu_composite_us=0 gpu_blit_us=0
frust_shell_common::perf: bench-scenario-start s3-update
frust_shell_common::perf: frust-perf raw n=1329 total_us=9042 rebuild_us=4239 layout_us=85 paint_us=109 encode_us=58 acquire_us=91 submit_us=4458 skipped=0 gpu_q=1 gpu_total_us=7205 gpu_prepass_us=0 gpu_main_us=7205 gpu_composite_us=0 gpu_blit_us=0
frust_shell_common::perf: bench-scenario-end s3-update
frust_shell_common::perf: frust-perf raw n=1330 total_us=6580 rebuild_us=336 layout_us=0 paint_us=108 encode_us=70 acquire_us=1411 submit_us=4654 skipped=0 gpu_q=1 gpu_total_us=7224 gpu_prepass_us=0 gpu_main_us=7224 gpu_composite_us=0 gpu_blit_us=0
frust_shell_common::perf: frust-perf raw n=1331 total_us=5945 rebuild_us=209 layout_us=0 paint_us=102 encode_us=53 acquire_us=1430 submit_us=4149 skipped=0 gpu_q=1 gpu_total_us=7204 gpu_prepass_us=0 gpu_main_us=7204 gpu_composite_us=0 gpu_blit_us=0
frust_shell_common::perf: frust-perf raw n=1332 total_us=6569 rebuild_us=217 layout_us=0 paint_us=99 encode_us=60 acquire_us=2256 submit_us=3934 skipped=0 gpu_q=1 gpu_total_us=7196 gpu_prepass_us=0 gpu_main_us=7196 gpu_composite_us=0 gpu_blit_us=0
frust_shell_common::perf: frust-perf raw n=1333 total_us=7558 rebuild_us=239 layout_us=0 paint_us=109 encode_us=54 acquire_us=2594 submit_us=4560 skipped=0 gpu_q=1 gpu_total_us=7249 gpu_prepass_us=0 gpu_main_us=7249 gpu_composite_us=0 gpu_blit_us=0
frust_shell_common::perf: frust-perf raw n=1334 total_us=6976 rebuild_us=206 layout_us=0 paint_us=97 encode_us=52 acquire_us=2484 submit_us=4134 skipped=0 gpu_q=1 gpu_total_us=7238 gpu_prepass_us=0 gpu_main_us=7238 gpu_composite_us=0 gpu_blit_us=0
frust_shell_common::perf: frust-perf raw n=1335 total_us=5795 rebuild_us=208 layout_us=0 paint_us=91 encode_us=59 acquire_us=1467 submit_us=3968 skipped=0 gpu_q=1 gpu_total_us=7250 gpu_prepass_us=0 gpu_main_us=7250 gpu_composite_us=0 gpu_blit_us=0
frust_shell_common::perf: frust-perf raw n=1336 total_us=6222 rebuild_us=249 layout_us=0 paint_us=108 encode_us=62 acquire_us=1909 submit_us=3891 skipped=0 gpu_q=1 gpu_total_us=7236 gpu_prepass_us=0 gpu_main_us=7236 gpu_composite_us=0 gpu_blit_us=0
frust_shell_common::perf: frust-perf raw n=1337 total_us=5090 rebuild_us=214 layout_us=0 paint_us=92 encode_us=55 acquire_us=1140 submit_us=3587 skipped=0 gpu_q=1 gpu_total_us=7706 gpu_prepass_us=0 gpu_main_us=7706 gpu_composite_us=0 gpu_blit_us=0
frust_shell_common::perf: frust-perf raw n=1338 total_us=7237 rebuild_us=214 layout_us=0 paint_us=96 encode_us=54 acquire_us=1908 submit_us=4963 skipped=0 gpu_q=1 gpu_total_us=7258 gpu_prepass_us=0 gpu_main_us=7258 gpu_composite_us=0 gpu_blit_us=0
frust_shell_common::perf: frust-perf raw n=1339 total_us=6544 rebuild_us=217 layout_us=0 paint_us=107 encode_us=56 acquire_us=2169 submit_us=3992 skipped=0 gpu_q=1 gpu_total_us=7240 gpu_prepass_us=0 gpu_main_us=7240 gpu_composite_us=0 gpu_blit_us=0
frust_shell_common::perf: frust-perf raw n=1340 total_us=5747 rebuild_us=208 layout_us=0 paint_us=105 encode_us=55 acquire_us=1269 submit_us=4108 skipped=0 gpu_q=1 gpu_total_us=7241 gpu_prepass_us=0 gpu_main_us=7241 gpu_composite_us=0 gpu_blit_us=0
frust_shell_common::perf: frust-perf raw n=1341 total_us=6512 rebuild_us=211 layout_us=0 paint_us=100 encode_us=55 acquire_us=1982 submit_us=4162 skipped=0 gpu_q=1 gpu_total_us=7267 gpu_prepass_us=0 gpu_main_us=7267 gpu_composite_us=0 gpu_blit_us=0
frust_shell_common::perf: frust-perf raw n=1342 total_us=6155 rebuild_us=207 layout_us=0 paint_us=96 encode_us=56 acquire_us=1865 submit_us=3928 skipped=0 gpu_q=1 gpu_total_us=7250 gpu_prepass_us=0 gpu_main_us=7250 gpu_composite_us=0 gpu_blit_us=0
frust_shell_common::perf: frust-perf raw n=1343 total_us=6217 rebuild_us=215 layout_us=0 paint_us=109 encode_us=53 acquire_us=1854 submit_us=3984 skipped=0 gpu_q=1 gpu_total_us=7272 gpu_prepass_us=0 gpu_main_us=7272 gpu_composite_us=0 gpu_blit_us=0
frust_shell_common::perf: frust-perf raw n=1344 total_us=5686 rebuild_us=495 layout_us=0 paint_us=98 encode_us=61 acquire_us=1037 submit_us=3993 skipped=0 gpu_q=1 gpu_total_us=7253 gpu_prepass_us=0 gpu_main_us=7253 gpu_composite_us=0 gpu_blit_us=0
frust_shell_common::perf: frust-perf raw n=1345 total_us=7207 rebuild_us=212 layout_us=0 paint_us=95 encode_us=51 acquire_us=2848 submit_us=3999 skipped=0 gpu_q=1 gpu_total_us=7250 gpu_prepass_us=0 gpu_main_us=7250 gpu_composite_us=0 gpu_blit_us=0
frust_shell_common::perf: frust-perf raw n=1346 total_us=6473 rebuild_us=215 layout_us=0 paint_us=96 encode_us=60 acquire_us=2314 submit_us=3786 skipped=0 gpu_q=1 gpu_total_us=7556 gpu_prepass_us=0 gpu_main_us=7556 gpu_composite_us=0 gpu_blit_us=0
frust_shell_common::perf: frust-perf raw n=1347 total_us=5183 rebuild_us=461 layout_us=0 paint_us=91 encode_us=53 acquire_us=580 submit_us=3995 skipped=0 gpu_q=1 gpu_total_us=7257 gpu_prepass_us=0 gpu_main_us=7257 gpu_composite_us=0 gpu_blit_us=0
frust_shell_common::perf: frust-perf raw n=1348 total_us=6362 rebuild_us=208 layout_us=0 paint_us=98 encode_us=55 acquire_us=1852 submit_us=4145 skipped=0 gpu_q=1 gpu_total_us=7260 gpu_prepass_us=0 gpu_main_us=7260 gpu_composite_us=0 gpu_blit_us=0
frust_shell_common::perf: bench-scenario-start s3-swap
frust_shell_common::perf: frust-perf raw n=1349 total_us=8647 rebuild_us=3314 layout_us=73 paint_us=84 encode_us=53 acquire_us=80 submit_us=5041 skipped=0 gpu_q=1 gpu_total_us=7245 gpu_prepass_us=0 gpu_main_us=7245 gpu_composite_us=0 gpu_blit_us=0
frust_shell_common::perf: bench-scenario-end s3-swap
frust_shell_common::perf: frust-perf raw n=1350 total_us=6662 rebuild_us=572 layout_us=0 paint_us=135 encode_us=114 acquire_us=1834 submit_us=4003 skipped=0 gpu_q=1 gpu_total_us=7200 gpu_prepass_us=0 gpu_main_us=7200 gpu_composite_us=0 gpu_blit_us=0
frust_shell_common::perf: frust-perf raw n=1351 total_us=6931 rebuild_us=211 layout_us=0 paint_us=92 encode_us=53 acquire_us=2544 submit_us=4029 skipped=0 gpu_q=1 gpu_total_us=7243 gpu_prepass_us=0 gpu_main_us=7243 gpu_composite_us=0 gpu_blit_us=0
frust_shell_common::perf: frust-perf raw n=1352 total_us=6319 rebuild_us=209 layout_us=0 paint_us=89 encode_us=56 acquire_us=1966 submit_us=3997 skipped=0 gpu_q=1 gpu_total_us=7241 gpu_prepass_us=0 gpu_main_us=7241 gpu_composite_us=0 gpu_blit_us=0
frust_shell_common::perf: frust-perf raw n=1353 total_us=5769 rebuild_us=217 layout_us=0 paint_us=100 encode_us=61 acquire_us=1387 submit_us=4002 skipped=0 gpu_q=1 gpu_total_us=7820 gpu_prepass_us=375 gpu_main_us=7445 gpu_composite_us=0 gpu_blit_us=0
frust_shell_common::perf: frust-perf raw n=1354 total_us=6311 rebuild_us=217 layout_us=0 paint_us=151 encode_us=52 acquire_us=1985 submit_us=3903 skipped=0 gpu_q=1 gpu_total_us=7444 gpu_prepass_us=0 gpu_main_us=7444 gpu_composite_us=0 gpu_blit_us=0
frust_shell_common::perf: frust-perf raw n=1355 total_us=6970 rebuild_us=213 layout_us=0 paint_us=93 encode_us=57 acquire_us=2720 submit_us=3885 skipped=0 gpu_q=1 gpu_total_us=7896 gpu_prepass_us=0 gpu_main_us=7896 gpu_composite_us=0 gpu_blit_us=0
frust_shell_common::perf: frust-perf raw n=1356 total_us=7156 rebuild_us=209 layout_us=0 paint_us=93 encode_us=51 acquire_us=2854 submit_us=3947 skipped=0 gpu_q=1 gpu_total_us=7468 gpu_prepass_us=0 gpu_main_us=7468 gpu_composite_us=0 gpu_blit_us=0
frust_shell_common::perf: frust-perf raw n=1357 total_us=7205 rebuild_us=210 layout_us=0 paint_us=150 encode_us=58 acquire_us=2716 submit_us=4069 skipped=0 gpu_q=1 gpu_total_us=7452 gpu_prepass_us=0 gpu_main_us=7452 gpu_composite_us=0 gpu_blit_us=0
frust_shell_common::perf: frust-perf raw n=1358 total_us=5196 rebuild_us=504 layout_us=0 paint_us=97 encode_us=54 acquire_us=796 submit_us=3742 skipped=0 gpu_q=1 gpu_total_us=7431 gpu_prepass_us=0 gpu_main_us=7431 gpu_composite_us=0 gpu_blit_us=0
frust_shell_common::perf: frust-perf raw n=1359 total_us=6326 rebuild_us=224 layout_us=0 paint_us=95 encode_us=58 acquire_us=1959 submit_us=3988 skipped=0 gpu_q=1 gpu_total_us=7433 gpu_prepass_us=0 gpu_main_us=7433 gpu_composite_us=0 gpu_blit_us=0
frust_shell_common::perf: frust-perf raw n=1360 total_us=5365 rebuild_us=223 layout_us=0 paint_us=93 encode_us=53 acquire_us=1046 submit_us=3947 skipped=0 gpu_q=1 gpu_total_us=7417 gpu_prepass_us=0 gpu_main_us=7417 gpu_composite_us=0 gpu_blit_us=0
frust_shell_common::perf: frust-perf raw n=1361 total_us=5651 rebuild_us=485 layout_us=1 paint_us=103 encode_us=61 acquire_us=1127 submit_us=3873 skipped=0 gpu_q=1 gpu_total_us=7437 gpu_prepass_us=0 gpu_main_us=7437 gpu_composite_us=0 gpu_blit_us=0
frust_shell_common::perf: frust-perf raw n=1362 total_us=7088 rebuild_us=207 layout_us=0 paint_us=100 encode_us=56 acquire_us=2766 submit_us=3956 skipped=0 gpu_q=1 gpu_total_us=7440 gpu_prepass_us=0 gpu_main_us=7440 gpu_composite_us=0 gpu_blit_us=0
frust_shell_common::perf: frust-perf raw n=1363 total_us=6745 rebuild_us=211 layout_us=0 paint_us=108 encode_us=54 acquire_us=1911 submit_us=4459 skipped=0 gpu_q=1 gpu_total_us=7439 gpu_prepass_us=0 gpu_main_us=7439 gpu_composite_us=0 gpu_blit_us=0
frust_shell_common::perf: frust-perf raw n=1364 total_us=5578 rebuild_us=208 layout_us=0 paint_us=100 encode_us=52 acquire_us=1302 submit_us=3914 skipped=0 gpu_q=1 gpu_total_us=7920 gpu_prepass_us=0 gpu_main_us=7920 gpu_composite_us=0 gpu_blit_us=0
frust_shell_common::perf: frust-perf raw n=1365 total_us=6663 rebuild_us=210 layout_us=0 paint_us=97 encode_us=54 acquire_us=1968 submit_us=4332 skipped=0 gpu_q=1 gpu_total_us=7447 gpu_prepass_us=0 gpu_main_us=7447 gpu_composite_us=0 gpu_blit_us=0
frust_shell_android::app::frame: frust-perf platform-view tail depth=0 target=0 acquire_bound=false frame=1378 expected_present_us=0 acquire_us=1794 period_us=11124
frust_shell_common::perf: frust-perf raw n=1366 total_us=4594 rebuild_us=214 layout_us=0 paint_us=114 encode_us=160 acquire_us=785 submit_us=3319 skipped=0 gpu_q=1 gpu_total_us=7425 gpu_prepass_us=0 gpu_main_us=7425 gpu_composite_us=0 gpu_blit_us=0
frust_shell_common::perf: frust-perf raw n=1367 total_us=3837 rebuild_us=209 layout_us=0 paint_us=89 encode_us=44 acquire_us=68 submit_us=3426 skipped=0 gpu_q=1 gpu_total_us=7442 gpu_prepass_us=0 gpu_main_us=7442 gpu_composite_us=0 gpu_blit_us=0
frust_shell_common::perf: frust-perf raw n=1368 total_us=4047 rebuild_us=347 layout_us=0 paint_us=125 encode_us=45 acquire_us=69 submit_us=3459 skipped=0 gpu_q=1 gpu_total_us=7432 gpu_prepass_us=0 gpu_main_us=7432 gpu_composite_us=0 gpu_blit_us=0
frust_shell_common::perf: bench-scenario-start s3-clear
frust_shell_common::perf: frust-perf raw n=1369 total_us=9261 rebuild_us=6749 layout_us=27 paint_us=34 encode_us=36 acquire_us=79 submit_us=2333 skipped=0 gpu_q=1 gpu_total_us=7441 gpu_prepass_us=0 gpu_main_us=7441 gpu_composite_us=0 gpu_blit_us=0
frust_shell_common::perf: bench-scenario-end s3-clear
frust_shell_common::perf: frust-perf raw n=1370 total_us=4394 rebuild_us=152 layout_us=0 paint_us=36 encode_us=20 acquire_us=1784 submit_us=2400 skipped=0 gpu_q=1 gpu_total_us=7443 gpu_prepass_us=0 gpu_main_us=7443 gpu_composite_us=0 gpu_blit_us=0
frust_shell_common::perf: frust-perf raw n=1371 total_us=4976 rebuild_us=94 layout_us=0 paint_us=29 encode_us=18 acquire_us=2318 submit_us=2515 skipped=0 gpu_q=1 gpu_total_us=7436 gpu_prepass_us=0 gpu_main_us=7436 gpu_composite_us=0 gpu_blit_us=0
frust_shell_common::perf: frust-perf raw n=1372 total_us=4270 rebuild_us=90 layout_us=0 paint_us=29 encode_us=18 acquire_us=1628 submit_us=2503 skipped=0 gpu_q=1 gpu_total_us=7439 gpu_prepass_us=0 gpu_main_us=7439 gpu_composite_us=0 gpu_blit_us=0
frust_shell_common::perf: frust-perf raw n=1373 total_us=4232 rebuild_us=89 layout_us=0 paint_us=29 encode_us=18 acquire_us=1746 submit_us=2349 skipped=0 gpu_q=1 gpu_total_us=3188 gpu_prepass_us=0 gpu_main_us=3188 gpu_composite_us=0 gpu_blit_us=0
frust_shell_common::perf: frust-perf raw n=1374 total_us=5018 rebuild_us=91 layout_us=0 paint_us=28 encode_us=19 acquire_us=1801 submit_us=3077 skipped=0 gpu_q=1 gpu_total_us=3216 gpu_prepass_us=0 gpu_main_us=3216 gpu_composite_us=0 gpu_blit_us=0
frust_shell_common::perf: frust-perf raw n=1375 total_us=3947 rebuild_us=95 layout_us=0 paint_us=31 encode_us=17 acquire_us=1125 submit_us=2676 skipped=0 gpu_q=1 gpu_total_us=3213 gpu_prepass_us=0 gpu_main_us=3213 gpu_composite_us=0 gpu_blit_us=0
frust_shell_common::perf: frust-perf raw n=1376 total_us=4003 rebuild_us=96 layout_us=0 paint_us=31 encode_us=19 acquire_us=1192 submit_us=2663 skipped=0 gpu_q=1 gpu_total_us=3211 gpu_prepass_us=0 gpu_main_us=3211 gpu_composite_us=0 gpu_blit_us=0
frust_shell_common::perf: frust-perf raw n=1377 total_us=3696 rebuild_us=97 layout_us=0 paint_us=32 encode_us=18 acquire_us=863 submit_us=2684 skipped=0 gpu_q=1 gpu_total_us=3215 gpu_prepass_us=0 gpu_main_us=3215 gpu_composite_us=0 gpu_blit_us=0
frust_shell_common::perf: frust-perf raw n=1378 total_us=4614 rebuild_us=98 layout_us=0 paint_us=31 encode_us=17 acquire_us=1864 submit_us=2602 skipped=0 gpu_q=1 gpu_total_us=3212 gpu_prepass_us=0 gpu_main_us=3212 gpu_composite_us=0 gpu_blit_us=0
frust_shell_common::perf: frust-perf raw n=1379 total_us=4186 rebuild_us=102 layout_us=0 paint_us=32 encode_us=21 acquire_us=1332 submit_us=2697 skipped=0 gpu_q=1 gpu_total_us=3202 gpu_prepass_us=0 gpu_main_us=3202 gpu_composite_us=0 gpu_blit_us=0
frust_shell_common::perf: frust-perf raw n=1380 total_us=4676 rebuild_us=94 layout_us=0 paint_us=31 encode_us=22 acquire_us=1804 submit_us=2722 skipped=0 gpu_q=1 gpu_total_us=3212 gpu_prepass_us=0 gpu_main_us=3212 gpu_composite_us=0 gpu_blit_us=0
frust_shell_common::perf: frust-perf raw n=1381 total_us=3846 rebuild_us=93 layout_us=0 paint_us=31 encode_us=21 acquire_us=1081 submit_us=2618 skipped=0 gpu_q=1 gpu_total_us=3207 gpu_prepass_us=0 gpu_main_us=3207 gpu_composite_us=0 gpu_blit_us=0
frust_shell_common::perf: frust-perf raw n=1382 total_us=4510 rebuild_us=97 layout_us=0 paint_us=31 encode_us=22 acquire_us=1770 submit_us=2587 skipped=0 gpu_q=1 gpu_total_us=3493 gpu_prepass_us=0 gpu_main_us=3493 gpu_composite_us=0 gpu_blit_us=0
frust_shell_common::perf: frust-perf raw n=1383 total_us=4428 rebuild_us=95 layout_us=0 paint_us=31 encode_us=21 acquire_us=1601 submit_us=2678 skipped=0 gpu_q=1 gpu_total_us=3223 gpu_prepass_us=0 gpu_main_us=3223 gpu_composite_us=0 gpu_blit_us=0
frust_shell_common::perf: frust-perf raw n=1384 total_us=4959 rebuild_us=98 layout_us=0 paint_us=31 encode_us=22 acquire_us=2087 submit_us=2719 skipped=0 gpu_q=1 gpu_total_us=3198 gpu_prepass_us=0 gpu_main_us=3198 gpu_composite_us=0 gpu_blit_us=0
frust_shell_common::perf: frust-perf raw n=1385 total_us=4789 rebuild_us=93 layout_us=0 paint_us=31 encode_us=21 acquire_us=2061 submit_us=2581 skipped=0 gpu_q=1 gpu_total_us=3215 gpu_prepass_us=0 gpu_main_us=3215 gpu_composite_us=0 gpu_blit_us=0
frust_shell_common::perf: frust-perf raw n=1386 total_us=4940 rebuild_us=95 layout_us=0 paint_us=31 encode_us=22 acquire_us=1807 submit_us=2985 skipped=0 gpu_q=1 gpu_total_us=3210 gpu_prepass_us=0 gpu_main_us=3210 gpu_composite_us=0 gpu_blit_us=0
frust_shell_common::perf: frust-perf raw n=1387 total_us=4309 rebuild_us=94 layout_us=1 paint_us=31 encode_us=21 acquire_us=1509 submit_us=2651 skipped=0 gpu_q=1 gpu_total_us=3213 gpu_prepass_us=0 gpu_main_us=3213 gpu_composite_us=0 gpu_blit_us=0
frust_shell_common::perf: frust-perf raw n=1388 total_us=4526 rebuild_us=101 layout_us=0 paint_us=31 encode_us=21 acquire_us=1731 submit_us=2640 skipped=0 gpu_q=1 gpu_total_us=3206 gpu_prepass_us=0 gpu_main_us=3206 gpu_composite_us=0 gpu_blit_us=0
frust_shell_common::perf: bench-scenario-start s3-create1k
frust_shell_common::perf: bench-scenario-end s3-create1k
frust_shell_common::perf: frust-perf raw n=1389 total_us=11369 rebuild_us=1248 layout_us=277 paint_us=278 encode_us=44 acquire_us=84 submit_us=9435 skipped=0 gpu_q=1 gpu_total_us=3203 gpu_prepass_us=0 gpu_main_us=3203 gpu_composite_us=0 gpu_blit_us=0
frust_shell_common::perf: frust-perf raw n=1390 total_us=10061 rebuild_us=365 layout_us=0 paint_us=131 encode_us=55 acquire_us=1259 submit_us=8249 skipped=0 gpu_q=1 gpu_total_us=3207 gpu_prepass_us=0 gpu_main_us=3207 gpu_composite_us=0 gpu_blit_us=0
frust_shell_common::perf: frust-perf raw n=1391 total_us=10071 rebuild_us=260 layout_us=0 paint_us=129 encode_us=50 acquire_us=1372 submit_us=8258 skipped=0 gpu_q=1 gpu_total_us=3494 gpu_prepass_us=0 gpu_main_us=3494 gpu_composite_us=0 gpu_blit_us=0
frust_shell_common::perf: frust-perf raw n=1392 total_us=10126 rebuild_us=264 layout_us=0 paint_us=176 encode_us=63 acquire_us=1238 submit_us=8382 skipped=0 gpu_q=1 gpu_total_us=3216 gpu_prepass_us=0 gpu_main_us=3216 gpu_composite_us=0 gpu_blit_us=0
frust_shell_common::perf: frust-perf raw n=1393 total_us=8706 rebuild_us=833 layout_us=2 paint_us=380 encode_us=48 acquire_us=131 submit_us=7309 skipped=0 gpu_q=1 gpu_total_us=4925 gpu_prepass_us=0 gpu_main_us=4925 gpu_composite_us=0 gpu_blit_us=0
frust_shell_common::perf: frust-perf raw n=1394 total_us=7634 rebuild_us=233 layout_us=0 paint_us=102 encode_us=49 acquire_us=520 submit_us=6728 skipped=0 gpu_q=1 gpu_total_us=4923 gpu_prepass_us=0 gpu_main_us=4923 gpu_composite_us=0 gpu_blit_us=0
frust_shell_common::perf: frust-perf raw n=1395 total_us=7212 rebuild_us=202 layout_us=0 paint_us=92 encode_us=48 acquire_us=1061 submit_us=5806 skipped=0 gpu_q=1 gpu_total_us=4921 gpu_prepass_us=0 gpu_main_us=4921 gpu_composite_us=0 gpu_blit_us=0
frust_shell_common::perf: frust-perf raw n=1396 total_us=7422 rebuild_us=193 layout_us=0 paint_us=84 encode_us=46 acquire_us=1033 submit_us=6063 skipped=0 gpu_q=1 gpu_total_us=4887 gpu_prepass_us=0 gpu_main_us=4887 gpu_composite_us=0 gpu_blit_us=0
frust_shell_common::perf: frust-perf raw n=1397 total_us=6608 rebuild_us=203 layout_us=0 paint_us=94 encode_us=45 acquire_us=452 submit_us=5811 skipped=0 gpu_q=1 gpu_total_us=4905 gpu_prepass_us=0 gpu_main_us=4905 gpu_composite_us=0 gpu_blit_us=0
frust_shell_common::perf: frust-perf raw n=1398 total_us=4423 rebuild_us=264 layout_us=0 paint_us=112 encode_us=47 acquire_us=475 submit_us=3523 skipped=0 gpu_q=1 gpu_total_us=4893 gpu_prepass_us=0 gpu_main_us=4893 gpu_composite_us=0 gpu_blit_us=0
frust_shell_common::perf: frust-perf raw n=1399 total_us=5579 rebuild_us=209 layout_us=0 paint_us=94 encode_us=44 acquire_us=1641 submit_us=3589 skipped=0 gpu_q=1 gpu_total_us=4893 gpu_prepass_us=0 gpu_main_us=4893 gpu_composite_us=0 gpu_blit_us=0
frust_shell_common::perf: frust-perf raw n=1400 total_us=4808 rebuild_us=199 layout_us=0 paint_us=88 encode_us=43 acquire_us=963 submit_us=3513 skipped=0 gpu_q=1 gpu_total_us=5358 gpu_prepass_us=0 gpu_main_us=5358 gpu_composite_us=0 gpu_blit_us=0
frust_shell_common::perf: frust-perf raw n=1401 total_us=5442 rebuild_us=196 layout_us=0 paint_us=120 encode_us=46 acquire_us=1487 submit_us=3590 skipped=0 gpu_q=1 gpu_total_us=4906 gpu_prepass_us=0 gpu_main_us=4906 gpu_composite_us=0 gpu_blit_us=0
frust_shell_common::perf: frust-perf raw n=1402 total_us=5046 rebuild_us=197 layout_us=0 paint_us=86 encode_us=43 acquire_us=1122 submit_us=3596 skipped=0 gpu_q=1 gpu_total_us=8334 gpu_prepass_us=0 gpu_main_us=8334 gpu_composite_us=0 gpu_blit_us=0
frust_shell_common::perf: frust-perf raw n=1403 total_us=6804 rebuild_us=196 layout_us=0 paint_us=85 encode_us=50 acquire_us=1864 submit_us=4608 skipped=0 gpu_q=1 gpu_total_us=8334 gpu_prepass_us=0 gpu_main_us=8334 gpu_composite_us=0 gpu_blit_us=0
frust_shell_common::perf: frust-perf raw n=1404 total_us=5452 rebuild_us=193 layout_us=0 paint_us=90 encode_us=44 acquire_us=1415 submit_us=3708 skipped=0 gpu_q=1 gpu_total_us=8317 gpu_prepass_us=0 gpu_main_us=8317 gpu_composite_us=0 gpu_blit_us=0
frust_shell_common::perf: frust-perf raw n=1405 total_us=5569 rebuild_us=195 layout_us=0 paint_us=85 encode_us=47 acquire_us=1700 submit_us=3540 skipped=0 gpu_q=1 gpu_total_us=8338 gpu_prepass_us=0 gpu_main_us=8338 gpu_composite_us=0 gpu_blit_us=0
frust_shell_common::perf: frust-perf raw n=1406 total_us=4957 rebuild_us=202 layout_us=0 paint_us=87 encode_us=44 acquire_us=1067 submit_us=3554 skipped=0 gpu_q=1 gpu_total_us=8358 gpu_prepass_us=0 gpu_main_us=8358 gpu_composite_us=0 gpu_blit_us=0
frust_shell_common::perf: frust-perf raw n=1407 total_us=4962 rebuild_us=192 layout_us=0 paint_us=101 encode_us=44 acquire_us=1151 submit_us=3472 skipped=0 gpu_q=1 gpu_total_us=8324 gpu_prepass_us=0 gpu_main_us=8324 gpu_composite_us=0 gpu_blit_us=0
frust_shell_common::perf: frust-perf raw n=1408 total_us=6914 rebuild_us=202 layout_us=0 paint_us=86 encode_us=45 acquire_us=1680 submit_us=4899 skipped=0 gpu_q=1 gpu_total_us=8312 gpu_prepass_us=0 gpu_main_us=8312 gpu_composite_us=0 gpu_blit_us=0
frust_shell_common::perf: bench-scenario-start s3-create10k
frust_shell_common::perf: frust-perf raw n=1409 total_us=9698 rebuild_us=4994 layout_us=188 paint_us=135 encode_us=63 acquire_us=93 submit_us=4222 skipped=0 gpu_q=1 gpu_total_us=8639 gpu_prepass_us=0 gpu_main_us=8639 gpu_composite_us=0 gpu_blit_us=0
frust_shell_common::perf: bench-scenario-end s3-create10k
frust_shell_common::perf: frust-perf raw n=1410 total_us=6774 rebuild_us=267 layout_us=0 paint_us=88 encode_us=63 acquire_us=1532 submit_us=4822 skipped=0 gpu_q=1 gpu_total_us=8309 gpu_prepass_us=0 gpu_main_us=8309 gpu_composite_us=0 gpu_blit_us=0
frust_shell_common::perf: frust-perf raw n=1411 total_us=4880 rebuild_us=500 layout_us=0 paint_us=88 encode_us=48 acquire_us=523 submit_us=3719 skipped=0 gpu_q=1 gpu_total_us=8350 gpu_prepass_us=0 gpu_main_us=8350 gpu_composite_us=0 gpu_blit_us=0
frust_shell_common::perf: frust-perf raw n=1412 total_us=5151 rebuild_us=197 layout_us=0 paint_us=97 encode_us=50 acquire_us=1442 submit_us=3362 skipped=0 gpu_q=1 gpu_total_us=8322 gpu_prepass_us=0 gpu_main_us=8322 gpu_composite_us=0 gpu_blit_us=0
frust_shell_common::perf: frust-perf raw n=1413 total_us=6916 rebuild_us=218 layout_us=0 paint_us=92 encode_us=49 acquire_us=2408 submit_us=4147 skipped=0 gpu_q=1 gpu_total_us=7235 gpu_prepass_us=0 gpu_main_us=7235 gpu_composite_us=0 gpu_blit_us=0
frust_shell_common::perf: frust-perf raw n=1414 total_us=5620 rebuild_us=198 layout_us=0 paint_us=83 encode_us=52 acquire_us=1970 submit_us=3314 skipped=0 gpu_q=1 gpu_total_us=7197 gpu_prepass_us=0 gpu_main_us=7197 gpu_composite_us=0 gpu_blit_us=0
frust_shell_common::perf: frust-perf raw n=1415 total_us=6314 rebuild_us=209 layout_us=0 paint_us=84 encode_us=48 acquire_us=1776 submit_us=4193 skipped=0 gpu_q=1 gpu_total_us=5212 gpu_prepass_us=0 gpu_main_us=5212 gpu_composite_us=0 gpu_blit_us=0
frust_shell_common::perf: frust-perf raw n=1416 total_us=5192 rebuild_us=202 layout_us=0 paint_us=84 encode_us=51 acquire_us=1485 submit_us=3368 skipped=0 gpu_q=1 gpu_total_us=5210 gpu_prepass_us=0 gpu_main_us=5210 gpu_composite_us=0 gpu_blit_us=0
frust_shell_common::perf: frust-perf raw n=1417 total_us=4533 rebuild_us=200 layout_us=0 paint_us=83 encode_us=50 acquire_us=881 submit_us=3316 skipped=0 gpu_q=1 gpu_total_us=5204 gpu_prepass_us=0 gpu_main_us=5204 gpu_composite_us=0 gpu_blit_us=0
frust_shell_common::perf: frust-perf raw n=1418 total_us=9950 rebuild_us=223 layout_us=0 paint_us=104 encode_us=51 acquire_us=1432 submit_us=8138 skipped=0 gpu_q=1 gpu_total_us=5473 gpu_prepass_us=0 gpu_main_us=5473 gpu_composite_us=0 gpu_blit_us=0
frust_shell_common::perf: frust-perf raw n=1419 total_us=4183 rebuild_us=218 layout_us=0 paint_us=88 encode_us=43 acquire_us=62 submit_us=3770 skipped=0 gpu_q=1 gpu_total_us=5213 gpu_prepass_us=0 gpu_main_us=5213 gpu_composite_us=0 gpu_blit_us=0
frust_shell_common::perf: frust-perf raw n=1420 total_us=4327 rebuild_us=233 layout_us=0 paint_us=93 encode_us=48 acquire_us=70 submit_us=3881 skipped=0 gpu_q=1 gpu_total_us=5257 gpu_prepass_us=0 gpu_main_us=5257 gpu_composite_us=0 gpu_blit_us=0
frust_shell_common::perf: frust-perf raw n=1421 total_us=5938 rebuild_us=319 layout_us=0 paint_us=128 encode_us=53 acquire_us=1102 submit_us=4334 skipped=0 gpu_q=1 gpu_total_us=5217 gpu_prepass_us=0 gpu_main_us=5217 gpu_composite_us=0 gpu_blit_us=0
frust_shell_common::perf: frust-perf raw n=1422 total_us=6023 rebuild_us=227 layout_us=0 paint_us=102 encode_us=52 acquire_us=1281 submit_us=4359 skipped=0 gpu_q=1 gpu_total_us=5227 gpu_prepass_us=0 gpu_main_us=5227 gpu_composite_us=0 gpu_blit_us=0
frust_shell_common::perf: frust-perf raw n=1423 total_us=5028 rebuild_us=227 layout_us=0 paint_us=94 encode_us=47 acquire_us=705 submit_us=3953 skipped=0 gpu_q=1 gpu_total_us=5204 gpu_prepass_us=0 gpu_main_us=5204 gpu_composite_us=0 gpu_blit_us=0
frust_shell_common::perf: frust-perf raw n=1424 total_us=5569 rebuild_us=227 layout_us=0 paint_us=94 encode_us=49 acquire_us=1180 submit_us=4016 skipped=0 gpu_q=1 gpu_total_us=5192 gpu_prepass_us=0 gpu_main_us=5192 gpu_composite_us=0 gpu_blit_us=0
frust_shell_common::perf: frust-perf raw n=1425 total_us=6559 rebuild_us=230 layout_us=0 paint_us=96 encode_us=53 acquire_us=1655 submit_us=4523 skipped=0 gpu_q=1 gpu_total_us=5196 gpu_prepass_us=0 gpu_main_us=5196 gpu_composite_us=0 gpu_blit_us=0
frust_shell_common::perf: frust-perf raw n=1426 total_us=6146 rebuild_us=225 layout_us=0 paint_us=99 encode_us=50 acquire_us=1212 submit_us=4557 skipped=0 gpu_q=1 gpu_total_us=5192 gpu_prepass_us=0 gpu_main_us=5192 gpu_composite_us=0 gpu_blit_us=0
frust_shell_common::perf: frust-perf raw n=1427 total_us=5504 rebuild_us=231 layout_us=0 paint_us=95 encode_us=48 acquire_us=1163 submit_us=3964 skipped=0 gpu_q=1 gpu_total_us=5482 gpu_prepass_us=0 gpu_main_us=5482 gpu_composite_us=0 gpu_blit_us=0
frust_shell_common::perf: frust-perf raw n=1428 total_us=6130 rebuild_us=230 layout_us=0 paint_us=93 encode_us=48 acquire_us=1367 submit_us=4389 skipped=0 gpu_q=1 gpu_total_us=5194 gpu_prepass_us=0 gpu_main_us=5194 gpu_composite_us=0 gpu_blit_us=0
frust_shell_common::perf: bench-scenario-start s3-update
frust_shell_common::perf: frust-perf raw n=1429 total_us=8506 rebuild_us=3831 layout_us=74 paint_us=102 encode_us=54 acquire_us=84 submit_us=4359 skipped=0 gpu_q=1 gpu_total_us=5177 gpu_prepass_us=0 gpu_main_us=5177 gpu_composite_us=0 gpu_blit_us=0
frust_shell_common::perf: bench-scenario-end s3-update
frust_shell_common::perf: frust-perf raw n=1430 total_us=6088 rebuild_us=423 layout_us=0 paint_us=122 encode_us=62 acquire_us=836 submit_us=4644 skipped=0 gpu_q=1 gpu_total_us=5197 gpu_prepass_us=0 gpu_main_us=5197 gpu_composite_us=0 gpu_blit_us=0
frust_shell_common::perf: frust-perf raw n=1431 total_us=4903 rebuild_us=198 layout_us=0 paint_us=85 encode_us=53 acquire_us=1219 submit_us=3346 skipped=0 gpu_q=1 gpu_total_us=5202 gpu_prepass_us=0 gpu_main_us=5202 gpu_composite_us=0 gpu_blit_us=0
frust_shell_common::perf: frust-perf raw n=1432 total_us=5218 rebuild_us=196 layout_us=0 paint_us=86 encode_us=51 acquire_us=1391 submit_us=3491 skipped=0 gpu_q=1 gpu_total_us=5217 gpu_prepass_us=0 gpu_main_us=5217 gpu_composite_us=0 gpu_blit_us=0
frust_shell_common::perf: frust-perf raw n=1433 total_us=6883 rebuild_us=491 layout_us=0 paint_us=99 encode_us=53 acquire_us=1790 submit_us=4447 skipped=0 gpu_q=1 gpu_total_us=5199 gpu_prepass_us=0 gpu_main_us=5199 gpu_composite_us=0 gpu_blit_us=0
frust_shell_common::perf: frust-perf raw n=1434 total_us=3918 rebuild_us=211 layout_us=0 paint_us=89 encode_us=51 acquire_us=279 submit_us=3286 skipped=0 gpu_q=1 gpu_total_us=5238 gpu_prepass_us=0 gpu_main_us=5238 gpu_composite_us=0 gpu_blit_us=0
frust_shell_common::perf: frust-perf raw n=1435 total_us=5251 rebuild_us=209 layout_us=0 paint_us=90 encode_us=52 acquire_us=1524 submit_us=3374 skipped=0 gpu_q=1 gpu_total_us=5235 gpu_prepass_us=0 gpu_main_us=5235 gpu_composite_us=0 gpu_blit_us=0
frust_shell_common::perf: frust-perf raw n=1436 total_us=4667 rebuild_us=408 layout_us=0 paint_us=97 encode_us=54 acquire_us=77 submit_us=4029 skipped=0 gpu_q=1 gpu_total_us=5255 gpu_prepass_us=0 gpu_main_us=5255 gpu_composite_us=0 gpu_blit_us=0
frust_shell_common::perf: frust-perf raw n=1437 total_us=6505 rebuild_us=223 layout_us=0 paint_us=95 encode_us=59 acquire_us=1744 submit_us=4382 skipped=0 gpu_q=1 gpu_total_us=5204 gpu_prepass_us=0 gpu_main_us=5204 gpu_composite_us=0 gpu_blit_us=0
frust_shell_common::perf: frust-perf raw n=1438 total_us=6521 rebuild_us=233 layout_us=0 paint_us=99 encode_us=56 acquire_us=1677 submit_us=4454 skipped=0 gpu_q=1 gpu_total_us=5242 gpu_prepass_us=0 gpu_main_us=5242 gpu_composite_us=0 gpu_blit_us=0
frust_shell_common::perf: frust-perf raw n=1439 total_us=5842 rebuild_us=231 layout_us=0 paint_us=94 encode_us=53 acquire_us=1360 submit_us=4101 skipped=0 gpu_q=1 gpu_total_us=5238 gpu_prepass_us=0 gpu_main_us=5238 gpu_composite_us=0 gpu_blit_us=0
frust_shell_common::perf: frust-perf raw n=1440 total_us=6696 rebuild_us=225 layout_us=0 paint_us=96 encode_us=51 acquire_us=1972 submit_us=4349 skipped=0 gpu_q=1 gpu_total_us=5234 gpu_prepass_us=0 gpu_main_us=5234 gpu_composite_us=0 gpu_blit_us=0
frust_shell_common::perf: frust-perf raw n=1441 total_us=5112 rebuild_us=227 layout_us=0 paint_us=96 encode_us=51 acquire_us=613 submit_us=4122 skipped=0 gpu_q=1 gpu_total_us=6930 gpu_prepass_us=0 gpu_main_us=6930 gpu_composite_us=0 gpu_blit_us=0
frust_shell_common::perf: frust-perf raw n=1442 total_us=5583 rebuild_us=222 layout_us=0 paint_us=96 encode_us=53 acquire_us=771 submit_us=4438 skipped=0 gpu_q=1 gpu_total_us=7267 gpu_prepass_us=0 gpu_main_us=7267 gpu_composite_us=0 gpu_blit_us=0
frust_shell_common::perf: frust-perf raw n=1443 total_us=5874 rebuild_us=219 layout_us=0 paint_us=96 encode_us=52 acquire_us=1245 submit_us=4258 skipped=0 gpu_q=1 gpu_total_us=7260 gpu_prepass_us=0 gpu_main_us=7260 gpu_composite_us=0 gpu_blit_us=0
frust_shell_common::perf: frust-perf raw n=1444 total_us=7314 rebuild_us=225 layout_us=0 paint_us=101 encode_us=50 acquire_us=2357 submit_us=4580 skipped=0 gpu_q=1 gpu_total_us=7254 gpu_prepass_us=0 gpu_main_us=7254 gpu_composite_us=0 gpu_blit_us=0
frust_shell_common::perf: frust-perf raw n=1445 total_us=5806 rebuild_us=226 layout_us=0 paint_us=101 encode_us=52 acquire_us=1407 submit_us=4018 skipped=0 gpu_q=1 gpu_total_us=7251 gpu_prepass_us=0 gpu_main_us=7251 gpu_composite_us=0 gpu_blit_us=0
frust_shell_common::perf: frust-perf raw n=1446 total_us=5795 rebuild_us=222 layout_us=0 paint_us=97 encode_us=50 acquire_us=1149 submit_us=4273 skipped=0 gpu_q=1 gpu_total_us=7249 gpu_prepass_us=0 gpu_main_us=7249 gpu_composite_us=0 gpu_blit_us=0
frust_shell_common::perf: frust-perf raw n=1447 total_us=5945 rebuild_us=245 layout_us=0 paint_us=99 encode_us=51 acquire_us=1442 submit_us=4105 skipped=0 gpu_q=1 gpu_total_us=7257 gpu_prepass_us=0 gpu_main_us=7257 gpu_composite_us=0 gpu_blit_us=0
frust_shell_common::perf: frust-perf raw n=1448 total_us=5827 rebuild_us=226 layout_us=0 paint_us=94 encode_us=52 acquire_us=1294 submit_us=4159 skipped=0 gpu_q=1 gpu_total_us=7232 gpu_prepass_us=0 gpu_main_us=7232 gpu_composite_us=0 gpu_blit_us=0
frust_shell_common::perf: bench-scenario-start s3-swap
frust_shell_common::perf: frust-perf raw n=1449 total_us=8077 rebuild_us=3486 layout_us=70 paint_us=89 encode_us=56 acquire_us=86 submit_us=4288 skipped=0 gpu_q=1 gpu_total_us=7246 gpu_prepass_us=0 gpu_main_us=7246 gpu_composite_us=0 gpu_blit_us=0
frust_shell_common::perf: bench-scenario-end s3-swap
frust_shell_common::perf: frust-perf raw n=1450 total_us=6513 rebuild_us=375 layout_us=0 paint_us=125 encode_us=53 acquire_us=1362 submit_us=4596 skipped=0 gpu_q=1 gpu_total_us=7256 gpu_prepass_us=0 gpu_main_us=7256 gpu_composite_us=0 gpu_blit_us=0
frust_shell_common::perf: frust-perf raw n=1451 total_us=5293 rebuild_us=233 layout_us=0 paint_us=99 encode_us=52 acquire_us=831 submit_us=4077 skipped=0 gpu_q=1 gpu_total_us=7263 gpu_prepass_us=0 gpu_main_us=7263 gpu_composite_us=0 gpu_blit_us=0
frust_shell_common::perf: frust-perf raw n=1452 total_us=6369 rebuild_us=231 layout_us=0 paint_us=100 encode_us=54 acquire_us=1799 submit_us=4182 skipped=0 gpu_q=1 gpu_total_us=7245 gpu_prepass_us=0 gpu_main_us=7245 gpu_composite_us=0 gpu_blit_us=0
frust_shell_common::perf: frust-perf raw n=1453 total_us=5016 rebuild_us=228 layout_us=0 paint_us=98 encode_us=85 acquire_us=562 submit_us=4040 skipped=0 gpu_q=1 gpu_total_us=7418 gpu_prepass_us=0 gpu_main_us=7418 gpu_composite_us=0 gpu_blit_us=0
frust_shell_common::perf: frust-perf raw n=1454 total_us=5187 rebuild_us=230 layout_us=0 paint_us=97 encode_us=53 acquire_us=762 submit_us=4042 skipped=0 gpu_q=1 gpu_total_us=7430 gpu_prepass_us=0 gpu_main_us=7430 gpu_composite_us=0 gpu_blit_us=0
frust_shell_common::perf: frust-perf raw n=1455 total_us=6183 rebuild_us=228 layout_us=0 paint_us=97 encode_us=55 acquire_us=955 submit_us=4846 skipped=0 gpu_q=1 gpu_total_us=7421 gpu_prepass_us=0 gpu_main_us=7421 gpu_composite_us=0 gpu_blit_us=0
frust_shell_common::perf: frust-perf raw n=1456 total_us=6014 rebuild_us=221 layout_us=0 paint_us=94 encode_us=52 acquire_us=1288 submit_us=4357 skipped=0 gpu_q=1 gpu_total_us=7447 gpu_prepass_us=0 gpu_main_us=7447 gpu_composite_us=0 gpu_blit_us=0
frust_shell_common::perf: frust-perf raw n=1457 total_us=4995 rebuild_us=239 layout_us=0 paint_us=94 encode_us=54 acquire_us=529 submit_us=4076 skipped=0 gpu_q=1 gpu_total_us=7420 gpu_prepass_us=0 gpu_main_us=7420 gpu_composite_us=0 gpu_blit_us=0
frust_shell_common::perf: frust-perf raw n=1458 total_us=6729 rebuild_us=249 layout_us=0 paint_us=104 encode_us=54 acquire_us=1615 submit_us=4704 skipped=0 gpu_q=1 gpu_total_us=7443 gpu_prepass_us=0 gpu_main_us=7443 gpu_composite_us=0 gpu_blit_us=0
frust_shell_common::perf: frust-perf raw n=1459 total_us=6755 rebuild_us=229 layout_us=0 paint_us=100 encode_us=52 acquire_us=1949 submit_us=4423 skipped=0 gpu_q=1 gpu_total_us=7442 gpu_prepass_us=0 gpu_main_us=7442 gpu_composite_us=0 gpu_blit_us=0
frust_shell_common::perf: frust-perf raw n=1460 total_us=5876 rebuild_us=310 layout_us=0 paint_us=111 encode_us=54 acquire_us=1296 submit_us=4103 skipped=0 gpu_q=1 gpu_total_us=7441 gpu_prepass_us=0 gpu_main_us=7441 gpu_composite_us=0 gpu_blit_us=0
frust_shell_common::perf: frust-perf raw n=1461 total_us=6499 rebuild_us=250 layout_us=0 paint_us=101 encode_us=54 acquire_us=1396 submit_us=4695 skipped=0 gpu_q=1 gpu_total_us=7452 gpu_prepass_us=0 gpu_main_us=7452 gpu_composite_us=0 gpu_blit_us=0
frust_shell_common::perf: frust-perf raw n=1462 total_us=6738 rebuild_us=221 layout_us=0 paint_us=92 encode_us=53 acquire_us=2050 submit_us=4318 skipped=0 gpu_q=1 gpu_total_us=7434 gpu_prepass_us=0 gpu_main_us=7434 gpu_composite_us=0 gpu_blit_us=0
frust_shell_common::perf: frust-perf raw n=1463 total_us=6895 rebuild_us=232 layout_us=0 paint_us=93 encode_us=59 acquire_us=2060 submit_us=4449 skipped=0 gpu_q=1 gpu_total_us=7462 gpu_prepass_us=0 gpu_main_us=7462 gpu_composite_us=0 gpu_blit_us=0
frust_shell_common::perf: frust-perf raw n=1464 total_us=5946 rebuild_us=226 layout_us=0 paint_us=101 encode_us=52 acquire_us=844 submit_us=4721 skipped=0 gpu_q=1 gpu_total_us=7420 gpu_prepass_us=0 gpu_main_us=7420 gpu_composite_us=0 gpu_blit_us=0
frust_shell_common::perf: frust-perf raw n=1465 total_us=5314 rebuild_us=223 layout_us=0 paint_us=98 encode_us=53 acquire_us=728 submit_us=4209 skipped=0 gpu_q=1 gpu_total_us=7441 gpu_prepass_us=0 gpu_main_us=7441 gpu_composite_us=0 gpu_blit_us=0
frust_shell_common::perf: frust-perf raw n=1466 total_us=7305 rebuild_us=277 layout_us=0 paint_us=98 encode_us=55 acquire_us=2408 submit_us=4464 skipped=0 gpu_q=1 gpu_total_us=7439 gpu_prepass_us=0 gpu_main_us=7439 gpu_composite_us=0 gpu_blit_us=0
frust_shell_common::perf: frust-perf raw n=1467 total_us=7199 rebuild_us=235 layout_us=0 paint_us=101 encode_us=54 acquire_us=2376 submit_us=4430 skipped=0 gpu_q=1 gpu_total_us=7423 gpu_prepass_us=0 gpu_main_us=7423 gpu_composite_us=0 gpu_blit_us=0
frust_shell_common::perf: frust-perf raw n=1468 total_us=4907 rebuild_us=231 layout_us=0 paint_us=96 encode_us=57 acquire_us=485 submit_us=4035 skipped=0 gpu_q=1 gpu_total_us=7426 gpu_prepass_us=0 gpu_main_us=7426 gpu_composite_us=0 gpu_blit_us=0
frust_shell_common::perf: bench-scenario-start s3-clear
frust_shell_common::perf: frust-perf raw n=1469 total_us=7642 rebuild_us=4587 layout_us=20 paint_us=25 encode_us=39 acquire_us=87 submit_us=2882 skipped=0 gpu_q=1 gpu_total_us=7430 gpu_prepass_us=0 gpu_main_us=7430 gpu_composite_us=0 gpu_blit_us=0
frust_shell_common::perf: bench-scenario-end s3-clear
frust_shell_common::perf: frust-perf raw n=1470 total_us=5542 rebuild_us=212 layout_us=0 paint_us=37 encode_us=18 acquire_us=2798 submit_us=2474 skipped=0 gpu_q=1 gpu_total_us=7428 gpu_prepass_us=0 gpu_main_us=7428 gpu_composite_us=0 gpu_blit_us=0
frust_shell_common::perf: frust-perf raw n=1471 total_us=3987 rebuild_us=95 layout_us=0 paint_us=30 encode_us=48 acquire_us=1376 submit_us=2436 skipped=0 gpu_q=1 gpu_total_us=7430 gpu_prepass_us=0 gpu_main_us=7430 gpu_composite_us=0 gpu_blit_us=0
frust_shell_common::perf: frust-perf raw n=1472 total_us=5165 rebuild_us=91 layout_us=0 paint_us=29 encode_us=19 acquire_us=2408 submit_us=2615 skipped=0 gpu_q=1 gpu_total_us=7424 gpu_prepass_us=0 gpu_main_us=7424 gpu_composite_us=0 gpu_blit_us=0
frust_shell_common::perf: frust-perf raw n=1473 total_us=4557 rebuild_us=95 layout_us=0 paint_us=32 encode_us=19 acquire_us=1528 submit_us=2880 skipped=0 gpu_q=1 gpu_total_us=3173 gpu_prepass_us=0 gpu_main_us=3173 gpu_composite_us=0 gpu_blit_us=0
frust_shell_common::perf: frust-perf raw n=1474 total_us=4812 rebuild_us=97 layout_us=0 paint_us=30 encode_us=20 acquire_us=1943 submit_us=2718 skipped=0 gpu_q=1 gpu_total_us=3216 gpu_prepass_us=0 gpu_main_us=3216 gpu_composite_us=0 gpu_blit_us=0
frust_shell_common::perf: frust-perf raw n=1475 total_us=4484 rebuild_us=98 layout_us=0 paint_us=31 encode_us=21 acquire_us=1623 submit_us=2708 skipped=0 gpu_q=1 gpu_total_us=3206 gpu_prepass_us=0 gpu_main_us=3206 gpu_composite_us=0 gpu_blit_us=0
frust_shell_common::perf: frust-perf raw n=1476 total_us=5224 rebuild_us=98 layout_us=0 paint_us=31 encode_us=21 acquire_us=2322 submit_us=2750 skipped=0 gpu_q=1 gpu_total_us=3206 gpu_prepass_us=0 gpu_main_us=3206 gpu_composite_us=0 gpu_blit_us=0
frust_shell_common::perf: frust-perf raw n=1477 total_us=4406 rebuild_us=96 layout_us=0 paint_us=31 encode_us=20 acquire_us=1546 submit_us=2710 skipped=0 gpu_q=1 gpu_total_us=3209 gpu_prepass_us=0 gpu_main_us=3209 gpu_composite_us=0 gpu_blit_us=0
frust_shell_common::perf: frust-perf raw n=1478 total_us=4160 rebuild_us=94 layout_us=0 paint_us=31 encode_us=21 acquire_us=1332 submit_us=2680 skipped=0 gpu_q=1 gpu_total_us=3209 gpu_prepass_us=0 gpu_main_us=3209 gpu_composite_us=0 gpu_blit_us=0
frust_shell_common::perf: frust-perf raw n=1479 total_us=3559 rebuild_us=102 layout_us=0 paint_us=31 encode_us=21 acquire_us=787 submit_us=2617 skipped=0 gpu_q=1 gpu_total_us=3217 gpu_prepass_us=0 gpu_main_us=3217 gpu_composite_us=0 gpu_blit_us=0
frust_shell_common::perf: frust-perf raw n=1480 total_us=4266 rebuild_us=95 layout_us=0 paint_us=33 encode_us=22 acquire_us=1422 submit_us=2691 skipped=0 gpu_q=1 gpu_total_us=3208 gpu_prepass_us=0 gpu_main_us=3208 gpu_composite_us=0 gpu_blit_us=0
frust_shell_common::perf: frust-perf raw n=1481 total_us=4267 rebuild_us=96 layout_us=0 paint_us=32 encode_us=22 acquire_us=1489 submit_us=2626 skipped=0 gpu_q=1 gpu_total_us=3208 gpu_prepass_us=0 gpu_main_us=3208 gpu_composite_us=0 gpu_blit_us=0
frust_shell_common::perf: frust-perf raw n=1482 total_us=4573 rebuild_us=96 layout_us=0 paint_us=30 encode_us=21 acquire_us=1769 submit_us=2654 skipped=0 gpu_q=1 gpu_total_us=3674 gpu_prepass_us=0 gpu_main_us=3674 gpu_composite_us=0 gpu_blit_us=0
frust_shell_common::perf: frust-perf raw n=1483 total_us=4826 rebuild_us=100 layout_us=0 paint_us=31 encode_us=21 acquire_us=2057 submit_us=2615 skipped=0 gpu_q=1 gpu_total_us=3220 gpu_prepass_us=0 gpu_main_us=3220 gpu_composite_us=0 gpu_blit_us=0
frust_shell_common::perf: frust-perf raw n=1484 total_us=4653 rebuild_us=96 layout_us=0 paint_us=31 encode_us=24 acquire_us=1918 submit_us=2582 skipped=0 gpu_q=1 gpu_total_us=3204 gpu_prepass_us=0 gpu_main_us=3204 gpu_composite_us=0 gpu_blit_us=0
frust_shell_common::perf: frust-perf raw n=1485 total_us=4443 rebuild_us=110 layout_us=0 paint_us=36 encode_us=21 acquire_us=1575 submit_us=2698 skipped=0 gpu_q=1 gpu_total_us=3207 gpu_prepass_us=0 gpu_main_us=3207 gpu_composite_us=0 gpu_blit_us=0
frust_shell_android::app::frame: frust-perf platform-view tail depth=0 target=0 acquire_bound=false frame=1498 expected_present_us=0 acquire_us=1688 period_us=11135
frust_shell_common::perf: frust-perf raw n=1486 total_us=4819 rebuild_us=128 layout_us=0 paint_us=43 encode_us=21 acquire_us=1993 submit_us=2631 skipped=0 gpu_q=1 gpu_total_us=3209 gpu_prepass_us=0 gpu_main_us=3209 gpu_composite_us=0 gpu_blit_us=0
frust_shell_common::perf: frust-perf raw n=1487 total_us=4737 rebuild_us=93 layout_us=0 paint_us=31 encode_us=20 acquire_us=1745 submit_us=2846 skipped=0 gpu_q=1 gpu_total_us=3207 gpu_prepass_us=0 gpu_main_us=3207 gpu_composite_us=0 gpu_blit_us=0
frust_shell_common::perf: frust-perf raw n=1488 total_us=4260 rebuild_us=99 layout_us=0 paint_us=32 encode_us=21 acquire_us=1394 submit_us=2711 skipped=0 gpu_q=1 gpu_total_us=3204 gpu_prepass_us=0 gpu_main_us=3204 gpu_composite_us=0 gpu_blit_us=0
frust_shell_common::perf: bench-scenario-start s3-create1k
frust_shell_common::perf: bench-scenario-end s3-create1k
frust_shell_common::perf: frust-perf raw n=1489 total_us=12068 rebuild_us=944 layout_us=226 paint_us=212 encode_us=44 acquire_us=85 submit_us=10555 skipped=0 gpu_q=1 gpu_total_us=3201 gpu_prepass_us=0 gpu_main_us=3201 gpu_composite_us=0 gpu_blit_us=0
frust_shell_common::perf: frust-perf raw n=1490 total_us=10884 rebuild_us=368 layout_us=0 paint_us=123 encode_us=62 acquire_us=1935 submit_us=8392 skipped=0 gpu_q=1 gpu_total_us=3213 gpu_prepass_us=0 gpu_main_us=3213 gpu_composite_us=0 gpu_blit_us=0
frust_shell_common::perf: frust-perf raw n=1491 total_us=10501 rebuild_us=278 layout_us=0 paint_us=127 encode_us=50 acquire_us=1744 submit_us=8299 skipped=0 gpu_q=1 gpu_total_us=3674 gpu_prepass_us=0 gpu_main_us=3674 gpu_composite_us=0 gpu_blit_us=0
frust_shell_common::perf: frust-perf raw n=1492 total_us=10852 rebuild_us=302 layout_us=0 paint_us=107 encode_us=49 acquire_us=2062 submit_us=8330 skipped=0 gpu_q=1 gpu_total_us=3192 gpu_prepass_us=0 gpu_main_us=3192 gpu_composite_us=0 gpu_blit_us=0
frust_shell_common::perf: frust-perf raw n=1493 total_us=8653 rebuild_us=747 layout_us=2 paint_us=379 encode_us=65 acquire_us=55 submit_us=7402 skipped=0 gpu_q=1 gpu_total_us=4966 gpu_prepass_us=0 gpu_main_us=4966 gpu_composite_us=0 gpu_blit_us=0
frust_shell_common::perf: frust-perf raw n=1494 total_us=9794 rebuild_us=224 layout_us=0 paint_us=98 encode_us=52 acquire_us=2354 submit_us=7063 skipped=0 gpu_q=1 gpu_total_us=4911 gpu_prepass_us=0 gpu_main_us=4911 gpu_composite_us=0 gpu_blit_us=0
frust_shell_common::perf: frust-perf raw n=1495 total_us=7228 rebuild_us=201 layout_us=0 paint_us=110 encode_us=48 acquire_us=755 submit_us=6110 skipped=0 gpu_q=1 gpu_total_us=4912 gpu_prepass_us=0 gpu_main_us=4912 gpu_composite_us=0 gpu_blit_us=0
frust_shell_common::perf: frust-perf raw n=1496 total_us=7067 rebuild_us=200 layout_us=0 paint_us=86 encode_us=40 acquire_us=1006 submit_us=5733 skipped=0 gpu_q=1 gpu_total_us=4933 gpu_prepass_us=0 gpu_main_us=4933 gpu_composite_us=0 gpu_blit_us=0
frust_shell_common::perf: frust-perf raw n=1497 total_us=8096 rebuild_us=185 layout_us=0 paint_us=94 encode_us=43 acquire_us=2020 submit_us=5753 skipped=0 gpu_q=1 gpu_total_us=4915 gpu_prepass_us=0 gpu_main_us=4915 gpu_composite_us=0 gpu_blit_us=0
frust_shell_common::perf: frust-perf raw n=1498 total_us=7391 rebuild_us=218 layout_us=0 paint_us=97 encode_us=62 acquire_us=1648 submit_us=5363 skipped=0 gpu_q=1 gpu_total_us=4910 gpu_prepass_us=0 gpu_main_us=4910 gpu_composite_us=0 gpu_blit_us=0
frust_shell_common::perf: frust-perf raw n=1499 total_us=4962 rebuild_us=205 layout_us=0 paint_us=85 encode_us=41 acquire_us=506 submit_us=4123 skipped=0 gpu_q=1 gpu_total_us=4921 gpu_prepass_us=0 gpu_main_us=4921 gpu_composite_us=0 gpu_blit_us=0
frust_shell_common::perf: frust-perf raw n=1500 total_us=7226 rebuild_us=216 layout_us=0 paint_us=95 encode_us=49 acquire_us=2127 submit_us=4737 skipped=0 gpu_q=1 gpu_total_us=4907 gpu_prepass_us=0 gpu_main_us=4907 gpu_composite_us=0 gpu_blit_us=0
frust_shell_common::perf: frust-perf raw n=1501 total_us=8304 rebuild_us=209 layout_us=0 paint_us=99 encode_us=53 acquire_us=3646 submit_us=4294 skipped=0 gpu_q=1 gpu_total_us=4918 gpu_prepass_us=0 gpu_main_us=4918 gpu_composite_us=0 gpu_blit_us=0
frust_shell_common::perf: frust-perf raw n=1502 total_us=8095 rebuild_us=232 layout_us=0 paint_us=109 encode_us=51 acquire_us=3490 submit_us=4212 skipped=0 gpu_q=1 gpu_total_us=8774 gpu_prepass_us=454 gpu_main_us=8319 gpu_composite_us=0 gpu_blit_us=0
frust_shell_common::perf: frust-perf raw n=1503 total_us=8923 rebuild_us=205 layout_us=0 paint_us=104 encode_us=65 acquire_us=4180 submit_us=4366 skipped=0 gpu_q=1 gpu_total_us=8300 gpu_prepass_us=0 gpu_main_us=8300 gpu_composite_us=0 gpu_blit_us=0
frust_shell_common::perf: frust-perf raw n=1504 total_us=8696 rebuild_us=218 layout_us=0 paint_us=98 encode_us=55 acquire_us=3086 submit_us=5237 skipped=0 gpu_q=1 gpu_total_us=8325 gpu_prepass_us=0 gpu_main_us=8325 gpu_composite_us=0 gpu_blit_us=0
frust_shell_common::perf: frust-perf raw n=1505 total_us=9275 rebuild_us=231 layout_us=0 paint_us=125 encode_us=82 acquire_us=4304 submit_us=4530 skipped=0 gpu_q=1 gpu_total_us=8332 gpu_prepass_us=0 gpu_main_us=8332 gpu_composite_us=0 gpu_blit_us=0
frust_shell_common::perf: frust-perf raw n=1506 total_us=6361 rebuild_us=212 layout_us=0 paint_us=109 encode_us=396 acquire_us=1506 submit_us=4135 skipped=0 gpu_q=1 gpu_total_us=8329 gpu_prepass_us=0 gpu_main_us=8329 gpu_composite_us=0 gpu_blit_us=0
frust_shell_common::perf: frust-perf raw n=1507 total_us=4331 rebuild_us=210 layout_us=0 paint_us=88 encode_us=45 acquire_us=68 submit_us=3918 skipped=0 gpu_q=1 gpu_total_us=8356 gpu_prepass_us=0 gpu_main_us=8356 gpu_composite_us=0 gpu_blit_us=0
frust_shell_common::perf: frust-perf raw n=1508 total_us=4525 rebuild_us=571 layout_us=2 paint_us=122 encode_us=49 acquire_us=73 submit_us=3706 skipped=0 gpu_q=1 gpu_total_us=8386 gpu_prepass_us=0 gpu_main_us=8386 gpu_composite_us=0 gpu_blit_us=0
frust_shell_common::perf: bench-scenario-start s3-create10k
frust_shell_common::perf: frust-perf raw n=1509 total_us=13922 rebuild_us=9606 layout_us=273 paint_us=245 encode_us=54 acquire_us=81 submit_us=3661 skipped=0 gpu_q=1 gpu_total_us=8862 gpu_prepass_us=0 gpu_main_us=8862 gpu_composite_us=0 gpu_blit_us=0
frust_shell_common::perf: bench-scenario-end s3-create10k
frust_shell_common::perf: frust-perf raw n=1510 total_us=4863 rebuild_us=377 layout_us=0 paint_us=128 encode_us=58 acquire_us=77 submit_us=4221 skipped=0 gpu_q=1 gpu_total_us=8355 gpu_prepass_us=0 gpu_main_us=8355 gpu_composite_us=0 gpu_blit_us=0
frust_shell_common::perf: frust-perf raw n=1511 total_us=5573 rebuild_us=334 layout_us=0 paint_us=133 encode_us=65 acquire_us=87 submit_us=4952 skipped=0 gpu_q=1 gpu_total_us=8314 gpu_prepass_us=0 gpu_main_us=8314 gpu_composite_us=0 gpu_blit_us=0
frust_shell_common::perf: frust-perf raw n=1512 total_us=4839 rebuild_us=298 layout_us=0 paint_us=123 encode_us=51 acquire_us=74 submit_us=4291 skipped=0 gpu_q=1 gpu_total_us=8330 gpu_prepass_us=0 gpu_main_us=8330 gpu_composite_us=0 gpu_blit_us=0
frust_shell_common::perf: frust-perf raw n=1513 total_us=4698 rebuild_us=302 layout_us=0 paint_us=123 encode_us=52 acquire_us=72 submit_us=4147 skipped=0 gpu_q=1 gpu_total_us=7321 gpu_prepass_us=0 gpu_main_us=7321 gpu_composite_us=0 gpu_blit_us=0
frust_shell_common::perf: frust-perf raw n=1514 total_us=4688 rebuild_us=305 layout_us=0 paint_us=130 encode_us=56 acquire_us=82 submit_us=4113 skipped=0 gpu_q=1 gpu_total_us=7244 gpu_prepass_us=0 gpu_main_us=7244 gpu_composite_us=0 gpu_blit_us=0
frust_shell_common::perf: frust-perf raw n=1515 total_us=4592 rebuild_us=311 layout_us=0 paint_us=127 encode_us=53 acquire_us=74 submit_us=4024 skipped=0 gpu_q=1 gpu_total_us=7221 gpu_prepass_us=0 gpu_main_us=7221 gpu_composite_us=0 gpu_blit_us=0
frust_shell_common::perf: frust-perf raw n=1516 total_us=4757 rebuild_us=304 layout_us=0 paint_us=130 encode_us=56 acquire_us=79 submit_us=4186 skipped=0 gpu_q=1 gpu_total_us=7243 gpu_prepass_us=0 gpu_main_us=7243 gpu_composite_us=0 gpu_blit_us=0
frust_shell_common::perf: frust-perf raw n=1517 total_us=4821 rebuild_us=349 layout_us=0 paint_us=123 encode_us=58 acquire_us=74 submit_us=4214 skipped=0 gpu_q=1 gpu_total_us=7601 gpu_prepass_us=0 gpu_main_us=7601 gpu_composite_us=0 gpu_blit_us=0
frust_shell_common::perf: frust-perf raw n=1518 total_us=4645 rebuild_us=301 layout_us=0 paint_us=133 encode_us=56 acquire_us=77 submit_us=4075 skipped=0 gpu_q=1 gpu_total_us=7279 gpu_prepass_us=0 gpu_main_us=7279 gpu_composite_us=0 gpu_blit_us=0
frust_shell_common::perf: frust-perf raw n=1519 total_us=4637 rebuild_us=299 layout_us=0 paint_us=122 encode_us=53 acquire_us=73 submit_us=4087 skipped=0 gpu_q=1 gpu_total_us=7280 gpu_prepass_us=0 gpu_main_us=7280 gpu_composite_us=0 gpu_blit_us=0
frust_shell_common::perf: frust-perf raw n=1520 total_us=5450 rebuild_us=347 layout_us=0 paint_us=127 encode_us=75 acquire_us=85 submit_us=4812 skipped=0 gpu_q=1 gpu_total_us=7289 gpu_prepass_us=0 gpu_main_us=7289 gpu_composite_us=0 gpu_blit_us=0
frust_shell_common::perf: frust-perf raw n=1521 total_us=4706 rebuild_us=300 layout_us=0 paint_us=122 encode_us=53 acquire_us=74 submit_us=4154 skipped=0 gpu_q=1 gpu_total_us=7233 gpu_prepass_us=0 gpu_main_us=7233 gpu_composite_us=0 gpu_blit_us=0
frust_shell_common::perf: frust-perf raw n=1522 total_us=4714 rebuild_us=306 layout_us=0 paint_us=123 encode_us=51 acquire_us=76 submit_us=4154 skipped=0 gpu_q=1 gpu_total_us=7312 gpu_prepass_us=0 gpu_main_us=7312 gpu_composite_us=0 gpu_blit_us=0
frust_shell_common::perf: frust-perf raw n=1523 total_us=4719 rebuild_us=345 layout_us=0 paint_us=125 encode_us=52 acquire_us=83 submit_us=4112 skipped=0 gpu_q=1 gpu_total_us=7268 gpu_prepass_us=0 gpu_main_us=7268 gpu_composite_us=0 gpu_blit_us=0
frust_shell_common::perf: frust-perf raw n=1524 total_us=4646 rebuild_us=302 layout_us=0 paint_us=124 encode_us=53 acquire_us=76 submit_us=4088 skipped=0 gpu_q=1 gpu_total_us=7216 gpu_prepass_us=0 gpu_main_us=7216 gpu_composite_us=0 gpu_blit_us=0
frust_shell_common::perf: frust-perf raw n=1525 total_us=4674 rebuild_us=295 layout_us=0 paint_us=120 encode_us=53 acquire_us=74 submit_us=4128 skipped=0 gpu_q=1 gpu_total_us=7320 gpu_prepass_us=0 gpu_main_us=7320 gpu_composite_us=0 gpu_blit_us=0
frust_shell_common::perf: frust-perf raw n=1526 total_us=4654 rebuild_us=346 layout_us=0 paint_us=122 encode_us=53 acquire_us=77 submit_us=4053 skipped=0 gpu_q=1 gpu_total_us=7591 gpu_prepass_us=0 gpu_main_us=7591 gpu_composite_us=0 gpu_blit_us=0
frust_shell_common::perf: frust-perf raw n=1527 total_us=4833 rebuild_us=301 layout_us=0 paint_us=125 encode_us=58 acquire_us=75 submit_us=4271 skipped=0 gpu_q=1 gpu_total_us=7314 gpu_prepass_us=0 gpu_main_us=7314 gpu_composite_us=0 gpu_blit_us=0
frust_shell_common::perf: frust-perf raw n=1528 total_us=4660 rebuild_us=295 layout_us=0 paint_us=124 encode_us=49 acquire_us=105 submit_us=4085 skipped=0 gpu_q=1 gpu_total_us=7280 gpu_prepass_us=0 gpu_main_us=7280 gpu_composite_us=0 gpu_blit_us=0
frust_shell_common::perf: bench-scenario-start s3-update
frust_shell_common::perf: frust-perf raw n=1529 total_us=10186 rebuild_us=5457 layout_us=103 paint_us=146 encode_us=64 acquire_us=108 submit_us=4306 skipped=0 gpu_q=1 gpu_total_us=7298 gpu_prepass_us=0 gpu_main_us=7298 gpu_composite_us=0 gpu_blit_us=0
frust_shell_common::perf: bench-scenario-end s3-update
frust_shell_common::perf: frust-perf raw n=1530 total_us=7462 rebuild_us=368 layout_us=0 paint_us=124 encode_us=60 acquire_us=67 submit_us=6841 skipped=0 gpu_q=1 gpu_total_us=7278 gpu_prepass_us=0 gpu_main_us=7278 gpu_composite_us=0 gpu_blit_us=0
frust_shell_common::perf: frust-perf raw n=1531 total_us=5145 rebuild_us=261 layout_us=0 paint_us=102 encode_us=53 acquire_us=107 submit_us=4619 skipped=0 gpu_q=1 gpu_total_us=7232 gpu_prepass_us=0 gpu_main_us=7232 gpu_composite_us=0 gpu_blit_us=0
frust_shell_common::perf: frust-perf raw n=1532 total_us=4726 rebuild_us=297 layout_us=0 paint_us=101 encode_us=52 acquire_us=78 submit_us=4194 skipped=0 gpu_q=1 gpu_total_us=7304 gpu_prepass_us=0 gpu_main_us=7304 gpu_composite_us=0 gpu_blit_us=0
frust_shell_common::perf: frust-perf raw n=1533 total_us=4534 rebuild_us=242 layout_us=0 paint_us=101 encode_us=54 acquire_us=76 submit_us=4058 skipped=0 gpu_q=1 gpu_total_us=7284 gpu_prepass_us=0 gpu_main_us=7284 gpu_composite_us=0 gpu_blit_us=0
frust_shell_common::perf: frust-perf raw n=1534 total_us=4730 rebuild_us=297 layout_us=0 paint_us=119 encode_us=52 acquire_us=70 submit_us=4189 skipped=0 gpu_q=1 gpu_total_us=7269 gpu_prepass_us=0 gpu_main_us=7269 gpu_composite_us=0 gpu_blit_us=0
frust_shell_common::perf: frust-perf raw n=1535 total_us=4652 rebuild_us=304 layout_us=0 paint_us=120 encode_us=52 acquire_us=72 submit_us=4101 skipped=0 gpu_q=1 gpu_total_us=5604 gpu_prepass_us=0 gpu_main_us=5604 gpu_composite_us=0 gpu_blit_us=0
frust_shell_common::perf: frust-perf raw n=1536 total_us=4680 rebuild_us=299 layout_us=0 paint_us=121 encode_us=53 acquire_us=71 submit_us=4135 skipped=0 gpu_q=1 gpu_total_us=5326 gpu_prepass_us=0 gpu_main_us=5326 gpu_composite_us=0 gpu_blit_us=0
frust_shell_common::perf: frust-perf raw n=1537 total_us=4691 rebuild_us=291 layout_us=0 paint_us=118 encode_us=51 acquire_us=75 submit_us=4153 skipped=0 gpu_q=1 gpu_total_us=5355 gpu_prepass_us=0 gpu_main_us=5355 gpu_composite_us=0 gpu_blit_us=0
frust_shell_common::perf: frust-perf raw n=1538 total_us=4606 rebuild_us=309 layout_us=0 paint_us=122 encode_us=54 acquire_us=72 submit_us=4047 skipped=0 gpu_q=1 gpu_total_us=5302 gpu_prepass_us=0 gpu_main_us=5302 gpu_composite_us=0 gpu_blit_us=0
frust_shell_common::perf: frust-perf raw n=1539 total_us=4612 rebuild_us=295 layout_us=0 paint_us=120 encode_us=52 acquire_us=69 submit_us=4073 skipped=0 gpu_q=1 gpu_total_us=5341 gpu_prepass_us=0 gpu_main_us=5341 gpu_composite_us=0 gpu_blit_us=0
frust_shell_common::perf: frust-perf raw n=1540 total_us=4641 rebuild_us=300 layout_us=0 paint_us=120 encode_us=52 acquire_us=75 submit_us=4092 skipped=0 gpu_q=1 gpu_total_us=5315 gpu_prepass_us=0 gpu_main_us=5315 gpu_composite_us=0 gpu_blit_us=0
frust_shell_common::perf: frust-perf raw n=1541 total_us=4665 rebuild_us=308 layout_us=0 paint_us=121 encode_us=57 acquire_us=77 submit_us=4100 skipped=0 gpu_q=1 gpu_total_us=5320 gpu_prepass_us=0 gpu_main_us=5320 gpu_composite_us=0 gpu_blit_us=0
frust_shell_common::perf: frust-perf raw n=1542 total_us=4717 rebuild_us=297 layout_us=0 paint_us=120 encode_us=53 acquire_us=68 submit_us=4177 skipped=0 gpu_q=1 gpu_total_us=5295 gpu_prepass_us=0 gpu_main_us=5295 gpu_composite_us=0 gpu_blit_us=0
frust_shell_common::perf: frust-perf raw n=1543 total_us=4682 rebuild_us=298 layout_us=0 paint_us=123 encode_us=54 acquire_us=79 submit_us=4125 skipped=0 gpu_q=1 gpu_total_us=5334 gpu_prepass_us=0 gpu_main_us=5334 gpu_composite_us=0 gpu_blit_us=0
frust_shell_common::perf: frust-perf raw n=1544 total_us=4690 rebuild_us=307 layout_us=0 paint_us=124 encode_us=54 acquire_us=73 submit_us=4130 skipped=0 gpu_q=1 gpu_total_us=5597 gpu_prepass_us=0 gpu_main_us=5597 gpu_composite_us=0 gpu_blit_us=0
frust_shell_common::perf: frust-perf raw n=1545 total_us=9948 rebuild_us=301 layout_us=0 paint_us=123 encode_us=231 acquire_us=136 submit_us=9154 skipped=0 gpu_q=1 gpu_total_us=5339 gpu_prepass_us=0 gpu_main_us=5339 gpu_composite_us=0 gpu_blit_us=0
frust_shell_common::perf: frust-perf raw n=1546 total_us=4577 rebuild_us=333 layout_us=0 paint_us=161 encode_us=59 acquire_us=64 submit_us=3958 skipped=0 gpu_q=1 gpu_total_us=5318 gpu_prepass_us=0 gpu_main_us=5318 gpu_composite_us=0 gpu_blit_us=0
frust_shell_common::perf: frust-perf raw n=1547 total_us=4932 rebuild_us=298 layout_us=0 paint_us=137 encode_us=60 acquire_us=77 submit_us=4357 skipped=0 gpu_q=1 gpu_total_us=5323 gpu_prepass_us=0 gpu_main_us=5323 gpu_composite_us=0 gpu_blit_us=0
frust_shell_common::perf: frust-perf raw n=1548 total_us=4908 rebuild_us=304 layout_us=0 paint_us=125 encode_us=59 acquire_us=75 submit_us=4342 skipped=0 gpu_q=1 gpu_total_us=5304 gpu_prepass_us=0 gpu_main_us=5304 gpu_composite_us=0 gpu_blit_us=0
frust_shell_common::perf: bench-scenario-start s3-swap
frust_shell_common::perf: bench-scenario-end s3-swap
frust_shell_common::perf: frust-perf raw n=1549 total_us=11560 rebuild_us=5060 layout_us=96 paint_us=134 encode_us=65 acquire_us=111 submit_us=6091 skipped=0 gpu_q=1 gpu_total_us=5228 gpu_prepass_us=0 gpu_main_us=5228 gpu_composite_us=0 gpu_blit_us=0
frust_shell_common::perf: frust-perf raw n=1550 total_us=7065 rebuild_us=413 layout_us=0 paint_us=137 encode_us=62 acquire_us=55 submit_us=6395 skipped=0 gpu_q=1 gpu_total_us=5367 gpu_prepass_us=0 gpu_main_us=5367 gpu_composite_us=0 gpu_blit_us=0
frust_shell_common::perf: frust-perf raw n=1551 total_us=5478 rebuild_us=236 layout_us=0 paint_us=119 encode_us=57 acquire_us=85 submit_us=4979 skipped=0 gpu_q=1 gpu_total_us=5296 gpu_prepass_us=0 gpu_main_us=5296 gpu_composite_us=0 gpu_blit_us=0
frust_shell_common::perf: frust-perf raw n=1552 total_us=4971 rebuild_us=230 layout_us=0 paint_us=103 encode_us=58 acquire_us=85 submit_us=4493 skipped=0 gpu_q=1 gpu_total_us=5313 gpu_prepass_us=0 gpu_main_us=5313 gpu_composite_us=0 gpu_blit_us=0
frust_shell_common::perf: frust-perf raw n=1553 total_us=4969 rebuild_us=235 layout_us=0 paint_us=103 encode_us=64 acquire_us=89 submit_us=4475 skipped=0 gpu_q=1 gpu_total_us=5680 gpu_prepass_us=290 gpu_main_us=5390 gpu_composite_us=0 gpu_blit_us=0
frust_shell_common::perf: frust-perf raw n=1554 total_us=5214 rebuild_us=310 layout_us=0 paint_us=127 encode_us=63 acquire_us=88 submit_us=4624 skipped=0 gpu_q=1 gpu_total_us=5337 gpu_prepass_us=0 gpu_main_us=5337 gpu_composite_us=0 gpu_blit_us=0
frust_shell_common::perf: frust-perf raw n=1555 total_us=5083 rebuild_us=307 layout_us=0 paint_us=131 encode_us=61 acquire_us=83 submit_us=4499 skipped=0 gpu_q=1 gpu_total_us=5367 gpu_prepass_us=0 gpu_main_us=5367 gpu_composite_us=0 gpu_blit_us=0
frust_shell_common::perf: frust-perf raw n=1556 total_us=5181 rebuild_us=305 layout_us=0 paint_us=129 encode_us=61 acquire_us=85 submit_us=4598 skipped=0 gpu_q=1 gpu_total_us=5422 gpu_prepass_us=0 gpu_main_us=5422 gpu_composite_us=0 gpu_blit_us=0
frust_shell_common::perf: frust-perf raw n=1557 total_us=5231 rebuild_us=312 layout_us=0 paint_us=127 encode_us=60 acquire_us=88 submit_us=4641 skipped=0 gpu_q=1 gpu_total_us=5441 gpu_prepass_us=0 gpu_main_us=5441 gpu_composite_us=0 gpu_blit_us=0
frust_shell_common::perf: frust-perf raw n=1558 total_us=5075 rebuild_us=311 layout_us=0 paint_us=134 encode_us=77 acquire_us=86 submit_us=4465 skipped=0 gpu_q=1 gpu_total_us=5453 gpu_prepass_us=0 gpu_main_us=5453 gpu_composite_us=0 gpu_blit_us=0
frust_shell_common::perf: frust-perf raw n=1559 total_us=5175 rebuild_us=330 layout_us=0 paint_us=135 encode_us=63 acquire_us=88 submit_us=4558 skipped=0 gpu_q=1 gpu_total_us=5390 gpu_prepass_us=0 gpu_main_us=5390 gpu_composite_us=0 gpu_blit_us=0
frust_shell_common::perf: frust-perf raw n=1560 total_us=5229 rebuild_us=306 layout_us=0 paint_us=130 encode_us=64 acquire_us=91 submit_us=4636 skipped=0 gpu_q=1 gpu_total_us=5424 gpu_prepass_us=0 gpu_main_us=5424 gpu_composite_us=0 gpu_blit_us=0
frust_shell_common::perf: frust-perf raw n=1561 total_us=5217 rebuild_us=356 layout_us=0 paint_us=131 encode_us=61 acquire_us=81 submit_us=4585 skipped=0 gpu_q=1 gpu_total_us=7439 gpu_prepass_us=0 gpu_main_us=7439 gpu_composite_us=0 gpu_blit_us=0
frust_shell_common::perf: frust-perf raw n=1562 total_us=5261 rebuild_us=304 layout_us=0 paint_us=131 encode_us=73 acquire_us=104 submit_us=4646 skipped=0 gpu_q=1 gpu_total_us=7778 gpu_prepass_us=0 gpu_main_us=7778 gpu_composite_us=0 gpu_blit_us=0
frust_shell_common::perf: frust-perf raw n=1563 total_us=5341 rebuild_us=312 layout_us=0 paint_us=136 encode_us=116 acquire_us=86 submit_us=4689 skipped=0 gpu_q=1 gpu_total_us=7453 gpu_prepass_us=0 gpu_main_us=7453 gpu_composite_us=0 gpu_blit_us=0
frust_shell_common::perf: frust-perf raw n=1564 total_us=5223 rebuild_us=384 layout_us=0 paint_us=129 encode_us=61 acquire_us=86 submit_us=4560 skipped=0 gpu_q=1 gpu_total_us=7462 gpu_prepass_us=0 gpu_main_us=7462 gpu_composite_us=0 gpu_blit_us=0
frust_shell_common::perf: frust-perf raw n=1565 total_us=5079 rebuild_us=306 layout_us=0 paint_us=125 encode_us=62 acquire_us=87 submit_us=4496 skipped=0 gpu_q=1 gpu_total_us=7424 gpu_prepass_us=0 gpu_main_us=7424 gpu_composite_us=0 gpu_blit_us=0
frust_shell_common::perf: frust-perf raw n=1566 total_us=5025 rebuild_us=300 layout_us=0 paint_us=126 encode_us=63 acquire_us=75 submit_us=4459 skipped=0 gpu_q=1 gpu_total_us=7464 gpu_prepass_us=0 gpu_main_us=7464 gpu_composite_us=0 gpu_blit_us=0
frust_shell_common::perf: frust-perf raw n=1567 total_us=5151 rebuild_us=324 layout_us=0 paint_us=127 encode_us=62 acquire_us=80 submit_us=4556 skipped=0 gpu_q=1 gpu_total_us=7447 gpu_prepass_us=0 gpu_main_us=7447 gpu_composite_us=0 gpu_blit_us=0
frust_shell_common::perf: frust-perf raw n=1568 total_us=5122 rebuild_us=309 layout_us=0 paint_us=130 encode_us=60 acquire_us=87 submit_us=4533 skipped=0 gpu_q=1 gpu_total_us=7469 gpu_prepass_us=0 gpu_main_us=7469 gpu_composite_us=0 gpu_blit_us=0
frust_shell_common::perf: bench-scenario-start s3-clear
frust_shell_common::perf: bench-scenario-end s3-clear
frust_shell_common::perf: frust-perf raw n=1569 total_us=10128 rebuild_us=7108 layout_us=25 paint_us=36 encode_us=41 acquire_us=102 submit_us=2814 skipped=0 gpu_q=1 gpu_total_us=7486 gpu_prepass_us=0 gpu_main_us=7486 gpu_composite_us=0 gpu_blit_us=0
frust_shell_common::perf: frust-perf raw n=1570 total_us=4339 rebuild_us=287 layout_us=0 paint_us=39 encode_us=23 acquire_us=76 submit_us=3912 skipped=0 gpu_q=1 gpu_total_us=7493 gpu_prepass_us=0 gpu_main_us=7493 gpu_composite_us=0 gpu_blit_us=0
frust_shell_common::perf: frust-perf raw n=1571 total_us=3626 rebuild_us=105 layout_us=0 paint_us=39 encode_us=20 acquire_us=85 submit_us=3375 skipped=0 gpu_q=1 gpu_total_us=7437 gpu_prepass_us=0 gpu_main_us=7437 gpu_composite_us=0 gpu_blit_us=0
frust_shell_common::perf: frust-perf raw n=1572 total_us=3103 rebuild_us=100 layout_us=0 paint_us=32 encode_us=21 acquire_us=84 submit_us=2864 skipped=0 gpu_q=1 gpu_total_us=7785 gpu_prepass_us=0 gpu_main_us=7785 gpu_composite_us=0 gpu_blit_us=0
frust_shell_common::perf: frust-perf raw n=1573 total_us=3234 rebuild_us=197 layout_us=0 paint_us=38 encode_us=23 acquire_us=81 submit_us=2892 skipped=0 gpu_q=1 gpu_total_us=3184 gpu_prepass_us=0 gpu_main_us=3184 gpu_composite_us=0 gpu_blit_us=0
frust_shell_common::perf: frust-perf raw n=1574 total_us=3564 rebuild_us=115 layout_us=0 paint_us=41 encode_us=24 acquire_us=92 submit_us=3289 skipped=0 gpu_q=1 gpu_total_us=3239 gpu_prepass_us=0 gpu_main_us=3239 gpu_composite_us=0 gpu_blit_us=0
frust_shell_common::perf: frust-perf raw n=1575 total_us=3696 rebuild_us=113 layout_us=0 paint_us=37 encode_us=24 acquire_us=90 submit_us=3430 skipped=0 gpu_q=1 gpu_total_us=3344 gpu_prepass_us=0 gpu_main_us=3344 gpu_composite_us=0 gpu_blit_us=0
frust_shell_common::perf: frust-perf raw n=1576 total_us=3561 rebuild_us=120 layout_us=0 paint_us=39 encode_us=24 acquire_us=95 submit_us=3281 skipped=0 gpu_q=1 gpu_total_us=3367 gpu_prepass_us=0 gpu_main_us=3367 gpu_composite_us=0 gpu_blit_us=0
frust_shell_common::perf: frust-perf raw n=1577 total_us=3465 rebuild_us=124 layout_us=0 paint_us=39 encode_us=22 acquire_us=94 submit_us=3183 skipped=0 gpu_q=1 gpu_total_us=3275 gpu_prepass_us=0 gpu_main_us=3275 gpu_composite_us=0 gpu_blit_us=0
frust_shell_common::perf: frust-perf raw n=1578 total_us=3450 rebuild_us=115 layout_us=0 paint_us=38 encode_us=25 acquire_us=92 submit_us=3178 skipped=0 gpu_q=1 gpu_total_us=3397 gpu_prepass_us=0 gpu_main_us=3397 gpu_composite_us=0 gpu_blit_us=0
frust_shell_common::perf: frust-perf raw n=1579 total_us=3518 rebuild_us=115 layout_us=0 paint_us=39 encode_us=23 acquire_us=90 submit_us=3248 skipped=0 gpu_q=1 gpu_total_us=3311 gpu_prepass_us=0 gpu_main_us=3311 gpu_composite_us=0 gpu_blit_us=0
frust_shell_common::perf: frust-perf raw n=1580 total_us=3847 rebuild_us=113 layout_us=0 paint_us=38 encode_us=22 acquire_us=86 submit_us=3585 skipped=0 gpu_q=1 gpu_total_us=3321 gpu_prepass_us=0 gpu_main_us=3321 gpu_composite_us=0 gpu_blit_us=0
frust_shell_common::perf: frust-perf raw n=1581 total_us=3484 rebuild_us=121 layout_us=0 paint_us=40 encode_us=24 acquire_us=95 submit_us=3202 skipped=0 gpu_q=1 gpu_total_us=3629 gpu_prepass_us=0 gpu_main_us=3629 gpu_composite_us=0 gpu_blit_us=0
frust_shell_common::perf: frust-perf raw n=1582 total_us=3664 rebuild_us=117 layout_us=0 paint_us=39 encode_us=22 acquire_us=93 submit_us=3390 skipped=0 gpu_q=1 gpu_total_us=3348 gpu_prepass_us=0 gpu_main_us=3348 gpu_composite_us=0 gpu_blit_us=0
frust_shell_common::perf: frust-perf raw n=1583 total_us=3471 rebuild_us=116 layout_us=0 paint_us=38 encode_us=25 acquire_us=91 submit_us=3198 skipped=0 gpu_q=1 gpu_total_us=3389 gpu_prepass_us=0 gpu_main_us=3389 gpu_composite_us=0 gpu_blit_us=0
frust_shell_common::perf: frust-perf raw n=1584 total_us=3517 rebuild_us=118 layout_us=0 paint_us=38 encode_us=22 acquire_us=89 submit_us=3247 skipped=0 gpu_q=1 gpu_total_us=3303 gpu_prepass_us=0 gpu_main_us=3303 gpu_composite_us=0 gpu_blit_us=0
frust_shell_common::perf: frust-perf raw n=1585 total_us=3558 rebuild_us=122 layout_us=0 paint_us=39 encode_us=26 acquire_us=91 submit_us=3277 skipped=0 gpu_q=1 gpu_total_us=3282 gpu_prepass_us=0 gpu_main_us=3282 gpu_composite_us=0 gpu_blit_us=0
frust_shell_common::perf: frust-perf raw n=1586 total_us=3386 rebuild_us=115 layout_us=0 paint_us=38 encode_us=24 acquire_us=88 submit_us=3119 skipped=0 gpu_q=1 gpu_total_us=3331 gpu_prepass_us=0 gpu_main_us=3331 gpu_composite_us=0 gpu_blit_us=0
frust_shell_common::perf: frust-perf raw n=1587 total_us=4310 rebuild_us=284 layout_us=3 paint_us=135 encode_us=26 acquire_us=95 submit_us=3766 skipped=0 gpu_q=1 gpu_total_us=3341 gpu_prepass_us=0 gpu_main_us=3341 gpu_composite_us=0 gpu_blit_us=0
frust_shell_common::perf: frust-perf raw n=1588 total_us=4198 rebuild_us=361 layout_us=3 paint_us=129 encode_us=27 acquire_us=101 submit_us=3575 skipped=0 gpu_q=1 gpu_total_us=3316 gpu_prepass_us=0 gpu_main_us=3316 gpu_composite_us=0 gpu_blit_us=0
frust_shell_common::perf: bench-scenario-start s3-create1k
frust_shell_common::perf: bench-scenario-end s3-create1k
frust_shell_common::perf: frust-perf raw n=1589 total_us=20939 rebuild_us=4895 layout_us=1683 paint_us=1691 encode_us=104 acquire_us=155 submit_us=12408 skipped=0 gpu_q=1 gpu_total_us=3361 gpu_prepass_us=0 gpu_main_us=3361 gpu_composite_us=0 gpu_blit_us=0
frust_shell_common::perf: frust-perf raw n=1590 total_us=10545 rebuild_us=402 layout_us=0 paint_us=143 encode_us=87 acquire_us=85 submit_us=9825 skipped=0 gpu_q=1 gpu_total_us=3278 gpu_prepass_us=0 gpu_main_us=3278 gpu_composite_us=0 gpu_blit_us=0
frust_shell_common::perf: frust-perf raw n=1591 total_us=9519 rebuild_us=296 layout_us=0 paint_us=161 encode_us=79 acquire_us=67 submit_us=8912 skipped=0 gpu_q=1 gpu_total_us=3289 gpu_prepass_us=0 gpu_main_us=3289 gpu_composite_us=0 gpu_blit_us=0
frust_shell_common::perf: frust-perf raw n=1592 total_us=7901 rebuild_us=308 layout_us=0 paint_us=143 encode_us=67 acquire_us=137 submit_us=7243 skipped=0 gpu_q=1 gpu_total_us=3274 gpu_prepass_us=0 gpu_main_us=3274 gpu_composite_us=0 gpu_blit_us=0
frust_shell_common::perf: frust-perf raw n=1593 total_us=5945 rebuild_us=297 layout_us=0 paint_us=130 encode_us=44 acquire_us=37 submit_us=5434 skipped=0 gpu_q=1 gpu_total_us=4909 gpu_prepass_us=0 gpu_main_us=4909 gpu_composite_us=0 gpu_blit_us=0
frust_shell_common::perf: frust-perf raw n=1594 total_us=7634 rebuild_us=315 layout_us=0 paint_us=99 encode_us=42 acquire_us=1652 submit_us=5523 skipped=0 gpu_q=1 gpu_total_us=5154 gpu_prepass_us=0 gpu_main_us=5154 gpu_composite_us=0 gpu_blit_us=0
frust_shell_common::perf: frust-perf raw n=1595 total_us=6692 rebuild_us=204 layout_us=0 paint_us=89 encode_us=45 acquire_us=337 submit_us=6014 skipped=0 gpu_q=1 gpu_total_us=4886 gpu_prepass_us=0 gpu_main_us=4886 gpu_composite_us=0 gpu_blit_us=0
frust_shell_common::perf: frust-perf raw n=1596 total_us=7730 rebuild_us=228 layout_us=0 paint_us=94 encode_us=39 acquire_us=942 submit_us=6426 skipped=0 gpu_q=1 gpu_total_us=4976 gpu_prepass_us=0 gpu_main_us=4976 gpu_composite_us=0 gpu_blit_us=0
frust_shell_common::perf: frust-perf raw n=1597 total_us=9574 rebuild_us=265 layout_us=0 paint_us=106 encode_us=57 acquire_us=2646 submit_us=6497 skipped=0 gpu_q=1 gpu_total_us=4900 gpu_prepass_us=0 gpu_main_us=4900 gpu_composite_us=0 gpu_blit_us=0
frust_shell_common::perf: frust-perf raw n=1598 total_us=7992 rebuild_us=212 layout_us=0 paint_us=107 encode_us=52 acquire_us=2645 submit_us=4974 skipped=0 gpu_q=1 gpu_total_us=4893 gpu_prepass_us=0 gpu_main_us=4893 gpu_composite_us=0 gpu_blit_us=0
frust_shell_common::perf: frust-perf raw n=1599 total_us=6738 rebuild_us=214 layout_us=0 paint_us=220 encode_us=62 acquire_us=1618 submit_us=4622 skipped=0 gpu_q=1 gpu_total_us=4882 gpu_prepass_us=0 gpu_main_us=4882 gpu_composite_us=0 gpu_blit_us=0
frust_shell_common::perf: frust-perf raw n=1600 total_us=6577 rebuild_us=209 layout_us=0 paint_us=104 encode_us=58 acquire_us=1745 submit_us=4458 skipped=0 gpu_q=1 gpu_total_us=4893 gpu_prepass_us=0 gpu_main_us=4893 gpu_composite_us=0 gpu_blit_us=0
frust_shell_common::perf: frust-perf raw n=1601 total_us=7222 rebuild_us=206 layout_us=0 paint_us=106 encode_us=53 acquire_us=2221 submit_us=4633 skipped=0 gpu_q=1 gpu_total_us=4884 gpu_prepass_us=0 gpu_main_us=4884 gpu_composite_us=0 gpu_blit_us=0
frust_shell_common::perf: frust-perf raw n=1602 total_us=6672 rebuild_us=202 layout_us=0 paint_us=159 encode_us=50 acquire_us=1761 submit_us=4498 skipped=0 gpu_q=1 gpu_total_us=8319 gpu_prepass_us=0 gpu_main_us=8319 gpu_composite_us=0 gpu_blit_us=0
frust_shell_common::perf: frust-perf raw n=1603 total_us=6349 rebuild_us=219 layout_us=0 paint_us=116 encode_us=57 acquire_us=1628 submit_us=4326 skipped=0 gpu_q=1 gpu_total_us=8332 gpu_prepass_us=0 gpu_main_us=8332 gpu_composite_us=0 gpu_blit_us=0
frust_shell_common::perf: frust-perf raw n=1604 total_us=6707 rebuild_us=215 layout_us=0 paint_us=103 encode_us=65 acquire_us=1887 submit_us=4434 skipped=0 gpu_q=1 gpu_total_us=8322 gpu_prepass_us=0 gpu_main_us=8322 gpu_composite_us=0 gpu_blit_us=0
frust_shell_common::perf: frust-perf raw n=1605 total_us=7523 rebuild_us=208 layout_us=0 paint_us=105 encode_us=66 acquire_us=2809 submit_us=4333 skipped=0 gpu_q=1 gpu_total_us=8311 gpu_prepass_us=0 gpu_main_us=8311 gpu_composite_us=0 gpu_blit_us=0
frust_shell_android::app::frame: frust-perf platform-view tail depth=0 target=0 acquire_bound=false frame=1618 expected_present_us=0 acquire_us=2017 period_us=11148
frust_shell_common::perf: frust-perf raw n=1606 total_us=4546 rebuild_us=183 layout_us=0 paint_us=80 encode_us=39 acquire_us=859 submit_us=3383 skipped=0 gpu_q=1 gpu_total_us=8333 gpu_prepass_us=0 gpu_main_us=8333 gpu_composite_us=0 gpu_blit_us=0
frust_shell_common::perf: frust-perf raw n=1607 total_us=5852 rebuild_us=190 layout_us=0 paint_us=85 encode_us=45 acquire_us=1617 submit_us=3912 skipped=0 gpu_q=1 gpu_total_us=8320 gpu_prepass_us=0 gpu_main_us=8320 gpu_composite_us=0 gpu_blit_us=0
frust_shell_common::perf: frust-perf raw n=1608 total_us=5120 rebuild_us=199 layout_us=0 paint_us=94 encode_us=43 acquire_us=1185 submit_us=3598 skipped=0 gpu_q=1 gpu_total_us=8851 gpu_prepass_us=0 gpu_main_us=8851 gpu_composite_us=0 gpu_blit_us=0
frust_shell_common::perf: bench-scenario-start s3-create10k
frust_shell_common::perf: frust-perf raw n=1609 total_us=9270 rebuild_us=5084 layout_us=190 paint_us=140 encode_us=52 acquire_us=91 submit_us=3711 skipped=0 gpu_q=1 gpu_total_us=8346 gpu_prepass_us=0 gpu_main_us=8346 gpu_composite_us=0 gpu_blit_us=0
frust_shell_common::perf: bench-scenario-end s3-create10k
frust_shell_common::perf: frust-perf raw n=1610 total_us=5836 rebuild_us=374 layout_us=0 paint_us=125 encode_us=48 acquire_us=1799 submit_us=3487 skipped=0 gpu_q=1 gpu_total_us=8307 gpu_prepass_us=0 gpu_main_us=8307 gpu_composite_us=0 gpu_blit_us=0
frust_shell_common::perf: frust-perf raw n=1611 total_us=4500 rebuild_us=195 layout_us=0 paint_us=94 encode_us=46 acquire_us=845 submit_us=3319 skipped=0 gpu_q=1 gpu_total_us=8328 gpu_prepass_us=0 gpu_main_us=8328 gpu_composite_us=0 gpu_blit_us=0
frust_shell_common::perf: frust-perf raw n=1612 total_us=5869 rebuild_us=200 layout_us=0 paint_us=83 encode_us=55 acquire_us=1312 submit_us=4216 skipped=0 gpu_q=1 gpu_total_us=8325 gpu_prepass_us=0 gpu_main_us=8325 gpu_composite_us=0 gpu_blit_us=0
frust_shell_common::perf: frust-perf raw n=1613 total_us=5165 rebuild_us=189 layout_us=0 paint_us=95 encode_us=50 acquire_us=1455 submit_us=3374 skipped=0 gpu_q=1 gpu_total_us=7206 gpu_prepass_us=0 gpu_main_us=7206 gpu_composite_us=0 gpu_blit_us=0
frust_shell_common::perf: frust-perf frame n=120 total_p50_ms=5 total_p95_ms=9 total_p99_ms=13 rebuild_p95_ms=0 layout_p95_ms=0 paint_p95_ms=0 encode_p95_ms=0 acquire_p95_ms=2 submit_p95_ms=6 over_60hz=6 over_120hz=189 skipped=0 total_frames=1613
frust_shell_common::perf: frust-perf raw n=1614 total_us=6354 rebuild_us=196 layout_us=0 paint_us=85 encode_us=48 acquire_us=1893 submit_us=4131 skipped=0 gpu_q=1 gpu_total_us=7226 gpu_prepass_us=0 gpu_main_us=7226 gpu_composite_us=0 gpu_blit_us=0
frust_shell_common::perf: frust-perf raw n=1615 total_us=5391 rebuild_us=197 layout_us=0 paint_us=89 encode_us=46 acquire_us=1712 submit_us=3345 skipped=0 gpu_q=1 gpu_total_us=7225 gpu_prepass_us=0 gpu_main_us=7225 gpu_composite_us=0 gpu_blit_us=0
frust_shell_common::perf: frust-perf raw n=1616 total_us=6388 rebuild_us=204 layout_us=0 paint_us=92 encode_us=50 acquire_us=1570 submit_us=4470 skipped=0 gpu_q=1 gpu_total_us=7215 gpu_prepass_us=0 gpu_main_us=7215 gpu_composite_us=0 gpu_blit_us=0
frust_shell_common::perf: frust-perf raw n=1617 total_us=4829 rebuild_us=245 layout_us=0 paint_us=93 encode_us=50 acquire_us=1058 submit_us=3381 skipped=0 gpu_q=1 gpu_total_us=7677 gpu_prepass_us=0 gpu_main_us=7677 gpu_composite_us=0 gpu_blit_us=0
frust_shell_common::perf: frust-perf raw n=1618 total_us=6316 rebuild_us=196 layout_us=0 paint_us=93 encode_us=52 acquire_us=2350 submit_us=3623 skipped=0 gpu_q=1 gpu_total_us=7225 gpu_prepass_us=0 gpu_main_us=7225 gpu_composite_us=0 gpu_blit_us=0
frust_shell_common::perf: frust-perf raw n=1619 total_us=4690 rebuild_us=526 layout_us=0 paint_us=99 encode_us=49 acquire_us=75 submit_us=3939 skipped=0 gpu_q=1 gpu_total_us=7221 gpu_prepass_us=0 gpu_main_us=7221 gpu_composite_us=0 gpu_blit_us=0
frust_shell_common::perf: frust-perf raw n=1620 total_us=5856 rebuild_us=274 layout_us=0 paint_us=103 encode_us=47 acquire_us=1255 submit_us=4174 skipped=0 gpu_q=1 gpu_total_us=7217 gpu_prepass_us=0 gpu_main_us=7217 gpu_composite_us=0 gpu_blit_us=0
frust_shell_common::perf: frust-perf raw n=1621 total_us=5415 rebuild_us=228 layout_us=0 paint_us=96 encode_us=50 acquire_us=1090 submit_us=3947 skipped=0 gpu_q=1 gpu_total_us=7215 gpu_prepass_us=0 gpu_main_us=7215 gpu_composite_us=0 gpu_blit_us=0
frust_shell_common::perf: frust-perf raw n=1622 total_us=5498 rebuild_us=201 layout_us=0 paint_us=91 encode_us=56 acquire_us=1475 submit_us=3672 skipped=0 gpu_q=1 gpu_total_us=7216 gpu_prepass_us=0 gpu_main_us=7216 gpu_composite_us=0 gpu_blit_us=0
frust_shell_common::perf: frust-perf raw n=1623 total_us=5067 rebuild_us=202 layout_us=0 paint_us=84 encode_us=52 acquire_us=1297 submit_us=3429 skipped=0 gpu_q=1 gpu_total_us=7238 gpu_prepass_us=0 gpu_main_us=7238 gpu_composite_us=0 gpu_blit_us=0
frust_shell_common::perf: frust-perf raw n=1624 total_us=5814 rebuild_us=243 layout_us=0 paint_us=95 encode_us=51 acquire_us=1308 submit_us=4115 skipped=0 gpu_q=1 gpu_total_us=7226 gpu_prepass_us=0 gpu_main_us=7226 gpu_composite_us=0 gpu_blit_us=0
frust_shell_common::perf: frust-perf raw n=1625 total_us=5007 rebuild_us=190 layout_us=0 paint_us=85 encode_us=50 acquire_us=1337 submit_us=3343 skipped=0 gpu_q=1 gpu_total_us=7221 gpu_prepass_us=0 gpu_main_us=7221 gpu_composite_us=0 gpu_blit_us=0
frust_shell_common::perf: frust-perf raw n=1626 total_us=6009 rebuild_us=192 layout_us=0 paint_us=91 encode_us=50 acquire_us=2164 submit_us=3510 skipped=0 gpu_q=1 gpu_total_us=7530 gpu_prepass_us=0 gpu_main_us=7530 gpu_composite_us=0 gpu_blit_us=0
frust_shell_common::perf: frust-perf raw n=1627 total_us=6514 rebuild_us=253 layout_us=0 paint_us=103 encode_us=53 acquire_us=1761 submit_us=4342 skipped=0 gpu_q=1 gpu_total_us=7225 gpu_prepass_us=0 gpu_main_us=7225 gpu_composite_us=0 gpu_blit_us=0
frust_shell_common::perf: frust-perf raw n=1628 total_us=6429 rebuild_us=230 layout_us=0 paint_us=99 encode_us=51 acquire_us=1643 submit_us=4403 skipped=0 gpu_q=1 gpu_total_us=7222 gpu_prepass_us=0 gpu_main_us=7222 gpu_composite_us=0 gpu_blit_us=0
frust_shell_common::perf: bench-scenario-start s3-update
frust_shell_common::perf: frust-perf raw n=1629 total_us=8662 rebuild_us=4027 layout_us=77 paint_us=106 encode_us=53 acquire_us=85 submit_us=4312 skipped=0 gpu_q=1 gpu_total_us=7212 gpu_prepass_us=0 gpu_main_us=7212 gpu_composite_us=0 gpu_blit_us=0
frust_shell_common::perf: bench-scenario-end s3-update
frust_shell_common::perf: frust-perf raw n=1630 total_us=6514 rebuild_us=366 layout_us=0 paint_us=127 encode_us=55 acquire_us=1551 submit_us=4412 skipped=0 gpu_q=1 gpu_total_us=7214 gpu_prepass_us=0 gpu_main_us=7214 gpu_composite_us=0 gpu_blit_us=0
frust_shell_common::perf: frust-perf raw n=1631 total_us=5340 rebuild_us=205 layout_us=0 paint_us=94 encode_us=51 acquire_us=1590 submit_us=3398 skipped=0 gpu_q=1 gpu_total_us=7226 gpu_prepass_us=0 gpu_main_us=7226 gpu_composite_us=0 gpu_blit_us=0
frust_shell_common::perf: frust-perf raw n=1632 total_us=5105 rebuild_us=200 layout_us=0 paint_us=91 encode_us=67 acquire_us=1368 submit_us=3377 skipped=0 gpu_q=1 gpu_total_us=7218 gpu_prepass_us=0 gpu_main_us=7218 gpu_composite_us=0 gpu_blit_us=0
frust_shell_common::perf: frust-perf raw n=1633 total_us=6831 rebuild_us=223 layout_us=0 paint_us=96 encode_us=51 acquire_us=1973 submit_us=4486 skipped=0 gpu_q=1 gpu_total_us=7252 gpu_prepass_us=0 gpu_main_us=7252 gpu_composite_us=0 gpu_blit_us=0
frust_shell_common::perf: frust-perf raw n=1634 total_us=5437 rebuild_us=231 layout_us=0 paint_us=102 encode_us=53 acquire_us=843 submit_us=4206 skipped=0 gpu_q=1 gpu_total_us=7265 gpu_prepass_us=0 gpu_main_us=7265 gpu_composite_us=0 gpu_blit_us=0
frust_shell_common::perf: frust-perf raw n=1635 total_us=6722 rebuild_us=222 layout_us=0 paint_us=96 encode_us=52 acquire_us=1896 submit_us=4453 skipped=0 gpu_q=1 gpu_total_us=7603 gpu_prepass_us=0 gpu_main_us=7603 gpu_composite_us=0 gpu_blit_us=0
frust_shell_common::perf: frust-perf raw n=1636 total_us=6683 rebuild_us=218 layout_us=0 paint_us=96 encode_us=51 acquire_us=2064 submit_us=4252 skipped=0 gpu_q=1 gpu_total_us=7266 gpu_prepass_us=0 gpu_main_us=7266 gpu_composite_us=0 gpu_blit_us=0
frust_shell_common::perf: frust-perf raw n=1637 total_us=5534 rebuild_us=222 layout_us=0 paint_us=95 encode_us=51 acquire_us=882 submit_us=4281 skipped=0 gpu_q=1 gpu_total_us=7254 gpu_prepass_us=0 gpu_main_us=7254 gpu_composite_us=0 gpu_blit_us=0
frust_shell_common::perf: frust-perf raw n=1638 total_us=6139 rebuild_us=225 layout_us=0 paint_us=94 encode_us=52 acquire_us=1391 submit_us=4375 skipped=0 gpu_q=1 gpu_total_us=7256 gpu_prepass_us=0 gpu_main_us=7256 gpu_composite_us=0 gpu_blit_us=0
frust_shell_common::perf: frust-perf raw n=1639 total_us=5077 rebuild_us=229 layout_us=0 paint_us=104 encode_us=56 acquire_us=633 submit_us=4053 skipped=0 gpu_q=1 gpu_total_us=7256 gpu_prepass_us=0 gpu_main_us=7256 gpu_composite_us=0 gpu_blit_us=0
frust_shell_common::perf: frust-perf raw n=1640 total_us=5620 rebuild_us=228 layout_us=0 paint_us=94 encode_us=52 acquire_us=914 submit_us=4330 skipped=0 gpu_q=1 gpu_total_us=7245 gpu_prepass_us=0 gpu_main_us=7245 gpu_composite_us=0 gpu_blit_us=0
frust_shell_common::perf: frust-perf raw n=1641 total_us=6697 rebuild_us=266 layout_us=0 paint_us=98 encode_us=62 acquire_us=1852 submit_us=4416 skipped=0 gpu_q=1 gpu_total_us=7259 gpu_prepass_us=0 gpu_main_us=7259 gpu_composite_us=0 gpu_blit_us=0
frust_shell_common::perf: frust-perf raw n=1642 total_us=7209 rebuild_us=225 layout_us=0 paint_us=98 encode_us=53 acquire_us=2118 submit_us=4713 skipped=0 gpu_q=1 gpu_total_us=7255 gpu_prepass_us=0 gpu_main_us=7255 gpu_composite_us=0 gpu_blit_us=0
frust_shell_common::perf: frust-perf raw n=1643 total_us=5038 rebuild_us=238 layout_us=0 paint_us=129 encode_us=51 acquire_us=614 submit_us=4004 skipped=0 gpu_q=1 gpu_total_us=7258 gpu_prepass_us=0 gpu_main_us=7258 gpu_composite_us=0 gpu_blit_us=0
frust_shell_common::perf: frust-perf raw n=1644 total_us=6725 rebuild_us=222 layout_us=0 paint_us=99 encode_us=60 acquire_us=1937 submit_us=4404 skipped=0 gpu_q=1 gpu_total_us=7569 gpu_prepass_us=0 gpu_main_us=7569 gpu_composite_us=0 gpu_blit_us=0
frust_shell_common::perf: frust-perf raw n=1645 total_us=6508 rebuild_us=231 layout_us=0 paint_us=99 encode_us=54 acquire_us=1895 submit_us=4226 skipped=0 gpu_q=1 gpu_total_us=7251 gpu_prepass_us=0 gpu_main_us=7251 gpu_composite_us=0 gpu_blit_us=0
frust_shell_common::perf: frust-perf raw n=1646 total_us=5313 rebuild_us=228 layout_us=0 paint_us=94 encode_us=52 acquire_us=919 submit_us=4017 skipped=0 gpu_q=1 gpu_total_us=7246 gpu_prepass_us=0 gpu_main_us=7246 gpu_composite_us=0 gpu_blit_us=0
frust_shell_common::perf: frust-perf raw n=1647 total_us=5759 rebuild_us=221 layout_us=0 paint_us=105 encode_us=56 acquire_us=900 submit_us=4474 skipped=0 gpu_q=1 gpu_total_us=7250 gpu_prepass_us=0 gpu_main_us=7250 gpu_composite_us=0 gpu_blit_us=0
frust_shell_common::perf: frust-perf raw n=1648 total_us=5407 rebuild_us=228 layout_us=0 paint_us=99 encode_us=52 acquire_us=879 submit_us=4147 skipped=0 gpu_q=1 gpu_total_us=7254 gpu_prepass_us=0 gpu_main_us=7254 gpu_composite_us=0 gpu_blit_us=0
frust_shell_common::perf: bench-scenario-start s3-swap
frust_shell_common::perf: frust-perf raw n=1649 total_us=8099 rebuild_us=3491 layout_us=72 paint_us=144 encode_us=53 acquire_us=86 submit_us=4251 skipped=0 gpu_q=1 gpu_total_us=7262 gpu_prepass_us=0 gpu_main_us=7262 gpu_composite_us=0 gpu_blit_us=0
frust_shell_common::perf: bench-scenario-end s3-swap
frust_shell_common::perf: frust-perf raw n=1650 total_us=6299 rebuild_us=369 layout_us=0 paint_us=124 encode_us=55 acquire_us=1251 submit_us=4498 skipped=0 gpu_q=1 gpu_total_us=7256 gpu_prepass_us=0 gpu_main_us=7256 gpu_composite_us=0 gpu_blit_us=0
frust_shell_common::perf: frust-perf raw n=1651 total_us=6473 rebuild_us=232 layout_us=0 paint_us=97 encode_us=75 acquire_us=1721 submit_us=4346 skipped=0 gpu_q=1 gpu_total_us=7260 gpu_prepass_us=0 gpu_main_us=7260 gpu_composite_us=0 gpu_blit_us=0
frust_shell_common::perf: frust-perf raw n=1652 total_us=6662 rebuild_us=217 layout_us=0 paint_us=101 encode_us=101 acquire_us=1685 submit_us=4556 skipped=0 gpu_q=1 gpu_total_us=7260 gpu_prepass_us=0 gpu_main_us=7260 gpu_composite_us=0 gpu_blit_us=0
frust_shell_common::perf: frust-perf raw n=1653 total_us=5878 rebuild_us=218 layout_us=0 paint_us=95 encode_us=50 acquire_us=1026 submit_us=4486 skipped=0 gpu_q=1 gpu_total_us=7441 gpu_prepass_us=0 gpu_main_us=7441 gpu_composite_us=0 gpu_blit_us=0
frust_shell_common::perf: frust-perf raw n=1654 total_us=6117 rebuild_us=227 layout_us=0 paint_us=99 encode_us=52 acquire_us=1484 submit_us=4252 skipped=0 gpu_q=1 gpu_total_us=7441 gpu_prepass_us=0 gpu_main_us=7441 gpu_composite_us=0 gpu_blit_us=0
frust_shell_common::perf: frust-perf raw n=1655 total_us=7069 rebuild_us=220 layout_us=0 paint_us=100 encode_us=61 acquire_us=2014 submit_us=4673 skipped=0 gpu_q=1 gpu_total_us=7439 gpu_prepass_us=0 gpu_main_us=7439 gpu_composite_us=0 gpu_blit_us=0
frust_shell_common::perf: frust-perf raw n=1656 total_us=5602 rebuild_us=231 layout_us=0 paint_us=95 encode_us=54 acquire_us=883 submit_us=4336 skipped=0 gpu_q=1 gpu_total_us=7432 gpu_prepass_us=0 gpu_main_us=7432 gpu_composite_us=0 gpu_blit_us=0
frust_shell_common::perf: frust-perf raw n=1657 total_us=7519 rebuild_us=226 layout_us=0 paint_us=99 encode_us=51 acquire_us=1712 submit_us=5428 skipped=0 gpu_q=1 gpu_total_us=7430 gpu_prepass_us=0 gpu_main_us=7430 gpu_composite_us=0 gpu_blit_us=0
frust_shell_common::perf: frust-perf raw n=1658 total_us=5891 rebuild_us=219 layout_us=0 paint_us=98 encode_us=52 acquire_us=1218 submit_us=4302 skipped=0 gpu_q=1 gpu_total_us=7438 gpu_prepass_us=0 gpu_main_us=7438 gpu_composite_us=0 gpu_blit_us=0
frust_shell_common::perf: frust-perf raw n=1659 total_us=5964 rebuild_us=228 layout_us=0 paint_us=100 encode_us=55 acquire_us=1238 submit_us=4340 skipped=0 gpu_q=1 gpu_total_us=7429 gpu_prepass_us=0 gpu_main_us=7429 gpu_composite_us=0 gpu_blit_us=0
frust_shell_common::perf: frust-perf raw n=1660 total_us=6370 rebuild_us=221 layout_us=0 paint_us=97 encode_us=51 acquire_us=1573 submit_us=4425 skipped=0 gpu_q=1 gpu_total_us=7424 gpu_prepass_us=0 gpu_main_us=7424 gpu_composite_us=0 gpu_blit_us=0
frust_shell_common::perf: frust-perf raw n=1661 total_us=5812 rebuild_us=269 layout_us=0 paint_us=92 encode_us=51 acquire_us=1091 submit_us=4307 skipped=0 gpu_q=1 gpu_total_us=7431 gpu_prepass_us=0 gpu_main_us=7431 gpu_composite_us=0 gpu_blit_us=0
frust_shell_common::perf: frust-perf raw n=1662 total_us=6099 rebuild_us=224 layout_us=0 paint_us=93 encode_us=51 acquire_us=1371 submit_us=4358 skipped=0 gpu_q=1 gpu_total_us=7735 gpu_prepass_us=0 gpu_main_us=7735 gpu_composite_us=0 gpu_blit_us=0
frust_shell_common::perf: frust-perf raw n=1663 total_us=6379 rebuild_us=220 layout_us=0 paint_us=98 encode_us=55 acquire_us=1751 submit_us=4254 skipped=0 gpu_q=1 gpu_total_us=7448 gpu_prepass_us=0 gpu_main_us=7448 gpu_composite_us=0 gpu_blit_us=0
frust_shell_common::perf: frust-perf raw n=1664 total_us=6112 rebuild_us=282 layout_us=0 paint_us=100 encode_us=54 acquire_us=1358 submit_us=4315 skipped=0 gpu_q=1 gpu_total_us=7435 gpu_prepass_us=0 gpu_main_us=7435 gpu_composite_us=0 gpu_blit_us=0
frust_shell_common::perf: frust-perf raw n=1665 total_us=5261 rebuild_us=226 layout_us=0 paint_us=100 encode_us=54 acquire_us=674 submit_us=4205 skipped=0 gpu_q=1 gpu_total_us=7455 gpu_prepass_us=0 gpu_main_us=7455 gpu_composite_us=0 gpu_blit_us=0
frust_shell_common::perf: frust-perf raw n=1666 total_us=6409 rebuild_us=226 layout_us=0 paint_us=93 encode_us=58 acquire_us=1737 submit_us=4292 skipped=0 gpu_q=1 gpu_total_us=7468 gpu_prepass_us=0 gpu_main_us=7468 gpu_composite_us=0 gpu_blit_us=0
frust_shell_common::perf: frust-perf raw n=1667 total_us=6459 rebuild_us=268 layout_us=0 paint_us=98 encode_us=55 acquire_us=1445 submit_us=4591 skipped=0 gpu_q=1 gpu_total_us=7448 gpu_prepass_us=0 gpu_main_us=7448 gpu_composite_us=0 gpu_blit_us=0
frust_shell_common::perf: frust-perf raw n=1668 total_us=4618 rebuild_us=252 layout_us=0 paint_us=100 encode_us=54 acquire_us=76 submit_us=4133 skipped=0 gpu_q=1 gpu_total_us=7437 gpu_prepass_us=0 gpu_main_us=7437 gpu_composite_us=0 gpu_blit_us=0
frust_shell_common::perf: bench-scenario-start s3-clear
frust_shell_common::perf: frust-perf raw n=1669 total_us=8085 rebuild_us=5160 layout_us=20 paint_us=26 encode_us=51 acquire_us=107 submit_us=2716 skipped=0 gpu_q=1 gpu_total_us=7442 gpu_prepass_us=0 gpu_main_us=7442 gpu_composite_us=0 gpu_blit_us=0
frust_shell_common::perf: bench-scenario-end s3-clear
frust_shell_common::perf: frust-perf raw n=1670 total_us=4786 rebuild_us=172 layout_us=0 paint_us=37 encode_us=17 acquire_us=2060 submit_us=2499 skipped=0 gpu_q=1 gpu_total_us=7445 gpu_prepass_us=0 gpu_main_us=7445 gpu_composite_us=0 gpu_blit_us=0
frust_shell_common::perf: frust-perf raw n=1671 total_us=4585 rebuild_us=92 layout_us=0 paint_us=29 encode_us=19 acquire_us=2049 submit_us=2394 skipped=0 gpu_q=1 gpu_total_us=7735 gpu_prepass_us=0 gpu_main_us=7735 gpu_composite_us=0 gpu_blit_us=0
frust_shell_common::perf: frust-perf raw n=1672 total_us=5333 rebuild_us=90 layout_us=0 paint_us=29 encode_us=18 acquire_us=2178 submit_us=3014 skipped=0 gpu_q=1 gpu_total_us=7434 gpu_prepass_us=0 gpu_main_us=7434 gpu_composite_us=0 gpu_blit_us=0
frust_shell_common::perf: frust-perf raw n=1673 total_us=4093 rebuild_us=95 layout_us=0 paint_us=31 encode_us=18 acquire_us=1317 submit_us=2629 skipped=0 gpu_q=1 gpu_total_us=3175 gpu_prepass_us=0 gpu_main_us=3175 gpu_composite_us=0 gpu_blit_us=0
frust_shell_common::perf: frust-perf raw n=1674 total_us=4846 rebuild_us=95 layout_us=0 paint_us=30 encode_us=21 acquire_us=2123 submit_us=2575 skipped=0 gpu_q=1 gpu_total_us=3217 gpu_prepass_us=0 gpu_main_us=3217 gpu_composite_us=0 gpu_blit_us=0
frust_shell_common::perf: frust-perf raw n=1675 total_us=4740 rebuild_us=96 layout_us=0 paint_us=30 encode_us=23 acquire_us=1939 submit_us=2649 skipped=0 gpu_q=1 gpu_total_us=3227 gpu_prepass_us=0 gpu_main_us=3227 gpu_composite_us=0 gpu_blit_us=0
frust_shell_common::perf: frust-perf raw n=1676 total_us=4756 rebuild_us=93 layout_us=0 paint_us=31 encode_us=22 acquire_us=2007 submit_us=2600 skipped=0 gpu_q=1 gpu_total_us=3211 gpu_prepass_us=0 gpu_main_us=3211 gpu_composite_us=0 gpu_blit_us=0
frust_shell_common::perf: frust-perf raw n=1677 total_us=4217 rebuild_us=100 layout_us=0 paint_us=31 encode_us=22 acquire_us=1485 submit_us=2578 skipped=0 gpu_q=1 gpu_total_us=3206 gpu_prepass_us=0 gpu_main_us=3206 gpu_composite_us=0 gpu_blit_us=0
frust_shell_common::perf: frust-perf raw n=1678 total_us=4613 rebuild_us=97 layout_us=0 paint_us=31 encode_us=21 acquire_us=1806 submit_us=2656 skipped=0 gpu_q=1 gpu_total_us=3211 gpu_prepass_us=0 gpu_main_us=3211 gpu_composite_us=0 gpu_blit_us=0
frust_shell_common::perf: frust-perf raw n=1679 total_us=4812 rebuild_us=103 layout_us=0 paint_us=33 encode_us=23 acquire_us=1822 submit_us=2829 skipped=0 gpu_q=1 gpu_total_us=3214 gpu_prepass_us=0 gpu_main_us=3214 gpu_composite_us=0 gpu_blit_us=0
frust_shell_common::perf: frust-perf raw n=1680 total_us=3894 rebuild_us=96 layout_us=0 paint_us=31 encode_us=21 acquire_us=1100 submit_us=2643 skipped=0 gpu_q=1 gpu_total_us=3493 gpu_prepass_us=0 gpu_main_us=3493 gpu_composite_us=0 gpu_blit_us=0
frust_shell_common::perf: frust-perf raw n=1681 total_us=4491 rebuild_us=95 layout_us=0 paint_us=30 encode_us=21 acquire_us=1699 submit_us=2643 skipped=0 gpu_q=1 gpu_total_us=3211 gpu_prepass_us=0 gpu_main_us=3211 gpu_composite_us=0 gpu_blit_us=0
frust_shell_common::perf: frust-perf raw n=1682 total_us=4743 rebuild_us=104 layout_us=0 paint_us=31 encode_us=20 acquire_us=2017 submit_us=2570 skipped=0 gpu_q=1 gpu_total_us=3241 gpu_prepass_us=0 gpu_main_us=3241 gpu_composite_us=0 gpu_blit_us=0
frust_shell_common::perf: frust-perf raw n=1683 total_us=5229 rebuild_us=98 layout_us=0 paint_us=35 encode_us=21 acquire_us=2467 submit_us=2606 skipped=0 gpu_q=1 gpu_total_us=3202 gpu_prepass_us=0 gpu_main_us=3202 gpu_composite_us=0 gpu_blit_us=0
frust_shell_common::perf: frust-perf raw n=1684 total_us=4661 rebuild_us=95 layout_us=0 paint_us=30 encode_us=20 acquire_us=1801 submit_us=2712 skipped=0 gpu_q=1 gpu_total_us=3209 gpu_prepass_us=0 gpu_main_us=3209 gpu_composite_us=0 gpu_blit_us=0
frust_shell_common::perf: frust-perf raw n=1685 total_us=4561 rebuild_us=95 layout_us=0 paint_us=31 encode_us=22 acquire_us=1141 submit_us=3270 skipped=0 gpu_q=1 gpu_total_us=3205 gpu_prepass_us=0 gpu_main_us=3205 gpu_composite_us=0 gpu_blit_us=0
frust_shell_common::perf: frust-perf raw n=1686 total_us=5018 rebuild_us=111 layout_us=0 paint_us=38 encode_us=20 acquire_us=1527 submit_us=3319 skipped=0 gpu_q=1 gpu_total_us=3203 gpu_prepass_us=0 gpu_main_us=3203 gpu_composite_us=0 gpu_blit_us=0
frust_shell_common::perf: frust-perf raw n=1687 total_us=4678 rebuild_us=97 layout_us=0 paint_us=31 encode_us=22 acquire_us=1879 submit_us=2646 skipped=0 gpu_q=1 gpu_total_us=3215 gpu_prepass_us=0 gpu_main_us=3215 gpu_composite_us=0 gpu_blit_us=0
frust_shell_common::perf: frust-perf raw n=1688 total_us=4525 rebuild_us=94 layout_us=0 paint_us=31 encode_us=19 acquire_us=1665 submit_us=2713 skipped=0 gpu_q=1 gpu_total_us=3197 gpu_prepass_us=0 gpu_main_us=3197 gpu_composite_us=0 gpu_blit_us=0
frust_shell_common::perf: bench-scenario-start s3-create1k
frust_shell_common::perf: bench-scenario-end s3-create1k
frust_shell_common::perf: frust-perf raw n=1689 total_us=12532 rebuild_us=1187 layout_us=282 paint_us=298 encode_us=46 acquire_us=86 submit_us=10630 skipped=0 gpu_q=1 gpu_total_us=3509 gpu_prepass_us=0 gpu_main_us=3509 gpu_composite_us=0 gpu_blit_us=0
frust_shell_common::perf: frust-perf raw n=1690 total_us=9213 rebuild_us=393 layout_us=0 paint_us=125 encode_us=64 acquire_us=53 submit_us=8574 skipped=0 gpu_q=1 gpu_total_us=3212 gpu_prepass_us=0 gpu_main_us=3212 gpu_composite_us=0 gpu_blit_us=0
frust_shell_common::perf: frust-perf raw n=1691 total_us=10138 rebuild_us=315 layout_us=0 paint_us=176 encode_us=66 acquire_us=1249 submit_us=8329 skipped=0 gpu_q=1 gpu_total_us=3199 gpu_prepass_us=0 gpu_main_us=3199 gpu_composite_us=0 gpu_blit_us=0
frust_shell_common::perf: frust-perf raw n=1692 total_us=9037 rebuild_us=229 layout_us=0 paint_us=97 encode_us=50 acquire_us=1225 submit_us=7432 skipped=0 gpu_q=1 gpu_total_us=3196 gpu_prepass_us=0 gpu_main_us=3196 gpu_composite_us=0 gpu_blit_us=0
frust_shell_common::perf: frust-perf raw n=1693 total_us=9420 rebuild_us=234 layout_us=0 paint_us=98 encode_us=55 acquire_us=1730 submit_us=7300 skipped=0 gpu_q=1 gpu_total_us=4975 gpu_prepass_us=0 gpu_main_us=4975 gpu_composite_us=0 gpu_blit_us=0
frust_shell_common::perf: frust-perf raw n=1694 total_us=12241 rebuild_us=273 layout_us=0 paint_us=105 encode_us=56 acquire_us=3689 submit_us=8115 skipped=0 gpu_q=1 gpu_total_us=4890 gpu_prepass_us=0 gpu_main_us=4890 gpu_composite_us=0 gpu_blit_us=0
frust_shell_common::perf: frust-perf raw n=1695 total_us=10025 rebuild_us=224 layout_us=0 paint_us=97 encode_us=51 acquire_us=2260 submit_us=7390 skipped=0 gpu_q=1 gpu_total_us=4912 gpu_prepass_us=0 gpu_main_us=4912 gpu_composite_us=0 gpu_blit_us=0
frust_shell_common::perf: frust-perf raw n=1696 total_us=8783 rebuild_us=837 layout_us=1 paint_us=432 encode_us=51 acquire_us=65 submit_us=7394 skipped=0 gpu_q=1 gpu_total_us=4910 gpu_prepass_us=0 gpu_main_us=4910 gpu_composite_us=0 gpu_blit_us=0
frust_shell_common::perf: frust-perf raw n=1697 total_us=9713 rebuild_us=293 layout_us=0 paint_us=115 encode_us=54 acquire_us=1817 submit_us=7432 skipped=0 gpu_q=1 gpu_total_us=4911 gpu_prepass_us=0 gpu_main_us=4911 gpu_composite_us=0 gpu_blit_us=0
frust_shell_common::perf: frust-perf raw n=1698 total_us=5406 rebuild_us=211 layout_us=0 paint_us=98 encode_us=50 acquire_us=1689 submit_us=3356 skipped=0 gpu_q=1 gpu_total_us=5242 gpu_prepass_us=0 gpu_main_us=5242 gpu_composite_us=0 gpu_blit_us=0
frust_shell_common::perf: frust-perf raw n=1699 total_us=4795 rebuild_us=202 layout_us=0 paint_us=118 encode_us=45 acquire_us=872 submit_us=3555 skipped=0 gpu_q=1 gpu_total_us=4911 gpu_prepass_us=0 gpu_main_us=4911 gpu_composite_us=0 gpu_blit_us=0
frust_shell_common::perf: frust-perf raw n=1700 total_us=5773 rebuild_us=193 layout_us=0 paint_us=90 encode_us=45 acquire_us=1487 submit_us=3955 skipped=0 gpu_q=1 gpu_total_us=4910 gpu_prepass_us=0 gpu_main_us=4910 gpu_composite_us=0 gpu_blit_us=0
frust_shell_common::perf: frust-perf raw n=1701 total_us=5711 rebuild_us=199 layout_us=0 paint_us=86 encode_us=45 acquire_us=1670 submit_us=3709 skipped=0 gpu_q=1 gpu_total_us=4936 gpu_prepass_us=0 gpu_main_us=4936 gpu_composite_us=0 gpu_blit_us=0
frust_shell_common::perf: frust-perf raw n=1702 total_us=4422 rebuild_us=473 layout_us=0 paint_us=102 encode_us=46 acquire_us=74 submit_us=3725 skipped=0 gpu_q=1 gpu_total_us=8343 gpu_prepass_us=0 gpu_main_us=8343 gpu_composite_us=0 gpu_blit_us=0
frust_shell_common::perf: frust-perf raw n=1703 total_us=5916 rebuild_us=227 layout_us=0 paint_us=102 encode_us=44 acquire_us=1068 submit_us=4472 skipped=0 gpu_q=1 gpu_total_us=8335 gpu_prepass_us=0 gpu_main_us=8335 gpu_composite_us=0 gpu_blit_us=0
frust_shell_common::perf: frust-perf raw n=1704 total_us=5597 rebuild_us=194 layout_us=0 paint_us=85 encode_us=48 acquire_us=1475 submit_us=3793 skipped=0 gpu_q=1 gpu_total_us=8355 gpu_prepass_us=0 gpu_main_us=8355 gpu_composite_us=0 gpu_blit_us=0
frust_shell_common::perf: frust-perf raw n=1705 total_us=5887 rebuild_us=199 layout_us=0 paint_us=86 encode_us=55 acquire_us=1597 submit_us=3947 skipped=0 gpu_q=1 gpu_total_us=8341 gpu_prepass_us=0 gpu_main_us=8341 gpu_composite_us=0 gpu_blit_us=0
frust_shell_common::perf: frust-perf raw n=1706 total_us=6658 rebuild_us=227 layout_us=0 paint_us=95 encode_us=55 acquire_us=1644 submit_us=4634 skipped=0 gpu_q=1 gpu_total_us=8339 gpu_prepass_us=0 gpu_main_us=8339 gpu_composite_us=0 gpu_blit_us=0
frust_shell_common::perf: frust-perf raw n=1707 total_us=4505 rebuild_us=196 layout_us=0 paint_us=86 encode_us=49 acquire_us=549 submit_us=3623 skipped=0 gpu_q=1 gpu_total_us=8356 gpu_prepass_us=0 gpu_main_us=8356 gpu_composite_us=0 gpu_blit_us=0
frust_shell_common::perf: frust-perf raw n=1708 total_us=5481 rebuild_us=259 layout_us=0 paint_us=86 encode_us=51 acquire_us=1376 submit_us=3707 skipped=0 gpu_q=1 gpu_total_us=8350 gpu_prepass_us=0 gpu_main_us=8350 gpu_composite_us=0 gpu_blit_us=0
frust_shell_common::perf: bench-scenario-start s3-create10k
frust_shell_common::perf: bench-scenario-end s3-create10k
frust_shell_common::perf: frust-perf raw n=1709 total_us=11050 rebuild_us=6375 layout_us=211 paint_us=137 encode_us=50 acquire_us=84 submit_us=4190 skipped=0 gpu_q=1 gpu_total_us=8321 gpu_prepass_us=0 gpu_main_us=8321 gpu_composite_us=0 gpu_blit_us=0
frust_shell_common::perf: frust-perf raw n=1710 total_us=8019 rebuild_us=249 layout_us=0 paint_us=85 encode_us=50 acquire_us=2149 submit_us=5484 skipped=0 gpu_q=1 gpu_total_us=8339 gpu_prepass_us=0 gpu_main_us=8339 gpu_composite_us=0 gpu_blit_us=0
frust_shell_common::perf: frust-perf raw n=1711 total_us=6124 rebuild_us=215 layout_us=0 paint_us=97 encode_us=50 acquire_us=1881 submit_us=3878 skipped=0 gpu_q=1 gpu_total_us=8356 gpu_prepass_us=0 gpu_main_us=8356 gpu_composite_us=0 gpu_blit_us=0
frust_shell_common::perf: frust-perf raw n=1712 total_us=4066 rebuild_us=221 layout_us=0 paint_us=94 encode_us=48 acquire_us=375 submit_us=3326 skipped=0 gpu_q=1 gpu_total_us=8316 gpu_prepass_us=0 gpu_main_us=8316 gpu_composite_us=0 gpu_blit_us=0
frust_shell_common::perf: frust-perf raw n=1713 total_us=4883 rebuild_us=199 layout_us=0 paint_us=89 encode_us=146 acquire_us=1104 submit_us=3343 skipped=0 gpu_q=1 gpu_total_us=7258 gpu_prepass_us=0 gpu_main_us=7258 gpu_composite_us=0 gpu_blit_us=0
frust_shell_common::perf: frust-perf raw n=1714 total_us=4771 rebuild_us=510 layout_us=0 paint_us=96 encode_us=53 acquire_us=74 submit_us=4036 skipped=0 gpu_q=1 gpu_total_us=7226 gpu_prepass_us=0 gpu_main_us=7226 gpu_composite_us=0 gpu_blit_us=0
frust_shell_common::perf: frust-perf raw n=1715 total_us=5284 rebuild_us=225 layout_us=0 paint_us=96 encode_us=50 acquire_us=527 submit_us=4384 skipped=0 gpu_q=1 gpu_total_us=4363 gpu_prepass_us=0 gpu_main_us=4363 gpu_composite_us=0 gpu_blit_us=0
frust_shell_common::perf: frust-perf raw n=1716 total_us=5604 rebuild_us=196 layout_us=0 paint_us=87 encode_us=51 acquire_us=1570 submit_us=3698 skipped=0 gpu_q=1 gpu_total_us=4341 gpu_prepass_us=0 gpu_main_us=4341 gpu_composite_us=0 gpu_blit_us=0
frust_shell_common::perf: frust-perf raw n=1717 total_us=4536 rebuild_us=247 layout_us=0 paint_us=93 encode_us=51 acquire_us=764 submit_us=3379 skipped=0 gpu_q=1 gpu_total_us=4324 gpu_prepass_us=0 gpu_main_us=4324 gpu_composite_us=0 gpu_blit_us=0
frust_shell_common::perf: frust-perf raw n=1718 total_us=6561 rebuild_us=248 layout_us=0 paint_us=102 encode_us=52 acquire_us=1751 submit_us=4405 skipped=0 gpu_q=1 gpu_total_us=4311 gpu_prepass_us=0 gpu_main_us=4311 gpu_composite_us=0 gpu_blit_us=0
frust_shell_common::perf: frust-perf raw n=1719 total_us=5125 rebuild_us=223 layout_us=0 paint_us=95 encode_us=83 acquire_us=681 submit_us=4042 skipped=0 gpu_q=1 gpu_total_us=4359 gpu_prepass_us=0 gpu_main_us=4359 gpu_composite_us=0 gpu_blit_us=0
frust_shell_common::perf: frust-perf raw n=1720 total_us=6203 rebuild_us=223 layout_us=0 paint_us=96 encode_us=50 acquire_us=1305 submit_us=4526 skipped=0 gpu_q=1 gpu_total_us=4336 gpu_prepass_us=0 gpu_main_us=4336 gpu_composite_us=0 gpu_blit_us=0
frust_shell_common::perf: frust-perf raw n=1721 total_us=5958 rebuild_us=225 layout_us=0 paint_us=95 encode_us=51 acquire_us=1247 submit_us=4338 skipped=0 gpu_q=1 gpu_total_us=4333 gpu_prepass_us=0 gpu_main_us=4333 gpu_composite_us=0 gpu_blit_us=0
frust_shell_common::perf: frust-perf raw n=1722 total_us=7093 rebuild_us=224 layout_us=0 paint_us=95 encode_us=50 acquire_us=1479 submit_us=5243 skipped=0 gpu_q=1 gpu_total_us=4327 gpu_prepass_us=0 gpu_main_us=4327 gpu_composite_us=0 gpu_blit_us=0
frust_shell_common::perf: frust-perf raw n=1723 total_us=6503 rebuild_us=238 layout_us=0 paint_us=109 encode_us=50 acquire_us=1739 submit_us=4366 skipped=0 gpu_q=1 gpu_total_us=4330 gpu_prepass_us=0 gpu_main_us=4330 gpu_composite_us=0 gpu_blit_us=0
frust_shell_common::perf: frust-perf raw n=1724 total_us=6079 rebuild_us=222 layout_us=0 paint_us=96 encode_us=49 acquire_us=1354 submit_us=4354 skipped=0 gpu_q=1 gpu_total_us=4376 gpu_prepass_us=0 gpu_main_us=4376 gpu_composite_us=0 gpu_blit_us=0
frust_shell_common::perf: frust-perf raw n=1725 total_us=6182 rebuild_us=228 layout_us=0 paint_us=94 encode_us=51 acquire_us=1643 submit_us=4162 skipped=0 gpu_q=1 gpu_total_us=4344 gpu_prepass_us=0 gpu_main_us=4344 gpu_composite_us=0 gpu_blit_us=0
frust_shell_android::app::frame: frust-perf platform-view tail depth=0 target=0 acquire_bound=false frame=1738 expected_present_us=0 acquire_us=1421 period_us=11135
frust_shell_common::perf: frust-perf raw n=1726 total_us=6762 rebuild_us=276 layout_us=0 paint_us=97 encode_us=51 acquire_us=2002 submit_us=4333 skipped=0 gpu_q=1 gpu_total_us=4315 gpu_prepass_us=0 gpu_main_us=4315 gpu_composite_us=0 gpu_blit_us=0
frust_shell_common::perf: frust-perf raw n=1727 total_us=5349 rebuild_us=228 layout_us=0 paint_us=99 encode_us=50 acquire_us=827 submit_us=4142 skipped=0 gpu_q=1 gpu_total_us=4334 gpu_prepass_us=0 gpu_main_us=4334 gpu_composite_us=0 gpu_blit_us=0
frust_shell_common::perf: frust-perf raw n=1728 total_us=4952 rebuild_us=220 layout_us=0 paint_us=94 encode_us=49 acquire_us=588 submit_us=3998 skipped=0 gpu_q=1 gpu_total_us=4328 gpu_prepass_us=0 gpu_main_us=4328 gpu_composite_us=0 gpu_blit_us=0
frust_shell_common::perf: bench-scenario-start s3-update
frust_shell_common::perf: frust-perf raw n=1729 total_us=8547 rebuild_us=3990 layout_us=75 paint_us=100 encode_us=53 acquire_us=87 submit_us=4240 skipped=0 gpu_q=1 gpu_total_us=4330 gpu_prepass_us=0 gpu_main_us=4330 gpu_composite_us=0 gpu_blit_us=0
frust_shell_common::perf: bench-scenario-end s3-update
frust_shell_common::perf: frust-perf raw n=1730 total_us=6516 rebuild_us=399 layout_us=0 paint_us=129 encode_us=76 acquire_us=1207 submit_us=4703 skipped=0 gpu_q=1 gpu_total_us=4317 gpu_prepass_us=0 gpu_main_us=4317 gpu_composite_us=0 gpu_blit_us=0
frust_shell_common::perf: frust-perf raw n=1731 total_us=5378 rebuild_us=222 layout_us=0 paint_us=94 encode_us=52 acquire_us=774 submit_us=4235 skipped=0 gpu_q=1 gpu_total_us=4326 gpu_prepass_us=0 gpu_main_us=4326 gpu_composite_us=0 gpu_blit_us=0
frust_shell_common::perf: frust-perf raw n=1732 total_us=5569 rebuild_us=224 layout_us=0 paint_us=94 encode_us=51 acquire_us=832 submit_us=4365 skipped=0 gpu_q=1 gpu_total_us=4334 gpu_prepass_us=0 gpu_main_us=4334 gpu_composite_us=0 gpu_blit_us=0
frust_shell_common::perf: frust-perf raw n=1733 total_us=6623 rebuild_us=225 layout_us=0 paint_us=94 encode_us=52 acquire_us=1421 submit_us=4828 skipped=0 gpu_q=1 gpu_total_us=4318 gpu_prepass_us=0 gpu_main_us=4318 gpu_composite_us=0 gpu_blit_us=0
frust_shell_common::perf: frust-perf raw n=1734 total_us=5843 rebuild_us=230 layout_us=0 paint_us=103 encode_us=53 acquire_us=1061 submit_us=4393 skipped=0 gpu_q=1 gpu_total_us=4314 gpu_prepass_us=0 gpu_main_us=4314 gpu_composite_us=0 gpu_blit_us=0
frust_shell_common::perf: frust-perf raw n=1735 total_us=5549 rebuild_us=226 layout_us=0 paint_us=95 encode_us=51 acquire_us=1097 submit_us=4078 skipped=0 gpu_q=1 gpu_total_us=4355 gpu_prepass_us=0 gpu_main_us=4355 gpu_composite_us=0 gpu_blit_us=0
frust_shell_common::perf: frust-perf raw n=1736 total_us=6457 rebuild_us=233 layout_us=0 paint_us=95 encode_us=53 acquire_us=1380 submit_us=4694 skipped=0 gpu_q=1 gpu_total_us=4357 gpu_prepass_us=0 gpu_main_us=4357 gpu_composite_us=0 gpu_blit_us=0
frust_shell_common::perf: frust-perf raw n=1737 total_us=5896 rebuild_us=226 layout_us=0 paint_us=144 encode_us=54 acquire_us=1163 submit_us=4307 skipped=0 gpu_q=1 gpu_total_us=4322 gpu_prepass_us=0 gpu_main_us=4322 gpu_composite_us=0 gpu_blit_us=0
frust_shell_common::perf: frust-perf raw n=1738 total_us=5183 rebuild_us=233 layout_us=0 paint_us=96 encode_us=53 acquire_us=745 submit_us=4055 skipped=0 gpu_q=1 gpu_total_us=4351 gpu_prepass_us=0 gpu_main_us=4351 gpu_composite_us=0 gpu_blit_us=0
frust_shell_common::perf: frust-perf raw n=1739 total_us=5614 rebuild_us=240 layout_us=0 paint_us=98 encode_us=53 acquire_us=1089 submit_us=4133 skipped=0 gpu_q=1 gpu_total_us=4346 gpu_prepass_us=0 gpu_main_us=4346 gpu_composite_us=0 gpu_blit_us=0
frust_shell_common::perf: frust-perf raw n=1740 total_us=6273 rebuild_us=275 layout_us=0 paint_us=97 encode_us=53 acquire_us=1410 submit_us=4437 skipped=0 gpu_q=1 gpu_total_us=5064 gpu_prepass_us=0 gpu_main_us=5064 gpu_composite_us=0 gpu_blit_us=0
frust_shell_common::perf: frust-perf raw n=1741 total_us=5517 rebuild_us=231 layout_us=0 paint_us=94 encode_us=52 acquire_us=724 submit_us=4413 skipped=0 gpu_q=1 gpu_total_us=5221 gpu_prepass_us=0 gpu_main_us=5221 gpu_composite_us=0 gpu_blit_us=0
frust_shell_common::perf: frust-perf raw n=1742 total_us=7043 rebuild_us=232 layout_us=0 paint_us=97 encode_us=53 acquire_us=2247 submit_us=4411 skipped=0 gpu_q=1 gpu_total_us=5232 gpu_prepass_us=0 gpu_main_us=5232 gpu_composite_us=0 gpu_blit_us=0
frust_shell_common::perf: frust-perf raw n=1743 total_us=6320 rebuild_us=228 layout_us=0 paint_us=97 encode_us=56 acquire_us=1430 submit_us=4506 skipped=0 gpu_q=1 gpu_total_us=5238 gpu_prepass_us=0 gpu_main_us=5238 gpu_composite_us=0 gpu_blit_us=0
frust_shell_common::perf: frust-perf raw n=1744 total_us=5872 rebuild_us=229 layout_us=0 paint_us=93 encode_us=57 acquire_us=1308 submit_us=4183 skipped=0 gpu_q=1 gpu_total_us=5227 gpu_prepass_us=0 gpu_main_us=5227 gpu_composite_us=0 gpu_blit_us=0
frust_shell_common::perf: frust-perf raw n=1745 total_us=5719 rebuild_us=226 layout_us=0 paint_us=95 encode_us=53 acquire_us=1022 submit_us=4320 skipped=0 gpu_q=1 gpu_total_us=6805 gpu_prepass_us=0 gpu_main_us=6805 gpu_composite_us=0 gpu_blit_us=0
frust_shell_common::perf: frust-perf raw n=1746 total_us=5364 rebuild_us=279 layout_us=0 paint_us=106 encode_us=56 acquire_us=503 submit_us=4418 skipped=0 gpu_q=1 gpu_total_us=7246 gpu_prepass_us=0 gpu_main_us=7246 gpu_composite_us=0 gpu_blit_us=0
frust_shell_common::perf: frust-perf raw n=1747 total_us=6387 rebuild_us=228 layout_us=0 paint_us=101 encode_us=53 acquire_us=1626 submit_us=4376 skipped=0 gpu_q=1 gpu_total_us=7258 gpu_prepass_us=0 gpu_main_us=7258 gpu_composite_us=0 gpu_blit_us=0
frust_shell_common::perf: frust-perf raw n=1748 total_us=6880 rebuild_us=224 layout_us=0 paint_us=94 encode_us=54 acquire_us=1778 submit_us=4728 skipped=0 gpu_q=1 gpu_total_us=7246 gpu_prepass_us=0 gpu_main_us=7246 gpu_composite_us=0 gpu_blit_us=0
frust_shell_common::perf: bench-scenario-start s3-swap
frust_shell_common::perf: frust-perf raw n=1749 total_us=8581 rebuild_us=3996 layout_us=78 paint_us=107 encode_us=56 acquire_us=82 submit_us=4260 skipped=0 gpu_q=1 gpu_total_us=7264 gpu_prepass_us=0 gpu_main_us=7264 gpu_composite_us=0 gpu_blit_us=0
frust_shell_common::perf: bench-scenario-end s3-swap
frust_shell_common::perf: frust-perf raw n=1750 total_us=5608 rebuild_us=301 layout_us=0 paint_us=101 encode_us=63 acquire_us=825 submit_us=4316 skipped=0 gpu_q=1 gpu_total_us=7262 gpu_prepass_us=0 gpu_main_us=7262 gpu_composite_us=0 gpu_blit_us=0
frust_shell_common::perf: frust-perf raw n=1751 total_us=6029 rebuild_us=228 layout_us=0 paint_us=98 encode_us=121 acquire_us=1033 submit_us=4547 skipped=0 gpu_q=1 gpu_total_us=7253 gpu_prepass_us=0 gpu_main_us=7253 gpu_composite_us=0 gpu_blit_us=0
frust_shell_common::perf: frust-perf raw n=1752 total_us=4433 rebuild_us=260 layout_us=0 paint_us=99 encode_us=52 acquire_us=68 submit_us=3951 skipped=0 gpu_q=1 gpu_total_us=7236 gpu_prepass_us=0 gpu_main_us=7236 gpu_composite_us=0 gpu_blit_us=0
frust_shell_common::perf: frust-perf raw n=1753 total_us=5371 rebuild_us=225 layout_us=0 paint_us=95 encode_us=49 acquire_us=909 submit_us=4091 skipped=0 gpu_q=1 gpu_total_us=7429 gpu_prepass_us=0 gpu_main_us=7429 gpu_composite_us=0 gpu_blit_us=0
frust_shell_common::perf: frust-perf raw n=1754 total_us=6532 rebuild_us=242 layout_us=0 paint_us=101 encode_us=50 acquire_us=1474 submit_us=4663 skipped=0 gpu_q=1 gpu_total_us=7460 gpu_prepass_us=0 gpu_main_us=7460 gpu_composite_us=0 gpu_blit_us=0
frust_shell_common::perf: frust-perf raw n=1755 total_us=5213 rebuild_us=260 layout_us=0 paint_us=93 encode_us=50 acquire_us=784 submit_us=4023 skipped=0 gpu_q=1 gpu_total_us=7451 gpu_prepass_us=0 gpu_main_us=7451 gpu_composite_us=0 gpu_blit_us=0
frust_shell_common::perf: frust-perf raw n=1756 total_us=5990 rebuild_us=223 layout_us=0 paint_us=96 encode_us=52 acquire_us=1322 submit_us=4294 skipped=0 gpu_q=1 gpu_total_us=7425 gpu_prepass_us=0 gpu_main_us=7425 gpu_composite_us=0 gpu_blit_us=0
frust_shell_common::perf: frust-perf raw n=1757 total_us=6485 rebuild_us=245 layout_us=0 paint_us=100 encode_us=91 acquire_us=1286 submit_us=4762 skipped=0 gpu_q=1 gpu_total_us=7439 gpu_prepass_us=0 gpu_main_us=7439 gpu_composite_us=0 gpu_blit_us=0
frust_shell_common::perf: frust-perf raw n=1758 total_us=5882 rebuild_us=221 layout_us=0 paint_us=143 encode_us=53 acquire_us=1293 submit_us=4170 skipped=0 gpu_q=1 gpu_total_us=7417 gpu_prepass_us=0 gpu_main_us=7417 gpu_composite_us=0 gpu_blit_us=0
frust_shell_common::perf: frust-perf raw n=1759 total_us=6127 rebuild_us=235 layout_us=0 paint_us=97 encode_us=52 acquire_us=1523 submit_us=4216 skipped=0 gpu_q=1 gpu_total_us=7446 gpu_prepass_us=0 gpu_main_us=7446 gpu_composite_us=0 gpu_blit_us=0
frust_shell_common::perf: frust-perf raw n=1760 total_us=6313 rebuild_us=248 layout_us=0 paint_us=107 encode_us=51 acquire_us=1276 submit_us=4629 skipped=0 gpu_q=1 gpu_total_us=7434 gpu_prepass_us=0 gpu_main_us=7434 gpu_composite_us=0 gpu_blit_us=0
frust_shell_common::perf: frust-perf raw n=1761 total_us=5643 rebuild_us=234 layout_us=46 paint_us=99 encode_us=50 acquire_us=1105 submit_us=4107 skipped=0 gpu_q=1 gpu_total_us=7436 gpu_prepass_us=0 gpu_main_us=7436 gpu_composite_us=0 gpu_blit_us=0
frust_shell_common::perf: frust-perf raw n=1762 total_us=6536 rebuild_us=233 layout_us=0 paint_us=94 encode_us=54 acquire_us=1916 submit_us=4238 skipped=0 gpu_q=1 gpu_total_us=7439 gpu_prepass_us=0 gpu_main_us=7439 gpu_composite_us=0 gpu_blit_us=0
frust_shell_common::perf: frust-perf raw n=1763 total_us=5561 rebuild_us=245 layout_us=0 paint_us=100 encode_us=50 acquire_us=710 submit_us=4454 skipped=0 gpu_q=1 gpu_total_us=7441 gpu_prepass_us=0 gpu_main_us=7441 gpu_composite_us=0 gpu_blit_us=0
frust_shell_common::perf: frust-perf raw n=1764 total_us=5044 rebuild_us=226 layout_us=0 paint_us=94 encode_us=52 acquire_us=598 submit_us=4072 skipped=0 gpu_q=1 gpu_total_us=7438 gpu_prepass_us=0 gpu_main_us=7438 gpu_composite_us=0 gpu_blit_us=0
frust_shell_common::perf: frust-perf raw n=1765 total_us=6215 rebuild_us=232 layout_us=0 paint_us=95 encode_us=53 acquire_us=1024 submit_us=4809 skipped=0 gpu_q=1 gpu_total_us=7449 gpu_prepass_us=0 gpu_main_us=7449 gpu_composite_us=0 gpu_blit_us=0
frust_shell_common::perf: frust-perf raw n=1766 total_us=6671 rebuild_us=232 layout_us=0 paint_us=97 encode_us=53 acquire_us=1882 submit_us=4406 skipped=0 gpu_q=1 gpu_total_us=7445 gpu_prepass_us=0 gpu_main_us=7445 gpu_composite_us=0 gpu_blit_us=0
frust_shell_common::perf: frust-perf raw n=1767 total_us=6599 rebuild_us=270 layout_us=0 paint_us=92 encode_us=53 acquire_us=1768 submit_us=4413 skipped=0 gpu_q=1 gpu_total_us=7426 gpu_prepass_us=0 gpu_main_us=7426 gpu_composite_us=0 gpu_blit_us=0
frust_shell_common::perf: frust-perf raw n=1768 total_us=6589 rebuild_us=243 layout_us=0 paint_us=99 encode_us=50 acquire_us=1490 submit_us=4704 skipped=0 gpu_q=1 gpu_total_us=7446 gpu_prepass_us=0 gpu_main_us=7446 gpu_composite_us=0 gpu_blit_us=0
frust_shell_common::perf: bench-scenario-start s3-clear
frust_shell_common::perf: frust-perf raw n=1769 total_us=7858 rebuild_us=4880 layout_us=20 paint_us=25 encode_us=40 acquire_us=88 submit_us=2803 skipped=0 gpu_q=1 gpu_total_us=7441 gpu_prepass_us=0 gpu_main_us=7441 gpu_composite_us=0 gpu_blit_us=0
frust_shell_common::perf: bench-scenario-end s3-clear
frust_shell_common::perf: frust-perf raw n=1770 total_us=4699 rebuild_us=135 layout_us=0 paint_us=29 encode_us=21 acquire_us=2003 submit_us=2508 skipped=0 gpu_q=1 gpu_total_us=7443 gpu_prepass_us=0 gpu_main_us=7443 gpu_composite_us=0 gpu_blit_us=0
frust_shell_common::perf: frust-perf raw n=1771 total_us=4338 rebuild_us=112 layout_us=0 paint_us=31 encode_us=17 acquire_us=1749 submit_us=2426 skipped=0 gpu_q=1 gpu_total_us=7467 gpu_prepass_us=0 gpu_main_us=7467 gpu_composite_us=0 gpu_blit_us=0
frust_shell_common::perf: frust-perf raw n=1772 total_us=4242 rebuild_us=90 layout_us=0 paint_us=29 encode_us=19 acquire_us=1593 submit_us=2509 skipped=0 gpu_q=1 gpu_total_us=7459 gpu_prepass_us=0 gpu_main_us=7459 gpu_composite_us=0 gpu_blit_us=0
frust_shell_common::perf: frust-perf raw n=1773 total_us=4541 rebuild_us=90 layout_us=0 paint_us=29 encode_us=19 acquire_us=1766 submit_us=2636 skipped=0 gpu_q=1 gpu_total_us=3190 gpu_prepass_us=0 gpu_main_us=3190 gpu_composite_us=0 gpu_blit_us=0
frust_shell_common::perf: frust-perf raw n=1774 total_us=4777 rebuild_us=94 layout_us=0 paint_us=31 encode_us=18 acquire_us=2042 submit_us=2589 skipped=0 gpu_q=1 gpu_total_us=3209 gpu_prepass_us=0 gpu_main_us=3209 gpu_composite_us=0 gpu_blit_us=0
frust_shell_common::perf: frust-perf raw n=1775 total_us=4546 rebuild_us=94 layout_us=0 paint_us=32 encode_us=18 acquire_us=1681 submit_us=2718 skipped=0 gpu_q=1 gpu_total_us=3212 gpu_prepass_us=0 gpu_main_us=3212 gpu_composite_us=0 gpu_blit_us=0
frust_shell_common::perf: frust-perf raw n=1776 total_us=4660 rebuild_us=96 layout_us=0 paint_us=31 encode_us=17 acquire_us=1829 submit_us=2683 skipped=0 gpu_q=1 gpu_total_us=3202 gpu_prepass_us=0 gpu_main_us=3202 gpu_composite_us=0 gpu_blit_us=0
frust_shell_common::perf: frust-perf raw n=1777 total_us=4802 rebuild_us=95 layout_us=0 paint_us=32 encode_us=21 acquire_us=2042 submit_us=2610 skipped=0 gpu_q=1 gpu_total_us=3212 gpu_prepass_us=0 gpu_main_us=3212 gpu_composite_us=0 gpu_blit_us=0
frust_shell_common::perf: frust-perf raw n=1778 total_us=4411 rebuild_us=95 layout_us=0 paint_us=31 encode_us=26 acquire_us=1643 submit_us=2612 skipped=0 gpu_q=1 gpu_total_us=3214 gpu_prepass_us=0 gpu_main_us=3214 gpu_composite_us=0 gpu_blit_us=0
frust_shell_common::perf: frust-perf raw n=1779 total_us=4715 rebuild_us=94 layout_us=0 paint_us=30 encode_us=21 acquire_us=1938 submit_us=2628 skipped=0 gpu_q=1 gpu_total_us=3212 gpu_prepass_us=0 gpu_main_us=3212 gpu_composite_us=0 gpu_blit_us=0
frust_shell_common::perf: frust-perf raw n=1780 total_us=4399 rebuild_us=96 layout_us=0 paint_us=30 encode_us=20 acquire_us=1691 submit_us=2559 skipped=0 gpu_q=1 gpu_total_us=3204 gpu_prepass_us=0 gpu_main_us=3204 gpu_composite_us=0 gpu_blit_us=0
frust_shell_common::perf: frust-perf raw n=1781 total_us=4441 rebuild_us=97 layout_us=0 paint_us=89 encode_us=22 acquire_us=1619 submit_us=2613 skipped=0 gpu_q=1 gpu_total_us=3215 gpu_prepass_us=0 gpu_main_us=3215 gpu_composite_us=0 gpu_blit_us=0
frust_shell_common::perf: frust-perf raw n=1782 total_us=4292 rebuild_us=95 layout_us=0 paint_us=31 encode_us=21 acquire_us=1476 submit_us=2666 skipped=0 gpu_q=1 gpu_total_us=3203 gpu_prepass_us=0 gpu_main_us=3203 gpu_composite_us=0 gpu_blit_us=0
frust_shell_common::perf: frust-perf raw n=1783 total_us=4537 rebuild_us=94 layout_us=0 paint_us=31 encode_us=22 acquire_us=1710 submit_us=2678 skipped=0 gpu_q=1 gpu_total_us=3206 gpu_prepass_us=0 gpu_main_us=3206 gpu_composite_us=0 gpu_blit_us=0
frust_shell_common::perf: frust-perf raw n=1784 total_us=4472 rebuild_us=97 layout_us=0 paint_us=31 encode_us=22 acquire_us=1631 submit_us=2689 skipped=0 gpu_q=1 gpu_total_us=3202 gpu_prepass_us=0 gpu_main_us=3202 gpu_composite_us=0 gpu_blit_us=0
frust_shell_common::perf: frust-perf raw n=1785 total_us=4508 rebuild_us=94 layout_us=0 paint_us=31 encode_us=21 acquire_us=1642 submit_us=2718 skipped=0 gpu_q=1 gpu_total_us=3208 gpu_prepass_us=0 gpu_main_us=3208 gpu_composite_us=0 gpu_blit_us=0
frust_shell_common::perf: frust-perf raw n=1786 total_us=4187 rebuild_us=96 layout_us=0 paint_us=31 encode_us=22 acquire_us=1432 submit_us=2604 skipped=0 gpu_q=1 gpu_total_us=3219 gpu_prepass_us=0 gpu_main_us=3219 gpu_composite_us=0 gpu_blit_us=0
frust_shell_common::perf: frust-perf raw n=1787 total_us=5031 rebuild_us=91 layout_us=0 paint_us=32 encode_us=27 acquire_us=2262 submit_us=2617 skipped=0 gpu_q=1 gpu_total_us=3203 gpu_prepass_us=0 gpu_main_us=3203 gpu_composite_us=0 gpu_blit_us=0
frust_shell_common::perf: frust-perf raw n=1788 total_us=4995 rebuild_us=237 layout_us=1 paint_us=109 encode_us=20 acquire_us=2054 submit_us=2572 skipped=0 gpu_q=1 gpu_total_us=3204 gpu_prepass_us=0 gpu_main_us=3204 gpu_composite_us=0 gpu_blit_us=0
frust_shell_common::perf: bench-scenario-start s3-create1k
frust_shell_common::perf: bench-scenario-end s3-create1k
frust_shell_common::perf: frust-perf raw n=1789 total_us=14589 rebuild_us=3562 layout_us=1441 paint_us=1086 encode_us=43 acquire_us=80 submit_us=8374 skipped=0 gpu_q=1 gpu_total_us=3201 gpu_prepass_us=0 gpu_main_us=3201 gpu_composite_us=0 gpu_blit_us=0
frust_shell_common::perf: frust-perf raw n=1790 total_us=8708 rebuild_us=317 layout_us=0 paint_us=113 encode_us=59 acquire_us=50 submit_us=8167 skipped=0 gpu_q=1 gpu_total_us=3215 gpu_prepass_us=0 gpu_main_us=3215 gpu_composite_us=0 gpu_blit_us=0
frust_shell_common::perf: frust-perf raw n=1791 total_us=9904 rebuild_us=260 layout_us=0 paint_us=118 encode_us=55 acquire_us=1275 submit_us=8193 skipped=0 gpu_q=1 gpu_total_us=3271 gpu_prepass_us=0 gpu_main_us=3271 gpu_composite_us=0 gpu_blit_us=0
frust_shell_common::perf: frust-perf raw n=1792 total_us=11172 rebuild_us=270 layout_us=0 paint_us=117 encode_us=45 acquire_us=1755 submit_us=8982 skipped=0 gpu_q=1 gpu_total_us=3202 gpu_prepass_us=0 gpu_main_us=3202 gpu_composite_us=0 gpu_blit_us=0
frust_shell_common::perf: frust-perf raw n=1793 total_us=10265 rebuild_us=271 layout_us=0 paint_us=113 encode_us=57 acquire_us=1361 submit_us=8460 skipped=0 gpu_q=1 gpu_total_us=5056 gpu_prepass_us=0 gpu_main_us=5056 gpu_composite_us=0 gpu_blit_us=0
frust_shell_common::perf: frust-perf raw n=1794 total_us=8603 rebuild_us=260 layout_us=0 paint_us=107 encode_us=51 acquire_us=755 submit_us=7427 skipped=0 gpu_q=1 gpu_total_us=4949 gpu_prepass_us=0 gpu_main_us=4949 gpu_composite_us=0 gpu_blit_us=0
frust_shell_common::perf: frust-perf raw n=1795 total_us=8219 rebuild_us=222 layout_us=0 paint_us=99 encode_us=52 acquire_us=1492 submit_us=6352 skipped=0 gpu_q=1 gpu_total_us=4902 gpu_prepass_us=0 gpu_main_us=4902 gpu_composite_us=0 gpu_blit_us=0
frust_shell_common::perf: frust-perf raw n=1796 total_us=7058 rebuild_us=251 layout_us=0 paint_us=78 encode_us=40 acquire_us=872 submit_us=5815 skipped=0 gpu_q=1 gpu_total_us=4899 gpu_prepass_us=0 gpu_main_us=4899 gpu_composite_us=0 gpu_blit_us=0
frust_shell_common::perf: frust-perf raw n=1797 total_us=7504 rebuild_us=219 layout_us=0 paint_us=97 encode_us=43 acquire_us=1316 submit_us=5826 skipped=0 gpu_q=1 gpu_total_us=4894 gpu_prepass_us=0 gpu_main_us=4894 gpu_composite_us=0 gpu_blit_us=0
frust_shell_common::perf: frust-perf raw n=1798 total_us=6036 rebuild_us=196 layout_us=0 paint_us=83 encode_us=40 acquire_us=1317 submit_us=4398 skipped=0 gpu_q=1 gpu_total_us=4897 gpu_prepass_us=0 gpu_main_us=4897 gpu_composite_us=0 gpu_blit_us=0
frust_shell_common::perf: frust-perf raw n=1799 total_us=5040 rebuild_us=219 layout_us=0 paint_us=84 encode_us=42 acquire_us=1184 submit_us=3510 skipped=0 gpu_q=1 gpu_total_us=4899 gpu_prepass_us=0 gpu_main_us=4899 gpu_composite_us=0 gpu_blit_us=0
frust_shell_common::perf: frust-perf raw n=1800 total_us=5381 rebuild_us=193 layout_us=0 paint_us=85 encode_us=44 acquire_us=1431 submit_us=3626 skipped=0 gpu_q=1 gpu_total_us=4959 gpu_prepass_us=0 gpu_main_us=4959 gpu_composite_us=0 gpu_blit_us=0
frust_shell_common::perf: frust-perf raw n=1801 total_us=6138 rebuild_us=193 layout_us=0 paint_us=89 encode_us=48 acquire_us=1502 submit_us=4304 skipped=0 gpu_q=1 gpu_total_us=4893 gpu_prepass_us=0 gpu_main_us=4893 gpu_composite_us=0 gpu_blit_us=0
frust_shell_common::perf: frust-perf raw n=1802 total_us=4847 rebuild_us=240 layout_us=0 paint_us=85 encode_us=47 acquire_us=942 submit_us=3530 skipped=0 gpu_q=1 gpu_total_us=8744 gpu_prepass_us=427 gpu_main_us=8317 gpu_composite_us=0 gpu_blit_us=0
frust_shell_common::perf: frust-perf raw n=1803 total_us=5330 rebuild_us=190 layout_us=0 paint_us=83 encode_us=43 acquire_us=1421 submit_us=3591 skipped=0 gpu_q=1 gpu_total_us=8342 gpu_prepass_us=0 gpu_main_us=8342 gpu_composite_us=0 gpu_blit_us=0
frust_shell_common::perf: frust-perf raw n=1804 total_us=5576 rebuild_us=195 layout_us=0 paint_us=85 encode_us=47 acquire_us=1702 submit_us=3547 skipped=0 gpu_q=1 gpu_total_us=8360 gpu_prepass_us=0 gpu_main_us=8360 gpu_composite_us=0 gpu_blit_us=0
frust_shell_common::perf: frust-perf raw n=1805 total_us=7053 rebuild_us=195 layout_us=0 paint_us=132 encode_us=53 acquire_us=2722 submit_us=3949 skipped=0 gpu_q=1 gpu_total_us=8353 gpu_prepass_us=0 gpu_main_us=8353 gpu_composite_us=0 gpu_blit_us=0
frust_shell_common::perf: frust-perf raw n=1806 total_us=6442 rebuild_us=195 layout_us=0 paint_us=84 encode_us=48 acquire_us=1672 submit_us=4441 skipped=0 gpu_q=1 gpu_total_us=8348 gpu_prepass_us=0 gpu_main_us=8348 gpu_composite_us=0 gpu_blit_us=0
frust_shell_common::perf: frust-perf raw n=1807 total_us=5353 rebuild_us=192 layout_us=0 paint_us=84 encode_us=45 acquire_us=1436 submit_us=3593 skipped=0 gpu_q=1 gpu_total_us=8367 gpu_prepass_us=0 gpu_main_us=8367 gpu_composite_us=0 gpu_blit_us=0
frust_shell_common::perf: frust-perf raw n=1808 total_us=7072 rebuild_us=191 layout_us=0 paint_us=90 encode_us=43 acquire_us=2322 submit_us=4422 skipped=0 gpu_q=1 gpu_total_us=8358 gpu_prepass_us=0 gpu_main_us=8358 gpu_composite_us=0 gpu_blit_us=0
frust_shell_common::perf: bench-scenario-start s3-create10k
frust_shell_common::perf: frust-perf raw n=1809 total_us=9162 rebuild_us=5020 layout_us=186 paint_us=167 encode_us=59 acquire_us=90 submit_us=3637 skipped=0 gpu_q=1 gpu_total_us=8333 gpu_prepass_us=0 gpu_main_us=8333 gpu_composite_us=0 gpu_blit_us=0
frust_shell_common::perf: bench-scenario-end s3-create10k
frust_shell_common::perf: frust-perf raw n=1810 total_us=6336 rebuild_us=244 layout_us=0 paint_us=84 encode_us=53 acquire_us=1775 submit_us=4178 skipped=0 gpu_q=1 gpu_total_us=8338 gpu_prepass_us=0 gpu_main_us=8338 gpu_composite_us=0 gpu_blit_us=0
frust_shell_common::perf: frust-perf raw n=1811 total_us=4976 rebuild_us=195 layout_us=0 paint_us=84 encode_us=47 acquire_us=1302 submit_us=3346 skipped=0 gpu_q=1 gpu_total_us=8349 gpu_prepass_us=0 gpu_main_us=8349 gpu_composite_us=0 gpu_blit_us=0
frust_shell_common::perf: frust-perf raw n=1812 total_us=5112 rebuild_us=187 layout_us=0 paint_us=82 encode_us=46 acquire_us=1461 submit_us=3334 skipped=0 gpu_q=1 gpu_total_us=8315 gpu_prepass_us=0 gpu_main_us=8315 gpu_composite_us=0 gpu_blit_us=0
frust_shell_common::perf: frust-perf raw n=1813 total_us=5380 rebuild_us=198 layout_us=0 paint_us=83 encode_us=46 acquire_us=1667 submit_us=3383 skipped=0 gpu_q=1 gpu_total_us=7213 gpu_prepass_us=0 gpu_main_us=7213 gpu_composite_us=0 gpu_blit_us=0
frust_shell_common::perf: frust-perf raw n=1814 total_us=5264 rebuild_us=254 layout_us=0 paint_us=91 encode_us=51 acquire_us=1528 submit_us=3338 skipped=0 gpu_q=1 gpu_total_us=7222 gpu_prepass_us=0 gpu_main_us=7222 gpu_composite_us=0 gpu_blit_us=0
frust_shell_common::perf: frust-perf raw n=1815 total_us=7155 rebuild_us=195 layout_us=0 paint_us=83 encode_us=46 acquire_us=1963 submit_us=4866 skipped=0 gpu_q=1 gpu_total_us=7210 gpu_prepass_us=0 gpu_main_us=7210 gpu_composite_us=0 gpu_blit_us=0
frust_shell_common::perf: frust-perf raw n=1816 total_us=5299 rebuild_us=186 layout_us=0 paint_us=83 encode_us=51 acquire_us=1551 submit_us=3427 skipped=0 gpu_q=1 gpu_total_us=7213 gpu_prepass_us=0 gpu_main_us=7213 gpu_composite_us=0 gpu_blit_us=0
frust_shell_common::perf: frust-perf raw n=1817 total_us=5347 rebuild_us=195 layout_us=0 paint_us=85 encode_us=49 acquire_us=1738 submit_us=3278 skipped=0 gpu_q=1 gpu_total_us=7214 gpu_prepass_us=0 gpu_main_us=7214 gpu_composite_us=0 gpu_blit_us=0
frust_shell_common::perf: frust-perf raw n=1818 total_us=6044 rebuild_us=223 layout_us=0 paint_us=114 encode_us=49 acquire_us=1571 submit_us=4085 skipped=0 gpu_q=1 gpu_total_us=7252 gpu_prepass_us=0 gpu_main_us=7252 gpu_composite_us=0 gpu_blit_us=0
frust_shell_common::perf: frust-perf raw n=1819 total_us=4954 rebuild_us=194 layout_us=0 paint_us=88 encode_us=53 acquire_us=1316 submit_us=3301 skipped=0 gpu_q=1 gpu_total_us=7271 gpu_prepass_us=0 gpu_main_us=7271 gpu_composite_us=0 gpu_blit_us=0
frust_shell_common::perf: frust-perf raw n=1820 total_us=4956 rebuild_us=191 layout_us=0 paint_us=82 encode_us=47 acquire_us=1263 submit_us=3371 skipped=0 gpu_q=1 gpu_total_us=7211 gpu_prepass_us=0 gpu_main_us=7211 gpu_composite_us=0 gpu_blit_us=0
frust_shell_common::perf: frust-perf raw n=1821 total_us=6906 rebuild_us=238 layout_us=0 paint_us=94 encode_us=49 acquire_us=2257 submit_us=4265 skipped=0 gpu_q=1 gpu_total_us=7252 gpu_prepass_us=0 gpu_main_us=7252 gpu_composite_us=0 gpu_blit_us=0
frust_shell_common::perf: frust-perf raw n=1822 total_us=6295 rebuild_us=222 layout_us=0 paint_us=92 encode_us=50 acquire_us=1633 submit_us=4297 skipped=0 gpu_q=1 gpu_total_us=7239 gpu_prepass_us=0 gpu_main_us=7239 gpu_composite_us=0 gpu_blit_us=0
frust_shell_common::perf: frust-perf raw n=1823 total_us=5755 rebuild_us=220 layout_us=0 paint_us=92 encode_us=48 acquire_us=1312 submit_us=4081 skipped=0 gpu_q=1 gpu_total_us=7220 gpu_prepass_us=0 gpu_main_us=7220 gpu_composite_us=0 gpu_blit_us=0
frust_shell_common::perf: frust-perf raw n=1824 total_us=6519 rebuild_us=221 layout_us=0 paint_us=98 encode_us=48 acquire_us=1851 submit_us=4300 skipped=0 gpu_q=1 gpu_total_us=7219 gpu_prepass_us=0 gpu_main_us=7219 gpu_composite_us=0 gpu_blit_us=0
frust_shell_common::perf: frust-perf raw n=1825 total_us=5071 rebuild_us=225 layout_us=0 paint_us=95 encode_us=49 acquire_us=706 submit_us=3994 skipped=0 gpu_q=1 gpu_total_us=7207 gpu_prepass_us=0 gpu_main_us=7207 gpu_composite_us=0 gpu_blit_us=0
frust_shell_common::perf: frust-perf raw n=1826 total_us=4450 rebuild_us=222 layout_us=0 paint_us=98 encode_us=54 acquire_us=70 submit_us=4004 skipped=0 gpu_q=1 gpu_total_us=7212 gpu_prepass_us=0 gpu_main_us=7212 gpu_composite_us=0 gpu_blit_us=0
frust_shell_common::perf: frust-perf raw n=1827 total_us=6183 rebuild_us=297 layout_us=0 paint_us=125 encode_us=49 acquire_us=1021 submit_us=4688 skipped=0 gpu_q=1 gpu_total_us=7209 gpu_prepass_us=0 gpu_main_us=7209 gpu_composite_us=0 gpu_blit_us=0
frust_shell_common::perf: frust-perf raw n=1828 total_us=5955 rebuild_us=224 layout_us=0 paint_us=96 encode_us=49 acquire_us=1352 submit_us=4233 skipped=0 gpu_q=1 gpu_total_us=7204 gpu_prepass_us=0 gpu_main_us=7204 gpu_composite_us=0 gpu_blit_us=0
frust_shell_common::perf: bench-scenario-start s3-update
frust_shell_common::perf: frust-perf raw n=1829 total_us=8405 rebuild_us=3861 layout_us=75 paint_us=104 encode_us=53 acquire_us=87 submit_us=4224 skipped=0 gpu_q=1 gpu_total_us=7234 gpu_prepass_us=0 gpu_main_us=7234 gpu_composite_us=0 gpu_blit_us=0
frust_shell_common::perf: bench-scenario-end s3-update
frust_shell_common::perf: frust-perf raw n=1830 total_us=6668 rebuild_us=367 layout_us=0 paint_us=123 encode_us=51 acquire_us=1423 submit_us=4701 skipped=0 gpu_q=1 gpu_total_us=7214 gpu_prepass_us=0 gpu_main_us=7214 gpu_composite_us=0 gpu_blit_us=0
frust_shell_common::perf: frust-perf raw n=1831 total_us=6837 rebuild_us=220 layout_us=0 paint_us=97 encode_us=52 acquire_us=2154 submit_us=4312 skipped=0 gpu_q=1 gpu_total_us=7228 gpu_prepass_us=0 gpu_main_us=7228 gpu_composite_us=0 gpu_blit_us=0
frust_shell_common::perf: frust-perf raw n=1832 total_us=5822 rebuild_us=219 layout_us=0 paint_us=92 encode_us=47 acquire_us=1109 submit_us=4353 skipped=0 gpu_q=1 gpu_total_us=7204 gpu_prepass_us=0 gpu_main_us=7204 gpu_composite_us=0 gpu_blit_us=0
frust_shell_common::perf: frust-perf raw n=1833 total_us=7056 rebuild_us=219 layout_us=0 paint_us=97 encode_us=48 acquire_us=2075 submit_us=4614 skipped=0 gpu_q=1 gpu_total_us=7222 gpu_prepass_us=0 gpu_main_us=7222 gpu_composite_us=0 gpu_blit_us=0
frust_shell_common::perf: frust-perf raw n=1834 total_us=6021 rebuild_us=254 layout_us=0 paint_us=99 encode_us=49 acquire_us=1312 submit_us=4305 skipped=0 gpu_q=1 gpu_total_us=7253 gpu_prepass_us=0 gpu_main_us=7253 gpu_composite_us=0 gpu_blit_us=0
frust_shell_common::perf: frust-perf raw n=1835 total_us=5838 rebuild_us=222 layout_us=0 paint_us=98 encode_us=55 acquire_us=834 submit_us=4626 skipped=0 gpu_q=1 gpu_total_us=7246 gpu_prepass_us=0 gpu_main_us=7246 gpu_composite_us=0 gpu_blit_us=0
frust_shell_common::perf: frust-perf raw n=1836 total_us=7157 rebuild_us=222 layout_us=0 paint_us=99 encode_us=49 acquire_us=2186 submit_us=4598 skipped=0 gpu_q=1 gpu_total_us=7246 gpu_prepass_us=0 gpu_main_us=7246 gpu_composite_us=0 gpu_blit_us=0
frust_shell_common::perf: frust-perf raw n=1837 total_us=6941 rebuild_us=221 layout_us=0 paint_us=98 encode_us=47 acquire_us=1970 submit_us=4603 skipped=0 gpu_q=1 gpu_total_us=7239 gpu_prepass_us=0 gpu_main_us=7239 gpu_composite_us=0 gpu_blit_us=0
frust_shell_common::perf: frust-perf raw n=1838 total_us=6212 rebuild_us=220 layout_us=0 paint_us=93 encode_us=51 acquire_us=1377 submit_us=4469 skipped=0 gpu_q=1 gpu_total_us=7294 gpu_prepass_us=0 gpu_main_us=7294 gpu_composite_us=0 gpu_blit_us=0
frust_shell_common::perf: frust-perf raw n=1839 total_us=7464 rebuild_us=223 layout_us=0 paint_us=99 encode_us=52 acquire_us=2458 submit_us=4630 skipped=0 gpu_q=1 gpu_total_us=7368 gpu_prepass_us=0 gpu_main_us=7368 gpu_composite_us=0 gpu_blit_us=0
frust_shell_common::perf: frust-perf raw n=1840 total_us=6183 rebuild_us=295 layout_us=0 paint_us=94 encode_us=48 acquire_us=865 submit_us=4879 skipped=0 gpu_q=1 gpu_total_us=7310 gpu_prepass_us=0 gpu_main_us=7310 gpu_composite_us=0 gpu_blit_us=0
frust_shell_common::perf: frust-perf raw n=1841 total_us=5407 rebuild_us=221 layout_us=0 paint_us=95 encode_us=49 acquire_us=715 submit_us=4324 skipped=0 gpu_q=1 gpu_total_us=7326 gpu_prepass_us=0 gpu_main_us=7326 gpu_composite_us=0 gpu_blit_us=0
frust_shell_common::perf: frust-perf raw n=1842 total_us=7183 rebuild_us=227 layout_us=0 paint_us=100 encode_us=50 acquire_us=1206 submit_us=5598 skipped=0 gpu_q=1 gpu_total_us=7369 gpu_prepass_us=0 gpu_main_us=7369 gpu_composite_us=0 gpu_blit_us=0
frust_shell_common::perf: frust-perf raw n=1843 total_us=6066 rebuild_us=261 layout_us=0 paint_us=96 encode_us=52 acquire_us=1207 submit_us=4447 skipped=0 gpu_q=1 gpu_total_us=7307 gpu_prepass_us=0 gpu_main_us=7307 gpu_composite_us=0 gpu_blit_us=0
frust_shell_common::perf: frust-perf raw n=1844 total_us=5729 rebuild_us=222 layout_us=0 paint_us=96 encode_us=51 acquire_us=909 submit_us=4449 skipped=0 gpu_q=1 gpu_total_us=7353 gpu_prepass_us=0 gpu_main_us=7353 gpu_composite_us=0 gpu_blit_us=0
frust_shell_common::perf: frust-perf raw n=1845 total_us=7344 rebuild_us=225 layout_us=0 paint_us=102 encode_us=49 acquire_us=2380 submit_us=4586 skipped=0 gpu_q=1 gpu_total_us=7377 gpu_prepass_us=0 gpu_main_us=7377 gpu_composite_us=0 gpu_blit_us=0
frust_shell_android::app::frame: frust-perf platform-view tail depth=0 target=0 acquire_bound=false frame=1858 expected_present_us=0 acquire_us=1486 period_us=11134
frust_shell_common::perf: frust-perf raw n=1846 total_us=7478 rebuild_us=229 layout_us=0 paint_us=150 encode_us=48 acquire_us=2390 submit_us=4659 skipped=0 gpu_q=1 gpu_total_us=7311 gpu_prepass_us=0 gpu_main_us=7311 gpu_composite_us=0 gpu_blit_us=0
frust_shell_common::perf: frust-perf raw n=1847 total_us=4660 rebuild_us=224 layout_us=0 paint_us=99 encode_us=51 acquire_us=217 submit_us=4066 skipped=0 gpu_q=1 gpu_total_us=7364 gpu_prepass_us=0 gpu_main_us=7364 gpu_composite_us=0 gpu_blit_us=0
frust_shell_common::perf: frust-perf raw n=1848 total_us=6959 rebuild_us=227 layout_us=0 paint_us=116 encode_us=51 acquire_us=2005 submit_us=4557 skipped=0 gpu_q=1 gpu_total_us=7398 gpu_prepass_us=0 gpu_main_us=7398 gpu_composite_us=0 gpu_blit_us=0
frust_shell_common::perf: bench-scenario-start s3-swap
frust_shell_common::perf: frust-perf raw n=1849 total_us=8308 rebuild_us=3573 layout_us=74 paint_us=122 encode_us=55 acquire_us=87 submit_us=4395 skipped=0 gpu_q=1 gpu_total_us=7310 gpu_prepass_us=0 gpu_main_us=7310 gpu_composite_us=0 gpu_blit_us=0
frust_shell_common::perf: bench-scenario-end s3-swap
frust_shell_common::perf: frust-perf raw n=1850 total_us=6996 rebuild_us=285 layout_us=0 paint_us=107 encode_us=51 acquire_us=2090 submit_us=4460 skipped=0 gpu_q=1 gpu_total_us=7319 gpu_prepass_us=0 gpu_main_us=7319 gpu_composite_us=0 gpu_blit_us=0
frust_shell_common::perf: frust-perf raw n=1851 total_us=6833 rebuild_us=229 layout_us=0 paint_us=94 encode_us=56 acquire_us=1688 submit_us=4764 skipped=0 gpu_q=1 gpu_total_us=7363 gpu_prepass_us=0 gpu_main_us=7363 gpu_composite_us=0 gpu_blit_us=0
frust_shell_common::perf: frust-perf raw n=1852 total_us=5681 rebuild_us=227 layout_us=0 paint_us=107 encode_us=52 acquire_us=858 submit_us=4434 skipped=0 gpu_q=1 gpu_total_us=7350 gpu_prepass_us=0 gpu_main_us=7350 gpu_composite_us=0 gpu_blit_us=0
frust_shell_common::perf: frust-perf raw n=1853 total_us=6579 rebuild_us=230 layout_us=0 paint_us=95 encode_us=54 acquire_us=1682 submit_us=4516 skipped=0 gpu_q=1 gpu_total_us=7503 gpu_prepass_us=0 gpu_main_us=7503 gpu_composite_us=0 gpu_blit_us=0
frust_shell_common::perf: frust-perf raw n=1854 total_us=6538 rebuild_us=223 layout_us=0 paint_us=100 encode_us=51 acquire_us=1461 submit_us=4701 skipped=0 gpu_q=1 gpu_total_us=7494 gpu_prepass_us=0 gpu_main_us=7494 gpu_composite_us=0 gpu_blit_us=0
frust_shell_common::perf: frust-perf raw n=1855 total_us=5999 rebuild_us=223 layout_us=0 paint_us=95 encode_us=53 acquire_us=943 submit_us=4683 skipped=0 gpu_q=1 gpu_total_us=7512 gpu_prepass_us=0 gpu_main_us=7512 gpu_composite_us=0 gpu_blit_us=0
frust_shell_common::perf: frust-perf raw n=1856 total_us=7554 rebuild_us=221 layout_us=0 paint_us=98 encode_us=51 acquire_us=2609 submit_us=4572 skipped=0 gpu_q=1 gpu_total_us=7534 gpu_prepass_us=0 gpu_main_us=7534 gpu_composite_us=0 gpu_blit_us=0
frust_shell_common::perf: frust-perf raw n=1857 total_us=5883 rebuild_us=229 layout_us=0 paint_us=96 encode_us=52 acquire_us=1089 submit_us=4413 skipped=0 gpu_q=1 gpu_total_us=7600 gpu_prepass_us=0 gpu_main_us=7600 gpu_composite_us=0 gpu_blit_us=0
frust_shell_common::perf: frust-perf raw n=1858 total_us=5834 rebuild_us=225 layout_us=0 paint_us=95 encode_us=53 acquire_us=972 submit_us=4487 skipped=0 gpu_q=1 gpu_total_us=7570 gpu_prepass_us=0 gpu_main_us=7570 gpu_composite_us=0 gpu_blit_us=0
frust_shell_common::perf: frust-perf raw n=1859 total_us=6954 rebuild_us=230 layout_us=0 paint_us=100 encode_us=52 acquire_us=1894 submit_us=4675 skipped=0 gpu_q=1 gpu_total_us=7530 gpu_prepass_us=0 gpu_main_us=7530 gpu_composite_us=0 gpu_blit_us=0
frust_shell_common::perf: frust-perf raw n=1860 total_us=6009 rebuild_us=228 layout_us=0 paint_us=94 encode_us=54 acquire_us=1197 submit_us=4434 skipped=0 gpu_q=1 gpu_total_us=7491 gpu_prepass_us=0 gpu_main_us=7491 gpu_composite_us=0 gpu_blit_us=0
frust_shell_common::perf: frust-perf raw n=1861 total_us=6413 rebuild_us=226 layout_us=0 paint_us=99 encode_us=53 acquire_us=1151 submit_us=4881 skipped=0 gpu_q=1 gpu_total_us=8029 gpu_prepass_us=0 gpu_main_us=8029 gpu_composite_us=0 gpu_blit_us=0
frust_shell_common::perf: frust-perf raw n=1862 total_us=6635 rebuild_us=227 layout_us=0 paint_us=99 encode_us=54 acquire_us=1639 submit_us=4614 skipped=0 gpu_q=1 gpu_total_us=7573 gpu_prepass_us=0 gpu_main_us=7573 gpu_composite_us=0 gpu_blit_us=0
frust_shell_common::perf: frust-perf raw n=1863 total_us=6280 rebuild_us=228 layout_us=0 paint_us=100 encode_us=55 acquire_us=947 submit_us=4946 skipped=0 gpu_q=1 gpu_total_us=7568 gpu_prepass_us=0 gpu_main_us=7568 gpu_composite_us=0 gpu_blit_us=0
frust_shell_common::perf: frust-perf raw n=1864 total_us=5215 rebuild_us=225 layout_us=0 paint_us=94 encode_us=53 acquire_us=673 submit_us=4167 skipped=0 gpu_q=1 gpu_total_us=7498 gpu_prepass_us=0 gpu_main_us=7498 gpu_composite_us=0 gpu_blit_us=0
frust_shell_common::perf: frust-perf raw n=1865 total_us=7056 rebuild_us=231 layout_us=0 paint_us=99 encode_us=51 acquire_us=2021 submit_us=4651 skipped=0 gpu_q=1 gpu_total_us=7576 gpu_prepass_us=0 gpu_main_us=7576 gpu_composite_us=0 gpu_blit_us=0
frust_shell_common::perf: frust-perf raw n=1866 total_us=6338 rebuild_us=226 layout_us=0 paint_us=148 encode_us=55 acquire_us=1149 submit_us=4757 skipped=0 gpu_q=1 gpu_total_us=7502 gpu_prepass_us=0 gpu_main_us=7502 gpu_composite_us=0 gpu_blit_us=0
frust_shell_common::perf: frust-perf raw n=1867 total_us=6892 rebuild_us=225 layout_us=0 paint_us=95 encode_us=53 acquire_us=1767 submit_us=4750 skipped=0 gpu_q=1 gpu_total_us=7555 gpu_prepass_us=0 gpu_main_us=7555 gpu_composite_us=0 gpu_blit_us=0
frust_shell_common::perf: frust-perf raw n=1868 total_us=5661 rebuild_us=230 layout_us=0 paint_us=93 encode_us=55 acquire_us=836 submit_us=4445 skipped=0 gpu_q=1 gpu_total_us=7526 gpu_prepass_us=0 gpu_main_us=7526 gpu_composite_us=0 gpu_blit_us=0
frust_shell_common::perf: bench-scenario-start s3-clear
frust_shell_common::perf: frust-perf raw n=1869 total_us=8041 rebuild_us=4804 layout_us=21 paint_us=25 encode_us=53 acquire_us=114 submit_us=3021 skipped=0 gpu_q=1 gpu_total_us=7521 gpu_prepass_us=0 gpu_main_us=7521 gpu_composite_us=0 gpu_blit_us=0
frust_shell_common::perf: bench-scenario-end s3-clear
frust_shell_common::perf: frust-perf raw n=1870 total_us=4394 rebuild_us=153 layout_us=0 paint_us=46 encode_us=21 acquire_us=1690 submit_us=2481 skipped=0 gpu_q=1 gpu_total_us=8009 gpu_prepass_us=0 gpu_main_us=8009 gpu_composite_us=0 gpu_blit_us=0
frust_shell_common::perf: frust-perf raw n=1871 total_us=3977 rebuild_us=88 layout_us=0 paint_us=29 encode_us=17 acquire_us=1248 submit_us=2592 skipped=0 gpu_q=1 gpu_total_us=7525 gpu_prepass_us=0 gpu_main_us=7525 gpu_composite_us=0 gpu_blit_us=0
frust_shell_common::perf: frust-perf raw n=1872 total_us=5443 rebuild_us=94 layout_us=0 paint_us=31 encode_us=18 acquire_us=2644 submit_us=2654 skipped=0 gpu_q=1 gpu_total_us=7563 gpu_prepass_us=0 gpu_main_us=7563 gpu_composite_us=0 gpu_blit_us=0
frust_shell_common::perf: frust-perf raw n=1873 total_us=4992 rebuild_us=114 layout_us=0 paint_us=37 encode_us=18 acquire_us=1809 submit_us=3011 skipped=0 gpu_q=1 gpu_total_us=3249 gpu_prepass_us=0 gpu_main_us=3249 gpu_composite_us=0 gpu_blit_us=0
frust_shell_common::perf: frust-perf raw n=1874 total_us=4022 rebuild_us=94 layout_us=0 paint_us=30 encode_us=18 acquire_us=1125 submit_us=2752 skipped=0 gpu_q=1 gpu_total_us=3264 gpu_prepass_us=0 gpu_main_us=3264 gpu_composite_us=0 gpu_blit_us=0
frust_shell_common::perf: frust-perf raw n=1875 total_us=4337 rebuild_us=100 layout_us=0 paint_us=30 encode_us=22 acquire_us=1462 submit_us=2720 skipped=0 gpu_q=1 gpu_total_us=3272 gpu_prepass_us=0 gpu_main_us=3272 gpu_composite_us=0 gpu_blit_us=0
frust_shell_common::perf: frust-perf raw n=1876 total_us=4374 rebuild_us=105 layout_us=0 paint_us=32 encode_us=21 acquire_us=1530 submit_us=2685 skipped=0 gpu_q=1 gpu_total_us=3550 gpu_prepass_us=0 gpu_main_us=3550 gpu_composite_us=0 gpu_blit_us=0
frust_shell_common::perf: frust-perf raw n=1877 total_us=4872 rebuild_us=98 layout_us=0 paint_us=31 encode_us=21 acquire_us=1996 submit_us=2723 skipped=0 gpu_q=1 gpu_total_us=3259 gpu_prepass_us=0 gpu_main_us=3259 gpu_composite_us=0 gpu_blit_us=0
frust_shell_common::perf: frust-perf raw n=1878 total_us=4410 rebuild_us=98 layout_us=0 paint_us=31 encode_us=22 acquire_us=1523 submit_us=2732 skipped=0 gpu_q=1 gpu_total_us=3270 gpu_prepass_us=0 gpu_main_us=3270 gpu_composite_us=0 gpu_blit_us=0
frust_shell_common::perf: frust-perf raw n=1879 total_us=4290 rebuild_us=98 layout_us=0 paint_us=31 encode_us=21 acquire_us=1496 submit_us=2642 skipped=0 gpu_q=1 gpu_total_us=3752 gpu_prepass_us=0 gpu_main_us=3752 gpu_composite_us=0 gpu_blit_us=0
frust_shell_common::perf: frust-perf raw n=1880 total_us=4781 rebuild_us=98 layout_us=0 paint_us=30 encode_us=23 acquire_us=1921 submit_us=2707 skipped=0 gpu_q=1 gpu_total_us=3256 gpu_prepass_us=0 gpu_main_us=3256 gpu_composite_us=0 gpu_blit_us=0
frust_shell_common::perf: frust-perf raw n=1881 total_us=4565 rebuild_us=97 layout_us=0 paint_us=84 encode_us=21 acquire_us=1637 submit_us=2723 skipped=0 gpu_q=1 gpu_total_us=3258 gpu_prepass_us=0 gpu_main_us=3258 gpu_composite_us=0 gpu_blit_us=0
frust_shell_common::perf: frust-perf raw n=1882 total_us=4874 rebuild_us=94 layout_us=0 paint_us=30 encode_us=22 acquire_us=2059 submit_us=2666 skipped=0 gpu_q=1 gpu_total_us=3264 gpu_prepass_us=0 gpu_main_us=3264 gpu_composite_us=0 gpu_blit_us=0
frust_shell_common::perf: frust-perf raw n=1883 total_us=4774 rebuild_us=93 layout_us=0 paint_us=31 encode_us=21 acquire_us=1994 submit_us=2631 skipped=0 gpu_q=1 gpu_total_us=3276 gpu_prepass_us=0 gpu_main_us=3276 gpu_composite_us=0 gpu_blit_us=0
frust_shell_common::perf: frust-perf raw n=1884 total_us=4423 rebuild_us=98 layout_us=0 paint_us=31 encode_us=28 acquire_us=1603 submit_us=2660 skipped=0 gpu_q=1 gpu_total_us=3272 gpu_prepass_us=0 gpu_main_us=3272 gpu_composite_us=0 gpu_blit_us=0
frust_shell_common::perf: frust-perf raw n=1885 total_us=5294 rebuild_us=104 layout_us=0 paint_us=31 encode_us=22 acquire_us=2488 submit_us=2647 skipped=0 gpu_q=1 gpu_total_us=3261 gpu_prepass_us=0 gpu_main_us=3261 gpu_composite_us=0 gpu_blit_us=0
frust_shell_common::perf: frust-perf raw n=1886 total_us=4731 rebuild_us=98 layout_us=0 paint_us=30 encode_us=21 acquire_us=1966 submit_us=2613 skipped=0 gpu_q=1 gpu_total_us=3267 gpu_prepass_us=0 gpu_main_us=3267 gpu_composite_us=0 gpu_blit_us=0
frust_shell_common::perf: frust-perf raw n=1887 total_us=4714 rebuild_us=99 layout_us=0 paint_us=31 encode_us=21 acquire_us=1592 submit_us=2968 skipped=0 gpu_q=1 gpu_total_us=3266 gpu_prepass_us=0 gpu_main_us=3266 gpu_composite_us=0 gpu_blit_us=0
frust_shell_common::perf: frust-perf raw n=1888 total_us=4239 rebuild_us=96 layout_us=0 paint_us=30 encode_us=22 acquire_us=1384 submit_us=2703 skipped=0 gpu_q=1 gpu_total_us=3750 gpu_prepass_us=0 gpu_main_us=3750 gpu_composite_us=0 gpu_blit_us=0
frust_shell_common::perf: bench-scenario-start s3-create1k
frust_shell_common::perf: bench-scenario-end s3-create1k
frust_shell_common::perf: frust-perf raw n=1889 total_us=11404 rebuild_us=1057 layout_us=286 paint_us=268 encode_us=48 acquire_us=94 submit_us=9650 skipped=0 gpu_q=1 gpu_total_us=3258 gpu_prepass_us=0 gpu_main_us=3258 gpu_composite_us=0 gpu_blit_us=0
frust_shell_common::perf: frust-perf raw n=1890 total_us=10317 rebuild_us=402 layout_us=0 paint_us=123 encode_us=72 acquire_us=1337 submit_us=8380 skipped=0 gpu_q=1 gpu_total_us=3263 gpu_prepass_us=0 gpu_main_us=3263 gpu_composite_us=0 gpu_blit_us=0
frust_shell_common::perf: frust-perf raw n=1891 total_us=9008 rebuild_us=273 layout_us=0 paint_us=127 encode_us=51 acquire_us=1118 submit_us=7436 skipped=0 gpu_q=1 gpu_total_us=3269 gpu_prepass_us=0 gpu_main_us=3269 gpu_composite_us=0 gpu_blit_us=0
frust_shell_common::perf: frust-perf raw n=1892 total_us=9617 rebuild_us=234 layout_us=0 paint_us=102 encode_us=51 acquire_us=1955 submit_us=7272 skipped=0 gpu_q=1 gpu_total_us=3425 gpu_prepass_us=0 gpu_main_us=3425 gpu_composite_us=0 gpu_blit_us=0
frust_shell_common::perf: frust-perf raw n=1893 total_us=8440 rebuild_us=198 layout_us=0 paint_us=87 encode_us=61 acquire_us=2234 submit_us=5858 skipped=0 gpu_q=1 gpu_total_us=5046 gpu_prepass_us=0 gpu_main_us=5046 gpu_composite_us=0 gpu_blit_us=0
frust_shell_common::perf: frust-perf raw n=1894 total_us=7251 rebuild_us=219 layout_us=0 paint_us=88 encode_us=48 acquire_us=740 submit_us=6154 skipped=0 gpu_q=1 gpu_total_us=4955 gpu_prepass_us=0 gpu_main_us=4955 gpu_composite_us=0 gpu_blit_us=0
frust_shell_common::perf: frust-perf raw n=1895 total_us=8769 rebuild_us=208 layout_us=0 paint_us=89 encode_us=47 acquire_us=2665 submit_us=5757 skipped=0 gpu_q=1 gpu_total_us=4999 gpu_prepass_us=0 gpu_main_us=4999 gpu_composite_us=0 gpu_blit_us=0
frust_shell_common::perf: frust-perf raw n=1896 total_us=8428 rebuild_us=200 layout_us=0 paint_us=90 encode_us=47 acquire_us=2180 submit_us=5910 skipped=0 gpu_q=1 gpu_total_us=4957 gpu_prepass_us=0 gpu_main_us=4957 gpu_composite_us=0 gpu_blit_us=0
frust_shell_common::perf: frust-perf raw n=1897 total_us=7535 rebuild_us=209 layout_us=0 paint_us=92 encode_us=46 acquire_us=1206 submit_us=5980 skipped=0 gpu_q=1 gpu_total_us=4948 gpu_prepass_us=0 gpu_main_us=4948 gpu_composite_us=0 gpu_blit_us=0
frust_shell_common::perf: frust-perf raw n=1898 total_us=6089 rebuild_us=203 layout_us=0 paint_us=108 encode_us=53 acquire_us=1868 submit_us=3854 skipped=0 gpu_q=1 gpu_total_us=4962 gpu_prepass_us=0 gpu_main_us=4962 gpu_composite_us=0 gpu_blit_us=0
frust_shell_common::perf: frust-perf raw n=1899 total_us=5339 rebuild_us=217 layout_us=0 paint_us=96 encode_us=162 acquire_us=1192 submit_us=3669 skipped=0 gpu_q=1 gpu_total_us=4969 gpu_prepass_us=0 gpu_main_us=4969 gpu_composite_us=0 gpu_blit_us=0
frust_shell_common::perf: frust-perf raw n=1900 total_us=4191 rebuild_us=223 layout_us=0 paint_us=94 encode_us=46 acquire_us=69 submit_us=3756 skipped=0 gpu_q=1 gpu_total_us=4952 gpu_prepass_us=0 gpu_main_us=4952 gpu_composite_us=0 gpu_blit_us=0
frust_shell_common::perf: frust-perf raw n=1901 total_us=4446 rebuild_us=321 layout_us=0 paint_us=132 encode_us=49 acquire_us=72 submit_us=3870 skipped=0 gpu_q=1 gpu_total_us=4961 gpu_prepass_us=0 gpu_main_us=4961 gpu_composite_us=0 gpu_blit_us=0
frust_shell_common::perf: frust-perf raw n=1902 total_us=4847 rebuild_us=317 layout_us=0 paint_us=134 encode_us=49 acquire_us=606 submit_us=3738 skipped=0 gpu_q=1 gpu_total_us=8430 gpu_prepass_us=0 gpu_main_us=8430 gpu_composite_us=0 gpu_blit_us=0
frust_shell_common::perf: frust-perf raw n=1903 total_us=5734 rebuild_us=211 layout_us=0 paint_us=97 encode_us=50 acquire_us=1341 submit_us=4032 skipped=0 gpu_q=1 gpu_total_us=8410 gpu_prepass_us=0 gpu_main_us=8410 gpu_composite_us=0 gpu_blit_us=0
frust_shell_common::perf: frust-perf raw n=1904 total_us=5896 rebuild_us=207 layout_us=0 paint_us=100 encode_us=48 acquire_us=1437 submit_us=4101 skipped=0 gpu_q=1 gpu_total_us=8429 gpu_prepass_us=0 gpu_main_us=8429 gpu_composite_us=0 gpu_blit_us=0
frust_shell_common::perf: frust-perf raw n=1905 total_us=7243 rebuild_us=249 layout_us=0 paint_us=111 encode_us=50 acquire_us=2642 submit_us=4188 skipped=0 gpu_q=1 gpu_total_us=8410 gpu_prepass_us=0 gpu_main_us=8410 gpu_composite_us=0 gpu_blit_us=0
frust_shell_common::perf: frust-perf raw n=1906 total_us=7366 rebuild_us=212 layout_us=0 paint_us=100 encode_us=54 acquire_us=2206 submit_us=4792 skipped=0 gpu_q=1 gpu_total_us=8727 gpu_prepass_us=0 gpu_main_us=8727 gpu_composite_us=0 gpu_blit_us=0
frust_shell_common::perf: frust-perf raw n=1907 total_us=6261 rebuild_us=207 layout_us=0 paint_us=107 encode_us=50 acquire_us=1827 submit_us=4068 skipped=0 gpu_q=1 gpu_total_us=8407 gpu_prepass_us=0 gpu_main_us=8407 gpu_composite_us=0 gpu_blit_us=0
frust_shell_common::perf: frust-perf raw n=1908 total_us=5915 rebuild_us=214 layout_us=0 paint_us=101 encode_us=48 acquire_us=1343 submit_us=4206 skipped=0 gpu_q=1 gpu_total_us=8406 gpu_prepass_us=0 gpu_main_us=8406 gpu_composite_us=0 gpu_blit_us=0
frust_shell_common::perf: bench-scenario-start s3-create10k
frust_shell_common::perf: frust-perf raw n=1909 total_us=9752 rebuild_us=5287 layout_us=230 paint_us=160 encode_us=65 acquire_us=101 submit_us=3907 skipped=0 gpu_q=1 gpu_total_us=8429 gpu_prepass_us=0 gpu_main_us=8429 gpu_composite_us=0 gpu_blit_us=0
frust_shell_common::perf: bench-scenario-end s3-create10k
frust_shell_common::perf: frust-perf raw n=1910 total_us=6646 rebuild_us=536 layout_us=0 paint_us=136 encode_us=55 acquire_us=1074 submit_us=4843 skipped=0 gpu_q=1 gpu_total_us=8409 gpu_prepass_us=0 gpu_main_us=8409 gpu_composite_us=0 gpu_blit_us=0
frust_shell_common::perf: frust-perf raw n=1911 total_us=6235 rebuild_us=220 layout_us=0 paint_us=101 encode_us=51 acquire_us=1447 submit_us=4413 skipped=0 gpu_q=1 gpu_total_us=8442 gpu_prepass_us=0 gpu_main_us=8442 gpu_composite_us=0 gpu_blit_us=0
frust_shell_common::perf: frust-perf raw n=1912 total_us=6353 rebuild_us=232 layout_us=0 paint_us=98 encode_us=51 acquire_us=1069 submit_us=4901 skipped=0 gpu_q=1 gpu_total_us=8394 gpu_prepass_us=0 gpu_main_us=8394 gpu_composite_us=0 gpu_blit_us=0
frust_shell_common::perf: frust-perf raw n=1913 total_us=5764 rebuild_us=215 layout_us=0 paint_us=132 encode_us=50 acquire_us=1493 submit_us=3872 skipped=0 gpu_q=1 gpu_total_us=7353 gpu_prepass_us=0 gpu_main_us=7353 gpu_composite_us=0 gpu_blit_us=0
frust_shell_common::perf: frust-perf raw n=1914 total_us=5775 rebuild_us=209 layout_us=0 paint_us=92 encode_us=48 acquire_us=1568 submit_us=3856 skipped=0 gpu_q=1 gpu_total_us=7273 gpu_prepass_us=0 gpu_main_us=7273 gpu_composite_us=0 gpu_blit_us=0
frust_shell_common::perf: frust-perf raw n=1915 total_us=5012 rebuild_us=206 layout_us=0 paint_us=92 encode_us=52 acquire_us=1018 submit_us=3641 skipped=0 gpu_q=1 gpu_total_us=5637 gpu_prepass_us=0 gpu_main_us=5637 gpu_composite_us=0 gpu_blit_us=0
frust_shell_common::perf: frust-perf raw n=1916 total_us=4603 rebuild_us=273 layout_us=0 paint_us=93 encode_us=63 acquire_us=604 submit_us=3567 skipped=0 gpu_q=1 gpu_total_us=5286 gpu_prepass_us=0 gpu_main_us=5286 gpu_composite_us=0 gpu_blit_us=0
frust_shell_common::perf: frust-perf raw n=1917 total_us=7128 rebuild_us=218 layout_us=0 paint_us=93 encode_us=47 acquire_us=2160 submit_us=4608 skipped=0 gpu_q=1 gpu_total_us=5281 gpu_prepass_us=0 gpu_main_us=5281 gpu_composite_us=0 gpu_blit_us=0
frust_shell_common::perf: frust-perf raw n=1918 total_us=6890 rebuild_us=221 layout_us=0 paint_us=100 encode_us=50 acquire_us=2612 submit_us=3905 skipped=0 gpu_q=1 gpu_total_us=5285 gpu_prepass_us=0 gpu_main_us=5285 gpu_composite_us=0 gpu_blit_us=0
frust_shell_common::perf: frust-perf raw n=1919 total_us=6555 rebuild_us=219 layout_us=0 paint_us=104 encode_us=49 acquire_us=2310 submit_us=3870 skipped=0 gpu_q=1 gpu_total_us=5283 gpu_prepass_us=0 gpu_main_us=5283 gpu_composite_us=0 gpu_blit_us=0
frust_shell_common::perf: frust-perf raw n=1920 total_us=6192 rebuild_us=239 layout_us=0 paint_us=102 encode_us=55 acquire_us=1826 submit_us=3967 skipped=0 gpu_q=1 gpu_total_us=5293 gpu_prepass_us=0 gpu_main_us=5293 gpu_composite_us=0 gpu_blit_us=0
frust_shell_common::perf: frust-perf raw n=1921 total_us=6654 rebuild_us=215 layout_us=0 paint_us=101 encode_us=55 acquire_us=2294 submit_us=3987 skipped=0 gpu_q=1 gpu_total_us=5262 gpu_prepass_us=0 gpu_main_us=5262 gpu_composite_us=0 gpu_blit_us=0
frust_shell_common::perf: frust-perf raw n=1922 total_us=5837 rebuild_us=261 layout_us=0 paint_us=93 encode_us=51 acquire_us=1528 submit_us=3902 skipped=0 gpu_q=1 gpu_total_us=5281 gpu_prepass_us=0 gpu_main_us=5281 gpu_composite_us=0 gpu_blit_us=0
frust_shell_common::perf: frust-perf raw n=1923 total_us=4865 rebuild_us=216 layout_us=0 paint_us=94 encode_us=50 acquire_us=913 submit_us=3591 skipped=0 gpu_q=1 gpu_total_us=5284 gpu_prepass_us=0 gpu_main_us=5284 gpu_composite_us=0 gpu_blit_us=0
frust_shell_common::perf: frust-perf raw n=1924 total_us=6744 rebuild_us=212 layout_us=0 paint_us=107 encode_us=51 acquire_us=2378 submit_us=3995 skipped=0 gpu_q=1 gpu_total_us=5573 gpu_prepass_us=0 gpu_main_us=5573 gpu_composite_us=0 gpu_blit_us=0
frust_shell_common::perf: frust-perf raw n=1925 total_us=5354 rebuild_us=215 layout_us=0 paint_us=105 encode_us=55 acquire_us=1333 submit_us=3644 skipped=0 gpu_q=1 gpu_total_us=5275 gpu_prepass_us=0 gpu_main_us=5275 gpu_composite_us=0 gpu_blit_us=0
frust_shell_common::perf: frust-perf raw n=1926 total_us=5853 rebuild_us=222 layout_us=0 paint_us=99 encode_us=53 acquire_us=1249 submit_us=4228 skipped=0 gpu_q=1 gpu_total_us=5275 gpu_prepass_us=0 gpu_main_us=5275 gpu_composite_us=0 gpu_blit_us=0
frust_shell_common::perf: frust-perf raw n=1927 total_us=7175 rebuild_us=209 layout_us=0 paint_us=103 encode_us=55 acquire_us=2891 submit_us=3915 skipped=0 gpu_q=1 gpu_total_us=5283 gpu_prepass_us=0 gpu_main_us=5283 gpu_composite_us=0 gpu_blit_us=0
frust_shell_common::perf: frust-perf raw n=1928 total_us=6147 rebuild_us=221 layout_us=0 paint_us=117 encode_us=56 acquire_us=1463 submit_us=4288 skipped=0 gpu_q=1 gpu_total_us=5275 gpu_prepass_us=0 gpu_main_us=5275 gpu_composite_us=0 gpu_blit_us=0
frust_shell_common::perf: bench-scenario-start s3-update
frust_shell_common::perf: frust-perf raw n=1929 total_us=7850 rebuild_us=3679 layout_us=80 paint_us=97 encode_us=55 acquire_us=85 submit_us=3851 skipped=0 gpu_q=1 gpu_total_us=5283 gpu_prepass_us=0 gpu_main_us=5283 gpu_composite_us=0 gpu_blit_us=0
frust_shell_common::perf: bench-scenario-end s3-update
frust_shell_common::perf: frust-perf raw n=1930 total_us=7611 rebuild_us=243 layout_us=0 paint_us=96 encode_us=53 acquire_us=2952 submit_us=4264 skipped=0 gpu_q=1 gpu_total_us=5280 gpu_prepass_us=0 gpu_main_us=5280 gpu_composite_us=0 gpu_blit_us=0
frust_shell_common::perf: frust-perf raw n=1931 total_us=6871 rebuild_us=220 layout_us=0 paint_us=101 encode_us=54 acquire_us=2354 submit_us=4140 skipped=0 gpu_q=1 gpu_total_us=5256 gpu_prepass_us=0 gpu_main_us=5256 gpu_composite_us=0 gpu_blit_us=0
frust_shell_common::perf: frust-perf raw n=1932 total_us=6676 rebuild_us=221 layout_us=0 paint_us=92 encode_us=55 acquire_us=1606 submit_us=4699 skipped=0 gpu_q=1 gpu_total_us=5263 gpu_prepass_us=0 gpu_main_us=5263 gpu_composite_us=0 gpu_blit_us=0
frust_shell_common::perf: frust-perf raw n=1933 total_us=4961 rebuild_us=220 layout_us=0 paint_us=97 encode_us=56 acquire_us=1052 submit_us=3534 skipped=0 gpu_q=1 gpu_total_us=5268 gpu_prepass_us=0 gpu_main_us=5268 gpu_composite_us=0 gpu_blit_us=0
frust_shell_common::perf: frust-perf raw n=1934 total_us=6333 rebuild_us=213 layout_us=0 paint_us=103 encode_us=53 acquire_us=2089 submit_us=3872 skipped=0 gpu_q=1 gpu_total_us=5283 gpu_prepass_us=0 gpu_main_us=5283 gpu_composite_us=0 gpu_blit_us=0
frust_shell_common::perf: frust-perf raw n=1935 total_us=5254 rebuild_us=254 layout_us=0 paint_us=108 encode_us=57 acquire_us=1224 submit_us=3608 skipped=0 gpu_q=1 gpu_total_us=5298 gpu_prepass_us=0 gpu_main_us=5298 gpu_composite_us=0 gpu_blit_us=0
frust_shell_common::perf: frust-perf raw n=1936 total_us=5873 rebuild_us=238 layout_us=0 paint_us=98 encode_us=51 acquire_us=1623 submit_us=3861 skipped=0 gpu_q=1 gpu_total_us=5288 gpu_prepass_us=0 gpu_main_us=5288 gpu_composite_us=0 gpu_blit_us=0
frust_shell_common::perf: frust-perf raw n=1937 total_us=5555 rebuild_us=210 layout_us=0 paint_us=102 encode_us=55 acquire_us=884 submit_us=4300 skipped=0 gpu_q=1 gpu_total_us=5301 gpu_prepass_us=0 gpu_main_us=5301 gpu_composite_us=0 gpu_blit_us=0
frust_shell_common::perf: frust-perf raw n=1938 total_us=5561 rebuild_us=211 layout_us=0 paint_us=90 encode_us=50 acquire_us=1470 submit_us=3737 skipped=0 gpu_q=1 gpu_total_us=5296 gpu_prepass_us=0 gpu_main_us=5296 gpu_composite_us=0 gpu_blit_us=0
frust_shell_common::perf: frust-perf raw n=1939 total_us=6228 rebuild_us=216 layout_us=0 paint_us=101 encode_us=54 acquire_us=1129 submit_us=4726 skipped=0 gpu_q=1 gpu_total_us=5302 gpu_prepass_us=0 gpu_main_us=5302 gpu_composite_us=0 gpu_blit_us=0
frust_shell_common::perf: frust-perf frame n=120 total_p50_ms=6 total_p95_ms=8 total_p99_ms=10 rebuild_p95_ms=0 layout_p95_ms=0 paint_p95_ms=0 encode_p95_ms=0 acquire_p95_ms=2 submit_p95_ms=5 over_60hz=6 over_120hz=218 skipped=0 total_frames=1939
frust_shell_common::perf: frust-perf raw n=1940 total_us=4944 rebuild_us=206 layout_us=0 paint_us=101 encode_us=53 acquire_us=964 submit_us=3618 skipped=0 gpu_q=1 gpu_total_us=7024 gpu_prepass_us=0 gpu_main_us=7024 gpu_composite_us=0 gpu_blit_us=0
frust_shell_common::perf: frust-perf raw n=1941 total_us=6836 rebuild_us=222 layout_us=0 paint_us=98 encode_us=53 acquire_us=2378 submit_us=4084 skipped=0 gpu_q=1 gpu_total_us=7324 gpu_prepass_us=0 gpu_main_us=7324 gpu_composite_us=0 gpu_blit_us=0
frust_shell_common::perf: frust-perf raw n=1942 total_us=5275 rebuild_us=220 layout_us=0 paint_us=113 encode_us=56 acquire_us=1248 submit_us=3636 skipped=0 gpu_q=1 gpu_total_us=7820 gpu_prepass_us=0 gpu_main_us=7820 gpu_composite_us=0 gpu_blit_us=0
frust_shell_common::perf: frust-perf raw n=1943 total_us=6339 rebuild_us=213 layout_us=0 paint_us=95 encode_us=55 acquire_us=2140 submit_us=3834 skipped=0 gpu_q=1 gpu_total_us=7338 gpu_prepass_us=0 gpu_main_us=7338 gpu_composite_us=0 gpu_blit_us=0
frust_shell_common::perf: frust-perf raw n=1944 total_us=4466 rebuild_us=493 layout_us=0 paint_us=90 encode_us=53 acquire_us=68 submit_us=3760 skipped=0 gpu_q=1 gpu_total_us=7316 gpu_prepass_us=0 gpu_main_us=7316 gpu_composite_us=0 gpu_blit_us=0
frust_shell_common::perf: frust-perf raw n=1945 total_us=5839 rebuild_us=201 layout_us=0 paint_us=93 encode_us=52 acquire_us=1553 submit_us=3937 skipped=0 gpu_q=1 gpu_total_us=7336 gpu_prepass_us=0 gpu_main_us=7336 gpu_composite_us=0 gpu_blit_us=0
frust_shell_common::perf: frust-perf raw n=1946 total_us=4380 rebuild_us=494 layout_us=0 paint_us=109 encode_us=59 acquire_us=86 submit_us=3630 skipped=0 gpu_q=1 gpu_total_us=7327 gpu_prepass_us=0 gpu_main_us=7327 gpu_composite_us=0 gpu_blit_us=0
frust_shell_common::perf: frust-perf raw n=1947 total_us=6049 rebuild_us=229 layout_us=0 paint_us=101 encode_us=59 acquire_us=1159 submit_us=4498 skipped=0 gpu_q=1 gpu_total_us=7340 gpu_prepass_us=0 gpu_main_us=7340 gpu_composite_us=0 gpu_blit_us=0
frust_shell_common::perf: frust-perf raw n=1948 total_us=5712 rebuild_us=225 layout_us=0 paint_us=104 encode_us=61 acquire_us=1526 submit_us=3794 skipped=0 gpu_q=1 gpu_total_us=7315 gpu_prepass_us=0 gpu_main_us=7315 gpu_composite_us=0 gpu_blit_us=0
frust_shell_common::perf: bench-scenario-start s3-swap
frust_shell_common::perf: frust-perf raw n=1949 total_us=8103 rebuild_us=3276 layout_us=75 paint_us=89 encode_us=56 acquire_us=90 submit_us=4513 skipped=0 gpu_q=1 gpu_total_us=7332 gpu_prepass_us=0 gpu_main_us=7332 gpu_composite_us=0 gpu_blit_us=0
frust_shell_common::perf: bench-scenario-end s3-swap
frust_shell_common::perf: frust-perf raw n=1950 total_us=6132 rebuild_us=662 layout_us=0 paint_us=139 encode_us=59 acquire_us=1227 submit_us=4043 skipped=0 gpu_q=1 gpu_total_us=7309 gpu_prepass_us=0 gpu_main_us=7309 gpu_composite_us=0 gpu_blit_us=0
frust_shell_common::perf: frust-perf raw n=1951 total_us=6509 rebuild_us=212 layout_us=0 paint_us=95 encode_us=54 acquire_us=2160 submit_us=3986 skipped=0 gpu_q=1 gpu_total_us=7640 gpu_prepass_us=0 gpu_main_us=7640 gpu_composite_us=0 gpu_blit_us=0
frust_shell_common::perf: frust-perf raw n=1952 total_us=7165 rebuild_us=273 layout_us=0 paint_us=94 encode_us=52 acquire_us=2414 submit_us=4330 skipped=0 gpu_q=1 gpu_total_us=7328 gpu_prepass_us=0 gpu_main_us=7328 gpu_composite_us=0 gpu_blit_us=0
frust_shell_common::perf: frust-perf raw n=1953 total_us=4907 rebuild_us=210 layout_us=0 paint_us=94 encode_us=57 acquire_us=912 submit_us=3632 skipped=0 gpu_q=1 gpu_total_us=7499 gpu_prepass_us=0 gpu_main_us=7499 gpu_composite_us=0 gpu_blit_us=0
frust_shell_common::perf: frust-perf raw n=1954 total_us=7202 rebuild_us=209 layout_us=0 paint_us=92 encode_us=54 acquire_us=2630 submit_us=4215 skipped=0 gpu_q=1 gpu_total_us=7499 gpu_prepass_us=0 gpu_main_us=7499 gpu_composite_us=0 gpu_blit_us=0
frust_shell_common::perf: frust-perf raw n=1955 total_us=6364 rebuild_us=206 layout_us=0 paint_us=91 encode_us=57 acquire_us=1964 submit_us=4043 skipped=0 gpu_q=1 gpu_total_us=7521 gpu_prepass_us=0 gpu_main_us=7521 gpu_composite_us=0 gpu_blit_us=0
frust_shell_common::perf: frust-perf raw n=1956 total_us=5878 rebuild_us=599 layout_us=1 paint_us=301 encode_us=115 acquire_us=145 submit_us=4715 skipped=0 gpu_q=1 gpu_total_us=7502 gpu_prepass_us=0 gpu_main_us=7502 gpu_composite_us=0 gpu_blit_us=0
frust_shell_common::perf: frust-perf raw n=1957 total_us=4799 rebuild_us=211 layout_us=0 paint_us=91 encode_us=55 acquire_us=1011 submit_us=3429 skipped=0 gpu_q=1 gpu_total_us=7515 gpu_prepass_us=0 gpu_main_us=7515 gpu_composite_us=0 gpu_blit_us=0
frust_shell_common::perf: frust-perf raw n=1958 total_us=6620 rebuild_us=262 layout_us=0 paint_us=95 encode_us=61 acquire_us=2229 submit_us=3971 skipped=0 gpu_q=1 gpu_total_us=7495 gpu_prepass_us=0 gpu_main_us=7495 gpu_composite_us=0 gpu_blit_us=0
frust_shell_common::perf: frust-perf raw n=1959 total_us=5948 rebuild_us=220 layout_us=0 paint_us=91 encode_us=54 acquire_us=1646 submit_us=3935 skipped=0 gpu_q=1 gpu_total_us=7527 gpu_prepass_us=0 gpu_main_us=7527 gpu_composite_us=0 gpu_blit_us=0
frust_shell_common::perf: frust-perf raw n=1960 total_us=5530 rebuild_us=221 layout_us=0 paint_us=94 encode_us=56 acquire_us=1554 submit_us=3603 skipped=0 gpu_q=1 gpu_total_us=7854 gpu_prepass_us=0 gpu_main_us=7854 gpu_composite_us=0 gpu_blit_us=0
frust_shell_common::perf: frust-perf raw n=1961 total_us=7356 rebuild_us=259 layout_us=0 paint_us=97 encode_us=56 acquire_us=2656 submit_us=4286 skipped=0 gpu_q=1 gpu_total_us=7513 gpu_prepass_us=0 gpu_main_us=7513 gpu_composite_us=0 gpu_blit_us=0
frust_shell_common::perf: frust-perf raw n=1962 total_us=4766 rebuild_us=214 layout_us=0 paint_us=99 encode_us=59 acquire_us=858 submit_us=3535 skipped=0 gpu_q=1 gpu_total_us=7502 gpu_prepass_us=0 gpu_main_us=7502 gpu_composite_us=0 gpu_blit_us=0
frust_shell_common::perf: frust-perf raw n=1963 total_us=6559 rebuild_us=215 layout_us=0 paint_us=144 encode_us=58 acquire_us=1792 submit_us=4348 skipped=0 gpu_q=1 gpu_total_us=7513 gpu_prepass_us=0 gpu_main_us=7513 gpu_composite_us=0 gpu_blit_us=0
frust_shell_common::perf: frust-perf raw n=1964 total_us=6271 rebuild_us=220 layout_us=0 paint_us=100 encode_us=59 acquire_us=1891 submit_us=3999 skipped=0 gpu_q=1 gpu_total_us=7506 gpu_prepass_us=0 gpu_main_us=7506 gpu_composite_us=0 gpu_blit_us=0
frust_shell_common::perf: frust-perf raw n=1965 total_us=7543 rebuild_us=212 layout_us=0 paint_us=96 encode_us=56 acquire_us=2035 submit_us=5141 skipped=0 gpu_q=1 gpu_total_us=7504 gpu_prepass_us=0 gpu_main_us=7504 gpu_composite_us=0 gpu_blit_us=0
frust_shell_android::app::frame: frust-perf platform-view tail depth=0 target=0 acquire_bound=false frame=1978 expected_present_us=0 acquire_us=1783 period_us=11131
frust_shell_common::perf: frust-perf raw n=1966 total_us=5782 rebuild_us=215 layout_us=0 paint_us=96 encode_us=60 acquire_us=1545 submit_us=3863 skipped=0 gpu_q=1 gpu_total_us=7520 gpu_prepass_us=0 gpu_main_us=7520 gpu_composite_us=0 gpu_blit_us=0
frust_shell_common::perf: frust-perf raw n=1967 total_us=5362 rebuild_us=212 layout_us=0 paint_us=87 encode_us=53 acquire_us=1156 submit_us=3852 skipped=0 gpu_q=1 gpu_total_us=7501 gpu_prepass_us=0 gpu_main_us=7501 gpu_composite_us=0 gpu_blit_us=0
frust_shell_common::perf: frust-perf raw n=1968 total_us=6436 rebuild_us=215 layout_us=0 paint_us=96 encode_us=52 acquire_us=2062 submit_us=4007 skipped=0 gpu_q=1 gpu_total_us=7527 gpu_prepass_us=0 gpu_main_us=7527 gpu_composite_us=0 gpu_blit_us=0
frust_shell_common::perf: bench-scenario-start s3-clear
frust_shell_common::perf: frust-perf raw n=1969 total_us=6927 rebuild_us=4187 layout_us=20 paint_us=22 encode_us=36 acquire_us=84 submit_us=2575 skipped=0 gpu_q=1 gpu_total_us=7835 gpu_prepass_us=0 gpu_main_us=7835 gpu_composite_us=0 gpu_blit_us=0
frust_shell_common::perf: bench-scenario-end s3-clear
frust_shell_common::perf: frust-perf raw n=1970 total_us=3980 rebuild_us=142 layout_us=0 paint_us=28 encode_us=19 acquire_us=1022 submit_us=2767 skipped=0 gpu_q=1 gpu_total_us=7499 gpu_prepass_us=0 gpu_main_us=7499 gpu_composite_us=0 gpu_blit_us=0
frust_shell_common::perf: frust-perf raw n=1971 total_us=5031 rebuild_us=89 layout_us=0 paint_us=27 encode_us=20 acquire_us=2601 submit_us=2292 skipped=0 gpu_q=1 gpu_total_us=7526 gpu_prepass_us=0 gpu_main_us=7526 gpu_composite_us=0 gpu_blit_us=0
frust_shell_common::perf: frust-perf raw n=1972 total_us=5919 rebuild_us=88 layout_us=0 paint_us=28 encode_us=20 acquire_us=2651 submit_us=3130 skipped=0 gpu_q=1 gpu_total_us=7511 gpu_prepass_us=0 gpu_main_us=7511 gpu_composite_us=0 gpu_blit_us=0
frust_shell_common::perf: frust-perf raw n=1973 total_us=4711 rebuild_us=100 layout_us=0 paint_us=31 encode_us=22 acquire_us=2036 submit_us=2519 skipped=0 gpu_q=1 gpu_total_us=3257 gpu_prepass_us=0 gpu_main_us=3257 gpu_composite_us=0 gpu_blit_us=0
frust_shell_common::perf: frust-perf raw n=1974 total_us=5693 rebuild_us=100 layout_us=0 paint_us=30 encode_us=20 acquire_us=2182 submit_us=3358 skipped=0 gpu_q=1 gpu_total_us=3298 gpu_prepass_us=0 gpu_main_us=3298 gpu_composite_us=0 gpu_blit_us=0
frust_shell_common::perf: frust-perf raw n=1975 total_us=5789 rebuild_us=107 layout_us=0 paint_us=32 encode_us=22 acquire_us=2681 submit_us=2944 skipped=0 gpu_q=1 gpu_total_us=3302 gpu_prepass_us=0 gpu_main_us=3302 gpu_composite_us=0 gpu_blit_us=0
frust_shell_common::perf: frust-perf raw n=1976 total_us=4354 rebuild_us=95 layout_us=0 paint_us=31 encode_us=19 acquire_us=1515 submit_us=2691 skipped=0 gpu_q=1 gpu_total_us=3257 gpu_prepass_us=0 gpu_main_us=3257 gpu_composite_us=0 gpu_blit_us=0
frust_shell_common::perf: frust-perf raw n=1977 total_us=5036 rebuild_us=104 layout_us=0 paint_us=32 encode_us=21 acquire_us=1981 submit_us=2896 skipped=0 gpu_q=1 gpu_total_us=3263 gpu_prepass_us=0 gpu_main_us=3263 gpu_composite_us=0 gpu_blit_us=0
frust_shell_common::perf: frust-perf raw n=1978 total_us=5141 rebuild_us=104 layout_us=0 paint_us=34 encode_us=20 acquire_us=2125 submit_us=2854 skipped=0 gpu_q=1 gpu_total_us=3343 gpu_prepass_us=0 gpu_main_us=3343 gpu_composite_us=0 gpu_blit_us=0
frust_shell_common::perf: frust-perf raw n=1979 total_us=4707 rebuild_us=108 layout_us=0 paint_us=36 encode_us=21 acquire_us=1571 submit_us=2969 skipped=0 gpu_q=1 gpu_total_us=3262 gpu_prepass_us=0 gpu_main_us=3262 gpu_composite_us=0 gpu_blit_us=0
frust_shell_common::perf: frust-perf raw n=1980 total_us=4313 rebuild_us=99 layout_us=0 paint_us=32 encode_us=19 acquire_us=1394 submit_us=2767 skipped=0 gpu_q=1 gpu_total_us=3254 gpu_prepass_us=0 gpu_main_us=3254 gpu_composite_us=0 gpu_blit_us=0
frust_shell_common::perf: frust-perf raw n=1981 total_us=4174 rebuild_us=109 layout_us=0 paint_us=35 encode_us=25 acquire_us=1143 submit_us=2859 skipped=0 gpu_q=1 gpu_total_us=3253 gpu_prepass_us=0 gpu_main_us=3253 gpu_composite_us=0 gpu_blit_us=0
frust_shell_common::perf: frust-perf raw n=1982 total_us=5562 rebuild_us=104 layout_us=0 paint_us=34 encode_us=23 acquire_us=2253 submit_us=3147 skipped=0 gpu_q=1 gpu_total_us=3353 gpu_prepass_us=0 gpu_main_us=3353 gpu_composite_us=0 gpu_blit_us=0
frust_shell_common::perf: frust-perf raw n=1983 total_us=5274 rebuild_us=96 layout_us=0 paint_us=32 encode_us=23 acquire_us=2342 submit_us=2778 skipped=0 gpu_q=1 gpu_total_us=3279 gpu_prepass_us=0 gpu_main_us=3279 gpu_composite_us=0 gpu_blit_us=0
frust_shell_common::perf: frust-perf raw n=1984 total_us=5435 rebuild_us=108 layout_us=0 paint_us=35 encode_us=24 acquire_us=2287 submit_us=2979 skipped=0 gpu_q=1 gpu_total_us=3347 gpu_prepass_us=0 gpu_main_us=3347 gpu_composite_us=0 gpu_blit_us=0
frust_shell_common::perf: frust-perf raw n=1985 total_us=6133 rebuild_us=103 layout_us=0 paint_us=34 encode_us=25 acquire_us=2581 submit_us=3388 skipped=0 gpu_q=1 gpu_total_us=3347 gpu_prepass_us=0 gpu_main_us=3347 gpu_composite_us=0 gpu_blit_us=0
frust_shell_common::perf: frust-perf raw n=1986 total_us=4757 rebuild_us=104 layout_us=0 paint_us=32 encode_us=23 acquire_us=1646 submit_us=2949 skipped=0 gpu_q=1 gpu_total_us=3277 gpu_prepass_us=0 gpu_main_us=3277 gpu_composite_us=0 gpu_blit_us=0
frust_shell_common::perf: frust-perf raw n=1987 total_us=4773 rebuild_us=117 layout_us=0 paint_us=32 encode_us=22 acquire_us=1803 submit_us=2797 skipped=0 gpu_q=1 gpu_total_us=3343 gpu_prepass_us=0 gpu_main_us=3343 gpu_composite_us=0 gpu_blit_us=0
frust_shell_common::perf: frust-perf raw n=1988 total_us=5561 rebuild_us=107 layout_us=0 paint_us=36 encode_us=23 acquire_us=2265 submit_us=3127 skipped=0 gpu_q=1 gpu_total_us=3263 gpu_prepass_us=0 gpu_main_us=3263 gpu_composite_us=0 gpu_blit_us=0
frust_shell_common::perf: bench-scenario-start s3-create1k
frust_shell_common::perf: bench-scenario-end s3-create1k
frust_shell_common::perf: frust-perf raw n=1989 total_us=11886 rebuild_us=1013 layout_us=286 paint_us=317 encode_us=51 acquire_us=687 submit_us=9530 skipped=0 gpu_q=1 gpu_total_us=3260 gpu_prepass_us=0 gpu_main_us=3260 gpu_composite_us=0 gpu_blit_us=0
frust_shell_common::perf: frust-perf raw n=1990 total_us=10937 rebuild_us=401 layout_us=0 paint_us=128 encode_us=60 acquire_us=1617 submit_us=8729 skipped=0 gpu_q=1 gpu_total_us=3270 gpu_prepass_us=0 gpu_main_us=3270 gpu_composite_us=0 gpu_blit_us=0
frust_shell_common::perf: frust-perf raw n=1991 total_us=10757 rebuild_us=290 layout_us=0 paint_us=141 encode_us=63 acquire_us=1774 submit_us=8488 skipped=0 gpu_q=1 gpu_total_us=3355 gpu_prepass_us=0 gpu_main_us=3355 gpu_composite_us=0 gpu_blit_us=0
frust_shell_common::perf: frust-perf raw n=1992 total_us=9164 rebuild_us=279 layout_us=0 paint_us=119 encode_us=95 acquire_us=1154 submit_us=7514 skipped=0 gpu_q=1 gpu_total_us=3358 gpu_prepass_us=0 gpu_main_us=3358 gpu_composite_us=0 gpu_blit_us=0
frust_shell_common::perf: frust-perf raw n=1993 total_us=9610 rebuild_us=231 layout_us=0 paint_us=155 encode_us=54 acquire_us=1959 submit_us=7209 skipped=0 gpu_q=1 gpu_total_us=4957 gpu_prepass_us=0 gpu_main_us=4957 gpu_composite_us=0 gpu_blit_us=0
frust_shell_common::perf: frust-perf raw n=1994 total_us=7916 rebuild_us=214 layout_us=0 paint_us=95 encode_us=51 acquire_us=1676 submit_us=5878 skipped=0 gpu_q=1 gpu_total_us=4972 gpu_prepass_us=0 gpu_main_us=4972 gpu_composite_us=0 gpu_blit_us=0
frust_shell_common::perf: frust-perf raw n=1995 total_us=6783 rebuild_us=194 layout_us=0 paint_us=86 encode_us=40 acquire_us=512 submit_us=5948 skipped=0 gpu_q=1 gpu_total_us=4982 gpu_prepass_us=0 gpu_main_us=4982 gpu_composite_us=0 gpu_blit_us=0
frust_shell_common::perf: frust-perf raw n=1996 total_us=7187 rebuild_us=196 layout_us=0 paint_us=87 encode_us=40 acquire_us=799 submit_us=6063 skipped=0 gpu_q=1 gpu_total_us=4992 gpu_prepass_us=0 gpu_main_us=4992 gpu_composite_us=0 gpu_blit_us=0
frust_shell_common::perf: frust-perf raw n=1997 total_us=8095 rebuild_us=390 layout_us=0 paint_us=102 encode_us=44 acquire_us=1718 submit_us=5838 skipped=0 gpu_q=1 gpu_total_us=4950 gpu_prepass_us=0 gpu_main_us=4950 gpu_composite_us=0 gpu_blit_us=0
frust_shell_common::perf: frust-perf raw n=1998 total_us=6209 rebuild_us=211 layout_us=0 paint_us=95 encode_us=45 acquire_us=1252 submit_us=4604 skipped=0 gpu_q=1 gpu_total_us=4945 gpu_prepass_us=0 gpu_main_us=4945 gpu_composite_us=0 gpu_blit_us=0
frust_shell_common::perf: frust-perf raw n=1999 total_us=5438 rebuild_us=199 layout_us=0 paint_us=101 encode_us=50 acquire_us=1073 submit_us=4013 skipped=0 gpu_q=1 gpu_total_us=4978 gpu_prepass_us=0 gpu_main_us=4978 gpu_composite_us=0 gpu_blit_us=0
frust_shell_common::perf: frust-perf raw n=2000 total_us=6480 rebuild_us=210 layout_us=0 paint_us=102 encode_us=52 acquire_us=1810 submit_us=4303 skipped=0 gpu_q=1 gpu_total_us=4940 gpu_prepass_us=0 gpu_main_us=4940 gpu_composite_us=0 gpu_blit_us=0
frust_shell_common::perf: frust-perf raw n=2001 total_us=7528 rebuild_us=214 layout_us=0 paint_us=134 encode_us=49 acquire_us=2779 submit_us=4350 skipped=0 gpu_q=1 gpu_total_us=4939 gpu_prepass_us=0 gpu_main_us=4939 gpu_composite_us=0 gpu_blit_us=0
frust_shell_common::perf: frust-perf raw n=2002 total_us=7258 rebuild_us=253 layout_us=0 paint_us=96 encode_us=53 acquire_us=2313 submit_us=4540 skipped=0 gpu_q=1 gpu_total_us=8854 gpu_prepass_us=457 gpu_main_us=8397 gpu_composite_us=0 gpu_blit_us=0
frust_shell_common::perf: frust-perf raw n=2003 total_us=7920 rebuild_us=218 layout_us=0 paint_us=95 encode_us=56 acquire_us=2155 submit_us=5393 skipped=0 gpu_q=1 gpu_total_us=8407 gpu_prepass_us=0 gpu_main_us=8407 gpu_composite_us=0 gpu_blit_us=0
frust_shell_common::perf: frust-perf raw n=2004 total_us=7725 rebuild_us=213 layout_us=0 paint_us=101 encode_us=55 acquire_us=2957 submit_us=4396 skipped=0 gpu_q=1 gpu_total_us=8430 gpu_prepass_us=0 gpu_main_us=8430 gpu_composite_us=0 gpu_blit_us=0
frust_shell_common::perf: frust-perf raw n=2005 total_us=6790 rebuild_us=215 layout_us=0 paint_us=96 encode_us=49 acquire_us=2062 submit_us=4365 skipped=0 gpu_q=1 gpu_total_us=8393 gpu_prepass_us=0 gpu_main_us=8393 gpu_composite_us=0 gpu_blit_us=0
frust_shell_common::perf: frust-perf raw n=2006 total_us=6887 rebuild_us=215 layout_us=0 paint_us=98 encode_us=51 acquire_us=1807 submit_us=4715 skipped=0 gpu_q=1 gpu_total_us=8938 gpu_prepass_us=0 gpu_main_us=8938 gpu_composite_us=0 gpu_blit_us=0
frust_shell_common::perf: frust-perf raw n=2007 total_us=7424 rebuild_us=221 layout_us=0 paint_us=103 encode_us=62 acquire_us=2549 submit_us=4486 skipped=0 gpu_q=1 gpu_total_us=8418 gpu_prepass_us=0 gpu_main_us=8418 gpu_composite_us=0 gpu_blit_us=0
frust_shell_common::perf: frust-perf raw n=2008 total_us=7268 rebuild_us=221 layout_us=0 paint_us=107 encode_us=65 acquire_us=2475 submit_us=4399 skipped=0 gpu_q=1 gpu_total_us=8403 gpu_prepass_us=0 gpu_main_us=8403 gpu_composite_us=0 gpu_blit_us=0
frust_shell_common::perf: bench-scenario-start s3-create10k
frust_shell_common::perf: frust-perf raw n=2009 total_us=9900 rebuild_us=5404 layout_us=214 paint_us=154 encode_us=63 acquire_us=99 submit_us=3963 skipped=0 gpu_q=1 gpu_total_us=8410 gpu_prepass_us=0 gpu_main_us=8410 gpu_composite_us=0 gpu_blit_us=0
frust_shell_common::perf: bench-scenario-end s3-create10k
frust_shell_common::perf: frust-perf raw n=2010 total_us=6835 rebuild_us=355 layout_us=0 paint_us=126 encode_us=45 acquire_us=1408 submit_us=4899 skipped=0 gpu_q=1 gpu_total_us=8425 gpu_prepass_us=0 gpu_main_us=8425 gpu_composite_us=0 gpu_blit_us=0
frust_shell_common::perf: frust-perf raw n=2011 total_us=6154 rebuild_us=215 layout_us=0 paint_us=90 encode_us=44 acquire_us=2009 submit_us=3794 skipped=0 gpu_q=1 gpu_total_us=8412 gpu_prepass_us=0 gpu_main_us=8412 gpu_composite_us=0 gpu_blit_us=0
frust_shell_common::perf: frust-perf raw n=2012 total_us=5194 rebuild_us=207 layout_us=0 paint_us=88 encode_us=51 acquire_us=1415 submit_us=3433 skipped=0 gpu_q=1 gpu_total_us=8405 gpu_prepass_us=0 gpu_main_us=8405 gpu_composite_us=0 gpu_blit_us=0
frust_shell_common::perf: frust-perf raw n=2013 total_us=5978 rebuild_us=208 layout_us=0 paint_us=144 encode_us=46 acquire_us=1802 submit_us=3775 skipped=0 gpu_q=1 gpu_total_us=7289 gpu_prepass_us=0 gpu_main_us=7289 gpu_composite_us=0 gpu_blit_us=0
frust_shell_common::perf: frust-perf raw n=2014 total_us=5266 rebuild_us=211 layout_us=0 paint_us=88 encode_us=46 acquire_us=1501 submit_us=3418 skipped=0 gpu_q=1 gpu_total_us=7272 gpu_prepass_us=0 gpu_main_us=7272 gpu_composite_us=0 gpu_blit_us=0
frust_shell_common::perf: frust-perf raw n=2015 total_us=4735 rebuild_us=215 layout_us=0 paint_us=91 encode_us=47 acquire_us=1085 submit_us=3295 skipped=0 gpu_q=1 gpu_total_us=5277 gpu_prepass_us=0 gpu_main_us=5277 gpu_composite_us=0 gpu_blit_us=0
frust_shell_common::perf: frust-perf raw n=2016 total_us=4238 rebuild_us=210 layout_us=0 paint_us=98 encode_us=47 acquire_us=526 submit_us=3355 skipped=0 gpu_q=1 gpu_total_us=5314 gpu_prepass_us=0 gpu_main_us=5314 gpu_composite_us=0 gpu_blit_us=0
frust_shell_common::perf: frust-perf raw n=2017 total_us=6184 rebuild_us=208 layout_us=0 paint_us=87 encode_us=46 acquire_us=1753 submit_us=4088 skipped=0 gpu_q=1 gpu_total_us=5287 gpu_prepass_us=0 gpu_main_us=5287 gpu_composite_us=0 gpu_blit_us=0
frust_shell_common::perf: frust-perf raw n=2018 total_us=6009 rebuild_us=215 layout_us=0 paint_us=93 encode_us=46 acquire_us=1989 submit_us=3665 skipped=0 gpu_q=1 gpu_total_us=5280 gpu_prepass_us=0 gpu_main_us=5280 gpu_composite_us=0 gpu_blit_us=0
frust_shell_common::perf: frust-perf raw n=2019 total_us=4987 rebuild_us=204 layout_us=0 paint_us=100 encode_us=50 acquire_us=1291 submit_us=3340 skipped=0 gpu_q=1 gpu_total_us=5326 gpu_prepass_us=0 gpu_main_us=5326 gpu_composite_us=0 gpu_blit_us=0
frust_shell_common::perf: frust-perf raw n=2020 total_us=4996 rebuild_us=214 layout_us=0 paint_us=89 encode_us=52 acquire_us=1318 submit_us=3321 skipped=0 gpu_q=1 gpu_total_us=5309 gpu_prepass_us=0 gpu_main_us=5309 gpu_composite_us=0 gpu_blit_us=0
frust_shell_common::perf: frust-perf raw n=2021 total_us=4894 rebuild_us=500 layout_us=0 paint_us=100 encode_us=50 acquire_us=76 submit_us=4166 skipped=0 gpu_q=1 gpu_total_us=5286 gpu_prepass_us=0 gpu_main_us=5286 gpu_composite_us=0 gpu_blit_us=0
frust_shell_common::perf: frust-perf raw n=2022 total_us=6479 rebuild_us=276 layout_us=0 paint_us=96 encode_us=51 acquire_us=1558 submit_us=4496 skipped=0 gpu_q=1 gpu_total_us=5280 gpu_prepass_us=0 gpu_main_us=5280 gpu_composite_us=0 gpu_blit_us=0
frust_shell_common::perf: frust-perf raw n=2023 total_us=6469 rebuild_us=213 layout_us=0 paint_us=92 encode_us=59 acquire_us=2448 submit_us=3655 skipped=0 gpu_q=1 gpu_total_us=5270 gpu_prepass_us=0 gpu_main_us=5270 gpu_composite_us=0 gpu_blit_us=0
frust_shell_common::perf: frust-perf raw n=2024 total_us=5350 rebuild_us=213 layout_us=0 paint_us=90 encode_us=52 acquire_us=1581 submit_us=3412 skipped=0 gpu_q=1 gpu_total_us=5270 gpu_prepass_us=0 gpu_main_us=5270 gpu_composite_us=0 gpu_blit_us=0
frust_shell_common::perf: frust-perf raw n=2025 total_us=6355 rebuild_us=229 layout_us=0 paint_us=105 encode_us=63 acquire_us=1653 submit_us=4302 skipped=0 gpu_q=1 gpu_total_us=5292 gpu_prepass_us=0 gpu_main_us=5292 gpu_composite_us=0 gpu_blit_us=0
frust_shell_common::perf: frust-perf raw n=2026 total_us=5860 rebuild_us=233 layout_us=0 paint_us=98 encode_us=49 acquire_us=1181 submit_us=4297 skipped=0 gpu_q=1 gpu_total_us=5274 gpu_prepass_us=0 gpu_main_us=5274 gpu_composite_us=0 gpu_blit_us=0
frust_shell_common::perf: frust-perf raw n=2027 total_us=4665 rebuild_us=208 layout_us=0 paint_us=91 encode_us=48 acquire_us=933 submit_us=3382 skipped=0 gpu_q=1 gpu_total_us=5273 gpu_prepass_us=0 gpu_main_us=5273 gpu_composite_us=0 gpu_blit_us=0
frust_shell_common::perf: frust-perf raw n=2028 total_us=6510 rebuild_us=201 layout_us=0 paint_us=133 encode_us=53 acquire_us=2425 submit_us=3695 skipped=0 gpu_q=1 gpu_total_us=5277 gpu_prepass_us=0 gpu_main_us=5277 gpu_composite_us=0 gpu_blit_us=0
frust_shell_common::perf: bench-scenario-start s3-update
frust_shell_common::perf: frust-perf raw n=2029 total_us=8968 rebuild_us=4353 layout_us=80 paint_us=106 encode_us=65 acquire_us=104 submit_us=4257 skipped=0 gpu_q=1 gpu_total_us=5293 gpu_prepass_us=0 gpu_main_us=5293 gpu_composite_us=0 gpu_blit_us=0
frust_shell_common::perf: bench-scenario-end s3-update
frust_shell_common::perf: frust-perf raw n=2030 total_us=9543 rebuild_us=278 layout_us=0 paint_us=101 encode_us=56 acquire_us=837 submit_us=8269 skipped=0 gpu_q=1 gpu_total_us=5276 gpu_prepass_us=0 gpu_main_us=5276 gpu_composite_us=0 gpu_blit_us=0
frust_shell_common::perf: frust-perf raw n=2031 total_us=4372 rebuild_us=284 layout_us=0 paint_us=122 encode_us=46 acquire_us=71 submit_us=3847 skipped=0 gpu_q=1 gpu_total_us=5286 gpu_prepass_us=0 gpu_main_us=5286 gpu_composite_us=0 gpu_blit_us=0
frust_shell_common::perf: frust-perf raw n=2032 total_us=4544 rebuild_us=306 layout_us=0 paint_us=122 encode_us=51 acquire_us=69 submit_us=3992 skipped=0 gpu_q=1 gpu_total_us=5249 gpu_prepass_us=0 gpu_main_us=5249 gpu_composite_us=0 gpu_blit_us=0
frust_shell_common::perf: frust-perf raw n=2033 total_us=5911 rebuild_us=317 layout_us=0 paint_us=130 encode_us=53 acquire_us=1103 submit_us=4304 skipped=0 gpu_q=1 gpu_total_us=5277 gpu_prepass_us=0 gpu_main_us=5277 gpu_composite_us=0 gpu_blit_us=0
frust_shell_common::perf: frust-perf raw n=2034 total_us=5973 rebuild_us=240 layout_us=0 paint_us=97 encode_us=49 acquire_us=1215 submit_us=4368 skipped=0 gpu_q=1 gpu_total_us=5318 gpu_prepass_us=0 gpu_main_us=5318 gpu_composite_us=0 gpu_blit_us=0
frust_shell_common::perf: frust-perf raw n=2035 total_us=6882 rebuild_us=245 layout_us=0 paint_us=111 encode_us=59 acquire_us=1745 submit_us=4720 skipped=0 gpu_q=1 gpu_total_us=5307 gpu_prepass_us=0 gpu_main_us=5307 gpu_composite_us=0 gpu_blit_us=0
frust_shell_common::perf: frust-perf raw n=2036 total_us=8185 rebuild_us=242 layout_us=0 paint_us=105 encode_us=56 acquire_us=3082 submit_us=4697 skipped=0 gpu_q=1 gpu_total_us=5295 gpu_prepass_us=0 gpu_main_us=5295 gpu_composite_us=0 gpu_blit_us=0
frust_shell_common::perf: frust-perf raw n=2037 total_us=7663 rebuild_us=244 layout_us=0 paint_us=105 encode_us=60 acquire_us=2616 submit_us=4636 skipped=0 gpu_q=1 gpu_total_us=5301 gpu_prepass_us=0 gpu_main_us=5301 gpu_composite_us=0 gpu_blit_us=0
frust_shell_common::perf: frust-perf raw n=2038 total_us=8221 rebuild_us=234 layout_us=0 paint_us=107 encode_us=56 acquire_us=2211 submit_us=5609 skipped=0 gpu_q=1 gpu_total_us=5304 gpu_prepass_us=0 gpu_main_us=5304 gpu_composite_us=0 gpu_blit_us=0
frust_shell_common::perf: frust-perf raw n=2039 total_us=7705 rebuild_us=238 layout_us=0 paint_us=102 encode_us=55 acquire_us=2613 submit_us=4695 skipped=0 gpu_q=1 gpu_total_us=5295 gpu_prepass_us=0 gpu_main_us=5295 gpu_composite_us=0 gpu_blit_us=0
frust_shell_common::perf: frust-perf raw n=2040 total_us=7403 rebuild_us=254 layout_us=0 paint_us=110 encode_us=65 acquire_us=2322 submit_us=4649 skipped=0 gpu_q=1 gpu_total_us=5267 gpu_prepass_us=0 gpu_main_us=5267 gpu_composite_us=0 gpu_blit_us=0
frust_shell_common::perf: frust-perf raw n=2041 total_us=7523 rebuild_us=246 layout_us=0 paint_us=103 encode_us=61 acquire_us=2264 submit_us=4847 skipped=0 gpu_q=1 gpu_total_us=7303 gpu_prepass_us=0 gpu_main_us=7303 gpu_composite_us=0 gpu_blit_us=0
frust_shell_common::perf: frust-perf raw n=2042 total_us=7655 rebuild_us=237 layout_us=0 paint_us=108 encode_us=59 acquire_us=2478 submit_us=4772 skipped=0 gpu_q=1 gpu_total_us=7837 gpu_prepass_us=0 gpu_main_us=7837 gpu_composite_us=0 gpu_blit_us=0
frust_shell_common::perf: frust-perf raw n=2043 total_us=6198 rebuild_us=352 layout_us=0 paint_us=111 encode_us=136 acquire_us=1986 submit_us=3611 skipped=0 gpu_q=1 gpu_total_us=7312 gpu_prepass_us=0 gpu_main_us=7312 gpu_composite_us=0 gpu_blit_us=0
frust_shell_common::perf: frust-perf raw n=2044 total_us=4227 rebuild_us=192 layout_us=0 paint_us=79 encode_us=54 acquire_us=81 submit_us=3818 skipped=0 gpu_q=1 gpu_total_us=7307 gpu_prepass_us=0 gpu_main_us=7307 gpu_composite_us=0 gpu_blit_us=0
frust_shell_common::perf: frust-perf raw n=2045 total_us=4133 rebuild_us=195 layout_us=0 paint_us=77 encode_us=48 acquire_us=65 submit_us=3745 skipped=0 gpu_q=1 gpu_total_us=7313 gpu_prepass_us=0 gpu_main_us=7313 gpu_composite_us=0 gpu_blit_us=0
frust_shell_common::perf: frust-perf raw n=2046 total_us=4877 rebuild_us=586 layout_us=0 paint_us=129 encode_us=50 acquire_us=82 submit_us=4028 skipped=0 gpu_q=1 gpu_total_us=7317 gpu_prepass_us=0 gpu_main_us=7317 gpu_composite_us=0 gpu_blit_us=0
frust_shell_common::perf: frust-perf raw n=2047 total_us=9936 rebuild_us=230 layout_us=0 paint_us=103 encode_us=55 acquire_us=5186 submit_us=4359 skipped=0 gpu_q=1 gpu_total_us=7255 gpu_prepass_us=0 gpu_main_us=7255 gpu_composite_us=0 gpu_blit_us=0
frust_shell_common::perf: frust-perf raw n=2048 total_us=6380 rebuild_us=222 layout_us=0 paint_us=92 encode_us=55 acquire_us=194 submit_us=5815 skipped=0 gpu_q=1 gpu_total_us=7228 gpu_prepass_us=0 gpu_main_us=7228 gpu_composite_us=0 gpu_blit_us=0
frust_shell_common::perf: bench-scenario-start s3-swap
frust_shell_common::perf: frust-perf raw n=2049 total_us=9836 rebuild_us=3895 layout_us=73 paint_us=92 encode_us=51 acquire_us=87 submit_us=5636 skipped=0 gpu_q=1 gpu_total_us=7240 gpu_prepass_us=0 gpu_main_us=7240 gpu_composite_us=0 gpu_blit_us=0
frust_shell_common::perf: bench-scenario-end s3-swap
frust_shell_common::perf: frust-perf raw n=2050 total_us=7087 rebuild_us=312 layout_us=0 paint_us=97 encode_us=59 acquire_us=1744 submit_us=4871 skipped=0 gpu_q=1 gpu_total_us=7258 gpu_prepass_us=0 gpu_main_us=7258 gpu_composite_us=0 gpu_blit_us=0
frust_shell_common::perf: frust-perf raw n=2051 total_us=6040 rebuild_us=234 layout_us=0 paint_us=97 encode_us=499 acquire_us=804 submit_us=4404 skipped=0 gpu_q=1 gpu_total_us=7258 gpu_prepass_us=0 gpu_main_us=7258 gpu_composite_us=0 gpu_blit_us=0
frust_shell_common::perf: frust-perf raw n=2052 total_us=4433 rebuild_us=234 layout_us=0 paint_us=94 encode_us=50 acquire_us=75 submit_us=3978 skipped=0 gpu_q=1 gpu_total_us=7239 gpu_prepass_us=0 gpu_main_us=7239 gpu_composite_us=0 gpu_blit_us=0
frust_shell_common::perf: frust-perf raw n=2053 total_us=6256 rebuild_us=229 layout_us=0 paint_us=95 encode_us=52 acquire_us=1434 submit_us=4443 skipped=0 gpu_q=1 gpu_total_us=7846 gpu_prepass_us=376 gpu_main_us=7470 gpu_composite_us=0 gpu_blit_us=0
frust_shell_common::perf: frust-perf raw n=2054 total_us=5540 rebuild_us=233 layout_us=0 paint_us=146 encode_us=60 acquire_us=539 submit_us=4559 skipped=0 gpu_q=1 gpu_total_us=7435 gpu_prepass_us=0 gpu_main_us=7435 gpu_composite_us=0 gpu_blit_us=0
frust_shell_common::perf: frust-perf raw n=2055 total_us=5894 rebuild_us=229 layout_us=0 paint_us=98 encode_us=51 acquire_us=1023 submit_us=4491 skipped=0 gpu_q=1 gpu_total_us=7437 gpu_prepass_us=0 gpu_main_us=7437 gpu_composite_us=0 gpu_blit_us=0
frust_shell_common::perf: frust-perf raw n=2056 total_us=6128 rebuild_us=227 layout_us=0 paint_us=94 encode_us=51 acquire_us=1353 submit_us=4400 skipped=0 gpu_q=1 gpu_total_us=7422 gpu_prepass_us=0 gpu_main_us=7422 gpu_composite_us=0 gpu_blit_us=0
frust_shell_common::perf: frust-perf raw n=2057 total_us=4863 rebuild_us=233 layout_us=0 paint_us=101 encode_us=53 acquire_us=461 submit_us=4012 skipped=0 gpu_q=1 gpu_total_us=7431 gpu_prepass_us=0 gpu_main_us=7431 gpu_composite_us=0 gpu_blit_us=0
frust_shell_common::perf: frust-perf raw n=2058 total_us=6434 rebuild_us=245 layout_us=0 paint_us=100 encode_us=50 acquire_us=1618 submit_us=4419 skipped=0 gpu_q=1 gpu_total_us=7437 gpu_prepass_us=0 gpu_main_us=7437 gpu_composite_us=0 gpu_blit_us=0
frust_shell_common::perf: frust-perf raw n=2059 total_us=6333 rebuild_us=233 layout_us=0 paint_us=97 encode_us=52 acquire_us=1591 submit_us=4357 skipped=0 gpu_q=1 gpu_total_us=7443 gpu_prepass_us=0 gpu_main_us=7443 gpu_composite_us=0 gpu_blit_us=0
frust_shell_common::perf: frust-perf raw n=2060 total_us=5661 rebuild_us=230 layout_us=0 paint_us=163 encode_us=52 acquire_us=762 submit_us=4452 skipped=0 gpu_q=1 gpu_total_us=7912 gpu_prepass_us=0 gpu_main_us=7912 gpu_composite_us=0 gpu_blit_us=0
frust_shell_common::perf: frust-perf raw n=2061 total_us=6661 rebuild_us=223 layout_us=0 paint_us=100 encode_us=51 acquire_us=1874 submit_us=4410 skipped=0 gpu_q=1 gpu_total_us=7424 gpu_prepass_us=0 gpu_main_us=7424 gpu_composite_us=0 gpu_blit_us=0
frust_shell_common::perf: frust-perf raw n=2062 total_us=5896 rebuild_us=224 layout_us=0 paint_us=95 encode_us=51 acquire_us=1261 submit_us=4262 skipped=0 gpu_q=1 gpu_total_us=7450 gpu_prepass_us=0 gpu_main_us=7450 gpu_composite_us=0 gpu_blit_us=0
frust_shell_common::perf: frust-perf raw n=2063 total_us=7322 rebuild_us=256 layout_us=0 paint_us=102 encode_us=51 acquire_us=2073 submit_us=4837 skipped=0 gpu_q=1 gpu_total_us=7432 gpu_prepass_us=0 gpu_main_us=7432 gpu_composite_us=0 gpu_blit_us=0
frust_shell_common::perf: frust-perf raw n=2064 total_us=7013 rebuild_us=230 layout_us=0 paint_us=101 encode_us=50 acquire_us=2271 submit_us=4359 skipped=0 gpu_q=1 gpu_total_us=7444 gpu_prepass_us=0 gpu_main_us=7444 gpu_composite_us=0 gpu_blit_us=0
frust_shell_common::perf: frust-perf raw n=2065 total_us=5881 rebuild_us=227 layout_us=0 paint_us=93 encode_us=54 acquire_us=1204 submit_us=4300 skipped=0 gpu_q=1 gpu_total_us=7454 gpu_prepass_us=0 gpu_main_us=7454 gpu_composite_us=0 gpu_blit_us=0
frust_shell_common::perf: frust-perf raw n=2066 total_us=5569 rebuild_us=249 layout_us=0 paint_us=107 encode_us=53 acquire_us=1143 submit_us=4015 skipped=0 gpu_q=1 gpu_total_us=7455 gpu_prepass_us=0 gpu_main_us=7455 gpu_composite_us=0 gpu_blit_us=0
frust_shell_common::perf: frust-perf raw n=2067 total_us=6315 rebuild_us=234 layout_us=0 paint_us=97 encode_us=52 acquire_us=1574 submit_us=4354 skipped=0 gpu_q=1 gpu_total_us=7431 gpu_prepass_us=0 gpu_main_us=7431 gpu_composite_us=0 gpu_blit_us=0
frust_shell_common::perf: frust-perf raw n=2068 total_us=6345 rebuild_us=224 layout_us=0 paint_us=99 encode_us=50 acquire_us=1300 submit_us=4669 skipped=0 gpu_q=1 gpu_total_us=7438 gpu_prepass_us=0 gpu_main_us=7438 gpu_composite_us=0 gpu_blit_us=0
frust_shell_common::perf: bench-scenario-start s3-clear
frust_shell_common::perf: frust-perf raw n=2069 total_us=7994 rebuild_us=4969 layout_us=20 paint_us=26 encode_us=37 acquire_us=86 submit_us=2854 skipped=0 gpu_q=1 gpu_total_us=7753 gpu_prepass_us=0 gpu_main_us=7753 gpu_composite_us=0 gpu_blit_us=0
frust_shell_common::perf: bench-scenario-end s3-clear
frust_shell_common::perf: frust-perf raw n=2070 total_us=3728 rebuild_us=134 layout_us=0 paint_us=30 encode_us=17 acquire_us=1125 submit_us=2419 skipped=0 gpu_q=1 gpu_total_us=7453 gpu_prepass_us=0 gpu_main_us=7453 gpu_composite_us=0 gpu_blit_us=0
frust_shell_common::perf: frust-perf raw n=2071 total_us=4402 rebuild_us=97 layout_us=0 paint_us=31 encode_us=17 acquire_us=1583 submit_us=2671 skipped=0 gpu_q=1 gpu_total_us=7434 gpu_prepass_us=0 gpu_main_us=7434 gpu_composite_us=0 gpu_blit_us=0
frust_shell_common::perf: frust-perf raw n=2072 total_us=3933 rebuild_us=90 layout_us=0 paint_us=29 encode_us=18 acquire_us=1330 submit_us=2464 skipped=0 gpu_q=1 gpu_total_us=7448 gpu_prepass_us=0 gpu_main_us=7448 gpu_composite_us=0 gpu_blit_us=0
frust_shell_common::perf: frust-perf raw n=2073 total_us=4163 rebuild_us=94 layout_us=0 paint_us=29 encode_us=18 acquire_us=1594 submit_us=2426 skipped=0 gpu_q=1 gpu_total_us=3189 gpu_prepass_us=0 gpu_main_us=3189 gpu_composite_us=0 gpu_blit_us=0
frust_shell_common::perf: frust-perf raw n=2074 total_us=4517 rebuild_us=96 layout_us=0 paint_us=31 encode_us=18 acquire_us=1699 submit_us=2671 skipped=0 gpu_q=1 gpu_total_us=3209 gpu_prepass_us=0 gpu_main_us=3209 gpu_composite_us=0 gpu_blit_us=0
frust_shell_common::perf: frust-perf raw n=2075 total_us=4651 rebuild_us=154 layout_us=0 paint_us=31 encode_us=19 acquire_us=1811 submit_us=2633 skipped=0 gpu_q=1 gpu_total_us=3212 gpu_prepass_us=0 gpu_main_us=3212 gpu_composite_us=0 gpu_blit_us=0
frust_shell_common::perf: frust-perf raw n=2076 total_us=4540 rebuild_us=111 layout_us=0 paint_us=39 encode_us=22 acquire_us=1744 submit_us=2622 skipped=0 gpu_q=1 gpu_total_us=3203 gpu_prepass_us=0 gpu_main_us=3203 gpu_composite_us=0 gpu_blit_us=0
frust_shell_common::perf: frust-perf raw n=2077 total_us=4966 rebuild_us=99 layout_us=0 paint_us=32 encode_us=21 acquire_us=2131 submit_us=2680 skipped=0 gpu_q=1 gpu_total_us=3198 gpu_prepass_us=0 gpu_main_us=3198 gpu_composite_us=0 gpu_blit_us=0
frust_shell_common::perf: frust-perf raw n=2078 total_us=3895 rebuild_us=92 layout_us=0 paint_us=31 encode_us=21 acquire_us=1160 submit_us=2589 skipped=0 gpu_q=1 gpu_total_us=3200 gpu_prepass_us=0 gpu_main_us=3200 gpu_composite_us=0 gpu_blit_us=0
frust_shell_common::perf: frust-perf raw n=2079 total_us=4425 rebuild_us=97 layout_us=0 paint_us=30 encode_us=19 acquire_us=1626 submit_us=2650 skipped=0 gpu_q=1 gpu_total_us=3200 gpu_prepass_us=0 gpu_main_us=3200 gpu_composite_us=0 gpu_blit_us=0
frust_shell_common::perf: frust-perf raw n=2080 total_us=5012 rebuild_us=97 layout_us=0 paint_us=31 encode_us=21 acquire_us=2158 submit_us=2701 skipped=0 gpu_q=1 gpu_total_us=3210 gpu_prepass_us=0 gpu_main_us=3210 gpu_composite_us=0 gpu_blit_us=0
frust_shell_common::perf: frust-perf raw n=2081 total_us=4749 rebuild_us=110 layout_us=0 paint_us=33 encode_us=22 acquire_us=1748 submit_us=2832 skipped=0 gpu_q=1 gpu_total_us=3212 gpu_prepass_us=0 gpu_main_us=3212 gpu_composite_us=0 gpu_blit_us=0
frust_shell_common::perf: frust-perf raw n=2082 total_us=4474 rebuild_us=112 layout_us=0 paint_us=37 encode_us=20 acquire_us=1673 submit_us=2630 skipped=0 gpu_q=1 gpu_total_us=3202 gpu_prepass_us=0 gpu_main_us=3202 gpu_composite_us=0 gpu_blit_us=0
frust_shell_common::perf: frust-perf raw n=2083 total_us=4794 rebuild_us=96 layout_us=0 paint_us=32 encode_us=22 acquire_us=1948 submit_us=2694 skipped=0 gpu_q=1 gpu_total_us=3210 gpu_prepass_us=0 gpu_main_us=3210 gpu_composite_us=0 gpu_blit_us=0
frust_shell_common::perf: frust-perf raw n=2084 total_us=4892 rebuild_us=95 layout_us=0 paint_us=32 encode_us=21 acquire_us=1905 submit_us=2836 skipped=0 gpu_q=1 gpu_total_us=3294 gpu_prepass_us=0 gpu_main_us=3294 gpu_composite_us=0 gpu_blit_us=0
frust_shell_common::perf: frust-perf raw n=2085 total_us=4317 rebuild_us=94 layout_us=0 paint_us=31 encode_us=20 acquire_us=1475 submit_us=2694 skipped=0 gpu_q=1 gpu_total_us=3209 gpu_prepass_us=0 gpu_main_us=3209 gpu_composite_us=0 gpu_blit_us=0
frust_shell_android::app::frame: frust-perf platform-view tail depth=0 target=0 acquire_bound=false frame=2098 expected_present_us=0 acquire_us=1724 period_us=11131
frust_shell_common::perf: frust-perf raw n=2086 total_us=4587 rebuild_us=99 layout_us=0 paint_us=31 encode_us=21 acquire_us=1228 submit_us=3206 skipped=0 gpu_q=1 gpu_total_us=3215 gpu_prepass_us=0 gpu_main_us=3215 gpu_composite_us=0 gpu_blit_us=0
frust_shell_common::perf: frust-perf raw n=2087 total_us=3896 rebuild_us=99 layout_us=0 paint_us=32 encode_us=21 acquire_us=1138 submit_us=2604 skipped=0 gpu_q=1 gpu_total_us=3207 gpu_prepass_us=0 gpu_main_us=3207 gpu_composite_us=0 gpu_blit_us=0
frust_shell_common::perf: frust-perf raw n=2088 total_us=5103 rebuild_us=96 layout_us=0 paint_us=31 encode_us=21 acquire_us=2319 submit_us=2633 skipped=0 gpu_q=1 gpu_total_us=3206 gpu_prepass_us=0 gpu_main_us=3206 gpu_composite_us=0 gpu_blit_us=0
frust_shell_common::perf: bench-scenario-start s3-create1k
frust_shell_common::perf: bench-scenario-end s3-create1k
frust_shell_common::perf: frust-perf raw n=2089 total_us=11742 rebuild_us=1275 layout_us=295 paint_us=286 encode_us=44 acquire_us=90 submit_us=9750 skipped=0 gpu_q=1 gpu_total_us=3209 gpu_prepass_us=0 gpu_main_us=3209 gpu_composite_us=0 gpu_blit_us=0
frust_shell_common::perf: frust-perf raw n=2090 total_us=10083 rebuild_us=435 layout_us=0 paint_us=131 encode_us=71 acquire_us=1203 submit_us=8239 skipped=0 gpu_q=1 gpu_total_us=3196 gpu_prepass_us=0 gpu_main_us=3196 gpu_composite_us=0 gpu_blit_us=0
frust_shell_common::perf: frust-perf raw n=2091 total_us=9554 rebuild_us=270 layout_us=0 paint_us=122 encode_us=57 acquire_us=1743 submit_us=7360 skipped=0 gpu_q=1 gpu_total_us=3216 gpu_prepass_us=0 gpu_main_us=3216 gpu_composite_us=0 gpu_blit_us=0
frust_shell_common::perf: frust-perf raw n=2092 total_us=9516 rebuild_us=217 layout_us=0 paint_us=101 encode_us=50 acquire_us=1826 submit_us=7321 skipped=0 gpu_q=1 gpu_total_us=3289 gpu_prepass_us=0 gpu_main_us=3289 gpu_composite_us=0 gpu_blit_us=0
frust_shell_common::perf: frust-perf raw n=2093 total_us=9699 rebuild_us=223 layout_us=0 paint_us=148 encode_us=54 acquire_us=2523 submit_us=6749 skipped=0 gpu_q=1 gpu_total_us=4912 gpu_prepass_us=0 gpu_main_us=4912 gpu_composite_us=0 gpu_blit_us=0
frust_shell_common::perf: frust-perf raw n=2094 total_us=8149 rebuild_us=203 layout_us=0 paint_us=90 encode_us=48 acquire_us=2003 submit_us=5802 skipped=0 gpu_q=1 gpu_total_us=4917 gpu_prepass_us=0 gpu_main_us=4917 gpu_composite_us=0 gpu_blit_us=0
frust_shell_common::perf: frust-perf raw n=2095 total_us=7534 rebuild_us=195 layout_us=0 paint_us=78 encode_us=46 acquire_us=1483 submit_us=5731 skipped=0 gpu_q=1 gpu_total_us=4905 gpu_prepass_us=0 gpu_main_us=4905 gpu_composite_us=0 gpu_blit_us=0
frust_shell_common::perf: frust-perf raw n=2096 total_us=7190 rebuild_us=202 layout_us=0 paint_us=84 encode_us=42 acquire_us=889 submit_us=5970 skipped=0 gpu_q=1 gpu_total_us=4884 gpu_prepass_us=0 gpu_main_us=4884 gpu_composite_us=0 gpu_blit_us=0
frust_shell_common::perf: frust-perf raw n=2097 total_us=7070 rebuild_us=207 layout_us=0 paint_us=88 encode_us=48 acquire_us=1030 submit_us=5695 skipped=0 gpu_q=1 gpu_total_us=4890 gpu_prepass_us=0 gpu_main_us=4890 gpu_composite_us=0 gpu_blit_us=0
frust_shell_common::perf: frust-perf raw n=2098 total_us=5396 rebuild_us=215 layout_us=0 paint_us=91 encode_us=40 acquire_us=1682 submit_us=3366 skipped=0 gpu_q=1 gpu_total_us=4885 gpu_prepass_us=0 gpu_main_us=4885 gpu_composite_us=0 gpu_blit_us=0
frust_shell_common::perf: frust-perf raw n=2099 total_us=4737 rebuild_us=203 layout_us=0 paint_us=95 encode_us=46 acquire_us=597 submit_us=3792 skipped=0 gpu_q=1 gpu_total_us=4922 gpu_prepass_us=0 gpu_main_us=4922 gpu_composite_us=0 gpu_blit_us=0
frust_shell_common::perf: frust-perf raw n=2100 total_us=6464 rebuild_us=207 layout_us=0 paint_us=94 encode_us=48 acquire_us=1891 submit_us=4221 skipped=0 gpu_q=1 gpu_total_us=4907 gpu_prepass_us=0 gpu_main_us=4907 gpu_composite_us=0 gpu_blit_us=0
frust_shell_common::perf: frust-perf raw n=2101 total_us=6601 rebuild_us=206 layout_us=0 paint_us=89 encode_us=43 acquire_us=2075 submit_us=4186 skipped=0 gpu_q=1 gpu_total_us=4917 gpu_prepass_us=0 gpu_main_us=4917 gpu_composite_us=0 gpu_blit_us=0
frust_shell_common::perf: frust-perf raw n=2102 total_us=6287 rebuild_us=204 layout_us=0 paint_us=90 encode_us=44 acquire_us=1821 submit_us=4126 skipped=0 gpu_q=1 gpu_total_us=8321 gpu_prepass_us=0 gpu_main_us=8321 gpu_composite_us=0 gpu_blit_us=0
frust_shell_common::perf: frust-perf raw n=2103 total_us=6297 rebuild_us=199 layout_us=0 paint_us=97 encode_us=49 acquire_us=1965 submit_us=3985 skipped=0 gpu_q=1 gpu_total_us=8347 gpu_prepass_us=0 gpu_main_us=8347 gpu_composite_us=0 gpu_blit_us=0
frust_shell_common::perf: frust-perf raw n=2104 total_us=5881 rebuild_us=202 layout_us=0 paint_us=102 encode_us=46 acquire_us=1535 submit_us=3996 skipped=0 gpu_q=1 gpu_total_us=8342 gpu_prepass_us=0 gpu_main_us=8342 gpu_composite_us=0 gpu_blit_us=0
frust_shell_common::perf: frust-perf raw n=2105 total_us=6055 rebuild_us=207 layout_us=0 paint_us=97 encode_us=47 acquire_us=1858 submit_us=3843 skipped=0 gpu_q=1 gpu_total_us=8322 gpu_prepass_us=0 gpu_main_us=8322 gpu_composite_us=0 gpu_blit_us=0
frust_shell_common::perf: frust-perf raw n=2106 total_us=6432 rebuild_us=200 layout_us=0 paint_us=90 encode_us=47 acquire_us=1902 submit_us=4191 skipped=0 gpu_q=1 gpu_total_us=8351 gpu_prepass_us=0 gpu_main_us=8351 gpu_composite_us=0 gpu_blit_us=0
frust_shell_common::perf: frust-perf raw n=2107 total_us=6161 rebuild_us=212 layout_us=0 paint_us=132 encode_us=46 acquire_us=1624 submit_us=4145 skipped=0 gpu_q=1 gpu_total_us=8360 gpu_prepass_us=0 gpu_main_us=8360 gpu_composite_us=0 gpu_blit_us=0
frust_shell_common::perf: frust-perf raw n=2108 total_us=5893 rebuild_us=196 layout_us=0 paint_us=96 encode_us=45 acquire_us=1754 submit_us=3799 skipped=0 gpu_q=1 gpu_total_us=8333 gpu_prepass_us=0 gpu_main_us=8333 gpu_composite_us=0 gpu_blit_us=0
frust_shell_common::perf: bench-scenario-start s3-create10k
frust_shell_common::perf: bench-scenario-end s3-create10k
frust_shell_common::perf: frust-perf raw n=2109 total_us=9988 rebuild_us=5613 layout_us=255 paint_us=158 encode_us=53 acquire_us=85 submit_us=3823 skipped=0 gpu_q=1 gpu_total_us=8344 gpu_prepass_us=0 gpu_main_us=8344 gpu_composite_us=0 gpu_blit_us=0
frust_shell_common::perf: frust-perf raw n=2110 total_us=7253 rebuild_us=319 layout_us=0 paint_us=145 encode_us=51 acquire_us=1997 submit_us=4739 skipped=0 gpu_q=1 gpu_total_us=8342 gpu_prepass_us=0 gpu_main_us=8342 gpu_composite_us=0 gpu_blit_us=0
frust_shell_common::perf: frust-perf raw n=2111 total_us=7117 rebuild_us=206 layout_us=0 paint_us=93 encode_us=58 acquire_us=2434 submit_us=4325 skipped=0 gpu_q=1 gpu_total_us=8326 gpu_prepass_us=0 gpu_main_us=8326 gpu_composite_us=0 gpu_blit_us=0
frust_shell_common::perf: frust-perf raw n=2112 total_us=4640 rebuild_us=200 layout_us=0 paint_us=93 encode_us=45 acquire_us=887 submit_us=3413 skipped=0 gpu_q=1 gpu_total_us=8326 gpu_prepass_us=0 gpu_main_us=8326 gpu_composite_us=0 gpu_blit_us=0
frust_shell_common::perf: frust-perf raw n=2113 total_us=5930 rebuild_us=278 layout_us=0 paint_us=92 encode_us=58 acquire_us=1636 submit_us=3864 skipped=0 gpu_q=1 gpu_total_us=7244 gpu_prepass_us=0 gpu_main_us=7244 gpu_composite_us=0 gpu_blit_us=0
frust_shell_common::perf: frust-perf raw n=2114 total_us=5605 rebuild_us=209 layout_us=0 paint_us=101 encode_us=52 acquire_us=1671 submit_us=3569 skipped=0 gpu_q=1 gpu_total_us=7190 gpu_prepass_us=0 gpu_main_us=7190 gpu_composite_us=0 gpu_blit_us=0
frust_shell_common::perf: frust-perf raw n=2115 total_us=4689 rebuild_us=484 layout_us=0 paint_us=90 encode_us=60 acquire_us=521 submit_us=3531 skipped=0 gpu_q=1 gpu_total_us=5204 gpu_prepass_us=0 gpu_main_us=5204 gpu_composite_us=0 gpu_blit_us=0
frust_shell_common::perf: frust-perf raw n=2116 total_us=5896 rebuild_us=206 layout_us=0 paint_us=109 encode_us=50 acquire_us=1966 submit_us=3563 skipped=0 gpu_q=1 gpu_total_us=5207 gpu_prepass_us=0 gpu_main_us=5207 gpu_composite_us=0 gpu_blit_us=0
frust_shell_common::perf: frust-perf raw n=2117 total_us=6956 rebuild_us=208 layout_us=0 paint_us=93 encode_us=49 acquire_us=2320 submit_us=4285 skipped=0 gpu_q=1 gpu_total_us=5195 gpu_prepass_us=0 gpu_main_us=5195 gpu_composite_us=0 gpu_blit_us=0
frust_shell_common::perf: frust-perf raw n=2118 total_us=4721 rebuild_us=215 layout_us=0 paint_us=96 encode_us=49 acquire_us=760 submit_us=3599 skipped=0 gpu_q=1 gpu_total_us=5211 gpu_prepass_us=0 gpu_main_us=5211 gpu_composite_us=0 gpu_blit_us=0
frust_shell_common::perf: frust-perf raw n=2119 total_us=4778 rebuild_us=263 layout_us=0 paint_us=96 encode_us=48 acquire_us=869 submit_us=3500 skipped=0 gpu_q=1 gpu_total_us=5205 gpu_prepass_us=0 gpu_main_us=5205 gpu_composite_us=0 gpu_blit_us=0
frust_shell_common::perf: frust-perf raw n=2120 total_us=5279 rebuild_us=203 layout_us=0 paint_us=93 encode_us=51 acquire_us=1417 submit_us=3513 skipped=0 gpu_q=1 gpu_total_us=5207 gpu_prepass_us=0 gpu_main_us=5207 gpu_composite_us=0 gpu_blit_us=0
frust_shell_common::perf: frust-perf raw n=2121 total_us=5738 rebuild_us=223 layout_us=0 paint_us=95 encode_us=54 acquire_us=1584 submit_us=3781 skipped=0 gpu_q=1 gpu_total_us=5203 gpu_prepass_us=0 gpu_main_us=5203 gpu_composite_us=0 gpu_blit_us=0
frust_shell_common::perf: frust-perf raw n=2122 total_us=5927 rebuild_us=236 layout_us=0 paint_us=116 encode_us=55 acquire_us=1483 submit_us=4034 skipped=0 gpu_q=1 gpu_total_us=5212 gpu_prepass_us=0 gpu_main_us=5212 gpu_composite_us=0 gpu_blit_us=0
frust_shell_common::perf: frust-perf raw n=2123 total_us=5652 rebuild_us=204 layout_us=0 paint_us=94 encode_us=53 acquire_us=1605 submit_us=3695 skipped=0 gpu_q=1 gpu_total_us=5217 gpu_prepass_us=0 gpu_main_us=5217 gpu_composite_us=0 gpu_blit_us=0
frust_shell_common::perf: frust-perf raw n=2124 total_us=6489 rebuild_us=214 layout_us=0 paint_us=89 encode_us=53 acquire_us=1504 submit_us=4626 skipped=0 gpu_q=1 gpu_total_us=5214 gpu_prepass_us=0 gpu_main_us=5214 gpu_composite_us=0 gpu_blit_us=0
frust_shell_common::perf: frust-perf raw n=2125 total_us=5256 rebuild_us=206 layout_us=0 paint_us=87 encode_us=51 acquire_us=1411 submit_us=3498 skipped=0 gpu_q=1 gpu_total_us=5189 gpu_prepass_us=0 gpu_main_us=5189 gpu_composite_us=0 gpu_blit_us=0
frust_shell_common::perf: frust-perf raw n=2126 total_us=5945 rebuild_us=210 layout_us=0 paint_us=90 encode_us=51 acquire_us=1755 submit_us=3836 skipped=0 gpu_q=1 gpu_total_us=5202 gpu_prepass_us=0 gpu_main_us=5202 gpu_composite_us=0 gpu_blit_us=0
frust_shell_common::perf: frust-perf raw n=2127 total_us=4999 rebuild_us=480 layout_us=0 paint_us=170 encode_us=54 acquire_us=78 submit_us=4214 skipped=0 gpu_q=1 gpu_total_us=5193 gpu_prepass_us=0 gpu_main_us=5193 gpu_composite_us=0 gpu_blit_us=0
frust_shell_common::perf: frust-perf raw n=2128 total_us=6085 rebuild_us=235 layout_us=0 paint_us=101 encode_us=54 acquire_us=1182 submit_us=4511 skipped=0 gpu_q=1 gpu_total_us=5194 gpu_prepass_us=0 gpu_main_us=5194 gpu_composite_us=0 gpu_blit_us=0
frust_shell_common::perf: bench-scenario-start s3-update
frust_shell_common::perf: frust-perf raw n=2129 total_us=8332 rebuild_us=3631 layout_us=73 paint_us=91 encode_us=59 acquire_us=88 submit_us=4387 skipped=0 gpu_q=1 gpu_total_us=5226 gpu_prepass_us=0 gpu_main_us=5226 gpu_composite_us=0 gpu_blit_us=0
frust_shell_common::perf: bench-scenario-end s3-update
frust_shell_common::perf: frust-perf raw n=2130 total_us=6112 rebuild_us=257 layout_us=0 paint_us=96 encode_us=59 acquire_us=2056 submit_us=3641 skipped=0 gpu_q=1 gpu_total_us=5202 gpu_prepass_us=0 gpu_main_us=5202 gpu_composite_us=0 gpu_blit_us=0
frust_shell_common::perf: frust-perf raw n=2131 total_us=4391 rebuild_us=203 layout_us=0 paint_us=97 encode_us=121 acquire_us=667 submit_us=3301 skipped=0 gpu_q=1 gpu_total_us=5253 gpu_prepass_us=0 gpu_main_us=5253 gpu_composite_us=0 gpu_blit_us=0
frust_shell_common::perf: frust-perf raw n=2132 total_us=4325 rebuild_us=203 layout_us=0 paint_us=89 encode_us=49 acquire_us=661 submit_us=3320 skipped=0 gpu_q=1 gpu_total_us=5207 gpu_prepass_us=0 gpu_main_us=5207 gpu_composite_us=0 gpu_blit_us=0
frust_shell_common::perf: frust-perf raw n=2133 total_us=6471 rebuild_us=196 layout_us=0 paint_us=86 encode_us=51 acquire_us=1485 submit_us=4651 skipped=0 gpu_q=1 gpu_total_us=5203 gpu_prepass_us=0 gpu_main_us=5203 gpu_composite_us=0 gpu_blit_us=0
frust_shell_common::perf: frust-perf raw n=2134 total_us=5805 rebuild_us=219 layout_us=0 paint_us=98 encode_us=54 acquire_us=1758 submit_us=3676 skipped=0 gpu_q=1 gpu_total_us=5260 gpu_prepass_us=0 gpu_main_us=5260 gpu_composite_us=0 gpu_blit_us=0
frust_shell_common::perf: frust-perf raw n=2135 total_us=5233 rebuild_us=208 layout_us=0 paint_us=90 encode_us=53 acquire_us=1349 submit_us=3530 skipped=0 gpu_q=1 gpu_total_us=5220 gpu_prepass_us=0 gpu_main_us=5220 gpu_composite_us=0 gpu_blit_us=0
frust_shell_common::perf: frust-perf raw n=2136 total_us=4818 rebuild_us=532 layout_us=0 paint_us=95 encode_us=52 acquire_us=71 submit_us=4065 skipped=0 gpu_q=1 gpu_total_us=5284 gpu_prepass_us=0 gpu_main_us=5284 gpu_composite_us=0 gpu_blit_us=0
frust_shell_common::perf: frust-perf raw n=2137 total_us=6611 rebuild_us=225 layout_us=0 paint_us=95 encode_us=60 acquire_us=1849 submit_us=4379 skipped=0 gpu_q=1 gpu_total_us=5241 gpu_prepass_us=0 gpu_main_us=5241 gpu_composite_us=0 gpu_blit_us=0
frust_shell_common::perf: frust-perf raw n=2138 total_us=4864 rebuild_us=195 layout_us=0 paint_us=91 encode_us=50 acquire_us=1026 submit_us=3499 skipped=0 gpu_q=1 gpu_total_us=5218 gpu_prepass_us=0 gpu_main_us=5218 gpu_composite_us=0 gpu_blit_us=0
frust_shell_common::perf: frust-perf raw n=2139 total_us=6400 rebuild_us=195 layout_us=0 paint_us=86 encode_us=53 acquire_us=2264 submit_us=3800 skipped=0 gpu_q=1 gpu_total_us=5244 gpu_prepass_us=0 gpu_main_us=5244 gpu_composite_us=0 gpu_blit_us=0
frust_shell_common::perf: frust-perf raw n=2140 total_us=7238 rebuild_us=284 layout_us=0 paint_us=97 encode_us=50 acquire_us=2501 submit_us=4303 skipped=0 gpu_q=1 gpu_total_us=7039 gpu_prepass_us=0 gpu_main_us=7039 gpu_composite_us=0 gpu_blit_us=0
frust_shell_common::perf: frust-perf raw n=2141 total_us=4311 rebuild_us=207 layout_us=0 paint_us=91 encode_us=52 acquire_us=563 submit_us=3395 skipped=0 gpu_q=1 gpu_total_us=7230 gpu_prepass_us=0 gpu_main_us=7230 gpu_composite_us=0 gpu_blit_us=0
frust_shell_common::perf: frust-perf raw n=2142 total_us=5110 rebuild_us=206 layout_us=0 paint_us=89 encode_us=51 acquire_us=1395 submit_us=3367 skipped=0 gpu_q=1 gpu_total_us=7255 gpu_prepass_us=0 gpu_main_us=7255 gpu_composite_us=0 gpu_blit_us=0
frust_shell_common::perf: frust-perf raw n=2143 total_us=4732 rebuild_us=504 layout_us=0 paint_us=97 encode_us=56 acquire_us=70 submit_us=4001 skipped=0 gpu_q=1 gpu_total_us=7260 gpu_prepass_us=0 gpu_main_us=7260 gpu_composite_us=0 gpu_blit_us=0
frust_shell_common::perf: frust-perf raw n=2144 total_us=7036 rebuild_us=223 layout_us=0 paint_us=96 encode_us=53 acquire_us=2282 submit_us=4381 skipped=0 gpu_q=1 gpu_total_us=7230 gpu_prepass_us=0 gpu_main_us=7230 gpu_composite_us=0 gpu_blit_us=0
frust_shell_common::perf: frust-perf raw n=2145 total_us=5771 rebuild_us=238 layout_us=0 paint_us=179 encode_us=54 acquire_us=973 submit_us=4325 skipped=0 gpu_q=1 gpu_total_us=7278 gpu_prepass_us=0 gpu_main_us=7278 gpu_composite_us=0 gpu_blit_us=0
frust_shell_common::perf: frust-perf raw n=2146 total_us=6167 rebuild_us=236 layout_us=0 paint_us=101 encode_us=53 acquire_us=1493 submit_us=4281 skipped=0 gpu_q=1 gpu_total_us=7249 gpu_prepass_us=0 gpu_main_us=7249 gpu_composite_us=0 gpu_blit_us=0
frust_shell_common::perf: frust-perf raw n=2147 total_us=6221 rebuild_us=229 layout_us=0 paint_us=100 encode_us=54 acquire_us=1221 submit_us=4614 skipped=0 gpu_q=1 gpu_total_us=7255 gpu_prepass_us=0 gpu_main_us=7255 gpu_composite_us=0 gpu_blit_us=0
frust_shell_common::perf: frust-perf raw n=2148 total_us=6933 rebuild_us=228 layout_us=0 paint_us=94 encode_us=115 acquire_us=2189 submit_us=4304 skipped=0 gpu_q=1 gpu_total_us=7229 gpu_prepass_us=0 gpu_main_us=7229 gpu_composite_us=0 gpu_blit_us=0
frust_shell_common::perf: bench-scenario-start s3-swap
frust_shell_common::perf: frust-perf raw n=2149 total_us=8320 rebuild_us=3739 layout_us=73 paint_us=91 encode_us=51 acquire_us=85 submit_us=4279 skipped=0 gpu_q=1 gpu_total_us=7256 gpu_prepass_us=0 gpu_main_us=7256 gpu_composite_us=0 gpu_blit_us=0
frust_shell_common::perf: bench-scenario-end s3-swap
frust_shell_common::perf: frust-perf raw n=2150 total_us=6738 rebuild_us=381 layout_us=0 paint_us=133 encode_us=54 acquire_us=1756 submit_us=4411 skipped=0 gpu_q=1 gpu_total_us=7247 gpu_prepass_us=0 gpu_main_us=7247 gpu_composite_us=0 gpu_blit_us=0
frust_shell_common::perf: frust-perf raw n=2151 total_us=4969 rebuild_us=232 layout_us=0 paint_us=100 encode_us=53 acquire_us=480 submit_us=4102 skipped=0 gpu_q=1 gpu_total_us=7267 gpu_prepass_us=0 gpu_main_us=7267 gpu_composite_us=0 gpu_blit_us=0
frust_shell_common::perf: frust-perf raw n=2152 total_us=5583 rebuild_us=233 layout_us=0 paint_us=96 encode_us=54 acquire_us=717 submit_us=4481 skipped=0 gpu_q=1 gpu_total_us=7238 gpu_prepass_us=0 gpu_main_us=7238 gpu_composite_us=0 gpu_blit_us=0
frust_shell_common::perf: frust-perf raw n=2153 total_us=6566 rebuild_us=230 layout_us=0 paint_us=94 encode_us=52 acquire_us=1783 submit_us=4404 skipped=0 gpu_q=1 gpu_total_us=7431 gpu_prepass_us=0 gpu_main_us=7431 gpu_composite_us=0 gpu_blit_us=0
frust_shell_common::perf: frust-perf raw n=2154 total_us=6729 rebuild_us=225 layout_us=0 paint_us=97 encode_us=53 acquire_us=1854 submit_us=4497 skipped=0 gpu_q=1 gpu_total_us=7419 gpu_prepass_us=0 gpu_main_us=7419 gpu_composite_us=0 gpu_blit_us=0
frust_shell_common::perf: frust-perf raw n=2155 total_us=6937 rebuild_us=226 layout_us=0 paint_us=94 encode_us=52 acquire_us=2063 submit_us=4499 skipped=0 gpu_q=1 gpu_total_us=7451 gpu_prepass_us=0 gpu_main_us=7451 gpu_composite_us=0 gpu_blit_us=0
frust_shell_common::perf: frust-perf raw n=2156 total_us=5687 rebuild_us=232 layout_us=0 paint_us=99 encode_us=53 acquire_us=686 submit_us=4614 skipped=0 gpu_q=1 gpu_total_us=7439 gpu_prepass_us=0 gpu_main_us=7439 gpu_composite_us=0 gpu_blit_us=0
frust_shell_common::perf: frust-perf raw n=2157 total_us=5664 rebuild_us=294 layout_us=0 paint_us=99 encode_us=57 acquire_us=879 submit_us=4332 skipped=0 gpu_q=1 gpu_total_us=7459 gpu_prepass_us=0 gpu_main_us=7459 gpu_composite_us=0 gpu_blit_us=0
frust_shell_common::perf: frust-perf raw n=2158 total_us=5751 rebuild_us=229 layout_us=0 paint_us=104 encode_us=51 acquire_us=1293 submit_us=4071 skipped=0 gpu_q=1 gpu_total_us=7442 gpu_prepass_us=0 gpu_main_us=7442 gpu_composite_us=0 gpu_blit_us=0
frust_shell_common::perf: frust-perf raw n=2159 total_us=6089 rebuild_us=236 layout_us=0 paint_us=95 encode_us=52 acquire_us=1449 submit_us=4255 skipped=0 gpu_q=1 gpu_total_us=7425 gpu_prepass_us=0 gpu_main_us=7425 gpu_composite_us=0 gpu_blit_us=0
frust_shell_common::perf: frust-perf raw n=2160 total_us=5738 rebuild_us=280 layout_us=0 paint_us=96 encode_us=56 acquire_us=984 submit_us=4320 skipped=0 gpu_q=1 gpu_total_us=7436 gpu_prepass_us=0 gpu_main_us=7436 gpu_composite_us=0 gpu_blit_us=0
frust_shell_common::perf: frust-perf raw n=2161 total_us=7371 rebuild_us=230 layout_us=0 paint_us=94 encode_us=55 acquire_us=2216 submit_us=4774 skipped=0 gpu_q=1 gpu_total_us=7445 gpu_prepass_us=0 gpu_main_us=7445 gpu_composite_us=0 gpu_blit_us=0
frust_shell_common::perf: frust-perf raw n=2162 total_us=6070 rebuild_us=235 layout_us=0 paint_us=101 encode_us=54 acquire_us=1310 submit_us=4368 skipped=0 gpu_q=1 gpu_total_us=7445 gpu_prepass_us=0 gpu_main_us=7445 gpu_composite_us=0 gpu_blit_us=0
frust_shell_common::perf: frust-perf raw n=2163 total_us=5542 rebuild_us=230 layout_us=0 paint_us=93 encode_us=52 acquire_us=796 submit_us=4368 skipped=0 gpu_q=1 gpu_total_us=7457 gpu_prepass_us=0 gpu_main_us=7457 gpu_composite_us=0 gpu_blit_us=0
frust_shell_common::perf: frust-perf raw n=2164 total_us=6852 rebuild_us=251 layout_us=0 paint_us=102 encode_us=54 acquire_us=1945 submit_us=4499 skipped=0 gpu_q=1 gpu_total_us=7439 gpu_prepass_us=0 gpu_main_us=7439 gpu_composite_us=0 gpu_blit_us=0
frust_shell_common::perf: frust-perf raw n=2165 total_us=6717 rebuild_us=235 layout_us=0 paint_us=100 encode_us=57 acquire_us=1931 submit_us=4392 skipped=0 gpu_q=1 gpu_total_us=7418 gpu_prepass_us=0 gpu_main_us=7418 gpu_composite_us=0 gpu_blit_us=0
frust_shell_common::perf: frust-perf raw n=2166 total_us=5007 rebuild_us=231 layout_us=0 paint_us=96 encode_us=53 acquire_us=329 submit_us=4295 skipped=0 gpu_q=1 gpu_total_us=7432 gpu_prepass_us=0 gpu_main_us=7432 gpu_composite_us=0 gpu_blit_us=0
frust_shell_common::perf: frust-perf raw n=2167 total_us=5587 rebuild_us=226 layout_us=0 paint_us=93 encode_us=52 acquire_us=1155 submit_us=4058 skipped=0 gpu_q=1 gpu_total_us=7450 gpu_prepass_us=0 gpu_main_us=7450 gpu_composite_us=0 gpu_blit_us=0
frust_shell_common::perf: frust-perf raw n=2168 total_us=8817 rebuild_us=225 layout_us=0 paint_us=98 encode_us=140 acquire_us=132 submit_us=8220 skipped=0 gpu_q=1 gpu_total_us=7450 gpu_prepass_us=0 gpu_main_us=7450 gpu_composite_us=0 gpu_blit_us=0
frust_shell_common::perf: bench-scenario-start s3-clear
frust_shell_common::perf: frust-perf raw n=2169 total_us=9472 rebuild_us=6913 layout_us=26 paint_us=32 encode_us=41 acquire_us=84 submit_us=2373 skipped=0 gpu_q=1 gpu_total_us=7439 gpu_prepass_us=0 gpu_main_us=7439 gpu_composite_us=0 gpu_blit_us=0
frust_shell_common::perf: bench-scenario-end s3-clear
frust_shell_common::perf: frust-perf raw n=2170 total_us=2753 rebuild_us=181 layout_us=0 paint_us=36 encode_us=15 acquire_us=61 submit_us=2457 skipped=0 gpu_q=1 gpu_total_us=7427 gpu_prepass_us=0 gpu_main_us=7427 gpu_composite_us=0 gpu_blit_us=0
frust_shell_common::perf: frust-perf raw n=2171 total_us=5827 rebuild_us=115 layout_us=0 paint_us=38 encode_us=19 acquire_us=2428 submit_us=3225 skipped=0 gpu_q=1 gpu_total_us=7439 gpu_prepass_us=0 gpu_main_us=7439 gpu_composite_us=0 gpu_blit_us=0
frust_shell_common::perf: frust-perf raw n=2172 total_us=6058 rebuild_us=103 layout_us=0 paint_us=33 encode_us=19 acquire_us=2718 submit_us=3182 skipped=0 gpu_q=1 gpu_total_us=7422 gpu_prepass_us=0 gpu_main_us=7422 gpu_composite_us=0 gpu_blit_us=0
frust_shell_common::perf: frust-perf raw n=2173 total_us=6086 rebuild_us=100 layout_us=0 paint_us=32 encode_us=19 acquire_us=2362 submit_us=3570 skipped=0 gpu_q=1 gpu_total_us=3178 gpu_prepass_us=0 gpu_main_us=3178 gpu_composite_us=0 gpu_blit_us=0
frust_shell_common::perf: frust-perf raw n=2174 total_us=6702 rebuild_us=101 layout_us=0 paint_us=33 encode_us=21 acquire_us=3359 submit_us=3185 skipped=0 gpu_q=1 gpu_total_us=3209 gpu_prepass_us=0 gpu_main_us=3209 gpu_composite_us=0 gpu_blit_us=0
frust_shell_common::perf: frust-perf raw n=2175 total_us=5296 rebuild_us=119 layout_us=0 paint_us=34 encode_us=24 acquire_us=2169 submit_us=2948 skipped=0 gpu_q=1 gpu_total_us=3212 gpu_prepass_us=0 gpu_main_us=3212 gpu_composite_us=0 gpu_blit_us=0
frust_shell_common::perf: frust-perf raw n=2176 total_us=6326 rebuild_us=102 layout_us=0 paint_us=34 encode_us=22 acquire_us=2895 submit_us=3271 skipped=0 gpu_q=1 gpu_total_us=3210 gpu_prepass_us=0 gpu_main_us=3210 gpu_composite_us=0 gpu_blit_us=0
frust_shell_common::perf: frust-perf raw n=2177 total_us=5646 rebuild_us=96 layout_us=0 paint_us=32 encode_us=23 acquire_us=2298 submit_us=3195 skipped=0 gpu_q=1 gpu_total_us=3199 gpu_prepass_us=0 gpu_main_us=3199 gpu_composite_us=0 gpu_blit_us=0
frust_shell_common::perf: frust-perf raw n=2178 total_us=5188 rebuild_us=104 layout_us=0 paint_us=32 encode_us=22 acquire_us=2063 submit_us=2965 skipped=0 gpu_q=1 gpu_total_us=3673 gpu_prepass_us=0 gpu_main_us=3673 gpu_composite_us=0 gpu_blit_us=0
frust_shell_common::perf: frust-perf raw n=2179 total_us=5237 rebuild_us=103 layout_us=0 paint_us=32 encode_us=24 acquire_us=2091 submit_us=2986 skipped=0 gpu_q=1 gpu_total_us=3214 gpu_prepass_us=0 gpu_main_us=3214 gpu_composite_us=0 gpu_blit_us=0
frust_shell_common::perf: frust-perf raw n=2180 total_us=6286 rebuild_us=103 layout_us=0 paint_us=33 encode_us=23 acquire_us=2898 submit_us=3227 skipped=0 gpu_q=1 gpu_total_us=3201 gpu_prepass_us=0 gpu_main_us=3201 gpu_composite_us=0 gpu_blit_us=0
frust_shell_common::perf: frust-perf raw n=2181 total_us=5553 rebuild_us=100 layout_us=0 paint_us=31 encode_us=23 acquire_us=2324 submit_us=3073 skipped=0 gpu_q=1 gpu_total_us=3203 gpu_prepass_us=0 gpu_main_us=3203 gpu_composite_us=0 gpu_blit_us=0
frust_shell_common::perf: frust-perf raw n=2182 total_us=5844 rebuild_us=116 layout_us=0 paint_us=36 encode_us=23 acquire_us=2502 submit_us=3164 skipped=0 gpu_q=1 gpu_total_us=3213 gpu_prepass_us=0 gpu_main_us=3213 gpu_composite_us=0 gpu_blit_us=0
frust_shell_common::perf: frust-perf raw n=2183 total_us=6494 rebuild_us=105 layout_us=0 paint_us=34 encode_us=24 acquire_us=2960 submit_us=3368 skipped=0 gpu_q=1 gpu_total_us=3209 gpu_prepass_us=0 gpu_main_us=3209 gpu_composite_us=0 gpu_blit_us=0
frust_shell_common::perf: frust-perf raw n=2184 total_us=5175 rebuild_us=101 layout_us=0 paint_us=32 encode_us=23 acquire_us=2243 submit_us=2773 skipped=0 gpu_q=1 gpu_total_us=3208 gpu_prepass_us=0 gpu_main_us=3208 gpu_composite_us=0 gpu_blit_us=0
frust_shell_common::perf: frust-perf raw n=2185 total_us=6953 rebuild_us=110 layout_us=0 paint_us=35 encode_us=23 acquire_us=3279 submit_us=3503 skipped=0 gpu_q=1 gpu_total_us=3205 gpu_prepass_us=0 gpu_main_us=3205 gpu_composite_us=0 gpu_blit_us=0
frust_shell_common::perf: frust-perf raw n=2186 total_us=7392 rebuild_us=98 layout_us=0 paint_us=32 encode_us=21 acquire_us=4081 submit_us=3157 skipped=0 gpu_q=1 gpu_total_us=3282 gpu_prepass_us=0 gpu_main_us=3282 gpu_composite_us=0 gpu_blit_us=0
frust_shell_common::perf: frust-perf raw n=2187 total_us=5375 rebuild_us=98 layout_us=0 paint_us=31 encode_us=23 acquire_us=2244 submit_us=2976 skipped=0 gpu_q=1 gpu_total_us=3679 gpu_prepass_us=0 gpu_main_us=3679 gpu_composite_us=0 gpu_blit_us=0
frust_shell_common::perf: frust-perf raw n=2188 total_us=6104 rebuild_us=100 layout_us=0 paint_us=33 encode_us=21 acquire_us=2764 submit_us=3184 skipped=0 gpu_q=1 gpu_total_us=3273 gpu_prepass_us=0 gpu_main_us=3273 gpu_composite_us=0 gpu_blit_us=0
frust_shell_common::perf: bench-scenario-start s3-create1k
frust_shell_common::perf: bench-scenario-end s3-create1k
frust_shell_common::perf: frust-perf raw n=2189 total_us=12297 rebuild_us=1019 layout_us=282 paint_us=223 encode_us=52 acquire_us=1069 submit_us=9649 skipped=0 gpu_q=1 gpu_total_us=3225 gpu_prepass_us=0 gpu_main_us=3225 gpu_composite_us=0 gpu_blit_us=0
frust_shell_common::perf: frust-perf raw n=2190 total_us=9882 rebuild_us=362 layout_us=0 paint_us=121 encode_us=58 acquire_us=778 submit_us=8560 skipped=0 gpu_q=1 gpu_total_us=3200 gpu_prepass_us=0 gpu_main_us=3200 gpu_composite_us=0 gpu_blit_us=0
frust_shell_common::perf: frust-perf raw n=2191 total_us=11075 rebuild_us=287 layout_us=0 paint_us=134 encode_us=61 acquire_us=1822 submit_us=8770 skipped=0 gpu_q=1 gpu_total_us=3215 gpu_prepass_us=0 gpu_main_us=3215 gpu_composite_us=0 gpu_blit_us=0
frust_shell_common::perf: frust-perf raw n=2192 total_us=11837 rebuild_us=299 layout_us=0 paint_us=136 encode_us=57 acquire_us=3452 submit_us=7890 skipped=0 gpu_q=1 gpu_total_us=3205 gpu_prepass_us=0 gpu_main_us=3205 gpu_composite_us=0 gpu_blit_us=0
frust_shell_common::perf: frust-perf raw n=2193 total_us=9704 rebuild_us=314 layout_us=0 paint_us=145 encode_us=54 acquire_us=1576 submit_us=7613 skipped=0 gpu_q=1 gpu_total_us=4970 gpu_prepass_us=0 gpu_main_us=4970 gpu_composite_us=0 gpu_blit_us=0
frust_shell_common::perf: frust-perf raw n=2194 total_us=9971 rebuild_us=285 layout_us=0 paint_us=120 encode_us=53 acquire_us=1848 submit_us=7663 skipped=0 gpu_q=1 gpu_total_us=4903 gpu_prepass_us=0 gpu_main_us=4903 gpu_composite_us=0 gpu_blit_us=0
frust_shell_common::perf: frust-perf raw n=2195 total_us=9533 rebuild_us=206 layout_us=0 paint_us=99 encode_us=53 acquire_us=2986 submit_us=6187 skipped=0 gpu_q=1 gpu_total_us=4918 gpu_prepass_us=0 gpu_main_us=4918 gpu_composite_us=0 gpu_blit_us=0
frust_shell_common::perf: frust-perf raw n=2196 total_us=7428 rebuild_us=203 layout_us=0 paint_us=82 encode_us=44 acquire_us=1388 submit_us=5709 skipped=0 gpu_q=1 gpu_total_us=4891 gpu_prepass_us=0 gpu_main_us=4891 gpu_composite_us=0 gpu_blit_us=0
frust_shell_common::perf: frust-perf raw n=2197 total_us=9213 rebuild_us=190 layout_us=0 paint_us=78 encode_us=40 acquire_us=1622 submit_us=7280 skipped=0 gpu_q=1 gpu_total_us=4894 gpu_prepass_us=0 gpu_main_us=4894 gpu_composite_us=0 gpu_blit_us=0
frust_shell_common::perf: frust-perf raw n=2198 total_us=7317 rebuild_us=214 layout_us=0 paint_us=87 encode_us=50 acquire_us=2020 submit_us=4943 skipped=0 gpu_q=1 gpu_total_us=4923 gpu_prepass_us=0 gpu_main_us=4923 gpu_composite_us=0 gpu_blit_us=0
frust_shell_common::perf: frust-perf raw n=2199 total_us=4914 rebuild_us=190 layout_us=0 paint_us=85 encode_us=41 acquire_us=1225 submit_us=3371 skipped=0 gpu_q=1 gpu_total_us=4901 gpu_prepass_us=0 gpu_main_us=4901 gpu_composite_us=0 gpu_blit_us=0
frust_shell_common::perf: frust-perf raw n=2200 total_us=6588 rebuild_us=210 layout_us=0 paint_us=98 encode_us=49 acquire_us=1919 submit_us=4310 skipped=0 gpu_q=1 gpu_total_us=4889 gpu_prepass_us=0 gpu_main_us=4889 gpu_composite_us=0 gpu_blit_us=0
frust_shell_common::perf: frust-perf raw n=2201 total_us=6771 rebuild_us=209 layout_us=0 paint_us=92 encode_us=48 acquire_us=2151 submit_us=4269 skipped=0 gpu_q=1 gpu_total_us=4889 gpu_prepass_us=0 gpu_main_us=4889 gpu_composite_us=0 gpu_blit_us=0
frust_shell_common::perf: frust-perf raw n=2202 total_us=6145 rebuild_us=228 layout_us=0 paint_us=103 encode_us=51 acquire_us=1581 submit_us=4179 skipped=0 gpu_q=1 gpu_total_us=8783 gpu_prepass_us=471 gpu_main_us=8312 gpu_composite_us=0 gpu_blit_us=0
frust_shell_common::perf: frust-perf raw n=2203 total_us=5801 rebuild_us=496 layout_us=0 paint_us=112 encode_us=49 acquire_us=854 submit_us=4287 skipped=0 gpu_q=1 gpu_total_us=8333 gpu_prepass_us=0 gpu_main_us=8333 gpu_composite_us=0 gpu_blit_us=0
frust_shell_common::perf: frust-perf raw n=2204 total_us=7596 rebuild_us=217 layout_us=0 paint_us=103 encode_us=51 acquire_us=3026 submit_us=4197 skipped=0 gpu_q=1 gpu_total_us=8311 gpu_prepass_us=0 gpu_main_us=8311 gpu_composite_us=0 gpu_blit_us=0
frust_shell_common::perf: frust-perf raw n=2205 total_us=7039 rebuild_us=207 layout_us=0 paint_us=107 encode_us=54 acquire_us=2447 submit_us=4222 skipped=0 gpu_q=1 gpu_total_us=8637 gpu_prepass_us=0 gpu_main_us=8637 gpu_composite_us=0 gpu_blit_us=0
frust_shell_android::app::frame: frust-perf platform-view tail depth=0 target=0 acquire_bound=false frame=2218 expected_present_us=0 acquire_us=2066 period_us=11141
frust_shell_common::perf: frust-perf raw n=2206 total_us=6225 rebuild_us=208 layout_us=0 paint_us=95 encode_us=53 acquire_us=1612 submit_us=4255 skipped=0 gpu_q=1 gpu_total_us=8324 gpu_prepass_us=0 gpu_main_us=8324 gpu_composite_us=0 gpu_blit_us=0
frust_shell_common::perf: frust-perf raw n=2207 total_us=6919 rebuild_us=205 layout_us=0 paint_us=92 encode_us=50 acquire_us=2135 submit_us=4435 skipped=0 gpu_q=1 gpu_total_us=8335 gpu_prepass_us=0 gpu_main_us=8335 gpu_composite_us=0 gpu_blit_us=0
frust_shell_common::perf: frust-perf raw n=2208 total_us=7456 rebuild_us=211 layout_us=0 paint_us=98 encode_us=52 acquire_us=2921 submit_us=4171 skipped=0 gpu_q=1 gpu_total_us=8301 gpu_prepass_us=0 gpu_main_us=8301 gpu_composite_us=0 gpu_blit_us=0
frust_shell_common::perf: bench-scenario-start s3-create10k
frust_shell_common::perf: frust-perf raw n=2209 total_us=9173 rebuild_us=5204 layout_us=232 paint_us=138 encode_us=57 acquire_us=96 submit_us=3443 skipped=0 gpu_q=1 gpu_total_us=8321 gpu_prepass_us=0 gpu_main_us=8321 gpu_composite_us=0 gpu_blit_us=0
frust_shell_common::perf: bench-scenario-end s3-create10k
frust_shell_common::perf: frust-perf raw n=2210 total_us=5462 rebuild_us=233 layout_us=0 paint_us=76 encode_us=53 acquire_us=374 submit_us=4723 skipped=0 gpu_q=1 gpu_total_us=8311 gpu_prepass_us=0 gpu_main_us=8311 gpu_composite_us=0 gpu_blit_us=0
frust_shell_common::perf: frust-perf raw n=2211 total_us=7518 rebuild_us=216 layout_us=0 paint_us=106 encode_us=57 acquire_us=2705 submit_us=4432 skipped=0 gpu_q=1 gpu_total_us=8331 gpu_prepass_us=0 gpu_main_us=8331 gpu_composite_us=0 gpu_blit_us=0
frust_shell_common::perf: frust-perf raw n=2212 total_us=6315 rebuild_us=219 layout_us=0 paint_us=101 encode_us=57 acquire_us=1807 submit_us=4129 skipped=0 gpu_q=1 gpu_total_us=8299 gpu_prepass_us=0 gpu_main_us=8299 gpu_composite_us=0 gpu_blit_us=0
frust_shell_common::perf: frust-perf raw n=2213 total_us=5981 rebuild_us=213 layout_us=0 paint_us=96 encode_us=54 acquire_us=1551 submit_us=4065 skipped=0 gpu_q=1 gpu_total_us=7216 gpu_prepass_us=0 gpu_main_us=7216 gpu_composite_us=0 gpu_blit_us=0
frust_shell_common::perf: frust-perf raw n=2214 total_us=5789 rebuild_us=278 layout_us=0 paint_us=119 encode_us=106 acquire_us=1667 submit_us=3617 skipped=0 gpu_q=1 gpu_total_us=7528 gpu_prepass_us=0 gpu_main_us=7528 gpu_composite_us=0 gpu_blit_us=0
frust_shell_common::perf: frust-perf raw n=2215 total_us=3749 rebuild_us=204 layout_us=0 paint_us=84 encode_us=47 acquire_us=66 submit_us=3345 skipped=0 gpu_q=1 gpu_total_us=5171 gpu_prepass_us=0 gpu_main_us=5171 gpu_composite_us=0 gpu_blit_us=0
frust_shell_common::perf: frust-perf raw n=2216 total_us=6553 rebuild_us=224 layout_us=0 paint_us=110 encode_us=64 acquire_us=1659 submit_us=4494 skipped=0 gpu_q=1 gpu_total_us=5193 gpu_prepass_us=0 gpu_main_us=5193 gpu_composite_us=0 gpu_blit_us=0
frust_shell_common::perf: frust-perf raw n=2217 total_us=8267 rebuild_us=223 layout_us=0 paint_us=118 encode_us=60 acquire_us=4099 submit_us=3764 skipped=0 gpu_q=1 gpu_total_us=5199 gpu_prepass_us=0 gpu_main_us=5199 gpu_composite_us=0 gpu_blit_us=0
frust_shell_common::perf: frust-perf raw n=2218 total_us=6415 rebuild_us=214 layout_us=0 paint_us=93 encode_us=57 acquire_us=1536 submit_us=4513 skipped=0 gpu_q=1 gpu_total_us=5197 gpu_prepass_us=0 gpu_main_us=5197 gpu_composite_us=0 gpu_blit_us=0
frust_shell_common::perf: frust-perf raw n=2219 total_us=9413 rebuild_us=207 layout_us=0 paint_us=93 encode_us=58 acquire_us=965 submit_us=8087 skipped=0 gpu_q=1 gpu_total_us=5191 gpu_prepass_us=0 gpu_main_us=5191 gpu_composite_us=0 gpu_blit_us=0
frust_shell_common::perf: frust-perf raw n=2220 total_us=3832 rebuild_us=193 layout_us=0 paint_us=81 encode_us=44 acquire_us=56 submit_us=3456 skipped=0 gpu_q=1 gpu_total_us=5188 gpu_prepass_us=0 gpu_main_us=5188 gpu_composite_us=0 gpu_blit_us=0
frust_shell_common::perf: frust-perf raw n=2221 total_us=4586 rebuild_us=229 layout_us=0 paint_us=92 encode_us=48 acquire_us=64 submit_us=4151 skipped=0 gpu_q=1 gpu_total_us=5171 gpu_prepass_us=0 gpu_main_us=5171 gpu_composite_us=0 gpu_blit_us=0
frust_shell_common::perf: frust-perf raw n=2222 total_us=6936 rebuild_us=212 layout_us=0 paint_us=101 encode_us=55 acquire_us=2649 submit_us=3916 skipped=0 gpu_q=1 gpu_total_us=5192 gpu_prepass_us=0 gpu_main_us=5192 gpu_composite_us=0 gpu_blit_us=0
frust_shell_common::perf: frust-perf raw n=2223 total_us=6638 rebuild_us=365 layout_us=0 paint_us=112 encode_us=62 acquire_us=2322 submit_us=3774 skipped=0 gpu_q=1 gpu_total_us=5198 gpu_prepass_us=0 gpu_main_us=5198 gpu_composite_us=0 gpu_blit_us=0
frust_shell_common::perf: frust-perf raw n=2224 total_us=4774 rebuild_us=208 layout_us=0 paint_us=104 encode_us=52 acquire_us=1032 submit_us=3376 skipped=0 gpu_q=1 gpu_total_us=5194 gpu_prepass_us=0 gpu_main_us=5194 gpu_composite_us=0 gpu_blit_us=0
frust_shell_common::perf: frust-perf raw n=2225 total_us=6351 rebuild_us=220 layout_us=0 paint_us=92 encode_us=52 acquire_us=1252 submit_us=4733 skipped=0 gpu_q=1 gpu_total_us=5233 gpu_prepass_us=0 gpu_main_us=5233 gpu_composite_us=0 gpu_blit_us=0
frust_shell_common::perf: frust-perf raw n=2226 total_us=5516 rebuild_us=207 layout_us=0 paint_us=84 encode_us=51 acquire_us=1747 submit_us=3426 skipped=0 gpu_q=1 gpu_total_us=5184 gpu_prepass_us=0 gpu_main_us=5184 gpu_composite_us=0 gpu_blit_us=0
frust_shell_common::perf: frust-perf raw n=2227 total_us=5998 rebuild_us=207 layout_us=0 paint_us=91 encode_us=53 acquire_us=2015 submit_us=3629 skipped=0 gpu_q=1 gpu_total_us=5204 gpu_prepass_us=0 gpu_main_us=5204 gpu_composite_us=0 gpu_blit_us=0
frust_shell_common::perf: frust-perf raw n=2228 total_us=4909 rebuild_us=503 layout_us=0 paint_us=96 encode_us=52 acquire_us=71 submit_us=4184 skipped=0 gpu_q=1 gpu_total_us=5213 gpu_prepass_us=0 gpu_main_us=5213 gpu_composite_us=0 gpu_blit_us=0
frust_shell_common::perf: bench-scenario-start s3-update
frust_shell_common::perf: frust-perf raw n=2229 total_us=9135 rebuild_us=4137 layout_us=75 paint_us=101 encode_us=55 acquire_us=150 submit_us=4613 skipped=0 gpu_q=1 gpu_total_us=5205 gpu_prepass_us=0 gpu_main_us=5205 gpu_composite_us=0 gpu_blit_us=0
frust_shell_common::perf: bench-scenario-end s3-update
frust_shell_common::perf: frust-perf raw n=2230 total_us=6799 rebuild_us=307 layout_us=0 paint_us=95 encode_us=58 acquire_us=2227 submit_us=4110 skipped=0 gpu_q=1 gpu_total_us=5256 gpu_prepass_us=0 gpu_main_us=5256 gpu_composite_us=0 gpu_blit_us=0
frust_shell_common::perf: frust-perf raw n=2231 total_us=5789 rebuild_us=255 layout_us=0 paint_us=86 encode_us=54 acquire_us=1819 submit_us=3574 skipped=0 gpu_q=1 gpu_total_us=5246 gpu_prepass_us=0 gpu_main_us=5246 gpu_composite_us=0 gpu_blit_us=0
frust_shell_common::perf: frust-perf raw n=2232 total_us=4717 rebuild_us=201 layout_us=0 paint_us=88 encode_us=53 acquire_us=903 submit_us=3471 skipped=0 gpu_q=1 gpu_total_us=5459 gpu_prepass_us=0 gpu_main_us=5459 gpu_composite_us=0 gpu_blit_us=0
frust_shell_common::perf: frust-perf raw n=2233 total_us=6376 rebuild_us=229 layout_us=0 paint_us=110 encode_us=55 acquire_us=1586 submit_us=4393 skipped=0 gpu_q=1 gpu_total_us=5194 gpu_prepass_us=0 gpu_main_us=5194 gpu_composite_us=0 gpu_blit_us=0
frust_shell_common::perf: frust-perf raw n=2234 total_us=6371 rebuild_us=246 layout_us=0 paint_us=104 encode_us=56 acquire_us=1428 submit_us=4535 skipped=0 gpu_q=1 gpu_total_us=5253 gpu_prepass_us=0 gpu_main_us=5253 gpu_composite_us=0 gpu_blit_us=0
frust_shell_common::perf: frust-perf raw n=2235 total_us=4815 rebuild_us=205 layout_us=0 paint_us=87 encode_us=53 acquire_us=1080 submit_us=3387 skipped=0 gpu_q=1 gpu_total_us=5273 gpu_prepass_us=0 gpu_main_us=5273 gpu_composite_us=0 gpu_blit_us=0
frust_shell_common::perf: frust-perf raw n=2236 total_us=4826 rebuild_us=222 layout_us=0 paint_us=131 encode_us=52 acquire_us=951 submit_us=3468 skipped=0 gpu_q=1 gpu_total_us=5221 gpu_prepass_us=0 gpu_main_us=5221 gpu_composite_us=0 gpu_blit_us=0
frust_shell_common::perf: frust-perf raw n=2237 total_us=6407 rebuild_us=499 layout_us=0 paint_us=97 encode_us=54 acquire_us=1249 submit_us=4506 skipped=0 gpu_q=1 gpu_total_us=5232 gpu_prepass_us=0 gpu_main_us=5232 gpu_composite_us=0 gpu_blit_us=0
frust_shell_common::perf: frust-perf raw n=2238 total_us=6491 rebuild_us=235 layout_us=0 paint_us=98 encode_us=57 acquire_us=1767 submit_us=4332 skipped=0 gpu_q=1 gpu_total_us=5226 gpu_prepass_us=0 gpu_main_us=5226 gpu_composite_us=0 gpu_blit_us=0
frust_shell_common::perf: frust-perf raw n=2239 total_us=6323 rebuild_us=248 layout_us=0 paint_us=117 encode_us=65 acquire_us=1471 submit_us=4419 skipped=0 gpu_q=1 gpu_total_us=5235 gpu_prepass_us=0 gpu_main_us=5235 gpu_composite_us=0 gpu_blit_us=0
frust_shell_common::perf: frust-perf raw n=2240 total_us=6106 rebuild_us=226 layout_us=0 paint_us=97 encode_us=56 acquire_us=1265 submit_us=4461 skipped=0 gpu_q=1 gpu_total_us=5217 gpu_prepass_us=0 gpu_main_us=5217 gpu_composite_us=0 gpu_blit_us=0
frust_shell_common::perf: frust-perf raw n=2241 total_us=5699 rebuild_us=219 layout_us=0 paint_us=98 encode_us=52 acquire_us=1090 submit_us=4237 skipped=0 gpu_q=1 gpu_total_us=7704 gpu_prepass_us=0 gpu_main_us=7704 gpu_composite_us=0 gpu_blit_us=0
frust_shell_common::perf: frust-perf raw n=2242 total_us=7683 rebuild_us=231 layout_us=0 paint_us=100 encode_us=52 acquire_us=2857 submit_us=4440 skipped=0 gpu_q=1 gpu_total_us=7261 gpu_prepass_us=0 gpu_main_us=7261 gpu_composite_us=0 gpu_blit_us=0
frust_shell_common::perf: frust-perf raw n=2243 total_us=6186 rebuild_us=243 layout_us=0 paint_us=104 encode_us=58 acquire_us=1142 submit_us=4637 skipped=0 gpu_q=1 gpu_total_us=7286 gpu_prepass_us=0 gpu_main_us=7286 gpu_composite_us=0 gpu_blit_us=0
frust_shell_common::perf: frust-perf raw n=2244 total_us=6268 rebuild_us=235 layout_us=0 paint_us=97 encode_us=53 acquire_us=1498 submit_us=4384 skipped=0 gpu_q=1 gpu_total_us=7249 gpu_prepass_us=0 gpu_main_us=7249 gpu_composite_us=0 gpu_blit_us=0
frust_shell_common::perf: frust-perf raw n=2245 total_us=6606 rebuild_us=231 layout_us=0 paint_us=96 encode_us=54 acquire_us=1931 submit_us=4291 skipped=0 gpu_q=1 gpu_total_us=7260 gpu_prepass_us=0 gpu_main_us=7260 gpu_composite_us=0 gpu_blit_us=0
frust_shell_common::perf: frust-perf raw n=2246 total_us=6289 rebuild_us=233 layout_us=0 paint_us=96 encode_us=58 acquire_us=1294 submit_us=4606 skipped=0 gpu_q=1 gpu_total_us=7240 gpu_prepass_us=0 gpu_main_us=7240 gpu_composite_us=0 gpu_blit_us=0
frust_shell_common::perf: frust-perf raw n=2247 total_us=6109 rebuild_us=239 layout_us=0 paint_us=105 encode_us=54 acquire_us=1290 submit_us=4417 skipped=0 gpu_q=1 gpu_total_us=7255 gpu_prepass_us=0 gpu_main_us=7255 gpu_composite_us=0 gpu_blit_us=0
frust_shell_common::perf: frust-perf raw n=2248 total_us=5923 rebuild_us=247 layout_us=0 paint_us=106 encode_us=183 acquire_us=1332 submit_us=4052 skipped=0 gpu_q=1 gpu_total_us=7242 gpu_prepass_us=0 gpu_main_us=7242 gpu_composite_us=0 gpu_blit_us=0
frust_shell_common::perf: bench-scenario-start s3-swap
frust_shell_common::perf: frust-perf raw n=2249 total_us=9278 rebuild_us=3509 layout_us=72 paint_us=92 encode_us=61 acquire_us=87 submit_us=5453 skipped=0 gpu_q=1 gpu_total_us=7262 gpu_prepass_us=0 gpu_main_us=7262 gpu_composite_us=0 gpu_blit_us=0
frust_shell_common::perf: bench-scenario-end s3-swap
frust_shell_common::perf: frust-perf raw n=2250 total_us=6807 rebuild_us=384 layout_us=0 paint_us=130 encode_us=63 acquire_us=1846 submit_us=4382 skipped=0 gpu_q=1 gpu_total_us=7563 gpu_prepass_us=0 gpu_main_us=7563 gpu_composite_us=0 gpu_blit_us=0
frust_shell_common::perf: frust-perf raw n=2251 total_us=6382 rebuild_us=223 layout_us=0 paint_us=93 encode_us=52 acquire_us=1632 submit_us=4379 skipped=0 gpu_q=1 gpu_total_us=7258 gpu_prepass_us=0 gpu_main_us=7258 gpu_composite_us=0 gpu_blit_us=0
frust_shell_common::perf: frust-perf raw n=2252 total_us=6351 rebuild_us=230 layout_us=0 paint_us=96 encode_us=57 acquire_us=1363 submit_us=4603 skipped=0 gpu_q=1 gpu_total_us=7248 gpu_prepass_us=0 gpu_main_us=7248 gpu_composite_us=0 gpu_blit_us=0
frust_shell_common::perf: frust-perf raw n=2253 total_us=6195 rebuild_us=205 layout_us=0 paint_us=97 encode_us=60 acquire_us=1932 submit_us=3897 skipped=0 gpu_q=1 gpu_total_us=7789 gpu_prepass_us=378 gpu_main_us=7411 gpu_composite_us=0 gpu_blit_us=0
frust_shell_common::perf: frust-perf raw n=2254 total_us=6904 rebuild_us=220 layout_us=0 paint_us=95 encode_us=56 acquire_us=2251 submit_us=4278 skipped=0 gpu_q=1 gpu_total_us=7422 gpu_prepass_us=0 gpu_main_us=7422 gpu_composite_us=0 gpu_blit_us=0
frust_shell_common::perf: frust-perf raw n=2255 total_us=6208 rebuild_us=532 layout_us=0 paint_us=118 encode_us=57 acquire_us=728 submit_us=4771 skipped=0 gpu_q=1 gpu_total_us=7436 gpu_prepass_us=0 gpu_main_us=7436 gpu_composite_us=0 gpu_blit_us=0
frust_shell_common::perf: frust-perf raw n=2256 total_us=5547 rebuild_us=210 layout_us=0 paint_us=92 encode_us=57 acquire_us=1485 submit_us=3701 skipped=0 gpu_q=1 gpu_total_us=7447 gpu_prepass_us=0 gpu_main_us=7447 gpu_composite_us=0 gpu_blit_us=0
frust_shell_common::perf: frust-perf frame n=120 total_p50_ms=6 total_p95_ms=9 total_p99_ms=11 rebuild_p95_ms=0 layout_p95_ms=0 paint_p95_ms=0 encode_p95_ms=0 acquire_p95_ms=2 submit_p95_ms=7 over_60hz=6 over_120hz=248 skipped=0 total_frames=2256
frust_shell_common::perf: frust-perf raw n=2257 total_us=6420 rebuild_us=214 layout_us=0 paint_us=170 encode_us=58 acquire_us=1951 submit_us=4026 skipped=0 gpu_q=1 gpu_total_us=7435 gpu_prepass_us=0 gpu_main_us=7435 gpu_composite_us=0 gpu_blit_us=0
frust_shell_common::perf: frust-perf raw n=2258 total_us=6838 rebuild_us=226 layout_us=0 paint_us=103 encode_us=58 acquire_us=1720 submit_us=4729 skipped=0 gpu_q=1 gpu_total_us=7433 gpu_prepass_us=0 gpu_main_us=7433 gpu_composite_us=0 gpu_blit_us=0
frust_shell_common::perf: frust-perf raw n=2259 total_us=5575 rebuild_us=218 layout_us=0 paint_us=101 encode_us=52 acquire_us=1334 submit_us=3867 skipped=0 gpu_q=1 gpu_total_us=7921 gpu_prepass_us=0 gpu_main_us=7921 gpu_composite_us=0 gpu_blit_us=0
frust_shell_common::perf: frust-perf raw n=2260 total_us=5189 rebuild_us=200 layout_us=0 paint_us=102 encode_us=54 acquire_us=1030 submit_us=3801 skipped=0 gpu_q=1 gpu_total_us=7442 gpu_prepass_us=0 gpu_main_us=7442 gpu_composite_us=0 gpu_blit_us=0
frust_shell_common::perf: frust-perf raw n=2261 total_us=5982 rebuild_us=205 layout_us=0 paint_us=94 encode_us=53 acquire_us=1570 submit_us=4058 skipped=0 gpu_q=1 gpu_total_us=7434 gpu_prepass_us=0 gpu_main_us=7434 gpu_composite_us=0 gpu_blit_us=0
frust_shell_common::perf: frust-perf raw n=2262 total_us=6589 rebuild_us=217 layout_us=0 paint_us=100 encode_us=53 acquire_us=2230 submit_us=3987 skipped=0 gpu_q=1 gpu_total_us=7428 gpu_prepass_us=0 gpu_main_us=7428 gpu_composite_us=0 gpu_blit_us=0
frust_shell_common::perf: frust-perf raw n=2263 total_us=6616 rebuild_us=217 layout_us=0 paint_us=96 encode_us=54 acquire_us=2177 submit_us=4069 skipped=0 gpu_q=1 gpu_total_us=7437 gpu_prepass_us=0 gpu_main_us=7437 gpu_composite_us=0 gpu_blit_us=0
frust_shell_common::perf: frust-perf raw n=2264 total_us=6001 rebuild_us=206 layout_us=0 paint_us=94 encode_us=51 acquire_us=1631 submit_us=4015 skipped=0 gpu_q=1 gpu_total_us=7438 gpu_prepass_us=0 gpu_main_us=7438 gpu_composite_us=0 gpu_blit_us=0
frust_shell_common::perf: frust-perf raw n=2265 total_us=6735 rebuild_us=212 layout_us=0 paint_us=94 encode_us=53 acquire_us=2432 submit_us=3942 skipped=0 gpu_q=1 gpu_total_us=7467 gpu_prepass_us=0 gpu_main_us=7467 gpu_composite_us=0 gpu_blit_us=0
frust_shell_common::perf: frust-perf raw n=2266 total_us=5186 rebuild_us=214 layout_us=0 paint_us=98 encode_us=52 acquire_us=1047 submit_us=3772 skipped=0 gpu_q=1 gpu_total_us=7422 gpu_prepass_us=0 gpu_main_us=7422 gpu_composite_us=0 gpu_blit_us=0
frust_shell_common::perf: frust-perf raw n=2267 total_us=5807 rebuild_us=491 layout_us=0 paint_us=96 encode_us=51 acquire_us=1108 submit_us=4058 skipped=0 gpu_q=1 gpu_total_us=7411 gpu_prepass_us=0 gpu_main_us=7411 gpu_composite_us=0 gpu_blit_us=0
frust_shell_common::perf: frust-perf raw n=2268 total_us=6760 rebuild_us=208 layout_us=0 paint_us=94 encode_us=56 acquire_us=2279 submit_us=4121 skipped=0 gpu_q=1 gpu_total_us=7433 gpu_prepass_us=0 gpu_main_us=7433 gpu_composite_us=0 gpu_blit_us=0
frust_shell_common::perf: bench-scenario-start s3-clear
frust_shell_common::perf: frust-perf raw n=2269 total_us=7617 rebuild_us=4585 layout_us=20 paint_us=22 encode_us=45 acquire_us=97 submit_us=2844 skipped=0 gpu_q=1 gpu_total_us=7420 gpu_prepass_us=0 gpu_main_us=7420 gpu_composite_us=0 gpu_blit_us=0
frust_shell_common::perf: bench-scenario-end s3-clear
frust_shell_common::perf: frust-perf raw n=2270 total_us=2973 rebuild_us=301 layout_us=1 paint_us=109 encode_us=21 acquire_us=76 submit_us=2462 skipped=0 gpu_q=1 gpu_total_us=7479 gpu_prepass_us=0 gpu_main_us=7479 gpu_composite_us=0 gpu_blit_us=0
frust_shell_common::perf: frust-perf raw n=2271 total_us=5023 rebuild_us=119 layout_us=0 paint_us=39 encode_us=19 acquire_us=2092 submit_us=2753 skipped=0 gpu_q=1 gpu_total_us=7429 gpu_prepass_us=0 gpu_main_us=7429 gpu_composite_us=0 gpu_blit_us=0
frust_shell_common::perf: frust-perf raw n=2272 total_us=4535 rebuild_us=101 layout_us=0 paint_us=30 encode_us=23 acquire_us=1700 submit_us=2677 skipped=0 gpu_q=1 gpu_total_us=7400 gpu_prepass_us=0 gpu_main_us=7400 gpu_composite_us=0 gpu_blit_us=0
frust_shell_common::perf: frust-perf raw n=2273 total_us=6411 rebuild_us=99 layout_us=0 paint_us=30 encode_us=19 acquire_us=2697 submit_us=3563 skipped=0 gpu_q=1 gpu_total_us=3198 gpu_prepass_us=0 gpu_main_us=3198 gpu_composite_us=0 gpu_blit_us=0
frust_shell_common::perf: frust-perf raw n=2274 total_us=6899 rebuild_us=99 layout_us=0 paint_us=30 encode_us=21 acquire_us=3367 submit_us=3380 skipped=0 gpu_q=1 gpu_total_us=3206 gpu_prepass_us=0 gpu_main_us=3206 gpu_composite_us=0 gpu_blit_us=0
frust_shell_common::perf: frust-perf raw n=2275 total_us=4539 rebuild_us=99 layout_us=0 paint_us=31 encode_us=19 acquire_us=1639 submit_us=2748 skipped=0 gpu_q=1 gpu_total_us=3217 gpu_prepass_us=0 gpu_main_us=3217 gpu_composite_us=0 gpu_blit_us=0
frust_shell_common::perf: frust-perf raw n=2276 total_us=5116 rebuild_us=102 layout_us=0 paint_us=32 encode_us=20 acquire_us=2054 submit_us=2906 skipped=0 gpu_q=1 gpu_total_us=3213 gpu_prepass_us=0 gpu_main_us=3213 gpu_composite_us=0 gpu_blit_us=0
frust_shell_common::perf: frust-perf raw n=2277 total_us=5496 rebuild_us=101 layout_us=0 paint_us=33 encode_us=18 acquire_us=2395 submit_us=2947 skipped=0 gpu_q=1 gpu_total_us=3210 gpu_prepass_us=0 gpu_main_us=3210 gpu_composite_us=0 gpu_blit_us=0
frust_shell_common::perf: frust-perf raw n=2278 total_us=5354 rebuild_us=108 layout_us=0 paint_us=34 encode_us=21 acquire_us=2318 submit_us=2870 skipped=0 gpu_q=1 gpu_total_us=3204 gpu_prepass_us=0 gpu_main_us=3204 gpu_composite_us=0 gpu_blit_us=0
frust_shell_common::perf: frust-perf raw n=2279 total_us=6116 rebuild_us=115 layout_us=0 paint_us=37 encode_us=21 acquire_us=2988 submit_us=2953 skipped=0 gpu_q=1 gpu_total_us=3217 gpu_prepass_us=0 gpu_main_us=3217 gpu_composite_us=0 gpu_blit_us=0
frust_shell_common::perf: frust-perf raw n=2280 total_us=5129 rebuild_us=103 layout_us=0 paint_us=32 encode_us=21 acquire_us=2095 submit_us=2875 skipped=0 gpu_q=1 gpu_total_us=3214 gpu_prepass_us=0 gpu_main_us=3214 gpu_composite_us=0 gpu_blit_us=0
frust_shell_common::perf: frust-perf raw n=2281 total_us=4488 rebuild_us=104 layout_us=0 paint_us=32 encode_us=23 acquire_us=1393 submit_us=2933 skipped=0 gpu_q=1 gpu_total_us=3291 gpu_prepass_us=0 gpu_main_us=3291 gpu_composite_us=0 gpu_blit_us=0
frust_shell_common::perf: frust-perf raw n=2282 total_us=5948 rebuild_us=103 layout_us=0 paint_us=31 encode_us=25 acquire_us=2855 submit_us=2932 skipped=0 gpu_q=1 gpu_total_us=3272 gpu_prepass_us=0 gpu_main_us=3272 gpu_composite_us=0 gpu_blit_us=0
frust_shell_common::perf: frust-perf raw n=2283 total_us=4873 rebuild_us=103 layout_us=0 paint_us=33 encode_us=22 acquire_us=1881 submit_us=2832 skipped=0 gpu_q=1 gpu_total_us=3210 gpu_prepass_us=0 gpu_main_us=3210 gpu_composite_us=0 gpu_blit_us=0
frust_shell_common::perf: frust-perf raw n=2284 total_us=5272 rebuild_us=106 layout_us=0 paint_us=34 encode_us=22 acquire_us=2264 submit_us=2844 skipped=0 gpu_q=1 gpu_total_us=3201 gpu_prepass_us=0 gpu_main_us=3201 gpu_composite_us=0 gpu_blit_us=0
frust_shell_common::perf: frust-perf raw n=2285 total_us=5592 rebuild_us=104 layout_us=0 paint_us=32 encode_us=22 acquire_us=2526 submit_us=2905 skipped=0 gpu_q=1 gpu_total_us=3209 gpu_prepass_us=0 gpu_main_us=3209 gpu_composite_us=0 gpu_blit_us=0
frust_shell_common::perf: frust-perf raw n=2286 total_us=5057 rebuild_us=101 layout_us=0 paint_us=32 encode_us=23 acquire_us=2081 submit_us=2817 skipped=0 gpu_q=1 gpu_total_us=3203 gpu_prepass_us=0 gpu_main_us=3203 gpu_composite_us=0 gpu_blit_us=0
frust_shell_common::perf: frust-perf raw n=2287 total_us=6190 rebuild_us=108 layout_us=0 paint_us=35 encode_us=22 acquire_us=2811 submit_us=3211 skipped=0 gpu_q=1 gpu_total_us=3207 gpu_prepass_us=0 gpu_main_us=3207 gpu_composite_us=0 gpu_blit_us=0
frust_shell_common::perf: frust-perf raw n=2288 total_us=5925 rebuild_us=102 layout_us=0 paint_us=31 encode_us=24 acquire_us=2644 submit_us=3122 skipped=0 gpu_q=1 gpu_total_us=3201 gpu_prepass_us=0 gpu_main_us=3201 gpu_composite_us=0 gpu_blit_us=0
frust_shell_common::perf: bench-scenario-start s3-create1k
frust_shell_common::perf: frust-perf raw n=2289 total_us=10833 rebuild_us=987 layout_us=245 paint_us=238 encode_us=50 acquire_us=687 submit_us=8624 skipped=0 gpu_q=1 gpu_total_us=3208 gpu_prepass_us=0 gpu_main_us=3208 gpu_composite_us=0 gpu_blit_us=0
frust_shell_common::perf: bench-scenario-end s3-create1k
frust_shell_common::perf: frust-perf raw n=2290 total_us=12739 rebuild_us=330 layout_us=0 paint_us=117 encode_us=68 acquire_us=2748 submit_us=9474 skipped=0 gpu_q=1 gpu_total_us=3243 gpu_prepass_us=0 gpu_main_us=3243 gpu_composite_us=0 gpu_blit_us=0
frust_shell_common::perf: frust-perf raw n=2291 total_us=10657 rebuild_us=298 layout_us=0 paint_us=129 encode_us=64 acquire_us=1395 submit_us=8768 skipped=0 gpu_q=1 gpu_total_us=3200 gpu_prepass_us=0 gpu_main_us=3200 gpu_composite_us=0 gpu_blit_us=0
frust_shell_common::perf: frust-perf raw n=2292 total_us=9694 rebuild_us=278 layout_us=0 paint_us=209 encode_us=59 acquire_us=1505 submit_us=7640 skipped=0 gpu_q=1 gpu_total_us=3212 gpu_prepass_us=0 gpu_main_us=3212 gpu_composite_us=0 gpu_blit_us=0
frust_shell_common::perf: frust-perf raw n=2293 total_us=8746 rebuild_us=255 layout_us=0 paint_us=113 encode_us=60 acquire_us=1409 submit_us=6907 skipped=0 gpu_q=1 gpu_total_us=4906 gpu_prepass_us=0 gpu_main_us=4906 gpu_composite_us=0 gpu_blit_us=0
frust_shell_common::perf: frust-perf raw n=2294 total_us=9445 rebuild_us=195 layout_us=0 paint_us=86 encode_us=49 acquire_us=3198 submit_us=5914 skipped=0 gpu_q=1 gpu_total_us=4984 gpu_prepass_us=0 gpu_main_us=4984 gpu_composite_us=0 gpu_blit_us=0
frust_shell_common::perf: frust-perf raw n=2295 total_us=9103 rebuild_us=293 layout_us=0 paint_us=102 encode_us=65 acquire_us=2444 submit_us=6197 skipped=0 gpu_q=1 gpu_total_us=4890 gpu_prepass_us=0 gpu_main_us=4890 gpu_composite_us=0 gpu_blit_us=0
frust_shell_common::perf: frust-perf raw n=2296 total_us=10278 rebuild_us=224 layout_us=0 paint_us=103 encode_us=56 acquire_us=3462 submit_us=6431 skipped=0 gpu_q=1 gpu_total_us=4911 gpu_prepass_us=0 gpu_main_us=4911 gpu_composite_us=0 gpu_blit_us=0
frust_shell_common::perf: frust-perf raw n=2297 total_us=6935 rebuild_us=743 layout_us=1 paint_us=316 encode_us=44 acquire_us=61 submit_us=5768 skipped=0 gpu_q=1 gpu_total_us=4908 gpu_prepass_us=0 gpu_main_us=4908 gpu_composite_us=0 gpu_blit_us=0
frust_shell_common::perf: frust-perf raw n=2298 total_us=3954 rebuild_us=246 layout_us=0 paint_us=91 encode_us=41 acquire_us=62 submit_us=3512 skipped=0 gpu_q=1 gpu_total_us=4899 gpu_prepass_us=0 gpu_main_us=4899 gpu_composite_us=0 gpu_blit_us=0
frust_shell_common::perf: frust-perf raw n=2299 total_us=5147 rebuild_us=589 layout_us=0 paint_us=133 encode_us=54 acquire_us=77 submit_us=4292 skipped=0 gpu_q=1 gpu_total_us=4888 gpu_prepass_us=0 gpu_main_us=4888 gpu_composite_us=0 gpu_blit_us=0
frust_shell_common::perf: frust-perf raw n=2300 total_us=5877 rebuild_us=319 layout_us=0 paint_us=128 encode_us=58 acquire_us=1126 submit_us=4244 skipped=0 gpu_q=1 gpu_total_us=4881 gpu_prepass_us=0 gpu_main_us=4881 gpu_composite_us=0 gpu_blit_us=0
frust_shell_common::perf: frust-perf raw n=2301 total_us=5455 rebuild_us=220 layout_us=0 paint_us=99 encode_us=52 acquire_us=852 submit_us=4230 skipped=0 gpu_q=1 gpu_total_us=4924 gpu_prepass_us=0 gpu_main_us=4924 gpu_composite_us=0 gpu_blit_us=0
frust_shell_common::perf: frust-perf raw n=2302 total_us=5811 rebuild_us=217 layout_us=0 paint_us=93 encode_us=54 acquire_us=1399 submit_us=4045 skipped=0 gpu_q=1 gpu_total_us=8322 gpu_prepass_us=0 gpu_main_us=8322 gpu_composite_us=0 gpu_blit_us=0
frust_shell_common::perf: frust-perf raw n=2303 total_us=5982 rebuild_us=208 layout_us=0 paint_us=100 encode_us=50 acquire_us=1499 submit_us=4122 skipped=0 gpu_q=1 gpu_total_us=8334 gpu_prepass_us=0 gpu_main_us=8334 gpu_composite_us=0 gpu_blit_us=0
frust_shell_common::perf: frust-perf raw n=2304 total_us=5435 rebuild_us=303 layout_us=0 paint_us=103 encode_us=134 acquire_us=1328 submit_us=3566 skipped=0 gpu_q=1 gpu_total_us=8312 gpu_prepass_us=0 gpu_main_us=8312 gpu_composite_us=0 gpu_blit_us=0
frust_shell_common::perf: frust-perf raw n=2305 total_us=4080 rebuild_us=200 layout_us=0 paint_us=91 encode_us=44 acquire_us=66 submit_us=3677 skipped=0 gpu_q=1 gpu_total_us=8814 gpu_prepass_us=0 gpu_main_us=8814 gpu_composite_us=0 gpu_blit_us=0
frust_shell_common::perf: frust-perf raw n=2306 total_us=4220 rebuild_us=308 layout_us=0 paint_us=127 encode_us=46 acquire_us=66 submit_us=3670 skipped=0 gpu_q=1 gpu_total_us=8331 gpu_prepass_us=0 gpu_main_us=8331 gpu_composite_us=0 gpu_blit_us=0
frust_shell_common::perf: frust-perf raw n=2307 total_us=4987 rebuild_us=300 layout_us=0 paint_us=121 encode_us=44 acquire_us=567 submit_us=3952 skipped=0 gpu_q=1 gpu_total_us=8334 gpu_prepass_us=0 gpu_main_us=8334 gpu_composite_us=0 gpu_blit_us=0
frust_shell_common::perf: frust-perf raw n=2308 total_us=4995 rebuild_us=202 layout_us=0 paint_us=85 encode_us=50 acquire_us=1052 submit_us=3605 skipped=0 gpu_q=1 gpu_total_us=8329 gpu_prepass_us=0 gpu_main_us=8329 gpu_composite_us=0 gpu_blit_us=0
frust_shell_common::perf: bench-scenario-start s3-create10k
frust_shell_common::perf: frust-perf raw n=2309 total_us=9774 rebuild_us=5136 layout_us=190 paint_us=143 encode_us=60 acquire_us=98 submit_us=4145 skipped=0 gpu_q=1 gpu_total_us=8362 gpu_prepass_us=0 gpu_main_us=8362 gpu_composite_us=0 gpu_blit_us=0
frust_shell_common::perf: bench-scenario-end s3-create10k
frust_shell_common::perf: frust-perf raw n=2310 total_us=6339 rebuild_us=620 layout_us=0 paint_us=126 encode_us=50 acquire_us=462 submit_us=5078 skipped=0 gpu_q=1 gpu_total_us=8324 gpu_prepass_us=0 gpu_main_us=8324 gpu_composite_us=0 gpu_blit_us=0
frust_shell_common::perf: frust-perf raw n=2311 total_us=5502 rebuild_us=198 layout_us=0 paint_us=84 encode_us=49 acquire_us=1254 submit_us=3915 skipped=0 gpu_q=1 gpu_total_us=8322 gpu_prepass_us=0 gpu_main_us=8322 gpu_composite_us=0 gpu_blit_us=0
frust_shell_common::perf: frust-perf raw n=2312 total_us=6147 rebuild_us=188 layout_us=0 paint_us=82 encode_us=49 acquire_us=1758 submit_us=4067 skipped=0 gpu_q=1 gpu_total_us=8321 gpu_prepass_us=0 gpu_main_us=8321 gpu_composite_us=0 gpu_blit_us=0
frust_shell_common::perf: frust-perf raw n=2313 total_us=5792 rebuild_us=196 layout_us=0 paint_us=85 encode_us=47 acquire_us=2019 submit_us=3443 skipped=0 gpu_q=1 gpu_total_us=7252 gpu_prepass_us=0 gpu_main_us=7252 gpu_composite_us=0 gpu_blit_us=0
frust_shell_common::perf: frust-perf raw n=2314 total_us=5345 rebuild_us=205 layout_us=0 paint_us=84 encode_us=48 acquire_us=1653 submit_us=3353 skipped=0 gpu_q=1 gpu_total_us=7728 gpu_prepass_us=0 gpu_main_us=7728 gpu_composite_us=0 gpu_blit_us=0
frust_shell_common::perf: frust-perf raw n=2315 total_us=10548 rebuild_us=464 layout_us=0 paint_us=103 encode_us=117 acquire_us=1656 submit_us=8206 skipped=0 gpu_q=1 gpu_total_us=7216 gpu_prepass_us=0 gpu_main_us=7216 gpu_composite_us=0 gpu_blit_us=0
frust_shell_common::perf: frust-perf raw n=2316 total_us=6889 rebuild_us=231 layout_us=0 paint_us=97 encode_us=48 acquire_us=64 submit_us=6446 skipped=0 gpu_q=1 gpu_total_us=7198 gpu_prepass_us=0 gpu_main_us=7198 gpu_composite_us=0 gpu_blit_us=0
frust_shell_common::perf: frust-perf raw n=2317 total_us=4114 rebuild_us=211 layout_us=0 paint_us=92 encode_us=48 acquire_us=66 submit_us=3695 skipped=0 gpu_q=1 gpu_total_us=7213 gpu_prepass_us=0 gpu_main_us=7213 gpu_composite_us=0 gpu_blit_us=0
frust_shell_common::perf: frust-perf raw n=2318 total_us=6022 rebuild_us=206 layout_us=0 paint_us=92 encode_us=52 acquire_us=1688 submit_us=3982 skipped=0 gpu_q=1 gpu_total_us=7231 gpu_prepass_us=0 gpu_main_us=7231 gpu_composite_us=0 gpu_blit_us=0
frust_shell_common::perf: frust-perf raw n=2319 total_us=6188 rebuild_us=212 layout_us=0 paint_us=95 encode_us=55 acquire_us=1845 submit_us=3980 skipped=0 gpu_q=1 gpu_total_us=7333 gpu_prepass_us=0 gpu_main_us=7333 gpu_composite_us=0 gpu_blit_us=0
frust_shell_common::perf: frust-perf raw n=2320 total_us=6405 rebuild_us=207 layout_us=0 paint_us=112 encode_us=54 acquire_us=2361 submit_us=3670 skipped=0 gpu_q=1 gpu_total_us=7227 gpu_prepass_us=0 gpu_main_us=7227 gpu_composite_us=0 gpu_blit_us=0
frust_shell_common::perf: frust-perf raw n=2321 total_us=9491 rebuild_us=199 layout_us=0 paint_us=85 encode_us=50 acquire_us=1839 submit_us=7315 skipped=0 gpu_q=1 gpu_total_us=5271 gpu_prepass_us=0 gpu_main_us=5271 gpu_composite_us=0 gpu_blit_us=0
frust_shell_common::perf: frust-perf raw n=2322 total_us=3719 rebuild_us=312 layout_us=0 paint_us=119 encode_us=43 acquire_us=52 submit_us=3191 skipped=0 gpu_q=1 gpu_total_us=5204 gpu_prepass_us=0 gpu_main_us=5204 gpu_composite_us=0 gpu_blit_us=0
frust_shell_common::perf: frust-perf raw n=2323 total_us=4174 rebuild_us=306 layout_us=0 paint_us=141 encode_us=52 acquire_us=76 submit_us=3598 skipped=0 gpu_q=1 gpu_total_us=5747 gpu_prepass_us=0 gpu_main_us=5747 gpu_composite_us=0 gpu_blit_us=0
frust_shell_common::perf: frust-perf raw n=2324 total_us=5886 rebuild_us=309 layout_us=0 paint_us=132 encode_us=64 acquire_us=1513 submit_us=3865 skipped=0 gpu_q=1 gpu_total_us=5211 gpu_prepass_us=0 gpu_main_us=5211 gpu_composite_us=0 gpu_blit_us=0
frust_shell_common::perf: frust-perf raw n=2325 total_us=5844 rebuild_us=229 layout_us=0 paint_us=95 encode_us=52 acquire_us=1542 submit_us=3924 skipped=0 gpu_q=1 gpu_total_us=5186 gpu_prepass_us=0 gpu_main_us=5186 gpu_composite_us=0 gpu_blit_us=0
frust_shell_android::app::frame: frust-perf platform-view tail depth=0 target=0 acquire_bound=false frame=2338 expected_present_us=0 acquire_us=1191 period_us=11145
frust_shell_common::perf: frust-perf raw n=2326 total_us=7149 rebuild_us=223 layout_us=0 paint_us=103 encode_us=52 acquire_us=2374 submit_us=4395 skipped=0 gpu_q=1 gpu_total_us=5243 gpu_prepass_us=0 gpu_main_us=5243 gpu_composite_us=0 gpu_blit_us=0
frust_shell_common::perf: frust-perf raw n=2327 total_us=6257 rebuild_us=221 layout_us=0 paint_us=106 encode_us=55 acquire_us=1848 submit_us=4026 skipped=0 gpu_q=1 gpu_total_us=5256 gpu_prepass_us=0 gpu_main_us=5256 gpu_composite_us=0 gpu_blit_us=0
frust_shell_common::perf: frust-perf raw n=2328 total_us=5039 rebuild_us=210 layout_us=0 paint_us=93 encode_us=54 acquire_us=1067 submit_us=3611 skipped=0 gpu_q=1 gpu_total_us=5194 gpu_prepass_us=0 gpu_main_us=5194 gpu_composite_us=0 gpu_blit_us=0
frust_shell_common::perf: bench-scenario-start s3-update
frust_shell_common::perf: frust-perf raw n=2329 total_us=7680 rebuild_us=3639 layout_us=68 paint_us=85 encode_us=46 acquire_us=78 submit_us=3761 skipped=0 gpu_q=1 gpu_total_us=5250 gpu_prepass_us=0 gpu_main_us=5250 gpu_composite_us=0 gpu_blit_us=0
frust_shell_common::perf: bench-scenario-end s3-update
frust_shell_common::perf: frust-perf raw n=2330 total_us=5212 rebuild_us=248 layout_us=0 paint_us=152 encode_us=50 acquire_us=1348 submit_us=3411 skipped=0 gpu_q=1 gpu_total_us=5196 gpu_prepass_us=0 gpu_main_us=5196 gpu_composite_us=0 gpu_blit_us=0
frust_shell_common::perf: frust-perf raw n=2331 total_us=5677 rebuild_us=209 layout_us=0 paint_us=91 encode_us=48 acquire_us=1683 submit_us=3643 skipped=0 gpu_q=1 gpu_total_us=5238 gpu_prepass_us=0 gpu_main_us=5238 gpu_composite_us=0 gpu_blit_us=0
frust_shell_common::perf: frust-perf raw n=2332 total_us=5145 rebuild_us=211 layout_us=0 paint_us=87 encode_us=46 acquire_us=1514 submit_us=3284 skipped=0 gpu_q=1 gpu_total_us=5495 gpu_prepass_us=0 gpu_main_us=5495 gpu_composite_us=0 gpu_blit_us=0
frust_shell_common::perf: frust-perf raw n=2333 total_us=6221 rebuild_us=203 layout_us=0 paint_us=86 encode_us=48 acquire_us=1704 submit_us=4178 skipped=0 gpu_q=1 gpu_total_us=5223 gpu_prepass_us=0 gpu_main_us=5223 gpu_composite_us=0 gpu_blit_us=0
frust_shell_common::perf: frust-perf raw n=2334 total_us=5259 rebuild_us=212 layout_us=0 paint_us=91 encode_us=51 acquire_us=1584 submit_us=3317 skipped=0 gpu_q=1 gpu_total_us=5226 gpu_prepass_us=0 gpu_main_us=5226 gpu_composite_us=0 gpu_blit_us=0
frust_shell_common::perf: frust-perf raw n=2335 total_us=7121 rebuild_us=202 layout_us=0 paint_us=92 encode_us=58 acquire_us=2190 submit_us=4577 skipped=0 gpu_q=1 gpu_total_us=5233 gpu_prepass_us=0 gpu_main_us=5233 gpu_composite_us=0 gpu_blit_us=0
frust_shell_common::perf: frust-perf raw n=2336 total_us=5402 rebuild_us=203 layout_us=0 paint_us=141 encode_us=53 acquire_us=1539 submit_us=3464 skipped=0 gpu_q=1 gpu_total_us=5225 gpu_prepass_us=0 gpu_main_us=5225 gpu_composite_us=0 gpu_blit_us=0
frust_shell_common::perf: frust-perf raw n=2337 total_us=4845 rebuild_us=199 layout_us=0 paint_us=83 encode_us=49 acquire_us=1117 submit_us=3395 skipped=0 gpu_q=1 gpu_total_us=5217 gpu_prepass_us=0 gpu_main_us=5217 gpu_composite_us=0 gpu_blit_us=0
frust_shell_common::perf: frust-perf raw n=2338 total_us=5286 rebuild_us=202 layout_us=0 paint_us=83 encode_us=48 acquire_us=1655 submit_us=3296 skipped=0 gpu_q=1 gpu_total_us=5234 gpu_prepass_us=0 gpu_main_us=5234 gpu_composite_us=0 gpu_blit_us=0
frust_shell_common::perf: frust-perf raw n=2339 total_us=5040 rebuild_us=252 layout_us=0 paint_us=84 encode_us=46 acquire_us=1338 submit_us=3317 skipped=0 gpu_q=1 gpu_total_us=5234 gpu_prepass_us=0 gpu_main_us=5234 gpu_composite_us=0 gpu_blit_us=0
frust_shell_common::perf: frust-perf raw n=2340 total_us=5643 rebuild_us=211 layout_us=0 paint_us=85 encode_us=51 acquire_us=1582 submit_us=3711 skipped=0 gpu_q=1 gpu_total_us=5240 gpu_prepass_us=0 gpu_main_us=5240 gpu_composite_us=0 gpu_blit_us=0
frust_shell_common::perf: frust-perf raw n=2341 total_us=6416 rebuild_us=202 layout_us=0 paint_us=86 encode_us=49 acquire_us=2073 submit_us=4003 skipped=0 gpu_q=1 gpu_total_us=5624 gpu_prepass_us=0 gpu_main_us=5624 gpu_composite_us=0 gpu_blit_us=0
frust_shell_common::perf: frust-perf raw n=2342 total_us=3391 rebuild_us=182 layout_us=0 paint_us=89 encode_us=44 acquire_us=84 submit_us=2990 skipped=0 gpu_q=1 gpu_total_us=5226 gpu_prepass_us=0 gpu_main_us=5226 gpu_composite_us=0 gpu_blit_us=0
frust_shell_common::perf: frust-perf raw n=2343 total_us=3727 rebuild_us=174 layout_us=0 paint_us=75 encode_us=43 acquire_us=59 submit_us=3374 skipped=0 gpu_q=1 gpu_total_us=5244 gpu_prepass_us=0 gpu_main_us=5244 gpu_composite_us=0 gpu_blit_us=0
frust_shell_common::perf: frust-perf raw n=2344 total_us=5722 rebuild_us=230 layout_us=0 paint_us=103 encode_us=79 acquire_us=1567 submit_us=3741 skipped=0 gpu_q=1 gpu_total_us=5228 gpu_prepass_us=0 gpu_main_us=5228 gpu_composite_us=0 gpu_blit_us=0
frust_shell_common::perf: frust-perf raw n=2345 total_us=5698 rebuild_us=190 layout_us=0 paint_us=94 encode_us=54 acquire_us=2122 submit_us=3237 skipped=0 gpu_q=1 gpu_total_us=5232 gpu_prepass_us=0 gpu_main_us=5232 gpu_composite_us=0 gpu_blit_us=0
frust_shell_common::perf: frust-perf raw n=2346 total_us=5335 rebuild_us=182 layout_us=0 paint_us=78 encode_us=50 acquire_us=1486 submit_us=3536 skipped=0 gpu_q=1 gpu_total_us=5214 gpu_prepass_us=0 gpu_main_us=5214 gpu_composite_us=0 gpu_blit_us=0
frust_shell_common::perf: frust-perf raw n=2347 total_us=3968 rebuild_us=192 layout_us=0 paint_us=83 encode_us=50 acquire_us=549 submit_us=3091 skipped=0 gpu_q=1 gpu_total_us=6734 gpu_prepass_us=0 gpu_main_us=6734 gpu_composite_us=0 gpu_blit_us=0
frust_shell_common::perf: frust-perf raw n=2348 total_us=4732 rebuild_us=222 layout_us=0 paint_us=85 encode_us=46 acquire_us=1036 submit_us=3340 skipped=0 gpu_q=1 gpu_total_us=7248 gpu_prepass_us=0 gpu_main_us=7248 gpu_composite_us=0 gpu_blit_us=0
frust_shell_common::perf: bench-scenario-start s3-swap
frust_shell_common::perf: frust-perf raw n=2349 total_us=7417 rebuild_us=3227 layout_us=65 paint_us=79 encode_us=48 acquire_us=77 submit_us=3919 skipped=0 gpu_q=1 gpu_total_us=7253 gpu_prepass_us=0 gpu_main_us=7253 gpu_composite_us=0 gpu_blit_us=0
frust_shell_common::perf: bench-scenario-end s3-swap
frust_shell_common::perf: frust-perf raw n=2350 total_us=6553 rebuild_us=228 layout_us=0 paint_us=85 encode_us=54 acquire_us=1843 submit_us=4340 skipped=0 gpu_q=1 gpu_total_us=7715 gpu_prepass_us=0 gpu_main_us=7715 gpu_composite_us=0 gpu_blit_us=0
frust_shell_common::perf: frust-perf raw n=2351 total_us=5854 rebuild_us=203 layout_us=0 paint_us=84 encode_us=53 acquire_us=1833 submit_us=3679 skipped=0 gpu_q=1 gpu_total_us=7261 gpu_prepass_us=0 gpu_main_us=7261 gpu_composite_us=0 gpu_blit_us=0
frust_shell_common::perf: frust-perf raw n=2352 total_us=5052 rebuild_us=201 layout_us=0 paint_us=83 encode_us=53 acquire_us=1185 submit_us=3528 skipped=0 gpu_q=1 gpu_total_us=7246 gpu_prepass_us=0 gpu_main_us=7246 gpu_composite_us=0 gpu_blit_us=0
frust_shell_common::perf: frust-perf raw n=2353 total_us=6637 rebuild_us=197 layout_us=0 paint_us=91 encode_us=55 acquire_us=2610 submit_us=3683 skipped=0 gpu_q=1 gpu_total_us=7423 gpu_prepass_us=0 gpu_main_us=7423 gpu_composite_us=0 gpu_blit_us=0
frust_shell_common::perf: frust-perf raw n=2354 total_us=6093 rebuild_us=201 layout_us=0 paint_us=87 encode_us=53 acquire_us=1419 submit_us=4330 skipped=0 gpu_q=1 gpu_total_us=7441 gpu_prepass_us=0 gpu_main_us=7441 gpu_composite_us=0 gpu_blit_us=0
frust_shell_common::perf: frust-perf raw n=2355 total_us=5391 rebuild_us=197 layout_us=0 paint_us=91 encode_us=45 acquire_us=1730 submit_us=3325 skipped=0 gpu_q=1 gpu_total_us=7433 gpu_prepass_us=0 gpu_main_us=7433 gpu_composite_us=0 gpu_blit_us=0
frust_shell_common::perf: frust-perf raw n=2356 total_us=6175 rebuild_us=200 layout_us=0 paint_us=84 encode_us=49 acquire_us=1263 submit_us=4576 skipped=0 gpu_q=1 gpu_total_us=7462 gpu_prepass_us=0 gpu_main_us=7462 gpu_composite_us=0 gpu_blit_us=0
frust_shell_common::perf: frust-perf raw n=2357 total_us=4936 rebuild_us=195 layout_us=0 paint_us=86 encode_us=47 acquire_us=1270 submit_us=3336 skipped=0 gpu_q=1 gpu_total_us=7433 gpu_prepass_us=0 gpu_main_us=7433 gpu_composite_us=0 gpu_blit_us=0
frust_shell_common::perf: frust-perf raw n=2358 total_us=4483 rebuild_us=196 layout_us=0 paint_us=84 encode_us=48 acquire_us=827 submit_us=3326 skipped=0 gpu_q=1 gpu_total_us=7446 gpu_prepass_us=0 gpu_main_us=7446 gpu_composite_us=0 gpu_blit_us=0
frust_shell_common::perf: frust-perf raw n=2359 total_us=5016 rebuild_us=191 layout_us=0 paint_us=82 encode_us=75 acquire_us=1290 submit_us=3376 skipped=0 gpu_q=1 gpu_total_us=7903 gpu_prepass_us=0 gpu_main_us=7903 gpu_composite_us=0 gpu_blit_us=0
frust_shell_common::perf: frust-perf raw n=2360 total_us=5264 rebuild_us=193 layout_us=0 paint_us=85 encode_us=51 acquire_us=1548 submit_us=3384 skipped=0 gpu_q=1 gpu_total_us=7447 gpu_prepass_us=0 gpu_main_us=7447 gpu_composite_us=0 gpu_blit_us=0
frust_shell_common::perf: frust-perf raw n=2361 total_us=6223 rebuild_us=197 layout_us=0 paint_us=83 encode_us=51 acquire_us=1171 submit_us=4719 skipped=0 gpu_q=1 gpu_total_us=7434 gpu_prepass_us=0 gpu_main_us=7434 gpu_composite_us=0 gpu_blit_us=0
frust_shell_common::perf: frust-perf raw n=2362 total_us=4503 rebuild_us=198 layout_us=0 paint_us=84 encode_us=55 acquire_us=800 submit_us=3363 skipped=0 gpu_q=1 gpu_total_us=7438 gpu_prepass_us=0 gpu_main_us=7438 gpu_composite_us=0 gpu_blit_us=0
frust_shell_common::perf: frust-perf raw n=2363 total_us=5609 rebuild_us=258 layout_us=0 paint_us=90 encode_us=49 acquire_us=1742 submit_us=3468 skipped=0 gpu_q=1 gpu_total_us=7433 gpu_prepass_us=0 gpu_main_us=7433 gpu_composite_us=0 gpu_blit_us=0
frust_shell_common::perf: frust-perf raw n=2364 total_us=5282 rebuild_us=497 layout_us=0 paint_us=93 encode_us=49 acquire_us=493 submit_us=4146 skipped=0 gpu_q=1 gpu_total_us=7423 gpu_prepass_us=0 gpu_main_us=7423 gpu_composite_us=0 gpu_blit_us=0
frust_shell_common::perf: frust-perf raw n=2365 total_us=4555 rebuild_us=203 layout_us=0 paint_us=85 encode_us=51 acquire_us=888 submit_us=3326 skipped=0 gpu_q=1 gpu_total_us=7437 gpu_prepass_us=0 gpu_main_us=7437 gpu_composite_us=0 gpu_blit_us=0
frust_shell_common::perf: frust-perf raw n=2366 total_us=6362 rebuild_us=259 layout_us=0 paint_us=83 encode_us=51 acquire_us=2200 submit_us=3766 skipped=0 gpu_q=1 gpu_total_us=7436 gpu_prepass_us=0 gpu_main_us=7436 gpu_composite_us=0 gpu_blit_us=0
frust_shell_common::perf: frust-perf raw n=2367 total_us=4713 rebuild_us=459 layout_us=0 paint_us=94 encode_us=51 acquire_us=71 submit_us=4037 skipped=0 gpu_q=1 gpu_total_us=7435 gpu_prepass_us=0 gpu_main_us=7435 gpu_composite_us=0 gpu_blit_us=0
frust_shell_common::perf: frust-perf raw n=2368 total_us=5991 rebuild_us=226 layout_us=0 paint_us=94 encode_us=52 acquire_us=1300 submit_us=4317 skipped=0 gpu_q=1 gpu_total_us=7914 gpu_prepass_us=0 gpu_main_us=7914 gpu_composite_us=0 gpu_blit_us=0
frust_shell_common::perf: bench-scenario-start s3-clear
frust_shell_common::perf: frust-perf raw n=2369 total_us=7882 rebuild_us=4883 layout_us=20 paint_us=25 encode_us=41 acquire_us=88 submit_us=2823 skipped=0 gpu_q=1 gpu_total_us=7447 gpu_prepass_us=0 gpu_main_us=7447 gpu_composite_us=0 gpu_blit_us=0
frust_shell_common::perf: bench-scenario-end s3-clear
frust_shell_common::perf: frust-perf raw n=2370 total_us=4361 rebuild_us=182 layout_us=0 paint_us=36 encode_us=17 acquire_us=1683 submit_us=2440 skipped=0 gpu_q=1 gpu_total_us=7437 gpu_prepass_us=0 gpu_main_us=7437 gpu_composite_us=0 gpu_blit_us=0
frust_shell_common::perf: frust-perf raw n=2371 total_us=4460 rebuild_us=91 layout_us=0 paint_us=29 encode_us=18 acquire_us=1761 submit_us=2558 skipped=0 gpu_q=1 gpu_total_us=7435 gpu_prepass_us=0 gpu_main_us=7435 gpu_composite_us=0 gpu_blit_us=0
frust_shell_common::perf: frust-perf raw n=2372 total_us=4543 rebuild_us=91 layout_us=0 paint_us=29 encode_us=18 acquire_us=1720 submit_us=2683 skipped=0 gpu_q=1 gpu_total_us=7446 gpu_prepass_us=0 gpu_main_us=7446 gpu_composite_us=0 gpu_blit_us=0
frust_shell_common::perf: frust-perf raw n=2373 total_us=4358 rebuild_us=97 layout_us=0 paint_us=29 encode_us=19 acquire_us=1624 submit_us=2586 skipped=0 gpu_q=1 gpu_total_us=3190 gpu_prepass_us=0 gpu_main_us=3190 gpu_composite_us=0 gpu_blit_us=0
frust_shell_common::perf: frust-perf raw n=2374 total_us=4550 rebuild_us=95 layout_us=0 paint_us=30 encode_us=18 acquire_us=1793 submit_us=2611 skipped=0 gpu_q=1 gpu_total_us=3205 gpu_prepass_us=0 gpu_main_us=3205 gpu_composite_us=0 gpu_blit_us=0
frust_shell_common::perf: frust-perf raw n=2375 total_us=4484 rebuild_us=93 layout_us=0 paint_us=30 encode_us=18 acquire_us=1771 submit_us=2569 skipped=0 gpu_q=1 gpu_total_us=3221 gpu_prepass_us=0 gpu_main_us=3221 gpu_composite_us=0 gpu_blit_us=0
frust_shell_common::perf: frust-perf raw n=2376 total_us=5843 rebuild_us=104 layout_us=0 paint_us=33 encode_us=18 acquire_us=2655 submit_us=3031 skipped=0 gpu_q=1 gpu_total_us=3208 gpu_prepass_us=0 gpu_main_us=3208 gpu_composite_us=0 gpu_blit_us=0
frust_shell_common::perf: frust-perf raw n=2377 total_us=4050 rebuild_us=93 layout_us=0 paint_us=30 encode_us=18 acquire_us=1307 submit_us=2600 skipped=0 gpu_q=1 gpu_total_us=3485 gpu_prepass_us=0 gpu_main_us=3485 gpu_composite_us=0 gpu_blit_us=0
frust_shell_common::perf: frust-perf raw n=2378 total_us=3926 rebuild_us=95 layout_us=0 paint_us=31 encode_us=19 acquire_us=1028 submit_us=2751 skipped=0 gpu_q=1 gpu_total_us=3203 gpu_prepass_us=0 gpu_main_us=3203 gpu_composite_us=0 gpu_blit_us=0
frust_shell_common::perf: frust-perf raw n=2379 total_us=3932 rebuild_us=95 layout_us=0 paint_us=30 encode_us=21 acquire_us=1046 submit_us=2737 skipped=0 gpu_q=1 gpu_total_us=3298 gpu_prepass_us=0 gpu_main_us=3298 gpu_composite_us=0 gpu_blit_us=0
frust_shell_common::perf: frust-perf raw n=2380 total_us=4591 rebuild_us=97 layout_us=0 paint_us=31 encode_us=20 acquire_us=1721 submit_us=2719 skipped=0 gpu_q=1 gpu_total_us=3200 gpu_prepass_us=0 gpu_main_us=3200 gpu_composite_us=0 gpu_blit_us=0
frust_shell_common::perf: frust-perf raw n=2381 total_us=5098 rebuild_us=95 layout_us=0 paint_us=31 encode_us=21 acquire_us=2169 submit_us=2779 skipped=0 gpu_q=1 gpu_total_us=3206 gpu_prepass_us=0 gpu_main_us=3206 gpu_composite_us=0 gpu_blit_us=0
frust_shell_common::perf: frust-perf raw n=2382 total_us=4360 rebuild_us=97 layout_us=0 paint_us=29 encode_us=20 acquire_us=1269 submit_us=2942 skipped=0 gpu_q=1 gpu_total_us=3210 gpu_prepass_us=0 gpu_main_us=3210 gpu_composite_us=0 gpu_blit_us=0
frust_shell_common::perf: frust-perf raw n=2383 total_us=2945 rebuild_us=98 layout_us=0 paint_us=30 encode_us=21 acquire_us=83 submit_us=2711 skipped=0 gpu_q=1 gpu_total_us=3211 gpu_prepass_us=0 gpu_main_us=3211 gpu_composite_us=0 gpu_blit_us=0
frust_shell_common::perf: frust-perf raw n=2384 total_us=3400 rebuild_us=121 layout_us=0 paint_us=37 encode_us=20 acquire_us=81 submit_us=3139 skipped=0 gpu_q=1 gpu_total_us=3209 gpu_prepass_us=0 gpu_main_us=3209 gpu_composite_us=0 gpu_blit_us=0
frust_shell_common::perf: frust-perf raw n=2385 total_us=5871 rebuild_us=112 layout_us=0 paint_us=37 encode_us=23 acquire_us=2024 submit_us=3673 skipped=0 gpu_q=1 gpu_total_us=3219 gpu_prepass_us=0 gpu_main_us=3219 gpu_composite_us=0 gpu_blit_us=0
frust_shell_common::perf: frust-perf raw n=2386 total_us=4549 rebuild_us=114 layout_us=0 paint_us=37 encode_us=21 acquire_us=1122 submit_us=3252 skipped=0 gpu_q=1 gpu_total_us=3659 gpu_prepass_us=0 gpu_main_us=3659 gpu_composite_us=0 gpu_blit_us=0
frust_shell_common::perf: frust-perf raw n=2387 total_us=5234 rebuild_us=110 layout_us=0 paint_us=36 encode_us=21 acquire_us=1765 submit_us=3300 skipped=0 gpu_q=1 gpu_total_us=3205 gpu_prepass_us=0 gpu_main_us=3205 gpu_composite_us=0 gpu_blit_us=0
frust_shell_common::perf: frust-perf raw n=2388 total_us=5293 rebuild_us=113 layout_us=0 paint_us=36 encode_us=20 acquire_us=1700 submit_us=3421 skipped=0 gpu_q=1 gpu_total_us=3207 gpu_prepass_us=0 gpu_main_us=3207 gpu_composite_us=0 gpu_blit_us=0
frust_shell_common::perf: bench-scenario-start s3-create1k
frust_shell_common::perf: bench-scenario-end s3-create1k
frust_shell_common::perf: frust-perf raw n=2389 total_us=12543 rebuild_us=1277 layout_us=292 paint_us=284 encode_us=65 acquire_us=89 submit_us=10533 skipped=0 gpu_q=1 gpu_total_us=3216 gpu_prepass_us=0 gpu_main_us=3216 gpu_composite_us=0 gpu_blit_us=0
frust_shell_common::perf: frust-perf raw n=2390 total_us=8795 rebuild_us=372 layout_us=0 paint_us=121 encode_us=65 acquire_us=62 submit_us=8172 skipped=0 gpu_q=1 gpu_total_us=3204 gpu_prepass_us=0 gpu_main_us=3204 gpu_composite_us=0 gpu_blit_us=0
frust_shell_common::perf: frust-perf raw n=2391 total_us=10631 rebuild_us=294 layout_us=0 paint_us=144 encode_us=50 acquire_us=1825 submit_us=8316 skipped=0 gpu_q=1 gpu_total_us=3203 gpu_prepass_us=0 gpu_main_us=3203 gpu_composite_us=0 gpu_blit_us=0
frust_shell_common::perf: frust-perf raw n=2392 total_us=10268 rebuild_us=228 layout_us=0 paint_us=99 encode_us=56 acquire_us=1598 submit_us=8284 skipped=0 gpu_q=1 gpu_total_us=3291 gpu_prepass_us=0 gpu_main_us=3291 gpu_composite_us=0 gpu_blit_us=0
frust_shell_common::perf: frust-perf raw n=2393 total_us=8572 rebuild_us=273 layout_us=0 paint_us=120 encode_us=49 acquire_us=800 submit_us=7328 skipped=0 gpu_q=1 gpu_total_us=5031 gpu_prepass_us=0 gpu_main_us=5031 gpu_composite_us=0 gpu_blit_us=0
frust_shell_common::perf: frust-perf raw n=2394 total_us=10042 rebuild_us=219 layout_us=0 paint_us=102 encode_us=47 acquire_us=2503 submit_us=7168 skipped=0 gpu_q=1 gpu_total_us=4904 gpu_prepass_us=0 gpu_main_us=4904 gpu_composite_us=0 gpu_blit_us=0
frust_shell_common::perf: frust-perf raw n=2395 total_us=9162 rebuild_us=192 layout_us=0 paint_us=85 encode_us=61 acquire_us=3083 submit_us=5739 skipped=0 gpu_q=1 gpu_total_us=4905 gpu_prepass_us=0 gpu_main_us=4905 gpu_composite_us=0 gpu_blit_us=0
frust_shell_common::perf: frust-perf raw n=2396 total_us=7012 rebuild_us=201 layout_us=0 paint_us=81 encode_us=39 acquire_us=896 submit_us=5792 skipped=0 gpu_q=1 gpu_total_us=4916 gpu_prepass_us=0 gpu_main_us=4916 gpu_composite_us=0 gpu_blit_us=0
frust_shell_common::perf: frust-perf raw n=2397 total_us=8085 rebuild_us=206 layout_us=0 paint_us=91 encode_us=40 acquire_us=1852 submit_us=5894 skipped=0 gpu_q=1 gpu_total_us=4900 gpu_prepass_us=0 gpu_main_us=4900 gpu_composite_us=0 gpu_blit_us=0
frust_shell_common::perf: frust-perf raw n=2398 total_us=6678 rebuild_us=205 layout_us=0 paint_us=86 encode_us=47 acquire_us=2400 submit_us=3938 skipped=0 gpu_q=1 gpu_total_us=4908 gpu_prepass_us=0 gpu_main_us=4908 gpu_composite_us=0 gpu_blit_us=0
frust_shell_common::perf: frust-perf raw n=2399 total_us=5631 rebuild_us=209 layout_us=0 paint_us=93 encode_us=45 acquire_us=1370 submit_us=3912 skipped=0 gpu_q=1 gpu_total_us=4919 gpu_prepass_us=0 gpu_main_us=4919 gpu_composite_us=0 gpu_blit_us=0
frust_shell_common::perf: frust-perf raw n=2400 total_us=5197 rebuild_us=220 layout_us=0 paint_us=91 encode_us=44 acquire_us=1301 submit_us=3539 skipped=0 gpu_q=1 gpu_total_us=4902 gpu_prepass_us=0 gpu_main_us=4902 gpu_composite_us=0 gpu_blit_us=0
frust_shell_common::perf: frust-perf raw n=2401 total_us=6593 rebuild_us=203 layout_us=0 paint_us=97 encode_us=51 acquire_us=2275 submit_us=3964 skipped=0 gpu_q=1 gpu_total_us=4910 gpu_prepass_us=0 gpu_main_us=4910 gpu_composite_us=0 gpu_blit_us=0
frust_shell_common::perf: frust-perf raw n=2402 total_us=5493 rebuild_us=371 layout_us=0 paint_us=97 encode_us=47 acquire_us=1354 submit_us=3620 skipped=0 gpu_q=1 gpu_total_us=8327 gpu_prepass_us=0 gpu_main_us=8327 gpu_composite_us=0 gpu_blit_us=0
frust_shell_common::perf: frust-perf raw n=2403 total_us=6216 rebuild_us=196 layout_us=0 paint_us=85 encode_us=45 acquire_us=2003 submit_us=3885 skipped=0 gpu_q=1 gpu_total_us=8329 gpu_prepass_us=0 gpu_main_us=8329 gpu_composite_us=0 gpu_blit_us=0
frust_shell_common::perf: frust-perf raw n=2404 total_us=5746 rebuild_us=196 layout_us=0 paint_us=96 encode_us=58 acquire_us=777 submit_us=4616 skipped=0 gpu_q=1 gpu_total_us=8807 gpu_prepass_us=0 gpu_main_us=8807 gpu_composite_us=0 gpu_blit_us=0
frust_shell_common::perf: frust-perf raw n=2405 total_us=4595 rebuild_us=200 layout_us=0 paint_us=90 encode_us=43 acquire_us=751 submit_us=3508 skipped=0 gpu_q=1 gpu_total_us=8352 gpu_prepass_us=0 gpu_main_us=8352 gpu_composite_us=0 gpu_blit_us=0
frust_shell_common::perf: frust-perf raw n=2406 total_us=6671 rebuild_us=203 layout_us=0 paint_us=86 encode_us=44 acquire_us=1815 submit_us=4522 skipped=0 gpu_q=1 gpu_total_us=8328 gpu_prepass_us=0 gpu_main_us=8328 gpu_composite_us=0 gpu_blit_us=0
frust_shell_common::perf: frust-perf raw n=2407 total_us=4844 rebuild_us=199 layout_us=0 paint_us=94 encode_us=45 acquire_us=863 submit_us=3641 skipped=0 gpu_q=1 gpu_total_us=8309 gpu_prepass_us=0 gpu_main_us=8309 gpu_composite_us=0 gpu_blit_us=0
frust_shell_common::perf: frust-perf raw n=2408 total_us=5642 rebuild_us=201 layout_us=0 paint_us=89 encode_us=45 acquire_us=1074 submit_us=4230 skipped=0 gpu_q=1 gpu_total_us=8344 gpu_prepass_us=0 gpu_main_us=8344 gpu_composite_us=0 gpu_blit_us=0
frust_shell_common::perf: bench-scenario-start s3-create10k
frust_shell_common::perf: frust-perf raw n=2409 total_us=10034 rebuild_us=5117 layout_us=202 paint_us=140 encode_us=49 acquire_us=78 submit_us=4447 skipped=0 gpu_q=1 gpu_total_us=8334 gpu_prepass_us=0 gpu_main_us=8334 gpu_composite_us=0 gpu_blit_us=0
frust_shell_common::perf: bench-scenario-end s3-create10k
frust_shell_common::perf: frust-perf raw n=2410 total_us=6513 rebuild_us=261 layout_us=0 paint_us=87 encode_us=64 acquire_us=1074 submit_us=5026 skipped=0 gpu_q=1 gpu_total_us=8327 gpu_prepass_us=0 gpu_main_us=8327 gpu_composite_us=0 gpu_blit_us=0
frust_shell_common::perf: frust-perf raw n=2411 total_us=4760 rebuild_us=193 layout_us=0 paint_us=84 encode_us=152 acquire_us=669 submit_us=3659 skipped=0 gpu_q=1 gpu_total_us=8320 gpu_prepass_us=0 gpu_main_us=8320 gpu_composite_us=0 gpu_blit_us=0
frust_shell_common::perf: frust-perf raw n=2412 total_us=3855 rebuild_us=214 layout_us=0 paint_us=96 encode_us=47 acquire_us=102 submit_us=3393 skipped=0 gpu_q=1 gpu_total_us=8324 gpu_prepass_us=0 gpu_main_us=8324 gpu_composite_us=0 gpu_blit_us=0
frust_shell_common::perf: frust-perf raw n=2413 total_us=5625 rebuild_us=307 layout_us=0 paint_us=132 encode_us=56 acquire_us=1431 submit_us=3695 skipped=0 gpu_q=1 gpu_total_us=7216 gpu_prepass_us=0 gpu_main_us=7216 gpu_composite_us=0 gpu_blit_us=0
frust_shell_common::perf: frust-perf raw n=2414 total_us=4514 rebuild_us=195 layout_us=0 paint_us=92 encode_us=55 acquire_us=844 submit_us=3326 skipped=0 gpu_q=1 gpu_total_us=7236 gpu_prepass_us=0 gpu_main_us=7236 gpu_composite_us=0 gpu_blit_us=0
frust_shell_common::perf: frust-perf raw n=2415 total_us=7324 rebuild_us=195 layout_us=0 paint_us=105 encode_us=56 acquire_us=2365 submit_us=4599 skipped=0 gpu_q=1 gpu_total_us=7231 gpu_prepass_us=0 gpu_main_us=7231 gpu_composite_us=0 gpu_blit_us=0
frust_shell_common::perf: frust-perf raw n=2416 total_us=7329 rebuild_us=207 layout_us=0 paint_us=100 encode_us=59 acquire_us=3043 submit_us=3918 skipped=0 gpu_q=1 gpu_total_us=7226 gpu_prepass_us=0 gpu_main_us=7226 gpu_composite_us=0 gpu_blit_us=0
frust_shell_common::perf: frust-perf raw n=2417 total_us=5712 rebuild_us=213 layout_us=0 paint_us=93 encode_us=64 acquire_us=1309 submit_us=4031 skipped=0 gpu_q=1 gpu_total_us=7232 gpu_prepass_us=0 gpu_main_us=7232 gpu_composite_us=0 gpu_blit_us=0
frust_shell_common::perf: frust-perf raw n=2418 total_us=7179 rebuild_us=208 layout_us=0 paint_us=98 encode_us=56 acquire_us=2718 submit_us=4097 skipped=0 gpu_q=1 gpu_total_us=7228 gpu_prepass_us=0 gpu_main_us=7228 gpu_composite_us=0 gpu_blit_us=0
frust_shell_common::perf: frust-perf raw n=2419 total_us=7116 rebuild_us=213 layout_us=0 paint_us=91 encode_us=60 acquire_us=2725 submit_us=4026 skipped=0 gpu_q=1 gpu_total_us=7195 gpu_prepass_us=0 gpu_main_us=7195 gpu_composite_us=0 gpu_blit_us=0
frust_shell_common::perf: frust-perf raw n=2420 total_us=6359 rebuild_us=214 layout_us=0 paint_us=96 encode_us=156 acquire_us=1371 submit_us=4519 skipped=0 gpu_q=1 gpu_total_us=7191 gpu_prepass_us=0 gpu_main_us=7191 gpu_composite_us=0 gpu_blit_us=0
frust_shell_common::perf: frust-perf raw n=2421 total_us=3802 rebuild_us=206 layout_us=0 paint_us=84 encode_us=53 acquire_us=66 submit_us=3390 skipped=0 gpu_q=1 gpu_total_us=7223 gpu_prepass_us=0 gpu_main_us=7223 gpu_composite_us=0 gpu_blit_us=0
frust_shell_common::perf: frust-perf raw n=2422 total_us=3884 rebuild_us=202 layout_us=0 paint_us=86 encode_us=47 acquire_us=67 submit_us=3480 skipped=0 gpu_q=1 gpu_total_us=7505 gpu_prepass_us=0 gpu_main_us=7505 gpu_composite_us=0 gpu_blit_us=0
frust_shell_common::perf: frust-perf raw n=2423 total_us=4247 rebuild_us=584 layout_us=3 paint_us=122 encode_us=53 acquire_us=67 submit_us=3417 skipped=0 gpu_q=1 gpu_total_us=7215 gpu_prepass_us=0 gpu_main_us=7215 gpu_composite_us=0 gpu_blit_us=0
frust_shell_common::perf: frust-perf raw n=2424 total_us=6006 rebuild_us=299 layout_us=0 paint_us=126 encode_us=56 acquire_us=1181 submit_us=4341 skipped=0 gpu_q=1 gpu_total_us=7229 gpu_prepass_us=0 gpu_main_us=7229 gpu_composite_us=0 gpu_blit_us=0
frust_shell_common::perf: frust-perf raw n=2425 total_us=6439 rebuild_us=231 layout_us=0 paint_us=93 encode_us=49 acquire_us=1769 submit_us=4294 skipped=0 gpu_q=1 gpu_total_us=7216 gpu_prepass_us=0 gpu_main_us=7216 gpu_composite_us=0 gpu_blit_us=0
frust_shell_common::perf: frust-perf raw n=2426 total_us=5906 rebuild_us=227 layout_us=0 paint_us=102 encode_us=50 acquire_us=1492 submit_us=4032 skipped=0 gpu_q=1 gpu_total_us=7214 gpu_prepass_us=0 gpu_main_us=7214 gpu_composite_us=0 gpu_blit_us=0
frust_shell_common::perf: frust-perf raw n=2427 total_us=6219 rebuild_us=224 layout_us=0 paint_us=149 encode_us=51 acquire_us=1367 submit_us=4426 skipped=0 gpu_q=1 gpu_total_us=7235 gpu_prepass_us=0 gpu_main_us=7235 gpu_composite_us=0 gpu_blit_us=0
frust_shell_common::perf: frust-perf raw n=2428 total_us=5429 rebuild_us=231 layout_us=0 paint_us=102 encode_us=51 acquire_us=1055 submit_us=3987 skipped=0 gpu_q=1 gpu_total_us=7223 gpu_prepass_us=0 gpu_main_us=7223 gpu_composite_us=0 gpu_blit_us=0
frust_shell_common::perf: bench-scenario-start s3-update
frust_shell_common::perf: frust-perf raw n=2429 total_us=8760 rebuild_us=4107 layout_us=76 paint_us=100 encode_us=50 acquire_us=83 submit_us=4343 skipped=0 gpu_q=1 gpu_total_us=7213 gpu_prepass_us=0 gpu_main_us=7213 gpu_composite_us=0 gpu_blit_us=0
frust_shell_common::perf: bench-scenario-end s3-update
frust_shell_common::perf: frust-perf raw n=2430 total_us=5902 rebuild_us=363 layout_us=0 paint_us=124 encode_us=50 acquire_us=1290 submit_us=4072 skipped=0 gpu_q=1 gpu_total_us=7220 gpu_prepass_us=0 gpu_main_us=7220 gpu_composite_us=0 gpu_blit_us=0
frust_shell_common::perf: frust-perf raw n=2431 total_us=4833 rebuild_us=190 layout_us=0 paint_us=82 encode_us=55 acquire_us=1129 submit_us=3376 skipped=0 gpu_q=1 gpu_total_us=7691 gpu_prepass_us=0 gpu_main_us=7691 gpu_composite_us=0 gpu_blit_us=0
frust_shell_common::perf: frust-perf raw n=2432 total_us=6993 rebuild_us=196 layout_us=0 paint_us=86 encode_us=52 acquire_us=1289 submit_us=5368 skipped=0 gpu_q=1 gpu_total_us=7207 gpu_prepass_us=0 gpu_main_us=7207 gpu_composite_us=0 gpu_blit_us=0
frust_shell_common::perf: frust-perf raw n=2433 total_us=6050 rebuild_us=232 layout_us=0 paint_us=93 encode_us=55 acquire_us=1262 submit_us=4405 skipped=0 gpu_q=1 gpu_total_us=7230 gpu_prepass_us=0 gpu_main_us=7230 gpu_composite_us=0 gpu_blit_us=0
frust_shell_common::perf: frust-perf raw n=2434 total_us=6027 rebuild_us=224 layout_us=0 paint_us=100 encode_us=49 acquire_us=1242 submit_us=4410 skipped=0 gpu_q=1 gpu_total_us=7261 gpu_prepass_us=0 gpu_main_us=7261 gpu_composite_us=0 gpu_blit_us=0
frust_shell_common::perf: frust-perf raw n=2435 total_us=6802 rebuild_us=229 layout_us=0 paint_us=94 encode_us=50 acquire_us=1081 submit_us=5346 skipped=0 gpu_q=1 gpu_total_us=7241 gpu_prepass_us=0 gpu_main_us=7241 gpu_composite_us=0 gpu_blit_us=0
frust_shell_common::perf: frust-perf raw n=2436 total_us=5633 rebuild_us=222 layout_us=0 paint_us=95 encode_us=56 acquire_us=1229 submit_us=4029 skipped=0 gpu_q=1 gpu_total_us=7226 gpu_prepass_us=0 gpu_main_us=7226 gpu_composite_us=0 gpu_blit_us=0
frust_shell_common::perf: frust-perf raw n=2437 total_us=5849 rebuild_us=235 layout_us=0 paint_us=98 encode_us=54 acquire_us=1223 submit_us=4237 skipped=0 gpu_q=1 gpu_total_us=7252 gpu_prepass_us=0 gpu_main_us=7252 gpu_composite_us=0 gpu_blit_us=0
frust_shell_common::perf: frust-perf raw n=2438 total_us=5257 rebuild_us=222 layout_us=0 paint_us=94 encode_us=50 acquire_us=831 submit_us=4057 skipped=0 gpu_q=1 gpu_total_us=7239 gpu_prepass_us=0 gpu_main_us=7239 gpu_composite_us=0 gpu_blit_us=0
frust_shell_common::perf: frust-perf raw n=2439 total_us=6137 rebuild_us=227 layout_us=0 paint_us=93 encode_us=51 acquire_us=1672 submit_us=4091 skipped=0 gpu_q=1 gpu_total_us=7264 gpu_prepass_us=0 gpu_main_us=7264 gpu_composite_us=0 gpu_blit_us=0
frust_shell_common::perf: frust-perf raw n=2440 total_us=5926 rebuild_us=232 layout_us=0 paint_us=96 encode_us=53 acquire_us=1245 submit_us=4298 skipped=0 gpu_q=1 gpu_total_us=7566 gpu_prepass_us=0 gpu_main_us=7566 gpu_composite_us=0 gpu_blit_us=0
frust_shell_common::perf: frust-perf raw n=2441 total_us=6137 rebuild_us=231 layout_us=0 paint_us=103 encode_us=51 acquire_us=1494 submit_us=4256 skipped=0 gpu_q=1 gpu_total_us=7266 gpu_prepass_us=0 gpu_main_us=7266 gpu_composite_us=0 gpu_blit_us=0
frust_shell_common::perf: frust-perf raw n=2442 total_us=5083 rebuild_us=227 layout_us=0 paint_us=95 encode_us=51 acquire_us=515 submit_us=4192 skipped=0 gpu_q=1 gpu_total_us=7248 gpu_prepass_us=0 gpu_main_us=7248 gpu_composite_us=0 gpu_blit_us=0
frust_shell_common::perf: frust-perf raw n=2443 total_us=6108 rebuild_us=251 layout_us=0 paint_us=99 encode_us=52 acquire_us=1387 submit_us=4317 skipped=0 gpu_q=1 gpu_total_us=7260 gpu_prepass_us=0 gpu_main_us=7260 gpu_composite_us=0 gpu_blit_us=0
frust_shell_common::perf: frust-perf raw n=2444 total_us=5750 rebuild_us=236 layout_us=0 paint_us=98 encode_us=52 acquire_us=1338 submit_us=4024 skipped=0 gpu_q=1 gpu_total_us=7269 gpu_prepass_us=0 gpu_main_us=7269 gpu_composite_us=0 gpu_blit_us=0
frust_shell_common::perf: frust-perf raw n=2445 total_us=6122 rebuild_us=240 layout_us=0 paint_us=94 encode_us=52 acquire_us=1249 submit_us=4485 skipped=0 gpu_q=1 gpu_total_us=7255 gpu_prepass_us=0 gpu_main_us=7255 gpu_composite_us=0 gpu_blit_us=0
frust_shell_android::app::frame: frust-perf platform-view tail depth=0 target=0 acquire_bound=false frame=2458 expected_present_us=0 acquire_us=1223 period_us=11134
frust_shell_common::perf: frust-perf raw n=2446 total_us=4953 rebuild_us=236 layout_us=0 paint_us=97 encode_us=54 acquire_us=462 submit_us=4101 skipped=0 gpu_q=1 gpu_total_us=7255 gpu_prepass_us=0 gpu_main_us=7255 gpu_composite_us=0 gpu_blit_us=0
frust_shell_common::perf: frust-perf raw n=2447 total_us=7032 rebuild_us=232 layout_us=0 paint_us=94 encode_us=58 acquire_us=2025 submit_us=4621 skipped=0 gpu_q=1 gpu_total_us=7256 gpu_prepass_us=0 gpu_main_us=7256 gpu_composite_us=0 gpu_blit_us=0
frust_shell_common::perf: frust-perf raw n=2448 total_us=5995 rebuild_us=269 layout_us=0 paint_us=95 encode_us=52 acquire_us=1258 submit_us=4319 skipped=0 gpu_q=1 gpu_total_us=7264 gpu_prepass_us=0 gpu_main_us=7264 gpu_composite_us=0 gpu_blit_us=0
frust_shell_common::perf: bench-scenario-start s3-swap
frust_shell_common::perf: frust-perf raw n=2449 total_us=9394 rebuild_us=3805 layout_us=74 paint_us=92 encode_us=52 acquire_us=85 submit_us=5284 skipped=0 gpu_q=1 gpu_total_us=7583 gpu_prepass_us=0 gpu_main_us=7583 gpu_composite_us=0 gpu_blit_us=0
frust_shell_common::perf: bench-scenario-end s3-swap
frust_shell_common::perf: frust-perf raw n=2450 total_us=6703 rebuild_us=385 layout_us=0 paint_us=123 encode_us=54 acquire_us=1427 submit_us=4710 skipped=0 gpu_q=1 gpu_total_us=7251 gpu_prepass_us=0 gpu_main_us=7251 gpu_composite_us=0 gpu_blit_us=0
frust_shell_common::perf: frust-perf raw n=2451 total_us=6161 rebuild_us=226 layout_us=0 paint_us=93 encode_us=51 acquire_us=1384 submit_us=4404 skipped=0 gpu_q=1 gpu_total_us=7260 gpu_prepass_us=0 gpu_main_us=7260 gpu_composite_us=0 gpu_blit_us=0
frust_shell_common::perf: frust-perf raw n=2452 total_us=5181 rebuild_us=198 layout_us=0 paint_us=85 encode_us=50 acquire_us=1343 submit_us=3501 skipped=0 gpu_q=1 gpu_total_us=7253 gpu_prepass_us=0 gpu_main_us=7253 gpu_composite_us=0 gpu_blit_us=0
frust_shell_common::perf: frust-perf raw n=2453 total_us=5843 rebuild_us=195 layout_us=0 paint_us=92 encode_us=51 acquire_us=2123 submit_us=3380 skipped=0 gpu_q=1 gpu_total_us=7816 gpu_prepass_us=378 gpu_main_us=7438 gpu_composite_us=0 gpu_blit_us=0
frust_shell_common::perf: frust-perf raw n=2454 total_us=4713 rebuild_us=493 layout_us=0 paint_us=92 encode_us=50 acquire_us=68 submit_us=4008 skipped=0 gpu_q=1 gpu_total_us=7433 gpu_prepass_us=0 gpu_main_us=7433 gpu_composite_us=0 gpu_blit_us=0
frust_shell_common::perf: frust-perf raw n=2455 total_us=5735 rebuild_us=221 layout_us=0 paint_us=93 encode_us=52 acquire_us=1190 submit_us=4176 skipped=0 gpu_q=1 gpu_total_us=7442 gpu_prepass_us=0 gpu_main_us=7442 gpu_composite_us=0 gpu_blit_us=0
frust_shell_common::perf: frust-perf raw n=2456 total_us=6310 rebuild_us=220 layout_us=0 paint_us=97 encode_us=51 acquire_us=1686 submit_us=4253 skipped=0 gpu_q=1 gpu_total_us=7432 gpu_prepass_us=0 gpu_main_us=7432 gpu_composite_us=0 gpu_blit_us=0
frust_shell_common::perf: frust-perf raw n=2457 total_us=5478 rebuild_us=228 layout_us=0 paint_us=98 encode_us=51 acquire_us=840 submit_us=4259 skipped=0 gpu_q=1 gpu_total_us=7426 gpu_prepass_us=0 gpu_main_us=7426 gpu_composite_us=0 gpu_blit_us=0
frust_shell_common::perf: frust-perf raw n=2458 total_us=6152 rebuild_us=228 layout_us=0 paint_us=94 encode_us=52 acquire_us=1025 submit_us=4751 skipped=0 gpu_q=1 gpu_total_us=7437 gpu_prepass_us=0 gpu_main_us=7437 gpu_composite_us=0 gpu_blit_us=0
frust_shell_common::perf: frust-perf raw n=2459 total_us=6816 rebuild_us=220 layout_us=0 paint_us=98 encode_us=50 acquire_us=2070 submit_us=4375 skipped=0 gpu_q=1 gpu_total_us=7462 gpu_prepass_us=0 gpu_main_us=7462 gpu_composite_us=0 gpu_blit_us=0
frust_shell_common::perf: frust-perf raw n=2460 total_us=5771 rebuild_us=240 layout_us=0 paint_us=97 encode_us=52 acquire_us=1005 submit_us=4374 skipped=0 gpu_q=1 gpu_total_us=7426 gpu_prepass_us=0 gpu_main_us=7426 gpu_composite_us=0 gpu_blit_us=0
frust_shell_common::perf: frust-perf raw n=2461 total_us=6049 rebuild_us=244 layout_us=0 paint_us=106 encode_us=60 acquire_us=1267 submit_us=4370 skipped=0 gpu_q=1 gpu_total_us=7436 gpu_prepass_us=0 gpu_main_us=7436 gpu_composite_us=0 gpu_blit_us=0
frust_shell_common::perf: frust-perf raw n=2462 total_us=6242 rebuild_us=221 layout_us=0 paint_us=93 encode_us=50 acquire_us=1644 submit_us=4231 skipped=0 gpu_q=1 gpu_total_us=7437 gpu_prepass_us=0 gpu_main_us=7437 gpu_composite_us=0 gpu_blit_us=0
frust_shell_common::perf: frust-perf raw n=2463 total_us=5774 rebuild_us=241 layout_us=0 paint_us=93 encode_us=54 acquire_us=873 submit_us=4511 skipped=0 gpu_q=1 gpu_total_us=7439 gpu_prepass_us=0 gpu_main_us=7439 gpu_composite_us=0 gpu_blit_us=0
frust_shell_common::perf: frust-perf raw n=2464 total_us=5525 rebuild_us=224 layout_us=0 paint_us=93 encode_us=51 acquire_us=996 submit_us=4158 skipped=0 gpu_q=1 gpu_total_us=7442 gpu_prepass_us=0 gpu_main_us=7442 gpu_composite_us=0 gpu_blit_us=0
frust_shell_common::perf: frust-perf raw n=2465 total_us=6231 rebuild_us=237 layout_us=0 paint_us=94 encode_us=52 acquire_us=1086 submit_us=4759 skipped=0 gpu_q=1 gpu_total_us=7453 gpu_prepass_us=0 gpu_main_us=7453 gpu_composite_us=0 gpu_blit_us=0
frust_shell_common::perf: frust-perf raw n=2466 total_us=6678 rebuild_us=245 layout_us=0 paint_us=99 encode_us=50 acquire_us=1500 submit_us=4781 skipped=0 gpu_q=1 gpu_total_us=7433 gpu_prepass_us=0 gpu_main_us=7433 gpu_composite_us=0 gpu_blit_us=0
frust_shell_common::perf: frust-perf raw n=2467 total_us=5739 rebuild_us=231 layout_us=0 paint_us=94 encode_us=49 acquire_us=1337 submit_us=4025 skipped=0 gpu_q=1 gpu_total_us=7443 gpu_prepass_us=0 gpu_main_us=7443 gpu_composite_us=0 gpu_blit_us=0
frust_shell_common::perf: frust-perf raw n=2468 total_us=5382 rebuild_us=223 layout_us=0 paint_us=94 encode_us=53 acquire_us=938 submit_us=4072 skipped=0 gpu_q=1 gpu_total_us=7425 gpu_prepass_us=0 gpu_main_us=7425 gpu_composite_us=0 gpu_blit_us=0
frust_shell_common::perf: bench-scenario-start s3-clear
frust_shell_common::perf: frust-perf raw n=2469 total_us=8134 rebuild_us=5189 layout_us=20 paint_us=25 encode_us=45 acquire_us=102 submit_us=2751 skipped=0 gpu_q=1 gpu_total_us=7436 gpu_prepass_us=0 gpu_main_us=7436 gpu_composite_us=0 gpu_blit_us=0
frust_shell_common::perf: bench-scenario-end s3-clear
frust_shell_common::perf: frust-perf raw n=2470 total_us=4137 rebuild_us=144 layout_us=0 paint_us=33 encode_us=19 acquire_us=1533 submit_us=2406 skipped=0 gpu_q=1 gpu_total_us=7429 gpu_prepass_us=0 gpu_main_us=7429 gpu_composite_us=0 gpu_blit_us=0
frust_shell_common::perf: frust-perf raw n=2471 total_us=5518 rebuild_us=92 layout_us=0 paint_us=29 encode_us=18 acquire_us=2785 submit_us=2592 skipped=0 gpu_q=1 gpu_total_us=7446 gpu_prepass_us=0 gpu_main_us=7446 gpu_composite_us=0 gpu_blit_us=0
frust_shell_common::perf: frust-perf raw n=2472 total_us=4483 rebuild_us=99 layout_us=0 paint_us=30 encode_us=21 acquire_us=1690 submit_us=2640 skipped=0 gpu_q=1 gpu_total_us=7439 gpu_prepass_us=0 gpu_main_us=7439 gpu_composite_us=0 gpu_blit_us=0
frust_shell_common::perf: frust-perf raw n=2473 total_us=5063 rebuild_us=92 layout_us=0 paint_us=30 encode_us=18 acquire_us=2342 submit_us=2578 skipped=0 gpu_q=1 gpu_total_us=3187 gpu_prepass_us=0 gpu_main_us=3187 gpu_composite_us=0 gpu_blit_us=0
frust_shell_common::perf: frust-perf raw n=2474 total_us=4663 rebuild_us=97 layout_us=0 paint_us=31 encode_us=19 acquire_us=1887 submit_us=2627 skipped=0 gpu_q=1 gpu_total_us=3203 gpu_prepass_us=0 gpu_main_us=3203 gpu_composite_us=0 gpu_blit_us=0
frust_shell_common::perf: frust-perf raw n=2475 total_us=4324 rebuild_us=96 layout_us=0 paint_us=30 encode_us=18 acquire_us=1517 submit_us=2660 skipped=0 gpu_q=1 gpu_total_us=3212 gpu_prepass_us=0 gpu_main_us=3212 gpu_composite_us=0 gpu_blit_us=0
frust_shell_common::perf: frust-perf raw n=2476 total_us=3166 rebuild_us=100 layout_us=0 paint_us=31 encode_us=21 acquire_us=84 submit_us=2927 skipped=0 gpu_q=1 gpu_total_us=3207 gpu_prepass_us=0 gpu_main_us=3207 gpu_composite_us=0 gpu_blit_us=0
frust_shell_common::perf: frust-perf raw n=2477 total_us=3558 rebuild_us=96 layout_us=0 paint_us=29 encode_us=21 acquire_us=720 submit_us=2688 skipped=0 gpu_q=1 gpu_total_us=3207 gpu_prepass_us=0 gpu_main_us=3207 gpu_composite_us=0 gpu_blit_us=0
frust_shell_common::perf: frust-perf raw n=2478 total_us=3147 rebuild_us=98 layout_us=0 paint_us=31 encode_us=22 acquire_us=82 submit_us=2913 skipped=0 gpu_q=1 gpu_total_us=3211 gpu_prepass_us=0 gpu_main_us=3211 gpu_composite_us=0 gpu_blit_us=0
frust_shell_common::perf: frust-perf raw n=2479 total_us=3175 rebuild_us=112 layout_us=0 paint_us=37 encode_us=21 acquire_us=86 submit_us=2917 skipped=0 gpu_q=1 gpu_total_us=3209 gpu_prepass_us=0 gpu_main_us=3209 gpu_composite_us=0 gpu_blit_us=0
frust_shell_common::perf: frust-perf raw n=2480 total_us=3037 rebuild_us=114 layout_us=0 paint_us=38 encode_us=20 acquire_us=81 submit_us=2781 skipped=0 gpu_q=1 gpu_total_us=3192 gpu_prepass_us=0 gpu_main_us=3192 gpu_composite_us=0 gpu_blit_us=0
frust_shell_common::perf: frust-perf raw n=2481 total_us=6166 rebuild_us=115 layout_us=0 paint_us=37 encode_us=21 acquire_us=2454 submit_us=3536 skipped=0 gpu_q=1 gpu_total_us=3207 gpu_prepass_us=0 gpu_main_us=3207 gpu_composite_us=0 gpu_blit_us=0
frust_shell_common::perf: frust-perf raw n=2482 total_us=6034 rebuild_us=120 layout_us=0 paint_us=39 encode_us=23 acquire_us=2222 submit_us=3626 skipped=0 gpu_q=1 gpu_total_us=3198 gpu_prepass_us=0 gpu_main_us=3198 gpu_composite_us=0 gpu_blit_us=0
frust_shell_common::perf: frust-perf raw n=2483 total_us=4977 rebuild_us=113 layout_us=0 paint_us=36 encode_us=21 acquire_us=1482 submit_us=3322 skipped=0 gpu_q=1 gpu_total_us=3221 gpu_prepass_us=0 gpu_main_us=3221 gpu_composite_us=0 gpu_blit_us=0
frust_shell_common::perf: frust-perf raw n=2484 total_us=5809 rebuild_us=113 layout_us=0 paint_us=36 encode_us=22 acquire_us=2010 submit_us=3626 skipped=0 gpu_q=1 gpu_total_us=3232 gpu_prepass_us=0 gpu_main_us=3232 gpu_composite_us=0 gpu_blit_us=0
frust_shell_common::perf: frust-perf raw n=2485 total_us=4791 rebuild_us=234 layout_us=1 paint_us=102 encode_us=26 acquire_us=959 submit_us=3467 skipped=0 gpu_q=1 gpu_total_us=3296 gpu_prepass_us=0 gpu_main_us=3296 gpu_composite_us=0 gpu_blit_us=0
frust_shell_common::perf: frust-perf raw n=2486 total_us=5727 rebuild_us=239 layout_us=1 paint_us=103 encode_us=25 acquire_us=1924 submit_us=3432 skipped=0 gpu_q=1 gpu_total_us=3663 gpu_prepass_us=0 gpu_main_us=3663 gpu_composite_us=0 gpu_blit_us=0
frust_shell_common::perf: frust-perf raw n=2487 total_us=5167 rebuild_us=245 layout_us=2 paint_us=106 encode_us=23 acquire_us=1504 submit_us=3286 skipped=0 gpu_q=1 gpu_total_us=3209 gpu_prepass_us=0 gpu_main_us=3209 gpu_composite_us=0 gpu_blit_us=0
frust_shell_common::perf: frust-perf raw n=2488 total_us=4785 rebuild_us=113 layout_us=0 paint_us=38 encode_us=21 acquire_us=1296 submit_us=3314 skipped=0 gpu_q=1 gpu_total_us=3216 gpu_prepass_us=0 gpu_main_us=3216 gpu_composite_us=0 gpu_blit_us=0
frust_shell_common::perf: bench-scenario-start s3-create1k
frust_shell_common::perf: bench-scenario-end s3-create1k
frust_shell_common::perf: frust-perf raw n=2489 total_us=16972 rebuild_us=3644 layout_us=878 paint_us=699 encode_us=54 acquire_us=100 submit_us=11594 skipped=0 gpu_q=1 gpu_total_us=3224 gpu_prepass_us=0 gpu_main_us=3224 gpu_composite_us=0 gpu_blit_us=0
frust_shell_common::perf: frust-perf raw n=2490 total_us=9410 rebuild_us=302 layout_us=0 paint_us=105 encode_us=89 acquire_us=69 submit_us=8843 skipped=0 gpu_q=1 gpu_total_us=3209 gpu_prepass_us=0 gpu_main_us=3209 gpu_composite_us=0 gpu_blit_us=0
frust_shell_common::perf: frust-perf raw n=2491 total_us=8712 rebuild_us=279 layout_us=0 paint_us=121 encode_us=59 acquire_us=50 submit_us=8200 skipped=0 gpu_q=1 gpu_total_us=3205 gpu_prepass_us=0 gpu_main_us=3205 gpu_composite_us=0 gpu_blit_us=0
frust_shell_common::perf: frust-perf raw n=2492 total_us=7734 rebuild_us=288 layout_us=0 paint_us=114 encode_us=58 acquire_us=50 submit_us=7222 skipped=0 gpu_q=1 gpu_total_us=3205 gpu_prepass_us=0 gpu_main_us=3205 gpu_composite_us=0 gpu_blit_us=0
frust_shell_common::perf: frust-perf raw n=2493 total_us=9433 rebuild_us=229 layout_us=0 paint_us=93 encode_us=40 acquire_us=1430 submit_us=7638 skipped=0 gpu_q=1 gpu_total_us=4934 gpu_prepass_us=0 gpu_main_us=4934 gpu_composite_us=0 gpu_blit_us=0
frust_shell_common::perf: frust-perf raw n=2494 total_us=11689 rebuild_us=239 layout_us=0 paint_us=123 encode_us=51 acquire_us=3574 submit_us=7699 skipped=0 gpu_q=1 gpu_total_us=5352 gpu_prepass_us=0 gpu_main_us=5352 gpu_composite_us=0 gpu_blit_us=0
frust_shell_common::perf: frust-perf raw n=2495 total_us=9497 rebuild_us=217 layout_us=0 paint_us=103 encode_us=59 acquire_us=1533 submit_us=7582 skipped=0 gpu_q=1 gpu_total_us=4989 gpu_prepass_us=0 gpu_main_us=4989 gpu_composite_us=0 gpu_blit_us=0
frust_shell_common::perf: frust-perf raw n=2496 total_us=13998 rebuild_us=271 layout_us=0 paint_us=150 encode_us=64 acquire_us=4896 submit_us=8614 skipped=0 gpu_q=1 gpu_total_us=4915 gpu_prepass_us=0 gpu_main_us=4915 gpu_composite_us=0 gpu_blit_us=0
frust_shell_common::perf: frust-perf raw n=2497 total_us=8511 rebuild_us=572 layout_us=1 paint_us=362 encode_us=54 acquire_us=51 submit_us=7467 skipped=0 gpu_q=1 gpu_total_us=4911 gpu_prepass_us=0 gpu_main_us=4911 gpu_composite_us=0 gpu_blit_us=0
frust_shell_common::perf: frust-perf raw n=2498 total_us=6362 rebuild_us=263 layout_us=0 paint_us=152 encode_us=50 acquire_us=516 submit_us=5378 skipped=0 gpu_q=1 gpu_total_us=4956 gpu_prepass_us=0 gpu_main_us=4956 gpu_composite_us=0 gpu_blit_us=0
frust_shell_common::perf: frust-perf raw n=2499 total_us=7308 rebuild_us=211 layout_us=0 paint_us=100 encode_us=54 acquire_us=2375 submit_us=4566 skipped=0 gpu_q=1 gpu_total_us=4930 gpu_prepass_us=0 gpu_main_us=4930 gpu_composite_us=0 gpu_blit_us=0
frust_shell_common::perf: frust-perf raw n=2500 total_us=7943 rebuild_us=211 layout_us=0 paint_us=93 encode_us=55 acquire_us=3336 submit_us=4246 skipped=0 gpu_q=1 gpu_total_us=5039 gpu_prepass_us=0 gpu_main_us=5039 gpu_composite_us=0 gpu_blit_us=0
frust_shell_common::perf: frust-perf raw n=2501 total_us=6470 rebuild_us=217 layout_us=0 paint_us=99 encode_us=51 acquire_us=1750 submit_us=4350 skipped=0 gpu_q=1 gpu_total_us=4941 gpu_prepass_us=0 gpu_main_us=4941 gpu_composite_us=0 gpu_blit_us=0
frust_shell_common::perf: frust-perf raw n=2502 total_us=7449 rebuild_us=212 layout_us=0 paint_us=101 encode_us=55 acquire_us=2784 submit_us=4296 skipped=0 gpu_q=1 gpu_total_us=8759 gpu_prepass_us=430 gpu_main_us=8329 gpu_composite_us=0 gpu_blit_us=0
frust_shell_common::perf: frust-perf raw n=2503 total_us=7371 rebuild_us=211 layout_us=0 paint_us=100 encode_us=56 acquire_us=2708 submit_us=4294 skipped=0 gpu_q=1 gpu_total_us=8320 gpu_prepass_us=0 gpu_main_us=8320 gpu_composite_us=0 gpu_blit_us=0
frust_shell_common::perf: frust-perf raw n=2504 total_us=7092 rebuild_us=246 layout_us=0 paint_us=94 encode_us=52 acquire_us=2294 submit_us=4403 skipped=0 gpu_q=1 gpu_total_us=8323 gpu_prepass_us=0 gpu_main_us=8323 gpu_composite_us=0 gpu_blit_us=0
frust_shell_common::perf: frust-perf raw n=2505 total_us=7357 rebuild_us=370 layout_us=0 paint_us=105 encode_us=50 acquire_us=2659 submit_us=4170 skipped=0 gpu_q=1 gpu_total_us=8328 gpu_prepass_us=0 gpu_main_us=8328 gpu_composite_us=0 gpu_blit_us=0
frust_shell_common::perf: frust-perf raw n=2506 total_us=7374 rebuild_us=214 layout_us=0 paint_us=99 encode_us=51 acquire_us=2843 submit_us=4165 skipped=0 gpu_q=1 gpu_total_us=8335 gpu_prepass_us=0 gpu_main_us=8335 gpu_composite_us=0 gpu_blit_us=0
frust_shell_common::perf: frust-perf raw n=2507 total_us=9228 rebuild_us=273 layout_us=0 paint_us=95 encode_us=49 acquire_us=3404 submit_us=5405 skipped=0 gpu_q=1 gpu_total_us=8318 gpu_prepass_us=0 gpu_main_us=8318 gpu_composite_us=0 gpu_blit_us=0
frust_shell_common::perf: frust-perf raw n=2508 total_us=7527 rebuild_us=214 layout_us=0 paint_us=94 encode_us=54 acquire_us=3025 submit_us=4138 skipped=0 gpu_q=1 gpu_total_us=8315 gpu_prepass_us=0 gpu_main_us=8315 gpu_composite_us=0 gpu_blit_us=0
frust_shell_common::perf: bench-scenario-start s3-create10k
frust_shell_common::perf: frust-perf raw n=2509 total_us=9907 rebuild_us=5234 layout_us=206 paint_us=156 encode_us=63 acquire_us=92 submit_us=4154 skipped=0 gpu_q=1 gpu_total_us=8312 gpu_prepass_us=0 gpu_main_us=8312 gpu_composite_us=0 gpu_blit_us=0
frust_shell_common::perf: bench-scenario-end s3-create10k
frust_shell_common::perf: frust-perf raw n=2510 total_us=7906 rebuild_us=376 layout_us=0 paint_us=163 encode_us=54 acquire_us=2587 submit_us=4723 skipped=0 gpu_q=1 gpu_total_us=8320 gpu_prepass_us=0 gpu_main_us=8320 gpu_composite_us=0 gpu_blit_us=0
frust_shell_common::perf: frust-perf raw n=2511 total_us=7308 rebuild_us=229 layout_us=0 paint_us=105 encode_us=56 acquire_us=2659 submit_us=4256 skipped=0 gpu_q=1 gpu_total_us=8347 gpu_prepass_us=0 gpu_main_us=8347 gpu_composite_us=0 gpu_blit_us=0
frust_shell_common::perf: frust-perf raw n=2512 total_us=7510 rebuild_us=206 layout_us=0 paint_us=101 encode_us=56 acquire_us=3095 submit_us=4050 skipped=0 gpu_q=1 gpu_total_us=8309 gpu_prepass_us=0 gpu_main_us=8309 gpu_composite_us=0 gpu_blit_us=0
frust_shell_common::perf: frust-perf raw n=2513 total_us=7804 rebuild_us=215 layout_us=0 paint_us=98 encode_us=57 acquire_us=3807 submit_us=3625 skipped=0 gpu_q=1 gpu_total_us=7244 gpu_prepass_us=0 gpu_main_us=7244 gpu_composite_us=0 gpu_blit_us=0
frust_shell_common::perf: frust-perf raw n=2514 total_us=4540 rebuild_us=208 layout_us=0 paint_us=88 encode_us=56 acquire_us=643 submit_us=3543 skipped=0 gpu_q=1 gpu_total_us=7205 gpu_prepass_us=0 gpu_main_us=7205 gpu_composite_us=0 gpu_blit_us=0
frust_shell_common::perf: frust-perf raw n=2515 total_us=6311 rebuild_us=205 layout_us=0 paint_us=93 encode_us=58 acquire_us=1950 submit_us=4004 skipped=0 gpu_q=1 gpu_total_us=7202 gpu_prepass_us=0 gpu_main_us=7202 gpu_composite_us=0 gpu_blit_us=0
frust_shell_common::perf: frust-perf raw n=2516 total_us=7140 rebuild_us=230 layout_us=0 paint_us=97 encode_us=54 acquire_us=2786 submit_us=3970 skipped=0 gpu_q=1 gpu_total_us=7206 gpu_prepass_us=0 gpu_main_us=7206 gpu_composite_us=0 gpu_blit_us=0
frust_shell_common::perf: frust-perf raw n=2517 total_us=6031 rebuild_us=219 layout_us=0 paint_us=99 encode_us=55 acquire_us=1701 submit_us=3954 skipped=0 gpu_q=1 gpu_total_us=7206 gpu_prepass_us=0 gpu_main_us=7206 gpu_composite_us=0 gpu_blit_us=0
frust_shell_common::perf: frust-perf raw n=2518 total_us=7647 rebuild_us=223 layout_us=0 paint_us=101 encode_us=60 acquire_us=3283 submit_us=3979 skipped=0 gpu_q=1 gpu_total_us=7225 gpu_prepass_us=0 gpu_main_us=7225 gpu_composite_us=0 gpu_blit_us=0
frust_shell_common::perf: frust-perf raw n=2519 total_us=7989 rebuild_us=215 layout_us=0 paint_us=114 encode_us=61 acquire_us=2352 submit_us=5245 skipped=0 gpu_q=1 gpu_total_us=7228 gpu_prepass_us=0 gpu_main_us=7228 gpu_composite_us=0 gpu_blit_us=0
frust_shell_common::perf: frust-perf raw n=2520 total_us=7184 rebuild_us=219 layout_us=0 paint_us=106 encode_us=55 acquire_us=2742 submit_us=4061 skipped=0 gpu_q=1 gpu_total_us=7204 gpu_prepass_us=0 gpu_main_us=7204 gpu_composite_us=0 gpu_blit_us=0
frust_shell_common::perf: frust-perf raw n=2521 total_us=7174 rebuild_us=222 layout_us=0 paint_us=101 encode_us=66 acquire_us=3125 submit_us=3658 skipped=0 gpu_q=1 gpu_total_us=7191 gpu_prepass_us=0 gpu_main_us=7191 gpu_composite_us=0 gpu_blit_us=0
frust_shell_common::perf: frust-perf raw n=2522 total_us=4845 rebuild_us=207 layout_us=0 paint_us=85 encode_us=49 acquire_us=1116 submit_us=3386 skipped=0 gpu_q=1 gpu_total_us=7194 gpu_prepass_us=0 gpu_main_us=7194 gpu_composite_us=0 gpu_blit_us=0
frust_shell_common::perf: frust-perf raw n=2523 total_us=4422 rebuild_us=202 layout_us=0 paint_us=84 encode_us=51 acquire_us=676 submit_us=3408 skipped=0 gpu_q=1 gpu_total_us=7195 gpu_prepass_us=0 gpu_main_us=7195 gpu_composite_us=0 gpu_blit_us=0
frust_shell_common::perf: frust-perf raw n=2524 total_us=5410 rebuild_us=270 layout_us=0 paint_us=93 encode_us=55 acquire_us=1078 submit_us=3911 skipped=0 gpu_q=1 gpu_total_us=7202 gpu_prepass_us=0 gpu_main_us=7202 gpu_composite_us=0 gpu_blit_us=0
frust_shell_common::perf: frust-perf raw n=2525 total_us=7033 rebuild_us=206 layout_us=0 paint_us=94 encode_us=55 acquire_us=2746 submit_us=3930 skipped=0 gpu_q=1 gpu_total_us=7196 gpu_prepass_us=0 gpu_main_us=7196 gpu_composite_us=0 gpu_blit_us=0
frust_shell_common::perf: frust-perf raw n=2526 total_us=6615 rebuild_us=221 layout_us=0 paint_us=102 encode_us=54 acquire_us=2162 submit_us=4074 skipped=0 gpu_q=1 gpu_total_us=7206 gpu_prepass_us=0 gpu_main_us=7206 gpu_composite_us=0 gpu_blit_us=0
frust_shell_common::perf: frust-perf raw n=2527 total_us=7116 rebuild_us=214 layout_us=0 paint_us=95 encode_us=54 acquire_us=2670 submit_us=4080 skipped=0 gpu_q=1 gpu_total_us=7214 gpu_prepass_us=0 gpu_main_us=7214 gpu_composite_us=0 gpu_blit_us=0
frust_shell_common::perf: frust-perf raw n=2528 total_us=5887 rebuild_us=496 layout_us=1 paint_us=95 encode_us=57 acquire_us=1158 submit_us=4078 skipped=0 gpu_q=1 gpu_total_us=7216 gpu_prepass_us=0 gpu_main_us=7216 gpu_composite_us=0 gpu_blit_us=0
frust_shell_common::perf: bench-scenario-start s3-update
frust_shell_common::perf: frust-perf raw n=2529 total_us=8290 rebuild_us=3840 layout_us=77 paint_us=101 encode_us=56 acquire_us=85 submit_us=4129 skipped=0 gpu_q=1 gpu_total_us=7219 gpu_prepass_us=0 gpu_main_us=7219 gpu_composite_us=0 gpu_blit_us=0
frust_shell_common::perf: bench-scenario-end s3-update
frust_shell_common::perf: frust-perf raw n=2530 total_us=5590 rebuild_us=607 layout_us=0 paint_us=138 encode_us=141 acquire_us=854 submit_us=3848 skipped=0 gpu_q=1 gpu_total_us=7222 gpu_prepass_us=0 gpu_main_us=7222 gpu_composite_us=0 gpu_blit_us=0
frust_shell_common::perf: frust-perf raw n=2531 total_us=3862 rebuild_us=196 layout_us=0 paint_us=91 encode_us=50 acquire_us=75 submit_us=3449 skipped=0 gpu_q=1 gpu_total_us=7216 gpu_prepass_us=0 gpu_main_us=7216 gpu_composite_us=0 gpu_blit_us=0
frust_shell_common::perf: frust-perf raw n=2532 total_us=5918 rebuild_us=223 layout_us=0 paint_us=112 encode_us=47 acquire_us=1263 submit_us=4271 skipped=0 gpu_q=1 gpu_total_us=7678 gpu_prepass_us=0 gpu_main_us=7678 gpu_composite_us=0 gpu_blit_us=0
frust_shell_common::perf: frust-perf raw n=2533 total_us=4481 rebuild_us=206 layout_us=0 paint_us=88 encode_us=52 acquire_us=790 submit_us=3342 skipped=0 gpu_q=1 gpu_total_us=7225 gpu_prepass_us=0 gpu_main_us=7225 gpu_composite_us=0 gpu_blit_us=0
frust_shell_common::perf: frust-perf raw n=2534 total_us=4254 rebuild_us=193 layout_us=0 paint_us=84 encode_us=48 acquire_us=631 submit_us=3295 skipped=0 gpu_q=1 gpu_total_us=7271 gpu_prepass_us=0 gpu_main_us=7271 gpu_composite_us=0 gpu_blit_us=0
frust_shell_common::perf: frust-perf raw n=2535 total_us=4662 rebuild_us=503 layout_us=0 paint_us=94 encode_us=56 acquire_us=72 submit_us=3934 skipped=0 gpu_q=1 gpu_total_us=7255 gpu_prepass_us=0 gpu_main_us=7255 gpu_composite_us=0 gpu_blit_us=0
frust_shell_common::perf: frust-perf raw n=2536 total_us=5870 rebuild_us=257 layout_us=0 paint_us=93 encode_us=51 acquire_us=1234 submit_us=4231 skipped=0 gpu_q=1 gpu_total_us=7264 gpu_prepass_us=0 gpu_main_us=7264 gpu_composite_us=0 gpu_blit_us=0
frust_shell_common::perf: frust-perf raw n=2537 total_us=6353 rebuild_us=226 layout_us=0 paint_us=97 encode_us=53 acquire_us=1556 submit_us=4420 skipped=0 gpu_q=1 gpu_total_us=7244 gpu_prepass_us=0 gpu_main_us=7244 gpu_composite_us=0 gpu_blit_us=0
frust_shell_common::perf: frust-perf raw n=2538 total_us=5674 rebuild_us=220 layout_us=0 paint_us=95 encode_us=50 acquire_us=1271 submit_us=4035 skipped=0 gpu_q=1 gpu_total_us=7240 gpu_prepass_us=0 gpu_main_us=7240 gpu_composite_us=0 gpu_blit_us=0
frust_shell_common::perf: frust-perf raw n=2539 total_us=5872 rebuild_us=224 layout_us=0 paint_us=98 encode_us=56 acquire_us=1217 submit_us=4275 skipped=0 gpu_q=1 gpu_total_us=7256 gpu_prepass_us=0 gpu_main_us=7256 gpu_composite_us=0 gpu_blit_us=0
frust_shell_common::perf: frust-perf raw n=2540 total_us=5033 rebuild_us=227 layout_us=0 paint_us=98 encode_us=51 acquire_us=637 submit_us=4017 skipped=0 gpu_q=1 gpu_total_us=7262 gpu_prepass_us=0 gpu_main_us=7262 gpu_composite_us=0 gpu_blit_us=0
frust_shell_common::perf: frust-perf raw n=2541 total_us=5535 rebuild_us=229 layout_us=0 paint_us=95 encode_us=55 acquire_us=1166 submit_us=3987 skipped=0 gpu_q=1 gpu_total_us=7729 gpu_prepass_us=0 gpu_main_us=7729 gpu_composite_us=0 gpu_blit_us=0
frust_shell_common::perf: frust-perf raw n=2542 total_us=6755 rebuild_us=282 layout_us=0 paint_us=94 encode_us=53 acquire_us=1895 submit_us=4429 skipped=0 gpu_q=1 gpu_total_us=7243 gpu_prepass_us=0 gpu_main_us=7243 gpu_composite_us=0 gpu_blit_us=0
frust_shell_common::perf: frust-perf raw n=2543 total_us=6163 rebuild_us=223 layout_us=0 paint_us=92 encode_us=50 acquire_us=1489 submit_us=4307 skipped=0 gpu_q=1 gpu_total_us=7253 gpu_prepass_us=0 gpu_main_us=7253 gpu_composite_us=0 gpu_blit_us=0
frust_shell_common::perf: frust-perf raw n=2544 total_us=7006 rebuild_us=232 layout_us=0 paint_us=103 encode_us=52 acquire_us=2262 submit_us=4354 skipped=0 gpu_q=1 gpu_total_us=7251 gpu_prepass_us=0 gpu_main_us=7251 gpu_composite_us=0 gpu_blit_us=0
frust_shell_common::perf: frust-perf raw n=2545 total_us=5423 rebuild_us=231 layout_us=0 paint_us=98 encode_us=52 acquire_us=795 submit_us=4244 skipped=0 gpu_q=1 gpu_total_us=7274 gpu_prepass_us=0 gpu_main_us=7274 gpu_composite_us=0 gpu_blit_us=0
frust_shell_common::perf: frust-perf raw n=2546 total_us=5251 rebuild_us=228 layout_us=0 paint_us=95 encode_us=53 acquire_us=733 submit_us=4139 skipped=0 gpu_q=1 gpu_total_us=7240 gpu_prepass_us=0 gpu_main_us=7240 gpu_composite_us=0 gpu_blit_us=0
frust_shell_common::perf: frust-perf raw n=2547 total_us=6921 rebuild_us=230 layout_us=0 paint_us=102 encode_us=54 acquire_us=1908 submit_us=4624 skipped=0 gpu_q=1 gpu_total_us=7272 gpu_prepass_us=0 gpu_main_us=7272 gpu_composite_us=0 gpu_blit_us=0
frust_shell_common::perf: frust-perf raw n=2548 total_us=6234 rebuild_us=223 layout_us=0 paint_us=98 encode_us=52 acquire_us=1603 submit_us=4255 skipped=0 gpu_q=1 gpu_total_us=7255 gpu_prepass_us=0 gpu_main_us=7255 gpu_composite_us=0 gpu_blit_us=0
frust_shell_common::perf: bench-scenario-start s3-swap
frust_shell_common::perf: frust-perf raw n=2549 total_us=8336 rebuild_us=3726 layout_us=72 paint_us=93 encode_us=54 acquire_us=84 submit_us=4305 skipped=0 gpu_q=1 gpu_total_us=7261 gpu_prepass_us=0 gpu_main_us=7261 gpu_composite_us=0 gpu_blit_us=0
frust_shell_common::perf: bench-scenario-end s3-swap
frust_shell_common::perf: frust-perf raw n=2550 total_us=5780 rebuild_us=369 layout_us=0 paint_us=129 encode_us=61 acquire_us=570 submit_us=4648 skipped=0 gpu_q=1 gpu_total_us=7729 gpu_prepass_us=0 gpu_main_us=7729 gpu_composite_us=0 gpu_blit_us=0
frust_shell_common::perf: frust-perf raw n=2551 total_us=5317 rebuild_us=229 layout_us=0 paint_us=97 encode_us=52 acquire_us=680 submit_us=4256 skipped=0 gpu_q=1 gpu_total_us=7247 gpu_prepass_us=0 gpu_main_us=7247 gpu_composite_us=0 gpu_blit_us=0
frust_shell_common::perf: frust-perf raw n=2552 total_us=6414 rebuild_us=226 layout_us=0 paint_us=95 encode_us=53 acquire_us=1583 submit_us=4454 skipped=0 gpu_q=1 gpu_total_us=7245 gpu_prepass_us=0 gpu_main_us=7245 gpu_composite_us=0 gpu_blit_us=0
frust_shell_common::perf: frust-perf raw n=2553 total_us=6042 rebuild_us=229 layout_us=0 paint_us=95 encode_us=57 acquire_us=1568 submit_us=4091 skipped=0 gpu_q=1 gpu_total_us=7413 gpu_prepass_us=0 gpu_main_us=7413 gpu_composite_us=0 gpu_blit_us=0
frust_shell_common::perf: frust-perf raw n=2554 total_us=6051 rebuild_us=231 layout_us=0 paint_us=94 encode_us=57 acquire_us=1366 submit_us=4302 skipped=0 gpu_q=1 gpu_total_us=7439 gpu_prepass_us=0 gpu_main_us=7439 gpu_composite_us=0 gpu_blit_us=0
frust_shell_common::perf: frust-perf raw n=2555 total_us=6210 rebuild_us=249 layout_us=0 paint_us=102 encode_us=54 acquire_us=1337 submit_us=4465 skipped=0 gpu_q=1 gpu_total_us=7435 gpu_prepass_us=0 gpu_main_us=7435 gpu_composite_us=0 gpu_blit_us=0
frust_shell_common::perf: frust-perf raw n=2556 total_us=7053 rebuild_us=241 layout_us=0 paint_us=102 encode_us=52 acquire_us=2199 submit_us=4457 skipped=0 gpu_q=1 gpu_total_us=7418 gpu_prepass_us=0 gpu_main_us=7418 gpu_composite_us=0 gpu_blit_us=0
frust_shell_common::perf: frust-perf raw n=2557 total_us=5136 rebuild_us=234 layout_us=0 paint_us=95 encode_us=52 acquire_us=485 submit_us=4267 skipped=0 gpu_q=1 gpu_total_us=7451 gpu_prepass_us=0 gpu_main_us=7451 gpu_composite_us=0 gpu_blit_us=0
frust_shell_common::perf: frust-perf raw n=2558 total_us=5418 rebuild_us=230 layout_us=0 paint_us=96 encode_us=51 acquire_us=846 submit_us=4192 skipped=0 gpu_q=1 gpu_total_us=7444 gpu_prepass_us=0 gpu_main_us=7444 gpu_composite_us=0 gpu_blit_us=0
frust_shell_common::perf: frust-perf raw n=2559 total_us=6789 rebuild_us=232 layout_us=0 paint_us=94 encode_us=52 acquire_us=1623 submit_us=4786 skipped=0 gpu_q=1 gpu_total_us=7756 gpu_prepass_us=0 gpu_main_us=7756 gpu_composite_us=0 gpu_blit_us=0
frust_shell_common::perf: frust-perf raw n=2560 total_us=5560 rebuild_us=255 layout_us=0 paint_us=105 encode_us=61 acquire_us=262 submit_us=4875 skipped=0 gpu_q=1 gpu_total_us=7442 gpu_prepass_us=0 gpu_main_us=7442 gpu_composite_us=0 gpu_blit_us=0
frust_shell_common::perf: frust-perf raw n=2561 total_us=5628 rebuild_us=220 layout_us=0 paint_us=94 encode_us=51 acquire_us=1096 submit_us=4165 skipped=0 gpu_q=1 gpu_total_us=7446 gpu_prepass_us=0 gpu_main_us=7446 gpu_composite_us=0 gpu_blit_us=0
frust_shell_common::perf: frust-perf raw n=2562 total_us=6483 rebuild_us=223 layout_us=0 paint_us=98 encode_us=81 acquire_us=1726 submit_us=4352 skipped=0 gpu_q=1 gpu_total_us=7441 gpu_prepass_us=0 gpu_main_us=7441 gpu_composite_us=0 gpu_blit_us=0
frust_shell_common::perf: frust-perf raw n=2563 total_us=5143 rebuild_us=238 layout_us=0 paint_us=105 encode_us=51 acquire_us=416 submit_us=4330 skipped=0 gpu_q=1 gpu_total_us=7450 gpu_prepass_us=0 gpu_main_us=7450 gpu_composite_us=0 gpu_blit_us=0
frust_shell_common::perf: frust-perf raw n=2564 total_us=4984 rebuild_us=225 layout_us=0 paint_us=100 encode_us=57 acquire_us=562 submit_us=4038 skipped=0 gpu_q=1 gpu_total_us=7422 gpu_prepass_us=0 gpu_main_us=7422 gpu_composite_us=0 gpu_blit_us=0
frust_shell_common::perf: frust-perf raw n=2565 total_us=6908 rebuild_us=232 layout_us=0 paint_us=96 encode_us=55 acquire_us=1597 submit_us=4925 skipped=0 gpu_q=1 gpu_total_us=7463 gpu_prepass_us=0 gpu_main_us=7463 gpu_composite_us=0 gpu_blit_us=0
frust_shell_android::app::frame: frust-perf platform-view tail depth=0 target=0 acquire_bound=false frame=2578 expected_present_us=0 acquire_us=1071 period_us=11131
frust_shell_common::perf: frust-perf raw n=2566 total_us=5159 rebuild_us=219 layout_us=0 paint_us=95 encode_us=51 acquire_us=504 submit_us=4289 skipped=0 gpu_q=1 gpu_total_us=7432 gpu_prepass_us=0 gpu_main_us=7432 gpu_composite_us=0 gpu_blit_us=0
frust_shell_common::perf: frust-perf raw n=2567 total_us=4979 rebuild_us=223 layout_us=0 paint_us=95 encode_us=55 acquire_us=548 submit_us=4055 skipped=0 gpu_q=1 gpu_total_us=7435 gpu_prepass_us=0 gpu_main_us=7435 gpu_composite_us=0 gpu_blit_us=0
frust_shell_common::perf: frust-perf raw n=2568 total_us=5125 rebuild_us=253 layout_us=0 paint_us=104 encode_us=297 acquire_us=169 submit_us=4299 skipped=0 gpu_q=1 gpu_total_us=7750 gpu_prepass_us=0 gpu_main_us=7750 gpu_composite_us=0 gpu_blit_us=0
frust_shell_common::perf: bench-scenario-start s3-clear
frust_shell_common::perf: frust-perf raw n=2569 total_us=7876 rebuild_us=4904 layout_us=19 paint_us=26 encode_us=37 acquire_us=89 submit_us=2799 skipped=0 gpu_q=1 gpu_total_us=7450 gpu_prepass_us=0 gpu_main_us=7450 gpu_composite_us=0 gpu_blit_us=0
frust_shell_common::perf: bench-scenario-end s3-clear
frust_shell_common::perf: frust-perf raw n=2570 total_us=4613 rebuild_us=139 layout_us=0 paint_us=29 encode_us=18 acquire_us=1777 submit_us=2648 skipped=0 gpu_q=1 gpu_total_us=7426 gpu_prepass_us=0 gpu_main_us=7426 gpu_composite_us=0 gpu_blit_us=0
frust_shell_common::perf: frust-perf raw n=2571 total_us=5307 rebuild_us=98 layout_us=0 paint_us=30 encode_us=20 acquire_us=2544 submit_us=2612 skipped=0 gpu_q=1 gpu_total_us=7470 gpu_prepass_us=0 gpu_main_us=7470 gpu_composite_us=0 gpu_blit_us=0
frust_shell_common::perf: frust-perf raw n=2572 total_us=5106 rebuild_us=95 layout_us=0 paint_us=31 encode_us=19 acquire_us=2268 submit_us=2691 skipped=0 gpu_q=1 gpu_total_us=7424 gpu_prepass_us=0 gpu_main_us=7424 gpu_composite_us=0 gpu_blit_us=0
frust_shell_common::perf: frust-perf raw n=2573 total_us=7449 rebuild_us=106 layout_us=0 paint_us=34 encode_us=22 acquire_us=3667 submit_us=3618 skipped=0 gpu_q=1 gpu_total_us=3192 gpu_prepass_us=0 gpu_main_us=3192 gpu_composite_us=0 gpu_blit_us=0
frust_shell_common::perf: frust-perf raw n=2574 total_us=6451 rebuild_us=103 layout_us=0 paint_us=34 encode_us=20 acquire_us=2868 submit_us=3424 skipped=0 gpu_q=1 gpu_total_us=3209 gpu_prepass_us=0 gpu_main_us=3209 gpu_composite_us=0 gpu_blit_us=0
frust_shell_common::perf: frust-perf raw n=2575 total_us=5174 rebuild_us=108 layout_us=0 paint_us=35 encode_us=25 acquire_us=2390 submit_us=2614 skipped=0 gpu_q=1 gpu_total_us=3222 gpu_prepass_us=0 gpu_main_us=3222 gpu_composite_us=0 gpu_blit_us=0
frust_shell_common::perf: frust-perf raw n=2576 total_us=3319 rebuild_us=101 layout_us=0 paint_us=32 encode_us=20 acquire_us=527 submit_us=2636 skipped=0 gpu_q=1 gpu_total_us=3205 gpu_prepass_us=0 gpu_main_us=3205 gpu_composite_us=0 gpu_blit_us=0
frust_shell_common::perf: frust-perf raw n=2577 total_us=3141 rebuild_us=97 layout_us=0 paint_us=32 encode_us=23 acquire_us=86 submit_us=2901 skipped=0 gpu_q=1 gpu_total_us=3477 gpu_prepass_us=0 gpu_main_us=3477 gpu_composite_us=0 gpu_blit_us=0
frust_shell_common::perf: frust-perf raw n=2578 total_us=4699 rebuild_us=98 layout_us=0 paint_us=32 encode_us=22 acquire_us=1881 submit_us=2663 skipped=0 gpu_q=1 gpu_total_us=3192 gpu_prepass_us=0 gpu_main_us=3192 gpu_composite_us=0 gpu_blit_us=0
frust_shell_common::perf: frust-perf raw n=2579 total_us=5239 rebuild_us=101 layout_us=0 paint_us=32 encode_us=23 acquire_us=1913 submit_us=3168 skipped=0 gpu_q=1 gpu_total_us=3196 gpu_prepass_us=0 gpu_main_us=3196 gpu_composite_us=0 gpu_blit_us=0
frust_shell_common::perf: frust-perf raw n=2580 total_us=4662 rebuild_us=97 layout_us=0 paint_us=31 encode_us=21 acquire_us=1823 submit_us=2687 skipped=0 gpu_q=1 gpu_total_us=3202 gpu_prepass_us=0 gpu_main_us=3202 gpu_composite_us=0 gpu_blit_us=0
frust_shell_common::perf: frust-perf raw n=2581 total_us=3785 rebuild_us=101 layout_us=0 paint_us=33 encode_us=23 acquire_us=981 submit_us=2645 skipped=0 gpu_q=1 gpu_total_us=3209 gpu_prepass_us=0 gpu_main_us=3209 gpu_composite_us=0 gpu_blit_us=0
frust_shell_common::perf: frust-perf raw n=2582 total_us=4328 rebuild_us=96 layout_us=0 paint_us=32 encode_us=21 acquire_us=1557 submit_us=2620 skipped=0 gpu_q=1 gpu_total_us=3208 gpu_prepass_us=0 gpu_main_us=3208 gpu_composite_us=0 gpu_blit_us=0
frust_shell_common::perf: frust-perf raw n=2583 total_us=4093 rebuild_us=134 layout_us=0 paint_us=33 encode_us=24 acquire_us=1139 submit_us=2762 skipped=0 gpu_q=1 gpu_total_us=3206 gpu_prepass_us=0 gpu_main_us=3206 gpu_composite_us=0 gpu_blit_us=0
frust_shell_common::perf: frust-perf raw n=2584 total_us=5124 rebuild_us=101 layout_us=0 paint_us=32 encode_us=21 acquire_us=2269 submit_us=2699 skipped=0 gpu_q=1 gpu_total_us=3201 gpu_prepass_us=0 gpu_main_us=3201 gpu_composite_us=0 gpu_blit_us=0
frust_shell_common::perf: frust-perf raw n=2585 total_us=4875 rebuild_us=102 layout_us=0 paint_us=31 encode_us=23 acquire_us=1986 submit_us=2731 skipped=0 gpu_q=1 gpu_total_us=3193 gpu_prepass_us=0 gpu_main_us=3193 gpu_composite_us=0 gpu_blit_us=0
frust_shell_common::perf: frust-perf frame n=120 total_p50_ms=5 total_p95_ms=9 total_p99_ms=13 rebuild_p95_ms=0 layout_p95_ms=0 paint_p95_ms=0 encode_p95_ms=0 acquire_p95_ms=3 submit_p95_ms=7 over_60hz=7 over_120hz=280 skipped=0 total_frames=2585
frust_shell_common::perf: frust-perf raw n=2586 total_us=4841 rebuild_us=98 layout_us=0 paint_us=31 encode_us=84 acquire_us=1895 submit_us=2731 skipped=0 gpu_q=1 gpu_total_us=3500 gpu_prepass_us=0 gpu_main_us=3500 gpu_composite_us=0 gpu_blit_us=0
frust_shell_common::perf: frust-perf raw n=2587 total_us=4797 rebuild_us=97 layout_us=0 paint_us=31 encode_us=23 acquire_us=1997 submit_us=2645 skipped=0 gpu_q=1 gpu_total_us=3209 gpu_prepass_us=0 gpu_main_us=3209 gpu_composite_us=0 gpu_blit_us=0
frust_shell_common::perf: frust-perf raw n=2588 total_us=5371 rebuild_us=102 layout_us=0 paint_us=31 encode_us=22 acquire_us=1811 submit_us=3404 skipped=0 gpu_q=1 gpu_total_us=3207 gpu_prepass_us=0 gpu_main_us=3207 gpu_composite_us=0 gpu_blit_us=0
frust_shell_common::perf: bench-scenario-start s3-create1k
frust_shell_common::perf: bench-scenario-end s3-create1k
frust_shell_common::perf: frust-perf raw n=2589 total_us=11488 rebuild_us=1264 layout_us=284 paint_us=295 encode_us=48 acquire_us=84 submit_us=9511 skipped=0 gpu_q=1 gpu_total_us=3214 gpu_prepass_us=0 gpu_main_us=3214 gpu_composite_us=0 gpu_blit_us=0
frust_shell_common::perf: frust-perf raw n=2590 total_us=10128 rebuild_us=388 layout_us=0 paint_us=135 encode_us=60 acquire_us=1105 submit_us=8438 skipped=0 gpu_q=1 gpu_total_us=3215 gpu_prepass_us=0 gpu_main_us=3215 gpu_composite_us=0 gpu_blit_us=0
frust_shell_common::perf: frust-perf raw n=2591 total_us=10442 rebuild_us=266 layout_us=0 paint_us=137 encode_us=55 acquire_us=1602 submit_us=8379 skipped=0 gpu_q=1 gpu_total_us=3201 gpu_prepass_us=0 gpu_main_us=3201 gpu_composite_us=0 gpu_blit_us=0
frust_shell_common::perf: frust-perf raw n=2592 total_us=10271 rebuild_us=277 layout_us=0 paint_us=115 encode_us=73 acquire_us=1363 submit_us=8441 skipped=0 gpu_q=1 gpu_total_us=3214 gpu_prepass_us=0 gpu_main_us=3214 gpu_composite_us=0 gpu_blit_us=0
frust_shell_common::perf: frust-perf raw n=2593 total_us=10031 rebuild_us=278 layout_us=0 paint_us=113 encode_us=56 acquire_us=2103 submit_us=7480 skipped=0 gpu_q=1 gpu_total_us=4926 gpu_prepass_us=0 gpu_main_us=4926 gpu_composite_us=0 gpu_blit_us=0
frust_shell_common::perf: frust-perf raw n=2594 total_us=7983 rebuild_us=227 layout_us=0 paint_us=96 encode_us=62 acquire_us=1096 submit_us=6500 skipped=0 gpu_q=1 gpu_total_us=4899 gpu_prepass_us=0 gpu_main_us=4899 gpu_composite_us=0 gpu_blit_us=0
frust_shell_common::perf: frust-perf raw n=2595 total_us=7397 rebuild_us=207 layout_us=0 paint_us=98 encode_us=47 acquire_us=1299 submit_us=5744 skipped=0 gpu_q=1 gpu_total_us=4907 gpu_prepass_us=0 gpu_main_us=4907 gpu_composite_us=0 gpu_blit_us=0
frust_shell_common::perf: frust-perf raw n=2596 total_us=7920 rebuild_us=203 layout_us=0 paint_us=91 encode_us=45 acquire_us=1693 submit_us=5884 skipped=0 gpu_q=1 gpu_total_us=4904 gpu_prepass_us=0 gpu_main_us=4904 gpu_composite_us=0 gpu_blit_us=0
frust_shell_common::perf: frust-perf raw n=2597 total_us=8869 rebuild_us=182 layout_us=0 paint_us=86 encode_us=48 acquire_us=2777 submit_us=5773 skipped=0 gpu_q=1 gpu_total_us=4910 gpu_prepass_us=0 gpu_main_us=4910 gpu_composite_us=0 gpu_blit_us=0
frust_shell_common::perf: frust-perf raw n=2598 total_us=6308 rebuild_us=210 layout_us=0 paint_us=95 encode_us=51 acquire_us=1998 submit_us=3951 skipped=0 gpu_q=1 gpu_total_us=4911 gpu_prepass_us=0 gpu_main_us=4911 gpu_composite_us=0 gpu_blit_us=0
frust_shell_common::perf: frust-perf raw n=2599 total_us=4078 rebuild_us=202 layout_us=0 paint_us=94 encode_us=45 acquire_us=65 submit_us=3670 skipped=0 gpu_q=1 gpu_total_us=4937 gpu_prepass_us=0 gpu_main_us=4937 gpu_composite_us=0 gpu_blit_us=0
frust_shell_common::perf: frust-perf raw n=2600 total_us=4235 rebuild_us=316 layout_us=0 paint_us=173 encode_us=52 acquire_us=70 submit_us=3622 skipped=0 gpu_q=1 gpu_total_us=4902 gpu_prepass_us=0 gpu_main_us=4902 gpu_composite_us=0 gpu_blit_us=0
frust_shell_common::perf: frust-perf raw n=2601 total_us=4248 rebuild_us=311 layout_us=0 paint_us=122 encode_us=57 acquire_us=70 submit_us=3686 skipped=0 gpu_q=1 gpu_total_us=4890 gpu_prepass_us=0 gpu_main_us=4890 gpu_composite_us=0 gpu_blit_us=0
frust_shell_common::perf: frust-perf raw n=2602 total_us=5452 rebuild_us=302 layout_us=0 paint_us=123 encode_us=45 acquire_us=1119 submit_us=3861 skipped=0 gpu_q=1 gpu_total_us=8329 gpu_prepass_us=0 gpu_main_us=8329 gpu_composite_us=0 gpu_blit_us=0
frust_shell_common::perf: frust-perf raw n=2603 total_us=6720 rebuild_us=206 layout_us=0 paint_us=96 encode_us=61 acquire_us=1986 submit_us=4369 skipped=0 gpu_q=1 gpu_total_us=8331 gpu_prepass_us=0 gpu_main_us=8331 gpu_composite_us=0 gpu_blit_us=0
frust_shell_common::perf: frust-perf raw n=2604 total_us=6677 rebuild_us=251 layout_us=0 paint_us=87 encode_us=55 acquire_us=1956 submit_us=4326 skipped=0 gpu_q=1 gpu_total_us=8809 gpu_prepass_us=0 gpu_main_us=8809 gpu_composite_us=0 gpu_blit_us=0
frust_shell_common::perf: frust-perf raw n=2605 total_us=5602 rebuild_us=200 layout_us=0 paint_us=92 encode_us=51 acquire_us=1742 submit_us=3514 skipped=0 gpu_q=1 gpu_total_us=8340 gpu_prepass_us=0 gpu_main_us=8340 gpu_composite_us=0 gpu_blit_us=0
frust_shell_common::perf: frust-perf raw n=2606 total_us=6794 rebuild_us=194 layout_us=0 paint_us=85 encode_us=48 acquire_us=2087 submit_us=4377 skipped=0 gpu_q=1 gpu_total_us=8357 gpu_prepass_us=0 gpu_main_us=8357 gpu_composite_us=0 gpu_blit_us=0
frust_shell_common::perf: frust-perf raw n=2607 total_us=5159 rebuild_us=192 layout_us=0 paint_us=84 encode_us=45 acquire_us=1309 submit_us=3528 skipped=0 gpu_q=1 gpu_total_us=8338 gpu_prepass_us=0 gpu_main_us=8338 gpu_composite_us=0 gpu_blit_us=0
frust_shell_common::perf: frust-perf raw n=2608 total_us=6580 rebuild_us=194 layout_us=0 paint_us=86 encode_us=46 acquire_us=1675 submit_us=4576 skipped=0 gpu_q=1 gpu_total_us=8341 gpu_prepass_us=0 gpu_main_us=8341 gpu_composite_us=0 gpu_blit_us=0
frust_shell_common::perf: bench-scenario-start s3-create10k
frust_shell_common::perf: bench-scenario-end s3-create10k
frust_shell_common::perf: frust-perf raw n=2609 total_us=10465 rebuild_us=5171 layout_us=188 paint_us=146 encode_us=59 acquire_us=95 submit_us=4804 skipped=0 gpu_q=1 gpu_total_us=8371 gpu_prepass_us=0 gpu_main_us=8371 gpu_composite_us=0 gpu_blit_us=0
frust_shell_common::perf: frust-perf raw n=2610 total_us=7992 rebuild_us=349 layout_us=0 paint_us=108 encode_us=48 acquire_us=1511 submit_us=5975 skipped=0 gpu_q=1 gpu_total_us=8349 gpu_prepass_us=0 gpu_main_us=8349 gpu_composite_us=0 gpu_blit_us=0
frust_shell_common::perf: frust-perf raw n=2611 total_us=5436 rebuild_us=216 layout_us=0 paint_us=91 encode_us=57 acquire_us=1361 submit_us=3710 skipped=0 gpu_q=1 gpu_total_us=8341 gpu_prepass_us=0 gpu_main_us=8341 gpu_composite_us=0 gpu_blit_us=0
frust_shell_common::perf: frust-perf raw n=2612 total_us=4911 rebuild_us=206 layout_us=0 paint_us=87 encode_us=47 acquire_us=1197 submit_us=3373 skipped=0 gpu_q=1 gpu_total_us=8345 gpu_prepass_us=0 gpu_main_us=8345 gpu_composite_us=0 gpu_blit_us=0
frust_shell_common::perf: frust-perf raw n=2613 total_us=6475 rebuild_us=242 layout_us=0 paint_us=90 encode_us=47 acquire_us=2373 submit_us=3720 skipped=0 gpu_q=1 gpu_total_us=7294 gpu_prepass_us=0 gpu_main_us=7294 gpu_composite_us=0 gpu_blit_us=0
frust_shell_common::perf: frust-perf raw n=2614 total_us=4697 rebuild_us=200 layout_us=0 paint_us=86 encode_us=46 acquire_us=1037 submit_us=3325 skipped=0 gpu_q=1 gpu_total_us=7210 gpu_prepass_us=0 gpu_main_us=7210 gpu_composite_us=0 gpu_blit_us=0
frust_shell_common::perf: frust-perf raw n=2615 total_us=5106 rebuild_us=214 layout_us=0 paint_us=84 encode_us=46 acquire_us=1448 submit_us=3311 skipped=0 gpu_q=1 gpu_total_us=7218 gpu_prepass_us=0 gpu_main_us=7218 gpu_composite_us=0 gpu_blit_us=0
frust_shell_common::perf: frust-perf raw n=2616 total_us=5527 rebuild_us=193 layout_us=0 paint_us=82 encode_us=50 acquire_us=1803 submit_us=3398 skipped=0 gpu_q=1 gpu_total_us=7209 gpu_prepass_us=0 gpu_main_us=7209 gpu_composite_us=0 gpu_blit_us=0
frust_shell_common::perf: frust-perf raw n=2617 total_us=6585 rebuild_us=203 layout_us=0 paint_us=84 encode_us=55 acquire_us=1656 submit_us=4586 skipped=0 gpu_q=1 gpu_total_us=7220 gpu_prepass_us=0 gpu_main_us=7220 gpu_composite_us=0 gpu_blit_us=0
frust_shell_common::perf: frust-perf raw n=2618 total_us=6057 rebuild_us=195 layout_us=0 paint_us=93 encode_us=52 acquire_us=2047 submit_us=3668 skipped=0 gpu_q=1 gpu_total_us=7220 gpu_prepass_us=0 gpu_main_us=7220 gpu_composite_us=0 gpu_blit_us=0
frust_shell_common::perf: frust-perf raw n=2619 total_us=4361 rebuild_us=197 layout_us=0 paint_us=85 encode_us=51 acquire_us=708 submit_us=3318 skipped=0 gpu_q=1 gpu_total_us=7245 gpu_prepass_us=0 gpu_main_us=7245 gpu_composite_us=0 gpu_blit_us=0
frust_shell_common::perf: frust-perf raw n=2620 total_us=4115 rebuild_us=217 layout_us=0 paint_us=92 encode_us=48 acquire_us=537 submit_us=3219 skipped=0 gpu_q=1 gpu_total_us=7232 gpu_prepass_us=0 gpu_main_us=7232 gpu_composite_us=0 gpu_blit_us=0
frust_shell_common::perf: frust-perf raw n=2621 total_us=4186 rebuild_us=190 layout_us=0 paint_us=82 encode_us=129 acquire_us=668 submit_us=3114 skipped=0 gpu_q=1 gpu_total_us=7200 gpu_prepass_us=0 gpu_main_us=7200 gpu_composite_us=0 gpu_blit_us=0
frust_shell_common::perf: frust-perf raw n=2622 total_us=4154 rebuild_us=519 layout_us=0 paint_us=81 encode_us=42 acquire_us=59 submit_us=3451 skipped=0 gpu_q=1 gpu_total_us=7212 gpu_prepass_us=0 gpu_main_us=7212 gpu_composite_us=0 gpu_blit_us=0
frust_shell_common::perf: frust-perf raw n=2623 total_us=3840 rebuild_us=204 layout_us=0 paint_us=78 encode_us=41 acquire_us=59 submit_us=3456 skipped=0 gpu_q=1 gpu_total_us=7161 gpu_prepass_us=0 gpu_main_us=7161 gpu_composite_us=0 gpu_blit_us=0
frust_shell_common::perf: frust-perf raw n=2624 total_us=4350 rebuild_us=324 layout_us=0 paint_us=116 encode_us=50 acquire_us=74 submit_us=3783 skipped=0 gpu_q=1 gpu_total_us=7117 gpu_prepass_us=0 gpu_main_us=7117 gpu_composite_us=0 gpu_blit_us=0
frust_shell_common::perf: frust-perf raw n=2625 total_us=6185 rebuild_us=284 layout_us=0 paint_us=118 encode_us=52 acquire_us=1346 submit_us=4382 skipped=0 gpu_q=1 gpu_total_us=7113 gpu_prepass_us=0 gpu_main_us=7113 gpu_composite_us=0 gpu_blit_us=0
frust_shell_common::perf: frust-perf raw n=2626 total_us=4698 rebuild_us=215 layout_us=0 paint_us=87 encode_us=52 acquire_us=553 submit_us=3789 skipped=0 gpu_q=1 gpu_total_us=7123 gpu_prepass_us=0 gpu_main_us=7123 gpu_composite_us=0 gpu_blit_us=0
frust_shell_common::perf: frust-perf raw n=2627 total_us=4618 rebuild_us=246 layout_us=0 paint_us=90 encode_us=47 acquire_us=337 submit_us=3896 skipped=0 gpu_q=1 gpu_total_us=7142 gpu_prepass_us=0 gpu_main_us=7142 gpu_composite_us=0 gpu_blit_us=0
frust_shell_common::perf: frust-perf raw n=2628 total_us=6556 rebuild_us=246 layout_us=0 paint_us=105 encode_us=54 acquire_us=1485 submit_us=4662 skipped=0 gpu_q=1 gpu_total_us=7110 gpu_prepass_us=0 gpu_main_us=7110 gpu_composite_us=0 gpu_blit_us=0
frust_shell_common::perf: bench-scenario-start s3-update
frust_shell_common::perf: frust-perf raw n=2629 total_us=9252 rebuild_us=4688 layout_us=79 paint_us=110 encode_us=66 acquire_us=103 submit_us=4205 skipped=0 gpu_q=1 gpu_total_us=7123 gpu_prepass_us=0 gpu_main_us=7123 gpu_composite_us=0 gpu_blit_us=0
frust_shell_common::perf: bench-scenario-end s3-update
frust_shell_common::perf: frust-perf raw n=2630 total_us=5991 rebuild_us=372 layout_us=0 paint_us=126 encode_us=54 acquire_us=74 submit_us=5362 skipped=0 gpu_q=1 gpu_total_us=7107 gpu_prepass_us=0 gpu_main_us=7107 gpu_composite_us=0 gpu_blit_us=0
frust_shell_common::perf: frust-perf raw n=2631 total_us=7635 rebuild_us=224 layout_us=0 paint_us=101 encode_us=53 acquire_us=2649 submit_us=4605 skipped=0 gpu_q=1 gpu_total_us=7213 gpu_prepass_us=0 gpu_main_us=7213 gpu_composite_us=0 gpu_blit_us=0
frust_shell_common::perf: frust-perf raw n=2632 total_us=6545 rebuild_us=232 layout_us=0 paint_us=100 encode_us=54 acquire_us=1770 submit_us=4386 skipped=0 gpu_q=1 gpu_total_us=7199 gpu_prepass_us=0 gpu_main_us=7199 gpu_composite_us=0 gpu_blit_us=0
frust_shell_common::perf: frust-perf raw n=2633 total_us=5134 rebuild_us=265 layout_us=0 paint_us=100 encode_us=53 acquire_us=699 submit_us=4014 skipped=0 gpu_q=1 gpu_total_us=7261 gpu_prepass_us=0 gpu_main_us=7261 gpu_composite_us=0 gpu_blit_us=0
frust_shell_common::perf: frust-perf raw n=2634 total_us=6539 rebuild_us=232 layout_us=0 paint_us=105 encode_us=57 acquire_us=1746 submit_us=4397 skipped=0 gpu_q=1 gpu_total_us=7233 gpu_prepass_us=0 gpu_main_us=7233 gpu_composite_us=0 gpu_blit_us=0
frust_shell_common::perf: frust-perf raw n=2635 total_us=4906 rebuild_us=230 layout_us=0 paint_us=95 encode_us=54 acquire_us=517 submit_us=4008 skipped=0 gpu_q=1 gpu_total_us=5215 gpu_prepass_us=0 gpu_main_us=5215 gpu_composite_us=0 gpu_blit_us=0
frust_shell_common::perf: frust-perf raw n=2636 total_us=6107 rebuild_us=226 layout_us=0 paint_us=138 encode_us=51 acquire_us=1469 submit_us=4221 skipped=0 gpu_q=1 gpu_total_us=5225 gpu_prepass_us=0 gpu_main_us=5225 gpu_composite_us=0 gpu_blit_us=0
frust_shell_common::perf: frust-perf raw n=2637 total_us=6802 rebuild_us=237 layout_us=0 paint_us=97 encode_us=52 acquire_us=1798 submit_us=4616 skipped=0 gpu_q=1 gpu_total_us=5237 gpu_prepass_us=0 gpu_main_us=5237 gpu_composite_us=0 gpu_blit_us=0
frust_shell_common::perf: frust-perf raw n=2638 total_us=6081 rebuild_us=229 layout_us=0 paint_us=95 encode_us=54 acquire_us=1359 submit_us=4341 skipped=0 gpu_q=1 gpu_total_us=5222 gpu_prepass_us=0 gpu_main_us=5222 gpu_composite_us=0 gpu_blit_us=0
frust_shell_common::perf: frust-perf raw n=2639 total_us=6818 rebuild_us=240 layout_us=0 paint_us=101 encode_us=52 acquire_us=1971 submit_us=4452 skipped=0 gpu_q=1 gpu_total_us=5228 gpu_prepass_us=0 gpu_main_us=5228 gpu_composite_us=0 gpu_blit_us=0
frust_shell_common::perf: frust-perf raw n=2640 total_us=6626 rebuild_us=235 layout_us=0 paint_us=100 encode_us=50 acquire_us=1876 submit_us=4363 skipped=0 gpu_q=1 gpu_total_us=5224 gpu_prepass_us=0 gpu_main_us=5224 gpu_composite_us=0 gpu_blit_us=0
frust_shell_common::perf: frust-perf raw n=2641 total_us=6610 rebuild_us=227 layout_us=0 paint_us=100 encode_us=56 acquire_us=1889 submit_us=4336 skipped=0 gpu_q=1 gpu_total_us=5215 gpu_prepass_us=0 gpu_main_us=5215 gpu_composite_us=0 gpu_blit_us=0
frust_shell_common::perf: frust-perf raw n=2642 total_us=6001 rebuild_us=234 layout_us=0 paint_us=95 encode_us=53 acquire_us=1205 submit_us=4412 skipped=0 gpu_q=1 gpu_total_us=5225 gpu_prepass_us=0 gpu_main_us=5225 gpu_composite_us=0 gpu_blit_us=0
frust_shell_common::perf: frust-perf raw n=2643 total_us=5607 rebuild_us=234 layout_us=0 paint_us=93 encode_us=51 acquire_us=840 submit_us=4388 skipped=0 gpu_q=1 gpu_total_us=5232 gpu_prepass_us=0 gpu_main_us=5232 gpu_composite_us=0 gpu_blit_us=0
frust_shell_common::perf: frust-perf raw n=2644 total_us=7953 rebuild_us=234 layout_us=0 paint_us=98 encode_us=50 acquire_us=3206 submit_us=4363 skipped=0 gpu_q=1 gpu_total_us=5223 gpu_prepass_us=0 gpu_main_us=5223 gpu_composite_us=0 gpu_blit_us=0
frust_shell_common::perf: frust-perf raw n=2645 total_us=6786 rebuild_us=224 layout_us=0 paint_us=98 encode_us=50 acquire_us=2129 submit_us=4283 skipped=0 gpu_q=1 gpu_total_us=5231 gpu_prepass_us=0 gpu_main_us=5231 gpu_composite_us=0 gpu_blit_us=0
frust_shell_common::perf: frust-perf raw n=2646 total_us=7698 rebuild_us=227 layout_us=0 paint_us=99 encode_us=50 acquire_us=2054 submit_us=5266 skipped=0 gpu_q=1 gpu_total_us=5218 gpu_prepass_us=0 gpu_main_us=5218 gpu_composite_us=0 gpu_blit_us=0
frust_shell_common::perf: frust-perf raw n=2647 total_us=6069 rebuild_us=238 layout_us=0 paint_us=94 encode_us=56 acquire_us=1597 submit_us=4080 skipped=0 gpu_q=1 gpu_total_us=5235 gpu_prepass_us=0 gpu_main_us=5235 gpu_composite_us=0 gpu_blit_us=0
frust_shell_common::perf: frust-perf raw n=2648 total_us=6168 rebuild_us=235 layout_us=0 paint_us=101 encode_us=51 acquire_us=1416 submit_us=4362 skipped=0 gpu_q=1 gpu_total_us=5189 gpu_prepass_us=0 gpu_main_us=5189 gpu_composite_us=0 gpu_blit_us=0
frust_shell_common::perf: bench-scenario-start s3-swap
frust_shell_common::perf: frust-perf raw n=2649 total_us=8904 rebuild_us=4322 layout_us=72 paint_us=90 encode_us=55 acquire_us=87 submit_us=4275 skipped=0 gpu_q=1 gpu_total_us=5191 gpu_prepass_us=0 gpu_main_us=5191 gpu_composite_us=0 gpu_blit_us=0
frust_shell_common::perf: bench-scenario-end s3-swap
frust_shell_common::perf: frust-perf raw n=2650 total_us=5778 rebuild_us=279 layout_us=0 paint_us=138 encode_us=55 acquire_us=1023 submit_us=4282 skipped=0 gpu_q=1 gpu_total_us=5210 gpu_prepass_us=0 gpu_main_us=5210 gpu_composite_us=0 gpu_blit_us=0
frust_shell_common::perf: frust-perf raw n=2651 total_us=6320 rebuild_us=230 layout_us=0 paint_us=93 encode_us=53 acquire_us=1472 submit_us=4470 skipped=0 gpu_q=1 gpu_total_us=5233 gpu_prepass_us=0 gpu_main_us=5233 gpu_composite_us=0 gpu_blit_us=0
frust_shell_common::perf: frust-perf raw n=2652 total_us=5850 rebuild_us=235 layout_us=0 paint_us=98 encode_us=50 acquire_us=1298 submit_us=4166 skipped=0 gpu_q=1 gpu_total_us=5238 gpu_prepass_us=0 gpu_main_us=5238 gpu_composite_us=0 gpu_blit_us=0
frust_shell_common::perf: frust-perf raw n=2653 total_us=6526 rebuild_us=236 layout_us=0 paint_us=99 encode_us=52 acquire_us=1542 submit_us=4595 skipped=0 gpu_q=1 gpu_total_us=5333 gpu_prepass_us=0 gpu_main_us=5333 gpu_composite_us=0 gpu_blit_us=0
frust_shell_common::perf: frust-perf raw n=2654 total_us=5553 rebuild_us=225 layout_us=0 paint_us=95 encode_us=57 acquire_us=1050 submit_us=4124 skipped=0 gpu_q=1 gpu_total_us=5393 gpu_prepass_us=0 gpu_main_us=5393 gpu_composite_us=0 gpu_blit_us=0
frust_shell_common::perf: frust-perf raw n=2655 total_us=6186 rebuild_us=224 layout_us=0 paint_us=94 encode_us=56 acquire_us=1398 submit_us=4412 skipped=0 gpu_q=1 gpu_total_us=5354 gpu_prepass_us=0 gpu_main_us=5354 gpu_composite_us=0 gpu_blit_us=0
frust_shell_common::perf: frust-perf raw n=2656 total_us=6137 rebuild_us=233 layout_us=0 paint_us=98 encode_us=53 acquire_us=1372 submit_us=4380 skipped=0 gpu_q=1 gpu_total_us=5373 gpu_prepass_us=0 gpu_main_us=5373 gpu_composite_us=0 gpu_blit_us=0
frust_shell_common::perf: frust-perf raw n=2657 total_us=5715 rebuild_us=273 layout_us=0 paint_us=100 encode_us=51 acquire_us=1272 submit_us=4018 skipped=0 gpu_q=1 gpu_total_us=5381 gpu_prepass_us=0 gpu_main_us=5381 gpu_composite_us=0 gpu_blit_us=0
frust_shell_common::perf: frust-perf raw n=2658 total_us=6540 rebuild_us=226 layout_us=0 paint_us=98 encode_us=54 acquire_us=1480 submit_us=4681 skipped=0 gpu_q=1 gpu_total_us=5381 gpu_prepass_us=0 gpu_main_us=5381 gpu_composite_us=0 gpu_blit_us=0
frust_shell_common::perf: frust-perf raw n=2659 total_us=4733 rebuild_us=234 layout_us=0 paint_us=97 encode_us=51 acquire_us=347 submit_us=4002 skipped=0 gpu_q=1 gpu_total_us=5364 gpu_prepass_us=0 gpu_main_us=5364 gpu_composite_us=0 gpu_blit_us=0
frust_shell_common::perf: frust-perf raw n=2660 total_us=4449 rebuild_us=222 layout_us=0 paint_us=99 encode_us=55 acquire_us=69 submit_us=4001 skipped=0 gpu_q=1 gpu_total_us=7057 gpu_prepass_us=0 gpu_main_us=7057 gpu_composite_us=0 gpu_blit_us=0
frust_shell_common::perf: frust-perf raw n=2661 total_us=6332 rebuild_us=303 layout_us=0 paint_us=123 encode_us=58 acquire_us=1053 submit_us=4792 skipped=0 gpu_q=1 gpu_total_us=7443 gpu_prepass_us=0 gpu_main_us=7443 gpu_composite_us=0 gpu_blit_us=0
frust_shell_common::perf: frust-perf raw n=2662 total_us=6725 rebuild_us=246 layout_us=0 paint_us=139 encode_us=52 acquire_us=1432 submit_us=4855 skipped=0 gpu_q=1 gpu_total_us=7438 gpu_prepass_us=0 gpu_main_us=7438 gpu_composite_us=0 gpu_blit_us=0
frust_shell_common::perf: frust-perf raw n=2663 total_us=4980 rebuild_us=227 layout_us=0 paint_us=96 encode_us=50 acquire_us=498 submit_us=4106 skipped=0 gpu_q=1 gpu_total_us=7436 gpu_prepass_us=0 gpu_main_us=7436 gpu_composite_us=0 gpu_blit_us=0
frust_shell_common::perf: frust-perf raw n=2664 total_us=6266 rebuild_us=224 layout_us=0 paint_us=92 encode_us=49 acquire_us=1596 submit_us=4302 skipped=0 gpu_q=1 gpu_total_us=7427 gpu_prepass_us=0 gpu_main_us=7427 gpu_composite_us=0 gpu_blit_us=0
frust_shell_common::perf: frust-perf raw n=2665 total_us=6127 rebuild_us=249 layout_us=0 paint_us=103 encode_us=56 acquire_us=1094 submit_us=4622 skipped=0 gpu_q=1 gpu_total_us=7453 gpu_prepass_us=0 gpu_main_us=7453 gpu_composite_us=0 gpu_blit_us=0
frust_shell_common::perf: frust-perf raw n=2666 total_us=5350 rebuild_us=224 layout_us=0 paint_us=95 encode_us=53 acquire_us=743 submit_us=4233 skipped=0 gpu_q=1 gpu_total_us=7426 gpu_prepass_us=0 gpu_main_us=7426 gpu_composite_us=0 gpu_blit_us=0
frust_shell_common::perf: frust-perf raw n=2667 total_us=6238 rebuild_us=223 layout_us=0 paint_us=102 encode_us=52 acquire_us=1508 submit_us=4351 skipped=0 gpu_q=1 gpu_total_us=7422 gpu_prepass_us=0 gpu_main_us=7422 gpu_composite_us=0 gpu_blit_us=0
frust_shell_common::perf: frust-perf raw n=2668 total_us=6344 rebuild_us=241 layout_us=0 paint_us=102 encode_us=52 acquire_us=1312 submit_us=4635 skipped=0 gpu_q=1 gpu_total_us=7439 gpu_prepass_us=0 gpu_main_us=7439 gpu_composite_us=0 gpu_blit_us=0
