frust-perf activity-create
frust_render::context: frust-perf render-path engine-direct (frust-engine into the acquired swapchain view (RENDER_ATTACHMENT, surface-reported format, surface-owned depth))
frust_engine::cache::images: frust-perf atlas tier=mobile budget=1024x1024x4 downlevel=Full transient_saves_memory=true adapter=Adreno (TM) 660
frust_shell_common::perf: frust-perf startup init_entry=0ms font_preinit_started=0ms font_preinit_joined=0ms preinit_started=0ms preinit_joined=34ms cache_loaded=34ms pipeline_cache_restored=34ms adapter_ready=52ms device_ready=52ms renderer_ready=52ms first_rebuild_done=57ms first_encode_done=57ms first_frame_presented=109ms
frust_shell_common::perf: bench-scenario-start n=1 s1
frust_shell_common::perf: bench-scenario-end n=1 s1
frust_shell_common::perf: bench-scenario-start n=1 s2
frust_shell_common::perf: frust-perf raw n=1 total_us=51990 rebuild_us=70 layout_us=0 paint_us=106 encode_us=27 acquire_us=33 submit_us=51751 skipped=0 gpu_q=0
frust_shell_common::perf: frust-perf raw n=2 total_us=6722 rebuild_us=72 layout_us=316 paint_us=74 encode_us=28 acquire_us=23 submit_us=6207 skipped=0 gpu_q=0
frust_shell_common::perf: frust-perf raw n=3 total_us=6268 rebuild_us=45 layout_us=325 paint_us=86 encode_us=32 acquire_us=26 submit_us=5751 skipped=0 gpu_q=0
frust_shell_common::perf: frust-perf raw n=4 total_us=5317 rebuild_us=49 layout_us=351 paint_us=100 encode_us=28 acquire_us=44 submit_us=4741 skipped=0 gpu_q=0
frust_shell_common::perf: frust-perf raw n=5 total_us=14266 rebuild_us=44 layout_us=304 paint_us=76 encode_us=37 acquire_us=9021 submit_us=4782 skipped=0 gpu_q=1 gpu_total_us=3672 gpu_prepass_us=76 gpu_main_us=3596 gpu_composite_us=0 gpu_blit_us=0
frust_shell_common::perf: frust-perf raw n=6 total_us=19868 rebuild_us=40 layout_us=299 paint_us=66 encode_us=27 acquire_us=7902 submit_us=11532 skipped=0 gpu_q=1 gpu_total_us=3654 gpu_prepass_us=0 gpu_main_us=3654 gpu_composite_us=0 gpu_blit_us=0
frust_shell_common::perf: frust-perf raw n=7 total_us=7557 rebuild_us=42 layout_us=371 paint_us=91 encode_us=36 acquire_us=409 submit_us=6606 skipped=0 gpu_q=1 gpu_total_us=3644 gpu_prepass_us=0 gpu_main_us=3644 gpu_composite_us=0 gpu_blit_us=0
frust_shell_common::perf: frust-perf raw n=8 total_us=16827 rebuild_us=43 layout_us=364 paint_us=83 encode_us=31 acquire_us=5404 submit_us=10899 skipped=0 gpu_q=1 gpu_total_us=3596 gpu_prepass_us=0 gpu_main_us=3596 gpu_composite_us=0 gpu_blit_us=0
frust_shell_common::perf: frust-perf raw n=9 total_us=7284 rebuild_us=54 layout_us=651 paint_us=141 encode_us=34 acquire_us=45 submit_us=6355 skipped=0 gpu_q=1 gpu_total_us=3644 gpu_prepass_us=0 gpu_main_us=3644 gpu_composite_us=0 gpu_blit_us=0
frust_shell_common::perf: frust-perf raw n=10 total_us=9079 rebuild_us=128 layout_us=2035 paint_us=331 encode_us=25 acquire_us=1685 submit_us=4873 skipped=0 gpu_q=1 gpu_total_us=3635 gpu_prepass_us=0 gpu_main_us=3635 gpu_composite_us=0 gpu_blit_us=0
frust_shell_common::perf: frust-perf raw n=11 total_us=14483 rebuild_us=111 layout_us=1257 paint_us=265 encode_us=157 acquire_us=6700 submit_us=5991 skipped=0 gpu_q=1 gpu_total_us=3657 gpu_prepass_us=0 gpu_main_us=3657 gpu_composite_us=0 gpu_blit_us=0
frust_shell_common::perf: frust-perf raw n=12 total_us=9228 rebuild_us=117 layout_us=1348 paint_us=253 encode_us=46 acquire_us=2134 submit_us=5329 skipped=0 gpu_q=1 gpu_total_us=3615 gpu_prepass_us=0 gpu_main_us=3615 gpu_composite_us=0 gpu_blit_us=0
frust_shell_common::perf: frust-perf raw n=13 total_us=9680 rebuild_us=110 layout_us=1347 paint_us=294 encode_us=32 acquire_us=3457 submit_us=4437 skipped=0 gpu_q=1 gpu_total_us=3662 gpu_prepass_us=0 gpu_main_us=3662 gpu_composite_us=0 gpu_blit_us=0
frust_shell_common::perf: frust-perf raw n=14 total_us=12685 rebuild_us=145 layout_us=1385 paint_us=324 encode_us=38 acquire_us=4094 submit_us=6696 skipped=0 gpu_q=1 gpu_total_us=4681 gpu_prepass_us=109 gpu_main_us=4571 gpu_composite_us=0 gpu_blit_us=0
frust_shell_common::perf: frust-perf raw n=15 total_us=9257 rebuild_us=127 layout_us=807 paint_us=97 encode_us=30 acquire_us=4166 submit_us=4028 skipped=0 gpu_q=1 gpu_total_us=6544 gpu_prepass_us=0 gpu_main_us=6544 gpu_composite_us=0 gpu_blit_us=0
frust_shell_common::perf: frust-perf raw n=16 total_us=8888 rebuild_us=110 layout_us=1404 paint_us=303 encode_us=32 acquire_us=2941 submit_us=4095 skipped=0 gpu_q=1 gpu_total_us=6611 gpu_prepass_us=66 gpu_main_us=6544 gpu_composite_us=0 gpu_blit_us=0
frust_shell_common::perf: frust-perf raw n=17 total_us=6251 rebuild_us=178 layout_us=1203 paint_us=296 encode_us=29 acquire_us=1681 submit_us=2861 skipped=0 gpu_q=1 gpu_total_us=6581 gpu_prepass_us=0 gpu_main_us=6581 gpu_composite_us=0 gpu_blit_us=0
frust_shell_common::perf: frust-perf raw n=18 total_us=8379 rebuild_us=120 layout_us=1181 paint_us=235 encode_us=26 acquire_us=339 submit_us=6476 skipped=0 gpu_q=1 gpu_total_us=4629 gpu_prepass_us=58 gpu_main_us=4570 gpu_composite_us=0 gpu_blit_us=0
frust_shell_common::perf: frust-perf raw n=19 total_us=7157 rebuild_us=139 layout_us=1383 paint_us=422 encode_us=32 acquire_us=435 submit_us=4744 skipped=0 gpu_q=1 gpu_total_us=4868 gpu_prepass_us=50 gpu_main_us=4818 gpu_composite_us=0 gpu_blit_us=0
frust_shell_common::perf: frust-perf raw n=20 total_us=7805 rebuild_us=115 layout_us=1264 paint_us=250 encode_us=35 acquire_us=53 submit_us=6086 skipped=0 gpu_q=1 gpu_total_us=4708 gpu_prepass_us=60 gpu_main_us=4648 gpu_composite_us=0 gpu_blit_us=0
frust_shell_common::perf: frust-perf raw n=21 total_us=6954 rebuild_us=117 layout_us=1310 paint_us=293 encode_us=38 acquire_us=160 submit_us=5033 skipped=0 gpu_q=1 gpu_total_us=4757 gpu_prepass_us=0 gpu_main_us=4757 gpu_composite_us=0 gpu_blit_us=0
frust_shell_common::perf: frust-perf raw n=22 total_us=8653 rebuild_us=122 layout_us=1481 paint_us=281 encode_us=36 acquire_us=55 submit_us=6675 skipped=0 gpu_q=1 gpu_total_us=4695 gpu_prepass_us=78 gpu_main_us=4617 gpu_composite_us=0 gpu_blit_us=0
frust_shell_common::perf: frust-perf raw n=23 total_us=7880 rebuild_us=132 layout_us=2058 paint_us=318 encode_us=38 acquire_us=55 submit_us=5275 skipped=0 gpu_q=1 gpu_total_us=4553 gpu_prepass_us=0 gpu_main_us=4553 gpu_composite_us=0 gpu_blit_us=0
frust_shell_common::perf: frust-perf raw n=24 total_us=8764 rebuild_us=134 layout_us=1639 paint_us=249 encode_us=37 acquire_us=53 submit_us=6650 skipped=0 gpu_q=1 gpu_total_us=4680 gpu_prepass_us=70 gpu_main_us=4609 gpu_composite_us=0 gpu_blit_us=0
frust_shell_common::perf: frust-perf raw n=25 total_us=7249 rebuild_us=107 layout_us=1331 paint_us=237 encode_us=33 acquire_us=457 submit_us=5082 skipped=0 gpu_q=1 gpu_total_us=4617 gpu_prepass_us=0 gpu_main_us=4617 gpu_composite_us=0 gpu_blit_us=0
frust_shell_common::perf: frust-perf raw n=26 total_us=7744 rebuild_us=132 layout_us=1728 paint_us=272 encode_us=38 acquire_us=56 submit_us=5516 skipped=0 gpu_q=1 gpu_total_us=4683 gpu_prepass_us=72 gpu_main_us=4611 gpu_composite_us=0 gpu_blit_us=0
frust_shell_common::perf: frust-perf raw n=27 total_us=7965 rebuild_us=113 layout_us=1405 paint_us=249 encode_us=36 acquire_us=585 submit_us=5575 skipped=0 gpu_q=1 gpu_total_us=4632 gpu_prepass_us=0 gpu_main_us=4632 gpu_composite_us=0 gpu_blit_us=0
frust_shell_common::perf: frust-perf raw n=28 total_us=7421 rebuild_us=129 layout_us=1404 paint_us=270 encode_us=39 acquire_us=53 submit_us=5524 skipped=0 gpu_q=1 gpu_total_us=4664 gpu_prepass_us=70 gpu_main_us=4594 gpu_composite_us=0 gpu_blit_us=0
frust_shell_common::perf: frust-perf raw n=29 total_us=7760 rebuild_us=153 layout_us=1458 paint_us=263 encode_us=36 acquire_us=53 submit_us=5793 skipped=0 gpu_q=1 gpu_total_us=4538 gpu_prepass_us=0 gpu_main_us=4538 gpu_composite_us=0 gpu_blit_us=0
frust_shell_common::perf: frust-perf raw n=30 total_us=8768 rebuild_us=119 layout_us=1295 paint_us=301 encode_us=38 acquire_us=667 submit_us=6344 skipped=0 gpu_q=1 gpu_total_us=4556 gpu_prepass_us=0 gpu_main_us=4556 gpu_composite_us=0 gpu_blit_us=0
frust_shell_common::perf: frust-perf raw n=31 total_us=8525 rebuild_us=118 layout_us=1469 paint_us=287 encode_us=39 acquire_us=362 submit_us=6248 skipped=0 gpu_q=1 gpu_total_us=4659 gpu_prepass_us=0 gpu_main_us=4659 gpu_composite_us=0 gpu_blit_us=0
frust_shell_common::perf: frust-perf raw n=32 total_us=7542 rebuild_us=139 layout_us=1583 paint_us=281 encode_us=39 acquire_us=57 submit_us=5440 skipped=0 gpu_q=1 gpu_total_us=4618 gpu_prepass_us=0 gpu_main_us=4618 gpu_composite_us=0 gpu_blit_us=0
frust_shell_common::perf: frust-perf raw n=33 total_us=5070 rebuild_us=120 layout_us=1507 paint_us=266 encode_us=28 acquire_us=47 submit_us=3099 skipped=0 gpu_q=1 gpu_total_us=4658 gpu_prepass_us=0 gpu_main_us=4658 gpu_composite_us=0 gpu_blit_us=0
frust_shell_common::perf: frust-perf raw n=34 total_us=6351 rebuild_us=162 layout_us=1603 paint_us=232 encode_us=31 acquire_us=51 submit_us=4271 skipped=0 gpu_q=1 gpu_total_us=4592 gpu_prepass_us=0 gpu_main_us=4592 gpu_composite_us=0 gpu_blit_us=0
frust_shell_common::perf: frust-perf raw n=35 total_us=7128 rebuild_us=116 layout_us=1225 paint_us=245 encode_us=33 acquire_us=51 submit_us=5455 skipped=0 gpu_q=1 gpu_total_us=4674 gpu_prepass_us=0 gpu_main_us=4674 gpu_composite_us=0 gpu_blit_us=0
frust_shell_common::perf: frust-perf raw n=36 total_us=10027 rebuild_us=147 layout_us=1756 paint_us=475 encode_us=41 acquire_us=1176 submit_us=6429 skipped=0 gpu_q=1 gpu_total_us=4519 gpu_prepass_us=0 gpu_main_us=4519 gpu_composite_us=0 gpu_blit_us=0
frust_shell_common::perf: frust-perf raw n=37 total_us=8109 rebuild_us=137 layout_us=1760 paint_us=602 encode_us=47 acquire_us=71 submit_us=5489 skipped=0 gpu_q=1 gpu_total_us=4590 gpu_prepass_us=0 gpu_main_us=4590 gpu_composite_us=0 gpu_blit_us=0
frust_shell_common::perf: frust-perf raw n=38 total_us=7378 rebuild_us=148 layout_us=1623 paint_us=311 encode_us=37 acquire_us=819 submit_us=4437 skipped=0 gpu_q=1 gpu_total_us=4620 gpu_prepass_us=0 gpu_main_us=4620 gpu_composite_us=0 gpu_blit_us=0
frust_shell_common::perf: frust-perf raw n=39 total_us=8771 rebuild_us=130 layout_us=1351 paint_us=1014 encode_us=37 acquire_us=651 submit_us=5584 skipped=0 gpu_q=1 gpu_total_us=5009 gpu_prepass_us=0 gpu_main_us=5009 gpu_composite_us=0 gpu_blit_us=0
frust_shell_common::perf: frust-perf raw n=40 total_us=8883 rebuild_us=182 layout_us=1327 paint_us=284 encode_us=45 acquire_us=671 submit_us=6370 skipped=0 gpu_q=1 gpu_total_us=5140 gpu_prepass_us=0 gpu_main_us=5140 gpu_composite_us=0 gpu_blit_us=0
frust_shell_common::perf: frust-perf raw n=41 total_us=8483 rebuild_us=157 layout_us=1432 paint_us=347 encode_us=44 acquire_us=361 submit_us=6139 skipped=0 gpu_q=1 gpu_total_us=5307 gpu_prepass_us=0 gpu_main_us=5307 gpu_composite_us=0 gpu_blit_us=0
frust_shell_common::perf: frust-perf raw n=42 total_us=8638 rebuild_us=124 layout_us=1323 paint_us=376 encode_us=39 acquire_us=457 submit_us=6318 skipped=0 gpu_q=1 gpu_total_us=5015 gpu_prepass_us=0 gpu_main_us=5015 gpu_composite_us=0 gpu_blit_us=0
frust_shell_common::perf: frust-perf raw n=43 total_us=8675 rebuild_us=137 layout_us=1582 paint_us=270 encode_us=38 acquire_us=543 submit_us=6103 skipped=0 gpu_q=1 gpu_total_us=5495 gpu_prepass_us=0 gpu_main_us=5495 gpu_composite_us=0 gpu_blit_us=0
frust_shell_common::perf: frust-perf raw n=44 total_us=8118 rebuild_us=135 layout_us=1451 paint_us=299 encode_us=39 acquire_us=315 submit_us=5875 skipped=0 gpu_q=1 gpu_total_us=5014 gpu_prepass_us=0 gpu_main_us=5014 gpu_composite_us=0 gpu_blit_us=0
frust_shell_common::perf: frust-perf raw n=45 total_us=9111 rebuild_us=134 layout_us=1372 paint_us=411 encode_us=38 acquire_us=805 submit_us=6349 skipped=0 gpu_q=1 gpu_total_us=5196 gpu_prepass_us=0 gpu_main_us=5196 gpu_composite_us=0 gpu_blit_us=0
frust_shell_common::perf: frust-perf raw n=46 total_us=8203 rebuild_us=148 layout_us=1726 paint_us=287 encode_us=41 acquire_us=129 submit_us=5870 skipped=0 gpu_q=1 gpu_total_us=5260 gpu_prepass_us=0 gpu_main_us=5260 gpu_composite_us=0 gpu_blit_us=0
frust_shell_common::perf: frust-perf raw n=47 total_us=8269 rebuild_us=133 layout_us=1330 paint_us=379 encode_us=40 acquire_us=490 submit_us=5895 skipped=0 gpu_q=1 gpu_total_us=5040 gpu_prepass_us=0 gpu_main_us=5040 gpu_composite_us=0 gpu_blit_us=0
frust_shell_common::perf: frust-perf raw n=48 total_us=8286 rebuild_us=124 layout_us=1291 paint_us=282 encode_us=44 acquire_us=655 submit_us=5887 skipped=0 gpu_q=1 gpu_total_us=5147 gpu_prepass_us=0 gpu_main_us=5147 gpu_composite_us=0 gpu_blit_us=0
frust_shell_common::perf: frust-perf raw n=49 total_us=8519 rebuild_us=132 layout_us=1314 paint_us=276 encode_us=41 acquire_us=745 submit_us=6008 skipped=0 gpu_q=1 gpu_total_us=5188 gpu_prepass_us=0 gpu_main_us=5188 gpu_composite_us=0 gpu_blit_us=0
frust_shell_common::perf: frust-perf raw n=50 total_us=8292 rebuild_us=126 layout_us=1375 paint_us=298 encode_us=38 acquire_us=514 submit_us=5938 skipped=0 gpu_q=1 gpu_total_us=5093 gpu_prepass_us=0 gpu_main_us=5093 gpu_composite_us=0 gpu_blit_us=0
frust_shell_common::perf: frust-perf raw n=51 total_us=9150 rebuild_us=135 layout_us=1666 paint_us=323 encode_us=39 acquire_us=1135 submit_us=5849 skipped=0 gpu_q=1 gpu_total_us=5352 gpu_prepass_us=0 gpu_main_us=5352 gpu_composite_us=0 gpu_blit_us=0
frust_shell_common::perf: frust-perf raw n=52 total_us=8838 rebuild_us=162 layout_us=1744 paint_us=492 encode_us=46 acquire_us=633 submit_us=5758 skipped=0 gpu_q=1 gpu_total_us=5018 gpu_prepass_us=0 gpu_main_us=5018 gpu_composite_us=0 gpu_blit_us=0
frust_shell_common::perf: frust-perf raw n=53 total_us=9346 rebuild_us=151 layout_us=1930 paint_us=383 encode_us=40 acquire_us=983 submit_us=5857 skipped=0 gpu_q=1 gpu_total_us=4800 gpu_prepass_us=0 gpu_main_us=4800 gpu_composite_us=0 gpu_blit_us=0
frust_shell_common::perf: frust-perf raw n=54 total_us=9109 rebuild_us=146 layout_us=1945 paint_us=313 encode_us=40 acquire_us=760 submit_us=5902 skipped=0 gpu_q=1 gpu_total_us=4785 gpu_prepass_us=0 gpu_main_us=4785 gpu_composite_us=0 gpu_blit_us=0
frust_shell_common::perf: frust-perf raw n=55 total_us=9714 rebuild_us=221 layout_us=1664 paint_us=322 encode_us=69 acquire_us=1597 submit_us=5839 skipped=0 gpu_q=1 gpu_total_us=4785 gpu_prepass_us=0 gpu_main_us=4785 gpu_composite_us=0 gpu_blit_us=0
frust_shell_common::perf: frust-perf raw n=56 total_us=7931 rebuild_us=111 layout_us=1438 paint_us=258 encode_us=36 acquire_us=71 submit_us=6015 skipped=0 gpu_q=1 gpu_total_us=4791 gpu_prepass_us=0 gpu_main_us=4791 gpu_composite_us=0 gpu_blit_us=0
frust_shell_common::perf: frust-perf raw n=57 total_us=7866 rebuild_us=114 layout_us=1714 paint_us=320 encode_us=38 acquire_us=64 submit_us=5614 skipped=0 gpu_q=1 gpu_total_us=4787 gpu_prepass_us=0 gpu_main_us=4787 gpu_composite_us=0 gpu_blit_us=0
frust_shell_common::perf: frust-perf raw n=58 total_us=8588 rebuild_us=135 layout_us=2019 paint_us=391 encode_us=49 acquire_us=75 submit_us=5917 skipped=0 gpu_q=1 gpu_total_us=4924 gpu_prepass_us=0 gpu_main_us=4924 gpu_composite_us=0 gpu_blit_us=0
frust_shell_common::perf: frust-perf raw n=59 total_us=8810 rebuild_us=226 layout_us=1814 paint_us=335 encode_us=41 acquire_us=525 submit_us=5868 skipped=0 gpu_q=1 gpu_total_us=4679 gpu_prepass_us=0 gpu_main_us=4679 gpu_composite_us=0 gpu_blit_us=0
frust_engine::renderer: frust-perf enc n=60 w=60 validate_us=12.3 prepare_us=2.5 classify_us=42.9 admit_us=0.2 walk_us=2785.8 glyphs_us=2236.0 finish_us=1.9 compile_us=2862.4 schedule_us=3.7 paints_us=132.4 instances_us=198.1 resize_us=8.4 upload_us=248.9 replay_us=0.3 pipelines_us=14.7 record_us=25.9 total_us=3551.8 total_p95_us=4930.1 draws=806 strips=11883 alphas=296416 glyph_draws=774 atlas_glyphs=774
frust_shell_common::perf: frust-perf raw n=60 total_us=9345 rebuild_us=191 layout_us=1844 paint_us=443 encode_us=44 acquire_us=178 submit_us=6642 skipped=0 gpu_q=1 gpu_total_us=4545 gpu_prepass_us=0 gpu_main_us=4545 gpu_composite_us=0 gpu_blit_us=0
frust_shell_common::perf: frust-perf raw n=61 total_us=9780 rebuild_us=171 layout_us=2023 paint_us=355 encode_us=44 acquire_us=514 submit_us=6671 skipped=0 gpu_q=1 gpu_total_us=4635 gpu_prepass_us=0 gpu_main_us=4635 gpu_composite_us=0 gpu_blit_us=0
frust_shell_common::perf: frust-perf raw n=62 total_us=8608 rebuild_us=134 layout_us=1765 paint_us=373 encode_us=49 acquire_us=78 submit_us=6206 skipped=0 gpu_q=1 gpu_total_us=4745 gpu_prepass_us=0 gpu_main_us=4745 gpu_composite_us=0 gpu_blit_us=0
frust_shell_common::perf: frust-perf raw n=63 total_us=6949 rebuild_us=159 layout_us=2087 paint_us=373 encode_us=43 acquire_us=61 submit_us=4223 skipped=0 gpu_q=1 gpu_total_us=4783 gpu_prepass_us=0 gpu_main_us=4783 gpu_composite_us=0 gpu_blit_us=0
frust_shell_common::perf: frust-perf raw n=64 total_us=7520 rebuild_us=185 layout_us=1870 paint_us=354 encode_us=34 acquire_us=680 submit_us=4395 skipped=0 gpu_q=1 gpu_total_us=4650 gpu_prepass_us=0 gpu_main_us=4650 gpu_composite_us=0 gpu_blit_us=0
frust_shell_common::perf: frust-perf raw n=65 total_us=8444 rebuild_us=149 layout_us=1831 paint_us=315 encode_us=40 acquire_us=71 submit_us=6036 skipped=0 gpu_q=1 gpu_total_us=4693 gpu_prepass_us=0 gpu_main_us=4693 gpu_composite_us=0 gpu_blit_us=0
frust_shell_common::perf: frust-perf raw n=66 total_us=9463 rebuild_us=131 layout_us=1911 paint_us=388 encode_us=45 acquire_us=532 submit_us=6454 skipped=0 gpu_q=1 gpu_total_us=4684 gpu_prepass_us=0 gpu_main_us=4684 gpu_composite_us=0 gpu_blit_us=0
frust_shell_common::perf: frust-perf raw n=67 total_us=8706 rebuild_us=124 layout_us=1782 paint_us=367 encode_us=56 acquire_us=86 submit_us=6289 skipped=0 gpu_q=1 gpu_total_us=4690 gpu_prepass_us=0 gpu_main_us=4690 gpu_composite_us=0 gpu_blit_us=0
frust_shell_common::perf: frust-perf raw n=68 total_us=8602 rebuild_us=190 layout_us=1893 paint_us=563 encode_us=44 acquire_us=72 submit_us=5838 skipped=0 gpu_q=1 gpu_total_us=4631 gpu_prepass_us=0 gpu_main_us=4631 gpu_composite_us=0 gpu_blit_us=0
frust_shell_common::perf: frust-perf raw n=69 total_us=8091 rebuild_us=183 layout_us=1629 paint_us=316 encode_us=40 acquire_us=72 submit_us=5849 skipped=0 gpu_q=1 gpu_total_us=4750 gpu_prepass_us=0 gpu_main_us=4750 gpu_composite_us=0 gpu_blit_us=0
frust_shell_common::perf: frust-perf raw n=70 total_us=8687 rebuild_us=142 layout_us=2090 paint_us=352 encode_us=41 acquire_us=72 submit_us=5986 skipped=0 gpu_q=1 gpu_total_us=4734 gpu_prepass_us=0 gpu_main_us=4734 gpu_composite_us=0 gpu_blit_us=0
frust_shell_common::perf: frust-perf raw n=71 total_us=8009 rebuild_us=175 layout_us=1412 paint_us=285 encode_us=40 acquire_us=75 submit_us=6018 skipped=0 gpu_q=1 gpu_total_us=4733 gpu_prepass_us=0 gpu_main_us=4733 gpu_composite_us=0 gpu_blit_us=0
frust_shell_common::perf: frust-perf raw n=72 total_us=9064 rebuild_us=146 layout_us=1958 paint_us=348 encode_us=42 acquire_us=226 submit_us=6342 skipped=0 gpu_q=1 gpu_total_us=4656 gpu_prepass_us=0 gpu_main_us=4656 gpu_composite_us=0 gpu_blit_us=0
frust_shell_common::perf: frust-perf raw n=73 total_us=9318 rebuild_us=168 layout_us=2148 paint_us=355 encode_us=41 acquire_us=77 submit_us=6527 skipped=0 gpu_q=1 gpu_total_us=4622 gpu_prepass_us=0 gpu_main_us=4622 gpu_composite_us=0 gpu_blit_us=0
frust_shell_common::perf: frust-perf raw n=74 total_us=8911 rebuild_us=136 layout_us=2112 paint_us=362 encode_us=42 acquire_us=80 submit_us=6176 skipped=0 gpu_q=1 gpu_total_us=4698 gpu_prepass_us=0 gpu_main_us=4698 gpu_composite_us=0 gpu_blit_us=0
frust_shell_common::perf: frust-perf raw n=75 total_us=8603 rebuild_us=208 layout_us=1881 paint_us=414 encode_us=41 acquire_us=75 submit_us=5982 skipped=0 gpu_q=1 gpu_total_us=4786 gpu_prepass_us=0 gpu_main_us=4786 gpu_composite_us=0 gpu_blit_us=0
frust_shell_common::perf: frust-perf raw n=76 total_us=9485 rebuild_us=191 layout_us=2293 paint_us=389 encode_us=41 acquire_us=74 submit_us=6494 skipped=0 gpu_q=1 gpu_total_us=4671 gpu_prepass_us=0 gpu_main_us=4671 gpu_composite_us=0 gpu_blit_us=0
frust_shell_common::perf: frust-perf raw n=77 total_us=8587 rebuild_us=146 layout_us=2031 paint_us=367 encode_us=41 acquire_us=82 submit_us=5917 skipped=0 gpu_q=1 gpu_total_us=4702 gpu_prepass_us=0 gpu_main_us=4702 gpu_composite_us=0 gpu_blit_us=0
frust_shell_common::perf: frust-perf raw n=78 total_us=8061 rebuild_us=140 layout_us=1775 paint_us=320 encode_us=38 acquire_us=70 submit_us=5715 skipped=0 gpu_q=1 gpu_total_us=4703 gpu_prepass_us=0 gpu_main_us=4703 gpu_composite_us=0 gpu_blit_us=0
frust_shell_common::perf: frust-perf raw n=79 total_us=9027 rebuild_us=138 layout_us=1706 paint_us=324 encode_us=42 acquire_us=236 submit_us=6579 skipped=0 gpu_q=1 gpu_total_us=4693 gpu_prepass_us=0 gpu_main_us=4693 gpu_composite_us=0 gpu_blit_us=0
frust_shell_common::perf: frust-perf raw n=80 total_us=8386 rebuild_us=173 layout_us=1918 paint_us=363 encode_us=43 acquire_us=75 submit_us=5814 skipped=0 gpu_q=1 gpu_total_us=4610 gpu_prepass_us=0 gpu_main_us=4610 gpu_composite_us=0 gpu_blit_us=0
frust_shell_common::perf: frust-perf raw n=81 total_us=8594 rebuild_us=144 layout_us=1901 paint_us=405 encode_us=42 acquire_us=333 submit_us=5766 skipped=0 gpu_q=1 gpu_total_us=4724 gpu_prepass_us=0 gpu_main_us=4724 gpu_composite_us=0 gpu_blit_us=0
frust_shell_common::perf: frust-perf raw n=82 total_us=8760 rebuild_us=154 layout_us=2308 paint_us=439 encode_us=44 acquire_us=72 submit_us=5742 skipped=0 gpu_q=1 gpu_total_us=4756 gpu_prepass_us=0 gpu_main_us=4756 gpu_composite_us=0 gpu_blit_us=0
frust_shell_common::perf: frust-perf raw n=83 total_us=9063 rebuild_us=165 layout_us=1960 paint_us=378 encode_us=40 acquire_us=658 submit_us=5860 skipped=0 gpu_q=1 gpu_total_us=4725 gpu_prepass_us=0 gpu_main_us=4725 gpu_composite_us=0 gpu_blit_us=0
frust_shell_common::perf: frust-perf raw n=84 total_us=8975 rebuild_us=178 layout_us=2038 paint_us=414 encode_us=41 acquire_us=638 submit_us=5664 skipped=0 gpu_q=1 gpu_total_us=4638 gpu_prepass_us=0 gpu_main_us=4638 gpu_composite_us=0 gpu_blit_us=0
frust_shell_common::perf: frust-perf raw n=85 total_us=9275 rebuild_us=161 layout_us=2007 paint_us=371 encode_us=40 acquire_us=744 submit_us=5948 skipped=0 gpu_q=1 gpu_total_us=4694 gpu_prepass_us=0 gpu_main_us=4694 gpu_composite_us=0 gpu_blit_us=0
frust_shell_common::perf: frust-perf raw n=86 total_us=9014 rebuild_us=178 layout_us=2082 paint_us=371 encode_us=40 acquire_us=472 submit_us=5869 skipped=0 gpu_q=1 gpu_total_us=4775 gpu_prepass_us=0 gpu_main_us=4775 gpu_composite_us=0 gpu_blit_us=0
frust_shell_common::perf: frust-perf raw n=87 total_us=8760 rebuild_us=168 layout_us=2011 paint_us=456 encode_us=38 acquire_us=172 submit_us=5913 skipped=0 gpu_q=1 gpu_total_us=4829 gpu_prepass_us=0 gpu_main_us=4829 gpu_composite_us=0 gpu_blit_us=0
frust_shell_common::perf: frust-perf raw n=88 total_us=9213 rebuild_us=158 layout_us=2567 paint_us=393 encode_us=43 acquire_us=70 submit_us=5979 skipped=0 gpu_q=1 gpu_total_us=4696 gpu_prepass_us=0 gpu_main_us=4696 gpu_composite_us=0 gpu_blit_us=0
frust_shell_common::perf: frust-perf raw n=89 total_us=9399 rebuild_us=158 layout_us=1996 paint_us=552 encode_us=45 acquire_us=161 submit_us=6484 skipped=0 gpu_q=1 gpu_total_us=4683 gpu_prepass_us=0 gpu_main_us=4683 gpu_composite_us=0 gpu_blit_us=0
frust_shell_common::perf: frust-perf raw n=90 total_us=9264 rebuild_us=245 layout_us=1961 paint_us=357 encode_us=49 acquire_us=248 submit_us=6403 skipped=0 gpu_q=1 gpu_total_us=4718 gpu_prepass_us=0 gpu_main_us=4718 gpu_composite_us=0 gpu_blit_us=0
frust_shell_common::perf: frust-perf raw n=91 total_us=9190 rebuild_us=194 layout_us=1898 paint_us=361 encode_us=41 acquire_us=700 submit_us=5993 skipped=0 gpu_q=1 gpu_total_us=4672 gpu_prepass_us=0 gpu_main_us=4672 gpu_composite_us=0 gpu_blit_us=0
frust_shell_common::perf: frust-perf raw n=92 total_us=8775 rebuild_us=168 layout_us=1886 paint_us=365 encode_us=39 acquire_us=440 submit_us=5875 skipped=0 gpu_q=1 gpu_total_us=4593 gpu_prepass_us=0 gpu_main_us=4593 gpu_composite_us=0 gpu_blit_us=0
frust_shell_common::perf: frust-perf raw n=93 total_us=9270 rebuild_us=162 layout_us=1939 paint_us=433 encode_us=47 acquire_us=533 submit_us=6153 skipped=0 gpu_q=1 gpu_total_us=4673 gpu_prepass_us=0 gpu_main_us=4673 gpu_composite_us=0 gpu_blit_us=0
frust_shell_common::perf: frust-perf raw n=94 total_us=9112 rebuild_us=138 layout_us=1983 paint_us=369 encode_us=46 acquire_us=292 submit_us=6282 skipped=0 gpu_q=1 gpu_total_us=4784 gpu_prepass_us=0 gpu_main_us=4784 gpu_composite_us=0 gpu_blit_us=0
frust_shell_common::perf: frust-perf raw n=95 total_us=8603 rebuild_us=191 layout_us=2126 paint_us=418 encode_us=42 acquire_us=71 submit_us=5754 skipped=0 gpu_q=1 gpu_total_us=4727 gpu_prepass_us=0 gpu_main_us=4727 gpu_composite_us=0 gpu_blit_us=0
frust_shell_common::perf: frust-perf raw n=96 total_us=7933 rebuild_us=130 layout_us=1586 paint_us=319 encode_us=41 acquire_us=98 submit_us=5756 skipped=0 gpu_q=1 gpu_total_us=4654 gpu_prepass_us=0 gpu_main_us=4654 gpu_composite_us=0 gpu_blit_us=0
frust_shell_common::perf: frust-perf raw n=97 total_us=8930 rebuild_us=147 layout_us=1905 paint_us=358 encode_us=38 acquire_us=394 submit_us=6085 skipped=0 gpu_q=1 gpu_total_us=4720 gpu_prepass_us=0 gpu_main_us=4720 gpu_composite_us=0 gpu_blit_us=0
frust_shell_common::perf: frust-perf raw n=98 total_us=9468 rebuild_us=160 layout_us=1953 paint_us=363 encode_us=49 acquire_us=170 submit_us=6769 skipped=0 gpu_q=1 gpu_total_us=4767 gpu_prepass_us=0 gpu_main_us=4767 gpu_composite_us=0 gpu_blit_us=0
frust_shell_common::perf: frust-perf raw n=99 total_us=10035 rebuild_us=166 layout_us=2306 paint_us=367 encode_us=47 acquire_us=412 submit_us=6734 skipped=0 gpu_q=1 gpu_total_us=4719 gpu_prepass_us=0 gpu_main_us=4719 gpu_composite_us=0 gpu_blit_us=0
frust_shell_common::perf: frust-perf raw n=100 total_us=9286 rebuild_us=137 layout_us=1863 paint_us=362 encode_us=43 acquire_us=760 submit_us=6119 skipped=0 gpu_q=1 gpu_total_us=4697 gpu_prepass_us=0 gpu_main_us=4697 gpu_composite_us=0 gpu_blit_us=0
frust_shell_common::perf: frust-perf raw n=101 total_us=8994 rebuild_us=134 layout_us=2347 paint_us=435 encode_us=40 acquire_us=69 submit_us=5966 skipped=0 gpu_q=1 gpu_total_us=4736 gpu_prepass_us=0 gpu_main_us=4736 gpu_composite_us=0 gpu_blit_us=0
frust_shell_common::perf: frust-perf raw n=102 total_us=9698 rebuild_us=157 layout_us=2089 paint_us=422 encode_us=47 acquire_us=627 submit_us=6353 skipped=0 gpu_q=1 gpu_total_us=4888 gpu_prepass_us=0 gpu_main_us=4888 gpu_composite_us=0 gpu_blit_us=0
frust_shell_common::perf: frust-perf raw n=103 total_us=8971 rebuild_us=141 layout_us=1749 paint_us=331 encode_us=41 acquire_us=632 submit_us=6073 skipped=0 gpu_q=1 gpu_total_us=5004 gpu_prepass_us=0 gpu_main_us=5004 gpu_composite_us=0 gpu_blit_us=0
frust_shell_common::perf: frust-perf raw n=104 total_us=9110 rebuild_us=150 layout_us=2017 paint_us=364 encode_us=38 acquire_us=565 submit_us=5973 skipped=0 gpu_q=1 gpu_total_us=4853 gpu_prepass_us=0 gpu_main_us=4853 gpu_composite_us=0 gpu_blit_us=0
frust_shell_common::perf: frust-perf raw n=105 total_us=9006 rebuild_us=217 layout_us=1930 paint_us=365 encode_us=39 acquire_us=403 submit_us=6050 skipped=0 gpu_q=1 gpu_total_us=4827 gpu_prepass_us=0 gpu_main_us=4827 gpu_composite_us=0 gpu_blit_us=0
frust_shell_common::perf: frust-perf raw n=106 total_us=7970 rebuild_us=150 layout_us=1717 paint_us=342 encode_us=40 acquire_us=70 submit_us=5648 skipped=0 gpu_q=1 gpu_total_us=5018 gpu_prepass_us=0 gpu_main_us=5018 gpu_composite_us=0 gpu_blit_us=0
frust_shell_android::app::frame: frust-perf platform-view tail depth=0 target=0 acquire_bound=false frame=120 expected_present_us=0 acquire_us=290 period_us=8264
frust_shell_common::perf: frust-perf raw n=107 total_us=8861 rebuild_us=146 layout_us=2193 paint_us=388 encode_us=44 acquire_us=65 submit_us=6023 skipped=0 gpu_q=1 gpu_total_us=4961 gpu_prepass_us=0 gpu_main_us=4961 gpu_composite_us=0 gpu_blit_us=0
frust_shell_common::perf: frust-perf raw n=108 total_us=8494 rebuild_us=162 layout_us=1906 paint_us=448 encode_us=47 acquire_us=72 submit_us=5857 skipped=0 gpu_q=1 gpu_total_us=4805 gpu_prepass_us=0 gpu_main_us=4805 gpu_composite_us=0 gpu_blit_us=0
frust_shell_common::perf: frust-perf raw n=109 total_us=8879 rebuild_us=186 layout_us=1870 paint_us=418 encode_us=40 acquire_us=603 submit_us=5759 skipped=0 gpu_q=1 gpu_total_us=4899 gpu_prepass_us=0 gpu_main_us=4899 gpu_composite_us=0 gpu_blit_us=0
frust_shell_common::perf: frust-perf raw n=110 total_us=8374 rebuild_us=158 layout_us=1896 paint_us=361 encode_us=41 acquire_us=68 submit_us=5848 skipped=0 gpu_q=1 gpu_total_us=4833 gpu_prepass_us=0 gpu_main_us=4833 gpu_composite_us=0 gpu_blit_us=0
frust_shell_common::perf: frust-perf raw n=111 total_us=9090 rebuild_us=149 layout_us=1870 paint_us=505 encode_us=43 acquire_us=457 submit_us=6064 skipped=0 gpu_q=1 gpu_total_us=4885 gpu_prepass_us=0 gpu_main_us=4885 gpu_composite_us=0 gpu_blit_us=0
frust_shell_common::perf: frust-perf raw n=112 total_us=9805 rebuild_us=272 layout_us=2142 paint_us=548 encode_us=44 acquire_us=838 submit_us=5960 skipped=0 gpu_q=1 gpu_total_us=4788 gpu_prepass_us=0 gpu_main_us=4788 gpu_composite_us=0 gpu_blit_us=0
frust_shell_common::perf: frust-perf raw n=113 total_us=8825 rebuild_us=142 layout_us=2095 paint_us=400 encode_us=37 acquire_us=311 submit_us=5838 skipped=0 gpu_q=1 gpu_total_us=4916 gpu_prepass_us=0 gpu_main_us=4916 gpu_composite_us=0 gpu_blit_us=0
frust_shell_common::perf: frust-perf raw n=114 total_us=9355 rebuild_us=162 layout_us=2417 paint_us=403 encode_us=41 acquire_us=409 submit_us=5921 skipped=0 gpu_q=1 gpu_total_us=4888 gpu_prepass_us=0 gpu_main_us=4888 gpu_composite_us=0 gpu_blit_us=0
frust_shell_common::perf: frust-perf raw n=115 total_us=9559 rebuild_us=155 layout_us=2407 paint_us=372 encode_us=42 acquire_us=573 submit_us=6009 skipped=0 gpu_q=1 gpu_total_us=5014 gpu_prepass_us=0 gpu_main_us=5014 gpu_composite_us=0 gpu_blit_us=0
frust_shell_common::perf: frust-perf raw n=116 total_us=9133 rebuild_us=146 layout_us=2003 paint_us=375 encode_us=41 acquire_us=620 submit_us=5947 skipped=0 gpu_q=1 gpu_total_us=4918 gpu_prepass_us=0 gpu_main_us=4918 gpu_composite_us=0 gpu_blit_us=0
frust_shell_common::perf: frust-perf raw n=117 total_us=8392 rebuild_us=156 layout_us=1811 paint_us=317 encode_us=38 acquire_us=732 submit_us=5337 skipped=0 gpu_q=1 gpu_total_us=4837 gpu_prepass_us=0 gpu_main_us=4837 gpu_composite_us=0 gpu_blit_us=0
frust_shell_common::perf: frust-perf raw n=118 total_us=8287 rebuild_us=128 layout_us=1961 paint_us=349 encode_us=38 acquire_us=198 submit_us=5612 skipped=0 gpu_q=1 gpu_total_us=4990 gpu_prepass_us=0 gpu_main_us=4990 gpu_composite_us=0 gpu_blit_us=0
frust_shell_common::perf: frust-perf raw n=119 total_us=9177 rebuild_us=135 layout_us=1938 paint_us=357 encode_us=47 acquire_us=898 submit_us=5799 skipped=0 gpu_q=1 gpu_total_us=5063 gpu_prepass_us=0 gpu_main_us=5063 gpu_composite_us=0 gpu_blit_us=0
frust_engine::renderer: frust-perf enc n=120 w=60 validate_us=13.7 prepare_us=2.9 classify_us=44.6 admit_us=0.2 walk_us=2839.5 glyphs_us=2291.9 finish_us=2.1 compile_us=2911.1 schedule_us=4.2 paints_us=136.1 instances_us=203.1 resize_us=10.1 upload_us=272.1 replay_us=0.3 pipelines_us=16.3 record_us=27.9 total_us=3586.4 total_p95_us=4030.3 draws=806 strips=11944 alphas=295520 glyph_draws=774 atlas_glyphs=774
frust_shell_common::perf: frust-perf raw n=120 total_us=9899 rebuild_us=224 layout_us=2068 paint_us=361 encode_us=43 acquire_us=451 submit_us=6750 skipped=0 gpu_q=1 gpu_total_us=4881 gpu_prepass_us=0 gpu_main_us=4881 gpu_composite_us=0 gpu_blit_us=0
frust_shell_common::perf: frust-perf raw n=121 total_us=9307 rebuild_us=139 layout_us=1887 paint_us=358 encode_us=42 acquire_us=503 submit_us=6376 skipped=0 gpu_q=1 gpu_total_us=4841 gpu_prepass_us=0 gpu_main_us=4841 gpu_composite_us=0 gpu_blit_us=0
frust_shell_common::perf: frust-perf raw n=122 total_us=9691 rebuild_us=172 layout_us=2129 paint_us=379 encode_us=43 acquire_us=817 submit_us=6148 skipped=0 gpu_q=1 gpu_total_us=4852 gpu_prepass_us=0 gpu_main_us=4852 gpu_composite_us=0 gpu_blit_us=0
frust_shell_common::perf: frust-perf raw n=123 total_us=8964 rebuild_us=128 layout_us=1423 paint_us=328 encode_us=41 acquire_us=798 submit_us=6245 skipped=0 gpu_q=1 gpu_total_us=4901 gpu_prepass_us=0 gpu_main_us=4901 gpu_composite_us=0 gpu_blit_us=0
frust_shell_common::perf: frust-perf raw n=124 total_us=7284 rebuild_us=149 layout_us=1731 paint_us=337 encode_us=31 acquire_us=661 submit_us=4372 skipped=0 gpu_q=1 gpu_total_us=4840 gpu_prepass_us=0 gpu_main_us=4840 gpu_composite_us=0 gpu_blit_us=0
frust_shell_common::perf: frust-perf raw n=125 total_us=7341 rebuild_us=147 layout_us=1777 paint_us=331 encode_us=34 acquire_us=564 submit_us=4486 skipped=0 gpu_q=1 gpu_total_us=4949 gpu_prepass_us=0 gpu_main_us=4949 gpu_composite_us=0 gpu_blit_us=0
frust_shell_common::perf: frust-perf raw n=126 total_us=8497 rebuild_us=156 layout_us=2131 paint_us=436 encode_us=40 acquire_us=64 submit_us=5669 skipped=0 gpu_q=1 gpu_total_us=5027 gpu_prepass_us=0 gpu_main_us=5027 gpu_composite_us=0 gpu_blit_us=0
frust_shell_common::perf: frust-perf raw n=127 total_us=9955 rebuild_us=145 layout_us=2094 paint_us=378 encode_us=47 acquire_us=570 submit_us=6717 skipped=0 gpu_q=1 gpu_total_us=4934 gpu_prepass_us=0 gpu_main_us=4934 gpu_composite_us=0 gpu_blit_us=0
frust_shell_common::perf: frust-perf raw n=128 total_us=8163 rebuild_us=141 layout_us=1894 paint_us=455 encode_us=44 acquire_us=77 submit_us=5550 skipped=0 gpu_q=1 gpu_total_us=4673 gpu_prepass_us=0 gpu_main_us=4673 gpu_composite_us=0 gpu_blit_us=0
frust_shell_common::perf: frust-perf raw n=129 total_us=7641 rebuild_us=142 layout_us=2093 paint_us=356 encode_us=32 acquire_us=317 submit_us=4699 skipped=0 gpu_q=1 gpu_total_us=4688 gpu_prepass_us=0 gpu_main_us=4688 gpu_composite_us=0 gpu_blit_us=0
frust_shell_common::perf: frust-perf raw n=130 total_us=8008 rebuild_us=149 layout_us=2047 paint_us=366 encode_us=36 acquire_us=206 submit_us=5201 skipped=0 gpu_q=1 gpu_total_us=4849 gpu_prepass_us=0 gpu_main_us=4849 gpu_composite_us=0 gpu_blit_us=0
frust_shell_common::perf: frust-perf raw n=131 total_us=8649 rebuild_us=153 layout_us=1978 paint_us=365 encode_us=44 acquire_us=364 submit_us=5743 skipped=0 gpu_q=1 gpu_total_us=5045 gpu_prepass_us=0 gpu_main_us=5045 gpu_composite_us=0 gpu_blit_us=0
frust_shell_common::perf: frust-perf raw n=132 total_us=9538 rebuild_us=158 layout_us=2407 paint_us=391 encode_us=46 acquire_us=73 submit_us=6459 skipped=0 gpu_q=1 gpu_total_us=4830 gpu_prepass_us=0 gpu_main_us=4830 gpu_composite_us=0 gpu_blit_us=0
frust_shell_common::perf: frust-perf raw n=133 total_us=9464 rebuild_us=136 layout_us=1852 paint_us=370 encode_us=42 acquire_us=857 submit_us=6204 skipped=0 gpu_q=1 gpu_total_us=4717 gpu_prepass_us=0 gpu_main_us=4717 gpu_composite_us=0 gpu_blit_us=0
frust_shell_common::perf: frust-perf raw n=134 total_us=8472 rebuild_us=132 layout_us=2010 paint_us=304 encode_us=43 acquire_us=508 submit_us=5473 skipped=0 gpu_q=1 gpu_total_us=4846 gpu_prepass_us=0 gpu_main_us=4846 gpu_composite_us=0 gpu_blit_us=0
frust_shell_common::perf: frust-perf raw n=135 total_us=7553 rebuild_us=160 layout_us=1438 paint_us=314 encode_us=38 acquire_us=156 submit_us=5446 skipped=0 gpu_q=1 gpu_total_us=4887 gpu_prepass_us=0 gpu_main_us=4887 gpu_composite_us=0 gpu_blit_us=0
frust_shell_common::perf: frust-perf raw n=136 total_us=8971 rebuild_us=157 layout_us=1883 paint_us=345 encode_us=41 acquire_us=242 submit_us=6300 skipped=0 gpu_q=1 gpu_total_us=4873 gpu_prepass_us=0 gpu_main_us=4873 gpu_composite_us=0 gpu_blit_us=0
frust_shell_common::perf: frust-perf raw n=137 total_us=8726 rebuild_us=159 layout_us=1696 paint_us=338 encode_us=42 acquire_us=79 submit_us=6409 skipped=0 gpu_q=1 gpu_total_us=4961 gpu_prepass_us=0 gpu_main_us=4961 gpu_composite_us=0 gpu_blit_us=0
frust_shell_common::perf: frust-perf raw n=138 total_us=9910 rebuild_us=154 layout_us=1909 paint_us=362 encode_us=40 acquire_us=982 submit_us=6461 skipped=0 gpu_q=1 gpu_total_us=4938 gpu_prepass_us=0 gpu_main_us=4938 gpu_composite_us=0 gpu_blit_us=0
frust_shell_common::perf: frust-perf raw n=139 total_us=6275 rebuild_us=125 layout_us=1699 paint_us=324 encode_us=41 acquire_us=78 submit_us=4003 skipped=0 gpu_q=1 gpu_total_us=4818 gpu_prepass_us=0 gpu_main_us=4818 gpu_composite_us=0 gpu_blit_us=0
frust_shell_common::perf: frust-perf raw n=140 total_us=11512 rebuild_us=152 layout_us=1813 paint_us=350 encode_us=35 acquire_us=63 submit_us=9097 skipped=0 gpu_q=1 gpu_total_us=4851 gpu_prepass_us=0 gpu_main_us=4851 gpu_composite_us=0 gpu_blit_us=0
frust_shell_common::perf: frust-perf raw n=141 total_us=6152 rebuild_us=224 layout_us=1726 paint_us=343 encode_us=64 acquire_us=55 submit_us=3738 skipped=0 gpu_q=1 gpu_total_us=4827 gpu_prepass_us=0 gpu_main_us=4827 gpu_composite_us=0 gpu_blit_us=0
frust_shell_common::perf: frust-perf raw n=142 total_us=8731 rebuild_us=164 layout_us=1794 paint_us=650 encode_us=60 acquire_us=559 submit_us=5501 skipped=0 gpu_q=1 gpu_total_us=5008 gpu_prepass_us=0 gpu_main_us=5008 gpu_composite_us=0 gpu_blit_us=0
frust_shell_common::perf: frust-perf raw n=143 total_us=8349 rebuild_us=225 layout_us=2079 paint_us=416 encode_us=34 acquire_us=503 submit_us=5091 skipped=0 gpu_q=1 gpu_total_us=4681 gpu_prepass_us=0 gpu_main_us=4681 gpu_composite_us=0 gpu_blit_us=0
frust_shell_common::perf: frust-perf raw n=144 total_us=8118 rebuild_us=143 layout_us=1821 paint_us=321 encode_us=42 acquire_us=464 submit_us=5325 skipped=0 gpu_q=1 gpu_total_us=5101 gpu_prepass_us=0 gpu_main_us=5101 gpu_composite_us=0 gpu_blit_us=0
frust_shell_common::perf: frust-perf raw n=145 total_us=8812 rebuild_us=127 layout_us=1931 paint_us=379 encode_us=42 acquire_us=557 submit_us=5773 skipped=0 gpu_q=1 gpu_total_us=4873 gpu_prepass_us=0 gpu_main_us=4873 gpu_composite_us=0 gpu_blit_us=0
frust_shell_common::perf: frust-perf raw n=146 total_us=9319 rebuild_us=146 layout_us=1924 paint_us=363 encode_us=43 acquire_us=945 submit_us=5895 skipped=0 gpu_q=1 gpu_total_us=4901 gpu_prepass_us=0 gpu_main_us=4901 gpu_composite_us=0 gpu_blit_us=0
frust_shell_common::perf: frust-perf raw n=147 total_us=9435 rebuild_us=173 layout_us=1987 paint_us=362 encode_us=36 acquire_us=926 submit_us=5949 skipped=0 gpu_q=1 gpu_total_us=4892 gpu_prepass_us=0 gpu_main_us=4892 gpu_composite_us=0 gpu_blit_us=0
frust_shell_common::perf: frust-perf raw n=148 total_us=9582 rebuild_us=143 layout_us=2008 paint_us=366 encode_us=41 acquire_us=995 submit_us=6027 skipped=0 gpu_q=1 gpu_total_us=4697 gpu_prepass_us=0 gpu_main_us=4697 gpu_composite_us=0 gpu_blit_us=0
frust_shell_common::perf: frust-perf raw n=149 total_us=8057 rebuild_us=136 layout_us=1736 paint_us=305 encode_us=36 acquire_us=66 submit_us=5775 skipped=0 gpu_q=1 gpu_total_us=4793 gpu_prepass_us=0 gpu_main_us=4793 gpu_composite_us=0 gpu_blit_us=0
frust_shell_common::perf: frust-perf raw n=150 total_us=7209 rebuild_us=134 layout_us=2022 paint_us=358 encode_us=40 acquire_us=293 submit_us=4359 skipped=0 gpu_q=1 gpu_total_us=4970 gpu_prepass_us=0 gpu_main_us=4970 gpu_composite_us=0 gpu_blit_us=0
frust_shell_common::perf: frust-perf raw n=151 total_us=7901 rebuild_us=203 layout_us=1890 paint_us=337 encode_us=44 acquire_us=132 submit_us=5293 skipped=0 gpu_q=1 gpu_total_us=5020 gpu_prepass_us=0 gpu_main_us=5020 gpu_composite_us=0 gpu_blit_us=0
frust_shell_common::perf: frust-perf raw n=152 total_us=8890 rebuild_us=144 layout_us=1851 paint_us=368 encode_us=42 acquire_us=299 submit_us=6184 skipped=0 gpu_q=1 gpu_total_us=4920 gpu_prepass_us=0 gpu_main_us=4920 gpu_composite_us=0 gpu_blit_us=0
frust_shell_common::perf: frust-perf raw n=153 total_us=9651 rebuild_us=153 layout_us=1857 paint_us=356 encode_us=42 acquire_us=824 submit_us=6416 skipped=0 gpu_q=1 gpu_total_us=4766 gpu_prepass_us=0 gpu_main_us=4766 gpu_composite_us=0 gpu_blit_us=0
frust_shell_common::perf: frust-perf raw n=154 total_us=9509 rebuild_us=131 layout_us=1832 paint_us=358 encode_us=41 acquire_us=736 submit_us=6408 skipped=0 gpu_q=1 gpu_total_us=4744 gpu_prepass_us=0 gpu_main_us=4744 gpu_composite_us=0 gpu_blit_us=0
frust_shell_common::perf: frust-perf raw n=155 total_us=9437 rebuild_us=142 layout_us=1785 paint_us=329 encode_us=40 acquire_us=1164 submit_us=5975 skipped=0 gpu_q=1 gpu_total_us=4859 gpu_prepass_us=0 gpu_main_us=4859 gpu_composite_us=0 gpu_blit_us=0
frust_shell_common::perf: frust-perf raw n=156 total_us=7962 rebuild_us=127 layout_us=1414 paint_us=326 encode_us=41 acquire_us=414 submit_us=5637 skipped=0 gpu_q=1 gpu_total_us=4834 gpu_prepass_us=0 gpu_main_us=4834 gpu_composite_us=0 gpu_blit_us=0
frust_shell_common::perf: frust-perf raw n=157 total_us=7082 rebuild_us=144 layout_us=2081 paint_us=360 encode_us=36 acquire_us=53 submit_us=4404 skipped=0 gpu_q=1 gpu_total_us=4977 gpu_prepass_us=0 gpu_main_us=4977 gpu_composite_us=0 gpu_blit_us=0
frust_shell_common::perf: frust-perf raw n=158 total_us=7722 rebuild_us=148 layout_us=1971 paint_us=364 encode_us=38 acquire_us=59 submit_us=5139 skipped=0 gpu_q=1 gpu_total_us=5025 gpu_prepass_us=0 gpu_main_us=5025 gpu_composite_us=0 gpu_blit_us=0
frust_shell_common::perf: frust-perf raw n=159 total_us=9549 rebuild_us=205 layout_us=1989 paint_us=358 encode_us=43 acquire_us=932 submit_us=6020 skipped=0 gpu_q=1 gpu_total_us=4996 gpu_prepass_us=0 gpu_main_us=4996 gpu_composite_us=0 gpu_blit_us=0
frust_shell_common::perf: frust-perf raw n=160 total_us=8801 rebuild_us=130 layout_us=1891 paint_us=365 encode_us=39 acquire_us=776 submit_us=5598 skipped=0 gpu_q=1 gpu_total_us=4722 gpu_prepass_us=0 gpu_main_us=4722 gpu_composite_us=0 gpu_blit_us=0
frust_shell_common::perf: frust-perf raw n=161 total_us=7426 rebuild_us=150 layout_us=1583 paint_us=331 encode_us=41 acquire_us=64 submit_us=5255 skipped=0 gpu_q=1 gpu_total_us=4699 gpu_prepass_us=0 gpu_main_us=4699 gpu_composite_us=0 gpu_blit_us=0
frust_shell_common::perf: frust-perf raw n=162 total_us=8139 rebuild_us=150 layout_us=2007 paint_us=350 encode_us=32 acquire_us=57 submit_us=5539 skipped=0 gpu_q=1 gpu_total_us=4797 gpu_prepass_us=0 gpu_main_us=4797 gpu_composite_us=0 gpu_blit_us=0
frust_shell_common::perf: frust-perf raw n=163 total_us=11174 rebuild_us=175 layout_us=2454 paint_us=480 encode_us=50 acquire_us=605 submit_us=7406 skipped=0 gpu_q=1 gpu_total_us=5057 gpu_prepass_us=0 gpu_main_us=5057 gpu_composite_us=0 gpu_blit_us=0
frust_shell_common::perf: frust-perf raw n=164 total_us=7201 rebuild_us=137 layout_us=2261 paint_us=462 encode_us=48 acquire_us=94 submit_us=4196 skipped=0 gpu_q=1 gpu_total_us=4848 gpu_prepass_us=0 gpu_main_us=4848 gpu_composite_us=0 gpu_blit_us=0
frust_shell_common::perf: frust-perf raw n=165 total_us=7806 rebuild_us=192 layout_us=1947 paint_us=368 encode_us=33 acquire_us=52 submit_us=5210 skipped=0 gpu_q=1 gpu_total_us=4735 gpu_prepass_us=0 gpu_main_us=4735 gpu_composite_us=0 gpu_blit_us=0
frust_shell_common::perf: frust-perf raw n=166 total_us=8922 rebuild_us=146 layout_us=1869 paint_us=358 encode_us=36 acquire_us=568 submit_us=5944 skipped=0 gpu_q=1 gpu_total_us=4832 gpu_prepass_us=0 gpu_main_us=4832 gpu_composite_us=0 gpu_blit_us=0
frust_shell_common::perf: frust-perf raw n=167 total_us=8259 rebuild_us=155 layout_us=1867 paint_us=361 encode_us=40 acquire_us=69 submit_us=5766 skipped=0 gpu_q=1 gpu_total_us=5037 gpu_prepass_us=0 gpu_main_us=5037 gpu_composite_us=0 gpu_blit_us=0
frust_shell_common::perf: frust-perf raw n=168 total_us=9391 rebuild_us=146 layout_us=1884 paint_us=353 encode_us=38 acquire_us=1109 submit_us=5858 skipped=0 gpu_q=1 gpu_total_us=4770 gpu_prepass_us=0 gpu_main_us=4770 gpu_composite_us=0 gpu_blit_us=0
frust_shell_common::perf: frust-perf raw n=169 total_us=8096 rebuild_us=143 layout_us=1814 paint_us=388 encode_us=39 acquire_us=229 submit_us=5479 skipped=0 gpu_q=1 gpu_total_us=4876 gpu_prepass_us=0 gpu_main_us=4876 gpu_composite_us=0 gpu_blit_us=0
frust_shell_common::perf: frust-perf raw n=170 total_us=9358 rebuild_us=154 layout_us=2386 paint_us=469 encode_us=41 acquire_us=529 submit_us=5778 skipped=0 gpu_q=1 gpu_total_us=4993 gpu_prepass_us=0 gpu_main_us=4993 gpu_composite_us=0 gpu_blit_us=0
frust_shell_common::perf: frust-perf raw n=171 total_us=9064 rebuild_us=128 layout_us=1807 paint_us=356 encode_us=36 acquire_us=1054 submit_us=5679 skipped=0 gpu_q=1 gpu_total_us=4888 gpu_prepass_us=0 gpu_main_us=4888 gpu_composite_us=0 gpu_blit_us=0
frust_shell_common::perf: frust-perf raw n=172 total_us=9421 rebuild_us=152 layout_us=1857 paint_us=502 encode_us=36 acquire_us=770 submit_us=6101 skipped=0 gpu_q=1 gpu_total_us=4910 gpu_prepass_us=0 gpu_main_us=4910 gpu_composite_us=0 gpu_blit_us=0
frust_shell_common::perf: frust-perf raw n=173 total_us=8412 rebuild_us=137 layout_us=1882 paint_us=509 encode_us=39 acquire_us=66 submit_us=5777 skipped=0 gpu_q=1 gpu_total_us=4767 gpu_prepass_us=0 gpu_main_us=4767 gpu_composite_us=0 gpu_blit_us=0
frust_shell_common::perf: frust-perf raw n=174 total_us=8653 rebuild_us=133 layout_us=2132 paint_us=384 encode_us=39 acquire_us=69 submit_us=5894 skipped=0 gpu_q=1 gpu_total_us=4955 gpu_prepass_us=0 gpu_main_us=4955 gpu_composite_us=0 gpu_blit_us=0
frust_shell_common::perf: frust-perf raw n=175 total_us=9124 rebuild_us=160 layout_us=2152 paint_us=349 encode_us=39 acquire_us=578 submit_us=5842 skipped=0 gpu_q=1 gpu_total_us=5002 gpu_prepass_us=0 gpu_main_us=5002 gpu_composite_us=0 gpu_blit_us=0
frust_shell_common::perf: frust-perf raw n=176 total_us=9035 rebuild_us=144 layout_us=2307 paint_us=492 encode_us=46 acquire_us=76 submit_us=5968 skipped=0 gpu_q=1 gpu_total_us=5200 gpu_prepass_us=0 gpu_main_us=5200 gpu_composite_us=0 gpu_blit_us=0
frust_shell_common::perf: frust-perf raw n=177 total_us=8734 rebuild_us=153 layout_us=1850 paint_us=334 encode_us=42 acquire_us=474 submit_us=5879 skipped=0 gpu_q=1 gpu_total_us=4812 gpu_prepass_us=0 gpu_main_us=4812 gpu_composite_us=0 gpu_blit_us=0
frust_shell_common::perf: frust-perf raw n=178 total_us=8674 rebuild_us=154 layout_us=2125 paint_us=457 encode_us=43 acquire_us=73 submit_us=5820 skipped=0 gpu_q=1 gpu_total_us=4920 gpu_prepass_us=0 gpu_main_us=4920 gpu_composite_us=0 gpu_blit_us=0
frust_shell_common::perf: frust-perf raw n=179 total_us=9544 rebuild_us=159 layout_us=2181 paint_us=367 encode_us=42 acquire_us=616 submit_us=6177 skipped=0 gpu_q=1 gpu_total_us=4944 gpu_prepass_us=0 gpu_main_us=4944 gpu_composite_us=0 gpu_blit_us=0
frust_engine::renderer: frust-perf enc n=180 w=60 validate_us=13.7 prepare_us=3.1 classify_us=43.6 admit_us=0.2 walk_us=2770.6 glyphs_us=2234.6 finish_us=2.2 compile_us=2836.5 schedule_us=4.3 paints_us=135.8 instances_us=201.5 resize_us=9.9 upload_us=271.9 replay_us=0.3 pipelines_us=16.2 record_us=28.1 total_us=3512.8 total_p95_us=4036.7 draws=806 strips=11933 alphas=294656 glyph_draws=774 atlas_glyphs=774
frust_shell_common::perf: frust-perf raw n=180 total_us=10236 rebuild_us=280 layout_us=2072 paint_us=375 encode_us=41 acquire_us=577 submit_us=6889 skipped=0 gpu_q=1 gpu_total_us=4768 gpu_prepass_us=0 gpu_main_us=4768 gpu_composite_us=0 gpu_blit_us=0
frust_shell_common::perf: frust-perf raw n=181 total_us=9745 rebuild_us=153 layout_us=1657 paint_us=317 encode_us=41 acquire_us=78 submit_us=7496 skipped=0 gpu_q=1 gpu_total_us=4843 gpu_prepass_us=0 gpu_main_us=4843 gpu_composite_us=0 gpu_blit_us=0
frust_shell_common::perf: frust-perf raw n=182 total_us=6894 rebuild_us=150 layout_us=2026 paint_us=375 encode_us=37 acquire_us=57 submit_us=4246 skipped=0 gpu_q=1 gpu_total_us=4945 gpu_prepass_us=0 gpu_main_us=4945 gpu_composite_us=0 gpu_blit_us=0
frust_shell_common::perf: frust-perf raw n=183 total_us=7537 rebuild_us=197 layout_us=2169 paint_us=389 encode_us=48 acquire_us=605 submit_us=4127 skipped=0 gpu_q=1 gpu_total_us=4921 gpu_prepass_us=0 gpu_main_us=4921 gpu_composite_us=0 gpu_blit_us=0
frust_shell_common::perf: frust-perf raw n=184 total_us=8498 rebuild_us=154 layout_us=2051 paint_us=376 encode_us=43 acquire_us=71 submit_us=5800 skipped=0 gpu_q=1 gpu_total_us=4918 gpu_prepass_us=0 gpu_main_us=4918 gpu_composite_us=0 gpu_blit_us=0
frust_shell_common::perf: frust-perf raw n=185 total_us=9443 rebuild_us=146 layout_us=1883 paint_us=361 encode_us=43 acquire_us=826 submit_us=6182 skipped=0 gpu_q=1 gpu_total_us=4952 gpu_prepass_us=75 gpu_main_us=4877 gpu_composite_us=0 gpu_blit_us=0
frust_shell_common::perf: frust-perf raw n=186 total_us=9604 rebuild_us=125 layout_us=1794 paint_us=362 encode_us=42 acquire_us=854 submit_us=6425 skipped=0 gpu_q=1 gpu_total_us=4767 gpu_prepass_us=0 gpu_main_us=4767 gpu_composite_us=0 gpu_blit_us=0
frust_shell_common::perf: frust-perf raw n=187 total_us=8907 rebuild_us=137 layout_us=2069 paint_us=438 encode_us=42 acquire_us=240 submit_us=5978 skipped=0 gpu_q=1 gpu_total_us=4770 gpu_prepass_us=0 gpu_main_us=4770 gpu_composite_us=0 gpu_blit_us=0
frust_shell_common::perf: frust-perf raw n=188 total_us=8347 rebuild_us=162 layout_us=2097 paint_us=365 encode_us=40 acquire_us=66 submit_us=5614 skipped=0 gpu_q=1 gpu_total_us=4918 gpu_prepass_us=0 gpu_main_us=4918 gpu_composite_us=0 gpu_blit_us=0
frust_shell_common::perf: frust-perf raw n=189 total_us=9944 rebuild_us=144 layout_us=2354 paint_us=470 encode_us=48 acquire_us=609 submit_us=6317 skipped=0 gpu_q=1 gpu_total_us=4992 gpu_prepass_us=0 gpu_main_us=4992 gpu_composite_us=0 gpu_blit_us=0
frust_shell_common::perf: frust-perf raw n=190 total_us=8341 rebuild_us=145 layout_us=1928 paint_us=370 encode_us=46 acquire_us=347 submit_us=5503 skipped=0 gpu_q=1 gpu_total_us=5067 gpu_prepass_us=0 gpu_main_us=5067 gpu_composite_us=0 gpu_blit_us=0
frust_shell_common::perf: frust-perf raw n=191 total_us=9097 rebuild_us=153 layout_us=2049 paint_us=366 encode_us=40 acquire_us=849 submit_us=5638 skipped=0 gpu_q=1 gpu_total_us=5623 gpu_prepass_us=0 gpu_main_us=5623 gpu_composite_us=0 gpu_blit_us=0
frust_shell_common::perf: frust-perf raw n=192 total_us=7409 rebuild_us=129 layout_us=1680 paint_us=296 encode_us=44 acquire_us=70 submit_us=5188 skipped=0 gpu_q=1 gpu_total_us=4881 gpu_prepass_us=0 gpu_main_us=4881 gpu_composite_us=0 gpu_blit_us=0
frust_shell_common::perf: frust-perf raw n=193 total_us=6363 rebuild_us=130 layout_us=1507 paint_us=293 encode_us=29 acquire_us=51 submit_us=4350 skipped=0 gpu_q=1 gpu_total_us=5020 gpu_prepass_us=0 gpu_main_us=5020 gpu_composite_us=0 gpu_blit_us=0
frust_shell_common::perf: frust-perf raw n=194 total_us=7899 rebuild_us=138 layout_us=1515 paint_us=304 encode_us=34 acquire_us=265 submit_us=5641 skipped=0 gpu_q=1 gpu_total_us=5018 gpu_prepass_us=0 gpu_main_us=5018 gpu_composite_us=0 gpu_blit_us=0
frust_shell_common::perf: frust-perf raw n=195 total_us=9636 rebuild_us=143 layout_us=2147 paint_us=368 encode_us=50 acquire_us=72 submit_us=6853 skipped=0 gpu_q=1 gpu_total_us=5160 gpu_prepass_us=0 gpu_main_us=5160 gpu_composite_us=0 gpu_blit_us=0
frust_shell_common::perf: frust-perf raw n=196 total_us=9056 rebuild_us=143 layout_us=1984 paint_us=391 encode_us=55 acquire_us=140 submit_us=6341 skipped=0 gpu_q=1 gpu_total_us=4741 gpu_prepass_us=0 gpu_main_us=4741 gpu_composite_us=0 gpu_blit_us=0
frust_shell_common::perf: frust-perf raw n=197 total_us=10563 rebuild_us=163 layout_us=1934 paint_us=361 encode_us=42 acquire_us=1523 submit_us=6539 skipped=0 gpu_q=1 gpu_total_us=4828 gpu_prepass_us=0 gpu_main_us=4828 gpu_composite_us=0 gpu_blit_us=0
frust_shell_common::perf: frust-perf raw n=198 total_us=6755 rebuild_us=151 layout_us=1823 paint_us=351 encode_us=39 acquire_us=393 submit_us=3997 skipped=0 gpu_q=1 gpu_total_us=4857 gpu_prepass_us=0 gpu_main_us=4857 gpu_composite_us=0 gpu_blit_us=0
frust_shell_common::perf: frust-perf raw n=199 total_us=8612 rebuild_us=144 layout_us=1508 paint_us=330 encode_us=35 acquire_us=519 submit_us=6074 skipped=0 gpu_q=1 gpu_total_us=5018 gpu_prepass_us=0 gpu_main_us=5018 gpu_composite_us=0 gpu_blit_us=0
frust_shell_common::perf: frust-perf raw n=200 total_us=7270 rebuild_us=159 layout_us=1505 paint_us=331 encode_us=39 acquire_us=66 submit_us=5167 skipped=0 gpu_q=1 gpu_total_us=4906 gpu_prepass_us=0 gpu_main_us=4906 gpu_composite_us=0 gpu_blit_us=0
frust_shell_common::perf: frust-perf raw n=201 total_us=9553 rebuild_us=181 layout_us=2244 paint_us=437 encode_us=41 acquire_us=606 submit_us=6042 skipped=0 gpu_q=1 gpu_total_us=5179 gpu_prepass_us=0 gpu_main_us=5179 gpu_composite_us=0 gpu_blit_us=0
frust_shell_common::perf: frust-perf raw n=202 total_us=9111 rebuild_us=128 layout_us=1806 paint_us=369 encode_us=42 acquire_us=814 submit_us=5949 skipped=0 gpu_q=1 gpu_total_us=4937 gpu_prepass_us=0 gpu_main_us=4937 gpu_composite_us=0 gpu_blit_us=0
frust_shell_common::perf: frust-perf raw n=203 total_us=9409 rebuild_us=167 layout_us=2230 paint_us=392 encode_us=42 acquire_us=704 submit_us=5871 skipped=0 gpu_q=1 gpu_total_us=4984 gpu_prepass_us=0 gpu_main_us=4984 gpu_composite_us=0 gpu_blit_us=0
frust_shell_common::perf: frust-perf raw n=204 total_us=9577 rebuild_us=135 layout_us=1918 paint_us=392 encode_us=45 acquire_us=1116 submit_us=5969 skipped=0 gpu_q=1 gpu_total_us=4710 gpu_prepass_us=0 gpu_main_us=4710 gpu_composite_us=0 gpu_blit_us=0
frust_shell_common::perf: frust-perf raw n=205 total_us=9333 rebuild_us=138 layout_us=1988 paint_us=379 encode_us=39 acquire_us=781 submit_us=6006 skipped=0 gpu_q=1 gpu_total_us=4918 gpu_prepass_us=0 gpu_main_us=4918 gpu_composite_us=0 gpu_blit_us=0
frust_shell_common::perf: frust-perf raw n=206 total_us=8956 rebuild_us=140 layout_us=2075 paint_us=360 encode_us=49 acquire_us=251 submit_us=6079 skipped=0 gpu_q=1 gpu_total_us=5027 gpu_prepass_us=0 gpu_main_us=5027 gpu_composite_us=0 gpu_blit_us=0
frust_shell_common::perf: frust-perf raw n=207 total_us=8365 rebuild_us=161 layout_us=1997 paint_us=320 encode_us=38 acquire_us=401 submit_us=5447 skipped=0 gpu_q=1 gpu_total_us=5131 gpu_prepass_us=0 gpu_main_us=5131 gpu_composite_us=0 gpu_blit_us=0
frust_shell_common::perf: frust-perf raw n=208 total_us=8692 rebuild_us=125 layout_us=2088 paint_us=346 encode_us=47 acquire_us=69 submit_us=6014 skipped=0 gpu_q=1 gpu_total_us=4925 gpu_prepass_us=0 gpu_main_us=4925 gpu_composite_us=0 gpu_blit_us=0
frust_shell_common::perf: frust-perf raw n=209 total_us=8804 rebuild_us=137 layout_us=2012 paint_us=351 encode_us=40 acquire_us=187 submit_us=6074 skipped=0 gpu_q=1 gpu_total_us=5005 gpu_prepass_us=0 gpu_main_us=5005 gpu_composite_us=0 gpu_blit_us=0
frust_shell_common::perf: frust-perf raw n=210 total_us=9400 rebuild_us=150 layout_us=1965 paint_us=478 encode_us=42 acquire_us=563 submit_us=6199 skipped=0 gpu_q=1 gpu_total_us=5002 gpu_prepass_us=0 gpu_main_us=5002 gpu_composite_us=0 gpu_blit_us=0
frust_shell_common::perf: frust-perf raw n=211 total_us=9979 rebuild_us=183 layout_us=1931 paint_us=362 encode_us=48 acquire_us=726 submit_us=6727 skipped=0 gpu_q=1 gpu_total_us=4903 gpu_prepass_us=0 gpu_main_us=4903 gpu_composite_us=0 gpu_blit_us=0
frust_shell_common::perf: frust-perf raw n=212 total_us=9771 rebuild_us=143 layout_us=1862 paint_us=363 encode_us=41 acquire_us=689 submit_us=6670 skipped=0 gpu_q=1 gpu_total_us=4812 gpu_prepass_us=0 gpu_main_us=4812 gpu_composite_us=0 gpu_blit_us=0
frust_shell_common::perf: frust-perf raw n=213 total_us=8870 rebuild_us=138 layout_us=1713 paint_us=337 encode_us=41 acquire_us=737 submit_us=5901 skipped=0 gpu_q=1 gpu_total_us=4998 gpu_prepass_us=0 gpu_main_us=4998 gpu_composite_us=0 gpu_blit_us=0
frust_shell_common::perf: frust-perf raw n=214 total_us=8270 rebuild_us=145 layout_us=1745 paint_us=332 encode_us=40 acquire_us=416 submit_us=5589 skipped=0 gpu_q=1 gpu_total_us=4983 gpu_prepass_us=0 gpu_main_us=4983 gpu_composite_us=0 gpu_blit_us=0
frust_shell_common::perf: frust-perf raw n=215 total_us=7832 rebuild_us=140 layout_us=1643 paint_us=318 encode_us=46 acquire_us=217 submit_us=5465 skipped=0 gpu_q=1 gpu_total_us=5375 gpu_prepass_us=0 gpu_main_us=5375 gpu_composite_us=0 gpu_blit_us=0
frust_shell_common::perf: frust-perf raw n=216 total_us=8621 rebuild_us=147 layout_us=1930 paint_us=430 encode_us=47 acquire_us=115 submit_us=5950 skipped=0 gpu_q=1 gpu_total_us=4912 gpu_prepass_us=0 gpu_main_us=4912 gpu_composite_us=0 gpu_blit_us=0
frust_shell_common::perf: frust-perf raw n=217 total_us=9364 rebuild_us=190 layout_us=1952 paint_us=385 encode_us=46 acquire_us=197 submit_us=6591 skipped=0 gpu_q=1 gpu_total_us=4931 gpu_prepass_us=0 gpu_main_us=4931 gpu_composite_us=0 gpu_blit_us=0
frust_shell_common::perf: frust-perf raw n=218 total_us=8301 rebuild_us=130 layout_us=1512 paint_us=406 encode_us=43 acquire_us=151 submit_us=6058 skipped=0 gpu_q=1 gpu_total_us=4874 gpu_prepass_us=0 gpu_main_us=4874 gpu_composite_us=0 gpu_blit_us=0
frust_shell_common::perf: frust-perf raw n=219 total_us=6831 rebuild_us=130 layout_us=1747 paint_us=310 encode_us=33 acquire_us=269 submit_us=4339 skipped=0 gpu_q=1 gpu_total_us=4885 gpu_prepass_us=0 gpu_main_us=4885 gpu_composite_us=0 gpu_blit_us=0
frust_shell_common::perf: frust-perf raw n=220 total_us=7787 rebuild_us=155 layout_us=2253 paint_us=380 encode_us=34 acquire_us=53 submit_us=4910 skipped=0 gpu_q=1 gpu_total_us=4919 gpu_prepass_us=0 gpu_main_us=4919 gpu_composite_us=0 gpu_blit_us=0
frust_shell_common::perf: frust-perf raw n=221 total_us=9324 rebuild_us=191 layout_us=1967 paint_us=366 encode_us=45 acquire_us=394 submit_us=6359 skipped=0 gpu_q=1 gpu_total_us=4986 gpu_prepass_us=0 gpu_main_us=4986 gpu_composite_us=0 gpu_blit_us=0
frust_shell_common::perf: frust-perf raw n=222 total_us=10228 rebuild_us=138 layout_us=1985 paint_us=362 encode_us=44 acquire_us=1003 submit_us=6693 skipped=0 gpu_q=1 gpu_total_us=4910 gpu_prepass_us=0 gpu_main_us=4910 gpu_composite_us=0 gpu_blit_us=0
frust_shell_common::perf: frust-perf raw n=223 total_us=7783 rebuild_us=112 layout_us=1464 paint_us=398 encode_us=41 acquire_us=325 submit_us=5440 skipped=0 gpu_q=1 gpu_total_us=4840 gpu_prepass_us=0 gpu_main_us=4840 gpu_composite_us=0 gpu_blit_us=0
frust_shell_common::perf: frust-perf raw n=224 total_us=7250 rebuild_us=147 layout_us=2121 paint_us=367 encode_us=35 acquire_us=51 submit_us=4528 skipped=0 gpu_q=1 gpu_total_us=4775 gpu_prepass_us=0 gpu_main_us=4775 gpu_composite_us=0 gpu_blit_us=0
frust_shell_common::perf: frust-perf frame n=120 total_p50_ms=8 total_p95_ms=9 total_p99_ms=11 rebuild_p95_ms=0 layout_p95_ms=2 paint_p95_ms=0 encode_p95_ms=0 acquire_p95_ms=0 submit_p95_ms=6 over_60hz=3 over_120hz=153 skipped=0 total_frames=224
frust_shell_common::perf: frust-perf raw n=225 total_us=8625 rebuild_us=150 layout_us=1983 paint_us=353 encode_us=35 acquire_us=294 submit_us=5807 skipped=0 gpu_q=1 gpu_total_us=4987 gpu_prepass_us=0 gpu_main_us=4987 gpu_composite_us=0 gpu_blit_us=0
frust_shell_common::perf: frust-perf raw n=226 total_us=12040 rebuild_us=146 layout_us=3402 paint_us=636 encode_us=60 acquire_us=91 submit_us=7703 skipped=0 gpu_q=1 gpu_total_us=5148 gpu_prepass_us=0 gpu_main_us=5148 gpu_composite_us=0 gpu_blit_us=0
frust_shell_common::perf: frust-perf raw n=227 total_us=6095 rebuild_us=137 layout_us=1803 paint_us=368 encode_us=46 acquire_us=64 submit_us=3674 skipped=0 gpu_q=1 gpu_total_us=4912 gpu_prepass_us=0 gpu_main_us=4912 gpu_composite_us=0 gpu_blit_us=0
frust_shell_android::app::frame: frust-perf platform-view tail depth=0 target=0 acquire_bound=false frame=240 expected_present_us=0 acquire_us=211 period_us=8265
frust_shell_common::perf: frust-perf raw n=228 total_us=9010 rebuild_us=157 layout_us=1978 paint_us=389 encode_us=36 acquire_us=927 submit_us=5520 skipped=0 gpu_q=1 gpu_total_us=4749 gpu_prepass_us=0 gpu_main_us=4749 gpu_composite_us=0 gpu_blit_us=0
frust_shell_common::perf: frust-perf raw n=229 total_us=7374 rebuild_us=135 layout_us=1708 paint_us=320 encode_us=75 acquire_us=66 submit_us=5067 skipped=0 gpu_q=1 gpu_total_us=4875 gpu_prepass_us=0 gpu_main_us=4875 gpu_composite_us=0 gpu_blit_us=0
frust_shell_common::perf: frust-perf raw n=230 total_us=8818 rebuild_us=145 layout_us=1663 paint_us=316 encode_us=39 acquire_us=568 submit_us=6084 skipped=0 gpu_q=1 gpu_total_us=4873 gpu_prepass_us=0 gpu_main_us=4873 gpu_composite_us=0 gpu_blit_us=0
frust_shell_common::perf: frust-perf raw n=231 total_us=8033 rebuild_us=134 layout_us=1460 paint_us=314 encode_us=36 acquire_us=456 submit_us=5631 skipped=0 gpu_q=1 gpu_total_us=5137 gpu_prepass_us=0 gpu_main_us=5137 gpu_composite_us=0 gpu_blit_us=0
frust_shell_common::perf: frust-perf raw n=232 total_us=9446 rebuild_us=146 layout_us=2029 paint_us=530 encode_us=39 acquire_us=648 submit_us=6052 skipped=0 gpu_q=1 gpu_total_us=5255 gpu_prepass_us=0 gpu_main_us=5255 gpu_composite_us=0 gpu_blit_us=0
frust_shell_common::perf: frust-perf raw n=233 total_us=9452 rebuild_us=139 layout_us=2213 paint_us=483 encode_us=54 acquire_us=626 submit_us=5935 skipped=0 gpu_q=1 gpu_total_us=4781 gpu_prepass_us=0 gpu_main_us=4781 gpu_composite_us=0 gpu_blit_us=0
frust_shell_common::perf: frust-perf raw n=234 total_us=9342 rebuild_us=137 layout_us=2051 paint_us=359 encode_us=39 acquire_us=867 submit_us=5888 skipped=0 gpu_q=1 gpu_total_us=5013 gpu_prepass_us=0 gpu_main_us=5013 gpu_composite_us=0 gpu_blit_us=0
frust_shell_common::perf: frust-perf raw n=235 total_us=9604 rebuild_us=144 layout_us=2069 paint_us=488 encode_us=47 acquire_us=782 submit_us=6070 skipped=0 gpu_q=1 gpu_total_us=4875 gpu_prepass_us=0 gpu_main_us=4875 gpu_composite_us=0 gpu_blit_us=0
frust_shell_common::perf: frust-perf raw n=236 total_us=9350 rebuild_us=139 layout_us=1950 paint_us=356 encode_us=39 acquire_us=817 submit_us=6047 skipped=0 gpu_q=1 gpu_total_us=4956 gpu_prepass_us=0 gpu_main_us=4956 gpu_composite_us=0 gpu_blit_us=0
frust_shell_common::perf: frust-perf raw n=237 total_us=9674 rebuild_us=138 layout_us=2048 paint_us=492 encode_us=43 acquire_us=727 submit_us=6224 skipped=0 gpu_q=1 gpu_total_us=4984 gpu_prepass_us=0 gpu_main_us=4984 gpu_composite_us=0 gpu_blit_us=0
frust_shell_common::perf: frust-perf raw n=238 total_us=9725 rebuild_us=143 layout_us=2013 paint_us=437 encode_us=40 acquire_us=920 submit_us=6169 skipped=0 gpu_q=1 gpu_total_us=5104 gpu_prepass_us=0 gpu_main_us=5104 gpu_composite_us=0 gpu_blit_us=0
frust_shell_common::perf: frust-perf raw n=239 total_us=9666 rebuild_us=136 layout_us=2322 paint_us=541 encode_us=42 acquire_us=488 submit_us=6134 skipped=0 gpu_q=1 gpu_total_us=5067 gpu_prepass_us=0 gpu_main_us=5067 gpu_composite_us=0 gpu_blit_us=0
frust_engine::renderer: frust-perf enc n=240 w=60 validate_us=14.3 prepare_us=3.0 classify_us=44.6 admit_us=0.2 walk_us=2846.9 glyphs_us=2313.4 finish_us=2.2 compile_us=2919.4 schedule_us=4.2 paints_us=137.0 instances_us=207.3 resize_us=10.3 upload_us=272.1 replay_us=0.3 pipelines_us=16.4 record_us=27.5 total_us=3612.4 total_p95_us=4212.7 draws=829 strips=12425 alphas=302304 glyph_draws=797 atlas_glyphs=797
frust_shell_common::perf: frust-perf raw n=240 total_us=9466 rebuild_us=139 layout_us=2015 paint_us=416 encode_us=41 acquire_us=738 submit_us=6115 skipped=0 gpu_q=1 gpu_total_us=4978 gpu_prepass_us=0 gpu_main_us=4978 gpu_composite_us=0 gpu_blit_us=0
frust_shell_common::perf: frust-perf raw n=241 total_us=9452 rebuild_us=195 layout_us=2084 paint_us=361 encode_us=43 acquire_us=662 submit_us=6105 skipped=0 gpu_q=1 gpu_total_us=4982 gpu_prepass_us=0 gpu_main_us=4982 gpu_composite_us=0 gpu_blit_us=0
frust_shell_common::perf: frust-perf raw n=242 total_us=9376 rebuild_us=142 layout_us=1841 paint_us=366 encode_us=40 acquire_us=911 submit_us=6074 skipped=0 gpu_q=1 gpu_total_us=4981 gpu_prepass_us=0 gpu_main_us=4981 gpu_composite_us=0 gpu_blit_us=0
frust_shell_common::perf: frust-perf raw n=243 total_us=8853 rebuild_us=134 layout_us=2079 paint_us=366 encode_us=41 acquire_us=69 submit_us=6160 skipped=0 gpu_q=1 gpu_total_us=4971 gpu_prepass_us=0 gpu_main_us=4971 gpu_composite_us=0 gpu_blit_us=0
frust_shell_common::perf: frust-perf raw n=244 total_us=9283 rebuild_us=167 layout_us=1915 paint_us=362 encode_us=40 acquire_us=1010 submit_us=5786 skipped=0 gpu_q=1 gpu_total_us=4965 gpu_prepass_us=0 gpu_main_us=4965 gpu_composite_us=0 gpu_blit_us=0
frust_shell_common::perf: frust-perf raw n=245 total_us=9014 rebuild_us=137 layout_us=2255 paint_us=396 encode_us=72 acquire_us=70 submit_us=6080 skipped=0 gpu_q=1 gpu_total_us=5070 gpu_prepass_us=0 gpu_main_us=5070 gpu_composite_us=0 gpu_blit_us=0
frust_shell_common::perf: frust-perf raw n=246 total_us=9284 rebuild_us=154 layout_us=1913 paint_us=383 encode_us=65 acquire_us=938 submit_us=5829 skipped=0 gpu_q=1 gpu_total_us=5551 gpu_prepass_us=0 gpu_main_us=5551 gpu_composite_us=0 gpu_blit_us=0
frust_shell_common::perf: frust-perf raw n=247 total_us=9628 rebuild_us=146 layout_us=2024 paint_us=433 encode_us=42 acquire_us=992 submit_us=5989 skipped=0 gpu_q=1 gpu_total_us=5017 gpu_prepass_us=0 gpu_main_us=5017 gpu_composite_us=0 gpu_blit_us=0
frust_shell_common::perf: frust-perf raw n=248 total_us=8982 rebuild_us=137 layout_us=1818 paint_us=406 encode_us=40 acquire_us=764 submit_us=5814 skipped=0 gpu_q=1 gpu_total_us=4863 gpu_prepass_us=0 gpu_main_us=4863 gpu_composite_us=0 gpu_blit_us=0
frust_shell_common::perf: frust-perf raw n=249 total_us=8614 rebuild_us=155 layout_us=2080 paint_us=365 encode_us=39 acquire_us=378 submit_us=5596 skipped=0 gpu_q=1 gpu_total_us=4936 gpu_prepass_us=0 gpu_main_us=4936 gpu_composite_us=0 gpu_blit_us=0
frust_shell_common::perf: frust-perf raw n=250 total_us=8375 rebuild_us=135 layout_us=2083 paint_us=349 encode_us=38 acquire_us=67 submit_us=5700 skipped=0 gpu_q=1 gpu_total_us=5051 gpu_prepass_us=0 gpu_main_us=5051 gpu_composite_us=0 gpu_blit_us=0
frust_shell_common::perf: frust-perf raw n=251 total_us=10017 rebuild_us=153 layout_us=2280 paint_us=389 encode_us=40 acquire_us=754 submit_us=6398 skipped=0 gpu_q=1 gpu_total_us=5098 gpu_prepass_us=0 gpu_main_us=5098 gpu_composite_us=0 gpu_blit_us=0
frust_shell_common::perf: frust-perf raw n=252 total_us=8209 rebuild_us=121 layout_us=1710 paint_us=452 encode_us=42 acquire_us=465 submit_us=5416 skipped=0 gpu_q=1 gpu_total_us=4861 gpu_prepass_us=0 gpu_main_us=4861 gpu_composite_us=0 gpu_blit_us=0
frust_shell_common::perf: frust-perf raw n=253 total_us=7361 rebuild_us=139 layout_us=1761 paint_us=320 encode_us=36 acquire_us=552 submit_us=4550 skipped=0 gpu_q=1 gpu_total_us=4925 gpu_prepass_us=0 gpu_main_us=4925 gpu_composite_us=0 gpu_blit_us=0
frust_shell_common::perf: frust-perf raw n=254 total_us=8461 rebuild_us=146 layout_us=1871 paint_us=329 encode_us=35 acquire_us=507 submit_us=5571 skipped=0 gpu_q=1 gpu_total_us=4967 gpu_prepass_us=0 gpu_main_us=4967 gpu_composite_us=0 gpu_blit_us=0
frust_shell_common::perf: frust-perf raw n=255 total_us=9987 rebuild_us=144 layout_us=2135 paint_us=358 encode_us=48 acquire_us=541 submit_us=6758 skipped=0 gpu_q=1 gpu_total_us=5061 gpu_prepass_us=0 gpu_main_us=5061 gpu_composite_us=0 gpu_blit_us=0
frust_shell_common::perf: frust-perf raw n=256 total_us=8160 rebuild_us=175 layout_us=1786 paint_us=353 encode_us=43 acquire_us=577 submit_us=5224 skipped=0 gpu_q=1 gpu_total_us=4819 gpu_prepass_us=0 gpu_main_us=4819 gpu_composite_us=0 gpu_blit_us=0
frust_shell_common::perf: frust-perf raw n=257 total_us=8752 rebuild_us=153 layout_us=2136 paint_us=362 encode_us=38 acquire_us=576 submit_us=5485 skipped=0 gpu_q=1 gpu_total_us=4891 gpu_prepass_us=0 gpu_main_us=4891 gpu_composite_us=0 gpu_blit_us=0
frust_shell_common::perf: frust-perf raw n=258 total_us=8673 rebuild_us=158 layout_us=2323 paint_us=390 encode_us=42 acquire_us=66 submit_us=5691 skipped=0 gpu_q=1 gpu_total_us=4950 gpu_prepass_us=0 gpu_main_us=4950 gpu_composite_us=0 gpu_blit_us=0
frust_shell_common::perf: frust-perf raw n=259 total_us=8987 rebuild_us=144 layout_us=1562 paint_us=301 encode_us=36 acquire_us=464 submit_us=6478 skipped=0 gpu_q=1 gpu_total_us=5184 gpu_prepass_us=0 gpu_main_us=5184 gpu_composite_us=0 gpu_blit_us=0
frust_shell_common::perf: frust-perf raw n=260 total_us=8620 rebuild_us=142 layout_us=1918 paint_us=363 encode_us=38 acquire_us=587 submit_us=5569 skipped=0 gpu_q=1 gpu_total_us=4778 gpu_prepass_us=0 gpu_main_us=4778 gpu_composite_us=0 gpu_blit_us=0
frust_shell_common::perf: frust-perf raw n=261 total_us=7783 rebuild_us=136 layout_us=1665 paint_us=330 encode_us=40 acquire_us=65 submit_us=5544 skipped=0 gpu_q=1 gpu_total_us=4874 gpu_prepass_us=0 gpu_main_us=4874 gpu_composite_us=0 gpu_blit_us=0
frust_shell_common::perf: frust-perf raw n=262 total_us=9692 rebuild_us=154 layout_us=1964 paint_us=537 encode_us=41 acquire_us=845 submit_us=6148 skipped=0 gpu_q=1 gpu_total_us=4938 gpu_prepass_us=0 gpu_main_us=4938 gpu_composite_us=0 gpu_blit_us=0
frust_shell_common::perf: frust-perf raw n=263 total_us=8688 rebuild_us=134 layout_us=1861 paint_us=419 encode_us=40 acquire_us=636 submit_us=5595 skipped=0 gpu_q=1 gpu_total_us=5174 gpu_prepass_us=95 gpu_main_us=5079 gpu_composite_us=0 gpu_blit_us=0
frust_shell_common::perf: frust-perf raw n=264 total_us=8492 rebuild_us=192 layout_us=2377 paint_us=381 encode_us=39 acquire_us=65 submit_us=5436 skipped=0 gpu_q=1 gpu_total_us=5150 gpu_prepass_us=0 gpu_main_us=5150 gpu_composite_us=0 gpu_blit_us=0
frust_shell_common::perf: frust-perf raw n=265 total_us=9734 rebuild_us=133 layout_us=2019 paint_us=383 encode_us=47 acquire_us=984 submit_us=6165 skipped=0 gpu_q=1 gpu_total_us=4840 gpu_prepass_us=0 gpu_main_us=4840 gpu_composite_us=0 gpu_blit_us=0
frust_shell_common::perf: frust-perf raw n=266 total_us=9029 rebuild_us=145 layout_us=1981 paint_us=593 encode_us=42 acquire_us=396 submit_us=5870 skipped=0 gpu_q=1 gpu_total_us=5033 gpu_prepass_us=0 gpu_main_us=5033 gpu_composite_us=0 gpu_blit_us=0
frust_shell_common::perf: frust-perf raw n=267 total_us=7781 rebuild_us=206 layout_us=1866 paint_us=300 encode_us=32 acquire_us=65 submit_us=5309 skipped=0 gpu_q=1 gpu_total_us=4974 gpu_prepass_us=0 gpu_main_us=4974 gpu_composite_us=0 gpu_blit_us=0
frust_shell_common::perf: frust-perf raw n=268 total_us=8833 rebuild_us=131 layout_us=1886 paint_us=362 encode_us=40 acquire_us=352 submit_us=6060 skipped=0 gpu_q=1 gpu_total_us=4811 gpu_prepass_us=0 gpu_main_us=4811 gpu_composite_us=0 gpu_blit_us=0
frust_shell_common::perf: frust-perf raw n=269 total_us=9343 rebuild_us=201 layout_us=2361 paint_us=386 encode_us=44 acquire_us=74 submit_us=6275 skipped=0 gpu_q=1 gpu_total_us=5038 gpu_prepass_us=0 gpu_main_us=5038 gpu_composite_us=0 gpu_blit_us=0
frust_shell_common::perf: frust-perf raw n=270 total_us=10569 rebuild_us=182 layout_us=2569 paint_us=389 encode_us=72 acquire_us=534 submit_us=6821 skipped=0 gpu_q=1 gpu_total_us=5081 gpu_prepass_us=0 gpu_main_us=5081 gpu_composite_us=0 gpu_blit_us=0
frust_shell_common::perf: frust-perf raw n=271 total_us=9356 rebuild_us=136 layout_us=1925 paint_us=361 encode_us=43 acquire_us=498 submit_us=6391 skipped=0 gpu_q=1 gpu_total_us=4887 gpu_prepass_us=0 gpu_main_us=4887 gpu_composite_us=0 gpu_blit_us=0
frust_shell_common::perf: frust-perf raw n=272 total_us=7005 rebuild_us=142 layout_us=1972 paint_us=373 encode_us=35 acquire_us=59 submit_us=4421 skipped=0 gpu_q=1 gpu_total_us=4916 gpu_prepass_us=0 gpu_main_us=4916 gpu_composite_us=0 gpu_blit_us=0
frust_shell_common::perf: frust-perf raw n=273 total_us=6827 rebuild_us=150 layout_us=2092 paint_us=349 encode_us=35 acquire_us=54 submit_us=4145 skipped=0 gpu_q=1 gpu_total_us=4953 gpu_prepass_us=0 gpu_main_us=4953 gpu_composite_us=0 gpu_blit_us=0
frust_shell_common::perf: frust-perf raw n=274 total_us=8595 rebuild_us=156 layout_us=1995 paint_us=363 encode_us=39 acquire_us=259 submit_us=5781 skipped=0 gpu_q=1 gpu_total_us=5130 gpu_prepass_us=0 gpu_main_us=5130 gpu_composite_us=0 gpu_blit_us=0
frust_shell_common::perf: frust-perf raw n=275 total_us=7879 rebuild_us=202 layout_us=1609 paint_us=332 encode_us=42 acquire_us=68 submit_us=5623 skipped=0 gpu_q=1 gpu_total_us=5089 gpu_prepass_us=0 gpu_main_us=5089 gpu_composite_us=0 gpu_blit_us=0
frust_shell_common::perf: frust-perf raw n=276 total_us=8309 rebuild_us=144 layout_us=2074 paint_us=371 encode_us=39 acquire_us=64 submit_us=5614 skipped=0 gpu_q=1 gpu_total_us=4809 gpu_prepass_us=0 gpu_main_us=4809 gpu_composite_us=0 gpu_blit_us=0
frust_shell_common::perf: frust-perf raw n=277 total_us=8558 rebuild_us=146 layout_us=1897 paint_us=421 encode_us=43 acquire_us=69 submit_us=5979 skipped=0 gpu_q=1 gpu_total_us=4774 gpu_prepass_us=0 gpu_main_us=4774 gpu_composite_us=0 gpu_blit_us=0
frust_shell_common::perf: frust-perf raw n=278 total_us=11129 rebuild_us=147 layout_us=1950 paint_us=370 encode_us=43 acquire_us=896 submit_us=7720 skipped=0 gpu_q=1 gpu_total_us=5019 gpu_prepass_us=0 gpu_main_us=5019 gpu_composite_us=0 gpu_blit_us=0
frust_shell_common::perf: frust-perf raw n=279 total_us=8051 rebuild_us=146 layout_us=1966 paint_us=508 encode_us=44 acquire_us=74 submit_us=5309 skipped=0 gpu_q=1 gpu_total_us=4856 gpu_prepass_us=0 gpu_main_us=4856 gpu_composite_us=0 gpu_blit_us=0
frust_shell_common::perf: frust-perf raw n=280 total_us=7104 rebuild_us=159 layout_us=1747 paint_us=330 encode_us=33 acquire_us=320 submit_us=4512 skipped=0 gpu_q=1 gpu_total_us=4853 gpu_prepass_us=0 gpu_main_us=4853 gpu_composite_us=0 gpu_blit_us=0
frust_shell_common::perf: frust-perf raw n=281 total_us=7955 rebuild_us=149 layout_us=2030 paint_us=352 encode_us=44 acquire_us=355 submit_us=5022 skipped=0 gpu_q=1 gpu_total_us=4911 gpu_prepass_us=0 gpu_main_us=4911 gpu_composite_us=0 gpu_blit_us=0
frust_shell_common::perf: frust-perf raw n=282 total_us=9184 rebuild_us=147 layout_us=2090 paint_us=365 encode_us=46 acquire_us=72 submit_us=6460 skipped=0 gpu_q=1 gpu_total_us=5183 gpu_prepass_us=85 gpu_main_us=5097 gpu_composite_us=0 gpu_blit_us=0
frust_shell_common::perf: frust-perf raw n=283 total_us=9499 rebuild_us=153 layout_us=2266 paint_us=395 encode_us=46 acquire_us=80 submit_us=6556 skipped=0 gpu_q=1 gpu_total_us=4996 gpu_prepass_us=0 gpu_main_us=4996 gpu_composite_us=0 gpu_blit_us=0
frust_shell_common::perf: frust-perf raw n=284 total_us=10213 rebuild_us=136 layout_us=2006 paint_us=367 encode_us=42 acquire_us=1010 submit_us=6650 skipped=0 gpu_q=1 gpu_total_us=4762 gpu_prepass_us=0 gpu_main_us=4762 gpu_composite_us=0 gpu_blit_us=0
frust_shell_common::perf: frust-perf raw n=285 total_us=8070 rebuild_us=133 layout_us=1835 paint_us=359 encode_us=38 acquire_us=762 submit_us=4940 skipped=0 gpu_q=1 gpu_total_us=4836 gpu_prepass_us=0 gpu_main_us=4836 gpu_composite_us=0 gpu_blit_us=0
frust_shell_common::perf: frust-perf raw n=286 total_us=8511 rebuild_us=195 layout_us=2055 paint_us=357 encode_us=38 acquire_us=643 submit_us=5220 skipped=0 gpu_q=1 gpu_total_us=4952 gpu_prepass_us=0 gpu_main_us=4952 gpu_composite_us=0 gpu_blit_us=0
frust_shell_common::perf: frust-perf raw n=287 total_us=7708 rebuild_us=181 layout_us=1692 paint_us=472 encode_us=44 acquire_us=66 submit_us=5250 skipped=0 gpu_q=1 gpu_total_us=5063 gpu_prepass_us=0 gpu_main_us=5063 gpu_composite_us=0 gpu_blit_us=0
frust_shell_common::perf: frust-perf raw n=288 total_us=7597 rebuild_us=135 layout_us=1549 paint_us=307 encode_us=39 acquire_us=62 submit_us=5502 skipped=0 gpu_q=1 gpu_total_us=5058 gpu_prepass_us=0 gpu_main_us=5058 gpu_composite_us=0 gpu_blit_us=0
frust_shell_common::perf: frust-perf raw n=289 total_us=9225 rebuild_us=147 layout_us=2076 paint_us=348 encode_us=38 acquire_us=65 submit_us=6548 skipped=0 gpu_q=1 gpu_total_us=4889 gpu_prepass_us=0 gpu_main_us=4889 gpu_composite_us=0 gpu_blit_us=0
frust_shell_common::perf: frust-perf raw n=290 total_us=7060 rebuild_us=126 layout_us=1580 paint_us=299 encode_us=43 acquire_us=75 submit_us=4934 skipped=0 gpu_q=1 gpu_total_us=4971 gpu_prepass_us=0 gpu_main_us=4971 gpu_composite_us=0 gpu_blit_us=0
frust_shell_common::perf: frust-perf raw n=291 total_us=7944 rebuild_us=153 layout_us=1873 paint_us=356 encode_us=31 acquire_us=55 submit_us=5473 skipped=0 gpu_q=1 gpu_total_us=4887 gpu_prepass_us=0 gpu_main_us=4887 gpu_composite_us=0 gpu_blit_us=0
frust_shell_common::perf: frust-perf raw n=292 total_us=9168 rebuild_us=146 layout_us=1865 paint_us=345 encode_us=40 acquire_us=790 submit_us=5979 skipped=0 gpu_q=1 gpu_total_us=4727 gpu_prepass_us=0 gpu_main_us=4727 gpu_composite_us=0 gpu_blit_us=0
frust_shell_common::perf: frust-perf raw n=293 total_us=9974 rebuild_us=134 layout_us=1904 paint_us=442 encode_us=43 acquire_us=1374 submit_us=6073 skipped=0 gpu_q=1 gpu_total_us=5018 gpu_prepass_us=0 gpu_main_us=5018 gpu_composite_us=0 gpu_blit_us=0
frust_shell_common::perf: frust-perf raw n=294 total_us=9094 rebuild_us=139 layout_us=1858 paint_us=402 encode_us=40 acquire_us=734 submit_us=5919 skipped=0 gpu_q=1 gpu_total_us=4886 gpu_prepass_us=0 gpu_main_us=4886 gpu_composite_us=0 gpu_blit_us=0
frust_shell_common::perf: frust-perf raw n=295 total_us=9707 rebuild_us=162 layout_us=2354 paint_us=383 encode_us=42 acquire_us=621 submit_us=6142 skipped=0 gpu_q=1 gpu_total_us=4964 gpu_prepass_us=0 gpu_main_us=4964 gpu_composite_us=0 gpu_blit_us=0
frust_shell_common::perf: frust-perf raw n=296 total_us=8959 rebuild_us=137 layout_us=1932 paint_us=339 encode_us=49 acquire_us=588 submit_us=5911 skipped=0 gpu_q=1 gpu_total_us=4908 gpu_prepass_us=0 gpu_main_us=4908 gpu_composite_us=0 gpu_blit_us=0
frust_shell_common::perf: frust-perf raw n=297 total_us=9406 rebuild_us=154 layout_us=1983 paint_us=375 encode_us=42 acquire_us=228 submit_us=6621 skipped=0 gpu_q=1 gpu_total_us=4999 gpu_prepass_us=0 gpu_main_us=4999 gpu_composite_us=0 gpu_blit_us=0
frust_shell_common::perf: frust-perf raw n=298 total_us=9022 rebuild_us=149 layout_us=2072 paint_us=379 encode_us=35 acquire_us=814 submit_us=5571 skipped=0 gpu_q=1 gpu_total_us=4997 gpu_prepass_us=0 gpu_main_us=4997 gpu_composite_us=0 gpu_blit_us=0
frust_shell_common::perf: frust-perf raw n=299 total_us=9447 rebuild_us=157 layout_us=2191 paint_us=375 encode_us=41 acquire_us=853 submit_us=5827 skipped=0 gpu_q=1 gpu_total_us=5032 gpu_prepass_us=0 gpu_main_us=5032 gpu_composite_us=0 gpu_blit_us=0
frust_engine::renderer: frust-perf enc n=300 w=60 validate_us=13.4 prepare_us=3.0 classify_us=43.6 admit_us=0.2 walk_us=2729.2 glyphs_us=2207.0 finish_us=2.3 compile_us=2785.3 schedule_us=4.3 paints_us=132.7 instances_us=202.8 resize_us=10.4 upload_us=271.8 replay_us=0.2 pipelines_us=15.8 record_us=27.8 total_us=3552.9 total_p95_us=4144.2 draws=830 strips=12434 alphas=303184 glyph_draws=797 atlas_glyphs=797
frust_shell_common::perf: frust-perf raw n=300 total_us=9641 rebuild_us=146 layout_us=2193 paint_us=370 encode_us=42 acquire_us=690 submit_us=6197 skipped=0 gpu_q=1 gpu_total_us=4897 gpu_prepass_us=0 gpu_main_us=4897 gpu_composite_us=0 gpu_blit_us=0
frust_shell_common::perf: frust-perf raw n=301 total_us=9108 rebuild_us=142 layout_us=2322 paint_us=400 encode_us=46 acquire_us=145 submit_us=6050 skipped=0 gpu_q=1 gpu_total_us=5058 gpu_prepass_us=91 gpu_main_us=4966 gpu_composite_us=0 gpu_blit_us=0
frust_shell_common::perf: frust-perf raw n=302 total_us=7933 rebuild_us=149 layout_us=1614 paint_us=323 encode_us=41 acquire_us=67 submit_us=5737 skipped=0 gpu_q=1 gpu_total_us=5052 gpu_prepass_us=0 gpu_main_us=5052 gpu_composite_us=0 gpu_blit_us=0
frust_shell_common::perf: frust-perf raw n=303 total_us=7910 rebuild_us=156 layout_us=2001 paint_us=455 encode_us=37 acquire_us=60 submit_us=5201 skipped=0 gpu_q=1 gpu_total_us=5054 gpu_prepass_us=0 gpu_main_us=5054 gpu_composite_us=0 gpu_blit_us=0
frust_shell_common::perf: frust-perf raw n=304 total_us=8392 rebuild_us=138 layout_us=1583 paint_us=301 encode_us=39 acquire_us=680 submit_us=5648 skipped=0 gpu_q=1 gpu_total_us=4894 gpu_prepass_us=0 gpu_main_us=4894 gpu_composite_us=0 gpu_blit_us=0
frust_shell_common::perf: frust-perf raw n=305 total_us=9147 rebuild_us=139 layout_us=1985 paint_us=355 encode_us=41 acquire_us=430 submit_us=6195 skipped=0 gpu_q=1 gpu_total_us=5540 gpu_prepass_us=0 gpu_main_us=5540 gpu_composite_us=0 gpu_blit_us=0
frust_shell_common::perf: frust-perf raw n=306 total_us=9710 rebuild_us=221 layout_us=1959 paint_us=365 encode_us=77 acquire_us=355 submit_us=6730 skipped=0 gpu_q=1 gpu_total_us=4896 gpu_prepass_us=0 gpu_main_us=4896 gpu_composite_us=0 gpu_blit_us=0
frust_shell_common::perf: frust-perf raw n=307 total_us=9145 rebuild_us=140 layout_us=2020 paint_us=427 encode_us=58 acquire_us=82 submit_us=6416 skipped=0 gpu_q=1 gpu_total_us=4980 gpu_prepass_us=0 gpu_main_us=4980 gpu_composite_us=0 gpu_blit_us=0
frust_shell_common::perf: frust-perf raw n=308 total_us=9016 rebuild_us=176 layout_us=2291 paint_us=396 encode_us=40 acquire_us=70 submit_us=6040 skipped=0 gpu_q=1 gpu_total_us=4808 gpu_prepass_us=0 gpu_main_us=4808 gpu_composite_us=0 gpu_blit_us=0
frust_shell_common::perf: frust-perf raw n=309 total_us=10034 rebuild_us=158 layout_us=2032 paint_us=369 encode_us=45 acquire_us=1061 submit_us=6366 skipped=0 gpu_q=1 gpu_total_us=5001 gpu_prepass_us=0 gpu_main_us=5001 gpu_composite_us=0 gpu_blit_us=0
frust_shell_common::perf: frust-perf raw n=310 total_us=9766 rebuild_us=135 layout_us=1941 paint_us=366 encode_us=44 acquire_us=914 submit_us=6363 skipped=0 gpu_q=1 gpu_total_us=5024 gpu_prepass_us=0 gpu_main_us=5024 gpu_composite_us=0 gpu_blit_us=0
frust_shell_common::perf: frust-perf raw n=311 total_us=9702 rebuild_us=138 layout_us=1898 paint_us=370 encode_us=42 acquire_us=1117 submit_us=6134 skipped=0 gpu_q=1 gpu_total_us=5015 gpu_prepass_us=0 gpu_main_us=5015 gpu_composite_us=0 gpu_blit_us=0
frust_shell_common::perf: frust-perf raw n=312 total_us=9821 rebuild_us=139 layout_us=2392 paint_us=461 encode_us=43 acquire_us=637 submit_us=6147 skipped=0 gpu_q=1 gpu_total_us=4880 gpu_prepass_us=0 gpu_main_us=4880 gpu_composite_us=0 gpu_blit_us=0
frust_shell_common::perf: frust-perf raw n=313 total_us=7809 rebuild_us=135 layout_us=2048 paint_us=364 encode_us=39 acquire_us=74 submit_us=5147 skipped=0 gpu_q=1 gpu_total_us=5130 gpu_prepass_us=0 gpu_main_us=5130 gpu_composite_us=0 gpu_blit_us=0
frust_shell_common::perf: frust-perf raw n=314 total_us=8687 rebuild_us=151 layout_us=2419 paint_us=385 encode_us=35 acquire_us=390 submit_us=5304 skipped=0 gpu_q=1 gpu_total_us=5091 gpu_prepass_us=0 gpu_main_us=5091 gpu_composite_us=0 gpu_blit_us=0
frust_shell_common::perf: frust-perf raw n=315 total_us=8534 rebuild_us=169 layout_us=2079 paint_us=356 encode_us=43 acquire_us=303 submit_us=5580 skipped=0 gpu_q=1 gpu_total_us=5067 gpu_prepass_us=0 gpu_main_us=5067 gpu_composite_us=0 gpu_blit_us=0
frust_shell_common::perf: frust-perf raw n=316 total_us=10324 rebuild_us=183 layout_us=1900 paint_us=517 encode_us=39 acquire_us=1016 submit_us=6666 skipped=0 gpu_q=1 gpu_total_us=4958 gpu_prepass_us=0 gpu_main_us=4958 gpu_composite_us=0 gpu_blit_us=0
frust_shell_common::perf: frust-perf raw n=317 total_us=8470 rebuild_us=125 layout_us=1785 paint_us=348 encode_us=40 acquire_us=300 submit_us=5869 skipped=0 gpu_q=1 gpu_total_us=4844 gpu_prepass_us=0 gpu_main_us=4844 gpu_composite_us=0 gpu_blit_us=0
frust_shell_common::perf: frust-perf raw n=318 total_us=7257 rebuild_us=151 layout_us=2111 paint_us=383 encode_us=35 acquire_us=60 submit_us=4516 skipped=0 gpu_q=1 gpu_total_us=4941 gpu_prepass_us=0 gpu_main_us=4941 gpu_composite_us=0 gpu_blit_us=0
frust_shell_common::perf: frust-perf raw n=319 total_us=8635 rebuild_us=152 layout_us=1930 paint_us=363 encode_us=39 acquire_us=572 submit_us=5576 skipped=0 gpu_q=1 gpu_total_us=5039 gpu_prepass_us=0 gpu_main_us=5039 gpu_composite_us=0 gpu_blit_us=0
frust_shell_common::perf: frust-perf raw n=320 total_us=7891 rebuild_us=153 layout_us=1740 paint_us=305 encode_us=39 acquire_us=61 submit_us=5591 skipped=0 gpu_q=1 gpu_total_us=5163 gpu_prepass_us=0 gpu_main_us=5163 gpu_composite_us=0 gpu_blit_us=0
frust_shell_common::perf: frust-perf raw n=321 total_us=8600 rebuild_us=134 layout_us=1736 paint_us=323 encode_us=43 acquire_us=270 submit_us=6091 skipped=0 gpu_q=1 gpu_total_us=5285 gpu_prepass_us=53 gpu_main_us=5231 gpu_composite_us=0 gpu_blit_us=0
frust_shell_common::perf: frust-perf raw n=322 total_us=10058 rebuild_us=175 layout_us=2613 paint_us=354 encode_us=55 acquire_us=868 submit_us=5991 skipped=0 gpu_q=1 gpu_total_us=4832 gpu_prepass_us=0 gpu_main_us=4832 gpu_composite_us=0 gpu_blit_us=0
frust_shell_common::perf: frust-perf raw n=323 total_us=9150 rebuild_us=128 layout_us=1804 paint_us=801 encode_us=44 acquire_us=398 submit_us=5972 skipped=0 gpu_q=1 gpu_total_us=4798 gpu_prepass_us=0 gpu_main_us=4798 gpu_composite_us=0 gpu_blit_us=0
frust_shell_common::perf: frust-perf raw n=324 total_us=8848 rebuild_us=168 layout_us=1823 paint_us=337 encode_us=40 acquire_us=615 submit_us=5863 skipped=0 gpu_q=1 gpu_total_us=4718 gpu_prepass_us=0 gpu_main_us=4718 gpu_composite_us=0 gpu_blit_us=0
frust_shell_common::perf: frust-perf raw n=325 total_us=8735 rebuild_us=147 layout_us=1698 paint_us=358 encode_us=50 acquire_us=489 submit_us=5990 skipped=0 gpu_q=1 gpu_total_us=4923 gpu_prepass_us=0 gpu_main_us=4923 gpu_composite_us=0 gpu_blit_us=0
frust_shell_common::perf: frust-perf raw n=326 total_us=9205 rebuild_us=151 layout_us=2402 paint_us=391 encode_us=43 acquire_us=145 submit_us=6070 skipped=0 gpu_q=1 gpu_total_us=5191 gpu_prepass_us=0 gpu_main_us=5191 gpu_composite_us=0 gpu_blit_us=0
frust_shell_common::perf: frust-perf raw n=327 total_us=9630 rebuild_us=143 layout_us=2050 paint_us=388 encode_us=46 acquire_us=843 submit_us=6156 skipped=0 gpu_q=1 gpu_total_us=5018 gpu_prepass_us=0 gpu_main_us=5018 gpu_composite_us=0 gpu_blit_us=0
frust_shell_common::perf: frust-perf raw n=328 total_us=9281 rebuild_us=141 layout_us=2068 paint_us=363 encode_us=41 acquire_us=662 submit_us=6004 skipped=0 gpu_q=1 gpu_total_us=4899 gpu_prepass_us=0 gpu_main_us=4899 gpu_composite_us=0 gpu_blit_us=0
frust_shell_common::perf: frust-perf raw n=329 total_us=9700 rebuild_us=157 layout_us=2082 paint_us=399 encode_us=40 acquire_us=762 submit_us=6258 skipped=0 gpu_q=1 gpu_total_us=4872 gpu_prepass_us=0 gpu_main_us=4872 gpu_composite_us=0 gpu_blit_us=0
frust_shell_common::perf: frust-perf raw n=330 total_us=9750 rebuild_us=145 layout_us=1866 paint_us=320 encode_us=37 acquire_us=1257 submit_us=6123 skipped=0 gpu_q=1 gpu_total_us=4977 gpu_prepass_us=0 gpu_main_us=4977 gpu_composite_us=0 gpu_blit_us=0
frust_shell_common::perf: frust-perf raw n=331 total_us=8546 rebuild_us=130 layout_us=1639 paint_us=310 encode_us=37 acquire_us=466 submit_us=5962 skipped=0 gpu_q=1 gpu_total_us=5043 gpu_prepass_us=0 gpu_main_us=5043 gpu_composite_us=0 gpu_blit_us=0
frust_shell_common::perf: frust-perf raw n=332 total_us=7323 rebuild_us=170 layout_us=1907 paint_us=330 encode_us=32 acquire_us=519 submit_us=4362 skipped=0 gpu_q=1 gpu_total_us=5017 gpu_prepass_us=0 gpu_main_us=5017 gpu_composite_us=0 gpu_blit_us=0
frust_shell_common::perf: frust-perf raw n=333 total_us=7789 rebuild_us=195 layout_us=2192 paint_us=384 encode_us=37 acquire_us=58 submit_us=4921 skipped=0 gpu_q=1 gpu_total_us=4995 gpu_prepass_us=0 gpu_main_us=4995 gpu_composite_us=0 gpu_blit_us=0
frust_shell_common::perf: frust-perf raw n=334 total_us=9235 rebuild_us=148 layout_us=2082 paint_us=362 encode_us=43 acquire_us=386 submit_us=6212 skipped=0 gpu_q=1 gpu_total_us=5101 gpu_prepass_us=0 gpu_main_us=5101 gpu_composite_us=0 gpu_blit_us=0
frust_shell_common::perf: frust-perf raw n=335 total_us=9235 rebuild_us=141 layout_us=1892 paint_us=457 encode_us=53 acquire_us=132 submit_us=6558 skipped=0 gpu_q=1 gpu_total_us=4916 gpu_prepass_us=0 gpu_main_us=4916 gpu_composite_us=0 gpu_blit_us=0
frust_shell_common::perf: frust-perf raw n=336 total_us=10442 rebuild_us=141 layout_us=1929 paint_us=462 encode_us=42 acquire_us=550 submit_us=7316 skipped=0 gpu_q=1 gpu_total_us=4712 gpu_prepass_us=0 gpu_main_us=4712 gpu_composite_us=0 gpu_blit_us=0
frust_shell_common::perf: frust-perf raw n=337 total_us=9259 rebuild_us=145 layout_us=1910 paint_us=359 encode_us=41 acquire_us=926 submit_us=5877 skipped=0 gpu_q=1 gpu_total_us=4818 gpu_prepass_us=0 gpu_main_us=4818 gpu_composite_us=0 gpu_blit_us=0
frust_shell_common::perf: frust-perf raw n=338 total_us=8198 rebuild_us=142 layout_us=1911 paint_us=538 encode_us=39 acquire_us=67 submit_us=5498 skipped=0 gpu_q=1 gpu_total_us=5086 gpu_prepass_us=0 gpu_main_us=5086 gpu_composite_us=0 gpu_blit_us=0
frust_shell_common::perf: frust-perf raw n=339 total_us=9149 rebuild_us=146 layout_us=2377 paint_us=404 encode_us=40 acquire_us=531 submit_us=5648 skipped=0 gpu_q=1 gpu_total_us=5080 gpu_prepass_us=0 gpu_main_us=5080 gpu_composite_us=0 gpu_blit_us=0
frust_shell_common::perf: frust-perf raw n=340 total_us=8164 rebuild_us=129 layout_us=1473 paint_us=354 encode_us=44 acquire_us=371 submit_us=5790 skipped=0 gpu_q=1 gpu_total_us=5091 gpu_prepass_us=88 gpu_main_us=5003 gpu_composite_us=0 gpu_blit_us=0
frust_shell_common::perf: frust-perf raw n=341 total_us=8303 rebuild_us=143 layout_us=1950 paint_us=334 encode_us=41 acquire_us=113 submit_us=5720 skipped=0 gpu_q=1 gpu_total_us=5486 gpu_prepass_us=0 gpu_main_us=5486 gpu_composite_us=0 gpu_blit_us=0
frust_shell_common::perf: frust-perf raw n=342 total_us=9380 rebuild_us=146 layout_us=2202 paint_us=362 encode_us=46 acquire_us=262 submit_us=6360 skipped=0 gpu_q=1 gpu_total_us=4895 gpu_prepass_us=0 gpu_main_us=4895 gpu_composite_us=0 gpu_blit_us=0
frust_shell_common::perf: frust-perf raw n=343 total_us=10035 rebuild_us=139 layout_us=1964 paint_us=452 encode_us=42 acquire_us=641 submit_us=6797 skipped=0 gpu_q=1 gpu_total_us=4971 gpu_prepass_us=0 gpu_main_us=4971 gpu_composite_us=0 gpu_blit_us=0
frust_shell_common::perf: frust-perf raw n=344 total_us=9441 rebuild_us=139 layout_us=1945 paint_us=370 encode_us=42 acquire_us=721 submit_us=6222 skipped=0 gpu_q=1 gpu_total_us=4826 gpu_prepass_us=0 gpu_main_us=4826 gpu_composite_us=0 gpu_blit_us=0
frust_shell_common::perf: frust-perf raw n=345 total_us=8069 rebuild_us=117 layout_us=1776 paint_us=341 encode_us=42 acquire_us=70 submit_us=5721 skipped=0 gpu_q=1 gpu_total_us=4939 gpu_prepass_us=0 gpu_main_us=4939 gpu_composite_us=0 gpu_blit_us=0
frust_shell_common::perf: frust-perf raw n=346 total_us=7634 rebuild_us=132 layout_us=1518 paint_us=359 encode_us=37 acquire_us=65 submit_us=5521 skipped=0 gpu_q=1 gpu_total_us=5042 gpu_prepass_us=0 gpu_main_us=5042 gpu_composite_us=0 gpu_blit_us=0
frust_shell_android::app::frame: frust-perf platform-view tail depth=0 target=0 acquire_bound=false frame=360 expected_present_us=0 acquire_us=243 period_us=8263
frust_shell_common::perf: frust-perf raw n=347 total_us=8148 rebuild_us=147 layout_us=1788 paint_us=311 encode_us=42 acquire_us=66 submit_us=5793 skipped=0 gpu_q=1 gpu_total_us=5090 gpu_prepass_us=0 gpu_main_us=5090 gpu_composite_us=0 gpu_blit_us=0
frust_shell_common::perf: frust-perf raw n=348 total_us=8553 rebuild_us=143 layout_us=1793 paint_us=331 encode_us=41 acquire_us=68 submit_us=6175 skipped=0 gpu_q=1 gpu_total_us=4912 gpu_prepass_us=0 gpu_main_us=4912 gpu_composite_us=0 gpu_blit_us=0
frust_shell_common::perf: frust-perf raw n=349 total_us=8843 rebuild_us=147 layout_us=2047 paint_us=360 encode_us=44 acquire_us=75 submit_us=6168 skipped=0 gpu_q=1 gpu_total_us=4836 gpu_prepass_us=0 gpu_main_us=4836 gpu_composite_us=0 gpu_blit_us=0
frust_shell_common::perf: frust-perf raw n=350 total_us=9832 rebuild_us=156 layout_us=1979 paint_us=367 encode_us=44 acquire_us=1181 submit_us=6101 skipped=0 gpu_q=1 gpu_total_us=4914 gpu_prepass_us=0 gpu_main_us=4914 gpu_composite_us=0 gpu_blit_us=0
frust_shell_common::perf: frust-perf raw n=351 total_us=8909 rebuild_us=140 layout_us=2187 paint_us=390 encode_us=43 acquire_us=133 submit_us=6015 skipped=0 gpu_q=1 gpu_total_us=4974 gpu_prepass_us=0 gpu_main_us=4974 gpu_composite_us=0 gpu_blit_us=0
frust_shell_common::perf: frust-perf raw n=352 total_us=9169 rebuild_us=156 layout_us=1889 paint_us=368 encode_us=42 acquire_us=755 submit_us=5956 skipped=0 gpu_q=1 gpu_total_us=4889 gpu_prepass_us=0 gpu_main_us=4889 gpu_composite_us=0 gpu_blit_us=0
frust_shell_common::perf: frust-perf raw n=353 total_us=9362 rebuild_us=156 layout_us=1929 paint_us=488 encode_us=38 acquire_us=867 submit_us=5881 skipped=0 gpu_q=1 gpu_total_us=4961 gpu_prepass_us=0 gpu_main_us=4961 gpu_composite_us=0 gpu_blit_us=0
frust_shell_common::perf: frust-perf raw n=354 total_us=10199 rebuild_us=137 layout_us=2607 paint_us=509 encode_us=42 acquire_us=714 submit_us=6187 skipped=0 gpu_q=1 gpu_total_us=5068 gpu_prepass_us=0 gpu_main_us=5068 gpu_composite_us=0 gpu_blit_us=0
frust_shell_common::perf: frust-perf raw n=355 total_us=9102 rebuild_us=142 layout_us=1999 paint_us=350 encode_us=37 acquire_us=737 submit_us=5834 skipped=0 gpu_q=1 gpu_total_us=4952 gpu_prepass_us=0 gpu_main_us=4952 gpu_composite_us=0 gpu_blit_us=0
frust_shell_common::perf: frust-perf raw n=356 total_us=9137 rebuild_us=132 layout_us=1953 paint_us=362 encode_us=37 acquire_us=64 submit_us=6587 skipped=0 gpu_q=1 gpu_total_us=4927 gpu_prepass_us=0 gpu_main_us=4927 gpu_composite_us=0 gpu_blit_us=0
frust_shell_common::perf: frust-perf raw n=357 total_us=9190 rebuild_us=140 layout_us=2063 paint_us=361 encode_us=37 acquire_us=1377 submit_us=5209 skipped=0 gpu_q=1 gpu_total_us=5077 gpu_prepass_us=0 gpu_main_us=5077 gpu_composite_us=0 gpu_blit_us=0
frust_shell_common::perf: frust-perf raw n=358 total_us=9110 rebuild_us=161 layout_us=2391 paint_us=392 encode_us=42 acquire_us=518 submit_us=5605 skipped=0 gpu_q=1 gpu_total_us=5124 gpu_prepass_us=0 gpu_main_us=5124 gpu_composite_us=0 gpu_blit_us=0
frust_shell_common::perf: frust-perf raw n=359 total_us=8509 rebuild_us=153 layout_us=2068 paint_us=360 encode_us=42 acquire_us=69 submit_us=5814 skipped=0 gpu_q=1 gpu_total_us=5558 gpu_prepass_us=0 gpu_main_us=5558 gpu_composite_us=0 gpu_blit_us=0
frust_engine::renderer: frust-perf enc n=360 w=60 validate_us=13.8 prepare_us=2.8 classify_us=44.3 admit_us=0.2 walk_us=2847.1 glyphs_us=2291.8 finish_us=2.2 compile_us=2912.0 schedule_us=4.3 paints_us=138.5 instances_us=208.7 resize_us=10.3 upload_us=272.4 replay_us=0.3 pipelines_us=15.8 record_us=28.0 total_us=3639.2 total_p95_us=4191.1 draws=829 strips=12447 alphas=302080 glyph_draws=797 atlas_glyphs=797
frust_shell_common::perf: frust-perf raw n=360 total_us=9657 rebuild_us=139 layout_us=2021 paint_us=354 encode_us=41 acquire_us=1065 submit_us=6035 skipped=0 gpu_q=1 gpu_total_us=4931 gpu_prepass_us=99 gpu_main_us=4831 gpu_composite_us=0 gpu_blit_us=0
frust_shell_common::perf: frust-perf raw n=361 total_us=9655 rebuild_us=368 layout_us=1785 paint_us=413 encode_us=46 acquire_us=421 submit_us=6620 skipped=0 gpu_q=1 gpu_total_us=4984 gpu_prepass_us=0 gpu_main_us=4984 gpu_composite_us=0 gpu_blit_us=0
frust_shell_common::perf: frust-perf raw n=362 total_us=8991 rebuild_us=174 layout_us=1843 paint_us=358 encode_us=37 acquire_us=513 submit_us=6064 skipped=0 gpu_q=1 gpu_total_us=5016 gpu_prepass_us=0 gpu_main_us=5016 gpu_composite_us=0 gpu_blit_us=0
frust_shell_common::perf: frust-perf raw n=363 total_us=8280 rebuild_us=150 layout_us=1993 paint_us=393 encode_us=39 acquire_us=64 submit_us=5639 skipped=0 gpu_q=1 gpu_total_us=5011 gpu_prepass_us=0 gpu_main_us=5011 gpu_composite_us=0 gpu_blit_us=0
frust_shell_common::perf: frust-perf raw n=364 total_us=9449 rebuild_us=148 layout_us=2295 paint_us=392 encode_us=43 acquire_us=606 submit_us=5964 skipped=0 gpu_q=1 gpu_total_us=5012 gpu_prepass_us=0 gpu_main_us=5012 gpu_composite_us=0 gpu_blit_us=0
frust_shell_common::perf: frust-perf raw n=365 total_us=9914 rebuild_us=140 layout_us=1916 paint_us=373 encode_us=48 acquire_us=949 submit_us=6486 skipped=0 gpu_q=1 gpu_total_us=5041 gpu_prepass_us=0 gpu_main_us=5041 gpu_composite_us=0 gpu_blit_us=0
frust_shell_common::perf: frust-perf raw n=366 total_us=9563 rebuild_us=142 layout_us=1843 paint_us=390 encode_us=40 acquire_us=707 submit_us=6438 skipped=0 gpu_q=1 gpu_total_us=4936 gpu_prepass_us=0 gpu_main_us=4936 gpu_composite_us=0 gpu_blit_us=0
frust_shell_common::perf: frust-perf raw n=367 total_us=9445 rebuild_us=136 layout_us=1864 paint_us=421 encode_us=39 acquire_us=961 submit_us=6021 skipped=0 gpu_q=1 gpu_total_us=4880 gpu_prepass_us=0 gpu_main_us=4880 gpu_composite_us=0 gpu_blit_us=0
frust_shell_common::perf: frust-perf raw n=368 total_us=9460 rebuild_us=139 layout_us=2338 paint_us=442 encode_us=43 acquire_us=523 submit_us=5972 skipped=0 gpu_q=1 gpu_total_us=4915 gpu_prepass_us=0 gpu_main_us=4915 gpu_composite_us=0 gpu_blit_us=0
frust_shell_common::perf: frust-perf raw n=369 total_us=8602 rebuild_us=157 layout_us=1572 paint_us=365 encode_us=39 acquire_us=724 submit_us=5743 skipped=0 gpu_q=1 gpu_total_us=5057 gpu_prepass_us=0 gpu_main_us=5057 gpu_composite_us=0 gpu_blit_us=0
frust_shell_common::perf: frust-perf raw n=370 total_us=8231 rebuild_us=152 layout_us=1936 paint_us=431 encode_us=41 acquire_us=64 submit_us=5605 skipped=0 gpu_q=1 gpu_total_us=5093 gpu_prepass_us=0 gpu_main_us=5093 gpu_composite_us=0 gpu_blit_us=0
frust_shell_common::perf: frust-perf raw n=371 total_us=8271 rebuild_us=156 layout_us=1973 paint_us=380 encode_us=43 acquire_us=65 submit_us=5651 skipped=0 gpu_q=1 gpu_total_us=5064 gpu_prepass_us=0 gpu_main_us=5064 gpu_composite_us=0 gpu_blit_us=0
frust_shell_common::perf: frust-perf raw n=372 total_us=8527 rebuild_us=156 layout_us=2035 paint_us=356 encode_us=41 acquire_us=65 submit_us=5871 skipped=0 gpu_q=1 gpu_total_us=4831 gpu_prepass_us=0 gpu_main_us=4831 gpu_composite_us=0 gpu_blit_us=0
frust_shell_common::perf: frust-perf raw n=373 total_us=8697 rebuild_us=142 layout_us=2018 paint_us=364 encode_us=44 acquire_us=71 submit_us=6056 skipped=0 gpu_q=1 gpu_total_us=4844 gpu_prepass_us=0 gpu_main_us=4844 gpu_composite_us=0 gpu_blit_us=0
frust_shell_common::perf: frust-perf raw n=374 total_us=8025 rebuild_us=161 layout_us=2040 paint_us=364 encode_us=41 acquire_us=72 submit_us=5344 skipped=0 gpu_q=1 gpu_total_us=5178 gpu_prepass_us=0 gpu_main_us=5178 gpu_composite_us=0 gpu_blit_us=0
frust_shell_common::perf: frust-perf raw n=375 total_us=10065 rebuild_us=161 layout_us=2233 paint_us=368 encode_us=38 acquire_us=630 submit_us=6632 skipped=0 gpu_q=1 gpu_total_us=4982 gpu_prepass_us=0 gpu_main_us=4982 gpu_composite_us=0 gpu_blit_us=0
frust_shell_common::perf: frust-perf raw n=376 total_us=8805 rebuild_us=144 layout_us=2535 paint_us=409 encode_us=43 acquire_us=76 submit_us=5595 skipped=0 gpu_q=1 gpu_total_us=4901 gpu_prepass_us=0 gpu_main_us=4901 gpu_composite_us=0 gpu_blit_us=0
frust_shell_common::perf: frust-perf raw n=377 total_us=7461 rebuild_us=170 layout_us=1766 paint_us=340 encode_us=37 acquire_us=60 submit_us=5086 skipped=0 gpu_q=1 gpu_total_us=4942 gpu_prepass_us=0 gpu_main_us=4942 gpu_composite_us=0 gpu_blit_us=0
frust_shell_common::perf: frust-perf raw n=378 total_us=7505 rebuild_us=141 layout_us=1908 paint_us=348 encode_us=35 acquire_us=590 submit_us=4480 skipped=0 gpu_q=1 gpu_total_us=4960 gpu_prepass_us=0 gpu_main_us=4960 gpu_composite_us=0 gpu_blit_us=0
frust_shell_common::perf: frust-perf raw n=379 total_us=8146 rebuild_us=165 layout_us=1795 paint_us=340 encode_us=33 acquire_us=677 submit_us=5133 skipped=0 gpu_q=1 gpu_total_us=5214 gpu_prepass_us=96 gpu_main_us=5118 gpu_composite_us=0 gpu_blit_us=0
frust_shell_common::perf: frust-perf raw n=380 total_us=8312 rebuild_us=142 layout_us=1853 paint_us=330 encode_us=36 acquire_us=314 submit_us=5635 skipped=0 gpu_q=1 gpu_total_us=4805 gpu_prepass_us=0 gpu_main_us=4805 gpu_composite_us=0 gpu_blit_us=0
frust_shell_common::perf: frust-perf raw n=381 total_us=10540 rebuild_us=192 layout_us=3575 paint_us=412 encode_us=49 acquire_us=183 submit_us=6126 skipped=0 gpu_q=1 gpu_total_us=4784 gpu_prepass_us=0 gpu_main_us=4784 gpu_composite_us=0 gpu_blit_us=0
frust_shell_common::perf: frust-perf raw n=382 total_us=8172 rebuild_us=134 layout_us=1802 paint_us=605 encode_us=134 acquire_us=68 submit_us=5427 skipped=0 gpu_q=1 gpu_total_us=4941 gpu_prepass_us=0 gpu_main_us=4941 gpu_composite_us=0 gpu_blit_us=0
frust_shell_common::perf: frust-perf raw n=383 total_us=7916 rebuild_us=132 layout_us=1692 paint_us=432 encode_us=41 acquire_us=72 submit_us=5545 skipped=0 gpu_q=1 gpu_total_us=4927 gpu_prepass_us=0 gpu_main_us=4927 gpu_composite_us=0 gpu_blit_us=0
frust_shell_common::perf: frust-perf raw n=384 total_us=7252 rebuild_us=132 layout_us=1314 paint_us=272 encode_us=40 acquire_us=65 submit_us=5427 skipped=0 gpu_q=1 gpu_total_us=4850 gpu_prepass_us=0 gpu_main_us=4850 gpu_composite_us=0 gpu_blit_us=0
frust_shell_common::perf: frust-perf raw n=385 total_us=8634 rebuild_us=190 layout_us=1953 paint_us=462 encode_us=45 acquire_us=68 submit_us=5913 skipped=0 gpu_q=1 gpu_total_us=4996 gpu_prepass_us=0 gpu_main_us=4996 gpu_composite_us=0 gpu_blit_us=0
frust_shell_common::perf: frust-perf raw n=386 total_us=9096 rebuild_us=150 layout_us=2153 paint_us=356 encode_us=43 acquire_us=311 submit_us=6081 skipped=0 gpu_q=1 gpu_total_us=4865 gpu_prepass_us=0 gpu_main_us=4865 gpu_composite_us=0 gpu_blit_us=0
frust_shell_common::perf: frust-perf raw n=387 total_us=9632 rebuild_us=163 layout_us=2161 paint_us=433 encode_us=43 acquire_us=587 submit_us=6243 skipped=0 gpu_q=1 gpu_total_us=4903 gpu_prepass_us=0 gpu_main_us=4903 gpu_composite_us=0 gpu_blit_us=0
frust_shell_common::perf: frust-perf raw n=388 total_us=9506 rebuild_us=141 layout_us=2050 paint_us=364 encode_us=41 acquire_us=835 submit_us=6072 skipped=0 gpu_q=1 gpu_total_us=4792 gpu_prepass_us=0 gpu_main_us=4792 gpu_composite_us=0 gpu_blit_us=0
frust_shell_common::perf: frust-perf raw n=389 total_us=9314 rebuild_us=141 layout_us=2383 paint_us=446 encode_us=48 acquire_us=137 submit_us=6156 skipped=0 gpu_q=1 gpu_total_us=4949 gpu_prepass_us=0 gpu_main_us=4949 gpu_composite_us=0 gpu_blit_us=0
frust_shell_common::perf: frust-perf raw n=390 total_us=9745 rebuild_us=186 layout_us=2409 paint_us=422 encode_us=44 acquire_us=532 submit_us=6149 skipped=0 gpu_q=1 gpu_total_us=5039 gpu_prepass_us=0 gpu_main_us=5039 gpu_composite_us=0 gpu_blit_us=0
frust_shell_common::perf: frust-perf raw n=391 total_us=9527 rebuild_us=133 layout_us=2009 paint_us=364 encode_us=43 acquire_us=941 submit_us=6035 skipped=0 gpu_q=1 gpu_total_us=5043 gpu_prepass_us=0 gpu_main_us=5043 gpu_composite_us=0 gpu_blit_us=0
frust_shell_common::perf: frust-perf raw n=392 total_us=9626 rebuild_us=239 layout_us=1897 paint_us=414 encode_us=40 acquire_us=859 submit_us=6173 skipped=0 gpu_q=1 gpu_total_us=4940 gpu_prepass_us=0 gpu_main_us=4940 gpu_composite_us=0 gpu_blit_us=0
frust_shell_common::perf: frust-perf raw n=393 total_us=9656 rebuild_us=167 layout_us=1880 paint_us=371 encode_us=44 acquire_us=1028 submit_us=6162 skipped=0 gpu_q=1 gpu_total_us=4932 gpu_prepass_us=0 gpu_main_us=4932 gpu_composite_us=0 gpu_blit_us=0
frust_shell_common::perf: frust-perf raw n=394 total_us=9274 rebuild_us=137 layout_us=1840 paint_us=363 encode_us=39 acquire_us=776 submit_us=6116 skipped=0 gpu_q=1 gpu_total_us=5069 gpu_prepass_us=0 gpu_main_us=5069 gpu_composite_us=0 gpu_blit_us=0
frust_shell_common::perf: frust-perf raw n=395 total_us=9201 rebuild_us=137 layout_us=2305 paint_us=443 encode_us=41 acquire_us=649 submit_us=5624 skipped=0 gpu_q=1 gpu_total_us=5123 gpu_prepass_us=0 gpu_main_us=5123 gpu_composite_us=0 gpu_blit_us=0
frust_shell_common::perf: frust-perf raw n=396 total_us=8460 rebuild_us=139 layout_us=1907 paint_us=460 encode_us=40 acquire_us=415 submit_us=5496 skipped=0 gpu_q=1 gpu_total_us=4954 gpu_prepass_us=0 gpu_main_us=4954 gpu_composite_us=0 gpu_blit_us=0
frust_shell_common::perf: frust-perf raw n=397 total_us=8528 rebuild_us=147 layout_us=2071 paint_us=444 encode_us=49 acquire_us=110 submit_us=5704 skipped=0 gpu_q=1 gpu_total_us=5001 gpu_prepass_us=0 gpu_main_us=5001 gpu_composite_us=0 gpu_blit_us=0
frust_shell_common::perf: frust-perf raw n=398 total_us=9347 rebuild_us=158 layout_us=1875 paint_us=488 encode_us=42 acquire_us=510 submit_us=6272 skipped=0 gpu_q=1 gpu_total_us=5037 gpu_prepass_us=0 gpu_main_us=5037 gpu_composite_us=0 gpu_blit_us=0
frust_shell_common::perf: frust-perf raw n=399 total_us=9765 rebuild_us=145 layout_us=1963 paint_us=377 encode_us=45 acquire_us=523 submit_us=6709 skipped=0 gpu_q=1 gpu_total_us=4982 gpu_prepass_us=0 gpu_main_us=4982 gpu_composite_us=0 gpu_blit_us=0
frust_shell_common::perf: frust-perf raw n=400 total_us=9110 rebuild_us=143 layout_us=2088 paint_us=379 encode_us=48 acquire_us=86 submit_us=6363 skipped=0 gpu_q=1 gpu_total_us=4820 gpu_prepass_us=0 gpu_main_us=4820 gpu_composite_us=0 gpu_blit_us=0
frust_shell_common::perf: frust-perf raw n=401 total_us=8862 rebuild_us=177 layout_us=2108 paint_us=371 encode_us=42 acquire_us=73 submit_us=6089 skipped=0 gpu_q=1 gpu_total_us=5009 gpu_prepass_us=0 gpu_main_us=5009 gpu_composite_us=0 gpu_blit_us=0
frust_shell_common::perf: frust-perf raw n=402 total_us=9753 rebuild_us=161 layout_us=2536 paint_us=401 encode_us=49 acquire_us=193 submit_us=6412 skipped=0 gpu_q=1 gpu_total_us=5022 gpu_prepass_us=0 gpu_main_us=5022 gpu_composite_us=0 gpu_blit_us=0
frust_shell_common::perf: frust-perf raw n=403 total_us=7824 rebuild_us=120 layout_us=1447 paint_us=396 encode_us=40 acquire_us=76 submit_us=5743 skipped=0 gpu_q=1 gpu_total_us=5416 gpu_prepass_us=0 gpu_main_us=5416 gpu_composite_us=0 gpu_blit_us=0
frust_shell_common::perf: frust-perf raw n=404 total_us=6989 rebuild_us=135 layout_us=1900 paint_us=322 encode_us=36 acquire_us=57 submit_us=4537 skipped=0 gpu_q=1 gpu_total_us=4841 gpu_prepass_us=0 gpu_main_us=4841 gpu_composite_us=0 gpu_blit_us=0
frust_shell_common::perf: frust-perf raw n=405 total_us=9386 rebuild_us=182 layout_us=2083 paint_us=353 encode_us=33 acquire_us=495 submit_us=6237 skipped=0 gpu_q=1 gpu_total_us=4904 gpu_prepass_us=0 gpu_main_us=4904 gpu_composite_us=0 gpu_blit_us=0
frust_shell_common::perf: frust-perf raw n=406 total_us=9402 rebuild_us=129 layout_us=2278 paint_us=466 encode_us=47 acquire_us=76 submit_us=6403 skipped=0 gpu_q=1 gpu_total_us=5077 gpu_prepass_us=0 gpu_main_us=5077 gpu_composite_us=0 gpu_blit_us=0
frust_shell_common::perf: frust-perf raw n=407 total_us=9066 rebuild_us=155 layout_us=1963 paint_us=380 encode_us=44 acquire_us=460 submit_us=6062 skipped=0 gpu_q=1 gpu_total_us=4987 gpu_prepass_us=0 gpu_main_us=4987 gpu_composite_us=0 gpu_blit_us=0
frust_shell_common::perf: frust-perf raw n=408 total_us=9064 rebuild_us=181 layout_us=2268 paint_us=409 encode_us=44 acquire_us=71 submit_us=6088 skipped=0 gpu_q=1 gpu_total_us=4754 gpu_prepass_us=0 gpu_main_us=4754 gpu_composite_us=0 gpu_blit_us=0
frust_shell_common::perf: frust-perf raw n=409 total_us=8997 rebuild_us=165 layout_us=1961 paint_us=365 encode_us=41 acquire_us=321 submit_us=6142 skipped=0 gpu_q=1 gpu_total_us=4986 gpu_prepass_us=0 gpu_main_us=4986 gpu_composite_us=0 gpu_blit_us=0
frust_shell_common::perf: frust-perf raw n=410 total_us=9502 rebuild_us=164 layout_us=1944 paint_us=407 encode_us=42 acquire_us=1037 submit_us=5906 skipped=0 gpu_q=1 gpu_total_us=5064 gpu_prepass_us=0 gpu_main_us=5064 gpu_composite_us=0 gpu_blit_us=0
frust_shell_common::perf: frust-perf raw n=411 total_us=9018 rebuild_us=134 layout_us=1875 paint_us=360 encode_us=38 acquire_us=710 submit_us=5900 skipped=0 gpu_q=1 gpu_total_us=4989 gpu_prepass_us=0 gpu_main_us=4989 gpu_composite_us=0 gpu_blit_us=0
frust_shell_common::perf: frust-perf raw n=412 total_us=8777 rebuild_us=152 layout_us=1923 paint_us=368 encode_us=42 acquire_us=69 submit_us=6219 skipped=0 gpu_q=1 gpu_total_us=4911 gpu_prepass_us=0 gpu_main_us=4911 gpu_composite_us=0 gpu_blit_us=0
frust_shell_common::perf: frust-perf raw n=413 total_us=9012 rebuild_us=156 layout_us=2351 paint_us=393 encode_us=42 acquire_us=70 submit_us=5997 skipped=0 gpu_q=1 gpu_total_us=5072 gpu_prepass_us=0 gpu_main_us=5072 gpu_composite_us=0 gpu_blit_us=0
frust_shell_common::perf: frust-perf raw n=414 total_us=9734 rebuild_us=165 layout_us=2559 paint_us=486 encode_us=58 acquire_us=397 submit_us=6066 skipped=0 gpu_q=1 gpu_total_us=5083 gpu_prepass_us=0 gpu_main_us=5083 gpu_composite_us=0 gpu_blit_us=0
frust_shell_common::perf: frust-perf raw n=415 total_us=8399 rebuild_us=141 layout_us=1841 paint_us=407 encode_us=40 acquire_us=74 submit_us=5893 skipped=0 gpu_q=1 gpu_total_us=5344 gpu_prepass_us=0 gpu_main_us=5344 gpu_composite_us=0 gpu_blit_us=0
frust_shell_common::perf: frust-perf raw n=416 total_us=8544 rebuild_us=144 layout_us=2070 paint_us=360 encode_us=39 acquire_us=71 submit_us=5858 skipped=0 gpu_q=1 gpu_total_us=4836 gpu_prepass_us=0 gpu_main_us=4836 gpu_composite_us=0 gpu_blit_us=0
frust_shell_common::perf: frust-perf raw n=417 total_us=8740 rebuild_us=274 layout_us=2083 paint_us=354 encode_us=38 acquire_us=74 submit_us=5915 skipped=0 gpu_q=1 gpu_total_us=4944 gpu_prepass_us=0 gpu_main_us=4944 gpu_composite_us=0 gpu_blit_us=0
frust_shell_common::perf: frust-perf raw n=418 total_us=10168 rebuild_us=157 layout_us=2061 paint_us=356 encode_us=46 acquire_us=1272 submit_us=6273 skipped=0 gpu_q=1 gpu_total_us=5032 gpu_prepass_us=0 gpu_main_us=5032 gpu_composite_us=0 gpu_blit_us=0
frust_shell_common::perf: frust-perf raw n=419 total_us=10077 rebuild_us=148 layout_us=2549 paint_us=357 encode_us=49 acquire_us=362 submit_us=6609 skipped=0 gpu_q=1 gpu_total_us=4963 gpu_prepass_us=0 gpu_main_us=4963 gpu_composite_us=0 gpu_blit_us=0
frust_engine::renderer: frust-perf enc n=420 w=60 validate_us=13.6 prepare_us=3.0 classify_us=44.4 admit_us=0.2 walk_us=2898.8 glyphs_us=2335.5 finish_us=2.3 compile_us=2962.3 schedule_us=4.3 paints_us=138.3 instances_us=208.6 resize_us=10.7 upload_us=275.2 replay_us=0.3 pipelines_us=16.6 record_us=28.2 total_us=3655.9 total_p95_us=4095.6 draws=829 strips=12434 alphas=302160 glyph_draws=797 atlas_glyphs=797
frust_shell_common::perf: frust-perf raw n=420 total_us=8792 rebuild_us=135 layout_us=1955 paint_us=353 encode_us=42 acquire_us=73 submit_us=6232 skipped=0 gpu_q=1 gpu_total_us=4903 gpu_prepass_us=0 gpu_main_us=4903 gpu_composite_us=0 gpu_blit_us=0
frust_shell_common::perf: frust-perf raw n=421 total_us=8322 rebuild_us=282 layout_us=2155 paint_us=366 encode_us=41 acquire_us=905 submit_us=4571 skipped=0 gpu_q=1 gpu_total_us=4909 gpu_prepass_us=0 gpu_main_us=4909 gpu_composite_us=0 gpu_blit_us=0
frust_shell_common::perf: frust-perf raw n=422 total_us=7919 rebuild_us=232 layout_us=1923 paint_us=350 encode_us=41 acquire_us=279 submit_us=5091 skipped=0 gpu_q=1 gpu_total_us=5089 gpu_prepass_us=0 gpu_main_us=5089 gpu_composite_us=0 gpu_blit_us=0
frust_shell_common::perf: frust-perf raw n=423 total_us=8626 rebuild_us=145 layout_us=1787 paint_us=342 encode_us=38 acquire_us=490 submit_us=5822 skipped=0 gpu_q=1 gpu_total_us=5040 gpu_prepass_us=0 gpu_main_us=5040 gpu_composite_us=0 gpu_blit_us=0
frust_shell_common::perf: frust-perf raw n=424 total_us=9460 rebuild_us=191 layout_us=1934 paint_us=364 encode_us=47 acquire_us=80 submit_us=6841 skipped=0 gpu_q=1 gpu_total_us=4875 gpu_prepass_us=0 gpu_main_us=4875 gpu_composite_us=0 gpu_blit_us=0
frust_shell_common::perf: frust-perf raw n=425 total_us=9507 rebuild_us=144 layout_us=1916 paint_us=375 encode_us=45 acquire_us=532 submit_us=6492 skipped=0 gpu_q=1 gpu_total_us=4830 gpu_prepass_us=0 gpu_main_us=4830 gpu_composite_us=0 gpu_blit_us=0
frust_shell_common::perf: frust-perf raw n=426 total_us=8771 rebuild_us=150 layout_us=1956 paint_us=380 encode_us=41 acquire_us=173 submit_us=6068 skipped=0 gpu_q=1 gpu_total_us=4960 gpu_prepass_us=0 gpu_main_us=4960 gpu_composite_us=0 gpu_blit_us=0
frust_shell_common::perf: frust-perf raw n=427 total_us=8882 rebuild_us=176 layout_us=2261 paint_us=599 encode_us=46 acquire_us=72 submit_us=5726 skipped=0 gpu_q=1 gpu_total_us=4983 gpu_prepass_us=0 gpu_main_us=4983 gpu_composite_us=0 gpu_blit_us=0
frust_shell_common::perf: frust-perf raw n=428 total_us=8771 rebuild_us=185 layout_us=2078 paint_us=417 encode_us=48 acquire_us=76 submit_us=5965 skipped=0 gpu_q=1 gpu_total_us=4979 gpu_prepass_us=0 gpu_main_us=4979 gpu_composite_us=0 gpu_blit_us=0
frust_shell_common::perf: frust-perf raw n=429 total_us=9488 rebuild_us=162 layout_us=1915 paint_us=410 encode_us=43 acquire_us=740 submit_us=6215 skipped=0 gpu_q=1 gpu_total_us=4992 gpu_prepass_us=0 gpu_main_us=4992 gpu_composite_us=0 gpu_blit_us=0
frust_shell_common::perf: frust-perf raw n=430 total_us=8366 rebuild_us=138 layout_us=1778 paint_us=387 encode_us=45 acquire_us=79 submit_us=5935 skipped=0 gpu_q=1 gpu_total_us=4979 gpu_prepass_us=0 gpu_main_us=4979 gpu_composite_us=0 gpu_blit_us=0
frust_shell_common::perf: frust-perf raw n=431 total_us=7481 rebuild_us=147 layout_us=1972 paint_us=360 encode_us=36 acquire_us=326 submit_us=4638 skipped=0 gpu_q=1 gpu_total_us=5288 gpu_prepass_us=0 gpu_main_us=5288 gpu_composite_us=0 gpu_blit_us=0
frust_shell_common::perf: frust-perf raw n=432 total_us=8405 rebuild_us=145 layout_us=1959 paint_us=403 encode_us=35 acquire_us=507 submit_us=5353 skipped=0 gpu_q=1 gpu_total_us=4934 gpu_prepass_us=0 gpu_main_us=4934 gpu_composite_us=0 gpu_blit_us=0
frust_shell_common::perf: frust-perf raw n=433 total_us=11152 rebuild_us=140 layout_us=2146 paint_us=377 encode_us=42 acquire_us=550 submit_us=7895 skipped=0 gpu_q=1 gpu_total_us=5045 gpu_prepass_us=0 gpu_main_us=5045 gpu_composite_us=0 gpu_blit_us=0
frust_shell_common::perf: frust-perf raw n=434 total_us=7626 rebuild_us=139 layout_us=1971 paint_us=440 encode_us=44 acquire_us=127 submit_us=4903 skipped=0 gpu_q=1 gpu_total_us=4961 gpu_prepass_us=0 gpu_main_us=4961 gpu_composite_us=0 gpu_blit_us=0
frust_shell_common::perf: frust-perf raw n=435 total_us=7438 rebuild_us=352 layout_us=2040 paint_us=377 encode_us=35 acquire_us=55 submit_us=4575 skipped=0 gpu_q=1 gpu_total_us=4915 gpu_prepass_us=0 gpu_main_us=4915 gpu_composite_us=0 gpu_blit_us=0
frust_shell_common::perf: frust-perf raw n=436 total_us=8793 rebuild_us=155 layout_us=1985 paint_us=362 encode_us=36 acquire_us=641 submit_us=5612 skipped=0 gpu_q=1 gpu_total_us=4794 gpu_prepass_us=0 gpu_main_us=4794 gpu_composite_us=0 gpu_blit_us=0
frust_shell_common::perf: frust-perf raw n=437 total_us=9176 rebuild_us=224 layout_us=1869 paint_us=422 encode_us=41 acquire_us=404 submit_us=6214 skipped=0 gpu_q=1 gpu_total_us=5160 gpu_prepass_us=91 gpu_main_us=5069 gpu_composite_us=0 gpu_blit_us=0
frust_shell_common::perf: frust-perf raw n=438 total_us=9011 rebuild_us=168 layout_us=2033 paint_us=443 encode_us=46 acquire_us=169 submit_us=6149 skipped=0 gpu_q=1 gpu_total_us=4819 gpu_prepass_us=0 gpu_main_us=4819 gpu_composite_us=0 gpu_blit_us=0
frust_shell_common::perf: frust-perf raw n=439 total_us=8059 rebuild_us=161 layout_us=1608 paint_us=319 encode_us=44 acquire_us=73 submit_us=5851 skipped=0 gpu_q=1 gpu_total_us=4949 gpu_prepass_us=0 gpu_main_us=4949 gpu_composite_us=0 gpu_blit_us=0
frust_shell_common::perf: frust-perf raw n=440 total_us=8694 rebuild_us=142 layout_us=2093 paint_us=372 encode_us=41 acquire_us=69 submit_us=5976 skipped=0 gpu_q=1 gpu_total_us=4898 gpu_prepass_us=0 gpu_main_us=4898 gpu_composite_us=0 gpu_blit_us=0
frust_shell_common::perf: frust-perf raw n=441 total_us=8032 rebuild_us=148 layout_us=1718 paint_us=348 encode_us=43 acquire_us=68 submit_us=5704 skipped=0 gpu_q=1 gpu_total_us=5049 gpu_prepass_us=0 gpu_main_us=5049 gpu_composite_us=0 gpu_blit_us=0
frust_shell_common::perf: frust-perf raw n=442 total_us=10458 rebuild_us=195 layout_us=3011 paint_us=402 encode_us=55 acquire_us=760 submit_us=6034 skipped=0 gpu_q=1 gpu_total_us=5012 gpu_prepass_us=0 gpu_main_us=5012 gpu_composite_us=0 gpu_blit_us=0
frust_shell_common::perf: frust-perf raw n=443 total_us=8788 rebuild_us=123 layout_us=1800 paint_us=365 encode_us=41 acquire_us=438 submit_us=6019 skipped=0 gpu_q=1 gpu_total_us=4909 gpu_prepass_us=0 gpu_main_us=4909 gpu_composite_us=0 gpu_blit_us=0
frust_shell_common::perf: frust-perf raw n=444 total_us=8709 rebuild_us=216 layout_us=1883 paint_us=491 encode_us=36 acquire_us=620 submit_us=5460 skipped=0 gpu_q=1 gpu_total_us=4848 gpu_prepass_us=0 gpu_main_us=4848 gpu_composite_us=0 gpu_blit_us=0
frust_shell_common::perf: frust-perf raw n=445 total_us=8225 rebuild_us=149 layout_us=1583 paint_us=471 encode_us=43 acquire_us=67 submit_us=5909 skipped=0 gpu_q=1 gpu_total_us=5003 gpu_prepass_us=0 gpu_main_us=5003 gpu_composite_us=0 gpu_blit_us=0
frust_shell_common::perf: frust-perf raw n=446 total_us=8989 rebuild_us=144 layout_us=2519 paint_us=350 encode_us=43 acquire_us=67 submit_us=5864 skipped=0 gpu_q=1 gpu_total_us=5024 gpu_prepass_us=0 gpu_main_us=5024 gpu_composite_us=0 gpu_blit_us=0
frust_shell_common::perf: frust-perf raw n=447 total_us=8488 rebuild_us=153 layout_us=1682 paint_us=376 encode_us=43 acquire_us=389 submit_us=5843 skipped=0 gpu_q=1 gpu_total_us=5087 gpu_prepass_us=0 gpu_main_us=5087 gpu_composite_us=0 gpu_blit_us=0
frust_shell_common::perf: frust-perf raw n=448 total_us=9007 rebuild_us=140 layout_us=2175 paint_us=361 encode_us=43 acquire_us=266 submit_us=6019 skipped=0 gpu_q=1 gpu_total_us=4846 gpu_prepass_us=0 gpu_main_us=4846 gpu_composite_us=0 gpu_blit_us=0
frust_shell_common::perf: frust-perf raw n=449 total_us=9860 rebuild_us=164 layout_us=2039 paint_us=361 encode_us=41 acquire_us=1084 submit_us=6169 skipped=0 gpu_q=1 gpu_total_us=4842 gpu_prepass_us=0 gpu_main_us=4842 gpu_composite_us=0 gpu_blit_us=0
frust_shell_common::perf: frust-perf frame n=120 total_p50_ms=8 total_p95_ms=10 total_p99_ms=10 rebuild_p95_ms=0 layout_p95_ms=2 paint_p95_ms=0 encode_p95_ms=0 acquire_p95_ms=1 submit_p95_ms=6 over_60hz=3 over_120hz=324 skipped=0 total_frames=449
frust_shell_common::perf: frust-perf raw n=450 total_us=9967 rebuild_us=136 layout_us=2050 paint_us=366 encode_us=43 acquire_us=715 submit_us=6655 skipped=0 gpu_q=1 gpu_total_us=4971 gpu_prepass_us=0 gpu_main_us=4971 gpu_composite_us=0 gpu_blit_us=0
frust_shell_common::perf: frust-perf raw n=451 total_us=8454 rebuild_us=133 layout_us=1901 paint_us=337 encode_us=41 acquire_us=67 submit_us=5973 skipped=0 gpu_q=1 gpu_total_us=4993 gpu_prepass_us=0 gpu_main_us=4993 gpu_composite_us=0 gpu_blit_us=0
frust_shell_common::perf: frust-perf raw n=452 total_us=8844 rebuild_us=131 layout_us=2080 paint_us=344 encode_us=39 acquire_us=624 submit_us=5623 skipped=0 gpu_q=1 gpu_total_us=4913 gpu_prepass_us=0 gpu_main_us=4913 gpu_composite_us=0 gpu_blit_us=0
frust_shell_common::perf: frust-perf raw n=453 total_us=7463 rebuild_us=218 layout_us=1954 paint_us=419 encode_us=39 acquire_us=112 submit_us=4719 skipped=0 gpu_q=1 gpu_total_us=5041 gpu_prepass_us=0 gpu_main_us=5041 gpu_composite_us=0 gpu_blit_us=0
frust_shell_common::perf: frust-perf raw n=454 total_us=7795 rebuild_us=149 layout_us=1734 paint_us=319 encode_us=41 acquire_us=229 submit_us=5320 skipped=0 gpu_q=1 gpu_total_us=5042 gpu_prepass_us=0 gpu_main_us=5042 gpu_composite_us=0 gpu_blit_us=0
frust_shell_common::perf: frust-perf raw n=455 total_us=8756 rebuild_us=145 layout_us=1791 paint_us=339 encode_us=40 acquire_us=271 submit_us=6168 skipped=0 gpu_q=1 gpu_total_us=4969 gpu_prepass_us=0 gpu_main_us=4969 gpu_composite_us=0 gpu_blit_us=0
frust_shell_common::perf: frust-perf raw n=456 total_us=9467 rebuild_us=209 layout_us=1901 paint_us=427 encode_us=43 acquire_us=134 submit_us=6751 skipped=0 gpu_q=1 gpu_total_us=4945 gpu_prepass_us=101 gpu_main_us=4843 gpu_composite_us=0 gpu_blit_us=0
frust_shell_common::perf: frust-perf raw n=457 total_us=9496 rebuild_us=146 layout_us=2068 paint_us=379 encode_us=46 acquire_us=381 submit_us=6475 skipped=0 gpu_q=1 gpu_total_us=4827 gpu_prepass_us=0 gpu_main_us=4827 gpu_composite_us=0 gpu_blit_us=0
frust_shell_common::perf: frust-perf raw n=458 total_us=9500 rebuild_us=141 layout_us=2355 paint_us=471 encode_us=43 acquire_us=424 submit_us=6064 skipped=0 gpu_q=1 gpu_total_us=4951 gpu_prepass_us=0 gpu_main_us=4951 gpu_composite_us=0 gpu_blit_us=0
frust_shell_common::perf: frust-perf raw n=459 total_us=9236 rebuild_us=146 layout_us=2049 paint_us=435 encode_us=41 acquire_us=488 submit_us=6075 skipped=0 gpu_q=1 gpu_total_us=4935 gpu_prepass_us=0 gpu_main_us=4935 gpu_composite_us=0 gpu_blit_us=0
frust_shell_common::perf: frust-perf raw n=460 total_us=9479 rebuild_us=170 layout_us=2022 paint_us=371 encode_us=47 acquire_us=934 submit_us=5934 skipped=0 gpu_q=1 gpu_total_us=4904 gpu_prepass_us=0 gpu_main_us=4904 gpu_composite_us=0 gpu_blit_us=0
frust_shell_common::perf: frust-perf raw n=461 total_us=9362 rebuild_us=140 layout_us=1979 paint_us=379 encode_us=40 acquire_us=762 submit_us=6059 skipped=0 gpu_q=1 gpu_total_us=4910 gpu_prepass_us=0 gpu_main_us=4910 gpu_composite_us=0 gpu_blit_us=0
frust_shell_common::perf: frust-perf raw n=462 total_us=9499 rebuild_us=144 layout_us=2072 paint_us=376 encode_us=38 acquire_us=829 submit_us=6038 skipped=0 gpu_q=1 gpu_total_us=4969 gpu_prepass_us=0 gpu_main_us=4969 gpu_composite_us=0 gpu_blit_us=0
frust_shell_common::perf: frust-perf raw n=463 total_us=7727 rebuild_us=131 layout_us=1624 paint_us=312 encode_us=40 acquire_us=72 submit_us=5545 skipped=0 gpu_q=1 gpu_total_us=4996 gpu_prepass_us=0 gpu_main_us=4996 gpu_composite_us=0 gpu_blit_us=0
frust_shell_common::perf: frust-perf raw n=464 total_us=7632 rebuild_us=143 layout_us=1922 paint_us=335 encode_us=34 acquire_us=534 submit_us=4662 skipped=0 gpu_q=1 gpu_total_us=4962 gpu_prepass_us=0 gpu_main_us=4962 gpu_composite_us=0 gpu_blit_us=0
frust_shell_common::perf: frust-perf raw n=465 total_us=8209 rebuild_us=143 layout_us=2035 paint_us=362 encode_us=44 acquire_us=63 submit_us=5560 skipped=0 gpu_q=1 gpu_total_us=4949 gpu_prepass_us=0 gpu_main_us=4949 gpu_composite_us=0 gpu_blit_us=0
frust_shell_common::perf: frust-perf raw n=466 total_us=9182 rebuild_us=196 layout_us=2026 paint_us=368 encode_us=43 acquire_us=69 submit_us=6478 skipped=0 gpu_q=1 gpu_total_us=5349 gpu_prepass_us=0 gpu_main_us=5349 gpu_composite_us=0 gpu_blit_us=0
frust_shell_android::app::frame: frust-perf platform-view tail depth=0 target=0 acquire_bound=false frame=480 expected_present_us=0 acquire_us=255 period_us=8264
frust_shell_common::perf: frust-perf raw n=467 total_us=8970 rebuild_us=145 layout_us=2123 paint_us=382 encode_us=49 acquire_us=85 submit_us=6184 skipped=0 gpu_q=1 gpu_total_us=4852 gpu_prepass_us=0 gpu_main_us=4852 gpu_composite_us=0 gpu_blit_us=0
frust_shell_common::perf: frust-perf raw n=468 total_us=8832 rebuild_us=166 layout_us=1955 paint_us=425 encode_us=49 acquire_us=71 submit_us=6162 skipped=0 gpu_q=1 gpu_total_us=4735 gpu_prepass_us=0 gpu_main_us=4735 gpu_composite_us=0 gpu_blit_us=0
frust_shell_common::perf: frust-perf raw n=469 total_us=8897 rebuild_us=164 layout_us=1971 paint_us=427 encode_us=46 acquire_us=78 submit_us=6209 skipped=0 gpu_q=1 gpu_total_us=4842 gpu_prepass_us=0 gpu_main_us=4842 gpu_composite_us=0 gpu_blit_us=0
frust_shell_common::perf: frust-perf raw n=470 total_us=9210 rebuild_us=165 layout_us=2099 paint_us=459 encode_us=43 acquire_us=354 submit_us=6087 skipped=0 gpu_q=1 gpu_total_us=5070 gpu_prepass_us=0 gpu_main_us=5070 gpu_composite_us=0 gpu_blit_us=0
frust_shell_common::perf: frust-perf raw n=471 total_us=9103 rebuild_us=145 layout_us=2343 paint_us=406 encode_us=42 acquire_us=150 submit_us=6015 skipped=0 gpu_q=1 gpu_total_us=5019 gpu_prepass_us=0 gpu_main_us=5019 gpu_composite_us=0 gpu_blit_us=0
frust_shell_common::perf: frust-perf raw n=472 total_us=10097 rebuild_us=254 layout_us=2000 paint_us=374 encode_us=43 acquire_us=288 submit_us=7136 skipped=0 gpu_q=1 gpu_total_us=4880 gpu_prepass_us=0 gpu_main_us=4880 gpu_composite_us=0 gpu_blit_us=0
frust_shell_common::perf: frust-perf raw n=473 total_us=7965 rebuild_us=151 layout_us=2212 paint_us=534 encode_us=37 acquire_us=518 submit_us=4510 skipped=0 gpu_q=1 gpu_total_us=4920 gpu_prepass_us=0 gpu_main_us=4920 gpu_composite_us=0 gpu_blit_us=0
frust_shell_common::perf: frust-perf raw n=474 total_us=13551 rebuild_us=152 layout_us=6694 paint_us=460 encode_us=37 acquire_us=58 submit_us=6148 skipped=0 gpu_q=1 gpu_total_us=4997 gpu_prepass_us=0 gpu_main_us=4997 gpu_composite_us=0 gpu_blit_us=0
frust_shell_common::perf: frust-perf raw n=475 total_us=17010 rebuild_us=157 layout_us=7187 paint_us=603 encode_us=53 acquire_us=94 submit_us=8914 skipped=0 gpu_q=1 gpu_total_us=4999 gpu_prepass_us=0 gpu_main_us=4999 gpu_composite_us=0 gpu_blit_us=0
frust_shell_common::perf: frust-perf raw n=476 total_us=8032 rebuild_us=91 layout_us=2232 paint_us=189 encode_us=38 acquire_us=61 submit_us=5419 skipped=0 gpu_q=1 gpu_total_us=5137 gpu_prepass_us=85 gpu_main_us=5051 gpu_composite_us=0 gpu_blit_us=0
frust_shell_common::perf: frust-perf raw n=477 total_us=6424 rebuild_us=65 layout_us=1701 paint_us=181 encode_us=39 acquire_us=66 submit_us=4370 skipped=0 gpu_q=1 gpu_total_us=4884 gpu_prepass_us=0 gpu_main_us=4884 gpu_composite_us=0 gpu_blit_us=0
frust_shell_common::perf: frust-perf raw n=478 total_us=7708 rebuild_us=55 layout_us=1721 paint_us=194 encode_us=41 acquire_us=71 submit_us=5624 skipped=0 gpu_q=1 gpu_total_us=4958 gpu_prepass_us=77 gpu_main_us=4880 gpu_composite_us=0 gpu_blit_us=0
frust_shell_common::perf: frust-perf raw n=479 total_us=7991 rebuild_us=65 layout_us=1962 paint_us=197 encode_us=44 acquire_us=75 submit_us=5645 skipped=0 gpu_q=1 gpu_total_us=4935 gpu_prepass_us=68 gpu_main_us=4867 gpu_composite_us=0 gpu_blit_us=0
frust_engine::renderer: frust-perf enc n=480 w=60 validate_us=12.8 prepare_us=2.8 classify_us=44.7 admit_us=0.2 walk_us=2860.5 glyphs_us=2303.3 finish_us=2.2 compile_us=2926.8 schedule_us=4.4 paints_us=139.8 instances_us=209.6 resize_us=10.5 upload_us=272.0 replay_us=0.3 pipelines_us=16.0 record_us=28.1 total_us=3646.6 total_p95_us=4155.9 draws=829 strips=12442 alphas=302816 glyph_draws=797 atlas_glyphs=797
frust_shell_common::perf: frust-perf raw n=480 total_us=8122 rebuild_us=61 layout_us=1965 paint_us=194 encode_us=43 acquire_us=76 submit_us=5779 skipped=0 gpu_q=1 gpu_total_us=5020 gpu_prepass_us=93 gpu_main_us=4927 gpu_composite_us=0 gpu_blit_us=0
frust_shell_common::perf: frust-perf raw n=481 total_us=8027 rebuild_us=62 layout_us=2044 paint_us=209 encode_us=45 acquire_us=70 submit_us=5594 skipped=0 gpu_q=1 gpu_total_us=4808 gpu_prepass_us=0 gpu_main_us=4808 gpu_composite_us=0 gpu_blit_us=0
frust_shell_common::perf: frust-perf raw n=482 total_us=8014 rebuild_us=60 layout_us=1866 paint_us=193 encode_us=41 acquire_us=73 submit_us=5779 skipped=0 gpu_q=1 gpu_total_us=4944 gpu_prepass_us=0 gpu_main_us=4944 gpu_composite_us=0 gpu_blit_us=0
frust_shell_common::perf: frust-perf raw n=483 total_us=9360 rebuild_us=60 layout_us=1895 paint_us=209 encode_us=49 acquire_us=73 submit_us=7070 skipped=0 gpu_q=1 gpu_total_us=4937 gpu_prepass_us=0 gpu_main_us=4937 gpu_composite_us=0 gpu_blit_us=0
frust_shell_common::perf: frust-perf raw n=484 total_us=8288 rebuild_us=58 layout_us=1967 paint_us=211 encode_us=44 acquire_us=75 submit_us=5931 skipped=0 gpu_q=1 gpu_total_us=4914 gpu_prepass_us=0 gpu_main_us=4914 gpu_composite_us=0 gpu_blit_us=0
frust_shell_common::perf: frust-perf raw n=485 total_us=4219 rebuild_us=48 layout_us=1345 paint_us=30 encode_us=25 acquire_us=58 submit_us=2710 skipped=0 gpu_q=1 gpu_total_us=4846 gpu_prepass_us=0 gpu_main_us=4846 gpu_composite_us=0 gpu_blit_us=0
frust_shell_common::perf: frust-perf raw n=486 total_us=7225 rebuild_us=93 layout_us=2010 paint_us=31 encode_us=18 acquire_us=71 submit_us=5000 skipped=0 gpu_q=1 gpu_total_us=4850 gpu_prepass_us=0 gpu_main_us=4850 gpu_composite_us=0 gpu_blit_us=0
frust_shell_common::perf: frust-perf raw n=487 total_us=8297 rebuild_us=68 layout_us=2577 paint_us=40 encode_us=22 acquire_us=88 submit_us=5499 skipped=0 gpu_q=1 gpu_total_us=5050 gpu_prepass_us=91 gpu_main_us=4959 gpu_composite_us=0 gpu_blit_us=0
frust_shell_common::perf: frust-perf raw n=488 total_us=7674 rebuild_us=60 layout_us=2551 paint_us=39 encode_us=21 acquire_us=85 submit_us=4916 skipped=0 gpu_q=1 gpu_total_us=4835 gpu_prepass_us=0 gpu_main_us=4835 gpu_composite_us=0 gpu_blit_us=0
frust_shell_common::perf: frust-perf raw n=489 total_us=4424 rebuild_us=45 layout_us=1206 paint_us=23 encode_us=15 acquire_us=56 submit_us=3078 skipped=0 gpu_q=1 gpu_total_us=3188 gpu_prepass_us=0 gpu_main_us=3188 gpu_composite_us=0 gpu_blit_us=0
frust_shell_common::perf: frust-perf raw n=490 total_us=10078 rebuild_us=110 layout_us=4591 paint_us=86 encode_us=15 acquire_us=58 submit_us=5216 skipped=0 gpu_q=1 gpu_total_us=3092 gpu_prepass_us=0 gpu_main_us=3092 gpu_composite_us=0 gpu_blit_us=0
frust_shell_common::perf: frust-perf raw n=491 total_us=7251 rebuild_us=56 layout_us=2504 paint_us=40 encode_us=18 acquire_us=81 submit_us=4549 skipped=0 gpu_q=1 gpu_total_us=3095 gpu_prepass_us=0 gpu_main_us=3095 gpu_composite_us=0 gpu_blit_us=0
frust_shell_common::perf: frust-perf raw n=492 total_us=4643 rebuild_us=47 layout_us=1391 paint_us=26 encode_us=15 acquire_us=54 submit_us=3107 skipped=0 gpu_q=1 gpu_total_us=3095 gpu_prepass_us=0 gpu_main_us=3095 gpu_composite_us=0 gpu_blit_us=0
frust_shell_common::perf: frust-perf raw n=493 total_us=5219 rebuild_us=49 layout_us=1562 paint_us=25 encode_us=15 acquire_us=58 submit_us=3507 skipped=0 gpu_q=1 gpu_total_us=3287 gpu_prepass_us=0 gpu_main_us=3287 gpu_composite_us=0 gpu_blit_us=0
frust_shell_common::perf: frust-perf raw n=494 total_us=8725 rebuild_us=67 layout_us=2588 paint_us=38 encode_us=25 acquire_us=91 submit_us=5915 skipped=0 gpu_q=1 gpu_total_us=3200 gpu_prepass_us=0 gpu_main_us=3200 gpu_composite_us=0 gpu_blit_us=0
frust_shell_common::perf: frust-perf raw n=495 total_us=7225 rebuild_us=65 layout_us=2661 paint_us=39 encode_us=21 acquire_us=89 submit_us=4348 skipped=0 gpu_q=1 gpu_total_us=3204 gpu_prepass_us=0 gpu_main_us=3204 gpu_composite_us=0 gpu_blit_us=0
frust_shell_common::perf: frust-perf raw n=496 total_us=7146 rebuild_us=70 layout_us=2568 paint_us=37 encode_us=19 acquire_us=83 submit_us=4367 skipped=0 gpu_q=1 gpu_total_us=3217 gpu_prepass_us=0 gpu_main_us=3217 gpu_composite_us=0 gpu_blit_us=0
frust_shell_common::perf: frust-perf raw n=497 total_us=7154 rebuild_us=74 layout_us=2668 paint_us=40 encode_us=24 acquire_us=87 submit_us=4260 skipped=0 gpu_q=1 gpu_total_us=3182 gpu_prepass_us=0 gpu_main_us=3182 gpu_composite_us=0 gpu_blit_us=0
frust_shell_common::perf: frust-perf raw n=498 total_us=6932 rebuild_us=75 layout_us=2545 paint_us=38 encode_us=24 acquire_us=87 submit_us=4160 skipped=0 gpu_q=1 gpu_total_us=3360 gpu_prepass_us=72 gpu_main_us=3288 gpu_composite_us=0 gpu_blit_us=0
frust_shell_common::perf: frust-perf raw n=499 total_us=6975 rebuild_us=70 layout_us=2521 paint_us=39 encode_us=20 acquire_us=90 submit_us=4232 skipped=0 gpu_q=1 gpu_total_us=3396 gpu_prepass_us=0 gpu_main_us=3396 gpu_composite_us=0 gpu_blit_us=0
frust_shell_common::perf: frust-perf raw n=500 total_us=7105 rebuild_us=76 layout_us=2545 paint_us=39 encode_us=23 acquire_us=86 submit_us=4334 skipped=0 gpu_q=1 gpu_total_us=3234 gpu_prepass_us=0 gpu_main_us=3234 gpu_composite_us=0 gpu_blit_us=0
frust_shell_common::perf: frust-perf raw n=501 total_us=15398 rebuild_us=108 layout_us=2542 paint_us=368 encode_us=46 acquire_us=102 submit_us=12229 skipped=0 gpu_q=1 gpu_total_us=3234 gpu_prepass_us=0 gpu_main_us=3234 gpu_composite_us=0 gpu_blit_us=0
frust_shell_common::perf: frust-perf raw n=502 total_us=9863 rebuild_us=55 layout_us=2460 paint_us=300 encode_us=44 acquire_us=60 submit_us=6940 skipped=0 gpu_q=1 gpu_total_us=3252 gpu_prepass_us=0 gpu_main_us=3252 gpu_composite_us=0 gpu_blit_us=0
frust_shell_common::perf: frust-perf raw n=503 total_us=7476 rebuild_us=51 layout_us=1308 paint_us=150 encode_us=25 acquire_us=40 submit_us=5899 skipped=0 gpu_q=1 gpu_total_us=3250 gpu_prepass_us=0 gpu_main_us=3250 gpu_composite_us=0 gpu_blit_us=0
frust_shell_common::perf: frust-perf raw n=504 total_us=11848 rebuild_us=117 layout_us=5502 paint_us=501 encode_us=25 acquire_us=39 submit_us=5663 skipped=0 gpu_q=1 gpu_total_us=3235 gpu_prepass_us=0 gpu_main_us=3235 gpu_composite_us=0 gpu_blit_us=0
frust_shell_common::perf: frust-perf raw n=505 total_us=12317 rebuild_us=120 layout_us=5440 paint_us=488 encode_us=54 acquire_us=58 submit_us=6155 skipped=0 gpu_q=1 gpu_total_us=3749 gpu_prepass_us=0 gpu_main_us=3749 gpu_composite_us=0 gpu_blit_us=0
frust_shell_common::perf: frust-perf raw n=506 total_us=2872 rebuild_us=39 layout_us=935 paint_us=18 encode_us=13 acquire_us=44 submit_us=1820 skipped=0 gpu_q=1 gpu_total_us=3796 gpu_prepass_us=0 gpu_main_us=3796 gpu_composite_us=0 gpu_blit_us=0
frust_shell_common::perf: frust-perf raw n=507 total_us=6295 rebuild_us=50 layout_us=1070 paint_us=26 encode_us=10 acquire_us=1687 submit_us=3450 skipped=0 gpu_q=1 gpu_total_us=3745 gpu_prepass_us=0 gpu_main_us=3745 gpu_composite_us=0 gpu_blit_us=0
frust_shell_common::perf: frust-perf raw n=508 total_us=6917 rebuild_us=47 layout_us=1637 paint_us=34 encode_us=21 acquire_us=868 submit_us=4308 skipped=0 gpu_q=1 gpu_total_us=3931 gpu_prepass_us=0 gpu_main_us=3931 gpu_composite_us=0 gpu_blit_us=0
frust_shell_common::perf: frust-perf raw n=509 total_us=8383 rebuild_us=58 layout_us=2487 paint_us=41 encode_us=22 acquire_us=424 submit_us=5349 skipped=0 gpu_q=1 gpu_total_us=3754 gpu_prepass_us=0 gpu_main_us=3754 gpu_composite_us=0 gpu_blit_us=0
frust_shell_common::perf: frust-perf raw n=510 total_us=7264 rebuild_us=65 layout_us=2772 paint_us=39 encode_us=23 acquire_us=85 submit_us=4277 skipped=0 gpu_q=1 gpu_total_us=3072 gpu_prepass_us=0 gpu_main_us=3072 gpu_composite_us=0 gpu_blit_us=0
frust_shell_common::perf: frust-perf raw n=511 total_us=7340 rebuild_us=68 layout_us=2625 paint_us=39 encode_us=21 acquire_us=452 submit_us=4132 skipped=0 gpu_q=1 gpu_total_us=3207 gpu_prepass_us=0 gpu_main_us=3207 gpu_composite_us=0 gpu_blit_us=0
frust_shell_common::perf: frust-perf raw n=512 total_us=7353 rebuild_us=157 layout_us=2699 paint_us=41 encode_us=70 acquire_us=170 submit_us=4215 skipped=0 gpu_q=1 gpu_total_us=3099 gpu_prepass_us=0 gpu_main_us=3099 gpu_composite_us=0 gpu_blit_us=0
frust_shell_common::perf: frust-perf raw n=513 total_us=7282 rebuild_us=71 layout_us=2557 paint_us=40 encode_us=22 acquire_us=459 submit_us=4131 skipped=0 gpu_q=1 gpu_total_us=3089 gpu_prepass_us=0 gpu_main_us=3089 gpu_composite_us=0 gpu_blit_us=0
frust_shell_common::perf: frust-perf raw n=514 total_us=7443 rebuild_us=71 layout_us=2575 paint_us=39 encode_us=47 acquire_us=405 submit_us=4303 skipped=0 gpu_q=1 gpu_total_us=3397 gpu_prepass_us=0 gpu_main_us=3397 gpu_composite_us=0 gpu_blit_us=0
frust_shell_common::perf: frust-perf raw n=515 total_us=7194 rebuild_us=67 layout_us=2623 paint_us=38 encode_us=25 acquire_us=213 submit_us=4226 skipped=0 gpu_q=1 gpu_total_us=3256 gpu_prepass_us=0 gpu_main_us=3256 gpu_composite_us=0 gpu_blit_us=0
frust_shell_common::perf: frust-perf raw n=516 total_us=18023 rebuild_us=114 layout_us=2538 paint_us=402 encode_us=53 acquire_us=305 submit_us=14608 skipped=0 gpu_q=1 gpu_total_us=3232 gpu_prepass_us=0 gpu_main_us=3232 gpu_composite_us=0 gpu_blit_us=0
frust_shell_common::perf: frust-perf raw n=517 total_us=9126 rebuild_us=44 layout_us=1311 paint_us=165 encode_us=39 acquire_us=56 submit_us=7509 skipped=0 gpu_q=1 gpu_total_us=3236 gpu_prepass_us=0 gpu_main_us=3236 gpu_composite_us=0 gpu_blit_us=0
frust_shell_common::perf: frust-perf raw n=518 total_us=11222 rebuild_us=113 layout_us=4483 paint_us=355 encode_us=28 acquire_us=45 submit_us=6195 skipped=0 gpu_q=1 gpu_total_us=3256 gpu_prepass_us=0 gpu_main_us=3256 gpu_composite_us=0 gpu_blit_us=0
frust_shell_common::perf: frust-perf raw n=519 total_us=6818 rebuild_us=44 layout_us=955 paint_us=110 encode_us=31 acquire_us=49 submit_us=5627 skipped=0 gpu_q=1 gpu_total_us=3235 gpu_prepass_us=0 gpu_main_us=3235 gpu_composite_us=0 gpu_blit_us=0
frust_shell_common::perf: frust-perf raw n=520 total_us=6369 rebuild_us=42 layout_us=970 paint_us=100 encode_us=25 acquire_us=45 submit_us=5185 skipped=0 gpu_q=1 gpu_total_us=4201 gpu_prepass_us=0 gpu_main_us=4201 gpu_composite_us=0 gpu_blit_us=0
frust_shell_common::perf: frust-perf raw n=521 total_us=6255 rebuild_us=39 layout_us=887 paint_us=99 encode_us=25 acquire_us=42 submit_us=5160 skipped=0 gpu_q=1 gpu_total_us=3709 gpu_prepass_us=0 gpu_main_us=3709 gpu_composite_us=0 gpu_blit_us=0
frust_shell_common::perf: frust-perf raw n=522 total_us=7657 rebuild_us=47 layout_us=1054 paint_us=151 encode_us=27 acquire_us=44 submit_us=6331 skipped=0 gpu_q=1 gpu_total_us=3925 gpu_prepass_us=0 gpu_main_us=3925 gpu_composite_us=0 gpu_blit_us=0
frust_shell_common::perf: frust-perf raw n=523 total_us=7528 rebuild_us=46 layout_us=1159 paint_us=127 encode_us=33 acquire_us=49 submit_us=6112 skipped=0 gpu_q=1 gpu_total_us=3855 gpu_prepass_us=0 gpu_main_us=3855 gpu_composite_us=0 gpu_blit_us=0
frust_shell_common::perf: frust-perf raw n=524 total_us=7578 rebuild_us=46 layout_us=1084 paint_us=118 encode_us=25 acquire_us=48 submit_us=6254 skipped=0 gpu_q=1 gpu_total_us=3721 gpu_prepass_us=0 gpu_main_us=3721 gpu_composite_us=0 gpu_blit_us=0
frust_shell_common::perf: frust-perf raw n=525 total_us=4735 rebuild_us=44 layout_us=1091 paint_us=116 encode_us=28 acquire_us=48 submit_us=3405 skipped=0 gpu_q=1 gpu_total_us=3848 gpu_prepass_us=0 gpu_main_us=3848 gpu_composite_us=0 gpu_blit_us=0
frust_shell_common::perf: frust-perf raw n=526 total_us=4937 rebuild_us=47 layout_us=1108 paint_us=117 encode_us=30 acquire_us=47 submit_us=3586 skipped=0 gpu_q=1 gpu_total_us=3831 gpu_prepass_us=0 gpu_main_us=3831 gpu_composite_us=0 gpu_blit_us=0
frust_shell_common::perf: frust-perf raw n=527 total_us=9340 rebuild_us=63 layout_us=1804 paint_us=195 encode_us=45 acquire_us=72 submit_us=7158 skipped=0 gpu_q=1 gpu_total_us=3766 gpu_prepass_us=0 gpu_main_us=3766 gpu_composite_us=0 gpu_blit_us=0
frust_shell_common::perf: frust-perf raw n=528 total_us=11017 rebuild_us=68 layout_us=2671 paint_us=295 encode_us=50 acquire_us=94 submit_us=7837 skipped=0 gpu_q=1 gpu_total_us=3704 gpu_prepass_us=0 gpu_main_us=3704 gpu_composite_us=0 gpu_blit_us=0
frust_shell_common::perf: frust-perf raw n=529 total_us=7088 rebuild_us=67 layout_us=2527 paint_us=270 encode_us=52 acquire_us=87 submit_us=4083 skipped=0 gpu_q=1 gpu_total_us=4729 gpu_prepass_us=0 gpu_main_us=4729 gpu_composite_us=0 gpu_blit_us=0
frust_shell_common::perf: frust-perf raw n=530 total_us=7036 rebuild_us=66 layout_us=1360 paint_us=163 encode_us=38 acquire_us=60 submit_us=5347 skipped=0 gpu_q=1 gpu_total_us=4912 gpu_prepass_us=0 gpu_main_us=4912 gpu_composite_us=0 gpu_blit_us=0
frust_shell_common::perf: frust-perf raw n=531 total_us=4768 rebuild_us=51 layout_us=1078 paint_us=115 encode_us=31 acquire_us=53 submit_us=3439 skipped=0 gpu_q=1 gpu_total_us=4892 gpu_prepass_us=0 gpu_main_us=4892 gpu_composite_us=0 gpu_blit_us=0
frust_shell_common::perf: frust-perf raw n=532 total_us=13683 rebuild_us=120 layout_us=5418 paint_us=416 encode_us=55 acquire_us=98 submit_us=7573 skipped=0 gpu_q=1 gpu_total_us=5053 gpu_prepass_us=0 gpu_main_us=5053 gpu_composite_us=0 gpu_blit_us=0
frust_shell_common::perf: frust-perf raw n=533 total_us=11786 rebuild_us=90 layout_us=4694 paint_us=395 encode_us=47 acquire_us=94 submit_us=6463 skipped=0 gpu_q=1 gpu_total_us=4869 gpu_prepass_us=0 gpu_main_us=4869 gpu_composite_us=0 gpu_blit_us=0
frust_shell_common::perf: frust-perf raw n=534 total_us=6180 rebuild_us=70 layout_us=2310 paint_us=166 encode_us=32 acquire_us=63 submit_us=3536 skipped=0 gpu_q=1 gpu_total_us=4920 gpu_prepass_us=133 gpu_main_us=4786 gpu_composite_us=0 gpu_blit_us=0
frust_shell_common::perf: frust-perf raw n=535 total_us=5957 rebuild_us=57 layout_us=1478 paint_us=236 encode_us=37 acquire_us=160 submit_us=3987 skipped=0 gpu_q=1 gpu_total_us=4750 gpu_prepass_us=0 gpu_main_us=4750 gpu_composite_us=0 gpu_blit_us=0
frust_shell_common::perf: frust-perf raw n=536 total_us=10301 rebuild_us=58 layout_us=1325 paint_us=308 encode_us=41 acquire_us=2183 submit_us=6385 skipped=0 gpu_q=1 gpu_total_us=4884 gpu_prepass_us=0 gpu_main_us=4884 gpu_composite_us=0 gpu_blit_us=0
frust_shell_common::perf: frust-perf raw n=537 total_us=9027 rebuild_us=52 layout_us=1920 paint_us=278 encode_us=43 acquire_us=581 submit_us=6150 skipped=0 gpu_q=1 gpu_total_us=5178 gpu_prepass_us=0 gpu_main_us=5178 gpu_composite_us=0 gpu_blit_us=0
frust_shell_common::perf: frust-perf raw n=538 total_us=8327 rebuild_us=69 layout_us=1678 paint_us=149 encode_us=45 acquire_us=1816 submit_us=4567 skipped=0 gpu_q=1 gpu_total_us=4901 gpu_prepass_us=0 gpu_main_us=4901 gpu_composite_us=0 gpu_blit_us=0
frust_shell_common::perf: frust-perf raw n=539 total_us=8226 rebuild_us=52 layout_us=1780 paint_us=193 encode_us=39 acquire_us=1084 submit_us=5075 skipped=0 gpu_q=1 gpu_total_us=4713 gpu_prepass_us=0 gpu_main_us=4713 gpu_composite_us=0 gpu_blit_us=0
frust_engine::renderer: frust-perf enc n=540 w=60 validate_us=6.9 prepare_us=2.8 classify_us=21.3 admit_us=0.2 walk_us=2100.8 glyphs_us=1702.9 finish_us=2.2 compile_us=2129.8 schedule_us=4.0 paints_us=31.1 instances_us=82.5 resize_us=4.4 upload_us=245.0 replay_us=0.2 pipelines_us=16.0 record_us=27.9 total_us=2723.6 total_p95_us=5455.7 draws=797 strips=9892 alphas=295440 glyph_draws=765 atlas_glyphs=105
frust_shell_common::perf: frust-perf raw n=540 total_us=9222 rebuild_us=50 layout_us=1990 paint_us=214 encode_us=50 acquire_us=980 submit_us=5936 skipped=0 gpu_q=1 gpu_total_us=4912 gpu_prepass_us=0 gpu_main_us=4912 gpu_composite_us=0 gpu_blit_us=0
frust_shell_common::perf: frust-perf raw n=541 total_us=9689 rebuild_us=105 layout_us=2043 paint_us=211 encode_us=43 acquire_us=1115 submit_us=6169 skipped=0 gpu_q=1 gpu_total_us=4863 gpu_prepass_us=0 gpu_main_us=4863 gpu_composite_us=0 gpu_blit_us=0
frust_shell_common::perf: frust-perf raw n=542 total_us=10283 rebuild_us=63 layout_us=2368 paint_us=256 encode_us=52 acquire_us=731 submit_us=6811 skipped=0 gpu_q=1 gpu_total_us=4898 gpu_prepass_us=0 gpu_main_us=4898 gpu_composite_us=0 gpu_blit_us=0
frust_shell_common::perf: frust-perf raw n=543 total_us=9100 rebuild_us=59 layout_us=2283 paint_us=253 encode_us=51 acquire_us=84 submit_us=6367 skipped=0 gpu_q=1 gpu_total_us=4874 gpu_prepass_us=0 gpu_main_us=4874 gpu_composite_us=0 gpu_blit_us=0
frust_shell_common::perf: frust-perf raw n=544 total_us=5425 rebuild_us=49 layout_us=1400 paint_us=154 encode_us=41 acquire_us=62 submit_us=3717 skipped=0 gpu_q=1 gpu_total_us=4922 gpu_prepass_us=0 gpu_main_us=4922 gpu_composite_us=0 gpu_blit_us=0
frust_shell_common::perf: frust-perf raw n=545 total_us=5770 rebuild_us=51 layout_us=1409 paint_us=151 encode_us=40 acquire_us=49 submit_us=4067 skipped=0 gpu_q=1 gpu_total_us=4999 gpu_prepass_us=0 gpu_main_us=4999 gpu_composite_us=0 gpu_blit_us=0
frust_shell_common::perf: frust-perf raw n=546 total_us=8644 rebuild_us=54 layout_us=1408 paint_us=154 encode_us=36 acquire_us=1971 submit_us=5017 skipped=0 gpu_q=1 gpu_total_us=5377 gpu_prepass_us=0 gpu_main_us=5377 gpu_composite_us=0 gpu_blit_us=0
frust_shell_common::perf: frust-perf raw n=547 total_us=9922 rebuild_us=71 layout_us=2327 paint_us=299 encode_us=49 acquire_us=459 submit_us=6715 skipped=0 gpu_q=1 gpu_total_us=5037 gpu_prepass_us=0 gpu_main_us=5037 gpu_composite_us=0 gpu_blit_us=0
frust_shell_common::perf: frust-perf raw n=548 total_us=12740 rebuild_us=116 layout_us=5130 paint_us=397 encode_us=53 acquire_us=84 submit_us=6957 skipped=0 gpu_q=1 gpu_total_us=4823 gpu_prepass_us=0 gpu_main_us=4823 gpu_composite_us=0 gpu_blit_us=0
frust_shell_common::perf: frust-perf raw n=549 total_us=6656 rebuild_us=54 layout_us=2109 paint_us=225 encode_us=45 acquire_us=77 submit_us=4144 skipped=0 gpu_q=1 gpu_total_us=4781 gpu_prepass_us=0 gpu_main_us=4781 gpu_composite_us=0 gpu_blit_us=0
frust_shell_common::perf: frust-perf raw n=550 total_us=9640 rebuild_us=53 layout_us=1348 paint_us=155 encode_us=36 acquire_us=2587 submit_us=5460 skipped=0 gpu_q=1 gpu_total_us=4851 gpu_prepass_us=0 gpu_main_us=4851 gpu_composite_us=0 gpu_blit_us=0
frust_shell_common::perf: frust-perf raw n=551 total_us=8678 rebuild_us=53 layout_us=1649 paint_us=179 encode_us=33 acquire_us=1504 submit_us=5257 skipped=0 gpu_q=1 gpu_total_us=4981 gpu_prepass_us=0 gpu_main_us=4981 gpu_composite_us=0 gpu_blit_us=0
frust_shell_common::perf: frust-perf raw n=552 total_us=7152 rebuild_us=65 layout_us=1675 paint_us=178 encode_us=43 acquire_us=66 submit_us=5122 skipped=0 gpu_q=1 gpu_total_us=4822 gpu_prepass_us=0 gpu_main_us=4822 gpu_composite_us=0 gpu_blit_us=0
frust_shell_common::perf: frust-perf raw n=553 total_us=6831 rebuild_us=55 layout_us=1519 paint_us=161 encode_us=36 acquire_us=61 submit_us=4997 skipped=0 gpu_q=1 gpu_total_us=4988 gpu_prepass_us=0 gpu_main_us=4988 gpu_composite_us=0 gpu_blit_us=0
frust_shell_common::perf: frust-perf raw n=554 total_us=10824 rebuild_us=52 layout_us=1678 paint_us=177 encode_us=43 acquire_us=1478 submit_us=7393 skipped=0 gpu_q=1 gpu_total_us=4955 gpu_prepass_us=0 gpu_main_us=4955 gpu_composite_us=0 gpu_blit_us=0
frust_shell_common::perf: frust-perf raw n=555 total_us=8164 rebuild_us=58 layout_us=2583 paint_us=276 encode_us=49 acquire_us=92 submit_us=5104 skipped=0 gpu_q=1 gpu_total_us=4939 gpu_prepass_us=0 gpu_main_us=4939 gpu_composite_us=0 gpu_blit_us=0
frust_shell_common::perf: frust-perf raw n=556 total_us=6075 rebuild_us=48 layout_us=1444 paint_us=161 encode_us=43 acquire_us=64 submit_us=4312 skipped=0 gpu_q=1 gpu_total_us=4834 gpu_prepass_us=0 gpu_main_us=4834 gpu_composite_us=0 gpu_blit_us=0
frust_shell_common::perf: frust-perf raw n=557 total_us=8719 rebuild_us=51 layout_us=1338 paint_us=141 encode_us=36 acquire_us=1122 submit_us=6028 skipped=0 gpu_q=1 gpu_total_us=4822 gpu_prepass_us=0 gpu_main_us=4822 gpu_composite_us=0 gpu_blit_us=0
frust_shell_common::perf: frust-perf raw n=558 total_us=11744 rebuild_us=81 layout_us=2331 paint_us=251 encode_us=48 acquire_us=1151 submit_us=7880 skipped=0 gpu_q=1 gpu_total_us=4940 gpu_prepass_us=0 gpu_main_us=4940 gpu_composite_us=0 gpu_blit_us=0
frust_shell_common::perf: frust-perf raw n=559 total_us=6884 rebuild_us=63 layout_us=2563 paint_us=284 encode_us=43 acquire_us=68 submit_us=3859 skipped=0 gpu_q=1 gpu_total_us=5184 gpu_prepass_us=0 gpu_main_us=5184 gpu_composite_us=0 gpu_blit_us=0
frust_shell_common::perf: frust-perf raw n=560 total_us=6508 rebuild_us=61 layout_us=1364 paint_us=159 encode_us=37 acquire_us=62 submit_us=4822 skipped=0 gpu_q=1 gpu_total_us=4777 gpu_prepass_us=0 gpu_main_us=4777 gpu_composite_us=0 gpu_blit_us=0
frust_shell_common::perf: frust-perf raw n=561 total_us=9934 rebuild_us=55 layout_us=1409 paint_us=151 encode_us=33 acquire_us=1510 submit_us=6773 skipped=0 gpu_q=1 gpu_total_us=4902 gpu_prepass_us=0 gpu_main_us=4902 gpu_composite_us=0 gpu_blit_us=0
frust_shell_common::perf: frust-perf raw n=562 total_us=13194 rebuild_us=113 layout_us=5954 paint_us=551 encode_us=45 acquire_us=71 submit_us=6457 skipped=0 gpu_q=1 gpu_total_us=5047 gpu_prepass_us=0 gpu_main_us=5047 gpu_composite_us=0 gpu_blit_us=0
frust_shell_common::perf: frust-perf raw n=563 total_us=13835 rebuild_us=121 layout_us=5733 paint_us=576 encode_us=49 acquire_us=86 submit_us=7269 skipped=0 gpu_q=1 gpu_total_us=4901 gpu_prepass_us=0 gpu_main_us=4901 gpu_composite_us=0 gpu_blit_us=0
frust_shell_common::perf: frust-perf raw n=564 total_us=9274 rebuild_us=69 layout_us=2662 paint_us=254 encode_us=49 acquire_us=117 submit_us=6121 skipped=0 gpu_q=1 gpu_total_us=4832 gpu_prepass_us=0 gpu_main_us=4832 gpu_composite_us=0 gpu_blit_us=0
frust_shell_common::perf: frust-perf raw n=565 total_us=6306 rebuild_us=62 layout_us=2164 paint_us=204 encode_us=44 acquire_us=63 submit_us=3767 skipped=0 gpu_q=1 gpu_total_us=4867 gpu_prepass_us=0 gpu_main_us=4867 gpu_composite_us=0 gpu_blit_us=0
frust_shell_common::perf: frust-perf raw n=566 total_us=5713 rebuild_us=53 layout_us=1359 paint_us=228 encode_us=55 acquire_us=77 submit_us=3938 skipped=0 gpu_q=1 gpu_total_us=4807 gpu_prepass_us=0 gpu_main_us=4807 gpu_composite_us=0 gpu_blit_us=0
frust_shell_common::perf: frust-perf raw n=567 total_us=9545 rebuild_us=51 layout_us=1521 paint_us=215 encode_us=44 acquire_us=1401 submit_us=6310 skipped=0 gpu_q=1 gpu_total_us=5004 gpu_prepass_us=0 gpu_main_us=5004 gpu_composite_us=0 gpu_blit_us=0
frust_shell_common::perf: frust-perf raw n=568 total_us=8571 rebuild_us=56 layout_us=1961 paint_us=215 encode_us=46 acquire_us=556 submit_us=5735 skipped=0 gpu_q=1 gpu_total_us=4956 gpu_prepass_us=0 gpu_main_us=4956 gpu_composite_us=0 gpu_blit_us=0
frust_shell_common::perf: frust-perf raw n=569 total_us=8827 rebuild_us=55 layout_us=1847 paint_us=182 encode_us=42 acquire_us=1330 submit_us=5370 skipped=0 gpu_q=1 gpu_total_us=4837 gpu_prepass_us=0 gpu_main_us=4837 gpu_composite_us=0 gpu_blit_us=0
frust_shell_common::perf: frust-perf raw n=570 total_us=9367 rebuild_us=57 layout_us=1950 paint_us=216 encode_us=44 acquire_us=1229 submit_us=5868 skipped=0 gpu_q=1 gpu_total_us=4695 gpu_prepass_us=0 gpu_main_us=4695 gpu_composite_us=0 gpu_blit_us=0
frust_shell_common::perf: frust-perf raw n=571 total_us=9715 rebuild_us=60 layout_us=2012 paint_us=217 encode_us=45 acquire_us=1093 submit_us=6286 skipped=0 gpu_q=1 gpu_total_us=4891 gpu_prepass_us=0 gpu_main_us=4891 gpu_composite_us=0 gpu_blit_us=0
frust_shell_common::perf: frust-perf raw n=572 total_us=9881 rebuild_us=63 layout_us=1831 paint_us=216 encode_us=43 acquire_us=1432 submit_us=6294 skipped=0 gpu_q=1 gpu_total_us=4792 gpu_prepass_us=0 gpu_main_us=4792 gpu_composite_us=0 gpu_blit_us=0
frust_shell_common::perf: frust-perf raw n=573 total_us=10013 rebuild_us=81 layout_us=1594 paint_us=214 encode_us=42 acquire_us=1868 submit_us=6212 skipped=0 gpu_q=1 gpu_total_us=4962 gpu_prepass_us=0 gpu_main_us=4962 gpu_composite_us=0 gpu_blit_us=0
frust_shell_common::perf: frust-perf raw n=574 total_us=9336 rebuild_us=60 layout_us=1368 paint_us=215 encode_us=43 acquire_us=1715 submit_us=5932 skipped=0 gpu_q=1 gpu_total_us=4932 gpu_prepass_us=0 gpu_main_us=4932 gpu_composite_us=0 gpu_blit_us=0
frust_shell_common::perf: frust-perf raw n=575 total_us=9283 rebuild_us=55 layout_us=1067 paint_us=187 encode_us=43 acquire_us=2299 submit_us=5630 skipped=0 gpu_q=1 gpu_total_us=4979 gpu_prepass_us=0 gpu_main_us=4979 gpu_composite_us=0 gpu_blit_us=0
frust_shell_common::perf: frust-perf raw n=576 total_us=9425 rebuild_us=57 layout_us=885 paint_us=163 encode_us=67 acquire_us=2531 submit_us=5719 skipped=0 gpu_q=1 gpu_total_us=4900 gpu_prepass_us=0 gpu_main_us=4900 gpu_composite_us=0 gpu_blit_us=0
frust_shell_common::perf: frust-perf raw n=577 total_us=8575 rebuild_us=125 layout_us=1911 paint_us=404 encode_us=45 acquire_us=73 submit_us=6016 skipped=0 gpu_q=1 gpu_total_us=5014 gpu_prepass_us=0 gpu_main_us=5014 gpu_composite_us=0 gpu_blit_us=0
frust_shell_common::perf: frust-perf raw n=578 total_us=6916 rebuild_us=159 layout_us=746 paint_us=352 encode_us=38 acquire_us=64 submit_us=5554 skipped=0 gpu_q=1 gpu_total_us=5066 gpu_prepass_us=0 gpu_main_us=5066 gpu_composite_us=0 gpu_blit_us=0
frust_shell_common::perf: frust-perf raw n=579 total_us=9355 rebuild_us=146 layout_us=43 paint_us=247 encode_us=35 acquire_us=2653 submit_us=6227 skipped=0 gpu_q=1 gpu_total_us=5019 gpu_prepass_us=0 gpu_main_us=5019 gpu_composite_us=0 gpu_blit_us=0
frust_shell_common::perf: frust-perf raw n=580 total_us=9213 rebuild_us=137 layout_us=111 paint_us=252 encode_us=50 acquire_us=1324 submit_us=7336 skipped=0 gpu_q=1 gpu_total_us=5381 gpu_prepass_us=0 gpu_main_us=5381 gpu_composite_us=0 gpu_blit_us=0
frust_shell_common::perf: frust-perf raw n=581 total_us=9306 rebuild_us=147 layout_us=796 paint_us=609 encode_us=49 acquire_us=1388 submit_us=6314 skipped=0 gpu_q=1 gpu_total_us=4874 gpu_prepass_us=0 gpu_main_us=4874 gpu_composite_us=0 gpu_blit_us=0
frust_shell_common::perf: frust-perf raw n=582 total_us=8206 rebuild_us=135 layout_us=718 paint_us=504 encode_us=40 acquire_us=1153 submit_us=5654 skipped=0 gpu_q=1 gpu_total_us=4879 gpu_prepass_us=0 gpu_main_us=4879 gpu_composite_us=0 gpu_blit_us=0
frust_shell_common::perf: frust-perf raw n=583 total_us=12873 rebuild_us=134 layout_us=4647 paint_us=449 encode_us=48 acquire_us=84 submit_us=7509 skipped=0 gpu_q=1 gpu_total_us=4882 gpu_prepass_us=0 gpu_main_us=4882 gpu_composite_us=0 gpu_blit_us=0
frust_shell_common::perf: frust-perf raw n=584 total_us=8135 rebuild_us=114 layout_us=4072 paint_us=442 encode_us=35 acquire_us=54 submit_us=3416 skipped=0 gpu_q=1 gpu_total_us=4752 gpu_prepass_us=0 gpu_main_us=4752 gpu_composite_us=0 gpu_blit_us=0
frust_shell_common::perf: frust-perf raw n=585 total_us=8715 rebuild_us=58 layout_us=1120 paint_us=170 encode_us=34 acquire_us=2105 submit_us=5227 skipped=0 gpu_q=1 gpu_total_us=4913 gpu_prepass_us=0 gpu_main_us=4913 gpu_composite_us=0 gpu_blit_us=0
frust_shell_common::perf: frust-perf raw n=586 total_us=7398 rebuild_us=69 layout_us=1199 paint_us=175 encode_us=37 acquire_us=1158 submit_us=4758 skipped=0 gpu_q=1 gpu_total_us=4891 gpu_prepass_us=0 gpu_main_us=4891 gpu_composite_us=0 gpu_blit_us=0
frust_shell_android::app::frame: frust-perf platform-view tail depth=0 target=0 acquire_bound=false frame=600 expected_present_us=0 acquire_us=1126 period_us=8283
frust_shell_common::perf: frust-perf raw n=587 total_us=8814 rebuild_us=57 layout_us=1244 paint_us=171 encode_us=36 acquire_us=1395 submit_us=5908 skipped=0 gpu_q=1 gpu_total_us=4773 gpu_prepass_us=0 gpu_main_us=4773 gpu_composite_us=0 gpu_blit_us=0
frust_shell_common::perf: frust-perf raw n=588 total_us=9205 rebuild_us=64 layout_us=1611 paint_us=217 encode_us=42 acquire_us=1048 submit_us=6220 skipped=0 gpu_q=1 gpu_total_us=4810 gpu_prepass_us=0 gpu_main_us=4810 gpu_composite_us=0 gpu_blit_us=0
frust_shell_common::perf: frust-perf raw n=589 total_us=9549 rebuild_us=61 layout_us=1637 paint_us=240 encode_us=45 acquire_us=1465 submit_us=6099 skipped=0 gpu_q=1 gpu_total_us=4838 gpu_prepass_us=0 gpu_main_us=4838 gpu_composite_us=0 gpu_blit_us=0
frust_shell_common::perf: frust-perf raw n=590 total_us=9667 rebuild_us=57 layout_us=1507 paint_us=222 encode_us=44 acquire_us=1910 submit_us=5924 skipped=0 gpu_q=1 gpu_total_us=4873 gpu_prepass_us=0 gpu_main_us=4873 gpu_composite_us=0 gpu_blit_us=0
frust_shell_common::perf: frust-perf raw n=591 total_us=9535 rebuild_us=57 layout_us=1594 paint_us=217 encode_us=41 acquire_us=1696 submit_us=5928 skipped=0 gpu_q=1 gpu_total_us=4912 gpu_prepass_us=0 gpu_main_us=4912 gpu_composite_us=0 gpu_blit_us=0
frust_shell_common::perf: frust-perf raw n=592 total_us=9775 rebuild_us=56 layout_us=1636 paint_us=218 encode_us=45 acquire_us=1438 submit_us=6379 skipped=0 gpu_q=1 gpu_total_us=4753 gpu_prepass_us=0 gpu_main_us=4753 gpu_composite_us=0 gpu_blit_us=0
frust_shell_common::perf: frust-perf raw n=593 total_us=9152 rebuild_us=61 layout_us=1603 paint_us=231 encode_us=43 acquire_us=1717 submit_us=5494 skipped=0 gpu_q=1 gpu_total_us=4818 gpu_prepass_us=0 gpu_main_us=4818 gpu_composite_us=0 gpu_blit_us=0
frust_shell_common::perf: frust-perf raw n=594 total_us=9068 rebuild_us=84 layout_us=1383 paint_us=199 encode_us=43 acquire_us=1873 submit_us=5483 skipped=0 gpu_q=1 gpu_total_us=4963 gpu_prepass_us=0 gpu_main_us=4963 gpu_composite_us=0 gpu_blit_us=0
frust_shell_common::perf: frust-perf raw n=595 total_us=9138 rebuild_us=68 layout_us=1494 paint_us=201 encode_us=45 acquire_us=1223 submit_us=6104 skipped=0 gpu_q=1 gpu_total_us=4893 gpu_prepass_us=0 gpu_main_us=4893 gpu_composite_us=0 gpu_blit_us=0
frust_shell_common::perf: frust-perf raw n=596 total_us=9428 rebuild_us=90 layout_us=1713 paint_us=251 encode_us=45 acquire_us=1192 submit_us=6135 skipped=0 gpu_q=1 gpu_total_us=4734 gpu_prepass_us=0 gpu_main_us=4734 gpu_composite_us=0 gpu_blit_us=0
frust_shell_common::perf: frust-perf raw n=597 total_us=9688 rebuild_us=69 layout_us=1785 paint_us=245 encode_us=50 acquire_us=1126 submit_us=6411 skipped=0 gpu_q=1 gpu_total_us=4830 gpu_prepass_us=0 gpu_main_us=4830 gpu_composite_us=0 gpu_blit_us=0
frust_shell_common::perf: frust-perf raw n=598 total_us=11486 rebuild_us=178 layout_us=4310 paint_us=463 encode_us=45 acquire_us=68 submit_us=6420 skipped=0 gpu_q=1 gpu_total_us=4947 gpu_prepass_us=0 gpu_main_us=4947 gpu_composite_us=0 gpu_blit_us=0
frust_shell_common::perf: frust-perf raw n=599 total_us=12413 rebuild_us=117 layout_us=4477 paint_us=529 encode_us=50 acquire_us=83 submit_us=7154 skipped=0 gpu_q=1 gpu_total_us=4887 gpu_prepass_us=0 gpu_main_us=4887 gpu_composite_us=0 gpu_blit_us=0
frust_engine::renderer: frust-perf enc n=600 w=60 validate_us=14.9 prepare_us=3.1 classify_us=43.9 admit_us=0.2 walk_us=2749.0 glyphs_us=2238.0 finish_us=2.2 compile_us=2814.8 schedule_us=4.3 paints_us=138.9 instances_us=208.9 resize_us=10.8 upload_us=280.8 replay_us=0.3 pipelines_us=16.2 record_us=28.9 total_us=3505.9 total_p95_us=4657.4 draws=830 strips=12423 alphas=302416 glyph_draws=797 atlas_glyphs=797
frust_shell_common::perf: frust-perf raw n=600 total_us=8611 rebuild_us=74 layout_us=1985 paint_us=244 encode_us=81 acquire_us=73 submit_us=6151 skipped=0 gpu_q=1 gpu_total_us=4786 gpu_prepass_us=0 gpu_main_us=4786 gpu_composite_us=0 gpu_blit_us=0
frust_shell_common::perf: frust-perf raw n=601 total_us=6870 rebuild_us=67 layout_us=1329 paint_us=184 encode_us=35 acquire_us=1153 submit_us=4100 skipped=0 gpu_q=1 gpu_total_us=4850 gpu_prepass_us=0 gpu_main_us=4850 gpu_composite_us=0 gpu_blit_us=0
frust_shell_common::perf: frust-perf raw n=602 total_us=6931 rebuild_us=140 layout_us=1032 paint_us=146 encode_us=35 acquire_us=1662 submit_us=3914 skipped=0 gpu_q=1 gpu_total_us=5315 gpu_prepass_us=0 gpu_main_us=5315 gpu_composite_us=0 gpu_blit_us=0
frust_shell_common::perf: frust-perf raw n=603 total_us=8860 rebuild_us=62 layout_us=1504 paint_us=202 encode_us=44 acquire_us=1090 submit_us=5955 skipped=0 gpu_q=1 gpu_total_us=4943 gpu_prepass_us=0 gpu_main_us=4943 gpu_composite_us=0 gpu_blit_us=0
frust_shell_common::perf: frust-perf raw n=604 total_us=9788 rebuild_us=66 layout_us=1853 paint_us=245 encode_us=45 acquire_us=681 submit_us=6895 skipped=0 gpu_q=1 gpu_total_us=4844 gpu_prepass_us=0 gpu_main_us=4844 gpu_composite_us=0 gpu_blit_us=0
frust_shell_common::perf: frust-perf raw n=605 total_us=9577 rebuild_us=65 layout_us=1784 paint_us=262 encode_us=49 acquire_us=817 submit_us=6597 skipped=0 gpu_q=1 gpu_total_us=4715 gpu_prepass_us=0 gpu_main_us=4715 gpu_composite_us=0 gpu_blit_us=0
frust_shell_common::perf: frust-perf raw n=606 total_us=9344 rebuild_us=63 layout_us=1520 paint_us=223 encode_us=47 acquire_us=1416 submit_us=6073 skipped=0 gpu_q=1 gpu_total_us=4929 gpu_prepass_us=0 gpu_main_us=4929 gpu_composite_us=0 gpu_blit_us=0
frust_shell_common::perf: frust-perf raw n=607 total_us=9186 rebuild_us=66 layout_us=1648 paint_us=228 encode_us=42 acquire_us=1059 submit_us=6139 skipped=0 gpu_q=1 gpu_total_us=4857 gpu_prepass_us=0 gpu_main_us=4857 gpu_composite_us=0 gpu_blit_us=0
frust_shell_common::perf: frust-perf raw n=608 total_us=9256 rebuild_us=68 layout_us=1638 paint_us=223 encode_us=44 acquire_us=1125 submit_us=6154 skipped=0 gpu_q=1 gpu_total_us=4745 gpu_prepass_us=0 gpu_main_us=4745 gpu_composite_us=0 gpu_blit_us=0
frust_shell_common::perf: frust-perf raw n=609 total_us=9169 rebuild_us=60 layout_us=1633 paint_us=242 encode_us=45 acquire_us=1068 submit_us=6119 skipped=0 gpu_q=1 gpu_total_us=4858 gpu_prepass_us=0 gpu_main_us=4858 gpu_composite_us=0 gpu_blit_us=0
frust_shell_common::perf: frust-perf raw n=610 total_us=9282 rebuild_us=69 layout_us=1540 paint_us=273 encode_us=50 acquire_us=1334 submit_us=6015 skipped=0 gpu_q=1 gpu_total_us=4939 gpu_prepass_us=0 gpu_main_us=4939 gpu_composite_us=0 gpu_blit_us=0
frust_shell_common::perf: frust-perf raw n=611 total_us=9401 rebuild_us=62 layout_us=1676 paint_us=227 encode_us=43 acquire_us=1255 submit_us=6135 skipped=0 gpu_q=1 gpu_total_us=4956 gpu_prepass_us=0 gpu_main_us=4956 gpu_composite_us=0 gpu_blit_us=0
frust_shell_common::perf: frust-perf raw n=612 total_us=12773 rebuild_us=155 layout_us=4600 paint_us=480 encode_us=51 acquire_us=107 submit_us=7377 skipped=0 gpu_q=1 gpu_total_us=4751 gpu_prepass_us=0 gpu_main_us=4751 gpu_composite_us=0 gpu_blit_us=0
frust_shell_common::perf: frust-perf raw n=613 total_us=8590 rebuild_us=106 layout_us=4278 paint_us=537 encode_us=83 acquire_us=85 submit_us=3498 skipped=0 gpu_q=1 gpu_total_us=4808 gpu_prepass_us=0 gpu_main_us=4808 gpu_composite_us=0 gpu_blit_us=0
frust_shell_common::perf: frust-perf raw n=614 total_us=11032 rebuild_us=129 layout_us=3976 paint_us=420 encode_us=32 acquire_us=141 submit_us=6333 skipped=0 gpu_q=1 gpu_total_us=4992 gpu_prepass_us=0 gpu_main_us=4992 gpu_composite_us=0 gpu_blit_us=0
frust_shell_common::perf: frust-perf raw n=615 total_us=7860 rebuild_us=98 layout_us=3031 paint_us=320 encode_us=38 acquire_us=68 submit_us=4303 skipped=0 gpu_q=1 gpu_total_us=4928 gpu_prepass_us=0 gpu_main_us=4928 gpu_composite_us=0 gpu_blit_us=0
frust_shell_common::perf: frust-perf raw n=616 total_us=7331 rebuild_us=53 layout_us=1103 paint_us=150 encode_us=31 acquire_us=1509 submit_us=4483 skipped=0 gpu_q=1 gpu_total_us=4759 gpu_prepass_us=0 gpu_main_us=4759 gpu_composite_us=0 gpu_blit_us=0
frust_shell_common::perf: frust-perf raw n=617 total_us=8611 rebuild_us=52 layout_us=1260 paint_us=181 encode_us=40 acquire_us=1237 submit_us=5838 skipped=0 gpu_q=1 gpu_total_us=4810 gpu_prepass_us=0 gpu_main_us=4810 gpu_composite_us=0 gpu_blit_us=0
frust_shell_common::perf: frust-perf raw n=618 total_us=9022 rebuild_us=58 layout_us=1516 paint_us=223 encode_us=48 acquire_us=1082 submit_us=6092 skipped=0 gpu_q=1 gpu_total_us=4964 gpu_prepass_us=0 gpu_main_us=4964 gpu_composite_us=0 gpu_blit_us=0
frust_shell_common::perf: frust-perf raw n=619 total_us=9206 rebuild_us=64 layout_us=1631 paint_us=221 encode_us=45 acquire_us=929 submit_us=6313 skipped=0 gpu_q=1 gpu_total_us=4777 gpu_prepass_us=0 gpu_main_us=4777 gpu_composite_us=0 gpu_blit_us=0
frust_shell_common::perf: frust-perf raw n=620 total_us=9276 rebuild_us=67 layout_us=1642 paint_us=221 encode_us=43 acquire_us=1168 submit_us=6132 skipped=0 gpu_q=1 gpu_total_us=4754 gpu_prepass_us=0 gpu_main_us=4754 gpu_composite_us=0 gpu_blit_us=0
frust_shell_common::perf: frust-perf raw n=621 total_us=8408 rebuild_us=55 layout_us=1644 paint_us=224 encode_us=47 acquire_us=890 submit_us=5545 skipped=0 gpu_q=1 gpu_total_us=4817 gpu_prepass_us=0 gpu_main_us=4817 gpu_composite_us=0 gpu_blit_us=0
frust_shell_common::perf: frust-perf raw n=622 total_us=9209 rebuild_us=58 layout_us=1465 paint_us=221 encode_us=51 acquire_us=1357 submit_us=6055 skipped=0 gpu_q=1 gpu_total_us=4954 gpu_prepass_us=0 gpu_main_us=4954 gpu_composite_us=0 gpu_blit_us=0
frust_shell_common::perf: frust-perf raw n=623 total_us=9674 rebuild_us=75 layout_us=1538 paint_us=221 encode_us=47 acquire_us=1710 submit_us=6081 skipped=0 gpu_q=1 gpu_total_us=4927 gpu_prepass_us=0 gpu_main_us=4927 gpu_composite_us=0 gpu_blit_us=0
frust_shell_common::perf: frust-perf raw n=624 total_us=9391 rebuild_us=58 layout_us=1610 paint_us=218 encode_us=40 acquire_us=1418 submit_us=6043 skipped=0 gpu_q=1 gpu_total_us=4766 gpu_prepass_us=0 gpu_main_us=4766 gpu_composite_us=0 gpu_blit_us=0
frust_shell_common::perf: frust-perf raw n=625 total_us=9157 rebuild_us=59 layout_us=1638 paint_us=227 encode_us=43 acquire_us=1166 submit_us=6021 skipped=0 gpu_q=1 gpu_total_us=4820 gpu_prepass_us=0 gpu_main_us=4820 gpu_composite_us=0 gpu_blit_us=0
frust_shell_common::perf: frust-perf raw n=626 total_us=9247 rebuild_us=85 layout_us=1718 paint_us=262 encode_us=65 acquire_us=1136 submit_us=5978 skipped=0 gpu_q=1 gpu_total_us=4906 gpu_prepass_us=0 gpu_main_us=4906 gpu_composite_us=0 gpu_blit_us=0
frust_shell_common::perf: frust-perf raw n=627 total_us=9611 rebuild_us=76 layout_us=1580 paint_us=254 encode_us=48 acquire_us=1483 submit_us=6169 skipped=0 gpu_q=1 gpu_total_us=4911 gpu_prepass_us=0 gpu_main_us=4911 gpu_composite_us=0 gpu_blit_us=0
frust_shell_common::perf: frust-perf raw n=628 total_us=9538 rebuild_us=59 layout_us=1726 paint_us=227 encode_us=48 acquire_us=1327 submit_us=6148 skipped=0 gpu_q=1 gpu_total_us=4781 gpu_prepass_us=0 gpu_main_us=4781 gpu_composite_us=0 gpu_blit_us=0
frust_shell_common::perf: frust-perf raw n=629 total_us=12733 rebuild_us=209 layout_us=5257 paint_us=442 encode_us=42 acquire_us=75 submit_us=6705 skipped=0 gpu_q=1 gpu_total_us=4807 gpu_prepass_us=0 gpu_main_us=4807 gpu_composite_us=0 gpu_blit_us=0
frust_shell_common::perf: frust-perf raw n=630 total_us=11040 rebuild_us=117 layout_us=4368 paint_us=527 encode_us=56 acquire_us=86 submit_us=5883 skipped=0 gpu_q=1 gpu_total_us=4907 gpu_prepass_us=0 gpu_main_us=4907 gpu_composite_us=0 gpu_blit_us=0
frust_shell_common::perf: frust-perf raw n=631 total_us=4830 rebuild_us=56 layout_us=1166 paint_us=155 encode_us=32 acquire_us=52 submit_us=3366 skipped=0 gpu_q=1 gpu_total_us=4914 gpu_prepass_us=0 gpu_main_us=4914 gpu_composite_us=0 gpu_blit_us=0
frust_shell_common::perf: frust-perf raw n=632 total_us=7172 rebuild_us=124 layout_us=1139 paint_us=154 encode_us=31 acquire_us=1091 submit_us=4630 skipped=0 gpu_q=1 gpu_total_us=4806 gpu_prepass_us=0 gpu_main_us=4806 gpu_composite_us=0 gpu_blit_us=0
frust_shell_common::perf: frust-perf raw n=633 total_us=7995 rebuild_us=72 layout_us=1378 paint_us=183 encode_us=43 acquire_us=981 submit_us=5337 skipped=0 gpu_q=1 gpu_total_us=4746 gpu_prepass_us=0 gpu_main_us=4746 gpu_composite_us=0 gpu_blit_us=0
frust_shell_common::perf: frust-perf raw n=634 total_us=8690 rebuild_us=60 layout_us=1478 paint_us=214 encode_us=50 acquire_us=1146 submit_us=5741 skipped=0 gpu_q=1 gpu_total_us=4937 gpu_prepass_us=0 gpu_main_us=4937 gpu_composite_us=0 gpu_blit_us=0
frust_shell_common::perf: frust-perf raw n=635 total_us=9045 rebuild_us=64 layout_us=1516 paint_us=225 encode_us=48 acquire_us=946 submit_us=6245 skipped=0 gpu_q=1 gpu_total_us=4881 gpu_prepass_us=0 gpu_main_us=4881 gpu_composite_us=0 gpu_blit_us=0
frust_shell_common::perf: frust-perf raw n=636 total_us=9001 rebuild_us=67 layout_us=1639 paint_us=222 encode_us=43 acquire_us=960 submit_us=6069 skipped=0 gpu_q=1 gpu_total_us=4788 gpu_prepass_us=0 gpu_main_us=4788 gpu_composite_us=0 gpu_blit_us=0
frust_shell_common::perf: frust-perf raw n=637 total_us=9142 rebuild_us=70 layout_us=1608 paint_us=219 encode_us=43 acquire_us=1102 submit_us=6098 skipped=0 gpu_q=1 gpu_total_us=4782 gpu_prepass_us=0 gpu_main_us=4782 gpu_composite_us=0 gpu_blit_us=0
frust_shell_common::perf: frust-perf raw n=638 total_us=9140 rebuild_us=66 layout_us=1622 paint_us=244 encode_us=47 acquire_us=1055 submit_us=6105 skipped=0 gpu_q=1 gpu_total_us=4875 gpu_prepass_us=0 gpu_main_us=4875 gpu_composite_us=0 gpu_blit_us=0
frust_shell_common::perf: frust-perf raw n=639 total_us=9333 rebuild_us=65 layout_us=1541 paint_us=224 encode_us=44 acquire_us=1524 submit_us=5933 skipped=0 gpu_q=1 gpu_total_us=4959 gpu_prepass_us=0 gpu_main_us=4959 gpu_composite_us=0 gpu_blit_us=0
frust_shell_common::perf: frust-perf raw n=640 total_us=9295 rebuild_us=59 layout_us=1630 paint_us=225 encode_us=43 acquire_us=1259 submit_us=6077 skipped=0 gpu_q=1 gpu_total_us=4765 gpu_prepass_us=0 gpu_main_us=4765 gpu_composite_us=0 gpu_blit_us=0
frust_shell_common::perf: frust-perf raw n=641 total_us=9311 rebuild_us=60 layout_us=1690 paint_us=228 encode_us=45 acquire_us=1034 submit_us=6251 skipped=0 gpu_q=1 gpu_total_us=4806 gpu_prepass_us=0 gpu_main_us=4806 gpu_composite_us=0 gpu_blit_us=0
frust_shell_common::perf: frust-perf raw n=642 total_us=9248 rebuild_us=63 layout_us=1671 paint_us=225 encode_us=48 acquire_us=1105 submit_us=6134 skipped=0 gpu_q=1 gpu_total_us=4836 gpu_prepass_us=0 gpu_main_us=4836 gpu_composite_us=0 gpu_blit_us=0
frust_shell_common::perf: frust-perf raw n=643 total_us=9301 rebuild_us=70 layout_us=1666 paint_us=245 encode_us=51 acquire_us=1181 submit_us=6086 skipped=0 gpu_q=1 gpu_total_us=4951 gpu_prepass_us=0 gpu_main_us=4951 gpu_composite_us=0 gpu_blit_us=0
frust_shell_common::perf: frust-perf raw n=644 total_us=13421 rebuild_us=148 layout_us=3882 paint_us=510 encode_us=61 acquire_us=96 submit_us=8721 skipped=0 gpu_q=1 gpu_total_us=4789 gpu_prepass_us=0 gpu_main_us=4789 gpu_composite_us=0 gpu_blit_us=0
frust_shell_common::perf: frust-perf raw n=645 total_us=8558 rebuild_us=120 layout_us=4268 paint_us=525 encode_us=35 acquire_us=47 submit_us=3561 skipped=0 gpu_q=1 gpu_total_us=4840 gpu_prepass_us=0 gpu_main_us=4840 gpu_composite_us=0 gpu_blit_us=0
frust_shell_common::perf: frust-perf raw n=646 total_us=11081 rebuild_us=137 layout_us=4934 paint_us=452 encode_us=46 acquire_us=60 submit_us=5450 skipped=0 gpu_q=1 gpu_total_us=4894 gpu_prepass_us=0 gpu_main_us=4894 gpu_composite_us=0 gpu_blit_us=0
frust_shell_common::perf: frust-perf raw n=647 total_us=10764 rebuild_us=160 layout_us=4409 paint_us=520 encode_us=41 acquire_us=69 submit_us=5563 skipped=0 gpu_q=1 gpu_total_us=4925 gpu_prepass_us=0 gpu_main_us=4925 gpu_composite_us=0 gpu_blit_us=0
frust_shell_common::perf: frust-perf raw n=648 total_us=5962 rebuild_us=56 layout_us=1292 paint_us=196 encode_us=39 acquire_us=59 submit_us=4317 skipped=0 gpu_q=1 gpu_total_us=4897 gpu_prepass_us=82 gpu_main_us=4815 gpu_composite_us=0 gpu_blit_us=0
frust_shell_common::perf: frust-perf raw n=649 total_us=10155 rebuild_us=60 layout_us=1319 paint_us=191 encode_us=38 acquire_us=1277 submit_us=7266 skipped=0 gpu_q=1 gpu_total_us=4871 gpu_prepass_us=0 gpu_main_us=4871 gpu_composite_us=0 gpu_blit_us=0
frust_shell_common::perf: frust-perf raw n=650 total_us=7108 rebuild_us=63 layout_us=1779 paint_us=242 encode_us=48 acquire_us=453 submit_us=4521 skipped=0 gpu_q=1 gpu_total_us=4929 gpu_prepass_us=0 gpu_main_us=4929 gpu_composite_us=0 gpu_blit_us=0
frust_shell_common::perf: frust-perf raw n=651 total_us=9277 rebuild_us=54 layout_us=1103 paint_us=170 encode_us=40 acquire_us=2384 submit_us=5524 skipped=0 gpu_q=1 gpu_total_us=4920 gpu_prepass_us=0 gpu_main_us=4920 gpu_composite_us=0 gpu_blit_us=0
frust_shell_common::perf: frust-perf raw n=652 total_us=8364 rebuild_us=54 layout_us=1365 paint_us=205 encode_us=48 acquire_us=1273 submit_us=5416 skipped=0 gpu_q=1 gpu_total_us=4844 gpu_prepass_us=0 gpu_main_us=4844 gpu_composite_us=0 gpu_blit_us=0
frust_shell_common::perf: frust-perf raw n=653 total_us=9423 rebuild_us=59 layout_us=1462 paint_us=200 encode_us=36 acquire_us=1627 submit_us=6036 skipped=0 gpu_q=1 gpu_total_us=4885 gpu_prepass_us=0 gpu_main_us=4885 gpu_composite_us=0 gpu_blit_us=0
frust_shell_common::perf: frust-perf raw n=654 total_us=9315 rebuild_us=57 layout_us=1638 paint_us=219 encode_us=45 acquire_us=1305 submit_us=6049 skipped=0 gpu_q=1 gpu_total_us=4820 gpu_prepass_us=0 gpu_main_us=4820 gpu_composite_us=0 gpu_blit_us=0
frust_shell_common::perf: frust-perf raw n=655 total_us=9534 rebuild_us=57 layout_us=1637 paint_us=243 encode_us=47 acquire_us=1538 submit_us=6010 skipped=0 gpu_q=1 gpu_total_us=4745 gpu_prepass_us=0 gpu_main_us=4745 gpu_composite_us=0 gpu_blit_us=0
frust_shell_common::perf: frust-perf raw n=656 total_us=9399 rebuild_us=56 layout_us=1487 paint_us=262 encode_us=46 acquire_us=1648 submit_us=5898 skipped=0 gpu_q=1 gpu_total_us=4826 gpu_prepass_us=0 gpu_main_us=4826 gpu_composite_us=0 gpu_blit_us=0
frust_shell_common::perf: frust-perf raw n=657 total_us=9169 rebuild_us=58 layout_us=1747 paint_us=256 encode_us=44 acquire_us=1100 submit_us=5961 skipped=0 gpu_q=1 gpu_total_us=4892 gpu_prepass_us=0 gpu_main_us=4892 gpu_composite_us=0 gpu_blit_us=0
frust_shell_common::perf: frust-perf raw n=658 total_us=9931 rebuild_us=68 layout_us=1754 paint_us=229 encode_us=46 acquire_us=1554 submit_us=6277 skipped=0 gpu_q=1 gpu_total_us=4885 gpu_prepass_us=0 gpu_main_us=4885 gpu_composite_us=0 gpu_blit_us=0
frust_shell_common::perf: frust-perf raw n=659 total_us=9799 rebuild_us=59 layout_us=1770 paint_us=266 encode_us=50 acquire_us=792 submit_us=6859 skipped=0 gpu_q=1 gpu_total_us=4900 gpu_prepass_us=0 gpu_main_us=4900 gpu_composite_us=0 gpu_blit_us=0
frust_engine::renderer: frust-perf enc n=660 w=60 validate_us=14.4 prepare_us=2.9 classify_us=44.4 admit_us=0.2 walk_us=2870.2 glyphs_us=2299.5 finish_us=2.1 compile_us=2933.7 schedule_us=4.0 paints_us=138.3 instances_us=209.6 resize_us=10.9 upload_us=274.0 replay_us=0.3 pipelines_us=16.2 record_us=28.0 total_us=3637.1 total_p95_us=4159.2 draws=829 strips=12446 alphas=302384 glyph_draws=797 atlas_glyphs=797
frust_shell_common::perf: frust-perf raw n=660 total_us=9346 rebuild_us=63 layout_us=1661 paint_us=219 encode_us=42 acquire_us=1113 submit_us=6245 skipped=0 gpu_q=1 gpu_total_us=4876 gpu_prepass_us=0 gpu_main_us=4876 gpu_composite_us=0 gpu_blit_us=0
frust_shell_common::perf: frust-perf raw n=661 total_us=13388 rebuild_us=231 layout_us=5518 paint_us=485 encode_us=40 acquire_us=68 submit_us=7043 skipped=0 gpu_q=1 gpu_total_us=4822 gpu_prepass_us=0 gpu_main_us=4822 gpu_composite_us=0 gpu_blit_us=0
frust_shell_common::perf: frust-perf raw n=662 total_us=9589 rebuild_us=221 layout_us=3515 paint_us=452 encode_us=47 acquire_us=78 submit_us=5274 skipped=0 gpu_q=1 gpu_total_us=4837 gpu_prepass_us=0 gpu_main_us=4837 gpu_composite_us=0 gpu_blit_us=0
frust_shell_common::perf: frust-perf raw n=663 total_us=4791 rebuild_us=53 layout_us=1096 paint_us=178 encode_us=36 acquire_us=50 submit_us=3376 skipped=0 gpu_q=1 gpu_total_us=4840 gpu_prepass_us=0 gpu_main_us=4840 gpu_composite_us=0 gpu_blit_us=0
frust_shell_common::perf: frust-perf raw n=664 total_us=7220 rebuild_us=55 layout_us=970 paint_us=142 encode_us=36 acquire_us=1742 submit_us=4273 skipped=0 gpu_q=1 gpu_total_us=4830 gpu_prepass_us=0 gpu_main_us=4830 gpu_composite_us=0 gpu_blit_us=0
frust_shell_common::perf: frust-perf raw n=665 total_us=8187 rebuild_us=60 layout_us=1328 paint_us=181 encode_us=35 acquire_us=1324 submit_us=5256 skipped=0 gpu_q=1 gpu_total_us=4773 gpu_prepass_us=0 gpu_main_us=4773 gpu_composite_us=0 gpu_blit_us=0
frust_shell_common::perf: frust-perf raw n=666 total_us=10423 rebuild_us=67 layout_us=1781 paint_us=242 encode_us=50 acquire_us=1140 submit_us=7140 skipped=0 gpu_q=1 gpu_total_us=4793 gpu_prepass_us=0 gpu_main_us=4793 gpu_composite_us=0 gpu_blit_us=0
frust_shell_common::perf: frust-perf raw n=667 total_us=9506 rebuild_us=69 layout_us=2080 paint_us=280 encode_us=53 acquire_us=810 submit_us=6211 skipped=0 gpu_q=1 gpu_total_us=4797 gpu_prepass_us=0 gpu_main_us=4797 gpu_composite_us=0 gpu_blit_us=0
frust_shell_common::perf: frust-perf raw n=668 total_us=8197 rebuild_us=52 layout_us=1088 paint_us=163 encode_us=42 acquire_us=2516 submit_us=4334 skipped=0 gpu_q=1 gpu_total_us=4785 gpu_prepass_us=0 gpu_main_us=4785 gpu_composite_us=0 gpu_blit_us=0
frust_shell_common::perf: frust-perf raw n=669 total_us=7735 rebuild_us=54 layout_us=1091 paint_us=168 encode_us=41 acquire_us=1843 submit_us=4534 skipped=0 gpu_q=1 gpu_total_us=4803 gpu_prepass_us=0 gpu_main_us=4803 gpu_composite_us=0 gpu_blit_us=0
frust_shell_common::perf: frust-perf raw n=670 total_us=9395 rebuild_us=61 layout_us=1342 paint_us=181 encode_us=46 acquire_us=1875 submit_us=5889 skipped=0 gpu_q=1 gpu_total_us=4877 gpu_prepass_us=0 gpu_main_us=4877 gpu_composite_us=0 gpu_blit_us=0
frust_shell_common::perf: frust-perf raw n=671 total_us=9466 rebuild_us=70 layout_us=1870 paint_us=245 encode_us=48 acquire_us=789 submit_us=6442 skipped=0 gpu_q=1 gpu_total_us=4851 gpu_prepass_us=0 gpu_main_us=4851 gpu_composite_us=0 gpu_blit_us=0
frust_shell_common::perf: frust-perf raw n=672 total_us=9201 rebuild_us=57 layout_us=1660 paint_us=239 encode_us=55 acquire_us=1194 submit_us=5992 skipped=0 gpu_q=1 gpu_total_us=4762 gpu_prepass_us=0 gpu_main_us=4762 gpu_composite_us=0 gpu_blit_us=0
frust_shell_common::perf: frust-perf raw n=673 total_us=9354 rebuild_us=77 layout_us=1556 paint_us=224 encode_us=44 acquire_us=1389 submit_us=6062 skipped=0 gpu_q=1 gpu_total_us=4870 gpu_prepass_us=0 gpu_main_us=4870 gpu_composite_us=0 gpu_blit_us=0
frust_shell_common::perf: frust-perf raw n=674 total_us=9331 rebuild_us=74 layout_us=1681 paint_us=223 encode_us=46 acquire_us=1072 submit_us=6233 skipped=0 gpu_q=1 gpu_total_us=4929 gpu_prepass_us=0 gpu_main_us=4929 gpu_composite_us=0 gpu_blit_us=0
frust_shell_common::perf: frust-perf raw n=675 total_us=14008 rebuild_us=161 layout_us=5363 paint_us=412 encode_us=54 acquire_us=102 submit_us=7915 skipped=0 gpu_q=1 gpu_total_us=4902 gpu_prepass_us=0 gpu_main_us=4902 gpu_composite_us=0 gpu_blit_us=0
frust_shell_common::perf: frust-perf frame n=120 total_p50_ms=9 total_p95_ms=12 total_p99_ms=13 rebuild_p95_ms=0 layout_p95_ms=4 paint_p95_ms=0 encode_p95_ms=0 acquire_p95_ms=1 submit_p95_ms=7 over_60hz=5 over_120hz=468 skipped=0 total_frames=675
frust_shell_common::perf: frust-perf raw n=676 total_us=11550 rebuild_us=112 layout_us=4057 paint_us=521 encode_us=76 acquire_us=80 submit_us=6702 skipped=0 gpu_q=1 gpu_total_us=4729 gpu_prepass_us=0 gpu_main_us=4729 gpu_composite_us=0 gpu_blit_us=0
frust_shell_common::perf: frust-perf raw n=677 total_us=5402 rebuild_us=68 layout_us=1660 paint_us=247 encode_us=34 acquire_us=53 submit_us=3337 skipped=0 gpu_q=1 gpu_total_us=4935 gpu_prepass_us=0 gpu_main_us=4935 gpu_composite_us=0 gpu_blit_us=0
frust_shell_common::perf: frust-perf raw n=678 total_us=8192 rebuild_us=56 layout_us=1074 paint_us=176 encode_us=36 acquire_us=1616 submit_us=5230 skipped=0 gpu_q=1 gpu_total_us=4951 gpu_prepass_us=0 gpu_main_us=4951 gpu_composite_us=0 gpu_blit_us=0
frust_shell_common::perf: frust-perf raw n=679 total_us=8817 rebuild_us=57 layout_us=1222 paint_us=174 encode_us=37 acquire_us=1681 submit_us=5645 skipped=0 gpu_q=1 gpu_total_us=4766 gpu_prepass_us=0 gpu_main_us=4766 gpu_composite_us=0 gpu_blit_us=0
frust_shell_common::perf: frust-perf raw n=680 total_us=9677 rebuild_us=67 layout_us=1481 paint_us=224 encode_us=43 acquire_us=1844 submit_us=6015 skipped=0 gpu_q=1 gpu_total_us=4773 gpu_prepass_us=0 gpu_main_us=4773 gpu_composite_us=0 gpu_blit_us=0
frust_shell_common::perf: frust-perf raw n=681 total_us=9389 rebuild_us=58 layout_us=1497 paint_us=219 encode_us=45 acquire_us=1689 submit_us=5878 skipped=0 gpu_q=1 gpu_total_us=4870 gpu_prepass_us=0 gpu_main_us=4870 gpu_composite_us=0 gpu_blit_us=0
frust_shell_common::perf: frust-perf raw n=682 total_us=9384 rebuild_us=57 layout_us=1612 paint_us=223 encode_us=42 acquire_us=1461 submit_us=5985 skipped=0 gpu_q=1 gpu_total_us=4884 gpu_prepass_us=0 gpu_main_us=4884 gpu_composite_us=0 gpu_blit_us=0
frust_shell_common::perf: frust-perf raw n=683 total_us=9277 rebuild_us=57 layout_us=1614 paint_us=217 encode_us=41 acquire_us=1427 submit_us=5919 skipped=0 gpu_q=1 gpu_total_us=4869 gpu_prepass_us=0 gpu_main_us=4869 gpu_composite_us=0 gpu_blit_us=0
frust_shell_common::perf: frust-perf raw n=684 total_us=9283 rebuild_us=57 layout_us=1609 paint_us=236 encode_us=41 acquire_us=1406 submit_us=5932 skipped=0 gpu_q=1 gpu_total_us=4746 gpu_prepass_us=0 gpu_main_us=4746 gpu_composite_us=0 gpu_blit_us=0
frust_shell_common::perf: frust-perf raw n=685 total_us=9433 rebuild_us=55 layout_us=1528 paint_us=217 encode_us=43 acquire_us=1654 submit_us=5933 skipped=0 gpu_q=1 gpu_total_us=4924 gpu_prepass_us=0 gpu_main_us=4924 gpu_composite_us=0 gpu_blit_us=0
frust_shell_common::perf: frust-perf raw n=686 total_us=9312 rebuild_us=58 layout_us=1627 paint_us=262 encode_us=61 acquire_us=1205 submit_us=6096 skipped=0 gpu_q=1 gpu_total_us=4936 gpu_prepass_us=0 gpu_main_us=4936 gpu_composite_us=0 gpu_blit_us=0
frust_shell_common::perf: frust-perf raw n=687 total_us=9237 rebuild_us=71 layout_us=1738 paint_us=253 encode_us=42 acquire_us=1002 submit_us=6129 skipped=0 gpu_q=1 gpu_total_us=4855 gpu_prepass_us=0 gpu_main_us=4855 gpu_composite_us=0 gpu_blit_us=0
frust_shell_common::perf: frust-perf raw n=688 total_us=9506 rebuild_us=83 layout_us=1752 paint_us=240 encode_us=46 acquire_us=1195 submit_us=6188 skipped=0 gpu_q=1 gpu_total_us=4732 gpu_prepass_us=0 gpu_main_us=4732 gpu_composite_us=0 gpu_blit_us=0
frust_shell_common::perf: frust-perf raw n=689 total_us=9714 rebuild_us=65 layout_us=1654 paint_us=218 encode_us=53 acquire_us=1680 submit_us=6041 skipped=0 gpu_q=1 gpu_total_us=4906 gpu_prepass_us=0 gpu_main_us=4906 gpu_composite_us=0 gpu_blit_us=0
frust_shell_common::perf: frust-perf raw n=690 total_us=12427 rebuild_us=131 layout_us=4996 paint_us=432 encode_us=42 acquire_us=70 submit_us=6753 skipped=0 gpu_q=1 gpu_total_us=4890 gpu_prepass_us=0 gpu_main_us=4890 gpu_composite_us=0 gpu_blit_us=0
frust_shell_common::perf: frust-perf raw n=691 total_us=10376 rebuild_us=121 layout_us=3604 paint_us=407 encode_us=55 acquire_us=97 submit_us=6090 skipped=0 gpu_q=1 gpu_total_us=5020 gpu_prepass_us=0 gpu_main_us=5020 gpu_composite_us=0 gpu_blit_us=0
frust_shell_common::perf: frust-perf raw n=692 total_us=4949 rebuild_us=66 layout_us=1171 paint_us=169 encode_us=34 acquire_us=123 submit_us=3383 skipped=0 gpu_q=1 gpu_total_us=4766 gpu_prepass_us=0 gpu_main_us=4766 gpu_composite_us=0 gpu_blit_us=0
frust_shell_common::perf: frust-perf raw n=693 total_us=7104 rebuild_us=74 layout_us=1050 paint_us=154 encode_us=38 acquire_us=1214 submit_us=4570 skipped=0 gpu_q=1 gpu_total_us=4914 gpu_prepass_us=0 gpu_main_us=4914 gpu_composite_us=0 gpu_blit_us=0
frust_shell_common::perf: frust-perf raw n=694 total_us=8262 rebuild_us=64 layout_us=1354 paint_us=180 encode_us=44 acquire_us=1173 submit_us=5446 skipped=0 gpu_q=1 gpu_total_us=4760 gpu_prepass_us=0 gpu_main_us=4760 gpu_composite_us=0 gpu_blit_us=0
frust_shell_common::perf: frust-perf raw n=695 total_us=10515 rebuild_us=64 layout_us=1603 paint_us=219 encode_us=45 acquire_us=1891 submit_us=6689 skipped=0 gpu_q=1 gpu_total_us=4888 gpu_prepass_us=0 gpu_main_us=4888 gpu_composite_us=0 gpu_blit_us=0
frust_shell_common::perf: frust-perf raw n=696 total_us=9378 rebuild_us=67 layout_us=2062 paint_us=283 encode_us=51 acquire_us=175 submit_us=6737 skipped=0 gpu_q=1 gpu_total_us=4764 gpu_prepass_us=0 gpu_main_us=4764 gpu_composite_us=0 gpu_blit_us=0
frust_shell_common::perf: frust-perf raw n=697 total_us=7694 rebuild_us=49 layout_us=1099 paint_us=181 encode_us=41 acquire_us=1964 submit_us=4357 skipped=0 gpu_q=1 gpu_total_us=4847 gpu_prepass_us=0 gpu_main_us=4847 gpu_composite_us=0 gpu_blit_us=0
frust_shell_common::perf: frust-perf raw n=698 total_us=7757 rebuild_us=49 layout_us=1025 paint_us=148 encode_us=33 acquire_us=2134 submit_us=4366 skipped=0 gpu_q=1 gpu_total_us=4858 gpu_prepass_us=0 gpu_main_us=4858 gpu_composite_us=0 gpu_blit_us=0
frust_shell_common::perf: frust-perf raw n=699 total_us=9325 rebuild_us=57 layout_us=1463 paint_us=198 encode_us=44 acquire_us=1507 submit_us=6054 skipped=0 gpu_q=1 gpu_total_us=4850 gpu_prepass_us=0 gpu_main_us=4850 gpu_composite_us=0 gpu_blit_us=0
frust_shell_common::perf: frust-perf raw n=700 total_us=10141 rebuild_us=73 layout_us=1802 paint_us=292 encode_us=42 acquire_us=1138 submit_us=6791 skipped=0 gpu_q=1 gpu_total_us=4759 gpu_prepass_us=0 gpu_main_us=4759 gpu_composite_us=0 gpu_blit_us=0
frust_shell_common::perf: frust-perf raw n=701 total_us=9370 rebuild_us=62 layout_us=1798 paint_us=265 encode_us=47 acquire_us=866 submit_us=6329 skipped=0 gpu_q=1 gpu_total_us=4842 gpu_prepass_us=0 gpu_main_us=4842 gpu_composite_us=0 gpu_blit_us=0
frust_shell_common::perf: frust-perf raw n=702 total_us=10613 rebuild_us=57 layout_us=1574 paint_us=224 encode_us=48 acquire_us=2074 submit_us=6633 skipped=0 gpu_q=1 gpu_total_us=4860 gpu_prepass_us=0 gpu_main_us=4860 gpu_composite_us=0 gpu_blit_us=0
frust_shell_common::perf: frust-perf raw n=703 total_us=8477 rebuild_us=62 layout_us=2017 paint_us=262 encode_us=46 acquire_us=906 submit_us=5182 skipped=0 gpu_q=1 gpu_total_us=4886 gpu_prepass_us=0 gpu_main_us=4886 gpu_composite_us=0 gpu_blit_us=0
frust_shell_common::perf: frust-perf raw n=704 total_us=7597 rebuild_us=65 layout_us=1092 paint_us=156 encode_us=33 acquire_us=1795 submit_us=4454 skipped=0 gpu_q=1 gpu_total_us=4747 gpu_prepass_us=0 gpu_main_us=4747 gpu_composite_us=0 gpu_blit_us=0
frust_shell_common::perf: frust-perf raw n=705 total_us=12010 rebuild_us=139 layout_us=3999 paint_us=572 encode_us=53 acquire_us=83 submit_us=7162 skipped=0 gpu_q=1 gpu_total_us=4826 gpu_prepass_us=0 gpu_main_us=4826 gpu_composite_us=0 gpu_blit_us=0
frust_shell_android::app::frame: frust-perf platform-view tail depth=0 target=0 acquire_bound=false frame=720 expected_present_us=0 acquire_us=835 period_us=8263
frust_shell_common::perf: frust-perf raw n=706 total_us=8240 rebuild_us=116 layout_us=3980 paint_us=574 encode_us=36 acquire_us=66 submit_us=3465 skipped=0 gpu_q=1 gpu_total_us=4959 gpu_prepass_us=0 gpu_main_us=4959 gpu_composite_us=0 gpu_blit_us=0
frust_shell_common::perf: frust-perf raw n=707 total_us=12171 rebuild_us=176 layout_us=4806 paint_us=473 encode_us=45 acquire_us=69 submit_us=6600 skipped=0 gpu_q=1 gpu_total_us=4880 gpu_prepass_us=0 gpu_main_us=4880 gpu_composite_us=0 gpu_blit_us=0
frust_shell_common::perf: frust-perf raw n=708 total_us=11215 rebuild_us=130 layout_us=4660 paint_us=458 encode_us=44 acquire_us=68 submit_us=5853 skipped=0 gpu_q=1 gpu_total_us=4726 gpu_prepass_us=0 gpu_main_us=4726 gpu_composite_us=0 gpu_blit_us=0
frust_shell_common::perf: frust-perf raw n=709 total_us=10426 rebuild_us=126 layout_us=4387 paint_us=477 encode_us=42 acquire_us=65 submit_us=5327 skipped=0 gpu_q=1 gpu_total_us=4807 gpu_prepass_us=0 gpu_main_us=4807 gpu_composite_us=0 gpu_blit_us=0
frust_shell_common::perf: frust-perf raw n=710 total_us=10924 rebuild_us=163 layout_us=4302 paint_us=485 encode_us=41 acquire_us=69 submit_us=5860 skipped=0 gpu_q=1 gpu_total_us=4862 gpu_prepass_us=0 gpu_main_us=4862 gpu_composite_us=0 gpu_blit_us=0
frust_shell_common::perf: frust-perf raw n=711 total_us=11910 rebuild_us=129 layout_us=4978 paint_us=491 encode_us=52 acquire_us=70 submit_us=6188 skipped=0 gpu_q=1 gpu_total_us=4964 gpu_prepass_us=0 gpu_main_us=4964 gpu_composite_us=0 gpu_blit_us=0
frust_shell_common::perf: frust-perf raw n=712 total_us=11606 rebuild_us=133 layout_us=4416 paint_us=359 encode_us=44 acquire_us=74 submit_us=6578 skipped=0 gpu_q=1 gpu_total_us=4751 gpu_prepass_us=0 gpu_main_us=4751 gpu_composite_us=0 gpu_blit_us=0
frust_shell_common::perf: frust-perf raw n=713 total_us=9520 rebuild_us=111 layout_us=3202 paint_us=354 encode_us=46 acquire_us=64 submit_us=5741 skipped=0 gpu_q=1 gpu_total_us=4846 gpu_prepass_us=0 gpu_main_us=4846 gpu_composite_us=0 gpu_blit_us=0
frust_shell_common::perf: frust-perf raw n=714 total_us=7827 rebuild_us=63 layout_us=1445 paint_us=216 encode_us=36 acquire_us=773 submit_us=5292 skipped=0 gpu_q=1 gpu_total_us=4951 gpu_prepass_us=0 gpu_main_us=4951 gpu_composite_us=0 gpu_blit_us=0
frust_shell_common::perf: frust-perf raw n=715 total_us=8906 rebuild_us=60 layout_us=1454 paint_us=200 encode_us=39 acquire_us=1226 submit_us=5925 skipped=0 gpu_q=1 gpu_total_us=4915 gpu_prepass_us=0 gpu_main_us=4915 gpu_composite_us=0 gpu_blit_us=0
frust_shell_common::perf: frust-perf raw n=716 total_us=9571 rebuild_us=66 layout_us=1623 paint_us=258 encode_us=45 acquire_us=1479 submit_us=6098 skipped=0 gpu_q=1 gpu_total_us=4770 gpu_prepass_us=0 gpu_main_us=4770 gpu_composite_us=0 gpu_blit_us=0
frust_shell_common::perf: frust-perf raw n=717 total_us=9500 rebuild_us=60 layout_us=1629 paint_us=255 encode_us=60 acquire_us=1509 submit_us=5984 skipped=0 gpu_q=1 gpu_total_us=4788 gpu_prepass_us=0 gpu_main_us=4788 gpu_composite_us=0 gpu_blit_us=0
frust_shell_common::perf: frust-perf raw n=718 total_us=9752 rebuild_us=59 layout_us=1619 paint_us=250 encode_us=44 acquire_us=1644 submit_us=6135 skipped=0 gpu_q=1 gpu_total_us=4923 gpu_prepass_us=0 gpu_main_us=4923 gpu_composite_us=0 gpu_blit_us=0
frust_shell_common::perf: frust-perf raw n=719 total_us=9750 rebuild_us=59 layout_us=1671 paint_us=220 encode_us=41 acquire_us=1608 submit_us=6148 skipped=0 gpu_q=1 gpu_total_us=4883 gpu_prepass_us=0 gpu_main_us=4883 gpu_composite_us=0 gpu_blit_us=0
frust_engine::renderer: frust-perf enc n=720 w=60 validate_us=14.6 prepare_us=2.9 classify_us=45.2 admit_us=0.2 walk_us=2840.7 glyphs_us=2294.1 finish_us=2.1 compile_us=2914.2 schedule_us=4.1 paints_us=139.1 instances_us=205.4 resize_us=10.4 upload_us=273.5 replay_us=0.3 pipelines_us=15.8 record_us=28.1 total_us=3602.5 total_p95_us=4394.5 draws=830 strips=12468 alphas=302800 glyph_draws=797 atlas_glyphs=797
frust_shell_common::perf: frust-perf raw n=720 total_us=10015 rebuild_us=63 layout_us=1759 paint_us=221 encode_us=53 acquire_us=1546 submit_us=6371 skipped=0 gpu_q=1 gpu_total_us=4757 gpu_prepass_us=0 gpu_main_us=4757 gpu_composite_us=0 gpu_blit_us=0
frust_shell_common::perf: frust-perf raw n=721 total_us=9959 rebuild_us=63 layout_us=1729 paint_us=239 encode_us=44 acquire_us=1774 submit_us=6107 skipped=0 gpu_q=1 gpu_total_us=4811 gpu_prepass_us=0 gpu_main_us=4811 gpu_composite_us=0 gpu_blit_us=0
frust_shell_common::perf: frust-perf raw n=722 total_us=9281 rebuild_us=58 layout_us=1602 paint_us=223 encode_us=43 acquire_us=1410 submit_us=5942 skipped=0 gpu_q=1 gpu_total_us=4965 gpu_prepass_us=0 gpu_main_us=4965 gpu_composite_us=0 gpu_blit_us=0
frust_shell_common::perf: frust-perf raw n=723 total_us=9098 rebuild_us=164 layout_us=1517 paint_us=206 encode_us=45 acquire_us=1560 submit_us=5603 skipped=0 gpu_q=1 gpu_total_us=4920 gpu_prepass_us=0 gpu_main_us=4920 gpu_composite_us=0 gpu_blit_us=0
frust_shell_common::perf: frust-perf raw n=724 total_us=9078 rebuild_us=78 layout_us=1499 paint_us=206 encode_us=43 acquire_us=1572 submit_us=5676 skipped=0 gpu_q=1 gpu_total_us=4768 gpu_prepass_us=0 gpu_main_us=4768 gpu_composite_us=0 gpu_blit_us=0
frust_shell_common::perf: frust-perf raw n=725 total_us=9799 rebuild_us=68 layout_us=1610 paint_us=218 encode_us=46 acquire_us=1530 submit_us=6325 skipped=0 gpu_q=1 gpu_total_us=4811 gpu_prepass_us=0 gpu_main_us=4811 gpu_composite_us=0 gpu_blit_us=0
frust_shell_common::perf: frust-perf raw n=726 total_us=12803 rebuild_us=132 layout_us=4772 paint_us=461 encode_us=46 acquire_us=83 submit_us=7306 skipped=0 gpu_q=1 gpu_total_us=4922 gpu_prepass_us=0 gpu_main_us=4922 gpu_composite_us=0 gpu_blit_us=0
frust_shell_common::perf: frust-perf raw n=727 total_us=6904 rebuild_us=62 layout_us=1826 paint_us=267 encode_us=47 acquire_us=79 submit_us=4620 skipped=0 gpu_q=1 gpu_total_us=4912 gpu_prepass_us=0 gpu_main_us=4912 gpu_composite_us=0 gpu_blit_us=0
frust_shell_common::perf: frust-perf raw n=728 total_us=8656 rebuild_us=54 layout_us=1118 paint_us=168 encode_us=34 acquire_us=2332 submit_us=4948 skipped=0 gpu_q=1 gpu_total_us=4824 gpu_prepass_us=0 gpu_main_us=4824 gpu_composite_us=0 gpu_blit_us=0
frust_shell_common::perf: frust-perf raw n=729 total_us=8011 rebuild_us=63 layout_us=1171 paint_us=160 encode_us=34 acquire_us=2075 submit_us=4505 skipped=0 gpu_q=1 gpu_total_us=4814 gpu_prepass_us=0 gpu_main_us=4814 gpu_composite_us=0 gpu_blit_us=0
frust_shell_common::perf: frust-perf raw n=730 total_us=8591 rebuild_us=60 layout_us=1314 paint_us=200 encode_us=37 acquire_us=1648 submit_us=5329 skipped=0 gpu_q=1 gpu_total_us=4828 gpu_prepass_us=0 gpu_main_us=4828 gpu_composite_us=0 gpu_blit_us=0
frust_shell_common::perf: frust-perf raw n=731 total_us=8790 rebuild_us=61 layout_us=1501 paint_us=227 encode_us=52 acquire_us=1539 submit_us=5407 skipped=0 gpu_q=1 gpu_total_us=4856 gpu_prepass_us=0 gpu_main_us=4856 gpu_composite_us=0 gpu_blit_us=0
frust_shell_common::perf: frust-perf raw n=732 total_us=9218 rebuild_us=54 layout_us=1180 paint_us=164 encode_us=37 acquire_us=2249 submit_us=5531 skipped=0 gpu_q=1 gpu_total_us=4763 gpu_prepass_us=0 gpu_main_us=4763 gpu_composite_us=0 gpu_blit_us=0
frust_shell_common::perf: frust-perf raw n=733 total_us=8319 rebuild_us=61 layout_us=1514 paint_us=207 encode_us=43 acquire_us=1120 submit_us=5371 skipped=0 gpu_q=1 gpu_total_us=4793 gpu_prepass_us=0 gpu_main_us=4793 gpu_composite_us=0 gpu_blit_us=0
frust_shell_common::perf: frust-perf raw n=734 total_us=8592 rebuild_us=59 layout_us=1475 paint_us=216 encode_us=45 acquire_us=1053 submit_us=5742 skipped=0 gpu_q=1 gpu_total_us=4879 gpu_prepass_us=0 gpu_main_us=4879 gpu_composite_us=0 gpu_blit_us=0
frust_shell_common::perf: frust-perf raw n=735 total_us=10043 rebuild_us=61 layout_us=1537 paint_us=218 encode_us=46 acquire_us=1752 submit_us=6427 skipped=0 gpu_q=1 gpu_total_us=4914 gpu_prepass_us=0 gpu_main_us=4914 gpu_composite_us=0 gpu_blit_us=0
frust_shell_common::perf: frust-perf raw n=736 total_us=7464 rebuild_us=60 layout_us=1807 paint_us=242 encode_us=47 acquire_us=180 submit_us=5126 skipped=0 gpu_q=1 gpu_total_us=4796 gpu_prepass_us=0 gpu_main_us=4796 gpu_composite_us=0 gpu_blit_us=0
frust_shell_common::perf: frust-perf raw n=737 total_us=6533 rebuild_us=55 layout_us=1108 paint_us=146 encode_us=32 acquire_us=795 submit_us=4394 skipped=0 gpu_q=1 gpu_total_us=4817 gpu_prepass_us=0 gpu_main_us=4817 gpu_composite_us=0 gpu_blit_us=0
frust_shell_common::perf: frust-perf raw n=738 total_us=10537 rebuild_us=76 layout_us=1200 paint_us=180 encode_us=39 acquire_us=1583 submit_us=7456 skipped=0 gpu_q=1 gpu_total_us=4850 gpu_prepass_us=0 gpu_main_us=4850 gpu_composite_us=0 gpu_blit_us=0
frust_shell_common::perf: frust-perf raw n=739 total_us=6761 rebuild_us=76 layout_us=1912 paint_us=285 encode_us=52 acquire_us=85 submit_us=4347 skipped=0 gpu_q=1 gpu_total_us=4969 gpu_prepass_us=0 gpu_main_us=4969 gpu_composite_us=0 gpu_blit_us=0
frust_shell_common::perf: frust-perf raw n=740 total_us=13420 rebuild_us=157 layout_us=5200 paint_us=486 encode_us=42 acquire_us=78 submit_us=7454 skipped=0 gpu_q=1 gpu_total_us=4772 gpu_prepass_us=0 gpu_main_us=4772 gpu_composite_us=0 gpu_blit_us=0
frust_shell_common::perf: frust-perf raw n=741 total_us=12615 rebuild_us=133 layout_us=4710 paint_us=470 encode_us=46 acquire_us=83 submit_us=7170 skipped=0 gpu_q=1 gpu_total_us=4784 gpu_prepass_us=0 gpu_main_us=4784 gpu_composite_us=0 gpu_blit_us=0
frust_shell_common::perf: frust-perf raw n=742 total_us=7942 rebuild_us=135 layout_us=3777 paint_us=417 encode_us=60 acquire_us=56 submit_us=3495 skipped=0 gpu_q=1 gpu_total_us=4856 gpu_prepass_us=0 gpu_main_us=4856 gpu_composite_us=0 gpu_blit_us=0
frust_shell_common::perf: frust-perf raw n=743 total_us=8004 rebuild_us=59 layout_us=1000 paint_us=151 encode_us=65 acquire_us=1998 submit_us=4729 skipped=0 gpu_q=1 gpu_total_us=4869 gpu_prepass_us=0 gpu_main_us=4869 gpu_composite_us=0 gpu_blit_us=0
frust_shell_common::perf: frust-perf raw n=744 total_us=8074 rebuild_us=54 layout_us=1147 paint_us=163 encode_us=35 acquire_us=1535 submit_us=5138 skipped=0 gpu_q=1 gpu_total_us=4792 gpu_prepass_us=0 gpu_main_us=4792 gpu_composite_us=0 gpu_blit_us=0
frust_shell_common::perf: frust-perf raw n=745 total_us=8898 rebuild_us=59 layout_us=1327 paint_us=185 encode_us=41 acquire_us=1699 submit_us=5586 skipped=0 gpu_q=1 gpu_total_us=4934 gpu_prepass_us=0 gpu_main_us=4934 gpu_composite_us=0 gpu_blit_us=0
frust_shell_common::perf: frust-perf raw n=746 total_us=8452 rebuild_us=66 layout_us=1464 paint_us=218 encode_us=123 acquire_us=1009 submit_us=5570 skipped=0 gpu_q=1 gpu_total_us=4761 gpu_prepass_us=0 gpu_main_us=4761 gpu_composite_us=0 gpu_blit_us=0
frust_shell_common::perf: frust-perf raw n=747 total_us=8632 rebuild_us=62 layout_us=1365 paint_us=281 encode_us=61 acquire_us=1409 submit_us=5452 skipped=0 gpu_q=1 gpu_total_us=4965 gpu_prepass_us=0 gpu_main_us=4965 gpu_composite_us=0 gpu_blit_us=0
frust_shell_common::perf: frust-perf raw n=748 total_us=8540 rebuild_us=66 layout_us=1550 paint_us=235 encode_us=45 acquire_us=1104 submit_us=5538 skipped=0 gpu_q=1 gpu_total_us=4780 gpu_prepass_us=0 gpu_main_us=4780 gpu_composite_us=0 gpu_blit_us=0
frust_shell_common::perf: frust-perf raw n=749 total_us=8752 rebuild_us=60 layout_us=1532 paint_us=202 encode_us=41 acquire_us=1318 submit_us=5597 skipped=0 gpu_q=1 gpu_total_us=4836 gpu_prepass_us=0 gpu_main_us=4836 gpu_composite_us=0 gpu_blit_us=0
frust_shell_common::perf: frust-perf raw n=750 total_us=8582 rebuild_us=70 layout_us=1587 paint_us=205 encode_us=43 acquire_us=1100 submit_us=5574 skipped=0 gpu_q=1 gpu_total_us=4849 gpu_prepass_us=0 gpu_main_us=4849 gpu_composite_us=0 gpu_blit_us=0
frust_shell_common::perf: frust-perf raw n=751 total_us=8906 rebuild_us=55 layout_us=1531 paint_us=223 encode_us=49 acquire_us=1332 submit_us=5715 skipped=0 gpu_q=1 gpu_total_us=4920 gpu_prepass_us=0 gpu_main_us=4920 gpu_composite_us=0 gpu_blit_us=0
frust_shell_common::perf: frust-perf raw n=752 total_us=9208 rebuild_us=63 layout_us=1576 paint_us=224 encode_us=47 acquire_us=1122 submit_us=6174 skipped=0 gpu_q=1 gpu_total_us=4789 gpu_prepass_us=0 gpu_main_us=4789 gpu_composite_us=0 gpu_blit_us=0
frust_shell_common::perf: frust-perf raw n=753 total_us=9600 rebuild_us=143 layout_us=1657 paint_us=223 encode_us=46 acquire_us=1292 submit_us=6237 skipped=0 gpu_q=1 gpu_total_us=4849 gpu_prepass_us=0 gpu_main_us=4849 gpu_composite_us=0 gpu_blit_us=0
frust_shell_common::perf: frust-perf raw n=754 total_us=9319 rebuild_us=74 layout_us=1625 paint_us=220 encode_us=48 acquire_us=1203 submit_us=6148 skipped=0 gpu_q=1 gpu_total_us=4882 gpu_prepass_us=0 gpu_main_us=4882 gpu_composite_us=0 gpu_blit_us=0
frust_shell_common::perf: frust-perf raw n=755 total_us=8946 rebuild_us=98 layout_us=1461 paint_us=222 encode_us=51 acquire_us=1422 submit_us=5689 skipped=0 gpu_q=1 gpu_total_us=4895 gpu_prepass_us=0 gpu_main_us=4895 gpu_composite_us=0 gpu_blit_us=0
frust_shell_common::perf: frust-perf raw n=756 total_us=12156 rebuild_us=152 layout_us=4483 paint_us=435 encode_us=49 acquire_us=69 submit_us=6966 skipped=0 gpu_q=1 gpu_total_us=4795 gpu_prepass_us=0 gpu_main_us=4795 gpu_composite_us=0 gpu_blit_us=0
frust_shell_common::perf: frust-perf raw n=757 total_us=7936 rebuild_us=61 layout_us=1954 paint_us=285 encode_us=46 acquire_us=79 submit_us=5507 skipped=0 gpu_q=1 gpu_total_us=4851 gpu_prepass_us=0 gpu_main_us=4851 gpu_composite_us=0 gpu_blit_us=0
frust_shell_common::perf: frust-perf raw n=758 total_us=6904 rebuild_us=63 layout_us=1071 paint_us=169 encode_us=30 acquire_us=1419 submit_us=4150 skipped=0 gpu_q=1 gpu_total_us=4872 gpu_prepass_us=0 gpu_main_us=4872 gpu_composite_us=0 gpu_blit_us=0
frust_shell_common::perf: frust-perf raw n=759 total_us=7178 rebuild_us=49 layout_us=1006 paint_us=150 encode_us=34 acquire_us=1827 submit_us=4110 skipped=0 gpu_q=1 gpu_total_us=4864 gpu_prepass_us=0 gpu_main_us=4864 gpu_composite_us=0 gpu_blit_us=0
frust_shell_common::perf: frust-perf raw n=760 total_us=8901 rebuild_us=60 layout_us=1243 paint_us=185 encode_us=40 acquire_us=1778 submit_us=5593 skipped=0 gpu_q=1 gpu_total_us=4821 gpu_prepass_us=0 gpu_main_us=4821 gpu_composite_us=0 gpu_blit_us=0
frust_shell_common::perf: frust-perf raw n=761 total_us=10184 rebuild_us=61 layout_us=1833 paint_us=248 encode_us=45 acquire_us=1205 submit_us=6790 skipped=0 gpu_q=1 gpu_total_us=4785 gpu_prepass_us=0 gpu_main_us=4785 gpu_composite_us=0 gpu_blit_us=0
frust_shell_common::perf: frust-perf raw n=762 total_us=9593 rebuild_us=63 layout_us=1810 paint_us=243 encode_us=48 acquire_us=986 submit_us=6440 skipped=0 gpu_q=1 gpu_total_us=4746 gpu_prepass_us=0 gpu_main_us=4746 gpu_composite_us=0 gpu_blit_us=0
frust_shell_common::perf: frust-perf raw n=763 total_us=9657 rebuild_us=59 layout_us=1622 paint_us=238 encode_us=51 acquire_us=1569 submit_us=6116 skipped=0 gpu_q=1 gpu_total_us=4804 gpu_prepass_us=0 gpu_main_us=4804 gpu_composite_us=0 gpu_blit_us=0
frust_shell_common::perf: frust-perf raw n=764 total_us=9575 rebuild_us=60 layout_us=1519 paint_us=218 encode_us=41 acquire_us=1668 submit_us=6067 skipped=0 gpu_q=1 gpu_total_us=4865 gpu_prepass_us=0 gpu_main_us=4865 gpu_composite_us=0 gpu_blit_us=0
frust_shell_common::perf: frust-perf raw n=765 total_us=11203 rebuild_us=60 layout_us=1651 paint_us=220 encode_us=41 acquire_us=2402 submit_us=6826 skipped=0 gpu_q=1 gpu_total_us=4842 gpu_prepass_us=0 gpu_main_us=4842 gpu_composite_us=0 gpu_blit_us=0
frust_shell_common::perf: frust-perf raw n=766 total_us=7106 rebuild_us=59 layout_us=1820 paint_us=254 encode_us=43 acquire_us=79 submit_us=4850 skipped=0 gpu_q=1 gpu_total_us=4863 gpu_prepass_us=0 gpu_main_us=4863 gpu_composite_us=0 gpu_blit_us=0
frust_shell_common::perf: frust-perf raw n=767 total_us=8501 rebuild_us=53 layout_us=1151 paint_us=176 encode_us=41 acquire_us=1970 submit_us=5108 skipped=0 gpu_q=1 gpu_total_us=4868 gpu_prepass_us=0 gpu_main_us=4868 gpu_composite_us=0 gpu_blit_us=0
frust_shell_common::perf: frust-perf raw n=768 total_us=9320 rebuild_us=81 layout_us=1269 paint_us=195 encode_us=42 acquire_us=2110 submit_us=5623 skipped=0 gpu_q=1 gpu_total_us=4840 gpu_prepass_us=0 gpu_main_us=4840 gpu_composite_us=0 gpu_blit_us=0
frust_shell_common::perf: frust-perf raw n=769 total_us=8156 rebuild_us=54 layout_us=1474 paint_us=193 encode_us=46 acquire_us=1047 submit_us=5339 skipped=0 gpu_q=1 gpu_total_us=4935 gpu_prepass_us=0 gpu_main_us=4935 gpu_composite_us=0 gpu_blit_us=0
frust_shell_common::perf: frust-perf raw n=770 total_us=11894 rebuild_us=142 layout_us=4905 paint_us=462 encode_us=44 acquire_us=71 submit_us=6267 skipped=0 gpu_q=1 gpu_total_us=4706 gpu_prepass_us=0 gpu_main_us=4706 gpu_composite_us=0 gpu_blit_us=0
frust_shell_common::perf: frust-perf raw n=771 total_us=12633 rebuild_us=126 layout_us=5075 paint_us=536 encode_us=48 acquire_us=81 submit_us=6765 skipped=0 gpu_q=1 gpu_total_us=4879 gpu_prepass_us=0 gpu_main_us=4879 gpu_composite_us=0 gpu_blit_us=0
frust_shell_common::perf: frust-perf raw n=772 total_us=11094 rebuild_us=133 layout_us=4118 paint_us=374 encode_us=40 acquire_us=73 submit_us=6355 skipped=0 gpu_q=1 gpu_total_us=4882 gpu_prepass_us=0 gpu_main_us=4882 gpu_composite_us=0 gpu_blit_us=0
frust_shell_common::perf: frust-perf raw n=773 total_us=8240 rebuild_us=118 layout_us=3751 paint_us=357 encode_us=38 acquire_us=52 submit_us=3921 skipped=0 gpu_q=1 gpu_total_us=4810 gpu_prepass_us=0 gpu_main_us=4810 gpu_composite_us=0 gpu_blit_us=0
frust_shell_common::perf: frust-perf raw n=774 total_us=7051 rebuild_us=55 layout_us=1059 paint_us=146 encode_us=31 acquire_us=764 submit_us=4993 skipped=0 gpu_q=1 gpu_total_us=5077 gpu_prepass_us=0 gpu_main_us=5077 gpu_composite_us=0 gpu_blit_us=0
frust_shell_common::perf: frust-perf raw n=775 total_us=9354 rebuild_us=53 layout_us=1307 paint_us=186 encode_us=37 acquire_us=1730 submit_us=6040 skipped=0 gpu_q=1 gpu_total_us=4860 gpu_prepass_us=0 gpu_main_us=4860 gpu_composite_us=0 gpu_blit_us=0
frust_shell_common::perf: frust-perf raw n=776 total_us=9045 rebuild_us=56 layout_us=1487 paint_us=211 encode_us=53 acquire_us=1301 submit_us=5934 skipped=0 gpu_q=1 gpu_total_us=4900 gpu_prepass_us=0 gpu_main_us=4900 gpu_composite_us=0 gpu_blit_us=0
frust_shell_common::perf: frust-perf raw n=777 total_us=9821 rebuild_us=66 layout_us=1605 paint_us=234 encode_us=43 acquire_us=1710 submit_us=6161 skipped=0 gpu_q=1 gpu_total_us=4803 gpu_prepass_us=0 gpu_main_us=4803 gpu_composite_us=0 gpu_blit_us=0
frust_shell_common::perf: frust-perf raw n=778 total_us=9465 rebuild_us=61 layout_us=1620 paint_us=234 encode_us=44 acquire_us=1244 submit_us=6259 skipped=0 gpu_q=1 gpu_total_us=4878 gpu_prepass_us=0 gpu_main_us=4878 gpu_composite_us=0 gpu_blit_us=0
frust_shell_common::perf: frust-perf raw n=779 total_us=8819 rebuild_us=60 layout_us=1655 paint_us=206 encode_us=46 acquire_us=1204 submit_us=5645 skipped=0 gpu_q=1 gpu_total_us=4730 gpu_prepass_us=0 gpu_main_us=4730 gpu_composite_us=0 gpu_blit_us=0
frust_engine::renderer: frust-perf enc n=780 w=60 validate_us=13.9 prepare_us=2.8 classify_us=42.3 admit_us=0.2 walk_us=2638.2 glyphs_us=2143.1 finish_us=2.1 compile_us=2700.9 schedule_us=3.9 paints_us=125.8 instances_us=193.3 resize_us=10.9 upload_us=268.2 replay_us=0.3 pipelines_us=15.6 record_us=27.5 total_us=3329.8 total_p95_us=4318.2 draws=829 strips=12415 alphas=303296 glyph_draws=797 atlas_glyphs=797
frust_shell_common::perf: frust-perf raw n=780 total_us=9123 rebuild_us=64 layout_us=1606 paint_us=215 encode_us=49 acquire_us=1253 submit_us=5933 skipped=0 gpu_q=1 gpu_total_us=4872 gpu_prepass_us=0 gpu_main_us=4872 gpu_composite_us=0 gpu_blit_us=0
frust_shell_common::perf: frust-perf raw n=781 total_us=9742 rebuild_us=67 layout_us=1622 paint_us=214 encode_us=47 acquire_us=1549 submit_us=6240 skipped=0 gpu_q=1 gpu_total_us=4830 gpu_prepass_us=0 gpu_main_us=4830 gpu_composite_us=0 gpu_blit_us=0
frust_shell_common::perf: frust-perf raw n=782 total_us=9502 rebuild_us=59 layout_us=1670 paint_us=214 encode_us=44 acquire_us=1327 submit_us=6186 skipped=0 gpu_q=1 gpu_total_us=4925 gpu_prepass_us=0 gpu_main_us=4925 gpu_composite_us=0 gpu_blit_us=0
frust_shell_common::perf: frust-perf raw n=783 total_us=9096 rebuild_us=58 layout_us=1556 paint_us=191 encode_us=48 acquire_us=1507 submit_us=5735 skipped=0 gpu_q=1 gpu_total_us=4881 gpu_prepass_us=0 gpu_main_us=4881 gpu_composite_us=0 gpu_blit_us=0
frust_shell_common::perf: frust-perf raw n=784 total_us=8863 rebuild_us=76 layout_us=1474 paint_us=211 encode_us=46 acquire_us=1367 submit_us=5685 skipped=0 gpu_q=1 gpu_total_us=4821 gpu_prepass_us=0 gpu_main_us=4821 gpu_composite_us=0 gpu_blit_us=0
frust_shell_common::perf: frust-perf raw n=785 total_us=8921 rebuild_us=55 layout_us=1359 paint_us=192 encode_us=43 acquire_us=1502 submit_us=5768 skipped=0 gpu_q=1 gpu_total_us=4829 gpu_prepass_us=0 gpu_main_us=4829 gpu_composite_us=0 gpu_blit_us=0
frust_shell_common::perf: frust-perf raw n=786 total_us=9794 rebuild_us=69 layout_us=1604 paint_us=209 encode_us=45 acquire_us=1544 submit_us=6322 skipped=0 gpu_q=1 gpu_total_us=4865 gpu_prepass_us=0 gpu_main_us=4865 gpu_composite_us=0 gpu_blit_us=0
frust_shell_common::perf: frust-perf raw n=787 total_us=12862 rebuild_us=123 layout_us=4927 paint_us=499 encode_us=44 acquire_us=76 submit_us=7191 skipped=0 gpu_q=1 gpu_total_us=4841 gpu_prepass_us=0 gpu_main_us=4841 gpu_composite_us=0 gpu_blit_us=0
frust_shell_common::perf: frust-perf raw n=788 total_us=6976 rebuild_us=63 layout_us=1959 paint_us=280 encode_us=52 acquire_us=78 submit_us=4542 skipped=0 gpu_q=1 gpu_total_us=4764 gpu_prepass_us=0 gpu_main_us=4764 gpu_composite_us=0 gpu_blit_us=0
frust_shell_common::perf: frust-perf raw n=789 total_us=8846 rebuild_us=56 layout_us=1038 paint_us=158 encode_us=35 acquire_us=2666 submit_us=4891 skipped=0 gpu_q=1 gpu_total_us=4857 gpu_prepass_us=0 gpu_main_us=4857 gpu_composite_us=0 gpu_blit_us=0
frust_shell_common::perf: frust-perf raw n=790 total_us=8111 rebuild_us=70 layout_us=1237 paint_us=164 encode_us=33 acquire_us=1735 submit_us=4869 skipped=0 gpu_q=1 gpu_total_us=4893 gpu_prepass_us=0 gpu_main_us=4893 gpu_composite_us=0 gpu_blit_us=0
frust_shell_common::perf: frust-perf raw n=791 total_us=8034 rebuild_us=59 layout_us=1301 paint_us=168 encode_us=40 acquire_us=1289 submit_us=5175 skipped=0 gpu_q=1 gpu_total_us=4748 gpu_prepass_us=0 gpu_main_us=4748 gpu_composite_us=0 gpu_blit_us=0
frust_shell_common::perf: frust-perf raw n=792 total_us=9332 rebuild_us=62 layout_us=1439 paint_us=228 encode_us=42 acquire_us=1370 submit_us=6190 skipped=0 gpu_q=1 gpu_total_us=4747 gpu_prepass_us=0 gpu_main_us=4747 gpu_composite_us=0 gpu_blit_us=0
frust_shell_common::perf: frust-perf raw n=793 total_us=9220 rebuild_us=67 layout_us=1847 paint_us=256 encode_us=48 acquire_us=673 submit_us=6328 skipped=0 gpu_q=1 gpu_total_us=4893 gpu_prepass_us=0 gpu_main_us=4893 gpu_composite_us=0 gpu_blit_us=0
frust_shell_common::perf: frust-perf raw n=794 total_us=9501 rebuild_us=67 layout_us=1556 paint_us=214 encode_us=45 acquire_us=1409 submit_us=6208 skipped=0 gpu_q=1 gpu_total_us=4898 gpu_prepass_us=0 gpu_main_us=4898 gpu_composite_us=0 gpu_blit_us=0
frust_shell_common::perf: frust-perf raw n=795 total_us=9623 rebuild_us=63 layout_us=1655 paint_us=210 encode_us=50 acquire_us=1510 submit_us=6133 skipped=0 gpu_q=1 gpu_total_us=4872 gpu_prepass_us=0 gpu_main_us=4872 gpu_composite_us=0 gpu_blit_us=0
frust_shell_common::perf: frust-perf raw n=796 total_us=9519 rebuild_us=58 layout_us=1609 paint_us=215 encode_us=41 acquire_us=1427 submit_us=6167 skipped=0 gpu_q=1 gpu_total_us=4759 gpu_prepass_us=0 gpu_main_us=4759 gpu_composite_us=0 gpu_blit_us=0
frust_shell_common::perf: frust-perf raw n=797 total_us=9413 rebuild_us=64 layout_us=1611 paint_us=230 encode_us=48 acquire_us=1351 submit_us=6106 skipped=0 gpu_q=1 gpu_total_us=4876 gpu_prepass_us=0 gpu_main_us=4876 gpu_composite_us=0 gpu_blit_us=0
frust_shell_common::perf: frust-perf raw n=798 total_us=9582 rebuild_us=62 layout_us=1538 paint_us=210 encode_us=43 acquire_us=1530 submit_us=6197 skipped=0 gpu_q=1 gpu_total_us=4926 gpu_prepass_us=0 gpu_main_us=4926 gpu_composite_us=0 gpu_blit_us=0
frust_shell_common::perf: frust-perf raw n=799 total_us=8653 rebuild_us=59 layout_us=1583 paint_us=208 encode_us=44 acquire_us=1081 submit_us=5675 skipped=0 gpu_q=1 gpu_total_us=4910 gpu_prepass_us=0 gpu_main_us=4910 gpu_composite_us=0 gpu_blit_us=0
frust_shell_common::perf: frust-perf raw n=800 total_us=9408 rebuild_us=62 layout_us=1439 paint_us=189 encode_us=45 acquire_us=1548 submit_us=6122 skipped=0 gpu_q=1 gpu_total_us=4781 gpu_prepass_us=0 gpu_main_us=4781 gpu_composite_us=0 gpu_blit_us=0
frust_shell_common::perf: frust-perf raw n=801 total_us=12098 rebuild_us=192 layout_us=5134 paint_us=503 encode_us=49 acquire_us=86 submit_us=6132 skipped=0 gpu_q=1 gpu_total_us=4897 gpu_prepass_us=0 gpu_main_us=4897 gpu_composite_us=0 gpu_blit_us=0
frust_shell_common::perf: frust-perf raw n=802 total_us=11860 rebuild_us=139 layout_us=4594 paint_us=461 encode_us=44 acquire_us=75 submit_us=6544 skipped=0 gpu_q=1 gpu_total_us=4972 gpu_prepass_us=0 gpu_main_us=4972 gpu_composite_us=0 gpu_blit_us=0
frust_shell_common::perf: frust-perf raw n=803 total_us=8025 rebuild_us=63 layout_us=1704 paint_us=230 encode_us=41 acquire_us=69 submit_us=5916 skipped=0 gpu_q=1 gpu_total_us=4933 gpu_prepass_us=0 gpu_main_us=4933 gpu_composite_us=0 gpu_blit_us=0
frust_shell_common::perf: frust-perf raw n=804 total_us=7824 rebuild_us=61 layout_us=1587 paint_us=218 encode_us=44 acquire_us=1637 submit_us=4274 skipped=0 gpu_q=1 gpu_total_us=4783 gpu_prepass_us=0 gpu_main_us=4783 gpu_composite_us=0 gpu_blit_us=0
frust_shell_common::perf: frust-perf raw n=805 total_us=8649 rebuild_us=54 layout_us=1077 paint_us=158 encode_us=39 acquire_us=2253 submit_us=5065 skipped=0 gpu_q=1 gpu_total_us=4837 gpu_prepass_us=0 gpu_main_us=4837 gpu_composite_us=0 gpu_blit_us=0
frust_shell_common::perf: frust-perf raw n=806 total_us=9232 rebuild_us=63 layout_us=1237 paint_us=179 encode_us=37 acquire_us=2114 submit_us=5601 skipped=0 gpu_q=1 gpu_total_us=4927 gpu_prepass_us=0 gpu_main_us=4927 gpu_composite_us=0 gpu_blit_us=0
frust_shell_common::perf: frust-perf raw n=807 total_us=8822 rebuild_us=64 layout_us=1499 paint_us=287 encode_us=44 acquire_us=1269 submit_us=5657 skipped=0 gpu_q=1 gpu_total_us=4868 gpu_prepass_us=0 gpu_main_us=4868 gpu_composite_us=0 gpu_blit_us=0
frust_shell_common::perf: frust-perf raw n=808 total_us=8778 rebuild_us=75 layout_us=1517 paint_us=206 encode_us=43 acquire_us=1413 submit_us=5521 skipped=0 gpu_q=1 gpu_total_us=4735 gpu_prepass_us=0 gpu_main_us=4735 gpu_composite_us=0 gpu_blit_us=0
frust_shell_common::perf: frust-perf raw n=809 total_us=8431 rebuild_us=63 layout_us=1449 paint_us=218 encode_us=43 acquire_us=1245 submit_us=5411 skipped=0 gpu_q=1 gpu_total_us=4853 gpu_prepass_us=0 gpu_main_us=4853 gpu_composite_us=0 gpu_blit_us=0
frust_shell_common::perf: frust-perf raw n=810 total_us=10015 rebuild_us=57 layout_us=1690 paint_us=215 encode_us=41 acquire_us=1689 submit_us=6321 skipped=0 gpu_q=1 gpu_total_us=4895 gpu_prepass_us=0 gpu_main_us=4895 gpu_composite_us=0 gpu_blit_us=0
frust_shell_common::perf: frust-perf raw n=811 total_us=9311 rebuild_us=60 layout_us=1808 paint_us=233 encode_us=44 acquire_us=454 submit_us=6709 skipped=0 gpu_q=1 gpu_total_us=4876 gpu_prepass_us=0 gpu_main_us=4876 gpu_composite_us=0 gpu_blit_us=0
frust_shell_common::perf: frust-perf raw n=812 total_us=7664 rebuild_us=81 layout_us=1340 paint_us=149 encode_us=38 acquire_us=1681 submit_us=4374 skipped=0 gpu_q=1 gpu_total_us=4747 gpu_prepass_us=0 gpu_main_us=4747 gpu_composite_us=0 gpu_blit_us=0
frust_shell_common::perf: frust-perf raw n=813 total_us=7964 rebuild_us=59 layout_us=1367 paint_us=174 encode_us=43 acquire_us=1615 submit_us=4705 skipped=0 gpu_q=1 gpu_total_us=4888 gpu_prepass_us=0 gpu_main_us=4888 gpu_composite_us=0 gpu_blit_us=0
frust_shell_common::perf: frust-perf raw n=814 total_us=9575 rebuild_us=57 layout_us=1418 paint_us=191 encode_us=44 acquire_us=1936 submit_us=5925 skipped=0 gpu_q=1 gpu_total_us=4829 gpu_prepass_us=0 gpu_main_us=4829 gpu_composite_us=0 gpu_blit_us=0
frust_shell_common::perf: frust-perf raw n=815 total_us=13255 rebuild_us=136 layout_us=4993 paint_us=457 encode_us=45 acquire_us=87 submit_us=7536 skipped=0 gpu_q=1 gpu_total_us=4863 gpu_prepass_us=0 gpu_main_us=4863 gpu_composite_us=0 gpu_blit_us=0
frust_shell_common::perf: frust-perf raw n=816 total_us=9402 rebuild_us=102 layout_us=4230 paint_us=444 encode_us=43 acquire_us=81 submit_us=4500 skipped=0 gpu_q=1 gpu_total_us=4732 gpu_prepass_us=0 gpu_main_us=4732 gpu_composite_us=0 gpu_blit_us=0
frust_shell_common::perf: frust-perf raw n=817 total_us=9057 rebuild_us=117 layout_us=3762 paint_us=393 encode_us=34 acquire_us=53 submit_us=4696 skipped=0 gpu_q=1 gpu_total_us=4748 gpu_prepass_us=0 gpu_main_us=4748 gpu_composite_us=0 gpu_blit_us=0
frust_shell_common::perf: frust-perf raw n=818 total_us=6806 rebuild_us=52 layout_us=1124 paint_us=156 encode_us=30 acquire_us=1021 submit_us=4421 skipped=0 gpu_q=1 gpu_total_us=4965 gpu_prepass_us=0 gpu_main_us=4965 gpu_composite_us=0 gpu_blit_us=0
frust_shell_common::perf: frust-perf raw n=819 total_us=8016 rebuild_us=53 layout_us=1144 paint_us=149 encode_us=36 acquire_us=1720 submit_us=4911 skipped=0 gpu_q=1 gpu_total_us=4807 gpu_prepass_us=0 gpu_main_us=4807 gpu_composite_us=0 gpu_blit_us=0
frust_shell_common::perf: frust-perf raw n=820 total_us=10532 rebuild_us=65 layout_us=1777 paint_us=233 encode_us=48 acquire_us=1073 submit_us=7332 skipped=0 gpu_q=1 gpu_total_us=4862 gpu_prepass_us=0 gpu_main_us=4862 gpu_composite_us=0 gpu_blit_us=0
frust_shell_common::perf: frust-perf raw n=821 total_us=9031 rebuild_us=72 layout_us=2095 paint_us=296 encode_us=55 acquire_us=514 submit_us=5997 skipped=0 gpu_q=1 gpu_total_us=4764 gpu_prepass_us=0 gpu_main_us=4764 gpu_composite_us=0 gpu_blit_us=0
frust_shell_common::perf: frust-perf raw n=822 total_us=8185 rebuild_us=62 layout_us=1045 paint_us=156 encode_us=40 acquire_us=2396 submit_us=4484 skipped=0 gpu_q=1 gpu_total_us=4959 gpu_prepass_us=0 gpu_main_us=4959 gpu_composite_us=0 gpu_blit_us=0
frust_shell_common::perf: frust-perf raw n=823 total_us=8554 rebuild_us=50 layout_us=1219 paint_us=161 encode_us=36 acquire_us=1915 submit_us=5170 skipped=0 gpu_q=1 gpu_total_us=4765 gpu_prepass_us=0 gpu_main_us=4765 gpu_composite_us=0 gpu_blit_us=0
frust_shell_common::perf: frust-perf raw n=824 total_us=9044 rebuild_us=54 layout_us=1497 paint_us=196 encode_us=45 acquire_us=1254 submit_us=5994 skipped=0 gpu_q=1 gpu_total_us=4777 gpu_prepass_us=0 gpu_main_us=4777 gpu_composite_us=0 gpu_blit_us=0
frust_shell_common::perf: frust-perf raw n=825 total_us=9549 rebuild_us=71 layout_us=1647 paint_us=227 encode_us=49 acquire_us=1380 submit_us=6172 skipped=0 gpu_q=1 gpu_total_us=4777 gpu_prepass_us=0 gpu_main_us=4777 gpu_composite_us=0 gpu_blit_us=0
frust_shell_android::app::frame: frust-perf platform-view tail depth=0 target=0 acquire_bound=false frame=840 expected_present_us=0 acquire_us=1305 period_us=8262
frust_shell_common::perf: frust-perf raw n=826 total_us=8747 rebuild_us=60 layout_us=1521 paint_us=212 encode_us=44 acquire_us=1071 submit_us=5836 skipped=0 gpu_q=1 gpu_total_us=4950 gpu_prepass_us=0 gpu_main_us=4950 gpu_composite_us=0 gpu_blit_us=0
frust_shell_common::perf: frust-perf raw n=827 total_us=9318 rebuild_us=59 layout_us=1500 paint_us=193 encode_us=44 acquire_us=1377 submit_us=6143 skipped=0 gpu_q=1 gpu_total_us=4874 gpu_prepass_us=0 gpu_main_us=4874 gpu_composite_us=0 gpu_blit_us=0
frust_shell_common::perf: frust-perf raw n=828 total_us=8932 rebuild_us=59 layout_us=1679 paint_us=214 encode_us=44 acquire_us=988 submit_us=5945 skipped=0 gpu_q=1 gpu_total_us=4807 gpu_prepass_us=0 gpu_main_us=4807 gpu_composite_us=0 gpu_blit_us=0
frust_shell_common::perf: frust-perf raw n=829 total_us=8803 rebuild_us=60 layout_us=1455 paint_us=210 encode_us=42 acquire_us=1285 submit_us=5747 skipped=0 gpu_q=1 gpu_total_us=4790 gpu_prepass_us=0 gpu_main_us=4790 gpu_composite_us=0 gpu_blit_us=0
frust_shell_common::perf: frust-perf raw n=830 total_us=9540 rebuild_us=68 layout_us=1357 paint_us=190 encode_us=44 acquire_us=1750 submit_us=6128 skipped=0 gpu_q=1 gpu_total_us=4966 gpu_prepass_us=0 gpu_main_us=4966 gpu_composite_us=0 gpu_blit_us=0
frust_shell_common::perf: frust-perf raw n=831 total_us=11403 rebuild_us=130 layout_us=4816 paint_us=450 encode_us=41 acquire_us=70 submit_us=5894 skipped=0 gpu_q=1 gpu_total_us=4905 gpu_prepass_us=0 gpu_main_us=4905 gpu_composite_us=0 gpu_blit_us=0
frust_shell_common::perf: frust-perf raw n=832 total_us=11733 rebuild_us=118 layout_us=4943 paint_us=480 encode_us=41 acquire_us=68 submit_us=6080 skipped=0 gpu_q=1 gpu_total_us=4767 gpu_prepass_us=0 gpu_main_us=4767 gpu_composite_us=0 gpu_blit_us=0
frust_shell_common::perf: frust-perf raw n=833 total_us=12236 rebuild_us=130 layout_us=4445 paint_us=458 encode_us=42 acquire_us=69 submit_us=7090 skipped=0 gpu_q=1 gpu_total_us=4803 gpu_prepass_us=0 gpu_main_us=4803 gpu_composite_us=0 gpu_blit_us=0
frust_shell_common::perf: frust-perf raw n=834 total_us=8918 rebuild_us=116 layout_us=3782 paint_us=390 encode_us=36 acquire_us=62 submit_us=4530 skipped=0 gpu_q=1 gpu_total_us=4947 gpu_prepass_us=0 gpu_main_us=4947 gpu_composite_us=0 gpu_blit_us=0
frust_shell_common::perf: frust-perf raw n=835 total_us=8622 rebuild_us=58 layout_us=1467 paint_us=196 encode_us=41 acquire_us=1483 submit_us=5374 skipped=0 gpu_q=1 gpu_total_us=4797 gpu_prepass_us=0 gpu_main_us=4797 gpu_composite_us=0 gpu_blit_us=0
frust_shell_common::perf: frust-perf raw n=836 total_us=8342 rebuild_us=75 layout_us=1310 paint_us=172 encode_us=40 acquire_us=1220 submit_us=5522 skipped=0 gpu_q=1 gpu_total_us=4802 gpu_prepass_us=0 gpu_main_us=4802 gpu_composite_us=0 gpu_blit_us=0
frust_shell_common::perf: frust-perf raw n=837 total_us=8780 rebuild_us=59 layout_us=1444 paint_us=187 encode_us=38 acquire_us=1501 submit_us=5548 skipped=0 gpu_q=1 gpu_total_us=5148 gpu_prepass_us=89 gpu_main_us=5059 gpu_composite_us=0 gpu_blit_us=0
frust_shell_common::perf: frust-perf raw n=838 total_us=8809 rebuild_us=59 layout_us=1461 paint_us=229 encode_us=66 acquire_us=1408 submit_us=5584 skipped=0 gpu_q=1 gpu_total_us=4830 gpu_prepass_us=0 gpu_main_us=4830 gpu_composite_us=0 gpu_blit_us=0
frust_shell_common::perf: frust-perf raw n=839 total_us=8919 rebuild_us=69 layout_us=1480 paint_us=225 encode_us=43 acquire_us=1491 submit_us=5607 skipped=0 gpu_q=1 gpu_total_us=4879 gpu_prepass_us=0 gpu_main_us=4879 gpu_composite_us=0 gpu_blit_us=0
frust_engine::renderer: frust-perf enc n=840 w=60 validate_us=13.8 prepare_us=2.9 classify_us=41.4 admit_us=0.3 walk_us=2730.6 glyphs_us=2232.5 finish_us=2.0 compile_us=2820.3 schedule_us=3.9 paints_us=126.4 instances_us=194.6 resize_us=10.8 upload_us=272.9 replay_us=0.3 pipelines_us=15.8 record_us=27.4 total_us=3418.7 total_p95_us=4421.8 draws=830 strips=12464 alphas=302800 glyph_draws=797 atlas_glyphs=797
frust_shell_common::perf: frust-perf raw n=840 total_us=9063 rebuild_us=62 layout_us=1615 paint_us=200 encode_us=45 acquire_us=1277 submit_us=5860 skipped=0 gpu_q=1 gpu_total_us=4750 gpu_prepass_us=0 gpu_main_us=4750 gpu_composite_us=0 gpu_blit_us=0
frust_shell_common::perf: frust-perf raw n=841 total_us=9531 rebuild_us=67 layout_us=1629 paint_us=192 encode_us=43 acquire_us=1790 submit_us=5808 skipped=0 gpu_q=1 gpu_total_us=4788 gpu_prepass_us=0 gpu_main_us=4788 gpu_composite_us=0 gpu_blit_us=0
frust_shell_common::perf: frust-perf raw n=842 total_us=9396 rebuild_us=55 layout_us=1730 paint_us=229 encode_us=51 acquire_us=1161 submit_us=6168 skipped=0 gpu_q=1 gpu_total_us=4967 gpu_prepass_us=0 gpu_main_us=4967 gpu_composite_us=0 gpu_blit_us=0
frust_shell_common::perf: frust-perf raw n=843 total_us=9460 rebuild_us=78 layout_us=1602 paint_us=215 encode_us=45 acquire_us=1353 submit_us=6165 skipped=0 gpu_q=1 gpu_total_us=4882 gpu_prepass_us=0 gpu_main_us=4882 gpu_composite_us=0 gpu_blit_us=0
frust_shell_common::perf: frust-perf raw n=844 total_us=9106 rebuild_us=58 layout_us=1668 paint_us=208 encode_us=46 acquire_us=1030 submit_us=6094 skipped=0 gpu_q=1 gpu_total_us=4780 gpu_prepass_us=0 gpu_main_us=4780 gpu_composite_us=0 gpu_blit_us=0
frust_shell_common::perf: frust-perf raw n=845 total_us=10190 rebuild_us=70 layout_us=1490 paint_us=195 encode_us=43 acquire_us=2467 submit_us=5922 skipped=0 gpu_q=1 gpu_total_us=4828 gpu_prepass_us=0 gpu_main_us=4828 gpu_composite_us=0 gpu_blit_us=0
frust_shell_common::perf: frust-perf raw n=846 total_us=10794 rebuild_us=62 layout_us=1756 paint_us=251 encode_us=48 acquire_us=1955 submit_us=6720 skipped=0 gpu_q=1 gpu_total_us=4858 gpu_prepass_us=0 gpu_main_us=4858 gpu_composite_us=0 gpu_blit_us=0
frust_shell_common::perf: frust-perf raw n=847 total_us=8253 rebuild_us=61 layout_us=1644 paint_us=252 encode_us=44 acquire_us=83 submit_us=6168 skipped=0 gpu_q=1 gpu_total_us=4953 gpu_prepass_us=0 gpu_main_us=4953 gpu_composite_us=0 gpu_blit_us=0
frust_shell_common::perf: frust-perf raw n=848 total_us=10286 rebuild_us=140 layout_us=4255 paint_us=406 encode_us=40 acquire_us=60 submit_us=5383 skipped=0 gpu_q=1 gpu_total_us=4819 gpu_prepass_us=0 gpu_main_us=4819 gpu_composite_us=0 gpu_blit_us=0
frust_shell_common::perf: frust-perf raw n=849 total_us=7373 rebuild_us=54 layout_us=1516 paint_us=204 encode_us=38 acquire_us=66 submit_us=5493 skipped=0 gpu_q=1 gpu_total_us=4887 gpu_prepass_us=0 gpu_main_us=4887 gpu_composite_us=0 gpu_blit_us=0
frust_shell_common::perf: frust-perf raw n=850 total_us=7851 rebuild_us=54 layout_us=1098 paint_us=169 encode_us=39 acquire_us=1851 submit_us=4638 skipped=0 gpu_q=1 gpu_total_us=4934 gpu_prepass_us=0 gpu_main_us=4934 gpu_composite_us=0 gpu_blit_us=0
frust_shell_common::perf: frust-perf raw n=851 total_us=8483 rebuild_us=65 layout_us=1254 paint_us=171 encode_us=45 acquire_us=1538 submit_us=5407 skipped=0 gpu_q=1 gpu_total_us=4963 gpu_prepass_us=0 gpu_main_us=4963 gpu_composite_us=0 gpu_blit_us=0
frust_shell_common::perf: frust-perf raw n=852 total_us=9484 rebuild_us=61 layout_us=1603 paint_us=251 encode_us=50 acquire_us=1125 submit_us=6392 skipped=0 gpu_q=1 gpu_total_us=4865 gpu_prepass_us=0 gpu_main_us=4865 gpu_composite_us=0 gpu_blit_us=0
frust_shell_common::perf: frust-perf raw n=853 total_us=9593 rebuild_us=59 layout_us=1842 paint_us=230 encode_us=50 acquire_us=936 submit_us=6474 skipped=0 gpu_q=1 gpu_total_us=4705 gpu_prepass_us=0 gpu_main_us=4705 gpu_composite_us=0 gpu_blit_us=0
frust_shell_common::perf: frust-perf raw n=854 total_us=9631 rebuild_us=58 layout_us=1616 paint_us=225 encode_us=51 acquire_us=1530 submit_us=6148 skipped=0 gpu_q=1 gpu_total_us=4845 gpu_prepass_us=0 gpu_main_us=4845 gpu_composite_us=0 gpu_blit_us=0
frust_shell_common::perf: frust-perf raw n=855 total_us=8827 rebuild_us=60 layout_us=1534 paint_us=214 encode_us=45 acquire_us=2003 submit_us=4969 skipped=0 gpu_q=1 gpu_total_us=4972 gpu_prepass_us=0 gpu_main_us=4972 gpu_composite_us=0 gpu_blit_us=0
frust_shell_common::perf: frust-perf raw n=856 total_us=7397 rebuild_us=59 layout_us=1178 paint_us=151 encode_us=42 acquire_us=1497 submit_us=4468 skipped=0 gpu_q=1 gpu_total_us=4849 gpu_prepass_us=0 gpu_main_us=4849 gpu_composite_us=0 gpu_blit_us=0
frust_shell_common::perf: frust-perf raw n=857 total_us=5963 rebuild_us=50 layout_us=1179 paint_us=151 encode_us=35 acquire_us=59 submit_us=4488 skipped=0 gpu_q=1 gpu_total_us=4800 gpu_prepass_us=0 gpu_main_us=4800 gpu_composite_us=0 gpu_blit_us=0
frust_shell_common::perf: frust-perf raw n=858 total_us=10677 rebuild_us=54 layout_us=1252 paint_us=163 encode_us=40 acquire_us=1891 submit_us=7275 skipped=0 gpu_q=1 gpu_total_us=4889 gpu_prepass_us=0 gpu_main_us=4889 gpu_composite_us=0 gpu_blit_us=0
frust_shell_common::perf: frust-perf raw n=859 total_us=6462 rebuild_us=95 layout_us=1910 paint_us=273 encode_us=62 acquire_us=84 submit_us=4036 skipped=0 gpu_q=1 gpu_total_us=4953 gpu_prepass_us=0 gpu_main_us=4953 gpu_composite_us=0 gpu_blit_us=0
frust_shell_common::perf: frust-perf raw n=860 total_us=9375 rebuild_us=61 layout_us=954 paint_us=150 encode_us=39 acquire_us=1837 submit_us=6331 skipped=0 gpu_q=1 gpu_total_us=5188 gpu_prepass_us=0 gpu_main_us=5188 gpu_composite_us=0 gpu_blit_us=0
frust_shell_common::perf: frust-perf raw n=861 total_us=8122 rebuild_us=60 layout_us=1449 paint_us=191 encode_us=42 acquire_us=980 submit_us=5396 skipped=0 gpu_q=1 gpu_total_us=4796 gpu_prepass_us=0 gpu_main_us=4796 gpu_composite_us=0 gpu_blit_us=0
frust_shell_common::perf: frust-perf raw n=862 total_us=11633 rebuild_us=137 layout_us=4849 paint_us=458 encode_us=45 acquire_us=69 submit_us=6071 skipped=0 gpu_q=1 gpu_total_us=4769 gpu_prepass_us=0 gpu_main_us=4769 gpu_composite_us=0 gpu_blit_us=0
frust_shell_common::perf: frust-perf raw n=863 total_us=11769 rebuild_us=115 layout_us=4594 paint_us=491 encode_us=46 acquire_us=76 submit_us=6445 skipped=0 gpu_q=1 gpu_total_us=4884 gpu_prepass_us=0 gpu_main_us=4884 gpu_composite_us=0 gpu_blit_us=0
frust_shell_common::perf: frust-perf raw n=864 total_us=10762 rebuild_us=128 layout_us=4191 paint_us=469 encode_us=46 acquire_us=67 submit_us=5858 skipped=0 gpu_q=1 gpu_total_us=4791 gpu_prepass_us=0 gpu_main_us=4791 gpu_composite_us=0 gpu_blit_us=0
frust_shell_common::perf: frust-perf raw n=865 total_us=10172 rebuild_us=129 layout_us=4143 paint_us=331 encode_us=39 acquire_us=68 submit_us=5459 skipped=0 gpu_q=1 gpu_total_us=4815 gpu_prepass_us=0 gpu_main_us=4815 gpu_composite_us=0 gpu_blit_us=0
frust_shell_common::perf: frust-perf raw n=866 total_us=9053 rebuild_us=111 layout_us=3236 paint_us=342 encode_us=40 acquire_us=61 submit_us=5261 skipped=0 gpu_q=1 gpu_total_us=4789 gpu_prepass_us=0 gpu_main_us=4789 gpu_composite_us=0 gpu_blit_us=0
frust_shell_common::perf: frust-perf raw n=867 total_us=8310 rebuild_us=58 layout_us=1439 paint_us=203 encode_us=38 acquire_us=743 submit_us=5827 skipped=0 gpu_q=1 gpu_total_us=4914 gpu_prepass_us=0 gpu_main_us=4914 gpu_composite_us=0 gpu_blit_us=0
frust_shell_common::perf: frust-perf raw n=868 total_us=9369 rebuild_us=55 layout_us=1477 paint_us=308 encode_us=51 acquire_us=1481 submit_us=5995 skipped=0 gpu_q=1 gpu_total_us=4862 gpu_prepass_us=0 gpu_main_us=4862 gpu_composite_us=0 gpu_blit_us=0
frust_shell_common::perf: frust-perf raw n=869 total_us=9898 rebuild_us=55 layout_us=1674 paint_us=238 encode_us=51 acquire_us=1612 submit_us=6266 skipped=0 gpu_q=1 gpu_total_us=4826 gpu_prepass_us=0 gpu_main_us=4826 gpu_composite_us=0 gpu_blit_us=0
frust_shell_common::perf: frust-perf raw n=870 total_us=9644 rebuild_us=63 layout_us=1665 paint_us=213 encode_us=43 acquire_us=1534 submit_us=6123 skipped=0 gpu_q=1 gpu_total_us=4889 gpu_prepass_us=0 gpu_main_us=4889 gpu_composite_us=0 gpu_blit_us=0
frust_shell_common::perf: frust-perf raw n=871 total_us=9290 rebuild_us=60 layout_us=1678 paint_us=228 encode_us=48 acquire_us=1078 submit_us=6195 skipped=0 gpu_q=1 gpu_total_us=4893 gpu_prepass_us=0 gpu_main_us=4893 gpu_composite_us=0 gpu_blit_us=0
frust_shell_common::perf: frust-perf raw n=872 total_us=9402 rebuild_us=69 layout_us=1563 paint_us=200 encode_us=43 acquire_us=1781 submit_us=5744 skipped=0 gpu_q=1 gpu_total_us=4808 gpu_prepass_us=0 gpu_main_us=4808 gpu_composite_us=0 gpu_blit_us=0
frust_shell_common::perf: frust-perf raw n=873 total_us=9577 rebuild_us=59 layout_us=1708 paint_us=215 encode_us=47 acquire_us=1285 submit_us=6260 skipped=0 gpu_q=1 gpu_total_us=4856 gpu_prepass_us=0 gpu_main_us=4856 gpu_composite_us=0 gpu_blit_us=0
frust_shell_common::perf: frust-perf raw n=874 total_us=9177 rebuild_us=129 layout_us=1674 paint_us=209 encode_us=45 acquire_us=999 submit_us=6119 skipped=0 gpu_q=1 gpu_total_us=4911 gpu_prepass_us=0 gpu_main_us=4911 gpu_composite_us=0 gpu_blit_us=0
frust_shell_common::perf: frust-perf raw n=875 total_us=8869 rebuild_us=83 layout_us=1501 paint_us=211 encode_us=51 acquire_us=1323 submit_us=5699 skipped=0 gpu_q=1 gpu_total_us=4859 gpu_prepass_us=0 gpu_main_us=4859 gpu_composite_us=0 gpu_blit_us=0
frust_shell_common::perf: frust-perf raw n=876 total_us=8638 rebuild_us=66 layout_us=1366 paint_us=196 encode_us=42 acquire_us=1361 submit_us=5605 skipped=0 gpu_q=1 gpu_total_us=4863 gpu_prepass_us=0 gpu_main_us=4863 gpu_composite_us=0 gpu_blit_us=0
frust_shell_common::perf: frust-perf raw n=877 total_us=8848 rebuild_us=59 layout_us=1451 paint_us=194 encode_us=45 acquire_us=1301 submit_us=5796 skipped=0 gpu_q=1 gpu_total_us=4856 gpu_prepass_us=0 gpu_main_us=4856 gpu_composite_us=0 gpu_blit_us=0
frust_shell_common::perf: frust-perf raw n=878 total_us=9154 rebuild_us=71 layout_us=1596 paint_us=211 encode_us=50 acquire_us=1075 submit_us=6148 skipped=0 gpu_q=1 gpu_total_us=4853 gpu_prepass_us=0 gpu_main_us=4853 gpu_composite_us=0 gpu_blit_us=0
frust_shell_common::perf: frust-perf raw n=879 total_us=10083 rebuild_us=71 layout_us=1607 paint_us=230 encode_us=45 acquire_us=1693 submit_us=6434 skipped=0 gpu_q=1 gpu_total_us=4856 gpu_prepass_us=0 gpu_main_us=4856 gpu_composite_us=0 gpu_blit_us=0
frust_shell_common::perf: frust-perf raw n=880 total_us=11654 rebuild_us=119 layout_us=3811 paint_us=388 encode_us=46 acquire_us=82 submit_us=7204 skipped=0 gpu_q=1 gpu_total_us=4835 gpu_prepass_us=0 gpu_main_us=4835 gpu_composite_us=0 gpu_blit_us=0
frust_shell_common::perf: frust-perf raw n=881 total_us=7744 rebuild_us=68 layout_us=1992 paint_us=319 encode_us=60 acquire_us=88 submit_us=5214 skipped=0 gpu_q=1 gpu_total_us=4863 gpu_prepass_us=0 gpu_main_us=4863 gpu_composite_us=0 gpu_blit_us=0
frust_shell_common::perf: frust-perf raw n=882 total_us=7413 rebuild_us=53 layout_us=1105 paint_us=149 encode_us=30 acquire_us=1792 submit_us=4282 skipped=0 gpu_q=1 gpu_total_us=4896 gpu_prepass_us=0 gpu_main_us=4896 gpu_composite_us=0 gpu_blit_us=0
frust_shell_common::perf: frust-perf raw n=883 total_us=8460 rebuild_us=52 layout_us=1136 paint_us=160 encode_us=39 acquire_us=1949 submit_us=5121 skipped=0 gpu_q=1 gpu_total_us=4852 gpu_prepass_us=0 gpu_main_us=4852 gpu_composite_us=0 gpu_blit_us=0
frust_shell_common::perf: frust-perf raw n=884 total_us=9273 rebuild_us=60 layout_us=1542 paint_us=213 encode_us=44 acquire_us=1004 submit_us=6408 skipped=0 gpu_q=1 gpu_total_us=5224 gpu_prepass_us=0 gpu_main_us=5224 gpu_composite_us=0 gpu_blit_us=0
frust_shell_common::perf: frust-perf raw n=885 total_us=9515 rebuild_us=60 layout_us=1853 paint_us=237 encode_us=48 acquire_us=998 submit_us=6317 skipped=0 gpu_q=1 gpu_total_us=4783 gpu_prepass_us=0 gpu_main_us=4783 gpu_composite_us=0 gpu_blit_us=0
frust_shell_common::perf: frust-perf raw n=886 total_us=9503 rebuild_us=57 layout_us=1624 paint_us=212 encode_us=43 acquire_us=1308 submit_us=6257 skipped=0 gpu_q=1 gpu_total_us=4829 gpu_prepass_us=0 gpu_main_us=4829 gpu_composite_us=0 gpu_blit_us=0
frust_shell_common::perf: frust-perf raw n=887 total_us=9265 rebuild_us=57 layout_us=1663 paint_us=228 encode_us=47 acquire_us=1111 submit_us=6156 skipped=0 gpu_q=1 gpu_total_us=4878 gpu_prepass_us=0 gpu_main_us=4878 gpu_composite_us=0 gpu_blit_us=0
frust_shell_common::perf: frust-perf raw n=888 total_us=9293 rebuild_us=80 layout_us=1550 paint_us=216 encode_us=49 acquire_us=1353 submit_us=6041 skipped=0 gpu_q=1 gpu_total_us=4837 gpu_prepass_us=0 gpu_main_us=4837 gpu_composite_us=0 gpu_blit_us=0
frust_shell_common::perf: frust-perf raw n=889 total_us=9639 rebuild_us=118 layout_us=1628 paint_us=211 encode_us=45 acquire_us=1490 submit_us=6144 skipped=0 gpu_q=1 gpu_total_us=4838 gpu_prepass_us=0 gpu_main_us=4838 gpu_composite_us=0 gpu_blit_us=0
frust_shell_common::perf: frust-perf raw n=890 total_us=8934 rebuild_us=58 layout_us=1570 paint_us=208 encode_us=39 acquire_us=1249 submit_us=5807 skipped=0 gpu_q=1 gpu_total_us=4861 gpu_prepass_us=0 gpu_main_us=4861 gpu_composite_us=0 gpu_blit_us=0
frust_shell_common::perf: frust-perf raw n=891 total_us=9722 rebuild_us=62 layout_us=1468 paint_us=206 encode_us=46 acquire_us=1804 submit_us=6133 skipped=0 gpu_q=1 gpu_total_us=4905 gpu_prepass_us=0 gpu_main_us=4905 gpu_composite_us=0 gpu_blit_us=0
frust_shell_common::perf: frust-perf frame n=120 total_p50_ms=9 total_p95_ms=11 total_p99_ms=12 rebuild_p95_ms=0 layout_p95_ms=4 paint_p95_ms=0 encode_p95_ms=0 acquire_p95_ms=1 submit_p95_ms=6 over_60hz=5 over_120hz=638 skipped=0 total_frames=891
frust_shell_common::perf: frust-perf raw n=892 total_us=8893 rebuild_us=55 layout_us=1480 paint_us=212 encode_us=42 acquire_us=1415 submit_us=5687 skipped=0 gpu_q=1 gpu_total_us=4896 gpu_prepass_us=0 gpu_main_us=4896 gpu_composite_us=0 gpu_blit_us=0
frust_shell_common::perf: frust-perf raw n=893 total_us=9056 rebuild_us=62 layout_us=1449 paint_us=192 encode_us=40 acquire_us=1748 submit_us=5562 skipped=0 gpu_q=1 gpu_total_us=4851 gpu_prepass_us=0 gpu_main_us=4851 gpu_composite_us=0 gpu_blit_us=0
frust_shell_common::perf: frust-perf raw n=894 total_us=11433 rebuild_us=148 layout_us=5161 paint_us=445 encode_us=39 acquire_us=64 submit_us=5574 skipped=0 gpu_q=1 gpu_total_us=4842 gpu_prepass_us=0 gpu_main_us=4842 gpu_composite_us=0 gpu_blit_us=0
frust_shell_common::perf: frust-perf raw n=895 total_us=12049 rebuild_us=107 layout_us=4685 paint_us=470 encode_us=50 acquire_us=77 submit_us=6658 skipped=0 gpu_q=1 gpu_total_us=4853 gpu_prepass_us=0 gpu_main_us=4853 gpu_composite_us=0 gpu_blit_us=0
frust_shell_common::perf: frust-perf raw n=896 total_us=10382 rebuild_us=129 layout_us=3490 paint_us=373 encode_us=43 acquire_us=77 submit_us=6268 skipped=0 gpu_q=1 gpu_total_us=4883 gpu_prepass_us=0 gpu_main_us=4883 gpu_composite_us=0 gpu_blit_us=0
frust_shell_common::perf: frust-perf raw n=897 total_us=8230 rebuild_us=114 layout_us=3497 paint_us=345 encode_us=35 acquire_us=52 submit_us=4185 skipped=0 gpu_q=1 gpu_total_us=4824 gpu_prepass_us=0 gpu_main_us=4824 gpu_composite_us=0 gpu_blit_us=0
frust_shell_common::perf: frust-perf raw n=898 total_us=6741 rebuild_us=53 layout_us=1065 paint_us=144 encode_us=36 acquire_us=859 submit_us=4583 skipped=0 gpu_q=1 gpu_total_us=4835 gpu_prepass_us=0 gpu_main_us=4835 gpu_composite_us=0 gpu_blit_us=0
frust_shell_common::perf: frust-perf raw n=899 total_us=8337 rebuild_us=61 layout_us=1214 paint_us=171 encode_us=36 acquire_us=1309 submit_us=5543 skipped=0 gpu_q=1 gpu_total_us=4886 gpu_prepass_us=0 gpu_main_us=4886 gpu_composite_us=0 gpu_blit_us=0
frust_engine::renderer: frust-perf enc n=900 w=60 validate_us=14.0 prepare_us=2.9 classify_us=44.2 admit_us=0.2 walk_us=2817.7 glyphs_us=2278.6 finish_us=2.1 compile_us=2881.9 schedule_us=4.0 paints_us=133.1 instances_us=205.3 resize_us=10.8 upload_us=277.1 replay_us=0.3 pipelines_us=16.2 record_us=27.8 total_us=3545.9 total_p95_us=4053.6 draws=829 strips=12444 alphas=302464 glyph_draws=797 atlas_glyphs=797
frust_shell_common::perf: frust-perf raw n=900 total_us=8948 rebuild_us=61 layout_us=1416 paint_us=215 encode_us=49 acquire_us=1583 submit_us=5623 skipped=0 gpu_q=1 gpu_total_us=5156 gpu_prepass_us=0 gpu_main_us=5156 gpu_composite_us=0 gpu_blit_us=0
frust_shell_common::perf: frust-perf raw n=901 total_us=9187 rebuild_us=67 layout_us=1623 paint_us=195 encode_us=47 acquire_us=1459 submit_us=5793 skipped=0 gpu_q=1 gpu_total_us=4819 gpu_prepass_us=0 gpu_main_us=4819 gpu_composite_us=0 gpu_blit_us=0
frust_shell_common::perf: frust-perf raw n=902 total_us=9309 rebuild_us=63 layout_us=1655 paint_us=212 encode_us=45 acquire_us=1087 submit_us=6245 skipped=0 gpu_q=1 gpu_total_us=4859 gpu_prepass_us=0 gpu_main_us=4859 gpu_composite_us=0 gpu_blit_us=0
frust_shell_common::perf: frust-perf raw n=903 total_us=9484 rebuild_us=62 layout_us=1712 paint_us=211 encode_us=48 acquire_us=1226 submit_us=6224 skipped=0 gpu_q=1 gpu_total_us=4844 gpu_prepass_us=0 gpu_main_us=4844 gpu_composite_us=0 gpu_blit_us=0
frust_shell_common::perf: frust-perf raw n=904 total_us=9250 rebuild_us=56 layout_us=1686 paint_us=226 encode_us=47 acquire_us=1077 submit_us=6155 skipped=0 gpu_q=1 gpu_total_us=4813 gpu_prepass_us=0 gpu_main_us=4813 gpu_composite_us=0 gpu_blit_us=0
frust_shell_common::perf: frust-perf raw n=905 total_us=8761 rebuild_us=71 layout_us=1422 paint_us=197 encode_us=47 acquire_us=1354 submit_us=5666 skipped=0 gpu_q=1 gpu_total_us=4835 gpu_prepass_us=0 gpu_main_us=4835 gpu_composite_us=0 gpu_blit_us=0
frust_shell_common::perf: frust-perf raw n=906 total_us=8562 rebuild_us=59 layout_us=1462 paint_us=195 encode_us=42 acquire_us=1165 submit_us=5635 skipped=0 gpu_q=1 gpu_total_us=4847 gpu_prepass_us=0 gpu_main_us=4847 gpu_composite_us=0 gpu_blit_us=0
frust_shell_common::perf: frust-perf raw n=907 total_us=8994 rebuild_us=62 layout_us=1450 paint_us=197 encode_us=46 acquire_us=1382 submit_us=5855 skipped=0 gpu_q=1 gpu_total_us=4853 gpu_prepass_us=0 gpu_main_us=4853 gpu_composite_us=0 gpu_blit_us=0
frust_shell_common::perf: frust-perf raw n=908 total_us=9114 rebuild_us=70 layout_us=1635 paint_us=233 encode_us=49 acquire_us=1109 submit_us=6016 skipped=0 gpu_q=1 gpu_total_us=4797 gpu_prepass_us=0 gpu_main_us=4797 gpu_composite_us=0 gpu_blit_us=0
frust_shell_common::perf: frust-perf raw n=909 total_us=9145 rebuild_us=78 layout_us=1504 paint_us=212 encode_us=43 acquire_us=1303 submit_us=6003 skipped=0 gpu_q=1 gpu_total_us=4849 gpu_prepass_us=0 gpu_main_us=4849 gpu_composite_us=0 gpu_blit_us=0
frust_shell_common::perf: frust-perf raw n=910 total_us=9304 rebuild_us=66 layout_us=1616 paint_us=212 encode_us=46 acquire_us=1332 submit_us=6031 skipped=0 gpu_q=1 gpu_total_us=4872 gpu_prepass_us=0 gpu_main_us=4872 gpu_composite_us=0 gpu_blit_us=0
frust_shell_common::perf: frust-perf raw n=911 total_us=12783 rebuild_us=146 layout_us=4731 paint_us=421 encode_us=43 acquire_us=73 submit_us=7366 skipped=0 gpu_q=1 gpu_total_us=4855 gpu_prepass_us=0 gpu_main_us=4855 gpu_composite_us=0 gpu_blit_us=0
frust_shell_common::perf: frust-perf raw n=912 total_us=6617 rebuild_us=60 layout_us=1965 paint_us=334 encode_us=57 acquire_us=85 submit_us=4114 skipped=0 gpu_q=1 gpu_total_us=4778 gpu_prepass_us=0 gpu_main_us=4778 gpu_composite_us=0 gpu_blit_us=0
frust_shell_common::perf: frust-perf raw n=913 total_us=9399 rebuild_us=54 layout_us=1023 paint_us=159 encode_us=36 acquire_us=2874 submit_us=5250 skipped=0 gpu_q=1 gpu_total_us=4866 gpu_prepass_us=0 gpu_main_us=4866 gpu_composite_us=0 gpu_blit_us=0
frust_shell_common::perf: frust-perf raw n=914 total_us=8853 rebuild_us=54 layout_us=1308 paint_us=219 encode_us=32 acquire_us=2021 submit_us=5217 skipped=0 gpu_q=1 gpu_total_us=4925 gpu_prepass_us=0 gpu_main_us=4925 gpu_composite_us=0 gpu_blit_us=0
frust_shell_common::perf: frust-perf raw n=915 total_us=8194 rebuild_us=64 layout_us=1402 paint_us=173 encode_us=40 acquire_us=1300 submit_us=5213 skipped=0 gpu_q=1 gpu_total_us=4746 gpu_prepass_us=0 gpu_main_us=4746 gpu_composite_us=0 gpu_blit_us=0
frust_shell_common::perf: frust-perf raw n=916 total_us=9095 rebuild_us=57 layout_us=1387 paint_us=191 encode_us=52 acquire_us=1519 submit_us=5887 skipped=0 gpu_q=1 gpu_total_us=4851 gpu_prepass_us=0 gpu_main_us=4851 gpu_composite_us=0 gpu_blit_us=0
frust_shell_common::perf: frust-perf raw n=917 total_us=9269 rebuild_us=67 layout_us=1569 paint_us=214 encode_us=45 acquire_us=1214 submit_us=6158 skipped=0 gpu_q=1 gpu_total_us=4880 gpu_prepass_us=0 gpu_main_us=4880 gpu_composite_us=0 gpu_blit_us=0
frust_shell_common::perf: frust-perf raw n=918 total_us=9418 rebuild_us=71 layout_us=1659 paint_us=213 encode_us=47 acquire_us=1211 submit_us=6215 skipped=0 gpu_q=1 gpu_total_us=4931 gpu_prepass_us=0 gpu_main_us=4931 gpu_composite_us=0 gpu_blit_us=0
frust_shell_common::perf: frust-perf raw n=919 total_us=8851 rebuild_us=56 layout_us=1644 paint_us=205 encode_us=48 acquire_us=1020 submit_us=5876 skipped=0 gpu_q=1 gpu_total_us=4835 gpu_prepass_us=0 gpu_main_us=4835 gpu_composite_us=0 gpu_blit_us=0
frust_shell_common::perf: frust-perf raw n=920 total_us=9214 rebuild_us=62 layout_us=1445 paint_us=207 encode_us=47 acquire_us=1259 submit_us=6191 skipped=0 gpu_q=1 gpu_total_us=4753 gpu_prepass_us=0 gpu_main_us=4753 gpu_composite_us=0 gpu_blit_us=0
frust_shell_common::perf: frust-perf raw n=921 total_us=9149 rebuild_us=61 layout_us=1518 paint_us=213 encode_us=47 acquire_us=1190 submit_us=6118 skipped=0 gpu_q=1 gpu_total_us=4917 gpu_prepass_us=0 gpu_main_us=4917 gpu_composite_us=0 gpu_blit_us=0
frust_shell_common::perf: frust-perf raw n=922 total_us=9299 rebuild_us=69 layout_us=1609 paint_us=208 encode_us=46 acquire_us=1250 submit_us=6114 skipped=0 gpu_q=1 gpu_total_us=4928 gpu_prepass_us=0 gpu_main_us=4928 gpu_composite_us=0 gpu_blit_us=0
frust_shell_common::perf: frust-perf raw n=923 total_us=9334 rebuild_us=61 layout_us=1623 paint_us=207 encode_us=43 acquire_us=1202 submit_us=6195 skipped=0 gpu_q=1 gpu_total_us=4870 gpu_prepass_us=0 gpu_main_us=4870 gpu_composite_us=0 gpu_blit_us=0
frust_shell_common::perf: frust-perf raw n=924 total_us=8832 rebuild_us=57 layout_us=1625 paint_us=232 encode_us=51 acquire_us=1273 submit_us=5591 skipped=0 gpu_q=1 gpu_total_us=4744 gpu_prepass_us=0 gpu_main_us=4744 gpu_composite_us=0 gpu_blit_us=0
frust_shell_common::perf: frust-perf raw n=925 total_us=10917 rebuild_us=135 layout_us=4703 paint_us=463 encode_us=44 acquire_us=64 submit_us=5507 skipped=0 gpu_q=1 gpu_total_us=4902 gpu_prepass_us=0 gpu_main_us=4902 gpu_composite_us=0 gpu_blit_us=0
frust_shell_common::perf: frust-perf raw n=926 total_us=12121 rebuild_us=110 layout_us=4773 paint_us=458 encode_us=46 acquire_us=79 submit_us=6652 skipped=0 gpu_q=1 gpu_total_us=4891 gpu_prepass_us=0 gpu_main_us=4891 gpu_composite_us=0 gpu_blit_us=0
frust_shell_common::perf: frust-perf raw n=927 total_us=10728 rebuild_us=111 layout_us=3664 paint_us=363 encode_us=39 acquire_us=77 submit_us=6472 skipped=0 gpu_q=1 gpu_total_us=4876 gpu_prepass_us=0 gpu_main_us=4876 gpu_composite_us=0 gpu_blit_us=0
frust_shell_common::perf: frust-perf raw n=928 total_us=8969 rebuild_us=118 layout_us=4126 paint_us=459 encode_us=44 acquire_us=52 submit_us=4168 skipped=0 gpu_q=1 gpu_total_us=4731 gpu_prepass_us=0 gpu_main_us=4731 gpu_composite_us=0 gpu_blit_us=0
frust_shell_common::perf: frust-perf raw n=929 total_us=7416 rebuild_us=48 layout_us=1019 paint_us=148 encode_us=32 acquire_us=1631 submit_us=4536 skipped=0 gpu_q=1 gpu_total_us=4906 gpu_prepass_us=0 gpu_main_us=4906 gpu_composite_us=0 gpu_blit_us=0
frust_shell_common::perf: frust-perf raw n=930 total_us=8542 rebuild_us=54 layout_us=1234 paint_us=228 encode_us=37 acquire_us=1405 submit_us=5582 skipped=0 gpu_q=1 gpu_total_us=4914 gpu_prepass_us=0 gpu_main_us=4914 gpu_composite_us=0 gpu_blit_us=0
frust_shell_common::perf: frust-perf raw n=931 total_us=8677 rebuild_us=59 layout_us=1631 paint_us=193 encode_us=42 acquire_us=1065 submit_us=5684 skipped=0 gpu_q=1 gpu_total_us=4882 gpu_prepass_us=0 gpu_main_us=4882 gpu_composite_us=0 gpu_blit_us=0
frust_shell_common::perf: frust-perf raw n=932 total_us=8793 rebuild_us=62 layout_us=1533 paint_us=212 encode_us=48 acquire_us=1231 submit_us=5704 skipped=0 gpu_q=1 gpu_total_us=4756 gpu_prepass_us=0 gpu_main_us=4756 gpu_composite_us=0 gpu_blit_us=0
frust_shell_common::perf: frust-perf raw n=933 total_us=8763 rebuild_us=58 layout_us=1442 paint_us=200 encode_us=49 acquire_us=1358 submit_us=5654 skipped=0 gpu_q=1 gpu_total_us=4840 gpu_prepass_us=0 gpu_main_us=4840 gpu_composite_us=0 gpu_blit_us=0
frust_shell_common::perf: frust-perf raw n=934 total_us=8900 rebuild_us=60 layout_us=1542 paint_us=195 encode_us=45 acquire_us=1253 submit_us=5804 skipped=0 gpu_q=1 gpu_total_us=4898 gpu_prepass_us=0 gpu_main_us=4898 gpu_composite_us=0 gpu_blit_us=0
frust_shell_common::perf: frust-perf raw n=935 total_us=9219 rebuild_us=76 layout_us=1626 paint_us=208 encode_us=47 acquire_us=994 submit_us=6264 skipped=0 gpu_q=1 gpu_total_us=4854 gpu_prepass_us=0 gpu_main_us=4854 gpu_composite_us=0 gpu_blit_us=0
frust_shell_common::perf: frust-perf raw n=936 total_us=10042 rebuild_us=101 layout_us=1609 paint_us=230 encode_us=48 acquire_us=1663 submit_us=6389 skipped=0 gpu_q=1 gpu_total_us=4763 gpu_prepass_us=0 gpu_main_us=4763 gpu_composite_us=0 gpu_blit_us=0
frust_shell_common::perf: frust-perf raw n=937 total_us=9653 rebuild_us=66 layout_us=1655 paint_us=240 encode_us=50 acquire_us=1100 submit_us=6539 skipped=0 gpu_q=1 gpu_total_us=4914 gpu_prepass_us=0 gpu_main_us=4914 gpu_composite_us=0 gpu_blit_us=0
frust_shell_common::perf: frust-perf raw n=938 total_us=9489 rebuild_us=61 layout_us=1601 paint_us=215 encode_us=46 acquire_us=1470 submit_us=6094 skipped=0 gpu_q=1 gpu_total_us=4848 gpu_prepass_us=0 gpu_main_us=4848 gpu_composite_us=0 gpu_blit_us=0
frust_shell_common::perf: frust-perf raw n=939 total_us=9077 rebuild_us=60 layout_us=1616 paint_us=212 encode_us=53 acquire_us=1053 submit_us=6079 skipped=0 gpu_q=1 gpu_total_us=4872 gpu_prepass_us=0 gpu_main_us=4872 gpu_composite_us=0 gpu_blit_us=0
frust_shell_common::perf: frust-perf raw n=940 total_us=8937 rebuild_us=62 layout_us=1484 paint_us=209 encode_us=53 acquire_us=1412 submit_us=5716 skipped=0 gpu_q=1 gpu_total_us=5228 gpu_prepass_us=0 gpu_main_us=5228 gpu_composite_us=0 gpu_blit_us=0
frust_shell_common::perf: frust-perf raw n=941 total_us=8904 rebuild_us=66 layout_us=1370 paint_us=200 encode_us=48 acquire_us=1540 submit_us=5679 skipped=0 gpu_q=1 gpu_total_us=4905 gpu_prepass_us=0 gpu_main_us=4905 gpu_composite_us=0 gpu_blit_us=0
frust_shell_common::perf: frust-perf raw n=942 total_us=12137 rebuild_us=178 layout_us=4051 paint_us=428 encode_us=41 acquire_us=67 submit_us=7370 skipped=0 gpu_q=1 gpu_total_us=4922 gpu_prepass_us=0 gpu_main_us=4922 gpu_composite_us=0 gpu_blit_us=0
frust_shell_common::perf: frust-perf raw n=943 total_us=6853 rebuild_us=62 layout_us=2024 paint_us=270 encode_us=47 acquire_us=81 submit_us=4367 skipped=0 gpu_q=1 gpu_total_us=4862 gpu_prepass_us=0 gpu_main_us=4862 gpu_composite_us=0 gpu_blit_us=0
frust_shell_common::perf: frust-perf raw n=944 total_us=8709 rebuild_us=54 layout_us=1094 paint_us=159 encode_us=32 acquire_us=2362 submit_us=5006 skipped=0 gpu_q=1 gpu_total_us=4739 gpu_prepass_us=0 gpu_main_us=4739 gpu_composite_us=0 gpu_blit_us=0
frust_shell_common::perf: frust-perf raw n=945 total_us=7766 rebuild_us=60 layout_us=1323 paint_us=184 encode_us=43 acquire_us=1296 submit_us=4857 skipped=0 gpu_q=1 gpu_total_us=4882 gpu_prepass_us=0 gpu_main_us=4882 gpu_composite_us=0 gpu_blit_us=0
frust_shell_android::app::frame: frust-perf platform-view tail depth=0 target=0 acquire_bound=false frame=960 expected_present_us=0 acquire_us=1373 period_us=8264
frust_shell_common::perf: frust-perf raw n=946 total_us=9626 rebuild_us=52 layout_us=1295 paint_us=174 encode_us=37 acquire_us=1876 submit_us=6188 skipped=0 gpu_q=1 gpu_total_us=4799 gpu_prepass_us=0 gpu_main_us=4799 gpu_composite_us=0 gpu_blit_us=0
frust_shell_common::perf: frust-perf raw n=947 total_us=9472 rebuild_us=61 layout_us=1927 paint_us=236 encode_us=48 acquire_us=690 submit_us=6507 skipped=0 gpu_q=1 gpu_total_us=4839 gpu_prepass_us=0 gpu_main_us=4839 gpu_composite_us=0 gpu_blit_us=0
frust_shell_common::perf: frust-perf raw n=948 total_us=8928 rebuild_us=59 layout_us=1651 paint_us=208 encode_us=50 acquire_us=1096 submit_us=5861 skipped=0 gpu_q=1 gpu_total_us=4740 gpu_prepass_us=0 gpu_main_us=4740 gpu_composite_us=0 gpu_blit_us=0
frust_shell_common::perf: frust-perf raw n=949 total_us=8804 rebuild_us=64 layout_us=1496 paint_us=209 encode_us=51 acquire_us=1331 submit_us=5651 skipped=0 gpu_q=1 gpu_total_us=4861 gpu_prepass_us=0 gpu_main_us=4861 gpu_composite_us=0 gpu_blit_us=0
frust_shell_common::perf: frust-perf raw n=950 total_us=9340 rebuild_us=65 layout_us=1353 paint_us=198 encode_us=40 acquire_us=1501 submit_us=6180 skipped=0 gpu_q=1 gpu_total_us=4908 gpu_prepass_us=0 gpu_main_us=4908 gpu_composite_us=0 gpu_blit_us=0
frust_shell_common::perf: frust-perf raw n=951 total_us=8707 rebuild_us=59 layout_us=1635 paint_us=213 encode_us=46 acquire_us=894 submit_us=5858 skipped=0 gpu_q=1 gpu_total_us=4887 gpu_prepass_us=0 gpu_main_us=4887 gpu_composite_us=0 gpu_blit_us=0
frust_shell_common::perf: frust-perf raw n=952 total_us=9261 rebuild_us=62 layout_us=1453 paint_us=195 encode_us=41 acquire_us=1309 submit_us=6199 skipped=0 gpu_q=1 gpu_total_us=4787 gpu_prepass_us=0 gpu_main_us=4787 gpu_composite_us=0 gpu_blit_us=0
frust_shell_common::perf: frust-perf raw n=953 total_us=9117 rebuild_us=56 layout_us=1624 paint_us=237 encode_us=46 acquire_us=951 submit_us=6199 skipped=0 gpu_q=1 gpu_total_us=4824 gpu_prepass_us=0 gpu_main_us=4824 gpu_composite_us=0 gpu_blit_us=0
frust_shell_common::perf: frust-perf raw n=954 total_us=9332 rebuild_us=64 layout_us=1517 paint_us=216 encode_us=46 acquire_us=1483 submit_us=6003 skipped=0 gpu_q=1 gpu_total_us=4927 gpu_prepass_us=0 gpu_main_us=4927 gpu_composite_us=0 gpu_blit_us=0
frust_shell_common::perf: frust-perf raw n=955 total_us=9347 rebuild_us=60 layout_us=1631 paint_us=210 encode_us=49 acquire_us=1344 submit_us=6051 skipped=0 gpu_q=1 gpu_total_us=4900 gpu_prepass_us=0 gpu_main_us=4900 gpu_composite_us=0 gpu_blit_us=0
frust_shell_common::perf: frust-perf raw n=956 total_us=12115 rebuild_us=145 layout_us=5309 paint_us=472 encode_us=43 acquire_us=111 submit_us=6034 skipped=0 gpu_q=1 gpu_total_us=4748 gpu_prepass_us=0 gpu_main_us=4748 gpu_composite_us=0 gpu_blit_us=0
frust_shell_common::perf: frust-perf raw n=957 total_us=11449 rebuild_us=129 layout_us=4847 paint_us=487 encode_us=41 acquire_us=71 submit_us=5873 skipped=0 gpu_q=1 gpu_total_us=4823 gpu_prepass_us=0 gpu_main_us=4823 gpu_composite_us=0 gpu_blit_us=0
frust_shell_common::perf: frust-perf raw n=958 total_us=6961 rebuild_us=62 layout_us=1432 paint_us=206 encode_us=43 acquire_us=72 submit_us=5144 skipped=0 gpu_q=1 gpu_total_us=4943 gpu_prepass_us=0 gpu_main_us=4943 gpu_composite_us=0 gpu_blit_us=0
frust_shell_common::perf: frust-perf raw n=959 total_us=8192 rebuild_us=82 layout_us=1466 paint_us=199 encode_us=37 acquire_us=1250 submit_us=5156 skipped=0 gpu_q=1 gpu_total_us=4946 gpu_prepass_us=0 gpu_main_us=4946 gpu_composite_us=0 gpu_blit_us=0
frust_engine::renderer: frust-perf enc n=960 w=60 validate_us=13.9 prepare_us=2.9 classify_us=44.0 admit_us=0.2 walk_us=2787.0 glyphs_us=2261.9 finish_us=2.1 compile_us=2858.0 schedule_us=4.0 paints_us=132.2 instances_us=203.3 resize_us=10.9 upload_us=276.3 replay_us=0.3 pipelines_us=15.8 record_us=28.2 total_us=3526.9 total_p95_us=4010.2 draws=829 strips=12441 alphas=302544 glyph_draws=797 atlas_glyphs=797
frust_shell_common::perf: frust-perf raw n=960 total_us=8763 rebuild_us=58 layout_us=1376 paint_us=195 encode_us=59 acquire_us=1374 submit_us=5700 skipped=0 gpu_q=1 gpu_total_us=4729 gpu_prepass_us=0 gpu_main_us=4729 gpu_composite_us=0 gpu_blit_us=0
frust_shell_common::perf: frust-perf raw n=961 total_us=8724 rebuild_us=60 layout_us=1570 paint_us=214 encode_us=48 acquire_us=1216 submit_us=5615 skipped=0 gpu_q=1 gpu_total_us=4874 gpu_prepass_us=0 gpu_main_us=4874 gpu_composite_us=0 gpu_blit_us=0
frust_shell_common::perf: frust-perf raw n=962 total_us=9022 rebuild_us=69 layout_us=1459 paint_us=203 encode_us=49 acquire_us=1542 submit_us=5698 skipped=0 gpu_q=1 gpu_total_us=4915 gpu_prepass_us=0 gpu_main_us=4915 gpu_composite_us=0 gpu_blit_us=0
frust_shell_common::perf: frust-perf raw n=963 total_us=9399 rebuild_us=70 layout_us=1672 paint_us=212 encode_us=41 acquire_us=1222 submit_us=6179 skipped=0 gpu_q=1 gpu_total_us=4900 gpu_prepass_us=0 gpu_main_us=4900 gpu_composite_us=0 gpu_blit_us=0
frust_shell_common::perf: frust-perf raw n=964 total_us=9532 rebuild_us=78 layout_us=1697 paint_us=217 encode_us=43 acquire_us=1268 submit_us=6226 skipped=0 gpu_q=1 gpu_total_us=4737 gpu_prepass_us=0 gpu_main_us=4737 gpu_composite_us=0 gpu_blit_us=0
frust_shell_common::perf: frust-perf raw n=965 total_us=9661 rebuild_us=62 layout_us=1715 paint_us=229 encode_us=51 acquire_us=1365 submit_us=6236 skipped=0 gpu_q=1 gpu_total_us=4794 gpu_prepass_us=0 gpu_main_us=4794 gpu_composite_us=0 gpu_blit_us=0
frust_shell_common::perf: frust-perf raw n=966 total_us=9551 rebuild_us=57 layout_us=1513 paint_us=214 encode_us=43 acquire_us=1606 submit_us=6116 skipped=0 gpu_q=1 gpu_total_us=4946 gpu_prepass_us=0 gpu_main_us=4946 gpu_composite_us=0 gpu_blit_us=0
frust_shell_common::perf: frust-perf raw n=967 total_us=9623 rebuild_us=57 layout_us=1583 paint_us=212 encode_us=39 acquire_us=1515 submit_us=6215 skipped=0 gpu_q=1 gpu_total_us=4865 gpu_prepass_us=0 gpu_main_us=4865 gpu_composite_us=0 gpu_blit_us=0
frust_shell_common::perf: frust-perf raw n=968 total_us=9545 rebuild_us=56 layout_us=1577 paint_us=207 encode_us=41 acquire_us=1527 submit_us=6133 skipped=0 gpu_q=1 gpu_total_us=4764 gpu_prepass_us=0 gpu_main_us=4764 gpu_composite_us=0 gpu_blit_us=0
frust_shell_common::perf: frust-perf raw n=969 total_us=9636 rebuild_us=58 layout_us=1571 paint_us=228 encode_us=50 acquire_us=1547 submit_us=6179 skipped=0 gpu_q=1 gpu_total_us=4818 gpu_prepass_us=0 gpu_main_us=4818 gpu_composite_us=0 gpu_blit_us=0
frust_shell_common::perf: frust-perf raw n=970 total_us=9489 rebuild_us=57 layout_us=1476 paint_us=209 encode_us=41 acquire_us=1797 submit_us=5906 skipped=0 gpu_q=1 gpu_total_us=4956 gpu_prepass_us=0 gpu_main_us=4956 gpu_composite_us=0 gpu_blit_us=0
frust_shell_common::perf: frust-perf raw n=971 total_us=9400 rebuild_us=149 layout_us=4557 paint_us=433 encode_us=42 acquire_us=70 submit_us=4147 skipped=0 gpu_q=1 gpu_total_us=4928 gpu_prepass_us=0 gpu_main_us=4928 gpu_composite_us=0 gpu_blit_us=0
frust_shell_common::perf: frust-perf raw n=972 total_us=8961 rebuild_us=127 layout_us=4095 paint_us=344 encode_us=32 acquire_us=53 submit_us=4307 skipped=0 gpu_q=1 gpu_total_us=4773 gpu_prepass_us=0 gpu_main_us=4773 gpu_composite_us=0 gpu_blit_us=0
frust_shell_common::perf: frust-perf raw n=973 total_us=7560 rebuild_us=56 layout_us=1232 paint_us=165 encode_us=36 acquire_us=1382 submit_us=4685 skipped=0 gpu_q=1 gpu_total_us=4827 gpu_prepass_us=0 gpu_main_us=4827 gpu_composite_us=0 gpu_blit_us=0
frust_shell_common::perf: frust-perf raw n=974 total_us=8196 rebuild_us=61 layout_us=1212 paint_us=173 encode_us=38 acquire_us=1537 submit_us=5173 skipped=0 gpu_q=1 gpu_total_us=4926 gpu_prepass_us=0 gpu_main_us=4926 gpu_composite_us=0 gpu_blit_us=0
frust_shell_common::perf: frust-perf raw n=975 total_us=9444 rebuild_us=64 layout_us=1563 paint_us=210 encode_us=46 acquire_us=1094 submit_us=6464 skipped=0 gpu_q=1 gpu_total_us=4800 gpu_prepass_us=0 gpu_main_us=4800 gpu_composite_us=0 gpu_blit_us=0
frust_shell_common::perf: frust-perf raw n=976 total_us=9126 rebuild_us=62 layout_us=1843 paint_us=236 encode_us=47 acquire_us=562 submit_us=6374 skipped=0 gpu_q=1 gpu_total_us=4750 gpu_prepass_us=0 gpu_main_us=4750 gpu_composite_us=0 gpu_blit_us=0
frust_shell_common::perf: frust-perf raw n=977 total_us=9476 rebuild_us=70 layout_us=1662 paint_us=210 encode_us=46 acquire_us=1345 submit_us=6140 skipped=0 gpu_q=1 gpu_total_us=4781 gpu_prepass_us=0 gpu_main_us=4781 gpu_composite_us=0 gpu_blit_us=0
frust_shell_common::perf: frust-perf raw n=978 total_us=8721 rebuild_us=59 layout_us=1659 paint_us=225 encode_us=52 acquire_us=876 submit_us=5848 skipped=0 gpu_q=1 gpu_total_us=4943 gpu_prepass_us=0 gpu_main_us=4943 gpu_composite_us=0 gpu_blit_us=0
frust_shell_common::perf: frust-perf raw n=979 total_us=9681 rebuild_us=72 layout_us=1412 paint_us=191 encode_us=41 acquire_us=1820 submit_us=6142 skipped=0 gpu_q=1 gpu_total_us=4896 gpu_prepass_us=0 gpu_main_us=4896 gpu_composite_us=0 gpu_blit_us=0
frust_shell_common::perf: frust-perf raw n=980 total_us=8685 rebuild_us=55 layout_us=1616 paint_us=205 encode_us=44 acquire_us=908 submit_us=5853 skipped=0 gpu_q=1 gpu_total_us=4804 gpu_prepass_us=0 gpu_main_us=4804 gpu_composite_us=0 gpu_blit_us=0
frust_shell_common::perf: frust-perf raw n=981 total_us=9697 rebuild_us=61 layout_us=1455 paint_us=193 encode_us=42 acquire_us=1725 submit_us=6218 skipped=0 gpu_q=1 gpu_total_us=4814 gpu_prepass_us=0 gpu_main_us=4814 gpu_composite_us=0 gpu_blit_us=0
frust_shell_common::perf: frust-perf raw n=982 total_us=8775 rebuild_us=58 layout_us=1585 paint_us=225 encode_us=44 acquire_us=1133 submit_us=5728 skipped=0 gpu_q=1 gpu_total_us=4889 gpu_prepass_us=0 gpu_main_us=4889 gpu_composite_us=0 gpu_blit_us=0
frust_shell_common::perf: frust-perf raw n=983 total_us=9316 rebuild_us=68 layout_us=1368 paint_us=196 encode_us=41 acquire_us=1575 submit_us=6065 skipped=0 gpu_q=1 gpu_total_us=4908 gpu_prepass_us=0 gpu_main_us=4908 gpu_composite_us=0 gpu_blit_us=0
frust_shell_common::perf: frust-perf raw n=984 total_us=8796 rebuild_us=59 layout_us=1609 paint_us=210 encode_us=44 acquire_us=1292 submit_us=5580 skipped=0 gpu_q=1 gpu_total_us=4798 gpu_prepass_us=0 gpu_main_us=4798 gpu_composite_us=0 gpu_blit_us=0
frust_shell_common::perf: frust-perf raw n=985 total_us=8903 rebuild_us=66 layout_us=1460 paint_us=191 encode_us=47 acquire_us=1583 submit_us=5554 skipped=0 gpu_q=1 gpu_total_us=4821 gpu_prepass_us=0 gpu_main_us=4821 gpu_composite_us=0 gpu_blit_us=0
frust_shell_common::perf: frust-perf raw n=986 total_us=11210 rebuild_us=139 layout_us=4996 paint_us=488 encode_us=39 acquire_us=63 submit_us=5483 skipped=0 gpu_q=1 gpu_total_us=4926 gpu_prepass_us=0 gpu_main_us=4926 gpu_composite_us=0 gpu_blit_us=0
frust_shell_common::perf: frust-perf raw n=987 total_us=11813 rebuild_us=111 layout_us=4567 paint_us=462 encode_us=46 acquire_us=75 submit_us=6550 skipped=0 gpu_q=1 gpu_total_us=4928 gpu_prepass_us=0 gpu_main_us=4928 gpu_composite_us=0 gpu_blit_us=0
frust_shell_common::perf: frust-perf raw n=988 total_us=11691 rebuild_us=134 layout_us=4502 paint_us=456 encode_us=41 acquire_us=76 submit_us=6480 skipped=0 gpu_q=1 gpu_total_us=4790 gpu_prepass_us=0 gpu_main_us=4790 gpu_composite_us=0 gpu_blit_us=0
frust_shell_common::perf: frust-perf raw n=989 total_us=10908 rebuild_us=122 layout_us=4277 paint_us=457 encode_us=41 acquire_us=70 submit_us=5938 skipped=0 gpu_q=1 gpu_total_us=4853 gpu_prepass_us=0 gpu_main_us=4853 gpu_composite_us=0 gpu_blit_us=0
frust_shell_common::perf: frust-perf raw n=990 total_us=9662 rebuild_us=126 layout_us=3580 paint_us=417 encode_us=47 acquire_us=64 submit_us=5426 skipped=0 gpu_q=1 gpu_total_us=5135 gpu_prepass_us=0 gpu_main_us=5135 gpu_composite_us=0 gpu_blit_us=0
frust_shell_common::perf: frust-perf raw n=991 total_us=8539 rebuild_us=108 layout_us=3090 paint_us=377 encode_us=34 acquire_us=64 submit_us=4863 skipped=0 gpu_q=1 gpu_total_us=5057 gpu_prepass_us=0 gpu_main_us=5057 gpu_composite_us=0 gpu_blit_us=0
frust_shell_common::perf: frust-perf raw n=992 total_us=8035 rebuild_us=72 layout_us=1490 paint_us=190 encode_us=36 acquire_us=896 submit_us=5349 skipped=0 gpu_q=1 gpu_total_us=4878 gpu_prepass_us=0 gpu_main_us=4878 gpu_composite_us=0 gpu_blit_us=0
frust_shell_common::perf: frust-perf raw n=993 total_us=9160 rebuild_us=58 layout_us=1614 paint_us=209 encode_us=46 acquire_us=1072 submit_us=6158 skipped=0 gpu_q=1 gpu_total_us=4822 gpu_prepass_us=0 gpu_main_us=4822 gpu_composite_us=0 gpu_blit_us=0
frust_shell_common::perf: frust-perf raw n=994 total_us=9287 rebuild_us=71 layout_us=1685 paint_us=224 encode_us=44 acquire_us=1284 submit_us=5977 skipped=0 gpu_q=1 gpu_total_us=4853 gpu_prepass_us=0 gpu_main_us=4853 gpu_composite_us=0 gpu_blit_us=0
frust_shell_common::perf: frust-perf raw n=995 total_us=7754 rebuild_us=56 layout_us=1608 paint_us=205 encode_us=45 acquire_us=78 submit_us=5758 skipped=0 gpu_q=1 gpu_total_us=4941 gpu_prepass_us=0 gpu_main_us=4941 gpu_composite_us=0 gpu_blit_us=0
frust_shell_common::perf: frust-perf raw n=996 total_us=9091 rebuild_us=58 layout_us=1505 paint_us=188 encode_us=44 acquire_us=1387 submit_us=5907 skipped=0 gpu_q=1 gpu_total_us=4782 gpu_prepass_us=0 gpu_main_us=4782 gpu_composite_us=0 gpu_blit_us=0
frust_shell_common::perf: frust-perf raw n=997 total_us=9716 rebuild_us=81 layout_us=1806 paint_us=235 encode_us=50 acquire_us=634 submit_us=6907 skipped=0 gpu_q=1 gpu_total_us=4732 gpu_prepass_us=0 gpu_main_us=4732 gpu_composite_us=0 gpu_blit_us=0
frust_shell_common::perf: frust-perf raw n=998 total_us=9535 rebuild_us=70 layout_us=1757 paint_us=250 encode_us=49 acquire_us=694 submit_us=6712 skipped=0 gpu_q=1 gpu_total_us=4779 gpu_prepass_us=0 gpu_main_us=4779 gpu_composite_us=0 gpu_blit_us=0
frust_shell_common::perf: frust-perf raw n=999 total_us=9424 rebuild_us=57 layout_us=1478 paint_us=209 encode_us=42 acquire_us=1760 submit_us=5874 skipped=0 gpu_q=1 gpu_total_us=4956 gpu_prepass_us=0 gpu_main_us=4956 gpu_composite_us=0 gpu_blit_us=0
frust_shell_common::perf: frust-perf raw n=1000 total_us=9389 rebuild_us=56 layout_us=1597 paint_us=207 encode_us=41 acquire_us=1471 submit_us=6013 skipped=0 gpu_q=1 gpu_total_us=4782 gpu_prepass_us=0 gpu_main_us=4782 gpu_composite_us=0 gpu_blit_us=0
frust_shell_common::perf: frust-perf raw n=1001 total_us=9851 rebuild_us=59 layout_us=1621 paint_us=210 encode_us=45 acquire_us=1768 submit_us=6146 skipped=0 gpu_q=1 gpu_total_us=4811 gpu_prepass_us=0 gpu_main_us=4811 gpu_composite_us=0 gpu_blit_us=0
frust_shell_common::perf: frust-perf raw n=1002 total_us=8926 rebuild_us=56 layout_us=1568 paint_us=225 encode_us=45 acquire_us=1096 submit_us=5934 skipped=0 gpu_q=1 gpu_total_us=4891 gpu_prepass_us=0 gpu_main_us=4891 gpu_composite_us=0 gpu_blit_us=0
frust_shell_common::perf: frust-perf raw n=1003 total_us=9406 rebuild_us=66 layout_us=1390 paint_us=194 encode_us=45 acquire_us=1913 submit_us=5797 skipped=0 gpu_q=1 gpu_total_us=4950 gpu_prepass_us=0 gpu_main_us=4950 gpu_composite_us=0 gpu_blit_us=0
frust_shell_common::perf: frust-perf raw n=1004 total_us=9072 rebuild_us=59 layout_us=1615 paint_us=248 encode_us=45 acquire_us=1116 submit_us=5987 skipped=0 gpu_q=1 gpu_total_us=4773 gpu_prepass_us=0 gpu_main_us=4773 gpu_composite_us=0 gpu_blit_us=0
frust_shell_common::perf: frust-perf raw n=1005 total_us=11922 rebuild_us=212 layout_us=4720 paint_us=522 encode_us=49 acquire_us=81 submit_us=6334 skipped=0 gpu_q=1 gpu_total_us=4806 gpu_prepass_us=0 gpu_main_us=4806 gpu_composite_us=0 gpu_blit_us=0
frust_shell_common::perf: frust-perf raw n=1006 total_us=5859 rebuild_us=50 layout_us=1549 paint_us=201 encode_us=38 acquire_us=65 submit_us=3952 skipped=0 gpu_q=1 gpu_total_us=4867 gpu_prepass_us=0 gpu_main_us=4867 gpu_composite_us=0 gpu_blit_us=0
frust_shell_common::perf: frust-perf raw n=1007 total_us=9267 rebuild_us=66 layout_us=1144 paint_us=179 encode_us=37 acquire_us=2210 submit_us=5628 skipped=0 gpu_q=1 gpu_total_us=4924 gpu_prepass_us=0 gpu_main_us=4924 gpu_composite_us=0 gpu_blit_us=0
frust_shell_common::perf: frust-perf raw n=1008 total_us=8031 rebuild_us=59 layout_us=1344 paint_us=179 encode_us=51 acquire_us=1326 submit_us=5070 skipped=0 gpu_q=1 gpu_total_us=5086 gpu_prepass_us=0 gpu_main_us=5086 gpu_composite_us=0 gpu_blit_us=0
frust_shell_common::perf: frust-perf raw n=1009 total_us=8382 rebuild_us=55 layout_us=1371 paint_us=175 encode_us=35 acquire_us=1243 submit_us=5501 skipped=0 gpu_q=1 gpu_total_us=4770 gpu_prepass_us=0 gpu_main_us=4770 gpu_composite_us=0 gpu_blit_us=0
frust_shell_common::perf: frust-perf raw n=1010 total_us=9208 rebuild_us=59 layout_us=1501 paint_us=196 encode_us=42 acquire_us=1260 submit_us=6147 skipped=0 gpu_q=1 gpu_total_us=4795 gpu_prepass_us=0 gpu_main_us=4795 gpu_composite_us=0 gpu_blit_us=0
frust_shell_common::perf: frust-perf raw n=1011 total_us=8436 rebuild_us=69 layout_us=1616 paint_us=225 encode_us=43 acquire_us=692 submit_us=5789 skipped=0 gpu_q=1 gpu_total_us=4937 gpu_prepass_us=0 gpu_main_us=4937 gpu_composite_us=0 gpu_blit_us=0
frust_shell_common::perf: frust-perf raw n=1012 total_us=9137 rebuild_us=64 layout_us=1373 paint_us=193 encode_us=44 acquire_us=1316 submit_us=6144 skipped=0 gpu_q=1 gpu_total_us=4787 gpu_prepass_us=0 gpu_main_us=4787 gpu_composite_us=0 gpu_blit_us=0
frust_shell_common::perf: frust-perf raw n=1013 total_us=9602 rebuild_us=79 layout_us=1622 paint_us=212 encode_us=44 acquire_us=1503 submit_us=6140 skipped=0 gpu_q=1 gpu_total_us=4823 gpu_prepass_us=0 gpu_main_us=4823 gpu_composite_us=0 gpu_blit_us=0
frust_shell_common::perf: frust-perf raw n=1014 total_us=8564 rebuild_us=58 layout_us=1584 paint_us=213 encode_us=46 acquire_us=1079 submit_us=5580 skipped=0 gpu_q=1 gpu_total_us=4935 gpu_prepass_us=0 gpu_main_us=4935 gpu_composite_us=0 gpu_blit_us=0
frust_shell_common::perf: frust-perf raw n=1015 total_us=9474 rebuild_us=56 layout_us=1429 paint_us=203 encode_us=40 acquire_us=1690 submit_us=6053 skipped=0 gpu_q=1 gpu_total_us=4886 gpu_prepass_us=0 gpu_main_us=4886 gpu_composite_us=0 gpu_blit_us=0
frust_shell_common::perf: frust-perf raw n=1016 total_us=9626 rebuild_us=61 layout_us=1495 paint_us=213 encode_us=46 acquire_us=1843 submit_us=5966 skipped=0 gpu_q=1 gpu_total_us=4875 gpu_prepass_us=0 gpu_main_us=4875 gpu_composite_us=0 gpu_blit_us=0
frust_shell_common::perf: frust-perf raw n=1017 total_us=9522 rebuild_us=60 layout_us=1580 paint_us=212 encode_us=41 acquire_us=1609 submit_us=6017 skipped=0 gpu_q=1 gpu_total_us=4858 gpu_prepass_us=0 gpu_main_us=4858 gpu_composite_us=0 gpu_blit_us=0
frust_shell_common::perf: frust-perf raw n=1018 total_us=9285 rebuild_us=57 layout_us=1574 paint_us=212 encode_us=47 acquire_us=1418 submit_us=5975 skipped=0 gpu_q=1 gpu_total_us=4883 gpu_prepass_us=0 gpu_main_us=4883 gpu_composite_us=0 gpu_blit_us=0
frust_shell_common::perf: frust-perf raw n=1019 total_us=11686 rebuild_us=145 layout_us=4977 paint_us=535 encode_us=44 acquire_us=72 submit_us=5911 skipped=0 gpu_q=1 gpu_total_us=4907 gpu_prepass_us=0 gpu_main_us=4907 gpu_composite_us=0 gpu_blit_us=0
frust_engine::renderer: frust-perf enc n=1020 w=60 validate_us=13.8 prepare_us=3.0 classify_us=44.2 admit_us=0.2 walk_us=2828.2 glyphs_us=2278.7 finish_us=2.0 compile_us=2893.7 schedule_us=3.9 paints_us=135.1 instances_us=208.3 resize_us=10.8 upload_us=277.1 replay_us=0.3 pipelines_us=15.9 record_us=28.1 total_us=3568.7 total_p95_us=3983.0 draws=829 strips=12423 alphas=303168 glyph_draws=797 atlas_glyphs=797
frust_shell_common::perf: frust-perf raw n=1020 total_us=10881 rebuild_us=112 layout_us=4211 paint_us=443 encode_us=45 acquire_us=66 submit_us=6001 skipped=0 gpu_q=1 gpu_total_us=4853 gpu_prepass_us=0 gpu_main_us=4853 gpu_composite_us=0 gpu_blit_us=0
frust_shell_common::perf: frust-perf raw n=1021 total_us=11129 rebuild_us=136 layout_us=4719 paint_us=501 encode_us=42 acquire_us=66 submit_us=5663 skipped=0 gpu_q=1 gpu_total_us=4868 gpu_prepass_us=0 gpu_main_us=4868 gpu_composite_us=0 gpu_blit_us=0
frust_shell_common::perf: frust-perf raw n=1022 total_us=11715 rebuild_us=124 layout_us=4786 paint_us=492 encode_us=40 acquire_us=72 submit_us=6199 skipped=0 gpu_q=1 gpu_total_us=4850 gpu_prepass_us=0 gpu_main_us=4850 gpu_composite_us=0 gpu_blit_us=0
frust_shell_common::perf: frust-perf raw n=1023 total_us=12102 rebuild_us=126 layout_us=4770 paint_us=501 encode_us=42 acquire_us=75 submit_us=6585 skipped=0 gpu_q=1 gpu_total_us=4798 gpu_prepass_us=0 gpu_main_us=4798 gpu_composite_us=0 gpu_blit_us=0
frust_shell_common::perf: frust-perf raw n=1024 total_us=9854 rebuild_us=126 layout_us=3229 paint_us=373 encode_us=45 acquire_us=71 submit_us=6006 skipped=0 gpu_q=1 gpu_total_us=4874 gpu_prepass_us=0 gpu_main_us=4874 gpu_composite_us=0 gpu_blit_us=0
frust_shell_common::perf: frust-perf raw n=1025 total_us=9699 rebuild_us=118 layout_us=4693 paint_us=428 encode_us=43 acquire_us=51 submit_us=4363 skipped=0 gpu_q=1 gpu_total_us=4842 gpu_prepass_us=0 gpu_main_us=4842 gpu_composite_us=0 gpu_blit_us=0
frust_shell_common::perf: frust-perf raw n=1026 total_us=7503 rebuild_us=127 layout_us=1319 paint_us=174 encode_us=38 acquire_us=824 submit_us=5018 skipped=0 gpu_q=1 gpu_total_us=4932 gpu_prepass_us=0 gpu_main_us=4932 gpu_composite_us=0 gpu_blit_us=0
frust_shell_common::perf: frust-perf raw n=1027 total_us=7825 rebuild_us=67 layout_us=1161 paint_us=175 encode_us=35 acquire_us=1731 submit_us=4652 skipped=0 gpu_q=1 gpu_total_us=4916 gpu_prepass_us=0 gpu_main_us=4916 gpu_composite_us=0 gpu_blit_us=0
frust_shell_common::perf: frust-perf raw n=1028 total_us=8510 rebuild_us=60 layout_us=1370 paint_us=191 encode_us=47 acquire_us=1071 submit_us=5768 skipped=0 gpu_q=1 gpu_total_us=4913 gpu_prepass_us=0 gpu_main_us=4913 gpu_composite_us=0 gpu_blit_us=0
frust_shell_common::perf: frust-perf raw n=1029 total_us=9218 rebuild_us=67 layout_us=1599 paint_us=209 encode_us=50 acquire_us=1019 submit_us=6273 skipped=0 gpu_q=1 gpu_total_us=4822 gpu_prepass_us=0 gpu_main_us=4822 gpu_composite_us=0 gpu_blit_us=0
frust_shell_common::perf: frust-perf raw n=1030 total_us=9724 rebuild_us=65 layout_us=1788 paint_us=234 encode_us=46 acquire_us=854 submit_us=6735 skipped=0 gpu_q=1 gpu_total_us=4846 gpu_prepass_us=0 gpu_main_us=4846 gpu_composite_us=0 gpu_blit_us=0
frust_shell_common::perf: frust-perf raw n=1031 total_us=9096 rebuild_us=60 layout_us=1579 paint_us=231 encode_us=48 acquire_us=1225 submit_us=5951 skipped=0 gpu_q=1 gpu_total_us=4881 gpu_prepass_us=0 gpu_main_us=4881 gpu_composite_us=0 gpu_blit_us=0
frust_shell_common::perf: frust-perf raw n=1032 total_us=8842 rebuild_us=60 layout_us=1376 paint_us=196 encode_us=51 acquire_us=1591 submit_us=5565 skipped=0 gpu_q=1 gpu_total_us=4836 gpu_prepass_us=0 gpu_main_us=4836 gpu_composite_us=0 gpu_blit_us=0
frust_shell_common::perf: frust-perf raw n=1033 total_us=8892 rebuild_us=63 layout_us=1463 paint_us=194 encode_us=41 acquire_us=1370 submit_us=5759 skipped=0 gpu_q=1 gpu_total_us=4854 gpu_prepass_us=0 gpu_main_us=4854 gpu_composite_us=0 gpu_blit_us=0
frust_shell_common::perf: frust-perf raw n=1034 total_us=9380 rebuild_us=69 layout_us=1616 paint_us=258 encode_us=44 acquire_us=1217 submit_us=6173 skipped=0 gpu_q=1 gpu_total_us=4882 gpu_prepass_us=0 gpu_main_us=4882 gpu_composite_us=0 gpu_blit_us=0
frust_shell_common::perf: frust-perf raw n=1035 total_us=9164 rebuild_us=59 layout_us=1662 paint_us=217 encode_us=48 acquire_us=1163 submit_us=6013 skipped=0 gpu_q=1 gpu_total_us=4851 gpu_prepass_us=0 gpu_main_us=4851 gpu_composite_us=0 gpu_blit_us=0
frust_shell_common::perf: frust-perf raw n=1036 total_us=9689 rebuild_us=68 layout_us=1647 paint_us=232 encode_us=48 acquire_us=1485 submit_us=6207 skipped=0 gpu_q=1 gpu_total_us=4874 gpu_prepass_us=0 gpu_main_us=4874 gpu_composite_us=0 gpu_blit_us=0
frust_shell_common::perf: frust-perf raw n=1037 total_us=8909 rebuild_us=60 layout_us=1527 paint_us=220 encode_us=45 acquire_us=1317 submit_us=5738 skipped=0 gpu_q=1 gpu_total_us=4835 gpu_prepass_us=0 gpu_main_us=4835 gpu_composite_us=0 gpu_blit_us=0
frust_shell_common::perf: frust-perf raw n=1038 total_us=9609 rebuild_us=67 layout_us=1524 paint_us=192 encode_us=41 acquire_us=1583 submit_us=6200 skipped=0 gpu_q=1 gpu_total_us=4901 gpu_prepass_us=0 gpu_main_us=4901 gpu_composite_us=0 gpu_blit_us=0
frust_shell_common::perf: frust-perf raw n=1039 total_us=12033 rebuild_us=129 layout_us=5008 paint_us=411 encode_us=44 acquire_us=71 submit_us=6367 skipped=0 gpu_q=1 gpu_total_us=4850 gpu_prepass_us=0 gpu_main_us=4850 gpu_composite_us=0 gpu_blit_us=0
frust_shell_common::perf: frust-perf raw n=1040 total_us=10884 rebuild_us=106 layout_us=4332 paint_us=485 encode_us=42 acquire_us=70 submit_us=5847 skipped=0 gpu_q=1 gpu_total_us=4821 gpu_prepass_us=0 gpu_main_us=4821 gpu_composite_us=0 gpu_blit_us=0
frust_shell_common::perf: frust-perf raw n=1041 total_us=5730 rebuild_us=93 layout_us=1429 paint_us=209 encode_us=41 acquire_us=67 submit_us=3890 skipped=0 gpu_q=1 gpu_total_us=4844 gpu_prepass_us=0 gpu_main_us=4844 gpu_composite_us=0 gpu_blit_us=0
frust_shell_common::perf: frust-perf raw n=1042 total_us=9833 rebuild_us=56 layout_us=1079 paint_us=151 encode_us=32 acquire_us=1802 submit_us=6711 skipped=0 gpu_q=1 gpu_total_us=4932 gpu_prepass_us=0 gpu_main_us=4932 gpu_composite_us=0 gpu_blit_us=0
frust_shell_common::perf: frust-perf raw n=1043 total_us=7067 rebuild_us=55 layout_us=1582 paint_us=209 encode_us=39 acquire_us=487 submit_us=4692 skipped=0 gpu_q=1 gpu_total_us=4755 gpu_prepass_us=0 gpu_main_us=4755 gpu_composite_us=0 gpu_blit_us=0
frust_shell_common::perf: frust-perf raw n=1044 total_us=9922 rebuild_us=52 layout_us=1095 paint_us=159 encode_us=40 acquire_us=2549 submit_us=6024 skipped=0 gpu_q=1 gpu_total_us=4857 gpu_prepass_us=0 gpu_main_us=4857 gpu_composite_us=0 gpu_blit_us=0
frust_shell_common::perf: frust-perf raw n=1045 total_us=8184 rebuild_us=55 layout_us=1476 paint_us=220 encode_us=45 acquire_us=667 submit_us=5719 skipped=0 gpu_q=1 gpu_total_us=4886 gpu_prepass_us=0 gpu_main_us=4886 gpu_composite_us=0 gpu_blit_us=0
frust_shell_common::perf: frust-perf raw n=1046 total_us=9510 rebuild_us=68 layout_us=1465 paint_us=207 encode_us=41 acquire_us=1676 submit_us=6051 skipped=0 gpu_q=1 gpu_total_us=4914 gpu_prepass_us=0 gpu_main_us=4914 gpu_composite_us=0 gpu_blit_us=0
frust_shell_common::perf: frust-perf raw n=1047 total_us=9341 rebuild_us=59 layout_us=1588 paint_us=209 encode_us=42 acquire_us=1373 submit_us=6067 skipped=0 gpu_q=1 gpu_total_us=4854 gpu_prepass_us=0 gpu_main_us=4854 gpu_composite_us=0 gpu_blit_us=0
frust_shell_common::perf: frust-perf raw n=1048 total_us=9353 rebuild_us=60 layout_us=1610 paint_us=226 encode_us=49 acquire_us=1372 submit_us=6033 skipped=0 gpu_q=1 gpu_total_us=4794 gpu_prepass_us=0 gpu_main_us=4794 gpu_composite_us=0 gpu_blit_us=0
frust_shell_common::perf: frust-perf raw n=1049 total_us=9295 rebuild_us=57 layout_us=1516 paint_us=215 encode_us=43 acquire_us=1422 submit_us=6040 skipped=0 gpu_q=1 gpu_total_us=4888 gpu_prepass_us=0 gpu_main_us=4888 gpu_composite_us=0 gpu_blit_us=0
frust_shell_common::perf: frust-perf raw n=1050 total_us=9163 rebuild_us=56 layout_us=1682 paint_us=262 encode_us=50 acquire_us=1146 submit_us=5965 skipped=0 gpu_q=1 gpu_total_us=4928 gpu_prepass_us=0 gpu_main_us=4928 gpu_composite_us=0 gpu_blit_us=0
frust_shell_common::perf: frust-perf raw n=1051 total_us=9296 rebuild_us=72 layout_us=1753 paint_us=210 encode_us=43 acquire_us=1066 submit_us=6150 skipped=0 gpu_q=1 gpu_total_us=4880 gpu_prepass_us=0 gpu_main_us=4880 gpu_composite_us=0 gpu_blit_us=0
frust_shell_common::perf: frust-perf raw n=1052 total_us=9390 rebuild_us=77 layout_us=1687 paint_us=228 encode_us=47 acquire_us=1152 submit_us=6196 skipped=0 gpu_q=1 gpu_total_us=4750 gpu_prepass_us=0 gpu_main_us=4750 gpu_composite_us=0 gpu_blit_us=0
frust_shell_common::perf: frust-perf raw n=1053 total_us=8107 rebuild_us=53 layout_us=1653 paint_us=211 encode_us=45 acquire_us=81 submit_us=6062 skipped=0 gpu_q=1 gpu_total_us=4918 gpu_prepass_us=0 gpu_main_us=4918 gpu_composite_us=0 gpu_blit_us=0
frust_shell_common::perf: frust-perf raw n=1054 total_us=11883 rebuild_us=138 layout_us=5520 paint_us=512 encode_us=61 acquire_us=72 submit_us=5578 skipped=0 gpu_q=1 gpu_total_us=4871 gpu_prepass_us=0 gpu_main_us=4871 gpu_composite_us=0 gpu_blit_us=0
frust_shell_common::perf: frust-perf raw n=1055 total_us=8820 rebuild_us=124 layout_us=3446 paint_us=551 encode_us=43 acquire_us=74 submit_us=4580 skipped=0 gpu_q=1 gpu_total_us=4855 gpu_prepass_us=0 gpu_main_us=4855 gpu_composite_us=0 gpu_blit_us=0
frust_shell_common::perf: frust-perf raw n=1056 total_us=7665 rebuild_us=134 layout_us=1099 paint_us=159 encode_us=38 acquire_us=1654 submit_us=4577 skipped=0 gpu_q=1 gpu_total_us=5255 gpu_prepass_us=0 gpu_main_us=5255 gpu_composite_us=0 gpu_blit_us=0
frust_shell_common::perf: frust-perf raw n=1057 total_us=7353 rebuild_us=76 layout_us=1080 paint_us=150 encode_us=40 acquire_us=1679 submit_us=4327 skipped=0 gpu_q=1 gpu_total_us=4937 gpu_prepass_us=0 gpu_main_us=4937 gpu_composite_us=0 gpu_blit_us=0
frust_shell_common::perf: frust-perf raw n=1058 total_us=8972 rebuild_us=57 layout_us=1464 paint_us=189 encode_us=43 acquire_us=1379 submit_us=5838 skipped=0 gpu_q=1 gpu_total_us=4894 gpu_prepass_us=0 gpu_main_us=4894 gpu_composite_us=0 gpu_blit_us=0
frust_shell_common::perf: frust-perf raw n=1059 total_us=9829 rebuild_us=71 layout_us=1784 paint_us=235 encode_us=44 acquire_us=953 submit_us=6741 skipped=0 gpu_q=1 gpu_total_us=4807 gpu_prepass_us=0 gpu_main_us=4807 gpu_composite_us=0 gpu_blit_us=0
frust_shell_common::perf: frust-perf raw n=1060 total_us=9624 rebuild_us=63 layout_us=1762 paint_us=251 encode_us=46 acquire_us=923 submit_us=6576 skipped=0 gpu_q=1 gpu_total_us=4726 gpu_prepass_us=0 gpu_main_us=4726 gpu_composite_us=0 gpu_blit_us=0
frust_shell_common::perf: frust-perf raw n=1061 total_us=9390 rebuild_us=57 layout_us=1480 paint_us=207 encode_us=42 acquire_us=1654 submit_us=5947 skipped=0 gpu_q=1 gpu_total_us=4860 gpu_prepass_us=0 gpu_main_us=4860 gpu_composite_us=0 gpu_blit_us=0
frust_shell_common::perf: frust-perf raw n=1062 total_us=9145 rebuild_us=58 layout_us=1619 paint_us=212 encode_us=46 acquire_us=1130 submit_us=6078 skipped=0 gpu_q=1 gpu_total_us=4923 gpu_prepass_us=0 gpu_main_us=4923 gpu_composite_us=0 gpu_blit_us=0
frust_shell_common::perf: frust-perf raw n=1063 total_us=10037 rebuild_us=63 layout_us=1617 paint_us=210 encode_us=43 acquire_us=1648 submit_us=6454 skipped=0 gpu_q=1 gpu_total_us=4878 gpu_prepass_us=0 gpu_main_us=4878 gpu_composite_us=0 gpu_blit_us=0
frust_shell_common::perf: frust-perf raw n=1064 total_us=9497 rebuild_us=58 layout_us=1749 paint_us=271 encode_us=42 acquire_us=972 submit_us=6402 skipped=0 gpu_q=1 gpu_total_us=4793 gpu_prepass_us=0 gpu_main_us=4793 gpu_composite_us=0 gpu_blit_us=0
frust_shell_common::perf: frust-perf raw n=1065 total_us=7643 rebuild_us=57 layout_us=1645 paint_us=232 encode_us=50 acquire_us=77 submit_us=5580 skipped=0 gpu_q=1 gpu_total_us=4897 gpu_prepass_us=0 gpu_main_us=4897 gpu_composite_us=0 gpu_blit_us=0
frust_shell_android::app::frame: frust-perf platform-view tail depth=0 target=0 acquire_bound=false frame=1080 expected_present_us=0 acquire_us=1317 period_us=8265
frust_shell_common::perf: frust-perf raw n=1066 total_us=9059 rebuild_us=51 layout_us=1026 paint_us=143 encode_us=37 acquire_us=2484 submit_us=5315 skipped=0 gpu_q=1 gpu_total_us=4885 gpu_prepass_us=0 gpu_main_us=4885 gpu_composite_us=0 gpu_blit_us=0
frust_shell_common::perf: frust-perf raw n=1067 total_us=8874 rebuild_us=66 layout_us=1669 paint_us=212 encode_us=42 acquire_us=811 submit_us=6072 skipped=0 gpu_q=1 gpu_total_us=4905 gpu_prepass_us=0 gpu_main_us=4905 gpu_composite_us=0 gpu_blit_us=0
frust_shell_common::perf: frust-perf raw n=1068 total_us=9432 rebuild_us=67 layout_us=1661 paint_us=213 encode_us=41 acquire_us=1271 submit_us=6176 skipped=0 gpu_q=1 gpu_total_us=5024 gpu_prepass_us=0 gpu_main_us=5024 gpu_composite_us=0 gpu_blit_us=0
frust_shell_common::perf: frust-perf raw n=1069 total_us=12565 rebuild_us=170 layout_us=5308 paint_us=429 encode_us=47 acquire_us=79 submit_us=6530 skipped=0 gpu_q=1 gpu_total_us=4869 gpu_prepass_us=0 gpu_main_us=4869 gpu_composite_us=0 gpu_blit_us=0
frust_shell_common::perf: frust-perf raw n=1070 total_us=10904 rebuild_us=109 layout_us=3689 paint_us=499 encode_us=42 acquire_us=70 submit_us=6493 skipped=0 gpu_q=1 gpu_total_us=4917 gpu_prepass_us=0 gpu_main_us=4917 gpu_composite_us=0 gpu_blit_us=0
frust_shell_common::perf: frust-perf raw n=1071 total_us=6112 rebuild_us=65 layout_us=1771 paint_us=267 encode_us=47 acquire_us=71 submit_us=3888 skipped=0 gpu_q=1 gpu_total_us=4919 gpu_prepass_us=0 gpu_main_us=4919 gpu_composite_us=0 gpu_blit_us=0
frust_shell_common::perf: frust-perf raw n=1072 total_us=9040 rebuild_us=53 layout_us=1084 paint_us=143 encode_us=33 acquire_us=1610 submit_us=6114 skipped=0 gpu_q=1 gpu_total_us=4811 gpu_prepass_us=0 gpu_main_us=4811 gpu_composite_us=0 gpu_blit_us=0
frust_shell_common::perf: frust-perf raw n=1073 total_us=8559 rebuild_us=61 layout_us=1473 paint_us=212 encode_us=48 acquire_us=1095 submit_us=5668 skipped=0 gpu_q=1 gpu_total_us=4763 gpu_prepass_us=0 gpu_main_us=4763 gpu_composite_us=0 gpu_blit_us=0
frust_shell_common::perf: frust-perf raw n=1074 total_us=9250 rebuild_us=56 layout_us=1368 paint_us=196 encode_us=45 acquire_us=1421 submit_us=6160 skipped=0 gpu_q=1 gpu_total_us=4981 gpu_prepass_us=0 gpu_main_us=4981 gpu_composite_us=0 gpu_blit_us=0
frust_shell_common::perf: frust-perf raw n=1075 total_us=9119 rebuild_us=85 layout_us=1620 paint_us=213 encode_us=48 acquire_us=1061 submit_us=6089 skipped=0 gpu_q=1 gpu_total_us=4871 gpu_prepass_us=0 gpu_main_us=4871 gpu_composite_us=0 gpu_blit_us=0
frust_shell_common::perf: frust-perf raw n=1076 total_us=8805 rebuild_us=67 layout_us=1611 paint_us=209 encode_us=48 acquire_us=1308 submit_us=5560 skipped=0 gpu_q=1 gpu_total_us=4775 gpu_prepass_us=0 gpu_main_us=4775 gpu_composite_us=0 gpu_blit_us=0
frust_shell_common::perf: frust-perf raw n=1077 total_us=8996 rebuild_us=63 layout_us=1438 paint_us=211 encode_us=47 acquire_us=1665 submit_us=5569 skipped=0 gpu_q=1 gpu_total_us=4857 gpu_prepass_us=0 gpu_main_us=4857 gpu_composite_us=0 gpu_blit_us=0
frust_shell_common::perf: frust-perf raw n=1078 total_us=9103 rebuild_us=58 layout_us=1381 paint_us=196 encode_us=40 acquire_us=1872 submit_us=5553 skipped=0 gpu_q=1 gpu_total_us=4933 gpu_prepass_us=0 gpu_main_us=4933 gpu_composite_us=0 gpu_blit_us=0
frust_shell_common::perf: frust-perf raw n=1079 total_us=8762 rebuild_us=66 layout_us=1464 paint_us=195 encode_us=46 acquire_us=1426 submit_us=5563 skipped=0 gpu_q=1 gpu_total_us=4884 gpu_prepass_us=0 gpu_main_us=4884 gpu_composite_us=0 gpu_blit_us=0
frust_engine::renderer: frust-perf enc n=1080 w=60 validate_us=14.3 prepare_us=2.9 classify_us=44.5 admit_us=0.2 walk_us=2822.7 glyphs_us=2270.1 finish_us=2.1 compile_us=2889.5 schedule_us=4.1 paints_us=137.1 instances_us=210.3 resize_us=11.0 upload_us=278.3 replay_us=0.3 pipelines_us=16.1 record_us=28.1 total_us=3611.1 total_p95_us=4085.5 draws=829 strips=12451 alphas=303312 glyph_draws=797 atlas_glyphs=797
frust_shell_common::perf: frust-perf raw n=1080 total_us=9181 rebuild_us=64 layout_us=1468 paint_us=289 encode_us=45 acquire_us=1470 submit_us=5842 skipped=0 gpu_q=1 gpu_total_us=4733 gpu_prepass_us=0 gpu_main_us=4733 gpu_composite_us=0 gpu_blit_us=0
frust_shell_common::perf: frust-perf raw n=1081 total_us=8678 rebuild_us=68 layout_us=1535 paint_us=238 encode_us=53 acquire_us=1182 submit_us=5600 skipped=0 gpu_q=1 gpu_total_us=4823 gpu_prepass_us=0 gpu_main_us=4823 gpu_composite_us=0 gpu_blit_us=0
frust_shell_common::perf: frust-perf raw n=1082 total_us=8722 rebuild_us=66 layout_us=1478 paint_us=195 encode_us=47 acquire_us=1423 submit_us=5511 skipped=0 gpu_q=1 gpu_total_us=4949 gpu_prepass_us=0 gpu_main_us=4949 gpu_composite_us=0 gpu_blit_us=0
frust_shell_common::perf: frust-perf raw n=1083 total_us=8987 rebuild_us=63 layout_us=1583 paint_us=194 encode_us=43 acquire_us=1448 submit_us=5653 skipped=0 gpu_q=1 gpu_total_us=4903 gpu_prepass_us=0 gpu_main_us=4903 gpu_composite_us=0 gpu_blit_us=0
frust_shell_common::perf: frust-perf raw n=1084 total_us=11783 rebuild_us=147 layout_us=5030 paint_us=455 encode_us=44 acquire_us=74 submit_us=6030 skipped=0 gpu_q=1 gpu_total_us=4802 gpu_prepass_us=0 gpu_main_us=4802 gpu_composite_us=0 gpu_blit_us=0
frust_shell_common::perf: frust-perf raw n=1085 total_us=10944 rebuild_us=113 layout_us=4426 paint_us=474 encode_us=42 acquire_us=69 submit_us=5817 skipped=0 gpu_q=1 gpu_total_us=4853 gpu_prepass_us=0 gpu_main_us=4853 gpu_composite_us=0 gpu_blit_us=0
frust_shell_common::perf: frust-perf raw n=1086 total_us=11206 rebuild_us=153 layout_us=4752 paint_us=496 encode_us=39 acquire_us=68 submit_us=5697 skipped=0 gpu_q=1 gpu_total_us=4993 gpu_prepass_us=0 gpu_main_us=4993 gpu_composite_us=0 gpu_blit_us=0
frust_shell_common::perf: frust-perf raw n=1087 total_us=11042 rebuild_us=120 layout_us=4351 paint_us=524 encode_us=42 acquire_us=75 submit_us=5927 skipped=0 gpu_q=1 gpu_total_us=4933 gpu_prepass_us=0 gpu_main_us=4933 gpu_composite_us=0 gpu_blit_us=0
frust_shell_common::perf: frust-perf raw n=1088 total_us=9332 rebuild_us=111 layout_us=3178 paint_us=391 encode_us=39 acquire_us=68 submit_us=5542 skipped=0 gpu_q=1 gpu_total_us=4762 gpu_prepass_us=0 gpu_main_us=4762 gpu_composite_us=0 gpu_blit_us=0
frust_shell_common::perf: frust-perf raw n=1089 total_us=6372 rebuild_us=53 layout_us=1067 paint_us=142 encode_us=35 acquire_us=1129 submit_us=3944 skipped=0 gpu_q=1 gpu_total_us=4822 gpu_prepass_us=0 gpu_main_us=4822 gpu_composite_us=0 gpu_blit_us=0
frust_shell_common::perf: frust-perf raw n=1090 total_us=7290 rebuild_us=60 layout_us=1067 paint_us=161 encode_us=34 acquire_us=1673 submit_us=4292 skipped=0 gpu_q=1 gpu_total_us=4977 gpu_prepass_us=0 gpu_main_us=4977 gpu_composite_us=0 gpu_blit_us=0
frust_shell_common::perf: frust-perf raw n=1091 total_us=8661 rebuild_us=69 layout_us=1381 paint_us=194 encode_us=44 acquire_us=1113 submit_us=5857 skipped=0 gpu_q=1 gpu_total_us=5239 gpu_prepass_us=0 gpu_main_us=5239 gpu_composite_us=0 gpu_blit_us=0
frust_shell_common::perf: frust-perf raw n=1092 total_us=10442 rebuild_us=64 layout_us=1784 paint_us=229 encode_us=47 acquire_us=1627 submit_us=6688 skipped=0 gpu_q=1 gpu_total_us=4827 gpu_prepass_us=0 gpu_main_us=4827 gpu_composite_us=0 gpu_blit_us=0
frust_shell_common::perf: frust-perf raw n=1093 total_us=8418 rebuild_us=61 layout_us=1738 paint_us=231 encode_us=41 acquire_us=504 submit_us=5841 skipped=0 gpu_q=1 gpu_total_us=4719 gpu_prepass_us=0 gpu_main_us=4719 gpu_composite_us=0 gpu_blit_us=0
frust_shell_common::perf: frust-perf raw n=1094 total_us=8446 rebuild_us=53 layout_us=1106 paint_us=166 encode_us=41 acquire_us=2381 submit_us=4695 skipped=0 gpu_q=1 gpu_total_us=4763 gpu_prepass_us=0 gpu_main_us=4763 gpu_composite_us=0 gpu_blit_us=0
frust_shell_common::perf: frust-perf raw n=1095 total_us=7823 rebuild_us=53 layout_us=1232 paint_us=174 encode_us=43 acquire_us=1509 submit_us=4809 skipped=0 gpu_q=1 gpu_total_us=4919 gpu_prepass_us=0 gpu_main_us=4919 gpu_composite_us=0 gpu_blit_us=0
frust_shell_common::perf: frust-perf raw n=1096 total_us=7312 rebuild_us=46 layout_us=921 paint_us=124 encode_us=39 acquire_us=2091 submit_us=4088 skipped=0 gpu_q=1 gpu_total_us=4805 gpu_prepass_us=0 gpu_main_us=4805 gpu_composite_us=0 gpu_blit_us=0
frust_shell_common::perf: frust-perf raw n=1097 total_us=7799 rebuild_us=52 layout_us=1186 paint_us=151 encode_us=38 acquire_us=1391 submit_us=4978 skipped=0 gpu_q=1 gpu_total_us=4805 gpu_prepass_us=0 gpu_main_us=4805 gpu_composite_us=0 gpu_blit_us=0
frust_shell_common::perf: frust-perf raw n=1098 total_us=9513 rebuild_us=60 layout_us=1496 paint_us=209 encode_us=43 acquire_us=1343 submit_us=6359 skipped=0 gpu_q=1 gpu_total_us=4885 gpu_prepass_us=0 gpu_main_us=4885 gpu_composite_us=0 gpu_blit_us=0
frust_shell_common::perf: frust-perf raw n=1099 total_us=8929 rebuild_us=66 layout_us=1738 paint_us=235 encode_us=45 acquire_us=705 submit_us=6138 skipped=0 gpu_q=1 gpu_total_us=4983 gpu_prepass_us=0 gpu_main_us=4983 gpu_composite_us=0 gpu_blit_us=0
frust_shell_common::perf: frust-perf raw n=1100 total_us=9970 rebuild_us=67 layout_us=1645 paint_us=211 encode_us=42 acquire_us=1344 submit_us=6659 skipped=0 gpu_q=1 gpu_total_us=4762 gpu_prepass_us=0 gpu_main_us=4762 gpu_composite_us=0 gpu_blit_us=0
frust_shell_common::perf: frust-perf raw n=1101 total_us=9226 rebuild_us=60 layout_us=1793 paint_us=230 encode_us=42 acquire_us=840 submit_us=6260 skipped=0 gpu_q=1 gpu_total_us=4792 gpu_prepass_us=0 gpu_main_us=4792 gpu_composite_us=0 gpu_blit_us=0
frust_shell_common::perf: frust-perf raw n=1102 total_us=12497 rebuild_us=154 layout_us=5095 paint_us=501 encode_us=49 acquire_us=75 submit_us=6621 skipped=0 gpu_q=1 gpu_total_us=4874 gpu_prepass_us=0 gpu_main_us=4874 gpu_composite_us=0 gpu_blit_us=0
frust_shell_common::perf: frust-perf raw n=1103 total_us=11481 rebuild_us=125 layout_us=4490 paint_us=449 encode_us=47 acquire_us=75 submit_us=6292 skipped=0 gpu_q=1 gpu_total_us=4956 gpu_prepass_us=0 gpu_main_us=4956 gpu_composite_us=0 gpu_blit_us=0
frust_shell_common::perf: frust-perf raw n=1104 total_us=9309 rebuild_us=126 layout_us=4534 paint_us=447 encode_us=36 acquire_us=52 submit_us=4112 skipped=0 gpu_q=1 gpu_total_us=4778 gpu_prepass_us=0 gpu_main_us=4778 gpu_composite_us=0 gpu_blit_us=0
frust_shell_common::perf: frust-perf raw n=1105 total_us=10273 rebuild_us=129 layout_us=4552 paint_us=432 encode_us=39 acquire_us=60 submit_us=5057 skipped=0 gpu_q=1 gpu_total_us=4857 gpu_prepass_us=0 gpu_main_us=4857 gpu_composite_us=0 gpu_blit_us=0
frust_shell_common::perf: frust-perf raw n=1106 total_us=10871 rebuild_us=139 layout_us=4396 paint_us=556 encode_us=48 acquire_us=66 submit_us=5664 skipped=0 gpu_q=1 gpu_total_us=4775 gpu_prepass_us=0 gpu_main_us=4775 gpu_composite_us=0 gpu_blit_us=0
frust_shell_common::perf: frust-perf raw n=1107 total_us=7407 rebuild_us=58 layout_us=1297 paint_us=189 encode_us=38 acquire_us=64 submit_us=5759 skipped=0 gpu_q=1 gpu_total_us=5017 gpu_prepass_us=0 gpu_main_us=5017 gpu_composite_us=0 gpu_blit_us=0
frust_shell_common::perf: frust-perf frame n=120 total_p50_ms=9 total_p95_ms=11 total_p99_ms=12 rebuild_p95_ms=0 layout_p95_ms=4 paint_p95_ms=0 encode_p95_ms=0 acquire_p95_ms=1 submit_p95_ms=6 over_60hz=5 over_120hz=823 skipped=0 total_frames=1107
frust_shell_common::perf: frust-perf raw n=1108 total_us=9533 rebuild_us=69 layout_us=1593 paint_us=217 encode_us=41 acquire_us=2018 submit_us=5593 skipped=0 gpu_q=1 gpu_total_us=4770 gpu_prepass_us=0 gpu_main_us=4770 gpu_composite_us=0 gpu_blit_us=0
frust_shell_common::perf: frust-perf raw n=1109 total_us=8732 rebuild_us=58 layout_us=1451 paint_us=191 encode_us=39 acquire_us=1472 submit_us=5519 skipped=0 gpu_q=1 gpu_total_us=5369 gpu_prepass_us=0 gpu_main_us=5369 gpu_composite_us=0 gpu_blit_us=0
frust_shell_common::perf: frust-perf raw n=1110 total_us=10526 rebuild_us=59 layout_us=1433 paint_us=260 encode_us=42 acquire_us=2457 submit_us=6272 skipped=0 gpu_q=1 gpu_total_us=4927 gpu_prepass_us=0 gpu_main_us=4927 gpu_composite_us=0 gpu_blit_us=0
frust_shell_common::perf: frust-perf raw n=1111 total_us=8767 rebuild_us=55 layout_us=1610 paint_us=273 encode_us=44 acquire_us=360 submit_us=6423 skipped=0 gpu_q=1 gpu_total_us=4987 gpu_prepass_us=0 gpu_main_us=4987 gpu_composite_us=0 gpu_blit_us=0
frust_shell_common::perf: frust-perf raw n=1112 total_us=8030 rebuild_us=66 layout_us=1628 paint_us=156 encode_us=40 acquire_us=1790 submit_us=4348 skipped=0 gpu_q=1 gpu_total_us=4791 gpu_prepass_us=0 gpu_main_us=4791 gpu_composite_us=0 gpu_blit_us=0
frust_shell_common::perf: frust-perf raw n=1113 total_us=9016 rebuild_us=50 layout_us=1354 paint_us=178 encode_us=42 acquire_us=2028 submit_us=5361 skipped=0 gpu_q=1 gpu_total_us=4799 gpu_prepass_us=0 gpu_main_us=4799 gpu_composite_us=0 gpu_blit_us=0
frust_shell_common::perf: frust-perf raw n=1114 total_us=8638 rebuild_us=61 layout_us=1508 paint_us=195 encode_us=46 acquire_us=1136 submit_us=5689 skipped=0 gpu_q=1 gpu_total_us=4832 gpu_prepass_us=0 gpu_main_us=4832 gpu_composite_us=0 gpu_blit_us=0
frust_shell_common::perf: frust-perf raw n=1115 total_us=9030 rebuild_us=58 layout_us=1531 paint_us=209 encode_us=45 acquire_us=1482 submit_us=5702 skipped=0 gpu_q=1 gpu_total_us=4990 gpu_prepass_us=0 gpu_main_us=4990 gpu_composite_us=0 gpu_blit_us=0
frust_shell_common::perf: frust-perf raw n=1116 total_us=9462 rebuild_us=65 layout_us=1601 paint_us=209 encode_us=46 acquire_us=1405 submit_us=6133 skipped=0 gpu_q=1 gpu_total_us=4771 gpu_prepass_us=0 gpu_main_us=4771 gpu_composite_us=0 gpu_blit_us=0
frust_shell_common::perf: frust-perf raw n=1117 total_us=9511 rebuild_us=59 layout_us=1663 paint_us=207 encode_us=44 acquire_us=1136 submit_us=6399 skipped=0 gpu_q=1 gpu_total_us=4829 gpu_prepass_us=0 gpu_main_us=4829 gpu_composite_us=0 gpu_blit_us=0
frust_shell_common::perf: frust-perf raw n=1118 total_us=8929 rebuild_us=67 layout_us=1657 paint_us=211 encode_us=49 acquire_us=896 submit_us=6045 skipped=0 gpu_q=1 gpu_total_us=4883 gpu_prepass_us=0 gpu_main_us=4883 gpu_composite_us=0 gpu_blit_us=0
frust_shell_common::perf: frust-perf raw n=1119 total_us=7830 rebuild_us=72 layout_us=1463 paint_us=206 encode_us=41 acquire_us=537 submit_us=5509 skipped=0 gpu_q=1 gpu_total_us=4921 gpu_prepass_us=0 gpu_main_us=4921 gpu_composite_us=0 gpu_blit_us=0
frust_shell_common::perf: frust-perf raw n=1120 total_us=8493 rebuild_us=123 layout_us=3076 paint_us=327 encode_us=40 acquire_us=60 submit_us=4865 skipped=0 gpu_q=1 gpu_total_us=4829 gpu_prepass_us=0 gpu_main_us=4829 gpu_composite_us=0 gpu_blit_us=0
frust_shell_common::perf: frust-perf raw n=1121 total_us=8170 rebuild_us=55 layout_us=1321 paint_us=174 encode_us=35 acquire_us=1512 submit_us=5070 skipped=0 gpu_q=1 gpu_total_us=4868 gpu_prepass_us=0 gpu_main_us=4868 gpu_composite_us=0 gpu_blit_us=0
frust_shell_common::perf: frust-perf raw n=1122 total_us=8454 rebuild_us=58 layout_us=1453 paint_us=189 encode_us=46 acquire_us=885 submit_us=5821 skipped=0 gpu_q=1 gpu_total_us=4846 gpu_prepass_us=0 gpu_main_us=4846 gpu_composite_us=0 gpu_blit_us=0
frust_shell_common::perf: frust-perf raw n=1123 total_us=9155 rebuild_us=64 layout_us=1602 paint_us=264 encode_us=47 acquire_us=813 submit_us=6363 skipped=0 gpu_q=1 gpu_total_us=4829 gpu_prepass_us=0 gpu_main_us=4829 gpu_composite_us=0 gpu_blit_us=0
frust_shell_common::perf: frust-perf raw n=1124 total_us=9476 rebuild_us=58 layout_us=1680 paint_us=279 encode_us=57 acquire_us=1045 submit_us=6354 skipped=0 gpu_q=1 gpu_total_us=4865 gpu_prepass_us=0 gpu_main_us=4865 gpu_composite_us=0 gpu_blit_us=0
frust_shell_common::perf: frust-perf raw n=1125 total_us=9179 rebuild_us=58 layout_us=1602 paint_us=216 encode_us=51 acquire_us=1123 submit_us=6126 skipped=0 gpu_q=1 gpu_total_us=4839 gpu_prepass_us=0 gpu_main_us=4839 gpu_composite_us=0 gpu_blit_us=0
frust_shell_common::perf: frust-perf raw n=1126 total_us=8119 rebuild_us=72 layout_us=1659 paint_us=218 encode_us=52 acquire_us=76 submit_us=6039 skipped=0 gpu_q=1 gpu_total_us=4888 gpu_prepass_us=0 gpu_main_us=4888 gpu_composite_us=0 gpu_blit_us=0
frust_shell_common::perf: frust-perf raw n=1127 total_us=10058 rebuild_us=61 layout_us=1507 paint_us=210 encode_us=43 acquire_us=1707 submit_us=6528 skipped=0 gpu_q=1 gpu_total_us=4860 gpu_prepass_us=0 gpu_main_us=4860 gpu_composite_us=0 gpu_blit_us=0
frust_shell_common::perf: frust-perf raw n=1128 total_us=8095 rebuild_us=57 layout_us=1702 paint_us=236 encode_us=48 acquire_us=766 submit_us=5284 skipped=0 gpu_q=1 gpu_total_us=4893 gpu_prepass_us=0 gpu_main_us=4893 gpu_composite_us=0 gpu_blit_us=0
frust_shell_common::perf: frust-perf raw n=1129 total_us=8313 rebuild_us=54 layout_us=1134 paint_us=159 encode_us=37 acquire_us=2006 submit_us=4920 skipped=0 gpu_q=1 gpu_total_us=5330 gpu_prepass_us=0 gpu_main_us=5330 gpu_composite_us=0 gpu_blit_us=0
frust_shell_common::perf: frust-perf raw n=1130 total_us=8496 rebuild_us=55 layout_us=1371 paint_us=176 encode_us=43 acquire_us=1204 submit_us=5643 skipped=0 gpu_q=1 gpu_total_us=4858 gpu_prepass_us=0 gpu_main_us=4858 gpu_composite_us=0 gpu_blit_us=0
frust_shell_common::perf: frust-perf raw n=1131 total_us=9228 rebuild_us=55 layout_us=1494 paint_us=210 encode_us=48 acquire_us=1292 submit_us=6126 skipped=0 gpu_q=1 gpu_total_us=4869 gpu_prepass_us=0 gpu_main_us=4869 gpu_composite_us=0 gpu_blit_us=0
frust_shell_common::perf: frust-perf raw n=1132 total_us=9174 rebuild_us=72 layout_us=1612 paint_us=227 encode_us=48 acquire_us=1039 submit_us=6172 skipped=0 gpu_q=1 gpu_total_us=4838 gpu_prepass_us=0 gpu_main_us=4838 gpu_composite_us=0 gpu_blit_us=0
frust_shell_common::perf: frust-perf raw n=1133 total_us=9177 rebuild_us=79 layout_us=1521 paint_us=217 encode_us=45 acquire_us=1082 submit_us=6231 skipped=0 gpu_q=1 gpu_total_us=4806 gpu_prepass_us=0 gpu_main_us=4806 gpu_composite_us=0 gpu_blit_us=0
frust_shell_common::perf: frust-perf raw n=1134 total_us=11611 rebuild_us=145 layout_us=4838 paint_us=463 encode_us=41 acquire_us=68 submit_us=6053 skipped=0 gpu_q=1 gpu_total_us=4866 gpu_prepass_us=0 gpu_main_us=4866 gpu_composite_us=0 gpu_blit_us=0
frust_shell_common::perf: frust-perf raw n=1135 total_us=12072 rebuild_us=119 layout_us=4744 paint_us=498 encode_us=42 acquire_us=79 submit_us=6588 skipped=0 gpu_q=1 gpu_total_us=4887 gpu_prepass_us=0 gpu_main_us=4887 gpu_composite_us=0 gpu_blit_us=0
frust_shell_common::perf: frust-perf raw n=1136 total_us=11941 rebuild_us=134 layout_us=4803 paint_us=518 encode_us=42 acquire_us=73 submit_us=6370 skipped=0 gpu_q=1 gpu_total_us=4823 gpu_prepass_us=0 gpu_main_us=4823 gpu_composite_us=0 gpu_blit_us=0
frust_shell_common::perf: frust-perf raw n=1137 total_us=10477 rebuild_us=134 layout_us=3932 paint_us=366 encode_us=44 acquire_us=67 submit_us=5932 skipped=0 gpu_q=1 gpu_total_us=4839 gpu_prepass_us=0 gpu_main_us=4839 gpu_composite_us=0 gpu_blit_us=0
frust_shell_common::perf: frust-perf raw n=1138 total_us=8514 rebuild_us=127 layout_us=3663 paint_us=421 encode_us=35 acquire_us=53 submit_us=4212 skipped=0 gpu_q=1 gpu_total_us=4850 gpu_prepass_us=0 gpu_main_us=4850 gpu_composite_us=0 gpu_blit_us=0
frust_shell_common::perf: frust-perf raw n=1139 total_us=7807 rebuild_us=61 layout_us=1087 paint_us=145 encode_us=36 acquire_us=1605 submit_us=4870 skipped=0 gpu_q=1 gpu_total_us=4850 gpu_prepass_us=0 gpu_main_us=4850 gpu_composite_us=0 gpu_blit_us=0
frust_engine::renderer: frust-perf enc n=1140 w=60 validate_us=13.6 prepare_us=2.9 classify_us=43.0 admit_us=0.2 walk_us=2711.0 glyphs_us=2193.4 finish_us=2.0 compile_us=2771.4 schedule_us=4.0 paints_us=127.0 instances_us=207.4 resize_us=10.4 upload_us=264.8 replay_us=0.3 pipelines_us=16.0 record_us=27.6 total_us=3436.1 total_p95_us=4021.2 draws=829 strips=12443 alphas=303152 glyph_draws=797 atlas_glyphs=797
frust_shell_common::perf: frust-perf raw n=1140 total_us=8417 rebuild_us=53 layout_us=1317 paint_us=181 encode_us=39 acquire_us=1211 submit_us=5613 skipped=0 gpu_q=1 gpu_total_us=4821 gpu_prepass_us=0 gpu_main_us=4821 gpu_composite_us=0 gpu_blit_us=0
frust_shell_common::perf: frust-perf raw n=1141 total_us=8865 rebuild_us=62 layout_us=1450 paint_us=200 encode_us=44 acquire_us=1530 submit_us=5577 skipped=0 gpu_q=1 gpu_total_us=5377 gpu_prepass_us=0 gpu_main_us=5377 gpu_composite_us=0 gpu_blit_us=0
frust_shell_common::perf: frust-perf raw n=1142 total_us=9042 rebuild_us=56 layout_us=1578 paint_us=200 encode_us=43 acquire_us=1576 submit_us=5587 skipped=0 gpu_q=1 gpu_total_us=4885 gpu_prepass_us=0 gpu_main_us=4885 gpu_composite_us=0 gpu_blit_us=0
frust_shell_common::perf: frust-perf raw n=1143 total_us=8934 rebuild_us=59 layout_us=1574 paint_us=196 encode_us=39 acquire_us=1461 submit_us=5604 skipped=0 gpu_q=1 gpu_total_us=4852 gpu_prepass_us=0 gpu_main_us=4852 gpu_composite_us=0 gpu_blit_us=0
frust_shell_common::perf: frust-perf raw n=1144 total_us=9194 rebuild_us=68 layout_us=1548 paint_us=209 encode_us=48 acquire_us=1554 submit_us=5765 skipped=0 gpu_q=1 gpu_total_us=4758 gpu_prepass_us=0 gpu_main_us=4758 gpu_composite_us=0 gpu_blit_us=0
frust_shell_common::perf: frust-perf raw n=1145 total_us=9597 rebuild_us=65 layout_us=1581 paint_us=216 encode_us=44 acquire_us=1578 submit_us=6111 skipped=0 gpu_q=1 gpu_total_us=4850 gpu_prepass_us=0 gpu_main_us=4850 gpu_composite_us=0 gpu_blit_us=0
frust_shell_common::perf: frust-perf raw n=1146 total_us=9275 rebuild_us=58 layout_us=1738 paint_us=212 encode_us=53 acquire_us=980 submit_us=6231 skipped=0 gpu_q=1 gpu_total_us=4880 gpu_prepass_us=0 gpu_main_us=4880 gpu_composite_us=0 gpu_blit_us=0
frust_shell_common::perf: frust-perf raw n=1147 total_us=8835 rebuild_us=61 layout_us=1526 paint_us=196 encode_us=46 acquire_us=1297 submit_us=5706 skipped=0 gpu_q=1 gpu_total_us=4848 gpu_prepass_us=0 gpu_main_us=4848 gpu_composite_us=0 gpu_blit_us=0
frust_shell_common::perf: frust-perf raw n=1148 total_us=8674 rebuild_us=67 layout_us=1457 paint_us=208 encode_us=49 acquire_us=1229 submit_us=5661 skipped=0 gpu_q=1 gpu_total_us=4787 gpu_prepass_us=0 gpu_main_us=4787 gpu_composite_us=0 gpu_blit_us=0
frust_shell_common::perf: frust-perf raw n=1149 total_us=8715 rebuild_us=59 layout_us=1358 paint_us=196 encode_us=48 acquire_us=1355 submit_us=5696 skipped=0 gpu_q=1 gpu_total_us=4863 gpu_prepass_us=0 gpu_main_us=4863 gpu_composite_us=0 gpu_blit_us=0
frust_shell_common::perf: frust-perf raw n=1150 total_us=9246 rebuild_us=59 layout_us=1593 paint_us=211 encode_us=44 acquire_us=1092 submit_us=6245 skipped=0 gpu_q=1 gpu_total_us=4849 gpu_prepass_us=0 gpu_main_us=4849 gpu_composite_us=0 gpu_blit_us=0
frust_shell_common::perf: frust-perf raw n=1151 total_us=9228 rebuild_us=72 layout_us=1646 paint_us=214 encode_us=47 acquire_us=1102 submit_us=6144 skipped=0 gpu_q=1 gpu_total_us=4809 gpu_prepass_us=0 gpu_main_us=4809 gpu_composite_us=0 gpu_blit_us=0
frust_shell_common::perf: frust-perf raw n=1152 total_us=11299 rebuild_us=153 layout_us=4660 paint_us=449 encode_us=44 acquire_us=72 submit_us=5919 skipped=0 gpu_q=1 gpu_total_us=4768 gpu_prepass_us=0 gpu_main_us=4768 gpu_composite_us=0 gpu_blit_us=0
frust_shell_common::perf: frust-perf raw n=1153 total_us=7255 rebuild_us=51 layout_us=1401 paint_us=207 encode_us=66 acquire_us=67 submit_us=5460 skipped=0 gpu_q=1 gpu_total_us=4879 gpu_prepass_us=0 gpu_main_us=4879 gpu_composite_us=0 gpu_blit_us=0
frust_shell_common::perf: frust-perf raw n=1154 total_us=8206 rebuild_us=74 layout_us=1067 paint_us=150 encode_us=32 acquire_us=2240 submit_us=4641 skipped=0 gpu_q=1 gpu_total_us=4891 gpu_prepass_us=0 gpu_main_us=4891 gpu_composite_us=0 gpu_blit_us=0
frust_shell_common::perf: frust-perf raw n=1155 total_us=8846 rebuild_us=53 layout_us=1232 paint_us=159 encode_us=44 acquire_us=1924 submit_us=5431 skipped=0 gpu_q=1 gpu_total_us=4874 gpu_prepass_us=0 gpu_main_us=4874 gpu_composite_us=0 gpu_blit_us=0
frust_shell_common::perf: frust-perf raw n=1156 total_us=9999 rebuild_us=75 layout_us=1652 paint_us=227 encode_us=49 acquire_us=1453 submit_us=6541 skipped=0 gpu_q=1 gpu_total_us=4738 gpu_prepass_us=0 gpu_main_us=4738 gpu_composite_us=0 gpu_blit_us=0
frust_shell_common::perf: frust-perf raw n=1157 total_us=9819 rebuild_us=64 layout_us=1711 paint_us=232 encode_us=47 acquire_us=1518 submit_us=6245 skipped=0 gpu_q=1 gpu_total_us=4948 gpu_prepass_us=53 gpu_main_us=4895 gpu_composite_us=0 gpu_blit_us=0
frust_shell_common::perf: frust-perf raw n=1158 total_us=8479 rebuild_us=64 layout_us=1639 paint_us=210 encode_us=40 acquire_us=720 submit_us=5802 skipped=0 gpu_q=1 gpu_total_us=4870 gpu_prepass_us=0 gpu_main_us=4870 gpu_composite_us=0 gpu_blit_us=0
frust_shell_common::perf: frust-perf raw n=1159 total_us=7942 rebuild_us=61 layout_us=1491 paint_us=190 encode_us=40 acquire_us=467 submit_us=5690 skipped=0 gpu_q=1 gpu_total_us=4878 gpu_prepass_us=0 gpu_main_us=4878 gpu_composite_us=0 gpu_blit_us=0
frust_shell_common::perf: frust-perf raw n=1160 total_us=7893 rebuild_us=65 layout_us=1488 paint_us=196 encode_us=45 acquire_us=350 submit_us=5747 skipped=0 gpu_q=1 gpu_total_us=4756 gpu_prepass_us=0 gpu_main_us=4756 gpu_composite_us=0 gpu_blit_us=0
frust_shell_common::perf: frust-perf raw n=1161 total_us=7985 rebuild_us=67 layout_us=1521 paint_us=205 encode_us=41 acquire_us=189 submit_us=5960 skipped=0 gpu_q=1 gpu_total_us=4898 gpu_prepass_us=0 gpu_main_us=4898 gpu_composite_us=0 gpu_blit_us=0
frust_shell_common::perf: frust-perf raw n=1162 total_us=9605 rebuild_us=66 layout_us=1584 paint_us=205 encode_us=48 acquire_us=1009 submit_us=6690 skipped=0 gpu_q=1 gpu_total_us=4874 gpu_prepass_us=0 gpu_main_us=4874 gpu_composite_us=0 gpu_blit_us=0
frust_shell_common::perf: frust-perf raw n=1163 total_us=9197 rebuild_us=64 layout_us=1774 paint_us=233 encode_us=52 acquire_us=711 submit_us=6361 skipped=0 gpu_q=1 gpu_total_us=4851 gpu_prepass_us=0 gpu_main_us=4851 gpu_composite_us=0 gpu_blit_us=0
frust_shell_common::perf: frust-perf raw n=1164 total_us=9218 rebuild_us=70 layout_us=1672 paint_us=214 encode_us=47 acquire_us=1162 submit_us=6051 skipped=0 gpu_q=1 gpu_total_us=4757 gpu_prepass_us=0 gpu_main_us=4757 gpu_composite_us=0 gpu_blit_us=0
frust_shell_common::perf: frust-perf raw n=1165 total_us=9199 rebuild_us=67 layout_us=1606 paint_us=229 encode_us=44 acquire_us=1209 submit_us=6042 skipped=0 gpu_q=1 gpu_total_us=4867 gpu_prepass_us=0 gpu_main_us=4867 gpu_composite_us=0 gpu_blit_us=0
frust_shell_common::perf: frust-perf raw n=1166 total_us=11229 rebuild_us=132 layout_us=4270 paint_us=463 encode_us=41 acquire_us=68 submit_us=6252 skipped=0 gpu_q=1 gpu_total_us=4903 gpu_prepass_us=0 gpu_main_us=4903 gpu_composite_us=0 gpu_blit_us=0
frust_shell_common::perf: frust-perf raw n=1167 total_us=12276 rebuild_us=115 layout_us=4805 paint_us=471 encode_us=44 acquire_us=80 submit_us=6759 skipped=0 gpu_q=1 gpu_total_us=4904 gpu_prepass_us=0 gpu_main_us=4904 gpu_composite_us=0 gpu_blit_us=0
frust_shell_common::perf: frust-perf raw n=1168 total_us=10677 rebuild_us=117 layout_us=3739 paint_us=348 encode_us=40 acquire_us=75 submit_us=6355 skipped=0 gpu_q=1 gpu_total_us=4730 gpu_prepass_us=0 gpu_main_us=4730 gpu_composite_us=0 gpu_blit_us=0
frust_shell_common::perf: frust-perf raw n=1169 total_us=8293 rebuild_us=116 layout_us=3604 paint_us=359 encode_us=32 acquire_us=56 submit_us=4124 skipped=0 gpu_q=1 gpu_total_us=4885 gpu_prepass_us=0 gpu_main_us=4885 gpu_composite_us=0 gpu_blit_us=0
frust_shell_common::perf: frust-perf raw n=1170 total_us=7512 rebuild_us=53 layout_us=986 paint_us=150 encode_us=31 acquire_us=1735 submit_us=4554 skipped=0 gpu_q=1 gpu_total_us=4798 gpu_prepass_us=0 gpu_main_us=4798 gpu_composite_us=0 gpu_blit_us=0
frust_shell_common::perf: frust-perf raw n=1171 total_us=8726 rebuild_us=55 layout_us=1219 paint_us=156 encode_us=39 acquire_us=1637 submit_us=5619 skipped=0 gpu_q=1 gpu_total_us=4958 gpu_prepass_us=0 gpu_main_us=4958 gpu_composite_us=0 gpu_blit_us=0
frust_shell_common::perf: frust-perf raw n=1172 total_us=9040 rebuild_us=69 layout_us=1538 paint_us=221 encode_us=43 acquire_us=1616 submit_us=5551 skipped=0 gpu_q=1 gpu_total_us=4842 gpu_prepass_us=0 gpu_main_us=4842 gpu_composite_us=0 gpu_blit_us=0
frust_shell_common::perf: frust-perf raw n=1173 total_us=8854 rebuild_us=62 layout_us=1558 paint_us=216 encode_us=51 acquire_us=1394 submit_us=5570 skipped=0 gpu_q=1 gpu_total_us=4775 gpu_prepass_us=0 gpu_main_us=4775 gpu_composite_us=0 gpu_blit_us=0
frust_shell_common::perf: frust-perf raw n=1174 total_us=8921 rebuild_us=65 layout_us=1449 paint_us=201 encode_us=51 acquire_us=1420 submit_us=5732 skipped=0 gpu_q=1 gpu_total_us=4899 gpu_prepass_us=0 gpu_main_us=4899 gpu_composite_us=0 gpu_blit_us=0
frust_shell_common::perf: frust-perf raw n=1175 total_us=9256 rebuild_us=66 layout_us=1667 paint_us=214 encode_us=46 acquire_us=969 submit_us=6291 skipped=0 gpu_q=1 gpu_total_us=4903 gpu_prepass_us=0 gpu_main_us=4903 gpu_composite_us=0 gpu_blit_us=0
frust_shell_common::perf: frust-perf raw n=1176 total_us=9152 rebuild_us=75 layout_us=1749 paint_us=214 encode_us=48 acquire_us=946 submit_us=6119 skipped=0 gpu_q=1 gpu_total_us=4785 gpu_prepass_us=0 gpu_main_us=4785 gpu_composite_us=0 gpu_blit_us=0
frust_shell_common::perf: frust-perf raw n=1177 total_us=9446 rebuild_us=67 layout_us=1642 paint_us=227 encode_us=51 acquire_us=1167 submit_us=6289 skipped=0 gpu_q=1 gpu_total_us=4814 gpu_prepass_us=0 gpu_main_us=4814 gpu_composite_us=0 gpu_blit_us=0
frust_shell_common::perf: frust-perf raw n=1178 total_us=8958 rebuild_us=72 layout_us=1553 paint_us=215 encode_us=44 acquire_us=1050 submit_us=6021 skipped=0 gpu_q=1 gpu_total_us=4948 gpu_prepass_us=0 gpu_main_us=4948 gpu_composite_us=0 gpu_blit_us=0
frust_shell_common::perf: frust-perf raw n=1179 total_us=9465 rebuild_us=66 layout_us=1478 paint_us=191 encode_us=44 acquire_us=1806 submit_us=5876 skipped=0 gpu_q=1 gpu_total_us=4873 gpu_prepass_us=0 gpu_main_us=4873 gpu_composite_us=0 gpu_blit_us=0
frust_shell_common::perf: frust-perf raw n=1180 total_us=9473 rebuild_us=58 layout_us=1588 paint_us=209 encode_us=50 acquire_us=1477 submit_us=6088 skipped=0 gpu_q=1 gpu_total_us=4752 gpu_prepass_us=0 gpu_main_us=4752 gpu_composite_us=0 gpu_blit_us=0
frust_shell_common::perf: frust-perf raw n=1181 total_us=9403 rebuild_us=59 layout_us=1592 paint_us=226 encode_us=58 acquire_us=1351 submit_us=6114 skipped=0 gpu_q=1 gpu_total_us=4842 gpu_prepass_us=0 gpu_main_us=4842 gpu_composite_us=0 gpu_blit_us=0
frust_shell_common::perf: frust-perf raw n=1182 total_us=9229 rebuild_us=57 layout_us=1503 paint_us=210 encode_us=51 acquire_us=1487 submit_us=5918 skipped=0 gpu_q=1 gpu_total_us=4932 gpu_prepass_us=0 gpu_main_us=4932 gpu_composite_us=0 gpu_blit_us=0
frust_shell_common::perf: frust-perf raw n=1183 total_us=11357 rebuild_us=143 layout_us=4619 paint_us=456 encode_us=42 acquire_us=73 submit_us=6022 skipped=0 gpu_q=1 gpu_total_us=4938 gpu_prepass_us=0 gpu_main_us=4938 gpu_composite_us=0 gpu_blit_us=0
frust_shell_common::perf: frust-perf raw n=1184 total_us=6359 rebuild_us=55 layout_us=1545 paint_us=210 encode_us=41 acquire_us=69 submit_us=4437 skipped=0 gpu_q=1 gpu_total_us=4786 gpu_prepass_us=0 gpu_main_us=4786 gpu_composite_us=0 gpu_blit_us=0
frust_shell_common::perf: frust-perf raw n=1185 total_us=9488 rebuild_us=58 layout_us=1096 paint_us=161 encode_us=38 acquire_us=2557 submit_us=5575 skipped=0 gpu_q=1 gpu_total_us=4825 gpu_prepass_us=0 gpu_main_us=4825 gpu_composite_us=0 gpu_blit_us=0
frust_shell_android::app::frame: frust-perf platform-view tail depth=0 target=0 acquire_bound=false frame=1200 expected_present_us=0 acquire_us=1361 period_us=8267
frust_shell_common::perf: frust-perf raw n=1186 total_us=8983 rebuild_us=58 layout_us=1371 paint_us=229 encode_us=41 acquire_us=1721 submit_us=5561 skipped=0 gpu_q=1 gpu_total_us=4938 gpu_prepass_us=0 gpu_main_us=4938 gpu_composite_us=0 gpu_blit_us=0
frust_shell_common::perf: frust-perf raw n=1187 total_us=9401 rebuild_us=69 layout_us=1510 paint_us=193 encode_us=39 acquire_us=1684 submit_us=5904 skipped=0 gpu_q=1 gpu_total_us=5118 gpu_prepass_us=0 gpu_main_us=5118 gpu_composite_us=0 gpu_blit_us=0
frust_shell_common::perf: frust-perf raw n=1188 total_us=9719 rebuild_us=59 layout_us=1740 paint_us=214 encode_us=46 acquire_us=1621 submit_us=6037 skipped=0 gpu_q=1 gpu_total_us=4772 gpu_prepass_us=0 gpu_main_us=4772 gpu_composite_us=0 gpu_blit_us=0
frust_shell_common::perf: frust-perf raw n=1189 total_us=9819 rebuild_us=60 layout_us=1618 paint_us=209 encode_us=42 acquire_us=1712 submit_us=6175 skipped=0 gpu_q=1 gpu_total_us=4828 gpu_prepass_us=0 gpu_main_us=4828 gpu_composite_us=0 gpu_blit_us=0
frust_shell_common::perf: frust-perf raw n=1190 total_us=9786 rebuild_us=58 layout_us=1618 paint_us=226 encode_us=49 acquire_us=1694 submit_us=6139 skipped=0 gpu_q=1 gpu_total_us=4928 gpu_prepass_us=0 gpu_main_us=4928 gpu_composite_us=0 gpu_blit_us=0
frust_shell_common::perf: frust-perf raw n=1191 total_us=8952 rebuild_us=66 layout_us=1526 paint_us=208 encode_us=44 acquire_us=1429 submit_us=5677 skipped=0 gpu_q=1 gpu_total_us=4879 gpu_prepass_us=0 gpu_main_us=4879 gpu_composite_us=0 gpu_blit_us=0
frust_shell_common::perf: frust-perf raw n=1192 total_us=9386 rebuild_us=63 layout_us=1470 paint_us=194 encode_us=40 acquire_us=1564 submit_us=6052 skipped=0 gpu_q=1 gpu_total_us=4750 gpu_prepass_us=0 gpu_main_us=4750 gpu_composite_us=0 gpu_blit_us=0
frust_shell_common::perf: frust-perf raw n=1193 total_us=9290 rebuild_us=63 layout_us=1616 paint_us=211 encode_us=45 acquire_us=1248 submit_us=6105 skipped=0 gpu_q=1 gpu_total_us=4810 gpu_prepass_us=0 gpu_main_us=4810 gpu_composite_us=0 gpu_blit_us=0
frust_shell_common::perf: frust-perf raw n=1194 total_us=9380 rebuild_us=59 layout_us=1604 paint_us=226 encode_us=42 acquire_us=1343 submit_us=6103 skipped=0 gpu_q=1 gpu_total_us=4880 gpu_prepass_us=0 gpu_main_us=4880 gpu_composite_us=0 gpu_blit_us=0
frust_shell_common::perf: frust-perf raw n=1195 total_us=7925 rebuild_us=64 layout_us=1512 paint_us=211 encode_us=48 acquire_us=1584 submit_us=4504 skipped=0 gpu_q=1 gpu_total_us=4940 gpu_prepass_us=0 gpu_main_us=4940 gpu_composite_us=0 gpu_blit_us=0
frust_shell_common::perf: frust-perf raw n=1196 total_us=7625 rebuild_us=51 layout_us=1135 paint_us=147 encode_us=39 acquire_us=2403 submit_us=3846 skipped=0 gpu_q=1 gpu_total_us=4800 gpu_prepass_us=0 gpu_main_us=4800 gpu_composite_us=0 gpu_blit_us=0
frust_shell_common::perf: frust-perf raw n=1197 total_us=8593 rebuild_us=141 layout_us=4577 paint_us=452 encode_us=30 acquire_us=48 submit_us=3343 skipped=0 gpu_q=1 gpu_total_us=4802 gpu_prepass_us=0 gpu_main_us=4802 gpu_composite_us=0 gpu_blit_us=0
frust_shell_common::perf: frust-perf raw n=1198 total_us=10742 rebuild_us=123 layout_us=4947 paint_us=496 encode_us=41 acquire_us=59 submit_us=5074 skipped=0 gpu_q=1 gpu_total_us=4868 gpu_prepass_us=0 gpu_main_us=4868 gpu_composite_us=0 gpu_blit_us=0
frust_shell_common::perf: frust-perf raw n=1199 total_us=11009 rebuild_us=120 layout_us=4345 paint_us=473 encode_us=42 acquire_us=71 submit_us=5956 skipped=0 gpu_q=1 gpu_total_us=4937 gpu_prepass_us=0 gpu_main_us=4937 gpu_composite_us=0 gpu_blit_us=0
frust_engine::renderer: frust-perf enc n=1200 w=60 validate_us=13.9 prepare_us=2.9 classify_us=43.7 admit_us=0.2 walk_us=2767.8 glyphs_us=2276.5 finish_us=2.1 compile_us=2828.5 schedule_us=4.0 paints_us=134.0 instances_us=205.7 resize_us=10.6 upload_us=271.0 replay_us=0.3 pipelines_us=15.7 record_us=27.8 total_us=3518.7 total_p95_us=3914.6 draws=829 strips=12466 alphas=303280 glyph_draws=797 atlas_glyphs=797
frust_shell_common::perf: frust-perf raw n=1200 total_us=10414 rebuild_us=125 layout_us=3804 paint_us=344 encode_us=40 acquire_us=67 submit_us=6031 skipped=0 gpu_q=1 gpu_total_us=4746 gpu_prepass_us=0 gpu_main_us=4746 gpu_composite_us=0 gpu_blit_us=0
frust_shell_common::perf: frust-perf raw n=1201 total_us=9378 rebuild_us=111 layout_us=3428 paint_us=331 encode_us=39 acquire_us=65 submit_us=5401 skipped=0 gpu_q=1 gpu_total_us=4708 gpu_prepass_us=0 gpu_main_us=4708 gpu_composite_us=0 gpu_blit_us=0
frust_shell_common::perf: frust-perf raw n=1202 total_us=7204 rebuild_us=67 layout_us=1509 paint_us=214 encode_us=52 acquire_us=64 submit_us=5295 skipped=0 gpu_q=1 gpu_total_us=4725 gpu_prepass_us=0 gpu_main_us=4725 gpu_composite_us=0 gpu_blit_us=0
frust_shell_common::perf: frust-perf raw n=1203 total_us=8870 rebuild_us=63 layout_us=1538 paint_us=222 encode_us=45 acquire_us=989 submit_us=6011 skipped=0 gpu_q=1 gpu_total_us=4917 gpu_prepass_us=0 gpu_main_us=4917 gpu_composite_us=0 gpu_blit_us=0
frust_shell_common::perf: frust-perf raw n=1204 total_us=9173 rebuild_us=70 layout_us=1729 paint_us=214 encode_us=45 acquire_us=942 submit_us=6170 skipped=0 gpu_q=1 gpu_total_us=5245 gpu_prepass_us=0 gpu_main_us=5245 gpu_composite_us=0 gpu_blit_us=0
frust_shell_common::perf: frust-perf raw n=1205 total_us=9472 rebuild_us=64 layout_us=1705 paint_us=213 encode_us=47 acquire_us=1208 submit_us=6232 skipped=0 gpu_q=1 gpu_total_us=4784 gpu_prepass_us=0 gpu_main_us=4784 gpu_composite_us=0 gpu_blit_us=0
frust_shell_common::perf: frust-perf raw n=1206 total_us=9764 rebuild_us=70 layout_us=1724 paint_us=236 encode_us=54 acquire_us=1479 submit_us=6199 skipped=0 gpu_q=1 gpu_total_us=4825 gpu_prepass_us=0 gpu_main_us=4825 gpu_composite_us=0 gpu_blit_us=0
frust_shell_common::perf: frust-perf raw n=1207 total_us=9387 rebuild_us=137 layout_us=1527 paint_us=217 encode_us=47 acquire_us=1359 submit_us=6096 skipped=0 gpu_q=1 gpu_total_us=4928 gpu_prepass_us=0 gpu_main_us=4928 gpu_composite_us=0 gpu_blit_us=0
frust_shell_common::perf: frust-perf raw n=1208 total_us=8655 rebuild_us=100 layout_us=1488 paint_us=198 encode_us=42 acquire_us=1281 submit_us=5544 skipped=0 gpu_q=1 gpu_total_us=4798 gpu_prepass_us=0 gpu_main_us=4798 gpu_composite_us=0 gpu_blit_us=0
frust_shell_common::perf: frust-perf raw n=1209 total_us=8996 rebuild_us=66 layout_us=1461 paint_us=198 encode_us=45 acquire_us=1367 submit_us=5856 skipped=0 gpu_q=1 gpu_total_us=4787 gpu_prepass_us=0 gpu_main_us=4787 gpu_composite_us=0 gpu_blit_us=0
frust_shell_common::perf: frust-perf raw n=1210 total_us=9483 rebuild_us=70 layout_us=1620 paint_us=235 encode_us=51 acquire_us=1313 submit_us=6192 skipped=0 gpu_q=1 gpu_total_us=4834 gpu_prepass_us=0 gpu_main_us=4834 gpu_composite_us=0 gpu_blit_us=0
frust_shell_common::perf: frust-perf raw n=1211 total_us=7814 rebuild_us=61 layout_us=1542 paint_us=213 encode_us=53 acquire_us=81 submit_us=5862 skipped=0 gpu_q=1 gpu_total_us=4945 gpu_prepass_us=0 gpu_main_us=4945 gpu_composite_us=0 gpu_blit_us=0
frust_shell_common::perf: frust-perf raw n=1212 total_us=8802 rebuild_us=54 layout_us=1101 paint_us=151 encode_us=40 acquire_us=2581 submit_us=4873 skipped=0 gpu_q=1 gpu_total_us=4774 gpu_prepass_us=0 gpu_main_us=4774 gpu_composite_us=0 gpu_blit_us=0
frust_shell_common::perf: frust-perf raw n=1213 total_us=9783 rebuild_us=61 layout_us=1656 paint_us=216 encode_us=44 acquire_us=1395 submit_us=6409 skipped=0 gpu_q=1 gpu_total_us=4801 gpu_prepass_us=0 gpu_main_us=4801 gpu_composite_us=0 gpu_blit_us=0
frust_shell_common::perf: frust-perf raw n=1214 total_us=9740 rebuild_us=63 layout_us=1772 paint_us=237 encode_us=48 acquire_us=1252 submit_us=6365 skipped=0 gpu_q=1 gpu_total_us=4830 gpu_prepass_us=0 gpu_main_us=4830 gpu_composite_us=0 gpu_blit_us=0
frust_shell_common::perf: frust-perf raw n=1215 total_us=12373 rebuild_us=130 layout_us=5153 paint_us=542 encode_us=58 acquire_us=73 submit_us=6415 skipped=0 gpu_q=1 gpu_total_us=4921 gpu_prepass_us=0 gpu_main_us=4921 gpu_composite_us=0 gpu_blit_us=0
frust_shell_common::perf: frust-perf raw n=1216 total_us=11077 rebuild_us=114 layout_us=4438 paint_us=465 encode_us=43 acquire_us=74 submit_us=5941 skipped=0 gpu_q=1 gpu_total_us=4739 gpu_prepass_us=0 gpu_main_us=4739 gpu_composite_us=0 gpu_blit_us=0
frust_shell_common::perf: frust-perf raw n=1217 total_us=11058 rebuild_us=124 layout_us=4416 paint_us=428 encode_us=40 acquire_us=164 submit_us=5884 skipped=0 gpu_q=1 gpu_total_us=4800 gpu_prepass_us=0 gpu_main_us=4800 gpu_composite_us=0 gpu_blit_us=0
frust_shell_common::perf: frust-perf raw n=1218 total_us=10738 rebuild_us=116 layout_us=4058 paint_us=454 encode_us=40 acquire_us=68 submit_us=5999 skipped=0 gpu_q=1 gpu_total_us=4841 gpu_prepass_us=0 gpu_main_us=4841 gpu_composite_us=0 gpu_blit_us=0
frust_shell_common::perf: frust-perf raw n=1219 total_us=10434 rebuild_us=139 layout_us=3891 paint_us=365 encode_us=40 acquire_us=67 submit_us=5931 skipped=0 gpu_q=1 gpu_total_us=4762 gpu_prepass_us=0 gpu_main_us=4762 gpu_composite_us=0 gpu_blit_us=0
frust_shell_common::perf: frust-perf raw n=1220 total_us=6560 rebuild_us=65 layout_us=1476 paint_us=220 encode_us=44 acquire_us=64 submit_us=4688 skipped=0 gpu_q=1 gpu_total_us=4781 gpu_prepass_us=0 gpu_main_us=4781 gpu_composite_us=0 gpu_blit_us=0
frust_shell_common::perf: frust-perf raw n=1221 total_us=9479 rebuild_us=53 layout_us=1132 paint_us=155 encode_us=41 acquire_us=2109 submit_us=5986 skipped=0 gpu_q=1 gpu_total_us=5090 gpu_prepass_us=0 gpu_main_us=5090 gpu_composite_us=0 gpu_blit_us=0
frust_shell_common::perf: frust-perf raw n=1222 total_us=8590 rebuild_us=87 layout_us=1594 paint_us=219 encode_us=49 acquire_us=784 submit_us=5855 skipped=0 gpu_q=1 gpu_total_us=4823 gpu_prepass_us=0 gpu_main_us=4823 gpu_composite_us=0 gpu_blit_us=0
frust_shell_common::perf: frust-perf raw n=1223 total_us=9239 rebuild_us=57 layout_us=1462 paint_us=211 encode_us=47 acquire_us=1336 submit_us=6123 skipped=0 gpu_q=1 gpu_total_us=4762 gpu_prepass_us=0 gpu_main_us=4762 gpu_composite_us=0 gpu_blit_us=0
frust_shell_common::perf: frust-perf raw n=1224 total_us=9420 rebuild_us=61 layout_us=1532 paint_us=221 encode_us=44 acquire_us=1469 submit_us=6090 skipped=0 gpu_q=1 gpu_total_us=4734 gpu_prepass_us=0 gpu_main_us=4734 gpu_composite_us=0 gpu_blit_us=0
frust_shell_common::perf: frust-perf raw n=1225 total_us=9225 rebuild_us=63 layout_us=1635 paint_us=218 encode_us=47 acquire_us=1094 submit_us=6166 skipped=0 gpu_q=1 gpu_total_us=4742 gpu_prepass_us=0 gpu_main_us=4742 gpu_composite_us=0 gpu_blit_us=0
frust_shell_common::perf: frust-perf raw n=1226 total_us=9104 rebuild_us=64 layout_us=1624 paint_us=212 encode_us=47 acquire_us=1045 submit_us=6110 skipped=0 gpu_q=1 gpu_total_us=4826 gpu_prepass_us=0 gpu_main_us=4826 gpu_composite_us=0 gpu_blit_us=0
frust_shell_common::perf: frust-perf raw n=1227 total_us=8675 rebuild_us=70 layout_us=1611 paint_us=230 encode_us=46 acquire_us=1156 submit_us=5559 skipped=0 gpu_q=1 gpu_total_us=4854 gpu_prepass_us=0 gpu_main_us=4854 gpu_composite_us=0 gpu_blit_us=0
frust_shell_common::perf: frust-perf raw n=1228 total_us=9291 rebuild_us=74 layout_us=1369 paint_us=198 encode_us=41 acquire_us=2030 submit_us=5578 skipped=0 gpu_q=1 gpu_total_us=4778 gpu_prepass_us=0 gpu_main_us=4778 gpu_composite_us=0 gpu_blit_us=0
frust_shell_common::perf: frust-perf raw n=1229 total_us=9148 rebuild_us=57 layout_us=1521 paint_us=197 encode_us=43 acquire_us=1730 submit_us=5598 skipped=0 gpu_q=1 gpu_total_us=4829 gpu_prepass_us=0 gpu_main_us=4829 gpu_composite_us=0 gpu_blit_us=0
frust_shell_common::perf: frust-perf raw n=1230 total_us=9246 rebuild_us=81 layout_us=1469 paint_us=196 encode_us=41 acquire_us=1960 submit_us=5497 skipped=0 gpu_q=1 gpu_total_us=4846 gpu_prepass_us=0 gpu_main_us=4846 gpu_composite_us=0 gpu_blit_us=0
frust_shell_common::perf: frust-perf raw n=1231 total_us=9280 rebuild_us=55 layout_us=1477 paint_us=258 encode_us=43 acquire_us=1402 submit_us=6043 skipped=0 gpu_q=1 gpu_total_us=4842 gpu_prepass_us=0 gpu_main_us=4842 gpu_composite_us=0 gpu_blit_us=0
frust_shell_common::perf: frust-perf raw n=1232 total_us=9214 rebuild_us=60 layout_us=1583 paint_us=258 encode_us=50 acquire_us=1346 submit_us=5915 skipped=0 gpu_q=1 gpu_total_us=4811 gpu_prepass_us=0 gpu_main_us=4811 gpu_composite_us=0 gpu_blit_us=0
frust_shell_common::perf: frust-perf raw n=1233 total_us=12938 rebuild_us=146 layout_us=4993 paint_us=463 encode_us=40 acquire_us=75 submit_us=7217 skipped=0 gpu_q=1 gpu_total_us=4820 gpu_prepass_us=0 gpu_main_us=4820 gpu_composite_us=0 gpu_blit_us=0
frust_shell_common::perf: frust-perf raw n=1234 total_us=10657 rebuild_us=123 layout_us=4588 paint_us=441 encode_us=39 acquire_us=65 submit_us=5399 skipped=0 gpu_q=1 gpu_total_us=4825 gpu_prepass_us=0 gpu_main_us=4825 gpu_composite_us=0 gpu_blit_us=0
frust_shell_common::perf: frust-perf raw n=1235 total_us=8550 rebuild_us=132 layout_us=3784 paint_us=401 encode_us=34 acquire_us=53 submit_us=4144 skipped=0 gpu_q=1 gpu_total_us=4832 gpu_prepass_us=0 gpu_main_us=4832 gpu_composite_us=0 gpu_blit_us=0
frust_shell_common::perf: frust-perf raw n=1236 total_us=8547 rebuild_us=160 layout_us=3630 paint_us=410 encode_us=36 acquire_us=54 submit_us=4254 skipped=0 gpu_q=1 gpu_total_us=4829 gpu_prepass_us=0 gpu_main_us=4829 gpu_composite_us=0 gpu_blit_us=0
frust_shell_common::perf: frust-perf raw n=1237 total_us=8162 rebuild_us=132 layout_us=1482 paint_us=189 encode_us=38 acquire_us=996 submit_us=5323 skipped=0 gpu_q=1 gpu_total_us=4817 gpu_prepass_us=77 gpu_main_us=4740 gpu_composite_us=0 gpu_blit_us=0
frust_shell_common::perf: frust-perf raw n=1238 total_us=9244 rebuild_us=83 layout_us=1442 paint_us=190 encode_us=43 acquire_us=1564 submit_us=5921 skipped=0 gpu_q=1 gpu_total_us=4769 gpu_prepass_us=0 gpu_main_us=4769 gpu_composite_us=0 gpu_blit_us=0
frust_shell_common::perf: frust-perf raw n=1239 total_us=10602 rebuild_us=97 layout_us=1770 paint_us=251 encode_us=47 acquire_us=1732 submit_us=6703 skipped=0 gpu_q=1 gpu_total_us=5194 gpu_prepass_us=0 gpu_main_us=5194 gpu_composite_us=0 gpu_blit_us=0
frust_shell_common::perf: frust-perf raw n=1240 total_us=8498 rebuild_us=64 layout_us=1619 paint_us=235 encode_us=40 acquire_us=474 submit_us=6064 skipped=0 gpu_q=1 gpu_total_us=4743 gpu_prepass_us=0 gpu_main_us=4743 gpu_composite_us=0 gpu_blit_us=0
frust_shell_common::perf: frust-perf raw n=1241 total_us=8025 rebuild_us=51 layout_us=1126 paint_us=155 encode_us=39 acquire_us=2269 submit_us=4383 skipped=0 gpu_q=1 gpu_total_us=4736 gpu_prepass_us=0 gpu_main_us=4736 gpu_composite_us=0 gpu_blit_us=0
frust_shell_common::perf: frust-perf raw n=1242 total_us=8001 rebuild_us=58 layout_us=1201 paint_us=158 encode_us=38 acquire_us=1720 submit_us=4824 skipped=0 gpu_q=1 gpu_total_us=4777 gpu_prepass_us=0 gpu_main_us=4777 gpu_composite_us=0 gpu_blit_us=0
frust_shell_common::perf: frust-perf raw n=1243 total_us=8920 rebuild_us=61 layout_us=1436 paint_us=206 encode_us=43 acquire_us=1243 submit_us=5929 skipped=0 gpu_q=1 gpu_total_us=4771 gpu_prepass_us=0 gpu_main_us=4771 gpu_composite_us=0 gpu_blit_us=0
frust_shell_common::perf: frust-perf raw n=1244 total_us=9619 rebuild_us=81 layout_us=1754 paint_us=251 encode_us=47 acquire_us=869 submit_us=6613 skipped=0 gpu_q=1 gpu_total_us=4741 gpu_prepass_us=0 gpu_main_us=4741 gpu_composite_us=0 gpu_blit_us=0
frust_shell_common::perf: frust-perf raw n=1245 total_us=9088 rebuild_us=67 layout_us=1625 paint_us=272 encode_us=46 acquire_us=816 submit_us=6260 skipped=0 gpu_q=1 gpu_total_us=4745 gpu_prepass_us=0 gpu_main_us=4745 gpu_composite_us=0 gpu_blit_us=0
frust_shell_common::perf: frust-perf raw n=1246 total_us=9319 rebuild_us=67 layout_us=1640 paint_us=217 encode_us=44 acquire_us=1355 submit_us=5993 skipped=0 gpu_q=1 gpu_total_us=4787 gpu_prepass_us=0 gpu_main_us=4787 gpu_composite_us=0 gpu_blit_us=0
frust_shell_common::perf: frust-perf raw n=1247 total_us=9211 rebuild_us=58 layout_us=1645 paint_us=211 encode_us=47 acquire_us=1301 submit_us=5946 skipped=0 gpu_q=1 gpu_total_us=4777 gpu_prepass_us=0 gpu_main_us=4777 gpu_composite_us=0 gpu_blit_us=0
frust_shell_common::perf: frust-perf raw n=1248 total_us=9232 rebuild_us=77 layout_us=1637 paint_us=232 encode_us=47 acquire_us=1220 submit_us=6016 skipped=0 gpu_q=1 gpu_total_us=4707 gpu_prepass_us=0 gpu_main_us=4707 gpu_composite_us=0 gpu_blit_us=0
frust_shell_common::perf: frust-perf raw n=1249 total_us=13265 rebuild_us=150 layout_us=5159 paint_us=477 encode_us=50 acquire_us=87 submit_us=7340 skipped=0 gpu_q=1 gpu_total_us=4779 gpu_prepass_us=0 gpu_main_us=4779 gpu_composite_us=0 gpu_blit_us=0
frust_shell_common::perf: frust-perf raw n=1250 total_us=12428 rebuild_us=124 layout_us=5080 paint_us=557 encode_us=59 acquire_us=79 submit_us=6526 skipped=0 gpu_q=1 gpu_total_us=4797 gpu_prepass_us=0 gpu_main_us=4797 gpu_composite_us=0 gpu_blit_us=0
frust_shell_common::perf: frust-perf raw n=1251 total_us=6986 rebuild_us=119 layout_us=3203 paint_us=349 encode_us=29 acquire_us=56 submit_us=3227 skipped=0 gpu_q=1 gpu_total_us=4775 gpu_prepass_us=0 gpu_main_us=4775 gpu_composite_us=0 gpu_blit_us=0
frust_shell_common::perf: frust-perf raw n=1252 total_us=7099 rebuild_us=55 layout_us=1080 paint_us=156 encode_us=29 acquire_us=945 submit_us=4831 skipped=0 gpu_q=1 gpu_total_us=4685 gpu_prepass_us=0 gpu_main_us=4685 gpu_composite_us=0 gpu_blit_us=0
frust_shell_common::perf: frust-perf raw n=1253 total_us=9179 rebuild_us=55 layout_us=1136 paint_us=158 encode_us=35 acquire_us=1465 submit_us=6328 skipped=0 gpu_q=1 gpu_total_us=4814 gpu_prepass_us=0 gpu_main_us=4814 gpu_composite_us=0 gpu_blit_us=0
frust_shell_common::perf: frust-perf raw n=1254 total_us=8926 rebuild_us=63 layout_us=1759 paint_us=233 encode_us=50 acquire_us=565 submit_us=6253 skipped=0 gpu_q=1 gpu_total_us=4843 gpu_prepass_us=0 gpu_main_us=4843 gpu_composite_us=0 gpu_blit_us=0
frust_shell_common::perf: frust-perf raw n=1255 total_us=9495 rebuild_us=67 layout_us=1597 paint_us=211 encode_us=44 acquire_us=1472 submit_us=6103 skipped=0 gpu_q=1 gpu_total_us=4666 gpu_prepass_us=0 gpu_main_us=4666 gpu_composite_us=0 gpu_blit_us=0
frust_shell_common::perf: frust-perf raw n=1256 total_us=8469 rebuild_us=59 layout_us=1575 paint_us=227 encode_us=52 acquire_us=966 submit_us=5588 skipped=0 gpu_q=1 gpu_total_us=4675 gpu_prepass_us=0 gpu_main_us=4675 gpu_composite_us=0 gpu_blit_us=0
frust_shell_common::perf: frust-perf raw n=1257 total_us=8551 rebuild_us=53 layout_us=1345 paint_us=190 encode_us=43 acquire_us=1509 submit_us=5408 skipped=0 gpu_q=1 gpu_total_us=4741 gpu_prepass_us=0 gpu_main_us=4741 gpu_composite_us=0 gpu_blit_us=0
frust_shell_common::perf: frust-perf raw n=1258 total_us=9271 rebuild_us=57 layout_us=1438 paint_us=196 encode_us=44 acquire_us=1541 submit_us=5992 skipped=0 gpu_q=1 gpu_total_us=4820 gpu_prepass_us=0 gpu_main_us=4820 gpu_composite_us=0 gpu_blit_us=0
frust_shell_common::perf: frust-perf raw n=1259 total_us=9183 rebuild_us=59 layout_us=1621 paint_us=211 encode_us=46 acquire_us=1226 submit_us=6018 skipped=0 gpu_q=1 gpu_total_us=4782 gpu_prepass_us=0 gpu_main_us=4782 gpu_composite_us=0 gpu_blit_us=0
frust_engine::renderer: frust-perf enc n=1260 w=60 validate_us=14.1 prepare_us=2.9 classify_us=43.9 admit_us=0.2 walk_us=2827.2 glyphs_us=2288.5 finish_us=2.1 compile_us=2895.3 schedule_us=4.1 paints_us=135.5 instances_us=203.9 resize_us=10.9 upload_us=268.9 replay_us=0.3 pipelines_us=16.1 record_us=28.0 total_us=3570.8 total_p95_us=4070.4 draws=811 strips=12096 alphas=297200 glyph_draws=778 atlas_glyphs=778
frust_shell_common::perf: frust-perf raw n=1260 total_us=9541 rebuild_us=68 layout_us=1607 paint_us=276 encode_us=51 acquire_us=1358 submit_us=6180 skipped=0 gpu_q=1 gpu_total_us=4661 gpu_prepass_us=0 gpu_main_us=4661 gpu_composite_us=0 gpu_blit_us=0
frust_shell_common::perf: frust-perf raw n=1261 total_us=8961 rebuild_us=63 layout_us=1516 paint_us=216 encode_us=48 acquire_us=1689 submit_us=5426 skipped=0 gpu_q=1 gpu_total_us=4806 gpu_prepass_us=0 gpu_main_us=4806 gpu_composite_us=0 gpu_blit_us=0
frust_shell_common::perf: frust-perf raw n=1262 total_us=9758 rebuild_us=70 layout_us=1577 paint_us=259 encode_us=48 acquire_us=1706 submit_us=6095 skipped=0 gpu_q=1 gpu_total_us=4802 gpu_prepass_us=0 gpu_main_us=4802 gpu_composite_us=0 gpu_blit_us=0
frust_shell_common::perf: frust-perf raw n=1263 total_us=9871 rebuild_us=62 layout_us=1703 paint_us=213 encode_us=40 acquire_us=1576 submit_us=6275 skipped=0 gpu_q=1 gpu_total_us=4784 gpu_prepass_us=0 gpu_main_us=4784 gpu_composite_us=0 gpu_blit_us=0
frust_shell_common::perf: frust-perf raw n=1264 total_us=9271 rebuild_us=58 layout_us=1655 paint_us=227 encode_us=45 acquire_us=1118 submit_us=6165 skipped=0 gpu_q=1 gpu_total_us=4667 gpu_prepass_us=0 gpu_main_us=4667 gpu_composite_us=0 gpu_blit_us=0
frust_shell_common::perf: frust-perf raw n=1265 total_us=10741 rebuild_us=149 layout_us=4720 paint_us=475 encode_us=41 acquire_us=68 submit_us=5285 skipped=0 gpu_q=1 gpu_total_us=4818 gpu_prepass_us=0 gpu_main_us=4818 gpu_composite_us=0 gpu_blit_us=0
frust_shell_common::perf: frust-perf raw n=1266 total_us=11199 rebuild_us=136 layout_us=4887 paint_us=472 encode_us=41 acquire_us=66 submit_us=5594 skipped=0 gpu_q=1 gpu_total_us=4798 gpu_prepass_us=0 gpu_main_us=4798 gpu_composite_us=0 gpu_blit_us=0
frust_shell_common::perf: frust-perf raw n=1267 total_us=12742 rebuild_us=228 layout_us=5485 paint_us=469 encode_us=44 acquire_us=86 submit_us=6428 skipped=0 gpu_q=1 gpu_total_us=4741 gpu_prepass_us=0 gpu_main_us=4741 gpu_composite_us=0 gpu_blit_us=0
frust_shell_common::perf: frust-perf raw n=1268 total_us=7868 rebuild_us=61 layout_us=1732 paint_us=244 encode_us=44 acquire_us=74 submit_us=5711 skipped=0 gpu_q=1 gpu_total_us=4666 gpu_prepass_us=0 gpu_main_us=4666 gpu_composite_us=0 gpu_blit_us=0
frust_shell_common::perf: frust-perf raw n=1269 total_us=6939 rebuild_us=53 layout_us=1034 paint_us=162 encode_us=35 acquire_us=1365 submit_us=4287 skipped=0 gpu_q=1 gpu_total_us=4741 gpu_prepass_us=0 gpu_main_us=4741 gpu_composite_us=0 gpu_blit_us=0
frust_shell_common::perf: frust-perf raw n=1270 total_us=7434 rebuild_us=48 layout_us=1012 paint_us=136 encode_us=30 acquire_us=2276 submit_us=3929 skipped=0 gpu_q=1 gpu_total_us=4808 gpu_prepass_us=0 gpu_main_us=4808 gpu_composite_us=0 gpu_blit_us=0
frust_shell_common::perf: frust-perf raw n=1271 total_us=7508 rebuild_us=54 layout_us=1044 paint_us=137 encode_us=38 acquire_us=1911 submit_us=4321 skipped=0 gpu_q=1 gpu_total_us=4769 gpu_prepass_us=0 gpu_main_us=4769 gpu_composite_us=0 gpu_blit_us=0
frust_shell_common::perf: frust-perf raw n=1272 total_us=9368 rebuild_us=63 layout_us=1330 paint_us=175 encode_us=41 acquire_us=2140 submit_us=5616 skipped=0 gpu_q=1 gpu_total_us=4648 gpu_prepass_us=0 gpu_main_us=4648 gpu_composite_us=0 gpu_blit_us=0
frust_shell_common::perf: frust-perf raw n=1273 total_us=9869 rebuild_us=61 layout_us=1742 paint_us=254 encode_us=50 acquire_us=1229 submit_us=6531 skipped=0 gpu_q=1 gpu_total_us=4751 gpu_prepass_us=0 gpu_main_us=4751 gpu_composite_us=0 gpu_blit_us=0
frust_shell_common::perf: frust-perf raw n=1274 total_us=10111 rebuild_us=60 layout_us=1631 paint_us=234 encode_us=47 acquire_us=1649 submit_us=6488 skipped=0 gpu_q=1 gpu_total_us=4790 gpu_prepass_us=0 gpu_main_us=4790 gpu_composite_us=0 gpu_blit_us=0
frust_shell_common::perf: frust-perf raw n=1275 total_us=9734 rebuild_us=58 layout_us=1729 paint_us=276 encode_us=45 acquire_us=1360 submit_us=6264 skipped=0 gpu_q=1 gpu_total_us=4792 gpu_prepass_us=0 gpu_main_us=4792 gpu_composite_us=0 gpu_blit_us=0
frust_shell_common::perf: frust-perf raw n=1276 total_us=7458 rebuild_us=59 layout_us=1582 paint_us=247 encode_us=42 acquire_us=70 submit_us=5456 skipped=0 gpu_q=1 gpu_total_us=4648 gpu_prepass_us=0 gpu_main_us=4648 gpu_composite_us=0 gpu_blit_us=0
frust_shell_common::perf: frust-perf raw n=1277 total_us=5611 rebuild_us=51 layout_us=1074 paint_us=154 encode_us=40 acquire_us=81 submit_us=4208 skipped=0 gpu_q=1 gpu_total_us=4768 gpu_prepass_us=0 gpu_main_us=4768 gpu_composite_us=0 gpu_blit_us=0
frust_shell_common::perf: frust-perf raw n=1278 total_us=9097 rebuild_us=50 layout_us=987 paint_us=140 encode_us=33 acquire_us=2141 submit_us=5743 skipped=0 gpu_q=1 gpu_total_us=5300 gpu_prepass_us=0 gpu_main_us=5300 gpu_composite_us=0 gpu_blit_us=0
frust_shell_common::perf: frust-perf raw n=1279 total_us=10834 rebuild_us=69 layout_us=2081 paint_us=268 encode_us=55 acquire_us=663 submit_us=7695 skipped=0 gpu_q=1 gpu_total_us=4806 gpu_prepass_us=0 gpu_main_us=4806 gpu_composite_us=0 gpu_blit_us=0
frust_shell_common::perf: frust-perf raw n=1280 total_us=7787 rebuild_us=67 layout_us=2071 paint_us=267 encode_us=46 acquire_us=180 submit_us=5154 skipped=0 gpu_q=1 gpu_total_us=4650 gpu_prepass_us=0 gpu_main_us=4650 gpu_composite_us=0 gpu_blit_us=0
frust_shell_common::perf: frust-perf raw n=1281 total_us=10609 rebuild_us=135 layout_us=4210 paint_us=469 encode_us=39 acquire_us=66 submit_us=5686 skipped=0 gpu_q=1 gpu_total_us=4701 gpu_prepass_us=0 gpu_main_us=4701 gpu_composite_us=0 gpu_blit_us=0
frust_shell_common::perf: frust-perf raw n=1282 total_us=10576 rebuild_us=137 layout_us=4128 paint_us=518 encode_us=44 acquire_us=68 submit_us=5677 skipped=0 gpu_q=1 gpu_total_us=4737 gpu_prepass_us=0 gpu_main_us=4737 gpu_composite_us=0 gpu_blit_us=0
frust_shell_common::perf: frust-perf raw n=1283 total_us=12035 rebuild_us=144 layout_us=5235 paint_us=465 encode_us=46 acquire_us=73 submit_us=6070 skipped=0 gpu_q=1 gpu_total_us=4818 gpu_prepass_us=0 gpu_main_us=4818 gpu_composite_us=0 gpu_blit_us=0
frust_shell_common::perf: frust-perf raw n=1284 total_us=11674 rebuild_us=124 layout_us=5014 paint_us=469 encode_us=42 acquire_us=67 submit_us=5955 skipped=0 gpu_q=1 gpu_total_us=4651 gpu_prepass_us=0 gpu_main_us=4651 gpu_composite_us=0 gpu_blit_us=0
frust_shell_common::perf: frust-perf raw n=1285 total_us=10335 rebuild_us=124 layout_us=4024 paint_us=352 encode_us=38 acquire_us=70 submit_us=5726 skipped=0 gpu_q=1 gpu_total_us=4673 gpu_prepass_us=0 gpu_main_us=4673 gpu_composite_us=0 gpu_blit_us=0
frust_shell_common::perf: frust-perf raw n=1286 total_us=7209 rebuild_us=69 layout_us=1436 paint_us=218 encode_us=40 acquire_us=68 submit_us=5377 skipped=0 gpu_q=1 gpu_total_us=4868 gpu_prepass_us=0 gpu_main_us=4868 gpu_composite_us=0 gpu_blit_us=0
frust_shell_common::perf: frust-perf raw n=1287 total_us=9063 rebuild_us=66 layout_us=1424 paint_us=194 encode_us=38 acquire_us=1384 submit_us=5955 skipped=0 gpu_q=1 gpu_total_us=4825 gpu_prepass_us=0 gpu_main_us=4825 gpu_composite_us=0 gpu_blit_us=0
frust_shell_common::perf: frust-perf raw n=1288 total_us=9166 rebuild_us=65 layout_us=1598 paint_us=209 encode_us=43 acquire_us=1284 submit_us=5965 skipped=0 gpu_q=1 gpu_total_us=4670 gpu_prepass_us=0 gpu_main_us=4670 gpu_composite_us=0 gpu_blit_us=0
frust_shell_common::perf: frust-perf raw n=1289 total_us=9711 rebuild_us=72 layout_us=1580 paint_us=224 encode_us=47 acquire_us=1756 submit_us=6030 skipped=0 gpu_q=1 gpu_total_us=4715 gpu_prepass_us=0 gpu_main_us=4715 gpu_composite_us=0 gpu_blit_us=0
frust_shell_common::perf: frust-perf raw n=1290 total_us=8916 rebuild_us=60 layout_us=1472 paint_us=211 encode_us=44 acquire_us=1296 submit_us=5831 skipped=0 gpu_q=1 gpu_total_us=4873 gpu_prepass_us=0 gpu_main_us=4873 gpu_composite_us=0 gpu_blit_us=0
frust_shell_common::perf: frust-perf raw n=1291 total_us=9195 rebuild_us=70 layout_us=1694 paint_us=235 encode_us=46 acquire_us=1152 submit_us=5996 skipped=0 gpu_q=1 gpu_total_us=4806 gpu_prepass_us=0 gpu_main_us=4806 gpu_composite_us=0 gpu_blit_us=0
frust_shell_common::perf: frust-perf raw n=1292 total_us=9230 rebuild_us=71 layout_us=1699 paint_us=260 encode_us=45 acquire_us=1100 submit_us=6051 skipped=0 gpu_q=1 gpu_total_us=4673 gpu_prepass_us=0 gpu_main_us=4673 gpu_composite_us=0 gpu_blit_us=0
frust_shell_common::perf: frust-perf raw n=1293 total_us=9949 rebuild_us=75 layout_us=1666 paint_us=227 encode_us=47 acquire_us=1696 submit_us=6235 skipped=0 gpu_q=1 gpu_total_us=4713 gpu_prepass_us=0 gpu_main_us=4713 gpu_composite_us=0 gpu_blit_us=0
frust_shell_common::perf: frust-perf raw n=1294 total_us=9698 rebuild_us=60 layout_us=1629 paint_us=237 encode_us=47 acquire_us=1227 submit_us=6497 skipped=0 gpu_q=1 gpu_total_us=4857 gpu_prepass_us=0 gpu_main_us=4857 gpu_composite_us=0 gpu_blit_us=0
frust_shell_common::perf: frust-perf raw n=1295 total_us=9491 rebuild_us=64 layout_us=1784 paint_us=211 encode_us=50 acquire_us=1424 submit_us=5957 skipped=0 gpu_q=1 gpu_total_us=4793 gpu_prepass_us=0 gpu_main_us=4793 gpu_composite_us=0 gpu_blit_us=0
frust_shell_common::perf: frust-perf raw n=1296 total_us=9530 rebuild_us=57 layout_us=1677 paint_us=215 encode_us=47 acquire_us=1425 submit_us=6106 skipped=0 gpu_q=1 gpu_total_us=4681 gpu_prepass_us=0 gpu_main_us=4681 gpu_composite_us=0 gpu_blit_us=0
frust_shell_common::perf: frust-perf raw n=1297 total_us=9263 rebuild_us=58 layout_us=1732 paint_us=215 encode_us=51 acquire_us=1154 submit_us=6051 skipped=0 gpu_q=1 gpu_total_us=4673 gpu_prepass_us=0 gpu_main_us=4673 gpu_composite_us=0 gpu_blit_us=0
frust_shell_common::perf: frust-perf raw n=1298 total_us=10898 rebuild_us=68 layout_us=1634 paint_us=230 encode_us=47 acquire_us=1528 submit_us=7389 skipped=0 gpu_q=1 gpu_total_us=4808 gpu_prepass_us=0 gpu_main_us=4808 gpu_composite_us=0 gpu_blit_us=0
frust_shell_common::perf: frust-perf raw n=1299 total_us=9906 rebuild_us=128 layout_us=3529 paint_us=402 encode_us=45 acquire_us=73 submit_us=5727 skipped=0 gpu_q=1 gpu_total_us=4802 gpu_prepass_us=0 gpu_main_us=4802 gpu_composite_us=0 gpu_blit_us=0
frust_shell_common::perf: frust-perf raw n=1300 total_us=6949 rebuild_us=57 layout_us=1376 paint_us=195 encode_us=32 acquire_us=202 submit_us=5085 skipped=0 gpu_q=1 gpu_total_us=4674 gpu_prepass_us=0 gpu_main_us=4674 gpu_composite_us=0 gpu_blit_us=0
frust_shell_common::perf: frust-perf raw n=1301 total_us=7142 rebuild_us=59 layout_us=1061 paint_us=145 encode_us=35 acquire_us=1598 submit_us=4243 skipped=0 gpu_q=1 gpu_total_us=4687 gpu_prepass_us=0 gpu_main_us=4687 gpu_composite_us=0 gpu_blit_us=0
frust_shell_common::perf: frust-perf raw n=1302 total_us=8492 rebuild_us=63 layout_us=1413 paint_us=202 encode_us=42 acquire_us=1299 submit_us=5469 skipped=0 gpu_q=1 gpu_total_us=4818 gpu_prepass_us=91 gpu_main_us=4727 gpu_composite_us=0 gpu_blit_us=0
frust_shell_common::perf: frust-perf raw n=1303 total_us=8746 rebuild_us=60 layout_us=1338 paint_us=192 encode_us=46 acquire_us=1408 submit_us=5700 skipped=0 gpu_q=1 gpu_total_us=5020 gpu_prepass_us=0 gpu_main_us=5020 gpu_composite_us=0 gpu_blit_us=0
frust_shell_common::perf: frust-perf raw n=1304 total_us=9391 rebuild_us=69 layout_us=1546 paint_us=205 encode_us=44 acquire_us=1291 submit_us=6233 skipped=0 gpu_q=1 gpu_total_us=4595 gpu_prepass_us=0 gpu_main_us=4595 gpu_composite_us=0 gpu_blit_us=0
frust_shell_common::perf: frust-perf raw n=1305 total_us=10843 rebuild_us=66 layout_us=1202 paint_us=232 encode_us=43 acquire_us=1531 submit_us=7767 skipped=0 gpu_q=1 gpu_total_us=4628 gpu_prepass_us=0 gpu_main_us=4628 gpu_composite_us=0 gpu_blit_us=0
frust_shell_android::app::frame: frust-perf platform-view tail depth=0 target=0 acquire_bound=false frame=1320 expected_present_us=0 acquire_us=1068 period_us=8262
frust_shell_common::perf: frust-perf raw n=1306 total_us=6020 rebuild_us=75 layout_us=13 paint_us=86 encode_us=44 acquire_us=437 submit_us=5362 skipped=0 gpu_q=1 gpu_total_us=4620 gpu_prepass_us=0 gpu_main_us=4620 gpu_composite_us=0 gpu_blit_us=0
frust_shell_common::perf: frust-perf raw n=1307 total_us=8210 rebuild_us=53 layout_us=12 paint_us=80 encode_us=41 acquire_us=3374 submit_us=4647 skipped=0 gpu_q=1 gpu_total_us=4742 gpu_prepass_us=0 gpu_main_us=4742 gpu_composite_us=0 gpu_blit_us=0
frust_shell_common::perf: frust-perf raw n=1308 total_us=8188 rebuild_us=51 layout_us=59 paint_us=110 encode_us=40 acquire_us=2756 submit_us=5169 skipped=0 gpu_q=1 gpu_total_us=4622 gpu_prepass_us=0 gpu_main_us=4622 gpu_composite_us=0 gpu_blit_us=0
frust_shell_common::perf: frust-perf raw n=1309 total_us=9333 rebuild_us=59 layout_us=106 paint_us=130 encode_us=39 acquire_us=2848 submit_us=6147 skipped=0 gpu_q=1 gpu_total_us=4719 gpu_prepass_us=93 gpu_main_us=4625 gpu_composite_us=0 gpu_blit_us=0
frust_shell_common::perf: frust-perf raw n=1310 total_us=9269 rebuild_us=79 layout_us=126 paint_us=183 encode_us=41 acquire_us=2236 submit_us=6599 skipped=0 gpu_q=1 gpu_total_us=4637 gpu_prepass_us=0 gpu_main_us=4637 gpu_composite_us=0 gpu_blit_us=0
frust_shell_common::perf: frust-perf raw n=1311 total_us=7698 rebuild_us=62 layout_us=113 paint_us=159 encode_us=43 acquire_us=1146 submit_us=6173 skipped=0 gpu_q=1 gpu_total_us=4677 gpu_prepass_us=0 gpu_main_us=4677 gpu_composite_us=0 gpu_blit_us=0
frust_shell_common::perf: frust-perf raw n=1312 total_us=8510 rebuild_us=119 layout_us=195 paint_us=151 encode_us=40 acquire_us=1988 submit_us=6015 skipped=0 gpu_q=1 gpu_total_us=4605 gpu_prepass_us=0 gpu_main_us=4605 gpu_composite_us=0 gpu_blit_us=0
frust_shell_common::perf: frust-perf raw n=1313 total_us=8916 rebuild_us=144 layout_us=303 paint_us=387 encode_us=40 acquire_us=1944 submit_us=6097 skipped=0 gpu_q=1 gpu_total_us=4709 gpu_prepass_us=0 gpu_main_us=4709 gpu_composite_us=0 gpu_blit_us=0
frust_shell_common::perf: frust-perf raw n=1314 total_us=9013 rebuild_us=161 layout_us=341 paint_us=360 encode_us=41 acquire_us=2266 submit_us=5842 skipped=0 gpu_q=1 gpu_total_us=4715 gpu_prepass_us=0 gpu_main_us=4715 gpu_composite_us=0 gpu_blit_us=0
frust_shell_common::perf: frust-perf raw n=1315 total_us=8506 rebuild_us=148 layout_us=1442 paint_us=429 encode_us=41 acquire_us=613 submit_us=5830 skipped=0 gpu_q=1 gpu_total_us=4754 gpu_prepass_us=0 gpu_main_us=4754 gpu_composite_us=0 gpu_blit_us=0
frust_shell_common::perf: frust-perf raw n=1316 total_us=8562 rebuild_us=136 layout_us=1850 paint_us=355 encode_us=41 acquire_us=167 submit_us=6011 skipped=0 gpu_q=1 gpu_total_us=4592 gpu_prepass_us=0 gpu_main_us=4592 gpu_composite_us=0 gpu_blit_us=0
frust_shell_common::perf: frust-perf raw n=1317 total_us=8367 rebuild_us=137 layout_us=1850 paint_us=475 encode_us=48 acquire_us=82 submit_us=5772 skipped=0 gpu_q=1 gpu_total_us=4644 gpu_prepass_us=0 gpu_main_us=4644 gpu_composite_us=0 gpu_blit_us=0
frust_shell_common::perf: frust-perf raw n=1318 total_us=9038 rebuild_us=128 layout_us=1895 paint_us=387 encode_us=40 acquire_us=721 submit_us=5865 skipped=0 gpu_q=1 gpu_total_us=4703 gpu_prepass_us=0 gpu_main_us=4703 gpu_composite_us=0 gpu_blit_us=0
frust_shell_common::perf: frust-perf raw n=1319 total_us=8529 rebuild_us=153 layout_us=1844 paint_us=676 encode_us=39 acquire_us=71 submit_us=5742 skipped=0 gpu_q=1 gpu_total_us=4788 gpu_prepass_us=0 gpu_main_us=4788 gpu_composite_us=0 gpu_blit_us=0
frust_engine::renderer: frust-perf enc n=1320 w=60 validate_us=14.8 prepare_us=2.9 classify_us=43.7 admit_us=0.2 walk_us=2763.8 glyphs_us=2227.3 finish_us=2.1 compile_us=2826.6 schedule_us=4.1 paints_us=133.3 instances_us=197.5 resize_us=10.5 upload_us=270.2 replay_us=0.3 pipelines_us=16.1 record_us=28.7 total_us=3511.1 total_p95_us=4000.9 draws=788 strips=11706 alphas=290112 glyph_draws=755 atlas_glyphs=755
frust_shell_common::perf: frust-perf raw n=1320 total_us=9053 rebuild_us=140 layout_us=2431 paint_us=388 encode_us=44 acquire_us=70 submit_us=5977 skipped=0 gpu_q=1 gpu_total_us=4633 gpu_prepass_us=0 gpu_main_us=4633 gpu_composite_us=0 gpu_blit_us=0
frust_shell_common::perf: frust-perf raw n=1321 total_us=8398 rebuild_us=235 layout_us=2040 paint_us=382 encode_us=75 acquire_us=68 submit_us=5596 skipped=0 gpu_q=1 gpu_total_us=4702 gpu_prepass_us=0 gpu_main_us=4702 gpu_composite_us=0 gpu_blit_us=0
frust_shell_common::perf: frust-perf raw n=1322 total_us=8078 rebuild_us=128 layout_us=1854 paint_us=345 encode_us=41 acquire_us=71 submit_us=5637 skipped=0 gpu_q=1 gpu_total_us=4705 gpu_prepass_us=0 gpu_main_us=4705 gpu_composite_us=0 gpu_blit_us=0
frust_shell_common::perf: frust-perf raw n=1323 total_us=8378 rebuild_us=127 layout_us=2002 paint_us=355 encode_us=40 acquire_us=72 submit_us=5781 skipped=0 gpu_q=1 gpu_total_us=4699 gpu_prepass_us=0 gpu_main_us=4699 gpu_composite_us=0 gpu_blit_us=0
frust_shell_common::perf: frust-perf raw n=1324 total_us=8881 rebuild_us=133 layout_us=2211 paint_us=356 encode_us=47 acquire_us=74 submit_us=6057 skipped=0 gpu_q=1 gpu_total_us=4587 gpu_prepass_us=0 gpu_main_us=4587 gpu_composite_us=0 gpu_blit_us=0
frust_shell_common::perf: frust-perf raw n=1325 total_us=9078 rebuild_us=148 layout_us=2121 paint_us=613 encode_us=44 acquire_us=72 submit_us=6077 skipped=0 gpu_q=1 gpu_total_us=4720 gpu_prepass_us=0 gpu_main_us=4720 gpu_composite_us=0 gpu_blit_us=0
frust_shell_common::perf: frust-perf frame n=120 total_p50_ms=9 total_p95_ms=11 total_p99_ms=12 rebuild_p95_ms=0 layout_p95_ms=4 paint_p95_ms=0 encode_p95_ms=0 acquire_p95_ms=2 submit_p95_ms=6 over_60hz=5 over_120hz=1001 skipped=0 total_frames=1325
frust_shell_common::perf: frust-perf raw n=1326 total_us=9234 rebuild_us=155 layout_us=2342 paint_us=529 encode_us=45 acquire_us=74 submit_us=6087 skipped=0 gpu_q=1 gpu_total_us=4734 gpu_prepass_us=0 gpu_main_us=4734 gpu_composite_us=0 gpu_blit_us=0
frust_shell_common::perf: frust-perf raw n=1327 total_us=8719 rebuild_us=334 layout_us=1881 paint_us=490 encode_us=42 acquire_us=69 submit_us=5900 skipped=0 gpu_q=1 gpu_total_us=4765 gpu_prepass_us=0 gpu_main_us=4765 gpu_composite_us=0 gpu_blit_us=0
frust_shell_common::perf: frust-perf raw n=1328 total_us=8572 rebuild_us=173 layout_us=2081 paint_us=353 encode_us=40 acquire_us=340 submit_us=5583 skipped=0 gpu_q=1 gpu_total_us=4666 gpu_prepass_us=0 gpu_main_us=4666 gpu_composite_us=0 gpu_blit_us=0
frust_shell_common::perf: frust-perf raw n=1329 total_us=9583 rebuild_us=155 layout_us=1963 paint_us=363 encode_us=40 acquire_us=862 submit_us=6197 skipped=0 gpu_q=1 gpu_total_us=4659 gpu_prepass_us=0 gpu_main_us=4659 gpu_composite_us=0 gpu_blit_us=0
frust_shell_common::perf: frust-perf raw n=1330 total_us=9239 rebuild_us=142 layout_us=2060 paint_us=386 encode_us=44 acquire_us=81 submit_us=6523 skipped=0 gpu_q=1 gpu_total_us=4696 gpu_prepass_us=0 gpu_main_us=4696 gpu_composite_us=0 gpu_blit_us=0
frust_shell_common::perf: frust-perf raw n=1331 total_us=8504 rebuild_us=140 layout_us=1834 paint_us=361 encode_us=37 acquire_us=374 submit_us=5755 skipped=0 gpu_q=1 gpu_total_us=4756 gpu_prepass_us=0 gpu_main_us=4756 gpu_composite_us=0 gpu_blit_us=0
frust_shell_common::perf: frust-perf raw n=1332 total_us=8801 rebuild_us=142 layout_us=2338 paint_us=439 encode_us=49 acquire_us=70 submit_us=5760 skipped=0 gpu_q=1 gpu_total_us=4731 gpu_prepass_us=0 gpu_main_us=4731 gpu_composite_us=0 gpu_blit_us=0
frust_shell_common::perf: frust-perf raw n=1333 total_us=8090 rebuild_us=148 layout_us=1632 paint_us=344 encode_us=47 acquire_us=175 submit_us=5741 skipped=0 gpu_q=1 gpu_total_us=4746 gpu_prepass_us=0 gpu_main_us=4746 gpu_composite_us=0 gpu_blit_us=0
frust_shell_common::perf: frust-perf raw n=1334 total_us=8413 rebuild_us=141 layout_us=2114 paint_us=353 encode_us=38 acquire_us=280 submit_us=5485 skipped=0 gpu_q=1 gpu_total_us=4790 gpu_prepass_us=0 gpu_main_us=4790 gpu_composite_us=0 gpu_blit_us=0
frust_shell_common::perf: frust-perf raw n=1335 total_us=9147 rebuild_us=128 layout_us=1961 paint_us=342 encode_us=42 acquire_us=562 submit_us=6109 skipped=0 gpu_q=1 gpu_total_us=4750 gpu_prepass_us=0 gpu_main_us=4750 gpu_composite_us=0 gpu_blit_us=0
frust_shell_common::perf: frust-perf raw n=1336 total_us=9318 rebuild_us=159 layout_us=1907 paint_us=381 encode_us=46 acquire_us=382 submit_us=6442 skipped=0 gpu_q=1 gpu_total_us=4664 gpu_prepass_us=0 gpu_main_us=4664 gpu_composite_us=0 gpu_blit_us=0
frust_shell_common::perf: frust-perf raw n=1337 total_us=9082 rebuild_us=129 layout_us=1888 paint_us=370 encode_us=43 acquire_us=472 submit_us=6179 skipped=0 gpu_q=1 gpu_total_us=4723 gpu_prepass_us=0 gpu_main_us=4723 gpu_composite_us=0 gpu_blit_us=0
frust_shell_common::perf: frust-perf raw n=1338 total_us=8608 rebuild_us=163 layout_us=1937 paint_us=447 encode_us=44 acquire_us=145 submit_us=5870 skipped=0 gpu_q=1 gpu_total_us=4837 gpu_prepass_us=0 gpu_main_us=4837 gpu_composite_us=0 gpu_blit_us=0
frust_shell_common::perf: frust-perf raw n=1339 total_us=7936 rebuild_us=150 layout_us=2474 paint_us=393 encode_us=48 acquire_us=71 submit_us=4798 skipped=0 gpu_q=1 gpu_total_us=4789 gpu_prepass_us=0 gpu_main_us=4789 gpu_composite_us=0 gpu_blit_us=0
frust_shell_common::perf: frust-perf raw n=1340 total_us=7430 rebuild_us=150 layout_us=2134 paint_us=358 encode_us=35 acquire_us=369 submit_us=4380 skipped=0 gpu_q=1 gpu_total_us=4701 gpu_prepass_us=0 gpu_main_us=4701 gpu_composite_us=0 gpu_blit_us=0
frust_shell_common::perf: frust-perf raw n=1341 total_us=7428 rebuild_us=149 layout_us=1821 paint_us=294 encode_us=42 acquire_us=136 submit_us=4983 skipped=0 gpu_q=1 gpu_total_us=4709 gpu_prepass_us=0 gpu_main_us=4709 gpu_composite_us=0 gpu_blit_us=0
frust_shell_common::perf: frust-perf raw n=1342 total_us=8044 rebuild_us=134 layout_us=1670 paint_us=324 encode_us=45 acquire_us=63 submit_us=5805 skipped=0 gpu_q=1 gpu_total_us=4738 gpu_prepass_us=0 gpu_main_us=4738 gpu_composite_us=0 gpu_blit_us=0
frust_shell_common::perf: frust-perf raw n=1343 total_us=7242 rebuild_us=145 layout_us=1940 paint_us=368 encode_us=44 acquire_us=77 submit_us=4665 skipped=0 gpu_q=1 gpu_total_us=4762 gpu_prepass_us=0 gpu_main_us=4762 gpu_composite_us=0 gpu_blit_us=0
frust_shell_common::perf: frust-perf raw n=1344 total_us=7870 rebuild_us=148 layout_us=1923 paint_us=359 encode_us=44 acquire_us=488 submit_us=4905 skipped=0 gpu_q=1 gpu_total_us=4735 gpu_prepass_us=0 gpu_main_us=4735 gpu_composite_us=0 gpu_blit_us=0
frust_shell_common::perf: frust-perf raw n=1345 total_us=9035 rebuild_us=135 layout_us=2295 paint_us=388 encode_us=38 acquire_us=65 submit_us=6111 skipped=0 gpu_q=1 gpu_total_us=4741 gpu_prepass_us=0 gpu_main_us=4741 gpu_composite_us=0 gpu_blit_us=0
frust_shell_common::perf: frust-perf raw n=1346 total_us=9349 rebuild_us=149 layout_us=1904 paint_us=363 encode_us=43 acquire_us=1099 submit_us=5788 skipped=0 gpu_q=1 gpu_total_us=4806 gpu_prepass_us=0 gpu_main_us=4806 gpu_composite_us=0 gpu_blit_us=0
frust_shell_common::perf: frust-perf raw n=1347 total_us=9108 rebuild_us=131 layout_us=1850 paint_us=361 encode_us=38 acquire_us=894 submit_us=5830 skipped=0 gpu_q=1 gpu_total_us=4769 gpu_prepass_us=0 gpu_main_us=4769 gpu_composite_us=0 gpu_blit_us=0
frust_shell_common::perf: frust-perf raw n=1348 total_us=9418 rebuild_us=158 layout_us=1937 paint_us=406 encode_us=42 acquire_us=1008 submit_us=5864 skipped=0 gpu_q=1 gpu_total_us=4657 gpu_prepass_us=0 gpu_main_us=4657 gpu_composite_us=0 gpu_blit_us=0
frust_shell_common::perf: frust-perf raw n=1349 total_us=9187 rebuild_us=130 layout_us=1813 paint_us=483 encode_us=46 acquire_us=779 submit_us=5935 skipped=0 gpu_q=1 gpu_total_us=4698 gpu_prepass_us=0 gpu_main_us=4698 gpu_composite_us=0 gpu_blit_us=0
frust_shell_common::perf: frust-perf raw n=1350 total_us=9633 rebuild_us=163 layout_us=1954 paint_us=366 encode_us=43 acquire_us=1220 submit_us=5885 skipped=0 gpu_q=1 gpu_total_us=4921 gpu_prepass_us=0 gpu_main_us=4921 gpu_composite_us=0 gpu_blit_us=0
frust_shell_common::perf: frust-perf raw n=1351 total_us=8989 rebuild_us=135 layout_us=2272 paint_us=356 encode_us=44 acquire_us=402 submit_us=5778 skipped=0 gpu_q=1 gpu_total_us=4926 gpu_prepass_us=0 gpu_main_us=4926 gpu_composite_us=0 gpu_blit_us=0
frust_shell_common::perf: frust-perf raw n=1352 total_us=8807 rebuild_us=142 layout_us=1869 paint_us=374 encode_us=43 acquire_us=495 submit_us=5882 skipped=0 gpu_q=1 gpu_total_us=4819 gpu_prepass_us=0 gpu_main_us=4819 gpu_composite_us=0 gpu_blit_us=0
frust_shell_common::perf: frust-perf raw n=1353 total_us=9048 rebuild_us=146 layout_us=2075 paint_us=347 encode_us=45 acquire_us=550 submit_us=5882 skipped=0 gpu_q=1 gpu_total_us=4825 gpu_prepass_us=0 gpu_main_us=4825 gpu_composite_us=0 gpu_blit_us=0
frust_shell_common::perf: frust-perf raw n=1354 total_us=9916 rebuild_us=141 layout_us=2010 paint_us=362 encode_us=43 acquire_us=1132 submit_us=6225 skipped=0 gpu_q=1 gpu_total_us=4864 gpu_prepass_us=0 gpu_main_us=4864 gpu_composite_us=0 gpu_blit_us=0
frust_shell_common::perf: frust-perf raw n=1355 total_us=10073 rebuild_us=136 layout_us=1945 paint_us=356 encode_us=46 acquire_us=981 submit_us=6607 skipped=0 gpu_q=1 gpu_total_us=4843 gpu_prepass_us=0 gpu_main_us=4843 gpu_composite_us=0 gpu_blit_us=0
frust_shell_common::perf: frust-perf raw n=1356 total_us=9123 rebuild_us=139 layout_us=2039 paint_us=355 encode_us=37 acquire_us=477 submit_us=6072 skipped=0 gpu_q=1 gpu_total_us=4746 gpu_prepass_us=0 gpu_main_us=4746 gpu_composite_us=0 gpu_blit_us=0
frust_shell_common::perf: frust-perf raw n=1357 total_us=9105 rebuild_us=202 layout_us=2279 paint_us=380 encode_us=43 acquire_us=566 submit_us=5632 skipped=0 gpu_q=1 gpu_total_us=4874 gpu_prepass_us=0 gpu_main_us=4874 gpu_composite_us=0 gpu_blit_us=0
frust_shell_common::perf: frust-perf raw n=1358 total_us=9030 rebuild_us=167 layout_us=1869 paint_us=369 encode_us=38 acquire_us=602 submit_us=5982 skipped=0 gpu_q=1 gpu_total_us=4823 gpu_prepass_us=0 gpu_main_us=4823 gpu_composite_us=0 gpu_blit_us=0
frust_shell_common::perf: frust-perf raw n=1359 total_us=9092 rebuild_us=160 layout_us=2029 paint_us=392 encode_us=40 acquire_us=503 submit_us=5966 skipped=0 gpu_q=1 gpu_total_us=5040 gpu_prepass_us=0 gpu_main_us=5040 gpu_composite_us=0 gpu_blit_us=0
frust_shell_common::perf: frust-perf raw n=1360 total_us=8368 rebuild_us=162 layout_us=1543 paint_us=544 encode_us=40 acquire_us=135 submit_us=5942 skipped=0 gpu_q=1 gpu_total_us=4745 gpu_prepass_us=0 gpu_main_us=4745 gpu_composite_us=0 gpu_blit_us=0
frust_shell_common::perf: frust-perf raw n=1361 total_us=8387 rebuild_us=147 layout_us=2034 paint_us=355 encode_us=40 acquire_us=69 submit_us=5739 skipped=0 gpu_q=1 gpu_total_us=4823 gpu_prepass_us=0 gpu_main_us=4823 gpu_composite_us=0 gpu_blit_us=0
frust_shell_common::perf: frust-perf raw n=1362 total_us=9885 rebuild_us=148 layout_us=1627 paint_us=327 encode_us=39 acquire_us=1436 submit_us=6305 skipped=0 gpu_q=1 gpu_total_us=4946 gpu_prepass_us=0 gpu_main_us=4946 gpu_composite_us=0 gpu_blit_us=0
frust_shell_common::perf: frust-perf raw n=1363 total_us=8246 rebuild_us=121 layout_us=1639 paint_us=282 encode_us=47 acquire_us=73 submit_us=6082 skipped=0 gpu_q=1 gpu_total_us=4964 gpu_prepass_us=0 gpu_main_us=4964 gpu_composite_us=0 gpu_blit_us=0
frust_shell_common::perf: frust-perf raw n=1364 total_us=6361 rebuild_us=135 layout_us=1620 paint_us=407 encode_us=60 acquire_us=51 submit_us=4084 skipped=0 gpu_q=1 gpu_total_us=4751 gpu_prepass_us=0 gpu_main_us=4751 gpu_composite_us=0 gpu_blit_us=0
frust_shell_common::perf: frust-perf raw n=1365 total_us=5518 rebuild_us=167 layout_us=1525 paint_us=331 encode_us=30 acquire_us=48 submit_us=3414 skipped=0 gpu_q=1 gpu_total_us=4941 gpu_prepass_us=0 gpu_main_us=4941 gpu_composite_us=0 gpu_blit_us=0
frust_shell_common::perf: frust-perf raw n=1366 total_us=6057 rebuild_us=139 layout_us=1859 paint_us=334 encode_us=28 acquire_us=475 submit_us=3220 skipped=0 gpu_q=1 gpu_total_us=5041 gpu_prepass_us=0 gpu_main_us=5041 gpu_composite_us=0 gpu_blit_us=0
frust_shell_common::perf: frust-perf raw n=1367 total_us=5668 rebuild_us=222 layout_us=1850 paint_us=408 encode_us=36 acquire_us=47 submit_us=3102 skipped=0 gpu_q=1 gpu_total_us=4770 gpu_prepass_us=0 gpu_main_us=4770 gpu_composite_us=0 gpu_blit_us=0
frust_shell_common::perf: frust-perf raw n=1368 total_us=5665 rebuild_us=126 layout_us=1583 paint_us=316 encode_us=34 acquire_us=445 submit_us=3158 skipped=0 gpu_q=1 gpu_total_us=4637 gpu_prepass_us=0 gpu_main_us=4637 gpu_composite_us=0 gpu_blit_us=0
frust_shell_common::perf: frust-perf raw n=1369 total_us=5301 rebuild_us=118 layout_us=1780 paint_us=383 encode_us=30 acquire_us=51 submit_us=2937 skipped=0 gpu_q=1 gpu_total_us=4687 gpu_prepass_us=0 gpu_main_us=4687 gpu_composite_us=0 gpu_blit_us=0
frust_shell_common::perf: frust-perf raw n=1370 total_us=5556 rebuild_us=121 layout_us=2073 paint_us=322 encode_us=27 acquire_us=44 submit_us=2965 skipped=0 gpu_q=1 gpu_total_us=4596 gpu_prepass_us=0 gpu_main_us=4596 gpu_composite_us=0 gpu_blit_us=0
frust_shell_common::perf: frust-perf raw n=1371 total_us=6067 rebuild_us=133 layout_us=1836 paint_us=405 encode_us=29 acquire_us=40 submit_us=3621 skipped=0 gpu_q=1 gpu_total_us=4607 gpu_prepass_us=0 gpu_main_us=4607 gpu_composite_us=0 gpu_blit_us=0
frust_shell_common::perf: frust-perf raw n=1372 total_us=8250 rebuild_us=147 layout_us=1924 paint_us=475 encode_us=38 acquire_us=331 submit_us=5333 skipped=0 gpu_q=1 gpu_total_us=4620 gpu_prepass_us=0 gpu_main_us=4620 gpu_composite_us=0 gpu_blit_us=0
frust_shell_common::perf: frust-perf raw n=1373 total_us=8664 rebuild_us=241 layout_us=2031 paint_us=362 encode_us=48 acquire_us=69 submit_us=5911 skipped=0 gpu_q=1 gpu_total_us=4515 gpu_prepass_us=0 gpu_main_us=4515 gpu_composite_us=0 gpu_blit_us=0
frust_shell_common::perf: frust-perf raw n=1374 total_us=8779 rebuild_us=154 layout_us=1851 paint_us=455 encode_us=50 acquire_us=146 submit_us=6121 skipped=0 gpu_q=1 gpu_total_us=4539 gpu_prepass_us=0 gpu_main_us=4539 gpu_composite_us=0 gpu_blit_us=0
frust_shell_common::perf: frust-perf raw n=1375 total_us=7840 rebuild_us=155 layout_us=1616 paint_us=333 encode_us=43 acquire_us=166 submit_us=5524 skipped=0 gpu_q=1 gpu_total_us=4653 gpu_prepass_us=0 gpu_main_us=4653 gpu_composite_us=0 gpu_blit_us=0
frust_shell_common::perf: frust-perf raw n=1376 total_us=9370 rebuild_us=138 layout_us=2161 paint_us=365 encode_us=39 acquire_us=64 submit_us=6601 skipped=0 gpu_q=1 gpu_total_us=4728 gpu_prepass_us=0 gpu_main_us=4728 gpu_composite_us=0 gpu_blit_us=0
frust_shell_common::perf: frust-perf raw n=1377 total_us=9025 rebuild_us=133 layout_us=1846 paint_us=468 encode_us=43 acquire_us=631 submit_us=5901 skipped=0 gpu_q=1 gpu_total_us=4852 gpu_prepass_us=0 gpu_main_us=4852 gpu_composite_us=0 gpu_blit_us=0
frust_shell_common::perf: frust-perf raw n=1378 total_us=9245 rebuild_us=155 layout_us=2090 paint_us=535 encode_us=43 acquire_us=645 submit_us=5774 skipped=0 gpu_q=1 gpu_total_us=4890 gpu_prepass_us=0 gpu_main_us=4890 gpu_composite_us=0 gpu_blit_us=0
frust_shell_common::perf: frust-perf raw n=1379 total_us=9444 rebuild_us=141 layout_us=1887 paint_us=527 encode_us=38 acquire_us=916 submit_us=5933 skipped=0 gpu_q=1 gpu_total_us=4772 gpu_prepass_us=0 gpu_main_us=4772 gpu_composite_us=0 gpu_blit_us=0
frust_engine::renderer: frust-perf enc n=1380 w=60 validate_us=13.3 prepare_us=2.8 classify_us=43.2 admit_us=0.2 walk_us=2733.1 glyphs_us=2198.1 finish_us=2.1 compile_us=2802.3 schedule_us=4.0 paints_us=132.8 instances_us=197.4 resize_us=9.9 upload_us=263.3 replay_us=0.3 pipelines_us=16.1 record_us=27.8 total_us=3474.2 total_p95_us=4002.8 draws=806 strips=11924 alphas=294880 glyph_draws=774 atlas_glyphs=774
frust_shell_common::perf: frust-perf raw n=1380 total_us=9605 rebuild_us=137 layout_us=1828 paint_us=456 encode_us=40 acquire_us=1070 submit_us=6072 skipped=0 gpu_q=1 gpu_total_us=4740 gpu_prepass_us=0 gpu_main_us=4740 gpu_composite_us=0 gpu_blit_us=0
frust_shell_common::perf: frust-perf raw n=1381 total_us=9491 rebuild_us=177 layout_us=2011 paint_us=455 encode_us=40 acquire_us=797 submit_us=6007 skipped=0 gpu_q=1 gpu_total_us=4823 gpu_prepass_us=0 gpu_main_us=4823 gpu_composite_us=0 gpu_blit_us=0
frust_shell_common::perf: frust-perf raw n=1382 total_us=9722 rebuild_us=132 layout_us=2323 paint_us=417 encode_us=47 acquire_us=726 submit_us=6076 skipped=0 gpu_q=1 gpu_total_us=4979 gpu_prepass_us=0 gpu_main_us=4979 gpu_composite_us=0 gpu_blit_us=0
frust_shell_common::perf: frust-perf raw n=1383 total_us=8942 rebuild_us=138 layout_us=1992 paint_us=353 encode_us=49 acquire_us=495 submit_us=5914 skipped=0 gpu_q=1 gpu_total_us=4983 gpu_prepass_us=0 gpu_main_us=4983 gpu_composite_us=0 gpu_blit_us=0
frust_shell_common::perf: frust-perf raw n=1384 total_us=7864 rebuild_us=149 layout_us=1918 paint_us=443 encode_us=36 acquire_us=65 submit_us=5250 skipped=0 gpu_q=1 gpu_total_us=4914 gpu_prepass_us=0 gpu_main_us=4914 gpu_composite_us=0 gpu_blit_us=0
frust_shell_common::perf: frust-perf raw n=1385 total_us=8329 rebuild_us=139 layout_us=1918 paint_us=321 encode_us=40 acquire_us=69 submit_us=5838 skipped=0 gpu_q=1 gpu_total_us=4913 gpu_prepass_us=0 gpu_main_us=4913 gpu_composite_us=0 gpu_blit_us=0
frust_shell_common::perf: frust-perf raw n=1386 total_us=9515 rebuild_us=137 layout_us=2150 paint_us=367 encode_us=41 acquire_us=560 submit_us=6257 skipped=0 gpu_q=1 gpu_total_us=4947 gpu_prepass_us=0 gpu_main_us=4947 gpu_composite_us=0 gpu_blit_us=0
frust_shell_common::perf: frust-perf raw n=1387 total_us=9699 rebuild_us=208 layout_us=2170 paint_us=374 encode_us=52 acquire_us=181 submit_us=6711 skipped=0 gpu_q=1 gpu_total_us=5410 gpu_prepass_us=0 gpu_main_us=5410 gpu_composite_us=0 gpu_blit_us=0
frust_shell_common::perf: frust-perf raw n=1388 total_us=8843 rebuild_us=169 layout_us=2022 paint_us=374 encode_us=49 acquire_us=146 submit_us=6080 skipped=0 gpu_q=1 gpu_total_us=4822 gpu_prepass_us=0 gpu_main_us=4822 gpu_composite_us=0 gpu_blit_us=0
frust_shell_common::perf: frust-perf raw n=1389 total_us=8872 rebuild_us=144 layout_us=2294 paint_us=396 encode_us=80 acquire_us=239 submit_us=5718 skipped=0 gpu_q=1 gpu_total_us=4803 gpu_prepass_us=0 gpu_main_us=4803 gpu_composite_us=0 gpu_blit_us=0
frust_shell_common::perf: frust-perf raw n=1390 total_us=8842 rebuild_us=145 layout_us=2013 paint_us=378 encode_us=46 acquire_us=327 submit_us=5929 skipped=0 gpu_q=1 gpu_total_us=4943 gpu_prepass_us=0 gpu_main_us=4943 gpu_composite_us=0 gpu_blit_us=0
frust_shell_common::perf: frust-perf raw n=1391 total_us=9137 rebuild_us=171 layout_us=1894 paint_us=373 encode_us=41 acquire_us=634 submit_us=6021 skipped=0 gpu_q=1 gpu_total_us=4994 gpu_prepass_us=0 gpu_main_us=4994 gpu_composite_us=0 gpu_blit_us=0
frust_shell_common::perf: frust-perf raw n=1392 total_us=8662 rebuild_us=154 layout_us=1614 paint_us=328 encode_us=41 acquire_us=594 submit_us=5929 skipped=0 gpu_q=1 gpu_total_us=4783 gpu_prepass_us=0 gpu_main_us=4783 gpu_composite_us=0 gpu_blit_us=0
frust_shell_common::perf: frust-perf raw n=1393 total_us=8711 rebuild_us=146 layout_us=1827 paint_us=357 encode_us=39 acquire_us=680 submit_us=5659 skipped=0 gpu_q=1 gpu_total_us=4877 gpu_prepass_us=0 gpu_main_us=4877 gpu_composite_us=0 gpu_blit_us=0
frust_shell_common::perf: frust-perf raw n=1394 total_us=8523 rebuild_us=149 layout_us=1722 paint_us=348 encode_us=39 acquire_us=340 submit_us=5923 skipped=0 gpu_q=1 gpu_total_us=4956 gpu_prepass_us=0 gpu_main_us=4956 gpu_composite_us=0 gpu_blit_us=0
frust_shell_common::perf: frust-perf raw n=1395 total_us=8551 rebuild_us=136 layout_us=2057 paint_us=367 encode_us=47 acquire_us=69 submit_us=5873 skipped=0 gpu_q=1 gpu_total_us=4984 gpu_prepass_us=0 gpu_main_us=4984 gpu_composite_us=0 gpu_blit_us=0
frust_shell_common::perf: frust-perf raw n=1396 total_us=8651 rebuild_us=195 layout_us=1919 paint_us=463 encode_us=42 acquire_us=188 submit_us=5842 skipped=0 gpu_q=1 gpu_total_us=4788 gpu_prepass_us=0 gpu_main_us=4788 gpu_composite_us=0 gpu_blit_us=0
frust_shell_common::perf: frust-perf raw n=1397 total_us=9175 rebuild_us=194 layout_us=1999 paint_us=375 encode_us=46 acquire_us=345 submit_us=6213 skipped=0 gpu_q=1 gpu_total_us=4850 gpu_prepass_us=0 gpu_main_us=4850 gpu_composite_us=0 gpu_blit_us=0
frust_shell_common::perf: frust-perf raw n=1398 total_us=9670 rebuild_us=138 layout_us=1964 paint_us=499 encode_us=44 acquire_us=373 submit_us=6650 skipped=0 gpu_q=1 gpu_total_us=4859 gpu_prepass_us=0 gpu_main_us=4859 gpu_composite_us=0 gpu_blit_us=0
frust_shell_common::perf: frust-perf raw n=1399 total_us=9098 rebuild_us=128 layout_us=1956 paint_us=360 encode_us=47 acquire_us=284 submit_us=6319 skipped=0 gpu_q=1 gpu_total_us=4876 gpu_prepass_us=0 gpu_main_us=4876 gpu_composite_us=0 gpu_blit_us=0
frust_shell_common::perf: frust-perf raw n=1400 total_us=8637 rebuild_us=144 layout_us=1974 paint_us=368 encode_us=40 acquire_us=71 submit_us=6038 skipped=0 gpu_q=1 gpu_total_us=4829 gpu_prepass_us=0 gpu_main_us=4829 gpu_composite_us=0 gpu_blit_us=0
frust_shell_common::perf: frust-perf raw n=1401 total_us=9759 rebuild_us=145 layout_us=2251 paint_us=396 encode_us=42 acquire_us=293 submit_us=6629 skipped=0 gpu_q=1 gpu_total_us=4975 gpu_prepass_us=0 gpu_main_us=4975 gpu_composite_us=0 gpu_blit_us=0
frust_shell_common::perf: frust-perf raw n=1402 total_us=7605 rebuild_us=129 layout_us=1786 paint_us=340 encode_us=48 acquire_us=82 submit_us=5218 skipped=0 gpu_q=1 gpu_total_us=4990 gpu_prepass_us=0 gpu_main_us=4990 gpu_composite_us=0 gpu_blit_us=0
frust_shell_common::perf: frust-perf raw n=1403 total_us=6893 rebuild_us=184 layout_us=1634 paint_us=314 encode_us=34 acquire_us=133 submit_us=4591 skipped=0 gpu_q=1 gpu_total_us=5487 gpu_prepass_us=0 gpu_main_us=5487 gpu_composite_us=0 gpu_blit_us=0
frust_shell_common::perf: frust-perf raw n=1404 total_us=8165 rebuild_us=144 layout_us=1867 paint_us=352 encode_us=31 acquire_us=58 submit_us=5711 skipped=0 gpu_q=1 gpu_total_us=4732 gpu_prepass_us=0 gpu_main_us=4732 gpu_composite_us=0 gpu_blit_us=0
frust_shell_common::perf: frust-perf raw n=1405 total_us=9220 rebuild_us=151 layout_us=2076 paint_us=369 encode_us=40 acquire_us=641 submit_us=5940 skipped=0 gpu_q=1 gpu_total_us=4936 gpu_prepass_us=0 gpu_main_us=4936 gpu_composite_us=0 gpu_blit_us=0
frust_shell_common::perf: frust-perf raw n=1406 total_us=7919 rebuild_us=113 layout_us=1758 paint_us=312 encode_us=42 acquire_us=70 submit_us=5621 skipped=0 gpu_q=1 gpu_total_us=4800 gpu_prepass_us=0 gpu_main_us=4800 gpu_composite_us=0 gpu_blit_us=0
frust_shell_common::perf: frust-perf raw n=1407 total_us=9466 rebuild_us=132 layout_us=1827 paint_us=326 encode_us=35 acquire_us=600 submit_us=6542 skipped=0 gpu_q=1 gpu_total_us=4887 gpu_prepass_us=0 gpu_main_us=4887 gpu_composite_us=0 gpu_blit_us=0
frust_shell_common::perf: frust-perf raw n=1408 total_us=9696 rebuild_us=157 layout_us=2976 paint_us=439 encode_us=77 acquire_us=177 submit_us=5867 skipped=0 gpu_q=1 gpu_total_us=4790 gpu_prepass_us=0 gpu_main_us=4790 gpu_composite_us=0 gpu_blit_us=0
frust_shell_common::perf: frust-perf raw n=1409 total_us=9635 rebuild_us=137 layout_us=1811 paint_us=354 encode_us=41 acquire_us=1157 submit_us=6133 skipped=0 gpu_q=1 gpu_total_us=4912 gpu_prepass_us=0 gpu_main_us=4912 gpu_composite_us=0 gpu_blit_us=0
frust_shell_common::perf: frust-perf raw n=1410 total_us=9201 rebuild_us=134 layout_us=1834 paint_us=459 encode_us=37 acquire_us=1204 submit_us=5530 skipped=0 gpu_q=1 gpu_total_us=4774 gpu_prepass_us=0 gpu_main_us=4774 gpu_composite_us=0 gpu_blit_us=0
frust_shell_common::perf: frust-perf raw n=1411 total_us=8777 rebuild_us=157 layout_us=1976 paint_us=524 encode_us=37 acquire_us=612 submit_us=5469 skipped=0 gpu_q=1 gpu_total_us=4976 gpu_prepass_us=0 gpu_main_us=4976 gpu_composite_us=0 gpu_blit_us=0
frust_shell_common::perf: frust-perf raw n=1412 total_us=8162 rebuild_us=168 layout_us=2028 paint_us=354 encode_us=36 acquire_us=68 submit_us=5506 skipped=0 gpu_q=1 gpu_total_us=4841 gpu_prepass_us=0 gpu_main_us=4841 gpu_composite_us=0 gpu_blit_us=0
frust_shell_common::perf: frust-perf raw n=1413 total_us=8098 rebuild_us=151 layout_us=2042 paint_us=339 encode_us=42 acquire_us=64 submit_us=5457 skipped=0 gpu_q=1 gpu_total_us=4970 gpu_prepass_us=0 gpu_main_us=4970 gpu_composite_us=0 gpu_blit_us=0
frust_shell_common::perf: frust-perf raw n=1414 total_us=9267 rebuild_us=134 layout_us=2346 paint_us=395 encode_us=39 acquire_us=284 submit_us=6067 skipped=0 gpu_q=1 gpu_total_us=5010 gpu_prepass_us=0 gpu_main_us=5010 gpu_composite_us=0 gpu_blit_us=0
frust_shell_common::perf: frust-perf raw n=1415 total_us=9021 rebuild_us=155 layout_us=2249 paint_us=381 encode_us=43 acquire_us=169 submit_us=6021 skipped=0 gpu_q=1 gpu_total_us=5261 gpu_prepass_us=0 gpu_main_us=5261 gpu_composite_us=0 gpu_blit_us=0
frust_shell_common::perf: frust-perf raw n=1416 total_us=9175 rebuild_us=168 layout_us=2115 paint_us=515 encode_us=44 acquire_us=275 submit_us=6055 skipped=0 gpu_q=1 gpu_total_us=4739 gpu_prepass_us=0 gpu_main_us=4739 gpu_composite_us=0 gpu_blit_us=0
frust_shell_common::perf: frust-perf raw n=1417 total_us=9039 rebuild_us=232 layout_us=2075 paint_us=434 encode_us=42 acquire_us=142 submit_us=6112 skipped=0 gpu_q=1 gpu_total_us=4772 gpu_prepass_us=0 gpu_main_us=4772 gpu_composite_us=0 gpu_blit_us=0
frust_shell_common::perf: frust-perf raw n=1418 total_us=8538 rebuild_us=223 layout_us=1933 paint_us=434 encode_us=44 acquire_us=254 submit_us=5648 skipped=0 gpu_q=1 gpu_total_us=4922 gpu_prepass_us=0 gpu_main_us=4922 gpu_composite_us=0 gpu_blit_us=0
frust_shell_common::perf: frust-perf raw n=1419 total_us=8025 rebuild_us=140 layout_us=1858 paint_us=391 encode_us=37 acquire_us=63 submit_us=5533 skipped=0 gpu_q=1 gpu_total_us=4992 gpu_prepass_us=0 gpu_main_us=4992 gpu_composite_us=0 gpu_blit_us=0
frust_shell_common::perf: frust-perf raw n=1420 total_us=8909 rebuild_us=151 layout_us=2258 paint_us=396 encode_us=76 acquire_us=80 submit_us=5946 skipped=0 gpu_q=1 gpu_total_us=4892 gpu_prepass_us=0 gpu_main_us=4892 gpu_composite_us=0 gpu_blit_us=0
frust_shell_common::perf: frust-perf raw n=1421 total_us=9970 rebuild_us=142 layout_us=1962 paint_us=436 encode_us=52 acquire_us=720 submit_us=6655 skipped=0 gpu_q=1 gpu_total_us=4879 gpu_prepass_us=0 gpu_main_us=4879 gpu_composite_us=0 gpu_blit_us=0
frust_shell_common::perf: frust-perf raw n=1422 total_us=9526 rebuild_us=134 layout_us=1805 paint_us=351 encode_us=40 acquire_us=888 submit_us=6305 skipped=0 gpu_q=1 gpu_total_us=4886 gpu_prepass_us=0 gpu_main_us=4886 gpu_composite_us=0 gpu_blit_us=0
frust_shell_common::perf: frust-perf raw n=1423 total_us=9369 rebuild_us=134 layout_us=1879 paint_us=471 encode_us=38 acquire_us=783 submit_us=6063 skipped=0 gpu_q=1 gpu_total_us=4818 gpu_prepass_us=0 gpu_main_us=4818 gpu_composite_us=0 gpu_blit_us=0
frust_shell_common::perf: frust-perf raw n=1424 total_us=8950 rebuild_us=131 layout_us=1714 paint_us=410 encode_us=40 acquire_us=748 submit_us=5905 skipped=0 gpu_q=1 gpu_total_us=4795 gpu_prepass_us=0 gpu_main_us=4795 gpu_composite_us=0 gpu_blit_us=0
frust_shell_common::perf: frust-perf raw n=1425 total_us=9559 rebuild_us=162 layout_us=1967 paint_us=627 encode_us=40 acquire_us=588 submit_us=6173 skipped=0 gpu_q=1 gpu_total_us=4961 gpu_prepass_us=0 gpu_main_us=4961 gpu_composite_us=0 gpu_blit_us=0
frust_shell_android::app::frame: frust-perf platform-view tail depth=0 target=0 acquire_bound=false frame=1440 expected_present_us=0 acquire_us=541 period_us=8266
frust_shell_common::perf: frust-perf raw n=1426 total_us=9327 rebuild_us=127 layout_us=2129 paint_us=389 encode_us=42 acquire_us=400 submit_us=6238 skipped=0 gpu_q=1 gpu_total_us=4983 gpu_prepass_us=0 gpu_main_us=4983 gpu_composite_us=0 gpu_blit_us=0
frust_shell_common::perf: frust-perf raw n=1427 total_us=8494 rebuild_us=152 layout_us=1974 paint_us=380 encode_us=41 acquire_us=74 submit_us=5871 skipped=0 gpu_q=1 gpu_total_us=4923 gpu_prepass_us=0 gpu_main_us=4923 gpu_composite_us=0 gpu_blit_us=0
frust_shell_common::perf: frust-perf raw n=1428 total_us=8007 rebuild_us=190 layout_us=1962 paint_us=354 encode_us=39 acquire_us=66 submit_us=5393 skipped=0 gpu_q=1 gpu_total_us=4799 gpu_prepass_us=0 gpu_main_us=4799 gpu_composite_us=0 gpu_blit_us=0
frust_shell_common::perf: frust-perf raw n=1429 total_us=9562 rebuild_us=143 layout_us=1931 paint_us=356 encode_us=38 acquire_us=885 submit_us=6208 skipped=0 gpu_q=1 gpu_total_us=4894 gpu_prepass_us=0 gpu_main_us=4894 gpu_composite_us=0 gpu_blit_us=0
frust_shell_common::perf: frust-perf raw n=1430 total_us=10193 rebuild_us=132 layout_us=1948 paint_us=374 encode_us=44 acquire_us=960 submit_us=6732 skipped=0 gpu_q=1 gpu_total_us=5442 gpu_prepass_us=0 gpu_main_us=5442 gpu_composite_us=0 gpu_blit_us=0
frust_shell_common::perf: frust-perf raw n=1431 total_us=9285 rebuild_us=137 layout_us=1947 paint_us=355 encode_us=39 acquire_us=607 submit_us=6198 skipped=0 gpu_q=1 gpu_total_us=4938 gpu_prepass_us=0 gpu_main_us=4938 gpu_composite_us=0 gpu_blit_us=0
frust_shell_common::perf: frust-perf raw n=1432 total_us=9006 rebuild_us=133 layout_us=1954 paint_us=355 encode_us=43 acquire_us=568 submit_us=5950 skipped=0 gpu_q=1 gpu_total_us=4814 gpu_prepass_us=0 gpu_main_us=4814 gpu_composite_us=0 gpu_blit_us=0
frust_shell_common::perf: frust-perf raw n=1433 total_us=10071 rebuild_us=198 layout_us=2328 paint_us=488 encode_us=41 acquire_us=387 submit_us=6627 skipped=0 gpu_q=1 gpu_total_us=4948 gpu_prepass_us=0 gpu_main_us=4948 gpu_composite_us=0 gpu_blit_us=0
frust_shell_common::perf: frust-perf raw n=1434 total_us=7620 rebuild_us=129 layout_us=2065 paint_us=367 encode_us=47 acquire_us=75 submit_us=4935 skipped=0 gpu_q=1 gpu_total_us=5023 gpu_prepass_us=0 gpu_main_us=5023 gpu_composite_us=0 gpu_blit_us=0
frust_shell_common::perf: frust-perf raw n=1435 total_us=6997 rebuild_us=144 layout_us=1802 paint_us=334 encode_us=39 acquire_us=55 submit_us=4619 skipped=0 gpu_q=1 gpu_total_us=4936 gpu_prepass_us=0 gpu_main_us=4936 gpu_composite_us=0 gpu_blit_us=0
frust_shell_common::perf: frust-perf raw n=1436 total_us=9822 rebuild_us=144 layout_us=1947 paint_us=351 encode_us=39 acquire_us=844 submit_us=6494 skipped=0 gpu_q=1 gpu_total_us=4778 gpu_prepass_us=0 gpu_main_us=4778 gpu_composite_us=0 gpu_blit_us=0
frust_shell_common::perf: frust-perf raw n=1437 total_us=8795 rebuild_us=127 layout_us=1958 paint_us=372 encode_us=42 acquire_us=75 submit_us=6220 skipped=0 gpu_q=1 gpu_total_us=4985 gpu_prepass_us=0 gpu_main_us=4985 gpu_composite_us=0 gpu_blit_us=0
frust_shell_common::perf: frust-perf raw n=1438 total_us=9038 rebuild_us=150 layout_us=1809 paint_us=439 encode_us=128 acquire_us=539 submit_us=5971 skipped=0 gpu_q=1 gpu_total_us=4913 gpu_prepass_us=0 gpu_main_us=4913 gpu_composite_us=0 gpu_blit_us=0
frust_shell_common::perf: frust-perf raw n=1439 total_us=8460 rebuild_us=158 layout_us=1855 paint_us=358 encode_us=53 acquire_us=73 submit_us=5961 skipped=0 gpu_q=1 gpu_total_us=4794 gpu_prepass_us=0 gpu_main_us=4794 gpu_composite_us=0 gpu_blit_us=0
frust_engine::renderer: frust-perf enc n=1440 w=60 validate_us=14.2 prepare_us=2.9 classify_us=43.7 admit_us=0.2 walk_us=2805.3 glyphs_us=2250.5 finish_us=2.4 compile_us=2870.4 schedule_us=4.4 paints_us=135.9 instances_us=202.3 resize_us=10.2 upload_us=279.4 replay_us=0.3 pipelines_us=16.5 record_us=29.0 total_us=3591.3 total_p95_us=4054.4 draws=806 strips=11923 alphas=293968 glyph_draws=774 atlas_glyphs=774
frust_shell_common::perf: frust-perf raw n=1440 total_us=8788 rebuild_us=138 layout_us=1767 paint_us=423 encode_us=39 acquire_us=508 submit_us=5909 skipped=0 gpu_q=1 gpu_total_us=4913 gpu_prepass_us=0 gpu_main_us=4913 gpu_composite_us=0 gpu_blit_us=0
frust_shell_common::perf: frust-perf raw n=1441 total_us=8404 rebuild_us=162 layout_us=1900 paint_us=449 encode_us=43 acquire_us=72 submit_us=5776 skipped=0 gpu_q=1 gpu_total_us=4887 gpu_prepass_us=0 gpu_main_us=4887 gpu_composite_us=0 gpu_blit_us=0
frust_shell_common::perf: frust-perf raw n=1442 total_us=8989 rebuild_us=155 layout_us=2018 paint_us=371 encode_us=45 acquire_us=431 submit_us=5966 skipped=0 gpu_q=1 gpu_total_us=5251 gpu_prepass_us=0 gpu_main_us=5251 gpu_composite_us=0 gpu_blit_us=0
frust_shell_common::perf: frust-perf raw n=1443 total_us=9365 rebuild_us=214 layout_us=2183 paint_us=443 encode_us=43 acquire_us=357 submit_us=6123 skipped=0 gpu_q=1 gpu_total_us=4887 gpu_prepass_us=0 gpu_main_us=4887 gpu_composite_us=0 gpu_blit_us=0
frust_shell_common::perf: frust-perf raw n=1444 total_us=9145 rebuild_us=158 layout_us=2120 paint_us=382 encode_us=40 acquire_us=452 submit_us=5991 skipped=0 gpu_q=1 gpu_total_us=4868 gpu_prepass_us=0 gpu_main_us=4868 gpu_composite_us=0 gpu_blit_us=0
frust_shell_common::perf: frust-perf raw n=1445 total_us=9319 rebuild_us=173 layout_us=2398 paint_us=509 encode_us=47 acquire_us=73 submit_us=6116 skipped=0 gpu_q=1 gpu_total_us=4858 gpu_prepass_us=0 gpu_main_us=4858 gpu_composite_us=0 gpu_blit_us=0
frust_shell_common::perf: frust-perf raw n=1446 total_us=8941 rebuild_us=157 layout_us=2108 paint_us=384 encode_us=42 acquire_us=287 submit_us=5962 skipped=0 gpu_q=1 gpu_total_us=4908 gpu_prepass_us=0 gpu_main_us=4908 gpu_composite_us=0 gpu_blit_us=0
frust_shell_common::perf: frust-perf raw n=1447 total_us=9074 rebuild_us=170 layout_us=2172 paint_us=542 encode_us=45 acquire_us=77 submit_us=6067 skipped=0 gpu_q=1 gpu_total_us=5003 gpu_prepass_us=0 gpu_main_us=5003 gpu_composite_us=0 gpu_blit_us=0
frust_shell_common::perf: frust-perf raw n=1448 total_us=9402 rebuild_us=261 layout_us=1961 paint_us=369 encode_us=44 acquire_us=677 submit_us=6088 skipped=0 gpu_q=1 gpu_total_us=4790 gpu_prepass_us=0 gpu_main_us=4790 gpu_composite_us=0 gpu_blit_us=0
frust_shell_common::perf: frust-perf raw n=1449 total_us=9192 rebuild_us=150 layout_us=1877 paint_us=440 encode_us=41 acquire_us=611 submit_us=6071 skipped=0 gpu_q=1 gpu_total_us=4875 gpu_prepass_us=0 gpu_main_us=4875 gpu_composite_us=0 gpu_blit_us=0
frust_shell_common::perf: frust-perf raw n=1450 total_us=9538 rebuild_us=135 layout_us=1945 paint_us=551 encode_us=36 acquire_us=804 submit_us=6064 skipped=0 gpu_q=1 gpu_total_us=4927 gpu_prepass_us=0 gpu_main_us=4927 gpu_composite_us=0 gpu_blit_us=0
frust_shell_common::perf: frust-perf raw n=1451 total_us=9415 rebuild_us=131 layout_us=2229 paint_us=394 encode_us=39 acquire_us=657 submit_us=5962 skipped=0 gpu_q=1 gpu_total_us=4941 gpu_prepass_us=0 gpu_main_us=4941 gpu_composite_us=0 gpu_blit_us=0
frust_shell_common::perf: frust-perf raw n=1452 total_us=9117 rebuild_us=138 layout_us=1859 paint_us=406 encode_us=45 acquire_us=872 submit_us=5795 skipped=0 gpu_q=1 gpu_total_us=4886 gpu_prepass_us=0 gpu_main_us=4886 gpu_composite_us=0 gpu_blit_us=0
frust_shell_common::perf: frust-perf raw n=1453 total_us=9088 rebuild_us=155 layout_us=2111 paint_us=370 encode_us=39 acquire_us=541 submit_us=5870 skipped=0 gpu_q=1 gpu_total_us=4891 gpu_prepass_us=0 gpu_main_us=4891 gpu_composite_us=0 gpu_blit_us=0
frust_shell_common::perf: frust-perf raw n=1454 total_us=9318 rebuild_us=168 layout_us=1878 paint_us=420 encode_us=45 acquire_us=836 submit_us=5970 skipped=0 gpu_q=1 gpu_total_us=4891 gpu_prepass_us=0 gpu_main_us=4891 gpu_composite_us=0 gpu_blit_us=0
frust_shell_common::perf: frust-perf raw n=1455 total_us=8344 rebuild_us=134 layout_us=1805 paint_us=389 encode_us=40 acquire_us=592 submit_us=5382 skipped=0 gpu_q=1 gpu_total_us=4906 gpu_prepass_us=0 gpu_main_us=4906 gpu_composite_us=0 gpu_blit_us=0
frust_shell_common::perf: frust-perf raw n=1456 total_us=6648 rebuild_us=138 layout_us=1935 paint_us=349 encode_us=37 acquire_us=52 submit_us=4135 skipped=0 gpu_q=1 gpu_total_us=4806 gpu_prepass_us=0 gpu_main_us=4806 gpu_composite_us=0 gpu_blit_us=0
frust_shell_common::perf: frust-perf raw n=1457 total_us=7397 rebuild_us=146 layout_us=1865 paint_us=336 encode_us=28 acquire_us=642 submit_us=4377 skipped=0 gpu_q=1 gpu_total_us=4922 gpu_prepass_us=0 gpu_main_us=4922 gpu_composite_us=0 gpu_blit_us=0
frust_shell_common::perf: frust-perf raw n=1458 total_us=9056 rebuild_us=161 layout_us=2314 paint_us=401 encode_us=46 acquire_us=73 submit_us=6059 skipped=0 gpu_q=1 gpu_total_us=5008 gpu_prepass_us=0 gpu_main_us=5008 gpu_composite_us=0 gpu_blit_us=0
frust_shell_common::perf: frust-perf raw n=1459 total_us=8613 rebuild_us=209 layout_us=2065 paint_us=363 encode_us=41 acquire_us=73 submit_us=5860 skipped=0 gpu_q=1 gpu_total_us=5204 gpu_prepass_us=0 gpu_main_us=5204 gpu_composite_us=0 gpu_blit_us=0
frust_shell_common::perf: frust-perf raw n=1460 total_us=9745 rebuild_us=199 layout_us=1960 paint_us=407 encode_us=39 acquire_us=709 submit_us=6429 skipped=0 gpu_q=1 gpu_total_us=4668 gpu_prepass_us=0 gpu_main_us=4668 gpu_composite_us=0 gpu_blit_us=0
frust_shell_common::perf: frust-perf raw n=1461 total_us=7660 rebuild_us=128 layout_us=1648 paint_us=341 encode_us=41 acquire_us=218 submit_us=5281 skipped=0 gpu_q=1 gpu_total_us=4659 gpu_prepass_us=0 gpu_main_us=4659 gpu_composite_us=0 gpu_blit_us=0
frust_shell_common::perf: frust-perf raw n=1462 total_us=7028 rebuild_us=124 layout_us=1507 paint_us=283 encode_us=33 acquire_us=440 submit_us=4639 skipped=0 gpu_q=1 gpu_total_us=4929 gpu_prepass_us=0 gpu_main_us=4929 gpu_composite_us=0 gpu_blit_us=0
frust_shell_common::perf: frust-perf raw n=1463 total_us=8191 rebuild_us=137 layout_us=1662 paint_us=315 encode_us=34 acquire_us=409 submit_us=5632 skipped=0 gpu_q=1 gpu_total_us=4955 gpu_prepass_us=0 gpu_main_us=4955 gpu_composite_us=0 gpu_blit_us=0
frust_shell_common::perf: frust-perf raw n=1464 total_us=9499 rebuild_us=149 layout_us=2209 paint_us=392 encode_us=48 acquire_us=72 submit_us=6626 skipped=0 gpu_q=1 gpu_total_us=4923 gpu_prepass_us=0 gpu_main_us=4923 gpu_composite_us=0 gpu_blit_us=0
frust_shell_common::perf: frust-perf raw n=1465 total_us=8569 rebuild_us=136 layout_us=1837 paint_us=361 encode_us=45 acquire_us=146 submit_us=6042 skipped=0 gpu_q=1 gpu_total_us=4748 gpu_prepass_us=0 gpu_main_us=4748 gpu_composite_us=0 gpu_blit_us=0
frust_shell_common::perf: frust-perf raw n=1466 total_us=9862 rebuild_us=141 layout_us=2076 paint_us=366 encode_us=43 acquire_us=774 submit_us=6459 skipped=0 gpu_q=1 gpu_total_us=4771 gpu_prepass_us=0 gpu_main_us=4771 gpu_composite_us=0 gpu_blit_us=0
frust_shell_common::perf: frust-perf raw n=1467 total_us=8526 rebuild_us=126 layout_us=1811 paint_us=371 encode_us=46 acquire_us=128 submit_us=6041 skipped=0 gpu_q=1 gpu_total_us=4861 gpu_prepass_us=0 gpu_main_us=4861 gpu_composite_us=0 gpu_blit_us=0
frust_shell_common::perf: frust-perf raw n=1468 total_us=8525 rebuild_us=152 layout_us=1750 paint_us=337 encode_us=40 acquire_us=392 submit_us=5852 skipped=0 gpu_q=1 gpu_total_us=4890 gpu_prepass_us=0 gpu_main_us=4890 gpu_composite_us=0 gpu_blit_us=0
frust_shell_common::perf: frust-perf raw n=1469 total_us=8215 rebuild_us=126 layout_us=1647 paint_us=324 encode_us=38 acquire_us=229 submit_us=5848 skipped=0 gpu_q=1 gpu_total_us=4921 gpu_prepass_us=0 gpu_main_us=4921 gpu_composite_us=0 gpu_blit_us=0
frust_shell_common::perf: frust-perf raw n=1470 total_us=9586 rebuild_us=133 layout_us=2460 paint_us=403 encode_us=42 acquire_us=567 submit_us=5978 skipped=0 gpu_q=1 gpu_total_us=5063 gpu_prepass_us=0 gpu_main_us=5063 gpu_composite_us=0 gpu_blit_us=0
frust_shell_common::perf: frust-perf raw n=1471 total_us=9705 rebuild_us=126 layout_us=1830 paint_us=413 encode_us=41 acquire_us=1339 submit_us=5952 skipped=0 gpu_q=1 gpu_total_us=4870 gpu_prepass_us=0 gpu_main_us=4870 gpu_composite_us=0 gpu_blit_us=0
frust_shell_common::perf: frust-perf raw n=1472 total_us=9510 rebuild_us=131 layout_us=2108 paint_us=361 encode_us=45 acquire_us=984 submit_us=5877 skipped=0 gpu_q=1 gpu_total_us=4751 gpu_prepass_us=0 gpu_main_us=4751 gpu_composite_us=0 gpu_blit_us=0
frust_shell_common::perf: frust-perf raw n=1473 total_us=9020 rebuild_us=139 layout_us=2171 paint_us=332 encode_us=39 acquire_us=513 submit_us=5822 skipped=0 gpu_q=1 gpu_total_us=4743 gpu_prepass_us=0 gpu_main_us=4743 gpu_composite_us=0 gpu_blit_us=0
frust_shell_common::perf: frust-perf raw n=1474 total_us=8729 rebuild_us=149 layout_us=1827 paint_us=404 encode_us=38 acquire_us=462 submit_us=5848 skipped=0 gpu_q=1 gpu_total_us=4890 gpu_prepass_us=0 gpu_main_us=4890 gpu_composite_us=0 gpu_blit_us=0
frust_shell_common::perf: frust-perf raw n=1475 total_us=8460 rebuild_us=185 layout_us=1803 paint_us=377 encode_us=48 acquire_us=71 submit_us=5973 skipped=0 gpu_q=1 gpu_total_us=4965 gpu_prepass_us=0 gpu_main_us=4965 gpu_composite_us=0 gpu_blit_us=0
frust_shell_common::perf: frust-perf raw n=1476 total_us=9037 rebuild_us=152 layout_us=2086 paint_us=356 encode_us=42 acquire_us=354 submit_us=6045 skipped=0 gpu_q=1 gpu_total_us=4986 gpu_prepass_us=0 gpu_main_us=4986 gpu_composite_us=0 gpu_blit_us=0
frust_shell_common::perf: frust-perf raw n=1477 total_us=8751 rebuild_us=140 layout_us=1602 paint_us=306 encode_us=47 acquire_us=244 submit_us=6410 skipped=0 gpu_q=1 gpu_total_us=4901 gpu_prepass_us=0 gpu_main_us=4901 gpu_composite_us=0 gpu_blit_us=0
frust_shell_common::perf: frust-perf raw n=1478 total_us=8344 rebuild_us=132 layout_us=1892 paint_us=311 encode_us=42 acquire_us=69 submit_us=5897 skipped=0 gpu_q=1 gpu_total_us=5211 gpu_prepass_us=0 gpu_main_us=5211 gpu_composite_us=0 gpu_blit_us=0
frust_shell_common::perf: frust-perf raw n=1479 total_us=8020 rebuild_us=144 layout_us=1414 paint_us=410 encode_us=45 acquire_us=68 submit_us=5937 skipped=0 gpu_q=1 gpu_total_us=4880 gpu_prepass_us=0 gpu_main_us=4880 gpu_composite_us=0 gpu_blit_us=0
frust_shell_common::perf: frust-perf raw n=1480 total_us=7975 rebuild_us=139 layout_us=1526 paint_us=277 encode_us=39 acquire_us=71 submit_us=5921 skipped=0 gpu_q=1 gpu_total_us=4769 gpu_prepass_us=0 gpu_main_us=4769 gpu_composite_us=0 gpu_blit_us=0
frust_shell_common::perf: frust-perf raw n=1481 total_us=8732 rebuild_us=141 layout_us=1992 paint_us=345 encode_us=38 acquire_us=69 submit_us=6144 skipped=0 gpu_q=1 gpu_total_us=4822 gpu_prepass_us=0 gpu_main_us=4822 gpu_composite_us=0 gpu_blit_us=0
frust_shell_common::perf: frust-perf raw n=1482 total_us=9784 rebuild_us=145 layout_us=2044 paint_us=357 encode_us=44 acquire_us=604 submit_us=6588 skipped=0 gpu_q=1 gpu_total_us=4961 gpu_prepass_us=0 gpu_main_us=4961 gpu_composite_us=0 gpu_blit_us=0
frust_shell_common::perf: frust-perf raw n=1483 total_us=9317 rebuild_us=130 layout_us=2130 paint_us=386 encode_us=44 acquire_us=194 submit_us=6431 skipped=0 gpu_q=1 gpu_total_us=4865 gpu_prepass_us=0 gpu_main_us=4865 gpu_composite_us=0 gpu_blit_us=0
frust_shell_common::perf: frust-perf raw n=1484 total_us=9310 rebuild_us=156 layout_us=1940 paint_us=522 encode_us=42 acquire_us=836 submit_us=5811 skipped=0 gpu_q=1 gpu_total_us=4724 gpu_prepass_us=0 gpu_main_us=4724 gpu_composite_us=0 gpu_blit_us=0
frust_shell_common::perf: frust-perf raw n=1485 total_us=9012 rebuild_us=135 layout_us=1931 paint_us=435 encode_us=42 acquire_us=561 submit_us=5906 skipped=0 gpu_q=1 gpu_total_us=4817 gpu_prepass_us=0 gpu_main_us=4817 gpu_composite_us=0 gpu_blit_us=0
frust_shell_common::perf: frust-perf raw n=1486 total_us=9211 rebuild_us=156 layout_us=2017 paint_us=418 encode_us=38 acquire_us=654 submit_us=5926 skipped=0 gpu_q=1 gpu_total_us=4948 gpu_prepass_us=0 gpu_main_us=4948 gpu_composite_us=0 gpu_blit_us=0
frust_shell_common::perf: frust-perf raw n=1487 total_us=9411 rebuild_us=153 layout_us=2073 paint_us=416 encode_us=39 acquire_us=667 submit_us=6061 skipped=0 gpu_q=1 gpu_total_us=4919 gpu_prepass_us=0 gpu_main_us=4919 gpu_composite_us=0 gpu_blit_us=0
frust_shell_common::perf: frust-perf raw n=1488 total_us=9226 rebuild_us=137 layout_us=1924 paint_us=362 encode_us=44 acquire_us=723 submit_us=6034 skipped=0 gpu_q=1 gpu_total_us=4897 gpu_prepass_us=0 gpu_main_us=4897 gpu_composite_us=0 gpu_blit_us=0
frust_shell_common::perf: frust-perf raw n=1489 total_us=8954 rebuild_us=167 layout_us=2310 paint_us=404 encode_us=48 acquire_us=75 submit_us=5947 skipped=0 gpu_q=1 gpu_total_us=4930 gpu_prepass_us=0 gpu_main_us=4930 gpu_composite_us=0 gpu_blit_us=0
frust_shell_common::perf: frust-perf raw n=1490 total_us=9197 rebuild_us=154 layout_us=2037 paint_us=421 encode_us=41 acquire_us=398 submit_us=6143 skipped=0 gpu_q=1 gpu_total_us=4965 gpu_prepass_us=0 gpu_main_us=4965 gpu_composite_us=0 gpu_blit_us=0
frust_shell_common::perf: frust-perf raw n=1491 total_us=8373 rebuild_us=256 layout_us=1944 paint_us=366 encode_us=45 acquire_us=68 submit_us=5692 skipped=0 gpu_q=1 gpu_total_us=4977 gpu_prepass_us=0 gpu_main_us=4977 gpu_composite_us=0 gpu_blit_us=0
frust_shell_common::perf: frust-perf raw n=1492 total_us=9169 rebuild_us=142 layout_us=1897 paint_us=352 encode_us=43 acquire_us=768 submit_us=5964 skipped=0 gpu_q=1 gpu_total_us=4786 gpu_prepass_us=0 gpu_main_us=4786 gpu_composite_us=0 gpu_blit_us=0
frust_shell_common::perf: frust-perf raw n=1493 total_us=8561 rebuild_us=143 layout_us=1901 paint_us=365 encode_us=40 acquire_us=388 submit_us=5721 skipped=0 gpu_q=1 gpu_total_us=4832 gpu_prepass_us=0 gpu_main_us=4832 gpu_composite_us=0 gpu_blit_us=0
frust_shell_common::perf: frust-perf raw n=1494 total_us=8875 rebuild_us=144 layout_us=1948 paint_us=365 encode_us=44 acquire_us=394 submit_us=5978 skipped=0 gpu_q=1 gpu_total_us=5326 gpu_prepass_us=0 gpu_main_us=5326 gpu_composite_us=0 gpu_blit_us=0
frust_shell_common::perf: frust-perf raw n=1495 total_us=8935 rebuild_us=153 layout_us=2164 paint_us=394 encode_us=41 acquire_us=68 submit_us=6113 skipped=0 gpu_q=1 gpu_total_us=4941 gpu_prepass_us=0 gpu_main_us=4941 gpu_composite_us=0 gpu_blit_us=0
frust_shell_common::perf: frust-perf raw n=1496 total_us=9540 rebuild_us=154 layout_us=2155 paint_us=378 encode_us=45 acquire_us=925 submit_us=5880 skipped=0 gpu_q=1 gpu_total_us=4897 gpu_prepass_us=0 gpu_main_us=4897 gpu_composite_us=0 gpu_blit_us=0
frust_shell_common::perf: frust-perf raw n=1497 total_us=9121 rebuild_us=127 layout_us=1465 paint_us=319 encode_us=40 acquire_us=501 submit_us=6666 skipped=0 gpu_q=1 gpu_total_us=4821 gpu_prepass_us=0 gpu_main_us=4821 gpu_composite_us=0 gpu_blit_us=0
frust_shell_common::perf: frust-perf raw n=1498 total_us=7258 rebuild_us=116 layout_us=1289 paint_us=284 encode_us=36 acquire_us=405 submit_us=5126 skipped=0 gpu_q=1 gpu_total_us=4888 gpu_prepass_us=0 gpu_main_us=4888 gpu_composite_us=0 gpu_blit_us=0
frust_shell_common::perf: frust-perf raw n=1499 total_us=8934 rebuild_us=145 layout_us=1760 paint_us=334 encode_us=34 acquire_us=707 submit_us=5952 skipped=0 gpu_q=1 gpu_total_us=4939 gpu_prepass_us=0 gpu_main_us=4939 gpu_composite_us=0 gpu_blit_us=0
frust_engine::renderer: frust-perf enc n=1500 w=60 validate_us=13.6 prepare_us=3.1 classify_us=44.4 admit_us=0.2 walk_us=2827.9 glyphs_us=2275.3 finish_us=2.4 compile_us=2891.8 schedule_us=4.4 paints_us=137.6 instances_us=200.6 resize_us=10.2 upload_us=272.9 replay_us=0.3 pipelines_us=16.0 record_us=28.1 total_us=3579.1 total_p95_us=3998.9 draws=806 strips=11930 alphas=295472 glyph_draws=774 atlas_glyphs=774
frust_shell_common::perf: frust-perf raw n=1500 total_us=9167 rebuild_us=162 layout_us=1967 paint_us=485 encode_us=43 acquire_us=277 submit_us=6231 skipped=0 gpu_q=1 gpu_total_us=4833 gpu_prepass_us=0 gpu_main_us=4833 gpu_composite_us=0 gpu_blit_us=0
frust_shell_common::perf: frust-perf raw n=1501 total_us=8635 rebuild_us=247 layout_us=2181 paint_us=417 encode_us=40 acquire_us=255 submit_us=5493 skipped=0 gpu_q=1 gpu_total_us=5002 gpu_prepass_us=91 gpu_main_us=4910 gpu_composite_us=0 gpu_blit_us=0
frust_shell_common::perf: frust-perf raw n=1502 total_us=8597 rebuild_us=160 layout_us=2432 paint_us=367 encode_us=42 acquire_us=69 submit_us=5525 skipped=0 gpu_q=1 gpu_total_us=4801 gpu_prepass_us=0 gpu_main_us=4801 gpu_composite_us=0 gpu_blit_us=0
frust_shell_common::perf: frust-perf raw n=1503 total_us=8047 rebuild_us=142 layout_us=1983 paint_us=402 encode_us=36 acquire_us=68 submit_us=5413 skipped=0 gpu_q=1 gpu_total_us=4957 gpu_prepass_us=0 gpu_main_us=4957 gpu_composite_us=0 gpu_blit_us=0
frust_shell_common::perf: frust-perf raw n=1504 total_us=9410 rebuild_us=146 layout_us=2081 paint_us=344 encode_us=42 acquire_us=666 submit_us=6129 skipped=0 gpu_q=1 gpu_total_us=4875 gpu_prepass_us=0 gpu_main_us=4875 gpu_composite_us=0 gpu_blit_us=0
frust_shell_common::perf: frust-perf raw n=1505 total_us=8726 rebuild_us=138 layout_us=2107 paint_us=376 encode_us=42 acquire_us=72 submit_us=5988 skipped=0 gpu_q=1 gpu_total_us=4888 gpu_prepass_us=0 gpu_main_us=4888 gpu_composite_us=0 gpu_blit_us=0
frust_shell_common::perf: frust-perf raw n=1506 total_us=9157 rebuild_us=152 layout_us=2205 paint_us=346 encode_us=41 acquire_us=531 submit_us=5880 skipped=0 gpu_q=1 gpu_total_us=5457 gpu_prepass_us=0 gpu_main_us=5457 gpu_composite_us=0 gpu_blit_us=0
frust_shell_common::perf: frust-perf raw n=1507 total_us=9030 rebuild_us=176 layout_us=2081 paint_us=462 encode_us=37 acquire_us=268 submit_us=6003 skipped=0 gpu_q=1 gpu_total_us=5049 gpu_prepass_us=0 gpu_main_us=5049 gpu_composite_us=0 gpu_blit_us=0
frust_shell_common::perf: frust-perf raw n=1508 total_us=9830 rebuild_us=152 layout_us=2503 paint_us=389 encode_us=42 acquire_us=426 submit_us=6314 skipped=0 gpu_q=1 gpu_total_us=4993 gpu_prepass_us=0 gpu_main_us=4993 gpu_composite_us=0 gpu_blit_us=0
frust_shell_common::perf: frust-perf raw n=1509 total_us=9739 rebuild_us=156 layout_us=1878 paint_us=352 encode_us=43 acquire_us=873 submit_us=6435 skipped=0 gpu_q=1 gpu_total_us=4923 gpu_prepass_us=0 gpu_main_us=4923 gpu_composite_us=0 gpu_blit_us=0
frust_shell_common::perf: frust-perf raw n=1510 total_us=9471 rebuild_us=132 layout_us=1822 paint_us=352 encode_us=43 acquire_us=1000 submit_us=6120 skipped=0 gpu_q=1 gpu_total_us=5022 gpu_prepass_us=0 gpu_main_us=5022 gpu_composite_us=0 gpu_blit_us=0
frust_shell_common::perf: frust-perf raw n=1511 total_us=9394 rebuild_us=139 layout_us=1894 paint_us=413 encode_us=43 acquire_us=784 submit_us=6119 skipped=0 gpu_q=1 gpu_total_us=4968 gpu_prepass_us=0 gpu_main_us=4968 gpu_composite_us=0 gpu_blit_us=0
frust_shell_common::perf: frust-perf raw n=1512 total_us=8763 rebuild_us=118 layout_us=1454 paint_us=311 encode_us=40 acquire_us=859 submit_us=5979 skipped=0 gpu_q=1 gpu_total_us=4918 gpu_prepass_us=0 gpu_main_us=4918 gpu_composite_us=0 gpu_blit_us=0
frust_shell_common::perf: frust-perf raw n=1513 total_us=8450 rebuild_us=151 layout_us=1726 paint_us=345 encode_us=40 acquire_us=529 submit_us=5657 skipped=0 gpu_q=1 gpu_total_us=5039 gpu_prepass_us=0 gpu_main_us=5039 gpu_composite_us=0 gpu_blit_us=0
frust_shell_common::perf: frust-perf raw n=1514 total_us=8688 rebuild_us=137 layout_us=1844 paint_us=351 encode_us=44 acquire_us=265 submit_us=6044 skipped=0 gpu_q=1 gpu_total_us=5111 gpu_prepass_us=0 gpu_main_us=5111 gpu_composite_us=0 gpu_blit_us=0
frust_shell_common::perf: frust-perf raw n=1515 total_us=9833 rebuild_us=168 layout_us=1856 paint_us=419 encode_us=43 acquire_us=1044 submit_us=6301 skipped=0 gpu_q=1 gpu_total_us=5042 gpu_prepass_us=0 gpu_main_us=5042 gpu_composite_us=0 gpu_blit_us=0
frust_shell_common::perf: frust-perf raw n=1516 total_us=9262 rebuild_us=147 layout_us=1873 paint_us=407 encode_us=42 acquire_us=559 submit_us=6232 skipped=0 gpu_q=1 gpu_total_us=4840 gpu_prepass_us=0 gpu_main_us=4840 gpu_composite_us=0 gpu_blit_us=0
frust_shell_common::perf: frust-perf raw n=1517 total_us=9154 rebuild_us=168 layout_us=2011 paint_us=362 encode_us=42 acquire_us=558 submit_us=6012 skipped=0 gpu_q=1 gpu_total_us=4862 gpu_prepass_us=0 gpu_main_us=4862 gpu_composite_us=0 gpu_blit_us=0
frust_shell_common::perf: frust-perf raw n=1518 total_us=9455 rebuild_us=163 layout_us=2007 paint_us=496 encode_us=40 acquire_us=663 submit_us=6083 skipped=0 gpu_q=1 gpu_total_us=4984 gpu_prepass_us=0 gpu_main_us=4984 gpu_composite_us=0 gpu_blit_us=0
frust_shell_common::perf: frust-perf raw n=1519 total_us=8497 rebuild_us=127 layout_us=1912 paint_us=421 encode_us=43 acquire_us=68 submit_us=5922 skipped=0 gpu_q=1 gpu_total_us=5089 gpu_prepass_us=0 gpu_main_us=5089 gpu_composite_us=0 gpu_blit_us=0
frust_shell_common::perf: frust-perf raw n=1520 total_us=8684 rebuild_us=139 layout_us=2274 paint_us=393 encode_us=42 acquire_us=66 submit_us=5767 skipped=0 gpu_q=1 gpu_total_us=4987 gpu_prepass_us=0 gpu_main_us=4987 gpu_composite_us=0 gpu_blit_us=0
frust_shell_common::perf: frust-perf raw n=1521 total_us=9954 rebuild_us=161 layout_us=1906 paint_us=378 encode_us=47 acquire_us=885 submit_us=6574 skipped=0 gpu_q=1 gpu_total_us=4999 gpu_prepass_us=0 gpu_main_us=4999 gpu_composite_us=0 gpu_blit_us=0
frust_shell_common::perf: frust-perf raw n=1522 total_us=7917 rebuild_us=143 layout_us=2006 paint_us=366 encode_us=49 acquire_us=75 submit_us=5276 skipped=0 gpu_q=1 gpu_total_us=5541 gpu_prepass_us=0 gpu_main_us=5541 gpu_composite_us=0 gpu_blit_us=0
frust_shell_common::perf: frust-perf raw n=1523 total_us=7930 rebuild_us=141 layout_us=1778 paint_us=326 encode_us=36 acquire_us=790 submit_us=4857 skipped=0 gpu_q=1 gpu_total_us=4882 gpu_prepass_us=0 gpu_main_us=4882 gpu_composite_us=0 gpu_blit_us=0
frust_shell_common::perf: frust-perf raw n=1524 total_us=8315 rebuild_us=173 layout_us=1793 paint_us=334 encode_us=36 acquire_us=487 submit_us=5489 skipped=0 gpu_q=1 gpu_total_us=4791 gpu_prepass_us=0 gpu_main_us=4791 gpu_composite_us=0 gpu_blit_us=0
frust_shell_common::perf: frust-perf raw n=1525 total_us=9181 rebuild_us=147 layout_us=2022 paint_us=352 encode_us=38 acquire_us=494 submit_us=6125 skipped=0 gpu_q=1 gpu_total_us=5059 gpu_prepass_us=0 gpu_main_us=5059 gpu_composite_us=0 gpu_blit_us=0
frust_shell_common::perf: frust-perf raw n=1526 total_us=9248 rebuild_us=136 layout_us=1896 paint_us=611 encode_us=42 acquire_us=446 submit_us=6115 skipped=0 gpu_q=1 gpu_total_us=4959 gpu_prepass_us=0 gpu_main_us=4959 gpu_composite_us=0 gpu_blit_us=0
frust_shell_common::perf: frust-perf raw n=1527 total_us=8255 rebuild_us=128 layout_us=2003 paint_us=362 encode_us=47 acquire_us=73 submit_us=5639 skipped=0 gpu_q=1 gpu_total_us=4909 gpu_prepass_us=0 gpu_main_us=4909 gpu_composite_us=0 gpu_blit_us=0
frust_shell_common::perf: frust-perf raw n=1528 total_us=8623 rebuild_us=145 layout_us=1885 paint_us=357 encode_us=41 acquire_us=191 submit_us=6001 skipped=0 gpu_q=1 gpu_total_us=4859 gpu_prepass_us=0 gpu_main_us=4859 gpu_composite_us=0 gpu_blit_us=0
frust_shell_common::perf: frust-perf raw n=1529 total_us=9459 rebuild_us=150 layout_us=1925 paint_us=366 encode_us=42 acquire_us=872 submit_us=6102 skipped=0 gpu_q=1 gpu_total_us=4927 gpu_prepass_us=0 gpu_main_us=4927 gpu_composite_us=0 gpu_blit_us=0
frust_shell_common::perf: frust-perf raw n=1530 total_us=9504 rebuild_us=148 layout_us=1893 paint_us=522 encode_us=44 acquire_us=913 submit_us=5982 skipped=0 gpu_q=1 gpu_total_us=4964 gpu_prepass_us=0 gpu_main_us=4964 gpu_composite_us=0 gpu_blit_us=0
frust_shell_common::perf: frust-perf raw n=1531 total_us=9196 rebuild_us=145 layout_us=1928 paint_us=384 encode_us=46 acquire_us=598 submit_us=6092 skipped=0 gpu_q=1 gpu_total_us=4875 gpu_prepass_us=0 gpu_main_us=4875 gpu_composite_us=0 gpu_blit_us=0
frust_shell_common::perf: frust-perf raw n=1532 total_us=9588 rebuild_us=146 layout_us=2153 paint_us=389 encode_us=42 acquire_us=834 submit_us=6023 skipped=0 gpu_q=1 gpu_total_us=4950 gpu_prepass_us=0 gpu_main_us=4950 gpu_composite_us=0 gpu_blit_us=0
frust_shell_common::perf: frust-perf raw n=1533 total_us=9678 rebuild_us=141 layout_us=2355 paint_us=418 encode_us=43 acquire_us=608 submit_us=6110 skipped=0 gpu_q=1 gpu_total_us=5029 gpu_prepass_us=0 gpu_main_us=5029 gpu_composite_us=0 gpu_blit_us=0
frust_shell_common::perf: frust-perf raw n=1534 total_us=9148 rebuild_us=137 layout_us=2028 paint_us=381 encode_us=44 acquire_us=692 submit_us=5863 skipped=0 gpu_q=1 gpu_total_us=5038 gpu_prepass_us=0 gpu_main_us=5038 gpu_composite_us=0 gpu_blit_us=0
frust_shell_common::perf: frust-perf raw n=1535 total_us=9022 rebuild_us=166 layout_us=2102 paint_us=380 encode_us=40 acquire_us=752 submit_us=5580 skipped=0 gpu_q=1 gpu_total_us=5046 gpu_prepass_us=0 gpu_main_us=5046 gpu_composite_us=0 gpu_blit_us=0
frust_shell_common::perf: frust-perf raw n=1536 total_us=8534 rebuild_us=151 layout_us=2059 paint_us=376 encode_us=39 acquire_us=382 submit_us=5524 skipped=0 gpu_q=1 gpu_total_us=4899 gpu_prepass_us=0 gpu_main_us=4899 gpu_composite_us=0 gpu_blit_us=0
frust_shell_common::perf: frust-perf raw n=1537 total_us=9555 rebuild_us=143 layout_us=2033 paint_us=372 encode_us=42 acquire_us=1021 submit_us=5942 skipped=0 gpu_q=1 gpu_total_us=4960 gpu_prepass_us=0 gpu_main_us=4960 gpu_composite_us=0 gpu_blit_us=0
frust_shell_common::perf: frust-perf raw n=1538 total_us=10243 rebuild_us=137 layout_us=2248 paint_us=386 encode_us=43 acquire_us=604 submit_us=6822 skipped=0 gpu_q=1 gpu_total_us=5038 gpu_prepass_us=0 gpu_main_us=5038 gpu_composite_us=0 gpu_blit_us=0
frust_shell_common::perf: frust-perf raw n=1539 total_us=10016 rebuild_us=228 layout_us=2214 paint_us=408 encode_us=45 acquire_us=440 submit_us=6679 skipped=0 gpu_q=1 gpu_total_us=5028 gpu_prepass_us=0 gpu_main_us=5028 gpu_composite_us=0 gpu_blit_us=0
frust_shell_common::perf: frust-perf raw n=1540 total_us=10987 rebuild_us=187 layout_us=2806 paint_us=798 encode_us=48 acquire_us=1059 submit_us=6087 skipped=0 gpu_q=1 gpu_total_us=4831 gpu_prepass_us=0 gpu_main_us=4831 gpu_composite_us=0 gpu_blit_us=0
frust_shell_common::perf: frust-perf raw n=1541 total_us=7337 rebuild_us=113 layout_us=1335 paint_us=271 encode_us=38 acquire_us=63 submit_us=5516 skipped=0 gpu_q=1 gpu_total_us=5003 gpu_prepass_us=0 gpu_main_us=5003 gpu_composite_us=0 gpu_blit_us=0
frust_shell_common::perf: frust-perf raw n=1542 total_us=7175 rebuild_us=143 layout_us=1705 paint_us=323 encode_us=31 acquire_us=629 submit_us=4342 skipped=0 gpu_q=1 gpu_total_us=5049 gpu_prepass_us=0 gpu_main_us=5049 gpu_composite_us=0 gpu_blit_us=0
frust_shell_common::perf: frust-perf raw n=1543 total_us=6516 rebuild_us=129 layout_us=1472 paint_us=281 encode_us=39 acquire_us=265 submit_us=4327 skipped=0 gpu_q=1 gpu_total_us=5061 gpu_prepass_us=0 gpu_main_us=5061 gpu_composite_us=0 gpu_blit_us=0
frust_shell_common::perf: frust-perf raw n=1544 total_us=8536 rebuild_us=146 layout_us=1916 paint_us=411 encode_us=37 acquire_us=64 submit_us=5960 skipped=0 gpu_q=1 gpu_total_us=5457 gpu_prepass_us=0 gpu_main_us=5457 gpu_composite_us=0 gpu_blit_us=0
frust_shell_common::perf: frust-perf raw n=1545 total_us=11154 rebuild_us=155 layout_us=2320 paint_us=586 encode_us=55 acquire_us=96 submit_us=7941 skipped=0 gpu_q=1 gpu_total_us=4944 gpu_prepass_us=0 gpu_main_us=4944 gpu_composite_us=0 gpu_blit_us=0
frust_shell_android::app::frame: frust-perf platform-view tail depth=0 target=0 acquire_bound=false frame=1560 expected_present_us=0 acquire_us=275 period_us=8262
frust_shell_common::perf: frust-perf raw n=1546 total_us=8248 rebuild_us=137 layout_us=1693 paint_us=409 encode_us=51 acquire_us=153 submit_us=5803 skipped=0 gpu_q=1 gpu_total_us=4821 gpu_prepass_us=0 gpu_main_us=4821 gpu_composite_us=0 gpu_blit_us=0
frust_shell_common::perf: frust-perf raw n=1547 total_us=6852 rebuild_us=149 layout_us=1803 paint_us=341 encode_us=39 acquire_us=85 submit_us=4433 skipped=0 gpu_q=1 gpu_total_us=4872 gpu_prepass_us=0 gpu_main_us=4872 gpu_composite_us=0 gpu_blit_us=0
frust_shell_common::perf: frust-perf raw n=1548 total_us=6570 rebuild_us=145 layout_us=1922 paint_us=348 encode_us=32 acquire_us=50 submit_us=4071 skipped=0 gpu_q=1 gpu_total_us=4872 gpu_prepass_us=0 gpu_main_us=4872 gpu_composite_us=0 gpu_blit_us=0
frust_shell_common::perf: frust-perf raw n=1549 total_us=9304 rebuild_us=145 layout_us=1983 paint_us=367 encode_us=39 acquire_us=141 submit_us=6627 skipped=0 gpu_q=1 gpu_total_us=5006 gpu_prepass_us=0 gpu_main_us=5006 gpu_composite_us=0 gpu_blit_us=0
frust_shell_common::perf: frust-perf raw n=1550 total_us=9941 rebuild_us=125 layout_us=2192 paint_us=369 encode_us=52 acquire_us=86 submit_us=7116 skipped=0 gpu_q=1 gpu_total_us=5041 gpu_prepass_us=0 gpu_main_us=5041 gpu_composite_us=0 gpu_blit_us=0
frust_shell_common::perf: frust-perf raw n=1551 total_us=9589 rebuild_us=140 layout_us=1945 paint_us=368 encode_us=45 acquire_us=790 submit_us=6298 skipped=0 gpu_q=1 gpu_total_us=4946 gpu_prepass_us=0 gpu_main_us=4946 gpu_composite_us=0 gpu_blit_us=0
frust_shell_common::perf: frust-perf raw n=1552 total_us=8753 rebuild_us=138 layout_us=2328 paint_us=403 encode_us=43 acquire_us=159 submit_us=5681 skipped=0 gpu_q=1 gpu_total_us=4764 gpu_prepass_us=0 gpu_main_us=4764 gpu_composite_us=0 gpu_blit_us=0
frust_shell_common::perf: frust-perf raw n=1553 total_us=9065 rebuild_us=153 layout_us=1916 paint_us=434 encode_us=44 acquire_us=520 submit_us=5995 skipped=0 gpu_q=1 gpu_total_us=4968 gpu_prepass_us=0 gpu_main_us=4968 gpu_composite_us=0 gpu_blit_us=0
frust_shell_common::perf: frust-perf frame n=120 total_p50_ms=9 total_p95_ms=9 total_p99_ms=10 rebuild_p95_ms=0 layout_p95_ms=2 paint_p95_ms=0 encode_p95_ms=0 acquire_p95_ms=0 submit_p95_ms=6 over_60hz=5 over_120hz=1179 skipped=0 total_frames=1553
frust_shell_common::perf: frust-perf raw n=1554 total_us=8494 rebuild_us=154 layout_us=1685 paint_us=336 encode_us=47 acquire_us=508 submit_us=5762 skipped=0 gpu_q=1 gpu_total_us=5040 gpu_prepass_us=0 gpu_main_us=5040 gpu_composite_us=0 gpu_blit_us=0
frust_shell_common::perf: frust-perf raw n=1555 total_us=7409 rebuild_us=117 layout_us=1411 paint_us=296 encode_us=41 acquire_us=65 submit_us=5475 skipped=0 gpu_q=1 gpu_total_us=5008 gpu_prepass_us=0 gpu_main_us=5008 gpu_composite_us=0 gpu_blit_us=0
frust_shell_common::perf: frust-perf raw n=1556 total_us=8444 rebuild_us=144 layout_us=1703 paint_us=416 encode_us=41 acquire_us=65 submit_us=6072 skipped=0 gpu_q=1 gpu_total_us=4879 gpu_prepass_us=0 gpu_main_us=4879 gpu_composite_us=0 gpu_blit_us=0
frust_shell_common::perf: frust-perf raw n=1557 total_us=8730 rebuild_us=138 layout_us=1889 paint_us=354 encode_us=43 acquire_us=161 submit_us=6143 skipped=0 gpu_q=1 gpu_total_us=5035 gpu_prepass_us=0 gpu_main_us=5035 gpu_composite_us=0 gpu_blit_us=0
frust_shell_common::perf: frust-perf raw n=1558 total_us=8919 rebuild_us=143 layout_us=2323 paint_us=363 encode_us=49 acquire_us=82 submit_us=5956 skipped=0 gpu_q=1 gpu_total_us=5059 gpu_prepass_us=0 gpu_main_us=5059 gpu_composite_us=0 gpu_blit_us=0
frust_shell_common::perf: frust-perf raw n=1559 total_us=7659 rebuild_us=149 layout_us=1561 paint_us=332 encode_us=43 acquire_us=71 submit_us=5500 skipped=0 gpu_q=1 gpu_total_us=4872 gpu_prepass_us=0 gpu_main_us=4872 gpu_composite_us=0 gpu_blit_us=0
frust_engine::renderer: frust-perf enc n=1560 w=60 validate_us=13.7 prepare_us=3.0 classify_us=45.1 admit_us=0.2 walk_us=2853.9 glyphs_us=2298.5 finish_us=2.3 compile_us=2928.8 schedule_us=4.2 paints_us=137.4 instances_us=206.0 resize_us=10.3 upload_us=272.6 replay_us=0.3 pipelines_us=16.1 record_us=28.2 total_us=3619.5 total_p95_us=4069.9 draws=829 strips=12430 alphas=301856 glyph_draws=797 atlas_glyphs=797
frust_shell_common::perf: frust-perf raw n=1560 total_us=8692 rebuild_us=136 layout_us=1692 paint_us=322 encode_us=42 acquire_us=295 submit_us=6203 skipped=0 gpu_q=1 gpu_total_us=4831 gpu_prepass_us=0 gpu_main_us=4831 gpu_composite_us=0 gpu_blit_us=0
frust_shell_common::perf: frust-perf raw n=1561 total_us=8889 rebuild_us=144 layout_us=2117 paint_us=398 encode_us=42 acquire_us=197 submit_us=5988 skipped=0 gpu_q=1 gpu_total_us=4906 gpu_prepass_us=0 gpu_main_us=4906 gpu_composite_us=0 gpu_blit_us=0
frust_shell_common::perf: frust-perf raw n=1562 total_us=9344 rebuild_us=223 layout_us=2124 paint_us=709 encode_us=47 acquire_us=102 submit_us=6136 skipped=0 gpu_q=1 gpu_total_us=4963 gpu_prepass_us=0 gpu_main_us=4963 gpu_composite_us=0 gpu_blit_us=0
frust_shell_common::perf: frust-perf raw n=1563 total_us=8992 rebuild_us=138 layout_us=2268 paint_us=379 encode_us=47 acquire_us=553 submit_us=5604 skipped=0 gpu_q=1 gpu_total_us=4908 gpu_prepass_us=0 gpu_main_us=4908 gpu_composite_us=0 gpu_blit_us=0
frust_shell_common::perf: frust-perf raw n=1564 total_us=8886 rebuild_us=160 layout_us=2555 paint_us=544 encode_us=45 acquire_us=73 submit_us=5505 skipped=0 gpu_q=1 gpu_total_us=4943 gpu_prepass_us=0 gpu_main_us=4943 gpu_composite_us=0 gpu_blit_us=0
frust_shell_common::perf: frust-perf raw n=1565 total_us=8438 rebuild_us=214 layout_us=2121 paint_us=437 encode_us=49 acquire_us=138 submit_us=5478 skipped=0 gpu_q=1 gpu_total_us=4959 gpu_prepass_us=0 gpu_main_us=4959 gpu_composite_us=0 gpu_blit_us=0
frust_shell_common::perf: frust-perf raw n=1566 total_us=9115 rebuild_us=139 layout_us=2133 paint_us=368 encode_us=42 acquire_us=800 submit_us=5632 skipped=0 gpu_q=1 gpu_total_us=4991 gpu_prepass_us=0 gpu_main_us=4991 gpu_composite_us=0 gpu_blit_us=0
frust_shell_common::perf: frust-perf raw n=1567 total_us=9009 rebuild_us=217 layout_us=2121 paint_us=481 encode_us=47 acquire_us=70 submit_us=6070 skipped=0 gpu_q=1 gpu_total_us=4940 gpu_prepass_us=0 gpu_main_us=4940 gpu_composite_us=0 gpu_blit_us=0
frust_shell_common::perf: frust-perf raw n=1568 total_us=9260 rebuild_us=157 layout_us=2108 paint_us=410 encode_us=44 acquire_us=361 submit_us=6177 skipped=0 gpu_q=1 gpu_total_us=4806 gpu_prepass_us=0 gpu_main_us=4806 gpu_composite_us=0 gpu_blit_us=0
frust_shell_common::perf: frust-perf raw n=1569 total_us=9564 rebuild_us=338 layout_us=2193 paint_us=522 encode_us=43 acquire_us=258 submit_us=6208 skipped=0 gpu_q=1 gpu_total_us=4885 gpu_prepass_us=0 gpu_main_us=4885 gpu_composite_us=0 gpu_blit_us=0
frust_shell_common::perf: frust-perf raw n=1570 total_us=9336 rebuild_us=159 layout_us=2370 paint_us=411 encode_us=45 acquire_us=69 submit_us=6280 skipped=0 gpu_q=1 gpu_total_us=5049 gpu_prepass_us=0 gpu_main_us=5049 gpu_composite_us=0 gpu_blit_us=0
frust_shell_common::perf: frust-perf raw n=1571 total_us=9042 rebuild_us=142 layout_us=2091 paint_us=390 encode_us=46 acquire_us=276 submit_us=6094 skipped=0 gpu_q=1 gpu_total_us=4950 gpu_prepass_us=0 gpu_main_us=4950 gpu_composite_us=0 gpu_blit_us=0
frust_shell_common::perf: frust-perf raw n=1572 total_us=9041 rebuild_us=164 layout_us=2002 paint_us=369 encode_us=39 acquire_us=725 submit_us=5740 skipped=0 gpu_q=1 gpu_total_us=4884 gpu_prepass_us=0 gpu_main_us=4884 gpu_composite_us=0 gpu_blit_us=0
frust_shell_common::perf: frust-perf raw n=1573 total_us=7867 rebuild_us=153 layout_us=1675 paint_us=339 encode_us=41 acquire_us=65 submit_us=5591 skipped=0 gpu_q=1 gpu_total_us=4938 gpu_prepass_us=0 gpu_main_us=4938 gpu_composite_us=0 gpu_blit_us=0
frust_shell_common::perf: frust-perf raw n=1574 total_us=8413 rebuild_us=146 layout_us=1880 paint_us=352 encode_us=37 acquire_us=680 submit_us=5316 skipped=0 gpu_q=1 gpu_total_us=4975 gpu_prepass_us=0 gpu_main_us=4975 gpu_composite_us=0 gpu_blit_us=0
frust_shell_common::perf: frust-perf raw n=1575 total_us=8638 rebuild_us=131 layout_us=1598 paint_us=365 encode_us=42 acquire_us=381 submit_us=6120 skipped=0 gpu_q=1 gpu_total_us=4985 gpu_prepass_us=0 gpu_main_us=4985 gpu_composite_us=0 gpu_blit_us=0
frust_shell_common::perf: frust-perf raw n=1576 total_us=9119 rebuild_us=203 layout_us=1957 paint_us=470 encode_us=48 acquire_us=233 submit_us=6206 skipped=0 gpu_q=1 gpu_total_us=5459 gpu_prepass_us=0 gpu_main_us=5459 gpu_composite_us=0 gpu_blit_us=0
frust_shell_common::perf: frust-perf raw n=1577 total_us=9123 rebuild_us=129 layout_us=2132 paint_us=365 encode_us=48 acquire_us=77 submit_us=6369 skipped=0 gpu_q=1 gpu_total_us=4888 gpu_prepass_us=0 gpu_main_us=4888 gpu_composite_us=0 gpu_blit_us=0
frust_shell_common::perf: frust-perf raw n=1578 total_us=9023 rebuild_us=228 layout_us=2049 paint_us=512 encode_us=48 acquire_us=132 submit_us=6052 skipped=0 gpu_q=1 gpu_total_us=4975 gpu_prepass_us=0 gpu_main_us=4975 gpu_composite_us=0 gpu_blit_us=0
frust_shell_common::perf: frust-perf raw n=1579 total_us=8329 rebuild_us=160 layout_us=2079 paint_us=434 encode_us=43 acquire_us=353 submit_us=5258 skipped=0 gpu_q=1 gpu_total_us=4950 gpu_prepass_us=0 gpu_main_us=4950 gpu_composite_us=0 gpu_blit_us=0
frust_shell_common::perf: frust-perf raw n=1580 total_us=7594 rebuild_us=143 layout_us=2025 paint_us=361 encode_us=37 acquire_us=381 submit_us=4644 skipped=0 gpu_q=1 gpu_total_us=4830 gpu_prepass_us=0 gpu_main_us=4830 gpu_composite_us=0 gpu_blit_us=0
frust_shell_common::perf: frust-perf raw n=1581 total_us=8315 rebuild_us=145 layout_us=1953 paint_us=351 encode_us=35 acquire_us=508 submit_us=5321 skipped=0 gpu_q=1 gpu_total_us=4935 gpu_prepass_us=0 gpu_main_us=4935 gpu_composite_us=0 gpu_blit_us=0
frust_shell_common::perf: frust-perf raw n=1582 total_us=8977 rebuild_us=142 layout_us=1943 paint_us=353 encode_us=39 acquire_us=594 submit_us=5904 skipped=0 gpu_q=1 gpu_total_us=5062 gpu_prepass_us=0 gpu_main_us=5062 gpu_composite_us=0 gpu_blit_us=0
frust_shell_common::perf: frust-perf raw n=1583 total_us=7862 rebuild_us=150 layout_us=2395 paint_us=500 encode_us=49 acquire_us=71 submit_us=4695 skipped=0 gpu_q=1 gpu_total_us=4944 gpu_prepass_us=0 gpu_main_us=4944 gpu_composite_us=0 gpu_blit_us=0
frust_shell_common::perf: frust-perf raw n=1584 total_us=7317 rebuild_us=145 layout_us=1989 paint_us=362 encode_us=36 acquire_us=176 submit_us=4606 skipped=0 gpu_q=1 gpu_total_us=4787 gpu_prepass_us=0 gpu_main_us=4787 gpu_composite_us=0 gpu_blit_us=0
frust_shell_common::perf: frust-perf raw n=1585 total_us=7979 rebuild_us=149 layout_us=1922 paint_us=358 encode_us=38 acquire_us=182 submit_us=5329 skipped=0 gpu_q=1 gpu_total_us=4867 gpu_prepass_us=0 gpu_main_us=4867 gpu_composite_us=0 gpu_blit_us=0
frust_shell_common::perf: frust-perf raw n=1586 total_us=8525 rebuild_us=145 layout_us=1958 paint_us=361 encode_us=45 acquire_us=67 submit_us=5947 skipped=0 gpu_q=1 gpu_total_us=4942 gpu_prepass_us=0 gpu_main_us=4942 gpu_composite_us=0 gpu_blit_us=0
frust_shell_common::perf: frust-perf raw n=1587 total_us=8899 rebuild_us=141 layout_us=1857 paint_us=529 encode_us=47 acquire_us=69 submit_us=6253 skipped=0 gpu_q=1 gpu_total_us=4863 gpu_prepass_us=0 gpu_main_us=4863 gpu_composite_us=0 gpu_blit_us=0
frust_shell_common::perf: frust-perf raw n=1588 total_us=8679 rebuild_us=165 layout_us=1944 paint_us=332 encode_us=40 acquire_us=216 submit_us=5980 skipped=0 gpu_q=1 gpu_total_us=4808 gpu_prepass_us=0 gpu_main_us=4808 gpu_composite_us=0 gpu_blit_us=0
frust_shell_common::perf: frust-perf raw n=1589 total_us=8626 rebuild_us=148 layout_us=1872 paint_us=350 encode_us=46 acquire_us=212 submit_us=5997 skipped=0 gpu_q=1 gpu_total_us=4886 gpu_prepass_us=0 gpu_main_us=4886 gpu_composite_us=0 gpu_blit_us=0
frust_shell_common::perf: frust-perf raw n=1590 total_us=8926 rebuild_us=189 layout_us=1909 paint_us=668 encode_us=50 acquire_us=76 submit_us=6033 skipped=0 gpu_q=1 gpu_total_us=4929 gpu_prepass_us=0 gpu_main_us=4929 gpu_composite_us=0 gpu_blit_us=0
frust_shell_common::perf: frust-perf raw n=1591 total_us=8779 rebuild_us=165 layout_us=2172 paint_us=380 encode_us=45 acquire_us=210 submit_us=5804 skipped=0 gpu_q=1 gpu_total_us=4988 gpu_prepass_us=0 gpu_main_us=4988 gpu_composite_us=0 gpu_blit_us=0
frust_shell_common::perf: frust-perf raw n=1592 total_us=8720 rebuild_us=141 layout_us=1768 paint_us=368 encode_us=41 acquire_us=443 submit_us=5957 skipped=0 gpu_q=1 gpu_total_us=5286 gpu_prepass_us=0 gpu_main_us=5286 gpu_composite_us=0 gpu_blit_us=0
frust_shell_common::perf: frust-perf raw n=1593 total_us=8582 rebuild_us=142 layout_us=1808 paint_us=393 encode_us=42 acquire_us=252 submit_us=5944 skipped=0 gpu_q=1 gpu_total_us=4893 gpu_prepass_us=0 gpu_main_us=4893 gpu_composite_us=0 gpu_blit_us=0
frust_shell_common::perf: frust-perf raw n=1594 total_us=9535 rebuild_us=145 layout_us=2103 paint_us=372 encode_us=43 acquire_us=579 submit_us=6290 skipped=0 gpu_q=1 gpu_total_us=4994 gpu_prepass_us=0 gpu_main_us=4994 gpu_composite_us=0 gpu_blit_us=0
frust_shell_common::perf: frust-perf raw n=1595 total_us=9588 rebuild_us=145 layout_us=2542 paint_us=489 encode_us=59 acquire_us=239 submit_us=6111 skipped=0 gpu_q=1 gpu_total_us=4993 gpu_prepass_us=0 gpu_main_us=4993 gpu_composite_us=0 gpu_blit_us=0
frust_shell_common::perf: frust-perf raw n=1596 total_us=9366 rebuild_us=137 layout_us=1987 paint_us=387 encode_us=44 acquire_us=756 submit_us=6053 skipped=0 gpu_q=1 gpu_total_us=4869 gpu_prepass_us=0 gpu_main_us=4869 gpu_composite_us=0 gpu_blit_us=0
frust_shell_common::perf: frust-perf raw n=1597 total_us=9189 rebuild_us=169 layout_us=2212 paint_us=536 encode_us=50 acquire_us=72 submit_us=6147 skipped=0 gpu_q=1 gpu_total_us=4926 gpu_prepass_us=0 gpu_main_us=4926 gpu_composite_us=0 gpu_blit_us=0
frust_shell_common::perf: frust-perf raw n=1598 total_us=9031 rebuild_us=168 layout_us=2127 paint_us=422 encode_us=45 acquire_us=150 submit_us=6116 skipped=0 gpu_q=1 gpu_total_us=5012 gpu_prepass_us=0 gpu_main_us=5012 gpu_composite_us=0 gpu_blit_us=0
frust_shell_common::perf: frust-perf raw n=1599 total_us=9078 rebuild_us=391 layout_us=1967 paint_us=499 encode_us=47 acquire_us=75 submit_us=6097 skipped=0 gpu_q=1 gpu_total_us=4956 gpu_prepass_us=0 gpu_main_us=4956 gpu_composite_us=0 gpu_blit_us=0
frust_shell_common::perf: frust-perf raw n=1600 total_us=9269 rebuild_us=167 layout_us=1981 paint_us=471 encode_us=47 acquire_us=281 submit_us=6320 skipped=0 gpu_q=1 gpu_total_us=4866 gpu_prepass_us=0 gpu_main_us=4866 gpu_composite_us=0 gpu_blit_us=0
frust_shell_common::perf: frust-perf raw n=1601 total_us=9623 rebuild_us=145 layout_us=2070 paint_us=383 encode_us=43 acquire_us=489 submit_us=6490 skipped=0 gpu_q=1 gpu_total_us=4937 gpu_prepass_us=0 gpu_main_us=4937 gpu_composite_us=0 gpu_blit_us=0
frust_shell_common::perf: frust-perf raw n=1602 total_us=9192 rebuild_us=146 layout_us=2450 paint_us=432 encode_us=45 acquire_us=70 submit_us=6047 skipped=0 gpu_q=1 gpu_total_us=4938 gpu_prepass_us=0 gpu_main_us=4938 gpu_composite_us=0 gpu_blit_us=0
frust_shell_common::perf: frust-perf raw n=1603 total_us=9133 rebuild_us=135 layout_us=1913 paint_us=473 encode_us=41 acquire_us=1023 submit_us=5545 skipped=0 gpu_q=1 gpu_total_us=4908 gpu_prepass_us=0 gpu_main_us=4908 gpu_composite_us=0 gpu_blit_us=0
frust_shell_common::perf: frust-perf raw n=1604 total_us=9378 rebuild_us=173 layout_us=1918 paint_us=439 encode_us=42 acquire_us=791 submit_us=6013 skipped=0 gpu_q=1 gpu_total_us=4924 gpu_prepass_us=0 gpu_main_us=4924 gpu_composite_us=0 gpu_blit_us=0
frust_shell_common::perf: frust-perf raw n=1605 total_us=9388 rebuild_us=135 layout_us=1865 paint_us=513 encode_us=39 acquire_us=868 submit_us=5966 skipped=0 gpu_q=1 gpu_total_us=4928 gpu_prepass_us=0 gpu_main_us=4928 gpu_composite_us=0 gpu_blit_us=0
frust_shell_common::perf: frust-perf raw n=1606 total_us=9543 rebuild_us=134 layout_us=1870 paint_us=459 encode_us=42 acquire_us=923 submit_us=6113 skipped=0 gpu_q=1 gpu_total_us=5020 gpu_prepass_us=0 gpu_main_us=5020 gpu_composite_us=0 gpu_blit_us=0
frust_shell_common::perf: frust-perf raw n=1607 total_us=9394 rebuild_us=130 layout_us=1903 paint_us=365 encode_us=41 acquire_us=897 submit_us=6056 skipped=0 gpu_q=1 gpu_total_us=5068 gpu_prepass_us=0 gpu_main_us=5068 gpu_composite_us=0 gpu_blit_us=0
frust_shell_common::perf: frust-perf raw n=1608 total_us=9592 rebuild_us=148 layout_us=2349 paint_us=508 encode_us=42 acquire_us=433 submit_us=6109 skipped=0 gpu_q=1 gpu_total_us=4899 gpu_prepass_us=0 gpu_main_us=4899 gpu_composite_us=0 gpu_blit_us=0
frust_shell_common::perf: frust-perf raw n=1609 total_us=8554 rebuild_us=177 layout_us=2133 paint_us=385 encode_us=46 acquire_us=68 submit_us=5742 skipped=0 gpu_q=1 gpu_total_us=5011 gpu_prepass_us=0 gpu_main_us=5011 gpu_composite_us=0 gpu_blit_us=0
frust_shell_common::perf: frust-perf raw n=1610 total_us=9262 rebuild_us=161 layout_us=2079 paint_us=357 encode_us=40 acquire_us=711 submit_us=5911 skipped=0 gpu_q=1 gpu_total_us=4995 gpu_prepass_us=0 gpu_main_us=4995 gpu_composite_us=0 gpu_blit_us=0
frust_shell_common::perf: frust-perf raw n=1611 total_us=9215 rebuild_us=141 layout_us=1999 paint_us=361 encode_us=41 acquire_us=588 submit_us=6083 skipped=0 gpu_q=1 gpu_total_us=5004 gpu_prepass_us=0 gpu_main_us=5004 gpu_composite_us=0 gpu_blit_us=0
frust_shell_common::perf: frust-perf raw n=1612 total_us=10483 rebuild_us=159 layout_us=2248 paint_us=495 encode_us=43 acquire_us=774 submit_us=6762 skipped=0 gpu_q=1 gpu_total_us=5381 gpu_prepass_us=0 gpu_main_us=5381 gpu_composite_us=0 gpu_blit_us=0
frust_shell_common::perf: frust-perf raw n=1613 total_us=8518 rebuild_us=132 layout_us=1737 paint_us=310 encode_us=40 acquire_us=679 submit_us=5617 skipped=0 gpu_q=1 gpu_total_us=4969 gpu_prepass_us=0 gpu_main_us=4969 gpu_composite_us=0 gpu_blit_us=0
frust_shell_common::perf: frust-perf raw n=1614 total_us=6664 rebuild_us=124 layout_us=1757 paint_us=326 encode_us=35 acquire_us=148 submit_us=4272 skipped=0 gpu_q=1 gpu_total_us=5087 gpu_prepass_us=0 gpu_main_us=5087 gpu_composite_us=0 gpu_blit_us=0
frust_shell_common::perf: frust-perf raw n=1615 total_us=7688 rebuild_us=145 layout_us=1737 paint_us=344 encode_us=34 acquire_us=210 submit_us=5215 skipped=0 gpu_q=1 gpu_total_us=4985 gpu_prepass_us=0 gpu_main_us=4985 gpu_composite_us=0 gpu_blit_us=0
frust_shell_common::perf: frust-perf raw n=1616 total_us=9452 rebuild_us=152 layout_us=2119 paint_us=358 encode_us=45 acquire_us=289 submit_us=6487 skipped=0 gpu_q=1 gpu_total_us=5053 gpu_prepass_us=0 gpu_main_us=5053 gpu_composite_us=0 gpu_blit_us=0
frust_shell_common::perf: frust-perf raw n=1617 total_us=8994 rebuild_us=126 layout_us=1848 paint_us=357 encode_us=43 acquire_us=468 submit_us=6150 skipped=0 gpu_q=1 gpu_total_us=4901 gpu_prepass_us=56 gpu_main_us=4844 gpu_composite_us=0 gpu_blit_us=0
frust_shell_common::perf: frust-perf raw n=1618 total_us=10647 rebuild_us=158 layout_us=3219 paint_us=415 encode_us=48 acquire_us=693 submit_us=6112 skipped=0 gpu_q=1 gpu_total_us=4830 gpu_prepass_us=0 gpu_main_us=4830 gpu_composite_us=0 gpu_blit_us=0
frust_shell_common::perf: frust-perf raw n=1619 total_us=8542 rebuild_us=151 layout_us=1794 paint_us=375 encode_us=86 acquire_us=510 submit_us=5624 skipped=0 gpu_q=1 gpu_total_us=4891 gpu_prepass_us=0 gpu_main_us=4891 gpu_composite_us=0 gpu_blit_us=0
frust_engine::renderer: frust-perf enc n=1620 w=60 validate_us=13.6 prepare_us=3.0 classify_us=44.6 admit_us=0.2 walk_us=2860.7 glyphs_us=2300.8 finish_us=2.3 compile_us=2927.2 schedule_us=4.1 paints_us=139.2 instances_us=207.9 resize_us=10.2 upload_us=265.6 replay_us=0.3 pipelines_us=15.7 record_us=28.4 total_us=3630.0 total_p95_us=3952.0 draws=829 strips=12457 alphas=301616 glyph_draws=797 atlas_glyphs=797
frust_shell_common::perf: frust-perf raw n=1620 total_us=8174 rebuild_us=145 layout_us=1780 paint_us=352 encode_us=46 acquire_us=223 submit_us=5626 skipped=0 gpu_q=1 gpu_total_us=5004 gpu_prepass_us=0 gpu_main_us=5004 gpu_composite_us=0 gpu_blit_us=0
frust_shell_common::perf: frust-perf raw n=1621 total_us=7712 rebuild_us=127 layout_us=1599 paint_us=365 encode_us=41 acquire_us=128 submit_us=5450 skipped=0 gpu_q=1 gpu_total_us=4899 gpu_prepass_us=0 gpu_main_us=4899 gpu_composite_us=0 gpu_blit_us=0
frust_shell_common::perf: frust-perf raw n=1622 total_us=7774 rebuild_us=129 layout_us=1386 paint_us=277 encode_us=40 acquire_us=476 submit_us=5464 skipped=0 gpu_q=1 gpu_total_us=5165 gpu_prepass_us=0 gpu_main_us=5165 gpu_composite_us=0 gpu_blit_us=0
frust_shell_common::perf: frust-perf raw n=1623 total_us=8832 rebuild_us=150 layout_us=1969 paint_us=398 encode_us=42 acquire_us=366 submit_us=5905 skipped=0 gpu_q=1 gpu_total_us=4927 gpu_prepass_us=0 gpu_main_us=4927 gpu_composite_us=0 gpu_blit_us=0
frust_shell_common::perf: frust-perf raw n=1624 total_us=8737 rebuild_us=152 layout_us=1928 paint_us=382 encode_us=45 acquire_us=167 submit_us=6061 skipped=0 gpu_q=1 gpu_total_us=4766 gpu_prepass_us=0 gpu_main_us=4766 gpu_composite_us=0 gpu_blit_us=0
frust_shell_common::perf: frust-perf raw n=1625 total_us=8681 rebuild_us=198 layout_us=2075 paint_us=340 encode_us=39 acquire_us=70 submit_us=5957 skipped=0 gpu_q=1 gpu_total_us=4824 gpu_prepass_us=0 gpu_main_us=4824 gpu_composite_us=0 gpu_blit_us=0
frust_shell_common::perf: frust-perf raw n=1626 total_us=8828 rebuild_us=150 layout_us=1986 paint_us=414 encode_us=45 acquire_us=264 submit_us=5965 skipped=0 gpu_q=1 gpu_total_us=4945 gpu_prepass_us=0 gpu_main_us=4945 gpu_composite_us=0 gpu_blit_us=0
frust_shell_common::perf: frust-perf raw n=1627 total_us=9473 rebuild_us=158 layout_us=2575 paint_us=412 encode_us=45 acquire_us=82 submit_us=6198 skipped=0 gpu_q=1 gpu_total_us=4956 gpu_prepass_us=0 gpu_main_us=4956 gpu_composite_us=0 gpu_blit_us=0
frust_shell_common::perf: frust-perf raw n=1628 total_us=9884 rebuild_us=143 layout_us=2240 paint_us=373 encode_us=51 acquire_us=374 submit_us=6700 skipped=0 gpu_q=1 gpu_total_us=4841 gpu_prepass_us=0 gpu_main_us=4841 gpu_composite_us=0 gpu_blit_us=0
frust_shell_common::perf: frust-perf raw n=1629 total_us=9552 rebuild_us=147 layout_us=2014 paint_us=376 encode_us=45 acquire_us=287 submit_us=6680 skipped=0 gpu_q=1 gpu_total_us=4913 gpu_prepass_us=0 gpu_main_us=4913 gpu_composite_us=0 gpu_blit_us=0
frust_shell_common::perf: frust-perf raw n=1630 total_us=9675 rebuild_us=186 layout_us=2045 paint_us=372 encode_us=44 acquire_us=884 submit_us=6142 skipped=0 gpu_q=1 gpu_total_us=4930 gpu_prepass_us=0 gpu_main_us=4930 gpu_composite_us=0 gpu_blit_us=0
frust_shell_common::perf: frust-perf raw n=1631 total_us=8339 rebuild_us=145 layout_us=1786 paint_us=370 encode_us=42 acquire_us=71 submit_us=5922 skipped=0 gpu_q=1 gpu_total_us=4975 gpu_prepass_us=0 gpu_main_us=4975 gpu_composite_us=0 gpu_blit_us=0
frust_shell_common::perf: frust-perf raw n=1632 total_us=8556 rebuild_us=143 layout_us=2053 paint_us=481 encode_us=34 acquire_us=1247 submit_us=4595 skipped=0 gpu_q=1 gpu_total_us=4958 gpu_prepass_us=0 gpu_main_us=4958 gpu_composite_us=0 gpu_blit_us=0
frust_shell_common::perf: frust-perf raw n=1633 total_us=9939 rebuild_us=147 layout_us=2410 paint_us=391 encode_us=50 acquire_us=70 submit_us=6868 skipped=0 gpu_q=1 gpu_total_us=5013 gpu_prepass_us=0 gpu_main_us=5013 gpu_composite_us=0 gpu_blit_us=0
frust_shell_common::perf: frust-perf raw n=1634 total_us=8748 rebuild_us=142 layout_us=1856 paint_us=497 encode_us=44 acquire_us=287 submit_us=5920 skipped=0 gpu_q=1 gpu_total_us=5040 gpu_prepass_us=0 gpu_main_us=5040 gpu_composite_us=0 gpu_blit_us=0
frust_shell_common::perf: frust-perf raw n=1635 total_us=8199 rebuild_us=165 layout_us=1765 paint_us=377 encode_us=69 acquire_us=306 submit_us=5514 skipped=0 gpu_q=1 gpu_total_us=4919 gpu_prepass_us=0 gpu_main_us=4919 gpu_composite_us=0 gpu_blit_us=0
frust_shell_common::perf: frust-perf raw n=1636 total_us=8440 rebuild_us=132 layout_us=1862 paint_us=380 encode_us=37 acquire_us=334 submit_us=5693 skipped=0 gpu_q=1 gpu_total_us=4844 gpu_prepass_us=0 gpu_main_us=4844 gpu_composite_us=0 gpu_blit_us=0
frust_shell_common::perf: frust-perf raw n=1637 total_us=9143 rebuild_us=143 layout_us=1972 paint_us=357 encode_us=41 acquire_us=342 submit_us=6286 skipped=0 gpu_q=1 gpu_total_us=4981 gpu_prepass_us=84 gpu_main_us=4896 gpu_composite_us=0 gpu_blit_us=0
frust_shell_common::perf: frust-perf raw n=1638 total_us=9659 rebuild_us=145 layout_us=1947 paint_us=353 encode_us=42 acquire_us=511 submit_us=6659 skipped=0 gpu_q=1 gpu_total_us=4973 gpu_prepass_us=0 gpu_main_us=4973 gpu_composite_us=0 gpu_blit_us=0
frust_shell_common::perf: frust-perf raw n=1639 total_us=10265 rebuild_us=131 layout_us=2222 paint_us=393 encode_us=48 acquire_us=704 submit_us=6764 skipped=0 gpu_q=1 gpu_total_us=4966 gpu_prepass_us=0 gpu_main_us=4966 gpu_composite_us=0 gpu_blit_us=0
frust_shell_common::perf: frust-perf raw n=1640 total_us=8184 rebuild_us=132 layout_us=1884 paint_us=490 encode_us=43 acquire_us=353 submit_us=5279 skipped=0 gpu_q=1 gpu_total_us=4786 gpu_prepass_us=0 gpu_main_us=4786 gpu_composite_us=0 gpu_blit_us=0
frust_shell_common::perf: frust-perf raw n=1641 total_us=6683 rebuild_us=131 layout_us=1714 paint_us=297 encode_us=37 acquire_us=161 submit_us=4342 skipped=0 gpu_q=1 gpu_total_us=4911 gpu_prepass_us=0 gpu_main_us=4911 gpu_composite_us=0 gpu_blit_us=0
frust_shell_common::perf: frust-perf raw n=1642 total_us=7374 rebuild_us=140 layout_us=1791 paint_us=331 encode_us=36 acquire_us=53 submit_us=5020 skipped=0 gpu_q=1 gpu_total_us=4967 gpu_prepass_us=0 gpu_main_us=4967 gpu_composite_us=0 gpu_blit_us=0
frust_shell_common::perf: frust-perf raw n=1643 total_us=9434 rebuild_us=153 layout_us=2075 paint_us=358 encode_us=43 acquire_us=628 submit_us=6174 skipped=0 gpu_q=1 gpu_total_us=5026 gpu_prepass_us=0 gpu_main_us=5026 gpu_composite_us=0 gpu_blit_us=0
frust_shell_common::perf: frust-perf raw n=1644 total_us=8253 rebuild_us=161 layout_us=1846 paint_us=368 encode_us=49 acquire_us=73 submit_us=5753 skipped=0 gpu_q=1 gpu_total_us=4806 gpu_prepass_us=0 gpu_main_us=4806 gpu_composite_us=0 gpu_blit_us=0
frust_shell_common::perf: frust-perf raw n=1645 total_us=8779 rebuild_us=144 layout_us=2001 paint_us=357 encode_us=44 acquire_us=176 submit_us=6055 skipped=0 gpu_q=1 gpu_total_us=4861 gpu_prepass_us=0 gpu_main_us=4861 gpu_composite_us=0 gpu_blit_us=0
frust_shell_common::perf: frust-perf raw n=1646 total_us=8957 rebuild_us=165 layout_us=2255 paint_us=390 encode_us=56 acquire_us=79 submit_us=6011 skipped=0 gpu_q=1 gpu_total_us=4858 gpu_prepass_us=0 gpu_main_us=4858 gpu_composite_us=0 gpu_blit_us=0
frust_shell_common::perf: frust-perf raw n=1647 total_us=8977 rebuild_us=158 layout_us=1862 paint_us=356 encode_us=41 acquire_us=532 submit_us=6025 skipped=0 gpu_q=1 gpu_total_us=5051 gpu_prepass_us=0 gpu_main_us=5051 gpu_composite_us=0 gpu_blit_us=0
frust_shell_common::perf: frust-perf raw n=1648 total_us=9452 rebuild_us=169 layout_us=1925 paint_us=356 encode_us=41 acquire_us=1007 submit_us=5951 skipped=0 gpu_q=1 gpu_total_us=4774 gpu_prepass_us=0 gpu_main_us=4774 gpu_composite_us=0 gpu_blit_us=0
frust_shell_common::perf: frust-perf raw n=1649 total_us=9275 rebuild_us=132 layout_us=1890 paint_us=370 encode_us=43 acquire_us=844 submit_us=5993 skipped=0 gpu_q=1 gpu_total_us=4919 gpu_prepass_us=0 gpu_main_us=4919 gpu_composite_us=0 gpu_blit_us=0
frust_shell_common::perf: frust-perf raw n=1650 total_us=9743 rebuild_us=157 layout_us=1891 paint_us=487 encode_us=39 acquire_us=1068 submit_us=6098 skipped=0 gpu_q=1 gpu_total_us=4994 gpu_prepass_us=0 gpu_main_us=4994 gpu_composite_us=0 gpu_blit_us=0
frust_shell_common::perf: frust-perf raw n=1651 total_us=9122 rebuild_us=136 layout_us=1873 paint_us=501 encode_us=41 acquire_us=667 submit_us=5900 skipped=0 gpu_q=1 gpu_total_us=5023 gpu_prepass_us=0 gpu_main_us=5023 gpu_composite_us=0 gpu_blit_us=0
frust_shell_common::perf: frust-perf raw n=1652 total_us=10339 rebuild_us=165 layout_us=2265 paint_us=410 encode_us=44 acquire_us=218 submit_us=7235 skipped=0 gpu_q=1 gpu_total_us=4939 gpu_prepass_us=0 gpu_main_us=4939 gpu_composite_us=0 gpu_blit_us=0
frust_shell_common::perf: frust-perf raw n=1653 total_us=8393 rebuild_us=137 layout_us=2162 paint_us=410 encode_us=47 acquire_us=67 submit_us=5568 skipped=0 gpu_q=1 gpu_total_us=4944 gpu_prepass_us=0 gpu_main_us=4944 gpu_composite_us=0 gpu_blit_us=0
frust_shell_common::perf: frust-perf raw n=1654 total_us=8436 rebuild_us=155 layout_us=1878 paint_us=309 encode_us=40 acquire_us=680 submit_us=5372 skipped=0 gpu_q=1 gpu_total_us=4989 gpu_prepass_us=0 gpu_main_us=4989 gpu_composite_us=0 gpu_blit_us=0
frust_shell_common::perf: frust-perf raw n=1655 total_us=8327 rebuild_us=117 layout_us=1818 paint_us=378 encode_us=45 acquire_us=73 submit_us=5895 skipped=0 gpu_q=1 gpu_total_us=4949 gpu_prepass_us=0 gpu_main_us=4949 gpu_composite_us=0 gpu_blit_us=0
frust_shell_common::perf: frust-perf raw n=1656 total_us=9495 rebuild_us=126 layout_us=2161 paint_us=354 encode_us=46 acquire_us=577 submit_us=6230 skipped=0 gpu_q=1 gpu_total_us=5047 gpu_prepass_us=93 gpu_main_us=4954 gpu_composite_us=0 gpu_blit_us=0
frust_shell_common::perf: frust-perf raw n=1657 total_us=9486 rebuild_us=131 layout_us=2004 paint_us=518 encode_us=45 acquire_us=591 submit_us=6195 skipped=0 gpu_q=1 gpu_total_us=4929 gpu_prepass_us=0 gpu_main_us=4929 gpu_composite_us=0 gpu_blit_us=0
frust_shell_common::perf: frust-perf raw n=1658 total_us=9353 rebuild_us=138 layout_us=2400 paint_us=592 encode_us=70 acquire_us=76 submit_us=6075 skipped=0 gpu_q=1 gpu_total_us=5009 gpu_prepass_us=0 gpu_main_us=5009 gpu_composite_us=0 gpu_blit_us=0
frust_shell_common::perf: frust-perf raw n=1659 total_us=8586 rebuild_us=134 layout_us=1918 paint_us=319 encode_us=40 acquire_us=73 submit_us=6100 skipped=0 gpu_q=1 gpu_total_us=4962 gpu_prepass_us=0 gpu_main_us=4962 gpu_composite_us=0 gpu_blit_us=0
frust_shell_common::perf: frust-perf raw n=1660 total_us=8751 rebuild_us=177 layout_us=1971 paint_us=366 encode_us=40 acquire_us=399 submit_us=5796 skipped=0 gpu_q=1 gpu_total_us=4840 gpu_prepass_us=0 gpu_main_us=4840 gpu_composite_us=0 gpu_blit_us=0
frust_shell_common::perf: frust-perf raw n=1661 total_us=8975 rebuild_us=137 layout_us=1684 paint_us=432 encode_us=40 acquire_us=519 submit_us=6160 skipped=0 gpu_q=1 gpu_total_us=4933 gpu_prepass_us=0 gpu_main_us=4933 gpu_composite_us=0 gpu_blit_us=0
frust_shell_common::perf: frust-perf raw n=1662 total_us=8361 rebuild_us=152 layout_us=1418 paint_us=283 encode_us=40 acquire_us=436 submit_us=6030 skipped=0 gpu_q=1 gpu_total_us=5517 gpu_prepass_us=0 gpu_main_us=5517 gpu_composite_us=0 gpu_blit_us=0
frust_shell_common::perf: frust-perf raw n=1663 total_us=8704 rebuild_us=144 layout_us=1877 paint_us=351 encode_us=41 acquire_us=618 submit_us=5670 skipped=0 gpu_q=1 gpu_total_us=4995 gpu_prepass_us=0 gpu_main_us=4995 gpu_composite_us=0 gpu_blit_us=0
frust_shell_common::perf: frust-perf raw n=1664 total_us=8349 rebuild_us=149 layout_us=1672 paint_us=332 encode_us=54 acquire_us=77 submit_us=6064 skipped=0 gpu_q=1 gpu_total_us=4879 gpu_prepass_us=0 gpu_main_us=4879 gpu_composite_us=0 gpu_blit_us=0
frust_shell_common::perf: frust-perf raw n=1665 total_us=8194 rebuild_us=140 layout_us=1921 paint_us=369 encode_us=42 acquire_us=68 submit_us=5651 skipped=0 gpu_q=1 gpu_total_us=4963 gpu_prepass_us=0 gpu_main_us=4963 gpu_composite_us=0 gpu_blit_us=0
frust_shell_android::app::frame: frust-perf platform-view tail depth=0 target=0 acquire_bound=false frame=1680 expected_present_us=0 acquire_us=268 period_us=8264
frust_shell_common::perf: frust-perf raw n=1666 total_us=9012 rebuild_us=152 layout_us=1942 paint_us=443 encode_us=42 acquire_us=232 submit_us=6199 skipped=0 gpu_q=1 gpu_total_us=4916 gpu_prepass_us=0 gpu_main_us=4916 gpu_composite_us=0 gpu_blit_us=0
frust_shell_common::perf: frust-perf raw n=1667 total_us=10424 rebuild_us=198 layout_us=2225 paint_us=369 encode_us=65 acquire_us=785 submit_us=6781 skipped=0 gpu_q=1 gpu_total_us=4920 gpu_prepass_us=0 gpu_main_us=4920 gpu_composite_us=0 gpu_blit_us=0
frust_shell_common::perf: frust-perf raw n=1668 total_us=8053 rebuild_us=125 layout_us=1871 paint_us=410 encode_us=42 acquire_us=78 submit_us=5525 skipped=0 gpu_q=1 gpu_total_us=4808 gpu_prepass_us=0 gpu_main_us=4808 gpu_composite_us=0 gpu_blit_us=0
frust_shell_common::perf: frust-perf raw n=1669 total_us=6991 rebuild_us=144 layout_us=2002 paint_us=373 encode_us=36 acquire_us=52 submit_us=4382 skipped=0 gpu_q=1 gpu_total_us=4852 gpu_prepass_us=0 gpu_main_us=4852 gpu_composite_us=0 gpu_blit_us=0
frust_shell_common::perf: frust-perf raw n=1670 total_us=8254 rebuild_us=179 layout_us=2271 paint_us=376 encode_us=35 acquire_us=212 submit_us=5178 skipped=0 gpu_q=1 gpu_total_us=5046 gpu_prepass_us=0 gpu_main_us=5046 gpu_composite_us=0 gpu_blit_us=0
frust_shell_common::perf: frust-perf raw n=1671 total_us=10792 rebuild_us=135 layout_us=2082 paint_us=360 encode_us=39 acquire_us=512 submit_us=7662 skipped=0 gpu_q=1 gpu_total_us=5072 gpu_prepass_us=0 gpu_main_us=5072 gpu_composite_us=0 gpu_blit_us=0
frust_shell_common::perf: frust-perf raw n=1672 total_us=7622 rebuild_us=160 layout_us=1799 paint_us=428 encode_us=43 acquire_us=166 submit_us=5024 skipped=0 gpu_q=1 gpu_total_us=4880 gpu_prepass_us=0 gpu_main_us=4880 gpu_composite_us=0 gpu_blit_us=0
frust_shell_common::perf: frust-perf raw n=1673 total_us=7959 rebuild_us=153 layout_us=1993 paint_us=357 encode_us=42 acquire_us=510 submit_us=4903 skipped=0 gpu_q=1 gpu_total_us=4750 gpu_prepass_us=0 gpu_main_us=4750 gpu_composite_us=0 gpu_blit_us=0
frust_shell_common::perf: frust-perf raw n=1674 total_us=8219 rebuild_us=147 layout_us=1946 paint_us=354 encode_us=35 acquire_us=190 submit_us=5544 skipped=0 gpu_q=1 gpu_total_us=4900 gpu_prepass_us=0 gpu_main_us=4900 gpu_composite_us=0 gpu_blit_us=0
frust_shell_common::perf: frust-perf raw n=1675 total_us=9086 rebuild_us=153 layout_us=2267 paint_us=363 encode_us=43 acquire_us=130 submit_us=6127 skipped=0 gpu_q=1 gpu_total_us=5118 gpu_prepass_us=85 gpu_main_us=5032 gpu_composite_us=0 gpu_blit_us=0
frust_shell_common::perf: frust-perf raw n=1676 total_us=8344 rebuild_us=164 layout_us=2021 paint_us=371 encode_us=41 acquire_us=73 submit_us=5671 skipped=0 gpu_q=1 gpu_total_us=4844 gpu_prepass_us=0 gpu_main_us=4844 gpu_composite_us=0 gpu_blit_us=0
frust_shell_common::perf: frust-perf raw n=1677 total_us=10041 rebuild_us=142 layout_us=2622 paint_us=398 encode_us=55 acquire_us=86 submit_us=6735 skipped=0 gpu_q=1 gpu_total_us=4855 gpu_prepass_us=0 gpu_main_us=4855 gpu_composite_us=0 gpu_blit_us=0
frust_shell_common::perf: frust-perf raw n=1678 total_us=6310 rebuild_us=130 layout_us=1556 paint_us=316 encode_us=44 acquire_us=207 submit_us=4055 skipped=0 gpu_q=1 gpu_total_us=4923 gpu_prepass_us=0 gpu_main_us=4923 gpu_composite_us=0 gpu_blit_us=0
frust_shell_common::perf: frust-perf raw n=1679 total_us=9200 rebuild_us=152 layout_us=1786 paint_us=539 encode_us=38 acquire_us=55 submit_us=6627 skipped=0 gpu_q=1 gpu_total_us=4944 gpu_prepass_us=0 gpu_main_us=4944 gpu_composite_us=0 gpu_blit_us=0
frust_engine::renderer: frust-perf enc n=1680 w=60 validate_us=13.4 prepare_us=2.9 classify_us=44.2 admit_us=0.2 walk_us=2856.9 glyphs_us=2293.5 finish_us=2.2 compile_us=2922.6 schedule_us=4.3 paints_us=137.1 instances_us=209.6 resize_us=10.2 upload_us=271.9 replay_us=0.3 pipelines_us=16.5 record_us=28.3 total_us=3622.3 total_p95_us=4193.4 draws=829 strips=12423 alphas=302800 glyph_draws=797 atlas_glyphs=797
frust_shell_common::perf: frust-perf raw n=1680 total_us=7036 rebuild_us=123 layout_us=1724 paint_us=301 encode_us=41 acquire_us=74 submit_us=4771 skipped=0 gpu_q=1 gpu_total_us=4827 gpu_prepass_us=0 gpu_main_us=4827 gpu_composite_us=0 gpu_blit_us=0
frust_shell_common::perf: frust-perf raw n=1681 total_us=7774 rebuild_us=145 layout_us=1924 paint_us=501 encode_us=40 acquire_us=64 submit_us=5097 skipped=0 gpu_q=1 gpu_total_us=5596 gpu_prepass_us=0 gpu_main_us=5596 gpu_composite_us=0 gpu_blit_us=0
frust_shell_common::perf: frust-perf raw n=1682 total_us=8578 rebuild_us=151 layout_us=2083 paint_us=413 encode_us=43 acquire_us=284 submit_us=5601 skipped=0 gpu_q=1 gpu_total_us=4959 gpu_prepass_us=0 gpu_main_us=4959 gpu_composite_us=0 gpu_blit_us=0
frust_shell_common::perf: frust-perf raw n=1683 total_us=8781 rebuild_us=148 layout_us=2481 paint_us=517 encode_us=47 acquire_us=74 submit_us=5511 skipped=0 gpu_q=1 gpu_total_us=5079 gpu_prepass_us=0 gpu_main_us=5079 gpu_composite_us=0 gpu_blit_us=0
frust_shell_common::perf: frust-perf raw n=1684 total_us=8528 rebuild_us=162 layout_us=2122 paint_us=449 encode_us=54 acquire_us=120 submit_us=5618 skipped=0 gpu_q=1 gpu_total_us=4766 gpu_prepass_us=0 gpu_main_us=4766 gpu_composite_us=0 gpu_blit_us=0
frust_shell_common::perf: frust-perf raw n=1685 total_us=8416 rebuild_us=151 layout_us=2263 paint_us=369 encode_us=49 acquire_us=72 submit_us=5510 skipped=0 gpu_q=1 gpu_total_us=4808 gpu_prepass_us=0 gpu_main_us=4808 gpu_composite_us=0 gpu_blit_us=0
frust_shell_common::perf: frust-perf raw n=1686 total_us=8642 rebuild_us=139 layout_us=2281 paint_us=368 encode_us=46 acquire_us=218 submit_us=5587 skipped=0 gpu_q=1 gpu_total_us=4938 gpu_prepass_us=0 gpu_main_us=4938 gpu_composite_us=0 gpu_blit_us=0
frust_shell_common::perf: frust-perf raw n=1687 total_us=8180 rebuild_us=158 layout_us=1801 paint_us=315 encode_us=40 acquire_us=445 submit_us=5418 skipped=0 gpu_q=1 gpu_total_us=4929 gpu_prepass_us=0 gpu_main_us=4929 gpu_composite_us=0 gpu_blit_us=0
frust_shell_common::perf: frust-perf raw n=1688 total_us=8462 rebuild_us=127 layout_us=1869 paint_us=403 encode_us=41 acquire_us=68 submit_us=5951 skipped=0 gpu_q=1 gpu_total_us=4895 gpu_prepass_us=0 gpu_main_us=4895 gpu_composite_us=0 gpu_blit_us=0
frust_shell_common::perf: frust-perf raw n=1689 total_us=8917 rebuild_us=135 layout_us=2215 paint_us=352 encode_us=51 acquire_us=72 submit_us=6090 skipped=0 gpu_q=1 gpu_total_us=4955 gpu_prepass_us=0 gpu_main_us=4955 gpu_composite_us=0 gpu_blit_us=0
frust_shell_common::perf: frust-perf raw n=1690 total_us=8878 rebuild_us=193 layout_us=1945 paint_us=527 encode_us=48 acquire_us=67 submit_us=6096 skipped=0 gpu_q=1 gpu_total_us=4972 gpu_prepass_us=0 gpu_main_us=4972 gpu_composite_us=0 gpu_blit_us=0
frust_shell_common::perf: frust-perf raw n=1691 total_us=10310 rebuild_us=158 layout_us=2028 paint_us=538 encode_us=42 acquire_us=275 submit_us=7267 skipped=0 gpu_q=1 gpu_total_us=4960 gpu_prepass_us=0 gpu_main_us=4960 gpu_composite_us=0 gpu_blit_us=0
frust_shell_common::perf: frust-perf raw n=1692 total_us=8117 rebuild_us=130 layout_us=1547 paint_us=321 encode_us=39 acquire_us=167 submit_us=5911 skipped=0 gpu_q=1 gpu_total_us=4799 gpu_prepass_us=0 gpu_main_us=4799 gpu_composite_us=0 gpu_blit_us=0
frust_shell_common::perf: frust-perf raw n=1693 total_us=8177 rebuild_us=139 layout_us=1899 paint_us=376 encode_us=33 acquire_us=1221 submit_us=4506 skipped=0 gpu_q=1 gpu_total_us=4866 gpu_prepass_us=0 gpu_main_us=4866 gpu_composite_us=0 gpu_blit_us=0
frust_shell_common::perf: frust-perf raw n=1694 total_us=7354 rebuild_us=132 layout_us=1558 paint_us=365 encode_us=41 acquire_us=62 submit_us=5194 skipped=0 gpu_q=1 gpu_total_us=4936 gpu_prepass_us=0 gpu_main_us=4936 gpu_composite_us=0 gpu_blit_us=0
frust_shell_common::perf: frust-perf raw n=1695 total_us=7630 rebuild_us=144 layout_us=1749 paint_us=331 encode_us=43 acquire_us=161 submit_us=5200 skipped=0 gpu_q=1 gpu_total_us=5216 gpu_prepass_us=81 gpu_main_us=5135 gpu_composite_us=0 gpu_blit_us=0
frust_shell_common::perf: frust-perf raw n=1696 total_us=8941 rebuild_us=143 layout_us=2172 paint_us=381 encode_us=45 acquire_us=170 submit_us=6029 skipped=0 gpu_q=1 gpu_total_us=4822 gpu_prepass_us=0 gpu_main_us=4822 gpu_composite_us=0 gpu_blit_us=0
frust_shell_common::perf: frust-perf raw n=1697 total_us=9615 rebuild_us=147 layout_us=1929 paint_us=363 encode_us=45 acquire_us=891 submit_us=6237 skipped=0 gpu_q=1 gpu_total_us=4877 gpu_prepass_us=0 gpu_main_us=4877 gpu_composite_us=0 gpu_blit_us=0
frust_shell_common::perf: frust-perf raw n=1698 total_us=8218 rebuild_us=127 layout_us=1750 paint_us=336 encode_us=44 acquire_us=74 submit_us=5884 skipped=0 gpu_q=1 gpu_total_us=4823 gpu_prepass_us=0 gpu_main_us=4823 gpu_composite_us=0 gpu_blit_us=0
frust_shell_common::perf: frust-perf raw n=1699 total_us=7892 rebuild_us=150 layout_us=2083 paint_us=391 encode_us=40 acquire_us=868 submit_us=4358 skipped=0 gpu_q=1 gpu_total_us=4808 gpu_prepass_us=0 gpu_main_us=4808 gpu_composite_us=0 gpu_blit_us=0
frust_shell_common::perf: frust-perf raw n=1700 total_us=6546 rebuild_us=146 layout_us=1762 paint_us=324 encode_us=34 acquire_us=363 submit_us=3915 skipped=0 gpu_q=1 gpu_total_us=4842 gpu_prepass_us=0 gpu_main_us=4842 gpu_composite_us=0 gpu_blit_us=0
frust_shell_common::perf: frust-perf raw n=1701 total_us=6670 rebuild_us=145 layout_us=1963 paint_us=335 encode_us=30 acquire_us=47 submit_us=4148 skipped=0 gpu_q=1 gpu_total_us=5368 gpu_prepass_us=0 gpu_main_us=5368 gpu_composite_us=0 gpu_blit_us=0
frust_shell_common::perf: frust-perf raw n=1702 total_us=8155 rebuild_us=148 layout_us=2288 paint_us=519 encode_us=44 acquire_us=61 submit_us=5093 skipped=0 gpu_q=1 gpu_total_us=4957 gpu_prepass_us=0 gpu_main_us=4957 gpu_composite_us=0 gpu_blit_us=0
frust_shell_common::perf: frust-perf raw n=1703 total_us=7205 rebuild_us=145 layout_us=2065 paint_us=338 encode_us=39 acquire_us=62 submit_us=4552 skipped=0 gpu_q=1 gpu_total_us=4949 gpu_prepass_us=0 gpu_main_us=4949 gpu_composite_us=0 gpu_blit_us=0
frust_shell_common::perf: frust-perf raw n=1704 total_us=6434 rebuild_us=148 layout_us=2049 paint_us=355 encode_us=35 acquire_us=51 submit_us=3794 skipped=0 gpu_q=1 gpu_total_us=4705 gpu_prepass_us=0 gpu_main_us=4705 gpu_composite_us=0 gpu_blit_us=0
frust_shell_common::perf: frust-perf raw n=1705 total_us=6984 rebuild_us=143 layout_us=1761 paint_us=332 encode_us=34 acquire_us=53 submit_us=4658 skipped=0 gpu_q=1 gpu_total_us=4825 gpu_prepass_us=0 gpu_main_us=4825 gpu_composite_us=0 gpu_blit_us=0
frust_shell_common::perf: frust-perf raw n=1706 total_us=9206 rebuild_us=154 layout_us=2014 paint_us=359 encode_us=46 acquire_us=142 submit_us=6487 skipped=0 gpu_q=1 gpu_total_us=4858 gpu_prepass_us=0 gpu_main_us=4858 gpu_composite_us=0 gpu_blit_us=0
frust_shell_common::perf: frust-perf raw n=1707 total_us=8717 rebuild_us=128 layout_us=1930 paint_us=367 encode_us=44 acquire_us=75 submit_us=6171 skipped=0 gpu_q=1 gpu_total_us=4927 gpu_prepass_us=0 gpu_main_us=4927 gpu_composite_us=0 gpu_blit_us=0
frust_shell_common::perf: frust-perf raw n=1708 total_us=9908 rebuild_us=149 layout_us=2332 paint_us=385 encode_us=44 acquire_us=348 submit_us=6647 skipped=0 gpu_q=1 gpu_total_us=4795 gpu_prepass_us=0 gpu_main_us=4795 gpu_composite_us=0 gpu_blit_us=0
frust_shell_common::perf: frust-perf raw n=1709 total_us=8689 rebuild_us=130 layout_us=2062 paint_us=375 encode_us=46 acquire_us=75 submit_us=5999 skipped=0 gpu_q=1 gpu_total_us=4835 gpu_prepass_us=0 gpu_main_us=4835 gpu_composite_us=0 gpu_blit_us=0
frust_shell_common::perf: frust-perf raw n=1710 total_us=8225 rebuild_us=185 layout_us=1538 paint_us=318 encode_us=48 acquire_us=123 submit_us=6011 skipped=0 gpu_q=1 gpu_total_us=5003 gpu_prepass_us=0 gpu_main_us=5003 gpu_composite_us=0 gpu_blit_us=0
frust_shell_common::perf: frust-perf raw n=1711 total_us=8571 rebuild_us=133 layout_us=1848 paint_us=478 encode_us=43 acquire_us=130 submit_us=5938 skipped=0 gpu_q=1 gpu_total_us=4960 gpu_prepass_us=0 gpu_main_us=4960 gpu_composite_us=0 gpu_blit_us=0
frust_shell_common::perf: frust-perf raw n=1712 total_us=9049 rebuild_us=152 layout_us=1913 paint_us=404 encode_us=42 acquire_us=511 submit_us=6025 skipped=0 gpu_q=1 gpu_total_us=4884 gpu_prepass_us=0 gpu_main_us=4884 gpu_composite_us=0 gpu_blit_us=0
frust_shell_common::perf: frust-perf raw n=1713 total_us=8820 rebuild_us=154 layout_us=2065 paint_us=390 encode_us=40 acquire_us=130 submit_us=6039 skipped=0 gpu_q=1 gpu_total_us=4974 gpu_prepass_us=0 gpu_main_us=4974 gpu_composite_us=0 gpu_blit_us=0
frust_shell_common::perf: frust-perf raw n=1714 total_us=9065 rebuild_us=142 layout_us=2373 paint_us=393 encode_us=49 acquire_us=70 submit_us=6036 skipped=0 gpu_q=1 gpu_total_us=4998 gpu_prepass_us=0 gpu_main_us=4998 gpu_composite_us=0 gpu_blit_us=0
frust_shell_common::perf: frust-perf raw n=1715 total_us=9565 rebuild_us=165 layout_us=2079 paint_us=471 encode_us=45 acquire_us=703 submit_us=6099 skipped=0 gpu_q=1 gpu_total_us=4947 gpu_prepass_us=0 gpu_main_us=4947 gpu_composite_us=0 gpu_blit_us=0
frust_shell_common::perf: frust-perf raw n=1716 total_us=8857 rebuild_us=129 layout_us=1933 paint_us=360 encode_us=49 acquire_us=527 submit_us=5856 skipped=0 gpu_q=1 gpu_total_us=4857 gpu_prepass_us=0 gpu_main_us=4857 gpu_composite_us=0 gpu_blit_us=0
frust_shell_common::perf: frust-perf raw n=1717 total_us=8155 rebuild_us=150 layout_us=1943 paint_us=464 encode_us=41 acquire_us=68 submit_us=5486 skipped=0 gpu_q=1 gpu_total_us=4901 gpu_prepass_us=0 gpu_main_us=4901 gpu_composite_us=0 gpu_blit_us=0
frust_shell_common::perf: frust-perf raw n=1718 total_us=9144 rebuild_us=145 layout_us=1952 paint_us=336 encode_us=39 acquire_us=919 submit_us=5751 skipped=0 gpu_q=1 gpu_total_us=4962 gpu_prepass_us=0 gpu_main_us=4962 gpu_composite_us=0 gpu_blit_us=0
frust_shell_common::perf: frust-perf raw n=1719 total_us=9224 rebuild_us=200 layout_us=2159 paint_us=438 encode_us=40 acquire_us=175 submit_us=6208 skipped=0 gpu_q=1 gpu_total_us=5000 gpu_prepass_us=0 gpu_main_us=5000 gpu_composite_us=0 gpu_blit_us=0
frust_shell_common::perf: frust-perf raw n=1720 total_us=9072 rebuild_us=320 layout_us=2015 paint_us=438 encode_us=48 acquire_us=74 submit_us=6174 skipped=0 gpu_q=1 gpu_total_us=5202 gpu_prepass_us=0 gpu_main_us=5202 gpu_composite_us=0 gpu_blit_us=0
frust_shell_common::perf: frust-perf raw n=1721 total_us=9525 rebuild_us=199 layout_us=2362 paint_us=532 encode_us=53 acquire_us=84 submit_us=6293 skipped=0 gpu_q=1 gpu_total_us=4838 gpu_prepass_us=0 gpu_main_us=4838 gpu_composite_us=0 gpu_blit_us=0
frust_shell_common::perf: frust-perf raw n=1722 total_us=9440 rebuild_us=133 layout_us=1983 paint_us=373 encode_us=47 acquire_us=512 submit_us=6390 skipped=0 gpu_q=1 gpu_total_us=4954 gpu_prepass_us=0 gpu_main_us=4954 gpu_composite_us=0 gpu_blit_us=0
frust_shell_common::perf: frust-perf raw n=1723 total_us=9286 rebuild_us=149 layout_us=1894 paint_us=372 encode_us=39 acquire_us=729 submit_us=6100 skipped=0 gpu_q=1 gpu_total_us=4949 gpu_prepass_us=0 gpu_main_us=4949 gpu_composite_us=0 gpu_blit_us=0
frust_shell_common::perf: frust-perf raw n=1724 total_us=8303 rebuild_us=124 layout_us=1446 paint_us=287 encode_us=46 acquire_us=335 submit_us=6064 skipped=0 gpu_q=1 gpu_total_us=4845 gpu_prepass_us=0 gpu_main_us=4845 gpu_composite_us=0 gpu_blit_us=0
frust_shell_common::perf: frust-perf raw n=1725 total_us=8811 rebuild_us=142 layout_us=1996 paint_us=367 encode_us=39 acquire_us=407 submit_us=5857 skipped=0 gpu_q=1 gpu_total_us=4912 gpu_prepass_us=0 gpu_main_us=4912 gpu_composite_us=0 gpu_blit_us=0
frust_shell_common::perf: frust-perf raw n=1726 total_us=9016 rebuild_us=165 layout_us=2059 paint_us=409 encode_us=44 acquire_us=183 submit_us=6153 skipped=0 gpu_q=1 gpu_total_us=5060 gpu_prepass_us=0 gpu_main_us=5060 gpu_composite_us=0 gpu_blit_us=0
frust_shell_common::perf: frust-perf raw n=1727 total_us=10098 rebuild_us=154 layout_us=2258 paint_us=398 encode_us=46 acquire_us=752 submit_us=6487 skipped=0 gpu_q=1 gpu_total_us=5069 gpu_prepass_us=0 gpu_main_us=5069 gpu_composite_us=0 gpu_blit_us=0
frust_shell_common::perf: frust-perf raw n=1728 total_us=8490 rebuild_us=128 layout_us=1826 paint_us=355 encode_us=41 acquire_us=677 submit_us=5462 skipped=0 gpu_q=1 gpu_total_us=4799 gpu_prepass_us=0 gpu_main_us=4799 gpu_composite_us=0 gpu_blit_us=0
frust_shell_common::perf: frust-perf raw n=1729 total_us=7702 rebuild_us=138 layout_us=2070 paint_us=362 encode_us=37 acquire_us=461 submit_us=4631 skipped=0 gpu_q=1 gpu_total_us=4874 gpu_prepass_us=0 gpu_main_us=4874 gpu_composite_us=0 gpu_blit_us=0
frust_shell_common::perf: frust-perf raw n=1730 total_us=8082 rebuild_us=144 layout_us=1993 paint_us=434 encode_us=38 acquire_us=307 submit_us=5164 skipped=0 gpu_q=1 gpu_total_us=4929 gpu_prepass_us=0 gpu_main_us=4929 gpu_composite_us=0 gpu_blit_us=0
frust_shell_common::perf: frust-perf raw n=1731 total_us=9321 rebuild_us=149 layout_us=2061 paint_us=358 encode_us=44 acquire_us=381 submit_us=6325 skipped=0 gpu_q=1 gpu_total_us=4981 gpu_prepass_us=0 gpu_main_us=4981 gpu_composite_us=0 gpu_blit_us=0
frust_shell_common::perf: frust-perf raw n=1732 total_us=9254 rebuild_us=138 layout_us=1977 paint_us=420 encode_us=46 acquire_us=252 submit_us=6418 skipped=0 gpu_q=1 gpu_total_us=4841 gpu_prepass_us=0 gpu_main_us=4841 gpu_composite_us=0 gpu_blit_us=0
frust_shell_common::perf: frust-perf raw n=1733 total_us=9521 rebuild_us=170 layout_us=2327 paint_us=490 encode_us=45 acquire_us=465 submit_us=6023 skipped=0 gpu_q=1 gpu_total_us=4878 gpu_prepass_us=0 gpu_main_us=4878 gpu_composite_us=0 gpu_blit_us=0
frust_shell_common::perf: frust-perf raw n=1734 total_us=8835 rebuild_us=142 layout_us=1836 paint_us=368 encode_us=39 acquire_us=740 submit_us=5708 skipped=0 gpu_q=1 gpu_total_us=4886 gpu_prepass_us=0 gpu_main_us=4886 gpu_composite_us=0 gpu_blit_us=0
frust_shell_common::perf: frust-perf raw n=1735 total_us=9355 rebuild_us=203 layout_us=1941 paint_us=374 encode_us=41 acquire_us=739 submit_us=6054 skipped=0 gpu_q=1 gpu_total_us=5032 gpu_prepass_us=0 gpu_main_us=5032 gpu_composite_us=0 gpu_blit_us=0
frust_shell_common::perf: frust-perf raw n=1736 total_us=9456 rebuild_us=138 layout_us=1989 paint_us=367 encode_us=42 acquire_us=765 submit_us=6153 skipped=0 gpu_q=1 gpu_total_us=4834 gpu_prepass_us=0 gpu_main_us=4834 gpu_composite_us=0 gpu_blit_us=0
frust_shell_common::perf: frust-perf raw n=1737 total_us=8711 rebuild_us=139 layout_us=1915 paint_us=379 encode_us=41 acquire_us=614 submit_us=5620 skipped=0 gpu_q=1 gpu_total_us=4910 gpu_prepass_us=0 gpu_main_us=4910 gpu_composite_us=0 gpu_blit_us=0
frust_shell_common::perf: frust-perf raw n=1738 total_us=9337 rebuild_us=164 layout_us=1868 paint_us=366 encode_us=38 acquire_us=746 submit_us=6152 skipped=0 gpu_q=1 gpu_total_us=4959 gpu_prepass_us=0 gpu_main_us=4959 gpu_composite_us=0 gpu_blit_us=0
frust_shell_common::perf: frust-perf raw n=1739 total_us=9466 rebuild_us=160 layout_us=2264 paint_us=403 encode_us=43 acquire_us=578 submit_us=6015 skipped=0 gpu_q=1 gpu_total_us=5060 gpu_prepass_us=0 gpu_main_us=5060 gpu_composite_us=0 gpu_blit_us=0
frust_engine::renderer: frust-perf enc n=1740 w=60 validate_us=13.4 prepare_us=2.9 classify_us=44.5 admit_us=0.2 walk_us=2847.1 glyphs_us=2296.3 finish_us=2.3 compile_us=2915.6 schedule_us=4.3 paints_us=135.6 instances_us=207.9 resize_us=10.5 upload_us=269.7 replay_us=0.3 pipelines_us=15.8 record_us=28.0 total_us=3600.4 total_p95_us=3945.1 draws=829 strips=12421 alphas=302048 glyph_draws=797 atlas_glyphs=797
frust_shell_common::perf: frust-perf raw n=1740 total_us=8351 rebuild_us=153 layout_us=1829 paint_us=383 encode_us=42 acquire_us=69 submit_us=5872 skipped=0 gpu_q=1 gpu_total_us=4903 gpu_prepass_us=0 gpu_main_us=4903 gpu_composite_us=0 gpu_blit_us=0
frust_shell_common::perf: frust-perf raw n=1741 total_us=8106 rebuild_us=154 layout_us=1935 paint_us=476 encode_us=40 acquire_us=91 submit_us=5407 skipped=0 gpu_q=1 gpu_total_us=4899 gpu_prepass_us=0 gpu_main_us=4899 gpu_composite_us=0 gpu_blit_us=0
frust_shell_common::perf: frust-perf raw n=1742 total_us=10158 rebuild_us=155 layout_us=3276 paint_us=413 encode_us=77 acquire_us=136 submit_us=6098 skipped=0 gpu_q=1 gpu_total_us=5015 gpu_prepass_us=0 gpu_main_us=5015 gpu_composite_us=0 gpu_blit_us=0
frust_shell_common::perf: frust-perf raw n=1743 total_us=8744 rebuild_us=141 layout_us=1999 paint_us=369 encode_us=67 acquire_us=120 submit_us=6046 skipped=0 gpu_q=1 gpu_total_us=5481 gpu_prepass_us=0 gpu_main_us=5481 gpu_composite_us=0 gpu_blit_us=0
frust_shell_common::perf: frust-perf raw n=1744 total_us=8557 rebuild_us=148 layout_us=1839 paint_us=418 encode_us=38 acquire_us=601 submit_us=5510 skipped=0 gpu_q=1 gpu_total_us=4804 gpu_prepass_us=0 gpu_main_us=4804 gpu_composite_us=0 gpu_blit_us=0
frust_shell_common::perf: frust-perf raw n=1745 total_us=8722 rebuild_us=139 layout_us=2029 paint_us=356 encode_us=38 acquire_us=592 submit_us=5565 skipped=0 gpu_q=1 gpu_total_us=4961 gpu_prepass_us=0 gpu_main_us=4961 gpu_composite_us=0 gpu_blit_us=0
frust_shell_common::perf: frust-perf raw n=1746 total_us=9826 rebuild_us=157 layout_us=2341 paint_us=397 encode_us=41 acquire_us=1116 submit_us=5772 skipped=0 gpu_q=1 gpu_total_us=5102 gpu_prepass_us=0 gpu_main_us=5102 gpu_composite_us=0 gpu_blit_us=0
frust_shell_common::perf: frust-perf raw n=1747 total_us=8700 rebuild_us=134 layout_us=2196 paint_us=352 encode_us=48 acquire_us=74 submit_us=5894 skipped=0 gpu_q=1 gpu_total_us=4980 gpu_prepass_us=0 gpu_main_us=4980 gpu_composite_us=0 gpu_blit_us=0
frust_shell_common::perf: frust-perf raw n=1748 total_us=8228 rebuild_us=195 layout_us=2066 paint_us=375 encode_us=48 acquire_us=69 submit_us=5474 skipped=0 gpu_q=1 gpu_total_us=4842 gpu_prepass_us=0 gpu_main_us=4842 gpu_composite_us=0 gpu_blit_us=0
frust_shell_common::perf: frust-perf raw n=1749 total_us=10618 rebuild_us=144 layout_us=2277 paint_us=434 encode_us=41 acquire_us=598 submit_us=7121 skipped=0 gpu_q=1 gpu_total_us=4877 gpu_prepass_us=0 gpu_main_us=4877 gpu_composite_us=0 gpu_blit_us=0
frust_shell_common::perf: frust-perf raw n=1750 total_us=9338 rebuild_us=165 layout_us=2161 paint_us=382 encode_us=42 acquire_us=150 submit_us=6436 skipped=0 gpu_q=1 gpu_total_us=4964 gpu_prepass_us=0 gpu_main_us=4964 gpu_composite_us=0 gpu_blit_us=0
frust_shell_common::perf: frust-perf raw n=1751 total_us=7534 rebuild_us=173 layout_us=1735 paint_us=392 encode_us=36 acquire_us=780 submit_us=4415 skipped=0 gpu_q=1 gpu_total_us=5070 gpu_prepass_us=0 gpu_main_us=5070 gpu_composite_us=0 gpu_blit_us=0
frust_shell_common::perf: frust-perf raw n=1752 total_us=6678 rebuild_us=133 layout_us=1807 paint_us=325 encode_us=42 acquire_us=253 submit_us=4117 skipped=0 gpu_q=1 gpu_total_us=4856 gpu_prepass_us=0 gpu_main_us=4856 gpu_composite_us=0 gpu_blit_us=0
frust_shell_common::perf: frust-perf raw n=1753 total_us=7585 rebuild_us=144 layout_us=1811 paint_us=356 encode_us=38 acquire_us=59 submit_us=5172 skipped=0 gpu_q=1 gpu_total_us=5071 gpu_prepass_us=91 gpu_main_us=4979 gpu_composite_us=0 gpu_blit_us=0
frust_shell_common::perf: frust-perf raw n=1754 total_us=8776 rebuild_us=151 layout_us=2000 paint_us=362 encode_us=50 acquire_us=74 submit_us=6136 skipped=0 gpu_q=1 gpu_total_us=5018 gpu_prepass_us=0 gpu_main_us=5018 gpu_composite_us=0 gpu_blit_us=0
frust_shell_common::perf: frust-perf raw n=1755 total_us=9126 rebuild_us=146 layout_us=1880 paint_us=381 encode_us=40 acquire_us=654 submit_us=6023 skipped=0 gpu_q=1 gpu_total_us=4839 gpu_prepass_us=0 gpu_main_us=4839 gpu_composite_us=0 gpu_blit_us=0
frust_shell_common::perf: frust-perf raw n=1756 total_us=9082 rebuild_us=159 layout_us=1882 paint_us=360 encode_us=42 acquire_us=549 submit_us=6088 skipped=0 gpu_q=1 gpu_total_us=4703 gpu_prepass_us=0 gpu_main_us=4703 gpu_composite_us=0 gpu_blit_us=0
frust_shell_common::perf: frust-perf raw n=1757 total_us=9760 rebuild_us=159 layout_us=1930 paint_us=475 encode_us=43 acquire_us=865 submit_us=6286 skipped=0 gpu_q=1 gpu_total_us=4844 gpu_prepass_us=0 gpu_main_us=4844 gpu_composite_us=0 gpu_blit_us=0
frust_shell_common::perf: frust-perf raw n=1758 total_us=9419 rebuild_us=130 layout_us=2199 paint_us=452 encode_us=44 acquire_us=77 submit_us=6514 skipped=0 gpu_q=1 gpu_total_us=5012 gpu_prepass_us=0 gpu_main_us=5012 gpu_composite_us=0 gpu_blit_us=0
frust_shell_common::perf: frust-perf raw n=1759 total_us=8424 rebuild_us=136 layout_us=1953 paint_us=386 encode_us=46 acquire_us=73 submit_us=5826 skipped=0 gpu_q=1 gpu_total_us=5022 gpu_prepass_us=0 gpu_main_us=5022 gpu_composite_us=0 gpu_blit_us=0
frust_shell_common::perf: frust-perf raw n=1760 total_us=8684 rebuild_us=145 layout_us=2383 paint_us=358 encode_us=46 acquire_us=68 submit_us=5682 skipped=0 gpu_q=1 gpu_total_us=4924 gpu_prepass_us=0 gpu_main_us=4924 gpu_composite_us=0 gpu_blit_us=0
frust_shell_common::perf: frust-perf raw n=1761 total_us=9695 rebuild_us=164 layout_us=2017 paint_us=426 encode_us=40 acquire_us=595 submit_us=6452 skipped=0 gpu_q=1 gpu_total_us=5345 gpu_prepass_us=0 gpu_main_us=5345 gpu_composite_us=0 gpu_blit_us=0
frust_shell_common::perf: frust-perf raw n=1762 total_us=9112 rebuild_us=145 layout_us=2189 paint_us=372 encode_us=45 acquire_us=76 submit_us=6283 skipped=0 gpu_q=1 gpu_total_us=5025 gpu_prepass_us=0 gpu_main_us=5025 gpu_composite_us=0 gpu_blit_us=0
frust_shell_common::perf: frust-perf raw n=1763 total_us=8937 rebuild_us=226 layout_us=2150 paint_us=361 encode_us=41 acquire_us=68 submit_us=6089 skipped=0 gpu_q=1 gpu_total_us=4938 gpu_prepass_us=0 gpu_main_us=4938 gpu_composite_us=0 gpu_blit_us=0
frust_shell_common::perf: frust-perf raw n=1764 total_us=9935 rebuild_us=158 layout_us=2009 paint_us=424 encode_us=41 acquire_us=763 submit_us=6537 skipped=0 gpu_q=1 gpu_total_us=4967 gpu_prepass_us=0 gpu_main_us=4967 gpu_composite_us=0 gpu_blit_us=0
frust_shell_common::perf: frust-perf raw n=1765 total_us=7474 rebuild_us=127 layout_us=1823 paint_us=320 encode_us=47 acquire_us=75 submit_us=5080 skipped=0 gpu_q=1 gpu_total_us=4944 gpu_prepass_us=0 gpu_main_us=4944 gpu_composite_us=0 gpu_blit_us=0
frust_shell_common::perf: frust-perf raw n=1766 total_us=7259 rebuild_us=140 layout_us=1732 paint_us=322 encode_us=36 acquire_us=187 submit_us=4840 skipped=0 gpu_q=1 gpu_total_us=5014 gpu_prepass_us=0 gpu_main_us=5014 gpu_composite_us=0 gpu_blit_us=0
frust_shell_common::perf: frust-perf raw n=1767 total_us=11459 rebuild_us=153 layout_us=3016 paint_us=600 encode_us=56 acquire_us=118 submit_us=7513 skipped=0 gpu_q=1 gpu_total_us=4944 gpu_prepass_us=0 gpu_main_us=4944 gpu_composite_us=0 gpu_blit_us=0
frust_shell_common::perf: frust-perf raw n=1768 total_us=6894 rebuild_us=126 layout_us=1861 paint_us=366 encode_us=44 acquire_us=57 submit_us=4437 skipped=0 gpu_q=1 gpu_total_us=4926 gpu_prepass_us=0 gpu_main_us=4926 gpu_composite_us=0 gpu_blit_us=0
frust_shell_common::perf: frust-perf raw n=1769 total_us=11397 rebuild_us=154 layout_us=2043 paint_us=398 encode_us=35 acquire_us=935 submit_us=7830 skipped=0 gpu_q=1 gpu_total_us=4764 gpu_prepass_us=0 gpu_main_us=4764 gpu_composite_us=0 gpu_blit_us=0
frust_shell_common::perf: frust-perf raw n=1770 total_us=6255 rebuild_us=159 layout_us=1882 paint_us=551 encode_us=50 acquire_us=130 submit_us=3480 skipped=0 gpu_q=1 gpu_total_us=4933 gpu_prepass_us=0 gpu_main_us=4933 gpu_composite_us=0 gpu_blit_us=0
frust_shell_common::perf: frust-perf raw n=1771 total_us=8774 rebuild_us=149 layout_us=2005 paint_us=523 encode_us=48 acquire_us=62 submit_us=5985 skipped=0 gpu_q=1 gpu_total_us=5015 gpu_prepass_us=0 gpu_main_us=5015 gpu_composite_us=0 gpu_blit_us=0
frust_shell_common::perf: frust-perf raw n=1772 total_us=8469 rebuild_us=136 layout_us=1949 paint_us=490 encode_us=35 acquire_us=358 submit_us=5498 skipped=0 gpu_q=1 gpu_total_us=5078 gpu_prepass_us=69 gpu_main_us=5009 gpu_composite_us=0 gpu_blit_us=0
frust_shell_common::perf: frust-perf raw n=1773 total_us=8681 rebuild_us=144 layout_us=2020 paint_us=376 encode_us=39 acquire_us=528 submit_us=5571 skipped=0 gpu_q=1 gpu_total_us=4869 gpu_prepass_us=0 gpu_main_us=4869 gpu_composite_us=0 gpu_blit_us=0
frust_shell_common::perf: frust-perf raw n=1774 total_us=8500 rebuild_us=160 layout_us=1922 paint_us=431 encode_us=45 acquire_us=382 submit_us=5558 skipped=0 gpu_q=1 gpu_total_us=4874 gpu_prepass_us=0 gpu_main_us=4874 gpu_composite_us=0 gpu_blit_us=0
frust_shell_common::perf: frust-perf raw n=1775 total_us=8432 rebuild_us=204 layout_us=2025 paint_us=385 encode_us=39 acquire_us=183 submit_us=5593 skipped=0 gpu_q=1 gpu_total_us=4970 gpu_prepass_us=0 gpu_main_us=4970 gpu_composite_us=0 gpu_blit_us=0
frust_shell_common::perf: frust-perf raw n=1776 total_us=9047 rebuild_us=165 layout_us=2055 paint_us=380 encode_us=36 acquire_us=901 submit_us=5507 skipped=0 gpu_q=1 gpu_total_us=4910 gpu_prepass_us=0 gpu_main_us=4910 gpu_composite_us=0 gpu_blit_us=0
frust_shell_common::perf: frust-perf raw n=1777 total_us=9012 rebuild_us=174 layout_us=2210 paint_us=431 encode_us=45 acquire_us=72 submit_us=6076 skipped=0 gpu_q=1 gpu_total_us=4958 gpu_prepass_us=0 gpu_main_us=4958 gpu_composite_us=0 gpu_blit_us=0
frust_shell_common::perf: frust-perf raw n=1778 total_us=9208 rebuild_us=149 layout_us=2072 paint_us=405 encode_us=43 acquire_us=460 submit_us=6076 skipped=0 gpu_q=1 gpu_total_us=4937 gpu_prepass_us=0 gpu_main_us=4937 gpu_composite_us=0 gpu_blit_us=0
frust_shell_common::perf: frust-perf raw n=1779 total_us=9541 rebuild_us=159 layout_us=2137 paint_us=406 encode_us=42 acquire_us=710 submit_us=6085 skipped=0 gpu_q=1 gpu_total_us=4969 gpu_prepass_us=0 gpu_main_us=4969 gpu_composite_us=0 gpu_blit_us=0
frust_shell_common::perf: frust-perf raw n=1780 total_us=9672 rebuild_us=127 layout_us=2026 paint_us=424 encode_us=44 acquire_us=863 submit_us=6185 skipped=0 gpu_q=1 gpu_total_us=4815 gpu_prepass_us=0 gpu_main_us=4815 gpu_composite_us=0 gpu_blit_us=0
frust_shell_common::perf: frust-perf raw n=1781 total_us=9697 rebuild_us=132 layout_us=1929 paint_us=432 encode_us=46 acquire_us=897 submit_us=6259 skipped=0 gpu_q=1 gpu_total_us=4867 gpu_prepass_us=0 gpu_main_us=4867 gpu_composite_us=0 gpu_blit_us=0
frust_shell_common::perf: frust-perf raw n=1782 total_us=8586 rebuild_us=125 layout_us=1448 paint_us=298 encode_us=42 acquire_us=641 submit_us=6030 skipped=0 gpu_q=1 gpu_total_us=5024 gpu_prepass_us=0 gpu_main_us=5024 gpu_composite_us=0 gpu_blit_us=0
frust_shell_common::perf: frust-perf frame n=120 total_p50_ms=8 total_p95_ms=10 total_p99_ms=11 rebuild_p95_ms=0 layout_p95_ms=2 paint_p95_ms=0 encode_p95_ms=0 acquire_p95_ms=0 submit_p95_ms=6 over_60hz=5 over_120hz=1351 skipped=0 total_frames=1782
frust_shell_common::perf: frust-perf raw n=1783 total_us=8773 rebuild_us=135 layout_us=2320 paint_us=397 encode_us=41 acquire_us=67 submit_us=5812 skipped=0 gpu_q=1 gpu_total_us=5060 gpu_prepass_us=0 gpu_main_us=5060 gpu_composite_us=0 gpu_blit_us=0
frust_shell_common::perf: frust-perf raw n=1784 total_us=8137 rebuild_us=209 layout_us=1507 paint_us=309 encode_us=45 acquire_us=183 submit_us=5880 skipped=0 gpu_q=1 gpu_total_us=4895 gpu_prepass_us=0 gpu_main_us=4895 gpu_composite_us=0 gpu_blit_us=0
frust_shell_common::perf: frust-perf raw n=1785 total_us=8005 rebuild_us=146 layout_us=1872 paint_us=340 encode_us=44 acquire_us=64 submit_us=5537 skipped=0 gpu_q=1 gpu_total_us=4959 gpu_prepass_us=0 gpu_main_us=4959 gpu_composite_us=0 gpu_blit_us=0
frust_shell_android::app::frame: frust-perf platform-view tail depth=0 target=0 acquire_bound=false frame=1800 expected_present_us=0 acquire_us=266 period_us=8266
frust_shell_common::perf: frust-perf raw n=1786 total_us=8766 rebuild_us=142 layout_us=1943 paint_us=362 encode_us=41 acquire_us=71 submit_us=6206 skipped=0 gpu_q=1 gpu_total_us=4926 gpu_prepass_us=0 gpu_main_us=4926 gpu_composite_us=0 gpu_blit_us=0
frust_shell_common::perf: frust-perf raw n=1787 total_us=9407 rebuild_us=139 layout_us=1963 paint_us=380 encode_us=48 acquire_us=200 submit_us=6674 skipped=0 gpu_q=1 gpu_total_us=4929 gpu_prepass_us=0 gpu_main_us=4929 gpu_composite_us=0 gpu_blit_us=0
frust_shell_common::perf: frust-perf raw n=1788 total_us=10424 rebuild_us=133 layout_us=1810 paint_us=425 encode_us=40 acquire_us=515 submit_us=7497 skipped=0 gpu_q=1 gpu_total_us=4828 gpu_prepass_us=0 gpu_main_us=4828 gpu_composite_us=0 gpu_blit_us=0
frust_shell_common::perf: frust-perf raw n=1789 total_us=14453 rebuild_us=142 layout_us=6223 paint_us=326 encode_us=46 acquire_us=84 submit_us=7629 skipped=0 gpu_q=1 gpu_total_us=4925 gpu_prepass_us=0 gpu_main_us=4925 gpu_composite_us=0 gpu_blit_us=0
frust_shell_common::perf: frust-perf raw n=1790 total_us=11096 rebuild_us=103 layout_us=4215 paint_us=353 encode_us=45 acquire_us=67 submit_us=6310 skipped=0 gpu_q=1 gpu_total_us=4970 gpu_prepass_us=0 gpu_main_us=4970 gpu_composite_us=0 gpu_blit_us=0
frust_shell_common::perf: frust-perf raw n=1791 total_us=6390 rebuild_us=82 layout_us=1844 paint_us=208 encode_us=50 acquire_us=60 submit_us=4143 skipped=0 gpu_q=1 gpu_total_us=5050 gpu_prepass_us=0 gpu_main_us=5050 gpu_composite_us=0 gpu_blit_us=0
frust_shell_common::perf: frust-perf raw n=1792 total_us=5856 rebuild_us=53 layout_us=1397 paint_us=150 encode_us=36 acquire_us=60 submit_us=4156 skipped=0 gpu_q=1 gpu_total_us=5045 gpu_prepass_us=95 gpu_main_us=4950 gpu_composite_us=0 gpu_blit_us=0
frust_shell_common::perf: frust-perf raw n=1793 total_us=10181 rebuild_us=48 layout_us=1227 paint_us=121 encode_us=35 acquire_us=1735 submit_us=7012 skipped=0 gpu_q=1 gpu_total_us=4772 gpu_prepass_us=0 gpu_main_us=4772 gpu_composite_us=0 gpu_blit_us=0
frust_shell_common::perf: frust-perf raw n=1794 total_us=9013 rebuild_us=64 layout_us=2356 paint_us=248 encode_us=49 acquire_us=332 submit_us=5961 skipped=0 gpu_q=1 gpu_total_us=5049 gpu_prepass_us=52 gpu_main_us=4997 gpu_composite_us=0 gpu_blit_us=0
frust_shell_common::perf: frust-perf raw n=1795 total_us=7759 rebuild_us=50 layout_us=1415 paint_us=156 encode_us=40 acquire_us=1587 submit_us=4508 skipped=0 gpu_q=1 gpu_total_us=5064 gpu_prepass_us=53 gpu_main_us=5010 gpu_composite_us=0 gpu_blit_us=0
frust_shell_common::perf: frust-perf raw n=1796 total_us=9047 rebuild_us=61 layout_us=1550 paint_us=158 encode_us=37 acquire_us=1568 submit_us=5671 skipped=0 gpu_q=1 gpu_total_us=4747 gpu_prepass_us=0 gpu_main_us=4747 gpu_composite_us=0 gpu_blit_us=0
frust_shell_common::perf: frust-perf raw n=1797 total_us=9357 rebuild_us=65 layout_us=1805 paint_us=189 encode_us=47 acquire_us=1107 submit_us=6142 skipped=0 gpu_q=1 gpu_total_us=5152 gpu_prepass_us=93 gpu_main_us=5058 gpu_composite_us=0 gpu_blit_us=0
frust_shell_common::perf: frust-perf raw n=1798 total_us=8227 rebuild_us=56 layout_us=1983 paint_us=210 encode_us=49 acquire_us=77 submit_us=5850 skipped=0 gpu_q=1 gpu_total_us=5057 gpu_prepass_us=100 gpu_main_us=4956 gpu_composite_us=0 gpu_blit_us=0
frust_shell_common::perf: frust-perf raw n=1799 total_us=10987 rebuild_us=63 layout_us=1807 paint_us=183 encode_us=43 acquire_us=2305 submit_us=6584 skipped=0 gpu_q=1 gpu_total_us=4823 gpu_prepass_us=0 gpu_main_us=4823 gpu_composite_us=0 gpu_blit_us=0
frust_engine::renderer: frust-perf enc n=1800 w=60 validate_us=13.6 prepare_us=2.9 classify_us=43.9 admit_us=0.2 walk_us=2774.7 glyphs_us=2218.2 finish_us=2.2 compile_us=2843.8 schedule_us=4.3 paints_us=134.5 instances_us=206.1 resize_us=10.6 upload_us=274.5 replay_us=0.3 pipelines_us=15.9 record_us=27.6 total_us=3565.8 total_p95_us=4759.8 draws=829 strips=12454 alphas=303664 glyph_draws=797 atlas_glyphs=797
frust_shell_common::perf: frust-perf raw n=1800 total_us=9330 rebuild_us=53 layout_us=2259 paint_us=259 encode_us=133 acquire_us=417 submit_us=6206 skipped=0 gpu_q=1 gpu_total_us=4818 gpu_prepass_us=0 gpu_main_us=4818 gpu_composite_us=0 gpu_blit_us=0
frust_shell_common::perf: frust-perf raw n=1801 total_us=9460 rebuild_us=67 layout_us=2107 paint_us=232 encode_us=44 acquire_us=1834 submit_us=5174 skipped=0 gpu_q=1 gpu_total_us=5318 gpu_prepass_us=0 gpu_main_us=5318 gpu_composite_us=0 gpu_blit_us=0
frust_shell_common::perf: frust-perf raw n=1802 total_us=8976 rebuild_us=44 layout_us=1097 paint_us=120 encode_us=40 acquire_us=2444 submit_us=5231 skipped=0 gpu_q=1 gpu_total_us=4938 gpu_prepass_us=0 gpu_main_us=4938 gpu_composite_us=0 gpu_blit_us=0
frust_shell_common::perf: frust-perf raw n=1803 total_us=9300 rebuild_us=58 layout_us=1770 paint_us=226 encode_us=47 acquire_us=1436 submit_us=5760 skipped=0 gpu_q=1 gpu_total_us=5021 gpu_prepass_us=0 gpu_main_us=5021 gpu_composite_us=0 gpu_blit_us=0
frust_shell_common::perf: frust-perf raw n=1804 total_us=12514 rebuild_us=144 layout_us=6368 paint_us=459 encode_us=42 acquire_us=65 submit_us=5433 skipped=0 gpu_q=1 gpu_total_us=4882 gpu_prepass_us=0 gpu_main_us=4882 gpu_composite_us=0 gpu_blit_us=0
frust_shell_common::perf: frust-perf raw n=1805 total_us=11217 rebuild_us=111 layout_us=4981 paint_us=408 encode_us=40 acquire_us=67 submit_us=5608 skipped=0 gpu_q=1 gpu_total_us=4969 gpu_prepass_us=0 gpu_main_us=4969 gpu_composite_us=0 gpu_blit_us=0
frust_shell_common::perf: frust-perf raw n=1806 total_us=6357 rebuild_us=68 layout_us=1783 paint_us=179 encode_us=38 acquire_us=57 submit_us=4229 skipped=0 gpu_q=1 gpu_total_us=4978 gpu_prepass_us=0 gpu_main_us=4978 gpu_composite_us=0 gpu_blit_us=0
frust_shell_common::perf: frust-perf raw n=1807 total_us=8800 rebuild_us=66 layout_us=1861 paint_us=191 encode_us=38 acquire_us=1119 submit_us=5523 skipped=0 gpu_q=1 gpu_total_us=4848 gpu_prepass_us=0 gpu_main_us=4848 gpu_composite_us=0 gpu_blit_us=0
frust_shell_common::perf: frust-perf raw n=1808 total_us=8637 rebuild_us=59 layout_us=1774 paint_us=178 encode_us=40 acquire_us=1453 submit_us=5131 skipped=0 gpu_q=1 gpu_total_us=4735 gpu_prepass_us=0 gpu_main_us=4735 gpu_composite_us=0 gpu_blit_us=0
frust_shell_common::perf: frust-perf raw n=1809 total_us=9139 rebuild_us=55 layout_us=1908 paint_us=196 encode_us=44 acquire_us=1123 submit_us=5811 skipped=0 gpu_q=1 gpu_total_us=4864 gpu_prepass_us=0 gpu_main_us=4864 gpu_composite_us=0 gpu_blit_us=0
frust_shell_common::perf: frust-perf raw n=1810 total_us=9887 rebuild_us=67 layout_us=2116 paint_us=215 encode_us=44 acquire_us=1229 submit_us=6214 skipped=0 gpu_q=1 gpu_total_us=4899 gpu_prepass_us=0 gpu_main_us=4899 gpu_composite_us=0 gpu_blit_us=0
frust_shell_common::perf: frust-perf raw n=1811 total_us=10405 rebuild_us=58 layout_us=2337 paint_us=234 encode_us=47 acquire_us=906 submit_us=6820 skipped=0 gpu_q=1 gpu_total_us=4863 gpu_prepass_us=0 gpu_main_us=4863 gpu_composite_us=0 gpu_blit_us=0
frust_shell_common::perf: frust-perf raw n=1812 total_us=9557 rebuild_us=60 layout_us=2234 paint_us=229 encode_us=44 acquire_us=677 submit_us=6311 skipped=0 gpu_q=1 gpu_total_us=4857 gpu_prepass_us=0 gpu_main_us=4857 gpu_composite_us=0 gpu_blit_us=0
frust_shell_common::perf: frust-perf raw n=1813 total_us=7784 rebuild_us=54 layout_us=1317 paint_us=145 encode_us=35 acquire_us=1821 submit_us=4409 skipped=0 gpu_q=1 gpu_total_us=4856 gpu_prepass_us=0 gpu_main_us=4856 gpu_composite_us=0 gpu_blit_us=0
frust_shell_common::perf: frust-perf raw n=1814 total_us=7156 rebuild_us=63 layout_us=1336 paint_us=131 encode_us=44 acquire_us=1783 submit_us=3797 skipped=0 gpu_q=1 gpu_total_us=4922 gpu_prepass_us=0 gpu_main_us=4922 gpu_composite_us=0 gpu_blit_us=0
frust_shell_common::perf: frust-perf raw n=1815 total_us=6679 rebuild_us=57 layout_us=1472 paint_us=155 encode_us=35 acquire_us=500 submit_us=4458 skipped=0 gpu_q=1 gpu_total_us=4922 gpu_prepass_us=0 gpu_main_us=4922 gpu_composite_us=0 gpu_blit_us=0
frust_shell_common::perf: frust-perf raw n=1816 total_us=7284 rebuild_us=56 layout_us=1741 paint_us=185 encode_us=39 acquire_us=135 submit_us=5125 skipped=0 gpu_q=1 gpu_total_us=4811 gpu_prepass_us=0 gpu_main_us=4811 gpu_composite_us=0 gpu_blit_us=0
frust_shell_common::perf: frust-perf raw n=1817 total_us=8910 rebuild_us=71 layout_us=2134 paint_us=223 encode_us=46 acquire_us=307 submit_us=6127 skipped=0 gpu_q=1 gpu_total_us=4859 gpu_prepass_us=0 gpu_main_us=4859 gpu_composite_us=0 gpu_blit_us=0
frust_shell_common::perf: frust-perf raw n=1818 total_us=10016 rebuild_us=72 layout_us=2029 paint_us=273 encode_us=44 acquire_us=1139 submit_us=6458 skipped=0 gpu_q=1 gpu_total_us=4918 gpu_prepass_us=0 gpu_main_us=4918 gpu_composite_us=0 gpu_blit_us=0
frust_shell_common::perf: frust-perf raw n=1819 total_us=12472 rebuild_us=122 layout_us=5403 paint_us=477 encode_us=47 acquire_us=85 submit_us=6337 skipped=0 gpu_q=1 gpu_total_us=4866 gpu_prepass_us=0 gpu_main_us=4866 gpu_composite_us=0 gpu_blit_us=0
frust_shell_common::perf: frust-perf raw n=1820 total_us=6639 rebuild_us=60 layout_us=2147 paint_us=222 encode_us=40 acquire_us=69 submit_us=4099 skipped=0 gpu_q=1 gpu_total_us=4807 gpu_prepass_us=0 gpu_main_us=4807 gpu_composite_us=0 gpu_blit_us=0
frust_shell_common::perf: frust-perf raw n=1821 total_us=9499 rebuild_us=56 layout_us=1449 paint_us=177 encode_us=41 acquire_us=2155 submit_us=5618 skipped=0 gpu_q=1 gpu_total_us=4794 gpu_prepass_us=0 gpu_main_us=4794 gpu_composite_us=0 gpu_blit_us=0
frust_shell_common::perf: frust-perf raw n=1822 total_us=8720 rebuild_us=55 layout_us=1785 paint_us=200 encode_us=44 acquire_us=1370 submit_us=5265 skipped=0 gpu_q=1 gpu_total_us=4888 gpu_prepass_us=0 gpu_main_us=4888 gpu_composite_us=0 gpu_blit_us=0
frust_shell_common::perf: frust-perf raw n=1823 total_us=8721 rebuild_us=64 layout_us=1711 paint_us=185 encode_us=50 acquire_us=1194 submit_us=5514 skipped=0 gpu_q=1 gpu_total_us=4762 gpu_prepass_us=0 gpu_main_us=4762 gpu_composite_us=0 gpu_blit_us=0
frust_shell_common::perf: frust-perf raw n=1824 total_us=10154 rebuild_us=77 layout_us=1865 paint_us=198 encode_us=42 acquire_us=1462 submit_us=6508 skipped=0 gpu_q=1 gpu_total_us=4762 gpu_prepass_us=0 gpu_main_us=4762 gpu_composite_us=0 gpu_blit_us=0
frust_shell_common::perf: frust-perf raw n=1825 total_us=9802 rebuild_us=62 layout_us=2370 paint_us=254 encode_us=52 acquire_us=875 submit_us=6186 skipped=0 gpu_q=1 gpu_total_us=4835 gpu_prepass_us=0 gpu_main_us=4835 gpu_composite_us=0 gpu_blit_us=0
frust_shell_common::perf: frust-perf raw n=1826 total_us=8973 rebuild_us=57 layout_us=2028 paint_us=214 encode_us=43 acquire_us=822 submit_us=5807 skipped=0 gpu_q=1 gpu_total_us=4866 gpu_prepass_us=0 gpu_main_us=4866 gpu_composite_us=0 gpu_blit_us=0
frust_shell_common::perf: frust-perf raw n=1827 total_us=7840 rebuild_us=68 layout_us=1837 paint_us=194 encode_us=40 acquire_us=1102 submit_us=4596 skipped=0 gpu_q=1 gpu_total_us=4837 gpu_prepass_us=0 gpu_main_us=4837 gpu_composite_us=0 gpu_blit_us=0
frust_shell_common::perf: frust-perf raw n=1828 total_us=8528 rebuild_us=55 layout_us=1349 paint_us=149 encode_us=35 acquire_us=1687 submit_us=5251 skipped=0 gpu_q=1 gpu_total_us=4729 gpu_prepass_us=0 gpu_main_us=4729 gpu_composite_us=0 gpu_blit_us=0
frust_shell_common::perf: frust-perf raw n=1829 total_us=9275 rebuild_us=56 layout_us=1739 paint_us=195 encode_us=42 acquire_us=1724 submit_us=5516 skipped=0 gpu_q=1 gpu_total_us=4829 gpu_prepass_us=0 gpu_main_us=4829 gpu_composite_us=0 gpu_blit_us=0
frust_shell_common::perf: frust-perf raw n=1830 total_us=8922 rebuild_us=57 layout_us=1836 paint_us=194 encode_us=39 acquire_us=1160 submit_us=5634 skipped=0 gpu_q=1 gpu_total_us=4897 gpu_prepass_us=0 gpu_main_us=4897 gpu_composite_us=0 gpu_blit_us=0
frust_shell_common::perf: frust-perf raw n=1831 total_us=8832 rebuild_us=66 layout_us=1838 paint_us=195 encode_us=39 acquire_us=1076 submit_us=5616 skipped=0 gpu_q=1 gpu_total_us=4872 gpu_prepass_us=0 gpu_main_us=4872 gpu_composite_us=0 gpu_blit_us=0
frust_shell_common::perf: frust-perf raw n=1832 total_us=8749 rebuild_us=66 layout_us=1834 paint_us=195 encode_us=45 acquire_us=1055 submit_us=5552 skipped=0 gpu_q=1 gpu_total_us=4811 gpu_prepass_us=0 gpu_main_us=4811 gpu_composite_us=0 gpu_blit_us=0
frust_shell_common::perf: frust-perf raw n=1833 total_us=12429 rebuild_us=132 layout_us=6138 paint_us=468 encode_us=41 acquire_us=70 submit_us=5578 skipped=0 gpu_q=1 gpu_total_us=4845 gpu_prepass_us=0 gpu_main_us=4845 gpu_composite_us=0 gpu_blit_us=0
frust_shell_common::perf: frust-perf raw n=1834 total_us=12552 rebuild_us=122 layout_us=5704 paint_us=538 encode_us=68 acquire_us=73 submit_us=6045 skipped=0 gpu_q=1 gpu_total_us=4875 gpu_prepass_us=0 gpu_main_us=4875 gpu_composite_us=0 gpu_blit_us=0
frust_shell_common::perf: frust-perf raw n=1835 total_us=8287 rebuild_us=58 layout_us=2029 paint_us=217 encode_us=41 acquire_us=64 submit_us=5875 skipped=0 gpu_q=1 gpu_total_us=4921 gpu_prepass_us=0 gpu_main_us=4921 gpu_composite_us=0 gpu_blit_us=0
frust_shell_common::perf: frust-perf raw n=1836 total_us=5751 rebuild_us=64 layout_us=1988 paint_us=169 encode_us=39 acquire_us=50 submit_us=3439 skipped=0 gpu_q=1 gpu_total_us=4760 gpu_prepass_us=0 gpu_main_us=4760 gpu_composite_us=0 gpu_blit_us=0
frust_shell_common::perf: frust-perf raw n=1837 total_us=9104 rebuild_us=56 layout_us=1448 paint_us=178 encode_us=36 acquire_us=1657 submit_us=5727 skipped=0 gpu_q=1 gpu_total_us=5272 gpu_prepass_us=0 gpu_main_us=5272 gpu_composite_us=0 gpu_blit_us=0
frust_shell_common::perf: frust-perf raw n=1838 total_us=8310 rebuild_us=71 layout_us=1831 paint_us=194 encode_us=46 acquire_us=1100 submit_us=5067 skipped=0 gpu_q=1 gpu_total_us=4865 gpu_prepass_us=0 gpu_main_us=4865 gpu_composite_us=0 gpu_blit_us=0
frust_shell_common::perf: frust-perf raw n=1839 total_us=9316 rebuild_us=59 layout_us=2096 paint_us=204 encode_us=40 acquire_us=1181 submit_us=5733 skipped=0 gpu_q=1 gpu_total_us=4870 gpu_prepass_us=0 gpu_main_us=4870 gpu_composite_us=0 gpu_blit_us=0
frust_shell_common::perf: frust-perf raw n=1840 total_us=9340 rebuild_us=83 layout_us=2165 paint_us=227 encode_us=45 acquire_us=635 submit_us=6183 skipped=0 gpu_q=1 gpu_total_us=4700 gpu_prepass_us=0 gpu_main_us=4700 gpu_composite_us=0 gpu_blit_us=0
frust_shell_common::perf: frust-perf raw n=1841 total_us=9873 rebuild_us=70 layout_us=2094 paint_us=217 encode_us=50 acquire_us=1269 submit_us=6170 skipped=0 gpu_q=1 gpu_total_us=4820 gpu_prepass_us=0 gpu_main_us=4820 gpu_composite_us=0 gpu_blit_us=0
frust_shell_common::perf: frust-perf raw n=1842 total_us=9836 rebuild_us=90 layout_us=2246 paint_us=242 encode_us=47 acquire_us=531 submit_us=6677 skipped=0 gpu_q=1 gpu_total_us=4826 gpu_prepass_us=0 gpu_main_us=4826 gpu_composite_us=0 gpu_blit_us=0
frust_shell_common::perf: frust-perf raw n=1843 total_us=9376 rebuild_us=65 layout_us=2078 paint_us=236 encode_us=48 acquire_us=918 submit_us=6028 skipped=0 gpu_q=1 gpu_total_us=4757 gpu_prepass_us=0 gpu_main_us=4757 gpu_composite_us=0 gpu_blit_us=0
frust_shell_common::perf: frust-perf raw n=1844 total_us=9049 rebuild_us=57 layout_us=1808 paint_us=203 encode_us=40 acquire_us=1319 submit_us=5618 skipped=0 gpu_q=1 gpu_total_us=4757 gpu_prepass_us=0 gpu_main_us=4757 gpu_composite_us=0 gpu_blit_us=0
frust_shell_common::perf: frust-perf raw n=1845 total_us=9203 rebuild_us=62 layout_us=1820 paint_us=203 encode_us=41 acquire_us=1292 submit_us=5782 skipped=0 gpu_q=1 gpu_total_us=4884 gpu_prepass_us=0 gpu_main_us=4884 gpu_composite_us=0 gpu_blit_us=0
frust_shell_common::perf: frust-perf raw n=1846 total_us=9519 rebuild_us=75 layout_us=2019 paint_us=214 encode_us=43 acquire_us=1118 submit_us=6048 skipped=0 gpu_q=1 gpu_total_us=4882 gpu_prepass_us=0 gpu_main_us=4882 gpu_composite_us=0 gpu_blit_us=0
frust_shell_common::perf: frust-perf raw n=1847 total_us=9123 rebuild_us=59 layout_us=2063 paint_us=226 encode_us=43 acquire_us=783 submit_us=5947 skipped=0 gpu_q=1 gpu_total_us=4878 gpu_prepass_us=0 gpu_main_us=4878 gpu_composite_us=0 gpu_blit_us=0
frust_shell_common::perf: frust-perf raw n=1848 total_us=12381 rebuild_us=154 layout_us=5891 paint_us=448 encode_us=48 acquire_us=66 submit_us=5772 skipped=0 gpu_q=1 gpu_total_us=4797 gpu_prepass_us=0 gpu_main_us=4797 gpu_composite_us=0 gpu_blit_us=0
frust_shell_common::perf: frust-perf raw n=1849 total_us=6305 rebuild_us=46 layout_us=1843 paint_us=195 encode_us=48 acquire_us=67 submit_us=4104 skipped=0 gpu_q=1 gpu_total_us=4801 gpu_prepass_us=0 gpu_main_us=4801 gpu_composite_us=0 gpu_blit_us=0
frust_shell_common::perf: frust-perf raw n=1850 total_us=8789 rebuild_us=58 layout_us=1350 paint_us=157 encode_us=33 acquire_us=2147 submit_us=5041 skipped=0 gpu_q=1 gpu_total_us=4876 gpu_prepass_us=0 gpu_main_us=4876 gpu_composite_us=0 gpu_blit_us=0
frust_shell_common::perf: frust-perf raw n=1851 total_us=8167 rebuild_us=64 layout_us=1803 paint_us=199 encode_us=45 acquire_us=833 submit_us=5220 skipped=0 gpu_q=1 gpu_total_us=4847 gpu_prepass_us=0 gpu_main_us=4847 gpu_composite_us=0 gpu_blit_us=0
frust_shell_common::perf: frust-perf raw n=1852 total_us=8842 rebuild_us=57 layout_us=1740 paint_us=178 encode_us=43 acquire_us=1149 submit_us=5673 skipped=0 gpu_q=1 gpu_total_us=4804 gpu_prepass_us=0 gpu_main_us=4804 gpu_composite_us=0 gpu_blit_us=0
frust_shell_common::perf: frust-perf raw n=1853 total_us=10019 rebuild_us=69 layout_us=2028 paint_us=217 encode_us=45 acquire_us=1000 submit_us=6657 skipped=0 gpu_q=1 gpu_total_us=4798 gpu_prepass_us=0 gpu_main_us=4798 gpu_composite_us=0 gpu_blit_us=0
frust_shell_common::perf: frust-perf raw n=1854 total_us=9499 rebuild_us=62 layout_us=2244 paint_us=228 encode_us=47 acquire_us=478 submit_us=6436 skipped=0 gpu_q=1 gpu_total_us=4878 gpu_prepass_us=0 gpu_main_us=4878 gpu_composite_us=0 gpu_blit_us=0
frust_shell_common::perf: frust-perf raw n=1855 total_us=9459 rebuild_us=59 layout_us=2044 paint_us=210 encode_us=44 acquire_us=862 submit_us=6238 skipped=0 gpu_q=1 gpu_total_us=4838 gpu_prepass_us=0 gpu_main_us=4838 gpu_composite_us=0 gpu_blit_us=0
frust_shell_common::perf: frust-perf raw n=1856 total_us=8759 rebuild_us=60 layout_us=2066 paint_us=216 encode_us=47 acquire_us=598 submit_us=5770 skipped=0 gpu_q=1 gpu_total_us=4731 gpu_prepass_us=0 gpu_main_us=4731 gpu_composite_us=0 gpu_blit_us=0
frust_shell_common::perf: frust-perf raw n=1857 total_us=9159 rebuild_us=58 layout_us=1805 paint_us=189 encode_us=40 acquire_us=938 submit_us=6127 skipped=0 gpu_q=1 gpu_total_us=4861 gpu_prepass_us=0 gpu_main_us=4861 gpu_composite_us=0 gpu_blit_us=0
frust_shell_common::perf: frust-perf raw n=1858 total_us=9141 rebuild_us=82 layout_us=1997 paint_us=211 encode_us=44 acquire_us=685 submit_us=6120 skipped=0 gpu_q=1 gpu_total_us=4887 gpu_prepass_us=0 gpu_main_us=4887 gpu_composite_us=0 gpu_blit_us=0
frust_shell_common::perf: frust-perf raw n=1859 total_us=9162 rebuild_us=75 layout_us=2003 paint_us=207 encode_us=44 acquire_us=666 submit_us=6163 skipped=0 gpu_q=1 gpu_total_us=4929 gpu_prepass_us=0 gpu_main_us=4929 gpu_composite_us=0 gpu_blit_us=0
frust_engine::renderer: frust-perf enc n=1860 w=60 validate_us=13.9 prepare_us=2.8 classify_us=43.3 admit_us=0.2 walk_us=2598.8 glyphs_us=2110.4 finish_us=2.0 compile_us=2663.8 schedule_us=3.9 paints_us=127.0 instances_us=195.8 resize_us=10.5 upload_us=268.0 replay_us=0.3 pipelines_us=15.5 record_us=27.0 total_us=3313.6 total_p95_us=4039.8 draws=829 strips=12319 alphas=301696 glyph_draws=797 atlas_glyphs=797
frust_shell_common::perf: frust-perf raw n=1860 total_us=9197 rebuild_us=67 layout_us=2003 paint_us=210 encode_us=45 acquire_us=660 submit_us=6208 skipped=0 gpu_q=1 gpu_total_us=4815 gpu_prepass_us=0 gpu_main_us=4815 gpu_composite_us=0 gpu_blit_us=0
frust_shell_common::perf: frust-perf raw n=1861 total_us=9007 rebuild_us=82 layout_us=2103 paint_us=227 encode_us=49 acquire_us=691 submit_us=5852 skipped=0 gpu_q=1 gpu_total_us=4915 gpu_prepass_us=0 gpu_main_us=4915 gpu_composite_us=0 gpu_blit_us=0
frust_shell_common::perf: frust-perf raw n=1862 total_us=11961 rebuild_us=139 layout_us=5367 paint_us=422 encode_us=45 acquire_us=84 submit_us=5901 skipped=0 gpu_q=1 gpu_total_us=4977 gpu_prepass_us=0 gpu_main_us=4977 gpu_composite_us=0 gpu_blit_us=0
frust_shell_common::perf: frust-perf raw n=1863 total_us=12017 rebuild_us=116 layout_us=5285 paint_us=447 encode_us=47 acquire_us=67 submit_us=6051 skipped=0 gpu_q=1 gpu_total_us=5004 gpu_prepass_us=0 gpu_main_us=5004 gpu_composite_us=0 gpu_blit_us=0
frust_shell_common::perf: frust-perf raw n=1864 total_us=8038 rebuild_us=61 layout_us=1904 paint_us=246 encode_us=41 acquire_us=70 submit_us=5713 skipped=0 gpu_q=1 gpu_total_us=4816 gpu_prepass_us=0 gpu_main_us=4816 gpu_composite_us=0 gpu_blit_us=0
frust_shell_common::perf: frust-perf raw n=1865 total_us=7695 rebuild_us=60 layout_us=2007 paint_us=175 encode_us=35 acquire_us=1140 submit_us=4276 skipped=0 gpu_q=1 gpu_total_us=4855 gpu_prepass_us=0 gpu_main_us=4855 gpu_composite_us=0 gpu_blit_us=0
frust_shell_common::perf: frust-perf raw n=1866 total_us=8930 rebuild_us=60 layout_us=1491 paint_us=215 encode_us=46 acquire_us=2038 submit_us=5077 skipped=0 gpu_q=1 gpu_total_us=4803 gpu_prepass_us=0 gpu_main_us=4803 gpu_composite_us=0 gpu_blit_us=0
frust_shell_common::perf: frust-perf raw n=1867 total_us=8647 rebuild_us=55 layout_us=1809 paint_us=224 encode_us=45 acquire_us=924 submit_us=5588 skipped=0 gpu_q=1 gpu_total_us=4936 gpu_prepass_us=0 gpu_main_us=4936 gpu_composite_us=0 gpu_blit_us=0
frust_shell_common::perf: frust-perf raw n=1868 total_us=9384 rebuild_us=59 layout_us=1972 paint_us=195 encode_us=45 acquire_us=1225 submit_us=5886 skipped=0 gpu_q=1 gpu_total_us=4836 gpu_prepass_us=0 gpu_main_us=4836 gpu_composite_us=0 gpu_blit_us=0
frust_shell_common::perf: frust-perf raw n=1869 total_us=9258 rebuild_us=73 layout_us=2049 paint_us=217 encode_us=46 acquire_us=616 submit_us=6254 skipped=0 gpu_q=1 gpu_total_us=4786 gpu_prepass_us=0 gpu_main_us=4786 gpu_composite_us=0 gpu_blit_us=0
frust_shell_common::perf: frust-perf raw n=1870 total_us=9288 rebuild_us=69 layout_us=2012 paint_us=196 encode_us=42 acquire_us=1236 submit_us=5730 skipped=0 gpu_q=1 gpu_total_us=4881 gpu_prepass_us=0 gpu_main_us=4881 gpu_composite_us=0 gpu_blit_us=0
frust_shell_common::perf: frust-perf raw n=1871 total_us=9170 rebuild_us=83 layout_us=2151 paint_us=212 encode_us=43 acquire_us=540 submit_us=6139 skipped=0 gpu_q=1 gpu_total_us=4907 gpu_prepass_us=0 gpu_main_us=4907 gpu_composite_us=0 gpu_blit_us=0
frust_shell_common::perf: frust-perf raw n=1872 total_us=9095 rebuild_us=86 layout_us=2132 paint_us=228 encode_us=52 acquire_us=466 submit_us=6130 skipped=0 gpu_q=1 gpu_total_us=4768 gpu_prepass_us=0 gpu_main_us=4768 gpu_composite_us=0 gpu_blit_us=0
frust_shell_common::perf: frust-perf raw n=1873 total_us=9292 rebuild_us=90 layout_us=2126 paint_us=231 encode_us=45 acquire_us=602 submit_us=6196 skipped=0 gpu_q=1 gpu_total_us=4821 gpu_prepass_us=0 gpu_main_us=4821 gpu_composite_us=0 gpu_blit_us=0
frust_shell_common::perf: frust-perf raw n=1874 total_us=10287 rebuild_us=62 layout_us=2000 paint_us=211 encode_us=45 acquire_us=1525 submit_us=6441 skipped=0 gpu_q=1 gpu_total_us=4888 gpu_prepass_us=0 gpu_main_us=4888 gpu_composite_us=0 gpu_blit_us=0
frust_shell_common::perf: frust-perf raw n=1875 total_us=9099 rebuild_us=64 layout_us=2315 paint_us=250 encode_us=54 acquire_us=181 submit_us=6233 skipped=0 gpu_q=1 gpu_total_us=4834 gpu_prepass_us=0 gpu_main_us=4834 gpu_composite_us=0 gpu_blit_us=0
frust_shell_common::perf: frust-perf raw n=1876 total_us=7916 rebuild_us=49 layout_us=1439 paint_us=159 encode_us=37 acquire_us=1939 submit_us=4291 skipped=0 gpu_q=1 gpu_total_us=4782 gpu_prepass_us=0 gpu_main_us=4782 gpu_composite_us=0 gpu_blit_us=0
frust_shell_common::perf: frust-perf raw n=1877 total_us=10668 rebuild_us=136 layout_us=4782 paint_us=361 encode_us=35 acquire_us=58 submit_us=5294 skipped=0 gpu_q=1 gpu_total_us=4831 gpu_prepass_us=0 gpu_main_us=4831 gpu_composite_us=0 gpu_blit_us=0
frust_shell_common::perf: frust-perf raw n=1878 total_us=6524 rebuild_us=52 layout_us=1701 paint_us=192 encode_us=36 acquire_us=57 submit_us=4483 skipped=0 gpu_q=1 gpu_total_us=4920 gpu_prepass_us=0 gpu_main_us=4920 gpu_composite_us=0 gpu_blit_us=0
frust_shell_common::perf: frust-perf raw n=1879 total_us=9390 rebuild_us=61 layout_us=1403 paint_us=152 encode_us=33 acquire_us=2126 submit_us=5613 skipped=0 gpu_q=1 gpu_total_us=4899 gpu_prepass_us=0 gpu_main_us=4899 gpu_composite_us=0 gpu_blit_us=0
frust_shell_common::perf: frust-perf raw n=1880 total_us=8739 rebuild_us=62 layout_us=2075 paint_us=215 encode_us=44 acquire_us=446 submit_us=5895 skipped=0 gpu_q=1 gpu_total_us=4740 gpu_prepass_us=0 gpu_main_us=4740 gpu_composite_us=0 gpu_blit_us=0
frust_shell_common::perf: frust-perf raw n=1881 total_us=9212 rebuild_us=62 layout_us=1846 paint_us=196 encode_us=46 acquire_us=1059 submit_us=6001 skipped=0 gpu_q=1 gpu_total_us=5181 gpu_prepass_us=0 gpu_main_us=5181 gpu_composite_us=0 gpu_blit_us=0
frust_shell_common::perf: frust-perf raw n=1882 total_us=9380 rebuild_us=82 layout_us=2057 paint_us=218 encode_us=48 acquire_us=761 submit_us=6212 skipped=0 gpu_q=1 gpu_total_us=4799 gpu_prepass_us=0 gpu_main_us=4799 gpu_composite_us=0 gpu_blit_us=0
frust_shell_common::perf: frust-perf raw n=1883 total_us=9467 rebuild_us=77 layout_us=2073 paint_us=218 encode_us=45 acquire_us=841 submit_us=6211 skipped=0 gpu_q=1 gpu_total_us=4934 gpu_prepass_us=0 gpu_main_us=4934 gpu_composite_us=0 gpu_blit_us=0
frust_shell_common::perf: frust-perf raw n=1884 total_us=9398 rebuild_us=61 layout_us=2033 paint_us=212 encode_us=44 acquire_us=944 submit_us=6101 skipped=0 gpu_q=1 gpu_total_us=4790 gpu_prepass_us=0 gpu_main_us=4790 gpu_composite_us=0 gpu_blit_us=0
frust_shell_common::perf: frust-perf raw n=1885 total_us=9395 rebuild_us=60 layout_us=2042 paint_us=216 encode_us=48 acquire_us=859 submit_us=6167 skipped=0 gpu_q=1 gpu_total_us=4859 gpu_prepass_us=0 gpu_main_us=4859 gpu_composite_us=0 gpu_blit_us=0
frust_shell_common::perf: frust-perf raw n=1886 total_us=9160 rebuild_us=64 layout_us=2061 paint_us=213 encode_us=44 acquire_us=661 submit_us=6113 skipped=0 gpu_q=1 gpu_total_us=4860 gpu_prepass_us=0 gpu_main_us=4860 gpu_composite_us=0 gpu_blit_us=0
frust_shell_common::perf: frust-perf raw n=1887 total_us=9160 rebuild_us=69 layout_us=1997 paint_us=214 encode_us=45 acquire_us=620 submit_us=6213 skipped=0 gpu_q=1 gpu_total_us=4882 gpu_prepass_us=0 gpu_main_us=4882 gpu_composite_us=0 gpu_blit_us=0
frust_shell_common::perf: frust-perf raw n=1888 total_us=9302 rebuild_us=74 layout_us=2010 paint_us=216 encode_us=48 acquire_us=733 submit_us=6218 skipped=0 gpu_q=1 gpu_total_us=4788 gpu_prepass_us=0 gpu_main_us=4788 gpu_composite_us=0 gpu_blit_us=0
frust_shell_common::perf: frust-perf raw n=1889 total_us=8628 rebuild_us=63 layout_us=2025 paint_us=215 encode_us=47 acquire_us=636 submit_us=5639 skipped=0 gpu_q=1 gpu_total_us=4818 gpu_prepass_us=0 gpu_main_us=4818 gpu_composite_us=0 gpu_blit_us=0
frust_shell_common::perf: frust-perf raw n=1890 total_us=9337 rebuild_us=59 layout_us=1725 paint_us=196 encode_us=43 acquire_us=1208 submit_us=6103 skipped=0 gpu_q=1 gpu_total_us=4879 gpu_prepass_us=0 gpu_main_us=4879 gpu_composite_us=0 gpu_blit_us=0
frust_shell_common::perf: frust-perf raw n=1891 total_us=12278 rebuild_us=195 layout_us=5494 paint_us=471 encode_us=51 acquire_us=74 submit_us=5991 skipped=0 gpu_q=1 gpu_total_us=4897 gpu_prepass_us=0 gpu_main_us=4897 gpu_composite_us=0 gpu_blit_us=0
frust_shell_common::perf: frust-perf raw n=1892 total_us=11223 rebuild_us=121 layout_us=4699 paint_us=455 encode_us=39 acquire_us=69 submit_us=5837 skipped=0 gpu_q=1 gpu_total_us=4765 gpu_prepass_us=0 gpu_main_us=4765 gpu_composite_us=0 gpu_blit_us=0
frust_shell_common::perf: frust-perf raw n=1893 total_us=6814 rebuild_us=62 layout_us=1204 paint_us=203 encode_us=36 acquire_us=66 submit_us=5241 skipped=0 gpu_q=1 gpu_total_us=4894 gpu_prepass_us=0 gpu_main_us=4894 gpu_composite_us=0 gpu_blit_us=0
frust_shell_common::perf: frust-perf raw n=1894 total_us=8243 rebuild_us=61 layout_us=1073 paint_us=196 encode_us=39 acquire_us=1832 submit_us=5040 skipped=0 gpu_q=1 gpu_total_us=4869 gpu_prepass_us=0 gpu_main_us=4869 gpu_composite_us=0 gpu_blit_us=0
frust_shell_common::perf: frust-perf raw n=1895 total_us=8417 rebuild_us=57 layout_us=722 paint_us=141 encode_us=39 acquire_us=1930 submit_us=5525 skipped=0 gpu_q=1 gpu_total_us=4792 gpu_prepass_us=0 gpu_main_us=4792 gpu_composite_us=0 gpu_blit_us=0
frust_shell_common::perf: frust-perf raw n=1896 total_us=8289 rebuild_us=56 layout_us=695 paint_us=153 encode_us=44 acquire_us=1988 submit_us=5351 skipped=0 gpu_q=1 gpu_total_us=4903 gpu_prepass_us=0 gpu_main_us=4903 gpu_composite_us=0 gpu_blit_us=0
frust_shell_common::perf: frust-perf raw n=1897 total_us=8741 rebuild_us=56 layout_us=35 paint_us=112 encode_us=39 acquire_us=2607 submit_us=5891 skipped=0 gpu_q=1 gpu_total_us=4783 gpu_prepass_us=0 gpu_main_us=4783 gpu_composite_us=0 gpu_blit_us=0
frust_shell_common::perf: frust-perf raw n=1898 total_us=8990 rebuild_us=66 layout_us=13 paint_us=91 encode_us=47 acquire_us=2550 submit_us=6220 skipped=0 gpu_q=1 gpu_total_us=4872 gpu_prepass_us=0 gpu_main_us=4872 gpu_composite_us=0 gpu_blit_us=0
frust_shell_common::perf: frust-perf raw n=1899 total_us=8381 rebuild_us=75 layout_us=77 paint_us=164 encode_us=40 acquire_us=1898 submit_us=6125 skipped=0 gpu_q=1 gpu_total_us=4843 gpu_prepass_us=0 gpu_main_us=4843 gpu_composite_us=0 gpu_blit_us=0
frust_shell_common::perf: frust-perf raw n=1900 total_us=9169 rebuild_us=69 layout_us=289 paint_us=226 encode_us=42 acquire_us=2389 submit_us=6151 skipped=0 gpu_q=1 gpu_total_us=4816 gpu_prepass_us=0 gpu_main_us=4816 gpu_composite_us=0 gpu_blit_us=0
frust_shell_common::perf: frust-perf raw n=1901 total_us=9028 rebuild_us=63 layout_us=346 paint_us=303 encode_us=41 acquire_us=2071 submit_us=6202 skipped=0 gpu_q=1 gpu_total_us=4881 gpu_prepass_us=0 gpu_main_us=4881 gpu_composite_us=0 gpu_blit_us=0
frust_shell_common::perf: frust-perf raw n=1902 total_us=9185 rebuild_us=62 layout_us=1666 paint_us=231 encode_us=46 acquire_us=1050 submit_us=6126 skipped=0 gpu_q=1 gpu_total_us=4866 gpu_prepass_us=0 gpu_main_us=4866 gpu_composite_us=0 gpu_blit_us=0
frust_shell_common::perf: frust-perf raw n=1903 total_us=8974 rebuild_us=98 layout_us=1422 paint_us=199 encode_us=41 acquire_us=1594 submit_us=5618 skipped=0 gpu_q=1 gpu_total_us=4953 gpu_prepass_us=0 gpu_main_us=4953 gpu_composite_us=0 gpu_blit_us=0
frust_shell_common::perf: frust-perf raw n=1904 total_us=8828 rebuild_us=60 layout_us=1488 paint_us=198 encode_us=39 acquire_us=1402 submit_us=5639 skipped=0 gpu_q=1 gpu_total_us=4795 gpu_prepass_us=0 gpu_main_us=4795 gpu_composite_us=0 gpu_blit_us=0
frust_shell_common::perf: frust-perf raw n=1905 total_us=9273 rebuild_us=65 layout_us=1462 paint_us=194 encode_us=48 acquire_us=1659 submit_us=5843 skipped=0 gpu_q=1 gpu_total_us=4820 gpu_prepass_us=0 gpu_main_us=4820 gpu_composite_us=0 gpu_blit_us=0
frust_shell_android::app::frame: frust-perf platform-view tail depth=0 target=0 acquire_bound=false frame=1920 expected_present_us=0 acquire_us=1254 period_us=8265
frust_shell_common::perf: frust-perf raw n=1906 total_us=11314 rebuild_us=147 layout_us=4636 paint_us=428 encode_us=46 acquire_us=74 submit_us=5980 skipped=0 gpu_q=1 gpu_total_us=4879 gpu_prepass_us=0 gpu_main_us=4879 gpu_composite_us=0 gpu_blit_us=0
frust_shell_common::perf: frust-perf raw n=1907 total_us=6617 rebuild_us=49 layout_us=1511 paint_us=226 encode_us=44 acquire_us=71 submit_us=4714 skipped=0 gpu_q=1 gpu_total_us=4897 gpu_prepass_us=0 gpu_main_us=4897 gpu_composite_us=0 gpu_blit_us=0
frust_shell_common::perf: frust-perf raw n=1908 total_us=9283 rebuild_us=54 layout_us=1089 paint_us=163 encode_us=45 acquire_us=2568 submit_us=5361 skipped=0 gpu_q=1 gpu_total_us=4787 gpu_prepass_us=0 gpu_main_us=4787 gpu_composite_us=0 gpu_blit_us=0
frust_shell_common::perf: frust-perf raw n=1909 total_us=8757 rebuild_us=56 layout_us=1490 paint_us=200 encode_us=43 acquire_us=1323 submit_us=5641 skipped=0 gpu_q=1 gpu_total_us=4844 gpu_prepass_us=0 gpu_main_us=4844 gpu_composite_us=0 gpu_blit_us=0
frust_shell_common::perf: frust-perf raw n=1910 total_us=8757 rebuild_us=73 layout_us=1463 paint_us=195 encode_us=108 acquire_us=1230 submit_us=5685 skipped=0 gpu_q=1 gpu_total_us=4761 gpu_prepass_us=0 gpu_main_us=4761 gpu_composite_us=0 gpu_blit_us=0
frust_shell_common::perf: frust-perf raw n=1911 total_us=9000 rebuild_us=68 layout_us=1467 paint_us=217 encode_us=46 acquire_us=1283 submit_us=5915 skipped=0 gpu_q=1 gpu_total_us=4857 gpu_prepass_us=0 gpu_main_us=4857 gpu_composite_us=0 gpu_blit_us=0
frust_shell_common::perf: frust-perf raw n=1912 total_us=9221 rebuild_us=67 layout_us=1588 paint_us=222 encode_us=43 acquire_us=1220 submit_us=6078 skipped=0 gpu_q=1 gpu_total_us=4811 gpu_prepass_us=0 gpu_main_us=4811 gpu_composite_us=0 gpu_blit_us=0
frust_shell_common::perf: frust-perf raw n=1913 total_us=8687 rebuild_us=71 layout_us=1672 paint_us=217 encode_us=45 acquire_us=887 submit_us=5792 skipped=0 gpu_q=1 gpu_total_us=4831 gpu_prepass_us=0 gpu_main_us=4831 gpu_composite_us=0 gpu_blit_us=0
frust_shell_common::perf: frust-perf raw n=1914 total_us=7325 rebuild_us=60 layout_us=1487 paint_us=189 encode_us=42 acquire_us=74 submit_us=5471 skipped=0 gpu_q=1 gpu_total_us=4901 gpu_prepass_us=0 gpu_main_us=4901 gpu_composite_us=0 gpu_blit_us=0
frust_shell_common::perf: frust-perf raw n=1915 total_us=9732 rebuild_us=56 layout_us=1387 paint_us=192 encode_us=48 acquire_us=2070 submit_us=5978 skipped=0 gpu_q=1 gpu_total_us=4889 gpu_prepass_us=0 gpu_main_us=4889 gpu_composite_us=0 gpu_blit_us=0
frust_shell_common::perf: frust-perf raw n=1916 total_us=8553 rebuild_us=54 layout_us=1526 paint_us=208 encode_us=39 acquire_us=1045 submit_us=5679 skipped=0 gpu_q=1 gpu_total_us=4858 gpu_prepass_us=0 gpu_main_us=4858 gpu_composite_us=0 gpu_blit_us=0
frust_shell_common::perf: frust-perf raw n=1917 total_us=10530 rebuild_us=62 layout_us=1455 paint_us=196 encode_us=42 acquire_us=1934 submit_us=6838 skipped=0 gpu_q=1 gpu_total_us=4848 gpu_prepass_us=0 gpu_main_us=4848 gpu_composite_us=0 gpu_blit_us=0
frust_shell_common::perf: frust-perf raw n=1918 total_us=7129 rebuild_us=62 layout_us=1748 paint_us=230 encode_us=40 acquire_us=488 submit_us=4558 skipped=0 gpu_q=1 gpu_total_us=4840 gpu_prepass_us=0 gpu_main_us=4840 gpu_composite_us=0 gpu_blit_us=0
frust_shell_common::perf: frust-perf raw n=1919 total_us=8945 rebuild_us=61 layout_us=1110 paint_us=168 encode_us=40 acquire_us=1798 submit_us=5765 skipped=0 gpu_q=1 gpu_total_us=4743 gpu_prepass_us=0 gpu_main_us=4743 gpu_composite_us=0 gpu_blit_us=0
frust_engine::renderer: frust-perf enc n=1920 w=60 validate_us=13.6 prepare_us=2.9 classify_us=43.9 admit_us=0.2 walk_us=2759.3 glyphs_us=2261.9 finish_us=2.1 compile_us=2823.7 schedule_us=3.9 paints_us=133.6 instances_us=207.6 resize_us=10.7 upload_us=272.6 replay_us=0.3 pipelines_us=15.8 record_us=27.8 total_us=3497.8 total_p95_us=3759.8 draws=829 strips=12433 alphas=302752 glyph_draws=797 atlas_glyphs=797
frust_shell_common::perf: frust-perf raw n=1920 total_us=10130 rebuild_us=133 layout_us=4002 paint_us=457 encode_us=38 acquire_us=66 submit_us=5432 skipped=0 gpu_q=1 gpu_total_us=4833 gpu_prepass_us=0 gpu_main_us=4833 gpu_composite_us=0 gpu_blit_us=0
frust_shell_common::perf: frust-perf raw n=1921 total_us=12222 rebuild_us=119 layout_us=5474 paint_us=465 encode_us=44 acquire_us=78 submit_us=6040 skipped=0 gpu_q=1 gpu_total_us=4869 gpu_prepass_us=0 gpu_main_us=4869 gpu_composite_us=0 gpu_blit_us=0
frust_shell_common::perf: frust-perf raw n=1922 total_us=11243 rebuild_us=124 layout_us=4454 paint_us=501 encode_us=40 acquire_us=69 submit_us=6052 skipped=0 gpu_q=1 gpu_total_us=4817 gpu_prepass_us=0 gpu_main_us=4817 gpu_composite_us=0 gpu_blit_us=0
frust_shell_common::perf: frust-perf raw n=1923 total_us=10569 rebuild_us=120 layout_us=4246 paint_us=481 encode_us=42 acquire_us=69 submit_us=5607 skipped=0 gpu_q=1 gpu_total_us=4879 gpu_prepass_us=0 gpu_main_us=4879 gpu_composite_us=0 gpu_blit_us=0
frust_shell_common::perf: frust-perf raw n=1924 total_us=7007 rebuild_us=58 layout_us=1316 paint_us=211 encode_us=39 acquire_us=191 submit_us=5189 skipped=0 gpu_q=1 gpu_total_us=4896 gpu_prepass_us=0 gpu_main_us=4896 gpu_composite_us=0 gpu_blit_us=0
frust_shell_common::perf: frust-perf raw n=1925 total_us=8621 rebuild_us=66 layout_us=1465 paint_us=208 encode_us=121 acquire_us=1175 submit_us=5583 skipped=0 gpu_q=1 gpu_total_us=4941 gpu_prepass_us=0 gpu_main_us=4941 gpu_composite_us=0 gpu_blit_us=0
frust_shell_common::perf: frust-perf raw n=1926 total_us=8604 rebuild_us=57 layout_us=1467 paint_us=248 encode_us=46 acquire_us=1165 submit_us=5619 skipped=0 gpu_q=1 gpu_total_us=5342 gpu_prepass_us=0 gpu_main_us=5342 gpu_composite_us=0 gpu_blit_us=0
frust_shell_common::perf: frust-perf raw n=1927 total_us=8630 rebuild_us=68 layout_us=1572 paint_us=220 encode_us=47 acquire_us=1110 submit_us=5611 skipped=0 gpu_q=1 gpu_total_us=4901 gpu_prepass_us=0 gpu_main_us=4901 gpu_composite_us=0 gpu_blit_us=0
frust_shell_common::perf: frust-perf raw n=1928 total_us=9099 rebuild_us=69 layout_us=1571 paint_us=219 encode_us=45 acquire_us=1536 submit_us=5657 skipped=0 gpu_q=1 gpu_total_us=4797 gpu_prepass_us=0 gpu_main_us=4797 gpu_composite_us=0 gpu_blit_us=0
frust_shell_common::perf: frust-perf raw n=1929 total_us=9099 rebuild_us=61 layout_us=1554 paint_us=225 encode_us=49 acquire_us=1062 submit_us=6146 skipped=0 gpu_q=1 gpu_total_us=4827 gpu_prepass_us=0 gpu_main_us=4827 gpu_composite_us=0 gpu_blit_us=0
frust_shell_common::perf: frust-perf raw n=1930 total_us=9141 rebuild_us=70 layout_us=1708 paint_us=218 encode_us=47 acquire_us=896 submit_us=6200 skipped=0 gpu_q=1 gpu_total_us=4880 gpu_prepass_us=0 gpu_main_us=4880 gpu_composite_us=0 gpu_blit_us=0
frust_shell_common::perf: frust-perf raw n=1931 total_us=9227 rebuild_us=72 layout_us=1767 paint_us=218 encode_us=46 acquire_us=922 submit_us=6200 skipped=0 gpu_q=1 gpu_total_us=4851 gpu_prepass_us=0 gpu_main_us=4851 gpu_composite_us=0 gpu_blit_us=0
frust_shell_common::perf: frust-perf raw n=1932 total_us=9154 rebuild_us=74 layout_us=1661 paint_us=236 encode_us=45 acquire_us=1010 submit_us=6127 skipped=0 gpu_q=1 gpu_total_us=4837 gpu_prepass_us=0 gpu_main_us=4837 gpu_composite_us=0 gpu_blit_us=0
frust_shell_common::perf: frust-perf raw n=1933 total_us=9045 rebuild_us=101 layout_us=1529 paint_us=219 encode_us=43 acquire_us=1011 submit_us=6140 skipped=0 gpu_q=1 gpu_total_us=4854 gpu_prepass_us=0 gpu_main_us=4854 gpu_composite_us=0 gpu_blit_us=0
frust_shell_common::perf: frust-perf raw n=1934 total_us=9204 rebuild_us=86 layout_us=1639 paint_us=215 encode_us=46 acquire_us=955 submit_us=6261 skipped=0 gpu_q=1 gpu_total_us=4878 gpu_prepass_us=0 gpu_main_us=4878 gpu_composite_us=0 gpu_blit_us=0
frust_shell_common::perf: frust-perf raw n=1935 total_us=8245 rebuild_us=84 layout_us=1635 paint_us=218 encode_us=41 acquire_us=74 submit_us=6191 skipped=0 gpu_q=1 gpu_total_us=4840 gpu_prepass_us=0 gpu_main_us=4840 gpu_composite_us=0 gpu_blit_us=0
frust_shell_common::perf: frust-perf raw n=1936 total_us=9521 rebuild_us=67 layout_us=1465 paint_us=211 encode_us=44 acquire_us=2097 submit_us=5634 skipped=0 gpu_q=1 gpu_total_us=4761 gpu_prepass_us=0 gpu_main_us=4761 gpu_composite_us=0 gpu_blit_us=0
frust_shell_common::perf: frust-perf raw n=1937 total_us=10890 rebuild_us=123 layout_us=4146 paint_us=393 encode_us=48 acquire_us=69 submit_us=6108 skipped=0 gpu_q=1 gpu_total_us=5009 gpu_prepass_us=0 gpu_main_us=5009 gpu_composite_us=0 gpu_blit_us=0
frust_shell_common::perf: frust-perf raw n=1938 total_us=7929 rebuild_us=69 layout_us=1698 paint_us=244 encode_us=41 acquire_us=74 submit_us=5799 skipped=0 gpu_q=1 gpu_total_us=5052 gpu_prepass_us=0 gpu_main_us=5052 gpu_composite_us=0 gpu_blit_us=0
frust_shell_common::perf: frust-perf raw n=1939 total_us=7982 rebuild_us=58 layout_us=1108 paint_us=163 encode_us=35 acquire_us=2517 submit_us=4099 skipped=0 gpu_q=1 gpu_total_us=4856 gpu_prepass_us=0 gpu_main_us=4856 gpu_composite_us=0 gpu_blit_us=0
frust_shell_common::perf: frust-perf raw n=1940 total_us=6913 rebuild_us=53 layout_us=842 paint_us=130 encode_us=34 acquire_us=2261 submit_us=3590 skipped=0 gpu_q=1 gpu_total_us=4778 gpu_prepass_us=0 gpu_main_us=4778 gpu_composite_us=0 gpu_blit_us=0
frust_shell_common::perf: frust-perf raw n=1941 total_us=7970 rebuild_us=56 layout_us=956 paint_us=139 encode_us=39 acquire_us=2183 submit_us=4594 skipped=0 gpu_q=1 gpu_total_us=4941 gpu_prepass_us=0 gpu_main_us=4941 gpu_composite_us=0 gpu_blit_us=0
frust_shell_common::perf: frust-perf raw n=1942 total_us=9365 rebuild_us=66 layout_us=1665 paint_us=213 encode_us=44 acquire_us=1218 submit_us=6157 skipped=0 gpu_q=1 gpu_total_us=4889 gpu_prepass_us=0 gpu_main_us=4889 gpu_composite_us=0 gpu_blit_us=0
frust_shell_common::perf: frust-perf raw n=1943 total_us=10534 rebuild_us=63 layout_us=1679 paint_us=217 encode_us=45 acquire_us=1831 submit_us=6697 skipped=0 gpu_q=1 gpu_total_us=4832 gpu_prepass_us=0 gpu_main_us=4832 gpu_composite_us=0 gpu_blit_us=0
frust_shell_common::perf: frust-perf raw n=1944 total_us=9541 rebuild_us=63 layout_us=1814 paint_us=249 encode_us=43 acquire_us=1093 submit_us=6276 skipped=0 gpu_q=1 gpu_total_us=4773 gpu_prepass_us=0 gpu_main_us=4773 gpu_composite_us=0 gpu_blit_us=0
frust_shell_common::perf: frust-perf raw n=1945 total_us=9580 rebuild_us=61 layout_us=1530 paint_us=225 encode_us=46 acquire_us=1634 submit_us=6082 skipped=0 gpu_q=1 gpu_total_us=4828 gpu_prepass_us=0 gpu_main_us=4828 gpu_composite_us=0 gpu_blit_us=0
frust_shell_common::perf: frust-perf raw n=1946 total_us=7364 rebuild_us=58 layout_us=1644 paint_us=214 encode_us=41 acquire_us=467 submit_us=4937 skipped=0 gpu_q=1 gpu_total_us=4946 gpu_prepass_us=0 gpu_main_us=4946 gpu_composite_us=0 gpu_blit_us=0
frust_shell_common::perf: frust-perf raw n=1947 total_us=6473 rebuild_us=51 layout_us=1109 paint_us=139 encode_us=38 acquire_us=942 submit_us=4191 skipped=0 gpu_q=1 gpu_total_us=4869 gpu_prepass_us=0 gpu_main_us=4869 gpu_composite_us=0 gpu_blit_us=0
frust_shell_common::perf: frust-perf raw n=1948 total_us=9375 rebuild_us=52 layout_us=941 paint_us=138 encode_us=37 acquire_us=2135 submit_us=6070 skipped=0 gpu_q=1 gpu_total_us=4806 gpu_prepass_us=0 gpu_main_us=4806 gpu_composite_us=0 gpu_blit_us=0
frust_shell_common::perf: frust-perf raw n=1949 total_us=8411 rebuild_us=58 layout_us=1506 paint_us=214 encode_us=53 acquire_us=1159 submit_us=5418 skipped=0 gpu_q=1 gpu_total_us=4936 gpu_prepass_us=0 gpu_main_us=4936 gpu_composite_us=0 gpu_blit_us=0
frust_shell_common::perf: frust-perf raw n=1950 total_us=9196 rebuild_us=56 layout_us=1450 paint_us=190 encode_us=38 acquire_us=1279 submit_us=6181 skipped=0 gpu_q=1 gpu_total_us=4873 gpu_prepass_us=0 gpu_main_us=4873 gpu_composite_us=0 gpu_blit_us=0
frust_shell_common::perf: frust-perf raw n=1951 total_us=11918 rebuild_us=161 layout_us=5027 paint_us=456 encode_us=45 acquire_us=71 submit_us=6156 skipped=0 gpu_q=1 gpu_total_us=4867 gpu_prepass_us=0 gpu_main_us=4867 gpu_composite_us=0 gpu_blit_us=0
frust_shell_common::perf: frust-perf raw n=1952 total_us=11371 rebuild_us=115 layout_us=4624 paint_us=554 encode_us=48 acquire_us=67 submit_us=5960 skipped=0 gpu_q=1 gpu_total_us=4735 gpu_prepass_us=0 gpu_main_us=4735 gpu_composite_us=0 gpu_blit_us=0
frust_shell_common::perf: frust-perf raw n=1953 total_us=10157 rebuild_us=123 layout_us=4097 paint_us=511 encode_us=41 acquire_us=62 submit_us=5320 skipped=0 gpu_q=1 gpu_total_us=4912 gpu_prepass_us=0 gpu_main_us=4912 gpu_composite_us=0 gpu_blit_us=0
frust_shell_common::perf: frust-perf raw n=1954 total_us=9374 rebuild_us=115 layout_us=3821 paint_us=380 encode_us=37 acquire_us=61 submit_us=4957 skipped=0 gpu_q=1 gpu_total_us=4927 gpu_prepass_us=0 gpu_main_us=4927 gpu_composite_us=0 gpu_blit_us=0
frust_shell_common::perf: frust-perf raw n=1955 total_us=10718 rebuild_us=120 layout_us=4290 paint_us=437 encode_us=46 acquire_us=64 submit_us=5759 skipped=0 gpu_q=1 gpu_total_us=4768 gpu_prepass_us=0 gpu_main_us=4768 gpu_composite_us=0 gpu_blit_us=0
frust_shell_common::perf: frust-perf raw n=1956 total_us=12166 rebuild_us=137 layout_us=4717 paint_us=507 encode_us=56 acquire_us=119 submit_us=6627 skipped=0 gpu_q=1 gpu_total_us=4776 gpu_prepass_us=0 gpu_main_us=4776 gpu_composite_us=0 gpu_blit_us=0
frust_shell_common::perf: frust-perf raw n=1957 total_us=11641 rebuild_us=127 layout_us=4477 paint_us=495 encode_us=44 acquire_us=110 submit_us=6387 skipped=0 gpu_q=1 gpu_total_us=4897 gpu_prepass_us=0 gpu_main_us=4897 gpu_composite_us=0 gpu_blit_us=0
frust_shell_common::perf: frust-perf raw n=1958 total_us=11788 rebuild_us=133 layout_us=4962 paint_us=486 encode_us=40 acquire_us=73 submit_us=6092 skipped=0 gpu_q=1 gpu_total_us=4900 gpu_prepass_us=0 gpu_main_us=4900 gpu_composite_us=0 gpu_blit_us=0
frust_shell_common::perf: frust-perf raw n=1959 total_us=10386 rebuild_us=137 layout_us=3943 paint_us=399 encode_us=41 acquire_us=76 submit_us=5787 skipped=0 gpu_q=1 gpu_total_us=4878 gpu_prepass_us=0 gpu_main_us=4878 gpu_composite_us=0 gpu_blit_us=0
frust_shell_common::perf: frust-perf raw n=1960 total_us=8257 rebuild_us=134 layout_us=3426 paint_us=361 encode_us=39 acquire_us=50 submit_us=4246 skipped=0 gpu_q=1 gpu_total_us=4806 gpu_prepass_us=0 gpu_main_us=4806 gpu_composite_us=0 gpu_blit_us=0
frust_shell_common::perf: frust-perf raw n=1961 total_us=6269 rebuild_us=57 layout_us=1085 paint_us=146 encode_us=35 acquire_us=1025 submit_us=3918 skipped=0 gpu_q=1 gpu_total_us=4928 gpu_prepass_us=0 gpu_main_us=4928 gpu_composite_us=0 gpu_blit_us=0
frust_shell_common::perf: frust-perf raw n=1962 total_us=8487 rebuild_us=50 layout_us=1578 paint_us=191 encode_us=43 acquire_us=1028 submit_us=5593 skipped=0 gpu_q=1 gpu_total_us=4944 gpu_prepass_us=0 gpu_main_us=4944 gpu_composite_us=0 gpu_blit_us=0
frust_shell_common::perf: frust-perf raw n=1963 total_us=9180 rebuild_us=72 layout_us=1666 paint_us=218 encode_us=50 acquire_us=807 submit_us=6365 skipped=0 gpu_q=1 gpu_total_us=4931 gpu_prepass_us=0 gpu_main_us=4931 gpu_composite_us=0 gpu_blit_us=0
frust_shell_common::perf: frust-perf raw n=1964 total_us=9862 rebuild_us=66 layout_us=1798 paint_us=239 encode_us=46 acquire_us=905 submit_us=6805 skipped=0 gpu_q=1 gpu_total_us=4711 gpu_prepass_us=0 gpu_main_us=4711 gpu_composite_us=0 gpu_blit_us=0
frust_shell_common::perf: frust-perf raw n=1965 total_us=9050 rebuild_us=62 layout_us=1781 paint_us=249 encode_us=48 acquire_us=588 submit_us=6320 skipped=0 gpu_q=1 gpu_total_us=4834 gpu_prepass_us=0 gpu_main_us=4834 gpu_composite_us=0 gpu_blit_us=0
frust_shell_common::perf: frust-perf raw n=1966 total_us=7703 rebuild_us=54 layout_us=1087 paint_us=155 encode_us=37 acquire_us=1920 submit_us=4448 skipped=0 gpu_q=1 gpu_total_us=4744 gpu_prepass_us=0 gpu_main_us=4744 gpu_composite_us=0 gpu_blit_us=0
frust_shell_common::perf: frust-perf raw n=1967 total_us=8212 rebuild_us=57 layout_us=1164 paint_us=155 encode_us=37 acquire_us=2061 submit_us=4736 skipped=0 gpu_q=1 gpu_total_us=4866 gpu_prepass_us=0 gpu_main_us=4866 gpu_composite_us=0 gpu_blit_us=0
frust_shell_common::perf: frust-perf raw n=1968 total_us=9428 rebuild_us=62 layout_us=1613 paint_us=209 encode_us=44 acquire_us=1336 submit_us=6161 skipped=0 gpu_q=1 gpu_total_us=4752 gpu_prepass_us=0 gpu_main_us=4752 gpu_composite_us=0 gpu_blit_us=0
frust_shell_common::perf: frust-perf raw n=1969 total_us=9531 rebuild_us=61 layout_us=1585 paint_us=233 encode_us=49 acquire_us=1539 submit_us=6061 skipped=0 gpu_q=1 gpu_total_us=4858 gpu_prepass_us=0 gpu_main_us=4858 gpu_composite_us=0 gpu_blit_us=0
frust_shell_common::perf: frust-perf raw n=1970 total_us=9624 rebuild_us=60 layout_us=1496 paint_us=214 encode_us=44 acquire_us=1769 submit_us=6037 skipped=0 gpu_q=1 gpu_total_us=4889 gpu_prepass_us=0 gpu_main_us=4889 gpu_composite_us=0 gpu_blit_us=0
frust_shell_common::perf: frust-perf raw n=1971 total_us=9385 rebuild_us=61 layout_us=1593 paint_us=269 encode_us=41 acquire_us=1339 submit_us=6080 skipped=0 gpu_q=1 gpu_total_us=4899 gpu_prepass_us=0 gpu_main_us=4899 gpu_composite_us=0 gpu_blit_us=0
frust_shell_common::perf: frust-perf raw n=1972 total_us=9380 rebuild_us=60 layout_us=1670 paint_us=220 encode_us=44 acquire_us=1363 submit_us=6020 skipped=0 gpu_q=1 gpu_total_us=4774 gpu_prepass_us=0 gpu_main_us=4774 gpu_composite_us=0 gpu_blit_us=0
frust_shell_common::perf: frust-perf raw n=1973 total_us=9569 rebuild_us=64 layout_us=1666 paint_us=229 encode_us=48 acquire_us=1452 submit_us=6107 skipped=0 gpu_q=1 gpu_total_us=4809 gpu_prepass_us=0 gpu_main_us=4809 gpu_composite_us=0 gpu_blit_us=0
frust_shell_common::perf: frust-perf raw n=1974 total_us=12451 rebuild_us=137 layout_us=4239 paint_us=629 encode_us=52 acquire_us=84 submit_us=7308 skipped=0 gpu_q=1 gpu_total_us=4925 gpu_prepass_us=0 gpu_main_us=4925 gpu_composite_us=0 gpu_blit_us=0
frust_shell_common::perf: frust-perf raw n=1975 total_us=7758 rebuild_us=110 layout_us=3685 paint_us=469 encode_us=43 acquire_us=55 submit_us=3393 skipped=0 gpu_q=1 gpu_total_us=4908 gpu_prepass_us=0 gpu_main_us=4908 gpu_composite_us=0 gpu_blit_us=0
frust_shell_common::perf: frust-perf raw n=1976 total_us=7522 rebuild_us=59 layout_us=1120 paint_us=178 encode_us=36 acquire_us=1320 submit_us=4806 skipped=0 gpu_q=1 gpu_total_us=4734 gpu_prepass_us=0 gpu_main_us=4734 gpu_composite_us=0 gpu_blit_us=0
frust_shell_common::perf: frust-perf raw n=1977 total_us=8763 rebuild_us=58 layout_us=1269 paint_us=176 encode_us=40 acquire_us=1386 submit_us=5831 skipped=0 gpu_q=1 gpu_total_us=4851 gpu_prepass_us=0 gpu_main_us=4851 gpu_composite_us=0 gpu_blit_us=0
frust_shell_common::perf: frust-perf raw n=1978 total_us=8960 rebuild_us=63 layout_us=1513 paint_us=223 encode_us=48 acquire_us=995 submit_us=6117 skipped=0 gpu_q=1 gpu_total_us=4881 gpu_prepass_us=0 gpu_main_us=4881 gpu_composite_us=0 gpu_blit_us=0
frust_shell_common::perf: frust-perf raw n=1979 total_us=9205 rebuild_us=73 layout_us=1630 paint_us=217 encode_us=50 acquire_us=965 submit_us=6267 skipped=0 gpu_q=1 gpu_total_us=4889 gpu_prepass_us=0 gpu_main_us=4889 gpu_composite_us=0 gpu_blit_us=0
frust_engine::renderer: frust-perf enc n=1980 w=60 validate_us=12.8 prepare_us=2.9 classify_us=43.9 admit_us=0.2 walk_us=2845.5 glyphs_us=2303.8 finish_us=1.9 compile_us=2913.2 schedule_us=3.9 paints_us=135.8 instances_us=208.9 resize_us=10.6 upload_us=272.3 replay_us=0.3 pipelines_us=15.9 record_us=28.1 total_us=3616.7 total_p95_us=4071.8 draws=829 strips=12458 alphas=303472 glyph_draws=797 atlas_glyphs=797
frust_shell_common::perf: frust-perf raw n=1980 total_us=9488 rebuild_us=71 layout_us=1651 paint_us=223 encode_us=50 acquire_us=1112 submit_us=6379 skipped=0 gpu_q=1 gpu_total_us=4700 gpu_prepass_us=0 gpu_main_us=4700 gpu_composite_us=0 gpu_blit_us=0
frust_shell_common::perf: frust-perf raw n=1981 total_us=8975 rebuild_us=67 layout_us=1640 paint_us=237 encode_us=47 acquire_us=1382 submit_us=5601 skipped=0 gpu_q=1 gpu_total_us=4852 gpu_prepass_us=0 gpu_main_us=4852 gpu_composite_us=0 gpu_blit_us=0
frust_shell_common::perf: frust-perf raw n=1982 total_us=8850 rebuild_us=65 layout_us=1403 paint_us=196 encode_us=41 acquire_us=1660 submit_us=5484 skipped=0 gpu_q=1 gpu_total_us=4960 gpu_prepass_us=0 gpu_main_us=4960 gpu_composite_us=0 gpu_blit_us=0
frust_shell_common::perf: frust-perf raw n=1983 total_us=8937 rebuild_us=68 layout_us=1497 paint_us=197 encode_us=47 acquire_us=1633 submit_us=5493 skipped=0 gpu_q=1 gpu_total_us=4885 gpu_prepass_us=0 gpu_main_us=4885 gpu_composite_us=0 gpu_blit_us=0
frust_shell_common::perf: frust-perf raw n=1984 total_us=9101 rebuild_us=66 layout_us=1507 paint_us=197 encode_us=39 acquire_us=1738 submit_us=5552 skipped=0 gpu_q=1 gpu_total_us=4783 gpu_prepass_us=0 gpu_main_us=4783 gpu_composite_us=0 gpu_blit_us=0
frust_shell_common::perf: frust-perf raw n=1985 total_us=10350 rebuild_us=70 layout_us=1470 paint_us=212 encode_us=44 acquire_us=1840 submit_us=6712 skipped=0 gpu_q=1 gpu_total_us=4822 gpu_prepass_us=0 gpu_main_us=4822 gpu_composite_us=0 gpu_blit_us=0
frust_shell_common::perf: frust-perf raw n=1986 total_us=8077 rebuild_us=58 layout_us=1363 paint_us=200 encode_us=66 acquire_us=964 submit_us=5423 skipped=0 gpu_q=1 gpu_total_us=4959 gpu_prepass_us=0 gpu_main_us=4959 gpu_composite_us=0 gpu_blit_us=0
frust_shell_common::perf: frust-perf raw n=1987 total_us=8955 rebuild_us=84 layout_us=1562 paint_us=227 encode_us=49 acquire_us=1435 submit_us=5596 skipped=0 gpu_q=1 gpu_total_us=4923 gpu_prepass_us=0 gpu_main_us=4923 gpu_composite_us=0 gpu_blit_us=0
frust_shell_common::perf: frust-perf raw n=1988 total_us=8952 rebuild_us=70 layout_us=1550 paint_us=231 encode_us=46 acquire_us=1455 submit_us=5597 skipped=0 gpu_q=1 gpu_total_us=4735 gpu_prepass_us=0 gpu_main_us=4735 gpu_composite_us=0 gpu_blit_us=0
frust_shell_common::perf: frust-perf raw n=1989 total_us=11553 rebuild_us=137 layout_us=5266 paint_us=506 encode_us=45 acquire_us=67 submit_us=5529 skipped=0 gpu_q=1 gpu_total_us=4859 gpu_prepass_us=98 gpu_main_us=4761 gpu_composite_us=0 gpu_blit_us=0
frust_shell_common::perf: frust-perf raw n=1990 total_us=10228 rebuild_us=117 layout_us=4104 paint_us=585 encode_us=38 acquire_us=66 submit_us=5315 skipped=0 gpu_q=1 gpu_total_us=4941 gpu_prepass_us=0 gpu_main_us=4941 gpu_composite_us=0 gpu_blit_us=0
frust_shell_common::perf: frust-perf raw n=1991 total_us=7570 rebuild_us=59 layout_us=1450 paint_us=187 encode_us=36 acquire_us=790 submit_us=5046 skipped=0 gpu_q=1 gpu_total_us=4889 gpu_prepass_us=0 gpu_main_us=4889 gpu_composite_us=0 gpu_blit_us=0
frust_shell_common::perf: frust-perf raw n=1992 total_us=7511 rebuild_us=57 layout_us=1323 paint_us=161 encode_us=33 acquire_us=1497 submit_us=4437 skipped=0 gpu_q=1 gpu_total_us=4781 gpu_prepass_us=0 gpu_main_us=4781 gpu_composite_us=0 gpu_blit_us=0
frust_shell_common::perf: frust-perf raw n=1993 total_us=8621 rebuild_us=68 layout_us=1478 paint_us=209 encode_us=46 acquire_us=1005 submit_us=5813 skipped=0 gpu_q=1 gpu_total_us=4807 gpu_prepass_us=0 gpu_main_us=4807 gpu_composite_us=0 gpu_blit_us=0
frust_shell_common::perf: frust-perf raw n=1994 total_us=8925 rebuild_us=63 layout_us=1516 paint_us=216 encode_us=49 acquire_us=795 submit_us=6284 skipped=0 gpu_q=1 gpu_total_us=4971 gpu_prepass_us=0 gpu_main_us=4971 gpu_composite_us=0 gpu_blit_us=0
frust_shell_common::perf: frust-perf raw n=1995 total_us=9509 rebuild_us=78 layout_us=1815 paint_us=239 encode_us=47 acquire_us=630 submit_us=6696 skipped=0 gpu_q=1 gpu_total_us=4920 gpu_prepass_us=0 gpu_main_us=4920 gpu_composite_us=0 gpu_blit_us=0
frust_shell_common::perf: frust-perf raw n=1996 total_us=9182 rebuild_us=61 layout_us=1621 paint_us=217 encode_us=52 acquire_us=1084 submit_us=6146 skipped=0 gpu_q=1 gpu_total_us=4734 gpu_prepass_us=0 gpu_main_us=4734 gpu_composite_us=0 gpu_blit_us=0
frust_shell_common::perf: frust-perf raw n=1997 total_us=8865 rebuild_us=76 layout_us=1473 paint_us=211 encode_us=47 acquire_us=1349 submit_us=5706 skipped=0 gpu_q=1 gpu_total_us=4764 gpu_prepass_us=0 gpu_main_us=4764 gpu_composite_us=0 gpu_blit_us=0
frust_shell_common::perf: frust-perf raw n=1998 total_us=8704 rebuild_us=68 layout_us=1399 paint_us=197 encode_us=49 acquire_us=1295 submit_us=5693 skipped=0 gpu_q=1 gpu_total_us=4973 gpu_prepass_us=0 gpu_main_us=4973 gpu_composite_us=0 gpu_blit_us=0
frust_shell_common::perf: frust-perf raw n=1999 total_us=9129 rebuild_us=75 layout_us=1458 paint_us=195 encode_us=42 acquire_us=1568 submit_us=5788 skipped=0 gpu_q=1 gpu_total_us=4930 gpu_prepass_us=0 gpu_main_us=4930 gpu_composite_us=0 gpu_blit_us=0
frust_shell_common::perf: frust-perf raw n=2000 total_us=9461 rebuild_us=85 layout_us=1627 paint_us=215 encode_us=44 acquire_us=1319 submit_us=6168 skipped=0 gpu_q=1 gpu_total_us=4762 gpu_prepass_us=0 gpu_main_us=4762 gpu_composite_us=0 gpu_blit_us=0
frust_shell_common::perf: frust-perf frame n=120 total_p50_ms=9 total_p95_ms=11 total_p99_ms=12 rebuild_p95_ms=0 layout_p95_ms=4 paint_p95_ms=0 encode_p95_ms=0 acquire_p95_ms=2 submit_p95_ms=6 over_60hz=5 over_120hz=1524 skipped=0 total_frames=2000
frust_shell_common::perf: frust-perf raw n=2001 total_us=9287 rebuild_us=61 layout_us=1624 paint_us=259 encode_us=47 acquire_us=1183 submit_us=6113 skipped=0 gpu_q=1 gpu_total_us=4822 gpu_prepass_us=0 gpu_main_us=4822 gpu_composite_us=0 gpu_blit_us=0
frust_shell_common::perf: frust-perf raw n=2002 total_us=9189 rebuild_us=68 layout_us=1663 paint_us=237 encode_us=44 acquire_us=1059 submit_us=6116 skipped=0 gpu_q=1 gpu_total_us=4946 gpu_prepass_us=0 gpu_main_us=4946 gpu_composite_us=0 gpu_blit_us=0
frust_shell_common::perf: frust-perf raw n=2003 total_us=10660 rebuild_us=148 layout_us=4089 paint_us=427 encode_us=46 acquire_us=74 submit_us=5873 skipped=0 gpu_q=1 gpu_total_us=4915 gpu_prepass_us=0 gpu_main_us=4915 gpu_composite_us=0 gpu_blit_us=0
frust_shell_common::perf: frust-perf raw n=2004 total_us=10867 rebuild_us=121 layout_us=4259 paint_us=461 encode_us=43 acquire_us=79 submit_us=5902 skipped=0 gpu_q=1 gpu_total_us=4769 gpu_prepass_us=0 gpu_main_us=4769 gpu_composite_us=0 gpu_blit_us=0
frust_shell_common::perf: frust-perf raw n=2005 total_us=11171 rebuild_us=130 layout_us=4345 paint_us=622 encode_us=42 acquire_us=71 submit_us=5957 skipped=0 gpu_q=1 gpu_total_us=4833 gpu_prepass_us=0 gpu_main_us=4833 gpu_composite_us=0 gpu_blit_us=0
frust_shell_common::perf: frust-perf raw n=2006 total_us=11422 rebuild_us=129 layout_us=4812 paint_us=521 encode_us=42 acquire_us=67 submit_us=5848 skipped=0 gpu_q=1 gpu_total_us=4892 gpu_prepass_us=0 gpu_main_us=4892 gpu_composite_us=0 gpu_blit_us=0
frust_shell_common::perf: frust-perf raw n=2007 total_us=11359 rebuild_us=131 layout_us=4820 paint_us=428 encode_us=53 acquire_us=66 submit_us=5858 skipped=0 gpu_q=1 gpu_total_us=4838 gpu_prepass_us=0 gpu_main_us=4838 gpu_composite_us=0 gpu_blit_us=0
frust_shell_common::perf: frust-perf raw n=2008 total_us=10582 rebuild_us=117 layout_us=4123 paint_us=350 encode_us=40 acquire_us=67 submit_us=5884 skipped=0 gpu_q=1 gpu_total_us=4853 gpu_prepass_us=0 gpu_main_us=4853 gpu_composite_us=0 gpu_blit_us=0
frust_shell_common::perf: frust-perf raw n=2009 total_us=5937 rebuild_us=65 layout_us=1549 paint_us=222 encode_us=42 acquire_us=64 submit_us=3993 skipped=0 gpu_q=1 gpu_total_us=4819 gpu_prepass_us=0 gpu_main_us=4819 gpu_composite_us=0 gpu_blit_us=0
frust_shell_common::perf: frust-perf raw n=2010 total_us=10880 rebuild_us=59 layout_us=1095 paint_us=165 encode_us=37 acquire_us=2210 submit_us=7310 skipped=0 gpu_q=1 gpu_total_us=4981 gpu_prepass_us=0 gpu_main_us=4981 gpu_composite_us=0 gpu_blit_us=0
frust_shell_common::perf: frust-perf raw n=2011 total_us=5955 rebuild_us=61 layout_us=1668 paint_us=241 encode_us=45 acquire_us=76 submit_us=3862 skipped=0 gpu_q=1 gpu_total_us=4956 gpu_prepass_us=0 gpu_main_us=4956 gpu_composite_us=0 gpu_blit_us=0
frust_shell_common::perf: frust-perf raw n=2012 total_us=10260 rebuild_us=58 layout_us=1101 paint_us=158 encode_us=41 acquire_us=2332 submit_us=6567 skipped=0 gpu_q=1 gpu_total_us=4814 gpu_prepass_us=0 gpu_main_us=4814 gpu_composite_us=0 gpu_blit_us=0
frust_shell_common::perf: frust-perf raw n=2013 total_us=7776 rebuild_us=55 layout_us=1586 paint_us=209 encode_us=35 acquire_us=290 submit_us=5599 skipped=0 gpu_q=1 gpu_total_us=4721 gpu_prepass_us=0 gpu_main_us=4721 gpu_composite_us=0 gpu_blit_us=0
frust_shell_common::perf: frust-perf raw n=2014 total_us=10135 rebuild_us=58 layout_us=1462 paint_us=217 encode_us=42 acquire_us=2309 submit_us=6044 skipped=0 gpu_q=1 gpu_total_us=4981 gpu_prepass_us=0 gpu_main_us=4981 gpu_composite_us=0 gpu_blit_us=0
frust_shell_common::perf: frust-perf raw n=2015 total_us=8919 rebuild_us=59 layout_us=1503 paint_us=217 encode_us=43 acquire_us=1165 submit_us=5931 skipped=0 gpu_q=1 gpu_total_us=4897 gpu_prepass_us=0 gpu_main_us=4897 gpu_composite_us=0 gpu_blit_us=0
frust_shell_common::perf: frust-perf raw n=2016 total_us=10100 rebuild_us=71 layout_us=1642 paint_us=319 encode_us=44 acquire_us=1801 submit_us=6220 skipped=0 gpu_q=1 gpu_total_us=4872 gpu_prepass_us=0 gpu_main_us=4872 gpu_composite_us=0 gpu_blit_us=0
frust_shell_common::perf: frust-perf raw n=2017 total_us=9078 rebuild_us=60 layout_us=1593 paint_us=219 encode_us=45 acquire_us=1103 submit_us=6057 skipped=0 gpu_q=1 gpu_total_us=4796 gpu_prepass_us=0 gpu_main_us=4796 gpu_composite_us=0 gpu_blit_us=0
frust_shell_common::perf: frust-perf raw n=2018 total_us=8851 rebuild_us=73 layout_us=1714 paint_us=254 encode_us=46 acquire_us=1123 submit_us=5639 skipped=0 gpu_q=1 gpu_total_us=4756 gpu_prepass_us=0 gpu_main_us=4756 gpu_composite_us=0 gpu_blit_us=0
frust_shell_common::perf: frust-perf raw n=2019 total_us=9400 rebuild_us=71 layout_us=1533 paint_us=203 encode_us=44 acquire_us=1823 submit_us=5723 skipped=0 gpu_q=1 gpu_total_us=4935 gpu_prepass_us=0 gpu_main_us=4935 gpu_composite_us=0 gpu_blit_us=0
frust_shell_common::perf: frust-perf raw n=2020 total_us=9461 rebuild_us=63 layout_us=1661 paint_us=221 encode_us=51 acquire_us=1299 submit_us=6163 skipped=0 gpu_q=1 gpu_total_us=4800 gpu_prepass_us=0 gpu_main_us=4800 gpu_composite_us=0 gpu_blit_us=0
frust_shell_common::perf: frust-perf raw n=2021 total_us=9351 rebuild_us=62 layout_us=1770 paint_us=218 encode_us=49 acquire_us=1049 submit_us=6201 skipped=0 gpu_q=1 gpu_total_us=4812 gpu_prepass_us=0 gpu_main_us=4812 gpu_composite_us=0 gpu_blit_us=0
frust_shell_common::perf: frust-perf raw n=2022 total_us=11302 rebuild_us=245 layout_us=4623 paint_us=441 encode_us=45 acquire_us=68 submit_us=5877 skipped=0 gpu_q=1 gpu_total_us=4899 gpu_prepass_us=0 gpu_main_us=4899 gpu_composite_us=0 gpu_blit_us=0
frust_shell_common::perf: frust-perf raw n=2023 total_us=10763 rebuild_us=198 layout_us=4221 paint_us=455 encode_us=42 acquire_us=68 submit_us=5776 skipped=0 gpu_q=1 gpu_total_us=4981 gpu_prepass_us=0 gpu_main_us=4981 gpu_composite_us=0 gpu_blit_us=0
frust_shell_common::perf: frust-perf raw n=2024 total_us=7086 rebuild_us=75 layout_us=1418 paint_us=192 encode_us=42 acquire_us=114 submit_us=5242 skipped=0 gpu_q=1 gpu_total_us=4815 gpu_prepass_us=0 gpu_main_us=4815 gpu_composite_us=0 gpu_blit_us=0
frust_shell_common::perf: frust-perf raw n=2025 total_us=7177 rebuild_us=72 layout_us=1102 paint_us=152 encode_us=37 acquire_us=1569 submit_us=4243 skipped=0 gpu_q=1 gpu_total_us=4844 gpu_prepass_us=0 gpu_main_us=4844 gpu_composite_us=0 gpu_blit_us=0
frust_shell_android::app::frame: frust-perf platform-view tail depth=0 target=0 acquire_bound=false frame=2040 expected_present_us=0 acquire_us=966 period_us=8264
frust_shell_common::perf: frust-perf raw n=2026 total_us=8533 rebuild_us=65 layout_us=1328 paint_us=191 encode_us=44 acquire_us=1357 submit_us=5546 skipped=0 gpu_q=1 gpu_total_us=5280 gpu_prepass_us=0 gpu_main_us=5280 gpu_composite_us=0 gpu_blit_us=0
frust_shell_common::perf: frust-perf raw n=2027 total_us=9606 rebuild_us=70 layout_us=1682 paint_us=235 encode_us=52 acquire_us=948 submit_us=6616 skipped=0 gpu_q=1 gpu_total_us=5021 gpu_prepass_us=0 gpu_main_us=5021 gpu_composite_us=0 gpu_blit_us=0
frust_shell_common::perf: frust-perf raw n=2028 total_us=9530 rebuild_us=63 layout_us=1792 paint_us=240 encode_us=52 acquire_us=815 submit_us=6565 skipped=0 gpu_q=1 gpu_total_us=4740 gpu_prepass_us=0 gpu_main_us=4740 gpu_composite_us=0 gpu_blit_us=0
frust_shell_common::perf: frust-perf raw n=2029 total_us=9120 rebuild_us=62 layout_us=1630 paint_us=210 encode_us=53 acquire_us=1127 submit_us=6035 skipped=0 gpu_q=1 gpu_total_us=4764 gpu_prepass_us=0 gpu_main_us=4764 gpu_composite_us=0 gpu_blit_us=0
frust_shell_common::perf: frust-perf raw n=2030 total_us=8851 rebuild_us=74 layout_us=1471 paint_us=197 encode_us=45 acquire_us=1465 submit_us=5598 skipped=0 gpu_q=1 gpu_total_us=4798 gpu_prepass_us=0 gpu_main_us=4798 gpu_composite_us=0 gpu_blit_us=0
frust_shell_common::perf: frust-perf raw n=2031 total_us=9043 rebuild_us=66 layout_us=1483 paint_us=216 encode_us=76 acquire_us=1313 submit_us=5886 skipped=0 gpu_q=1 gpu_total_us=4955 gpu_prepass_us=0 gpu_main_us=4955 gpu_composite_us=0 gpu_blit_us=0
frust_shell_common::perf: frust-perf raw n=2032 total_us=9186 rebuild_us=67 layout_us=1661 paint_us=240 encode_us=53 acquire_us=1059 submit_us=6104 skipped=0 gpu_q=1 gpu_total_us=4796 gpu_prepass_us=0 gpu_main_us=4796 gpu_composite_us=0 gpu_blit_us=0
frust_shell_common::perf: frust-perf raw n=2033 total_us=9267 rebuild_us=83 layout_us=1668 paint_us=219 encode_us=45 acquire_us=1169 submit_us=6080 skipped=0 gpu_q=1 gpu_total_us=4801 gpu_prepass_us=0 gpu_main_us=4801 gpu_composite_us=0 gpu_blit_us=0
frust_shell_common::perf: frust-perf raw n=2034 total_us=9488 rebuild_us=57 layout_us=1681 paint_us=221 encode_us=47 acquire_us=1361 submit_us=6117 skipped=0 gpu_q=1 gpu_total_us=4861 gpu_prepass_us=0 gpu_main_us=4861 gpu_composite_us=0 gpu_blit_us=0
frust_shell_common::perf: frust-perf raw n=2035 total_us=9530 rebuild_us=59 layout_us=1672 paint_us=236 encode_us=55 acquire_us=1317 submit_us=6188 skipped=0 gpu_q=1 gpu_total_us=4914 gpu_prepass_us=0 gpu_main_us=4914 gpu_composite_us=0 gpu_blit_us=0
frust_shell_common::perf: frust-perf raw n=2036 total_us=11123 rebuild_us=150 layout_us=3868 paint_us=542 encode_us=47 acquire_us=79 submit_us=6434 skipped=0 gpu_q=1 gpu_total_us=4779 gpu_prepass_us=0 gpu_main_us=4779 gpu_composite_us=0 gpu_blit_us=0
frust_shell_common::perf: frust-perf raw n=2037 total_us=10395 rebuild_us=103 layout_us=3818 paint_us=422 encode_us=44 acquire_us=80 submit_us=5926 skipped=0 gpu_q=1 gpu_total_us=4818 gpu_prepass_us=0 gpu_main_us=4818 gpu_composite_us=0 gpu_blit_us=0
frust_shell_common::perf: frust-perf raw n=2038 total_us=10945 rebuild_us=163 layout_us=4303 paint_us=482 encode_us=43 acquire_us=68 submit_us=5883 skipped=0 gpu_q=1 gpu_total_us=4854 gpu_prepass_us=0 gpu_main_us=4854 gpu_composite_us=0 gpu_blit_us=0
frust_shell_common::perf: frust-perf raw n=2039 total_us=10810 rebuild_us=118 layout_us=4182 paint_us=503 encode_us=66 acquire_us=68 submit_us=5870 skipped=0 gpu_q=1 gpu_total_us=4888 gpu_prepass_us=0 gpu_main_us=4888 gpu_composite_us=0 gpu_blit_us=0
frust_engine::renderer: frust-perf enc n=2040 w=60 validate_us=14.0 prepare_us=2.9 classify_us=44.3 admit_us=0.2 walk_us=2802.4 glyphs_us=2255.8 finish_us=2.0 compile_us=2872.3 schedule_us=4.0 paints_us=136.2 instances_us=204.1 resize_us=10.7 upload_us=270.8 replay_us=0.3 pipelines_us=15.6 record_us=27.9 total_us=3558.6 total_p95_us=4067.9 draws=829 strips=12465 alphas=303456 glyph_draws=797 atlas_glyphs=797
frust_shell_common::perf: frust-perf raw n=2040 total_us=7595 rebuild_us=66 layout_us=1439 paint_us=228 encode_us=40 acquire_us=67 submit_us=5752 skipped=0 gpu_q=1 gpu_total_us=5172 gpu_prepass_us=0 gpu_main_us=5172 gpu_composite_us=0 gpu_blit_us=0
frust_shell_common::perf: frust-perf raw n=2041 total_us=9504 rebuild_us=61 layout_us=1474 paint_us=205 encode_us=39 acquire_us=1713 submit_us=6010 skipped=0 gpu_q=1 gpu_total_us=4889 gpu_prepass_us=0 gpu_main_us=4889 gpu_composite_us=0 gpu_blit_us=0
frust_shell_common::perf: frust-perf raw n=2042 total_us=8483 rebuild_us=61 layout_us=1603 paint_us=212 encode_us=48 acquire_us=872 submit_us=5685 skipped=0 gpu_q=1 gpu_total_us=4914 gpu_prepass_us=0 gpu_main_us=4914 gpu_composite_us=0 gpu_blit_us=0
frust_shell_common::perf: frust-perf raw n=2043 total_us=9549 rebuild_us=61 layout_us=1459 paint_us=214 encode_us=48 acquire_us=1708 submit_us=6056 skipped=0 gpu_q=1 gpu_total_us=4952 gpu_prepass_us=0 gpu_main_us=4952 gpu_composite_us=0 gpu_blit_us=0
frust_shell_common::perf: frust-perf raw n=2044 total_us=9130 rebuild_us=57 layout_us=1511 paint_us=218 encode_us=43 acquire_us=1292 submit_us=6006 skipped=0 gpu_q=1 gpu_total_us=4818 gpu_prepass_us=0 gpu_main_us=4818 gpu_composite_us=0 gpu_blit_us=0
frust_shell_common::perf: frust-perf raw n=2045 total_us=9603 rebuild_us=63 layout_us=1622 paint_us=210 encode_us=42 acquire_us=1546 submit_us=6118 skipped=0 gpu_q=1 gpu_total_us=4832 gpu_prepass_us=0 gpu_main_us=4832 gpu_composite_us=0 gpu_blit_us=0
frust_shell_common::perf: frust-perf raw n=2046 total_us=8920 rebuild_us=60 layout_us=1604 paint_us=213 encode_us=113 acquire_us=928 submit_us=6002 skipped=0 gpu_q=1 gpu_total_us=4852 gpu_prepass_us=0 gpu_main_us=4852 gpu_composite_us=0 gpu_blit_us=0
frust_shell_common::perf: frust-perf raw n=2047 total_us=9494 rebuild_us=71 layout_us=1663 paint_us=259 encode_us=48 acquire_us=1358 submit_us=6092 skipped=0 gpu_q=1 gpu_total_us=4884 gpu_prepass_us=0 gpu_main_us=4884 gpu_composite_us=0 gpu_blit_us=0
frust_shell_common::perf: frust-perf raw n=2048 total_us=8958 rebuild_us=60 layout_us=1553 paint_us=240 encode_us=44 acquire_us=1106 submit_us=5952 skipped=0 gpu_q=1 gpu_total_us=4845 gpu_prepass_us=0 gpu_main_us=4845 gpu_composite_us=0 gpu_blit_us=0
frust_shell_common::perf: frust-perf raw n=2049 total_us=9306 rebuild_us=69 layout_us=1689 paint_us=218 encode_us=45 acquire_us=1091 submit_us=6191 skipped=0 gpu_q=1 gpu_total_us=4880 gpu_prepass_us=0 gpu_main_us=4880 gpu_composite_us=0 gpu_blit_us=0
frust_shell_common::perf: frust-perf raw n=2050 total_us=9779 rebuild_us=76 layout_us=1724 paint_us=219 encode_us=46 acquire_us=1451 submit_us=6261 skipped=0 gpu_q=1 gpu_total_us=4896 gpu_prepass_us=0 gpu_main_us=4896 gpu_composite_us=0 gpu_blit_us=0
frust_shell_common::perf: frust-perf raw n=2051 total_us=9612 rebuild_us=62 layout_us=1686 paint_us=228 encode_us=48 acquire_us=1448 submit_us=6137 skipped=0 gpu_q=1 gpu_total_us=4879 gpu_prepass_us=0 gpu_main_us=4879 gpu_composite_us=0 gpu_blit_us=0
frust_shell_common::perf: frust-perf raw n=2052 total_us=9493 rebuild_us=60 layout_us=1605 paint_us=214 encode_us=39 acquire_us=1472 submit_us=6101 skipped=0 gpu_q=1 gpu_total_us=4824 gpu_prepass_us=0 gpu_main_us=4824 gpu_composite_us=0 gpu_blit_us=0
frust_shell_common::perf: frust-perf raw n=2053 total_us=10747 rebuild_us=185 layout_us=4211 paint_us=383 encode_us=40 acquire_us=73 submit_us=5853 skipped=0 gpu_q=1 gpu_total_us=4884 gpu_prepass_us=0 gpu_main_us=4884 gpu_composite_us=0 gpu_blit_us=0
frust_shell_common::perf: frust-perf raw n=2054 total_us=10776 rebuild_us=122 layout_us=4115 paint_us=428 encode_us=39 acquire_us=71 submit_us=5998 skipped=0 gpu_q=1 gpu_total_us=4826 gpu_prepass_us=0 gpu_main_us=4826 gpu_composite_us=0 gpu_blit_us=0
frust_shell_common::perf: frust-perf raw n=2055 total_us=7841 rebuild_us=59 layout_us=1609 paint_us=246 encode_us=40 acquire_us=68 submit_us=5816 skipped=0 gpu_q=1 gpu_total_us=4847 gpu_prepass_us=0 gpu_main_us=4847 gpu_composite_us=0 gpu_blit_us=0
frust_shell_common::perf: frust-perf raw n=2056 total_us=6987 rebuild_us=60 layout_us=1068 paint_us=157 encode_us=35 acquire_us=1524 submit_us=4140 skipped=0 gpu_q=1 gpu_total_us=4840 gpu_prepass_us=0 gpu_main_us=4840 gpu_composite_us=0 gpu_blit_us=0
frust_shell_common::perf: frust-perf raw n=2057 total_us=7443 rebuild_us=52 layout_us=1147 paint_us=150 encode_us=40 acquire_us=1498 submit_us=4553 skipped=0 gpu_q=1 gpu_total_us=5122 gpu_prepass_us=0 gpu_main_us=5122 gpu_composite_us=0 gpu_blit_us=0
frust_shell_common::perf: frust-perf raw n=2058 total_us=9637 rebuild_us=64 layout_us=1595 paint_us=209 encode_us=46 acquire_us=1575 submit_us=6145 skipped=0 gpu_q=1 gpu_total_us=4921 gpu_prepass_us=0 gpu_main_us=4921 gpu_composite_us=0 gpu_blit_us=0
frust_shell_common::perf: frust-perf raw n=2059 total_us=9215 rebuild_us=58 layout_us=1590 paint_us=230 encode_us=46 acquire_us=1296 submit_us=5993 skipped=0 gpu_q=1 gpu_total_us=4845 gpu_prepass_us=0 gpu_main_us=4845 gpu_composite_us=0 gpu_blit_us=0
frust_shell_common::perf: frust-perf raw n=2060 total_us=9449 rebuild_us=88 layout_us=1410 paint_us=198 encode_us=46 acquire_us=2053 submit_us=5652 skipped=0 gpu_q=1 gpu_total_us=4863 gpu_prepass_us=0 gpu_main_us=4863 gpu_composite_us=0 gpu_blit_us=0
frust_shell_common::perf: frust-perf raw n=2061 total_us=9140 rebuild_us=56 layout_us=1594 paint_us=207 encode_us=42 acquire_us=1209 submit_us=6030 skipped=0 gpu_q=1 gpu_total_us=4778 gpu_prepass_us=0 gpu_main_us=4778 gpu_composite_us=0 gpu_blit_us=0
frust_shell_common::perf: frust-perf raw n=2062 total_us=10297 rebuild_us=69 layout_us=1615 paint_us=252 encode_us=44 acquire_us=1701 submit_us=6614 skipped=0 gpu_q=1 gpu_total_us=4739 gpu_prepass_us=0 gpu_main_us=4739 gpu_composite_us=0 gpu_blit_us=0
frust_shell_common::perf: frust-perf raw n=2063 total_us=8456 rebuild_us=67 layout_us=1816 paint_us=242 encode_us=46 acquire_us=867 submit_us=5415 skipped=0 gpu_q=1 gpu_total_us=4853 gpu_prepass_us=0 gpu_main_us=4853 gpu_composite_us=0 gpu_blit_us=0
frust_shell_common::perf: frust-perf raw n=2064 total_us=8295 rebuild_us=49 layout_us=991 paint_us=196 encode_us=40 acquire_us=2548 submit_us=4469 skipped=0 gpu_q=1 gpu_total_us=4888 gpu_prepass_us=0 gpu_main_us=4888 gpu_composite_us=0 gpu_blit_us=0
frust_shell_common::perf: frust-perf raw n=2065 total_us=7858 rebuild_us=51 layout_us=1187 paint_us=167 encode_us=40 acquire_us=1488 submit_us=4922 skipped=0 gpu_q=1 gpu_total_us=4838 gpu_prepass_us=0 gpu_main_us=4838 gpu_composite_us=0 gpu_blit_us=0
frust_shell_common::perf: frust-perf raw n=2066 total_us=9153 rebuild_us=58 layout_us=1374 paint_us=178 encode_us=40 acquire_us=1585 submit_us=5916 skipped=0 gpu_q=1 gpu_total_us=4869 gpu_prepass_us=0 gpu_main_us=4869 gpu_composite_us=0 gpu_blit_us=0
frust_shell_common::perf: frust-perf raw n=2067 total_us=13801 rebuild_us=157 layout_us=5440 paint_us=463 encode_us=53 acquire_us=90 submit_us=7597 skipped=0 gpu_q=1 gpu_total_us=4890 gpu_prepass_us=0 gpu_main_us=4890 gpu_composite_us=0 gpu_blit_us=0
frust_shell_common::perf: frust-perf raw n=2068 total_us=12699 rebuild_us=108 layout_us=4814 paint_us=473 encode_us=49 acquire_us=79 submit_us=7174 skipped=0 gpu_q=1 gpu_total_us=4788 gpu_prepass_us=0 gpu_main_us=4788 gpu_composite_us=0 gpu_blit_us=0
frust_shell_common::perf: frust-perf raw n=2069 total_us=5810 rebuild_us=68 layout_us=1868 paint_us=273 encode_us=37 acquire_us=52 submit_us=3509 skipped=0 gpu_q=1 gpu_total_us=4833 gpu_prepass_us=0 gpu_main_us=4833 gpu_composite_us=0 gpu_blit_us=0
frust_shell_common::perf: frust-perf raw n=2070 total_us=9209 rebuild_us=52 layout_us=1086 paint_us=149 encode_us=35 acquire_us=2623 submit_us=5261 skipped=0 gpu_q=1 gpu_total_us=4881 gpu_prepass_us=0 gpu_main_us=4881 gpu_composite_us=0 gpu_blit_us=0
frust_shell_common::perf: frust-perf raw n=2071 total_us=6899 rebuild_us=53 layout_us=1268 paint_us=167 encode_us=35 acquire_us=1665 submit_us=3707 skipped=0 gpu_q=1 gpu_total_us=4739 gpu_prepass_us=0 gpu_main_us=4739 gpu_composite_us=0 gpu_blit_us=0
frust_shell_common::perf: frust-perf raw n=2072 total_us=4446 rebuild_us=47 layout_us=866 paint_us=131 encode_us=34 acquire_us=49 submit_us=3316 skipped=0 gpu_q=1 gpu_total_us=4821 gpu_prepass_us=0 gpu_main_us=4821 gpu_composite_us=0 gpu_blit_us=0
frust_shell_common::perf: frust-perf raw n=2073 total_us=10259 rebuild_us=44 layout_us=859 paint_us=120 encode_us=31 acquire_us=1577 submit_us=7626 skipped=0 gpu_q=1 gpu_total_us=4838 gpu_prepass_us=0 gpu_main_us=4838 gpu_composite_us=0 gpu_blit_us=0
frust_shell_common::perf: frust-perf raw n=2074 total_us=6281 rebuild_us=66 layout_us=2052 paint_us=278 encode_us=48 acquire_us=116 submit_us=3719 skipped=0 gpu_q=1 gpu_total_us=4938 gpu_prepass_us=0 gpu_main_us=4938 gpu_composite_us=0 gpu_blit_us=0
frust_shell_common::perf: frust-perf raw n=2075 total_us=10500 rebuild_us=60 layout_us=1093 paint_us=151 encode_us=37 acquire_us=2518 submit_us=6638 skipped=0 gpu_q=1 gpu_total_us=4871 gpu_prepass_us=0 gpu_main_us=4871 gpu_composite_us=0 gpu_blit_us=0
frust_shell_common::perf: frust-perf raw n=2076 total_us=7528 rebuild_us=58 layout_us=1583 paint_us=231 encode_us=42 acquire_us=161 submit_us=5450 skipped=0 gpu_q=1 gpu_total_us=4709 gpu_prepass_us=0 gpu_main_us=4709 gpu_composite_us=0 gpu_blit_us=0
frust_shell_common::perf: frust-perf raw n=2077 total_us=9170 rebuild_us=59 layout_us=1363 paint_us=201 encode_us=40 acquire_us=1944 submit_us=5560 skipped=0 gpu_q=1 gpu_total_us=4835 gpu_prepass_us=0 gpu_main_us=4835 gpu_composite_us=0 gpu_blit_us=0
frust_shell_common::perf: frust-perf raw n=2078 total_us=8792 rebuild_us=82 layout_us=1525 paint_us=223 encode_us=50 acquire_us=1337 submit_us=5574 skipped=0 gpu_q=1 gpu_total_us=4785 gpu_prepass_us=0 gpu_main_us=4785 gpu_composite_us=0 gpu_blit_us=0
frust_shell_common::perf: frust-perf raw n=2079 total_us=9214 rebuild_us=65 layout_us=1523 paint_us=197 encode_us=43 acquire_us=1668 submit_us=5715 skipped=0 gpu_q=1 gpu_total_us=4854 gpu_prepass_us=0 gpu_main_us=4854 gpu_composite_us=0 gpu_blit_us=0
frust_shell_common::perf: frust-perf raw n=2080 total_us=8728 rebuild_us=78 layout_us=1575 paint_us=218 encode_us=49 acquire_us=1255 submit_us=5551 skipped=0 gpu_q=1 gpu_total_us=4732 gpu_prepass_us=0 gpu_main_us=4732 gpu_composite_us=0 gpu_blit_us=0
frust_shell_common::perf: frust-perf raw n=2081 total_us=8788 rebuild_us=62 layout_us=1443 paint_us=199 encode_us=44 acquire_us=1508 submit_us=5530 skipped=0 gpu_q=1 gpu_total_us=4922 gpu_prepass_us=0 gpu_main_us=4922 gpu_composite_us=0 gpu_blit_us=0
frust_shell_common::perf: frust-perf raw n=2082 total_us=11335 rebuild_us=184 layout_us=4701 paint_us=406 encode_us=45 acquire_us=70 submit_us=5927 skipped=0 gpu_q=1 gpu_total_us=4876 gpu_prepass_us=0 gpu_main_us=4876 gpu_composite_us=0 gpu_blit_us=0
frust_shell_common::perf: frust-perf raw n=2083 total_us=9208 rebuild_us=205 layout_us=3054 paint_us=344 encode_us=38 acquire_us=69 submit_us=5495 skipped=0 gpu_q=1 gpu_total_us=4886 gpu_prepass_us=0 gpu_main_us=4886 gpu_composite_us=0 gpu_blit_us=0
frust_shell_common::perf: frust-perf raw n=2084 total_us=5874 rebuild_us=53 layout_us=1106 paint_us=158 encode_us=37 acquire_us=1079 submit_us=3438 skipped=0 gpu_q=1 gpu_total_us=4773 gpu_prepass_us=0 gpu_main_us=4773 gpu_composite_us=0 gpu_blit_us=0
frust_shell_common::perf: frust-perf raw n=2085 total_us=9130 rebuild_us=64 layout_us=1240 paint_us=178 encode_us=45 acquire_us=1672 submit_us=5929 skipped=0 gpu_q=1 gpu_total_us=4899 gpu_prepass_us=0 gpu_main_us=4899 gpu_composite_us=0 gpu_blit_us=0
frust_shell_common::perf: frust-perf raw n=2086 total_us=9578 rebuild_us=62 layout_us=1785 paint_us=239 encode_us=49 acquire_us=675 submit_us=6765 skipped=0 gpu_q=1 gpu_total_us=4832 gpu_prepass_us=0 gpu_main_us=4832 gpu_composite_us=0 gpu_blit_us=0
frust_shell_common::perf: frust-perf raw n=2087 total_us=9288 rebuild_us=59 layout_us=1599 paint_us=210 encode_us=43 acquire_us=1210 submit_us=6164 skipped=0 gpu_q=1 gpu_total_us=4752 gpu_prepass_us=0 gpu_main_us=4752 gpu_composite_us=0 gpu_blit_us=0
frust_shell_common::perf: frust-perf raw n=2088 total_us=9824 rebuild_us=62 layout_us=1478 paint_us=219 encode_us=45 acquire_us=2094 submit_us=5924 skipped=0 gpu_q=1 gpu_total_us=4714 gpu_prepass_us=0 gpu_main_us=4714 gpu_composite_us=0 gpu_blit_us=0
frust_shell_common::perf: frust-perf raw n=2089 total_us=8834 rebuild_us=59 layout_us=1508 paint_us=213 encode_us=47 acquire_us=1108 submit_us=5897 skipped=0 gpu_q=1 gpu_total_us=4825 gpu_prepass_us=0 gpu_main_us=4825 gpu_composite_us=0 gpu_blit_us=0
frust_shell_common::perf: frust-perf raw n=2090 total_us=9261 rebuild_us=69 layout_us=1475 paint_us=209 encode_us=41 acquire_us=1668 submit_us=5797 skipped=0 gpu_q=1 gpu_total_us=4898 gpu_prepass_us=0 gpu_main_us=4898 gpu_composite_us=0 gpu_blit_us=0
frust_shell_common::perf: frust-perf raw n=2091 total_us=9074 rebuild_us=70 layout_us=1636 paint_us=215 encode_us=46 acquire_us=1011 submit_us=6093 skipped=0 gpu_q=1 gpu_total_us=4888 gpu_prepass_us=0 gpu_main_us=4888 gpu_composite_us=0 gpu_blit_us=0
frust_shell_common::perf: frust-perf raw n=2092 total_us=9231 rebuild_us=68 layout_us=1617 paint_us=284 encode_us=45 acquire_us=1081 submit_us=6133 skipped=0 gpu_q=1 gpu_total_us=4749 gpu_prepass_us=0 gpu_main_us=4749 gpu_composite_us=0 gpu_blit_us=0
frust_shell_common::perf: frust-perf raw n=2093 total_us=9396 rebuild_us=76 layout_us=1654 paint_us=236 encode_us=50 acquire_us=1239 submit_us=6138 skipped=0 gpu_q=1 gpu_total_us=4880 gpu_prepass_us=0 gpu_main_us=4880 gpu_composite_us=0 gpu_blit_us=0
frust_shell_common::perf: frust-perf raw n=2094 total_us=9157 rebuild_us=62 layout_us=1567 paint_us=219 encode_us=55 acquire_us=1180 submit_us=6071 skipped=0 gpu_q=1 gpu_total_us=4936 gpu_prepass_us=0 gpu_main_us=4936 gpu_composite_us=0 gpu_blit_us=0
frust_shell_common::perf: frust-perf raw n=2095 total_us=9671 rebuild_us=67 layout_us=1672 paint_us=218 encode_us=47 acquire_us=1431 submit_us=6233 skipped=0 gpu_q=1 gpu_total_us=4872 gpu_prepass_us=0 gpu_main_us=4872 gpu_composite_us=0 gpu_blit_us=0
frust_shell_common::perf: frust-perf raw n=2096 total_us=11556 rebuild_us=124 layout_us=4353 paint_us=484 encode_us=51 acquire_us=76 submit_us=6466 skipped=0 gpu_q=1 gpu_total_us=4747 gpu_prepass_us=0 gpu_main_us=4747 gpu_composite_us=0 gpu_blit_us=0
frust_shell_common::perf: frust-perf raw n=2097 total_us=10951 rebuild_us=114 layout_us=4351 paint_us=516 encode_us=40 acquire_us=71 submit_us=5855 skipped=0 gpu_q=1 gpu_total_us=4838 gpu_prepass_us=0 gpu_main_us=4838 gpu_composite_us=0 gpu_blit_us=0
frust_shell_common::perf: frust-perf raw n=2098 total_us=10910 rebuild_us=123 layout_us=4505 paint_us=347 encode_us=45 acquire_us=69 submit_us=5818 skipped=0 gpu_q=1 gpu_total_us=4939 gpu_prepass_us=0 gpu_main_us=4939 gpu_composite_us=0 gpu_blit_us=0
frust_shell_common::perf: frust-perf raw n=2099 total_us=9787 rebuild_us=112 layout_us=3159 paint_us=499 encode_us=44 acquire_us=70 submit_us=5902 skipped=0 gpu_q=1 gpu_total_us=4911 gpu_prepass_us=0 gpu_main_us=4911 gpu_composite_us=0 gpu_blit_us=0
frust_engine::renderer: frust-perf enc n=2100 w=60 validate_us=14.1 prepare_us=2.9 classify_us=44.4 admit_us=0.2 walk_us=2822.7 glyphs_us=2263.9 finish_us=2.0 compile_us=2890.0 schedule_us=4.0 paints_us=138.6 instances_us=206.8 resize_us=10.8 upload_us=271.0 replay_us=0.3 pipelines_us=15.7 record_us=28.3 total_us=3579.8 total_p95_us=4105.7 draws=829 strips=12409 alphas=303824 glyph_draws=797 atlas_glyphs=797
frust_shell_common::perf: frust-perf raw n=2100 total_us=6220 rebuild_us=60 layout_us=1553 paint_us=212 encode_us=47 acquire_us=66 submit_us=4280 skipped=0 gpu_q=1 gpu_total_us=5076 gpu_prepass_us=0 gpu_main_us=5076 gpu_composite_us=0 gpu_blit_us=0
frust_shell_common::perf: frust-perf raw n=2101 total_us=10064 rebuild_us=54 layout_us=1074 paint_us=161 encode_us=36 acquire_us=2243 submit_us=6494 skipped=0 gpu_q=1 gpu_total_us=4885 gpu_prepass_us=0 gpu_main_us=4885 gpu_composite_us=0 gpu_blit_us=0
frust_shell_common::perf: frust-perf raw n=2102 total_us=6047 rebuild_us=65 layout_us=1476 paint_us=218 encode_us=42 acquire_us=456 submit_us=3788 skipped=0 gpu_q=1 gpu_total_us=4934 gpu_prepass_us=0 gpu_main_us=4934 gpu_composite_us=0 gpu_blit_us=0
frust_shell_common::perf: frust-perf raw n=2103 total_us=10226 rebuild_us=58 layout_us=1095 paint_us=152 encode_us=37 acquire_us=1386 submit_us=7494 skipped=0 gpu_q=1 gpu_total_us=4908 gpu_prepass_us=0 gpu_main_us=4908 gpu_composite_us=0 gpu_blit_us=0
frust_shell_common::perf: frust-perf raw n=2104 total_us=6139 rebuild_us=67 layout_us=1778 paint_us=239 encode_us=48 acquire_us=196 submit_us=3808 skipped=0 gpu_q=1 gpu_total_us=4729 gpu_prepass_us=0 gpu_main_us=4729 gpu_composite_us=0 gpu_blit_us=0
frust_shell_common::perf: frust-perf raw n=2105 total_us=7043 rebuild_us=62 layout_us=1096 paint_us=168 encode_us=40 acquire_us=61 submit_us=5614 skipped=0 gpu_q=1 gpu_total_us=4748 gpu_prepass_us=0 gpu_main_us=4748 gpu_composite_us=0 gpu_blit_us=0
frust_shell_common::perf: frust-perf raw n=2106 total_us=9175 rebuild_us=65 layout_us=1255 paint_us=176 encode_us=39 acquire_us=1767 submit_us=5869 skipped=0 gpu_q=1 gpu_total_us=4859 gpu_prepass_us=0 gpu_main_us=4859 gpu_composite_us=0 gpu_blit_us=0
frust_shell_common::perf: frust-perf raw n=2107 total_us=8618 rebuild_us=59 layout_us=1601 paint_us=313 encode_us=47 acquire_us=576 submit_us=6019 skipped=0 gpu_q=1 gpu_total_us=4947 gpu_prepass_us=0 gpu_main_us=4947 gpu_composite_us=0 gpu_blit_us=0
frust_shell_common::perf: frust-perf raw n=2108 total_us=9181 rebuild_us=62 layout_us=1698 paint_us=253 encode_us=45 acquire_us=1025 submit_us=6096 skipped=0 gpu_q=1 gpu_total_us=4769 gpu_prepass_us=0 gpu_main_us=4769 gpu_composite_us=0 gpu_blit_us=0
frust_shell_common::perf: frust-perf raw n=2109 total_us=9093 rebuild_us=83 layout_us=1714 paint_us=240 encode_us=51 acquire_us=956 submit_us=6048 skipped=0 gpu_q=1 gpu_total_us=4803 gpu_prepass_us=0 gpu_main_us=4803 gpu_composite_us=0 gpu_blit_us=0
frust_shell_common::perf: frust-perf raw n=2110 total_us=9468 rebuild_us=70 layout_us=1604 paint_us=219 encode_us=48 acquire_us=1317 submit_us=6208 skipped=0 gpu_q=1 gpu_total_us=4806 gpu_prepass_us=0 gpu_main_us=4806 gpu_composite_us=0 gpu_blit_us=0
frust_shell_common::perf: frust-perf raw n=2111 total_us=9446 rebuild_us=70 layout_us=1733 paint_us=218 encode_us=46 acquire_us=1157 submit_us=6220 skipped=0 gpu_q=1 gpu_total_us=4882 gpu_prepass_us=0 gpu_main_us=4882 gpu_composite_us=0 gpu_blit_us=0
frust_shell_common::perf: frust-perf raw n=2112 total_us=9178 rebuild_us=78 layout_us=1707 paint_us=219 encode_us=46 acquire_us=886 submit_us=6241 skipped=0 gpu_q=1 gpu_total_us=4730 gpu_prepass_us=0 gpu_main_us=4730 gpu_composite_us=0 gpu_blit_us=0
frust_shell_common::perf: frust-perf raw n=2113 total_us=10960 rebuild_us=221 layout_us=4658 paint_us=511 encode_us=48 acquire_us=69 submit_us=5451 skipped=0 gpu_q=1 gpu_total_us=4820 gpu_prepass_us=0 gpu_main_us=4820 gpu_composite_us=0 gpu_blit_us=0
frust_shell_common::perf: frust-perf raw n=2114 total_us=10332 rebuild_us=166 layout_us=4117 paint_us=497 encode_us=41 acquire_us=66 submit_us=5441 skipped=0 gpu_q=1 gpu_total_us=4972 gpu_prepass_us=0 gpu_main_us=4972 gpu_composite_us=0 gpu_blit_us=0
frust_shell_common::perf: frust-perf raw n=2115 total_us=7446 rebuild_us=60 layout_us=1438 paint_us=204 encode_us=40 acquire_us=446 submit_us=5255 skipped=0 gpu_q=1 gpu_total_us=4887 gpu_prepass_us=0 gpu_main_us=4887 gpu_composite_us=0 gpu_blit_us=0
frust_shell_common::perf: frust-perf raw n=2116 total_us=7280 rebuild_us=54 layout_us=1089 paint_us=155 encode_us=34 acquire_us=1712 submit_us=4234 skipped=0 gpu_q=1 gpu_total_us=4745 gpu_prepass_us=0 gpu_main_us=4745 gpu_composite_us=0 gpu_blit_us=0
frust_shell_common::perf: frust-perf raw n=2117 total_us=8737 rebuild_us=55 layout_us=1323 paint_us=195 encode_us=48 acquire_us=1547 submit_us=5566 skipped=0 gpu_q=1 gpu_total_us=5048 gpu_prepass_us=0 gpu_main_us=5048 gpu_composite_us=0 gpu_blit_us=0
frust_shell_common::perf: frust-perf raw n=2118 total_us=9799 rebuild_us=62 layout_us=1787 paint_us=253 encode_us=53 acquire_us=936 submit_us=6705 skipped=0 gpu_q=1 gpu_total_us=5015 gpu_prepass_us=0 gpu_main_us=5015 gpu_composite_us=0 gpu_blit_us=0
frust_shell_common::perf: frust-perf raw n=2119 total_us=9257 rebuild_us=61 layout_us=1670 paint_us=235 encode_us=51 acquire_us=842 submit_us=6395 skipped=0 gpu_q=1 gpu_total_us=4769 gpu_prepass_us=0 gpu_main_us=4769 gpu_composite_us=0 gpu_blit_us=0
frust_shell_common::perf: frust-perf raw n=2120 total_us=9403 rebuild_us=61 layout_us=1615 paint_us=213 encode_us=41 acquire_us=1492 submit_us=5978 skipped=0 gpu_q=1 gpu_total_us=4749 gpu_prepass_us=0 gpu_main_us=4749 gpu_composite_us=0 gpu_blit_us=0
frust_shell_common::perf: frust-perf raw n=2121 total_us=9783 rebuild_us=55 layout_us=1602 paint_us=209 encode_us=39 acquire_us=1752 submit_us=6123 skipped=0 gpu_q=1 gpu_total_us=4851 gpu_prepass_us=0 gpu_main_us=4851 gpu_composite_us=0 gpu_blit_us=0
frust_shell_common::perf: frust-perf raw n=2122 total_us=9082 rebuild_us=58 layout_us=1581 paint_us=268 encode_us=49 acquire_us=1273 submit_us=5851 skipped=0 gpu_q=1 gpu_total_us=4894 gpu_prepass_us=0 gpu_main_us=4894 gpu_composite_us=0 gpu_blit_us=0
frust_shell_common::perf: frust-perf raw n=2123 total_us=9651 rebuild_us=60 layout_us=1388 paint_us=241 encode_us=46 acquire_us=1930 submit_us=5983 skipped=0 gpu_q=1 gpu_total_us=4927 gpu_prepass_us=0 gpu_main_us=4927 gpu_composite_us=0 gpu_blit_us=0
frust_shell_common::perf: frust-perf raw n=2124 total_us=9550 rebuild_us=60 layout_us=1633 paint_us=215 encode_us=43 acquire_us=1441 submit_us=6155 skipped=0 gpu_q=1 gpu_total_us=4812 gpu_prepass_us=0 gpu_main_us=4812 gpu_composite_us=0 gpu_blit_us=0
frust_shell_common::perf: frust-perf raw n=2125 total_us=9801 rebuild_us=59 layout_us=1659 paint_us=213 encode_us=52 acquire_us=1757 submit_us=6058 skipped=0 gpu_q=1 gpu_total_us=4810 gpu_prepass_us=0 gpu_main_us=4810 gpu_composite_us=0 gpu_blit_us=0
frust_shell_common::perf: frust-perf raw n=2126 total_us=9137 rebuild_us=58 layout_us=1614 paint_us=229 encode_us=42 acquire_us=1461 submit_us=5731 skipped=0 gpu_q=1 gpu_total_us=4908 gpu_prepass_us=0 gpu_main_us=4908 gpu_composite_us=0 gpu_blit_us=0
frust_shell_common::perf: frust-perf raw n=2127 total_us=11201 rebuild_us=147 layout_us=4121 paint_us=523 encode_us=43 acquire_us=71 submit_us=6293 skipped=0 gpu_q=1 gpu_total_us=4982 gpu_prepass_us=0 gpu_main_us=4982 gpu_composite_us=0 gpu_blit_us=0
frust_shell_common::perf: frust-perf raw n=2128 total_us=10756 rebuild_us=117 layout_us=4021 paint_us=588 encode_us=42 acquire_us=76 submit_us=5910 skipped=0 gpu_q=1 gpu_total_us=4815 gpu_prepass_us=0 gpu_main_us=4815 gpu_composite_us=0 gpu_blit_us=0
frust_shell_common::perf: frust-perf raw n=2129 total_us=5889 rebuild_us=62 layout_us=1570 paint_us=233 encode_us=35 acquire_us=62 submit_us=3924 skipped=0 gpu_q=1 gpu_total_us=4805 gpu_prepass_us=0 gpu_main_us=4805 gpu_composite_us=0 gpu_blit_us=0
frust_shell_common::perf: frust-perf raw n=2130 total_us=10541 rebuild_us=54 layout_us=1076 paint_us=161 encode_us=36 acquire_us=1920 submit_us=7290 skipped=0 gpu_q=1 gpu_total_us=4858 gpu_prepass_us=0 gpu_main_us=4858 gpu_composite_us=0 gpu_blit_us=0
frust_shell_common::perf: frust-perf raw n=2131 total_us=6866 rebuild_us=60 layout_us=1654 paint_us=242 encode_us=42 acquire_us=334 submit_us=4532 skipped=0 gpu_q=1 gpu_total_us=5152 gpu_prepass_us=0 gpu_main_us=5152 gpu_composite_us=0 gpu_blit_us=0
frust_shell_common::perf: frust-perf raw n=2132 total_us=9935 rebuild_us=54 layout_us=1103 paint_us=156 encode_us=39 acquire_us=3068 submit_us=5514 skipped=0 gpu_q=1 gpu_total_us=4911 gpu_prepass_us=0 gpu_main_us=4911 gpu_composite_us=0 gpu_blit_us=0
frust_shell_common::perf: frust-perf raw n=2133 total_us=6439 rebuild_us=61 layout_us=1436 paint_us=200 encode_us=40 acquire_us=926 submit_us=3773 skipped=0 gpu_q=1 gpu_total_us=4786 gpu_prepass_us=0 gpu_main_us=4786 gpu_composite_us=0 gpu_blit_us=0
frust_shell_common::perf: frust-perf raw n=2134 total_us=10298 rebuild_us=63 layout_us=1148 paint_us=177 encode_us=41 acquire_us=2446 submit_us=6421 skipped=0 gpu_q=1 gpu_total_us=4912 gpu_prepass_us=0 gpu_main_us=4912 gpu_composite_us=0 gpu_blit_us=0
frust_shell_common::perf: frust-perf raw n=2135 total_us=7376 rebuild_us=55 layout_us=1488 paint_us=230 encode_us=36 acquire_us=208 submit_us=5356 skipped=0 gpu_q=1 gpu_total_us=4864 gpu_prepass_us=0 gpu_main_us=4864 gpu_composite_us=0 gpu_blit_us=0
frust_shell_common::perf: frust-perf raw n=2136 total_us=9556 rebuild_us=73 layout_us=1483 paint_us=206 encode_us=42 acquire_us=1603 submit_us=6145 skipped=0 gpu_q=1 gpu_total_us=4803 gpu_prepass_us=0 gpu_main_us=4803 gpu_composite_us=0 gpu_blit_us=0
frust_shell_common::perf: frust-perf raw n=2137 total_us=8800 rebuild_us=60 layout_us=1612 paint_us=317 encode_us=43 acquire_us=716 submit_us=6050 skipped=0 gpu_q=1 gpu_total_us=4690 gpu_prepass_us=0 gpu_main_us=4690 gpu_composite_us=0 gpu_blit_us=0
frust_shell_common::perf: frust-perf raw n=2138 total_us=9228 rebuild_us=72 layout_us=1693 paint_us=278 encode_us=48 acquire_us=1033 submit_us=6102 skipped=0 gpu_q=1 gpu_total_us=4768 gpu_prepass_us=0 gpu_main_us=4768 gpu_composite_us=0 gpu_blit_us=0
frust_shell_common::perf: frust-perf raw n=2139 total_us=8915 rebuild_us=78 layout_us=1585 paint_us=264 encode_us=49 acquire_us=993 submit_us=5943 skipped=0 gpu_q=1 gpu_total_us=4886 gpu_prepass_us=0 gpu_main_us=4886 gpu_composite_us=0 gpu_blit_us=0
frust_shell_common::perf: frust-perf raw n=2140 total_us=9987 rebuild_us=74 layout_us=1751 paint_us=221 encode_us=46 acquire_us=1607 submit_us=6286 skipped=0 gpu_q=1 gpu_total_us=4785 gpu_prepass_us=0 gpu_main_us=4785 gpu_composite_us=0 gpu_blit_us=0
frust_shell_common::perf: frust-perf raw n=2141 total_us=10051 rebuild_us=61 layout_us=1785 paint_us=237 encode_us=46 acquire_us=1234 submit_us=6686 skipped=0 gpu_q=1 gpu_total_us=4813 gpu_prepass_us=0 gpu_main_us=4813 gpu_composite_us=0 gpu_blit_us=0
frust_shell_common::perf: frust-perf raw n=2142 total_us=11869 rebuild_us=123 layout_us=5107 paint_us=550 encode_us=46 acquire_us=71 submit_us=5969 skipped=0 gpu_q=1 gpu_total_us=4855 gpu_prepass_us=0 gpu_main_us=4855 gpu_composite_us=0 gpu_blit_us=0
frust_shell_common::perf: frust-perf raw n=2143 total_us=10644 rebuild_us=126 layout_us=4192 paint_us=498 encode_us=48 acquire_us=72 submit_us=5706 skipped=0 gpu_q=1 gpu_total_us=4952 gpu_prepass_us=0 gpu_main_us=4952 gpu_composite_us=0 gpu_blit_us=0
frust_shell_common::perf: frust-perf raw n=2144 total_us=7023 rebuild_us=61 layout_us=1530 paint_us=217 encode_us=43 acquire_us=60 submit_us=5110 skipped=0 gpu_q=1 gpu_total_us=4775 gpu_prepass_us=0 gpu_main_us=4775 gpu_composite_us=0 gpu_blit_us=0
frust_shell_common::perf: frust-perf raw n=2145 total_us=7038 rebuild_us=53 layout_us=1120 paint_us=156 encode_us=33 acquire_us=1406 submit_us=4268 skipped=0 gpu_q=1 gpu_total_us=4823 gpu_prepass_us=0 gpu_main_us=4823 gpu_composite_us=0 gpu_blit_us=0
frust_shell_android::app::frame: frust-perf platform-view tail depth=0 target=0 acquire_bound=false frame=2160 expected_present_us=0 acquire_us=931 period_us=8263
frust_shell_common::perf: frust-perf raw n=2146 total_us=8522 rebuild_us=56 layout_us=1352 paint_us=178 encode_us=41 acquire_us=1424 submit_us=5469 skipped=0 gpu_q=1 gpu_total_us=5213 gpu_prepass_us=0 gpu_main_us=5213 gpu_composite_us=0 gpu_blit_us=0
frust_shell_common::perf: frust-perf raw n=2147 total_us=9609 rebuild_us=70 layout_us=1788 paint_us=254 encode_us=54 acquire_us=660 submit_us=6781 skipped=0 gpu_q=1 gpu_total_us=5007 gpu_prepass_us=0 gpu_main_us=5007 gpu_composite_us=0 gpu_blit_us=0
frust_shell_common::perf: frust-perf raw n=2148 total_us=9508 rebuild_us=66 layout_us=1679 paint_us=243 encode_us=46 acquire_us=984 submit_us=6487 skipped=0 gpu_q=1 gpu_total_us=4780 gpu_prepass_us=0 gpu_main_us=4780 gpu_composite_us=0 gpu_blit_us=0
frust_shell_common::perf: frust-perf raw n=2149 total_us=9601 rebuild_us=60 layout_us=1602 paint_us=214 encode_us=45 acquire_us=1532 submit_us=6147 skipped=0 gpu_q=1 gpu_total_us=4828 gpu_prepass_us=0 gpu_main_us=4828 gpu_composite_us=0 gpu_blit_us=0
frust_shell_common::perf: frust-perf raw n=2150 total_us=9356 rebuild_us=60 layout_us=1592 paint_us=215 encode_us=53 acquire_us=1393 submit_us=6041 skipped=0 gpu_q=1 gpu_total_us=4808 gpu_prepass_us=0 gpu_main_us=4808 gpu_composite_us=0 gpu_blit_us=0
frust_shell_common::perf: frust-perf raw n=2151 total_us=9593 rebuild_us=65 layout_us=1611 paint_us=231 encode_us=49 acquire_us=1693 submit_us=5942 skipped=0 gpu_q=1 gpu_total_us=4938 gpu_prepass_us=0 gpu_main_us=4938 gpu_composite_us=0 gpu_blit_us=0
frust_shell_common::perf: frust-perf raw n=2152 total_us=8921 rebuild_us=58 layout_us=1481 paint_us=217 encode_us=43 acquire_us=1292 submit_us=5828 skipped=0 gpu_q=1 gpu_total_us=4790 gpu_prepass_us=0 gpu_main_us=4790 gpu_composite_us=0 gpu_blit_us=0
frust_shell_common::perf: frust-perf raw n=2153 total_us=9554 rebuild_us=65 layout_us=1472 paint_us=247 encode_us=46 acquire_us=1769 submit_us=5954 skipped=0 gpu_q=1 gpu_total_us=4857 gpu_prepass_us=0 gpu_main_us=4857 gpu_composite_us=0 gpu_blit_us=0
frust_shell_common::perf: frust-perf raw n=2154 total_us=9582 rebuild_us=57 layout_us=1644 paint_us=220 encode_us=41 acquire_us=1441 submit_us=6176 skipped=0 gpu_q=1 gpu_total_us=4864 gpu_prepass_us=0 gpu_main_us=4864 gpu_composite_us=0 gpu_blit_us=0
frust_shell_common::perf: frust-perf raw n=2155 total_us=9897 rebuild_us=60 layout_us=1663 paint_us=228 encode_us=51 acquire_us=1705 submit_us=6188 skipped=0 gpu_q=1 gpu_total_us=4871 gpu_prepass_us=0 gpu_main_us=4871 gpu_composite_us=0 gpu_blit_us=0
frust_shell_common::perf: frust-perf raw n=2156 total_us=11921 rebuild_us=136 layout_us=4844 paint_us=434 encode_us=46 acquire_us=74 submit_us=6386 skipped=0 gpu_q=1 gpu_total_us=4852 gpu_prepass_us=0 gpu_main_us=4852 gpu_composite_us=0 gpu_blit_us=0
frust_shell_common::perf: frust-perf raw n=2157 total_us=10964 rebuild_us=112 layout_us=4219 paint_us=623 encode_us=42 acquire_us=70 submit_us=5895 skipped=0 gpu_q=1 gpu_total_us=4889 gpu_prepass_us=0 gpu_main_us=4889 gpu_composite_us=0 gpu_blit_us=0
frust_shell_common::perf: frust-perf raw n=2158 total_us=8019 rebuild_us=63 layout_us=1574 paint_us=207 encode_us=36 acquire_us=438 submit_us=5698 skipped=0 gpu_q=1 gpu_total_us=4866 gpu_prepass_us=0 gpu_main_us=4866 gpu_composite_us=0 gpu_blit_us=0
frust_shell_common::perf: frust-perf raw n=2159 total_us=8602 rebuild_us=64 layout_us=1504 paint_us=214 encode_us=43 acquire_us=1174 submit_us=5602 skipped=0 gpu_q=1 gpu_total_us=4865 gpu_prepass_us=0 gpu_main_us=4865 gpu_composite_us=0 gpu_blit_us=0
frust_engine::renderer: frust-perf enc n=2160 w=60 validate_us=14.6 prepare_us=2.9 classify_us=44.8 admit_us=0.2 walk_us=2839.5 glyphs_us=2306.2 finish_us=2.0 compile_us=2909.1 schedule_us=4.0 paints_us=138.0 instances_us=208.5 resize_us=10.6 upload_us=271.8 replay_us=0.3 pipelines_us=15.7 record_us=27.4 total_us=3594.4 total_p95_us=4088.1 draws=829 strips=12448 alphas=302384 glyph_draws=797 atlas_glyphs=797
frust_shell_common::perf: frust-perf raw n=2160 total_us=9478 rebuild_us=59 layout_us=1358 paint_us=198 encode_us=41 acquire_us=1596 submit_us=6223 skipped=0 gpu_q=1 gpu_total_us=5352 gpu_prepass_us=0 gpu_main_us=5352 gpu_composite_us=0 gpu_blit_us=0
frust_shell_common::perf: frust-perf raw n=2161 total_us=9517 rebuild_us=65 layout_us=1663 paint_us=226 encode_us=46 acquire_us=1355 submit_us=6159 skipped=0 gpu_q=1 gpu_total_us=4900 gpu_prepass_us=0 gpu_main_us=4900 gpu_composite_us=0 gpu_blit_us=0
frust_shell_common::perf: frust-perf raw n=2162 total_us=8822 rebuild_us=65 layout_us=1599 paint_us=211 encode_us=42 acquire_us=1212 submit_us=5690 skipped=0 gpu_q=1 gpu_total_us=4843 gpu_prepass_us=0 gpu_main_us=4843 gpu_composite_us=0 gpu_blit_us=0
frust_shell_common::perf: frust-perf raw n=2163 total_us=9084 rebuild_us=69 layout_us=1473 paint_us=210 encode_us=47 acquire_us=1765 submit_us=5517 skipped=0 gpu_q=1 gpu_total_us=4878 gpu_prepass_us=0 gpu_main_us=4878 gpu_composite_us=0 gpu_blit_us=0
frust_shell_common::perf: frust-perf raw n=2164 total_us=8894 rebuild_us=67 layout_us=1391 paint_us=201 encode_us=41 acquire_us=1777 submit_us=5414 skipped=0 gpu_q=1 gpu_total_us=4875 gpu_prepass_us=0 gpu_main_us=4875 gpu_composite_us=0 gpu_blit_us=0
frust_shell_common::perf: frust-perf raw n=2165 total_us=9190 rebuild_us=62 layout_us=1461 paint_us=195 encode_us=40 acquire_us=1422 submit_us=6008 skipped=0 gpu_q=1 gpu_total_us=4901 gpu_prepass_us=0 gpu_main_us=4901 gpu_composite_us=0 gpu_blit_us=0
frust_shell_common::perf: frust-perf raw n=2166 total_us=9848 rebuild_us=79 layout_us=1623 paint_us=214 encode_us=43 acquire_us=1802 submit_us=6085 skipped=0 gpu_q=1 gpu_total_us=4909 gpu_prepass_us=0 gpu_main_us=4909 gpu_composite_us=0 gpu_blit_us=0
frust_shell_common::perf: frust-perf raw n=2167 total_us=9244 rebuild_us=57 layout_us=1593 paint_us=230 encode_us=120 acquire_us=1212 submit_us=6028 skipped=0 gpu_q=1 gpu_total_us=4856 gpu_prepass_us=0 gpu_main_us=4856 gpu_composite_us=0 gpu_blit_us=0
frust_shell_common::perf: frust-perf raw n=2168 total_us=9402 rebuild_us=73 layout_us=1535 paint_us=261 encode_us=60 acquire_us=1467 submit_us=6003 skipped=0 gpu_q=1 gpu_total_us=4845 gpu_prepass_us=0 gpu_main_us=4845 gpu_composite_us=0 gpu_blit_us=0
frust_shell_common::perf: frust-perf raw n=2169 total_us=9100 rebuild_us=59 layout_us=1736 paint_us=247 encode_us=43 acquire_us=992 submit_us=6021 skipped=0 gpu_q=1 gpu_total_us=4843 gpu_prepass_us=0 gpu_main_us=4843 gpu_composite_us=0 gpu_blit_us=0
frust_shell_common::perf: frust-perf raw n=2170 total_us=10040 rebuild_us=67 layout_us=1763 paint_us=222 encode_us=45 acquire_us=1603 submit_us=6338 skipped=0 gpu_q=1 gpu_total_us=4851 gpu_prepass_us=0 gpu_main_us=4851 gpu_composite_us=0 gpu_blit_us=0
frust_shell_common::perf: frust-perf raw n=2171 total_us=13129 rebuild_us=128 layout_us=5722 paint_us=510 encode_us=46 acquire_us=81 submit_us=6640 skipped=0 gpu_q=1 gpu_total_us=4842 gpu_prepass_us=0 gpu_main_us=4842 gpu_composite_us=0 gpu_blit_us=0
frust_shell_common::perf: frust-perf raw n=2172 total_us=9214 rebuild_us=126 layout_us=3075 paint_us=458 encode_us=44 acquire_us=74 submit_us=5435 skipped=0 gpu_q=1 gpu_total_us=4857 gpu_prepass_us=0 gpu_main_us=4857 gpu_composite_us=0 gpu_blit_us=0
frust_shell_common::perf: frust-perf raw n=2173 total_us=4934 rebuild_us=69 layout_us=1234 paint_us=157 encode_us=32 acquire_us=52 submit_us=3386 skipped=0 gpu_q=1 gpu_total_us=4888 gpu_prepass_us=0 gpu_main_us=4888 gpu_composite_us=0 gpu_blit_us=0
frust_shell_common::perf: frust-perf raw n=2174 total_us=7445 rebuild_us=62 layout_us=1283 paint_us=162 encode_us=30 acquire_us=984 submit_us=4921 skipped=0 gpu_q=1 gpu_total_us=4819 gpu_prepass_us=0 gpu_main_us=4819 gpu_composite_us=0 gpu_blit_us=0
frust_shell_common::perf: frust-perf raw n=2175 total_us=8431 rebuild_us=71 layout_us=1353 paint_us=190 encode_us=46 acquire_us=1303 submit_us=5466 skipped=0 gpu_q=1 gpu_total_us=4741 gpu_prepass_us=0 gpu_main_us=4741 gpu_composite_us=0 gpu_blit_us=0
frust_shell_common::perf: frust-perf raw n=2176 total_us=9173 rebuild_us=64 layout_us=1509 paint_us=213 encode_us=45 acquire_us=1142 submit_us=6197 skipped=0 gpu_q=1 gpu_total_us=4885 gpu_prepass_us=0 gpu_main_us=4885 gpu_composite_us=0 gpu_blit_us=0
frust_shell_common::perf: frust-perf raw n=2177 total_us=9573 rebuild_us=87 layout_us=1815 paint_us=236 encode_us=50 acquire_us=674 submit_us=6708 skipped=0 gpu_q=1 gpu_total_us=4799 gpu_prepass_us=0 gpu_main_us=4799 gpu_composite_us=0 gpu_blit_us=0
frust_shell_common::perf: frust-perf raw n=2178 total_us=9279 rebuild_us=59 layout_us=1599 paint_us=211 encode_us=44 acquire_us=1297 submit_us=6066 skipped=0 gpu_q=1 gpu_total_us=4831 gpu_prepass_us=0 gpu_main_us=4831 gpu_composite_us=0 gpu_blit_us=0
frust_shell_common::perf: frust-perf raw n=2179 total_us=9140 rebuild_us=57 layout_us=1481 paint_us=207 encode_us=45 acquire_us=1530 submit_us=5817 skipped=0 gpu_q=1 gpu_total_us=4841 gpu_prepass_us=0 gpu_main_us=4841 gpu_composite_us=0 gpu_blit_us=0
frust_shell_common::perf: frust-perf raw n=2180 total_us=9296 rebuild_us=70 layout_us=1425 paint_us=199 encode_us=47 acquire_us=1606 submit_us=5947 skipped=0 gpu_q=1 gpu_total_us=4820 gpu_prepass_us=0 gpu_main_us=4820 gpu_composite_us=0 gpu_blit_us=0
frust_shell_common::perf: frust-perf raw n=2181 total_us=10162 rebuild_us=76 layout_us=1650 paint_us=213 encode_us=43 acquire_us=1790 submit_us=6388 skipped=0 gpu_q=1 gpu_total_us=4850 gpu_prepass_us=0 gpu_main_us=4850 gpu_composite_us=0 gpu_blit_us=0
frust_shell_common::perf: frust-perf raw n=2182 total_us=8675 rebuild_us=62 layout_us=1758 paint_us=267 encode_us=42 acquire_us=836 submit_us=5708 skipped=0 gpu_q=1 gpu_total_us=4908 gpu_prepass_us=0 gpu_main_us=4908 gpu_composite_us=0 gpu_blit_us=0
frust_shell_common::perf: frust-perf raw n=2183 total_us=7623 rebuild_us=63 layout_us=1125 paint_us=145 encode_us=35 acquire_us=1758 submit_us=4495 skipped=0 gpu_q=1 gpu_total_us=4854 gpu_prepass_us=0 gpu_main_us=4854 gpu_composite_us=0 gpu_blit_us=0
frust_shell_common::perf: frust-perf raw n=2184 total_us=7971 rebuild_us=54 layout_us=1230 paint_us=210 encode_us=40 acquire_us=1356 submit_us=5079 skipped=0 gpu_q=1 gpu_total_us=4986 gpu_prepass_us=0 gpu_main_us=4986 gpu_composite_us=0 gpu_blit_us=0
frust_shell_common::perf: frust-perf raw n=2185 total_us=9222 rebuild_us=60 layout_us=1417 paint_us=193 encode_us=46 acquire_us=1234 submit_us=6269 skipped=0 gpu_q=1 gpu_total_us=4903 gpu_prepass_us=0 gpu_main_us=4903 gpu_composite_us=0 gpu_blit_us=0
frust_shell_common::perf: frust-perf raw n=2186 total_us=13101 rebuild_us=150 layout_us=4767 paint_us=456 encode_us=50 acquire_us=83 submit_us=7593 skipped=0 gpu_q=1 gpu_total_us=4881 gpu_prepass_us=0 gpu_main_us=4881 gpu_composite_us=0 gpu_blit_us=0
frust_shell_common::perf: frust-perf raw n=2187 total_us=10974 rebuild_us=112 layout_us=3894 paint_us=396 encode_us=41 acquire_us=77 submit_us=6451 skipped=0 gpu_q=1 gpu_total_us=4848 gpu_prepass_us=0 gpu_main_us=4848 gpu_composite_us=0 gpu_blit_us=0
frust_shell_common::perf: frust-perf raw n=2188 total_us=5933 rebuild_us=70 layout_us=1761 paint_us=259 encode_us=47 acquire_us=73 submit_us=3722 skipped=0 gpu_q=1 gpu_total_us=4757 gpu_prepass_us=0 gpu_main_us=4757 gpu_composite_us=0 gpu_blit_us=0
frust_shell_common::perf: frust-perf raw n=2189 total_us=9097 rebuild_us=54 layout_us=1121 paint_us=146 encode_us=37 acquire_us=1763 submit_us=5974 skipped=0 gpu_q=1 gpu_total_us=4920 gpu_prepass_us=0 gpu_main_us=4920 gpu_composite_us=0 gpu_blit_us=0
frust_shell_common::perf: frust-perf raw n=2190 total_us=8520 rebuild_us=60 layout_us=1476 paint_us=194 encode_us=45 acquire_us=1021 submit_us=5722 skipped=0 gpu_q=1 gpu_total_us=4856 gpu_prepass_us=0 gpu_main_us=4856 gpu_composite_us=0 gpu_blit_us=0
frust_shell_common::perf: frust-perf raw n=2191 total_us=9298 rebuild_us=58 layout_us=1458 paint_us=191 encode_us=45 acquire_us=1358 submit_us=6186 skipped=0 gpu_q=1 gpu_total_us=4948 gpu_prepass_us=0 gpu_main_us=4948 gpu_composite_us=0 gpu_blit_us=0
frust_shell_common::perf: frust-perf raw n=2192 total_us=9446 rebuild_us=57 layout_us=1635 paint_us=231 encode_us=49 acquire_us=1439 submit_us=6032 skipped=0 gpu_q=1 gpu_total_us=4820 gpu_prepass_us=0 gpu_main_us=4820 gpu_composite_us=0 gpu_blit_us=0
frust_shell_common::perf: frust-perf raw n=2193 total_us=10146 rebuild_us=55 layout_us=1510 paint_us=210 encode_us=40 acquire_us=2269 submit_us=6060 skipped=0 gpu_q=1 gpu_total_us=4890 gpu_prepass_us=0 gpu_main_us=4890 gpu_composite_us=0 gpu_blit_us=0
frust_shell_common::perf: frust-perf raw n=2194 total_us=9182 rebuild_us=56 layout_us=1589 paint_us=210 encode_us=47 acquire_us=1255 submit_us=6022 skipped=0 gpu_q=1 gpu_total_us=4910 gpu_prepass_us=0 gpu_main_us=4910 gpu_composite_us=0 gpu_blit_us=0
frust_shell_common::perf: frust-perf raw n=2195 total_us=9547 rebuild_us=59 layout_us=1637 paint_us=219 encode_us=41 acquire_us=1456 submit_us=6133 skipped=0 gpu_q=1 gpu_total_us=4890 gpu_prepass_us=0 gpu_main_us=4890 gpu_composite_us=0 gpu_blit_us=0
frust_shell_common::perf: frust-perf raw n=2196 total_us=8905 rebuild_us=60 layout_us=1604 paint_us=226 encode_us=55 acquire_us=1444 submit_us=5513 skipped=0 gpu_q=1 gpu_total_us=4758 gpu_prepass_us=0 gpu_main_us=4758 gpu_composite_us=0 gpu_blit_us=0
frust_shell_common::perf: frust-perf raw n=2197 total_us=8973 rebuild_us=63 layout_us=1381 paint_us=195 encode_us=41 acquire_us=1751 submit_us=5539 skipped=0 gpu_q=1 gpu_total_us=4900 gpu_prepass_us=0 gpu_main_us=4900 gpu_composite_us=0 gpu_blit_us=0
frust_shell_common::perf: frust-perf raw n=2198 total_us=8962 rebuild_us=68 layout_us=1469 paint_us=193 encode_us=73 acquire_us=1628 submit_us=5529 skipped=0 gpu_q=1 gpu_total_us=4887 gpu_prepass_us=0 gpu_main_us=4887 gpu_composite_us=0 gpu_blit_us=0
frust_shell_common::perf: frust-perf raw n=2199 total_us=8682 rebuild_us=62 layout_us=1484 paint_us=198 encode_us=52 acquire_us=1272 submit_us=5611 skipped=0 gpu_q=1 gpu_total_us=4858 gpu_prepass_us=0 gpu_main_us=4858 gpu_composite_us=0 gpu_blit_us=0
frust_shell_common::perf: frust-perf raw n=2200 total_us=8664 rebuild_us=68 layout_us=1552 paint_us=236 encode_us=49 acquire_us=1189 submit_us=5567 skipped=0 gpu_q=1 gpu_total_us=4753 gpu_prepass_us=0 gpu_main_us=4753 gpu_composite_us=0 gpu_blit_us=0
frust_shell_common::perf: frust-perf raw n=2201 total_us=10563 rebuild_us=139 layout_us=4457 paint_us=474 encode_us=40 acquire_us=67 submit_us=5385 skipped=0 gpu_q=1 gpu_total_us=4909 gpu_prepass_us=0 gpu_main_us=4909 gpu_composite_us=0 gpu_blit_us=0
frust_shell_common::perf: frust-perf raw n=2202 total_us=10871 rebuild_us=106 layout_us=4541 paint_us=439 encode_us=40 acquire_us=64 submit_us=5679 skipped=0 gpu_q=1 gpu_total_us=4948 gpu_prepass_us=0 gpu_main_us=4948 gpu_composite_us=0 gpu_blit_us=0
frust_shell_common::perf: frust-perf raw n=2203 total_us=11145 rebuild_us=125 layout_us=4384 paint_us=444 encode_us=42 acquire_us=69 submit_us=6079 skipped=0 gpu_q=1 gpu_total_us=4855 gpu_prepass_us=0 gpu_main_us=4855 gpu_composite_us=0 gpu_blit_us=0
frust_shell_common::perf: frust-perf raw n=2204 total_us=9478 rebuild_us=119 layout_us=3153 paint_us=360 encode_us=42 acquire_us=75 submit_us=5726 skipped=0 gpu_q=1 gpu_total_us=4773 gpu_prepass_us=0 gpu_main_us=4773 gpu_composite_us=0 gpu_blit_us=0
frust_shell_common::perf: frust-perf raw n=2205 total_us=9450 rebuild_us=161 layout_us=4240 paint_us=491 encode_us=40 acquire_us=53 submit_us=4463 skipped=0 gpu_q=1 gpu_total_us=5186 gpu_prepass_us=0 gpu_main_us=5186 gpu_composite_us=0 gpu_blit_us=0
frust_shell_common::perf: frust-perf raw n=2206 total_us=8752 rebuild_us=82 layout_us=1422 paint_us=192 encode_us=35 acquire_us=1459 submit_us=5560 skipped=0 gpu_q=1 gpu_total_us=4952 gpu_prepass_us=0 gpu_main_us=4952 gpu_composite_us=0 gpu_blit_us=0
frust_shell_common::perf: frust-perf raw n=2207 total_us=9783 rebuild_us=68 layout_us=1455 paint_us=197 encode_us=43 acquire_us=1994 submit_us=6024 skipped=0 gpu_q=1 gpu_total_us=4927 gpu_prepass_us=0 gpu_main_us=4927 gpu_composite_us=0 gpu_blit_us=0
frust_shell_common::perf: frust-perf raw n=2208 total_us=9310 rebuild_us=63 layout_us=1762 paint_us=248 encode_us=46 acquire_us=657 submit_us=6530 skipped=0 gpu_q=1 gpu_total_us=4743 gpu_prepass_us=0 gpu_main_us=4743 gpu_composite_us=0 gpu_blit_us=0
frust_shell_common::perf: frust-perf raw n=2209 total_us=9571 rebuild_us=62 layout_us=1517 paint_us=211 encode_us=47 acquire_us=1740 submit_us=5991 skipped=0 gpu_q=1 gpu_total_us=4881 gpu_prepass_us=0 gpu_main_us=4881 gpu_composite_us=0 gpu_blit_us=0
frust_shell_common::perf: frust-perf raw n=2210 total_us=9447 rebuild_us=60 layout_us=1600 paint_us=214 encode_us=58 acquire_us=1395 submit_us=6118 skipped=0 gpu_q=1 gpu_total_us=4906 gpu_prepass_us=0 gpu_main_us=4906 gpu_composite_us=0 gpu_blit_us=0
frust_shell_common::perf: frust-perf raw n=2211 total_us=9367 rebuild_us=64 layout_us=1629 paint_us=210 encode_us=46 acquire_us=1262 submit_us=6154 skipped=0 gpu_q=1 gpu_total_us=4846 gpu_prepass_us=0 gpu_main_us=4846 gpu_composite_us=0 gpu_blit_us=0
frust_shell_common::perf: frust-perf raw n=2212 total_us=9579 rebuild_us=63 layout_us=1615 paint_us=236 encode_us=52 acquire_us=1472 submit_us=6138 skipped=0 gpu_q=1 gpu_total_us=4770 gpu_prepass_us=0 gpu_main_us=4770 gpu_composite_us=0 gpu_blit_us=0
frust_shell_common::perf: frust-perf raw n=2213 total_us=8943 rebuild_us=61 layout_us=1498 paint_us=212 encode_us=78 acquire_us=1206 submit_us=5885 skipped=0 gpu_q=1 gpu_total_us=4945 gpu_prepass_us=0 gpu_main_us=4945 gpu_composite_us=0 gpu_blit_us=0
frust_shell_common::perf: frust-perf raw n=2214 total_us=9290 rebuild_us=64 layout_us=1469 paint_us=234 encode_us=44 acquire_us=1598 submit_us=5880 skipped=0 gpu_q=1 gpu_total_us=4935 gpu_prepass_us=0 gpu_main_us=4935 gpu_composite_us=0 gpu_blit_us=0
frust_shell_common::perf: frust-perf raw n=2215 total_us=9423 rebuild_us=56 layout_us=1667 paint_us=216 encode_us=47 acquire_us=1156 submit_us=6277 skipped=0 gpu_q=1 gpu_total_us=4915 gpu_prepass_us=0 gpu_main_us=4915 gpu_composite_us=0 gpu_blit_us=0
frust_shell_common::perf: frust-perf raw n=2216 total_us=9413 rebuild_us=62 layout_us=1659 paint_us=228 encode_us=48 acquire_us=1171 submit_us=6243 skipped=0 gpu_q=1 gpu_total_us=4758 gpu_prepass_us=0 gpu_main_us=4758 gpu_composite_us=0 gpu_blit_us=0
frust_shell_common::perf: frust-perf raw n=2217 total_us=9397 rebuild_us=61 layout_us=1586 paint_us=213 encode_us=45 acquire_us=1327 submit_us=6163 skipped=0 gpu_q=1 gpu_total_us=4945 gpu_prepass_us=0 gpu_main_us=4945 gpu_composite_us=0 gpu_blit_us=0
frust_shell_common::perf: frust-perf frame n=120 total_p50_ms=9 total_p95_ms=10 total_p99_ms=13 rebuild_p95_ms=0 layout_p95_ms=4 paint_p95_ms=0 encode_p95_ms=0 acquire_p95_ms=1 submit_p95_ms=6 over_60hz=5 over_120hz=1706 skipped=0 total_frames=2217
frust_shell_common::perf: frust-perf raw n=2218 total_us=11441 rebuild_us=143 layout_us=4137 paint_us=547 encode_us=43 acquire_us=75 submit_us=6492 skipped=0 gpu_q=1 gpu_total_us=4867 gpu_prepass_us=0 gpu_main_us=4867 gpu_composite_us=0 gpu_blit_us=0
frust_shell_common::perf: frust-perf raw n=2219 total_us=11141 rebuild_us=123 layout_us=4353 paint_us=576 encode_us=50 acquire_us=66 submit_us=5971 skipped=0 gpu_q=1 gpu_total_us=4879 gpu_prepass_us=0 gpu_main_us=4879 gpu_composite_us=0 gpu_blit_us=0
frust_engine::renderer: frust-perf enc n=2220 w=60 validate_us=14.5 prepare_us=2.9 classify_us=44.2 admit_us=0.2 walk_us=2830.5 glyphs_us=2275.5 finish_us=2.1 compile_us=2896.0 schedule_us=3.9 paints_us=137.2 instances_us=208.0 resize_us=10.7 upload_us=273.3 replay_us=0.3 pipelines_us=15.9 record_us=28.5 total_us=3607.4 total_p95_us=4038.6 draws=829 strips=12447 alphas=303440 glyph_draws=797 atlas_glyphs=797
frust_shell_common::perf: frust-perf raw n=2220 total_us=11317 rebuild_us=130 layout_us=4506 paint_us=482 encode_us=48 acquire_us=67 submit_us=6081 skipped=0 gpu_q=1 gpu_total_us=4762 gpu_prepass_us=0 gpu_main_us=4762 gpu_composite_us=0 gpu_blit_us=0
frust_shell_common::perf: frust-perf raw n=2221 total_us=9886 rebuild_us=124 layout_us=3388 paint_us=509 encode_us=52 acquire_us=68 submit_us=5742 skipped=0 gpu_q=1 gpu_total_us=4939 gpu_prepass_us=0 gpu_main_us=4939 gpu_composite_us=0 gpu_blit_us=0
frust_shell_common::perf: frust-perf raw n=2222 total_us=8004 rebuild_us=61 layout_us=1564 paint_us=204 encode_us=37 acquire_us=544 submit_us=5591 skipped=0 gpu_q=1 gpu_total_us=5254 gpu_prepass_us=0 gpu_main_us=5254 gpu_composite_us=0 gpu_blit_us=0
frust_shell_common::perf: frust-perf raw n=2223 total_us=9041 rebuild_us=55 layout_us=1432 paint_us=196 encode_us=36 acquire_us=1037 submit_us=6282 skipped=0 gpu_q=1 gpu_total_us=4937 gpu_prepass_us=0 gpu_main_us=4937 gpu_composite_us=0 gpu_blit_us=0
frust_shell_common::perf: frust-perf raw n=2224 total_us=9063 rebuild_us=72 layout_us=1623 paint_us=230 encode_us=48 acquire_us=871 submit_us=6217 skipped=0 gpu_q=1 gpu_total_us=4826 gpu_prepass_us=0 gpu_main_us=4826 gpu_composite_us=0 gpu_blit_us=0
frust_shell_common::perf: frust-perf raw n=2225 total_us=8740 rebuild_us=64 layout_us=1535 paint_us=217 encode_us=50 acquire_us=1373 submit_us=5499 skipped=0 gpu_q=1 gpu_total_us=4898 gpu_prepass_us=0 gpu_main_us=4898 gpu_composite_us=0 gpu_blit_us=0
frust_shell_common::perf: frust-perf raw n=2226 total_us=8861 rebuild_us=69 layout_us=1465 paint_us=194 encode_us=41 acquire_us=1460 submit_us=5630 skipped=0 gpu_q=1 gpu_total_us=4893 gpu_prepass_us=0 gpu_main_us=4893 gpu_composite_us=0 gpu_blit_us=0
frust_shell_common::perf: frust-perf raw n=2227 total_us=8959 rebuild_us=62 layout_us=1485 paint_us=194 encode_us=44 acquire_us=1571 submit_us=5599 skipped=0 gpu_q=1 gpu_total_us=4857 gpu_prepass_us=0 gpu_main_us=4857 gpu_composite_us=0 gpu_blit_us=0
frust_shell_common::perf: frust-perf raw n=2228 total_us=9310 rebuild_us=59 layout_us=1479 paint_us=192 encode_us=42 acquire_us=1957 submit_us=5579 skipped=0 gpu_q=1 gpu_total_us=4757 gpu_prepass_us=0 gpu_main_us=4757 gpu_composite_us=0 gpu_blit_us=0
frust_shell_common::perf: frust-perf raw n=2229 total_us=9109 rebuild_us=58 layout_us=1478 paint_us=293 encode_us=55 acquire_us=1655 submit_us=5567 skipped=0 gpu_q=1 gpu_total_us=4855 gpu_prepass_us=0 gpu_main_us=4855 gpu_composite_us=0 gpu_blit_us=0
frust_shell_common::perf: frust-perf raw n=2230 total_us=9083 rebuild_us=68 layout_us=1426 paint_us=221 encode_us=49 acquire_us=1749 submit_us=5568 skipped=0 gpu_q=1 gpu_total_us=4904 gpu_prepass_us=0 gpu_main_us=4904 gpu_composite_us=0 gpu_blit_us=0
frust_shell_common::perf: frust-perf raw n=2231 total_us=9272 rebuild_us=60 layout_us=1619 paint_us=197 encode_us=40 acquire_us=1663 submit_us=5691 skipped=0 gpu_q=1 gpu_total_us=4885 gpu_prepass_us=0 gpu_main_us=4885 gpu_composite_us=0 gpu_blit_us=0
frust_shell_common::perf: frust-perf raw n=2232 total_us=9130 rebuild_us=81 layout_us=1691 paint_us=213 encode_us=46 acquire_us=943 submit_us=6154 skipped=0 gpu_q=1 gpu_total_us=4744 gpu_prepass_us=0 gpu_main_us=4744 gpu_composite_us=0 gpu_blit_us=0
frust_shell_common::perf: frust-perf raw n=2233 total_us=9545 rebuild_us=63 layout_us=1693 paint_us=231 encode_us=48 acquire_us=1241 submit_us=6266 skipped=0 gpu_q=1 gpu_total_us=4851 gpu_prepass_us=0 gpu_main_us=4851 gpu_composite_us=0 gpu_blit_us=0
frust_shell_common::perf: frust-perf raw n=2234 total_us=9459 rebuild_us=62 layout_us=1623 paint_us=210 encode_us=53 acquire_us=1395 submit_us=6115 skipped=0 gpu_q=1 gpu_total_us=4949 gpu_prepass_us=0 gpu_main_us=4949 gpu_composite_us=0 gpu_blit_us=0
frust_shell_common::perf: frust-perf raw n=2235 total_us=11309 rebuild_us=149 layout_us=4599 paint_us=432 encode_us=43 acquire_us=74 submit_us=6010 skipped=0 gpu_q=1 gpu_total_us=4882 gpu_prepass_us=0 gpu_main_us=4882 gpu_composite_us=0 gpu_blit_us=0
frust_shell_common::perf: frust-perf raw n=2236 total_us=7357 rebuild_us=57 layout_us=1580 paint_us=208 encode_us=40 acquire_us=99 submit_us=5370 skipped=0 gpu_q=1 gpu_total_us=4759 gpu_prepass_us=0 gpu_main_us=4759 gpu_composite_us=0 gpu_blit_us=0
frust_shell_common::perf: frust-perf raw n=2237 total_us=7720 rebuild_us=65 layout_us=1086 paint_us=163 encode_us=35 acquire_us=2048 submit_us=4319 skipped=0 gpu_q=1 gpu_total_us=4824 gpu_prepass_us=0 gpu_main_us=4824 gpu_composite_us=0 gpu_blit_us=0
frust_shell_common::perf: frust-perf raw n=2238 total_us=7599 rebuild_us=51 layout_us=1086 paint_us=155 encode_us=39 acquire_us=1719 submit_us=4547 skipped=0 gpu_q=1 gpu_total_us=4898 gpu_prepass_us=0 gpu_main_us=4898 gpu_composite_us=0 gpu_blit_us=0
frust_shell_common::perf: frust-perf raw n=2239 total_us=8874 rebuild_us=60 layout_us=1482 paint_us=189 encode_us=42 acquire_us=1179 submit_us=5920 skipped=0 gpu_q=1 gpu_total_us=4859 gpu_prepass_us=0 gpu_main_us=4859 gpu_composite_us=0 gpu_blit_us=0
frust_shell_common::perf: frust-perf raw n=2240 total_us=10050 rebuild_us=71 layout_us=1789 paint_us=234 encode_us=52 acquire_us=1067 submit_us=6833 skipped=0 gpu_q=1 gpu_total_us=4739 gpu_prepass_us=0 gpu_main_us=4739 gpu_composite_us=0 gpu_blit_us=0
frust_shell_common::perf: frust-perf raw n=2241 total_us=9505 rebuild_us=63 layout_us=1755 paint_us=251 encode_us=50 acquire_us=921 submit_us=6464 skipped=0 gpu_q=1 gpu_total_us=4773 gpu_prepass_us=0 gpu_main_us=4773 gpu_composite_us=0 gpu_blit_us=0
frust_shell_common::perf: frust-perf raw n=2242 total_us=9791 rebuild_us=59 layout_us=1504 paint_us=212 encode_us=44 acquire_us=1954 submit_us=6016 skipped=0 gpu_q=1 gpu_total_us=4916 gpu_prepass_us=0 gpu_main_us=4916 gpu_composite_us=0 gpu_blit_us=0
frust_shell_common::perf: frust-perf raw n=2243 total_us=9267 rebuild_us=54 layout_us=1582 paint_us=213 encode_us=45 acquire_us=1552 submit_us=5819 skipped=0 gpu_q=1 gpu_total_us=4905 gpu_prepass_us=0 gpu_main_us=4905 gpu_composite_us=0 gpu_blit_us=0
frust_shell_common::perf: frust-perf raw n=2244 total_us=9567 rebuild_us=55 layout_us=1478 paint_us=231 encode_us=43 acquire_us=1871 submit_us=5886 skipped=0 gpu_q=1 gpu_total_us=4746 gpu_prepass_us=0 gpu_main_us=4746 gpu_composite_us=0 gpu_blit_us=0
frust_shell_common::perf: frust-perf raw n=2245 total_us=8912 rebuild_us=59 layout_us=1616 paint_us=228 encode_us=44 acquire_us=1218 submit_us=5744 skipped=0 gpu_q=1 gpu_total_us=4788 gpu_prepass_us=0 gpu_main_us=4788 gpu_composite_us=0 gpu_blit_us=0
frust_shell_common::perf: frust-perf raw n=2246 total_us=9348 rebuild_us=66 layout_us=1418 paint_us=196 encode_us=40 acquire_us=1758 submit_us=5867 skipped=0 gpu_q=1 gpu_total_us=4938 gpu_prepass_us=0 gpu_main_us=4938 gpu_composite_us=0 gpu_blit_us=0
frust_shell_common::perf: frust-perf raw n=2247 total_us=9896 rebuild_us=60 layout_us=1675 paint_us=213 encode_us=43 acquire_us=1720 submit_us=6181 skipped=0 gpu_q=1 gpu_total_us=4880 gpu_prepass_us=0 gpu_main_us=4880 gpu_composite_us=0 gpu_blit_us=0
frust_shell_common::perf: frust-perf raw n=2248 total_us=9205 rebuild_us=57 layout_us=1640 paint_us=210 encode_us=44 acquire_us=1438 submit_us=5813 skipped=0 gpu_q=1 gpu_total_us=4763 gpu_prepass_us=0 gpu_main_us=4763 gpu_composite_us=0 gpu_blit_us=0
frust_shell_common::perf: frust-perf raw n=2249 total_us=13245 rebuild_us=150 layout_us=5762 paint_us=518 encode_us=46 acquire_us=78 submit_us=6688 skipped=0 gpu_q=1 gpu_total_us=4770 gpu_prepass_us=0 gpu_main_us=4770 gpu_composite_us=0 gpu_blit_us=0
frust_shell_common::perf: frust-perf raw n=2250 total_us=11622 rebuild_us=162 layout_us=4497 paint_us=484 encode_us=41 acquire_us=71 submit_us=6363 skipped=0 gpu_q=1 gpu_total_us=4957 gpu_prepass_us=0 gpu_main_us=4957 gpu_composite_us=0 gpu_blit_us=0
frust_shell_common::perf: frust-perf raw n=2251 total_us=5789 rebuild_us=71 layout_us=1722 paint_us=242 encode_us=42 acquire_us=186 submit_us=3522 skipped=0 gpu_q=1 gpu_total_us=4872 gpu_prepass_us=0 gpu_main_us=4872 gpu_composite_us=0 gpu_blit_us=0
frust_shell_common::perf: frust-perf raw n=2252 total_us=10628 rebuild_us=51 layout_us=1112 paint_us=149 encode_us=36 acquire_us=2175 submit_us=7104 skipped=0 gpu_q=1 gpu_total_us=4734 gpu_prepass_us=0 gpu_main_us=4734 gpu_composite_us=0 gpu_blit_us=0
frust_shell_common::perf: frust-perf raw n=2253 total_us=6987 rebuild_us=56 layout_us=1596 paint_us=226 encode_us=47 acquire_us=762 submit_us=4297 skipped=0 gpu_q=1 gpu_total_us=4712 gpu_prepass_us=0 gpu_main_us=4712 gpu_composite_us=0 gpu_blit_us=0
frust_shell_common::perf: frust-perf raw n=2254 total_us=9282 rebuild_us=60 layout_us=1045 paint_us=158 encode_us=37 acquire_us=2589 submit_us=5390 skipped=0 gpu_q=1 gpu_total_us=4974 gpu_prepass_us=0 gpu_main_us=4974 gpu_composite_us=0 gpu_blit_us=0
frust_shell_common::perf: frust-perf raw n=2255 total_us=9161 rebuild_us=54 layout_us=1446 paint_us=190 encode_us=46 acquire_us=1340 submit_us=6082 skipped=0 gpu_q=1 gpu_total_us=4848 gpu_prepass_us=0 gpu_main_us=4848 gpu_composite_us=0 gpu_blit_us=0
frust_shell_common::perf: frust-perf raw n=2256 total_us=9591 rebuild_us=69 layout_us=1627 paint_us=208 encode_us=42 acquire_us=1585 submit_us=6057 skipped=0 gpu_q=1 gpu_total_us=4875 gpu_prepass_us=0 gpu_main_us=4875 gpu_composite_us=0 gpu_blit_us=0
frust_shell_common::perf: frust-perf raw n=2257 total_us=9240 rebuild_us=56 layout_us=1583 paint_us=226 encode_us=41 acquire_us=1253 submit_us=6078 skipped=0 gpu_q=1 gpu_total_us=4736 gpu_prepass_us=0 gpu_main_us=4736 gpu_composite_us=0 gpu_blit_us=0
frust_shell_common::perf: frust-perf raw n=2258 total_us=9676 rebuild_us=76 layout_us=1534 paint_us=208 encode_us=44 acquire_us=1943 submit_us=5870 skipped=0 gpu_q=1 gpu_total_us=4835 gpu_prepass_us=0 gpu_main_us=4835 gpu_composite_us=0 gpu_blit_us=0
frust_shell_common::perf: frust-perf raw n=2259 total_us=9374 rebuild_us=61 layout_us=1641 paint_us=255 encode_us=56 acquire_us=1295 submit_us=6063 skipped=0 gpu_q=1 gpu_total_us=4879 gpu_prepass_us=0 gpu_main_us=4879 gpu_composite_us=0 gpu_blit_us=0
frust_shell_common::perf: frust-perf raw n=2260 total_us=9958 rebuild_us=60 layout_us=1667 paint_us=255 encode_us=50 acquire_us=1702 submit_us=6222 skipped=0 gpu_q=1 gpu_total_us=4748 gpu_prepass_us=0 gpu_main_us=4748 gpu_composite_us=0 gpu_blit_us=0
frust_shell_common::perf: frust-perf raw n=2261 total_us=10120 rebuild_us=56 layout_us=1664 paint_us=226 encode_us=46 acquire_us=1889 submit_us=6237 skipped=0 gpu_q=1 gpu_total_us=4799 gpu_prepass_us=0 gpu_main_us=4799 gpu_composite_us=0 gpu_blit_us=0
frust_shell_common::perf: frust-perf raw n=2262 total_us=9254 rebuild_us=60 layout_us=1572 paint_us=209 encode_us=43 acquire_us=1424 submit_us=5945 skipped=0 gpu_q=1 gpu_total_us=4943 gpu_prepass_us=0 gpu_main_us=4943 gpu_composite_us=0 gpu_blit_us=0
frust_shell_common::perf: frust-perf raw n=2263 total_us=8910 rebuild_us=79 layout_us=1655 paint_us=204 encode_us=43 acquire_us=1231 submit_us=5696 skipped=0 gpu_q=1 gpu_total_us=4920 gpu_prepass_us=0 gpu_main_us=4920 gpu_composite_us=0 gpu_blit_us=0
frust_shell_common::perf: frust-perf raw n=2264 total_us=11609 rebuild_us=134 layout_us=5317 paint_us=459 encode_us=44 acquire_us=70 submit_us=5583 skipped=0 gpu_q=1 gpu_total_us=4748 gpu_prepass_us=0 gpu_main_us=4748 gpu_composite_us=0 gpu_blit_us=0
frust_shell_common::perf: frust-perf raw n=2265 total_us=8719 rebuild_us=220 layout_us=3387 paint_us=379 encode_us=43 acquire_us=62 submit_us=4625 skipped=0 gpu_q=1 gpu_total_us=4804 gpu_prepass_us=0 gpu_main_us=4804 gpu_composite_us=0 gpu_blit_us=0
frust_shell_android::app::frame: frust-perf platform-view tail depth=0 target=0 acquire_bound=false frame=2280 expected_present_us=0 acquire_us=660 period_us=8261
frust_shell_common::perf: frust-perf raw n=2266 total_us=8784 rebuild_us=146 layout_us=3413 paint_us=398 encode_us=41 acquire_us=55 submit_us=4728 skipped=0 gpu_q=1 gpu_total_us=4949 gpu_prepass_us=0 gpu_main_us=4949 gpu_composite_us=0 gpu_blit_us=0
frust_shell_common::perf: frust-perf raw n=2267 total_us=7179 rebuild_us=62 layout_us=1317 paint_us=171 encode_us=37 acquire_us=699 submit_us=4890 skipped=0 gpu_q=1 gpu_total_us=4889 gpu_prepass_us=0 gpu_main_us=4889 gpu_composite_us=0 gpu_blit_us=0
frust_shell_common::perf: frust-perf raw n=2268 total_us=9196 rebuild_us=59 layout_us=1334 paint_us=174 encode_us=41 acquire_us=2022 submit_us=5564 skipped=0 gpu_q=1 gpu_total_us=5240 gpu_prepass_us=0 gpu_main_us=5240 gpu_composite_us=0 gpu_blit_us=0
frust_shell_common::perf: frust-perf raw n=2269 total_us=10542 rebuild_us=57 layout_us=1777 paint_us=250 encode_us=50 acquire_us=1662 submit_us=6743 skipped=0 gpu_q=1 gpu_total_us=4813 gpu_prepass_us=0 gpu_main_us=4813 gpu_composite_us=0 gpu_blit_us=0
frust_shell_common::perf: frust-perf raw n=2270 total_us=8737 rebuild_us=58 layout_us=1646 paint_us=233 encode_us=44 acquire_us=851 submit_us=5902 skipped=0 gpu_q=1 gpu_total_us=4908 gpu_prepass_us=0 gpu_main_us=4908 gpu_composite_us=0 gpu_blit_us=0
frust_shell_common::perf: frust-perf raw n=2271 total_us=8324 rebuild_us=49 layout_us=1135 paint_us=158 encode_us=38 acquire_us=2403 submit_us=4538 skipped=0 gpu_q=1 gpu_total_us=4846 gpu_prepass_us=0 gpu_main_us=4846 gpu_composite_us=0 gpu_blit_us=0
frust_shell_common::perf: frust-perf raw n=2272 total_us=8096 rebuild_us=54 layout_us=1280 paint_us=167 encode_us=34 acquire_us=1732 submit_us=4828 skipped=0 gpu_q=1 gpu_total_us=4762 gpu_prepass_us=0 gpu_main_us=4762 gpu_composite_us=0 gpu_blit_us=0
frust_shell_common::perf: frust-perf raw n=2273 total_us=9297 rebuild_us=64 layout_us=1446 paint_us=188 encode_us=43 acquire_us=1521 submit_us=6033 skipped=0 gpu_q=1 gpu_total_us=4840 gpu_prepass_us=0 gpu_main_us=4840 gpu_composite_us=0 gpu_blit_us=0
frust_shell_common::perf: frust-perf raw n=2274 total_us=10061 rebuild_us=78 layout_us=1791 paint_us=259 encode_us=49 acquire_us=1169 submit_us=6713 skipped=0 gpu_q=1 gpu_total_us=4922 gpu_prepass_us=0 gpu_main_us=4922 gpu_composite_us=0 gpu_blit_us=0
frust_shell_common::perf: frust-perf raw n=2275 total_us=9814 rebuild_us=58 layout_us=1683 paint_us=234 encode_us=48 acquire_us=1343 submit_us=6445 skipped=0 gpu_q=1 gpu_total_us=4847 gpu_prepass_us=0 gpu_main_us=4847 gpu_composite_us=0 gpu_blit_us=0
frust_shell_common::perf: frust-perf raw n=2276 total_us=9103 rebuild_us=55 layout_us=1620 paint_us=213 encode_us=45 acquire_us=1253 submit_us=5915 skipped=0 gpu_q=1 gpu_total_us=4791 gpu_prepass_us=0 gpu_main_us=4791 gpu_composite_us=0 gpu_blit_us=0
frust_shell_common::perf: frust-perf raw n=2277 total_us=8778 rebuild_us=62 layout_us=1511 paint_us=199 encode_us=42 acquire_us=1351 submit_us=5610 skipped=0 gpu_q=1 gpu_total_us=4818 gpu_prepass_us=0 gpu_main_us=4818 gpu_composite_us=0 gpu_blit_us=0
frust_shell_common::perf: frust-perf raw n=2278 total_us=9629 rebuild_us=66 layout_us=1497 paint_us=209 encode_us=43 acquire_us=1784 submit_us=6027 skipped=0 gpu_q=1 gpu_total_us=4898 gpu_prepass_us=0 gpu_main_us=4898 gpu_composite_us=0 gpu_blit_us=0
frust_shell_common::perf: frust-perf raw n=2279 total_us=8893 rebuild_us=56 layout_us=1538 paint_us=218 encode_us=45 acquire_us=1143 submit_us=5890 skipped=0 gpu_q=1 gpu_total_us=4909 gpu_prepass_us=0 gpu_main_us=4909 gpu_composite_us=0 gpu_blit_us=0
frust_engine::renderer: frust-perf enc n=2280 w=60 validate_us=14.3 prepare_us=2.9 classify_us=44.3 admit_us=0.2 walk_us=2782.7 glyphs_us=2259.3 finish_us=2.0 compile_us=2844.5 schedule_us=3.9 paints_us=132.8 instances_us=206.2 resize_us=10.8 upload_us=269.3 replay_us=0.3 pipelines_us=15.9 record_us=27.6 total_us=3494.6 total_p95_us=4106.0 draws=830 strips=12447 alphas=302768 glyph_draws=797 atlas_glyphs=797
frust_shell_common::perf: frust-perf raw n=2280 total_us=12967 rebuild_us=146 layout_us=5424 paint_us=453 encode_us=46 acquire_us=76 submit_us=6820 skipped=0 gpu_q=1 gpu_total_us=4785 gpu_prepass_us=0 gpu_main_us=4785 gpu_composite_us=0 gpu_blit_us=0
frust_shell_common::perf: frust-perf raw n=2281 total_us=11733 rebuild_us=118 layout_us=4555 paint_us=436 encode_us=57 acquire_us=73 submit_us=6492 skipped=0 gpu_q=1 gpu_total_us=4805 gpu_prepass_us=0 gpu_main_us=4805 gpu_composite_us=0 gpu_blit_us=0
frust_shell_common::perf: frust-perf raw n=2282 total_us=5547 rebuild_us=68 layout_us=1715 paint_us=275 encode_us=33 acquire_us=54 submit_us=3400 skipped=0 gpu_q=1 gpu_total_us=4889 gpu_prepass_us=0 gpu_main_us=4889 gpu_composite_us=0 gpu_blit_us=0
frust_shell_common::perf: frust-perf raw n=2283 total_us=7994 rebuild_us=61 layout_us=1042 paint_us=147 encode_us=33 acquire_us=1120 submit_us=5589 skipped=0 gpu_q=1 gpu_total_us=4932 gpu_prepass_us=0 gpu_main_us=4932 gpu_composite_us=0 gpu_blit_us=0
frust_shell_common::perf: frust-perf raw n=2284 total_us=10190 rebuild_us=54 layout_us=1321 paint_us=174 encode_us=42 acquire_us=2395 submit_us=6203 skipped=0 gpu_q=1 gpu_total_us=4818 gpu_prepass_us=0 gpu_main_us=4818 gpu_composite_us=0 gpu_blit_us=0
frust_shell_common::perf: frust-perf raw n=2285 total_us=8573 rebuild_us=57 layout_us=1608 paint_us=211 encode_us=44 acquire_us=1201 submit_us=5451 skipped=0 gpu_q=1 gpu_total_us=4854 gpu_prepass_us=0 gpu_main_us=4854 gpu_composite_us=0 gpu_blit_us=0
frust_shell_common::perf: frust-perf raw n=2286 total_us=8995 rebuild_us=63 layout_us=1445 paint_us=212 encode_us=40 acquire_us=1641 submit_us=5591 skipped=0 gpu_q=1 gpu_total_us=4753 gpu_prepass_us=0 gpu_main_us=4753 gpu_composite_us=0 gpu_blit_us=0
frust_shell_common::perf: frust-perf raw n=2287 total_us=9162 rebuild_us=65 layout_us=1394 paint_us=196 encode_us=45 acquire_us=2026 submit_us=5434 skipped=0 gpu_q=1 gpu_total_us=4899 gpu_prepass_us=0 gpu_main_us=4899 gpu_composite_us=0 gpu_blit_us=0
frust_shell_common::perf: frust-perf raw n=2288 total_us=9423 rebuild_us=65 layout_us=1479 paint_us=195 encode_us=39 acquire_us=1577 submit_us=6065 skipped=0 gpu_q=1 gpu_total_us=4808 gpu_prepass_us=0 gpu_main_us=4808 gpu_composite_us=0 gpu_blit_us=0
frust_shell_common::perf: frust-perf raw n=2289 total_us=9895 rebuild_us=55 layout_us=1617 paint_us=213 encode_us=49 acquire_us=1787 submit_us=6173 skipped=0 gpu_q=1 gpu_total_us=4817 gpu_prepass_us=0 gpu_main_us=4817 gpu_composite_us=0 gpu_blit_us=0
frust_shell_common::perf: frust-perf raw n=2290 total_us=9304 rebuild_us=60 layout_us=1574 paint_us=249 encode_us=46 acquire_us=1318 submit_us=6055 skipped=0 gpu_q=1 gpu_total_us=4916 gpu_prepass_us=0 gpu_main_us=4916 gpu_composite_us=0 gpu_blit_us=0
frust_shell_common::perf: frust-perf raw n=2291 total_us=8801 rebuild_us=60 layout_us=1615 paint_us=223 encode_us=52 acquire_us=1336 submit_us=5514 skipped=0 gpu_q=1 gpu_total_us=4931 gpu_prepass_us=0 gpu_main_us=4931 gpu_composite_us=0 gpu_blit_us=0
frust_shell_common::perf: frust-perf raw n=2292 total_us=9337 rebuild_us=64 layout_us=1528 paint_us=194 encode_us=45 acquire_us=1715 submit_us=5790 skipped=0 gpu_q=1 gpu_total_us=4802 gpu_prepass_us=0 gpu_main_us=4802 gpu_composite_us=0 gpu_blit_us=0
frust_shell_common::perf: frust-perf raw n=2293 total_us=9435 rebuild_us=57 layout_us=1644 paint_us=213 encode_us=46 acquire_us=1181 submit_us=6292 skipped=0 gpu_q=1 gpu_total_us=4801 gpu_prepass_us=0 gpu_main_us=4801 gpu_composite_us=0 gpu_blit_us=0
frust_shell_common::perf: frust-perf raw n=2294 total_us=9448 rebuild_us=67 layout_us=1708 paint_us=229 encode_us=50 acquire_us=1134 submit_us=6256 skipped=0 gpu_q=1 gpu_total_us=4863 gpu_prepass_us=0 gpu_main_us=4863 gpu_composite_us=0 gpu_blit_us=0
frust_shell_common::perf: frust-perf raw n=2295 total_us=12043 rebuild_us=239 layout_us=5293 paint_us=474 encode_us=63 acquire_us=73 submit_us=5899 skipped=0 gpu_q=1 gpu_total_us=4944 gpu_prepass_us=0 gpu_main_us=4944 gpu_composite_us=0 gpu_blit_us=0
frust_shell_common::perf: frust-perf raw n=2296 total_us=8502 rebuild_us=103 layout_us=3065 paint_us=339 encode_us=68 acquire_us=69 submit_us=4855 skipped=0 gpu_q=1 gpu_total_us=4791 gpu_prepass_us=0 gpu_main_us=4791 gpu_composite_us=0 gpu_blit_us=0
frust_shell_common::perf: frust-perf raw n=2297 total_us=6230 rebuild_us=76 layout_us=1062 paint_us=175 encode_us=33 acquire_us=943 submit_us=3939 skipped=0 gpu_q=1 gpu_total_us=4850 gpu_prepass_us=0 gpu_main_us=4850 gpu_composite_us=0 gpu_blit_us=0
frust_shell_common::perf: frust-perf raw n=2298 total_us=7527 rebuild_us=60 layout_us=1234 paint_us=170 encode_us=40 acquire_us=734 submit_us=5286 skipped=0 gpu_q=1 gpu_total_us=4865 gpu_prepass_us=0 gpu_main_us=4865 gpu_composite_us=0 gpu_blit_us=0
frust_shell_common::perf: frust-perf raw n=2299 total_us=8222 rebuild_us=55 layout_us=1256 paint_us=172 encode_us=44 acquire_us=1338 submit_us=5354 skipped=0 gpu_q=1 gpu_total_us=4851 gpu_prepass_us=0 gpu_main_us=4851 gpu_composite_us=0 gpu_blit_us=0
frust_shell_common::perf: frust-perf raw n=2300 total_us=9479 rebuild_us=62 layout_us=1606 paint_us=209 encode_us=46 acquire_us=1155 submit_us=6399 skipped=0 gpu_q=1 gpu_total_us=4833 gpu_prepass_us=0 gpu_main_us=4833 gpu_composite_us=0 gpu_blit_us=0
frust_shell_common::perf: frust-perf raw n=2301 total_us=9750 rebuild_us=60 layout_us=1802 paint_us=240 encode_us=48 acquire_us=906 submit_us=6691 skipped=0 gpu_q=1 gpu_total_us=4802 gpu_prepass_us=0 gpu_main_us=4802 gpu_composite_us=0 gpu_blit_us=0
frust_shell_common::perf: frust-perf raw n=2302 total_us=9060 rebuild_us=63 layout_us=1586 paint_us=223 encode_us=44 acquire_us=1123 submit_us=6018 skipped=0 gpu_q=1 gpu_total_us=4841 gpu_prepass_us=0 gpu_main_us=4841 gpu_composite_us=0 gpu_blit_us=0
frust_shell_common::perf: frust-perf raw n=2303 total_us=9258 rebuild_us=66 layout_us=1390 paint_us=195 encode_us=45 acquire_us=1781 submit_us=5779 skipped=0 gpu_q=1 gpu_total_us=4931 gpu_prepass_us=0 gpu_main_us=4931 gpu_composite_us=0 gpu_blit_us=0
frust_shell_common::perf: frust-perf raw n=2304 total_us=9403 rebuild_us=74 layout_us=1636 paint_us=213 encode_us=49 acquire_us=1280 submit_us=6149 skipped=0 gpu_q=1 gpu_total_us=4808 gpu_prepass_us=0 gpu_main_us=4808 gpu_composite_us=0 gpu_blit_us=0
frust_shell_common::perf: frust-perf raw n=2305 total_us=10569 rebuild_us=60 layout_us=1626 paint_us=222 encode_us=45 acquire_us=1229 submit_us=7384 skipped=0 gpu_q=1 gpu_total_us=4832 gpu_prepass_us=0 gpu_main_us=4832 gpu_composite_us=0 gpu_blit_us=0
frust_shell_common::perf: frust-perf raw n=2306 total_us=7880 rebuild_us=60 layout_us=1615 paint_us=231 encode_us=40 acquire_us=641 submit_us=5291 skipped=0 gpu_q=1 gpu_total_us=4872 gpu_prepass_us=0 gpu_main_us=4872 gpu_composite_us=0 gpu_blit_us=0
frust_shell_common::perf: frust-perf raw n=2307 total_us=5663 rebuild_us=50 layout_us=1124 paint_us=169 encode_us=39 acquire_us=65 submit_us=4214 skipped=0 gpu_q=1 gpu_total_us=4939 gpu_prepass_us=0 gpu_main_us=4939 gpu_composite_us=0 gpu_blit_us=0
frust_shell_common::perf: frust-perf raw n=2308 total_us=7964 rebuild_us=46 layout_us=967 paint_us=138 encode_us=32 acquire_us=2184 submit_us=4594 skipped=0 gpu_q=1 gpu_total_us=4815 gpu_prepass_us=0 gpu_main_us=4815 gpu_composite_us=0 gpu_blit_us=0
frust_shell_common::perf: frust-perf raw n=2309 total_us=13537 rebuild_us=203 layout_us=5005 paint_us=454 encode_us=51 acquire_us=102 submit_us=7719 skipped=0 gpu_q=1 gpu_total_us=4918 gpu_prepass_us=93 gpu_main_us=4824 gpu_composite_us=0 gpu_blit_us=0
frust_shell_common::perf: frust-perf raw n=2310 total_us=12663 rebuild_us=97 layout_us=4799 paint_us=411 encode_us=43 acquire_us=84 submit_us=7227 skipped=0 gpu_q=1 gpu_total_us=4890 gpu_prepass_us=0 gpu_main_us=4890 gpu_composite_us=0 gpu_blit_us=0
frust_shell_common::perf: frust-perf raw n=2311 total_us=6081 rebuild_us=65 layout_us=2041 paint_us=296 encode_us=36 acquire_us=56 submit_us=3585 skipped=0 gpu_q=1 gpu_total_us=4831 gpu_prepass_us=0 gpu_main_us=4831 gpu_composite_us=0 gpu_blit_us=0
frust_shell_common::perf: frust-perf raw n=2312 total_us=9755 rebuild_us=52 layout_us=1019 paint_us=155 encode_us=36 acquire_us=2793 submit_us=5698 skipped=0 gpu_q=1 gpu_total_us=4813 gpu_prepass_us=0 gpu_main_us=4813 gpu_composite_us=0 gpu_blit_us=0
frust_shell_common::perf: frust-perf raw n=2313 total_us=7952 rebuild_us=57 layout_us=1326 paint_us=180 encode_us=42 acquire_us=1442 submit_us=4903 skipped=0 gpu_q=1 gpu_total_us=4760 gpu_prepass_us=0 gpu_main_us=4760 gpu_composite_us=0 gpu_blit_us=0
frust_shell_common::perf: frust-perf raw n=2314 total_us=8722 rebuild_us=58 layout_us=1222 paint_us=167 encode_us=38 acquire_us=1537 submit_us=5698 skipped=0 gpu_q=1 gpu_total_us=4893 gpu_prepass_us=0 gpu_main_us=4893 gpu_composite_us=0 gpu_blit_us=0
frust_shell_common::perf: frust-perf raw n=2315 total_us=9167 rebuild_us=62 layout_us=1446 paint_us=212 encode_us=49 acquire_us=1291 submit_us=6105 skipped=0 gpu_q=1 gpu_total_us=4835 gpu_prepass_us=0 gpu_main_us=4835 gpu_composite_us=0 gpu_blit_us=0
frust_shell_common::perf: frust-perf raw n=2316 total_us=8607 rebuild_us=71 layout_us=1512 paint_us=212 encode_us=49 acquire_us=1180 submit_us=5581 skipped=0 gpu_q=1 gpu_total_us=4801 gpu_prepass_us=0 gpu_main_us=4801 gpu_composite_us=0 gpu_blit_us=0
frust_shell_common::perf: frust-perf raw n=2317 total_us=8867 rebuild_us=55 layout_us=1453 paint_us=195 encode_us=45 acquire_us=1459 submit_us=5657 skipped=0 gpu_q=1 gpu_total_us=4844 gpu_prepass_us=0 gpu_main_us=4844 gpu_composite_us=0 gpu_blit_us=0
frust_shell_common::perf: frust-perf raw n=2318 total_us=9213 rebuild_us=63 layout_us=1456 paint_us=191 encode_us=47 acquire_us=1927 submit_us=5526 skipped=0 gpu_q=1 gpu_total_us=4887 gpu_prepass_us=0 gpu_main_us=4887 gpu_composite_us=0 gpu_blit_us=0
frust_shell_common::perf: frust-perf raw n=2319 total_us=8989 rebuild_us=54 layout_us=1479 paint_us=211 encode_us=45 acquire_us=1595 submit_us=5603 skipped=0 gpu_q=1 gpu_total_us=4924 gpu_prepass_us=0 gpu_main_us=4924 gpu_composite_us=0 gpu_blit_us=0
frust_shell_common::perf: frust-perf raw n=2320 total_us=9193 rebuild_us=63 layout_us=1399 paint_us=197 encode_us=48 acquire_us=1895 submit_us=5588 skipped=0 gpu_q=1 gpu_total_us=4801 gpu_prepass_us=0 gpu_main_us=4801 gpu_composite_us=0 gpu_blit_us=0
frust_shell_common::perf: frust-perf raw n=2321 total_us=9600 rebuild_us=64 layout_us=1613 paint_us=222 encode_us=58 acquire_us=1797 submit_us=5843 skipped=0 gpu_q=1 gpu_total_us=4842 gpu_prepass_us=0 gpu_main_us=4842 gpu_composite_us=0 gpu_blit_us=0
frust_shell_common::perf: frust-perf raw n=2322 total_us=9040 rebuild_us=59 layout_us=1532 paint_us=224 encode_us=37 acquire_us=1654 submit_us=5531 skipped=0 gpu_q=1 gpu_total_us=4830 gpu_prepass_us=0 gpu_main_us=4830 gpu_composite_us=0 gpu_blit_us=0
frust_shell_common::perf: frust-perf raw n=2323 total_us=9008 rebuild_us=62 layout_us=1566 paint_us=212 encode_us=40 acquire_us=1576 submit_us=5549 skipped=0 gpu_q=1 gpu_total_us=4880 gpu_prepass_us=0 gpu_main_us=4880 gpu_composite_us=0 gpu_blit_us=0
frust_shell_common::perf: frust-perf raw n=2324 total_us=11752 rebuild_us=139 layout_us=4351 paint_us=488 encode_us=45 acquire_us=72 submit_us=6655 skipped=0 gpu_q=1 gpu_total_us=4848 gpu_prepass_us=0 gpu_main_us=4848 gpu_composite_us=0 gpu_blit_us=0
frust_shell_common::perf: frust-perf raw n=2325 total_us=10514 rebuild_us=130 layout_us=3538 paint_us=345 encode_us=47 acquire_us=87 submit_us=6366 skipped=0 gpu_q=1 gpu_total_us=4818 gpu_prepass_us=0 gpu_main_us=4818 gpu_composite_us=0 gpu_blit_us=0
frust_shell_common::perf: frust-perf raw n=2326 total_us=8443 rebuild_us=122 layout_us=3622 paint_us=392 encode_us=44 acquire_us=50 submit_us=4211 skipped=0 gpu_q=1 gpu_total_us=4830 gpu_prepass_us=0 gpu_main_us=4830 gpu_composite_us=0 gpu_blit_us=0
frust_shell_common::perf: frust-perf raw n=2327 total_us=6536 rebuild_us=49 layout_us=1083 paint_us=154 encode_us=39 acquire_us=1141 submit_us=4068 skipped=0 gpu_q=1 gpu_total_us=4877 gpu_prepass_us=0 gpu_main_us=4877 gpu_composite_us=0 gpu_blit_us=0
frust_shell_common::perf: frust-perf raw n=2328 total_us=8211 rebuild_us=59 layout_us=1251 paint_us=171 encode_us=39 acquire_us=1505 submit_us=5183 skipped=0 gpu_q=1 gpu_total_us=4868 gpu_prepass_us=0 gpu_main_us=4868 gpu_composite_us=0 gpu_blit_us=0
frust_shell_common::perf: frust-perf raw n=2329 total_us=9627 rebuild_us=62 layout_us=1591 paint_us=212 encode_us=44 acquire_us=1322 submit_us=6393 skipped=0 gpu_q=1 gpu_total_us=4864 gpu_prepass_us=0 gpu_main_us=4864 gpu_composite_us=0 gpu_blit_us=0
frust_shell_common::perf: frust-perf raw n=2330 total_us=10311 rebuild_us=60 layout_us=1784 paint_us=234 encode_us=55 acquire_us=1444 submit_us=6732 skipped=0 gpu_q=1 gpu_total_us=4822 gpu_prepass_us=0 gpu_main_us=4822 gpu_composite_us=0 gpu_blit_us=0
frust_shell_common::perf: frust-perf raw n=2331 total_us=9622 rebuild_us=59 layout_us=1748 paint_us=245 encode_us=44 acquire_us=1056 submit_us=6467 skipped=0 gpu_q=1 gpu_total_us=4844 gpu_prepass_us=0 gpu_main_us=4844 gpu_composite_us=0 gpu_blit_us=0
frust_shell_common::perf: frust-perf raw n=2332 total_us=9584 rebuild_us=55 layout_us=1478 paint_us=221 encode_us=43 acquire_us=1763 submit_us=6022 skipped=0 gpu_q=1 gpu_total_us=4845 gpu_prepass_us=0 gpu_main_us=4845 gpu_composite_us=0 gpu_blit_us=0
frust_shell_common::perf: frust-perf raw n=2333 total_us=9529 rebuild_us=58 layout_us=1583 paint_us=213 encode_us=45 acquire_us=1482 submit_us=6145 skipped=0 gpu_q=1 gpu_total_us=4878 gpu_prepass_us=0 gpu_main_us=4878 gpu_composite_us=0 gpu_blit_us=0
frust_shell_common::perf: frust-perf raw n=2334 total_us=9595 rebuild_us=66 layout_us=1608 paint_us=211 encode_us=55 acquire_us=1509 submit_us=6145 skipped=0 gpu_q=1 gpu_total_us=4903 gpu_prepass_us=0 gpu_main_us=4903 gpu_composite_us=0 gpu_blit_us=0
frust_shell_common::perf: frust-perf raw n=2335 total_us=9654 rebuild_us=62 layout_us=1594 paint_us=261 encode_us=44 acquire_us=1582 submit_us=6109 skipped=0 gpu_q=1 gpu_total_us=4854 gpu_prepass_us=0 gpu_main_us=4854 gpu_composite_us=0 gpu_blit_us=0
frust_shell_common::perf: frust-perf raw n=2336 total_us=9282 rebuild_us=59 layout_us=1487 paint_us=215 encode_us=42 acquire_us=1490 submit_us=5985 skipped=0 gpu_q=1 gpu_total_us=4844 gpu_prepass_us=0 gpu_main_us=4844 gpu_composite_us=0 gpu_blit_us=0
frust_shell_common::perf: frust-perf raw n=2337 total_us=10311 rebuild_us=67 layout_us=1670 paint_us=213 encode_us=42 acquire_us=1804 submit_us=6511 skipped=0 gpu_q=1 gpu_total_us=4863 gpu_prepass_us=0 gpu_main_us=4863 gpu_composite_us=0 gpu_blit_us=0
frust_shell_common::perf: frust-perf raw n=2338 total_us=9643 rebuild_us=60 layout_us=1798 paint_us=235 encode_us=43 acquire_us=1039 submit_us=6466 skipped=0 gpu_q=1 gpu_total_us=4868 gpu_prepass_us=0 gpu_main_us=4868 gpu_composite_us=0 gpu_blit_us=0
frust_shell_common::perf: frust-perf raw n=2339 total_us=9719 rebuild_us=61 layout_us=1622 paint_us=234 encode_us=43 acquire_us=1603 submit_us=6155 skipped=0 gpu_q=1 gpu_total_us=4899 gpu_prepass_us=0 gpu_main_us=4899 gpu_composite_us=0 gpu_blit_us=0
frust_engine::renderer: frust-perf enc n=2340 w=60 validate_us=14.4 prepare_us=2.9 classify_us=44.0 admit_us=0.2 walk_us=2767.8 glyphs_us=2263.7 finish_us=2.0 compile_us=2831.0 schedule_us=4.0 paints_us=136.2 instances_us=204.4 resize_us=10.9 upload_us=272.4 replay_us=0.3 pipelines_us=16.0 record_us=28.0 total_us=3485.6 total_p95_us=4530.7 draws=829 strips=12421 alphas=303680 glyph_draws=797 atlas_glyphs=797
frust_shell_common::perf: frust-perf raw n=2340 total_us=11279 rebuild_us=124 layout_us=4102 paint_us=358 encode_us=47 acquire_us=77 submit_us=6569 skipped=0 gpu_q=1 gpu_total_us=4879 gpu_prepass_us=0 gpu_main_us=4879 gpu_composite_us=0 gpu_blit_us=0
frust_shell_common::perf: frust-perf raw n=2341 total_us=10090 rebuild_us=108 layout_us=3476 paint_us=385 encode_us=49 acquire_us=105 submit_us=5964 skipped=0 gpu_q=1 gpu_total_us=4864 gpu_prepass_us=0 gpu_main_us=4864 gpu_composite_us=0 gpu_blit_us=0
frust_shell_common::perf: frust-perf raw n=2342 total_us=6760 rebuild_us=61 layout_us=1555 paint_us=208 encode_us=39 acquire_us=195 submit_us=4698 skipped=0 gpu_q=1 gpu_total_us=4938 gpu_prepass_us=0 gpu_main_us=4938 gpu_composite_us=0 gpu_blit_us=0
frust_shell_common::perf: frust-perf raw n=2343 total_us=5790 rebuild_us=53 layout_us=1072 paint_us=161 encode_us=43 acquire_us=55 submit_us=4403 skipped=0 gpu_q=1 gpu_total_us=4882 gpu_prepass_us=0 gpu_main_us=4882 gpu_composite_us=0 gpu_blit_us=0
frust_shell_common::perf: frust-perf raw n=2344 total_us=11042 rebuild_us=53 layout_us=1157 paint_us=162 encode_us=38 acquire_us=2203 submit_us=7427 skipped=0 gpu_q=1 gpu_total_us=5330 gpu_prepass_us=0 gpu_main_us=5330 gpu_composite_us=0 gpu_blit_us=0
frust_shell_common::perf: frust-perf raw n=2345 total_us=6316 rebuild_us=57 layout_us=2038 paint_us=291 encode_us=49 acquire_us=90 submit_us=3788 skipped=0 gpu_q=1 gpu_total_us=4896 gpu_prepass_us=0 gpu_main_us=4896 gpu_composite_us=0 gpu_blit_us=0
frust_shell_common::perf: frust-perf raw n=2346 total_us=10390 rebuild_us=60 layout_us=1100 paint_us=157 encode_us=37 acquire_us=2357 submit_us=6676 skipped=0 gpu_q=1 gpu_total_us=4740 gpu_prepass_us=0 gpu_main_us=4740 gpu_composite_us=0 gpu_blit_us=0
frust_shell_common::perf: frust-perf raw n=2347 total_us=8019 rebuild_us=53 layout_us=1567 paint_us=214 encode_us=39 acquire_us=534 submit_us=5609 skipped=0 gpu_q=1 gpu_total_us=4845 gpu_prepass_us=0 gpu_main_us=4845 gpu_composite_us=0 gpu_blit_us=0
frust_shell_common::perf: frust-perf raw n=2348 total_us=9360 rebuild_us=54 layout_us=1466 paint_us=216 encode_us=41 acquire_us=2047 submit_us=5533 skipped=0 gpu_q=1 gpu_total_us=4874 gpu_prepass_us=0 gpu_main_us=4874 gpu_composite_us=0 gpu_blit_us=0
frust_shell_common::perf: frust-perf raw n=2349 total_us=8144 rebuild_us=52 layout_us=1361 paint_us=188 encode_us=40 acquire_us=1078 submit_us=5423 skipped=0 gpu_q=1 gpu_total_us=4852 gpu_prepass_us=0 gpu_main_us=4852 gpu_composite_us=0 gpu_blit_us=0
frust_shell_common::perf: frust-perf raw n=2350 total_us=9360 rebuild_us=60 layout_us=1447 paint_us=190 encode_us=42 acquire_us=1352 submit_us=6266 skipped=0 gpu_q=1 gpu_total_us=4931 gpu_prepass_us=0 gpu_main_us=4931 gpu_composite_us=0 gpu_blit_us=0
frust_shell_common::perf: frust-perf raw n=2351 total_us=9616 rebuild_us=81 layout_us=1672 paint_us=224 encode_us=42 acquire_us=1822 submit_us=5772 skipped=0 gpu_q=1 gpu_total_us=4876 gpu_prepass_us=0 gpu_main_us=4876 gpu_composite_us=0 gpu_blit_us=0
frust_shell_common::perf: frust-perf raw n=2352 total_us=8650 rebuild_us=58 layout_us=1511 paint_us=237 encode_us=51 acquire_us=1198 submit_us=5592 skipped=0 gpu_q=1 gpu_total_us=4815 gpu_prepass_us=0 gpu_main_us=4815 gpu_composite_us=0 gpu_blit_us=0
frust_shell_common::perf: frust-perf raw n=2353 total_us=9467 rebuild_us=60 layout_us=1421 paint_us=201 encode_us=48 acquire_us=1977 submit_us=5758 skipped=0 gpu_q=1 gpu_total_us=4907 gpu_prepass_us=0 gpu_main_us=4907 gpu_composite_us=0 gpu_blit_us=0
frust_shell_common::perf: frust-perf raw n=2354 total_us=9566 rebuild_us=60 layout_us=1645 paint_us=215 encode_us=51 acquire_us=1420 submit_us=6173 skipped=0 gpu_q=1 gpu_total_us=4941 gpu_prepass_us=0 gpu_main_us=4941 gpu_composite_us=0 gpu_blit_us=0
frust_shell_common::perf: frust-perf raw n=2355 total_us=12235 rebuild_us=163 layout_us=5517 paint_us=464 encode_us=42 acquire_us=75 submit_us=5972 skipped=0 gpu_q=1 gpu_total_us=4871 gpu_prepass_us=0 gpu_main_us=4871 gpu_composite_us=0 gpu_blit_us=0
frust_shell_common::perf: frust-perf raw n=2356 total_us=8536 rebuild_us=114 layout_us=3119 paint_us=350 encode_us=42 acquire_us=67 submit_us=4841 skipped=0 gpu_q=1 gpu_total_us=4800 gpu_prepass_us=0 gpu_main_us=4800 gpu_composite_us=0 gpu_blit_us=0
frust_shell_common::perf: frust-perf raw n=2357 total_us=6596 rebuild_us=101 layout_us=1054 paint_us=153 encode_us=30 acquire_us=1422 submit_us=3832 skipped=0 gpu_q=1 gpu_total_us=4920 gpu_prepass_us=0 gpu_main_us=4920 gpu_composite_us=0 gpu_blit_us=0
frust_shell_common::perf: frust-perf raw n=2358 total_us=8160 rebuild_us=65 layout_us=1258 paint_us=161 encode_us=37 acquire_us=1167 submit_us=5469 skipped=0 gpu_q=1 gpu_total_us=4909 gpu_prepass_us=0 gpu_main_us=4909 gpu_composite_us=0 gpu_blit_us=0
frust_shell_common::perf: frust-perf raw n=2359 total_us=9478 rebuild_us=60 layout_us=1469 paint_us=189 encode_us=44 acquire_us=1658 submit_us=6055 skipped=0 gpu_q=1 gpu_total_us=4746 gpu_prepass_us=0 gpu_main_us=4746 gpu_composite_us=0 gpu_blit_us=0
frust_shell_common::perf: frust-perf raw n=2360 total_us=10188 rebuild_us=64 layout_us=1791 paint_us=232 encode_us=46 acquire_us=1280 submit_us=6774 skipped=0 gpu_q=1 gpu_total_us=4918 gpu_prepass_us=0 gpu_main_us=4918 gpu_composite_us=0 gpu_blit_us=0
frust_shell_common::perf: frust-perf raw n=2361 total_us=9692 rebuild_us=62 layout_us=1649 paint_us=241 encode_us=48 acquire_us=1248 submit_us=6441 skipped=0 gpu_q=1 gpu_total_us=4869 gpu_prepass_us=0 gpu_main_us=4869 gpu_composite_us=0 gpu_blit_us=0
frust_shell_common::perf: frust-perf raw n=2362 total_us=9651 rebuild_us=60 layout_us=1577 paint_us=222 encode_us=41 acquire_us=1709 submit_us=6040 skipped=0 gpu_q=1 gpu_total_us=4895 gpu_prepass_us=0 gpu_main_us=4895 gpu_composite_us=0 gpu_blit_us=0
frust_shell_common::perf: frust-perf raw n=2363 total_us=9322 rebuild_us=59 layout_us=1574 paint_us=210 encode_us=40 acquire_us=1379 submit_us=6057 skipped=0 gpu_q=1 gpu_total_us=4856 gpu_prepass_us=0 gpu_main_us=4856 gpu_composite_us=0 gpu_blit_us=0
frust_shell_common::perf: frust-perf raw n=2364 total_us=9800 rebuild_us=58 layout_us=1598 paint_us=227 encode_us=48 acquire_us=1690 submit_us=6177 skipped=0 gpu_q=1 gpu_total_us=4766 gpu_prepass_us=0 gpu_main_us=4766 gpu_composite_us=0 gpu_blit_us=0
frust_shell_common::perf: frust-perf raw n=2365 total_us=9633 rebuild_us=56 layout_us=1475 paint_us=208 encode_us=76 acquire_us=1884 submit_us=5931 skipped=0 gpu_q=1 gpu_total_us=4879 gpu_prepass_us=0 gpu_main_us=4879 gpu_composite_us=0 gpu_blit_us=0
frust_shell_common::perf: frust-perf raw n=2366 total_us=9831 rebuild_us=52 layout_us=1571 paint_us=215 encode_us=41 acquire_us=1799 submit_us=6152 skipped=0 gpu_q=1 gpu_total_us=4912 gpu_prepass_us=0 gpu_main_us=4912 gpu_composite_us=0 gpu_blit_us=0
frust_shell_common::perf: frust-perf raw n=2367 total_us=9420 rebuild_us=58 layout_us=1614 paint_us=211 encode_us=40 acquire_us=1507 submit_us=5987 skipped=0 gpu_q=1 gpu_total_us=4916 gpu_prepass_us=0 gpu_main_us=4916 gpu_composite_us=0 gpu_blit_us=0
frust_shell_common::perf: frust-perf raw n=2368 total_us=9828 rebuild_us=54 layout_us=1512 paint_us=207 encode_us=51 acquire_us=2019 submit_us=5982 skipped=0 gpu_q=1 gpu_total_us=4759 gpu_prepass_us=0 gpu_main_us=4759 gpu_composite_us=0 gpu_blit_us=0
frust_shell_common::perf: frust-perf raw n=2369 total_us=10600 rebuild_us=112 layout_us=3958 paint_us=393 encode_us=44 acquire_us=83 submit_us=6007 skipped=0 gpu_q=1 gpu_total_us=4944 gpu_prepass_us=0 gpu_main_us=4944 gpu_composite_us=0 gpu_blit_us=0
frust_shell_common::perf: frust-perf raw n=2370 total_us=6238 rebuild_us=62 layout_us=1594 paint_us=219 encode_us=41 acquire_us=68 submit_us=4250 skipped=0 gpu_q=1 gpu_total_us=4880 gpu_prepass_us=0 gpu_main_us=4880 gpu_composite_us=0 gpu_blit_us=0
frust_shell_common::perf: frust-perf raw n=2371 total_us=9489 rebuild_us=53 layout_us=1120 paint_us=155 encode_us=35 acquire_us=1725 submit_us=6400 skipped=0 gpu_q=1 gpu_total_us=4875 gpu_prepass_us=0 gpu_main_us=4875 gpu_composite_us=0 gpu_blit_us=0
frust_shell_common::perf: frust-perf raw n=2372 total_us=8605 rebuild_us=58 layout_us=1630 paint_us=228 encode_us=51 acquire_us=735 submit_us=5900 skipped=0 gpu_q=1 gpu_total_us=4763 gpu_prepass_us=0 gpu_main_us=4763 gpu_composite_us=0 gpu_blit_us=0
frust_shell_common::perf: frust-perf raw n=2373 total_us=9165 rebuild_us=59 layout_us=1371 paint_us=193 encode_us=46 acquire_us=1397 submit_us=6097 skipped=0 gpu_q=1 gpu_total_us=5446 gpu_prepass_us=0 gpu_main_us=5446 gpu_composite_us=0 gpu_blit_us=0
frust_shell_common::perf: frust-perf raw n=2374 total_us=9180 rebuild_us=58 layout_us=1621 paint_us=213 encode_us=52 acquire_us=1042 submit_us=6191 skipped=0 gpu_q=1 gpu_total_us=4858 gpu_prepass_us=0 gpu_main_us=4858 gpu_composite_us=0 gpu_blit_us=0
frust_shell_common::perf: frust-perf raw n=2375 total_us=9351 rebuild_us=67 layout_us=1622 paint_us=215 encode_us=42 acquire_us=1165 submit_us=6238 skipped=0 gpu_q=1 gpu_total_us=4867 gpu_prepass_us=0 gpu_main_us=4867 gpu_composite_us=0 gpu_blit_us=0
frust_shell_common::perf: frust-perf raw n=2376 total_us=8667 rebuild_us=57 layout_us=1607 paint_us=230 encode_us=43 acquire_us=972 submit_us=5756 skipped=0 gpu_q=1 gpu_total_us=4756 gpu_prepass_us=0 gpu_main_us=4756 gpu_composite_us=0 gpu_blit_us=0
frust_shell_common::perf: frust-perf raw n=2377 total_us=8872 rebuild_us=58 layout_us=1366 paint_us=196 encode_us=43 acquire_us=1677 submit_us=5530 skipped=0 gpu_q=1 gpu_total_us=4906 gpu_prepass_us=0 gpu_main_us=4906 gpu_composite_us=0 gpu_blit_us=0
frust_shell_common::perf: frust-perf raw n=2378 total_us=8884 rebuild_us=63 layout_us=1474 paint_us=198 encode_us=44 acquire_us=1437 submit_us=5665 skipped=0 gpu_q=1 gpu_total_us=4880 gpu_prepass_us=0 gpu_main_us=4880 gpu_composite_us=0 gpu_blit_us=0
frust_shell_common::perf: frust-perf raw n=2379 total_us=9203 rebuild_us=66 layout_us=1472 paint_us=195 encode_us=47 acquire_us=1674 submit_us=5748 skipped=0 gpu_q=1 gpu_total_us=4867 gpu_prepass_us=0 gpu_main_us=4867 gpu_composite_us=0 gpu_blit_us=0
frust_shell_common::perf: frust-perf raw n=2380 total_us=9400 rebuild_us=60 layout_us=1483 paint_us=190 encode_us=43 acquire_us=2066 submit_us=5556 skipped=0 gpu_q=1 gpu_total_us=4754 gpu_prepass_us=0 gpu_main_us=4754 gpu_composite_us=0 gpu_blit_us=0
frust_shell_common::perf: frust-perf raw n=2381 total_us=8693 rebuild_us=57 layout_us=1461 paint_us=310 encode_us=55 acquire_us=1220 submit_us=5587 skipped=0 gpu_q=1 gpu_total_us=5053 gpu_prepass_us=0 gpu_main_us=5053 gpu_composite_us=0 gpu_blit_us=0
frust_shell_common::perf: frust-perf raw n=2382 total_us=9274 rebuild_us=68 layout_us=1473 paint_us=215 encode_us=47 acquire_us=1901 submit_us=5566 skipped=0 gpu_q=1 gpu_total_us=4974 gpu_prepass_us=0 gpu_main_us=4974 gpu_composite_us=0 gpu_blit_us=0
frust_shell_common::perf: frust-perf raw n=2383 total_us=11315 rebuild_us=185 layout_us=5021 paint_us=481 encode_us=42 acquire_us=68 submit_us=5516 skipped=0 gpu_q=1 gpu_total_us=4871 gpu_prepass_us=0 gpu_main_us=4871 gpu_composite_us=0 gpu_blit_us=0
frust_shell_common::perf: frust-perf raw n=2384 total_us=10746 rebuild_us=128 layout_us=4455 paint_us=508 encode_us=48 acquire_us=64 submit_us=5540 skipped=0 gpu_q=1 gpu_total_us=4793 gpu_prepass_us=0 gpu_main_us=4793 gpu_composite_us=0 gpu_blit_us=0
frust_shell_common::perf: frust-perf raw n=2385 total_us=6949 rebuild_us=62 layout_us=1460 paint_us=205 encode_us=36 acquire_us=63 submit_us=5120 skipped=0 gpu_q=1 gpu_total_us=4859 gpu_prepass_us=0 gpu_main_us=4859 gpu_composite_us=0 gpu_blit_us=0
frust_shell_common::perf: frust-perf raw n=2386 total_us=7189 rebuild_us=65 layout_us=1243 paint_us=153 encode_us=34 acquire_us=1443 submit_us=4247 skipped=0 gpu_q=1 gpu_total_us=4957 gpu_prepass_us=0 gpu_main_us=4957 gpu_composite_us=0 gpu_blit_us=0
frust_shell_android::app::frame: frust-perf platform-view tail depth=0 target=0 acquire_bound=false frame=2400 expected_present_us=0 acquire_us=887 period_us=8260
frust_shell_common::perf: frust-perf raw n=2387 total_us=9226 rebuild_us=59 layout_us=1586 paint_us=191 encode_us=45 acquire_us=1473 submit_us=5869 skipped=0 gpu_q=1 gpu_total_us=5096 gpu_prepass_us=0 gpu_main_us=5096 gpu_composite_us=0 gpu_blit_us=0
frust_shell_common::perf: frust-perf raw n=2388 total_us=10215 rebuild_us=86 layout_us=1785 paint_us=232 encode_us=50 acquire_us=1284 submit_us=6776 skipped=0 gpu_q=1 gpu_total_us=4819 gpu_prepass_us=0 gpu_main_us=4819 gpu_composite_us=0 gpu_blit_us=0
frust_shell_common::perf: frust-perf raw n=2389 total_us=9282 rebuild_us=62 layout_us=1756 paint_us=250 encode_us=46 acquire_us=783 submit_us=6382 skipped=0 gpu_q=1 gpu_total_us=4834 gpu_prepass_us=0 gpu_main_us=4834 gpu_composite_us=0 gpu_blit_us=0
frust_shell_common::perf: frust-perf raw n=2390 total_us=8083 rebuild_us=49 layout_us=1023 paint_us=157 encode_us=42 acquire_us=2291 submit_us=4518 skipped=0 gpu_q=1 gpu_total_us=4897 gpu_prepass_us=0 gpu_main_us=4897 gpu_composite_us=0 gpu_blit_us=0
frust_shell_common::perf: frust-perf raw n=2391 total_us=7999 rebuild_us=56 layout_us=1129 paint_us=152 encode_us=31 acquire_us=1997 submit_us=4632 skipped=0 gpu_q=1 gpu_total_us=4783 gpu_prepass_us=0 gpu_main_us=4783 gpu_composite_us=0 gpu_blit_us=0
frust_shell_common::perf: frust-perf raw n=2392 total_us=8932 rebuild_us=62 layout_us=1454 paint_us=187 encode_us=43 acquire_us=1207 submit_us=5976 skipped=0 gpu_q=1 gpu_total_us=4767 gpu_prepass_us=0 gpu_main_us=4767 gpu_composite_us=0 gpu_blit_us=0
frust_shell_common::perf: frust-perf raw n=2393 total_us=9865 rebuild_us=70 layout_us=1764 paint_us=254 encode_us=48 acquire_us=1031 submit_us=6696 skipped=0 gpu_q=1 gpu_total_us=4821 gpu_prepass_us=0 gpu_main_us=4821 gpu_composite_us=0 gpu_blit_us=0
frust_shell_common::perf: frust-perf raw n=2394 total_us=9611 rebuild_us=57 layout_us=1645 paint_us=232 encode_us=46 acquire_us=1282 submit_us=6346 skipped=0 gpu_q=1 gpu_total_us=4884 gpu_prepass_us=0 gpu_main_us=4884 gpu_composite_us=0 gpu_blit_us=0
frust_shell_common::perf: frust-perf raw n=2395 total_us=9852 rebuild_us=57 layout_us=1590 paint_us=210 encode_us=73 acquire_us=1805 submit_us=6116 skipped=0 gpu_q=1 gpu_total_us=4887 gpu_prepass_us=0 gpu_main_us=4887 gpu_composite_us=0 gpu_blit_us=0
frust_shell_common::perf: frust-perf raw n=2396 total_us=9325 rebuild_us=56 layout_us=1587 paint_us=248 encode_us=45 acquire_us=1511 submit_us=5874 skipped=0 gpu_q=1 gpu_total_us=4749 gpu_prepass_us=0 gpu_main_us=4749 gpu_composite_us=0 gpu_blit_us=0
frust_shell_common::perf: frust-perf raw n=2397 total_us=7225 rebuild_us=52 layout_us=1514 paint_us=208 encode_us=52 acquire_us=72 submit_us=5323 skipped=0 gpu_q=1 gpu_total_us=4819 gpu_prepass_us=0 gpu_main_us=4819 gpu_composite_us=0 gpu_blit_us=0
frust_shell_common::perf: frust-perf raw n=2398 total_us=10458 rebuild_us=142 layout_us=4350 paint_us=561 encode_us=92 acquire_us=64 submit_us=5245 skipped=0 gpu_q=1 gpu_total_us=4950 gpu_prepass_us=0 gpu_main_us=4950 gpu_composite_us=0 gpu_blit_us=0
frust_shell_common::perf: frust-perf raw n=2399 total_us=9832 rebuild_us=104 layout_us=3770 paint_us=406 encode_us=42 acquire_us=62 submit_us=5446 skipped=0 gpu_q=1 gpu_total_us=4897 gpu_prepass_us=0 gpu_main_us=4897 gpu_composite_us=0 gpu_blit_us=0
frust_engine::renderer: frust-perf enc n=2400 w=60 validate_us=14.0 prepare_us=3.0 classify_us=43.2 admit_us=0.2 walk_us=2623.7 glyphs_us=2144.9 finish_us=2.1 compile_us=2687.5 schedule_us=4.0 paints_us=128.3 instances_us=193.3 resize_us=10.5 upload_us=269.1 replay_us=0.3 pipelines_us=16.1 record_us=27.5 total_us=3344.7 total_p95_us=4086.2 draws=829 strips=12465 alphas=304000 glyph_draws=797 atlas_glyphs=797
frust_shell_common::perf: frust-perf raw n=2400 total_us=7313 rebuild_us=59 layout_us=1451 paint_us=188 encode_us=38 acquire_us=441 submit_us=5134 skipped=0 gpu_q=1 gpu_total_us=5300 gpu_prepass_us=0 gpu_main_us=5300 gpu_composite_us=0 gpu_blit_us=0
frust_shell_common::perf: frust-perf raw n=2401 total_us=5659 rebuild_us=59 layout_us=1105 paint_us=163 encode_us=37 acquire_us=57 submit_us=4235 skipped=0 gpu_q=1 gpu_total_us=4716 gpu_prepass_us=0 gpu_main_us=4716 gpu_composite_us=0 gpu_blit_us=0
frust_shell_common::perf: frust-perf raw n=2402 total_us=10028 rebuild_us=49 layout_us=1101 paint_us=154 encode_us=42 acquire_us=1687 submit_us=6993 skipped=0 gpu_q=1 gpu_total_us=4854 gpu_prepass_us=0 gpu_main_us=4854 gpu_composite_us=0 gpu_blit_us=0
frust_shell_common::perf: frust-perf raw n=2403 total_us=7601 rebuild_us=68 layout_us=2190 paint_us=270 encode_us=53 acquire_us=90 submit_us=4927 skipped=0 gpu_q=1 gpu_total_us=4882 gpu_prepass_us=0 gpu_main_us=4882 gpu_composite_us=0 gpu_blit_us=0
frust_shell_common::perf: frust-perf raw n=2404 total_us=5744 rebuild_us=52 layout_us=1105 paint_us=150 encode_us=38 acquire_us=59 submit_us=4338 skipped=0 gpu_q=1 gpu_total_us=4744 gpu_prepass_us=0 gpu_main_us=4744 gpu_composite_us=0 gpu_blit_us=0
frust_shell_common::perf: frust-perf raw n=2405 total_us=10716 rebuild_us=48 layout_us=1055 paint_us=151 encode_us=34 acquire_us=1662 submit_us=7763 skipped=0 gpu_q=1 gpu_total_us=4792 gpu_prepass_us=0 gpu_main_us=4792 gpu_composite_us=0 gpu_blit_us=0
frust_shell_common::perf: frust-perf raw n=2406 total_us=6398 rebuild_us=62 layout_us=1923 paint_us=281 encode_us=50 acquire_us=244 submit_us=3835 skipped=0 gpu_q=1 gpu_total_us=4884 gpu_prepass_us=0 gpu_main_us=4884 gpu_composite_us=0 gpu_blit_us=0
frust_shell_common::perf: frust-perf raw n=2407 total_us=10414 rebuild_us=54 layout_us=1144 paint_us=156 encode_us=39 acquire_us=2344 submit_us=6675 skipped=0 gpu_q=1 gpu_total_us=4889 gpu_prepass_us=0 gpu_main_us=4889 gpu_composite_us=0 gpu_blit_us=0
frust_shell_common::perf: frust-perf raw n=2408 total_us=7578 rebuild_us=58 layout_us=1582 paint_us=213 encode_us=39 acquire_us=255 submit_us=5429 skipped=0 gpu_q=1 gpu_total_us=4776 gpu_prepass_us=0 gpu_main_us=4776 gpu_composite_us=0 gpu_blit_us=0
frust_shell_common::perf: frust-perf raw n=2409 total_us=9348 rebuild_us=59 layout_us=1453 paint_us=195 encode_us=42 acquire_us=1964 submit_us=5633 skipped=0 gpu_q=1 gpu_total_us=4761 gpu_prepass_us=0 gpu_main_us=4761 gpu_composite_us=0 gpu_blit_us=0
frust_shell_common::perf: frust-perf raw n=2410 total_us=8422 rebuild_us=55 layout_us=1478 paint_us=207 encode_us=54 acquire_us=1062 submit_us=5564 skipped=0 gpu_q=1 gpu_total_us=4864 gpu_prepass_us=0 gpu_main_us=4864 gpu_composite_us=0 gpu_blit_us=0
frust_shell_common::perf: frust-perf raw n=2411 total_us=8811 rebuild_us=59 layout_us=1370 paint_us=198 encode_us=45 acquire_us=1541 submit_us=5595 skipped=0 gpu_q=1 gpu_total_us=4927 gpu_prepass_us=0 gpu_main_us=4927 gpu_composite_us=0 gpu_blit_us=0
frust_shell_common::perf: frust-perf raw n=2412 total_us=8566 rebuild_us=65 layout_us=1594 paint_us=194 encode_us=43 acquire_us=1067 submit_us=5601 skipped=0 gpu_q=1 gpu_total_us=4781 gpu_prepass_us=0 gpu_main_us=4781 gpu_composite_us=0 gpu_blit_us=0
frust_shell_common::perf: frust-perf raw n=2413 total_us=11351 rebuild_us=135 layout_us=5216 paint_us=462 encode_us=41 acquire_us=65 submit_us=5429 skipped=0 gpu_q=1 gpu_total_us=4873 gpu_prepass_us=0 gpu_main_us=4873 gpu_composite_us=0 gpu_blit_us=0
frust_shell_common::perf: frust-perf raw n=2414 total_us=9896 rebuild_us=117 layout_us=3938 paint_us=430 encode_us=39 acquire_us=67 submit_us=5303 skipped=0 gpu_q=1 gpu_total_us=4875 gpu_prepass_us=0 gpu_main_us=4875 gpu_composite_us=0 gpu_blit_us=0
frust_shell_common::perf: frust-perf raw n=2415 total_us=9362 rebuild_us=123 layout_us=3698 paint_us=377 encode_us=39 acquire_us=62 submit_us=5062 skipped=0 gpu_q=1 gpu_total_us=4906 gpu_prepass_us=0 gpu_main_us=4906 gpu_composite_us=0 gpu_blit_us=0
frust_shell_common::perf: frust-perf raw n=2416 total_us=7760 rebuild_us=56 layout_us=1452 paint_us=187 encode_us=36 acquire_us=708 submit_us=5318 skipped=0 gpu_q=1 gpu_total_us=4825 gpu_prepass_us=0 gpu_main_us=4825 gpu_composite_us=0 gpu_blit_us=0
frust_shell_common::perf: frust-perf raw n=2417 total_us=8739 rebuild_us=65 layout_us=1510 paint_us=176 encode_us=44 acquire_us=1541 submit_us=5401 skipped=0 gpu_q=1 gpu_total_us=5285 gpu_prepass_us=0 gpu_main_us=5285 gpu_composite_us=0 gpu_blit_us=0
frust_shell_common::perf: frust-perf raw n=2418 total_us=9023 rebuild_us=72 layout_us=1533 paint_us=212 encode_us=45 acquire_us=1102 submit_us=6056 skipped=0 gpu_q=1 gpu_total_us=4924 gpu_prepass_us=0 gpu_main_us=4924 gpu_composite_us=0 gpu_blit_us=0
frust_shell_common::perf: frust-perf raw n=2419 total_us=8998 rebuild_us=100 layout_us=1617 paint_us=213 encode_us=44 acquire_us=849 submit_us=6174 skipped=0 gpu_q=1 gpu_total_us=4929 gpu_prepass_us=0 gpu_main_us=4929 gpu_composite_us=0 gpu_blit_us=0
frust_shell_common::perf: frust-perf raw n=2420 total_us=9541 rebuild_us=74 layout_us=1642 paint_us=214 encode_us=44 acquire_us=1263 submit_us=6302 skipped=0 gpu_q=1 gpu_total_us=4748 gpu_prepass_us=0 gpu_main_us=4748 gpu_composite_us=0 gpu_blit_us=0
frust_shell_common::perf: frust-perf raw n=2421 total_us=9676 rebuild_us=62 layout_us=1589 paint_us=225 encode_us=46 acquire_us=1437 submit_us=6315 skipped=0 gpu_q=1 gpu_total_us=4796 gpu_prepass_us=0 gpu_main_us=4796 gpu_composite_us=0 gpu_blit_us=0
frust_shell_common::perf: frust-perf raw n=2422 total_us=9431 rebuild_us=58 layout_us=1491 paint_us=217 encode_us=43 acquire_us=1608 submit_us=6013 skipped=0 gpu_q=1 gpu_total_us=4955 gpu_prepass_us=0 gpu_main_us=4955 gpu_composite_us=0 gpu_blit_us=0
frust_shell_common::perf: frust-perf raw n=2423 total_us=8923 rebuild_us=60 layout_us=1630 paint_us=214 encode_us=47 acquire_us=1430 submit_us=5539 skipped=0 gpu_q=1 gpu_total_us=4872 gpu_prepass_us=0 gpu_main_us=4872 gpu_composite_us=0 gpu_blit_us=0
frust_shell_common::perf: frust-perf raw n=2424 total_us=7455 rebuild_us=52 layout_us=977 paint_us=132 encode_us=43 acquire_us=2246 submit_us=4003 skipped=0 gpu_q=1 gpu_total_us=4762 gpu_prepass_us=0 gpu_main_us=4762 gpu_composite_us=0 gpu_blit_us=0
frust_shell_common::perf: frust-perf raw n=2425 total_us=7007 rebuild_us=57 layout_us=1013 paint_us=134 encode_us=35 acquire_us=1767 submit_us=3999 skipped=0 gpu_q=1 gpu_total_us=4817 gpu_prepass_us=0 gpu_main_us=4817 gpu_composite_us=0 gpu_blit_us=0
frust_shell_common::perf: frust-perf raw n=2426 total_us=8023 rebuild_us=54 layout_us=1039 paint_us=151 encode_us=38 acquire_us=1942 submit_us=4797 skipped=0 gpu_q=1 gpu_total_us=4972 gpu_prepass_us=0 gpu_main_us=4972 gpu_composite_us=0 gpu_blit_us=0
frust_shell_common::perf: frust-perf raw n=2427 total_us=9358 rebuild_us=61 layout_us=1541 paint_us=213 encode_us=46 acquire_us=1062 submit_us=6433 skipped=0 gpu_q=1 gpu_total_us=4865 gpu_prepass_us=0 gpu_main_us=4865 gpu_composite_us=0 gpu_blit_us=0
frust_shell_common::perf: frust-perf raw n=2428 total_us=9469 rebuild_us=80 layout_us=1860 paint_us=235 encode_us=49 acquire_us=746 submit_us=6496 skipped=0 gpu_q=1 gpu_total_us=4747 gpu_prepass_us=0 gpu_main_us=4747 gpu_composite_us=0 gpu_blit_us=0
frust_shell_common::perf: frust-perf raw n=2429 total_us=13777 rebuild_us=154 layout_us=5549 paint_us=346 encode_us=72 acquire_us=85 submit_us=7568 skipped=0 gpu_q=1 gpu_total_us=4794 gpu_prepass_us=0 gpu_main_us=4794 gpu_composite_us=0 gpu_blit_us=0
frust_shell_common::perf: frust-perf raw n=2430 total_us=10367 rebuild_us=94 layout_us=3309 paint_us=378 encode_us=47 acquire_us=70 submit_us=6466 skipped=0 gpu_q=1 gpu_total_us=4797 gpu_prepass_us=0 gpu_main_us=4797 gpu_composite_us=0 gpu_blit_us=0
frust_shell_common::perf: frust-perf raw n=2431 total_us=5537 rebuild_us=68 layout_us=1658 paint_us=245 encode_us=46 acquire_us=60 submit_us=3458 skipped=0 gpu_q=1 gpu_total_us=4939 gpu_prepass_us=0 gpu_main_us=4939 gpu_composite_us=0 gpu_blit_us=0
frust_shell_common::perf: frust-perf raw n=2432 total_us=8732 rebuild_us=59 layout_us=1246 paint_us=161 encode_us=32 acquire_us=1691 submit_us=5541 skipped=0 gpu_q=1 gpu_total_us=4802 gpu_prepass_us=0 gpu_main_us=4802 gpu_composite_us=0 gpu_blit_us=0
frust_shell_common::perf: frust-perf raw n=2433 total_us=8021 rebuild_us=62 layout_us=1323 paint_us=175 encode_us=46 acquire_us=1116 submit_us=5297 skipped=0 gpu_q=1 gpu_total_us=4804 gpu_prepass_us=0 gpu_main_us=4804 gpu_composite_us=0 gpu_blit_us=0
frust_shell_common::perf: frust-perf raw n=2434 total_us=10540 rebuild_us=56 layout_us=1328 paint_us=210 encode_us=44 acquire_us=2253 submit_us=6647 skipped=0 gpu_q=1 gpu_total_us=4913 gpu_prepass_us=0 gpu_main_us=4913 gpu_composite_us=0 gpu_blit_us=0
frust_shell_common::perf: frust-perf raw n=2435 total_us=6800 rebuild_us=57 layout_us=1647 paint_us=237 encode_us=41 acquire_us=348 submit_us=4468 skipped=0 gpu_q=1 gpu_total_us=4908 gpu_prepass_us=0 gpu_main_us=4908 gpu_composite_us=0 gpu_blit_us=0
frust_shell_common::perf: frust-perf raw n=2436 total_us=9607 rebuild_us=55 layout_us=1121 paint_us=153 encode_us=38 acquire_us=2673 submit_us=5564 skipped=0 gpu_q=1 gpu_total_us=4802 gpu_prepass_us=0 gpu_main_us=4802 gpu_composite_us=0 gpu_blit_us=0
frust_shell_common::perf: frust-perf frame n=120 total_p50_ms=9 total_p95_ms=11 total_p99_ms=12 rebuild_p95_ms=0 layout_p95_ms=4 paint_p95_ms=0 encode_p95_ms=0 acquire_p95_ms=2 submit_p95_ms=6 over_60hz=5 over_120hz=1878 skipped=0 total_frames=2436
frust_shell_common::perf: frust-perf raw n=2437 total_us=8975 rebuild_us=54 layout_us=1457 paint_us=192 encode_us=40 acquire_us=1673 submit_us=5556 skipped=0 gpu_q=1 gpu_total_us=4781 gpu_prepass_us=0 gpu_main_us=4781 gpu_composite_us=0 gpu_blit_us=0
frust_shell_common::perf: frust-perf raw n=2438 total_us=8963 rebuild_us=64 layout_us=1473 paint_us=213 encode_us=44 acquire_us=1637 submit_us=5529 skipped=0 gpu_q=1 gpu_total_us=4935 gpu_prepass_us=0 gpu_main_us=4935 gpu_composite_us=0 gpu_blit_us=0
frust_shell_common::perf: frust-perf raw n=2439 total_us=8814 rebuild_us=62 layout_us=1388 paint_us=194 encode_us=43 acquire_us=1615 submit_us=5509 skipped=0 gpu_q=1 gpu_total_us=4815 gpu_prepass_us=0 gpu_main_us=4815 gpu_composite_us=0 gpu_blit_us=0
frust_shell_common::perf: frust-perf raw n=2440 total_us=9124 rebuild_us=60 layout_us=1481 paint_us=192 encode_us=41 acquire_us=1775 submit_us=5571 skipped=0 gpu_q=1 gpu_total_us=4812 gpu_prepass_us=0 gpu_main_us=4812 gpu_composite_us=0 gpu_blit_us=0
frust_shell_common::perf: frust-perf raw n=2441 total_us=8943 rebuild_us=80 layout_us=1465 paint_us=195 encode_us=41 acquire_us=1525 submit_us=5634 skipped=0 gpu_q=1 gpu_total_us=4834 gpu_prepass_us=0 gpu_main_us=4834 gpu_composite_us=0 gpu_blit_us=0
frust_shell_common::perf: frust-perf raw n=2442 total_us=8805 rebuild_us=64 layout_us=1474 paint_us=310 encode_us=50 acquire_us=1294 submit_us=5610 skipped=0 gpu_q=1 gpu_total_us=4889 gpu_prepass_us=0 gpu_main_us=4889 gpu_composite_us=0 gpu_blit_us=0
frust_shell_common::perf: frust-perf raw n=2443 total_us=9025 rebuild_us=65 layout_us=1465 paint_us=211 encode_us=43 acquire_us=1698 submit_us=5540 skipped=0 gpu_q=1 gpu_total_us=4932 gpu_prepass_us=0 gpu_main_us=4932 gpu_composite_us=0 gpu_blit_us=0
frust_shell_common::perf: frust-perf raw n=2444 total_us=11454 rebuild_us=141 layout_us=5250 paint_us=455 encode_us=42 acquire_us=69 submit_us=5494 skipped=0 gpu_q=1 gpu_total_us=4803 gpu_prepass_us=0 gpu_main_us=4803 gpu_composite_us=0 gpu_blit_us=0
frust_shell_common::perf: frust-perf raw n=2445 total_us=8785 rebuild_us=118 layout_us=3486 paint_us=333 encode_us=39 acquire_us=75 submit_us=4732 skipped=0 gpu_q=1 gpu_total_us=4799 gpu_prepass_us=0 gpu_main_us=4799 gpu_composite_us=0 gpu_blit_us=0
frust_shell_common::perf: frust-perf raw n=2446 total_us=8859 rebuild_us=121 layout_us=3482 paint_us=348 encode_us=59 acquire_us=52 submit_us=4795 skipped=0 gpu_q=1 gpu_total_us=4867 gpu_prepass_us=0 gpu_main_us=4867 gpu_composite_us=0 gpu_blit_us=0
frust_shell_common::perf: frust-perf raw n=2447 total_us=6565 rebuild_us=57 layout_us=1363 paint_us=178 encode_us=38 acquire_us=65 submit_us=4861 skipped=0 gpu_q=1 gpu_total_us=4935 gpu_prepass_us=0 gpu_main_us=4935 gpu_composite_us=0 gpu_blit_us=0
frust_shell_common::perf: frust-perf raw n=2448 total_us=8902 rebuild_us=66 layout_us=1515 paint_us=190 encode_us=47 acquire_us=1297 submit_us=5784 skipped=0 gpu_q=1 gpu_total_us=5093 gpu_prepass_us=0 gpu_main_us=5093 gpu_composite_us=0 gpu_blit_us=0
frust_shell_common::perf: frust-perf raw n=2449 total_us=9382 rebuild_us=75 layout_us=1687 paint_us=211 encode_us=47 acquire_us=1092 submit_us=6267 skipped=0 gpu_q=1 gpu_total_us=4804 gpu_prepass_us=0 gpu_main_us=4804 gpu_composite_us=0 gpu_blit_us=0
frust_shell_common::perf: frust-perf raw n=2450 total_us=9423 rebuild_us=67 layout_us=1656 paint_us=251 encode_us=48 acquire_us=1110 submit_us=6287 skipped=0 gpu_q=1 gpu_total_us=4895 gpu_prepass_us=0 gpu_main_us=4895 gpu_composite_us=0 gpu_blit_us=0
frust_shell_common::perf: frust-perf raw n=2451 total_us=9080 rebuild_us=61 layout_us=1539 paint_us=215 encode_us=52 acquire_us=1166 submit_us=6045 skipped=0 gpu_q=1 gpu_total_us=4939 gpu_prepass_us=0 gpu_main_us=4939 gpu_composite_us=0 gpu_blit_us=0
frust_shell_common::perf: frust-perf raw n=2452 total_us=8879 rebuild_us=63 layout_us=1483 paint_us=195 encode_us=47 acquire_us=1377 submit_us=5712 skipped=0 gpu_q=1 gpu_total_us=4761 gpu_prepass_us=0 gpu_main_us=4761 gpu_composite_us=0 gpu_blit_us=0
frust_shell_common::perf: frust-perf raw n=2453 total_us=9141 rebuild_us=60 layout_us=1474 paint_us=195 encode_us=44 acquire_us=1479 submit_us=5886 skipped=0 gpu_q=1 gpu_total_us=4846 gpu_prepass_us=0 gpu_main_us=4846 gpu_composite_us=0 gpu_blit_us=0
frust_shell_common::perf: frust-perf raw n=2454 total_us=8166 rebuild_us=63 layout_us=1619 paint_us=229 encode_us=48 acquire_us=75 submit_us=6129 skipped=0 gpu_q=1 gpu_total_us=4871 gpu_prepass_us=0 gpu_main_us=4871 gpu_composite_us=0 gpu_blit_us=0
frust_shell_common::perf: frust-perf raw n=2455 total_us=9331 rebuild_us=58 layout_us=1372 paint_us=195 encode_us=44 acquire_us=2003 submit_us=5655 skipped=0 gpu_q=1 gpu_total_us=4952 gpu_prepass_us=0 gpu_main_us=4952 gpu_composite_us=0 gpu_blit_us=0
frust_shell_common::perf: frust-perf raw n=2456 total_us=8679 rebuild_us=58 layout_us=1503 paint_us=195 encode_us=48 acquire_us=1198 submit_us=5673 skipped=0 gpu_q=1 gpu_total_us=4792 gpu_prepass_us=0 gpu_main_us=4792 gpu_composite_us=0 gpu_blit_us=0
frust_shell_common::perf: frust-perf raw n=2457 total_us=9264 rebuild_us=58 layout_us=1442 paint_us=230 encode_us=43 acquire_us=1477 submit_us=6012 skipped=0 gpu_q=1 gpu_total_us=4813 gpu_prepass_us=0 gpu_main_us=4813 gpu_composite_us=0 gpu_blit_us=0
frust_shell_common::perf: frust-perf raw n=2458 total_us=9165 rebuild_us=55 layout_us=1685 paint_us=216 encode_us=48 acquire_us=1145 submit_us=6014 skipped=0 gpu_q=1 gpu_total_us=4900 gpu_prepass_us=0 gpu_main_us=4900 gpu_composite_us=0 gpu_blit_us=0
frust_shell_common::perf: frust-perf raw n=2459 total_us=10107 rebuild_us=70 layout_us=1653 paint_us=230 encode_us=51 acquire_us=1516 submit_us=6583 skipped=0 gpu_q=1 gpu_total_us=4946 gpu_prepass_us=0 gpu_main_us=4946 gpu_composite_us=0 gpu_blit_us=0
frust_engine::renderer: frust-perf enc n=2460 w=60 validate_us=13.5 prepare_us=2.9 classify_us=41.6 admit_us=0.2 walk_us=2597.3 glyphs_us=2097.6 finish_us=2.1 compile_us=2655.9 schedule_us=3.8 paints_us=127.9 instances_us=191.6 resize_us=10.9 upload_us=275.7 replay_us=0.3 pipelines_us=15.9 record_us=27.4 total_us=3312.4 total_p95_us=4125.3 draws=829 strips=12433 alphas=303152 glyph_draws=797 atlas_glyphs=797
frust_shell_common::perf: frust-perf raw n=2460 total_us=11046 rebuild_us=115 layout_us=3679 paint_us=369 encode_us=46 acquire_us=79 submit_us=6756 skipped=0 gpu_q=1 gpu_total_us=4792 gpu_prepass_us=0 gpu_main_us=4792 gpu_composite_us=0 gpu_blit_us=0
frust_shell_common::perf: frust-perf raw n=2461 total_us=6412 rebuild_us=61 layout_us=1764 paint_us=236 encode_us=40 acquire_us=71 submit_us=4238 skipped=0 gpu_q=1 gpu_total_us=4835 gpu_prepass_us=0 gpu_main_us=4835 gpu_composite_us=0 gpu_blit_us=0
frust_shell_common::perf: frust-perf raw n=2462 total_us=9388 rebuild_us=53 layout_us=1189 paint_us=152 encode_us=35 acquire_us=1860 submit_us=6096 skipped=0 gpu_q=1 gpu_total_us=4755 gpu_prepass_us=0 gpu_main_us=4755 gpu_composite_us=0 gpu_blit_us=0
frust_shell_common::perf: frust-perf raw n=2463 total_us=8442 rebuild_us=56 layout_us=1573 paint_us=212 encode_us=48 acquire_us=1099 submit_us=5453 skipped=0 gpu_q=1 gpu_total_us=4807 gpu_prepass_us=0 gpu_main_us=4807 gpu_composite_us=0 gpu_blit_us=0
frust_shell_common::perf: frust-perf raw n=2464 total_us=8855 rebuild_us=58 layout_us=1256 paint_us=176 encode_us=46 acquire_us=1600 submit_us=5717 skipped=0 gpu_q=1 gpu_total_us=5163 gpu_prepass_us=0 gpu_main_us=5163 gpu_composite_us=0 gpu_blit_us=0
frust_shell_common::perf: frust-perf raw n=2465 total_us=8774 rebuild_us=62 layout_us=1455 paint_us=194 encode_us=46 acquire_us=1195 submit_us=5820 skipped=0 gpu_q=1 gpu_total_us=4838 gpu_prepass_us=0 gpu_main_us=4838 gpu_composite_us=0 gpu_blit_us=0
frust_shell_common::perf: frust-perf raw n=2466 total_us=10025 rebuild_us=69 layout_us=1462 paint_us=198 encode_us=47 acquire_us=2104 submit_us=6143 skipped=0 gpu_q=1 gpu_total_us=4876 gpu_prepass_us=0 gpu_main_us=4876 gpu_composite_us=0 gpu_blit_us=0
frust_shell_common::perf: frust-perf raw n=2467 total_us=6115 rebuild_us=64 layout_us=1579 paint_us=230 encode_us=52 acquire_us=334 submit_us=3853 skipped=0 gpu_q=1 gpu_total_us=4913 gpu_prepass_us=0 gpu_main_us=4913 gpu_composite_us=0 gpu_blit_us=0
frust_shell_common::perf: frust-perf raw n=2468 total_us=7677 rebuild_us=63 layout_us=1051 paint_us=163 encode_us=36 acquire_us=487 submit_us=5875 skipped=0 gpu_q=1 gpu_total_us=4806 gpu_prepass_us=0 gpu_main_us=4806 gpu_composite_us=0 gpu_blit_us=0
frust_shell_common::perf: frust-perf raw n=2469 total_us=8270 rebuild_us=73 layout_us=1466 paint_us=195 encode_us=43 acquire_us=431 submit_us=6061 skipped=0 gpu_q=1 gpu_total_us=4838 gpu_prepass_us=0 gpu_main_us=4838 gpu_composite_us=0 gpu_blit_us=0
frust_shell_common::perf: frust-perf raw n=2470 total_us=7784 rebuild_us=68 layout_us=1602 paint_us=212 encode_us=43 acquire_us=101 submit_us=5756 skipped=0 gpu_q=1 gpu_total_us=4881 gpu_prepass_us=0 gpu_main_us=4881 gpu_composite_us=0 gpu_blit_us=0
frust_shell_common::perf: frust-perf raw n=2471 total_us=8043 rebuild_us=67 layout_us=1599 paint_us=228 encode_us=49 acquire_us=134 submit_us=5963 skipped=0 gpu_q=1 gpu_total_us=4872 gpu_prepass_us=0 gpu_main_us=4872 gpu_composite_us=0 gpu_blit_us=0
frust_shell_common::perf: frust-perf raw n=2472 total_us=6346 rebuild_us=67 layout_us=1511 paint_us=281 encode_us=45 acquire_us=301 submit_us=4137 skipped=0 gpu_q=1 gpu_total_us=4794 gpu_prepass_us=0 gpu_main_us=4794 gpu_composite_us=0 gpu_blit_us=0
frust_shell_common::perf: frust-perf raw n=2473 total_us=7228 rebuild_us=52 layout_us=1100 paint_us=148 encode_us=35 acquire_us=415 submit_us=5475 skipped=0 gpu_q=1 gpu_total_us=4822 gpu_prepass_us=0 gpu_main_us=4822 gpu_composite_us=0 gpu_blit_us=0
frust_shell_common::perf: frust-perf raw n=2474 total_us=10137 rebuild_us=131 layout_us=3595 paint_us=319 encode_us=42 acquire_us=70 submit_us=5977 skipped=0 gpu_q=1 gpu_total_us=4817 gpu_prepass_us=0 gpu_main_us=4817 gpu_composite_us=0 gpu_blit_us=0
frust_shell_common::perf: frust-perf raw n=2475 total_us=9993 rebuild_us=120 layout_us=3383 paint_us=373 encode_us=40 acquire_us=70 submit_us=6004 skipped=0 gpu_q=1 gpu_total_us=4831 gpu_prepass_us=0 gpu_main_us=4831 gpu_composite_us=0 gpu_blit_us=0
frust_shell_common::perf: frust-perf raw n=2476 total_us=7659 rebuild_us=68 layout_us=1597 paint_us=222 encode_us=36 acquire_us=65 submit_us=5669 skipped=0 gpu_q=1 gpu_total_us=4801 gpu_prepass_us=0 gpu_main_us=4801 gpu_composite_us=0 gpu_blit_us=0
frust_shell_common::perf: frust-perf raw n=2477 total_us=7183 rebuild_us=80 layout_us=1560 paint_us=202 encode_us=41 acquire_us=323 submit_us=4975 skipped=0 gpu_q=1 gpu_total_us=4834 gpu_prepass_us=0 gpu_main_us=4834 gpu_composite_us=0 gpu_blit_us=0
frust_shell_common::perf: frust-perf raw n=2478 total_us=7267 rebuild_us=62 layout_us=1531 paint_us=195 encode_us=42 acquire_us=63 submit_us=5371 skipped=0 gpu_q=1 gpu_total_us=4751 gpu_prepass_us=0 gpu_main_us=4751 gpu_composite_us=0 gpu_blit_us=0
frust_shell_common::perf: frust-perf raw n=2479 total_us=7998 rebuild_us=68 layout_us=1629 paint_us=224 encode_us=47 acquire_us=67 submit_us=5961 skipped=0 gpu_q=1 gpu_total_us=4839 gpu_prepass_us=0 gpu_main_us=4839 gpu_composite_us=0 gpu_blit_us=0
frust_shell_common::perf: frust-perf raw n=2480 total_us=7704 rebuild_us=62 layout_us=1514 paint_us=209 encode_us=50 acquire_us=68 submit_us=5799 skipped=0 gpu_q=1 gpu_total_us=4826 gpu_prepass_us=0 gpu_main_us=4826 gpu_composite_us=0 gpu_blit_us=0
frust_shell_common::perf: frust-perf raw n=2481 total_us=8245 rebuild_us=62 layout_us=1541 paint_us=205 encode_us=40 acquire_us=421 submit_us=5975 skipped=0 gpu_q=1 gpu_total_us=4844 gpu_prepass_us=0 gpu_main_us=4844 gpu_composite_us=0 gpu_blit_us=0
frust_shell_common::perf: frust-perf raw n=2482 total_us=8754 rebuild_us=67 layout_us=1764 paint_us=233 encode_us=43 acquire_us=72 submit_us=6573 skipped=0 gpu_q=1 gpu_total_us=4833 gpu_prepass_us=0 gpu_main_us=4833 gpu_composite_us=0 gpu_blit_us=0
frust_shell_common::perf: frust-perf raw n=2483 total_us=8689 rebuild_us=70 layout_us=1771 paint_us=253 encode_us=49 acquire_us=71 submit_us=6472 skipped=0 gpu_q=1 gpu_total_us=4878 gpu_prepass_us=0 gpu_main_us=4878 gpu_composite_us=0 gpu_blit_us=0
frust_shell_common::perf: frust-perf raw n=2484 total_us=6721 rebuild_us=71 layout_us=1507 paint_us=220 encode_us=42 acquire_us=268 submit_us=4611 skipped=0 gpu_q=1 gpu_total_us=4831 gpu_prepass_us=0 gpu_main_us=4831 gpu_composite_us=0 gpu_blit_us=0
frust_shell_common::perf: frust-perf raw n=2485 total_us=6643 rebuild_us=53 layout_us=1039 paint_us=138 encode_us=33 acquire_us=661 submit_us=4716 skipped=0 gpu_q=1 gpu_total_us=4811 gpu_prepass_us=0 gpu_main_us=4811 gpu_composite_us=0 gpu_blit_us=0
frust_shell_common::perf: frust-perf raw n=2486 total_us=7581 rebuild_us=66 layout_us=1442 paint_us=189 encode_us=40 acquire_us=151 submit_us=5690 skipped=0 gpu_q=1 gpu_total_us=4840 gpu_prepass_us=0 gpu_main_us=4840 gpu_composite_us=0 gpu_blit_us=0
frust_shell_common::perf: frust-perf raw n=2487 total_us=9065 rebuild_us=79 layout_us=1808 paint_us=259 encode_us=53 acquire_us=72 submit_us=6792 skipped=0 gpu_q=1 gpu_total_us=4837 gpu_prepass_us=0 gpu_main_us=4837 gpu_composite_us=0 gpu_blit_us=0
frust_shell_common::perf: frust-perf raw n=2488 total_us=8383 rebuild_us=72 layout_us=1744 paint_us=237 encode_us=48 acquire_us=72 submit_us=6206 skipped=0 gpu_q=1 gpu_total_us=4824 gpu_prepass_us=0 gpu_main_us=4824 gpu_composite_us=0 gpu_blit_us=0
frust_shell_common::perf: frust-perf raw n=2489 total_us=11166 rebuild_us=122 layout_us=3650 paint_us=362 encode_us=41 acquire_us=65 submit_us=6922 skipped=0 gpu_q=1 gpu_total_us=4794 gpu_prepass_us=0 gpu_main_us=4794 gpu_composite_us=0 gpu_blit_us=0
frust_shell_common::perf: frust-perf raw n=2490 total_us=6308 rebuild_us=71 layout_us=1741 paint_us=241 encode_us=42 acquire_us=66 submit_us=4143 skipped=0 gpu_q=1 gpu_total_us=4855 gpu_prepass_us=0 gpu_main_us=4855 gpu_composite_us=0 gpu_blit_us=0
frust_shell_common::perf: frust-perf raw n=2491 total_us=7615 rebuild_us=58 layout_us=1156 paint_us=152 encode_us=31 acquire_us=370 submit_us=5846 skipped=0 gpu_q=1 gpu_total_us=4864 gpu_prepass_us=0 gpu_main_us=4864 gpu_composite_us=0 gpu_blit_us=0
frust_shell_common::perf: frust-perf raw n=2492 total_us=6479 rebuild_us=54 layout_us=1278 paint_us=174 encode_us=45 acquire_us=62 submit_us=4865 skipped=0 gpu_q=1 gpu_total_us=4836 gpu_prepass_us=0 gpu_main_us=4836 gpu_composite_us=0 gpu_blit_us=0
frust_shell_common::perf: frust-perf raw n=2493 total_us=7001 rebuild_us=58 layout_us=1342 paint_us=178 encode_us=43 acquire_us=65 submit_us=5313 skipped=0 gpu_q=1 gpu_total_us=4779 gpu_prepass_us=0 gpu_main_us=4779 gpu_composite_us=0 gpu_blit_us=0
frust_shell_common::perf: frust-perf raw n=2494 total_us=8367 rebuild_us=66 layout_us=1574 paint_us=207 encode_us=42 acquire_us=68 submit_us=6407 skipped=0 gpu_q=1 gpu_total_us=4768 gpu_prepass_us=0 gpu_main_us=4768 gpu_composite_us=0 gpu_blit_us=0
frust_shell_common::perf: frust-perf raw n=2495 total_us=8790 rebuild_us=68 layout_us=1773 paint_us=234 encode_us=50 acquire_us=76 submit_us=6586 skipped=0 gpu_q=1 gpu_total_us=4829 gpu_prepass_us=0 gpu_main_us=4829 gpu_composite_us=0 gpu_blit_us=0
frust_shell_common::perf: frust-perf raw n=2496 total_us=8196 rebuild_us=76 layout_us=1757 paint_us=255 encode_us=49 acquire_us=76 submit_us=5980 skipped=0 gpu_q=1 gpu_total_us=4797 gpu_prepass_us=0 gpu_main_us=4797 gpu_composite_us=0 gpu_blit_us=0
frust_shell_common::perf: frust-perf raw n=2497 total_us=7757 rebuild_us=66 layout_us=1483 paint_us=210 encode_us=39 acquire_us=68 submit_us=5887 skipped=0 gpu_q=1 gpu_total_us=4828 gpu_prepass_us=0 gpu_main_us=4828 gpu_composite_us=0 gpu_blit_us=0
frust_shell_common::perf: frust-perf raw n=2498 total_us=9969 rebuild_us=64 layout_us=1592 paint_us=206 encode_us=43 acquire_us=1354 submit_us=6708 skipped=0 gpu_q=1 gpu_total_us=4859 gpu_prepass_us=0 gpu_main_us=4859 gpu_composite_us=0 gpu_blit_us=0
frust_shell_common::perf: frust-perf raw n=2499 total_us=8981 rebuild_us=64 layout_us=1773 paint_us=235 encode_us=43 acquire_us=938 submit_us=5926 skipped=0 gpu_q=1 gpu_total_us=4812 gpu_prepass_us=0 gpu_main_us=4812 gpu_composite_us=0 gpu_blit_us=0
frust_shell_common::perf: frust-perf raw n=2500 total_us=9933 rebuild_us=72 layout_us=1596 paint_us=230 encode_us=46 acquire_us=2061 submit_us=5925 skipped=0 gpu_q=1 gpu_total_us=4768 gpu_prepass_us=0 gpu_main_us=4768 gpu_composite_us=0 gpu_blit_us=0
frust_shell_common::perf: frust-perf raw n=2501 total_us=8525 rebuild_us=62 layout_us=1479 paint_us=211 encode_us=41 acquire_us=766 submit_us=5964 skipped=0 gpu_q=1 gpu_total_us=4825 gpu_prepass_us=0 gpu_main_us=4825 gpu_composite_us=0 gpu_blit_us=0
frust_shell_common::perf: frust-perf raw n=2502 total_us=9454 rebuild_us=61 layout_us=1596 paint_us=267 encode_us=61 acquire_us=1342 submit_us=6124 skipped=0 gpu_q=1 gpu_total_us=4868 gpu_prepass_us=0 gpu_main_us=4868 gpu_composite_us=0 gpu_blit_us=0
frust_shell_common::perf: frust-perf raw n=2503 total_us=12721 rebuild_us=160 layout_us=5601 paint_us=488 encode_us=56 acquire_us=70 submit_us=6344 skipped=0 gpu_q=1 gpu_total_us=4868 gpu_prepass_us=0 gpu_main_us=4868 gpu_composite_us=0 gpu_blit_us=0
frust_shell_common::perf: frust-perf raw n=2504 total_us=11595 rebuild_us=128 layout_us=4679 paint_us=517 encode_us=50 acquire_us=81 submit_us=6136 skipped=0 gpu_q=1 gpu_total_us=4753 gpu_prepass_us=0 gpu_main_us=4753 gpu_composite_us=0 gpu_blit_us=0
frust_shell_common::perf: frust-perf raw n=2505 total_us=5241 rebuild_us=67 layout_us=1546 paint_us=156 encode_us=32 acquire_us=55 submit_us=3383 skipped=0 gpu_q=1 gpu_total_us=4904 gpu_prepass_us=0 gpu_main_us=4904 gpu_composite_us=0 gpu_blit_us=0
frust_shell_common::perf: frust-perf raw n=2506 total_us=7667 rebuild_us=55 layout_us=1178 paint_us=161 encode_us=39 acquire_us=1505 submit_us=4726 skipped=0 gpu_q=1 gpu_total_us=4895 gpu_prepass_us=0 gpu_main_us=4895 gpu_composite_us=0 gpu_blit_us=0
frust_shell_android::app::frame: frust-perf platform-view tail depth=0 target=0 acquire_bound=false frame=2520 expected_present_us=0 acquire_us=719 period_us=8263
frust_shell_common::perf: frust-perf raw n=2507 total_us=8351 rebuild_us=50 layout_us=1435 paint_us=177 encode_us=41 acquire_us=1619 submit_us=5027 skipped=0 gpu_q=1 gpu_total_us=4784 gpu_prepass_us=0 gpu_main_us=4784 gpu_composite_us=0 gpu_blit_us=0
frust_shell_common::perf: frust-perf raw n=2508 total_us=8527 rebuild_us=54 layout_us=1568 paint_us=211 encode_us=51 acquire_us=1011 submit_us=5630 skipped=0 gpu_q=1 gpu_total_us=4863 gpu_prepass_us=0 gpu_main_us=4863 gpu_composite_us=0 gpu_blit_us=0
frust_shell_common::perf: frust-perf raw n=2509 total_us=9231 rebuild_us=58 layout_us=1559 paint_us=220 encode_us=46 acquire_us=1212 submit_us=6134 skipped=0 gpu_q=1 gpu_total_us=4813 gpu_prepass_us=0 gpu_main_us=4813 gpu_composite_us=0 gpu_blit_us=0
frust_shell_common::perf: frust-perf raw n=2510 total_us=9921 rebuild_us=77 layout_us=1785 paint_us=240 encode_us=50 acquire_us=902 submit_us=6865 skipped=0 gpu_q=1 gpu_total_us=4913 gpu_prepass_us=0 gpu_main_us=4913 gpu_composite_us=0 gpu_blit_us=0
frust_shell_common::perf: frust-perf raw n=2511 total_us=9931 rebuild_us=70 layout_us=1775 paint_us=236 encode_us=48 acquire_us=1099 submit_us=6702 skipped=0 gpu_q=1 gpu_total_us=4811 gpu_prepass_us=0 gpu_main_us=4811 gpu_composite_us=0 gpu_blit_us=0
frust_shell_common::perf: frust-perf raw n=2512 total_us=10014 rebuild_us=65 layout_us=1603 paint_us=229 encode_us=47 acquire_us=1933 submit_us=6135 skipped=0 gpu_q=1 gpu_total_us=4727 gpu_prepass_us=0 gpu_main_us=4727 gpu_composite_us=0 gpu_blit_us=0
frust_shell_common::perf: frust-perf raw n=2513 total_us=9111 rebuild_us=60 layout_us=1493 paint_us=216 encode_us=43 acquire_us=1428 submit_us=5868 skipped=0 gpu_q=1 gpu_total_us=4899 gpu_prepass_us=0 gpu_main_us=4899 gpu_composite_us=0 gpu_blit_us=0
frust_shell_common::perf: frust-perf raw n=2514 total_us=8909 rebuild_us=73 layout_us=1483 paint_us=213 encode_us=42 acquire_us=1454 submit_us=5640 skipped=0 gpu_q=1 gpu_total_us=4883 gpu_prepass_us=0 gpu_main_us=4883 gpu_composite_us=0 gpu_blit_us=0
frust_shell_common::perf: frust-perf raw n=2515 total_us=9198 rebuild_us=64 layout_us=1494 paint_us=195 encode_us=43 acquire_us=1505 submit_us=5894 skipped=0 gpu_q=1 gpu_total_us=5298 gpu_prepass_us=0 gpu_main_us=5298 gpu_composite_us=0 gpu_blit_us=0
frust_shell_common::perf: frust-perf raw n=2516 total_us=9377 rebuild_us=73 layout_us=1637 paint_us=233 encode_us=45 acquire_us=1307 submit_us=6080 skipped=0 gpu_q=1 gpu_total_us=4728 gpu_prepass_us=0 gpu_main_us=4728 gpu_composite_us=0 gpu_blit_us=0
frust_shell_common::perf: frust-perf raw n=2517 total_us=11323 rebuild_us=155 layout_us=4773 paint_us=463 encode_us=42 acquire_us=134 submit_us=5753 skipped=0 gpu_q=1 gpu_total_us=4888 gpu_prepass_us=0 gpu_main_us=4888 gpu_composite_us=0 gpu_blit_us=0
frust_shell_common::perf: frust-perf raw n=2518 total_us=11427 rebuild_us=112 layout_us=4731 paint_us=474 encode_us=103 acquire_us=70 submit_us=5935 skipped=0 gpu_q=1 gpu_total_us=4896 gpu_prepass_us=0 gpu_main_us=4896 gpu_composite_us=0 gpu_blit_us=0
frust_shell_common::perf: frust-perf raw n=2519 total_us=11427 rebuild_us=125 layout_us=4672 paint_us=594 encode_us=46 acquire_us=72 submit_us=5915 skipped=0 gpu_q=1 gpu_total_us=4856 gpu_prepass_us=0 gpu_main_us=4856 gpu_composite_us=0 gpu_blit_us=0
frust_engine::renderer: frust-perf enc n=2520 w=60 validate_us=13.4 prepare_us=2.8 classify_us=44.6 admit_us=0.2 walk_us=2787.7 glyphs_us=2243.4 finish_us=2.0 compile_us=2852.4 schedule_us=3.8 paints_us=134.2 instances_us=203.1 resize_us=9.4 upload_us=261.3 replay_us=0.3 pipelines_us=15.7 record_us=27.8 total_us=3542.6 total_p95_us=4158.3 draws=829 strips=12453 alphas=302784 glyph_draws=797 atlas_glyphs=797
frust_shell_common::perf: frust-perf raw n=2520 total_us=10882 rebuild_us=125 layout_us=3987 paint_us=556 encode_us=40 acquire_us=72 submit_us=6100 skipped=0 gpu_q=1 gpu_total_us=4745 gpu_prepass_us=0 gpu_main_us=4745 gpu_composite_us=0 gpu_blit_us=0
frust_shell_common::perf: frust-perf raw n=2521 total_us=6537 rebuild_us=57 layout_us=1470 paint_us=212 encode_us=46 acquire_us=64 submit_us=4686 skipped=0 gpu_q=1 gpu_total_us=4823 gpu_prepass_us=0 gpu_main_us=4823 gpu_composite_us=0 gpu_blit_us=0
frust_shell_common::perf: frust-perf raw n=2522 total_us=9610 rebuild_us=55 layout_us=1165 paint_us=158 encode_us=38 acquire_us=2325 submit_us=5866 skipped=0 gpu_q=1 gpu_total_us=4961 gpu_prepass_us=0 gpu_main_us=4961 gpu_composite_us=0 gpu_blit_us=0
frust_shell_common::perf: frust-perf raw n=2523 total_us=8553 rebuild_us=57 layout_us=1632 paint_us=211 encode_us=41 acquire_us=825 submit_us=5784 skipped=0 gpu_q=1 gpu_total_us=4912 gpu_prepass_us=0 gpu_main_us=4912 gpu_composite_us=0 gpu_blit_us=0
frust_shell_common::perf: frust-perf raw n=2524 total_us=9494 rebuild_us=58 layout_us=1456 paint_us=195 encode_us=45 acquire_us=1549 submit_us=6188 skipped=0 gpu_q=1 gpu_total_us=4802 gpu_prepass_us=0 gpu_main_us=4802 gpu_composite_us=0 gpu_blit_us=0
frust_shell_common::perf: frust-perf raw n=2525 total_us=8716 rebuild_us=66 layout_us=1604 paint_us=229 encode_us=57 acquire_us=982 submit_us=5775 skipped=0 gpu_q=1 gpu_total_us=4750 gpu_prepass_us=0 gpu_main_us=4750 gpu_composite_us=0 gpu_blit_us=0
frust_shell_common::perf: frust-perf raw n=2526 total_us=9424 rebuild_us=69 layout_us=1371 paint_us=200 encode_us=47 acquire_us=1592 submit_us=6143 skipped=0 gpu_q=1 gpu_total_us=4880 gpu_prepass_us=0 gpu_main_us=4880 gpu_composite_us=0 gpu_blit_us=0
frust_shell_common::perf: frust-perf raw n=2527 total_us=9527 rebuild_us=57 layout_us=1633 paint_us=210 encode_us=42 acquire_us=1485 submit_us=6097 skipped=0 gpu_q=1 gpu_total_us=4913 gpu_prepass_us=0 gpu_main_us=4913 gpu_composite_us=0 gpu_blit_us=0
frust_shell_common::perf: frust-perf raw n=2528 total_us=9451 rebuild_us=59 layout_us=1608 paint_us=215 encode_us=51 acquire_us=1562 submit_us=5954 skipped=0 gpu_q=1 gpu_total_us=4754 gpu_prepass_us=0 gpu_main_us=4754 gpu_composite_us=0 gpu_blit_us=0
frust_shell_common::perf: frust-perf raw n=2529 total_us=9108 rebuild_us=58 layout_us=1605 paint_us=227 encode_us=46 acquire_us=1254 submit_us=5915 skipped=0 gpu_q=1 gpu_total_us=4844 gpu_prepass_us=0 gpu_main_us=4844 gpu_composite_us=0 gpu_blit_us=0
frust_shell_common::perf: frust-perf raw n=2530 total_us=9199 rebuild_us=62 layout_us=1508 paint_us=218 encode_us=46 acquire_us=1372 submit_us=5991 skipped=0 gpu_q=1 gpu_total_us=4909 gpu_prepass_us=0 gpu_main_us=4909 gpu_composite_us=0 gpu_blit_us=0
frust_shell_common::perf: frust-perf raw n=2531 total_us=9395 rebuild_us=75 layout_us=1635 paint_us=220 encode_us=45 acquire_us=1322 submit_us=6096 skipped=0 gpu_q=1 gpu_total_us=4894 gpu_prepass_us=0 gpu_main_us=4894 gpu_composite_us=0 gpu_blit_us=0
frust_shell_common::perf: frust-perf raw n=2532 total_us=9384 rebuild_us=66 layout_us=1631 paint_us=257 encode_us=52 acquire_us=1308 submit_us=6069 skipped=0 gpu_q=1 gpu_total_us=4783 gpu_prepass_us=0 gpu_main_us=4783 gpu_composite_us=0 gpu_blit_us=0
frust_shell_common::perf: frust-perf raw n=2533 total_us=9400 rebuild_us=61 layout_us=1756 paint_us=266 encode_us=49 acquire_us=1239 submit_us=6027 skipped=0 gpu_q=1 gpu_total_us=4809 gpu_prepass_us=0 gpu_main_us=4809 gpu_composite_us=0 gpu_blit_us=0
frust_shell_common::perf: frust-perf raw n=2534 total_us=11498 rebuild_us=213 layout_us=4860 paint_us=443 encode_us=50 acquire_us=72 submit_us=5858 skipped=0 gpu_q=1 gpu_total_us=4918 gpu_prepass_us=0 gpu_main_us=4918 gpu_composite_us=0 gpu_blit_us=0
frust_shell_common::perf: frust-perf raw n=2535 total_us=10864 rebuild_us=119 layout_us=4360 paint_us=449 encode_us=36 acquire_us=70 submit_us=5826 skipped=0 gpu_q=1 gpu_total_us=4935 gpu_prepass_us=0 gpu_main_us=4935 gpu_composite_us=0 gpu_blit_us=0
frust_shell_common::perf: frust-perf raw n=2536 total_us=7022 rebuild_us=63 layout_us=1543 paint_us=192 encode_us=40 acquire_us=61 submit_us=5120 skipped=0 gpu_q=1 gpu_total_us=4737 gpu_prepass_us=0 gpu_main_us=4737 gpu_composite_us=0 gpu_blit_us=0
frust_shell_common::perf: frust-perf raw n=2537 total_us=7405 rebuild_us=59 layout_us=1334 paint_us=167 encode_us=39 acquire_us=1545 submit_us=4258 skipped=0 gpu_q=1 gpu_total_us=4800 gpu_prepass_us=0 gpu_main_us=4800 gpu_composite_us=0 gpu_blit_us=0
frust_shell_common::perf: frust-perf raw n=2538 total_us=8330 rebuild_us=60 layout_us=1399 paint_us=183 encode_us=41 acquire_us=1544 submit_us=5102 skipped=0 gpu_q=1 gpu_total_us=4888 gpu_prepass_us=0 gpu_main_us=4888 gpu_composite_us=0 gpu_blit_us=0
frust_shell_common::perf: frust-perf raw n=2539 total_us=8702 rebuild_us=132 layout_us=1505 paint_us=198 encode_us=43 acquire_us=1036 submit_us=5785 skipped=0 gpu_q=1 gpu_total_us=4926 gpu_prepass_us=0 gpu_main_us=4926 gpu_composite_us=0 gpu_blit_us=0
frust_shell_common::perf: frust-perf raw n=2540 total_us=9205 rebuild_us=67 layout_us=1608 paint_us=208 encode_us=46 acquire_us=855 submit_us=6418 skipped=0 gpu_q=1 gpu_total_us=4703 gpu_prepass_us=0 gpu_main_us=4703 gpu_composite_us=0 gpu_blit_us=0
frust_shell_common::perf: frust-perf raw n=2541 total_us=9591 rebuild_us=64 layout_us=1786 paint_us=254 encode_us=50 acquire_us=694 submit_us=6741 skipped=0 gpu_q=1 gpu_total_us=4716 gpu_prepass_us=0 gpu_main_us=4716 gpu_composite_us=0 gpu_blit_us=0
frust_shell_common::perf: frust-perf raw n=2542 total_us=8934 rebuild_us=58 layout_us=1501 paint_us=215 encode_us=42 acquire_us=1140 submit_us=5975 skipped=0 gpu_q=1 gpu_total_us=4917 gpu_prepass_us=0 gpu_main_us=4917 gpu_composite_us=0 gpu_blit_us=0
frust_shell_common::perf: frust-perf raw n=2543 total_us=9050 rebuild_us=65 layout_us=1493 paint_us=202 encode_us=45 acquire_us=1416 submit_us=5827 skipped=0 gpu_q=1 gpu_total_us=4841 gpu_prepass_us=0 gpu_main_us=4841 gpu_composite_us=0 gpu_blit_us=0
frust_shell_common::perf: frust-perf raw n=2544 total_us=9461 rebuild_us=69 layout_us=1631 paint_us=214 encode_us=47 acquire_us=1319 submit_us=6179 skipped=0 gpu_q=1 gpu_total_us=4725 gpu_prepass_us=0 gpu_main_us=4725 gpu_composite_us=0 gpu_blit_us=0
frust_shell_common::perf: frust-perf raw n=2545 total_us=9479 rebuild_us=56 layout_us=1595 paint_us=227 encode_us=51 acquire_us=1364 submit_us=6183 skipped=0 gpu_q=1 gpu_total_us=4798 gpu_prepass_us=0 gpu_main_us=4798 gpu_composite_us=0 gpu_blit_us=0
frust_shell_common::perf: frust-perf raw n=2546 total_us=9329 rebuild_us=60 layout_us=1624 paint_us=230 encode_us=49 acquire_us=1309 submit_us=6055 skipped=0 gpu_q=1 gpu_total_us=4965 gpu_prepass_us=0 gpu_main_us=4965 gpu_composite_us=0 gpu_blit_us=0
frust_shell_common::perf: frust-perf raw n=2547 total_us=9406 rebuild_us=61 layout_us=1533 paint_us=217 encode_us=47 acquire_us=1453 submit_us=6092 skipped=0 gpu_q=1 gpu_total_us=4858 gpu_prepass_us=0 gpu_main_us=4858 gpu_composite_us=0 gpu_blit_us=0
frust_shell_common::perf: frust-perf raw n=2548 total_us=9706 rebuild_us=57 layout_us=1671 paint_us=218 encode_us=46 acquire_us=1613 submit_us=6098 skipped=0 gpu_q=1 gpu_total_us=4751 gpu_prepass_us=0 gpu_main_us=4751 gpu_composite_us=0 gpu_blit_us=0
frust_shell_common::perf: frust-perf raw n=2549 total_us=12927 rebuild_us=124 layout_us=4828 paint_us=521 encode_us=52 acquire_us=116 submit_us=7284 skipped=0 gpu_q=1 gpu_total_us=4818 gpu_prepass_us=0 gpu_main_us=4818 gpu_composite_us=0 gpu_blit_us=0
frust_shell_common::perf: frust-perf raw n=2550 total_us=8046 rebuild_us=106 layout_us=3910 paint_us=439 encode_us=36 acquire_us=56 submit_us=3495 skipped=0 gpu_q=1 gpu_total_us=4896 gpu_prepass_us=0 gpu_main_us=4896 gpu_composite_us=0 gpu_blit_us=0
frust_shell_common::perf: frust-perf raw n=2551 total_us=6488 rebuild_us=54 layout_us=1034 paint_us=169 encode_us=33 acquire_us=1375 submit_us=3821 skipped=0 gpu_q=1 gpu_total_us=4905 gpu_prepass_us=0 gpu_main_us=4905 gpu_composite_us=0 gpu_blit_us=0
frust_shell_common::perf: frust-perf raw n=2552 total_us=7924 rebuild_us=56 layout_us=924 paint_us=124 encode_us=32 acquire_us=1261 submit_us=5525 skipped=0 gpu_q=1 gpu_total_us=4795 gpu_prepass_us=0 gpu_main_us=4795 gpu_composite_us=0 gpu_blit_us=0
frust_shell_common::perf: frust-perf raw n=2553 total_us=8389 rebuild_us=53 layout_us=1274 paint_us=165 encode_us=34 acquire_us=1509 submit_us=5351 skipped=0 gpu_q=1 gpu_total_us=4769 gpu_prepass_us=0 gpu_main_us=4769 gpu_composite_us=0 gpu_blit_us=0
frust_shell_common::perf: frust-perf raw n=2554 total_us=8964 rebuild_us=69 layout_us=1445 paint_us=212 encode_us=48 acquire_us=1154 submit_us=6034 skipped=0 gpu_q=1 gpu_total_us=4842 gpu_prepass_us=0 gpu_main_us=4842 gpu_composite_us=0 gpu_blit_us=0
frust_shell_common::perf: frust-perf raw n=2555 total_us=7930 rebuild_us=69 layout_us=1494 paint_us=217 encode_us=47 acquire_us=1284 submit_us=4818 skipped=0 gpu_q=1 gpu_total_us=4859 gpu_prepass_us=0 gpu_main_us=4859 gpu_composite_us=0 gpu_blit_us=0
frust_shell_common::perf: frust-perf raw n=2556 total_us=8288 rebuild_us=58 layout_us=1158 paint_us=160 encode_us=39 acquire_us=1708 submit_us=5163 skipped=0 gpu_q=1 gpu_total_us=4845 gpu_prepass_us=113 gpu_main_us=4732 gpu_composite_us=0 gpu_blit_us=0
frust_shell_common::perf: frust-perf raw n=2557 total_us=8521 rebuild_us=59 layout_us=1322 paint_us=177 encode_us=42 acquire_us=1305 submit_us=5613 skipped=0 gpu_q=1 gpu_total_us=4762 gpu_prepass_us=0 gpu_main_us=4762 gpu_composite_us=0 gpu_blit_us=0
frust_shell_common::perf: frust-perf raw n=2558 total_us=8955 rebuild_us=62 layout_us=1436 paint_us=211 encode_us=44 acquire_us=1263 submit_us=5937 skipped=0 gpu_q=1 gpu_total_us=4853 gpu_prepass_us=0 gpu_main_us=4853 gpu_composite_us=0 gpu_blit_us=0
frust_shell_common::perf: frust-perf raw n=2559 total_us=8810 rebuild_us=67 layout_us=1500 paint_us=216 encode_us=42 acquire_us=1072 submit_us=5911 skipped=0 gpu_q=1 gpu_total_us=4831 gpu_prepass_us=0 gpu_main_us=4831 gpu_composite_us=0 gpu_blit_us=0
frust_shell_common::perf: frust-perf raw n=2560 total_us=9641 rebuild_us=69 layout_us=1589 paint_us=213 encode_us=49 acquire_us=1766 submit_us=5952 skipped=0 gpu_q=1 gpu_total_us=4739 gpu_prepass_us=0 gpu_main_us=4739 gpu_composite_us=0 gpu_blit_us=0
frust_shell_common::perf: frust-perf raw n=2561 total_us=9341 rebuild_us=57 layout_us=1576 paint_us=208 encode_us=39 acquire_us=1518 submit_us=5940 skipped=0 gpu_q=1 gpu_total_us=4715 gpu_prepass_us=0 gpu_main_us=4715 gpu_composite_us=0 gpu_blit_us=0
frust_shell_common::perf: frust-perf raw n=2562 total_us=9401 rebuild_us=59 layout_us=1599 paint_us=328 encode_us=46 acquire_us=1481 submit_us=5885 skipped=0 gpu_q=1 gpu_total_us=4807 gpu_prepass_us=0 gpu_main_us=4807 gpu_composite_us=0 gpu_blit_us=0
frust_shell_common::perf: frust-perf raw n=2563 total_us=9347 rebuild_us=58 layout_us=1505 paint_us=252 encode_us=47 acquire_us=1577 submit_us=5905 skipped=0 gpu_q=1 gpu_total_us=4864 gpu_prepass_us=0 gpu_main_us=4864 gpu_composite_us=0 gpu_blit_us=0
frust_shell_common::perf: frust-perf raw n=2564 total_us=11805 rebuild_us=149 layout_us=5254 paint_us=455 encode_us=42 acquire_us=72 submit_us=5830 skipped=0 gpu_q=1 gpu_total_us=4738 gpu_prepass_us=0 gpu_main_us=4738 gpu_composite_us=0 gpu_blit_us=0
frust_shell_common::perf: frust-perf raw n=2565 total_us=10917 rebuild_us=118 layout_us=4355 paint_us=540 encode_us=46 acquire_us=72 submit_us=5784 skipped=0 gpu_q=1 gpu_total_us=4735 gpu_prepass_us=0 gpu_main_us=4735 gpu_composite_us=0 gpu_blit_us=0
frust_shell_common::perf: frust-perf raw n=2566 total_us=11332 rebuild_us=127 layout_us=5050 paint_us=509 encode_us=40 acquire_us=68 submit_us=5535 skipped=0 gpu_q=1 gpu_total_us=4819 gpu_prepass_us=0 gpu_main_us=4819 gpu_composite_us=0 gpu_blit_us=0
frust_shell_common::perf: frust-perf raw n=2567 total_us=10534 rebuild_us=126 layout_us=4127 paint_us=488 encode_us=36 acquire_us=71 submit_us=5684 skipped=0 gpu_q=1 gpu_total_us=4897 gpu_prepass_us=0 gpu_main_us=4897 gpu_composite_us=0 gpu_blit_us=0
frust_shell_common::perf: frust-perf raw n=2568 total_us=9866 rebuild_us=136 layout_us=3859 paint_us=392 encode_us=38 acquire_us=68 submit_us=5370 skipped=0 gpu_q=1 gpu_total_us=4757 gpu_prepass_us=0 gpu_main_us=4757 gpu_composite_us=0 gpu_blit_us=0
frust_shell_common::perf: frust-perf raw n=2569 total_us=9229 rebuild_us=158 layout_us=3206 paint_us=330 encode_us=35 acquire_us=63 submit_us=5434 skipped=0 gpu_q=1 gpu_total_us=4756 gpu_prepass_us=0 gpu_main_us=4756 gpu_composite_us=0 gpu_blit_us=0
frust_shell_common::perf: frust-perf raw n=2570 total_us=7138 rebuild_us=56 layout_us=1470 paint_us=206 encode_us=43 acquire_us=64 submit_us=5296 skipped=0 gpu_q=1 gpu_total_us=4798 gpu_prepass_us=0 gpu_main_us=4798 gpu_composite_us=0 gpu_blit_us=0
frust_shell_common::perf: frust-perf raw n=2571 total_us=7913 rebuild_us=66 layout_us=1240 paint_us=176 encode_us=43 acquire_us=1221 submit_us=5165 skipped=0 gpu_q=1 gpu_total_us=4866 gpu_prepass_us=0 gpu_main_us=4866 gpu_composite_us=0 gpu_blit_us=0
frust_shell_common::perf: frust-perf raw n=2572 total_us=9257 rebuild_us=64 layout_us=1589 paint_us=210 encode_us=42 acquire_us=1280 submit_us=6070 skipped=0 gpu_q=1 gpu_total_us=5164 gpu_prepass_us=0 gpu_main_us=5164 gpu_composite_us=0 gpu_blit_us=0
frust_shell_common::perf: frust-perf raw n=2573 total_us=8706 rebuild_us=56 layout_us=1612 paint_us=213 encode_us=47 acquire_us=725 submit_us=6050 skipped=0 gpu_q=1 gpu_total_us=4779 gpu_prepass_us=0 gpu_main_us=4779 gpu_composite_us=0 gpu_blit_us=0
frust_shell_common::perf: frust-perf raw n=2574 total_us=8956 rebuild_us=59 layout_us=1433 paint_us=217 encode_us=46 acquire_us=1460 submit_us=5738 skipped=0 gpu_q=1 gpu_total_us=4793 gpu_prepass_us=0 gpu_main_us=4793 gpu_composite_us=0 gpu_blit_us=0
frust_shell_common::perf: frust-perf raw n=2575 total_us=8865 rebuild_us=67 layout_us=1507 paint_us=217 encode_us=49 acquire_us=1142 submit_us=5881 skipped=0 gpu_q=1 gpu_total_us=4855 gpu_prepass_us=0 gpu_main_us=4855 gpu_composite_us=0 gpu_blit_us=0
frust_shell_common::perf: frust-perf raw n=2576 total_us=9056 rebuild_us=70 layout_us=1595 paint_us=209 encode_us=43 acquire_us=1222 submit_us=5915 skipped=0 gpu_q=1 gpu_total_us=4755 gpu_prepass_us=0 gpu_main_us=4755 gpu_composite_us=0 gpu_blit_us=0
frust_shell_common::perf: frust-perf raw n=2577 total_us=9486 rebuild_us=63 layout_us=1585 paint_us=211 encode_us=39 acquire_us=1519 submit_us=6066 skipped=0 gpu_q=1 gpu_total_us=4746 gpu_prepass_us=0 gpu_main_us=4746 gpu_composite_us=0 gpu_blit_us=0
frust_shell_common::perf: frust-perf raw n=2578 total_us=9081 rebuild_us=59 layout_us=1597 paint_us=213 encode_us=45 acquire_us=1190 submit_us=5975 skipped=0 gpu_q=1 gpu_total_us=4778 gpu_prepass_us=0 gpu_main_us=4778 gpu_composite_us=0 gpu_blit_us=0
frust_shell_common::perf: frust-perf raw n=2579 total_us=9557 rebuild_us=67 layout_us=1617 paint_us=229 encode_us=40 acquire_us=1458 submit_us=6145 skipped=0 gpu_q=1 gpu_total_us=4851 gpu_prepass_us=0 gpu_main_us=4851 gpu_composite_us=0 gpu_blit_us=0
frust_engine::renderer: frust-perf enc n=2580 w=60 validate_us=14.4 prepare_us=2.9 classify_us=43.9 admit_us=0.2 walk_us=2780.2 glyphs_us=2240.7 finish_us=2.0 compile_us=2843.0 schedule_us=3.9 paints_us=135.4 instances_us=200.9 resize_us=10.4 upload_us=271.4 replay_us=0.3 pipelines_us=16.0 record_us=27.7 total_us=3524.5 total_p95_us=3740.4 draws=811 strips=12099 alphas=297696 glyph_draws=778 atlas_glyphs=778
frust_shell_common::perf: frust-perf raw n=2580 total_us=9530 rebuild_us=58 layout_us=1543 paint_us=216 encode_us=42 acquire_us=1445 submit_us=6224 skipped=0 gpu_q=1 gpu_total_us=4748 gpu_prepass_us=0 gpu_main_us=4748 gpu_composite_us=0 gpu_blit_us=0
frust_shell_common::perf: frust-perf raw n=2581 total_us=9547 rebuild_us=62 layout_us=1664 paint_us=214 encode_us=44 acquire_us=1410 submit_us=6149 skipped=0 gpu_q=1 gpu_total_us=4763 gpu_prepass_us=0 gpu_main_us=4763 gpu_composite_us=0 gpu_blit_us=0
frust_shell_common::perf: frust-perf raw n=2582 total_us=11300 rebuild_us=151 layout_us=4095 paint_us=659 encode_us=46 acquire_us=73 submit_us=6273 skipped=0 gpu_q=1 gpu_total_us=4783 gpu_prepass_us=0 gpu_main_us=4783 gpu_composite_us=0 gpu_blit_us=0
frust_shell_common::perf: frust-perf raw n=2583 total_us=10309 rebuild_us=120 layout_us=4565 paint_us=540 encode_us=41 acquire_us=59 submit_us=4982 skipped=0 gpu_q=1 gpu_total_us=4823 gpu_prepass_us=0 gpu_main_us=4823 gpu_composite_us=0 gpu_blit_us=0
frust_shell_common::perf: frust-perf raw n=2584 total_us=11315 rebuild_us=138 layout_us=4934 paint_us=384 encode_us=40 acquire_us=70 submit_us=5747 skipped=0 gpu_q=1 gpu_total_us=4775 gpu_prepass_us=0 gpu_main_us=4775 gpu_composite_us=0 gpu_blit_us=0
frust_shell_common::perf: frust-perf raw n=2585 total_us=9976 rebuild_us=117 layout_us=3489 paint_us=524 encode_us=36 acquire_us=72 submit_us=5736 skipped=0 gpu_q=1 gpu_total_us=4772 gpu_prepass_us=0 gpu_main_us=4772 gpu_composite_us=0 gpu_blit_us=0
frust_shell_common::perf: frust-perf raw n=2586 total_us=5938 rebuild_us=66 layout_us=1516 paint_us=204 encode_us=36 acquire_us=219 submit_us=3895 skipped=0 gpu_q=1 gpu_total_us=5010 gpu_prepass_us=0 gpu_main_us=5010 gpu_composite_us=0 gpu_blit_us=0
frust_shell_common::perf: frust-perf raw n=2587 total_us=8723 rebuild_us=65 layout_us=1067 paint_us=170 encode_us=37 acquire_us=1890 submit_us=5491 skipped=0 gpu_q=1 gpu_total_us=4787 gpu_prepass_us=0 gpu_main_us=4787 gpu_composite_us=0 gpu_blit_us=0
frust_shell_common::perf: frust-perf raw n=2588 total_us=7959 rebuild_us=55 layout_us=1274 paint_us=183 encode_us=43 acquire_us=1352 submit_us=5050 skipped=0 gpu_q=1 gpu_total_us=4787 gpu_prepass_us=0 gpu_main_us=4787 gpu_composite_us=0 gpu_blit_us=0
frust_shell_common::perf: frust-perf raw n=2589 total_us=8855 rebuild_us=64 layout_us=1324 paint_us=175 encode_us=42 acquire_us=1768 submit_us=5480 skipped=0 gpu_q=1 gpu_total_us=4821 gpu_prepass_us=0 gpu_main_us=4821 gpu_composite_us=0 gpu_blit_us=0
frust_shell_common::perf: frust-perf raw n=2590 total_us=8558 rebuild_us=62 layout_us=1459 paint_us=198 encode_us=45 acquire_us=1297 submit_us=5494 skipped=0 gpu_q=1 gpu_total_us=4649 gpu_prepass_us=0 gpu_main_us=4649 gpu_composite_us=0 gpu_blit_us=0
frust_shell_common::perf: frust-perf raw n=2591 total_us=8992 rebuild_us=62 layout_us=1443 paint_us=215 encode_us=46 acquire_us=1749 submit_us=5474 skipped=0 gpu_q=1 gpu_total_us=4703 gpu_prepass_us=0 gpu_main_us=4703 gpu_composite_us=0 gpu_blit_us=0
frust_shell_common::perf: frust-perf raw n=2592 total_us=8363 rebuild_us=64 layout_us=1380 paint_us=197 encode_us=42 acquire_us=1369 submit_us=5309 skipped=0 gpu_q=1 gpu_total_us=4772 gpu_prepass_us=0 gpu_main_us=4772 gpu_composite_us=0 gpu_blit_us=0
frust_shell_common::perf: frust-perf raw n=2593 total_us=9296 rebuild_us=59 layout_us=1445 paint_us=229 encode_us=39 acquire_us=1613 submit_us=5909 skipped=0 gpu_q=1 gpu_total_us=4797 gpu_prepass_us=0 gpu_main_us=4797 gpu_composite_us=0 gpu_blit_us=0
frust_shell_common::perf: frust-perf raw n=2594 total_us=9624 rebuild_us=59 layout_us=1752 paint_us=249 encode_us=46 acquire_us=1345 submit_us=6170 skipped=0 gpu_q=1 gpu_total_us=4802 gpu_prepass_us=0 gpu_main_us=4802 gpu_composite_us=0 gpu_blit_us=0
frust_shell_common::perf: frust-perf raw n=2595 total_us=9491 rebuild_us=61 layout_us=1669 paint_us=233 encode_us=44 acquire_us=1346 submit_us=6136 skipped=0 gpu_q=1 gpu_total_us=4825 gpu_prepass_us=0 gpu_main_us=4825 gpu_composite_us=0 gpu_blit_us=0
frust_shell_common::perf: frust-perf raw n=2596 total_us=9167 rebuild_us=61 layout_us=1596 paint_us=212 encode_us=53 acquire_us=1269 submit_us=5972 skipped=0 gpu_q=1 gpu_total_us=4765 gpu_prepass_us=0 gpu_main_us=4765 gpu_composite_us=0 gpu_blit_us=0
frust_shell_common::perf: frust-perf raw n=2597 total_us=9145 rebuild_us=69 layout_us=1677 paint_us=217 encode_us=47 acquire_us=1058 submit_us=6075 skipped=0 gpu_q=1 gpu_total_us=4786 gpu_prepass_us=0 gpu_main_us=4786 gpu_composite_us=0 gpu_blit_us=0
frust_shell_common::perf: frust-perf raw n=2598 total_us=9045 rebuild_us=70 layout_us=1734 paint_us=215 encode_us=49 acquire_us=811 submit_us=6163 skipped=0 gpu_q=1 gpu_total_us=4778 gpu_prepass_us=0 gpu_main_us=4778 gpu_composite_us=0 gpu_blit_us=0
frust_shell_common::perf: frust-perf raw n=2599 total_us=11588 rebuild_us=156 layout_us=4904 paint_us=465 encode_us=44 acquire_us=71 submit_us=5946 skipped=0 gpu_q=1 gpu_total_us=4820 gpu_prepass_us=0 gpu_main_us=4820 gpu_composite_us=0 gpu_blit_us=0
frust_shell_common::perf: frust-perf raw n=2600 total_us=8422 rebuild_us=101 layout_us=2994 paint_us=368 encode_us=46 acquire_us=78 submit_us=4832 skipped=0 gpu_q=1 gpu_total_us=4768 gpu_prepass_us=0 gpu_main_us=4768 gpu_composite_us=0 gpu_blit_us=0
frust_shell_common::perf: frust-perf raw n=2601 total_us=7139 rebuild_us=58 layout_us=998 paint_us=162 encode_us=34 acquire_us=1492 submit_us=4392 skipped=0 gpu_q=1 gpu_total_us=4804 gpu_prepass_us=0 gpu_main_us=4804 gpu_composite_us=0 gpu_blit_us=0
frust_shell_common::perf: frust-perf raw n=2602 total_us=7048 rebuild_us=60 layout_us=1129 paint_us=152 encode_us=35 acquire_us=1354 submit_us=4315 skipped=0 gpu_q=1 gpu_total_us=4820 gpu_prepass_us=0 gpu_main_us=4820 gpu_composite_us=0 gpu_blit_us=0
frust_shell_common::perf: frust-perf raw n=2603 total_us=9238 rebuild_us=69 layout_us=1439 paint_us=194 encode_us=42 acquire_us=1507 submit_us=5984 skipped=0 gpu_q=1 gpu_total_us=4665 gpu_prepass_us=0 gpu_main_us=4665 gpu_composite_us=0 gpu_blit_us=0
frust_shell_common::perf: frust-perf raw n=2604 total_us=10988 rebuild_us=69 layout_us=2033 paint_us=295 encode_us=54 acquire_us=923 submit_us=7612 skipped=0 gpu_q=1 gpu_total_us=4804 gpu_prepass_us=0 gpu_main_us=4804 gpu_composite_us=0 gpu_blit_us=0
frust_shell_common::perf: frust-perf raw n=2605 total_us=8541 rebuild_us=66 layout_us=1903 paint_us=273 encode_us=49 acquire_us=85 submit_us=6163 skipped=0 gpu_q=1 gpu_total_us=4730 gpu_prepass_us=0 gpu_main_us=4730 gpu_composite_us=0 gpu_blit_us=0
frust_shell_common::perf: frust-perf raw n=2606 total_us=8479 rebuild_us=49 layout_us=1128 paint_us=196 encode_us=35 acquire_us=2541 submit_us=4526 skipped=0 gpu_q=1 gpu_total_us=4810 gpu_prepass_us=0 gpu_main_us=4810 gpu_composite_us=0 gpu_blit_us=0
frust_shell_common::perf: frust-perf raw n=2607 total_us=8260 rebuild_us=51 layout_us=1202 paint_us=167 encode_us=36 acquire_us=1840 submit_us=4961 skipped=0 gpu_q=1 gpu_total_us=4703 gpu_prepass_us=0 gpu_main_us=4703 gpu_composite_us=0 gpu_blit_us=0
frust_shell_common::perf: frust-perf raw n=2608 total_us=9065 rebuild_us=63 layout_us=1434 paint_us=263 encode_us=45 acquire_us=1377 submit_us=5881 skipped=0 gpu_q=1 gpu_total_us=4735 gpu_prepass_us=0 gpu_main_us=4735 gpu_composite_us=0 gpu_blit_us=0
frust_shell_common::perf: frust-perf raw n=2609 total_us=9203 rebuild_us=71 layout_us=1573 paint_us=223 encode_us=46 acquire_us=1356 submit_us=5932 skipped=0 gpu_q=1 gpu_total_us=4769 gpu_prepass_us=0 gpu_main_us=4769 gpu_composite_us=0 gpu_blit_us=0
frust_shell_common::perf: frust-perf raw n=2610 total_us=9513 rebuild_us=83 layout_us=1665 paint_us=216 encode_us=48 acquire_us=1377 submit_us=6121 skipped=0 gpu_q=1 gpu_total_us=4848 gpu_prepass_us=0 gpu_main_us=4848 gpu_composite_us=0 gpu_blit_us=0
frust_shell_common::perf: frust-perf raw n=2611 total_us=9452 rebuild_us=64 layout_us=1663 paint_us=215 encode_us=44 acquire_us=1257 submit_us=6207 skipped=0 gpu_q=1 gpu_total_us=4773 gpu_prepass_us=0 gpu_main_us=4773 gpu_composite_us=0 gpu_blit_us=0
frust_shell_common::perf: frust-perf raw n=2612 total_us=9369 rebuild_us=61 layout_us=1657 paint_us=229 encode_us=45 acquire_us=1304 submit_us=6070 skipped=0 gpu_q=1 gpu_total_us=4662 gpu_prepass_us=0 gpu_main_us=4662 gpu_composite_us=0 gpu_blit_us=0
frust_shell_common::perf: frust-perf raw n=2613 total_us=8478 rebuild_us=58 layout_us=1534 paint_us=212 encode_us=43 acquire_us=1020 submit_us=5607 skipped=0 gpu_q=1 gpu_total_us=4862 gpu_prepass_us=0 gpu_main_us=4862 gpu_composite_us=0 gpu_blit_us=0
frust_shell_common::perf: frust-perf raw n=2614 total_us=11827 rebuild_us=138 layout_us=4618 paint_us=377 encode_us=41 acquire_us=82 submit_us=6569 skipped=0 gpu_q=1 gpu_total_us=4831 gpu_prepass_us=0 gpu_main_us=4831 gpu_composite_us=0 gpu_blit_us=0
frust_shell_common::perf: frust-perf raw n=2615 total_us=10431 rebuild_us=101 layout_us=3877 paint_us=442 encode_us=46 acquire_us=73 submit_us=5890 skipped=0 gpu_q=1 gpu_total_us=4810 gpu_prepass_us=0 gpu_main_us=4810 gpu_composite_us=0 gpu_blit_us=0
frust_shell_common::perf: frust-perf raw n=2616 total_us=5951 rebuild_us=72 layout_us=1530 paint_us=233 encode_us=38 acquire_us=238 submit_us=3837 skipped=0 gpu_q=1 gpu_total_us=4661 gpu_prepass_us=0 gpu_main_us=4661 gpu_composite_us=0 gpu_blit_us=0
frust_shell_common::perf: frust-perf raw n=2617 total_us=11549 rebuild_us=65 layout_us=1002 paint_us=154 encode_us=31 acquire_us=1653 submit_us=8641 skipped=0 gpu_q=1 gpu_total_us=4843 gpu_prepass_us=0 gpu_main_us=4843 gpu_composite_us=0 gpu_blit_us=0
frust_shell_common::perf: frust-perf raw n=2618 total_us=5616 rebuild_us=66 layout_us=1726 paint_us=231 encode_us=35 acquire_us=58 submit_us=3498 skipped=0 gpu_q=1 gpu_total_us=5250 gpu_prepass_us=0 gpu_main_us=5250 gpu_composite_us=0 gpu_blit_us=0
frust_shell_common::perf: frust-perf raw n=2619 total_us=9435 rebuild_us=62 layout_us=1073 paint_us=158 encode_us=41 acquire_us=2124 submit_us=5975 skipped=0 gpu_q=1 gpu_total_us=4805 gpu_prepass_us=0 gpu_main_us=4805 gpu_composite_us=0 gpu_blit_us=0
frust_shell_common::perf: frust-perf raw n=2620 total_us=8048 rebuild_us=57 layout_us=1405 paint_us=191 encode_us=39 acquire_us=916 submit_us=5437 skipped=0 gpu_q=1 gpu_total_us=4645 gpu_prepass_us=0 gpu_main_us=4645 gpu_composite_us=0 gpu_blit_us=0
frust_shell_common::perf: frust-perf raw n=2621 total_us=8638 rebuild_us=61 layout_us=1421 paint_us=205 encode_us=44 acquire_us=1490 submit_us=5415 skipped=0 gpu_q=1 gpu_total_us=4876 gpu_prepass_us=92 gpu_main_us=4783 gpu_composite_us=0 gpu_blit_us=0
frust_shell_common::perf: frust-perf raw n=2622 total_us=9101 rebuild_us=63 layout_us=1331 paint_us=193 encode_us=44 acquire_us=1530 submit_us=5938 skipped=0 gpu_q=1 gpu_total_us=4662 gpu_prepass_us=0 gpu_main_us=4662 gpu_composite_us=0 gpu_blit_us=0
frust_shell_common::perf: frust-perf raw n=2623 total_us=9035 rebuild_us=71 layout_us=1580 paint_us=259 encode_us=48 acquire_us=1121 submit_us=5953 skipped=0 gpu_q=1 gpu_total_us=4773 gpu_prepass_us=0 gpu_main_us=4773 gpu_composite_us=0 gpu_blit_us=0
frust_shell_common::perf: frust-perf raw n=2624 total_us=10296 rebuild_us=69 layout_us=972 paint_us=204 encode_us=43 acquire_us=1807 submit_us=7199 skipped=0 gpu_q=1 gpu_total_us=4604 gpu_prepass_us=0 gpu_main_us=4604 gpu_composite_us=0 gpu_blit_us=0
frust_shell_common::perf: frust-perf raw n=2625 total_us=6638 rebuild_us=67 layout_us=14 paint_us=85 encode_us=41 acquire_us=680 submit_us=5749 skipped=0 gpu_q=1 gpu_total_us=4738 gpu_prepass_us=0 gpu_main_us=4738 gpu_composite_us=0 gpu_blit_us=0
frust_shell_android::app::frame: frust-perf platform-view tail depth=0 target=0 acquire_bound=false frame=2640 expected_present_us=0 acquire_us=1564 period_us=8264
frust_shell_common::perf: frust-perf raw n=2626 total_us=8321 rebuild_us=62 layout_us=14 paint_us=89 encode_us=39 acquire_us=2708 submit_us=5407 skipped=0 gpu_q=1 gpu_total_us=4749 gpu_prepass_us=0 gpu_main_us=4749 gpu_composite_us=0 gpu_blit_us=0
frust_shell_common::perf: frust-perf raw n=2627 total_us=9504 rebuild_us=59 layout_us=59 paint_us=104 encode_us=45 acquire_us=3109 submit_us=6126 skipped=0 gpu_q=1 gpu_total_us=4758 gpu_prepass_us=0 gpu_main_us=4758 gpu_composite_us=0 gpu_blit_us=0
frust_shell_common::perf: frust-perf raw n=2628 total_us=8422 rebuild_us=59 layout_us=146 paint_us=192 encode_us=44 acquire_us=1451 submit_us=6528 skipped=0 gpu_q=1 gpu_total_us=4637 gpu_prepass_us=99 gpu_main_us=4537 gpu_composite_us=0 gpu_blit_us=0
frust_shell_common::perf: frust-perf raw n=2629 total_us=8688 rebuild_us=194 layout_us=306 paint_us=404 encode_us=37 acquire_us=1751 submit_us=5993 skipped=0 gpu_q=1 gpu_total_us=4665 gpu_prepass_us=0 gpu_main_us=4665 gpu_composite_us=0 gpu_blit_us=0
frust_shell_common::perf: frust-perf raw n=2630 total_us=8975 rebuild_us=158 layout_us=305 paint_us=381 encode_us=44 acquire_us=2041 submit_us=6043 skipped=0 gpu_q=1 gpu_total_us=4783 gpu_prepass_us=0 gpu_main_us=4783 gpu_composite_us=0 gpu_blit_us=0
frust_shell_common::perf: frust-perf raw n=2631 total_us=9026 rebuild_us=156 layout_us=296 paint_us=358 encode_us=40 acquire_us=2142 submit_us=6033 skipped=0 gpu_q=1 gpu_total_us=4723 gpu_prepass_us=0 gpu_main_us=4723 gpu_composite_us=0 gpu_blit_us=0
frust_shell_common::perf: frust-perf raw n=2632 total_us=8134 rebuild_us=206 layout_us=496 paint_us=373 encode_us=41 acquire_us=1313 submit_us=5703 skipped=0 gpu_q=1 gpu_total_us=4615 gpu_prepass_us=0 gpu_main_us=4615 gpu_composite_us=0 gpu_blit_us=0
frust_shell_common::perf: frust-perf raw n=2633 total_us=8053 rebuild_us=152 layout_us=283 paint_us=364 encode_us=39 acquire_us=1659 submit_us=5554 skipped=0 gpu_q=1 gpu_total_us=4632 gpu_prepass_us=0 gpu_main_us=4632 gpu_composite_us=0 gpu_blit_us=0
frust_shell_common::perf: frust-perf raw n=2634 total_us=9161 rebuild_us=147 layout_us=1840 paint_us=362 encode_us=69 acquire_us=540 submit_us=6200 skipped=0 gpu_q=1 gpu_total_us=4724 gpu_prepass_us=0 gpu_main_us=4724 gpu_composite_us=0 gpu_blit_us=0
frust_shell_common::perf: frust-perf raw n=2635 total_us=9355 rebuild_us=157 layout_us=1964 paint_us=535 encode_us=49 acquire_us=77 submit_us=6569 skipped=0 gpu_q=1 gpu_total_us=4755 gpu_prepass_us=0 gpu_main_us=4755 gpu_composite_us=0 gpu_blit_us=0
frust_shell_common::perf: frust-perf raw n=2636 total_us=9753 rebuild_us=142 layout_us=2309 paint_us=436 encode_us=46 acquire_us=300 submit_us=6517 skipped=0 gpu_q=1 gpu_total_us=4689 gpu_prepass_us=0 gpu_main_us=4689 gpu_composite_us=0 gpu_blit_us=0
frust_shell_common::perf: frust-perf raw n=2637 total_us=9218 rebuild_us=131 layout_us=1852 paint_us=375 encode_us=46 acquire_us=675 submit_us=6137 skipped=0 gpu_q=1 gpu_total_us=4708 gpu_prepass_us=0 gpu_main_us=4708 gpu_composite_us=0 gpu_blit_us=0
frust_shell_common::perf: frust-perf raw n=2638 total_us=7905 rebuild_us=149 layout_us=1674 paint_us=335 encode_us=45 acquire_us=69 submit_us=5630 skipped=0 gpu_q=1 gpu_total_us=4777 gpu_prepass_us=0 gpu_main_us=4777 gpu_composite_us=0 gpu_blit_us=0
frust_shell_common::perf: frust-perf raw n=2639 total_us=8050 rebuild_us=139 layout_us=1727 paint_us=367 encode_us=41 acquire_us=262 submit_us=5510 skipped=0 gpu_q=1 gpu_total_us=4721 gpu_prepass_us=0 gpu_main_us=4721 gpu_composite_us=0 gpu_blit_us=0
frust_engine::renderer: frust-perf enc n=2640 w=60 validate_us=14.1 prepare_us=2.9 classify_us=43.3 admit_us=0.2 walk_us=2739.4 glyphs_us=2183.1 finish_us=2.0 compile_us=2804.0 schedule_us=3.9 paints_us=133.2 instances_us=194.9 resize_us=10.4 upload_us=272.8 replay_us=0.3 pipelines_us=15.9 record_us=27.9 total_us=3478.2 total_p95_us=4195.2 draws=788 strips=11659 alphas=289200 glyph_draws=755 atlas_glyphs=755
frust_shell_common::perf: frust-perf raw n=2640 total_us=9078 rebuild_us=145 layout_us=2032 paint_us=356 encode_us=45 acquire_us=117 submit_us=6381 skipped=0 gpu_q=1 gpu_total_us=4619 gpu_prepass_us=0 gpu_main_us=4619 gpu_composite_us=0 gpu_blit_us=0
frust_shell_common::perf: frust-perf raw n=2641 total_us=9372 rebuild_us=163 layout_us=2003 paint_us=501 encode_us=43 acquire_us=75 submit_us=6583 skipped=0 gpu_q=1 gpu_total_us=4681 gpu_prepass_us=0 gpu_main_us=4681 gpu_composite_us=0 gpu_blit_us=0
frust_shell_common::perf: frust-perf raw n=2642 total_us=8600 rebuild_us=130 layout_us=1891 paint_us=329 encode_us=49 acquire_us=75 submit_us=6123 skipped=0 gpu_q=1 gpu_total_us=4787 gpu_prepass_us=0 gpu_main_us=4787 gpu_composite_us=0 gpu_blit_us=0
frust_shell_common::perf: frust-perf raw n=2643 total_us=9417 rebuild_us=138 layout_us=2302 paint_us=386 encode_us=42 acquire_us=71 submit_us=6475 skipped=0 gpu_q=1 gpu_total_us=4762 gpu_prepass_us=0 gpu_main_us=4762 gpu_composite_us=0 gpu_blit_us=0
frust_shell_common::perf: frust-perf raw n=2644 total_us=9734 rebuild_us=181 layout_us=2522 paint_us=369 encode_us=43 acquire_us=79 submit_us=6538 skipped=0 gpu_q=1 gpu_total_us=4650 gpu_prepass_us=0 gpu_main_us=4650 gpu_composite_us=0 gpu_blit_us=0
frust_shell_common::perf: frust-perf raw n=2645 total_us=8952 rebuild_us=141 layout_us=1954 paint_us=363 encode_us=45 acquire_us=458 submit_us=5989 skipped=0 gpu_q=1 gpu_total_us=4693 gpu_prepass_us=0 gpu_main_us=4693 gpu_composite_us=0 gpu_blit_us=0
frust_shell_common::perf: frust-perf raw n=2646 total_us=8939 rebuild_us=147 layout_us=1889 paint_us=353 encode_us=40 acquire_us=538 submit_us=5969 skipped=0 gpu_q=1 gpu_total_us=4725 gpu_prepass_us=0 gpu_main_us=4725 gpu_composite_us=0 gpu_blit_us=0
frust_shell_common::perf: frust-perf raw n=2647 total_us=7766 rebuild_us=133 layout_us=1578 paint_us=316 encode_us=42 acquire_us=72 submit_us=5622 skipped=0 gpu_q=1 gpu_total_us=4786 gpu_prepass_us=0 gpu_main_us=4786 gpu_composite_us=0 gpu_blit_us=0
frust_shell_common::perf: frust-perf raw n=2648 total_us=9329 rebuild_us=146 layout_us=1945 paint_us=351 encode_us=37 acquire_us=238 submit_us=6609 skipped=0 gpu_q=1 gpu_total_us=4752 gpu_prepass_us=0 gpu_main_us=4752 gpu_composite_us=0 gpu_blit_us=0
frust_shell_common::perf: frust-perf raw n=2649 total_us=9112 rebuild_us=138 layout_us=2317 paint_us=552 encode_us=53 acquire_us=91 submit_us=5958 skipped=0 gpu_q=1 gpu_total_us=4784 gpu_prepass_us=0 gpu_main_us=4784 gpu_composite_us=0 gpu_blit_us=0
frust_shell_common::perf: frust-perf raw n=2650 total_us=8851 rebuild_us=225 layout_us=1984 paint_us=831 encode_us=45 acquire_us=75 submit_us=5689 skipped=0 gpu_q=1 gpu_total_us=4798 gpu_prepass_us=0 gpu_main_us=4798 gpu_composite_us=0 gpu_blit_us=0
frust_shell_common::perf: frust-perf raw n=2651 total_us=8825 rebuild_us=157 layout_us=1995 paint_us=456 encode_us=44 acquire_us=369 submit_us=5802 skipped=0 gpu_q=1 gpu_total_us=4772 gpu_prepass_us=0 gpu_main_us=4772 gpu_composite_us=0 gpu_blit_us=0
frust_shell_common::perf: frust-perf raw n=2652 total_us=8542 rebuild_us=161 layout_us=2011 paint_us=347 encode_us=42 acquire_us=164 submit_us=5814 skipped=0 gpu_q=1 gpu_total_us=4724 gpu_prepass_us=0 gpu_main_us=4724 gpu_composite_us=0 gpu_blit_us=0
frust_shell_common::perf: frust-perf raw n=2653 total_us=8352 rebuild_us=136 layout_us=1775 paint_us=388 encode_us=40 acquire_us=222 submit_us=5788 skipped=0 gpu_q=1 gpu_total_us=4716 gpu_prepass_us=0 gpu_main_us=4716 gpu_composite_us=0 gpu_blit_us=0
frust_shell_common::perf: frust-perf raw n=2654 total_us=8861 rebuild_us=141 layout_us=2098 paint_us=419 encode_us=41 acquire_us=248 submit_us=5911 skipped=0 gpu_q=1 gpu_total_us=4816 gpu_prepass_us=0 gpu_main_us=4816 gpu_composite_us=0 gpu_blit_us=0
frust_shell_common::perf: frust-perf raw n=2655 total_us=9210 rebuild_us=147 layout_us=2369 paint_us=398 encode_us=55 acquire_us=75 submit_us=6164 skipped=0 gpu_q=1 gpu_total_us=4823 gpu_prepass_us=0 gpu_main_us=4823 gpu_composite_us=0 gpu_blit_us=0
frust_shell_common::perf: frust-perf raw n=2656 total_us=9033 rebuild_us=168 layout_us=2033 paint_us=372 encode_us=46 acquire_us=423 submit_us=5989 skipped=0 gpu_q=1 gpu_total_us=4691 gpu_prepass_us=0 gpu_main_us=4691 gpu_composite_us=0 gpu_blit_us=0
frust_shell_common::perf: frust-perf raw n=2657 total_us=9064 rebuild_us=162 layout_us=1979 paint_us=365 encode_us=40 acquire_us=513 submit_us=6003 skipped=0 gpu_q=1 gpu_total_us=4729 gpu_prepass_us=0 gpu_main_us=4729 gpu_composite_us=0 gpu_blit_us=0
frust_shell_common::perf: frust-perf raw n=2658 total_us=9636 rebuild_us=154 layout_us=1999 paint_us=357 encode_us=41 acquire_us=961 submit_us=6122 skipped=0 gpu_q=1 gpu_total_us=4756 gpu_prepass_us=0 gpu_main_us=4756 gpu_composite_us=0 gpu_blit_us=0
frust_shell_common::perf: frust-perf raw n=2659 total_us=9780 rebuild_us=251 layout_us=1975 paint_us=366 encode_us=47 acquire_us=548 submit_us=6590 skipped=0 gpu_q=1 gpu_total_us=4776 gpu_prepass_us=0 gpu_main_us=4776 gpu_composite_us=0 gpu_blit_us=0
frust_shell_common::perf: frust-perf raw n=2660 total_us=8868 rebuild_us=136 layout_us=1826 paint_us=364 encode_us=37 acquire_us=576 submit_us=5925 skipped=0 gpu_q=1 gpu_total_us=4738 gpu_prepass_us=0 gpu_main_us=4738 gpu_composite_us=0 gpu_blit_us=0
frust_shell_common::perf: frust-perf frame n=120 total_p50_ms=9 total_p95_ms=11 total_p99_ms=11 rebuild_p95_ms=0 layout_p95_ms=4 paint_p95_ms=0 encode_p95_ms=0 acquire_p95_ms=1 submit_p95_ms=6 over_60hz=5 over_120hz=2049 skipped=0 total_frames=2660
frust_shell_common::perf: frust-perf raw n=2661 total_us=8565 rebuild_us=155 layout_us=2198 paint_us=390 encode_us=42 acquire_us=206 submit_us=5571 skipped=0 gpu_q=1 gpu_total_us=4766 gpu_prepass_us=0 gpu_main_us=4766 gpu_composite_us=0 gpu_blit_us=0
frust_shell_common::perf: frust-perf raw n=2662 total_us=8696 rebuild_us=156 layout_us=1850 paint_us=481 encode_us=40 acquire_us=569 submit_us=5597 skipped=0 gpu_q=1 gpu_total_us=4790 gpu_prepass_us=0 gpu_main_us=4790 gpu_composite_us=0 gpu_blit_us=0
frust_shell_common::perf: frust-perf raw n=2663 total_us=8837 rebuild_us=165 layout_us=1668 paint_us=334 encode_us=44 acquire_us=686 submit_us=5937 skipped=0 gpu_q=1 gpu_total_us=4798 gpu_prepass_us=0 gpu_main_us=4798 gpu_composite_us=0 gpu_blit_us=0
frust_shell_common::perf: frust-perf raw n=2664 total_us=7978 rebuild_us=128 layout_us=1601 paint_us=332 encode_us=39 acquire_us=73 submit_us=5803 skipped=0 gpu_q=1 gpu_total_us=4645 gpu_prepass_us=0 gpu_main_us=4645 gpu_composite_us=0 gpu_blit_us=0
frust_shell_common::perf: frust-perf raw n=2665 total_us=8363 rebuild_us=140 layout_us=1968 paint_us=415 encode_us=43 acquire_us=71 submit_us=5724 skipped=0 gpu_q=1 gpu_total_us=4768 gpu_prepass_us=0 gpu_main_us=4768 gpu_composite_us=0 gpu_blit_us=0
frust_shell_common::perf: frust-perf raw n=2666 total_us=8605 rebuild_us=143 layout_us=1872 paint_us=464 encode_us=44 acquire_us=150 submit_us=5929 skipped=0 gpu_q=1 gpu_total_us=4821 gpu_prepass_us=0 gpu_main_us=4821 gpu_composite_us=0 gpu_blit_us=0
frust_shell_common::perf: frust-perf raw n=2667 total_us=8160 rebuild_us=160 layout_us=1901 paint_us=358 encode_us=42 acquire_us=361 submit_us=5335 skipped=0 gpu_q=1 gpu_total_us=4907 gpu_prepass_us=0 gpu_main_us=4907 gpu_composite_us=0 gpu_blit_us=0
frust_shell_common::perf: frust-perf raw n=2668 total_us=6877 rebuild_us=149 layout_us=2222 paint_us=385 encode_us=44 acquire_us=118 submit_us=3957 skipped=0 gpu_q=1 gpu_total_us=4737 gpu_prepass_us=0 gpu_main_us=4737 gpu_composite_us=0 gpu_blit_us=0
frust_shell_common::perf: frust-perf raw n=2669 total_us=7827 rebuild_us=148 layout_us=1913 paint_us=349 encode_us=32 acquire_us=564 submit_us=4820 skipped=0 gpu_q=1 gpu_total_us=4780 gpu_prepass_us=0 gpu_main_us=4780 gpu_composite_us=0 gpu_blit_us=0
frust_shell_common::perf: frust-perf raw n=2670 total_us=9348 rebuild_us=141 layout_us=1993 paint_us=350 encode_us=42 acquire_us=724 submit_us=6096 skipped=0 gpu_q=1 gpu_total_us=4777 gpu_prepass_us=0 gpu_main_us=4777 gpu_composite_us=0 gpu_blit_us=0
frust_shell_common::perf: frust-perf raw n=2671 total_us=8224 rebuild_us=123 layout_us=1880 paint_us=348 encode_us=41 acquire_us=73 submit_us=5755 skipped=0 gpu_q=1 gpu_total_us=4798 gpu_prepass_us=0 gpu_main_us=4798 gpu_composite_us=0 gpu_blit_us=0
frust_shell_common::perf: frust-perf raw n=2672 total_us=9518 rebuild_us=150 layout_us=2012 paint_us=360 encode_us=38 acquire_us=514 submit_us=6442 skipped=0 gpu_q=1 gpu_total_us=4658 gpu_prepass_us=0 gpu_main_us=4658 gpu_composite_us=0 gpu_blit_us=0
frust_shell_common::perf: frust-perf raw n=2673 total_us=9141 rebuild_us=142 layout_us=2281 paint_us=384 encode_us=44 acquire_us=77 submit_us=6211 skipped=0 gpu_q=1 gpu_total_us=4783 gpu_prepass_us=0 gpu_main_us=4783 gpu_composite_us=0 gpu_blit_us=0
frust_shell_common::perf: frust-perf raw n=2674 total_us=8387 rebuild_us=282 layout_us=1971 paint_us=362 encode_us=42 acquire_us=71 submit_us=5656 skipped=0 gpu_q=1 gpu_total_us=4839 gpu_prepass_us=0 gpu_main_us=4839 gpu_composite_us=0 gpu_blit_us=0
frust_shell_common::perf: frust-perf raw n=2675 total_us=8613 rebuild_us=156 layout_us=2035 paint_us=354 encode_us=40 acquire_us=148 submit_us=5878 skipped=0 gpu_q=1 gpu_total_us=4839 gpu_prepass_us=0 gpu_main_us=4839 gpu_composite_us=0 gpu_blit_us=0
frust_shell_common::perf: frust-perf raw n=2676 total_us=8771 rebuild_us=142 layout_us=2151 paint_us=361 encode_us=46 acquire_us=79 submit_us=5990 skipped=0 gpu_q=1 gpu_total_us=4680 gpu_prepass_us=0 gpu_main_us=4680 gpu_composite_us=0 gpu_blit_us=0
frust_shell_common::perf: frust-perf raw n=2677 total_us=8659 rebuild_us=156 layout_us=1998 paint_us=355 encode_us=43 acquire_us=146 submit_us=5959 skipped=0 gpu_q=1 gpu_total_us=4737 gpu_prepass_us=0 gpu_main_us=4737 gpu_composite_us=0 gpu_blit_us=0
frust_shell_common::perf: frust-perf raw n=2678 total_us=8820 rebuild_us=153 layout_us=2034 paint_us=355 encode_us=46 acquire_us=122 submit_us=6108 skipped=0 gpu_q=1 gpu_total_us=4822 gpu_prepass_us=0 gpu_main_us=4822 gpu_composite_us=0 gpu_blit_us=0
frust_shell_common::perf: frust-perf raw n=2679 total_us=8948 rebuild_us=156 layout_us=2026 paint_us=408 encode_us=42 acquire_us=424 submit_us=5890 skipped=0 gpu_q=1 gpu_total_us=4865 gpu_prepass_us=0 gpu_main_us=4865 gpu_composite_us=0 gpu_blit_us=0
frust_shell_common::perf: frust-perf raw n=2680 total_us=9119 rebuild_us=150 layout_us=2437 paint_us=429 encode_us=43 acquire_us=165 submit_us=5892 skipped=0 gpu_q=1 gpu_total_us=4733 gpu_prepass_us=0 gpu_main_us=4733 gpu_composite_us=0 gpu_blit_us=0
frust_shell_common::perf: frust-perf raw n=2681 total_us=9268 rebuild_us=206 layout_us=2123 paint_us=407 encode_us=44 acquire_us=553 submit_us=5933 skipped=0 gpu_q=1 gpu_total_us=4768 gpu_prepass_us=0 gpu_main_us=4768 gpu_composite_us=0 gpu_blit_us=0
frust_shell_common::perf: frust-perf raw n=2682 total_us=8791 rebuild_us=136 layout_us=1948 paint_us=364 encode_us=41 acquire_us=511 submit_us=5789 skipped=0 gpu_q=1 gpu_total_us=4780 gpu_prepass_us=0 gpu_main_us=4780 gpu_composite_us=0 gpu_blit_us=0
frust_shell_common::perf: frust-perf raw n=2683 total_us=8929 rebuild_us=153 layout_us=2079 paint_us=476 encode_us=42 acquire_us=213 submit_us=5962 skipped=0 gpu_q=1 gpu_total_us=4777 gpu_prepass_us=0 gpu_main_us=4777 gpu_composite_us=0 gpu_blit_us=0
frust_shell_common::perf: frust-perf raw n=2684 total_us=9571 rebuild_us=146 layout_us=2145 paint_us=555 encode_us=40 acquire_us=599 submit_us=6082 skipped=0 gpu_q=1 gpu_total_us=4713 gpu_prepass_us=0 gpu_main_us=4713 gpu_composite_us=0 gpu_blit_us=0
frust_shell_common::perf: frust-perf raw n=2685 total_us=9632 rebuild_us=139 layout_us=2047 paint_us=367 encode_us=45 acquire_us=932 submit_us=6099 skipped=0 gpu_q=1 gpu_total_us=4802 gpu_prepass_us=0 gpu_main_us=4802 gpu_composite_us=0 gpu_blit_us=0
frust_shell_common::perf: frust-perf raw n=2686 total_us=9534 rebuild_us=134 layout_us=2342 paint_us=487 encode_us=44 acquire_us=391 submit_us=6133 skipped=0 gpu_q=1 gpu_total_us=4874 gpu_prepass_us=0 gpu_main_us=4874 gpu_composite_us=0 gpu_blit_us=0
frust_shell_common::perf: frust-perf raw n=2687 total_us=8742 rebuild_us=137 layout_us=2039 paint_us=381 encode_us=54 acquire_us=126 submit_us=6002 skipped=0 gpu_q=1 gpu_total_us=4844 gpu_prepass_us=0 gpu_main_us=4844 gpu_composite_us=0 gpu_blit_us=0
frust_shell_common::perf: frust-perf raw n=2688 total_us=8294 rebuild_us=158 layout_us=2244 paint_us=366 encode_us=44 acquire_us=70 submit_us=5410 skipped=0 gpu_q=1 gpu_total_us=4756 gpu_prepass_us=0 gpu_main_us=4756 gpu_composite_us=0 gpu_blit_us=0
frust_shell_common::perf: frust-perf raw n=2689 total_us=9130 rebuild_us=176 layout_us=2040 paint_us=362 encode_us=45 acquire_us=753 submit_us=5752 skipped=0 gpu_q=1 gpu_total_us=4719 gpu_prepass_us=0 gpu_main_us=4719 gpu_composite_us=0 gpu_blit_us=0
frust_shell_common::perf: frust-perf raw n=2690 total_us=9618 rebuild_us=147 layout_us=1764 paint_us=357 encode_us=44 acquire_us=511 submit_us=6793 skipped=0 gpu_q=1 gpu_total_us=4786 gpu_prepass_us=0 gpu_main_us=4786 gpu_composite_us=0 gpu_blit_us=0
frust_shell_common::perf: frust-perf raw n=2691 total_us=9445 rebuild_us=140 layout_us=1883 paint_us=377 encode_us=45 acquire_us=372 submit_us=6627 skipped=0 gpu_q=1 gpu_total_us=4855 gpu_prepass_us=0 gpu_main_us=4855 gpu_composite_us=0 gpu_blit_us=0
frust_shell_common::perf: frust-perf raw n=2692 total_us=8869 rebuild_us=143 layout_us=2221 paint_us=408 encode_us=45 acquire_us=74 submit_us=5976 skipped=0 gpu_q=1 gpu_total_us=4790 gpu_prepass_us=0 gpu_main_us=4790 gpu_composite_us=0 gpu_blit_us=0
frust_shell_common::perf: frust-perf raw n=2693 total_us=8345 rebuild_us=156 layout_us=1906 paint_us=385 encode_us=40 acquire_us=272 submit_us=5583 skipped=0 gpu_q=1 gpu_total_us=4760 gpu_prepass_us=0 gpu_main_us=4760 gpu_composite_us=0 gpu_blit_us=0
frust_shell_common::perf: frust-perf raw n=2694 total_us=7977 rebuild_us=126 layout_us=1657 paint_us=321 encode_us=39 acquire_us=399 submit_us=5434 skipped=0 gpu_q=1 gpu_total_us=4862 gpu_prepass_us=0 gpu_main_us=4862 gpu_composite_us=0 gpu_blit_us=0
frust_shell_common::perf: frust-perf raw n=2695 total_us=8203 rebuild_us=139 layout_us=1681 paint_us=323 encode_us=39 acquire_us=610 submit_us=5408 skipped=0 gpu_q=1 gpu_total_us=4767 gpu_prepass_us=0 gpu_main_us=4767 gpu_composite_us=0 gpu_blit_us=0
frust_shell_common::perf: frust-perf raw n=2696 total_us=8691 rebuild_us=141 layout_us=1939 paint_us=360 encode_us=40 acquire_us=74 submit_us=6134 skipped=0 gpu_q=1 gpu_total_us=4671 gpu_prepass_us=0 gpu_main_us=4671 gpu_composite_us=0 gpu_blit_us=0
frust_shell_common::perf: frust-perf raw n=2697 total_us=9896 rebuild_us=161 layout_us=1971 paint_us=366 encode_us=44 acquire_us=624 submit_us=6729 skipped=0 gpu_q=1 gpu_total_us=4744 gpu_prepass_us=0 gpu_main_us=4744 gpu_composite_us=0 gpu_blit_us=0
frust_shell_common::perf: frust-perf raw n=2698 total_us=9146 rebuild_us=125 layout_us=1865 paint_us=454 encode_us=42 acquire_us=409 submit_us=6248 skipped=0 gpu_q=1 gpu_total_us=4884 gpu_prepass_us=0 gpu_main_us=4884 gpu_composite_us=0 gpu_blit_us=0
frust_shell_common::perf: frust-perf raw n=2699 total_us=9054 rebuild_us=165 layout_us=2327 paint_us=490 encode_us=41 acquire_us=75 submit_us=5954 skipped=0 gpu_q=1 gpu_total_us=4813 gpu_prepass_us=0 gpu_main_us=4813 gpu_composite_us=0 gpu_blit_us=0
frust_engine::renderer: frust-perf enc n=2700 w=60 validate_us=13.6 prepare_us=2.9 classify_us=44.0 admit_us=0.2 walk_us=2802.8 glyphs_us=2259.5 finish_us=2.0 compile_us=2867.8 schedule_us=4.0 paints_us=134.6 instances_us=200.8 resize_us=10.0 upload_us=269.7 replay_us=0.3 pipelines_us=15.9 record_us=28.4 total_us=3553.6 total_p95_us=4001.9 draws=806 strips=11919 alphas=294176 glyph_draws=774 atlas_glyphs=774
frust_shell_common::perf: frust-perf raw n=2700 total_us=8852 rebuild_us=167 layout_us=2010 paint_us=457 encode_us=39 acquire_us=221 submit_us=5956 skipped=0 gpu_q=1 gpu_total_us=4781 gpu_prepass_us=0 gpu_main_us=4781 gpu_composite_us=0 gpu_blit_us=0
frust_shell_common::perf: frust-perf raw n=2701 total_us=9996 rebuild_us=159 layout_us=2074 paint_us=353 encode_us=41 acquire_us=919 submit_us=6448 skipped=0 gpu_q=1 gpu_total_us=4735 gpu_prepass_us=0 gpu_main_us=4735 gpu_composite_us=0 gpu_blit_us=0
frust_shell_common::perf: frust-perf raw n=2702 total_us=7795 rebuild_us=125 layout_us=1816 paint_us=632 encode_us=43 acquire_us=76 submit_us=5100 skipped=0 gpu_q=1 gpu_total_us=4818 gpu_prepass_us=0 gpu_main_us=4818 gpu_composite_us=0 gpu_blit_us=0
frust_shell_common::perf: frust-perf raw n=2703 total_us=8508 rebuild_us=145 layout_us=2137 paint_us=353 encode_us=34 acquire_us=535 submit_us=5302 skipped=0 gpu_q=1 gpu_total_us=4813 gpu_prepass_us=0 gpu_main_us=4813 gpu_composite_us=0 gpu_blit_us=0
frust_shell_common::perf: frust-perf raw n=2704 total_us=9029 rebuild_us=215 layout_us=1869 paint_us=373 encode_us=40 acquire_us=529 submit_us=6000 skipped=0 gpu_q=1 gpu_total_us=4795 gpu_prepass_us=0 gpu_main_us=4795 gpu_composite_us=0 gpu_blit_us=0
frust_shell_common::perf: frust-perf raw n=2705 total_us=8906 rebuild_us=164 layout_us=2216 paint_us=405 encode_us=48 acquire_us=73 submit_us=5998 skipped=0 gpu_q=1 gpu_total_us=4815 gpu_prepass_us=0 gpu_main_us=4815 gpu_composite_us=0 gpu_blit_us=0
frust_shell_common::perf: frust-perf raw n=2706 total_us=8536 rebuild_us=158 layout_us=2023 paint_us=367 encode_us=40 acquire_us=71 submit_us=5874 skipped=0 gpu_q=1 gpu_total_us=4797 gpu_prepass_us=0 gpu_main_us=4797 gpu_composite_us=0 gpu_blit_us=0
frust_shell_common::perf: frust-perf raw n=2707 total_us=8789 rebuild_us=161 layout_us=2071 paint_us=354 encode_us=42 acquire_us=180 submit_us=5979 skipped=0 gpu_q=1 gpu_total_us=4771 gpu_prepass_us=0 gpu_main_us=4771 gpu_composite_us=0 gpu_blit_us=0
frust_shell_common::perf: frust-perf raw n=2708 total_us=8769 rebuild_us=156 layout_us=1978 paint_us=527 encode_us=46 acquire_us=139 submit_us=5920 skipped=0 gpu_q=1 gpu_total_us=4669 gpu_prepass_us=0 gpu_main_us=4669 gpu_composite_us=0 gpu_blit_us=0
frust_shell_common::perf: frust-perf raw n=2709 total_us=8642 rebuild_us=139 layout_us=1696 paint_us=355 encode_us=42 acquire_us=546 submit_us=5863 skipped=0 gpu_q=1 gpu_total_us=4774 gpu_prepass_us=0 gpu_main_us=4774 gpu_composite_us=0 gpu_blit_us=0
frust_shell_common::perf: frust-perf raw n=2710 total_us=8504 rebuild_us=135 layout_us=1858 paint_us=476 encode_us=50 acquire_us=88 submit_us=5894 skipped=0 gpu_q=1 gpu_total_us=4845 gpu_prepass_us=0 gpu_main_us=4845 gpu_composite_us=0 gpu_blit_us=0
frust_shell_common::perf: frust-perf raw n=2711 total_us=9063 rebuild_us=200 layout_us=2383 paint_us=403 encode_us=46 acquire_us=75 submit_us=5954 skipped=0 gpu_q=1 gpu_total_us=4863 gpu_prepass_us=0 gpu_main_us=4863 gpu_composite_us=0 gpu_blit_us=0
frust_shell_common::perf: frust-perf raw n=2712 total_us=8912 rebuild_us=225 layout_us=2123 paint_us=394 encode_us=49 acquire_us=164 submit_us=5956 skipped=0 gpu_q=1 gpu_total_us=4700 gpu_prepass_us=0 gpu_main_us=4700 gpu_composite_us=0 gpu_blit_us=0
frust_shell_common::perf: frust-perf raw n=2713 total_us=9073 rebuild_us=169 layout_us=2531 paint_us=377 encode_us=47 acquire_us=77 submit_us=5869 skipped=0 gpu_q=1 gpu_total_us=4804 gpu_prepass_us=0 gpu_main_us=4804 gpu_composite_us=0 gpu_blit_us=0
frust_shell_common::perf: frust-perf raw n=2714 total_us=9353 rebuild_us=146 layout_us=2274 paint_us=446 encode_us=44 acquire_us=407 submit_us=6034 skipped=0 gpu_q=1 gpu_total_us=4785 gpu_prepass_us=0 gpu_main_us=4785 gpu_composite_us=0 gpu_blit_us=0
frust_shell_common::perf: frust-perf raw n=2715 total_us=9992 rebuild_us=191 layout_us=3082 paint_us=378 encode_us=44 acquire_us=78 submit_us=6216 skipped=0 gpu_q=1 gpu_total_us=4775 gpu_prepass_us=0 gpu_main_us=4775 gpu_composite_us=0 gpu_blit_us=0
frust_shell_common::perf: frust-perf raw n=2716 total_us=9538 rebuild_us=149 layout_us=2367 paint_us=376 encode_us=43 acquire_us=76 submit_us=6525 skipped=0 gpu_q=1 gpu_total_us=4755 gpu_prepass_us=0 gpu_main_us=4755 gpu_composite_us=0 gpu_blit_us=0
frust_shell_common::perf: frust-perf raw n=2717 total_us=8994 rebuild_us=134 layout_us=2284 paint_us=386 encode_us=45 acquire_us=71 submit_us=6072 skipped=0 gpu_q=1 gpu_total_us=4826 gpu_prepass_us=0 gpu_main_us=4826 gpu_composite_us=0 gpu_blit_us=0
frust_shell_common::perf: frust-perf raw n=2718 total_us=8330 rebuild_us=158 layout_us=2129 paint_us=392 encode_us=47 acquire_us=68 submit_us=5534 skipped=0 gpu_q=1 gpu_total_us=4830 gpu_prepass_us=0 gpu_main_us=4830 gpu_composite_us=0 gpu_blit_us=0
frust_shell_common::perf: frust-perf raw n=2719 total_us=8407 rebuild_us=185 layout_us=2119 paint_us=373 encode_us=45 acquire_us=71 submit_us=5610 skipped=0 gpu_q=1 gpu_total_us=4862 gpu_prepass_us=0 gpu_main_us=4862 gpu_composite_us=0 gpu_blit_us=0
frust_shell_common::perf: frust-perf raw n=2720 total_us=8886 rebuild_us=154 layout_us=2085 paint_us=370 encode_us=47 acquire_us=70 submit_us=6158 skipped=0 gpu_q=1 gpu_total_us=4670 gpu_prepass_us=0 gpu_main_us=4670 gpu_composite_us=0 gpu_blit_us=0
frust_shell_common::perf: frust-perf raw n=2721 total_us=9013 rebuild_us=148 layout_us=1791 paint_us=359 encode_us=45 acquire_us=76 submit_us=6592 skipped=0 gpu_q=1 gpu_total_us=4749 gpu_prepass_us=0 gpu_main_us=4749 gpu_composite_us=0 gpu_blit_us=0
frust_shell_common::perf: frust-perf raw n=2722 total_us=8708 rebuild_us=141 layout_us=2051 paint_us=374 encode_us=44 acquire_us=74 submit_us=6020 skipped=0 gpu_q=1 gpu_total_us=4790 gpu_prepass_us=0 gpu_main_us=4790 gpu_composite_us=0 gpu_blit_us=0
frust_shell_common::perf: frust-perf raw n=2723 total_us=8361 rebuild_us=211 layout_us=1904 paint_us=544 encode_us=47 acquire_us=68 submit_us=5585 skipped=0 gpu_q=1 gpu_total_us=4890 gpu_prepass_us=0 gpu_main_us=4890 gpu_composite_us=0 gpu_blit_us=0
frust_shell_common::perf: frust-perf raw n=2724 total_us=8254 rebuild_us=137 layout_us=1945 paint_us=430 encode_us=45 acquire_us=66 submit_us=5628 skipped=0 gpu_q=1 gpu_total_us=4720 gpu_prepass_us=0 gpu_main_us=4720 gpu_composite_us=0 gpu_blit_us=0
frust_shell_common::perf: frust-perf raw n=2725 total_us=8545 rebuild_us=150 layout_us=1952 paint_us=417 encode_us=48 acquire_us=74 submit_us=5902 skipped=0 gpu_q=1 gpu_total_us=4774 gpu_prepass_us=0 gpu_main_us=4774 gpu_composite_us=0 gpu_blit_us=0
frust_shell_common::perf: frust-perf raw n=2726 total_us=9141 rebuild_us=147 layout_us=2025 paint_us=368 encode_us=45 acquire_us=329 submit_us=6225 skipped=0 gpu_q=1 gpu_total_us=4772 gpu_prepass_us=0 gpu_main_us=4772 gpu_composite_us=0 gpu_blit_us=0
frust_shell_common::perf: frust-perf raw n=2727 total_us=9039 rebuild_us=158 layout_us=2071 paint_us=376 encode_us=42 acquire_us=78 submit_us=6312 skipped=0 gpu_q=1 gpu_total_us=4760 gpu_prepass_us=0 gpu_main_us=4760 gpu_composite_us=0 gpu_blit_us=0
frust_shell_common::perf: frust-perf raw n=2728 total_us=8760 rebuild_us=211 layout_us=2031 paint_us=435 encode_us=40 acquire_us=72 submit_us=5968 skipped=0 gpu_q=1 gpu_total_us=4702 gpu_prepass_us=0 gpu_main_us=4702 gpu_composite_us=0 gpu_blit_us=0
frust_shell_common::perf: frust-perf raw n=2729 total_us=8690 rebuild_us=197 layout_us=1942 paint_us=420 encode_us=43 acquire_us=76 submit_us=6008 skipped=0 gpu_q=1 gpu_total_us=4877 gpu_prepass_us=0 gpu_main_us=4877 gpu_composite_us=0 gpu_blit_us=0
frust_shell_common::perf: frust-perf raw n=2730 total_us=9571 rebuild_us=199 layout_us=2425 paint_us=398 encode_us=47 acquire_us=81 submit_us=6419 skipped=0 gpu_q=1 gpu_total_us=4821 gpu_prepass_us=0 gpu_main_us=4821 gpu_composite_us=0 gpu_blit_us=0
frust_shell_common::perf: frust-perf raw n=2731 total_us=9029 rebuild_us=137 layout_us=2287 paint_us=377 encode_us=47 acquire_us=77 submit_us=6101 skipped=0 gpu_q=1 gpu_total_us=4824 gpu_prepass_us=0 gpu_main_us=4824 gpu_composite_us=0 gpu_blit_us=0
frust_shell_common::perf: frust-perf raw n=2732 total_us=8145 rebuild_us=195 layout_us=1937 paint_us=344 encode_us=42 acquire_us=71 submit_us=5555 skipped=0 gpu_q=1 gpu_total_us=4748 gpu_prepass_us=0 gpu_main_us=4748 gpu_composite_us=0 gpu_blit_us=0
frust_shell_common::perf: frust-perf raw n=2733 total_us=8516 rebuild_us=143 layout_us=1731 paint_us=323 encode_us=36 acquire_us=583 submit_us=5698 skipped=0 gpu_q=1 gpu_total_us=4802 gpu_prepass_us=0 gpu_main_us=4802 gpu_composite_us=0 gpu_blit_us=0
frust_shell_common::perf: frust-perf raw n=2734 total_us=8406 rebuild_us=134 layout_us=1795 paint_us=340 encode_us=42 acquire_us=71 submit_us=6021 skipped=0 gpu_q=1 gpu_total_us=4878 gpu_prepass_us=0 gpu_main_us=4878 gpu_composite_us=0 gpu_blit_us=0
frust_shell_common::perf: frust-perf raw n=2735 total_us=9573 rebuild_us=145 layout_us=2349 paint_us=398 encode_us=44 acquire_us=74 submit_us=6560 skipped=0 gpu_q=1 gpu_total_us=5407 gpu_prepass_us=0 gpu_main_us=5407 gpu_composite_us=0 gpu_blit_us=0
frust_shell_common::perf: frust-perf raw n=2736 total_us=8906 rebuild_us=140 layout_us=2320 paint_us=411 encode_us=48 acquire_us=80 submit_us=5904 skipped=0 gpu_q=1 gpu_total_us=4718 gpu_prepass_us=0 gpu_main_us=4718 gpu_composite_us=0 gpu_blit_us=0
frust_shell_common::perf: frust-perf raw n=2737 total_us=8494 rebuild_us=162 layout_us=1880 paint_us=419 encode_us=46 acquire_us=70 submit_us=5914 skipped=0 gpu_q=1 gpu_total_us=4802 gpu_prepass_us=0 gpu_main_us=4802 gpu_composite_us=0 gpu_blit_us=0
frust_shell_common::perf: frust-perf raw n=2738 total_us=8750 rebuild_us=145 layout_us=1892 paint_us=364 encode_us=43 acquire_us=410 submit_us=5892 skipped=0 gpu_q=1 gpu_total_us=4821 gpu_prepass_us=0 gpu_main_us=4821 gpu_composite_us=0 gpu_blit_us=0
frust_shell_common::perf: frust-perf raw n=2739 total_us=8918 rebuild_us=163 layout_us=1957 paint_us=716 encode_us=70 acquire_us=81 submit_us=5928 skipped=0 gpu_q=1 gpu_total_us=4766 gpu_prepass_us=0 gpu_main_us=4766 gpu_composite_us=0 gpu_blit_us=0
frust_shell_common::perf: frust-perf raw n=2740 total_us=8908 rebuild_us=162 layout_us=1894 paint_us=426 encode_us=40 acquire_us=516 submit_us=5868 skipped=0 gpu_q=1 gpu_total_us=4696 gpu_prepass_us=0 gpu_main_us=4696 gpu_composite_us=0 gpu_blit_us=0
frust_shell_common::perf: frust-perf raw n=2741 total_us=8790 rebuild_us=155 layout_us=1894 paint_us=402 encode_us=41 acquire_us=424 submit_us=5872 skipped=0 gpu_q=1 gpu_total_us=4767 gpu_prepass_us=0 gpu_main_us=4767 gpu_composite_us=0 gpu_blit_us=0
frust_shell_common::perf: frust-perf raw n=2742 total_us=8989 rebuild_us=150 layout_us=2376 paint_us=391 encode_us=48 acquire_us=75 submit_us=5946 skipped=0 gpu_q=1 gpu_total_us=4902 gpu_prepass_us=0 gpu_main_us=4902 gpu_composite_us=0 gpu_blit_us=0
frust_shell_common::perf: frust-perf raw n=2743 total_us=9064 rebuild_us=155 layout_us=2047 paint_us=380 encode_us=43 acquire_us=511 submit_us=5927 skipped=0 gpu_q=1 gpu_total_us=4805 gpu_prepass_us=0 gpu_main_us=4805 gpu_composite_us=0 gpu_blit_us=0
frust_shell_common::perf: frust-perf raw n=2744 total_us=8682 rebuild_us=178 layout_us=2069 paint_us=370 encode_us=45 acquire_us=250 submit_us=5768 skipped=0 gpu_q=1 gpu_total_us=4706 gpu_prepass_us=0 gpu_main_us=4706 gpu_composite_us=0 gpu_blit_us=0
frust_shell_common::perf: frust-perf raw n=2745 total_us=9127 rebuild_us=136 layout_us=1992 paint_us=355 encode_us=44 acquire_us=544 submit_us=6054 skipped=0 gpu_q=1 gpu_total_us=4755 gpu_prepass_us=0 gpu_main_us=4755 gpu_composite_us=0 gpu_blit_us=0
frust_shell_android::app::frame: frust-perf platform-view tail depth=0 target=0 acquire_bound=false frame=2760 expected_present_us=0 acquire_us=316 period_us=8269
frust_shell_common::perf: frust-perf raw n=2746 total_us=8973 rebuild_us=157 layout_us=2104 paint_us=380 encode_us=40 acquire_us=204 submit_us=6086 skipped=0 gpu_q=1 gpu_total_us=4842 gpu_prepass_us=0 gpu_main_us=4842 gpu_composite_us=0 gpu_blit_us=0
frust_shell_common::perf: frust-perf raw n=2747 total_us=8948 rebuild_us=168 layout_us=2049 paint_us=472 encode_us=51 acquire_us=74 submit_us=6131 skipped=0 gpu_q=1 gpu_total_us=4886 gpu_prepass_us=0 gpu_main_us=4886 gpu_composite_us=0 gpu_blit_us=0
frust_shell_common::perf: frust-perf raw n=2748 total_us=8967 rebuild_us=157 layout_us=2224 paint_us=378 encode_us=43 acquire_us=76 submit_us=6086 skipped=0 gpu_q=1 gpu_total_us=4841 gpu_prepass_us=0 gpu_main_us=4841 gpu_composite_us=0 gpu_blit_us=0
frust_shell_common::perf: frust-perf raw n=2749 total_us=9015 rebuild_us=189 layout_us=1925 paint_us=470 encode_us=49 acquire_us=405 submit_us=5976 skipped=0 gpu_q=1 gpu_total_us=4819 gpu_prepass_us=0 gpu_main_us=4819 gpu_composite_us=0 gpu_blit_us=0
frust_shell_common::perf: frust-perf raw n=2750 total_us=9362 rebuild_us=156 layout_us=1993 paint_us=360 encode_us=42 acquire_us=693 submit_us=6115 skipped=0 gpu_q=1 gpu_total_us=4842 gpu_prepass_us=0 gpu_main_us=4842 gpu_composite_us=0 gpu_blit_us=0
frust_shell_common::perf: frust-perf raw n=2751 total_us=9332 rebuild_us=136 layout_us=1890 paint_us=366 encode_us=43 acquire_us=494 submit_us=6399 skipped=0 gpu_q=1 gpu_total_us=4766 gpu_prepass_us=0 gpu_main_us=4766 gpu_composite_us=0 gpu_blit_us=0
frust_shell_common::perf: frust-perf raw n=2752 total_us=9393 rebuild_us=131 layout_us=1870 paint_us=374 encode_us=42 acquire_us=1029 submit_us=5944 skipped=0 gpu_q=1 gpu_total_us=4685 gpu_prepass_us=0 gpu_main_us=4685 gpu_composite_us=0 gpu_blit_us=0
frust_shell_common::perf: frust-perf raw n=2753 total_us=9354 rebuild_us=135 layout_us=1888 paint_us=372 encode_us=39 acquire_us=650 submit_us=6267 skipped=0 gpu_q=1 gpu_total_us=4778 gpu_prepass_us=0 gpu_main_us=4778 gpu_composite_us=0 gpu_blit_us=0
frust_shell_common::perf: frust-perf raw n=2754 total_us=9025 rebuild_us=132 layout_us=1847 paint_us=362 encode_us=40 acquire_us=690 submit_us=5951 skipped=0 gpu_q=1 gpu_total_us=4874 gpu_prepass_us=0 gpu_main_us=4874 gpu_composite_us=0 gpu_blit_us=0
frust_shell_common::perf: frust-perf raw n=2755 total_us=8861 rebuild_us=149 layout_us=2201 paint_us=391 encode_us=43 acquire_us=196 submit_us=5879 skipped=0 gpu_q=1 gpu_total_us=4799 gpu_prepass_us=0 gpu_main_us=4799 gpu_composite_us=0 gpu_blit_us=0
frust_shell_common::perf: frust-perf raw n=2756 total_us=9135 rebuild_us=170 layout_us=1885 paint_us=388 encode_us=39 acquire_us=697 submit_us=5952 skipped=0 gpu_q=1 gpu_total_us=4734 gpu_prepass_us=0 gpu_main_us=4734 gpu_composite_us=0 gpu_blit_us=0
frust_shell_common::perf: frust-perf raw n=2757 total_us=8955 rebuild_us=165 layout_us=1968 paint_us=361 encode_us=44 acquire_us=380 submit_us=6036 skipped=0 gpu_q=1 gpu_total_us=4717 gpu_prepass_us=0 gpu_main_us=4717 gpu_composite_us=0 gpu_blit_us=0
frust_shell_common::perf: frust-perf raw n=2758 total_us=9852 rebuild_us=154 layout_us=1936 paint_us=362 encode_us=41 acquire_us=905 submit_us=6451 skipped=0 gpu_q=1 gpu_total_us=4775 gpu_prepass_us=0 gpu_main_us=4775 gpu_composite_us=0 gpu_blit_us=0
frust_shell_common::perf: frust-perf raw n=2759 total_us=9050 rebuild_us=129 layout_us=1970 paint_us=633 encode_us=43 acquire_us=79 submit_us=6193 skipped=0 gpu_q=1 gpu_total_us=4828 gpu_prepass_us=0 gpu_main_us=4828 gpu_composite_us=0 gpu_blit_us=0
frust_engine::renderer: frust-perf enc n=2760 w=60 validate_us=13.7 prepare_us=2.9 classify_us=44.1 admit_us=0.2 walk_us=2806.8 glyphs_us=2259.3 finish_us=2.1 compile_us=2883.3 schedule_us=4.0 paints_us=135.4 instances_us=205.4 resize_us=10.3 upload_us=270.9 replay_us=0.3 pipelines_us=16.1 record_us=28.7 total_us=3556.2 total_p95_us=3945.8 draws=806 strips=11961 alphas=294768 glyph_draws=774 atlas_glyphs=774
frust_shell_common::perf: frust-perf raw n=2760 total_us=8933 rebuild_us=152 layout_us=2013 paint_us=373 encode_us=42 acquire_us=261 submit_us=6089 skipped=0 gpu_q=1 gpu_total_us=4891 gpu_prepass_us=0 gpu_main_us=4891 gpu_composite_us=0 gpu_blit_us=0
frust_shell_common::perf: frust-perf raw n=2761 total_us=9664 rebuild_us=164 layout_us=2528 paint_us=404 encode_us=75 acquire_us=74 submit_us=6418 skipped=0 gpu_q=1 gpu_total_us=4819 gpu_prepass_us=0 gpu_main_us=4819 gpu_composite_us=0 gpu_blit_us=0
frust_shell_common::perf: frust-perf raw n=2762 total_us=7363 rebuild_us=119 layout_us=1532 paint_us=383 encode_us=46 acquire_us=75 submit_us=5207 skipped=0 gpu_q=1 gpu_total_us=4811 gpu_prepass_us=0 gpu_main_us=4811 gpu_composite_us=0 gpu_blit_us=0
frust_shell_common::perf: frust-perf raw n=2763 total_us=7170 rebuild_us=183 layout_us=1799 paint_us=322 encode_us=34 acquire_us=222 submit_us=4608 skipped=0 gpu_q=1 gpu_total_us=4847 gpu_prepass_us=0 gpu_main_us=4847 gpu_composite_us=0 gpu_blit_us=0
frust_shell_common::perf: frust-perf raw n=2764 total_us=9189 rebuild_us=192 layout_us=1991 paint_us=366 encode_us=37 acquire_us=310 submit_us=6291 skipped=0 gpu_q=1 gpu_total_us=4729 gpu_prepass_us=0 gpu_main_us=4729 gpu_composite_us=0 gpu_blit_us=0
frust_shell_common::perf: frust-perf raw n=2765 total_us=9802 rebuild_us=152 layout_us=2341 paint_us=446 encode_us=42 acquire_us=78 submit_us=6740 skipped=0 gpu_q=1 gpu_total_us=4721 gpu_prepass_us=0 gpu_main_us=4721 gpu_composite_us=0 gpu_blit_us=0
frust_shell_common::perf: frust-perf raw n=2766 total_us=7234 rebuild_us=139 layout_us=1988 paint_us=366 encode_us=43 acquire_us=78 submit_us=4617 skipped=0 gpu_q=1 gpu_total_us=4823 gpu_prepass_us=0 gpu_main_us=4823 gpu_composite_us=0 gpu_blit_us=0
frust_shell_common::perf: frust-perf raw n=2767 total_us=7510 rebuild_us=147 layout_us=1946 paint_us=357 encode_us=38 acquire_us=58 submit_us=4963 skipped=0 gpu_q=1 gpu_total_us=4802 gpu_prepass_us=0 gpu_main_us=4802 gpu_composite_us=0 gpu_blit_us=0
frust_shell_common::perf: frust-perf raw n=2768 total_us=6794 rebuild_us=152 layout_us=1929 paint_us=372 encode_us=40 acquire_us=63 submit_us=4236 skipped=0 gpu_q=1 gpu_total_us=4738 gpu_prepass_us=0 gpu_main_us=4738 gpu_composite_us=0 gpu_blit_us=0
frust_shell_common::perf: frust-perf raw n=2769 total_us=8331 rebuild_us=151 layout_us=2030 paint_us=646 encode_us=41 acquire_us=75 submit_us=5386 skipped=0 gpu_q=1 gpu_total_us=4783 gpu_prepass_us=0 gpu_main_us=4783 gpu_composite_us=0 gpu_blit_us=0
frust_shell_common::perf: frust-perf raw n=2770 total_us=8906 rebuild_us=143 layout_us=1931 paint_us=432 encode_us=45 acquire_us=483 submit_us=5869 skipped=0 gpu_q=1 gpu_total_us=4759 gpu_prepass_us=0 gpu_main_us=4759 gpu_composite_us=0 gpu_blit_us=0
frust_shell_common::perf: frust-perf raw n=2771 total_us=8683 rebuild_us=162 layout_us=1888 paint_us=421 encode_us=38 acquire_us=159 submit_us=6012 skipped=0 gpu_q=1 gpu_total_us=4749 gpu_prepass_us=0 gpu_main_us=4749 gpu_composite_us=0 gpu_blit_us=0
frust_shell_common::perf: frust-perf raw n=2772 total_us=8856 rebuild_us=176 layout_us=1997 paint_us=395 encode_us=45 acquire_us=370 submit_us=5870 skipped=0 gpu_q=1 gpu_total_us=4740 gpu_prepass_us=0 gpu_main_us=4740 gpu_composite_us=0 gpu_blit_us=0
frust_shell_common::perf: frust-perf raw n=2773 total_us=8909 rebuild_us=163 layout_us=2277 paint_us=393 encode_us=47 acquire_us=75 submit_us=5951 skipped=0 gpu_q=1 gpu_total_us=4794 gpu_prepass_us=0 gpu_main_us=4794 gpu_composite_us=0 gpu_blit_us=0
frust_shell_common::perf: frust-perf raw n=2774 total_us=8765 rebuild_us=155 layout_us=2074 paint_us=487 encode_us=51 acquire_us=74 submit_us=5922 skipped=0 gpu_q=1 gpu_total_us=4856 gpu_prepass_us=0 gpu_main_us=4856 gpu_composite_us=0 gpu_blit_us=0
frust_shell_common::perf: frust-perf raw n=2775 total_us=8619 rebuild_us=166 layout_us=2043 paint_us=359 encode_us=45 acquire_us=195 submit_us=5808 skipped=0 gpu_q=1 gpu_total_us=4861 gpu_prepass_us=0 gpu_main_us=4861 gpu_composite_us=0 gpu_blit_us=0
frust_shell_common::perf: frust-perf raw n=2776 total_us=8720 rebuild_us=158 layout_us=2032 paint_us=366 encode_us=41 acquire_us=140 submit_us=5979 skipped=0 gpu_q=1 gpu_total_us=4662 gpu_prepass_us=0 gpu_main_us=4662 gpu_composite_us=0 gpu_blit_us=0
frust_shell_common::perf: frust-perf raw n=2777 total_us=8920 rebuild_us=146 layout_us=2140 paint_us=377 encode_us=53 acquire_us=76 submit_us=6125 skipped=0 gpu_q=1 gpu_total_us=4718 gpu_prepass_us=0 gpu_main_us=4718 gpu_composite_us=0 gpu_blit_us=0
frust_shell_common::perf: frust-perf raw n=2778 total_us=9030 rebuild_us=163 layout_us=2141 paint_us=495 encode_us=48 acquire_us=72 submit_us=6110 skipped=0 gpu_q=1 gpu_total_us=4830 gpu_prepass_us=0 gpu_main_us=4830 gpu_composite_us=0 gpu_blit_us=0
frust_shell_common::perf: frust-perf raw n=2779 total_us=8680 rebuild_us=307 layout_us=1796 paint_us=379 encode_us=42 acquire_us=204 submit_us=5950 skipped=0 gpu_q=1 gpu_total_us=4892 gpu_prepass_us=0 gpu_main_us=4892 gpu_composite_us=0 gpu_blit_us=0
frust_shell_common::perf: frust-perf raw n=2780 total_us=9148 rebuild_us=146 layout_us=2457 paint_us=382 encode_us=44 acquire_us=72 submit_us=6045 skipped=0 gpu_q=1 gpu_total_us=4724 gpu_prepass_us=0 gpu_main_us=4724 gpu_composite_us=0 gpu_blit_us=0
frust_shell_common::perf: frust-perf raw n=2781 total_us=9125 rebuild_us=216 layout_us=1726 paint_us=331 encode_us=48 acquire_us=313 submit_us=6488 skipped=0 gpu_q=1 gpu_total_us=4758 gpu_prepass_us=0 gpu_main_us=4758 gpu_composite_us=0 gpu_blit_us=0
frust_shell_common::perf: frust-perf raw n=2782 total_us=8632 rebuild_us=126 layout_us=1732 paint_us=338 encode_us=43 acquire_us=500 submit_us=5890 skipped=0 gpu_q=1 gpu_total_us=4731 gpu_prepass_us=0 gpu_main_us=4731 gpu_composite_us=0 gpu_blit_us=0
frust_shell_common::perf: frust-perf raw n=2783 total_us=8588 rebuild_us=154 layout_us=1837 paint_us=444 encode_us=42 acquire_us=526 submit_us=5583 skipped=0 gpu_q=1 gpu_total_us=4790 gpu_prepass_us=0 gpu_main_us=4790 gpu_composite_us=0 gpu_blit_us=0
frust_shell_common::perf: frust-perf raw n=2784 total_us=8090 rebuild_us=145 layout_us=1515 paint_us=314 encode_us=45 acquire_us=75 submit_us=5994 skipped=0 gpu_q=1 gpu_total_us=4733 gpu_prepass_us=0 gpu_main_us=4733 gpu_composite_us=0 gpu_blit_us=0
frust_shell_common::perf: frust-perf raw n=2785 total_us=8761 rebuild_us=148 layout_us=1884 paint_us=411 encode_us=39 acquire_us=500 submit_us=5776 skipped=0 gpu_q=1 gpu_total_us=5056 gpu_prepass_us=0 gpu_main_us=5056 gpu_composite_us=0 gpu_blit_us=0
frust_shell_common::perf: frust-perf raw n=2786 total_us=9552 rebuild_us=149 layout_us=2285 paint_us=411 encode_us=52 acquire_us=83 submit_us=6570 skipped=0 gpu_q=1 gpu_total_us=4810 gpu_prepass_us=0 gpu_main_us=4810 gpu_composite_us=0 gpu_blit_us=0
frust_shell_common::perf: frust-perf raw n=2787 total_us=8222 rebuild_us=137 layout_us=1961 paint_us=366 encode_us=58 acquire_us=144 submit_us=5553 skipped=0 gpu_q=1 gpu_total_us=4851 gpu_prepass_us=0 gpu_main_us=4851 gpu_composite_us=0 gpu_blit_us=0
frust_shell_common::perf: frust-perf raw n=2788 total_us=6887 rebuild_us=151 layout_us=2072 paint_us=380 encode_us=36 acquire_us=264 submit_us=3982 skipped=0 gpu_q=1 gpu_total_us=4680 gpu_prepass_us=0 gpu_main_us=4680 gpu_composite_us=0 gpu_blit_us=0
frust_shell_common::perf: frust-perf raw n=2789 total_us=7300 rebuild_us=147 layout_us=1921 paint_us=351 encode_us=29 acquire_us=472 submit_us=4376 skipped=0 gpu_q=1 gpu_total_us=4766 gpu_prepass_us=0 gpu_main_us=4766 gpu_composite_us=0 gpu_blit_us=0
frust_shell_common::perf: frust-perf raw n=2790 total_us=8501 rebuild_us=154 layout_us=1997 paint_us=367 encode_us=43 acquire_us=336 submit_us=5601 skipped=0 gpu_q=1 gpu_total_us=4760 gpu_prepass_us=0 gpu_main_us=4760 gpu_composite_us=0 gpu_blit_us=0
frust_shell_common::perf: frust-perf raw n=2791 total_us=9772 rebuild_us=144 layout_us=2126 paint_us=360 encode_us=40 acquire_us=692 submit_us=6407 skipped=0 gpu_q=1 gpu_total_us=4883 gpu_prepass_us=0 gpu_main_us=4883 gpu_composite_us=0 gpu_blit_us=0
frust_shell_common::perf: frust-perf raw n=2792 total_us=9443 rebuild_us=126 layout_us=2472 paint_us=405 encode_us=50 acquire_us=78 submit_us=6310 skipped=0 gpu_q=1 gpu_total_us=4716 gpu_prepass_us=0 gpu_main_us=4716 gpu_composite_us=0 gpu_blit_us=0
frust_shell_common::perf: frust-perf raw n=2793 total_us=8628 rebuild_us=137 layout_us=2083 paint_us=398 encode_us=47 acquire_us=274 submit_us=5686 skipped=0 gpu_q=1 gpu_total_us=4734 gpu_prepass_us=0 gpu_main_us=4734 gpu_composite_us=0 gpu_blit_us=0
frust_shell_common::perf: frust-perf raw n=2794 total_us=8782 rebuild_us=140 layout_us=2274 paint_us=369 encode_us=40 acquire_us=69 submit_us=5887 skipped=0 gpu_q=1 gpu_total_us=4823 gpu_prepass_us=0 gpu_main_us=4823 gpu_composite_us=0 gpu_blit_us=0
frust_shell_common::perf: frust-perf raw n=2795 total_us=8714 rebuild_us=167 layout_us=1934 paint_us=435 encode_us=46 acquire_us=70 submit_us=6060 skipped=0 gpu_q=1 gpu_total_us=4870 gpu_prepass_us=0 gpu_main_us=4870 gpu_composite_us=0 gpu_blit_us=0
frust_shell_common::perf: frust-perf raw n=2796 total_us=8796 rebuild_us=171 layout_us=1965 paint_us=435 encode_us=51 acquire_us=168 submit_us=6005 skipped=0 gpu_q=1 gpu_total_us=4712 gpu_prepass_us=0 gpu_main_us=4712 gpu_composite_us=0 gpu_blit_us=0
frust_shell_common::perf: frust-perf raw n=2797 total_us=8711 rebuild_us=149 layout_us=1920 paint_us=488 encode_us=50 acquire_us=73 submit_us=6029 skipped=0 gpu_q=1 gpu_total_us=4819 gpu_prepass_us=0 gpu_main_us=4819 gpu_composite_us=0 gpu_blit_us=0
frust_shell_common::perf: frust-perf raw n=2798 total_us=9050 rebuild_us=157 layout_us=2312 paint_us=487 encode_us=46 acquire_us=78 submit_us=5967 skipped=0 gpu_q=1 gpu_total_us=4871 gpu_prepass_us=0 gpu_main_us=4871 gpu_composite_us=0 gpu_blit_us=0
frust_shell_common::perf: frust-perf raw n=2799 total_us=8909 rebuild_us=241 layout_us=2017 paint_us=569 encode_us=44 acquire_us=164 submit_us=5871 skipped=0 gpu_q=1 gpu_total_us=4836 gpu_prepass_us=0 gpu_main_us=4836 gpu_composite_us=0 gpu_blit_us=0
frust_shell_common::perf: frust-perf raw n=2800 total_us=8474 rebuild_us=161 layout_us=1966 paint_us=459 encode_us=49 acquire_us=76 submit_us=5760 skipped=0 gpu_q=1 gpu_total_us=4711 gpu_prepass_us=0 gpu_main_us=4711 gpu_composite_us=0 gpu_blit_us=0
frust_shell_common::perf: frust-perf raw n=2801 total_us=8829 rebuild_us=142 layout_us=1894 paint_us=469 encode_us=42 acquire_us=404 submit_us=5876 skipped=0 gpu_q=1 gpu_total_us=4713 gpu_prepass_us=0 gpu_main_us=4713 gpu_composite_us=0 gpu_blit_us=0
frust_shell_common::perf: frust-perf raw n=2802 total_us=8893 rebuild_us=152 layout_us=1938 paint_us=627 encode_us=49 acquire_us=132 submit_us=5992 skipped=0 gpu_q=1 gpu_total_us=4791 gpu_prepass_us=0 gpu_main_us=4791 gpu_composite_us=0 gpu_blit_us=0
frust_shell_common::perf: frust-perf raw n=2803 total_us=9361 rebuild_us=154 layout_us=2052 paint_us=472 encode_us=43 acquire_us=597 submit_us=6040 skipped=0 gpu_q=1 gpu_total_us=4794 gpu_prepass_us=0 gpu_main_us=4794 gpu_composite_us=0 gpu_blit_us=0
frust_shell_common::perf: frust-perf raw n=2804 total_us=8890 rebuild_us=133 layout_us=2008 paint_us=358 encode_us=39 acquire_us=410 submit_us=5940 skipped=0 gpu_q=1 gpu_total_us=4753 gpu_prepass_us=0 gpu_main_us=4753 gpu_composite_us=0 gpu_blit_us=0
frust_shell_common::perf: frust-perf raw n=2805 total_us=8985 rebuild_us=153 layout_us=2279 paint_us=387 encode_us=42 acquire_us=157 submit_us=5965 skipped=0 gpu_q=1 gpu_total_us=4750 gpu_prepass_us=0 gpu_main_us=4750 gpu_composite_us=0 gpu_blit_us=0
frust_shell_common::perf: frust-perf raw n=2806 total_us=9240 rebuild_us=142 layout_us=2060 paint_us=470 encode_us=39 acquire_us=543 submit_us=5983 skipped=0 gpu_q=1 gpu_total_us=4864 gpu_prepass_us=0 gpu_main_us=4864 gpu_composite_us=0 gpu_blit_us=0
frust_shell_common::perf: frust-perf raw n=2807 total_us=9108 rebuild_us=165 layout_us=2067 paint_us=465 encode_us=39 acquire_us=334 submit_us=6035 skipped=0 gpu_q=1 gpu_total_us=4876 gpu_prepass_us=0 gpu_main_us=4876 gpu_composite_us=0 gpu_blit_us=0
frust_shell_common::perf: frust-perf raw n=2808 total_us=9066 rebuild_us=154 layout_us=2142 paint_us=360 encode_us=40 acquire_us=344 submit_us=6023 skipped=0 gpu_q=1 gpu_total_us=4731 gpu_prepass_us=0 gpu_main_us=4731 gpu_composite_us=0 gpu_blit_us=0
frust_shell_common::perf: frust-perf raw n=2809 total_us=8788 rebuild_us=208 layout_us=1955 paint_us=403 encode_us=51 acquire_us=76 submit_us=6093 skipped=0 gpu_q=1 gpu_total_us=4734 gpu_prepass_us=0 gpu_main_us=4734 gpu_composite_us=0 gpu_blit_us=0
frust_shell_common::perf: frust-perf raw n=2810 total_us=8890 rebuild_us=151 layout_us=2056 paint_us=351 encode_us=39 acquire_us=256 submit_us=6034 skipped=0 gpu_q=1 gpu_total_us=4912 gpu_prepass_us=0 gpu_main_us=4912 gpu_composite_us=0 gpu_blit_us=0
frust_shell_common::perf: frust-perf raw n=2811 total_us=9025 rebuild_us=160 layout_us=2267 paint_us=449 encode_us=45 acquire_us=73 submit_us=6029 skipped=0 gpu_q=1 gpu_total_us=4863 gpu_prepass_us=0 gpu_main_us=4863 gpu_composite_us=0 gpu_blit_us=0
frust_shell_common::perf: frust-perf raw n=2812 total_us=8544 rebuild_us=155 layout_us=1890 paint_us=359 encode_us=44 acquire_us=273 submit_us=5821 skipped=0 gpu_q=1 gpu_total_us=4710 gpu_prepass_us=0 gpu_main_us=4710 gpu_composite_us=0 gpu_blit_us=0
frust_shell_common::perf: frust-perf raw n=2813 total_us=8361 rebuild_us=145 layout_us=1997 paint_us=371 encode_us=46 acquire_us=162 submit_us=5637 skipped=0 gpu_q=1 gpu_total_us=4792 gpu_prepass_us=0 gpu_main_us=4792 gpu_composite_us=0 gpu_blit_us=0
frust_shell_common::perf: frust-perf raw n=2814 total_us=9119 rebuild_us=145 layout_us=1878 paint_us=463 encode_us=68 acquire_us=448 submit_us=6114 skipped=0 gpu_q=1 gpu_total_us=4778 gpu_prepass_us=0 gpu_main_us=4778 gpu_composite_us=0 gpu_blit_us=0
frust_shell_common::perf: frust-perf raw n=2815 total_us=9107 rebuild_us=168 layout_us=1793 paint_us=344 encode_us=43 acquire_us=296 submit_us=6460 skipped=0 gpu_q=1 gpu_total_us=4772 gpu_prepass_us=0 gpu_main_us=4772 gpu_composite_us=0 gpu_blit_us=0
frust_shell_common::perf: frust-perf raw n=2816 total_us=10106 rebuild_us=200 layout_us=2059 paint_us=426 encode_us=48 acquire_us=130 submit_us=7241 skipped=0 gpu_q=1 gpu_total_us=4773 gpu_prepass_us=0 gpu_main_us=4773 gpu_composite_us=0 gpu_blit_us=0
frust_shell_common::perf: frust-perf raw n=2817 total_us=9010 rebuild_us=138 layout_us=2602 paint_us=415 encode_us=42 acquire_us=70 submit_us=5740 skipped=0 gpu_q=1 gpu_total_us=4810 gpu_prepass_us=0 gpu_main_us=4810 gpu_composite_us=0 gpu_blit_us=0
frust_shell_common::perf: frust-perf raw n=2818 total_us=7944 rebuild_us=131 layout_us=1819 paint_us=331 encode_us=38 acquire_us=353 submit_us=5269 skipped=0 gpu_q=1 gpu_total_us=4814 gpu_prepass_us=0 gpu_main_us=4814 gpu_composite_us=0 gpu_blit_us=0
frust_shell_common::perf: frust-perf raw n=2819 total_us=7781 rebuild_us=146 layout_us=1940 paint_us=362 encode_us=42 acquire_us=62 submit_us=5226 skipped=0 gpu_q=1 gpu_total_us=4832 gpu_prepass_us=0 gpu_main_us=4832 gpu_composite_us=0 gpu_blit_us=0
frust_engine::renderer: frust-perf enc n=2820 w=60 validate_us=13.6 prepare_us=2.9 classify_us=43.6 admit_us=0.2 walk_us=2804.7 glyphs_us=2256.6 finish_us=2.1 compile_us=2868.0 schedule_us=3.9 paints_us=134.0 instances_us=201.0 resize_us=10.0 upload_us=272.0 replay_us=0.3 pipelines_us=16.0 record_us=27.9 total_us=3537.4 total_p95_us=4019.4 draws=807 strips=11953 alphas=294896 glyph_draws=774 atlas_glyphs=774
frust_shell_common::perf: frust-perf raw n=2820 total_us=9339 rebuild_us=146 layout_us=2071 paint_us=485 encode_us=45 acquire_us=70 submit_us=6520 skipped=0 gpu_q=1 gpu_total_us=4779 gpu_prepass_us=99 gpu_main_us=4680 gpu_composite_us=0 gpu_blit_us=0
frust_shell_common::perf: frust-perf raw n=2821 total_us=10015 rebuild_us=174 layout_us=2102 paint_us=376 encode_us=45 acquire_us=462 submit_us=6852 skipped=0 gpu_q=1 gpu_total_us=4754 gpu_prepass_us=0 gpu_main_us=4754 gpu_composite_us=0 gpu_blit_us=0
frust_shell_common::perf: frust-perf raw n=2822 total_us=7607 rebuild_us=127 layout_us=1752 paint_us=451 encode_us=43 acquire_us=80 submit_us=5152 skipped=0 gpu_q=1 gpu_total_us=4927 gpu_prepass_us=0 gpu_main_us=4927 gpu_composite_us=0 gpu_blit_us=0
frust_shell_common::perf: frust-perf raw n=2823 total_us=6899 rebuild_us=146 layout_us=1899 paint_us=336 encode_us=36 acquire_us=59 submit_us=4421 skipped=0 gpu_q=1 gpu_total_us=4891 gpu_prepass_us=0 gpu_main_us=4891 gpu_composite_us=0 gpu_blit_us=0
frust_shell_common::perf: frust-perf raw n=2824 total_us=8383 rebuild_us=196 layout_us=1945 paint_us=367 encode_us=42 acquire_us=113 submit_us=5719 skipped=0 gpu_q=1 gpu_total_us=4790 gpu_prepass_us=0 gpu_main_us=4790 gpu_composite_us=0 gpu_blit_us=0
frust_shell_common::perf: frust-perf raw n=2825 total_us=8328 rebuild_us=149 layout_us=1784 paint_us=332 encode_us=42 acquire_us=72 submit_us=5946 skipped=0 gpu_q=1 gpu_total_us=4866 gpu_prepass_us=0 gpu_main_us=4866 gpu_composite_us=0 gpu_blit_us=0
frust_shell_common::perf: frust-perf raw n=2826 total_us=8572 rebuild_us=133 layout_us=1717 paint_us=419 encode_us=40 acquire_us=208 submit_us=6053 skipped=0 gpu_q=1 gpu_total_us=4825 gpu_prepass_us=0 gpu_main_us=4825 gpu_composite_us=0 gpu_blit_us=0
frust_shell_common::perf: frust-perf raw n=2827 total_us=7821 rebuild_us=129 layout_us=1517 paint_us=390 encode_us=41 acquire_us=69 submit_us=5673 skipped=0 gpu_q=1 gpu_total_us=4848 gpu_prepass_us=0 gpu_main_us=4848 gpu_composite_us=0 gpu_blit_us=0
frust_shell_common::perf: frust-perf raw n=2828 total_us=8381 rebuild_us=142 layout_us=1745 paint_us=427 encode_us=38 acquire_us=67 submit_us=5960 skipped=0 gpu_q=1 gpu_total_us=4793 gpu_prepass_us=0 gpu_main_us=4793 gpu_composite_us=0 gpu_blit_us=0
frust_shell_common::perf: frust-perf raw n=2829 total_us=8557 rebuild_us=134 layout_us=1902 paint_us=346 encode_us=44 acquire_us=70 submit_us=6059 skipped=0 gpu_q=1 gpu_total_us=4918 gpu_prepass_us=0 gpu_main_us=4918 gpu_composite_us=0 gpu_blit_us=0
frust_shell_common::perf: frust-perf raw n=2830 total_us=9066 rebuild_us=140 layout_us=1870 paint_us=624 encode_us=46 acquire_us=383 submit_us=6000 skipped=0 gpu_q=1 gpu_total_us=5139 gpu_prepass_us=0 gpu_main_us=5139 gpu_composite_us=0 gpu_blit_us=0
frust_shell_common::perf: frust-perf raw n=2831 total_us=8680 rebuild_us=159 layout_us=1990 paint_us=371 encode_us=43 acquire_us=315 submit_us=5800 skipped=0 gpu_q=1 gpu_total_us=4864 gpu_prepass_us=0 gpu_main_us=4864 gpu_composite_us=0 gpu_blit_us=0
frust_shell_common::perf: frust-perf raw n=2832 total_us=8678 rebuild_us=155 layout_us=2030 paint_us=374 encode_us=46 acquire_us=73 submit_us=5996 skipped=0 gpu_q=1 gpu_total_us=4736 gpu_prepass_us=0 gpu_main_us=4736 gpu_composite_us=0 gpu_blit_us=0
frust_shell_common::perf: frust-perf raw n=2833 total_us=9569 rebuild_us=142 layout_us=2095 paint_us=366 encode_us=43 acquire_us=789 submit_us=6131 skipped=0 gpu_q=1 gpu_total_us=4793 gpu_prepass_us=0 gpu_main_us=4793 gpu_composite_us=0 gpu_blit_us=0
frust_shell_common::perf: frust-perf raw n=2834 total_us=8693 rebuild_us=141 layout_us=2022 paint_us=377 encode_us=48 acquire_us=74 submit_us=6029 skipped=0 gpu_q=1 gpu_total_us=4879 gpu_prepass_us=0 gpu_main_us=4879 gpu_composite_us=0 gpu_blit_us=0
frust_shell_common::perf: frust-perf raw n=2835 total_us=8345 rebuild_us=172 layout_us=2044 paint_us=358 encode_us=42 acquire_us=246 submit_us=5480 skipped=0 gpu_q=1 gpu_total_us=4929 gpu_prepass_us=0 gpu_main_us=4929 gpu_composite_us=0 gpu_blit_us=0
frust_shell_common::perf: frust-perf raw n=2836 total_us=8767 rebuild_us=140 layout_us=2513 paint_us=398 encode_us=42 acquire_us=72 submit_us=5600 skipped=0 gpu_q=1 gpu_total_us=4761 gpu_prepass_us=0 gpu_main_us=4761 gpu_composite_us=0 gpu_blit_us=0
frust_shell_common::perf: frust-perf raw n=2837 total_us=8706 rebuild_us=157 layout_us=2093 paint_us=365 encode_us=46 acquire_us=73 submit_us=5969 skipped=0 gpu_q=1 gpu_total_us=4848 gpu_prepass_us=0 gpu_main_us=4848 gpu_composite_us=0 gpu_blit_us=0
frust_shell_common::perf: frust-perf raw n=2838 total_us=8916 rebuild_us=194 layout_us=2122 paint_us=371 encode_us=47 acquire_us=78 submit_us=6100 skipped=0 gpu_q=1 gpu_total_us=4869 gpu_prepass_us=0 gpu_main_us=4869 gpu_composite_us=0 gpu_blit_us=0
frust_shell_common::perf: frust-perf raw n=2839 total_us=8949 rebuild_us=176 layout_us=1703 paint_us=343 encode_us=41 acquire_us=530 submit_us=6154 skipped=0 gpu_q=1 gpu_total_us=4861 gpu_prepass_us=0 gpu_main_us=4861 gpu_composite_us=0 gpu_blit_us=0
frust_shell_common::perf: frust-perf raw n=2840 total_us=9035 rebuild_us=193 layout_us=1920 paint_us=372 encode_us=38 acquire_us=352 submit_us=6157 skipped=0 gpu_q=1 gpu_total_us=4778 gpu_prepass_us=0 gpu_main_us=4778 gpu_composite_us=0 gpu_blit_us=0
frust_shell_common::perf: frust-perf raw n=2841 total_us=9579 rebuild_us=154 layout_us=2545 paint_us=560 encode_us=44 acquire_us=76 submit_us=6198 skipped=0 gpu_q=1 gpu_total_us=4896 gpu_prepass_us=0 gpu_main_us=4896 gpu_composite_us=0 gpu_blit_us=0
frust_shell_common::perf: frust-perf raw n=2842 total_us=8527 rebuild_us=126 layout_us=1676 paint_us=328 encode_us=44 acquire_us=76 submit_us=6274 skipped=0 gpu_q=1 gpu_total_us=4821 gpu_prepass_us=0 gpu_main_us=4821 gpu_composite_us=0 gpu_blit_us=0
frust_shell_common::perf: frust-perf raw n=2843 total_us=6418 rebuild_us=163 layout_us=1472 paint_us=306 encode_us=38 acquire_us=365 submit_us=4072 skipped=0 gpu_q=1 gpu_total_us=4900 gpu_prepass_us=0 gpu_main_us=4900 gpu_composite_us=0 gpu_blit_us=0
frust_shell_common::perf: frust-perf raw n=2844 total_us=6981 rebuild_us=145 layout_us=1735 paint_us=331 encode_us=35 acquire_us=194 submit_us=4539 skipped=0 gpu_q=1 gpu_total_us=4745 gpu_prepass_us=0 gpu_main_us=4745 gpu_composite_us=0 gpu_blit_us=0
frust_shell_common::perf: frust-perf raw n=2845 total_us=9349 rebuild_us=196 layout_us=1961 paint_us=409 encode_us=40 acquire_us=746 submit_us=5994 skipped=0 gpu_q=1 gpu_total_us=4779 gpu_prepass_us=0 gpu_main_us=4779 gpu_composite_us=0 gpu_blit_us=0
frust_shell_common::perf: frust-perf raw n=2846 total_us=8379 rebuild_us=120 layout_us=1701 paint_us=407 encode_us=45 acquire_us=213 submit_us=5891 skipped=0 gpu_q=1 gpu_total_us=4836 gpu_prepass_us=0 gpu_main_us=4836 gpu_composite_us=0 gpu_blit_us=0
frust_shell_common::perf: frust-perf raw n=2847 total_us=8450 rebuild_us=145 layout_us=2075 paint_us=363 encode_us=43 acquire_us=104 submit_us=5719 skipped=0 gpu_q=1 gpu_total_us=4914 gpu_prepass_us=0 gpu_main_us=4914 gpu_composite_us=0 gpu_blit_us=0
frust_shell_common::perf: frust-perf raw n=2848 total_us=9662 rebuild_us=140 layout_us=2503 paint_us=399 encode_us=53 acquire_us=75 submit_us=6490 skipped=0 gpu_q=1 gpu_total_us=4772 gpu_prepass_us=0 gpu_main_us=4772 gpu_composite_us=0 gpu_blit_us=0
frust_shell_common::perf: frust-perf raw n=2849 total_us=9178 rebuild_us=126 layout_us=1900 paint_us=375 encode_us=45 acquire_us=450 submit_us=6280 skipped=0 gpu_q=1 gpu_total_us=4749 gpu_prepass_us=0 gpu_main_us=4749 gpu_composite_us=0 gpu_blit_us=0
frust_shell_common::perf: frust-perf raw n=2850 total_us=9143 rebuild_us=175 layout_us=2127 paint_us=410 encode_us=42 acquire_us=363 submit_us=6024 skipped=0 gpu_q=1 gpu_total_us=4886 gpu_prepass_us=0 gpu_main_us=4886 gpu_composite_us=0 gpu_blit_us=0
frust_shell_common::perf: frust-perf raw n=2851 total_us=9108 rebuild_us=178 layout_us=2041 paint_us=413 encode_us=40 acquire_us=324 submit_us=6109 skipped=0 gpu_q=1 gpu_total_us=4831 gpu_prepass_us=0 gpu_main_us=4831 gpu_composite_us=0 gpu_blit_us=0
frust_shell_common::perf: frust-perf raw n=2852 total_us=9055 rebuild_us=161 layout_us=2070 paint_us=391 encode_us=41 acquire_us=307 submit_us=6082 skipped=0 gpu_q=1 gpu_total_us=4722 gpu_prepass_us=0 gpu_main_us=4722 gpu_composite_us=0 gpu_blit_us=0
frust_shell_common::perf: frust-perf raw n=2853 total_us=8782 rebuild_us=166 layout_us=1966 paint_us=365 encode_us=40 acquire_us=209 submit_us=6034 skipped=0 gpu_q=1 gpu_total_us=4898 gpu_prepass_us=0 gpu_main_us=4898 gpu_composite_us=0 gpu_blit_us=0
frust_shell_common::perf: frust-perf raw n=2854 total_us=9099 rebuild_us=197 layout_us=2202 paint_us=507 encode_us=44 acquire_us=74 submit_us=6071 skipped=0 gpu_q=1 gpu_total_us=4920 gpu_prepass_us=0 gpu_main_us=4920 gpu_composite_us=0 gpu_blit_us=0
frust_shell_common::perf: frust-perf raw n=2855 total_us=9006 rebuild_us=158 layout_us=2058 paint_us=440 encode_us=48 acquire_us=78 submit_us=6221 skipped=0 gpu_q=1 gpu_total_us=4887 gpu_prepass_us=0 gpu_main_us=4887 gpu_composite_us=0 gpu_blit_us=0
frust_shell_common::perf: frust-perf raw n=2856 total_us=8891 rebuild_us=220 layout_us=2089 paint_us=421 encode_us=48 acquire_us=73 submit_us=6037 skipped=0 gpu_q=1 gpu_total_us=4742 gpu_prepass_us=0 gpu_main_us=4742 gpu_composite_us=0 gpu_blit_us=0
frust_shell_common::perf: frust-perf raw n=2857 total_us=9218 rebuild_us=155 layout_us=1887 paint_us=372 encode_us=42 acquire_us=747 submit_us=6012 skipped=0 gpu_q=1 gpu_total_us=4808 gpu_prepass_us=0 gpu_main_us=4808 gpu_composite_us=0 gpu_blit_us=0
frust_shell_common::perf: frust-perf raw n=2858 total_us=9254 rebuild_us=141 layout_us=1961 paint_us=375 encode_us=45 acquire_us=734 submit_us=5995 skipped=0 gpu_q=1 gpu_total_us=4869 gpu_prepass_us=0 gpu_main_us=4869 gpu_composite_us=0 gpu_blit_us=0
frust_shell_common::perf: frust-perf raw n=2859 total_us=8997 rebuild_us=148 layout_us=1926 paint_us=361 encode_us=39 acquire_us=547 submit_us=5973 skipped=0 gpu_q=1 gpu_total_us=4924 gpu_prepass_us=0 gpu_main_us=4924 gpu_composite_us=0 gpu_blit_us=0
frust_shell_common::perf: frust-perf raw n=2860 total_us=9371 rebuild_us=147 layout_us=2238 paint_us=409 encode_us=46 acquire_us=447 submit_us=6082 skipped=0 gpu_q=1 gpu_total_us=4818 gpu_prepass_us=0 gpu_main_us=4818 gpu_composite_us=0 gpu_blit_us=0
frust_shell_common::perf: frust-perf raw n=2861 total_us=9022 rebuild_us=148 layout_us=1881 paint_us=483 encode_us=48 acquire_us=540 submit_us=5919 skipped=0 gpu_q=1 gpu_total_us=4805 gpu_prepass_us=0 gpu_main_us=4805 gpu_composite_us=0 gpu_blit_us=0
frust_shell_common::perf: frust-perf raw n=2862 total_us=8950 rebuild_us=154 layout_us=2048 paint_us=374 encode_us=44 acquire_us=446 submit_us=5882 skipped=0 gpu_q=1 gpu_total_us=4861 gpu_prepass_us=0 gpu_main_us=4861 gpu_composite_us=0 gpu_blit_us=0
frust_shell_common::perf: frust-perf raw n=2863 total_us=8819 rebuild_us=156 layout_us=2084 paint_us=361 encode_us=41 acquire_us=292 submit_us=5882 skipped=0 gpu_q=1 gpu_total_us=4831 gpu_prepass_us=0 gpu_main_us=4831 gpu_composite_us=0 gpu_blit_us=0
frust_shell_common::perf: frust-perf raw n=2864 total_us=9325 rebuild_us=155 layout_us=2023 paint_us=365 encode_us=41 acquire_us=536 submit_us=6203 skipped=0 gpu_q=1 gpu_total_us=4754 gpu_prepass_us=0 gpu_main_us=4754 gpu_composite_us=0 gpu_blit_us=0
frust_shell_common::perf: frust-perf raw n=2865 total_us=9827 rebuild_us=143 layout_us=2007 paint_us=895 encode_us=42 acquire_us=493 submit_us=6246 skipped=0 gpu_q=1 gpu_total_us=4810 gpu_prepass_us=0 gpu_main_us=4810 gpu_composite_us=0 gpu_blit_us=0
frust_shell_android::app::frame: frust-perf platform-view tail depth=0 target=0 acquire_bound=false frame=2880 expected_present_us=0 acquire_us=421 period_us=8268
frust_shell_common::perf: frust-perf raw n=2866 total_us=8886 rebuild_us=132 layout_us=1994 paint_us=358 encode_us=38 acquire_us=305 submit_us=6056 skipped=0 gpu_q=1 gpu_total_us=4935 gpu_prepass_us=0 gpu_main_us=4935 gpu_composite_us=0 gpu_blit_us=0
frust_shell_common::perf: frust-perf raw n=2867 total_us=8887 rebuild_us=145 layout_us=2361 paint_us=392 encode_us=42 acquire_us=248 submit_us=5695 skipped=0 gpu_q=1 gpu_total_us=4912 gpu_prepass_us=0 gpu_main_us=4912 gpu_composite_us=0 gpu_blit_us=0
frust_shell_common::perf: frust-perf raw n=2868 total_us=8832 rebuild_us=165 layout_us=2053 paint_us=451 encode_us=48 acquire_us=73 submit_us=6039 skipped=0 gpu_q=1 gpu_total_us=4812 gpu_prepass_us=0 gpu_main_us=4812 gpu_composite_us=0 gpu_blit_us=0
frust_shell_common::perf: frust-perf raw n=2869 total_us=9475 rebuild_us=252 layout_us=1949 paint_us=355 encode_us=44 acquire_us=658 submit_us=6215 skipped=0 gpu_q=1 gpu_total_us=4772 gpu_prepass_us=0 gpu_main_us=4772 gpu_composite_us=0 gpu_blit_us=0
frust_shell_common::perf: frust-perf raw n=2870 total_us=9459 rebuild_us=151 layout_us=2016 paint_us=369 encode_us=53 acquire_us=161 submit_us=6707 skipped=0 gpu_q=1 gpu_total_us=4854 gpu_prepass_us=0 gpu_main_us=4854 gpu_composite_us=0 gpu_blit_us=0
frust_shell_common::perf: frust-perf raw n=2871 total_us=9285 rebuild_us=138 layout_us=1910 paint_us=372 encode_us=45 acquire_us=538 submit_us=6280 skipped=0 gpu_q=1 gpu_total_us=4873 gpu_prepass_us=0 gpu_main_us=4873 gpu_composite_us=0 gpu_blit_us=0
frust_shell_common::perf: frust-perf raw n=2872 total_us=9347 rebuild_us=149 layout_us=2008 paint_us=474 encode_us=45 acquire_us=511 submit_us=6157 skipped=0 gpu_q=1 gpu_total_us=4833 gpu_prepass_us=0 gpu_main_us=4833 gpu_composite_us=0 gpu_blit_us=0
frust_shell_common::perf: frust-perf raw n=2873 total_us=10308 rebuild_us=139 layout_us=2651 paint_us=736 encode_us=49 acquire_us=430 submit_us=6301 skipped=0 gpu_q=1 gpu_total_us=4858 gpu_prepass_us=0 gpu_main_us=4858 gpu_composite_us=0 gpu_blit_us=0
frust_shell_common::perf: frust-perf raw n=2874 total_us=8598 rebuild_us=128 layout_us=1958 paint_us=491 encode_us=50 acquire_us=79 submit_us=5890 skipped=0 gpu_q=1 gpu_total_us=4881 gpu_prepass_us=0 gpu_main_us=4881 gpu_composite_us=0 gpu_blit_us=0
frust_shell_common::perf: frust-perf raw n=2875 total_us=7808 rebuild_us=168 layout_us=2078 paint_us=432 encode_us=36 acquire_us=585 submit_us=4506 skipped=0 gpu_q=1 gpu_total_us=4850 gpu_prepass_us=0 gpu_main_us=4850 gpu_composite_us=0 gpu_blit_us=0
frust_shell_common::perf: frust-perf raw n=2876 total_us=7130 rebuild_us=139 layout_us=1798 paint_us=357 encode_us=36 acquire_us=113 submit_us=4684 skipped=0 gpu_q=1 gpu_total_us=4789 gpu_prepass_us=0 gpu_main_us=4789 gpu_composite_us=0 gpu_blit_us=0
frust_shell_common::perf: frust-perf raw n=2877 total_us=7418 rebuild_us=165 layout_us=1574 paint_us=341 encode_us=44 acquire_us=62 submit_us=5229 skipped=0 gpu_q=1 gpu_total_us=4837 gpu_prepass_us=0 gpu_main_us=4837 gpu_composite_us=0 gpu_blit_us=0
frust_shell_common::perf: frust-perf raw n=2878 total_us=8142 rebuild_us=124 layout_us=1484 paint_us=301 encode_us=46 acquire_us=67 submit_us=6118 skipped=0 gpu_q=1 gpu_total_us=4920 gpu_prepass_us=0 gpu_main_us=4920 gpu_composite_us=0 gpu_blit_us=0
frust_shell_common::perf: frust-perf raw n=2879 total_us=9230 rebuild_us=133 layout_us=1943 paint_us=338 encode_us=46 acquire_us=74 submit_us=6693 skipped=0 gpu_q=1 gpu_total_us=4909 gpu_prepass_us=0 gpu_main_us=4909 gpu_composite_us=0 gpu_blit_us=0
frust_engine::renderer: frust-perf enc n=2880 w=60 validate_us=13.5 prepare_us=2.9 classify_us=44.6 admit_us=0.2 walk_us=2860.9 glyphs_us=2315.1 finish_us=2.0 compile_us=2931.4 schedule_us=4.0 paints_us=139.7 instances_us=208.9 resize_us=10.2 upload_us=273.5 replay_us=0.3 pipelines_us=16.1 record_us=28.4 total_us=3629.1 total_p95_us=4023.9 draws=829 strips=12454 alphas=301488 glyph_draws=797 atlas_glyphs=797
frust_shell_common::perf: frust-perf raw n=2880 total_us=9718 rebuild_us=140 layout_us=2183 paint_us=371 encode_us=51 acquire_us=235 submit_us=6735 skipped=0 gpu_q=1 gpu_total_us=4768 gpu_prepass_us=0 gpu_main_us=4768 gpu_composite_us=0 gpu_blit_us=0
frust_shell_common::perf: frust-perf raw n=2881 total_us=9169 rebuild_us=176 layout_us=1987 paint_us=415 encode_us=43 acquire_us=170 submit_us=6376 skipped=0 gpu_q=1 gpu_total_us=4761 gpu_prepass_us=0 gpu_main_us=4761 gpu_composite_us=0 gpu_blit_us=0
frust_shell_common::perf: frust-perf raw n=2882 total_us=9256 rebuild_us=132 layout_us=2033 paint_us=410 encode_us=41 acquire_us=518 submit_us=6121 skipped=0 gpu_q=1 gpu_total_us=4829 gpu_prepass_us=0 gpu_main_us=4829 gpu_composite_us=0 gpu_blit_us=0
frust_shell_common::perf: frust-perf raw n=2883 total_us=9280 rebuild_us=135 layout_us=2051 paint_us=403 encode_us=39 acquire_us=506 submit_us=6144 skipped=0 gpu_q=1 gpu_total_us=4875 gpu_prepass_us=0 gpu_main_us=4875 gpu_composite_us=0 gpu_blit_us=0
frust_shell_common::perf: frust-perf raw n=2884 total_us=7821 rebuild_us=159 layout_us=1599 paint_us=307 encode_us=48 acquire_us=77 submit_us=5629 skipped=0 gpu_q=1 gpu_total_us=4809 gpu_prepass_us=0 gpu_main_us=4809 gpu_composite_us=0 gpu_blit_us=0
frust_shell_common::perf: frust-perf raw n=2885 total_us=9669 rebuild_us=141 layout_us=2384 paint_us=381 encode_us=42 acquire_us=67 submit_us=6652 skipped=0 gpu_q=1 gpu_total_us=4860 gpu_prepass_us=0 gpu_main_us=4860 gpu_composite_us=0 gpu_blit_us=0
frust_shell_common::perf: frust-perf raw n=2886 total_us=8924 rebuild_us=124 layout_us=2147 paint_us=381 encode_us=47 acquire_us=78 submit_us=6146 skipped=0 gpu_q=1 gpu_total_us=4869 gpu_prepass_us=0 gpu_main_us=4869 gpu_composite_us=0 gpu_blit_us=0
frust_shell_common::perf: frust-perf raw n=2887 total_us=8435 rebuild_us=154 layout_us=1858 paint_us=347 encode_us=42 acquire_us=72 submit_us=5960 skipped=0 gpu_q=1 gpu_total_us=4900 gpu_prepass_us=0 gpu_main_us=4900 gpu_composite_us=0 gpu_blit_us=0
frust_shell_common::perf: frust-perf raw n=2888 total_us=8594 rebuild_us=145 layout_us=1866 paint_us=430 encode_us=40 acquire_us=68 submit_us=6043 skipped=0 gpu_q=1 gpu_total_us=4718 gpu_prepass_us=0 gpu_main_us=4718 gpu_composite_us=0 gpu_blit_us=0
frust_shell_common::perf: frust-perf frame n=120 total_p50_ms=8 total_p95_ms=9 total_p99_ms=10 rebuild_p95_ms=0 layout_p95_ms=2 paint_p95_ms=0 encode_p95_ms=0 acquire_p95_ms=0 submit_p95_ms=6 over_60hz=5 over_120hz=2242 skipped=0 total_frames=2888
frust_shell_common::perf: frust-perf raw n=2889 total_us=8949 rebuild_us=149 layout_us=2098 paint_us=553 encode_us=46 acquire_us=88 submit_us=6012 skipped=0 gpu_q=1 gpu_total_us=4785 gpu_prepass_us=0 gpu_main_us=4785 gpu_composite_us=0 gpu_blit_us=0
frust_shell_common::perf: frust-perf raw n=2890 total_us=8412 rebuild_us=152 layout_us=1711 paint_us=332 encode_us=40 acquire_us=158 submit_us=6015 skipped=0 gpu_q=1 gpu_total_us=4902 gpu_prepass_us=0 gpu_main_us=4902 gpu_composite_us=0 gpu_blit_us=0
frust_shell_common::perf: frust-perf raw n=2891 total_us=8920 rebuild_us=143 layout_us=2339 paint_us=399 encode_us=47 acquire_us=71 submit_us=5918 skipped=0 gpu_q=1 gpu_total_us=4943 gpu_prepass_us=0 gpu_main_us=4943 gpu_composite_us=0 gpu_blit_us=0
frust_shell_common::perf: frust-perf raw n=2892 total_us=8315 rebuild_us=176 layout_us=1732 paint_us=389 encode_us=43 acquire_us=83 submit_us=5889 skipped=0 gpu_q=1 gpu_total_us=4772 gpu_prepass_us=0 gpu_main_us=4772 gpu_composite_us=0 gpu_blit_us=0
frust_shell_common::perf: frust-perf raw n=2893 total_us=10106 rebuild_us=148 layout_us=2060 paint_us=385 encode_us=42 acquire_us=225 submit_us=7243 skipped=0 gpu_q=1 gpu_total_us=5089 gpu_prepass_us=0 gpu_main_us=5089 gpu_composite_us=0 gpu_blit_us=0
frust_shell_common::perf: frust-perf raw n=2894 total_us=8735 rebuild_us=147 layout_us=2088 paint_us=383 encode_us=41 acquire_us=491 submit_us=5582 skipped=0 gpu_q=1 gpu_total_us=4863 gpu_prepass_us=0 gpu_main_us=4863 gpu_composite_us=0 gpu_blit_us=0
frust_shell_common::perf: frust-perf raw n=2895 total_us=8808 rebuild_us=166 layout_us=2125 paint_us=360 encode_us=39 acquire_us=1025 submit_us=5091 skipped=0 gpu_q=1 gpu_total_us=4894 gpu_prepass_us=0 gpu_main_us=4894 gpu_composite_us=0 gpu_blit_us=0
frust_shell_common::perf: frust-perf raw n=2896 total_us=8293 rebuild_us=159 layout_us=2072 paint_us=374 encode_us=45 acquire_us=120 submit_us=5519 skipped=0 gpu_q=1 gpu_total_us=4746 gpu_prepass_us=0 gpu_main_us=4746 gpu_composite_us=0 gpu_blit_us=0
frust_shell_common::perf: frust-perf raw n=2897 total_us=8108 rebuild_us=146 layout_us=2006 paint_us=337 encode_us=39 acquire_us=130 submit_us=5447 skipped=0 gpu_q=1 gpu_total_us=4948 gpu_prepass_us=92 gpu_main_us=4855 gpu_composite_us=0 gpu_blit_us=0
frust_shell_common::perf: frust-perf raw n=2898 total_us=9223 rebuild_us=137 layout_us=2381 paint_us=389 encode_us=48 acquire_us=72 submit_us=6192 skipped=0 gpu_q=1 gpu_total_us=4880 gpu_prepass_us=0 gpu_main_us=4880 gpu_composite_us=0 gpu_blit_us=0
frust_shell_common::perf: frust-perf raw n=2899 total_us=9423 rebuild_us=176 layout_us=2014 paint_us=444 encode_us=51 acquire_us=77 submit_us=6659 skipped=0 gpu_q=1 gpu_total_us=4925 gpu_prepass_us=0 gpu_main_us=4925 gpu_composite_us=0 gpu_blit_us=0
frust_shell_common::perf: frust-perf raw n=2900 total_us=9369 rebuild_us=172 layout_us=2071 paint_us=378 encode_us=44 acquire_us=79 submit_us=6623 skipped=0 gpu_q=1 gpu_total_us=4754 gpu_prepass_us=0 gpu_main_us=4754 gpu_composite_us=0 gpu_blit_us=0
frust_shell_common::perf: frust-perf raw n=2901 total_us=9444 rebuild_us=141 layout_us=2535 paint_us=490 encode_us=75 acquire_us=73 submit_us=6127 skipped=0 gpu_q=1 gpu_total_us=4814 gpu_prepass_us=0 gpu_main_us=4814 gpu_composite_us=0 gpu_blit_us=0
frust_shell_common::perf: frust-perf raw n=2902 total_us=9083 rebuild_us=136 layout_us=2061 paint_us=374 encode_us=40 acquire_us=395 submit_us=6076 skipped=0 gpu_q=1 gpu_total_us=4819 gpu_prepass_us=0 gpu_main_us=4819 gpu_composite_us=0 gpu_blit_us=0
frust_shell_common::perf: frust-perf raw n=2903 total_us=8597 rebuild_us=154 layout_us=1883 paint_us=369 encode_us=38 acquire_us=619 submit_us=5532 skipped=0 gpu_q=1 gpu_total_us=4939 gpu_prepass_us=0 gpu_main_us=4939 gpu_composite_us=0 gpu_blit_us=0
frust_shell_common::perf: frust-perf raw n=2904 total_us=8749 rebuild_us=205 layout_us=2361 paint_us=400 encode_us=46 acquire_us=70 submit_us=5665 skipped=0 gpu_q=1 gpu_total_us=4781 gpu_prepass_us=0 gpu_main_us=4781 gpu_composite_us=0 gpu_blit_us=0
frust_shell_common::perf: frust-perf raw n=2905 total_us=8102 rebuild_us=149 layout_us=1613 paint_us=323 encode_us=46 acquire_us=148 submit_us=5821 skipped=0 gpu_q=1 gpu_total_us=4840 gpu_prepass_us=0 gpu_main_us=4840 gpu_composite_us=0 gpu_blit_us=0
frust_shell_common::perf: frust-perf raw n=2906 total_us=8277 rebuild_us=146 layout_us=2019 paint_us=360 encode_us=46 acquire_us=67 submit_us=5637 skipped=0 gpu_q=1 gpu_total_us=4852 gpu_prepass_us=0 gpu_main_us=4852 gpu_composite_us=0 gpu_blit_us=0
frust_shell_common::perf: frust-perf raw n=2907 total_us=8331 rebuild_us=150 layout_us=2064 paint_us=375 encode_us=51 acquire_us=76 submit_us=5612 skipped=0 gpu_q=1 gpu_total_us=4837 gpu_prepass_us=0 gpu_main_us=4837 gpu_composite_us=0 gpu_blit_us=0
frust_shell_common::perf: frust-perf raw n=2908 total_us=7330 rebuild_us=143 layout_us=2071 paint_us=380 encode_us=40 acquire_us=118 submit_us=4575 skipped=0 gpu_q=1 gpu_total_us=4731 gpu_prepass_us=0 gpu_main_us=4731 gpu_composite_us=0 gpu_blit_us=0
frust_shell_common::perf: frust-perf raw n=2909 total_us=7342 rebuild_us=140 layout_us=1773 paint_us=311 encode_us=36 acquire_us=59 submit_us=5019 skipped=0 gpu_q=1 gpu_total_us=4861 gpu_prepass_us=0 gpu_main_us=4861 gpu_composite_us=0 gpu_blit_us=0
frust_shell_common::perf: frust-perf raw n=2910 total_us=9111 rebuild_us=144 layout_us=2637 paint_us=705 encode_us=46 acquire_us=67 submit_us=5510 skipped=0 gpu_q=1 gpu_total_us=4936 gpu_prepass_us=0 gpu_main_us=4936 gpu_composite_us=0 gpu_blit_us=0
frust_shell_common::perf: frust-perf raw n=2911 total_us=7264 rebuild_us=131 layout_us=1841 paint_us=518 encode_us=44 acquire_us=66 submit_us=4662 skipped=0 gpu_q=1 gpu_total_us=4915 gpu_prepass_us=0 gpu_main_us=4915 gpu_composite_us=0 gpu_blit_us=0
frust_shell_common::perf: frust-perf raw n=2912 total_us=6319 rebuild_us=142 layout_us=1757 paint_us=325 encode_us=35 acquire_us=49 submit_us=4009 skipped=0 gpu_q=1 gpu_total_us=4748 gpu_prepass_us=0 gpu_main_us=4748 gpu_composite_us=0 gpu_blit_us=0
frust_shell_common::perf: frust-perf raw n=2913 total_us=10063 rebuild_us=143 layout_us=1798 paint_us=336 encode_us=35 acquire_us=258 submit_us=7490 skipped=0 gpu_q=1 gpu_total_us=5239 gpu_prepass_us=0 gpu_main_us=5239 gpu_composite_us=0 gpu_blit_us=0
frust_shell_common::perf: frust-perf raw n=2914 total_us=7475 rebuild_us=138 layout_us=2108 paint_us=372 encode_us=39 acquire_us=77 submit_us=4738 skipped=0 gpu_q=1 gpu_total_us=4729 gpu_prepass_us=0 gpu_main_us=4729 gpu_composite_us=0 gpu_blit_us=0
frust_shell_common::perf: frust-perf raw n=2915 total_us=7206 rebuild_us=146 layout_us=1643 paint_us=311 encode_us=35 acquire_us=280 submit_us=4788 skipped=0 gpu_q=1 gpu_total_us=4895 gpu_prepass_us=0 gpu_main_us=4895 gpu_composite_us=0 gpu_blit_us=0
frust_shell_common::perf: frust-perf raw n=2916 total_us=8535 rebuild_us=138 layout_us=1983 paint_us=341 encode_us=41 acquire_us=61 submit_us=5968 skipped=0 gpu_q=1 gpu_total_us=4790 gpu_prepass_us=0 gpu_main_us=4790 gpu_composite_us=0 gpu_blit_us=0
frust_shell_common::perf: frust-perf raw n=2917 total_us=8690 rebuild_us=142 layout_us=1929 paint_us=369 encode_us=52 acquire_us=75 submit_us=6121 skipped=0 gpu_q=1 gpu_total_us=4899 gpu_prepass_us=71 gpu_main_us=4828 gpu_composite_us=0 gpu_blit_us=0
frust_shell_common::perf: frust-perf raw n=2918 total_us=8602 rebuild_us=150 layout_us=1922 paint_us=360 encode_us=51 acquire_us=75 submit_us=6042 skipped=0 gpu_q=1 gpu_total_us=4916 gpu_prepass_us=0 gpu_main_us=4916 gpu_composite_us=0 gpu_blit_us=0
frust_shell_common::perf: frust-perf raw n=2919 total_us=10116 rebuild_us=166 layout_us=2647 paint_us=386 encode_us=51 acquire_us=788 submit_us=6076 skipped=0 gpu_q=1 gpu_total_us=4808 gpu_prepass_us=0 gpu_main_us=4808 gpu_composite_us=0 gpu_blit_us=0
frust_shell_common::perf: frust-perf raw n=2920 total_us=8632 rebuild_us=136 layout_us=1851 paint_us=665 encode_us=45 acquire_us=77 submit_us=5857 skipped=0 gpu_q=1 gpu_total_us=4722 gpu_prepass_us=0 gpu_main_us=4722 gpu_composite_us=0 gpu_blit_us=0
frust_shell_common::perf: frust-perf raw n=2921 total_us=8270 rebuild_us=131 layout_us=1688 paint_us=476 encode_us=48 acquire_us=76 submit_us=5850 skipped=0 gpu_q=1 gpu_total_us=4832 gpu_prepass_us=0 gpu_main_us=4832 gpu_composite_us=0 gpu_blit_us=0
frust_shell_common::perf: frust-perf raw n=2922 total_us=9134 rebuild_us=138 layout_us=2365 paint_us=398 encode_us=50 acquire_us=72 submit_us=6109 skipped=0 gpu_q=1 gpu_total_us=4963 gpu_prepass_us=0 gpu_main_us=4963 gpu_composite_us=0 gpu_blit_us=0
frust_shell_common::perf: frust-perf raw n=2923 total_us=9134 rebuild_us=166 layout_us=2211 paint_us=435 encode_us=45 acquire_us=224 submit_us=6051 skipped=0 gpu_q=1 gpu_total_us=4911 gpu_prepass_us=0 gpu_main_us=4911 gpu_composite_us=0 gpu_blit_us=0
frust_shell_common::perf: frust-perf raw n=2924 total_us=8869 rebuild_us=216 layout_us=2144 paint_us=500 encode_us=50 acquire_us=74 submit_us=5882 skipped=0 gpu_q=1 gpu_total_us=4797 gpu_prepass_us=0 gpu_main_us=4797 gpu_composite_us=0 gpu_blit_us=0
frust_shell_common::perf: frust-perf raw n=2925 total_us=8965 rebuild_us=154 layout_us=2076 paint_us=503 encode_us=45 acquire_us=75 submit_us=6111 skipped=0 gpu_q=1 gpu_total_us=4824 gpu_prepass_us=0 gpu_main_us=4824 gpu_composite_us=0 gpu_blit_us=0
frust_shell_common::perf: frust-perf raw n=2926 total_us=9350 rebuild_us=163 layout_us=2164 paint_us=377 encode_us=43 acquire_us=326 submit_us=6275 skipped=0 gpu_q=1 gpu_total_us=4850 gpu_prepass_us=0 gpu_main_us=4850 gpu_composite_us=0 gpu_blit_us=0
frust_shell_common::perf: frust-perf raw n=2927 total_us=8932 rebuild_us=144 layout_us=2122 paint_us=360 encode_us=45 acquire_us=72 submit_us=6187 skipped=0 gpu_q=1 gpu_total_us=4915 gpu_prepass_us=0 gpu_main_us=4915 gpu_composite_us=0 gpu_blit_us=0
frust_shell_common::perf: frust-perf raw n=2928 total_us=8387 rebuild_us=311 layout_us=1929 paint_us=511 encode_us=43 acquire_us=68 submit_us=5523 skipped=0 gpu_q=1 gpu_total_us=4825 gpu_prepass_us=0 gpu_main_us=4825 gpu_composite_us=0 gpu_blit_us=0
frust_shell_common::perf: frust-perf raw n=2929 total_us=8931 rebuild_us=174 layout_us=2471 paint_us=406 encode_us=65 acquire_us=70 submit_us=5743 skipped=0 gpu_q=1 gpu_total_us=4846 gpu_prepass_us=0 gpu_main_us=4846 gpu_composite_us=0 gpu_blit_us=0
frust_shell_common::perf: frust-perf raw n=2930 total_us=8412 rebuild_us=197 layout_us=1663 paint_us=337 encode_us=43 acquire_us=156 submit_us=6012 skipped=0 gpu_q=1 gpu_total_us=4861 gpu_prepass_us=0 gpu_main_us=4861 gpu_composite_us=0 gpu_blit_us=0
frust_shell_common::perf: frust-perf raw n=2931 total_us=9085 rebuild_us=142 layout_us=1938 paint_us=364 encode_us=44 acquire_us=435 submit_us=6159 skipped=0 gpu_q=1 gpu_total_us=4880 gpu_prepass_us=0 gpu_main_us=4880 gpu_composite_us=0 gpu_blit_us=0
frust_shell_common::perf: frust-perf raw n=2932 total_us=10355 rebuild_us=173 layout_us=1920 paint_us=366 encode_us=45 acquire_us=78 submit_us=7771 skipped=0 gpu_q=1 gpu_total_us=4727 gpu_prepass_us=0 gpu_main_us=4727 gpu_composite_us=0 gpu_blit_us=0
frust_shell_common::perf: frust-perf raw n=2933 total_us=8622 rebuild_us=145 layout_us=1873 paint_us=645 encode_us=86 acquire_us=74 submit_us=5795 skipped=0 gpu_q=1 gpu_total_us=4790 gpu_prepass_us=0 gpu_main_us=4790 gpu_composite_us=0 gpu_blit_us=0
frust_shell_common::perf: frust-perf raw n=2934 total_us=7464 rebuild_us=169 layout_us=2064 paint_us=416 encode_us=37 acquire_us=358 submit_us=4419 skipped=0 gpu_q=1 gpu_total_us=4929 gpu_prepass_us=0 gpu_main_us=4929 gpu_composite_us=0 gpu_blit_us=0
frust_shell_common::perf: frust-perf raw n=2935 total_us=8210 rebuild_us=151 layout_us=2266 paint_us=384 encode_us=36 acquire_us=206 submit_us=5164 skipped=0 gpu_q=1 gpu_total_us=4904 gpu_prepass_us=0 gpu_main_us=4904 gpu_composite_us=0 gpu_blit_us=0
frust_shell_common::perf: frust-perf raw n=2936 total_us=8809 rebuild_us=141 layout_us=1791 paint_us=375 encode_us=43 acquire_us=351 submit_us=6106 skipped=0 gpu_q=1 gpu_total_us=4991 gpu_prepass_us=85 gpu_main_us=4905 gpu_composite_us=0 gpu_blit_us=0
frust_shell_common::perf: frust-perf raw n=2937 total_us=8438 rebuild_us=144 layout_us=1423 paint_us=341 encode_us=43 acquire_us=77 submit_us=6407 skipped=0 gpu_q=1 gpu_total_us=4772 gpu_prepass_us=0 gpu_main_us=4772 gpu_composite_us=0 gpu_blit_us=0
frust_shell_common::perf: frust-perf raw n=2938 total_us=9068 rebuild_us=143 layout_us=2105 paint_us=377 encode_us=46 acquire_us=68 submit_us=6327 skipped=0 gpu_q=1 gpu_total_us=4857 gpu_prepass_us=0 gpu_main_us=4857 gpu_composite_us=0 gpu_blit_us=0
frust_shell_common::perf: frust-perf raw n=2939 total_us=9494 rebuild_us=144 layout_us=1992 paint_us=447 encode_us=51 acquire_us=80 submit_us=6777 skipped=0 gpu_q=1 gpu_total_us=4827 gpu_prepass_us=0 gpu_main_us=4827 gpu_composite_us=0 gpu_blit_us=0
frust_engine::renderer: frust-perf enc n=2940 w=60 validate_us=12.8 prepare_us=2.8 classify_us=44.3 admit_us=0.2 walk_us=2833.2 glyphs_us=2276.0 finish_us=2.0 compile_us=2908.8 schedule_us=3.9 paints_us=138.5 instances_us=208.2 resize_us=10.3 upload_us=265.0 replay_us=0.3 pipelines_us=15.7 record_us=27.4 total_us=3596.6 total_p95_us=4182.3 draws=829 strips=12462 alphas=302832 glyph_draws=797 atlas_glyphs=797
frust_shell_common::perf: frust-perf raw n=2940 total_us=9287 rebuild_us=142 layout_us=1980 paint_us=367 encode_us=44 acquire_us=225 submit_us=6527 skipped=0 gpu_q=1 gpu_total_us=4888 gpu_prepass_us=0 gpu_main_us=4888 gpu_composite_us=0 gpu_blit_us=0
frust_shell_common::perf: frust-perf raw n=2941 total_us=9352 rebuild_us=168 layout_us=2524 paint_us=394 encode_us=62 acquire_us=73 submit_us=6128 skipped=0 gpu_q=1 gpu_total_us=4822 gpu_prepass_us=0 gpu_main_us=4822 gpu_composite_us=0 gpu_blit_us=0
frust_shell_common::perf: frust-perf raw n=2942 total_us=8272 rebuild_us=137 layout_us=1980 paint_us=363 encode_us=54 acquire_us=70 submit_us=5667 skipped=0 gpu_q=1 gpu_total_us=4893 gpu_prepass_us=0 gpu_main_us=4893 gpu_composite_us=0 gpu_blit_us=0
frust_shell_common::perf: frust-perf raw n=2943 total_us=8752 rebuild_us=146 layout_us=1974 paint_us=362 encode_us=38 acquire_us=269 submit_us=5960 skipped=0 gpu_q=1 gpu_total_us=4857 gpu_prepass_us=0 gpu_main_us=4857 gpu_composite_us=0 gpu_blit_us=0
frust_shell_common::perf: frust-perf raw n=2944 total_us=8941 rebuild_us=160 layout_us=1897 paint_us=367 encode_us=41 acquire_us=367 submit_us=6106 skipped=0 gpu_q=1 gpu_total_us=4804 gpu_prepass_us=0 gpu_main_us=4804 gpu_composite_us=0 gpu_blit_us=0
frust_shell_common::perf: frust-perf raw n=2945 total_us=9105 rebuild_us=157 layout_us=1917 paint_us=368 encode_us=42 acquire_us=263 submit_us=6355 skipped=0 gpu_q=1 gpu_total_us=4813 gpu_prepass_us=0 gpu_main_us=4813 gpu_composite_us=0 gpu_blit_us=0
frust_shell_common::perf: frust-perf raw n=2946 total_us=9207 rebuild_us=142 layout_us=1945 paint_us=374 encode_us=43 acquire_us=536 submit_us=6164 skipped=0 gpu_q=1 gpu_total_us=4910 gpu_prepass_us=0 gpu_main_us=4910 gpu_composite_us=0 gpu_blit_us=0
frust_shell_common::perf: frust-perf raw n=2947 total_us=9084 rebuild_us=174 layout_us=2257 paint_us=410 encode_us=45 acquire_us=72 submit_us=6123 skipped=0 gpu_q=1 gpu_total_us=4910 gpu_prepass_us=0 gpu_main_us=4910 gpu_composite_us=0 gpu_blit_us=0
frust_shell_common::perf: frust-perf raw n=2948 total_us=8133 rebuild_us=170 layout_us=1939 paint_us=388 encode_us=43 acquire_us=71 submit_us=5520 skipped=0 gpu_q=1 gpu_total_us=4772 gpu_prepass_us=0 gpu_main_us=4772 gpu_composite_us=0 gpu_blit_us=0
frust_shell_common::perf: frust-perf raw n=2949 total_us=9647 rebuild_us=148 layout_us=3028 paint_us=372 encode_us=46 acquire_us=73 submit_us=5977 skipped=0 gpu_q=1 gpu_total_us=4863 gpu_prepass_us=0 gpu_main_us=4863 gpu_composite_us=0 gpu_blit_us=0
frust_shell_common::perf: frust-perf raw n=2950 total_us=8705 rebuild_us=137 layout_us=1989 paint_us=480 encode_us=44 acquire_us=77 submit_us=5976 skipped=0 gpu_q=1 gpu_total_us=4834 gpu_prepass_us=0 gpu_main_us=4834 gpu_composite_us=0 gpu_blit_us=0
frust_shell_common::perf: frust-perf raw n=2951 total_us=8711 rebuild_us=195 layout_us=2023 paint_us=392 encode_us=52 acquire_us=74 submit_us=5972 skipped=0 gpu_q=1 gpu_total_us=4861 gpu_prepass_us=0 gpu_main_us=4861 gpu_composite_us=0 gpu_blit_us=0
frust_shell_common::perf: frust-perf raw n=2952 total_us=9961 rebuild_us=157 layout_us=2108 paint_us=446 encode_us=50 acquire_us=72 submit_us=7126 skipped=0 gpu_q=1 gpu_total_us=4777 gpu_prepass_us=0 gpu_main_us=4777 gpu_composite_us=0 gpu_blit_us=0
frust_shell_common::perf: frust-perf raw n=2953 total_us=8987 rebuild_us=137 layout_us=2766 paint_us=412 encode_us=45 acquire_us=67 submit_us=5558 skipped=0 gpu_q=1 gpu_total_us=4945 gpu_prepass_us=0 gpu_main_us=4945 gpu_composite_us=0 gpu_blit_us=0
frust_shell_common::perf: frust-perf raw n=2954 total_us=8508 rebuild_us=221 layout_us=2187 paint_us=438 encode_us=47 acquire_us=118 submit_us=5495 skipped=0 gpu_q=1 gpu_total_us=4886 gpu_prepass_us=0 gpu_main_us=4886 gpu_composite_us=0 gpu_blit_us=0
frust_shell_common::perf: frust-perf raw n=2955 total_us=8220 rebuild_us=145 layout_us=2151 paint_us=383 encode_us=44 acquire_us=69 submit_us=5427 skipped=0 gpu_q=1 gpu_total_us=4921 gpu_prepass_us=0 gpu_main_us=4921 gpu_composite_us=0 gpu_blit_us=0
frust_shell_common::perf: frust-perf raw n=2956 total_us=9739 rebuild_us=148 layout_us=2218 paint_us=363 encode_us=40 acquire_us=645 submit_us=6322 skipped=0 gpu_q=1 gpu_total_us=4819 gpu_prepass_us=87 gpu_main_us=4731 gpu_composite_us=0 gpu_blit_us=0
frust_shell_common::perf: frust-perf raw n=2957 total_us=9470 rebuild_us=138 layout_us=1948 paint_us=355 encode_us=42 acquire_us=199 submit_us=6786 skipped=0 gpu_q=1 gpu_total_us=4817 gpu_prepass_us=0 gpu_main_us=4817 gpu_composite_us=0 gpu_blit_us=0
frust_shell_common::perf: frust-perf raw n=2958 total_us=8926 rebuild_us=139 layout_us=1944 paint_us=343 encode_us=44 acquire_us=344 submit_us=6110 skipped=0 gpu_q=1 gpu_total_us=4880 gpu_prepass_us=0 gpu_main_us=4880 gpu_composite_us=0 gpu_blit_us=0
frust_shell_common::perf: frust-perf raw n=2959 total_us=8364 rebuild_us=173 layout_us=1998 paint_us=354 encode_us=43 acquire_us=184 submit_us=5610 skipped=0 gpu_q=1 gpu_total_us=4991 gpu_prepass_us=0 gpu_main_us=4991 gpu_composite_us=0 gpu_blit_us=0
frust_shell_common::perf: frust-perf raw n=2960 total_us=8799 rebuild_us=138 layout_us=2363 paint_us=390 encode_us=44 acquire_us=147 submit_us=5714 skipped=0 gpu_q=1 gpu_total_us=4775 gpu_prepass_us=0 gpu_main_us=4775 gpu_composite_us=0 gpu_blit_us=0
frust_shell_common::perf: frust-perf raw n=2961 total_us=8973 rebuild_us=164 layout_us=2085 paint_us=563 encode_us=43 acquire_us=72 submit_us=6044 skipped=0 gpu_q=1 gpu_total_us=4839 gpu_prepass_us=0 gpu_main_us=4839 gpu_composite_us=0 gpu_blit_us=0
frust_shell_common::perf: frust-perf raw n=2962 total_us=9236 rebuild_us=148 layout_us=2005 paint_us=361 encode_us=46 acquire_us=499 submit_us=6173 skipped=0 gpu_q=1 gpu_total_us=4867 gpu_prepass_us=0 gpu_main_us=4867 gpu_composite_us=0 gpu_blit_us=0
frust_shell_common::perf: frust-perf raw n=2963 total_us=9119 rebuild_us=150 layout_us=1921 paint_us=368 encode_us=46 acquire_us=528 submit_us=6104 skipped=0 gpu_q=1 gpu_total_us=4865 gpu_prepass_us=0 gpu_main_us=4865 gpu_composite_us=0 gpu_blit_us=0
frust_shell_common::perf: frust-perf raw n=2964 total_us=9439 rebuild_us=167 layout_us=1966 paint_us=368 encode_us=42 acquire_us=710 submit_us=6183 skipped=0 gpu_q=1 gpu_total_us=4778 gpu_prepass_us=0 gpu_main_us=4778 gpu_composite_us=0 gpu_blit_us=0
frust_shell_common::perf: frust-perf raw n=2965 total_us=9305 rebuild_us=136 layout_us=1974 paint_us=416 encode_us=42 acquire_us=733 submit_us=6001 skipped=0 gpu_q=1 gpu_total_us=4892 gpu_prepass_us=0 gpu_main_us=4892 gpu_composite_us=0 gpu_blit_us=0
frust_shell_common::perf: frust-perf raw n=2966 total_us=9103 rebuild_us=137 layout_us=2236 paint_us=407 encode_us=43 acquire_us=218 submit_us=6060 skipped=0 gpu_q=1 gpu_total_us=4886 gpu_prepass_us=0 gpu_main_us=4886 gpu_composite_us=0 gpu_blit_us=0
frust_shell_common::perf: frust-perf raw n=2967 total_us=8950 rebuild_us=158 layout_us=2006 paint_us=380 encode_us=41 acquire_us=421 submit_us=5941 skipped=0 gpu_q=1 gpu_total_us=4916 gpu_prepass_us=0 gpu_main_us=4916 gpu_composite_us=0 gpu_blit_us=0
frust_shell_common::perf: frust-perf raw n=2968 total_us=8163 rebuild_us=148 layout_us=1594 paint_us=320 encode_us=41 acquire_us=275 submit_us=5782 skipped=0 gpu_q=1 gpu_total_us=4786 gpu_prepass_us=0 gpu_main_us=4786 gpu_composite_us=0 gpu_blit_us=0
frust_shell_common::perf: frust-perf raw n=2969 total_us=8147 rebuild_us=143 layout_us=1812 paint_us=331 encode_us=45 acquire_us=64 submit_us=5749 skipped=0 gpu_q=1 gpu_total_us=4798 gpu_prepass_us=0 gpu_main_us=4798 gpu_composite_us=0 gpu_blit_us=0
frust_shell_common::perf: frust-perf raw n=2970 total_us=9904 rebuild_us=142 layout_us=2157 paint_us=362 encode_us=45 acquire_us=617 submit_us=6578 skipped=0 gpu_q=1 gpu_total_us=4873 gpu_prepass_us=0 gpu_main_us=4873 gpu_composite_us=0 gpu_blit_us=0
frust_shell_common::perf: frust-perf raw n=2971 total_us=8470 rebuild_us=125 layout_us=1571 paint_us=463 encode_us=46 acquire_us=79 submit_us=6183 skipped=0 gpu_q=1 gpu_total_us=4901 gpu_prepass_us=0 gpu_main_us=4901 gpu_composite_us=0 gpu_blit_us=0
frust_shell_common::perf: frust-perf raw n=2972 total_us=6797 rebuild_us=160 layout_us=1787 paint_us=326 encode_us=33 acquire_us=208 submit_us=4280 skipped=0 gpu_q=1 gpu_total_us=4808 gpu_prepass_us=0 gpu_main_us=4808 gpu_composite_us=0 gpu_blit_us=0
frust_shell_common::perf: frust-perf raw n=2973 total_us=9349 rebuild_us=147 layout_us=1924 paint_us=370 encode_us=36 acquire_us=506 submit_us=6363 skipped=0 gpu_q=1 gpu_total_us=4816 gpu_prepass_us=0 gpu_main_us=4816 gpu_composite_us=0 gpu_blit_us=0
frust_shell_common::perf: frust-perf raw n=2974 total_us=8833 rebuild_us=183 layout_us=1979 paint_us=379 encode_us=47 acquire_us=78 submit_us=6164 skipped=0 gpu_q=1 gpu_total_us=4865 gpu_prepass_us=0 gpu_main_us=4865 gpu_composite_us=0 gpu_blit_us=0
frust_shell_common::perf: frust-perf raw n=2975 total_us=8906 rebuild_us=158 layout_us=1923 paint_us=477 encode_us=46 acquire_us=129 submit_us=6169 skipped=0 gpu_q=1 gpu_total_us=4873 gpu_prepass_us=108 gpu_main_us=4765 gpu_composite_us=0 gpu_blit_us=0
frust_shell_common::perf: frust-perf raw n=2976 total_us=8787 rebuild_us=166 layout_us=1943 paint_us=373 encode_us=45 acquire_us=122 submit_us=6135 skipped=0 gpu_q=1 gpu_total_us=4727 gpu_prepass_us=0 gpu_main_us=4727 gpu_composite_us=0 gpu_blit_us=0
frust_shell_common::perf: frust-perf raw n=2977 total_us=9038 rebuild_us=165 layout_us=1908 paint_us=467 encode_us=49 acquire_us=225 submit_us=6222 skipped=0 gpu_q=1 gpu_total_us=4769 gpu_prepass_us=0 gpu_main_us=4769 gpu_composite_us=0 gpu_blit_us=0
frust_shell_common::perf: frust-perf raw n=2978 total_us=9275 rebuild_us=163 layout_us=2300 paint_us=659 encode_us=46 acquire_us=76 submit_us=6027 skipped=0 gpu_q=1 gpu_total_us=4924 gpu_prepass_us=0 gpu_main_us=4924 gpu_composite_us=0 gpu_blit_us=0
frust_shell_common::perf: frust-perf raw n=2979 total_us=8727 rebuild_us=143 layout_us=2080 paint_us=442 encode_us=42 acquire_us=74 submit_us=5942 skipped=0 gpu_q=1 gpu_total_us=4893 gpu_prepass_us=0 gpu_main_us=4893 gpu_composite_us=0 gpu_blit_us=0
frust_shell_common::perf: frust-perf raw n=2980 total_us=8584 rebuild_us=216 layout_us=1885 paint_us=513 encode_us=69 acquire_us=72 submit_us=5827 skipped=0 gpu_q=1 gpu_total_us=4767 gpu_prepass_us=0 gpu_main_us=4767 gpu_composite_us=0 gpu_blit_us=0
frust_shell_common::perf: frust-perf raw n=2981 total_us=8710 rebuild_us=196 layout_us=1981 paint_us=390 encode_us=48 acquire_us=76 submit_us=6016 skipped=0 gpu_q=1 gpu_total_us=4784 gpu_prepass_us=0 gpu_main_us=4784 gpu_composite_us=0 gpu_blit_us=0
frust_shell_common::perf: frust-perf raw n=2982 total_us=8994 rebuild_us=155 layout_us=2243 paint_us=373 encode_us=46 acquire_us=76 submit_us=6097 skipped=0 gpu_q=1 gpu_total_us=4848 gpu_prepass_us=0 gpu_main_us=4848 gpu_composite_us=0 gpu_blit_us=0
frust_shell_common::perf: frust-perf raw n=2983 total_us=8895 rebuild_us=260 layout_us=2120 paint_us=375 encode_us=42 acquire_us=72 submit_us=6022 skipped=0 gpu_q=1 gpu_total_us=4869 gpu_prepass_us=0 gpu_main_us=4869 gpu_composite_us=0 gpu_blit_us=0
frust_shell_common::perf: frust-perf raw n=2984 total_us=9396 rebuild_us=161 layout_us=2529 paint_us=399 encode_us=45 acquire_us=73 submit_us=6187 skipped=0 gpu_q=1 gpu_total_us=4858 gpu_prepass_us=0 gpu_main_us=4858 gpu_composite_us=0 gpu_blit_us=0
frust_shell_common::perf: frust-perf raw n=2985 total_us=9439 rebuild_us=140 layout_us=2155 paint_us=371 encode_us=47 acquire_us=657 submit_us=6068 skipped=0 gpu_q=1 gpu_total_us=4816 gpu_prepass_us=0 gpu_main_us=4816 gpu_composite_us=0 gpu_blit_us=0
frust_shell_android::app::frame: frust-perf platform-view tail depth=0 target=0 acquire_bound=false frame=3000 expected_present_us=0 acquire_us=192 period_us=8265
frust_shell_common::perf: frust-perf raw n=2986 total_us=8794 rebuild_us=143 layout_us=2201 paint_us=400 encode_us=46 acquire_us=72 submit_us=5930 skipped=0 gpu_q=1 gpu_total_us=4886 gpu_prepass_us=0 gpu_main_us=4886 gpu_composite_us=0 gpu_blit_us=0
frust_shell_common::perf: frust-perf raw n=2987 total_us=8953 rebuild_us=197 layout_us=2413 paint_us=506 encode_us=44 acquire_us=66 submit_us=5724 skipped=0 gpu_q=1 gpu_total_us=4847 gpu_prepass_us=0 gpu_main_us=4847 gpu_composite_us=0 gpu_blit_us=0
frust_shell_common::perf: frust-perf raw n=2988 total_us=8980 rebuild_us=151 layout_us=1923 paint_us=340 encode_us=42 acquire_us=338 submit_us=6183 skipped=0 gpu_q=1 gpu_total_us=5013 gpu_prepass_us=0 gpu_main_us=5013 gpu_composite_us=0 gpu_blit_us=0
frust_shell_common::perf: frust-perf raw n=2989 total_us=8712 rebuild_us=178 layout_us=1928 paint_us=358 encode_us=40 acquire_us=74 submit_us=6131 skipped=0 gpu_q=1 gpu_total_us=4858 gpu_prepass_us=0 gpu_main_us=4858 gpu_composite_us=0 gpu_blit_us=0
frust_shell_common::perf: frust-perf raw n=2990 total_us=9859 rebuild_us=147 layout_us=1923 paint_us=367 encode_us=49 acquire_us=75 submit_us=7296 skipped=0 gpu_q=1 gpu_total_us=4944 gpu_prepass_us=0 gpu_main_us=4944 gpu_composite_us=0 gpu_blit_us=0
frust_shell_common::perf: frust-perf raw n=2991 total_us=9418 rebuild_us=140 layout_us=2185 paint_us=398 encode_us=43 acquire_us=676 submit_us=5973 skipped=0 gpu_q=1 gpu_total_us=4863 gpu_prepass_us=0 gpu_main_us=4863 gpu_composite_us=0 gpu_blit_us=0
frust_shell_common::perf: frust-perf raw n=2992 total_us=8358 rebuild_us=138 layout_us=1887 paint_us=369 encode_us=40 acquire_us=496 submit_us=5425 skipped=0 gpu_q=1 gpu_total_us=4793 gpu_prepass_us=0 gpu_main_us=4793 gpu_composite_us=0 gpu_blit_us=0
frust_shell_common::perf: frust-perf raw n=2993 total_us=8030 rebuild_us=144 layout_us=2070 paint_us=362 encode_us=38 acquire_us=202 submit_us=5212 skipped=0 gpu_q=1 gpu_total_us=4821 gpu_prepass_us=0 gpu_main_us=4821 gpu_composite_us=0 gpu_blit_us=0
frust_shell_common::perf: frust-perf raw n=2994 total_us=8615 rebuild_us=143 layout_us=2112 paint_us=405 encode_us=44 acquire_us=201 submit_us=5708 skipped=0 gpu_q=1 gpu_total_us=4871 gpu_prepass_us=69 gpu_main_us=4802 gpu_composite_us=0 gpu_blit_us=0
frust_shell_common::perf: frust-perf raw n=2995 total_us=8830 rebuild_us=147 layout_us=1908 paint_us=542 encode_us=48 acquire_us=71 submit_us=6111 skipped=0 gpu_q=1 gpu_total_us=4840 gpu_prepass_us=0 gpu_main_us=4840 gpu_composite_us=0 gpu_blit_us=0
frust_shell_common::perf: frust-perf raw n=2996 total_us=8827 rebuild_us=155 layout_us=1974 paint_us=372 encode_us=41 acquire_us=220 submit_us=6062 skipped=0 gpu_q=1 gpu_total_us=4838 gpu_prepass_us=0 gpu_main_us=4838 gpu_composite_us=0 gpu_blit_us=0
frust_shell_common::perf: frust-perf raw n=2997 total_us=9660 rebuild_us=173 layout_us=2292 paint_us=419 encode_us=47 acquire_us=191 submit_us=6536 skipped=0 gpu_q=1 gpu_total_us=4848 gpu_prepass_us=0 gpu_main_us=4848 gpu_composite_us=0 gpu_blit_us=0
frust_shell_common::perf: frust-perf raw n=2998 total_us=8235 rebuild_us=139 layout_us=1782 paint_us=351 encode_us=48 acquire_us=387 submit_us=5525 skipped=0 gpu_q=1 gpu_total_us=4912 gpu_prepass_us=0 gpu_main_us=4912 gpu_composite_us=0 gpu_blit_us=0
frust_shell_common::perf: frust-perf raw n=2999 total_us=7974 rebuild_us=153 layout_us=2072 paint_us=374 encode_us=36 acquire_us=558 submit_us=4777 skipped=0 gpu_q=1 gpu_total_us=4841 gpu_prepass_us=0 gpu_main_us=4841 gpu_composite_us=0 gpu_blit_us=0
frust_engine::renderer: frust-perf enc n=3000 w=60 validate_us=13.4 prepare_us=3.0 classify_us=44.7 admit_us=0.2 walk_us=2855.4 glyphs_us=2296.0 finish_us=2.0 compile_us=2919.1 schedule_us=4.0 paints_us=140.0 instances_us=210.8 resize_us=10.4 upload_us=268.9 replay_us=0.3 pipelines_us=16.0 record_us=27.8 total_us=3639.2 total_p95_us=4132.3 draws=829 strips=12419 alphas=303040 glyph_draws=797 atlas_glyphs=797
frust_shell_common::perf: frust-perf raw n=3000 total_us=8698 rebuild_us=153 layout_us=2146 paint_us=365 encode_us=37 acquire_us=64 submit_us=5931 skipped=0 gpu_q=1 gpu_total_us=4757 gpu_prepass_us=0 gpu_main_us=4757 gpu_composite_us=0 gpu_blit_us=0
frust_shell_common::perf: frust-perf raw n=3001 total_us=10373 rebuild_us=155 layout_us=2034 paint_us=384 encode_us=43 acquire_us=1118 submit_us=6636 skipped=0 gpu_q=1 gpu_total_us=4796 gpu_prepass_us=0 gpu_main_us=4796 gpu_composite_us=0 gpu_blit_us=0
frust_shell_common::perf: frust-perf raw n=3002 total_us=6703 rebuild_us=117 layout_us=1631 paint_us=427 encode_us=44 acquire_us=69 submit_us=4413 skipped=0 gpu_q=1 gpu_total_us=4967 gpu_prepass_us=0 gpu_main_us=4967 gpu_composite_us=0 gpu_blit_us=0
frust_shell_common::perf: frust-perf raw n=3003 total_us=7947 rebuild_us=140 layout_us=1799 paint_us=418 encode_us=36 acquire_us=50 submit_us=5501 skipped=0 gpu_q=1 gpu_total_us=4952 gpu_prepass_us=0 gpu_main_us=4952 gpu_composite_us=0 gpu_blit_us=0
frust_shell_common::perf: frust-perf raw n=3004 total_us=8674 rebuild_us=177 layout_us=1904 paint_us=343 encode_us=42 acquire_us=270 submit_us=5936 skipped=0 gpu_q=1 gpu_total_us=4810 gpu_prepass_us=0 gpu_main_us=4810 gpu_composite_us=0 gpu_blit_us=0
frust_shell_common::perf: frust-perf raw n=3005 total_us=8849 rebuild_us=134 layout_us=2107 paint_us=361 encode_us=44 acquire_us=133 submit_us=6068 skipped=0 gpu_q=1 gpu_total_us=5152 gpu_prepass_us=0 gpu_main_us=5152 gpu_composite_us=0 gpu_blit_us=0
frust_shell_common::perf: frust-perf raw n=3006 total_us=8996 rebuild_us=155 layout_us=2078 paint_us=485 encode_us=50 acquire_us=72 submit_us=6154 skipped=0 gpu_q=1 gpu_total_us=4806 gpu_prepass_us=0 gpu_main_us=4806 gpu_composite_us=0 gpu_blit_us=0
frust_shell_common::perf: frust-perf raw n=3007 total_us=9265 rebuild_us=166 layout_us=2014 paint_us=400 encode_us=42 acquire_us=591 submit_us=6049 skipped=0 gpu_q=1 gpu_total_us=4883 gpu_prepass_us=0 gpu_main_us=4883 gpu_composite_us=0 gpu_blit_us=0
frust_shell_common::perf: frust-perf raw n=3008 total_us=9303 rebuild_us=138 layout_us=1888 paint_us=452 encode_us=39 acquire_us=854 submit_us=5929 skipped=0 gpu_q=1 gpu_total_us=4784 gpu_prepass_us=0 gpu_main_us=4784 gpu_composite_us=0 gpu_blit_us=0
frust_shell_common::perf: frust-perf raw n=3009 total_us=9129 rebuild_us=136 layout_us=2256 paint_us=554 encode_us=47 acquire_us=74 submit_us=6060 skipped=0 gpu_q=1 gpu_total_us=4878 gpu_prepass_us=0 gpu_main_us=4878 gpu_composite_us=0 gpu_blit_us=0
frust_shell_common::perf: frust-perf raw n=3010 total_us=10672 rebuild_us=190 layout_us=2030 paint_us=563 encode_us=45 acquire_us=616 submit_us=7225 skipped=0 gpu_q=1 gpu_total_us=4887 gpu_prepass_us=0 gpu_main_us=4887 gpu_composite_us=0 gpu_blit_us=0
frust_shell_common::perf: frust-perf raw n=3011 total_us=8418 rebuild_us=146 layout_us=1859 paint_us=371 encode_us=35 acquire_us=617 submit_us=5388 skipped=0 gpu_q=1 gpu_total_us=4907 gpu_prepass_us=0 gpu_main_us=4907 gpu_composite_us=0 gpu_blit_us=0
frust_shell_common::perf: frust-perf raw n=3012 total_us=8911 rebuild_us=152 layout_us=2120 paint_us=355 encode_us=37 acquire_us=870 submit_us=5375 skipped=0 gpu_q=1 gpu_total_us=4760 gpu_prepass_us=0 gpu_main_us=4760 gpu_composite_us=0 gpu_blit_us=0
frust_shell_common::perf: frust-perf raw n=3013 total_us=8342 rebuild_us=150 layout_us=1805 paint_us=429 encode_us=41 acquire_us=67 submit_us=5847 skipped=0 gpu_q=1 gpu_total_us=4830 gpu_prepass_us=0 gpu_main_us=4830 gpu_composite_us=0 gpu_blit_us=0
frust_shell_common::perf: frust-perf raw n=3014 total_us=8739 rebuild_us=134 layout_us=2087 paint_us=360 encode_us=40 acquire_us=72 submit_us=6043 skipped=0 gpu_q=1 gpu_total_us=4975 gpu_prepass_us=90 gpu_main_us=4885 gpu_composite_us=0 gpu_blit_us=0
frust_shell_common::perf: frust-perf raw n=3015 total_us=8590 rebuild_us=194 layout_us=1995 paint_us=342 encode_us=44 acquire_us=80 submit_us=5933 skipped=0 gpu_q=1 gpu_total_us=4951 gpu_prepass_us=0 gpu_main_us=4951 gpu_composite_us=0 gpu_blit_us=0
frust_shell_common::perf: frust-perf raw n=3016 total_us=9337 rebuild_us=149 layout_us=2465 paint_us=401 encode_us=43 acquire_us=70 submit_us=6208 skipped=0 gpu_q=1 gpu_total_us=4816 gpu_prepass_us=0 gpu_main_us=4816 gpu_composite_us=0 gpu_blit_us=0
frust_shell_common::perf: frust-perf raw n=3017 total_us=10018 rebuild_us=168 layout_us=2437 paint_us=556 encode_us=47 acquire_us=86 submit_us=6720 skipped=0 gpu_q=1 gpu_total_us=4845 gpu_prepass_us=0 gpu_main_us=4845 gpu_composite_us=0 gpu_blit_us=0
frust_shell_common::perf: frust-perf raw n=3018 total_us=9116 rebuild_us=140 layout_us=2155 paint_us=346 encode_us=50 acquire_us=78 submit_us=6345 skipped=0 gpu_q=1 gpu_total_us=4845 gpu_prepass_us=0 gpu_main_us=4845 gpu_composite_us=0 gpu_blit_us=0
frust_shell_common::perf: frust-perf raw n=3019 total_us=6980 rebuild_us=176 layout_us=1869 paint_us=353 encode_us=32 acquire_us=358 submit_us=4190 skipped=0 gpu_q=1 gpu_total_us=4947 gpu_prepass_us=0 gpu_main_us=4947 gpu_composite_us=0 gpu_blit_us=0
frust_shell_common::perf: frust-perf raw n=3020 total_us=6827 rebuild_us=179 layout_us=1553 paint_us=297 encode_us=35 acquire_us=59 submit_us=4702 skipped=0 gpu_q=1 gpu_total_us=4762 gpu_prepass_us=0 gpu_main_us=4762 gpu_composite_us=0 gpu_blit_us=0
frust_shell_common::perf: frust-perf raw n=3021 total_us=8385 rebuild_us=155 layout_us=2000 paint_us=361 encode_us=40 acquire_us=67 submit_us=5758 skipped=0 gpu_q=1 gpu_total_us=4952 gpu_prepass_us=0 gpu_main_us=4952 gpu_composite_us=0 gpu_blit_us=0
frust_shell_common::perf: frust-perf raw n=3022 total_us=9777 rebuild_us=148 layout_us=2311 paint_us=399 encode_us=73 acquire_us=75 submit_us=6769 skipped=0 gpu_q=1 gpu_total_us=4892 gpu_prepass_us=0 gpu_main_us=4892 gpu_composite_us=0 gpu_blit_us=0
frust_shell_common::perf: frust-perf raw n=3023 total_us=8777 rebuild_us=141 layout_us=2049 paint_us=382 encode_us=51 acquire_us=78 submit_us=6073 skipped=0 gpu_q=1 gpu_total_us=4876 gpu_prepass_us=0 gpu_main_us=4876 gpu_composite_us=0 gpu_blit_us=0
frust_shell_common::perf: frust-perf raw n=3024 total_us=7084 rebuild_us=150 layout_us=1798 paint_us=358 encode_us=37 acquire_us=341 submit_us=4397 skipped=0 gpu_q=1 gpu_total_us=4743 gpu_prepass_us=0 gpu_main_us=4743 gpu_composite_us=0 gpu_blit_us=0
frust_shell_common::perf: frust-perf raw n=3025 total_us=7424 rebuild_us=151 layout_us=1923 paint_us=402 encode_us=37 acquire_us=486 submit_us=4423 skipped=0 gpu_q=1 gpu_total_us=4780 gpu_prepass_us=0 gpu_main_us=4780 gpu_composite_us=0 gpu_blit_us=0
frust_shell_common::perf: frust-perf raw n=3026 total_us=8606 rebuild_us=154 layout_us=2006 paint_us=364 encode_us=42 acquire_us=70 submit_us=5967 skipped=0 gpu_q=1 gpu_total_us=4878 gpu_prepass_us=0 gpu_main_us=4878 gpu_composite_us=0 gpu_blit_us=0
frust_shell_common::perf: frust-perf raw n=3027 total_us=9444 rebuild_us=152 layout_us=1957 paint_us=481 encode_us=47 acquire_us=75 submit_us=6730 skipped=0 gpu_q=1 gpu_total_us=4957 gpu_prepass_us=0 gpu_main_us=4957 gpu_composite_us=0 gpu_blit_us=0
frust_shell_common::perf: frust-perf raw n=3028 total_us=9718 rebuild_us=141 layout_us=2437 paint_us=410 encode_us=48 acquire_us=76 submit_us=6603 skipped=0 gpu_q=1 gpu_total_us=4794 gpu_prepass_us=0 gpu_main_us=4794 gpu_composite_us=0 gpu_blit_us=0
frust_shell_common::perf: frust-perf raw n=3029 total_us=9108 rebuild_us=140 layout_us=2012 paint_us=382 encode_us=51 acquire_us=219 submit_us=6302 skipped=0 gpu_q=1 gpu_total_us=4766 gpu_prepass_us=0 gpu_main_us=4766 gpu_composite_us=0 gpu_blit_us=0
frust_shell_common::perf: frust-perf raw n=3030 total_us=9295 rebuild_us=162 layout_us=2025 paint_us=384 encode_us=44 acquire_us=528 submit_us=6150 skipped=0 gpu_q=1 gpu_total_us=4879 gpu_prepass_us=0 gpu_main_us=4879 gpu_composite_us=0 gpu_blit_us=0
frust_shell_common::perf: frust-perf raw n=3031 total_us=8070 rebuild_us=143 layout_us=2062 paint_us=386 encode_us=45 acquire_us=637 submit_us=4793 skipped=0 gpu_q=1 gpu_total_us=4849 gpu_prepass_us=0 gpu_main_us=4849 gpu_composite_us=0 gpu_blit_us=0
frust_shell_common::perf: frust-perf raw n=3032 total_us=7790 rebuild_us=153 layout_us=2005 paint_us=358 encode_us=35 acquire_us=600 submit_us=4637 skipped=0 gpu_q=1 gpu_total_us=4742 gpu_prepass_us=0 gpu_main_us=4742 gpu_composite_us=0 gpu_blit_us=0
frust_shell_common::perf: frust-perf raw n=3033 total_us=8256 rebuild_us=144 layout_us=1959 paint_us=358 encode_us=35 acquire_us=438 submit_us=5319 skipped=0 gpu_q=1 gpu_total_us=4885 gpu_prepass_us=0 gpu_main_us=4885 gpu_composite_us=0 gpu_blit_us=0
frust_shell_common::perf: frust-perf raw n=3034 total_us=9115 rebuild_us=146 layout_us=2197 paint_us=389 encode_us=44 acquire_us=215 submit_us=6121 skipped=0 gpu_q=1 gpu_total_us=4920 gpu_prepass_us=0 gpu_main_us=4920 gpu_composite_us=0 gpu_blit_us=0
frust_shell_common::perf: frust-perf raw n=3035 total_us=9335 rebuild_us=164 layout_us=1946 paint_us=393 encode_us=46 acquire_us=650 submit_us=6133 skipped=0 gpu_q=1 gpu_total_us=4884 gpu_prepass_us=0 gpu_main_us=4884 gpu_composite_us=0 gpu_blit_us=0
frust_shell_common::perf: frust-perf raw n=3036 total_us=9357 rebuild_us=159 layout_us=2587 paint_us=464 encode_us=43 acquire_us=190 submit_us=5911 skipped=0 gpu_q=1 gpu_total_us=4735 gpu_prepass_us=0 gpu_main_us=4735 gpu_composite_us=0 gpu_blit_us=0
frust_shell_common::perf: frust-perf raw n=3037 total_us=8529 rebuild_us=133 layout_us=1872 paint_us=368 encode_us=45 acquire_us=367 submit_us=5741 skipped=0 gpu_q=1 gpu_total_us=4768 gpu_prepass_us=0 gpu_main_us=4768 gpu_composite_us=0 gpu_blit_us=0
frust_shell_common::perf: frust-perf raw n=3038 total_us=8971 rebuild_us=141 layout_us=2099 paint_us=362 encode_us=122 acquire_us=286 submit_us=5959 skipped=0 gpu_q=1 gpu_total_us=4867 gpu_prepass_us=0 gpu_main_us=4867 gpu_composite_us=0 gpu_blit_us=0
frust_shell_common::perf: frust-perf raw n=3039 total_us=9187 rebuild_us=159 layout_us=1952 paint_us=396 encode_us=39 acquire_us=561 submit_us=6077 skipped=0 gpu_q=1 gpu_total_us=4904 gpu_prepass_us=0 gpu_main_us=4904 gpu_composite_us=0 gpu_blit_us=0
frust_shell_common::perf: frust-perf raw n=3040 total_us=9004 rebuild_us=136 layout_us=2366 paint_us=388 encode_us=69 acquire_us=69 submit_us=5974 skipped=0 gpu_q=1 gpu_total_us=4879 gpu_prepass_us=0 gpu_main_us=4879 gpu_composite_us=0 gpu_blit_us=0
frust_shell_common::perf: frust-perf raw n=3041 total_us=9354 rebuild_us=158 layout_us=2181 paint_us=372 encode_us=44 acquire_us=651 submit_us=5945 skipped=0 gpu_q=1 gpu_total_us=4809 gpu_prepass_us=0 gpu_main_us=4809 gpu_composite_us=0 gpu_blit_us=0
frust_shell_common::perf: frust-perf raw n=3042 total_us=9020 rebuild_us=140 layout_us=1930 paint_us=371 encode_us=44 acquire_us=609 submit_us=5922 skipped=0 gpu_q=1 gpu_total_us=4890 gpu_prepass_us=0 gpu_main_us=4890 gpu_composite_us=0 gpu_blit_us=0
frust_shell_common::perf: frust-perf raw n=3043 total_us=9590 rebuild_us=151 layout_us=2091 paint_us=517 encode_us=41 acquire_us=631 submit_us=6156 skipped=0 gpu_q=1 gpu_total_us=4868 gpu_prepass_us=0 gpu_main_us=4868 gpu_composite_us=0 gpu_blit_us=0
frust_shell_common::perf: frust-perf raw n=3044 total_us=9006 rebuild_us=137 layout_us=2050 paint_us=358 encode_us=45 acquire_us=485 submit_us=5930 skipped=0 gpu_q=1 gpu_total_us=4764 gpu_prepass_us=0 gpu_main_us=4764 gpu_composite_us=0 gpu_blit_us=0
frust_shell_common::perf: frust-perf raw n=3045 total_us=9170 rebuild_us=159 layout_us=2083 paint_us=447 encode_us=44 acquire_us=742 submit_us=5693 skipped=0 gpu_q=1 gpu_total_us=4820 gpu_prepass_us=0 gpu_main_us=4820 gpu_composite_us=0 gpu_blit_us=0
frust_shell_common::perf: frust-perf raw n=3046 total_us=8975 rebuild_us=173 layout_us=2099 paint_us=486 encode_us=42 acquire_us=72 submit_us=6101 skipped=0 gpu_q=1 gpu_total_us=4966 gpu_prepass_us=0 gpu_main_us=4966 gpu_composite_us=0 gpu_blit_us=0
frust_shell_common::perf: frust-perf raw n=3047 total_us=9226 rebuild_us=156 layout_us=2382 paint_us=378 encode_us=51 acquire_us=69 submit_us=6187 skipped=0 gpu_q=1 gpu_total_us=4873 gpu_prepass_us=0 gpu_main_us=4873 gpu_composite_us=0 gpu_blit_us=0
frust_shell_common::perf: frust-perf raw n=3048 total_us=9279 rebuild_us=146 layout_us=2023 paint_us=323 encode_us=41 acquire_us=714 submit_us=6031 skipped=0 gpu_q=1 gpu_total_us=4775 gpu_prepass_us=0 gpu_main_us=4775 gpu_composite_us=0 gpu_blit_us=0
frust_shell_common::perf: frust-perf raw n=3049 total_us=8089 rebuild_us=293 layout_us=1459 paint_us=288 encode_us=41 acquire_us=126 submit_us=5879 skipped=0 gpu_q=1 gpu_total_us=4885 gpu_prepass_us=0 gpu_main_us=4885 gpu_composite_us=0 gpu_blit_us=0
frust_shell_common::perf: frust-perf raw n=3050 total_us=7642 rebuild_us=163 layout_us=1476 paint_us=339 encode_us=41 acquire_us=67 submit_us=5552 skipped=0 gpu_q=1 gpu_total_us=4950 gpu_prepass_us=0 gpu_main_us=4950 gpu_composite_us=0 gpu_blit_us=0
frust_shell_common::perf: frust-perf raw n=3051 total_us=7928 rebuild_us=130 layout_us=1725 paint_us=315 encode_us=41 acquire_us=64 submit_us=5651 skipped=0 gpu_q=1 gpu_total_us=4871 gpu_prepass_us=0 gpu_main_us=4871 gpu_composite_us=0 gpu_blit_us=0
frust_shell_common::perf: frust-perf raw n=3052 total_us=9005 rebuild_us=143 layout_us=2002 paint_us=346 encode_us=43 acquire_us=211 submit_us=6257 skipped=0 gpu_q=1 gpu_total_us=4866 gpu_prepass_us=0 gpu_main_us=4866 gpu_composite_us=0 gpu_blit_us=0
frust_shell_common::perf: frust-perf raw n=3053 total_us=9824 rebuild_us=152 layout_us=2444 paint_us=449 encode_us=46 acquire_us=75 submit_us=6656 skipped=0 gpu_q=1 gpu_total_us=4845 gpu_prepass_us=0 gpu_main_us=4845 gpu_composite_us=0 gpu_blit_us=0
frust_shell_common::perf: frust-perf raw n=3054 total_us=9165 rebuild_us=135 layout_us=2166 paint_us=421 encode_us=46 acquire_us=83 submit_us=6310 skipped=0 gpu_q=1 gpu_total_us=4886 gpu_prepass_us=0 gpu_main_us=4886 gpu_composite_us=0 gpu_blit_us=0
frust_shell_common::perf: frust-perf raw n=3055 total_us=8970 rebuild_us=137 layout_us=1839 paint_us=392 encode_us=41 acquire_us=587 submit_us=5971 skipped=0 gpu_q=1 gpu_total_us=4824 gpu_prepass_us=0 gpu_main_us=4824 gpu_composite_us=0 gpu_blit_us=0
frust_shell_common::perf: frust-perf raw n=3056 total_us=8821 rebuild_us=165 layout_us=2050 paint_us=453 encode_us=45 acquire_us=70 submit_us=6035 skipped=0 gpu_q=1 gpu_total_us=4724 gpu_prepass_us=0 gpu_main_us=4724 gpu_composite_us=0 gpu_blit_us=0
frust_shell_common::perf: frust-perf raw n=3057 total_us=8905 rebuild_us=163 layout_us=2030 paint_us=504 encode_us=51 acquire_us=72 submit_us=6083 skipped=0 gpu_q=1 gpu_total_us=4792 gpu_prepass_us=0 gpu_main_us=4792 gpu_composite_us=0 gpu_blit_us=0
frust_shell_common::perf: frust-perf raw n=3058 total_us=8399 rebuild_us=223 layout_us=1841 paint_us=414 encode_us=46 acquire_us=71 submit_us=5802 skipped=0 gpu_q=1 gpu_total_us=4917 gpu_prepass_us=0 gpu_main_us=4917 gpu_composite_us=0 gpu_blit_us=0
frust_shell_common::perf: frust-perf raw n=3059 total_us=9125 rebuild_us=147 layout_us=2334 paint_us=393 encode_us=44 acquire_us=193 submit_us=6011 skipped=0 gpu_q=1 gpu_total_us=4930 gpu_prepass_us=0 gpu_main_us=4930 gpu_composite_us=0 gpu_blit_us=0
frust_engine::renderer: frust-perf enc n=3060 w=60 validate_us=12.9 prepare_us=2.9 classify_us=44.3 admit_us=0.2 walk_us=2834.6 glyphs_us=2295.3 finish_us=2.0 compile_us=2896.3 schedule_us=3.9 paints_us=138.4 instances_us=209.7 resize_us=10.1 upload_us=269.1 replay_us=0.3 pipelines_us=16.1 record_us=28.2 total_us=3605.9 total_p95_us=4094.5 draws=829 strips=12439 alphas=302304 glyph_draws=797 atlas_glyphs=797
frust_shell_common::perf: frust-perf raw n=3060 total_us=9331 rebuild_us=159 layout_us=2005 paint_us=391 encode_us=50 acquire_us=435 submit_us=6288 skipped=0 gpu_q=1 gpu_total_us=4767 gpu_prepass_us=0 gpu_main_us=4767 gpu_composite_us=0 gpu_blit_us=0
frust_shell_common::perf: frust-perf raw n=3061 total_us=9005 rebuild_us=156 layout_us=2214 paint_us=370 encode_us=45 acquire_us=144 submit_us=6074 skipped=0 gpu_q=1 gpu_total_us=4805 gpu_prepass_us=0 gpu_main_us=4805 gpu_composite_us=0 gpu_blit_us=0
frust_shell_common::perf: frust-perf raw n=3062 total_us=8928 rebuild_us=151 layout_us=2143 paint_us=385 encode_us=51 acquire_us=74 submit_us=6121 skipped=0 gpu_q=1 gpu_total_us=4897 gpu_prepass_us=0 gpu_main_us=4897 gpu_composite_us=0 gpu_blit_us=0
frust_shell_common::perf: frust-perf raw n=3063 total_us=8983 rebuild_us=161 layout_us=2149 paint_us=368 encode_us=44 acquire_us=72 submit_us=6186 skipped=0 gpu_q=1 gpu_total_us=4918 gpu_prepass_us=0 gpu_main_us=4918 gpu_composite_us=0 gpu_blit_us=0
frust_shell_common::perf: frust-perf raw n=3064 total_us=9113 rebuild_us=179 layout_us=1947 paint_us=432 encode_us=42 acquire_us=485 submit_us=6025 skipped=0 gpu_q=1 gpu_total_us=4796 gpu_prepass_us=0 gpu_main_us=4796 gpu_composite_us=0 gpu_blit_us=0
frust_shell_common::perf: frust-perf raw n=3065 total_us=8284 rebuild_us=133 layout_us=2056 paint_us=376 encode_us=39 acquire_us=69 submit_us=5608 skipped=0 gpu_q=1 gpu_total_us=4879 gpu_prepass_us=0 gpu_main_us=4879 gpu_composite_us=0 gpu_blit_us=0
frust_shell_common::perf: frust-perf raw n=3066 total_us=9177 rebuild_us=138 layout_us=2082 paint_us=371 encode_us=40 acquire_us=492 submit_us=6052 skipped=0 gpu_q=1 gpu_total_us=4921 gpu_prepass_us=0 gpu_main_us=4921 gpu_composite_us=0 gpu_blit_us=0
frust_shell_common::perf: frust-perf raw n=3067 total_us=8229 rebuild_us=165 layout_us=1950 paint_us=362 encode_us=46 acquire_us=129 submit_us=5574 skipped=0 gpu_q=1 gpu_total_us=4905 gpu_prepass_us=0 gpu_main_us=4905 gpu_composite_us=0 gpu_blit_us=0
frust_shell_common::perf: frust-perf raw n=3068 total_us=10612 rebuild_us=136 layout_us=2032 paint_us=358 encode_us=37 acquire_us=835 submit_us=7212 skipped=0 gpu_q=1 gpu_total_us=4795 gpu_prepass_us=0 gpu_main_us=4795 gpu_composite_us=0 gpu_blit_us=0
frust_shell_common::perf: frust-perf raw n=3069 total_us=6828 rebuild_us=153 layout_us=2176 paint_us=735 encode_us=35 acquire_us=59 submit_us=3668 skipped=0 gpu_q=1 gpu_total_us=4797 gpu_prepass_us=0 gpu_main_us=4797 gpu_composite_us=0 gpu_blit_us=0
frust_shell_common::perf: frust-perf raw n=3070 total_us=9047 rebuild_us=153 layout_us=1854 paint_us=506 encode_us=45 acquire_us=397 submit_us=6088 skipped=0 gpu_q=1 gpu_total_us=4883 gpu_prepass_us=0 gpu_main_us=4883 gpu_composite_us=0 gpu_blit_us=0
frust_shell_common::perf: frust-perf raw n=3071 total_us=8355 rebuild_us=173 layout_us=2099 paint_us=419 encode_us=38 acquire_us=154 submit_us=5470 skipped=0 gpu_q=1 gpu_total_us=4988 gpu_prepass_us=0 gpu_main_us=4988 gpu_composite_us=0 gpu_blit_us=0
frust_shell_common::perf: frust-perf raw n=3072 total_us=8864 rebuild_us=136 layout_us=2375 paint_us=381 encode_us=42 acquire_us=526 submit_us=5402 skipped=0 gpu_q=1 gpu_total_us=4899 gpu_prepass_us=90 gpu_main_us=4808 gpu_composite_us=0 gpu_blit_us=0
frust_shell_common::perf: frust-perf raw n=3073 total_us=8896 rebuild_us=149 layout_us=1995 paint_us=490 encode_us=45 acquire_us=140 submit_us=6074 skipped=0 gpu_q=1 gpu_total_us=4818 gpu_prepass_us=0 gpu_main_us=4818 gpu_composite_us=0 gpu_blit_us=0
frust_shell_common::perf: frust-perf raw n=3074 total_us=9383 rebuild_us=155 layout_us=2210 paint_us=450 encode_us=47 acquire_us=494 submit_us=6024 skipped=0 gpu_q=1 gpu_total_us=4846 gpu_prepass_us=0 gpu_main_us=4846 gpu_composite_us=0 gpu_blit_us=0
frust_shell_common::perf: frust-perf raw n=3075 total_us=9009 rebuild_us=135 layout_us=2034 paint_us=361 encode_us=42 acquire_us=300 submit_us=6135 skipped=0 gpu_q=1 gpu_total_us=4831 gpu_prepass_us=0 gpu_main_us=4831 gpu_composite_us=0 gpu_blit_us=0
frust_shell_common::perf: frust-perf raw n=3076 total_us=9241 rebuild_us=152 layout_us=2113 paint_us=395 encode_us=37 acquire_us=794 submit_us=5747 skipped=0 gpu_q=1 gpu_total_us=4733 gpu_prepass_us=0 gpu_main_us=4733 gpu_composite_us=0 gpu_blit_us=0
frust_shell_common::perf: frust-perf raw n=3077 total_us=9298 rebuild_us=134 layout_us=2070 paint_us=429 encode_us=39 acquire_us=472 submit_us=6153 skipped=0 gpu_q=1 gpu_total_us=4955 gpu_prepass_us=0 gpu_main_us=4955 gpu_composite_us=0 gpu_blit_us=0
frust_shell_common::perf: frust-perf raw n=3078 total_us=9253 rebuild_us=158 layout_us=2405 paint_us=588 encode_us=59 acquire_us=73 submit_us=5968 skipped=0 gpu_q=1 gpu_total_us=4953 gpu_prepass_us=0 gpu_main_us=4953 gpu_composite_us=0 gpu_blit_us=0
frust_shell_common::perf: frust-perf raw n=3079 total_us=7479 rebuild_us=159 layout_us=1591 paint_us=219 encode_us=37 acquire_us=65 submit_us=5405 skipped=0 gpu_q=1 gpu_total_us=4900 gpu_prepass_us=0 gpu_main_us=4900 gpu_composite_us=0 gpu_blit_us=0
frust_shell_common::perf: frust-perf raw n=3080 total_us=7437 rebuild_us=153 layout_us=1619 paint_us=311 encode_us=39 acquire_us=63 submit_us=5250 skipped=0 gpu_q=1 gpu_total_us=4773 gpu_prepass_us=0 gpu_main_us=4773 gpu_composite_us=0 gpu_blit_us=0
frust_shell_common::perf: frust-perf raw n=3081 total_us=8847 rebuild_us=154 layout_us=1955 paint_us=364 encode_us=46 acquire_us=163 submit_us=6162 skipped=0 gpu_q=1 gpu_total_us=4823 gpu_prepass_us=0 gpu_main_us=4823 gpu_composite_us=0 gpu_blit_us=0
frust_shell_common::perf: frust-perf raw n=3082 total_us=9315 rebuild_us=158 layout_us=1920 paint_us=375 encode_us=41 acquire_us=666 submit_us=6153 skipped=0 gpu_q=1 gpu_total_us=4859 gpu_prepass_us=0 gpu_main_us=4859 gpu_composite_us=0 gpu_blit_us=0
frust_shell_common::perf: frust-perf raw n=3083 total_us=9125 rebuild_us=147 layout_us=1953 paint_us=375 encode_us=41 acquire_us=581 submit_us=6025 skipped=0 gpu_q=1 gpu_total_us=4824 gpu_prepass_us=0 gpu_main_us=4824 gpu_composite_us=0 gpu_blit_us=0
frust_shell_common::perf: frust-perf raw n=3084 total_us=9231 rebuild_us=161 layout_us=2270 paint_us=595 encode_us=48 acquire_us=75 submit_us=6081 skipped=0 gpu_q=1 gpu_total_us=4799 gpu_prepass_us=0 gpu_main_us=4799 gpu_composite_us=0 gpu_blit_us=0
frust_shell_common::perf: frust-perf raw n=3085 total_us=8450 rebuild_us=127 layout_us=1524 paint_us=356 encode_us=45 acquire_us=487 submit_us=5908 skipped=0 gpu_q=1 gpu_total_us=4830 gpu_prepass_us=0 gpu_main_us=4830 gpu_composite_us=0 gpu_blit_us=0
frust_shell_common::perf: frust-perf raw n=3086 total_us=8075 rebuild_us=139 layout_us=1893 paint_us=352 encode_us=42 acquire_us=115 submit_us=5530 skipped=0 gpu_q=1 gpu_total_us=4867 gpu_prepass_us=0 gpu_main_us=4867 gpu_composite_us=0 gpu_blit_us=0
frust_shell_common::perf: frust-perf raw n=3087 total_us=10446 rebuild_us=135 layout_us=1725 paint_us=413 encode_us=42 acquire_us=445 submit_us=7684 skipped=0 gpu_q=1 gpu_total_us=4883 gpu_prepass_us=0 gpu_main_us=4883 gpu_composite_us=0 gpu_blit_us=0
frust_shell_common::perf: frust-perf raw n=3088 total_us=7710 rebuild_us=117 layout_us=1515 paint_us=365 encode_us=44 acquire_us=67 submit_us=5600 skipped=0 gpu_q=1 gpu_total_us=4752 gpu_prepass_us=0 gpu_main_us=4752 gpu_composite_us=0 gpu_blit_us=0
frust_shell_common::perf: frust-perf raw n=3089 total_us=6610 rebuild_us=134 layout_us=1612 paint_us=454 encode_us=32 acquire_us=52 submit_us=4323 skipped=0 gpu_q=1 gpu_total_us=4895 gpu_prepass_us=0 gpu_main_us=4895 gpu_composite_us=0 gpu_blit_us=0
frust_shell_common::perf: frust-perf raw n=3090 total_us=8416 rebuild_us=149 layout_us=2141 paint_us=453 encode_us=37 acquire_us=56 submit_us=5578 skipped=0 gpu_q=1 gpu_total_us=4943 gpu_prepass_us=0 gpu_main_us=4943 gpu_composite_us=0 gpu_blit_us=0
frust_shell_common::perf: frust-perf raw n=3091 total_us=9681 rebuild_us=161 layout_us=2263 paint_us=388 encode_us=51 acquire_us=79 submit_us=6736 skipped=0 gpu_q=1 gpu_total_us=4964 gpu_prepass_us=83 gpu_main_us=4881 gpu_composite_us=0 gpu_blit_us=0
frust_shell_common::perf: frust-perf raw n=3092 total_us=9202 rebuild_us=141 layout_us=2381 paint_us=393 encode_us=46 acquire_us=81 submit_us=6158 skipped=0 gpu_q=1 gpu_total_us=4814 gpu_prepass_us=0 gpu_main_us=4814 gpu_composite_us=0 gpu_blit_us=0
frust_shell_common::perf: frust-perf raw n=3093 total_us=8352 rebuild_us=175 layout_us=2031 paint_us=376 encode_us=40 acquire_us=68 submit_us=5661 skipped=0 gpu_q=1 gpu_total_us=4780 gpu_prepass_us=0 gpu_main_us=4780 gpu_composite_us=0 gpu_blit_us=0
frust_shell_common::perf: frust-perf raw n=3094 total_us=8640 rebuild_us=147 layout_us=1874 paint_us=362 encode_us=45 acquire_us=63 submit_us=6146 skipped=0 gpu_q=1 gpu_total_us=4725 gpu_prepass_us=0 gpu_main_us=4725 gpu_composite_us=0 gpu_blit_us=0
frust_shell_common::perf: frust-perf raw n=3095 total_us=10568 rebuild_us=139 layout_us=2788 paint_us=373 encode_us=51 acquire_us=457 submit_us=6757 skipped=0 gpu_q=1 gpu_total_us=4868 gpu_prepass_us=0 gpu_main_us=4868 gpu_composite_us=0 gpu_blit_us=0
frust_shell_common::perf: frust-perf raw n=3096 total_us=6759 rebuild_us=147 layout_us=2299 paint_us=413 encode_us=47 acquire_us=77 submit_us=3773 skipped=0 gpu_q=1 gpu_total_us=4841 gpu_prepass_us=0 gpu_main_us=4841 gpu_composite_us=0 gpu_blit_us=0
frust_shell_common::perf: frust-perf raw n=3097 total_us=7664 rebuild_us=135 layout_us=1644 paint_us=320 encode_us=38 acquire_us=55 submit_us=5469 skipped=0 gpu_q=1 gpu_total_us=4804 gpu_prepass_us=0 gpu_main_us=4804 gpu_composite_us=0 gpu_blit_us=0
frust_shell_common::perf: frust-perf raw n=3098 total_us=8744 rebuild_us=142 layout_us=1918 paint_us=359 encode_us=34 acquire_us=237 submit_us=6052 skipped=0 gpu_q=1 gpu_total_us=4878 gpu_prepass_us=0 gpu_main_us=4878 gpu_composite_us=0 gpu_blit_us=0
frust_shell_common::perf: frust-perf raw n=3099 total_us=8919 rebuild_us=169 layout_us=1901 paint_us=372 encode_us=42 acquire_us=475 submit_us=5957 skipped=0 gpu_q=1 gpu_total_us=4926 gpu_prepass_us=0 gpu_main_us=4926 gpu_composite_us=0 gpu_blit_us=0
frust_shell_common::perf: frust-perf raw n=3100 total_us=8700 rebuild_us=156 layout_us=1993 paint_us=414 encode_us=43 acquire_us=72 submit_us=6020 skipped=0 gpu_q=1 gpu_total_us=4775 gpu_prepass_us=0 gpu_main_us=4775 gpu_composite_us=0 gpu_blit_us=0
frust_shell_common::perf: frust-perf raw n=3101 total_us=8924 rebuild_us=158 layout_us=2109 paint_us=382 encode_us=46 acquire_us=135 submit_us=6091 skipped=0 gpu_q=1 gpu_total_us=4822 gpu_prepass_us=0 gpu_main_us=4822 gpu_composite_us=0 gpu_blit_us=0
frust_shell_common::perf: frust-perf raw n=3102 total_us=8904 rebuild_us=160 layout_us=2091 paint_us=451 encode_us=45 acquire_us=71 submit_us=6083 skipped=0 gpu_q=1 gpu_total_us=4978 gpu_prepass_us=0 gpu_main_us=4978 gpu_composite_us=0 gpu_blit_us=0
frust_shell_common::perf: frust-perf raw n=3103 total_us=9026 rebuild_us=168 layout_us=2445 paint_us=422 encode_us=48 acquire_us=68 submit_us=5873 skipped=0 gpu_q=1 gpu_total_us=4875 gpu_prepass_us=0 gpu_main_us=4875 gpu_composite_us=0 gpu_blit_us=0
frust_shell_common::perf: frust-perf raw n=3104 total_us=8904 rebuild_us=168 layout_us=2096 paint_us=381 encode_us=43 acquire_us=236 submit_us=5977 skipped=0 gpu_q=1 gpu_total_us=4788 gpu_prepass_us=0 gpu_main_us=4788 gpu_composite_us=0 gpu_blit_us=0
frust_shell_common::perf: frust-perf raw n=3105 total_us=9772 rebuild_us=168 layout_us=2170 paint_us=431 encode_us=44 acquire_us=786 submit_us=6171 skipped=0 gpu_q=1 gpu_total_us=4819 gpu_prepass_us=0 gpu_main_us=4819 gpu_composite_us=0 gpu_blit_us=0
frust_shell_android::app::frame: frust-perf platform-view tail depth=0 target=0 acquire_bound=false frame=3120 expected_present_us=0 acquire_us=285 period_us=8267
frust_shell_common::perf: frust-perf raw n=3106 total_us=9629 rebuild_us=141 layout_us=2073 paint_us=371 encode_us=51 acquire_us=200 submit_us=6791 skipped=0 gpu_q=1 gpu_total_us=4873 gpu_prepass_us=0 gpu_main_us=4873 gpu_composite_us=0 gpu_blit_us=0
frust_shell_common::perf: frust-perf raw n=3107 total_us=10804 rebuild_us=150 layout_us=2587 paint_us=370 encode_us=43 acquire_us=544 submit_us=7107 skipped=0 gpu_q=1 gpu_total_us=4899 gpu_prepass_us=0 gpu_main_us=4899 gpu_composite_us=0 gpu_blit_us=0
frust_shell_common::perf: frust-perf raw n=3108 total_us=12135 rebuild_us=137 layout_us=5311 paint_us=388 encode_us=48 acquire_us=69 submit_us=6180 skipped=0 gpu_q=1 gpu_total_us=4914 gpu_prepass_us=0 gpu_main_us=4914 gpu_composite_us=0 gpu_blit_us=0
frust_shell_common::perf: frust-perf raw n=3109 total_us=11390 rebuild_us=236 layout_us=4337 paint_us=392 encode_us=44 acquire_us=73 submit_us=6306 skipped=0 gpu_q=1 gpu_total_us=4934 gpu_prepass_us=0 gpu_main_us=4934 gpu_composite_us=0 gpu_blit_us=0
frust_shell_common::perf: frust-perf raw n=3110 total_us=5552 rebuild_us=51 layout_us=1412 paint_us=177 encode_us=35 acquire_us=49 submit_us=3826 skipped=0 gpu_q=1 gpu_total_us=4887 gpu_prepass_us=0 gpu_main_us=4887 gpu_composite_us=0 gpu_blit_us=0
frust_shell_common::perf: frust-perf raw n=3111 total_us=8057 rebuild_us=72 layout_us=1220 paint_us=131 encode_us=32 acquire_us=1655 submit_us=4944 skipped=0 gpu_q=1 gpu_total_us=4879 gpu_prepass_us=68 gpu_main_us=4811 gpu_composite_us=0 gpu_blit_us=0
frust_shell_common::perf: frust-perf raw n=3112 total_us=6878 rebuild_us=46 layout_us=1188 paint_us=126 encode_us=36 acquire_us=1791 submit_us=3689 skipped=0 gpu_q=1 gpu_total_us=4923 gpu_prepass_us=0 gpu_main_us=4923 gpu_composite_us=0 gpu_blit_us=0
frust_shell_common::perf: frust-perf raw n=3113 total_us=7718 rebuild_us=58 layout_us=1445 paint_us=154 encode_us=36 acquire_us=1603 submit_us=4419 skipped=0 gpu_q=1 gpu_total_us=4914 gpu_prepass_us=97 gpu_main_us=4817 gpu_composite_us=0 gpu_blit_us=0
frust_shell_common::perf: frust-perf raw n=3114 total_us=9600 rebuild_us=64 layout_us=2120 paint_us=223 encode_us=48 acquire_us=969 submit_us=6172 skipped=0 gpu_q=1 gpu_total_us=4790 gpu_prepass_us=52 gpu_main_us=4737 gpu_composite_us=0 gpu_blit_us=0
frust_shell_common::perf: frust-perf raw n=3115 total_us=9494 rebuild_us=60 layout_us=1998 paint_us=217 encode_us=46 acquire_us=1101 submit_us=6069 skipped=0 gpu_q=1 gpu_total_us=4833 gpu_prepass_us=87 gpu_main_us=4746 gpu_composite_us=0 gpu_blit_us=0
frust_shell_common::perf: frust-perf raw n=3116 total_us=9523 rebuild_us=61 layout_us=2015 paint_us=248 encode_us=43 acquire_us=1121 submit_us=6033 skipped=0 gpu_q=1 gpu_total_us=4775 gpu_prepass_us=0 gpu_main_us=4775 gpu_composite_us=0 gpu_blit_us=0
frust_shell_common::perf: frust-perf frame n=120 total_p50_ms=8 total_p95_ms=10 total_p99_ms=11 rebuild_p95_ms=0 layout_p95_ms=2 paint_p95_ms=0 encode_p95_ms=0 acquire_p95_ms=0 submit_p95_ms=6 over_60hz=5 over_120hz=2420 skipped=0 total_frames=3116
frust_shell_common::perf: frust-perf raw n=3117 total_us=9707 rebuild_us=59 layout_us=2053 paint_us=215 encode_us=43 acquire_us=1186 submit_us=6148 skipped=0 gpu_q=1 gpu_total_us=4832 gpu_prepass_us=0 gpu_main_us=4832 gpu_composite_us=0 gpu_blit_us=0
frust_shell_common::perf: frust-perf raw n=3118 total_us=8941 rebuild_us=60 layout_us=2109 paint_us=232 encode_us=41 acquire_us=751 submit_us=5746 skipped=0 gpu_q=1 gpu_total_us=4857 gpu_prepass_us=0 gpu_main_us=4857 gpu_composite_us=0 gpu_blit_us=0
frust_shell_common::perf: frust-perf raw n=3119 total_us=9645 rebuild_us=67 layout_us=1899 paint_us=198 encode_us=45 acquire_us=1484 submit_us=5950 skipped=0 gpu_q=1 gpu_total_us=4849 gpu_prepass_us=0 gpu_main_us=4849 gpu_composite_us=0 gpu_blit_us=0
frust_engine::renderer: frust-perf enc n=3120 w=60 validate_us=13.2 prepare_us=2.8 classify_us=44.5 admit_us=0.2 walk_us=2858.3 glyphs_us=2309.0 finish_us=2.0 compile_us=2925.9 schedule_us=3.9 paints_us=139.3 instances_us=208.6 resize_us=9.9 upload_us=263.5 replay_us=0.3 pipelines_us=15.8 record_us=27.2 total_us=3607.5 total_p95_us=4930.6 draws=829 strips=12426 alphas=303824 glyph_draws=797 atlas_glyphs=797
frust_shell_common::perf: frust-perf raw n=3120 total_us=9947 rebuild_us=67 layout_us=2016 paint_us=217 encode_us=42 acquire_us=1234 submit_us=6370 skipped=0 gpu_q=1 gpu_total_us=4787 gpu_prepass_us=0 gpu_main_us=4787 gpu_composite_us=0 gpu_blit_us=0
frust_shell_common::perf: frust-perf raw n=3121 total_us=9773 rebuild_us=63 layout_us=2140 paint_us=233 encode_us=48 acquire_us=1088 submit_us=6197 skipped=0 gpu_q=1 gpu_total_us=4826 gpu_prepass_us=0 gpu_main_us=4826 gpu_composite_us=0 gpu_blit_us=0
frust_shell_common::perf: frust-perf raw n=3122 total_us=8969 rebuild_us=60 layout_us=2030 paint_us=212 encode_us=44 acquire_us=871 submit_us=5749 skipped=0 gpu_q=1 gpu_total_us=4885 gpu_prepass_us=0 gpu_main_us=4885 gpu_composite_us=0 gpu_blit_us=0
frust_shell_common::perf: frust-perf raw n=3123 total_us=9264 rebuild_us=67 layout_us=1886 paint_us=191 encode_us=45 acquire_us=1138 submit_us=5934 skipped=0 gpu_q=1 gpu_total_us=4898 gpu_prepass_us=0 gpu_main_us=4898 gpu_composite_us=0 gpu_blit_us=0
frust_shell_common::perf: frust-perf raw n=3124 total_us=9198 rebuild_us=78 layout_us=2047 paint_us=215 encode_us=45 acquire_us=858 submit_us=5952 skipped=0 gpu_q=1 gpu_total_us=4757 gpu_prepass_us=0 gpu_main_us=4757 gpu_composite_us=0 gpu_blit_us=0
frust_shell_common::perf: frust-perf raw n=3125 total_us=9368 rebuild_us=69 layout_us=2010 paint_us=214 encode_us=43 acquire_us=870 submit_us=6160 skipped=0 gpu_q=1 gpu_total_us=4809 gpu_prepass_us=0 gpu_main_us=4809 gpu_composite_us=0 gpu_blit_us=0
frust_shell_common::perf: frust-perf raw n=3126 total_us=12946 rebuild_us=152 layout_us=6485 paint_us=481 encode_us=42 acquire_us=93 submit_us=5691 skipped=0 gpu_q=1 gpu_total_us=4881 gpu_prepass_us=0 gpu_main_us=4881 gpu_composite_us=0 gpu_blit_us=0
frust_shell_common::perf: frust-perf raw n=3127 total_us=12270 rebuild_us=112 layout_us=5667 paint_us=506 encode_us=42 acquire_us=86 submit_us=5855 skipped=0 gpu_q=1 gpu_total_us=4962 gpu_prepass_us=0 gpu_main_us=4962 gpu_composite_us=0 gpu_blit_us=0
frust_shell_common::perf: frust-perf raw n=3128 total_us=7307 rebuild_us=58 layout_us=1896 paint_us=200 encode_us=44 acquire_us=66 submit_us=5041 skipped=0 gpu_q=1 gpu_total_us=4814 gpu_prepass_us=0 gpu_main_us=4814 gpu_composite_us=0 gpu_blit_us=0
frust_shell_common::perf: frust-perf raw n=3129 total_us=8056 rebuild_us=57 layout_us=1823 paint_us=198 encode_us=41 acquire_us=893 submit_us=5041 skipped=0 gpu_q=1 gpu_total_us=4862 gpu_prepass_us=0 gpu_main_us=4862 gpu_composite_us=0 gpu_blit_us=0
frust_shell_common::perf: frust-perf raw n=3130 total_us=9203 rebuild_us=57 layout_us=1645 paint_us=171 encode_us=39 acquire_us=1607 submit_us=5681 skipped=0 gpu_q=1 gpu_total_us=4781 gpu_prepass_us=0 gpu_main_us=4781 gpu_composite_us=0 gpu_blit_us=0
frust_shell_common::perf: frust-perf raw n=3131 total_us=8890 rebuild_us=85 layout_us=1855 paint_us=197 encode_us=43 acquire_us=1093 submit_us=5615 skipped=0 gpu_q=1 gpu_total_us=4891 gpu_prepass_us=0 gpu_main_us=4891 gpu_composite_us=0 gpu_blit_us=0
frust_shell_common::perf: frust-perf raw n=3132 total_us=8966 rebuild_us=73 layout_us=2028 paint_us=238 encode_us=47 acquire_us=996 submit_us=5580 skipped=0 gpu_q=1 gpu_total_us=4802 gpu_prepass_us=0 gpu_main_us=4802 gpu_composite_us=0 gpu_blit_us=0
frust_shell_common::perf: frust-perf raw n=3133 total_us=9089 rebuild_us=68 layout_us=2041 paint_us=238 encode_us=44 acquire_us=1087 submit_us=5609 skipped=0 gpu_q=1 gpu_total_us=4804 gpu_prepass_us=0 gpu_main_us=4804 gpu_composite_us=0 gpu_blit_us=0
frust_shell_common::perf: frust-perf raw n=3134 total_us=8697 rebuild_us=68 layout_us=2071 paint_us=210 encode_us=44 acquire_us=723 submit_us=5578 skipped=0 gpu_q=1 gpu_total_us=4880 gpu_prepass_us=0 gpu_main_us=4880 gpu_composite_us=0 gpu_blit_us=0
frust_shell_common::perf: frust-perf raw n=3135 total_us=8714 rebuild_us=62 layout_us=1950 paint_us=203 encode_us=46 acquire_us=871 submit_us=5580 skipped=0 gpu_q=1 gpu_total_us=4908 gpu_prepass_us=0 gpu_main_us=4908 gpu_composite_us=0 gpu_blit_us=0
frust_shell_common::perf: frust-perf raw n=3136 total_us=8755 rebuild_us=66 layout_us=1952 paint_us=197 encode_us=42 acquire_us=874 submit_us=5623 skipped=0 gpu_q=1 gpu_total_us=4849 gpu_prepass_us=0 gpu_main_us=4849 gpu_composite_us=0 gpu_blit_us=0
frust_shell_common::perf: frust-perf raw n=3137 total_us=9006 rebuild_us=64 layout_us=1897 paint_us=198 encode_us=43 acquire_us=913 submit_us=5888 skipped=0 gpu_q=1 gpu_total_us=4767 gpu_prepass_us=0 gpu_main_us=4767 gpu_composite_us=0 gpu_blit_us=0
frust_shell_common::perf: frust-perf raw n=3138 total_us=9290 rebuild_us=64 layout_us=2194 paint_us=232 encode_us=47 acquire_us=520 submit_us=6231 skipped=0 gpu_q=1 gpu_total_us=4840 gpu_prepass_us=0 gpu_main_us=4840 gpu_composite_us=0 gpu_blit_us=0
frust_shell_common::perf: frust-perf raw n=3139 total_us=10131 rebuild_us=85 layout_us=2157 paint_us=212 encode_us=43 acquire_us=1253 submit_us=6378 skipped=0 gpu_q=1 gpu_total_us=4925 gpu_prepass_us=0 gpu_main_us=4925 gpu_composite_us=0 gpu_blit_us=0
frust_shell_common::perf: frust-perf raw n=3140 total_us=9327 rebuild_us=86 layout_us=2256 paint_us=231 encode_us=53 acquire_us=324 submit_us=6375 skipped=0 gpu_q=1 gpu_total_us=4818 gpu_prepass_us=0 gpu_main_us=4818 gpu_composite_us=0 gpu_blit_us=0
frust_shell_common::perf: frust-perf raw n=3141 total_us=11568 rebuild_us=156 layout_us=5369 paint_us=393 encode_us=38 acquire_us=59 submit_us=5551 skipped=0 gpu_q=1 gpu_total_us=4841 gpu_prepass_us=0 gpu_main_us=4841 gpu_composite_us=0 gpu_blit_us=0
frust_shell_common::perf: frust-perf raw n=3142 total_us=7078 rebuild_us=55 layout_us=1892 paint_us=201 encode_us=41 acquire_us=65 submit_us=4821 skipped=0 gpu_q=1 gpu_total_us=4834 gpu_prepass_us=0 gpu_main_us=4834 gpu_composite_us=0 gpu_blit_us=0
frust_shell_common::perf: frust-perf raw n=3143 total_us=8156 rebuild_us=56 layout_us=1363 paint_us=156 encode_us=35 acquire_us=1793 submit_us=4751 skipped=0 gpu_q=1 gpu_total_us=4862 gpu_prepass_us=0 gpu_main_us=4862 gpu_composite_us=0 gpu_blit_us=0
frust_shell_common::perf: frust-perf raw n=3144 total_us=8038 rebuild_us=57 layout_us=1528 paint_us=162 encode_us=41 acquire_us=1445 submit_us=4803 skipped=0 gpu_q=1 gpu_total_us=4834 gpu_prepass_us=0 gpu_main_us=4834 gpu_composite_us=0 gpu_blit_us=0
frust_shell_common::perf: frust-perf raw n=3145 total_us=9392 rebuild_us=60 layout_us=1919 paint_us=202 encode_us=51 acquire_us=1075 submit_us=6082 skipped=0 gpu_q=1 gpu_total_us=5109 gpu_prepass_us=0 gpu_main_us=5109 gpu_composite_us=0 gpu_blit_us=0
frust_shell_common::perf: frust-perf raw n=3146 total_us=10159 rebuild_us=70 layout_us=2311 paint_us=239 encode_us=54 acquire_us=711 submit_us=6771 skipped=0 gpu_q=1 gpu_total_us=4819 gpu_prepass_us=0 gpu_main_us=4819 gpu_composite_us=0 gpu_blit_us=0
frust_shell_common::perf: frust-perf raw n=3147 total_us=9621 rebuild_us=64 layout_us=2251 paint_us=236 encode_us=50 acquire_us=712 submit_us=6306 skipped=0 gpu_q=1 gpu_total_us=4912 gpu_prepass_us=0 gpu_main_us=4912 gpu_composite_us=0 gpu_blit_us=0
frust_shell_common::perf: frust-perf raw n=3148 total_us=9490 rebuild_us=57 layout_us=2121 paint_us=231 encode_us=44 acquire_us=1057 submit_us=5977 skipped=0 gpu_q=1 gpu_total_us=4754 gpu_prepass_us=0 gpu_main_us=4754 gpu_composite_us=0 gpu_blit_us=0
frust_shell_common::perf: frust-perf raw n=3149 total_us=9441 rebuild_us=58 layout_us=2043 paint_us=213 encode_us=44 acquire_us=1023 submit_us=6057 skipped=0 gpu_q=1 gpu_total_us=4851 gpu_prepass_us=0 gpu_main_us=4851 gpu_composite_us=0 gpu_blit_us=0
frust_shell_common::perf: frust-perf raw n=3150 total_us=9600 rebuild_us=63 layout_us=2058 paint_us=211 encode_us=47 acquire_us=1024 submit_us=6195 skipped=0 gpu_q=1 gpu_total_us=4866 gpu_prepass_us=0 gpu_main_us=4866 gpu_composite_us=0 gpu_blit_us=0
frust_shell_common::perf: frust-perf raw n=3151 total_us=8180 rebuild_us=63 layout_us=2042 paint_us=217 encode_us=47 acquire_us=1111 submit_us=4698 skipped=0 gpu_q=1 gpu_total_us=4855 gpu_prepass_us=0 gpu_main_us=4855 gpu_composite_us=0 gpu_blit_us=0
frust_shell_common::perf: frust-perf raw n=3152 total_us=8171 rebuild_us=51 layout_us=1273 paint_us=134 encode_us=42 acquire_us=2089 submit_us=4581 skipped=0 gpu_q=1 gpu_total_us=4809 gpu_prepass_us=0 gpu_main_us=4809 gpu_composite_us=0 gpu_blit_us=0
frust_shell_common::perf: frust-perf raw n=3153 total_us=7729 rebuild_us=58 layout_us=1554 paint_us=162 encode_us=38 acquire_us=859 submit_us=5056 skipped=0 gpu_q=1 gpu_total_us=4867 gpu_prepass_us=0 gpu_main_us=4867 gpu_composite_us=0 gpu_blit_us=0
frust_shell_common::perf: frust-perf raw n=3154 total_us=8908 rebuild_us=65 layout_us=1692 paint_us=177 encode_us=45 acquire_us=1061 submit_us=5865 skipped=0 gpu_q=1 gpu_total_us=4894 gpu_prepass_us=0 gpu_main_us=4894 gpu_composite_us=0 gpu_blit_us=0
frust_shell_common::perf: frust-perf raw n=3155 total_us=12812 rebuild_us=131 layout_us=5588 paint_us=394 encode_us=65 acquire_us=78 submit_us=6553 skipped=0 gpu_q=1 gpu_total_us=4879 gpu_prepass_us=0 gpu_main_us=4879 gpu_composite_us=0 gpu_blit_us=0
frust_shell_common::perf: frust-perf raw n=3156 total_us=11820 rebuild_us=114 layout_us=4759 paint_us=457 encode_us=43 acquire_us=79 submit_us=6366 skipped=0 gpu_q=1 gpu_total_us=4729 gpu_prepass_us=0 gpu_main_us=4729 gpu_composite_us=0 gpu_blit_us=0
frust_shell_common::perf: frust-perf raw n=3157 total_us=6103 rebuild_us=64 layout_us=2257 paint_us=264 encode_us=38 acquire_us=51 submit_us=3427 skipped=0 gpu_q=1 gpu_total_us=4874 gpu_prepass_us=0 gpu_main_us=4874 gpu_composite_us=0 gpu_blit_us=0
frust_shell_common::perf: frust-perf raw n=3158 total_us=8744 rebuild_us=64 layout_us=1339 paint_us=149 encode_us=41 acquire_us=918 submit_us=6231 skipped=0 gpu_q=1 gpu_total_us=4934 gpu_prepass_us=0 gpu_main_us=4934 gpu_composite_us=0 gpu_blit_us=0
frust_shell_common::perf: frust-perf raw n=3159 total_us=8561 rebuild_us=68 layout_us=1825 paint_us=191 encode_us=41 acquire_us=780 submit_us=5652 skipped=0 gpu_q=1 gpu_total_us=4843 gpu_prepass_us=0 gpu_main_us=4843 gpu_composite_us=0 gpu_blit_us=0
frust_shell_common::perf: frust-perf raw n=3160 total_us=8876 rebuild_us=67 layout_us=1815 paint_us=197 encode_us=45 acquire_us=1104 submit_us=5645 skipped=0 gpu_q=1 gpu_total_us=4821 gpu_prepass_us=0 gpu_main_us=4821 gpu_composite_us=0 gpu_blit_us=0
frust_shell_common::perf: frust-perf raw n=3161 total_us=8682 rebuild_us=66 layout_us=1812 paint_us=198 encode_us=44 acquire_us=934 submit_us=5625 skipped=0 gpu_q=1 gpu_total_us=4794 gpu_prepass_us=0 gpu_main_us=4794 gpu_composite_us=0 gpu_blit_us=0
frust_shell_common::perf: frust-perf raw n=3162 total_us=8476 rebuild_us=69 layout_us=1903 paint_us=197 encode_us=46 acquire_us=693 submit_us=5565 skipped=0 gpu_q=1 gpu_total_us=4863 gpu_prepass_us=0 gpu_main_us=4863 gpu_composite_us=0 gpu_blit_us=0
frust_shell_common::perf: frust-perf raw n=3163 total_us=8825 rebuild_us=59 layout_us=1952 paint_us=234 encode_us=45 acquire_us=866 submit_us=5667 skipped=0 gpu_q=1 gpu_total_us=4905 gpu_prepass_us=0 gpu_main_us=4905 gpu_composite_us=0 gpu_blit_us=0
frust_shell_common::perf: frust-perf raw n=3164 total_us=8876 rebuild_us=65 layout_us=1960 paint_us=197 encode_us=48 acquire_us=874 submit_us=5730 skipped=0 gpu_q=1 gpu_total_us=4786 gpu_prepass_us=0 gpu_main_us=4786 gpu_composite_us=0 gpu_blit_us=0
frust_shell_common::perf: frust-perf raw n=3165 total_us=7984 rebuild_us=71 layout_us=1980 paint_us=195 encode_us=46 acquire_us=67 submit_us=5623 skipped=0 gpu_q=1 gpu_total_us=4791 gpu_prepass_us=0 gpu_main_us=4791 gpu_composite_us=0 gpu_blit_us=0
frust_shell_common::perf: frust-perf raw n=3166 total_us=9089 rebuild_us=66 layout_us=1965 paint_us=199 encode_us=40 acquire_us=1145 submit_us=5671 skipped=0 gpu_q=1 gpu_total_us=4933 gpu_prepass_us=0 gpu_main_us=4933 gpu_composite_us=0 gpu_blit_us=0
frust_shell_common::perf: frust-perf raw n=3167 total_us=4816 rebuild_us=78 layout_us=1781 paint_us=134 encode_us=36 acquire_us=51 submit_us=2734 skipped=0 gpu_q=1 gpu_total_us=4851 gpu_prepass_us=0 gpu_main_us=4851 gpu_composite_us=0 gpu_blit_us=0
frust_shell_common::perf: frust-perf raw n=3168 total_us=7132 rebuild_us=50 layout_us=1103 paint_us=110 encode_us=31 acquire_us=2383 submit_us=3453 skipped=0 gpu_q=1 gpu_total_us=4770 gpu_prepass_us=0 gpu_main_us=4770 gpu_composite_us=0 gpu_blit_us=0
frust_shell_common::perf: frust-perf raw n=3169 total_us=6208 rebuild_us=52 layout_us=1305 paint_us=123 encode_us=32 acquire_us=1029 submit_us=3664 skipped=0 gpu_q=1 gpu_total_us=4879 gpu_prepass_us=0 gpu_main_us=4879 gpu_composite_us=0 gpu_blit_us=0
frust_shell_common::perf: frust-perf raw n=3170 total_us=9813 rebuild_us=135 layout_us=4297 paint_us=345 encode_us=39 acquire_us=61 submit_us=4932 skipped=0 gpu_q=1 gpu_total_us=4841 gpu_prepass_us=0 gpu_main_us=4841 gpu_composite_us=0 gpu_blit_us=0
frust_shell_common::perf: frust-perf raw n=3171 total_us=6816 rebuild_us=62 layout_us=1784 paint_us=202 encode_us=39 acquire_us=60 submit_us=4667 skipped=0 gpu_q=1 gpu_total_us=4743 gpu_prepass_us=0 gpu_main_us=4743 gpu_composite_us=0 gpu_blit_us=0
frust_shell_common::perf: frust-perf raw n=3172 total_us=8005 rebuild_us=65 layout_us=1358 paint_us=145 encode_us=33 acquire_us=1427 submit_us=4976 skipped=0 gpu_q=1 gpu_total_us=4735 gpu_prepass_us=0 gpu_main_us=4735 gpu_composite_us=0 gpu_blit_us=0
frust_shell_common::perf: frust-perf raw n=3173 total_us=8696 rebuild_us=59 layout_us=1832 paint_us=193 encode_us=45 acquire_us=737 submit_us=5828 skipped=0 gpu_q=1 gpu_total_us=4720 gpu_prepass_us=0 gpu_main_us=4720 gpu_composite_us=0 gpu_blit_us=0
frust_shell_common::perf: frust-perf raw n=3174 total_us=9178 rebuild_us=60 layout_us=1991 paint_us=215 encode_us=47 acquire_us=674 submit_us=6188 skipped=0 gpu_q=1 gpu_total_us=5120 gpu_prepass_us=0 gpu_main_us=5120 gpu_composite_us=0 gpu_blit_us=0
frust_shell_common::perf: frust-perf raw n=3175 total_us=9982 rebuild_us=88 layout_us=2029 paint_us=215 encode_us=48 acquire_us=1217 submit_us=6383 skipped=0 gpu_q=1 gpu_total_us=4828 gpu_prepass_us=0 gpu_main_us=4828 gpu_composite_us=0 gpu_blit_us=0
frust_shell_common::perf: frust-perf raw n=3176 total_us=9466 rebuild_us=64 layout_us=2267 paint_us=244 encode_us=52 acquire_us=548 submit_us=6289 skipped=0 gpu_q=1 gpu_total_us=4835 gpu_prepass_us=0 gpu_main_us=4835 gpu_composite_us=0 gpu_blit_us=0
frust_shell_common::perf: frust-perf raw n=3177 total_us=9409 rebuild_us=59 layout_us=2151 paint_us=227 encode_us=51 acquire_us=763 submit_us=6155 skipped=0 gpu_q=1 gpu_total_us=4834 gpu_prepass_us=0 gpu_main_us=4834 gpu_composite_us=0 gpu_blit_us=0
frust_shell_common::perf: frust-perf raw n=3178 total_us=9230 rebuild_us=63 layout_us=2056 paint_us=214 encode_us=44 acquire_us=691 submit_us=6160 skipped=0 gpu_q=1 gpu_total_us=4853 gpu_prepass_us=0 gpu_main_us=4853 gpu_composite_us=0 gpu_blit_us=0
frust_shell_common::perf: frust-perf raw n=3179 total_us=9152 rebuild_us=85 layout_us=2054 paint_us=215 encode_us=43 acquire_us=575 submit_us=6177 skipped=0 gpu_q=1 gpu_total_us=4876 gpu_prepass_us=0 gpu_main_us=4876 gpu_composite_us=0 gpu_blit_us=0
frust_engine::renderer: frust-perf enc n=3180 w=60 validate_us=13.7 prepare_us=2.9 classify_us=41.7 admit_us=0.2 walk_us=2624.4 glyphs_us=2134.4 finish_us=2.0 compile_us=2686.4 schedule_us=3.9 paints_us=128.0 instances_us=201.4 resize_us=10.4 upload_us=266.3 replay_us=0.3 pipelines_us=15.9 record_us=27.1 total_us=3362.6 total_p95_us=3953.0 draws=830 strips=12435 alphas=303600 glyph_draws=797 atlas_glyphs=797
frust_shell_common::perf: frust-perf raw n=3180 total_us=9267 rebuild_us=69 layout_us=2166 paint_us=231 encode_us=47 acquire_us=438 submit_us=6314 skipped=0 gpu_q=1 gpu_total_us=4856 gpu_prepass_us=0 gpu_main_us=4856 gpu_composite_us=0 gpu_blit_us=0
frust_shell_common::perf: frust-perf raw n=3181 total_us=10498 rebuild_us=74 layout_us=2080 paint_us=211 encode_us=44 acquire_us=1249 submit_us=6838 skipped=0 gpu_q=1 gpu_total_us=4852 gpu_prepass_us=0 gpu_main_us=4852 gpu_composite_us=0 gpu_blit_us=0
frust_shell_common::perf: frust-perf raw n=3182 total_us=7986 rebuild_us=64 layout_us=2259 paint_us=240 encode_us=46 acquire_us=165 submit_us=5210 skipped=0 gpu_q=1 gpu_total_us=4858 gpu_prepass_us=0 gpu_main_us=4858 gpu_composite_us=0 gpu_blit_us=0
frust_shell_common::perf: frust-perf raw n=3183 total_us=8635 rebuild_us=51 layout_us=1402 paint_us=151 encode_us=38 acquire_us=1734 submit_us=5256 skipped=0 gpu_q=1 gpu_total_us=4877 gpu_prepass_us=0 gpu_main_us=4877 gpu_composite_us=0 gpu_blit_us=0
frust_shell_common::perf: frust-perf raw n=3184 total_us=11072 rebuild_us=135 layout_us=4914 paint_us=332 encode_us=41 acquire_us=68 submit_us=5579 skipped=0 gpu_q=1 gpu_total_us=4757 gpu_prepass_us=0 gpu_main_us=4757 gpu_composite_us=0 gpu_blit_us=0
frust_shell_common::perf: frust-perf raw n=3185 total_us=10160 rebuild_us=102 layout_us=3803 paint_us=396 encode_us=40 acquire_us=70 submit_us=5746 skipped=0 gpu_q=1 gpu_total_us=4890 gpu_prepass_us=0 gpu_main_us=4890 gpu_composite_us=0 gpu_blit_us=0
frust_shell_common::perf: frust-perf raw n=3186 total_us=6240 rebuild_us=62 layout_us=1937 paint_us=211 encode_us=41 acquire_us=66 submit_us=3920 skipped=0 gpu_q=1 gpu_total_us=4949 gpu_prepass_us=0 gpu_main_us=4949 gpu_composite_us=0 gpu_blit_us=0
frust_shell_common::perf: frust-perf raw n=3187 total_us=11997 rebuild_us=61 layout_us=1411 paint_us=151 encode_us=38 acquire_us=2153 submit_us=8179 skipped=0 gpu_q=1 gpu_total_us=4882 gpu_prepass_us=0 gpu_main_us=4882 gpu_composite_us=0 gpu_blit_us=0
frust_shell_common::perf: frust-perf raw n=3188 total_us=6663 rebuild_us=61 layout_us=2542 paint_us=287 encode_us=37 acquire_us=57 submit_us=3677 skipped=0 gpu_q=1 gpu_total_us=4802 gpu_prepass_us=0 gpu_main_us=4802 gpu_composite_us=0 gpu_blit_us=0
frust_shell_common::perf: frust-perf raw n=3189 total_us=9488 rebuild_us=61 layout_us=1414 paint_us=157 encode_us=37 acquire_us=2173 submit_us=5643 skipped=0 gpu_q=1 gpu_total_us=4906 gpu_prepass_us=0 gpu_main_us=4906 gpu_composite_us=0 gpu_blit_us=0
frust_shell_common::perf: frust-perf raw n=3190 total_us=8337 rebuild_us=56 layout_us=1651 paint_us=177 encode_us=47 acquire_us=1330 submit_us=5074 skipped=0 gpu_q=1 gpu_total_us=4813 gpu_prepass_us=0 gpu_main_us=4813 gpu_composite_us=0 gpu_blit_us=0
frust_shell_common::perf: frust-perf raw n=3191 total_us=9089 rebuild_us=61 layout_us=1646 paint_us=173 encode_us=40 acquire_us=1536 submit_us=5630 skipped=0 gpu_q=1 gpu_total_us=4909 gpu_prepass_us=0 gpu_main_us=4909 gpu_composite_us=0 gpu_blit_us=0
frust_shell_common::perf: frust-perf raw n=3192 total_us=8674 rebuild_us=68 layout_us=1837 paint_us=215 encode_us=45 acquire_us=1012 submit_us=5493 skipped=0 gpu_q=1 gpu_total_us=4831 gpu_prepass_us=0 gpu_main_us=4831 gpu_composite_us=0 gpu_blit_us=0
frust_shell_common::perf: frust-perf raw n=3193 total_us=8829 rebuild_us=58 layout_us=1887 paint_us=230 encode_us=42 acquire_us=999 submit_us=5610 skipped=0 gpu_q=1 gpu_total_us=4874 gpu_prepass_us=0 gpu_main_us=4874 gpu_composite_us=0 gpu_blit_us=0
frust_shell_common::perf: frust-perf raw n=3194 total_us=8995 rebuild_us=64 layout_us=1908 paint_us=199 encode_us=45 acquire_us=1052 submit_us=5725 skipped=0 gpu_q=1 gpu_total_us=4925 gpu_prepass_us=0 gpu_main_us=4925 gpu_composite_us=0 gpu_blit_us=0
frust_shell_common::perf: frust-perf raw n=3195 total_us=9434 rebuild_us=63 layout_us=1910 paint_us=203 encode_us=47 acquire_us=1439 submit_us=5770 skipped=0 gpu_q=1 gpu_total_us=4888 gpu_prepass_us=0 gpu_main_us=4888 gpu_composite_us=0 gpu_blit_us=0
frust_shell_common::perf: frust-perf raw n=3196 total_us=9470 rebuild_us=59 layout_us=2041 paint_us=213 encode_us=46 acquire_us=869 submit_us=6240 skipped=0 gpu_q=1 gpu_total_us=4812 gpu_prepass_us=0 gpu_main_us=4812 gpu_composite_us=0 gpu_blit_us=0
frust_shell_common::perf: frust-perf raw n=3197 total_us=9363 rebuild_us=64 layout_us=2109 paint_us=216 encode_us=42 acquire_us=727 submit_us=6203 skipped=0 gpu_q=1 gpu_total_us=4824 gpu_prepass_us=0 gpu_main_us=4824 gpu_composite_us=0 gpu_blit_us=0
frust_shell_common::perf: frust-perf raw n=3198 total_us=9280 rebuild_us=90 layout_us=2260 paint_us=229 encode_us=47 acquire_us=452 submit_us=6200 skipped=0 gpu_q=1 gpu_total_us=4866 gpu_prepass_us=0 gpu_main_us=4866 gpu_composite_us=0 gpu_blit_us=0
frust_shell_common::perf: frust-perf raw n=3199 total_us=11840 rebuild_us=144 layout_us=5114 paint_us=380 encode_us=44 acquire_us=70 submit_us=6086 skipped=0 gpu_q=1 gpu_total_us=4892 gpu_prepass_us=0 gpu_main_us=4892 gpu_composite_us=0 gpu_blit_us=0
frust_shell_common::perf: frust-perf raw n=3200 total_us=7161 rebuild_us=64 layout_us=1909 paint_us=199 encode_us=40 acquire_us=68 submit_us=4880 skipped=0 gpu_q=1 gpu_total_us=4748 gpu_prepass_us=0 gpu_main_us=4748 gpu_composite_us=0 gpu_blit_us=0
frust_shell_common::perf: frust-perf raw n=3201 total_us=8487 rebuild_us=60 layout_us=1385 paint_us=167 encode_us=42 acquire_us=2022 submit_us=4809 skipped=0 gpu_q=1 gpu_total_us=4886 gpu_prepass_us=0 gpu_main_us=4886 gpu_composite_us=0 gpu_blit_us=0
frust_shell_common::perf: frust-perf raw n=3202 total_us=7899 rebuild_us=55 layout_us=1518 paint_us=172 encode_us=38 acquire_us=1297 submit_us=4816 skipped=0 gpu_q=1 gpu_total_us=4820 gpu_prepass_us=0 gpu_main_us=4820 gpu_composite_us=0 gpu_blit_us=0
frust_shell_common::perf: frust-perf raw n=3203 total_us=8568 rebuild_us=62 layout_us=1659 paint_us=178 encode_us=42 acquire_us=1217 submit_us=5407 skipped=0 gpu_q=1 gpu_total_us=5249 gpu_prepass_us=0 gpu_main_us=5249 gpu_composite_us=0 gpu_blit_us=0
frust_shell_common::perf: frust-perf raw n=3204 total_us=9561 rebuild_us=62 layout_us=1981 paint_us=234 encode_us=46 acquire_us=930 submit_us=6305 skipped=0 gpu_q=1 gpu_total_us=4742 gpu_prepass_us=0 gpu_main_us=4742 gpu_composite_us=0 gpu_blit_us=0
frust_shell_common::perf: frust-perf raw n=3205 total_us=9688 rebuild_us=62 layout_us=2197 paint_us=273 encode_us=49 acquire_us=589 submit_us=6516 skipped=0 gpu_q=1 gpu_total_us=4863 gpu_prepass_us=0 gpu_main_us=4863 gpu_composite_us=0 gpu_blit_us=0
frust_shell_common::perf: frust-perf raw n=3206 total_us=9336 rebuild_us=58 layout_us=1968 paint_us=271 encode_us=46 acquire_us=952 submit_us=6039 skipped=0 gpu_q=1 gpu_total_us=4872 gpu_prepass_us=0 gpu_main_us=4872 gpu_composite_us=0 gpu_blit_us=0
frust_shell_common::perf: frust-perf raw n=3207 total_us=10225 rebuild_us=56 layout_us=2064 paint_us=215 encode_us=43 acquire_us=1387 submit_us=6458 skipped=0 gpu_q=1 gpu_total_us=4961 gpu_prepass_us=0 gpu_main_us=4961 gpu_composite_us=0 gpu_blit_us=0
frust_shell_common::perf: frust-perf raw n=3208 total_us=9551 rebuild_us=61 layout_us=2251 paint_us=257 encode_us=51 acquire_us=641 submit_us=6287 skipped=0 gpu_q=1 gpu_total_us=4802 gpu_prepass_us=0 gpu_main_us=4802 gpu_composite_us=0 gpu_blit_us=0
frust_shell_common::perf: frust-perf raw n=3209 total_us=9575 rebuild_us=62 layout_us=1943 paint_us=226 encode_us=46 acquire_us=1145 submit_us=6151 skipped=0 gpu_q=1 gpu_total_us=4855 gpu_prepass_us=0 gpu_main_us=4855 gpu_composite_us=0 gpu_blit_us=0
frust_shell_common::perf: frust-perf raw n=3210 total_us=8964 rebuild_us=61 layout_us=1750 paint_us=216 encode_us=49 acquire_us=982 submit_us=5903 skipped=0 gpu_q=1 gpu_total_us=4908 gpu_prepass_us=0 gpu_main_us=4908 gpu_composite_us=0 gpu_blit_us=0
frust_shell_common::perf: frust-perf raw n=3211 total_us=9704 rebuild_us=71 layout_us=1427 paint_us=207 encode_us=44 acquire_us=1815 submit_us=6138 skipped=0 gpu_q=1 gpu_total_us=4985 gpu_prepass_us=0 gpu_main_us=4985 gpu_composite_us=0 gpu_blit_us=0
frust_shell_common::perf: frust-perf raw n=3212 total_us=8949 rebuild_us=64 layout_us=1419 paint_us=224 encode_us=49 acquire_us=1324 submit_us=5867 skipped=0 gpu_q=1 gpu_total_us=4838 gpu_prepass_us=0 gpu_main_us=4838 gpu_composite_us=0 gpu_blit_us=0
frust_shell_common::perf: frust-perf raw n=3213 total_us=10722 rebuild_us=149 layout_us=3515 paint_us=552 encode_us=44 acquire_us=79 submit_us=6380 skipped=0 gpu_q=1 gpu_total_us=4853 gpu_prepass_us=0 gpu_main_us=4853 gpu_composite_us=0 gpu_blit_us=0
frust_shell_common::perf: frust-perf raw n=3214 total_us=6152 rebuild_us=143 layout_us=1724 paint_us=298 encode_us=40 acquire_us=71 submit_us=3873 skipped=0 gpu_q=1 gpu_total_us=4930 gpu_prepass_us=0 gpu_main_us=4930 gpu_composite_us=0 gpu_blit_us=0
frust_shell_common::perf: frust-perf raw n=3215 total_us=7591 rebuild_us=158 layout_us=1209 paint_us=319 encode_us=36 acquire_us=526 submit_us=5341 skipped=0 gpu_q=1 gpu_total_us=4862 gpu_prepass_us=0 gpu_main_us=4862 gpu_composite_us=0 gpu_blit_us=0
frust_shell_common::perf: frust-perf raw n=3216 total_us=6612 rebuild_us=145 layout_us=92 paint_us=250 encode_us=35 acquire_us=1034 submit_us=5053 skipped=0 gpu_q=1 gpu_total_us=4778 gpu_prepass_us=0 gpu_main_us=4778 gpu_composite_us=0 gpu_blit_us=0
frust_shell_common::perf: frust-perf raw n=3217 total_us=7997 rebuild_us=155 layout_us=49 paint_us=254 encode_us=39 acquire_us=2279 submit_us=5218 skipped=0 gpu_q=1 gpu_total_us=5205 gpu_prepass_us=0 gpu_main_us=5205 gpu_composite_us=0 gpu_blit_us=0
frust_shell_common::perf: frust-perf raw n=3218 total_us=7909 rebuild_us=142 layout_us=326 paint_us=334 encode_us=39 acquire_us=1499 submit_us=5566 skipped=0 gpu_q=1 gpu_total_us=4875 gpu_prepass_us=0 gpu_main_us=4875 gpu_composite_us=0 gpu_blit_us=0
frust_shell_common::perf: frust-perf raw n=3219 total_us=8957 rebuild_us=149 layout_us=740 paint_us=499 encode_us=40 acquire_us=1389 submit_us=6137 skipped=0 gpu_q=1 gpu_total_us=4858 gpu_prepass_us=0 gpu_main_us=4858 gpu_composite_us=0 gpu_blit_us=0
frust_shell_common::perf: frust-perf raw n=3220 total_us=8840 rebuild_us=151 layout_us=652 paint_us=460 encode_us=43 acquire_us=1861 submit_us=5671 skipped=0 gpu_q=1 gpu_total_us=4783 gpu_prepass_us=0 gpu_main_us=4783 gpu_composite_us=0 gpu_blit_us=0
frust_shell_common::perf: frust-perf raw n=3221 total_us=11828 rebuild_us=160 layout_us=5443 paint_us=548 encode_us=43 acquire_us=70 submit_us=5562 skipped=0 gpu_q=1 gpu_total_us=4720 gpu_prepass_us=0 gpu_main_us=4720 gpu_composite_us=0 gpu_blit_us=0
frust_shell_common::perf: frust-perf raw n=3222 total_us=9774 rebuild_us=116 layout_us=3920 paint_us=359 encode_us=45 acquire_us=64 submit_us=5267 skipped=0 gpu_q=1 gpu_total_us=4990 gpu_prepass_us=0 gpu_main_us=4990 gpu_composite_us=0 gpu_blit_us=0
frust_shell_common::perf: frust-perf raw n=3223 total_us=6723 rebuild_us=64 layout_us=1332 paint_us=195 encode_us=37 acquire_us=1063 submit_us=4029 skipped=0 gpu_q=1 gpu_total_us=4880 gpu_prepass_us=0 gpu_main_us=4880 gpu_composite_us=0 gpu_blit_us=0
frust_shell_common::perf: frust-perf raw n=3224 total_us=8330 rebuild_us=53 layout_us=1075 paint_us=152 encode_us=32 acquire_us=1918 submit_us=5097 skipped=0 gpu_q=1 gpu_total_us=4774 gpu_prepass_us=0 gpu_main_us=4774 gpu_composite_us=0 gpu_blit_us=0
frust_shell_common::perf: frust-perf raw n=3225 total_us=10451 rebuild_us=59 layout_us=1511 paint_us=229 encode_us=47 acquire_us=2720 submit_us=5884 skipped=0 gpu_q=1 gpu_total_us=4748 gpu_prepass_us=0 gpu_main_us=4748 gpu_composite_us=0 gpu_blit_us=0
frust_shell_android::app::frame: frust-perf platform-view tail depth=0 target=0 acquire_bound=false frame=3240 expected_present_us=0 acquire_us=1286 period_us=8268
frust_shell_common::perf: frust-perf raw n=3226 total_us=9246 rebuild_us=54 layout_us=1670 paint_us=267 encode_us=45 acquire_us=536 submit_us=6671 skipped=0 gpu_q=1 gpu_total_us=4913 gpu_prepass_us=0 gpu_main_us=4913 gpu_composite_us=0 gpu_blit_us=0
frust_shell_common::perf: frust-perf raw n=3227 total_us=8045 rebuild_us=68 layout_us=1353 paint_us=169 encode_us=40 acquire_us=1999 submit_us=4413 skipped=0 gpu_q=1 gpu_total_us=4865 gpu_prepass_us=0 gpu_main_us=4865 gpu_composite_us=0 gpu_blit_us=0
frust_shell_common::perf: frust-perf raw n=3228 total_us=7699 rebuild_us=56 layout_us=1300 paint_us=158 encode_us=32 acquire_us=1723 submit_us=4426 skipped=0 gpu_q=1 gpu_total_us=4759 gpu_prepass_us=0 gpu_main_us=4759 gpu_composite_us=0 gpu_blit_us=0
frust_shell_common::perf: frust-perf raw n=3229 total_us=8926 rebuild_us=93 layout_us=1501 paint_us=196 encode_us=45 acquire_us=1212 submit_us=5876 skipped=0 gpu_q=1 gpu_total_us=4775 gpu_prepass_us=0 gpu_main_us=4775 gpu_composite_us=0 gpu_blit_us=0
frust_shell_common::perf: frust-perf raw n=3230 total_us=9996 rebuild_us=71 layout_us=1627 paint_us=254 encode_us=47 acquire_us=1841 submit_us=6153 skipped=0 gpu_q=1 gpu_total_us=4856 gpu_prepass_us=0 gpu_main_us=4856 gpu_composite_us=0 gpu_blit_us=0
frust_shell_common::perf: frust-perf raw n=3231 total_us=9274 rebuild_us=59 layout_us=1499 paint_us=215 encode_us=42 acquire_us=1408 submit_us=6048 skipped=0 gpu_q=1 gpu_total_us=4923 gpu_prepass_us=0 gpu_main_us=4923 gpu_composite_us=0 gpu_blit_us=0
frust_shell_common::perf: frust-perf raw n=3232 total_us=9738 rebuild_us=57 layout_us=1509 paint_us=207 encode_us=50 acquire_us=2075 submit_us=5837 skipped=0 gpu_q=1 gpu_total_us=4793 gpu_prepass_us=0 gpu_main_us=4793 gpu_composite_us=0 gpu_blit_us=0
frust_shell_common::perf: frust-perf raw n=3233 total_us=9150 rebuild_us=61 layout_us=1585 paint_us=215 encode_us=45 acquire_us=1165 submit_us=6077 skipped=0 gpu_q=1 gpu_total_us=4785 gpu_prepass_us=0 gpu_main_us=4785 gpu_composite_us=0 gpu_blit_us=0
frust_shell_common::perf: frust-perf raw n=3234 total_us=8897 rebuild_us=61 layout_us=1531 paint_us=212 encode_us=45 acquire_us=1357 submit_us=5689 skipped=0 gpu_q=1 gpu_total_us=4885 gpu_prepass_us=0 gpu_main_us=4885 gpu_composite_us=0 gpu_blit_us=0
frust_shell_common::perf: frust-perf raw n=3235 total_us=8367 rebuild_us=71 layout_us=1390 paint_us=194 encode_us=40 acquire_us=1223 submit_us=5446 skipped=0 gpu_q=1 gpu_total_us=4944 gpu_prepass_us=0 gpu_main_us=4944 gpu_composite_us=0 gpu_blit_us=0
frust_shell_common::perf: frust-perf raw n=3236 total_us=10555 rebuild_us=139 layout_us=4423 paint_us=417 encode_us=40 acquire_us=67 submit_us=5467 skipped=0 gpu_q=1 gpu_total_us=4783 gpu_prepass_us=0 gpu_main_us=4783 gpu_composite_us=0 gpu_blit_us=0
frust_shell_common::perf: frust-perf raw n=3237 total_us=6260 rebuild_us=53 layout_us=1367 paint_us=198 encode_us=36 acquire_us=63 submit_us=4540 skipped=0 gpu_q=1 gpu_total_us=4794 gpu_prepass_us=0 gpu_main_us=4794 gpu_composite_us=0 gpu_blit_us=0
frust_shell_common::perf: frust-perf raw n=3238 total_us=9306 rebuild_us=67 layout_us=1088 paint_us=165 encode_us=44 acquire_us=2080 submit_us=5860 skipped=0 gpu_q=1 gpu_total_us=4860 gpu_prepass_us=0 gpu_main_us=4860 gpu_composite_us=0 gpu_blit_us=0
frust_shell_common::perf: frust-perf raw n=3239 total_us=8645 rebuild_us=65 layout_us=1590 paint_us=218 encode_us=56 acquire_us=935 submit_us=5777 skipped=0 gpu_q=1 gpu_total_us=4954 gpu_prepass_us=0 gpu_main_us=4954 gpu_composite_us=0 gpu_blit_us=0
frust_engine::renderer: frust-perf enc n=3240 w=60 validate_us=13.5 prepare_us=2.9 classify_us=42.5 admit_us=0.2 walk_us=2595.0 glyphs_us=2113.2 finish_us=2.0 compile_us=2662.1 schedule_us=4.0 paints_us=125.9 instances_us=189.1 resize_us=10.8 upload_us=268.6 replay_us=0.3 pipelines_us=15.7 record_us=27.2 total_us=3315.3 total_p95_us=4081.2 draws=829 strips=12501 alphas=304176 glyph_draws=797 atlas_glyphs=797
frust_shell_common::perf: frust-perf raw n=3240 total_us=7429 rebuild_us=59 layout_us=1501 paint_us=201 encode_us=47 acquire_us=71 submit_us=5548 skipped=0 gpu_q=1 gpu_total_us=5066 gpu_prepass_us=0 gpu_main_us=5066 gpu_composite_us=0 gpu_blit_us=0
frust_shell_common::perf: frust-perf raw n=3241 total_us=8956 rebuild_us=60 layout_us=1369 paint_us=182 encode_us=45 acquire_us=2188 submit_us=5109 skipped=0 gpu_q=1 gpu_total_us=4788 gpu_prepass_us=0 gpu_main_us=4788 gpu_composite_us=0 gpu_blit_us=0
frust_shell_common::perf: frust-perf raw n=3242 total_us=7384 rebuild_us=50 layout_us=1355 paint_us=186 encode_us=40 acquire_us=881 submit_us=4870 skipped=0 gpu_q=1 gpu_total_us=4878 gpu_prepass_us=0 gpu_main_us=4878 gpu_composite_us=0 gpu_blit_us=0
frust_shell_common::perf: frust-perf raw n=3243 total_us=8996 rebuild_us=53 layout_us=1260 paint_us=176 encode_us=41 acquire_us=1614 submit_us=5849 skipped=0 gpu_q=1 gpu_total_us=4954 gpu_prepass_us=0 gpu_main_us=4954 gpu_composite_us=0 gpu_blit_us=0
frust_shell_common::perf: frust-perf raw n=3244 total_us=9164 rebuild_us=109 layout_us=1514 paint_us=219 encode_us=50 acquire_us=1124 submit_us=6145 skipped=0 gpu_q=1 gpu_total_us=4758 gpu_prepass_us=0 gpu_main_us=4758 gpu_composite_us=0 gpu_blit_us=0
frust_shell_common::perf: frust-perf raw n=3245 total_us=9190 rebuild_us=70 layout_us=1611 paint_us=214 encode_us=44 acquire_us=1086 submit_us=6162 skipped=0 gpu_q=1 gpu_total_us=4764 gpu_prepass_us=0 gpu_main_us=4764 gpu_composite_us=0 gpu_blit_us=0
frust_shell_common::perf: frust-perf raw n=3246 total_us=9243 rebuild_us=87 layout_us=1618 paint_us=213 encode_us=42 acquire_us=1090 submit_us=6190 skipped=0 gpu_q=1 gpu_total_us=4837 gpu_prepass_us=0 gpu_main_us=4837 gpu_composite_us=0 gpu_blit_us=0
frust_shell_common::perf: frust-perf raw n=3247 total_us=9287 rebuild_us=88 layout_us=1625 paint_us=235 encode_us=47 acquire_us=1072 submit_us=6217 skipped=0 gpu_q=1 gpu_total_us=4899 gpu_prepass_us=0 gpu_main_us=4899 gpu_composite_us=0 gpu_blit_us=0
frust_shell_common::perf: frust-perf raw n=3248 total_us=9374 rebuild_us=86 layout_us=1532 paint_us=217 encode_us=48 acquire_us=1436 submit_us=6053 skipped=0 gpu_q=1 gpu_total_us=4799 gpu_prepass_us=0 gpu_main_us=4799 gpu_composite_us=0 gpu_blit_us=0
frust_shell_common::perf: frust-perf raw n=3249 total_us=9520 rebuild_us=65 layout_us=1649 paint_us=215 encode_us=51 acquire_us=1438 submit_us=6099 skipped=0 gpu_q=1 gpu_total_us=4904 gpu_prepass_us=0 gpu_main_us=4904 gpu_composite_us=0 gpu_blit_us=0
frust_shell_common::perf: frust-perf raw n=3250 total_us=11897 rebuild_us=149 layout_us=5148 paint_us=455 encode_us=42 acquire_us=73 submit_us=6028 skipped=0 gpu_q=1 gpu_total_us=4913 gpu_prepass_us=0 gpu_main_us=4913 gpu_composite_us=0 gpu_blit_us=0
frust_shell_common::perf: frust-perf raw n=3251 total_us=11382 rebuild_us=114 layout_us=4538 paint_us=578 encode_us=45 acquire_us=73 submit_us=6032 skipped=0 gpu_q=1 gpu_total_us=4858 gpu_prepass_us=0 gpu_main_us=4858 gpu_composite_us=0 gpu_blit_us=0
frust_shell_common::perf: frust-perf raw n=3252 total_us=10831 rebuild_us=125 layout_us=4554 paint_us=496 encode_us=51 acquire_us=64 submit_us=5537 skipped=0 gpu_q=1 gpu_total_us=4879 gpu_prepass_us=0 gpu_main_us=4879 gpu_composite_us=0 gpu_blit_us=0
frust_shell_common::perf: frust-perf raw n=3253 total_us=9905 rebuild_us=131 layout_us=3853 paint_us=349 encode_us=39 acquire_us=64 submit_us=5466 skipped=0 gpu_q=1 gpu_total_us=4857 gpu_prepass_us=0 gpu_main_us=4857 gpu_composite_us=0 gpu_blit_us=0
frust_shell_common::perf: frust-perf raw n=3254 total_us=9631 rebuild_us=115 layout_us=3434 paint_us=323 encode_us=42 acquire_us=66 submit_us=5649 skipped=0 gpu_q=1 gpu_total_us=4751 gpu_prepass_us=0 gpu_main_us=4751 gpu_composite_us=0 gpu_blit_us=0
frust_shell_common::perf: frust-perf raw n=3255 total_us=7536 rebuild_us=68 layout_us=1496 paint_us=212 encode_us=40 acquire_us=316 submit_us=5402 skipped=0 gpu_q=1 gpu_total_us=4870 gpu_prepass_us=0 gpu_main_us=4870 gpu_composite_us=0 gpu_blit_us=0
frust_shell_common::perf: frust-perf raw n=3256 total_us=8183 rebuild_us=61 layout_us=1519 paint_us=191 encode_us=42 acquire_us=1110 submit_us=5258 skipped=0 gpu_q=1 gpu_total_us=4902 gpu_prepass_us=0 gpu_main_us=4902 gpu_composite_us=0 gpu_blit_us=0
frust_shell_common::perf: frust-perf raw n=3257 total_us=9099 rebuild_us=53 layout_us=1657 paint_us=212 encode_us=50 acquire_us=948 submit_us=6178 skipped=0 gpu_q=1 gpu_total_us=5291 gpu_prepass_us=0 gpu_main_us=5291 gpu_composite_us=0 gpu_blit_us=0
frust_shell_common::perf: frust-perf raw n=3258 total_us=9966 rebuild_us=66 layout_us=1741 paint_us=209 encode_us=43 acquire_us=1548 submit_us=6357 skipped=0 gpu_q=1 gpu_total_us=4912 gpu_prepass_us=0 gpu_main_us=4912 gpu_composite_us=0 gpu_blit_us=0
frust_shell_common::perf: frust-perf raw n=3259 total_us=8751 rebuild_us=69 layout_us=1849 paint_us=232 encode_us=44 acquire_us=83 submit_us=6471 skipped=0 gpu_q=1 gpu_total_us=4837 gpu_prepass_us=0 gpu_main_us=4837 gpu_composite_us=0 gpu_blit_us=0
frust_shell_common::perf: frust-perf raw n=3260 total_us=8007 rebuild_us=76 layout_us=1093 paint_us=169 encode_us=43 acquire_us=2140 submit_us=4485 skipped=0 gpu_q=1 gpu_total_us=4866 gpu_prepass_us=0 gpu_main_us=4866 gpu_composite_us=0 gpu_blit_us=0
frust_shell_common::perf: frust-perf raw n=3261 total_us=7828 rebuild_us=56 layout_us=1148 paint_us=168 encode_us=36 acquire_us=1658 submit_us=4759 skipped=0 gpu_q=1 gpu_total_us=4819 gpu_prepass_us=0 gpu_main_us=4819 gpu_composite_us=0 gpu_blit_us=0
frust_shell_common::perf: frust-perf raw n=3262 total_us=9059 rebuild_us=65 layout_us=1463 paint_us=190 encode_us=42 acquire_us=1380 submit_us=5916 skipped=0 gpu_q=1 gpu_total_us=4886 gpu_prepass_us=0 gpu_main_us=4886 gpu_composite_us=0 gpu_blit_us=0
frust_shell_common::perf: frust-perf raw n=3263 total_us=10077 rebuild_us=79 layout_us=1809 paint_us=234 encode_us=51 acquire_us=1102 submit_us=6800 skipped=0 gpu_q=1 gpu_total_us=4810 gpu_prepass_us=0 gpu_main_us=4810 gpu_composite_us=0 gpu_blit_us=0
frust_shell_common::perf: frust-perf raw n=3264 total_us=10909 rebuild_us=63 layout_us=1787 paint_us=256 encode_us=46 acquire_us=1929 submit_us=6825 skipped=0 gpu_q=1 gpu_total_us=4776 gpu_prepass_us=0 gpu_main_us=4776 gpu_composite_us=0 gpu_blit_us=0
frust_shell_common::perf: frust-perf raw n=3265 total_us=9440 rebuild_us=59 layout_us=1668 paint_us=243 encode_us=48 acquire_us=1069 submit_us=6350 skipped=0 gpu_q=1 gpu_total_us=4897 gpu_prepass_us=0 gpu_main_us=4897 gpu_composite_us=0 gpu_blit_us=0
frust_shell_common::perf: frust-perf raw n=3266 total_us=10188 rebuild_us=63 layout_us=1604 paint_us=227 encode_us=44 acquire_us=2033 submit_us=6214 skipped=0 gpu_q=1 gpu_total_us=4962 gpu_prepass_us=0 gpu_main_us=4962 gpu_composite_us=0 gpu_blit_us=0
frust_shell_common::perf: frust-perf raw n=3267 total_us=10159 rebuild_us=57 layout_us=1599 paint_us=255 encode_us=41 acquire_us=1119 submit_us=7084 skipped=0 gpu_q=1 gpu_total_us=4845 gpu_prepass_us=0 gpu_main_us=4845 gpu_composite_us=0 gpu_blit_us=0
frust_shell_common::perf: frust-perf raw n=3268 total_us=11972 rebuild_us=129 layout_us=4663 paint_us=453 encode_us=51 acquire_us=78 submit_us=6596 skipped=0 gpu_q=1 gpu_total_us=4826 gpu_prepass_us=0 gpu_main_us=4826 gpu_composite_us=0 gpu_blit_us=0
frust_shell_common::perf: frust-perf raw n=3269 total_us=6112 rebuild_us=66 layout_us=1641 paint_us=239 encode_us=44 acquire_us=75 submit_us=4045 skipped=0 gpu_q=1 gpu_total_us=4906 gpu_prepass_us=0 gpu_main_us=4906 gpu_composite_us=0 gpu_blit_us=0
frust_shell_common::perf: frust-perf raw n=3270 total_us=10029 rebuild_us=60 layout_us=1143 paint_us=166 encode_us=36 acquire_us=2632 submit_us=5989 skipped=0 gpu_q=1 gpu_total_us=4896 gpu_prepass_us=0 gpu_main_us=4896 gpu_composite_us=0 gpu_blit_us=0
frust_shell_common::perf: frust-perf raw n=3271 total_us=8489 rebuild_us=61 layout_us=1494 paint_us=191 encode_us=37 acquire_us=1377 submit_us=5326 skipped=0 gpu_q=1 gpu_total_us=4875 gpu_prepass_us=86 gpu_main_us=4789 gpu_composite_us=0 gpu_blit_us=0
frust_shell_common::perf: frust-perf raw n=3272 total_us=9735 rebuild_us=60 layout_us=1374 paint_us=205 encode_us=44 acquire_us=2149 submit_us=5901 skipped=0 gpu_q=1 gpu_total_us=5056 gpu_prepass_us=0 gpu_main_us=5056 gpu_composite_us=0 gpu_blit_us=0
frust_shell_common::perf: frust-perf raw n=3273 total_us=8866 rebuild_us=58 layout_us=1546 paint_us=214 encode_us=40 acquire_us=1373 submit_us=5633 skipped=0 gpu_q=1 gpu_total_us=4926 gpu_prepass_us=0 gpu_main_us=4926 gpu_composite_us=0 gpu_blit_us=0
frust_shell_common::perf: frust-perf raw n=3274 total_us=10529 rebuild_us=97 layout_us=1461 paint_us=200 encode_us=38 acquire_us=1522 submit_us=7208 skipped=0 gpu_q=1 gpu_total_us=4907 gpu_prepass_us=0 gpu_main_us=4907 gpu_composite_us=0 gpu_blit_us=0
frust_shell_common::perf: frust-perf raw n=3275 total_us=6022 rebuild_us=59 layout_us=1582 paint_us=216 encode_us=37 acquire_us=738 submit_us=3386 skipped=0 gpu_q=1 gpu_total_us=4834 gpu_prepass_us=0 gpu_main_us=4834 gpu_composite_us=0 gpu_blit_us=0
frust_shell_common::perf: frust-perf raw n=3276 total_us=9792 rebuild_us=55 layout_us=889 paint_us=164 encode_us=43 acquire_us=2530 submit_us=6108 skipped=0 gpu_q=1 gpu_total_us=4786 gpu_prepass_us=0 gpu_main_us=4786 gpu_composite_us=0 gpu_blit_us=0
frust_shell_common::perf: frust-perf raw n=3277 total_us=7927 rebuild_us=52 layout_us=1363 paint_us=198 encode_us=43 acquire_us=1169 submit_us=5099 skipped=0 gpu_q=1 gpu_total_us=4882 gpu_prepass_us=0 gpu_main_us=4882 gpu_composite_us=0 gpu_blit_us=0
frust_shell_common::perf: frust-perf raw n=3278 total_us=9470 rebuild_us=56 layout_us=1333 paint_us=217 encode_us=36 acquire_us=1652 submit_us=6174 skipped=0 gpu_q=1 gpu_total_us=4975 gpu_prepass_us=69 gpu_main_us=4905 gpu_composite_us=0 gpu_blit_us=0
frust_shell_common::perf: frust-perf raw n=3279 total_us=8850 rebuild_us=59 layout_us=1633 paint_us=211 encode_us=45 acquire_us=1314 submit_us=5586 skipped=0 gpu_q=1 gpu_total_us=4703 gpu_prepass_us=0 gpu_main_us=4703 gpu_composite_us=0 gpu_blit_us=0
frust_shell_common::perf: frust-perf raw n=3280 total_us=9524 rebuild_us=63 layout_us=1475 paint_us=195 encode_us=46 acquire_us=2104 submit_us=5638 skipped=0 gpu_q=1 gpu_total_us=4729 gpu_prepass_us=0 gpu_main_us=4729 gpu_composite_us=0 gpu_blit_us=0
frust_shell_common::perf: frust-perf raw n=3281 total_us=9232 rebuild_us=55 layout_us=1453 paint_us=216 encode_us=46 acquire_us=1889 submit_us=5571 skipped=0 gpu_q=1 gpu_total_us=4892 gpu_prepass_us=0 gpu_main_us=4892 gpu_composite_us=0 gpu_blit_us=0
frust_shell_common::perf: frust-perf raw n=3282 total_us=11778 rebuild_us=166 layout_us=4792 paint_us=458 encode_us=41 acquire_us=91 submit_us=6228 skipped=0 gpu_q=1 gpu_total_us=4891 gpu_prepass_us=0 gpu_main_us=4891 gpu_composite_us=0 gpu_blit_us=0
frust_shell_common::perf: frust-perf raw n=3283 total_us=9337 rebuild_us=115 layout_us=4939 paint_us=520 encode_us=33 acquire_us=57 submit_us=3671 skipped=0 gpu_q=1 gpu_total_us=4904 gpu_prepass_us=0 gpu_main_us=4904 gpu_composite_us=0 gpu_blit_us=0
frust_shell_common::perf: frust-perf raw n=3284 total_us=9537 rebuild_us=135 layout_us=5075 paint_us=447 encode_us=32 acquire_us=47 submit_us=3798 skipped=0 gpu_q=1 gpu_total_us=4741 gpu_prepass_us=0 gpu_main_us=4741 gpu_composite_us=0 gpu_blit_us=0
frust_shell_common::perf: frust-perf raw n=3285 total_us=11715 rebuild_us=125 layout_us=4872 paint_us=493 encode_us=42 acquire_us=69 submit_us=6111 skipped=0 gpu_q=1 gpu_total_us=4850 gpu_prepass_us=0 gpu_main_us=4850 gpu_composite_us=0 gpu_blit_us=0
frust_shell_common::perf: frust-perf raw n=3286 total_us=12284 rebuild_us=120 layout_us=4480 paint_us=517 encode_us=46 acquire_us=81 submit_us=7038 skipped=0 gpu_q=1 gpu_total_us=4954 gpu_prepass_us=70 gpu_main_us=4884 gpu_composite_us=0 gpu_blit_us=0
frust_shell_common::perf: frust-perf raw n=3287 total_us=11797 rebuild_us=125 layout_us=4726 paint_us=471 encode_us=46 acquire_us=74 submit_us=6352 skipped=0 gpu_q=1 gpu_total_us=4821 gpu_prepass_us=0 gpu_main_us=4821 gpu_composite_us=0 gpu_blit_us=0
frust_shell_common::perf: frust-perf raw n=3288 total_us=11565 rebuild_us=123 layout_us=4899 paint_us=467 encode_us=44 acquire_us=71 submit_us=5959 skipped=0 gpu_q=1 gpu_total_us=4782 gpu_prepass_us=0 gpu_main_us=4782 gpu_composite_us=0 gpu_blit_us=0
frust_shell_common::perf: frust-perf raw n=3289 total_us=11429 rebuild_us=140 layout_us=4660 paint_us=504 encode_us=43 acquire_us=73 submit_us=6007 skipped=0 gpu_q=1 gpu_total_us=4889 gpu_prepass_us=0 gpu_main_us=4889 gpu_composite_us=0 gpu_blit_us=0
frust_shell_common::perf: frust-perf raw n=3290 total_us=11358 rebuild_us=135 layout_us=4717 paint_us=471 encode_us=48 acquire_us=72 submit_us=5912 skipped=0 gpu_q=1 gpu_total_us=4975 gpu_prepass_us=0 gpu_main_us=4975 gpu_composite_us=0 gpu_blit_us=0
frust_shell_common::perf: frust-perf raw n=3291 total_us=9293 rebuild_us=141 layout_us=3214 paint_us=355 encode_us=44 acquire_us=78 submit_us=5458 skipped=0 gpu_q=1 gpu_total_us=4955 gpu_prepass_us=0 gpu_main_us=4955 gpu_composite_us=0 gpu_blit_us=0
frust_shell_common::perf: frust-perf raw n=3292 total_us=5651 rebuild_us=49 layout_us=1063 paint_us=142 encode_us=28 acquire_us=1013 submit_us=3353 skipped=0 gpu_q=1 gpu_total_us=4773 gpu_prepass_us=0 gpu_main_us=4773 gpu_composite_us=0 gpu_blit_us=0
frust_shell_common::perf: frust-perf raw n=3293 total_us=7565 rebuild_us=53 layout_us=1137 paint_us=172 encode_us=36 acquire_us=1191 submit_us=4974 skipped=0 gpu_q=1 gpu_total_us=4883 gpu_prepass_us=0 gpu_main_us=4883 gpu_composite_us=0 gpu_blit_us=0
frust_shell_common::perf: frust-perf raw n=3294 total_us=8868 rebuild_us=67 layout_us=1383 paint_us=193 encode_us=43 acquire_us=1291 submit_us=5890 skipped=0 gpu_q=1 gpu_total_us=5315 gpu_prepass_us=0 gpu_main_us=5315 gpu_composite_us=0 gpu_blit_us=0
frust_shell_common::perf: frust-perf raw n=3295 total_us=9652 rebuild_us=69 layout_us=1797 paint_us=239 encode_us=47 acquire_us=727 submit_us=6771 skipped=0 gpu_q=1 gpu_total_us=4910 gpu_prepass_us=0 gpu_main_us=4910 gpu_composite_us=0 gpu_blit_us=0
frust_shell_common::perf: frust-perf raw n=3296 total_us=9703 rebuild_us=60 layout_us=1784 paint_us=237 encode_us=54 acquire_us=991 submit_us=6574 skipped=0 gpu_q=1 gpu_total_us=4702 gpu_prepass_us=0 gpu_main_us=4702 gpu_composite_us=0 gpu_blit_us=0
frust_shell_common::perf: frust-perf raw n=3297 total_us=9490 rebuild_us=58 layout_us=1595 paint_us=279 encode_us=44 acquire_us=1363 submit_us=6149 skipped=0 gpu_q=1 gpu_total_us=4756 gpu_prepass_us=0 gpu_main_us=4756 gpu_composite_us=0 gpu_blit_us=0
frust_shell_common::perf: frust-perf raw n=3298 total_us=9187 rebuild_us=65 layout_us=1524 paint_us=256 encode_us=49 acquire_us=1256 submit_us=6035 skipped=0 gpu_q=1 gpu_total_us=4988 gpu_prepass_us=0 gpu_main_us=4988 gpu_composite_us=0 gpu_blit_us=0
frust_shell_common::perf: frust-perf raw n=3299 total_us=9469 rebuild_us=65 layout_us=1677 paint_us=216 encode_us=50 acquire_us=1245 submit_us=6213 skipped=0 gpu_q=1 gpu_total_us=4907 gpu_prepass_us=0 gpu_main_us=4907 gpu_composite_us=0 gpu_blit_us=0
frust_engine::renderer: frust-perf enc n=3300 w=60 validate_us=13.5 prepare_us=2.8 classify_us=44.1 admit_us=0.2 walk_us=2775.9 glyphs_us=2267.9 finish_us=2.0 compile_us=2836.9 schedule_us=4.0 paints_us=133.1 instances_us=201.5 resize_us=10.1 upload_us=268.9 replay_us=0.3 pipelines_us=15.7 record_us=27.4 total_us=3561.8 total_p95_us=4256.1 draws=829 strips=12466 alphas=303392 glyph_draws=797 atlas_glyphs=797
frust_shell_common::perf: frust-perf raw n=3300 total_us=9674 rebuild_us=60 layout_us=1668 paint_us=219 encode_us=46 acquire_us=1300 submit_us=6380 skipped=0 gpu_q=1 gpu_total_us=4828 gpu_prepass_us=0 gpu_main_us=4828 gpu_composite_us=0 gpu_blit_us=0
frust_shell_common::perf: frust-perf raw n=3301 total_us=9808 rebuild_us=66 layout_us=1673 paint_us=220 encode_us=50 acquire_us=1560 submit_us=6238 skipped=0 gpu_q=1 gpu_total_us=4823 gpu_prepass_us=0 gpu_main_us=4823 gpu_composite_us=0 gpu_blit_us=0
frust_shell_common::perf: frust-perf raw n=3302 total_us=8703 rebuild_us=61 layout_us=1660 paint_us=249 encode_us=47 acquire_us=881 submit_us=5803 skipped=0 gpu_q=1 gpu_total_us=4951 gpu_prepass_us=0 gpu_main_us=4951 gpu_composite_us=0 gpu_blit_us=0
frust_shell_common::perf: frust-perf raw n=3303 total_us=9240 rebuild_us=60 layout_us=1414 paint_us=201 encode_us=47 acquire_us=1368 submit_us=6147 skipped=0 gpu_q=1 gpu_total_us=4889 gpu_prepass_us=0 gpu_main_us=4889 gpu_composite_us=0 gpu_blit_us=0
frust_shell_common::perf: frust-perf raw n=3304 total_us=8683 rebuild_us=127 layout_us=1627 paint_us=217 encode_us=45 acquire_us=844 submit_us=5820 skipped=0 gpu_q=1 gpu_total_us=4766 gpu_prepass_us=0 gpu_main_us=4766 gpu_composite_us=0 gpu_blit_us=0
frust_shell_common::perf: frust-perf raw n=3305 total_us=11870 rebuild_us=142 layout_us=4726 paint_us=364 encode_us=46 acquire_us=73 submit_us=6516 skipped=0 gpu_q=1 gpu_total_us=4810 gpu_prepass_us=0 gpu_main_us=4810 gpu_composite_us=0 gpu_blit_us=0
frust_shell_common::perf: frust-perf raw n=3306 total_us=11002 rebuild_us=101 layout_us=3883 paint_us=415 encode_us=50 acquire_us=77 submit_us=6474 skipped=0 gpu_q=1 gpu_total_us=4890 gpu_prepass_us=0 gpu_main_us=4890 gpu_composite_us=0 gpu_blit_us=0
frust_shell_common::perf: frust-perf raw n=3307 total_us=5668 rebuild_us=65 layout_us=1609 paint_us=250 encode_us=47 acquire_us=68 submit_us=3627 skipped=0 gpu_q=1 gpu_total_us=4908 gpu_prepass_us=0 gpu_main_us=4908 gpu_composite_us=0 gpu_blit_us=0
frust_shell_common::perf: frust-perf raw n=3308 total_us=9450 rebuild_us=56 layout_us=1085 paint_us=154 encode_us=35 acquire_us=1376 submit_us=6742 skipped=0 gpu_q=1 gpu_total_us=4847 gpu_prepass_us=0 gpu_main_us=4847 gpu_composite_us=0 gpu_blit_us=0
frust_shell_common::perf: frust-perf raw n=3309 total_us=9935 rebuild_us=58 layout_us=1628 paint_us=211 encode_us=43 acquire_us=2370 submit_us=5622 skipped=0 gpu_q=1 gpu_total_us=4802 gpu_prepass_us=0 gpu_main_us=4802 gpu_composite_us=0 gpu_blit_us=0
frust_shell_common::perf: frust-perf raw n=3310 total_us=8917 rebuild_us=53 layout_us=1458 paint_us=208 encode_us=45 acquire_us=1584 submit_us=5566 skipped=0 gpu_q=1 gpu_total_us=4951 gpu_prepass_us=0 gpu_main_us=4951 gpu_composite_us=0 gpu_blit_us=0
frust_shell_common::perf: frust-perf raw n=3311 total_us=9163 rebuild_us=68 layout_us=1413 paint_us=211 encode_us=46 acquire_us=1991 submit_us=5432 skipped=0 gpu_q=1 gpu_total_us=4931 gpu_prepass_us=0 gpu_main_us=4931 gpu_composite_us=0 gpu_blit_us=0
frust_shell_common::perf: frust-perf raw n=3312 total_us=9391 rebuild_us=68 layout_us=1498 paint_us=199 encode_us=41 acquire_us=1476 submit_us=6108 skipped=0 gpu_q=1 gpu_total_us=4826 gpu_prepass_us=0 gpu_main_us=4826 gpu_composite_us=0 gpu_blit_us=0
frust_shell_common::perf: frust-perf raw n=3313 total_us=9262 rebuild_us=63 layout_us=1681 paint_us=237 encode_us=44 acquire_us=1127 submit_us=6107 skipped=0 gpu_q=1 gpu_total_us=4823 gpu_prepass_us=0 gpu_main_us=4823 gpu_composite_us=0 gpu_blit_us=0
frust_shell_common::perf: frust-perf raw n=3314 total_us=9504 rebuild_us=77 layout_us=1694 paint_us=257 encode_us=52 acquire_us=1215 submit_us=6207 skipped=0 gpu_q=1 gpu_total_us=4866 gpu_prepass_us=0 gpu_main_us=4866 gpu_composite_us=0 gpu_blit_us=0
frust_shell_common::perf: frust-perf raw n=3315 total_us=8998 rebuild_us=60 layout_us=1631 paint_us=214 encode_us=45 acquire_us=1106 submit_us=5940 skipped=0 gpu_q=1 gpu_total_us=4940 gpu_prepass_us=0 gpu_main_us=4940 gpu_composite_us=0 gpu_blit_us=0
frust_shell_common::perf: frust-perf raw n=3316 total_us=9471 rebuild_us=65 layout_us=1639 paint_us=199 encode_us=46 acquire_us=1689 submit_us=5831 skipped=0 gpu_q=1 gpu_total_us=4810 gpu_prepass_us=0 gpu_main_us=4810 gpu_composite_us=0 gpu_blit_us=0
frust_shell_common::perf: frust-perf raw n=3317 total_us=9527 rebuild_us=55 layout_us=1679 paint_us=218 encode_us=44 acquire_us=1283 submit_us=6245 skipped=0 gpu_q=1 gpu_total_us=4855 gpu_prepass_us=0 gpu_main_us=4855 gpu_composite_us=0 gpu_blit_us=0
frust_shell_common::perf: frust-perf raw n=3318 total_us=9935 rebuild_us=58 layout_us=1724 paint_us=234 encode_us=45 acquire_us=1615 submit_us=6256 skipped=0 gpu_q=1 gpu_total_us=4861 gpu_prepass_us=0 gpu_main_us=4861 gpu_composite_us=0 gpu_blit_us=0
frust_shell_common::perf: frust-perf raw n=3319 total_us=9273 rebuild_us=59 layout_us=1570 paint_us=213 encode_us=41 acquire_us=1458 submit_us=5930 skipped=0 gpu_q=1 gpu_total_us=4952 gpu_prepass_us=0 gpu_main_us=4952 gpu_composite_us=0 gpu_blit_us=0
frust_shell_common::perf: frust-perf raw n=3320 total_us=10917 rebuild_us=162 layout_us=4723 paint_us=439 encode_us=36 acquire_us=65 submit_us=5490 skipped=0 gpu_q=1 gpu_total_us=4786 gpu_prepass_us=0 gpu_main_us=4786 gpu_composite_us=0 gpu_blit_us=0
frust_shell_common::perf: frust-perf raw n=3321 total_us=6393 rebuild_us=51 layout_us=1369 paint_us=187 encode_us=38 acquire_us=62 submit_us=4683 skipped=0 gpu_q=1 gpu_total_us=4782 gpu_prepass_us=0 gpu_main_us=4782 gpu_composite_us=0 gpu_blit_us=0
frust_shell_common::perf: frust-perf raw n=3322 total_us=8168 rebuild_us=58 layout_us=1096 paint_us=168 encode_us=38 acquire_us=1860 submit_us=4944 skipped=0 gpu_q=1 gpu_total_us=4852 gpu_prepass_us=0 gpu_main_us=4852 gpu_composite_us=0 gpu_blit_us=0
frust_shell_common::perf: frust-perf raw n=3323 total_us=8235 rebuild_us=59 layout_us=1259 paint_us=178 encode_us=45 acquire_us=1497 submit_us=5194 skipped=0 gpu_q=1 gpu_total_us=4897 gpu_prepass_us=0 gpu_main_us=4897 gpu_composite_us=0 gpu_blit_us=0
frust_shell_common::perf: frust-perf raw n=3324 total_us=9123 rebuild_us=60 layout_us=1472 paint_us=191 encode_us=44 acquire_us=1418 submit_us=5935 skipped=0 gpu_q=1 gpu_total_us=4821 gpu_prepass_us=0 gpu_main_us=4821 gpu_composite_us=0 gpu_blit_us=0
frust_shell_common::perf: frust-perf raw n=3325 total_us=10029 rebuild_us=83 layout_us=1831 paint_us=240 encode_us=48 acquire_us=1077 submit_us=6748 skipped=0 gpu_q=1 gpu_total_us=4831 gpu_prepass_us=0 gpu_main_us=4831 gpu_composite_us=0 gpu_blit_us=0
frust_shell_common::perf: frust-perf raw n=3326 total_us=10432 rebuild_us=65 layout_us=1784 paint_us=277 encode_us=46 acquire_us=1457 submit_us=6801 skipped=0 gpu_q=1 gpu_total_us=4883 gpu_prepass_us=0 gpu_main_us=4883 gpu_composite_us=0 gpu_blit_us=0
frust_shell_common::perf: frust-perf raw n=3327 total_us=8577 rebuild_us=62 layout_us=1833 paint_us=260 encode_us=48 acquire_us=848 submit_us=5523 skipped=0 gpu_q=1 gpu_total_us=4926 gpu_prepass_us=0 gpu_main_us=4926 gpu_composite_us=0 gpu_blit_us=0
frust_shell_common::perf: frust-perf raw n=3328 total_us=7732 rebuild_us=66 layout_us=1054 paint_us=174 encode_us=36 acquire_us=1958 submit_us=4441 skipped=0 gpu_q=1 gpu_total_us=4818 gpu_prepass_us=0 gpu_main_us=4818 gpu_composite_us=0 gpu_blit_us=0
frust_shell_common::perf: frust-perf raw n=3329 total_us=8048 rebuild_us=53 layout_us=1231 paint_us=198 encode_us=36 acquire_us=1459 submit_us=5070 skipped=0 gpu_q=1 gpu_total_us=4821 gpu_prepass_us=0 gpu_main_us=4821 gpu_composite_us=0 gpu_blit_us=0
frust_shell_common::perf: frust-perf raw n=3330 total_us=9478 rebuild_us=65 layout_us=1506 paint_us=198 encode_us=42 acquire_us=1362 submit_us=6303 skipped=0 gpu_q=1 gpu_total_us=4897 gpu_prepass_us=0 gpu_main_us=4897 gpu_composite_us=0 gpu_blit_us=0
frust_shell_common::perf: frust-perf raw n=3331 total_us=9900 rebuild_us=65 layout_us=1863 paint_us=261 encode_us=47 acquire_us=961 submit_us=6701 skipped=0 gpu_q=1 gpu_total_us=4891 gpu_prepass_us=0 gpu_main_us=4891 gpu_composite_us=0 gpu_blit_us=0
frust_shell_common::perf: frust-perf raw n=3332 total_us=9265 rebuild_us=62 layout_us=1705 paint_us=234 encode_us=45 acquire_us=1002 submit_us=6215 skipped=0 gpu_q=1 gpu_total_us=4823 gpu_prepass_us=0 gpu_main_us=4823 gpu_composite_us=0 gpu_blit_us=0
frust_shell_common::perf: frust-perf raw n=3333 total_us=9469 rebuild_us=86 layout_us=1657 paint_us=218 encode_us=43 acquire_us=1254 submit_us=6208 skipped=0 gpu_q=1 gpu_total_us=4835 gpu_prepass_us=0 gpu_main_us=4835 gpu_composite_us=0 gpu_blit_us=0
frust_shell_common::perf: frust-perf raw n=3334 total_us=12657 rebuild_us=158 layout_us=5320 paint_us=457 encode_us=44 acquire_us=95 submit_us=6582 skipped=0 gpu_q=1 gpu_total_us=4898 gpu_prepass_us=0 gpu_main_us=4898 gpu_composite_us=0 gpu_blit_us=0
frust_shell_common::perf: frust-perf frame n=120 total_p50_ms=9 total_p95_ms=11 total_p99_ms=12 rebuild_p95_ms=0 layout_p95_ms=4 paint_p95_ms=0 encode_p95_ms=0 acquire_p95_ms=2 submit_p95_ms=6 over_60hz=5 over_120hz=2591 skipped=0 total_frames=3334
frust_shell_common::perf: frust-perf raw n=3335 total_us=12071 rebuild_us=110 layout_us=4733 paint_us=536 encode_us=51 acquire_us=82 submit_us=6557 skipped=0 gpu_q=1 gpu_total_us=4853 gpu_prepass_us=0 gpu_main_us=4853 gpu_composite_us=0 gpu_blit_us=0
frust_shell_common::perf: frust-perf raw n=3336 total_us=8805 rebuild_us=126 layout_us=4285 paint_us=455 encode_us=35 acquire_us=52 submit_us=3849 skipped=0 gpu_q=1 gpu_total_us=4824 gpu_prepass_us=0 gpu_main_us=4824 gpu_composite_us=0 gpu_blit_us=0
frust_shell_common::perf: frust-perf raw n=3337 total_us=9263 rebuild_us=138 layout_us=3687 paint_us=337 encode_us=37 acquire_us=62 submit_us=4999 skipped=0 gpu_q=1 gpu_total_us=4877 gpu_prepass_us=0 gpu_main_us=4877 gpu_composite_us=0 gpu_blit_us=0
frust_shell_common::perf: frust-perf raw n=3338 total_us=6293 rebuild_us=58 layout_us=1289 paint_us=177 encode_us=33 acquire_us=127 submit_us=4607 skipped=0 gpu_q=1 gpu_total_us=4745 gpu_prepass_us=0 gpu_main_us=4745 gpu_composite_us=0 gpu_blit_us=0
frust_shell_common::perf: frust-perf raw n=3339 total_us=10115 rebuild_us=55 layout_us=1213 paint_us=177 encode_us=36 acquire_us=1975 submit_us=6657 skipped=0 gpu_q=1 gpu_total_us=4928 gpu_prepass_us=0 gpu_main_us=4928 gpu_composite_us=0 gpu_blit_us=0
frust_shell_common::perf: frust-perf raw n=3340 total_us=8867 rebuild_us=60 layout_us=1647 paint_us=337 encode_us=38 acquire_us=708 submit_us=6074 skipped=0 gpu_q=1 gpu_total_us=4849 gpu_prepass_us=0 gpu_main_us=4849 gpu_composite_us=0 gpu_blit_us=0
frust_shell_common::perf: frust-perf raw n=3341 total_us=9716 rebuild_us=66 layout_us=1607 paint_us=217 encode_us=47 acquire_us=1838 submit_us=5938 skipped=0 gpu_q=1 gpu_total_us=4846 gpu_prepass_us=0 gpu_main_us=4846 gpu_composite_us=0 gpu_blit_us=0
frust_shell_common::perf: frust-perf raw n=3342 total_us=9130 rebuild_us=56 layout_us=1591 paint_us=214 encode_us=46 acquire_us=1202 submit_us=6019 skipped=0 gpu_q=1 gpu_total_us=4704 gpu_prepass_us=0 gpu_main_us=4704 gpu_composite_us=0 gpu_blit_us=0
frust_shell_common::perf: frust-perf raw n=3343 total_us=9527 rebuild_us=61 layout_us=1611 paint_us=319 encode_us=44 acquire_us=1453 submit_us=6036 skipped=0 gpu_q=1 gpu_total_us=4777 gpu_prepass_us=0 gpu_main_us=4777 gpu_composite_us=0 gpu_blit_us=0
frust_shell_common::perf: frust-perf raw n=3344 total_us=10350 rebuild_us=60 layout_us=1590 paint_us=259 encode_us=44 acquire_us=2138 submit_us=6257 skipped=0 gpu_q=1 gpu_total_us=4851 gpu_prepass_us=0 gpu_main_us=4851 gpu_composite_us=0 gpu_blit_us=0
frust_shell_common::perf: frust-perf raw n=3345 total_us=9643 rebuild_us=56 layout_us=1747 paint_us=241 encode_us=42 acquire_us=973 submit_us=6581 skipped=0 gpu_q=1 gpu_total_us=4855 gpu_prepass_us=0 gpu_main_us=4855 gpu_composite_us=0 gpu_blit_us=0
frust_shell_common::perf: frust-perf raw n=3346 total_us=7978 rebuild_us=67 layout_us=1563 paint_us=163 encode_us=43 acquire_us=1721 submit_us=4418 skipped=0 gpu_q=1 gpu_total_us=4844 gpu_prepass_us=0 gpu_main_us=4844 gpu_composite_us=0 gpu_blit_us=0
frust_shell_android::app::frame: frust-perf platform-view tail depth=0 target=0 acquire_bound=false frame=3360 expected_present_us=0 acquire_us=1403 period_us=8267
frust_shell_common::perf: frust-perf raw n=3347 total_us=7790 rebuild_us=52 layout_us=1391 paint_us=175 encode_us=40 acquire_us=1390 submit_us=4740 skipped=0 gpu_q=1 gpu_total_us=4844 gpu_prepass_us=0 gpu_main_us=4844 gpu_composite_us=0 gpu_blit_us=0
frust_shell_common::perf: frust-perf raw n=3348 total_us=8410 rebuild_us=55 layout_us=1471 paint_us=200 encode_us=43 acquire_us=1105 submit_us=5534 skipped=0 gpu_q=1 gpu_total_us=4879 gpu_prepass_us=0 gpu_main_us=4879 gpu_composite_us=0 gpu_blit_us=0
frust_shell_common::perf: frust-perf raw n=3349 total_us=9623 rebuild_us=64 layout_us=1698 paint_us=217 encode_us=47 acquire_us=1297 submit_us=6298 skipped=0 gpu_q=1 gpu_total_us=4834 gpu_prepass_us=0 gpu_main_us=4834 gpu_composite_us=0 gpu_blit_us=0
frust_shell_common::perf: frust-perf raw n=3350 total_us=12192 rebuild_us=229 layout_us=4657 paint_us=514 encode_us=49 acquire_us=78 submit_us=6663 skipped=0 gpu_q=1 gpu_total_us=4835 gpu_prepass_us=0 gpu_main_us=4835 gpu_composite_us=0 gpu_blit_us=0
frust_shell_common::perf: frust-perf raw n=3351 total_us=7130 rebuild_us=77 layout_us=1715 paint_us=228 encode_us=49 acquire_us=71 submit_us=4986 skipped=0 gpu_q=1 gpu_total_us=4874 gpu_prepass_us=0 gpu_main_us=4874 gpu_composite_us=0 gpu_blit_us=0
frust_shell_common::perf: frust-perf raw n=3352 total_us=8458 rebuild_us=68 layout_us=1088 paint_us=170 encode_us=58 acquire_us=2253 submit_us=4820 skipped=0 gpu_q=1 gpu_total_us=4840 gpu_prepass_us=0 gpu_main_us=4840 gpu_composite_us=0 gpu_blit_us=0
frust_shell_common::perf: frust-perf raw n=3353 total_us=7421 rebuild_us=54 layout_us=1095 paint_us=159 encode_us=38 acquire_us=1602 submit_us=4471 skipped=0 gpu_q=1 gpu_total_us=4821 gpu_prepass_us=0 gpu_main_us=4821 gpu_composite_us=0 gpu_blit_us=0
frust_shell_common::perf: frust-perf raw n=3354 total_us=7865 rebuild_us=59 layout_us=1309 paint_us=172 encode_us=40 acquire_us=1330 submit_us=4952 skipped=0 gpu_q=1 gpu_total_us=5211 gpu_prepass_us=0 gpu_main_us=5211 gpu_composite_us=0 gpu_blit_us=0
frust_shell_common::perf: frust-perf raw n=3355 total_us=9390 rebuild_us=60 layout_us=1610 paint_us=207 encode_us=49 acquire_us=1332 submit_us=6129 skipped=0 gpu_q=1 gpu_total_us=4784 gpu_prepass_us=0 gpu_main_us=4784 gpu_composite_us=0 gpu_blit_us=0
frust_shell_common::perf: frust-perf raw n=3356 total_us=9191 rebuild_us=59 layout_us=1625 paint_us=230 encode_us=54 acquire_us=1167 submit_us=6053 skipped=0 gpu_q=1 gpu_total_us=4760 gpu_prepass_us=0 gpu_main_us=4760 gpu_composite_us=0 gpu_blit_us=0
frust_shell_common::perf: frust-perf raw n=3357 total_us=9188 rebuild_us=69 layout_us=1525 paint_us=222 encode_us=81 acquire_us=1265 submit_us=6022 skipped=0 gpu_q=1 gpu_total_us=4803 gpu_prepass_us=0 gpu_main_us=4803 gpu_composite_us=0 gpu_blit_us=0
frust_shell_common::perf: frust-perf raw n=3358 total_us=9230 rebuild_us=84 layout_us=1660 paint_us=221 encode_us=45 acquire_us=1105 submit_us=6112 skipped=0 gpu_q=1 gpu_total_us=4850 gpu_prepass_us=0 gpu_main_us=4850 gpu_composite_us=0 gpu_blit_us=0
frust_shell_common::perf: frust-perf raw n=3359 total_us=9204 rebuild_us=79 layout_us=1664 paint_us=213 encode_us=42 acquire_us=1027 submit_us=6176 skipped=0 gpu_q=1 gpu_total_us=4908 gpu_prepass_us=0 gpu_main_us=4908 gpu_composite_us=0 gpu_blit_us=0
frust_engine::renderer: frust-perf enc n=3360 w=60 validate_us=14.6 prepare_us=2.9 classify_us=44.8 admit_us=0.2 walk_us=2833.7 glyphs_us=2286.1 finish_us=2.0 compile_us=2900.6 schedule_us=3.9 paints_us=137.8 instances_us=209.2 resize_us=10.6 upload_us=273.3 replay_us=0.3 pipelines_us=15.9 record_us=28.2 total_us=3616.8 total_p95_us=4106.5 draws=829 strips=12420 alphas=303488 glyph_draws=797 atlas_glyphs=797
frust_shell_common::perf: frust-perf raw n=3360 total_us=9453 rebuild_us=72 layout_us=1668 paint_us=234 encode_us=52 acquire_us=1095 submit_us=6331 skipped=0 gpu_q=1 gpu_total_us=4771 gpu_prepass_us=0 gpu_main_us=4771 gpu_composite_us=0 gpu_blit_us=0
frust_shell_common::perf: frust-perf raw n=3361 total_us=9550 rebuild_us=64 layout_us=1591 paint_us=226 encode_us=46 acquire_us=1620 submit_us=6002 skipped=0 gpu_q=1 gpu_total_us=4898 gpu_prepass_us=0 gpu_main_us=4898 gpu_composite_us=0 gpu_blit_us=0
frust_shell_common::perf: frust-perf raw n=3362 total_us=8849 rebuild_us=59 layout_us=1630 paint_us=214 encode_us=41 acquire_us=1027 submit_us=5877 skipped=0 gpu_q=1 gpu_total_us=4934 gpu_prepass_us=0 gpu_main_us=4934 gpu_composite_us=0 gpu_blit_us=0
frust_shell_common::perf: frust-perf raw n=3363 total_us=9423 rebuild_us=68 layout_us=1525 paint_us=198 encode_us=43 acquire_us=1440 submit_us=6146 skipped=0 gpu_q=1 gpu_total_us=4844 gpu_prepass_us=0 gpu_main_us=4844 gpu_composite_us=0 gpu_blit_us=0
frust_shell_common::perf: frust-perf raw n=3364 total_us=12776 rebuild_us=215 layout_us=5505 paint_us=468 encode_us=44 acquire_us=73 submit_us=6470 skipped=0 gpu_q=1 gpu_total_us=4755 gpu_prepass_us=0 gpu_main_us=4755 gpu_composite_us=0 gpu_blit_us=0
frust_shell_common::perf: frust-perf raw n=3365 total_us=11273 rebuild_us=119 layout_us=4183 paint_us=431 encode_us=55 acquire_us=70 submit_us=6413 skipped=0 gpu_q=1 gpu_total_us=4923 gpu_prepass_us=0 gpu_main_us=4923 gpu_composite_us=0 gpu_blit_us=0
frust_shell_common::perf: frust-perf raw n=3366 total_us=5703 rebuild_us=72 layout_us=1723 paint_us=244 encode_us=43 acquire_us=113 submit_us=3505 skipped=0 gpu_q=1 gpu_total_us=4927 gpu_prepass_us=0 gpu_main_us=4927 gpu_composite_us=0 gpu_blit_us=0
frust_shell_common::perf: frust-perf raw n=3367 total_us=10914 rebuild_us=59 layout_us=1063 paint_us=151 encode_us=34 acquire_us=2897 submit_us=6709 skipped=0 gpu_q=1 gpu_total_us=4860 gpu_prepass_us=0 gpu_main_us=4860 gpu_composite_us=0 gpu_blit_us=0
frust_shell_common::perf: frust-perf raw n=3368 total_us=7466 rebuild_us=57 layout_us=1605 paint_us=242 encode_us=46 acquire_us=68 submit_us=5445 skipped=0 gpu_q=1 gpu_total_us=4768 gpu_prepass_us=0 gpu_main_us=4768 gpu_composite_us=0 gpu_blit_us=0
frust_shell_common::perf: frust-perf raw n=3369 total_us=9187 rebuild_us=61 layout_us=1365 paint_us=208 encode_us=39 acquire_us=1646 submit_us=5864 skipped=0 gpu_q=1 gpu_total_us=4988 gpu_prepass_us=0 gpu_main_us=4988 gpu_composite_us=0 gpu_blit_us=0
frust_shell_common::perf: frust-perf raw n=3370 total_us=8661 rebuild_us=81 layout_us=1596 paint_us=211 encode_us=42 acquire_us=656 submit_us=6072 skipped=0 gpu_q=1 gpu_total_us=4800 gpu_prepass_us=0 gpu_main_us=4800 gpu_composite_us=0 gpu_blit_us=0
frust_shell_common::perf: frust-perf raw n=3371 total_us=9746 rebuild_us=61 layout_us=1607 paint_us=216 encode_us=42 acquire_us=1709 submit_us=6109 skipped=0 gpu_q=1 gpu_total_us=4919 gpu_prepass_us=0 gpu_main_us=4919 gpu_composite_us=0 gpu_blit_us=0
frust_shell_common::perf: frust-perf raw n=3372 total_us=9090 rebuild_us=57 layout_us=1599 paint_us=230 encode_us=132 acquire_us=1001 submit_us=6068 skipped=0 gpu_q=1 gpu_total_us=4758 gpu_prepass_us=0 gpu_main_us=4758 gpu_composite_us=0 gpu_blit_us=0
frust_shell_common::perf: frust-perf raw n=3373 total_us=8743 rebuild_us=71 layout_us=1529 paint_us=249 encode_us=45 acquire_us=1322 submit_us=5524 skipped=0 gpu_q=1 gpu_total_us=4892 gpu_prepass_us=0 gpu_main_us=4892 gpu_composite_us=0 gpu_blit_us=0
frust_shell_common::perf: frust-perf raw n=3374 total_us=8773 rebuild_us=65 layout_us=1570 paint_us=212 encode_us=45 acquire_us=1285 submit_us=5594 skipped=0 gpu_q=1 gpu_total_us=4927 gpu_prepass_us=0 gpu_main_us=4927 gpu_composite_us=0 gpu_blit_us=0
frust_shell_common::perf: frust-perf raw n=3375 total_us=8778 rebuild_us=64 layout_us=1612 paint_us=204 encode_us=43 acquire_us=1278 submit_us=5575 skipped=0 gpu_q=1 gpu_total_us=4866 gpu_prepass_us=0 gpu_main_us=4866 gpu_composite_us=0 gpu_blit_us=0
frust_shell_common::perf: frust-perf raw n=3376 total_us=9079 rebuild_us=57 layout_us=1605 paint_us=201 encode_us=43 acquire_us=1442 submit_us=5727 skipped=0 gpu_q=1 gpu_total_us=4766 gpu_prepass_us=0 gpu_main_us=4766 gpu_composite_us=0 gpu_blit_us=0
frust_shell_common::perf: frust-perf raw n=3377 total_us=9758 rebuild_us=62 layout_us=1653 paint_us=237 encode_us=45 acquire_us=1464 submit_us=6295 skipped=0 gpu_q=1 gpu_total_us=4862 gpu_prepass_us=0 gpu_main_us=4862 gpu_composite_us=0 gpu_blit_us=0
frust_shell_common::perf: frust-perf raw n=3378 total_us=9769 rebuild_us=59 layout_us=1749 paint_us=243 encode_us=50 acquire_us=996 submit_us=6670 skipped=0 gpu_q=1 gpu_total_us=4909 gpu_prepass_us=0 gpu_main_us=4909 gpu_composite_us=0 gpu_blit_us=0
frust_shell_common::perf: frust-perf raw n=3379 total_us=12123 rebuild_us=139 layout_us=5300 paint_us=459 encode_us=44 acquire_us=89 submit_us=6090 skipped=0 gpu_q=1 gpu_total_us=4869 gpu_prepass_us=0 gpu_main_us=4869 gpu_composite_us=0 gpu_blit_us=0
frust_shell_common::perf: frust-perf raw n=3380 total_us=6706 rebuild_us=51 layout_us=1559 paint_us=200 encode_us=39 acquire_us=64 submit_us=4791 skipped=0 gpu_q=1 gpu_total_us=4808 gpu_prepass_us=0 gpu_main_us=4808 gpu_composite_us=0 gpu_blit_us=0
frust_shell_common::perf: frust-perf raw n=3381 total_us=8392 rebuild_us=55 layout_us=1114 paint_us=177 encode_us=35 acquire_us=2317 submit_us=4692 skipped=0 gpu_q=1 gpu_total_us=4829 gpu_prepass_us=0 gpu_main_us=4829 gpu_composite_us=0 gpu_blit_us=0
frust_shell_common::perf: frust-perf raw n=3382 total_us=7948 rebuild_us=49 layout_us=1147 paint_us=168 encode_us=38 acquire_us=1769 submit_us=4775 skipped=0 gpu_q=1 gpu_total_us=4915 gpu_prepass_us=0 gpu_main_us=4915 gpu_composite_us=0 gpu_blit_us=0
frust_shell_common::perf: frust-perf raw n=3383 total_us=8587 rebuild_us=60 layout_us=1338 paint_us=177 encode_us=42 acquire_us=1528 submit_us=5440 skipped=0 gpu_q=1 gpu_total_us=4817 gpu_prepass_us=0 gpu_main_us=4817 gpu_composite_us=0 gpu_blit_us=0
frust_shell_common::perf: frust-perf raw n=3384 total_us=9870 rebuild_us=61 layout_us=1590 paint_us=213 encode_us=47 acquire_us=1578 submit_us=6379 skipped=0 gpu_q=1 gpu_total_us=4842 gpu_prepass_us=0 gpu_main_us=4842 gpu_composite_us=0 gpu_blit_us=0
frust_shell_common::perf: frust-perf raw n=3385 total_us=9371 rebuild_us=67 layout_us=1760 paint_us=255 encode_us=53 acquire_us=780 submit_us=6453 skipped=0 gpu_q=1 gpu_total_us=4784 gpu_prepass_us=0 gpu_main_us=4784 gpu_composite_us=0 gpu_blit_us=0
frust_shell_common::perf: frust-perf raw n=3386 total_us=9340 rebuild_us=64 layout_us=1545 paint_us=217 encode_us=44 acquire_us=1447 submit_us=6020 skipped=0 gpu_q=1 gpu_total_us=4903 gpu_prepass_us=0 gpu_main_us=4903 gpu_composite_us=0 gpu_blit_us=0
frust_shell_common::perf: frust-perf raw n=3387 total_us=9289 rebuild_us=60 layout_us=1624 paint_us=211 encode_us=72 acquire_us=1248 submit_us=6071 skipped=0 gpu_q=1 gpu_total_us=4898 gpu_prepass_us=0 gpu_main_us=4898 gpu_composite_us=0 gpu_blit_us=0
frust_shell_common::perf: frust-perf raw n=3388 total_us=9401 rebuild_us=88 layout_us=1611 paint_us=223 encode_us=44 acquire_us=1319 submit_us=6113 skipped=0 gpu_q=1 gpu_total_us=4745 gpu_prepass_us=0 gpu_main_us=4745 gpu_composite_us=0 gpu_blit_us=0
frust_shell_common::perf: frust-perf raw n=3389 total_us=9300 rebuild_us=63 layout_us=1646 paint_us=236 encode_us=44 acquire_us=1191 submit_us=6116 skipped=0 gpu_q=1 gpu_total_us=4803 gpu_prepass_us=0 gpu_main_us=4803 gpu_composite_us=0 gpu_blit_us=0
frust_shell_common::perf: frust-perf raw n=3390 total_us=9603 rebuild_us=59 layout_us=1570 paint_us=220 encode_us=45 acquire_us=1556 submit_us=6151 skipped=0 gpu_q=1 gpu_total_us=4958 gpu_prepass_us=0 gpu_main_us=4958 gpu_composite_us=0 gpu_blit_us=0
frust_shell_common::perf: frust-perf raw n=3391 total_us=8112 rebuild_us=60 layout_us=1628 paint_us=210 encode_us=46 acquire_us=1170 submit_us=4996 skipped=0 gpu_q=1 gpu_total_us=4881 gpu_prepass_us=0 gpu_main_us=4881 gpu_composite_us=0 gpu_blit_us=0
frust_shell_common::perf: frust-perf raw n=3392 total_us=7626 rebuild_us=50 layout_us=1070 paint_us=143 encode_us=41 acquire_us=1808 submit_us=4510 skipped=0 gpu_q=1 gpu_total_us=4798 gpu_prepass_us=0 gpu_main_us=4798 gpu_composite_us=0 gpu_blit_us=0
frust_shell_common::perf: frust-perf raw n=3393 total_us=12158 rebuild_us=134 layout_us=3967 paint_us=459 encode_us=54 acquire_us=83 submit_us=7459 skipped=0 gpu_q=1 gpu_total_us=4799 gpu_prepass_us=0 gpu_main_us=4799 gpu_composite_us=0 gpu_blit_us=0
frust_shell_common::perf: frust-perf raw n=3394 total_us=7407 rebuild_us=120 layout_us=3430 paint_us=425 encode_us=35 acquire_us=49 submit_us=3347 skipped=0 gpu_q=1 gpu_total_us=5010 gpu_prepass_us=0 gpu_main_us=5010 gpu_composite_us=0 gpu_blit_us=0
frust_shell_common::perf: frust-perf raw n=3395 total_us=9442 rebuild_us=55 layout_us=1077 paint_us=162 encode_us=30 acquire_us=1989 submit_us=6124 skipped=0 gpu_q=1 gpu_total_us=4868 gpu_prepass_us=0 gpu_main_us=4868 gpu_composite_us=0 gpu_blit_us=0
frust_shell_common::perf: frust-perf raw n=3396 total_us=8945 rebuild_us=55 layout_us=1491 paint_us=194 encode_us=47 acquire_us=1498 submit_us=5658 skipped=0 gpu_q=1 gpu_total_us=4740 gpu_prepass_us=0 gpu_main_us=4740 gpu_composite_us=0 gpu_blit_us=0
frust_shell_common::perf: frust-perf raw n=3397 total_us=9514 rebuild_us=63 layout_us=1463 paint_us=199 encode_us=43 acquire_us=1663 submit_us=6081 skipped=0 gpu_q=1 gpu_total_us=4766 gpu_prepass_us=0 gpu_main_us=4766 gpu_composite_us=0 gpu_blit_us=0
frust_shell_common::perf: frust-perf raw n=3398 total_us=8803 rebuild_us=60 layout_us=1586 paint_us=232 encode_us=54 acquire_us=1328 submit_us=5541 skipped=0 gpu_q=1 gpu_total_us=4798 gpu_prepass_us=0 gpu_main_us=4798 gpu_composite_us=0 gpu_blit_us=0
frust_shell_common::perf: frust-perf raw n=3399 total_us=9026 rebuild_us=63 layout_us=1381 paint_us=194 encode_us=45 acquire_us=1748 submit_us=5591 skipped=0 gpu_q=1 gpu_total_us=4877 gpu_prepass_us=0 gpu_main_us=4877 gpu_composite_us=0 gpu_blit_us=0
frust_shell_common::perf: frust-perf raw n=3400 total_us=9022 rebuild_us=65 layout_us=1480 paint_us=198 encode_us=43 acquire_us=1730 submit_us=5503 skipped=0 gpu_q=1 gpu_total_us=4789 gpu_prepass_us=0 gpu_main_us=4789 gpu_composite_us=0 gpu_blit_us=0
frust_shell_common::perf: frust-perf raw n=3401 total_us=8939 rebuild_us=61 layout_us=1472 paint_us=193 encode_us=40 acquire_us=1621 submit_us=5551 skipped=0 gpu_q=1 gpu_total_us=4800 gpu_prepass_us=0 gpu_main_us=4800 gpu_composite_us=0 gpu_blit_us=0
frust_shell_common::perf: frust-perf raw n=3402 total_us=8701 rebuild_us=61 layout_us=1467 paint_us=212 encode_us=50 acquire_us=1344 submit_us=5564 skipped=0 gpu_q=1 gpu_total_us=4930 gpu_prepass_us=0 gpu_main_us=4930 gpu_composite_us=0 gpu_blit_us=0
frust_shell_common::perf: frust-perf raw n=3403 total_us=9015 rebuild_us=66 layout_us=1380 paint_us=195 encode_us=114 acquire_us=1731 submit_us=5527 skipped=0 gpu_q=1 gpu_total_us=4887 gpu_prepass_us=0 gpu_main_us=4887 gpu_composite_us=0 gpu_blit_us=0
frust_shell_common::perf: frust-perf raw n=3404 total_us=9518 rebuild_us=64 layout_us=1518 paint_us=217 encode_us=43 acquire_us=1998 submit_us=5675 skipped=0 gpu_q=1 gpu_total_us=4801 gpu_prepass_us=0 gpu_main_us=4801 gpu_composite_us=0 gpu_blit_us=0
frust_shell_common::perf: frust-perf raw n=3405 total_us=8866 rebuild_us=60 layout_us=1529 paint_us=221 encode_us=46 acquire_us=1416 submit_us=5590 skipped=0 gpu_q=1 gpu_total_us=4856 gpu_prepass_us=0 gpu_main_us=4856 gpu_composite_us=0 gpu_blit_us=0
frust_shell_common::perf: frust-perf raw n=3406 total_us=8763 rebuild_us=65 layout_us=1619 paint_us=216 encode_us=47 acquire_us=1214 submit_us=5598 skipped=0 gpu_q=1 gpu_total_us=4879 gpu_prepass_us=0 gpu_main_us=4879 gpu_composite_us=0 gpu_blit_us=0
frust_shell_common::perf: frust-perf raw n=3407 total_us=8946 rebuild_us=74 layout_us=1444 paint_us=197 encode_us=45 acquire_us=1474 submit_us=5710 skipped=0 gpu_q=1 gpu_total_us=4905 gpu_prepass_us=0 gpu_main_us=4905 gpu_composite_us=0 gpu_blit_us=0
frust_shell_common::perf: frust-perf raw n=3408 total_us=11973 rebuild_us=234 layout_us=5411 paint_us=482 encode_us=46 acquire_us=75 submit_us=5722 skipped=0 gpu_q=1 gpu_total_us=4783 gpu_prepass_us=0 gpu_main_us=4783 gpu_composite_us=0 gpu_blit_us=0
frust_shell_common::perf: frust-perf raw n=3409 total_us=10221 rebuild_us=172 layout_us=4317 paint_us=491 encode_us=44 acquire_us=78 submit_us=5116 skipped=0 gpu_q=1 gpu_total_us=4843 gpu_prepass_us=0 gpu_main_us=4843 gpu_composite_us=0 gpu_blit_us=0
frust_shell_common::perf: frust-perf raw n=3410 total_us=5353 rebuild_us=64 layout_us=1054 paint_us=164 encode_us=32 acquire_us=602 submit_us=3435 skipped=0 gpu_q=1 gpu_total_us=4863 gpu_prepass_us=0 gpu_main_us=4863 gpu_composite_us=0 gpu_blit_us=0
frust_shell_common::perf: frust-perf raw n=3411 total_us=7670 rebuild_us=61 layout_us=1015 paint_us=149 encode_us=34 acquire_us=1678 submit_us=4730 skipped=0 gpu_q=1 gpu_total_us=4966 gpu_prepass_us=0 gpu_main_us=4966 gpu_composite_us=0 gpu_blit_us=0
frust_shell_common::perf: frust-perf raw n=3412 total_us=8863 rebuild_us=53 layout_us=1330 paint_us=177 encode_us=43 acquire_us=1768 submit_us=5489 skipped=0 gpu_q=1 gpu_total_us=4831 gpu_prepass_us=0 gpu_main_us=4831 gpu_composite_us=0 gpu_blit_us=0
frust_shell_common::perf: frust-perf raw n=3413 total_us=10074 rebuild_us=63 layout_us=1765 paint_us=234 encode_us=49 acquire_us=1251 submit_us=6709 skipped=0 gpu_q=1 gpu_total_us=4792 gpu_prepass_us=0 gpu_main_us=4792 gpu_composite_us=0 gpu_blit_us=0
frust_shell_common::perf: frust-perf raw n=3414 total_us=9604 rebuild_us=64 layout_us=1760 paint_us=255 encode_us=48 acquire_us=977 submit_us=6497 skipped=0 gpu_q=1 gpu_total_us=4783 gpu_prepass_us=0 gpu_main_us=4783 gpu_composite_us=0 gpu_blit_us=0
frust_shell_common::perf: frust-perf raw n=3415 total_us=9652 rebuild_us=57 layout_us=1493 paint_us=213 encode_us=44 acquire_us=1828 submit_us=6016 skipped=0 gpu_q=1 gpu_total_us=4929 gpu_prepass_us=0 gpu_main_us=4929 gpu_composite_us=0 gpu_blit_us=0
frust_shell_common::perf: frust-perf raw n=3416 total_us=9723 rebuild_us=60 layout_us=1585 paint_us=212 encode_us=43 acquire_us=1795 submit_us=6026 skipped=0 gpu_q=1 gpu_total_us=4807 gpu_prepass_us=0 gpu_main_us=4807 gpu_composite_us=0 gpu_blit_us=0
frust_shell_common::perf: frust-perf raw n=3417 total_us=9728 rebuild_us=59 layout_us=1584 paint_us=209 encode_us=42 acquire_us=1694 submit_us=6139 skipped=0 gpu_q=1 gpu_total_us=4831 gpu_prepass_us=0 gpu_main_us=4831 gpu_composite_us=0 gpu_blit_us=0
frust_shell_common::perf: frust-perf raw n=3418 total_us=9176 rebuild_us=59 layout_us=1576 paint_us=268 encode_us=40 acquire_us=1339 submit_us=5891 skipped=0 gpu_q=1 gpu_total_us=4835 gpu_prepass_us=0 gpu_main_us=4835 gpu_composite_us=0 gpu_blit_us=0
frust_shell_common::perf: frust-perf raw n=3419 total_us=9502 rebuild_us=80 layout_us=1372 paint_us=234 encode_us=41 acquire_us=1932 submit_us=5839 skipped=0 gpu_q=1 gpu_total_us=4964 gpu_prepass_us=0 gpu_main_us=4964 gpu_composite_us=0 gpu_blit_us=0
frust_engine::renderer: frust-perf enc n=3420 w=60 validate_us=14.1 prepare_us=2.9 classify_us=44.1 admit_us=0.2 walk_us=2725.5 glyphs_us=2230.5 finish_us=2.0 compile_us=2790.4 schedule_us=3.9 paints_us=132.7 instances_us=200.0 resize_us=10.8 upload_us=271.1 replay_us=0.3 pipelines_us=15.6 record_us=28.1 total_us=3491.6 total_p95_us=4069.1 draws=829 strips=12424 alphas=303520 glyph_draws=797 atlas_glyphs=797
frust_shell_common::perf: frust-perf raw n=3420 total_us=9062 rebuild_us=56 layout_us=1662 paint_us=218 encode_us=44 acquire_us=1085 submit_us=5994 skipped=0 gpu_q=1 gpu_total_us=4836 gpu_prepass_us=0 gpu_main_us=4836 gpu_composite_us=0 gpu_blit_us=0
frust_shell_common::perf: frust-perf raw n=3421 total_us=8711 rebuild_us=68 layout_us=1516 paint_us=200 encode_us=46 acquire_us=1300 submit_us=5578 skipped=0 gpu_q=1 gpu_total_us=4828 gpu_prepass_us=0 gpu_main_us=4828 gpu_composite_us=0 gpu_blit_us=0
frust_shell_common::perf: frust-perf raw n=3422 total_us=12871 rebuild_us=139 layout_us=4691 paint_us=380 encode_us=51 acquire_us=84 submit_us=7523 skipped=0 gpu_q=1 gpu_total_us=4889 gpu_prepass_us=0 gpu_main_us=4889 gpu_composite_us=0 gpu_blit_us=0
frust_shell_common::perf: frust-perf raw n=3423 total_us=10659 rebuild_us=110 layout_us=3599 paint_us=422 encode_us=46 acquire_us=67 submit_us=6412 skipped=0 gpu_q=1 gpu_total_us=4936 gpu_prepass_us=0 gpu_main_us=4936 gpu_composite_us=0 gpu_blit_us=0
frust_shell_common::perf: frust-perf raw n=3424 total_us=5815 rebuild_us=66 layout_us=1649 paint_us=245 encode_us=58 acquire_us=71 submit_us=3724 skipped=0 gpu_q=1 gpu_total_us=4760 gpu_prepass_us=0 gpu_main_us=4760 gpu_composite_us=0 gpu_blit_us=0
frust_shell_common::perf: frust-perf raw n=3425 total_us=9957 rebuild_us=51 layout_us=1093 paint_us=151 encode_us=40 acquire_us=1926 submit_us=6692 skipped=0 gpu_q=1 gpu_total_us=4797 gpu_prepass_us=0 gpu_main_us=4797 gpu_composite_us=0 gpu_blit_us=0
frust_shell_common::perf: frust-perf raw n=3426 total_us=7187 rebuild_us=60 layout_us=1592 paint_us=214 encode_us=43 acquire_us=820 submit_us=4457 skipped=0 gpu_q=1 gpu_total_us=4777 gpu_prepass_us=0 gpu_main_us=4777 gpu_composite_us=0 gpu_blit_us=0
frust_shell_common::perf: frust-perf raw n=3427 total_us=9348 rebuild_us=57 layout_us=1099 paint_us=165 encode_us=40 acquire_us=2576 submit_us=5408 skipped=0 gpu_q=1 gpu_total_us=4953 gpu_prepass_us=0 gpu_main_us=4953 gpu_composite_us=0 gpu_blit_us=0
frust_shell_common::perf: frust-perf raw n=3428 total_us=8690 rebuild_us=55 layout_us=1364 paint_us=191 encode_us=42 acquire_us=1415 submit_us=5620 skipped=0 gpu_q=1 gpu_total_us=4818 gpu_prepass_us=0 gpu_main_us=4818 gpu_composite_us=0 gpu_blit_us=0
frust_shell_common::perf: frust-perf raw n=3429 total_us=9093 rebuild_us=58 layout_us=1452 paint_us=196 encode_us=43 acquire_us=1737 submit_us=5605 skipped=0 gpu_q=1 gpu_total_us=4881 gpu_prepass_us=0 gpu_main_us=4881 gpu_composite_us=0 gpu_blit_us=0
frust_shell_common::perf: frust-perf raw n=3430 total_us=9245 rebuild_us=61 layout_us=1471 paint_us=201 encode_us=47 acquire_us=1840 submit_us=5622 skipped=0 gpu_q=1 gpu_total_us=4797 gpu_prepass_us=0 gpu_main_us=4797 gpu_composite_us=0 gpu_blit_us=0
frust_shell_common::perf: frust-perf raw n=3431 total_us=8812 rebuild_us=57 layout_us=1489 paint_us=213 encode_us=44 acquire_us=1411 submit_us=5596 skipped=0 gpu_q=1 gpu_total_us=4750 gpu_prepass_us=0 gpu_main_us=4750 gpu_composite_us=0 gpu_blit_us=0
frust_shell_common::perf: frust-perf raw n=3432 total_us=8673 rebuild_us=64 layout_us=1389 paint_us=196 encode_us=45 acquire_us=1463 submit_us=5513 skipped=0 gpu_q=1 gpu_total_us=4828 gpu_prepass_us=0 gpu_main_us=4828 gpu_composite_us=0 gpu_blit_us=0
frust_shell_common::perf: frust-perf raw n=3433 total_us=9115 rebuild_us=62 layout_us=1460 paint_us=199 encode_us=44 acquire_us=1275 submit_us=6073 skipped=0 gpu_q=1 gpu_total_us=4862 gpu_prepass_us=0 gpu_main_us=4862 gpu_composite_us=0 gpu_blit_us=0
frust_shell_common::perf: frust-perf raw n=3434 total_us=9104 rebuild_us=76 layout_us=1715 paint_us=253 encode_us=43 acquire_us=907 submit_us=6108 skipped=0 gpu_q=1 gpu_total_us=4856 gpu_prepass_us=0 gpu_main_us=4856 gpu_composite_us=0 gpu_blit_us=0
frust_shell_common::perf: frust-perf raw n=3435 total_us=9738 rebuild_us=67 layout_us=1692 paint_us=237 encode_us=52 acquire_us=1521 submit_us=6165 skipped=0 gpu_q=1 gpu_total_us=4903 gpu_prepass_us=0 gpu_main_us=4903 gpu_composite_us=0 gpu_blit_us=0
frust_shell_common::perf: frust-perf raw n=3436 total_us=9052 rebuild_us=62 layout_us=1625 paint_us=214 encode_us=46 acquire_us=1072 submit_us=6030 skipped=0 gpu_q=1 gpu_total_us=4832 gpu_prepass_us=0 gpu_main_us=4832 gpu_composite_us=0 gpu_blit_us=0
frust_shell_common::perf: frust-perf raw n=3437 total_us=11623 rebuild_us=136 layout_us=5331 paint_us=474 encode_us=42 acquire_us=76 submit_us=5561 skipped=0 gpu_q=1 gpu_total_us=4844 gpu_prepass_us=0 gpu_main_us=4844 gpu_composite_us=0 gpu_blit_us=0
frust_shell_common::perf: frust-perf raw n=3438 total_us=9241 rebuild_us=115 layout_us=3491 paint_us=387 encode_us=35 acquire_us=63 submit_us=5147 skipped=0 gpu_q=1 gpu_total_us=4854 gpu_prepass_us=0 gpu_main_us=4854 gpu_composite_us=0 gpu_blit_us=0
frust_shell_common::perf: frust-perf raw n=3439 total_us=7568 rebuild_us=57 layout_us=1170 paint_us=157 encode_us=31 acquire_us=2002 submit_us=4148 skipped=0 gpu_q=1 gpu_total_us=4869 gpu_prepass_us=0 gpu_main_us=4869 gpu_composite_us=0 gpu_blit_us=0
frust_shell_common::perf: frust-perf raw n=3440 total_us=8164 rebuild_us=60 layout_us=1191 paint_us=163 encode_us=35 acquire_us=1909 submit_us=4803 skipped=0 gpu_q=1 gpu_total_us=4910 gpu_prepass_us=0 gpu_main_us=4910 gpu_composite_us=0 gpu_blit_us=0
frust_shell_common::perf: frust-perf raw n=3441 total_us=9564 rebuild_us=68 layout_us=1612 paint_us=212 encode_us=46 acquire_us=1226 submit_us=6396 skipped=0 gpu_q=1 gpu_total_us=4808 gpu_prepass_us=0 gpu_main_us=4808 gpu_composite_us=0 gpu_blit_us=0
frust_shell_common::perf: frust-perf raw n=3442 total_us=10364 rebuild_us=61 layout_us=1779 paint_us=235 encode_us=55 acquire_us=1428 submit_us=6804 skipped=0 gpu_q=1 gpu_total_us=4739 gpu_prepass_us=0 gpu_main_us=4739 gpu_composite_us=0 gpu_blit_us=0
frust_shell_common::perf: frust-perf raw n=3443 total_us=9741 rebuild_us=58 layout_us=1769 paint_us=253 encode_us=44 acquire_us=1133 submit_us=6483 skipped=0 gpu_q=1 gpu_total_us=4832 gpu_prepass_us=0 gpu_main_us=4832 gpu_composite_us=0 gpu_blit_us=0
frust_shell_common::perf: frust-perf raw n=3444 total_us=9673 rebuild_us=58 layout_us=1589 paint_us=239 encode_us=42 acquire_us=1731 submit_us=6011 skipped=0 gpu_q=1 gpu_total_us=4831 gpu_prepass_us=0 gpu_main_us=4831 gpu_composite_us=0 gpu_blit_us=0
frust_shell_common::perf: frust-perf raw n=3445 total_us=9457 rebuild_us=59 layout_us=1491 paint_us=211 encode_us=43 acquire_us=1667 submit_us=5984 skipped=0 gpu_q=1 gpu_total_us=4868 gpu_prepass_us=0 gpu_main_us=4868 gpu_composite_us=0 gpu_blit_us=0
frust_shell_common::perf: frust-perf raw n=3446 total_us=9554 rebuild_us=58 layout_us=1626 paint_us=213 encode_us=43 acquire_us=1467 submit_us=6145 skipped=0 gpu_q=1 gpu_total_us=4882 gpu_prepass_us=0 gpu_main_us=4882 gpu_composite_us=0 gpu_blit_us=0
frust_shell_common::perf: frust-perf raw n=3447 total_us=9535 rebuild_us=57 layout_us=1599 paint_us=212 encode_us=46 acquire_us=1540 submit_us=6079 skipped=0 gpu_q=1 gpu_total_us=4853 gpu_prepass_us=0 gpu_main_us=4853 gpu_composite_us=0 gpu_blit_us=0
frust_shell_common::perf: frust-perf raw n=3448 total_us=9474 rebuild_us=61 layout_us=1598 paint_us=263 encode_us=51 acquire_us=1411 submit_us=6088 skipped=0 gpu_q=1 gpu_total_us=4818 gpu_prepass_us=0 gpu_main_us=4818 gpu_composite_us=0 gpu_blit_us=0
frust_shell_common::perf: frust-perf raw n=3449 total_us=9375 rebuild_us=63 layout_us=1557 paint_us=215 encode_us=47 acquire_us=1604 submit_us=5886 skipped=0 gpu_q=1 gpu_total_us=4855 gpu_prepass_us=0 gpu_main_us=4855 gpu_composite_us=0 gpu_blit_us=0
frust_shell_common::perf: frust-perf raw n=3450 total_us=9648 rebuild_us=58 layout_us=1653 paint_us=212 encode_us=43 acquire_us=1512 submit_us=6168 skipped=0 gpu_q=1 gpu_total_us=4898 gpu_prepass_us=0 gpu_main_us=4898 gpu_composite_us=0 gpu_blit_us=0
frust_shell_common::perf: frust-perf raw n=3451 total_us=9035 rebuild_us=57 layout_us=1623 paint_us=212 encode_us=40 acquire_us=1202 submit_us=5898 skipped=0 gpu_q=1 gpu_total_us=4853 gpu_prepass_us=0 gpu_main_us=4853 gpu_composite_us=0 gpu_blit_us=0
frust_shell_common::perf: frust-perf raw n=3452 total_us=12269 rebuild_us=145 layout_us=4104 paint_us=496 encode_us=52 acquire_us=86 submit_us=7384 skipped=0 gpu_q=1 gpu_total_us=4821 gpu_prepass_us=0 gpu_main_us=4821 gpu_composite_us=0 gpu_blit_us=0
frust_shell_common::perf: frust-perf raw n=3453 total_us=7194 rebuild_us=111 layout_us=3256 paint_us=370 encode_us=32 acquire_us=61 submit_us=3361 skipped=0 gpu_q=1 gpu_total_us=4842 gpu_prepass_us=0 gpu_main_us=4842 gpu_composite_us=0 gpu_blit_us=0
frust_shell_common::perf: frust-perf raw n=3454 total_us=7867 rebuild_us=59 layout_us=1114 paint_us=162 encode_us=33 acquire_us=1447 submit_us=5049 skipped=0 gpu_q=1 gpu_total_us=4906 gpu_prepass_us=0 gpu_main_us=4906 gpu_composite_us=0 gpu_blit_us=0
frust_shell_common::perf: frust-perf raw n=3455 total_us=8462 rebuild_us=56 layout_us=1230 paint_us=164 encode_us=35 acquire_us=1491 submit_us=5484 skipped=0 gpu_q=1 gpu_total_us=4896 gpu_prepass_us=0 gpu_main_us=4896 gpu_composite_us=0 gpu_blit_us=0
frust_shell_common::perf: frust-perf raw n=3456 total_us=9164 rebuild_us=56 layout_us=1457 paint_us=210 encode_us=46 acquire_us=1247 submit_us=6145 skipped=0 gpu_q=1 gpu_total_us=4797 gpu_prepass_us=0 gpu_main_us=4797 gpu_composite_us=0 gpu_blit_us=0
frust_shell_common::perf: frust-perf raw n=3457 total_us=9183 rebuild_us=80 layout_us=1516 paint_us=217 encode_us=44 acquire_us=1211 submit_us=6113 skipped=0 gpu_q=1 gpu_total_us=4884 gpu_prepass_us=0 gpu_main_us=4884 gpu_composite_us=0 gpu_blit_us=0
frust_shell_common::perf: frust-perf raw n=3458 total_us=9367 rebuild_us=77 layout_us=1623 paint_us=217 encode_us=48 acquire_us=1294 submit_us=6106 skipped=0 gpu_q=1 gpu_total_us=4887 gpu_prepass_us=0 gpu_main_us=4887 gpu_composite_us=0 gpu_blit_us=0
frust_shell_common::perf: frust-perf raw n=3459 total_us=9472 rebuild_us=61 layout_us=1640 paint_us=213 encode_us=49 acquire_us=1322 submit_us=6184 skipped=0 gpu_q=1 gpu_total_us=4826 gpu_prepass_us=0 gpu_main_us=4826 gpu_composite_us=0 gpu_blit_us=0
frust_shell_common::perf: frust-perf raw n=3460 total_us=8809 rebuild_us=60 layout_us=1618 paint_us=227 encode_us=46 acquire_us=1317 submit_us=5539 skipped=0 gpu_q=1 gpu_total_us=4752 gpu_prepass_us=0 gpu_main_us=4752 gpu_composite_us=0 gpu_blit_us=0
frust_shell_common::perf: frust-perf raw n=3461 total_us=8685 rebuild_us=65 layout_us=1376 paint_us=197 encode_us=45 acquire_us=1605 submit_us=5395 skipped=0 gpu_q=1 gpu_total_us=4909 gpu_prepass_us=0 gpu_main_us=4909 gpu_composite_us=0 gpu_blit_us=0
frust_shell_common::perf: frust-perf raw n=3462 total_us=9229 rebuild_us=66 layout_us=1447 paint_us=202 encode_us=42 acquire_us=1394 submit_us=6076 skipped=0 gpu_q=1 gpu_total_us=4940 gpu_prepass_us=0 gpu_main_us=4940 gpu_composite_us=0 gpu_blit_us=0
frust_shell_common::perf: frust-perf raw n=3463 total_us=9487 rebuild_us=76 layout_us=1630 paint_us=317 encode_us=43 acquire_us=1272 submit_us=6146 skipped=0 gpu_q=1 gpu_total_us=4865 gpu_prepass_us=0 gpu_main_us=4865 gpu_composite_us=0 gpu_blit_us=0
frust_shell_common::perf: frust-perf raw n=3464 total_us=8814 rebuild_us=58 layout_us=1703 paint_us=254 encode_us=52 acquire_us=1154 submit_us=5590 skipped=0 gpu_q=1 gpu_total_us=4741 gpu_prepass_us=0 gpu_main_us=4741 gpu_composite_us=0 gpu_blit_us=0
frust_shell_common::perf: frust-perf raw n=3465 total_us=8751 rebuild_us=62 layout_us=1400 paint_us=202 encode_us=64 acquire_us=1536 submit_us=5485 skipped=0 gpu_q=1 gpu_total_us=4908 gpu_prepass_us=0 gpu_main_us=4908 gpu_composite_us=0 gpu_blit_us=0
frust_shell_android::app::frame: frust-perf platform-view tail depth=0 target=0 acquire_bound=false frame=3480 expected_present_us=0 acquire_us=1321 period_us=8265
frust_shell_common::perf: frust-perf raw n=3466 total_us=8808 rebuild_us=66 layout_us=1642 paint_us=205 encode_us=44 acquire_us=1240 submit_us=5609 skipped=0 gpu_q=1 gpu_total_us=4873 gpu_prepass_us=0 gpu_main_us=4873 gpu_composite_us=0 gpu_blit_us=0
frust_shell_common::perf: frust-perf raw n=3467 total_us=11449 rebuild_us=141 layout_us=5148 paint_us=479 encode_us=46 acquire_us=94 submit_us=5538 skipped=0 gpu_q=1 gpu_total_us=4875 gpu_prepass_us=0 gpu_main_us=4875 gpu_composite_us=0 gpu_blit_us=0
frust_shell_common::perf: frust-perf raw n=3468 total_us=10512 rebuild_us=110 layout_us=4507 paint_us=460 encode_us=39 acquire_us=69 submit_us=5325 skipped=0 gpu_q=1 gpu_total_us=4737 gpu_prepass_us=0 gpu_main_us=4737 gpu_composite_us=0 gpu_blit_us=0
frust_shell_common::perf: frust-perf raw n=3469 total_us=7464 rebuild_us=57 layout_us=1349 paint_us=192 encode_us=43 acquire_us=883 submit_us=4936 skipped=0 gpu_q=1 gpu_total_us=4898 gpu_prepass_us=0 gpu_main_us=4898 gpu_composite_us=0 gpu_blit_us=0
frust_shell_common::perf: frust-perf raw n=3470 total_us=7399 rebuild_us=53 layout_us=1065 paint_us=159 encode_us=35 acquire_us=1930 submit_us=4155 skipped=0 gpu_q=1 gpu_total_us=4919 gpu_prepass_us=0 gpu_main_us=4919 gpu_composite_us=0 gpu_blit_us=0
frust_shell_common::perf: frust-perf raw n=3471 total_us=8645 rebuild_us=89 layout_us=1322 paint_us=177 encode_us=41 acquire_us=1545 submit_us=5469 skipped=0 gpu_q=1 gpu_total_us=4904 gpu_prepass_us=0 gpu_main_us=4904 gpu_composite_us=0 gpu_blit_us=0
frust_shell_common::perf: frust-perf raw n=3472 total_us=10178 rebuild_us=68 layout_us=1796 paint_us=236 encode_us=47 acquire_us=1293 submit_us=6735 skipped=0 gpu_q=1 gpu_total_us=4766 gpu_prepass_us=0 gpu_main_us=4766 gpu_composite_us=0 gpu_blit_us=0
frust_shell_common::perf: frust-perf raw n=3473 total_us=9254 rebuild_us=62 layout_us=1773 paint_us=255 encode_us=49 acquire_us=973 submit_us=6139 skipped=0 gpu_q=1 gpu_total_us=4828 gpu_prepass_us=0 gpu_main_us=4828 gpu_composite_us=0 gpu_blit_us=0
frust_shell_common::perf: frust-perf raw n=3474 total_us=8015 rebuild_us=54 layout_us=1056 paint_us=157 encode_us=35 acquire_us=2329 submit_us=4382 skipped=0 gpu_q=1 gpu_total_us=4883 gpu_prepass_us=0 gpu_main_us=4883 gpu_composite_us=0 gpu_blit_us=0
frust_shell_common::perf: frust-perf raw n=3475 total_us=7958 rebuild_us=58 layout_us=1149 paint_us=155 encode_us=35 acquire_us=1913 submit_us=4646 skipped=0 gpu_q=1 gpu_total_us=4894 gpu_prepass_us=0 gpu_main_us=4894 gpu_composite_us=0 gpu_blit_us=0
frust_shell_common::perf: frust-perf raw n=3476 total_us=9412 rebuild_us=58 layout_us=1466 paint_us=191 encode_us=39 acquire_us=1576 submit_us=6080 skipped=0 gpu_q=1 gpu_total_us=5225 gpu_prepass_us=0 gpu_main_us=5225 gpu_composite_us=0 gpu_blit_us=0
frust_shell_common::perf: frust-perf raw n=3477 total_us=10031 rebuild_us=69 layout_us=1816 paint_us=295 encode_us=51 acquire_us=1138 submit_us=6660 skipped=0 gpu_q=1 gpu_total_us=4821 gpu_prepass_us=0 gpu_main_us=4821 gpu_composite_us=0 gpu_blit_us=0
frust_shell_common::perf: frust-perf raw n=3478 total_us=9663 rebuild_us=64 layout_us=1645 paint_us=277 encode_us=45 acquire_us=1275 submit_us=6354 skipped=0 gpu_q=1 gpu_total_us=4927 gpu_prepass_us=0 gpu_main_us=4927 gpu_composite_us=0 gpu_blit_us=0
frust_shell_common::perf: frust-perf raw n=3479 total_us=9533 rebuild_us=66 layout_us=1657 paint_us=216 encode_us=43 acquire_us=1498 submit_us=6050 skipped=0 gpu_q=1 gpu_total_us=4906 gpu_prepass_us=0 gpu_main_us=4906 gpu_composite_us=0 gpu_blit_us=0
frust_engine::renderer: frust-perf enc n=3480 w=60 validate_us=14.2 prepare_us=2.8 classify_us=43.7 admit_us=0.2 walk_us=2791.0 glyphs_us=2230.6 finish_us=2.0 compile_us=2856.8 schedule_us=3.9 paints_us=134.7 instances_us=207.3 resize_us=10.7 upload_us=275.8 replay_us=0.3 pipelines_us=15.7 record_us=27.5 total_us=3560.5 total_p95_us=4132.0 draws=829 strips=12438 alphas=304112 glyph_draws=797 atlas_glyphs=797
frust_shell_common::perf: frust-perf raw n=3480 total_us=10103 rebuild_us=58 layout_us=1638 paint_us=214 encode_us=46 acquire_us=1725 submit_us=6420 skipped=0 gpu_q=1 gpu_total_us=4767 gpu_prepass_us=0 gpu_main_us=4767 gpu_composite_us=0 gpu_blit_us=0
frust_shell_common::perf: frust-perf raw n=3481 total_us=11690 rebuild_us=131 layout_us=4380 paint_us=507 encode_us=60 acquire_us=80 submit_us=6529 skipped=0 gpu_q=1 gpu_total_us=4807 gpu_prepass_us=0 gpu_main_us=4807 gpu_composite_us=0 gpu_blit_us=0
frust_shell_common::perf: frust-perf raw n=3482 total_us=7830 rebuild_us=105 layout_us=3522 paint_us=387 encode_us=44 acquire_us=75 submit_us=3696 skipped=0 gpu_q=1 gpu_total_us=4986 gpu_prepass_us=0 gpu_main_us=4986 gpu_composite_us=0 gpu_blit_us=0
frust_shell_common::perf: frust-perf raw n=3483 total_us=8124 rebuild_us=54 layout_us=1155 paint_us=145 encode_us=37 acquire_us=1468 submit_us=5263 skipped=0 gpu_q=1 gpu_total_us=4940 gpu_prepass_us=0 gpu_main_us=4940 gpu_composite_us=0 gpu_blit_us=0
frust_shell_common::perf: frust-perf raw n=3484 total_us=9361 rebuild_us=58 layout_us=1344 paint_us=174 encode_us=36 acquire_us=1624 submit_us=6122 skipped=0 gpu_q=1 gpu_total_us=4757 gpu_prepass_us=0 gpu_main_us=4757 gpu_composite_us=0 gpu_blit_us=0
frust_shell_common::perf: frust-perf raw n=3485 total_us=9409 rebuild_us=74 layout_us=1615 paint_us=231 encode_us=43 acquire_us=1270 submit_us=6172 skipped=0 gpu_q=1 gpu_total_us=4885 gpu_prepass_us=0 gpu_main_us=4885 gpu_composite_us=0 gpu_blit_us=0
frust_shell_common::perf: frust-perf raw n=3486 total_us=8726 rebuild_us=55 layout_us=1522 paint_us=211 encode_us=51 acquire_us=1195 submit_us=5689 skipped=0 gpu_q=1 gpu_total_us=4958 gpu_prepass_us=0 gpu_main_us=4958 gpu_composite_us=0 gpu_blit_us=0
frust_shell_common::perf: frust-perf raw n=3487 total_us=9435 rebuild_us=62 layout_us=1450 paint_us=191 encode_us=44 acquire_us=1475 submit_us=6210 skipped=0 gpu_q=1 gpu_total_us=4929 gpu_prepass_us=0 gpu_main_us=4929 gpu_composite_us=0 gpu_blit_us=0
frust_shell_common::perf: frust-perf raw n=3488 total_us=8484 rebuild_us=61 layout_us=1643 paint_us=213 encode_us=47 acquire_us=760 submit_us=5758 skipped=0 gpu_q=1 gpu_total_us=4779 gpu_prepass_us=0 gpu_main_us=4779 gpu_composite_us=0 gpu_blit_us=0
frust_shell_common::perf: frust-perf raw n=3489 total_us=9274 rebuild_us=62 layout_us=1460 paint_us=192 encode_us=45 acquire_us=1386 submit_us=6126 skipped=0 gpu_q=1 gpu_total_us=4851 gpu_prepass_us=0 gpu_main_us=4851 gpu_composite_us=0 gpu_blit_us=0
frust_shell_common::perf: frust-perf raw n=3490 total_us=8676 rebuild_us=57 layout_us=1622 paint_us=229 encode_us=49 acquire_us=1134 submit_us=5583 skipped=0 gpu_q=1 gpu_total_us=4933 gpu_prepass_us=0 gpu_main_us=4933 gpu_composite_us=0 gpu_blit_us=0
frust_shell_common::perf: frust-perf raw n=3491 total_us=8900 rebuild_us=68 layout_us=1372 paint_us=196 encode_us=45 acquire_us=1574 submit_us=5642 skipped=0 gpu_q=1 gpu_total_us=4877 gpu_prepass_us=0 gpu_main_us=4877 gpu_composite_us=0 gpu_blit_us=0
frust_shell_common::perf: frust-perf raw n=3492 total_us=9217 rebuild_us=64 layout_us=1478 paint_us=192 encode_us=46 acquire_us=1801 submit_us=5635 skipped=0 gpu_q=1 gpu_total_us=4791 gpu_prepass_us=0 gpu_main_us=4791 gpu_composite_us=0 gpu_blit_us=0
frust_shell_common::perf: frust-perf raw n=3493 total_us=8790 rebuild_us=67 layout_us=1489 paint_us=193 encode_us=45 acquire_us=1389 submit_us=5604 skipped=0 gpu_q=1 gpu_total_us=4802 gpu_prepass_us=0 gpu_main_us=4802 gpu_composite_us=0 gpu_blit_us=0
frust_shell_common::perf: frust-perf raw n=3494 total_us=8613 rebuild_us=60 layout_us=1456 paint_us=230 encode_us=53 acquire_us=1202 submit_us=5610 skipped=0 gpu_q=1 gpu_total_us=4909 gpu_prepass_us=0 gpu_main_us=4909 gpu_composite_us=0 gpu_blit_us=0
frust_shell_common::perf: frust-perf raw n=3495 total_us=8487 rebuild_us=61 layout_us=1472 paint_us=223 encode_us=46 acquire_us=1192 submit_us=5490 skipped=0 gpu_q=1 gpu_total_us=4891 gpu_prepass_us=0 gpu_main_us=4891 gpu_composite_us=0 gpu_blit_us=0
frust_shell_common::perf: frust-perf raw n=3496 total_us=11611 rebuild_us=134 layout_us=5415 paint_us=455 encode_us=62 acquire_us=70 submit_us=5473 skipped=0 gpu_q=1 gpu_total_us=4786 gpu_prepass_us=0 gpu_main_us=4786 gpu_composite_us=0 gpu_blit_us=0
frust_shell_common::perf: frust-perf raw n=3497 total_us=10624 rebuild_us=109 layout_us=4410 paint_us=558 encode_us=37 acquire_us=70 submit_us=5438 skipped=0 gpu_q=1 gpu_total_us=4798 gpu_prepass_us=0 gpu_main_us=4798 gpu_composite_us=0 gpu_blit_us=0
frust_shell_common::perf: frust-perf raw n=3498 total_us=7596 rebuild_us=56 layout_us=1397 paint_us=187 encode_us=41 acquire_us=958 submit_us=4954 skipped=0 gpu_q=1 gpu_total_us=4856 gpu_prepass_us=0 gpu_main_us=4856 gpu_composite_us=0 gpu_blit_us=0
frust_shell_common::perf: frust-perf raw n=3499 total_us=7657 rebuild_us=57 layout_us=1212 paint_us=162 encode_us=37 acquire_us=1830 submit_us=4356 skipped=0 gpu_q=1 gpu_total_us=4929 gpu_prepass_us=0 gpu_main_us=4929 gpu_composite_us=0 gpu_blit_us=0
frust_shell_common::perf: frust-perf raw n=3500 total_us=8365 rebuild_us=56 layout_us=1379 paint_us=169 encode_us=40 acquire_us=1352 submit_us=5365 skipped=0 gpu_q=1 gpu_total_us=4818 gpu_prepass_us=0 gpu_main_us=4818 gpu_composite_us=0 gpu_blit_us=0
frust_shell_common::perf: frust-perf raw n=3501 total_us=9635 rebuild_us=60 layout_us=1597 paint_us=207 encode_us=43 acquire_us=1237 submit_us=6488 skipped=0 gpu_q=1 gpu_total_us=5073 gpu_prepass_us=0 gpu_main_us=5073 gpu_composite_us=0 gpu_blit_us=0
frust_shell_common::perf: frust-perf raw n=3502 total_us=9854 rebuild_us=59 layout_us=1773 paint_us=249 encode_us=49 acquire_us=996 submit_us=6725 skipped=0 gpu_q=1 gpu_total_us=4824 gpu_prepass_us=0 gpu_main_us=4824 gpu_composite_us=0 gpu_blit_us=0
frust_shell_common::perf: frust-perf raw n=3503 total_us=9224 rebuild_us=56 layout_us=1495 paint_us=217 encode_us=45 acquire_us=1476 submit_us=5932 skipped=0 gpu_q=1 gpu_total_us=4927 gpu_prepass_us=0 gpu_main_us=4927 gpu_composite_us=0 gpu_blit_us=0
frust_shell_common::perf: frust-perf raw n=3504 total_us=9350 rebuild_us=77 layout_us=1484 paint_us=195 encode_us=45 acquire_us=1753 submit_us=5795 skipped=0 gpu_q=1 gpu_total_us=4802 gpu_prepass_us=0 gpu_main_us=4802 gpu_composite_us=0 gpu_blit_us=0
frust_shell_common::perf: frust-perf raw n=3505 total_us=9362 rebuild_us=60 layout_us=1626 paint_us=213 encode_us=43 acquire_us=1379 submit_us=6039 skipped=0 gpu_q=1 gpu_total_us=4824 gpu_prepass_us=0 gpu_main_us=4824 gpu_composite_us=0 gpu_blit_us=0
frust_shell_common::perf: frust-perf raw n=3506 total_us=9328 rebuild_us=54 layout_us=1585 paint_us=225 encode_us=42 acquire_us=1275 submit_us=6144 skipped=0 gpu_q=1 gpu_total_us=4866 gpu_prepass_us=0 gpu_main_us=4866 gpu_composite_us=0 gpu_blit_us=0
frust_shell_common::perf: frust-perf raw n=3507 total_us=9185 rebuild_us=70 layout_us=1635 paint_us=232 encode_us=80 acquire_us=1023 submit_us=6142 skipped=0 gpu_q=1 gpu_total_us=4936 gpu_prepass_us=0 gpu_main_us=4936 gpu_composite_us=0 gpu_blit_us=0
frust_shell_common::perf: frust-perf raw n=3508 total_us=9276 rebuild_us=65 layout_us=1520 paint_us=253 encode_us=46 acquire_us=1273 submit_us=6117 skipped=0 gpu_q=1 gpu_total_us=4784 gpu_prepass_us=0 gpu_main_us=4784 gpu_composite_us=0 gpu_blit_us=0
frust_shell_common::perf: frust-perf raw n=3509 total_us=10451 rebuild_us=68 layout_us=1714 paint_us=211 encode_us=45 acquire_us=1853 submit_us=6557 skipped=0 gpu_q=1 gpu_total_us=4879 gpu_prepass_us=0 gpu_main_us=4879 gpu_composite_us=0 gpu_blit_us=0
frust_shell_common::perf: frust-perf raw n=3510 total_us=13224 rebuild_us=121 layout_us=4853 paint_us=599 encode_us=51 acquire_us=90 submit_us=7507 skipped=0 gpu_q=1 gpu_total_us=4848 gpu_prepass_us=0 gpu_main_us=4848 gpu_composite_us=0 gpu_blit_us=0
frust_shell_common::perf: frust-perf raw n=3511 total_us=7906 rebuild_us=109 layout_us=3760 paint_us=555 encode_us=34 acquire_us=56 submit_us=3389 skipped=0 gpu_q=1 gpu_total_us=4970 gpu_prepass_us=0 gpu_main_us=4970 gpu_composite_us=0 gpu_blit_us=0
frust_shell_common::perf: frust-perf raw n=3512 total_us=7665 rebuild_us=55 layout_us=1025 paint_us=154 encode_us=32 acquire_us=1771 submit_us=4626 skipped=0 gpu_q=1 gpu_total_us=4823 gpu_prepass_us=0 gpu_main_us=4823 gpu_composite_us=0 gpu_blit_us=0
frust_shell_common::perf: frust-perf raw n=3513 total_us=8315 rebuild_us=54 layout_us=1186 paint_us=148 encode_us=37 acquire_us=1638 submit_us=5250 skipped=0 gpu_q=1 gpu_total_us=4840 gpu_prepass_us=0 gpu_main_us=4840 gpu_composite_us=0 gpu_blit_us=0
frust_shell_common::perf: frust-perf raw n=3514 total_us=9246 rebuild_us=62 layout_us=1508 paint_us=190 encode_us=42 acquire_us=1382 submit_us=6060 skipped=0 gpu_q=1 gpu_total_us=4879 gpu_prepass_us=0 gpu_main_us=4879 gpu_composite_us=0 gpu_blit_us=0
frust_shell_common::perf: frust-perf raw n=3515 total_us=7389 rebuild_us=74 layout_us=1603 paint_us=227 encode_us=49 acquire_us=959 submit_us=4475 skipped=0 gpu_q=1 gpu_total_us=4855 gpu_prepass_us=0 gpu_main_us=4855 gpu_composite_us=0 gpu_blit_us=0
frust_shell_common::perf: frust-perf raw n=3516 total_us=8673 rebuild_us=46 layout_us=911 paint_us=130 encode_us=38 acquire_us=2350 submit_us=5195 skipped=0 gpu_q=1 gpu_total_us=4772 gpu_prepass_us=0 gpu_main_us=4772 gpu_composite_us=0 gpu_blit_us=0
frust_shell_common::perf: frust-perf raw n=3517 total_us=8379 rebuild_us=57 layout_us=1327 paint_us=174 encode_us=42 acquire_us=1509 submit_us=5268 skipped=0 gpu_q=1 gpu_total_us=4845 gpu_prepass_us=0 gpu_main_us=4845 gpu_composite_us=0 gpu_blit_us=0
frust_shell_common::perf: frust-perf raw n=3518 total_us=8909 rebuild_us=54 layout_us=1331 paint_us=174 encode_us=46 acquire_us=1554 submit_us=5747 skipped=0 gpu_q=1 gpu_total_us=4895 gpu_prepass_us=0 gpu_main_us=4895 gpu_composite_us=0 gpu_blit_us=0
frust_shell_common::perf: frust-perf raw n=3519 total_us=9132 rebuild_us=62 layout_us=1479 paint_us=208 encode_us=45 acquire_us=1802 submit_us=5534 skipped=0 gpu_q=1 gpu_total_us=4840 gpu_prepass_us=0 gpu_main_us=4840 gpu_composite_us=0 gpu_blit_us=0
frust_shell_common::perf: frust-perf raw n=3520 total_us=8768 rebuild_us=72 layout_us=1381 paint_us=194 encode_us=42 acquire_us=1556 submit_us=5521 skipped=0 gpu_q=1 gpu_total_us=4827 gpu_prepass_us=0 gpu_main_us=4827 gpu_composite_us=0 gpu_blit_us=0
frust_shell_common::perf: frust-perf raw n=3521 total_us=10623 rebuild_us=62 layout_us=1456 paint_us=191 encode_us=43 acquire_us=2040 submit_us=6828 skipped=0 gpu_q=1 gpu_total_us=4850 gpu_prepass_us=0 gpu_main_us=4850 gpu_composite_us=0 gpu_blit_us=0
frust_shell_common::perf: frust-perf raw n=3522 total_us=7887 rebuild_us=59 layout_us=1445 paint_us=192 encode_us=36 acquire_us=940 submit_us=5214 skipped=0 gpu_q=1 gpu_total_us=4881 gpu_prepass_us=0 gpu_main_us=4881 gpu_composite_us=0 gpu_blit_us=0
frust_shell_common::perf: frust-perf raw n=3523 total_us=9677 rebuild_us=76 layout_us=1331 paint_us=197 encode_us=43 acquire_us=2791 submit_us=5237 skipped=0 gpu_q=1 gpu_total_us=4845 gpu_prepass_us=0 gpu_main_us=4845 gpu_composite_us=0 gpu_blit_us=0
frust_shell_common::perf: frust-perf raw n=3524 total_us=8939 rebuild_us=54 layout_us=1238 paint_us=174 encode_us=40 acquire_us=1983 submit_us=5447 skipped=0 gpu_q=1 gpu_total_us=4831 gpu_prepass_us=0 gpu_main_us=4831 gpu_composite_us=0 gpu_blit_us=0
frust_shell_common::perf: frust-perf raw n=3525 total_us=11336 rebuild_us=150 layout_us=5091 paint_us=486 encode_us=40 acquire_us=67 submit_us=5499 skipped=0 gpu_q=1 gpu_total_us=4929 gpu_prepass_us=81 gpu_main_us=4848 gpu_composite_us=0 gpu_blit_us=0
frust_shell_common::perf: frust-perf raw n=3526 total_us=10933 rebuild_us=125 layout_us=4626 paint_us=514 encode_us=44 acquire_us=67 submit_us=5555 skipped=0 gpu_q=1 gpu_total_us=4847 gpu_prepass_us=0 gpu_main_us=4847 gpu_composite_us=0 gpu_blit_us=0
frust_shell_common::perf: frust-perf raw n=3527 total_us=11350 rebuild_us=127 layout_us=5029 paint_us=438 encode_us=38 acquire_us=68 submit_us=5648 skipped=0 gpu_q=1 gpu_total_us=4850 gpu_prepass_us=0 gpu_main_us=4850 gpu_composite_us=0 gpu_blit_us=0
frust_shell_common::perf: frust-perf raw n=3528 total_us=9593 rebuild_us=124 layout_us=3266 paint_us=356 encode_us=43 acquire_us=73 submit_us=5728 skipped=0 gpu_q=1 gpu_total_us=4869 gpu_prepass_us=0 gpu_main_us=4869 gpu_composite_us=0 gpu_blit_us=0
frust_shell_common::perf: frust-perf raw n=3529 total_us=5713 rebuild_us=64 layout_us=1118 paint_us=145 encode_us=30 acquire_us=895 submit_us=3458 skipped=0 gpu_q=1 gpu_total_us=4823 gpu_prepass_us=0 gpu_main_us=4823 gpu_composite_us=0 gpu_blit_us=0
frust_shell_common::perf: frust-perf raw n=3530 total_us=8699 rebuild_us=55 layout_us=1254 paint_us=171 encode_us=37 acquire_us=1805 submit_us=5374 skipped=0 gpu_q=1 gpu_total_us=4891 gpu_prepass_us=0 gpu_main_us=4891 gpu_composite_us=0 gpu_blit_us=0
frust_shell_common::perf: frust-perf raw n=3531 total_us=9213 rebuild_us=100 layout_us=1624 paint_us=209 encode_us=47 acquire_us=915 submit_us=6315 skipped=0 gpu_q=1 gpu_total_us=4897 gpu_prepass_us=0 gpu_main_us=4897 gpu_composite_us=0 gpu_blit_us=0
frust_shell_common::perf: frust-perf raw n=3532 total_us=9679 rebuild_us=77 layout_us=1607 paint_us=233 encode_us=47 acquire_us=1592 submit_us=6121 skipped=0 gpu_q=1 gpu_total_us=4805 gpu_prepass_us=0 gpu_main_us=4805 gpu_composite_us=0 gpu_blit_us=0
frust_shell_common::perf: frust-perf raw n=3533 total_us=9111 rebuild_us=55 layout_us=1479 paint_us=206 encode_us=41 acquire_us=1397 submit_us=5931 skipped=0 gpu_q=1 gpu_total_us=4777 gpu_prepass_us=0 gpu_main_us=4777 gpu_composite_us=0 gpu_blit_us=0
frust_shell_common::perf: frust-perf raw n=3534 total_us=9074 rebuild_us=65 layout_us=1469 paint_us=197 encode_us=46 acquire_us=1536 submit_us=5758 skipped=0 gpu_q=1 gpu_total_us=4772 gpu_prepass_us=0 gpu_main_us=4772 gpu_composite_us=0 gpu_blit_us=0
frust_shell_common::perf: frust-perf raw n=3535 total_us=9435 rebuild_us=64 layout_us=1481 paint_us=198 encode_us=49 acquire_us=1830 submit_us=5810 skipped=0 gpu_q=1 gpu_total_us=4899 gpu_prepass_us=0 gpu_main_us=4899 gpu_composite_us=0 gpu_blit_us=0
frust_shell_common::perf: frust-perf raw n=3536 total_us=9618 rebuild_us=59 layout_us=1601 paint_us=230 encode_us=49 acquire_us=1545 submit_us=6132 skipped=0 gpu_q=1 gpu_total_us=4808 gpu_prepass_us=0 gpu_main_us=4808 gpu_composite_us=0 gpu_blit_us=0
frust_shell_common::perf: frust-perf raw n=3537 total_us=9585 rebuild_us=58 layout_us=1480 paint_us=213 encode_us=43 acquire_us=1762 submit_us=6027 skipped=0 gpu_q=1 gpu_total_us=4880 gpu_prepass_us=0 gpu_main_us=4880 gpu_composite_us=0 gpu_blit_us=0
frust_shell_common::perf: frust-perf raw n=3538 total_us=9300 rebuild_us=56 layout_us=1578 paint_us=277 encode_us=42 acquire_us=1299 submit_us=6046 skipped=0 gpu_q=1 gpu_total_us=4908 gpu_prepass_us=0 gpu_main_us=4908 gpu_composite_us=0 gpu_blit_us=0
frust_shell_common::perf: frust-perf raw n=3539 total_us=9662 rebuild_us=74 layout_us=1657 paint_us=215 encode_us=47 acquire_us=1484 submit_us=6182 skipped=0 gpu_q=1 gpu_total_us=4836 gpu_prepass_us=0 gpu_main_us=4836 gpu_composite_us=0 gpu_blit_us=0
frust_engine::renderer: frust-perf enc n=3540 w=60 validate_us=14.1 prepare_us=3.0 classify_us=41.8 admit_us=0.2 walk_us=2592.3 glyphs_us=2102.9 finish_us=2.0 compile_us=2651.6 schedule_us=4.0 paints_us=128.1 instances_us=192.4 resize_us=10.5 upload_us=273.9 replay_us=0.3 pipelines_us=16.0 record_us=27.3 total_us=3350.7 total_p95_us=4019.7 draws=829 strips=12426 alphas=302320 glyph_draws=797 atlas_glyphs=797
frust_shell_common::perf: frust-perf raw n=3540 total_us=9142 rebuild_us=56 layout_us=1616 paint_us=227 encode_us=47 acquire_us=1155 submit_us=6039 skipped=0 gpu_q=1 gpu_total_us=4737 gpu_prepass_us=0 gpu_main_us=4737 gpu_composite_us=0 gpu_blit_us=0
frust_shell_common::perf: frust-perf raw n=3541 total_us=9613 rebuild_us=62 layout_us=1440 paint_us=195 encode_us=43 acquire_us=1871 submit_us=5999 skipped=0 gpu_q=1 gpu_total_us=4916 gpu_prepass_us=0 gpu_main_us=4916 gpu_composite_us=0 gpu_blit_us=0
frust_shell_common::perf: frust-perf raw n=3542 total_us=11691 rebuild_us=120 layout_us=4597 paint_us=408 encode_us=44 acquire_us=72 submit_us=6447 skipped=0 gpu_q=1 gpu_total_us=4908 gpu_prepass_us=0 gpu_main_us=4908 gpu_composite_us=0 gpu_blit_us=0
frust_shell_common::perf: frust-perf raw n=3543 total_us=10416 rebuild_us=106 layout_us=3745 paint_us=389 encode_us=40 acquire_us=152 submit_us=5982 skipped=0 gpu_q=1 gpu_total_us=4869 gpu_prepass_us=0 gpu_main_us=4869 gpu_composite_us=0 gpu_blit_us=0
frust_shell_common::perf: frust-perf raw n=3544 total_us=7357 rebuild_us=57 layout_us=1576 paint_us=239 encode_us=38 acquire_us=869 submit_us=4575 skipped=0 gpu_q=1 gpu_total_us=4778 gpu_prepass_us=0 gpu_main_us=4778 gpu_composite_us=0 gpu_blit_us=0
frust_shell_common::perf: frust-perf raw n=3545 total_us=7437 rebuild_us=50 layout_us=1031 paint_us=152 encode_us=30 acquire_us=1537 submit_us=4634 skipped=0 gpu_q=1 gpu_total_us=4929 gpu_prepass_us=0 gpu_main_us=4929 gpu_composite_us=0 gpu_blit_us=0
frust_shell_common::perf: frust-perf raw n=3546 total_us=9122 rebuild_us=55 layout_us=1319 paint_us=172 encode_us=36 acquire_us=1402 submit_us=6138 skipped=0 gpu_q=1 gpu_total_us=4941 gpu_prepass_us=0 gpu_main_us=4941 gpu_composite_us=0 gpu_blit_us=0
frust_shell_common::perf: frust-perf raw n=3547 total_us=9585 rebuild_us=60 layout_us=1625 paint_us=212 encode_us=45 acquire_us=1449 submit_us=6192 skipped=0 gpu_q=1 gpu_total_us=4891 gpu_prepass_us=0 gpu_main_us=4891 gpu_composite_us=0 gpu_blit_us=0
frust_shell_common::perf: frust-perf raw n=3548 total_us=8666 rebuild_us=58 layout_us=1598 paint_us=210 encode_us=44 acquire_us=1118 submit_us=5636 skipped=0 gpu_q=1 gpu_total_us=4734 gpu_prepass_us=0 gpu_main_us=4734 gpu_composite_us=0 gpu_blit_us=0
frust_shell_common::perf: frust-perf raw n=3549 total_us=8913 rebuild_us=56 layout_us=1438 paint_us=203 encode_us=42 acquire_us=1570 submit_us=5602 skipped=0 gpu_q=1 gpu_total_us=4860 gpu_prepass_us=0 gpu_main_us=4860 gpu_composite_us=0 gpu_blit_us=0
frust_shell_common::perf: frust-perf raw n=3550 total_us=9014 rebuild_us=66 layout_us=1371 paint_us=200 encode_us=45 acquire_us=1709 submit_us=5621 skipped=0 gpu_q=1 gpu_total_us=4871 gpu_prepass_us=0 gpu_main_us=4871 gpu_composite_us=0 gpu_blit_us=0
frust_shell_common::perf: frust-perf raw n=3551 total_us=8742 rebuild_us=62 layout_us=1489 paint_us=200 encode_us=48 acquire_us=1356 submit_us=5585 skipped=0 gpu_q=1 gpu_total_us=4863 gpu_prepass_us=0 gpu_main_us=4863 gpu_composite_us=0 gpu_blit_us=0
frust_shell_common::perf: frust-perf raw n=3552 total_us=8602 rebuild_us=68 layout_us=1454 paint_us=191 encode_us=44 acquire_us=1252 submit_us=5590 skipped=0 gpu_q=1 gpu_total_us=4803 gpu_prepass_us=0 gpu_main_us=4803 gpu_composite_us=0 gpu_blit_us=0
frust_shell_common::perf: frust-perf frame n=120 total_p50_ms=9 total_p95_ms=11 total_p99_ms=12 rebuild_p95_ms=0 layout_p95_ms=4 paint_p95_ms=0 encode_p95_ms=0 acquire_p95_ms=1 submit_p95_ms=6 over_60hz=5 over_120hz=2772 skipped=0 total_frames=3552
frust_shell_common::perf: frust-perf raw n=3553 total_us=9056 rebuild_us=58 layout_us=1450 paint_us=209 encode_us=41 acquire_us=1701 submit_us=5594 skipped=0 gpu_q=1 gpu_total_us=4851 gpu_prepass_us=0 gpu_main_us=4851 gpu_composite_us=0 gpu_blit_us=0
frust_shell_common::perf: frust-perf raw n=3554 total_us=9085 rebuild_us=63 layout_us=1388 paint_us=317 encode_us=44 acquire_us=1689 submit_us=5582 skipped=0 gpu_q=1 gpu_total_us=4892 gpu_prepass_us=0 gpu_main_us=4892 gpu_composite_us=0 gpu_blit_us=0
frust_shell_common::perf: frust-perf raw n=3555 total_us=9093 rebuild_us=62 layout_us=1595 paint_us=226 encode_us=42 acquire_us=1547 submit_us=5618 skipped=0 gpu_q=1 gpu_total_us=4916 gpu_prepass_us=0 gpu_main_us=4916 gpu_composite_us=0 gpu_blit_us=0
frust_shell_common::perf: frust-perf raw n=3556 total_us=9524 rebuild_us=63 layout_us=1539 paint_us=197 encode_us=50 acquire_us=1888 submit_us=5786 skipped=0 gpu_q=1 gpu_total_us=4752 gpu_prepass_us=0 gpu_main_us=4752 gpu_composite_us=0 gpu_blit_us=0
frust_shell_common::perf: frust-perf raw n=3557 total_us=12303 rebuild_us=193 layout_us=5605 paint_us=513 encode_us=45 acquire_us=73 submit_us=5870 skipped=0 gpu_q=1 gpu_total_us=4843 gpu_prepass_us=0 gpu_main_us=4843 gpu_composite_us=0 gpu_blit_us=0
frust_shell_common::perf: frust-perf raw n=3558 total_us=10079 rebuild_us=127 layout_us=4080 paint_us=516 encode_us=40 acquire_us=79 submit_us=5235 skipped=0 gpu_q=1 gpu_total_us=4909 gpu_prepass_us=0 gpu_main_us=4909 gpu_composite_us=0 gpu_blit_us=0
frust_shell_common::perf: frust-perf raw n=3559 total_us=5880 rebuild_us=56 layout_us=1227 paint_us=158 encode_us=30 acquire_us=948 submit_us=3459 skipped=0 gpu_q=1 gpu_total_us=4900 gpu_prepass_us=0 gpu_main_us=4900 gpu_composite_us=0 gpu_blit_us=0
frust_shell_common::perf: frust-perf raw n=3560 total_us=8085 rebuild_us=74 layout_us=1177 paint_us=157 encode_us=32 acquire_us=1547 submit_us=5094 skipped=0 gpu_q=1 gpu_total_us=4741 gpu_prepass_us=0 gpu_main_us=4741 gpu_composite_us=0 gpu_blit_us=0
frust_shell_common::perf: frust-perf raw n=3561 total_us=8448 rebuild_us=54 layout_us=1347 paint_us=190 encode_us=42 acquire_us=1292 submit_us=5520 skipped=0 gpu_q=1 gpu_total_us=4782 gpu_prepass_us=0 gpu_main_us=4782 gpu_composite_us=0 gpu_blit_us=0
frust_shell_common::perf: frust-perf raw n=3562 total_us=9206 rebuild_us=61 layout_us=1496 paint_us=212 encode_us=46 acquire_us=1195 submit_us=6194 skipped=0 gpu_q=1 gpu_total_us=4936 gpu_prepass_us=0 gpu_main_us=4936 gpu_composite_us=0 gpu_blit_us=0
frust_shell_common::perf: frust-perf raw n=3563 total_us=9379 rebuild_us=63 layout_us=1821 paint_us=235 encode_us=49 acquire_us=470 submit_us=6739 skipped=0 gpu_q=1 gpu_total_us=4817 gpu_prepass_us=0 gpu_main_us=4817 gpu_composite_us=0 gpu_blit_us=0
frust_shell_common::perf: frust-perf raw n=3564 total_us=9443 rebuild_us=61 layout_us=1624 paint_us=213 encode_us=53 acquire_us=1305 submit_us=6184 skipped=0 gpu_q=1 gpu_total_us=4734 gpu_prepass_us=0 gpu_main_us=4734 gpu_composite_us=0 gpu_blit_us=0
frust_shell_common::perf: frust-perf raw n=3565 total_us=9299 rebuild_us=61 layout_us=1627 paint_us=227 encode_us=50 acquire_us=1247 submit_us=6085 skipped=0 gpu_q=1 gpu_total_us=4822 gpu_prepass_us=0 gpu_main_us=4822 gpu_composite_us=0 gpu_blit_us=0
frust_shell_common::perf: frust-perf raw n=3566 total_us=9150 rebuild_us=63 layout_us=1527 paint_us=214 encode_us=48 acquire_us=1294 submit_us=6002 skipped=0 gpu_q=1 gpu_total_us=5005 gpu_prepass_us=0 gpu_main_us=5005 gpu_composite_us=0 gpu_blit_us=0
frust_shell_common::perf: frust-perf raw n=3567 total_us=9189 rebuild_us=63 layout_us=1614 paint_us=213 encode_us=44 acquire_us=1180 submit_us=6074 skipped=0 gpu_q=1 gpu_total_us=4892 gpu_prepass_us=0 gpu_main_us=4892 gpu_composite_us=0 gpu_blit_us=0
frust_shell_common::perf: frust-perf raw n=3568 total_us=9405 rebuild_us=81 layout_us=1616 paint_us=253 encode_us=42 acquire_us=1184 submit_us=6226 skipped=0 gpu_q=1 gpu_total_us=4779 gpu_prepass_us=0 gpu_main_us=4779 gpu_composite_us=0 gpu_blit_us=0
frust_shell_common::perf: frust-perf raw n=3569 total_us=9541 rebuild_us=59 layout_us=1648 paint_us=229 encode_us=50 acquire_us=1401 submit_us=6153 skipped=0 gpu_q=1 gpu_total_us=4799 gpu_prepass_us=0 gpu_main_us=4799 gpu_composite_us=0 gpu_blit_us=0
frust_shell_common::perf: frust-perf raw n=3570 total_us=9287 rebuild_us=57 layout_us=1521 paint_us=210 encode_us=42 acquire_us=1437 submit_us=6017 skipped=0 gpu_q=1 gpu_total_us=4975 gpu_prepass_us=0 gpu_main_us=4975 gpu_composite_us=0 gpu_blit_us=0
frust_shell_common::perf: frust-perf raw n=3571 total_us=13783 rebuild_us=149 layout_us=5595 paint_us=391 encode_us=57 acquire_us=91 submit_us=7497 skipped=0 gpu_q=1 gpu_total_us=4917 gpu_prepass_us=0 gpu_main_us=4917 gpu_composite_us=0 gpu_blit_us=0
frust_shell_common::perf: frust-perf raw n=3572 total_us=10998 rebuild_us=103 layout_us=3845 paint_us=375 encode_us=43 acquire_us=70 submit_us=6559 skipped=0 gpu_q=1 gpu_total_us=4767 gpu_prepass_us=0 gpu_main_us=4767 gpu_composite_us=0 gpu_blit_us=0
frust_shell_common::perf: frust-perf raw n=3573 total_us=5806 rebuild_us=66 layout_us=1760 paint_us=266 encode_us=127 acquire_us=55 submit_us=3531 skipped=0 gpu_q=1 gpu_total_us=4792 gpu_prepass_us=0 gpu_main_us=4792 gpu_composite_us=0 gpu_blit_us=0
frust_shell_common::perf: frust-perf raw n=3574 total_us=9018 rebuild_us=61 layout_us=1087 paint_us=146 encode_us=38 acquire_us=2085 submit_us=5600 skipped=0 gpu_q=1 gpu_total_us=4937 gpu_prepass_us=0 gpu_main_us=4937 gpu_composite_us=0 gpu_blit_us=0
frust_shell_common::perf: frust-perf raw n=3575 total_us=7914 rebuild_us=63 layout_us=1354 paint_us=175 encode_us=43 acquire_us=1156 submit_us=5121 skipped=0 gpu_q=1 gpu_total_us=4738 gpu_prepass_us=0 gpu_main_us=4738 gpu_composite_us=0 gpu_blit_us=0
frust_shell_common::perf: frust-perf raw n=3576 total_us=8484 rebuild_us=61 layout_us=1317 paint_us=175 encode_us=38 acquire_us=1249 submit_us=5640 skipped=0 gpu_q=1 gpu_total_us=4864 gpu_prepass_us=0 gpu_main_us=4864 gpu_composite_us=0 gpu_blit_us=0
frust_shell_common::perf: frust-perf raw n=3577 total_us=9103 rebuild_us=57 layout_us=1473 paint_us=189 encode_us=44 acquire_us=1181 submit_us=6156 skipped=0 gpu_q=1 gpu_total_us=4789 gpu_prepass_us=0 gpu_main_us=4789 gpu_composite_us=0 gpu_blit_us=0
frust_shell_common::perf: frust-perf raw n=3578 total_us=8910 rebuild_us=67 layout_us=1503 paint_us=213 encode_us=41 acquire_us=1015 submit_us=6068 skipped=0 gpu_q=1 gpu_total_us=4976 gpu_prepass_us=0 gpu_main_us=4976 gpu_composite_us=0 gpu_blit_us=0
frust_shell_common::perf: frust-perf raw n=3579 total_us=9703 rebuild_us=69 layout_us=1615 paint_us=211 encode_us=45 acquire_us=1787 submit_us=5973 skipped=0 gpu_q=1 gpu_total_us=4923 gpu_prepass_us=0 gpu_main_us=4923 gpu_composite_us=0 gpu_blit_us=0
frust_shell_common::perf: frust-perf raw n=3580 total_us=9330 rebuild_us=53 layout_us=1583 paint_us=211 encode_us=42 acquire_us=1402 submit_us=6036 skipped=0 gpu_q=1 gpu_total_us=4757 gpu_prepass_us=0 gpu_main_us=4757 gpu_composite_us=0 gpu_blit_us=0
frust_shell_common::perf: frust-perf raw n=3581 total_us=9925 rebuild_us=59 layout_us=1628 paint_us=211 encode_us=47 acquire_us=1952 submit_us=6025 skipped=0 gpu_q=1 gpu_total_us=4830 gpu_prepass_us=0 gpu_main_us=4830 gpu_composite_us=0 gpu_blit_us=0
frust_shell_common::perf: frust-perf raw n=3582 total_us=8852 rebuild_us=57 layout_us=1565 paint_us=225 encode_us=44 acquire_us=897 submit_us=6062 skipped=0 gpu_q=1 gpu_total_us=4907 gpu_prepass_us=0 gpu_main_us=4907 gpu_composite_us=0 gpu_blit_us=0
frust_shell_common::perf: frust-perf raw n=3583 total_us=9429 rebuild_us=67 layout_us=1504 paint_us=307 encode_us=43 acquire_us=1396 submit_us=6109 skipped=0 gpu_q=1 gpu_total_us=4886 gpu_prepass_us=0 gpu_main_us=4886 gpu_composite_us=0 gpu_blit_us=0
frust_shell_common::perf: frust-perf raw n=3584 total_us=9043 rebuild_us=57 layout_us=1678 paint_us=253 encode_us=50 acquire_us=940 submit_us=6062 skipped=0 gpu_q=1 gpu_total_us=4801 gpu_prepass_us=0 gpu_main_us=4801 gpu_composite_us=0 gpu_blit_us=0
frust_shell_common::perf: frust-perf raw n=3585 total_us=9147 rebuild_us=71 layout_us=1709 paint_us=217 encode_us=46 acquire_us=1088 submit_us=6013 skipped=0 gpu_q=1 gpu_total_us=4815 gpu_prepass_us=0 gpu_main_us=4815 gpu_composite_us=0 gpu_blit_us=0
frust_shell_android::app::frame: frust-perf platform-view tail depth=0 target=0 acquire_bound=false frame=3600 expected_present_us=0 acquire_us=916 period_us=8267
frust_shell_common::perf: frust-perf raw n=3586 total_us=11322 rebuild_us=130 layout_us=4703 paint_us=455 encode_us=43 acquire_us=73 submit_us=5916 skipped=0 gpu_q=1 gpu_total_us=4904 gpu_prepass_us=0 gpu_main_us=4904 gpu_composite_us=0 gpu_blit_us=0
frust_shell_common::perf: frust-perf raw n=3587 total_us=9634 rebuild_us=114 layout_us=3345 paint_us=346 encode_us=40 acquire_us=72 submit_us=5714 skipped=0 gpu_q=1 gpu_total_us=4904 gpu_prepass_us=0 gpu_main_us=4904 gpu_composite_us=0 gpu_blit_us=0
frust_shell_common::perf: frust-perf raw n=3588 total_us=9407 rebuild_us=118 layout_us=4431 paint_us=406 encode_us=34 acquire_us=59 submit_us=4357 skipped=0 gpu_q=1 gpu_total_us=4829 gpu_prepass_us=0 gpu_main_us=4829 gpu_composite_us=0 gpu_blit_us=0
frust_shell_common::perf: frust-perf raw n=3589 total_us=7443 rebuild_us=53 layout_us=1385 paint_us=174 encode_us=35 acquire_us=898 submit_us=4895 skipped=0 gpu_q=1 gpu_total_us=4799 gpu_prepass_us=0 gpu_main_us=4799 gpu_composite_us=0 gpu_blit_us=0
frust_shell_common::perf: frust-perf raw n=3590 total_us=8654 rebuild_us=126 layout_us=1356 paint_us=190 encode_us=47 acquire_us=1622 submit_us=5310 skipped=0 gpu_q=1 gpu_total_us=4825 gpu_prepass_us=0 gpu_main_us=4825 gpu_composite_us=0 gpu_blit_us=0
frust_shell_common::perf: frust-perf raw n=3591 total_us=9361 rebuild_us=78 layout_us=1530 paint_us=213 encode_us=42 acquire_us=1238 submit_us=6258 skipped=0 gpu_q=1 gpu_total_us=4954 gpu_prepass_us=0 gpu_main_us=4954 gpu_composite_us=0 gpu_blit_us=0
frust_shell_common::perf: frust-perf raw n=3592 total_us=10193 rebuild_us=66 layout_us=1845 paint_us=238 encode_us=51 acquire_us=1209 submit_us=6781 skipped=0 gpu_q=1 gpu_total_us=4822 gpu_prepass_us=0 gpu_main_us=4822 gpu_composite_us=0 gpu_blit_us=0
frust_shell_common::perf: frust-perf raw n=3593 total_us=9738 rebuild_us=62 layout_us=1758 paint_us=231 encode_us=45 acquire_us=1083 submit_us=6556 skipped=0 gpu_q=1 gpu_total_us=4749 gpu_prepass_us=0 gpu_main_us=4749 gpu_composite_us=0 gpu_blit_us=0
frust_shell_common::perf: frust-perf raw n=3594 total_us=9551 rebuild_us=59 layout_us=1573 paint_us=233 encode_us=42 acquire_us=1503 submit_us=6138 skipped=0 gpu_q=1 gpu_total_us=4896 gpu_prepass_us=0 gpu_main_us=4896 gpu_composite_us=0 gpu_blit_us=0
frust_shell_common::perf: frust-perf raw n=3595 total_us=9499 rebuild_us=61 layout_us=1493 paint_us=209 encode_us=41 acquire_us=1756 submit_us=5938 skipped=0 gpu_q=1 gpu_total_us=4983 gpu_prepass_us=0 gpu_main_us=4983 gpu_composite_us=0 gpu_blit_us=0
frust_shell_common::perf: frust-perf raw n=3596 total_us=9556 rebuild_us=57 layout_us=1612 paint_us=214 encode_us=50 acquire_us=1559 submit_us=6061 skipped=0 gpu_q=1 gpu_total_us=4793 gpu_prepass_us=0 gpu_main_us=4793 gpu_composite_us=0 gpu_blit_us=0
frust_shell_common::perf: frust-perf raw n=3597 total_us=9621 rebuild_us=58 layout_us=1578 paint_us=211 encode_us=40 acquire_us=1697 submit_us=6034 skipped=0 gpu_q=1 gpu_total_us=4795 gpu_prepass_us=0 gpu_main_us=4795 gpu_composite_us=0 gpu_blit_us=0
frust_shell_common::perf: frust-perf raw n=3598 total_us=9447 rebuild_us=60 layout_us=1575 paint_us=224 encode_us=42 acquire_us=1463 submit_us=6080 skipped=0 gpu_q=1 gpu_total_us=4871 gpu_prepass_us=0 gpu_main_us=4871 gpu_composite_us=0 gpu_blit_us=0
frust_shell_common::perf: frust-perf raw n=3599 total_us=9341 rebuild_us=62 layout_us=1509 paint_us=253 encode_us=46 acquire_us=1569 submit_us=5899 skipped=0 gpu_q=1 gpu_total_us=4950 gpu_prepass_us=0 gpu_main_us=4950 gpu_composite_us=0 gpu_blit_us=0
frust_engine::renderer: frust-perf enc n=3600 w=60 validate_us=14.4 prepare_us=2.9 classify_us=44.0 admit_us=0.2 walk_us=2817.2 glyphs_us=2276.8 finish_us=2.0 compile_us=2883.9 schedule_us=3.8 paints_us=137.7 instances_us=208.9 resize_us=10.6 upload_us=270.0 replay_us=0.3 pipelines_us=16.0 record_us=28.4 total_us=3595.6 total_p95_us=4116.2 draws=829 strips=12441 alphas=302528 glyph_draws=797 atlas_glyphs=797
frust_shell_common::perf: frust-perf raw n=3600 total_us=9606 rebuild_us=57 layout_us=1663 paint_us=211 encode_us=39 acquire_us=1367 submit_us=6266 skipped=0 gpu_q=1 gpu_total_us=4789 gpu_prepass_us=0 gpu_main_us=4789 gpu_composite_us=0 gpu_blit_us=0
frust_shell_common::perf: frust-perf raw n=3601 total_us=9597 rebuild_us=63 layout_us=1666 paint_us=218 encode_us=42 acquire_us=1395 submit_us=6211 skipped=0 gpu_q=1 gpu_total_us=4832 gpu_prepass_us=0 gpu_main_us=4832 gpu_composite_us=0 gpu_blit_us=0
frust_shell_common::perf: frust-perf raw n=3602 total_us=13129 rebuild_us=130 layout_us=4820 paint_us=555 encode_us=49 acquire_us=87 submit_us=7486 skipped=0 gpu_q=1 gpu_total_us=4857 gpu_prepass_us=0 gpu_main_us=4857 gpu_composite_us=0 gpu_blit_us=0
frust_shell_common::perf: frust-perf raw n=3603 total_us=12004 rebuild_us=109 layout_us=4759 paint_us=551 encode_us=42 acquire_us=76 submit_us=6465 skipped=0 gpu_q=1 gpu_total_us=4919 gpu_prepass_us=0 gpu_main_us=4919 gpu_composite_us=0 gpu_blit_us=0
frust_shell_common::perf: frust-perf raw n=3604 total_us=9516 rebuild_us=130 layout_us=4642 paint_us=493 encode_us=33 acquire_us=57 submit_us=4158 skipped=0 gpu_q=1 gpu_total_us=4782 gpu_prepass_us=0 gpu_main_us=4782 gpu_composite_us=0 gpu_blit_us=0
frust_shell_common::perf: frust-perf raw n=3605 total_us=9479 rebuild_us=118 layout_us=3412 paint_us=463 encode_us=45 acquire_us=82 submit_us=5356 skipped=0 gpu_q=1 gpu_total_us=4857 gpu_prepass_us=0 gpu_main_us=4857 gpu_composite_us=0 gpu_blit_us=0
